ISO-10303-21;
HEADER;
FILE_DESCRIPTION(('Open CASCADE Model'),'2;1');
FILE_NAME('strip_tray_BLACK_ABS','2026-10-06T12:56:00',('Author'),(
    'Open CASCADE'),'Open CASCADE STEP processor 7.8','cadpy','Unknown'
  );
FILE_SCHEMA(('AUTOMOTIVE_DESIGN { 1 0 10303 214 1 1 1 1 }'));
ENDSEC;
DATA;
#1 = APPLICATION_PROTOCOL_DEFINITION('international standard',
  'automotive_design',2000,#2);
#2 = APPLICATION_CONTEXT(
  'core data for automotive mechanical design processes');
#3 = SHAPE_DEFINITION_REPRESENTATION(#4,#10);
#4 = PRODUCT_DEFINITION_SHAPE('','',#5);
#5 = PRODUCT_DEFINITION('design','',#6,#9);
#6 = PRODUCT_DEFINITION_FORMATION('','',#7);
#7 = PRODUCT('strip_tray_BLACK_ABS','strip_tray_BLACK_ABS','',(#8));
#8 = PRODUCT_CONTEXT('',#2,'mechanical');
#9 = PRODUCT_DEFINITION_CONTEXT('part definition',#2,'design');
#10 = ADVANCED_BREP_SHAPE_REPRESENTATION('',(#11,#15),#10943);
#11 = AXIS2_PLACEMENT_3D('',#12,#13,#14);
#12 = CARTESIAN_POINT('',(0.,0.,0.));
#13 = DIRECTION('',(0.,0.,1.));
#14 = DIRECTION('',(1.,0.,-0.));
#15 = MANIFOLD_SOLID_BREP('',#16);
#16 = CLOSED_SHELL('',(#17,#337,#408,#456,#658,#1051,#1098,#1145,#1171,
    #1349,#1394,#1444,#1473,#1542,#1569,#1756,#2111,#2179,#2270,#2319,
    #2632,#2700,#2730,#2821,#2870,#2896,#2922,#2929,#2976,#3023,#3049,
    #3079,#3392,#3441,#3490,#3692,#3765,#3812,#3859,#3885,#3958,#4005,
    #4052,#4078,#4151,#4198,#4245,#4271,#4320,#4454,#4503,#4678,#4785,
    #4858,#4905,#4952,#4978,#5051,#5098,#5145,#5171,#5244,#5291,#5338,
    #5364,#5436,#5588,#5633,#5686,#5835,#5883,#5890,#5897,#5904,#6599,
    #6776,#6822,#6865,#6916,#6960,#7139,#7336,#7343,#7350,#7357,#7383,
    #7428,#7471,#7543,#7550,#7576,#7600,#7653,#7679,#7686,#7783,#7828,
    #7875,#7899,#7972,#8019,#8066,#8092,#8402,#8449,#8571,#8827,#8874,
    #8921,#8947,#9020,#9067,#9114,#9140,#9213,#9260,#9307,#9333,#9435,
    #9482,#9591,#9618,#9672,#9748,#9795,#9861,#9888,#9914,#9939,#9946,
    #10001,#10025,#10032,#10321,#10368,#10415,#10441,#10488,#10535,
    #10561,#10568,#10615,#10662,#10688,#10735,#10782,#10808,#10815,
    #10822,#10848,#10874,#10881,#10888,#10915,#10922,#10929,#10936));
#17 = ADVANCED_FACE('',(#18),#32,.F.);
#18 = FACE_BOUND('',#19,.F.);
#19 = EDGE_LOOP('',(#20,#55,#83,#111,#139,#165,#190,#215,#240,#265,#285,
    #311));
#20 = ORIENTED_EDGE('',*,*,#21,.F.);
#21 = EDGE_CURVE('',#22,#24,#26,.T.);
#22 = VERTEX_POINT('',#23);
#23 = CARTESIAN_POINT('',(-12.,-70.,14.199));
#24 = VERTEX_POINT('',#25);
#25 = CARTESIAN_POINT('',(-12.,-61.5,14.199));
#26 = SURFACE_CURVE('',#27,(#31,#43),.PCURVE_S1.);
#27 = LINE('',#28,#29);
#28 = CARTESIAN_POINT('',(-12.,-65.75,14.199));
#29 = VECTOR('',#30,1.);
#30 = DIRECTION('',(0.,1.,0.));
#31 = PCURVE('',#32,#37);
#32 = PLANE('',#33);
#33 = AXIS2_PLACEMENT_3D('',#34,#35,#36);
#34 = CARTESIAN_POINT('',(-12.,-70.,14.199));
#35 = DIRECTION('',(0.,0.,1.));
#36 = DIRECTION('',(0.942627225161,0.333847142245,-0.));
#37 = DEFINITIONAL_REPRESENTATION('',(#38),#42);
#38 = LINE('',#39,#40);
#39 = CARTESIAN_POINT('',(1.41885035454,4.006165706935));
#40 = VECTOR('',#41,1.);
#41 = DIRECTION('',(0.333847142245,0.942627225161));
#42 = ( GEOMETRIC_REPRESENTATION_CONTEXT(2) 
PARAMETRIC_REPRESENTATION_CONTEXT() REPRESENTATION_CONTEXT('2D SPACE',''
  ) );
#43 = PCURVE('',#44,#49);
#44 = B_SPLINE_SURFACE_WITH_KNOTS('',1,1,(
    (#45,#46)
    ,(#47,#48
    )),.UNSPECIFIED.,.F.,.F.,.F.,(2,2),(2,2),(-4.25,4.25),(0.,1.),
  .PIECEWISE_BEZIER_KNOTS.);
#45 = CARTESIAN_POINT('',(-12.,-61.5,14.199));
#46 = CARTESIAN_POINT('',(-11.93017974028,-61.56982025971,18.2));
#47 = CARTESIAN_POINT('',(-12.,-70.,14.199));
#48 = CARTESIAN_POINT('',(-11.93017974028,-69.93017974028,18.2));
#49 = DEFINITIONAL_REPRESENTATION('',(#50),#54);
#50 = LINE('',#51,#52);
#51 = CARTESIAN_POINT('',(0.,0.));
#52 = VECTOR('',#53,1.);
#53 = DIRECTION('',(-1.,0.));
#54 = ( GEOMETRIC_REPRESENTATION_CONTEXT(2) 
PARAMETRIC_REPRESENTATION_CONTEXT() REPRESENTATION_CONTEXT('2D SPACE',''
  ) );
#55 = ORIENTED_EDGE('',*,*,#56,.T.);
#56 = EDGE_CURVE('',#22,#57,#59,.T.);
#57 = VERTEX_POINT('',#58);
#58 = CARTESIAN_POINT('',(12.,-70.,14.199));
#59 = SURFACE_CURVE('',#60,(#64,#71),.PCURVE_S1.);
#60 = LINE('',#61,#62);
#61 = CARTESIAN_POINT('',(0.,-70.,14.199));
#62 = VECTOR('',#63,1.);
#63 = DIRECTION('',(1.,0.,0.));
#64 = PCURVE('',#32,#65);
#65 = DEFINITIONAL_REPRESENTATION('',(#66),#70);
#66 = LINE('',#67,#68);
#67 = CARTESIAN_POINT('',(11.311526701934,-4.006165706935));
#68 = VECTOR('',#69,1.);
#69 = DIRECTION('',(0.942627225161,-0.333847142245));
#70 = ( GEOMETRIC_REPRESENTATION_CONTEXT(2) 
PARAMETRIC_REPRESENTATION_CONTEXT() REPRESENTATION_CONTEXT('2D SPACE',''
  ) );
#71 = PCURVE('',#72,#77);
#72 = B_SPLINE_SURFACE_WITH_KNOTS('',1,1,(
    (#73,#74)
    ,(#75,#76
  )),.UNSPECIFIED.,.F.,.F.,.F.,(2,2),(2,2),(-12.,12.),(0.,1.),
  .PIECEWISE_BEZIER_KNOTS.);
#73 = CARTESIAN_POINT('',(-12.,-70.,14.199));
#74 = CARTESIAN_POINT('',(-11.93017974028,-69.93017974028,18.2));
#75 = CARTESIAN_POINT('',(12.,-70.,14.199));
#76 = CARTESIAN_POINT('',(11.930179740287,-69.93017974028,18.2));
#77 = DEFINITIONAL_REPRESENTATION('',(#78),#82);
#78 = LINE('',#79,#80);
#79 = CARTESIAN_POINT('',(0.,0.));
#80 = VECTOR('',#81,1.);
#81 = DIRECTION('',(1.,0.));
#82 = ( GEOMETRIC_REPRESENTATION_CONTEXT(2) 
PARAMETRIC_REPRESENTATION_CONTEXT() REPRESENTATION_CONTEXT('2D SPACE',''
  ) );
#83 = ORIENTED_EDGE('',*,*,#84,.T.);
#84 = EDGE_CURVE('',#57,#85,#87,.T.);
#85 = VERTEX_POINT('',#86);
#86 = CARTESIAN_POINT('',(12.,-61.5,14.199));
#87 = SURFACE_CURVE('',#88,(#92,#99),.PCURVE_S1.);
#88 = LINE('',#89,#90);
#89 = CARTESIAN_POINT('',(12.,-65.75,14.199));
#90 = VECTOR('',#91,1.);
#91 = DIRECTION('',(0.,1.,0.));
#92 = PCURVE('',#32,#93);
#93 = DEFINITIONAL_REPRESENTATION('',(#94),#98);
#94 = LINE('',#95,#96);
#95 = CARTESIAN_POINT('',(24.041903758409,-4.006165706935));
#96 = VECTOR('',#97,1.);
#97 = DIRECTION('',(0.333847142245,0.942627225161));
#98 = ( GEOMETRIC_REPRESENTATION_CONTEXT(2) 
PARAMETRIC_REPRESENTATION_CONTEXT() REPRESENTATION_CONTEXT('2D SPACE',''
  ) );
#99 = PCURVE('',#100,#105);
#100 = B_SPLINE_SURFACE_WITH_KNOTS('',1,1,(
    (#101,#102)
    ,(#103,#104
    )),.UNSPECIFIED.,.F.,.F.,.F.,(2,2),(2,2),(-4.25,4.25),(0.,1.),
  .PIECEWISE_BEZIER_KNOTS.);
#101 = CARTESIAN_POINT('',(12.,-70.,14.199));
#102 = CARTESIAN_POINT('',(11.930179740287,-69.93017974028,18.2));
#103 = CARTESIAN_POINT('',(12.,-61.5,14.199));
#104 = CARTESIAN_POINT('',(11.930179740287,-61.56982025971,18.2));
#105 = DEFINITIONAL_REPRESENTATION('',(#106),#110);
#106 = LINE('',#107,#108);
#107 = CARTESIAN_POINT('',(0.,0.));
#108 = VECTOR('',#109,1.);
#109 = DIRECTION('',(1.,0.));
#110 = ( GEOMETRIC_REPRESENTATION_CONTEXT(2) 
PARAMETRIC_REPRESENTATION_CONTEXT() REPRESENTATION_CONTEXT('2D SPACE',''
  ) );
#111 = ORIENTED_EDGE('',*,*,#112,.F.);
#112 = EDGE_CURVE('',#113,#85,#115,.T.);
#113 = VERTEX_POINT('',#114);
#114 = CARTESIAN_POINT('',(10.656470588235,-61.5,14.199));
#115 = SURFACE_CURVE('',#116,(#120,#127),.PCURVE_S1.);
#116 = LINE('',#117,#118);
#117 = CARTESIAN_POINT('',(0.,-61.5,14.199));
#118 = VECTOR('',#119,1.);
#119 = DIRECTION('',(1.,0.,0.));
#120 = PCURVE('',#32,#121);
#121 = DEFINITIONAL_REPRESENTATION('',(#122),#126);
#122 = LINE('',#123,#124);
#123 = CARTESIAN_POINT('',(14.149227411014,4.006165706935));
#124 = VECTOR('',#125,1.);
#125 = DIRECTION('',(0.942627225161,-0.333847142245));
#126 = ( GEOMETRIC_REPRESENTATION_CONTEXT(2) 
PARAMETRIC_REPRESENTATION_CONTEXT() REPRESENTATION_CONTEXT('2D SPACE',''
  ) );
#127 = PCURVE('',#128,#133);
#128 = B_SPLINE_SURFACE_WITH_KNOTS('',1,1,(
    (#129,#130)
    ,(#131,#132
    )),.UNSPECIFIED.,.F.,.F.,.F.,(2,2),(2,2),(-12.,12.),(0.,1.),
  .PIECEWISE_BEZIER_KNOTS.);
#129 = CARTESIAN_POINT('',(12.,-61.5,14.199));
#130 = CARTESIAN_POINT('',(11.930179740287,-61.56982025971,18.2));
#131 = CARTESIAN_POINT('',(-12.,-61.5,14.199));
#132 = CARTESIAN_POINT('',(-11.93017974028,-61.56982025971,18.2));
#133 = DEFINITIONAL_REPRESENTATION('',(#134),#138);
#134 = LINE('',#135,#136);
#135 = CARTESIAN_POINT('',(0.,0.));
#136 = VECTOR('',#137,1.);
#137 = DIRECTION('',(-1.,0.));
#138 = ( GEOMETRIC_REPRESENTATION_CONTEXT(2) 
PARAMETRIC_REPRESENTATION_CONTEXT() REPRESENTATION_CONTEXT('2D SPACE',''
  ) );
#139 = ORIENTED_EDGE('',*,*,#140,.T.);
#140 = EDGE_CURVE('',#113,#141,#143,.T.);
#141 = VERTEX_POINT('',#142);
#142 = CARTESIAN_POINT('',(10.656493103063,-61.5000349014,14.199));
#143 = SURFACE_CURVE('',#144,(#148,#154),.PCURVE_S1.);
#144 = LINE('',#145,#146);
#145 = CARTESIAN_POINT('',(8.811975253004,-58.64075191195,14.199));
#146 = VECTOR('',#147,1.);
#147 = DIRECTION('',(0.542089339284,-0.840320860288,0.));
#148 = PCURVE('',#32,#149);
#149 = DEFINITIONAL_REPRESENTATION('',(#150),#153);
#150 = B_SPLINE_CURVE_WITH_KNOTS('',1,(#151,#152),.UNSPECIFIED.,.F.,.F.,
  (2,2),(1.736536788518,3.759573559755),.PIECEWISE_BEZIER_KNOTS.);
#151 = CARTESIAN_POINT('',(23.810370946228,2.069721361469));
#152 = CARTESIAN_POINT('',(24.276578661339,0.101136046033));
#153 = ( GEOMETRIC_REPRESENTATION_CONTEXT(2) 
PARAMETRIC_REPRESENTATION_CONTEXT() REPRESENTATION_CONTEXT('2D SPACE',''
  ) );
#154 = PCURVE('',#155,#160);
#155 = PLANE('',#156);
#156 = AXIS2_PLACEMENT_3D('',#157,#158,#159);
#157 = CARTESIAN_POINT('',(9.753333333333,-60.1,14.2));
#158 = DIRECTION('',(-0.840320860288,-0.542089339284,0.));
#159 = DIRECTION('',(0.,0.,1.));
#160 = DEFINITIONAL_REPRESENTATION('',(#161),#164);
#161 = B_SPLINE_CURVE_WITH_KNOTS('',1,(#162,#163),.UNSPECIFIED.,.F.,.F.,
  (2,2),(1.736536788518,3.759573559755),.PIECEWISE_BEZIER_KNOTS.);
#162 = CARTESIAN_POINT('',(-9.999999999994E-04,0.));
#163 = CARTESIAN_POINT('',(-9.999999999994E-04,-2.023036771237));
#164 = ( GEOMETRIC_REPRESENTATION_CONTEXT(2) 
PARAMETRIC_REPRESENTATION_CONTEXT() REPRESENTATION_CONTEXT('2D SPACE',''
  ) );
#165 = ORIENTED_EDGE('',*,*,#166,.T.);
#166 = EDGE_CURVE('',#141,#167,#169,.T.);
#167 = VERTEX_POINT('',#168);
#168 = CARTESIAN_POINT('',(11.999965098595,-61.5000349014,14.199));
#169 = SURFACE_CURVE('',#170,(#173,#179),.PCURVE_S1.);
#170 = B_SPLINE_CURVE_WITH_KNOTS('',1,(#171,#172),.UNSPECIFIED.,.F.,.F.,
  (2,2),(0.,1.),.PIECEWISE_BEZIER_KNOTS.);
#171 = CARTESIAN_POINT('',(-11.99996509859,-61.5000349014,14.199));
#172 = CARTESIAN_POINT('',(11.999965098596,-61.5000349014,14.199));
#173 = PCURVE('',#32,#174);
#174 = DEFINITIONAL_REPRESENTATION('',(#175),#178);
#175 = B_SPLINE_CURVE_WITH_KNOTS('',1,(#176,#177),.UNSPECIFIED.,.F.,.F.,
  (2,2),(0.,1.),.PIECEWISE_BEZIER_KNOTS.);
#176 = CARTESIAN_POINT('',(2.837721956359,8.012286863122));
#177 = CARTESIAN_POINT('',(25.4607095622,-2.124727993902E-05));
#178 = ( GEOMETRIC_REPRESENTATION_CONTEXT(2) 
PARAMETRIC_REPRESENTATION_CONTEXT() REPRESENTATION_CONTEXT('2D SPACE',''
  ) );
#179 = PCURVE('',#180,#185);
#180 = B_SPLINE_SURFACE_WITH_KNOTS('',1,1,(
    (#181,#182)
    ,(#183,#184
    )),.UNSPECIFIED.,.F.,.F.,.F.,(2,2),(2,2),(-12.,12.),(0.,1.),
  .PIECEWISE_BEZIER_KNOTS.);
#181 = CARTESIAN_POINT('',(11.930179740287,-61.56982025971,10.2));
#182 = CARTESIAN_POINT('',(12.,-61.5,14.201));
#183 = CARTESIAN_POINT('',(-11.93017974028,-61.56982025971,10.2));
#184 = CARTESIAN_POINT('',(-12.,-61.5,14.201));
#185 = DEFINITIONAL_REPRESENTATION('',(#186),#189);
#186 = B_SPLINE_CURVE_WITH_KNOTS('',1,(#187,#188),.UNSPECIFIED.,.F.,.F.,
  (2,2),(0.,1.),.PIECEWISE_BEZIER_KNOTS.);
#187 = CARTESIAN_POINT('',(12.,0.999500124969));
#188 = CARTESIAN_POINT('',(-12.,0.999500124969));
#189 = ( GEOMETRIC_REPRESENTATION_CONTEXT(2) 
PARAMETRIC_REPRESENTATION_CONTEXT() REPRESENTATION_CONTEXT('2D SPACE',''
  ) );
#190 = ORIENTED_EDGE('',*,*,#191,.T.);
#191 = EDGE_CURVE('',#167,#192,#194,.T.);
#192 = VERTEX_POINT('',#193);
#193 = CARTESIAN_POINT('',(11.999965098595,-69.99996509859,14.199));
#194 = SURFACE_CURVE('',#195,(#198,#204),.PCURVE_S1.);
#195 = B_SPLINE_CURVE_WITH_KNOTS('',1,(#196,#197),.UNSPECIFIED.,.F.,.F.,
  (2,2),(0.,1.),.PIECEWISE_BEZIER_KNOTS.);
#196 = CARTESIAN_POINT('',(11.999965098596,-61.5000349014,14.199));
#197 = CARTESIAN_POINT('',(11.999965098596,-69.99996509859,14.199));
#198 = PCURVE('',#32,#199);
#199 = DEFINITIONAL_REPRESENTATION('',(#200),#203);
#200 = B_SPLINE_CURVE_WITH_KNOTS('',1,(#201,#202),.UNSPECIFIED.,.F.,.F.,
  (2,2),(0.,1.),.PIECEWISE_BEZIER_KNOTS.);
#201 = CARTESIAN_POINT('',(25.4607095622,-2.124727993902E-05));
#202 = CARTESIAN_POINT('',(22.623032156589,-8.012286863122));
#203 = ( GEOMETRIC_REPRESENTATION_CONTEXT(2) 
PARAMETRIC_REPRESENTATION_CONTEXT() REPRESENTATION_CONTEXT('2D SPACE',''
  ) );
#204 = PCURVE('',#205,#210);
#205 = B_SPLINE_SURFACE_WITH_KNOTS('',1,1,(
    (#206,#207)
    ,(#208,#209
    )),.UNSPECIFIED.,.F.,.F.,.F.,(2,2),(2,2),(-4.25,4.25),(0.,1.),
  .PIECEWISE_BEZIER_KNOTS.);
#206 = CARTESIAN_POINT('',(11.930179740287,-69.93017974028,10.2));
#207 = CARTESIAN_POINT('',(12.,-70.,14.201));
#208 = CARTESIAN_POINT('',(11.930179740287,-61.56982025971,10.2));
#209 = CARTESIAN_POINT('',(12.,-61.5,14.201));
#210 = DEFINITIONAL_REPRESENTATION('',(#211),#214);
#211 = B_SPLINE_CURVE_WITH_KNOTS('',1,(#212,#213),.UNSPECIFIED.,.F.,.F.,
  (2,2),(0.,1.),.PIECEWISE_BEZIER_KNOTS.);
#212 = CARTESIAN_POINT('',(4.25,0.999500124969));
#213 = CARTESIAN_POINT('',(-4.25,0.999500124969));
#214 = ( GEOMETRIC_REPRESENTATION_CONTEXT(2) 
PARAMETRIC_REPRESENTATION_CONTEXT() REPRESENTATION_CONTEXT('2D SPACE',''
  ) );
#215 = ORIENTED_EDGE('',*,*,#216,.T.);
#216 = EDGE_CURVE('',#192,#217,#219,.T.);
#217 = VERTEX_POINT('',#218);
#218 = CARTESIAN_POINT('',(-11.99996509859,-69.99996509859,14.199));
#219 = SURFACE_CURVE('',#220,(#223,#229),.PCURVE_S1.);
#220 = B_SPLINE_CURVE_WITH_KNOTS('',1,(#221,#222),.UNSPECIFIED.,.F.,.F.,
  (2,2),(0.,1.),.PIECEWISE_BEZIER_KNOTS.);
#221 = CARTESIAN_POINT('',(11.999965098596,-69.99996509859,14.199));
#222 = CARTESIAN_POINT('',(-11.99996509859,-69.99996509859,14.199));
#223 = PCURVE('',#32,#224);
#224 = DEFINITIONAL_REPRESENTATION('',(#225),#228);
#225 = B_SPLINE_CURVE_WITH_KNOTS('',1,(#226,#227),.UNSPECIFIED.,.F.,.F.,
  (2,2),(0.,1.),.PIECEWISE_BEZIER_KNOTS.);
#226 = CARTESIAN_POINT('',(22.623032156589,-8.012286863122));
#227 = CARTESIAN_POINT('',(4.455074823539E-05,2.12472799177E-05));
#228 = ( GEOMETRIC_REPRESENTATION_CONTEXT(2) 
PARAMETRIC_REPRESENTATION_CONTEXT() REPRESENTATION_CONTEXT('2D SPACE',''
  ) );
#229 = PCURVE('',#230,#235);
#230 = B_SPLINE_SURFACE_WITH_KNOTS('',1,1,(
    (#231,#232)
    ,(#233,#234
    )),.UNSPECIFIED.,.F.,.F.,.F.,(2,2),(2,2),(-12.,12.),(0.,1.),
  .PIECEWISE_BEZIER_KNOTS.);
#231 = CARTESIAN_POINT('',(-11.93017974028,-69.93017974028,10.2));
#232 = CARTESIAN_POINT('',(-12.,-70.,14.201));
#233 = CARTESIAN_POINT('',(11.930179740287,-69.93017974028,10.2));
#234 = CARTESIAN_POINT('',(12.,-70.,14.201));
#235 = DEFINITIONAL_REPRESENTATION('',(#236),#239);
#236 = B_SPLINE_CURVE_WITH_KNOTS('',1,(#237,#238),.UNSPECIFIED.,.F.,.F.,
  (2,2),(0.,1.),.PIECEWISE_BEZIER_KNOTS.);
#237 = CARTESIAN_POINT('',(12.,0.999500124969));
#238 = CARTESIAN_POINT('',(-12.,0.999500124969));
#239 = ( GEOMETRIC_REPRESENTATION_CONTEXT(2) 
PARAMETRIC_REPRESENTATION_CONTEXT() REPRESENTATION_CONTEXT('2D SPACE',''
  ) );
#240 = ORIENTED_EDGE('',*,*,#241,.T.);
#241 = EDGE_CURVE('',#217,#242,#244,.T.);
#242 = VERTEX_POINT('',#243);
#243 = CARTESIAN_POINT('',(-11.99996509859,-61.5000349014,14.199));
#244 = SURFACE_CURVE('',#245,(#248,#254),.PCURVE_S1.);
#245 = B_SPLINE_CURVE_WITH_KNOTS('',1,(#246,#247),.UNSPECIFIED.,.F.,.F.,
  (2,2),(0.,1.),.PIECEWISE_BEZIER_KNOTS.);
#246 = CARTESIAN_POINT('',(-11.99996509859,-69.99996509859,14.199));
#247 = CARTESIAN_POINT('',(-11.99996509859,-61.5000349014,14.199));
#248 = PCURVE('',#32,#249);
#249 = DEFINITIONAL_REPRESENTATION('',(#250),#253);
#250 = B_SPLINE_CURVE_WITH_KNOTS('',1,(#251,#252),.UNSPECIFIED.,.F.,.F.,
  (2,2),(0.,1.),.PIECEWISE_BEZIER_KNOTS.);
#251 = CARTESIAN_POINT('',(4.45507482425E-05,2.12472799177E-05));
#252 = CARTESIAN_POINT('',(2.837721956359,8.012286863122));
#253 = ( GEOMETRIC_REPRESENTATION_CONTEXT(2) 
PARAMETRIC_REPRESENTATION_CONTEXT() REPRESENTATION_CONTEXT('2D SPACE',''
  ) );
#254 = PCURVE('',#255,#260);
#255 = B_SPLINE_SURFACE_WITH_KNOTS('',1,1,(
    (#256,#257)
    ,(#258,#259
    )),.UNSPECIFIED.,.F.,.F.,.F.,(2,2),(2,2),(-4.25,4.25),(0.,1.),
  .PIECEWISE_BEZIER_KNOTS.);
#256 = CARTESIAN_POINT('',(-11.93017974028,-61.56982025971,10.2));
#257 = CARTESIAN_POINT('',(-12.,-61.5,14.201));
#258 = CARTESIAN_POINT('',(-11.93017974028,-69.93017974028,10.2));
#259 = CARTESIAN_POINT('',(-12.,-70.,14.201));
#260 = DEFINITIONAL_REPRESENTATION('',(#261),#264);
#261 = B_SPLINE_CURVE_WITH_KNOTS('',1,(#262,#263),.UNSPECIFIED.,.F.,.F.,
  (2,2),(0.,1.),.PIECEWISE_BEZIER_KNOTS.);
#262 = CARTESIAN_POINT('',(4.25,0.999500124969));
#263 = CARTESIAN_POINT('',(-4.25,0.999500124969));
#264 = ( GEOMETRIC_REPRESENTATION_CONTEXT(2) 
PARAMETRIC_REPRESENTATION_CONTEXT() REPRESENTATION_CONTEXT('2D SPACE',''
  ) );
#265 = ORIENTED_EDGE('',*,*,#266,.T.);
#266 = EDGE_CURVE('',#242,#267,#269,.T.);
#267 = VERTEX_POINT('',#268);
#268 = CARTESIAN_POINT('',(-10.65649310306,-61.5000349014,14.199));
#269 = SURFACE_CURVE('',#270,(#273,#279),.PCURVE_S1.);
#270 = B_SPLINE_CURVE_WITH_KNOTS('',1,(#271,#272),.UNSPECIFIED.,.F.,.F.,
  (2,2),(0.,1.),.PIECEWISE_BEZIER_KNOTS.);
#271 = CARTESIAN_POINT('',(-11.99996509859,-61.5000349014,14.199));
#272 = CARTESIAN_POINT('',(11.999965098596,-61.5000349014,14.199));
#273 = PCURVE('',#32,#274);
#274 = DEFINITIONAL_REPRESENTATION('',(#275),#278);
#275 = B_SPLINE_CURVE_WITH_KNOTS('',1,(#276,#277),.UNSPECIFIED.,.F.,.F.,
  (2,2),(0.,1.),.PIECEWISE_BEZIER_KNOTS.);
#276 = CARTESIAN_POINT('',(2.837721956359,8.012286863122));
#277 = CARTESIAN_POINT('',(25.4607095622,-2.124727993902E-05));
#278 = ( GEOMETRIC_REPRESENTATION_CONTEXT(2) 
PARAMETRIC_REPRESENTATION_CONTEXT() REPRESENTATION_CONTEXT('2D SPACE',''
  ) );
#279 = PCURVE('',#180,#280);
#280 = DEFINITIONAL_REPRESENTATION('',(#281),#284);
#281 = B_SPLINE_CURVE_WITH_KNOTS('',1,(#282,#283),.UNSPECIFIED.,.F.,.F.,
  (2,2),(0.,1.),.PIECEWISE_BEZIER_KNOTS.);
#282 = CARTESIAN_POINT('',(12.,0.999500124969));
#283 = CARTESIAN_POINT('',(-12.,0.999500124969));
#284 = ( GEOMETRIC_REPRESENTATION_CONTEXT(2) 
PARAMETRIC_REPRESENTATION_CONTEXT() REPRESENTATION_CONTEXT('2D SPACE',''
  ) );
#285 = ORIENTED_EDGE('',*,*,#286,.T.);
#286 = EDGE_CURVE('',#267,#287,#289,.T.);
#287 = VERTEX_POINT('',#288);
#288 = CARTESIAN_POINT('',(-10.65647058823,-61.5,14.199));
#289 = SURFACE_CURVE('',#290,(#294,#300),.PCURVE_S1.);
#290 = LINE('',#291,#292);
#291 = CARTESIAN_POINT('',(-12.33830547418,-64.10709967122,14.199));
#292 = VECTOR('',#293,1.);
#293 = DIRECTION('',(0.542089339284,0.840320860288,-0.));
#294 = PCURVE('',#32,#295);
#295 = DEFINITIONAL_REPRESENTATION('',(#296),#299);
#296 = B_SPLINE_CURVE_WITH_KNOTS('',1,(#297,#298),.UNSPECIFIED.,.F.,.F.,
  (2,2),(2.74549851165,3.836440933159),.PIECEWISE_BEZIER_KNOTS.);
#297 = CARTESIAN_POINT('',(3.821567875341,7.345619032741));
#298 = CARTESIAN_POINT('',(4.68507813463,8.01233141387));
#299 = ( GEOMETRIC_REPRESENTATION_CONTEXT(2) 
PARAMETRIC_REPRESENTATION_CONTEXT() REPRESENTATION_CONTEXT('2D SPACE',''
  ) );
#300 = PCURVE('',#301,#306);
#301 = PLANE('',#302);
#302 = AXIS2_PLACEMENT_3D('',#303,#304,#305);
#303 = CARTESIAN_POINT('',(-9.753333333333,-60.1,14.2));
#304 = DIRECTION('',(0.840320860288,-0.542089339284,0.));
#305 = DIRECTION('',(0.,-0.,-1.));
#306 = DEFINITIONAL_REPRESENTATION('',(#307),#310);
#307 = B_SPLINE_CURVE_WITH_KNOTS('',1,(#308,#309),.UNSPECIFIED.,.F.,.F.,
  (2,2),(2.74549851165,3.836440933159),.PIECEWISE_BEZIER_KNOTS.);
#308 = CARTESIAN_POINT('',(9.999999999994E-04,-2.023036771237));
#309 = CARTESIAN_POINT('',(9.999999999994E-04,-0.932094349728));
#310 = ( GEOMETRIC_REPRESENTATION_CONTEXT(2) 
PARAMETRIC_REPRESENTATION_CONTEXT() REPRESENTATION_CONTEXT('2D SPACE',''
  ) );
#311 = ORIENTED_EDGE('',*,*,#312,.F.);
#312 = EDGE_CURVE('',#24,#287,#313,.T.);
#313 = SURFACE_CURVE('',#314,(#318,#325),.PCURVE_S1.);
#314 = LINE('',#315,#316);
#315 = CARTESIAN_POINT('',(0.,-61.5,14.199));
#316 = VECTOR('',#317,1.);
#317 = DIRECTION('',(1.,0.,0.));
#318 = PCURVE('',#32,#319);
#319 = DEFINITIONAL_REPRESENTATION('',(#320),#324);
#320 = LINE('',#321,#322);
#321 = CARTESIAN_POINT('',(14.149227411014,4.006165706935));
#322 = VECTOR('',#323,1.);
#323 = DIRECTION('',(0.942627225161,-0.333847142245));
#324 = ( GEOMETRIC_REPRESENTATION_CONTEXT(2) 
PARAMETRIC_REPRESENTATION_CONTEXT() REPRESENTATION_CONTEXT('2D SPACE',''
  ) );
#325 = PCURVE('',#326,#331);
#326 = B_SPLINE_SURFACE_WITH_KNOTS('',1,1,(
    (#327,#328)
    ,(#329,#330
    )),.UNSPECIFIED.,.F.,.F.,.F.,(2,2),(2,2),(-12.,12.),(0.,1.),
  .PIECEWISE_BEZIER_KNOTS.);
#327 = CARTESIAN_POINT('',(12.,-61.5,14.199));
#328 = CARTESIAN_POINT('',(11.930179740287,-61.56982025971,18.2));
#329 = CARTESIAN_POINT('',(-12.,-61.5,14.199));
#330 = CARTESIAN_POINT('',(-11.93017974028,-61.56982025971,18.2));
#331 = DEFINITIONAL_REPRESENTATION('',(#332),#336);
#332 = LINE('',#333,#334);
#333 = CARTESIAN_POINT('',(0.,0.));
#334 = VECTOR('',#335,1.);
#335 = DIRECTION('',(-1.,0.));
#336 = ( GEOMETRIC_REPRESENTATION_CONTEXT(2) 
PARAMETRIC_REPRESENTATION_CONTEXT() REPRESENTATION_CONTEXT('2D SPACE',''
  ) );
#337 = ADVANCED_FACE('',(#338),#44,.T.);
#338 = FACE_BOUND('',#339,.T.);
#339 = EDGE_LOOP('',(#340,#341,#363,#388));
#340 = ORIENTED_EDGE('',*,*,#21,.F.);
#341 = ORIENTED_EDGE('',*,*,#342,.T.);
#342 = EDGE_CURVE('',#22,#343,#345,.T.);
#343 = VERTEX_POINT('',#344);
#344 = CARTESIAN_POINT('',(-11.99998254929,-69.99998254929,14.2));
#345 = SURFACE_CURVE('',#346,(#349,#356),.PCURVE_S1.);
#346 = B_SPLINE_CURVE_WITH_KNOTS('',1,(#347,#348),.UNSPECIFIED.,.F.,.F.,
  (2,2),(0.,1.),.PIECEWISE_BEZIER_KNOTS.);
#347 = CARTESIAN_POINT('',(-12.,-70.,14.199));
#348 = CARTESIAN_POINT('',(-11.93017974028,-69.93017974028,18.2));
#349 = PCURVE('',#44,#350);
#350 = DEFINITIONAL_REPRESENTATION('',(#351),#355);
#351 = LINE('',#352,#353);
#352 = CARTESIAN_POINT('',(4.25,0.));
#353 = VECTOR('',#354,1.);
#354 = DIRECTION('',(0.,1.));
#355 = ( GEOMETRIC_REPRESENTATION_CONTEXT(2) 
PARAMETRIC_REPRESENTATION_CONTEXT() REPRESENTATION_CONTEXT('2D SPACE',''
  ) );
#356 = PCURVE('',#72,#357);
#357 = DEFINITIONAL_REPRESENTATION('',(#358),#362);
#358 = LINE('',#359,#360);
#359 = CARTESIAN_POINT('',(-12.,0.));
#360 = VECTOR('',#361,1.);
#361 = DIRECTION('',(0.,1.));
#362 = ( GEOMETRIC_REPRESENTATION_CONTEXT(2) 
PARAMETRIC_REPRESENTATION_CONTEXT() REPRESENTATION_CONTEXT('2D SPACE',''
  ) );
#363 = ORIENTED_EDGE('',*,*,#364,.T.);
#364 = EDGE_CURVE('',#343,#365,#367,.T.);
#365 = VERTEX_POINT('',#366);
#366 = CARTESIAN_POINT('',(-11.99998254929,-61.5000174507,14.2));
#367 = SURFACE_CURVE('',#368,(#371,#377),.PCURVE_S1.);
#368 = B_SPLINE_CURVE_WITH_KNOTS('',1,(#369,#370),.UNSPECIFIED.,.F.,.F.,
  (2,2),(0.,1.),.PIECEWISE_BEZIER_KNOTS.);
#369 = CARTESIAN_POINT('',(-11.99998254929,-69.99998254929,14.2));
#370 = CARTESIAN_POINT('',(-11.99998254929,-61.5000174507,14.2));
#371 = PCURVE('',#44,#372);
#372 = DEFINITIONAL_REPRESENTATION('',(#373),#376);
#373 = B_SPLINE_CURVE_WITH_KNOTS('',1,(#374,#375),.UNSPECIFIED.,.F.,.F.,
  (2,2),(0.,1.),.PIECEWISE_BEZIER_KNOTS.);
#374 = CARTESIAN_POINT('',(4.25,2.499375156255E-04));
#375 = CARTESIAN_POINT('',(-4.25,2.499375156255E-04));
#376 = ( GEOMETRIC_REPRESENTATION_CONTEXT(2) 
PARAMETRIC_REPRESENTATION_CONTEXT() REPRESENTATION_CONTEXT('2D SPACE',''
  ) );
#377 = PCURVE('',#378,#383);
#378 = B_SPLINE_SURFACE_WITH_KNOTS('',1,1,(
    (#379,#380)
    ,(#381,#382
    )),.UNSPECIFIED.,.F.,.F.,.F.,(2,2),(2,2),(-4.25,4.25),(0.,1.),
  .PIECEWISE_BEZIER_KNOTS.);
#379 = CARTESIAN_POINT('',(-11.93017974028,-61.56982025971,10.2));
#380 = CARTESIAN_POINT('',(-12.,-61.5,14.201));
#381 = CARTESIAN_POINT('',(-11.93017974028,-69.93017974028,10.2));
#382 = CARTESIAN_POINT('',(-12.,-70.,14.201));
#383 = DEFINITIONAL_REPRESENTATION('',(#384),#387);
#384 = B_SPLINE_CURVE_WITH_KNOTS('',1,(#385,#386),.UNSPECIFIED.,.F.,.F.,
  (2,2),(0.,1.),.PIECEWISE_BEZIER_KNOTS.);
#385 = CARTESIAN_POINT('',(4.24999999975,0.999750062484));
#386 = CARTESIAN_POINT('',(-4.24999999991,0.999750062484));
#387 = ( GEOMETRIC_REPRESENTATION_CONTEXT(2) 
PARAMETRIC_REPRESENTATION_CONTEXT() REPRESENTATION_CONTEXT('2D SPACE',''
  ) );
#388 = ORIENTED_EDGE('',*,*,#389,.F.);
#389 = EDGE_CURVE('',#24,#365,#390,.T.);
#390 = SURFACE_CURVE('',#391,(#394,#401),.PCURVE_S1.);
#391 = B_SPLINE_CURVE_WITH_KNOTS('',1,(#392,#393),.UNSPECIFIED.,.F.,.F.,
  (2,2),(0.,1.),.PIECEWISE_BEZIER_KNOTS.);
#392 = CARTESIAN_POINT('',(-12.,-61.5,14.199));
#393 = CARTESIAN_POINT('',(-11.93017974028,-61.56982025971,18.2));
#394 = PCURVE('',#44,#395);
#395 = DEFINITIONAL_REPRESENTATION('',(#396),#400);
#396 = LINE('',#397,#398);
#397 = CARTESIAN_POINT('',(-4.25,0.));
#398 = VECTOR('',#399,1.);
#399 = DIRECTION('',(0.,1.));
#400 = ( GEOMETRIC_REPRESENTATION_CONTEXT(2) 
PARAMETRIC_REPRESENTATION_CONTEXT() REPRESENTATION_CONTEXT('2D SPACE',''
  ) );
#401 = PCURVE('',#326,#402);
#402 = DEFINITIONAL_REPRESENTATION('',(#403),#407);
#403 = LINE('',#404,#405);
#404 = CARTESIAN_POINT('',(12.,0.));
#405 = VECTOR('',#406,1.);
#406 = DIRECTION('',(0.,1.));
#407 = ( GEOMETRIC_REPRESENTATION_CONTEXT(2) 
PARAMETRIC_REPRESENTATION_CONTEXT() REPRESENTATION_CONTEXT('2D SPACE',''
  ) );
#408 = ADVANCED_FACE('',(#409),#326,.T.);
#409 = FACE_BOUND('',#410,.T.);
#410 = EDGE_LOOP('',(#411,#412,#413,#438));
#411 = ORIENTED_EDGE('',*,*,#312,.F.);
#412 = ORIENTED_EDGE('',*,*,#389,.T.);
#413 = ORIENTED_EDGE('',*,*,#414,.T.);
#414 = EDGE_CURVE('',#365,#415,#417,.T.);
#415 = VERTEX_POINT('',#416);
#416 = CARTESIAN_POINT('',(-10.65648184564,-61.5000174507,14.2));
#417 = SURFACE_CURVE('',#418,(#421,#427),.PCURVE_S1.);
#418 = B_SPLINE_CURVE_WITH_KNOTS('',1,(#419,#420),.UNSPECIFIED.,.F.,.F.,
  (2,2),(0.,1.),.PIECEWISE_BEZIER_KNOTS.);
#419 = CARTESIAN_POINT('',(-11.99998254929,-61.5000174507,14.2));
#420 = CARTESIAN_POINT('',(11.999982549298,-61.5000174507,14.2));
#421 = PCURVE('',#326,#422);
#422 = DEFINITIONAL_REPRESENTATION('',(#423),#426);
#423 = B_SPLINE_CURVE_WITH_KNOTS('',1,(#424,#425),.UNSPECIFIED.,.F.,.F.,
  (2,2),(0.,1.),.PIECEWISE_BEZIER_KNOTS.);
#424 = CARTESIAN_POINT('',(12.,2.499375156337E-04));
#425 = CARTESIAN_POINT('',(-12.,2.499375156335E-04));
#426 = ( GEOMETRIC_REPRESENTATION_CONTEXT(2) 
PARAMETRIC_REPRESENTATION_CONTEXT() REPRESENTATION_CONTEXT('2D SPACE',''
  ) );
#427 = PCURVE('',#428,#433);
#428 = B_SPLINE_SURFACE_WITH_KNOTS('',1,1,(
    (#429,#430)
    ,(#431,#432
    )),.UNSPECIFIED.,.F.,.F.,.F.,(2,2),(2,2),(-12.,12.),(0.,1.),
  .PIECEWISE_BEZIER_KNOTS.);
#429 = CARTESIAN_POINT('',(11.930179740287,-61.56982025971,10.2));
#430 = CARTESIAN_POINT('',(12.,-61.5,14.201));
#431 = CARTESIAN_POINT('',(-11.93017974028,-61.56982025971,10.2));
#432 = CARTESIAN_POINT('',(-12.,-61.5,14.201));
#433 = DEFINITIONAL_REPRESENTATION('',(#434),#437);
#434 = B_SPLINE_CURVE_WITH_KNOTS('',1,(#435,#436),.UNSPECIFIED.,.F.,.F.,
  (2,2),(0.,1.),.PIECEWISE_BEZIER_KNOTS.);
#435 = CARTESIAN_POINT('',(11.999999999294,0.999750062484));
#436 = CARTESIAN_POINT('',(-11.99999999974,0.999750062484));
#437 = ( GEOMETRIC_REPRESENTATION_CONTEXT(2) 
PARAMETRIC_REPRESENTATION_CONTEXT() REPRESENTATION_CONTEXT('2D SPACE',''
  ) );
#438 = ORIENTED_EDGE('',*,*,#439,.F.);
#439 = EDGE_CURVE('',#287,#415,#440,.T.);
#440 = SURFACE_CURVE('',#441,(#444,#450),.PCURVE_S1.);
#441 = B_SPLINE_CURVE_WITH_KNOTS('',1,(#442,#443),.UNSPECIFIED.,.F.,.F.,
  (2,2),(0.,1.),.PIECEWISE_BEZIER_KNOTS.);
#442 = CARTESIAN_POINT('',(-10.65647058823,-61.5,14.199));
#443 = CARTESIAN_POINT('',(-10.65648188294,-61.50001750851,
    14.20000331297));
#444 = PCURVE('',#326,#445);
#445 = DEFINITIONAL_REPRESENTATION('',(#446),#449);
#446 = B_SPLINE_CURVE_WITH_KNOTS('',1,(#447,#448),.UNSPECIFIED.,.F.,.F.,
  (2,2),(0.,1.),.PIECEWISE_BEZIER_KNOTS.);
#447 = CARTESIAN_POINT('',(10.656470588235,0.));
#448 = CARTESIAN_POINT('',(10.656497431232,2.507655511654E-04));
#449 = ( GEOMETRIC_REPRESENTATION_CONTEXT(2) 
PARAMETRIC_REPRESENTATION_CONTEXT() REPRESENTATION_CONTEXT('2D SPACE',''
  ) );
#450 = PCURVE('',#301,#451);
#451 = DEFINITIONAL_REPRESENTATION('',(#452),#455);
#452 = B_SPLINE_CURVE_WITH_KNOTS('',1,(#453,#454),.UNSPECIFIED.,.F.,.F.,
  (2,2),(0.,1.),.PIECEWISE_BEZIER_KNOTS.);
#453 = CARTESIAN_POINT('',(9.999999999977E-04,-1.666030282195));
#454 = CARTESIAN_POINT('',(-3.312970214608E-06,-1.666051117708));
#455 = ( GEOMETRIC_REPRESENTATION_CONTEXT(2) 
PARAMETRIC_REPRESENTATION_CONTEXT() REPRESENTATION_CONTEXT('2D SPACE',''
  ) );
#456 = ADVANCED_FACE('',(#457),#301,.F.);
#457 = FACE_BOUND('',#458,.F.);
#458 = EDGE_LOOP('',(#459,#479,#519,#547,#587,#612,#638,#656,#657));
#459 = ORIENTED_EDGE('',*,*,#460,.F.);
#460 = EDGE_CURVE('',#461,#267,#463,.T.);
#461 = VERTEX_POINT('',#462);
#462 = CARTESIAN_POINT('',(-10.65659441978,-61.50019195772,14.19));
#463 = SURFACE_CURVE('',#464,(#467,#473),.PCURVE_S1.);
#464 = B_SPLINE_CURVE_WITH_KNOTS('',1,(#465,#466),.UNSPECIFIED.,.F.,.F.,
  (2,2),(0.,1.),.PIECEWISE_BEZIER_KNOTS.);
#465 = CARTESIAN_POINT('',(-10.65659441978,-61.50019195772,14.19));
#466 = CARTESIAN_POINT('',(-10.65649306488,-61.50003484222,
    14.199003391158));
#467 = PCURVE('',#301,#468);
#468 = DEFINITIONAL_REPRESENTATION('',(#469),#472);
#469 = B_SPLINE_CURVE_WITH_KNOTS('',1,(#470,#471),.UNSPECIFIED.,.F.,.F.,
  (2,2),(0.,1.),.PIECEWISE_BEZIER_KNOTS.);
#470 = CARTESIAN_POINT('',(1.E-02,-1.66625871604));
#471 = CARTESIAN_POINT('',(9.966088419535E-04,-1.666071745198));
#472 = ( GEOMETRIC_REPRESENTATION_CONTEXT(2) 
PARAMETRIC_REPRESENTATION_CONTEXT() REPRESENTATION_CONTEXT('2D SPACE',''
  ) );
#473 = PCURVE('',#180,#474);
#474 = DEFINITIONAL_REPRESENTATION('',(#475),#478);
#475 = B_SPLINE_CURVE_WITH_KNOTS('',1,(#476,#477),.UNSPECIFIED.,.F.,.F.,
  (2,2),(0.,1.),.PIECEWISE_BEZIER_KNOTS.);
#476 = CARTESIAN_POINT('',(10.656764890599,0.997250687328));
#477 = CARTESIAN_POINT('',(10.656524006306,0.999500972546));
#478 = ( GEOMETRIC_REPRESENTATION_CONTEXT(2) 
PARAMETRIC_REPRESENTATION_CONTEXT() REPRESENTATION_CONTEXT('2D SPACE',''
  ) );
#479 = ORIENTED_EDGE('',*,*,#480,.T.);
#480 = EDGE_CURVE('',#461,#481,#483,.T.);
#481 = VERTEX_POINT('',#482);
#482 = CARTESIAN_POINT('',(-9.753333333333,-60.1,14.19));
#483 = SURFACE_CURVE('',#484,(#487,#493),.PCURVE_S1.);
#484 = B_SPLINE_CURVE_WITH_KNOTS('',1,(#485,#486),.UNSPECIFIED.,.F.,.F.,
  (2,2),(0.,1.),.PIECEWISE_BEZIER_KNOTS.);
#485 = CARTESIAN_POINT('',(-10.85,-61.8,14.19));
#486 = CARTESIAN_POINT('',(-9.753333333333,-60.1,14.19));
#487 = PCURVE('',#301,#488);
#488 = DEFINITIONAL_REPRESENTATION('',(#489),#492);
#489 = B_SPLINE_CURVE_WITH_KNOTS('',1,(#490,#491),.UNSPECIFIED.,.F.,.F.,
  (2,2),(0.,1.),.PIECEWISE_BEZIER_KNOTS.);
#490 = CARTESIAN_POINT('',(1.E-02,-2.023036771237));
#491 = CARTESIAN_POINT('',(1.E-02,0.));
#492 = ( GEOMETRIC_REPRESENTATION_CONTEXT(2) 
PARAMETRIC_REPRESENTATION_CONTEXT() REPRESENTATION_CONTEXT('2D SPACE',''
  ) );
#493 = PCURVE('',#494,#513);
#494 = B_SPLINE_SURFACE_WITH_KNOTS('',8,1,(
    (#495,#496)
    ,(#497,#498)
    ,(#499,#500)
    ,(#501,#502)
    ,(#503,#504)
    ,(#505,#506)
    ,(#507,#508)
    ,(#509,#510)
    ,(#511,#512
    )),.UNSPECIFIED.,.F.,.F.,.F.,(9,9),(2,2),(3.14159265359,
    4.712388980385),(0.,1.),.PIECEWISE_BEZIER_KNOTS.);
#495 = CARTESIAN_POINT('',(-10.85,-61.8,14.19));
#496 = CARTESIAN_POINT('',(-9.753333333333,-60.1,14.19));
#497 = CARTESIAN_POINT('',(-10.85,-61.79999999999,13.661819735115));
#498 = CARTESIAN_POINT('',(-9.753333333333,-60.09999999999,
    13.78551994585));
#499 = CARTESIAN_POINT('',(-10.73147647769,-61.8,13.133639303974));
#500 = CARTESIAN_POINT('',(-9.662568108074,-60.1,13.381039764382));
#501 = CARTESIAN_POINT('',(-10.49443059719,-61.79999999999,
    12.636489399638));
#502 = CARTESIAN_POINT('',(-9.481038549028,-60.09999999999,
    13.000322737268));
#503 = CARTESIAN_POINT('',(-10.14860605304,-61.8,12.201393946953));
#504 = CARTESIAN_POINT('',(-9.216206370241,-60.1,12.667126963095));
#505 = CARTESIAN_POINT('',(-9.713510600361,-61.79999999999,
    11.855569402805));
#506 = CARTESIAN_POINT('',(-8.883010596063,-60.09999999999,
    12.402294784304));
#507 = CARTESIAN_POINT('',(-9.216360696027,-61.8,11.618523522306));
#508 = CARTESIAN_POINT('',(-8.502293568952,-60.1,12.220765225261));
#509 = CARTESIAN_POINT('',(-8.688180264885,-61.8,11.5));
#510 = CARTESIAN_POINT('',(-8.097813387483,-60.09999999999,12.13));
#511 = CARTESIAN_POINT('',(-8.16,-61.8,11.5));
#512 = CARTESIAN_POINT('',(-7.693333333333,-60.1,12.13));
#513 = DEFINITIONAL_REPRESENTATION('',(#514),#518);
#514 = LINE('',#515,#516);
#515 = CARTESIAN_POINT('',(3.14159265359,0.));
#516 = VECTOR('',#517,1.);
#517 = DIRECTION('',(0.,1.));
#518 = ( GEOMETRIC_REPRESENTATION_CONTEXT(2) 
PARAMETRIC_REPRESENTATION_CONTEXT() REPRESENTATION_CONTEXT('2D SPACE',''
  ) );
#519 = ORIENTED_EDGE('',*,*,#520,.T.);
#520 = EDGE_CURVE('',#481,#521,#523,.T.);
#521 = VERTEX_POINT('',#522);
#522 = CARTESIAN_POINT('',(-9.753333333333,-60.1,14.21));
#523 = SURFACE_CURVE('',#524,(#528,#535),.PCURVE_S1.);
#524 = LINE('',#525,#526);
#525 = CARTESIAN_POINT('',(-9.753333333333,-60.1,14.2));
#526 = VECTOR('',#527,1.);
#527 = DIRECTION('',(0.,0.,1.));
#528 = PCURVE('',#301,#529);
#529 = DEFINITIONAL_REPRESENTATION('',(#530),#534);
#530 = LINE('',#531,#532);
#531 = CARTESIAN_POINT('',(0.,0.));
#532 = VECTOR('',#533,1.);
#533 = DIRECTION('',(-1.,0.));
#534 = ( GEOMETRIC_REPRESENTATION_CONTEXT(2) 
PARAMETRIC_REPRESENTATION_CONTEXT() REPRESENTATION_CONTEXT('2D SPACE',''
  ) );
#535 = PCURVE('',#536,#541);
#536 = PLANE('',#537);
#537 = AXIS2_PLACEMENT_3D('',#538,#539,#540);
#538 = CARTESIAN_POINT('',(-9.603333333333,-59.75,14.2));
#539 = DIRECTION('',(0.919145030018,-0.393919298579,0.));
#540 = DIRECTION('',(0.,-0.,-1.));
#541 = DEFINITIONAL_REPRESENTATION('',(#542),#546);
#542 = LINE('',#543,#544);
#543 = CARTESIAN_POINT('',(0.,-0.380788655293));
#544 = VECTOR('',#545,1.);
#545 = DIRECTION('',(-1.,0.));
#546 = ( GEOMETRIC_REPRESENTATION_CONTEXT(2) 
PARAMETRIC_REPRESENTATION_CONTEXT() REPRESENTATION_CONTEXT('2D SPACE',''
  ) );
#547 = ORIENTED_EDGE('',*,*,#548,.F.);
#548 = EDGE_CURVE('',#549,#521,#551,.T.);
#549 = VERTEX_POINT('',#550);
#550 = CARTESIAN_POINT('',(-10.65659441978,-61.50019195772,14.21));
#551 = SURFACE_CURVE('',#552,(#555,#561),.PCURVE_S1.);
#552 = B_SPLINE_CURVE_WITH_KNOTS('',1,(#553,#554),.UNSPECIFIED.,.F.,.F.,
  (2,2),(0.,1.),.PIECEWISE_BEZIER_KNOTS.);
#553 = CARTESIAN_POINT('',(-10.85,-61.8,14.21));
#554 = CARTESIAN_POINT('',(-9.753333333333,-60.1,14.21));
#555 = PCURVE('',#301,#556);
#556 = DEFINITIONAL_REPRESENTATION('',(#557),#560);
#557 = B_SPLINE_CURVE_WITH_KNOTS('',1,(#558,#559),.UNSPECIFIED.,.F.,.F.,
  (2,2),(0.,1.),.PIECEWISE_BEZIER_KNOTS.);
#558 = CARTESIAN_POINT('',(-1.E-02,-2.023036771237));
#559 = CARTESIAN_POINT('',(-1.E-02,0.));
#560 = ( GEOMETRIC_REPRESENTATION_CONTEXT(2) 
PARAMETRIC_REPRESENTATION_CONTEXT() REPRESENTATION_CONTEXT('2D SPACE',''
  ) );
#561 = PCURVE('',#562,#581);
#562 = B_SPLINE_SURFACE_WITH_KNOTS('',8,1,(
    (#563,#564)
    ,(#565,#566)
    ,(#567,#568)
    ,(#569,#570)
    ,(#571,#572)
    ,(#573,#574)
    ,(#575,#576)
    ,(#577,#578)
    ,(#579,#580
    )),.UNSPECIFIED.,.F.,.F.,.F.,(9,9),(2,2),(1.570796326795,
    3.14159265359),(0.,1.),.PIECEWISE_BEZIER_KNOTS.);
#563 = CARTESIAN_POINT('',(-8.16,-61.8,16.9));
#564 = CARTESIAN_POINT('',(-7.693333333333,-60.1,16.27));
#565 = CARTESIAN_POINT('',(-8.688180264885,-61.8,16.9));
#566 = CARTESIAN_POINT('',(-8.097813387483,-60.1,16.27));
#567 = CARTESIAN_POINT('',(-9.216360696026,-61.8,16.781476477695));
#568 = CARTESIAN_POINT('',(-8.502293568952,-60.1,16.17923477474));
#569 = CARTESIAN_POINT('',(-9.713510600361,-61.79999999999,
    16.544430597194));
#570 = CARTESIAN_POINT('',(-8.883010596063,-60.09999999999,
    15.997705215695));
#571 = CARTESIAN_POINT('',(-10.14860605304,-61.8,16.198606053048));
#572 = CARTESIAN_POINT('',(-9.21620637024,-60.1,15.732873036907));
#573 = CARTESIAN_POINT('',(-10.49443059719,-61.79999999999,
    15.763510600361));
#574 = CARTESIAN_POINT('',(-9.481038549028,-60.09999999999,
    15.39967726273));
#575 = CARTESIAN_POINT('',(-10.73147647769,-61.8,15.266360696027));
#576 = CARTESIAN_POINT('',(-9.662568108073,-60.1,15.018960235619));
#577 = CARTESIAN_POINT('',(-10.85,-61.8,14.738180264885));
#578 = CARTESIAN_POINT('',(-9.753333333333,-60.1,14.61448005415));
#579 = CARTESIAN_POINT('',(-10.85,-61.8,14.21));
#580 = CARTESIAN_POINT('',(-9.753333333333,-60.1,14.21));
#581 = DEFINITIONAL_REPRESENTATION('',(#582),#586);
#582 = LINE('',#583,#584);
#583 = CARTESIAN_POINT('',(3.14159265359,0.));
#584 = VECTOR('',#585,1.);
#585 = DIRECTION('',(0.,1.));
#586 = ( GEOMETRIC_REPRESENTATION_CONTEXT(2) 
PARAMETRIC_REPRESENTATION_CONTEXT() REPRESENTATION_CONTEXT('2D SPACE',''
  ) );
#587 = ORIENTED_EDGE('',*,*,#588,.F.);
#588 = EDGE_CURVE('',#589,#549,#591,.T.);
#589 = VERTEX_POINT('',#590);
#590 = CARTESIAN_POINT('',(-10.65649310306,-61.5000349014,14.201));
#591 = SURFACE_CURVE('',#592,(#595,#601),.PCURVE_S1.);
#592 = B_SPLINE_CURVE_WITH_KNOTS('',1,(#593,#594),.UNSPECIFIED.,.F.,.F.,
  (2,2),(0.,1.),.PIECEWISE_BEZIER_KNOTS.);
#593 = CARTESIAN_POINT('',(-10.65649306623,-61.50003484432,
    14.20099672882));
#594 = CARTESIAN_POINT('',(-10.65659441978,-61.50019195772,14.21));
#595 = PCURVE('',#301,#596);
#596 = DEFINITIONAL_REPRESENTATION('',(#597),#600);
#597 = B_SPLINE_CURVE_WITH_KNOTS('',1,(#598,#599),.UNSPECIFIED.,.F.,.F.,
  (2,2),(0.,1.),.PIECEWISE_BEZIER_KNOTS.);
#598 = CARTESIAN_POINT('',(-9.967288197146E-04,-1.66607174769));
#599 = CARTESIAN_POINT('',(-1.E-02,-1.66625871604));
#600 = ( GEOMETRIC_REPRESENTATION_CONTEXT(2) 
PARAMETRIC_REPRESENTATION_CONTEXT() REPRESENTATION_CONTEXT('2D SPACE',''
  ) );
#601 = PCURVE('',#602,#607);
#602 = B_SPLINE_SURFACE_WITH_KNOTS('',1,1,(
    (#603,#604)
    ,(#605,#606
    )),.UNSPECIFIED.,.F.,.F.,.F.,(2,2),(2,2),(-12.,12.),(0.,1.),
  .PIECEWISE_BEZIER_KNOTS.);
#603 = CARTESIAN_POINT('',(12.,-61.5,14.199));
#604 = CARTESIAN_POINT('',(11.930179740287,-61.56982025971,18.2));
#605 = CARTESIAN_POINT('',(-12.,-61.5,14.199));
#606 = CARTESIAN_POINT('',(-11.93017974028,-61.56982025971,18.2));
#607 = DEFINITIONAL_REPRESENTATION('',(#608),#611);
#608 = B_SPLINE_CURVE_WITH_KNOTS('',1,(#609,#610),.UNSPECIFIED.,.F.,.F.,
  (2,2),(0.,1.),.PIECEWISE_BEZIER_KNOTS.);
#609 = CARTESIAN_POINT('',(10.656524009516,4.990574405683E-04));
#610 = CARTESIAN_POINT('',(10.656764890599,2.749312671832E-03));
#611 = ( GEOMETRIC_REPRESENTATION_CONTEXT(2) 
PARAMETRIC_REPRESENTATION_CONTEXT() REPRESENTATION_CONTEXT('2D SPACE',''
  ) );
#612 = ORIENTED_EDGE('',*,*,#613,.T.);
#613 = EDGE_CURVE('',#589,#614,#616,.T.);
#614 = VERTEX_POINT('',#615);
#615 = CARTESIAN_POINT('',(-10.65647058823,-61.5,14.201));
#616 = SURFACE_CURVE('',#617,(#621,#627),.PCURVE_S1.);
#617 = LINE('',#618,#619);
#618 = CARTESIAN_POINT('',(-12.33830547418,-64.10709967122,14.201));
#619 = VECTOR('',#620,1.);
#620 = DIRECTION('',(0.542089339284,0.840320860288,-0.));
#621 = PCURVE('',#301,#622);
#622 = DEFINITIONAL_REPRESENTATION('',(#623),#626);
#623 = B_SPLINE_CURVE_WITH_KNOTS('',1,(#624,#625),.UNSPECIFIED.,.F.,.F.,
  (2,2),(2.74549851165,3.836440933159),.PIECEWISE_BEZIER_KNOTS.);
#624 = CARTESIAN_POINT('',(-9.999999999994E-04,-2.023036771237));
#625 = CARTESIAN_POINT('',(-9.999999999994E-04,-0.932094349728));
#626 = ( GEOMETRIC_REPRESENTATION_CONTEXT(2) 
PARAMETRIC_REPRESENTATION_CONTEXT() REPRESENTATION_CONTEXT('2D SPACE',''
  ) );
#627 = PCURVE('',#628,#633);
#628 = PLANE('',#629);
#629 = AXIS2_PLACEMENT_3D('',#630,#631,#632);
#630 = CARTESIAN_POINT('',(-12.,-70.,14.201));
#631 = DIRECTION('',(0.,0.,1.));
#632 = DIRECTION('',(0.942627225161,0.333847142245,-0.));
#633 = DEFINITIONAL_REPRESENTATION('',(#634),#637);
#634 = B_SPLINE_CURVE_WITH_KNOTS('',1,(#635,#636),.UNSPECIFIED.,.F.,.F.,
  (2,2),(2.74549851165,3.836440933159),.PIECEWISE_BEZIER_KNOTS.);
#635 = CARTESIAN_POINT('',(3.821567875341,7.345619032741));
#636 = CARTESIAN_POINT('',(4.68507813463,8.01233141387));
#637 = ( GEOMETRIC_REPRESENTATION_CONTEXT(2) 
PARAMETRIC_REPRESENTATION_CONTEXT() REPRESENTATION_CONTEXT('2D SPACE',''
  ) );
#638 = ORIENTED_EDGE('',*,*,#639,.F.);
#639 = EDGE_CURVE('',#415,#614,#640,.T.);
#640 = SURFACE_CURVE('',#641,(#644,#650),.PCURVE_S1.);
#641 = B_SPLINE_CURVE_WITH_KNOTS('',1,(#642,#643),.UNSPECIFIED.,.F.,.F.,
  (2,2),(0.,1.),.PIECEWISE_BEZIER_KNOTS.);
#642 = CARTESIAN_POINT('',(-10.65648188335,-61.50001750915,
    14.19999665057));
#643 = CARTESIAN_POINT('',(-10.65647058823,-61.5,14.201));
#644 = PCURVE('',#301,#645);
#645 = DEFINITIONAL_REPRESENTATION('',(#646),#649);
#646 = B_SPLINE_CURVE_WITH_KNOTS('',1,(#647,#648),.UNSPECIFIED.,.F.,.F.,
  (2,2),(0.,1.),.PIECEWISE_BEZIER_KNOTS.);
#647 = CARTESIAN_POINT('',(3.349429750443E-06,-1.666051118465));
#648 = CARTESIAN_POINT('',(-9.999999999977E-04,-1.666030282195));
#649 = ( GEOMETRIC_REPRESENTATION_CONTEXT(2) 
PARAMETRIC_REPRESENTATION_CONTEXT() REPRESENTATION_CONTEXT('2D SPACE',''
  ) );
#650 = PCURVE('',#428,#651);
#651 = DEFINITIONAL_REPRESENTATION('',(#652),#655);
#652 = B_SPLINE_CURVE_WITH_KNOTS('',1,(#653,#654),.UNSPECIFIED.,.F.,.F.,
  (2,2),(0.,1.),.PIECEWISE_BEZIER_KNOTS.);
#653 = CARTESIAN_POINT('',(10.656497432208,0.999749225336));
#654 = CARTESIAN_POINT('',(10.656470588235,1.));
#655 = ( GEOMETRIC_REPRESENTATION_CONTEXT(2) 
PARAMETRIC_REPRESENTATION_CONTEXT() REPRESENTATION_CONTEXT('2D SPACE',''
  ) );
#656 = ORIENTED_EDGE('',*,*,#439,.F.);
#657 = ORIENTED_EDGE('',*,*,#286,.F.);
#658 = ADVANCED_FACE('',(#659),#180,.T.);
#659 = FACE_BOUND('',#660,.T.);
#660 = EDGE_LOOP('',(#661,#690,#710,#711,#712,#840,#865,#1012,#1030,
    #1031));
#661 = ORIENTED_EDGE('',*,*,#662,.F.);
#662 = EDGE_CURVE('',#663,#665,#667,.T.);
#663 = VERTEX_POINT('',#664);
#664 = CARTESIAN_POINT('',(-11.93017974028,-61.56982025971,10.2));
#665 = VERTEX_POINT('',#666);
#666 = CARTESIAN_POINT('',(11.930179740287,-61.56982025971,10.2));
#667 = SURFACE_CURVE('',#668,(#672,#678),.PCURVE_S1.);
#668 = LINE('',#669,#670);
#669 = CARTESIAN_POINT('',(0.,-61.56982025971,10.2));
#670 = VECTOR('',#671,1.);
#671 = DIRECTION('',(1.,0.,0.));
#672 = PCURVE('',#180,#673);
#673 = DEFINITIONAL_REPRESENTATION('',(#674),#677);
#674 = B_SPLINE_CURVE_WITH_KNOTS('',1,(#675,#676),.UNSPECIFIED.,.F.,.F.,
  (2,2),(-11.93017974028,11.930179740287),.PIECEWISE_BEZIER_KNOTS.);
#675 = CARTESIAN_POINT('',(12.,0.));
#676 = CARTESIAN_POINT('',(-12.,0.));
#677 = ( GEOMETRIC_REPRESENTATION_CONTEXT(2) 
PARAMETRIC_REPRESENTATION_CONTEXT() REPRESENTATION_CONTEXT('2D SPACE',''
  ) );
#678 = PCURVE('',#679,#684);
#679 = PLANE('',#680);
#680 = AXIS2_PLACEMENT_3D('',#681,#682,#683);
#681 = CARTESIAN_POINT('',(-11.93017974028,-69.93017974028,10.2));
#682 = DIRECTION('',(0.,0.,1.));
#683 = DIRECTION('',(0.943744424053,0.330675765773,-0.));
#684 = DEFINITIONAL_REPRESENTATION('',(#685),#689);
#685 = LINE('',#686,#687);
#686 = CARTESIAN_POINT('',(14.02360888122,3.945021321433));
#687 = VECTOR('',#688,1.);
#688 = DIRECTION('',(0.943744424053,-0.330675765773));
#689 = ( GEOMETRIC_REPRESENTATION_CONTEXT(2) 
PARAMETRIC_REPRESENTATION_CONTEXT() REPRESENTATION_CONTEXT('2D SPACE',''
  ) );
#690 = ORIENTED_EDGE('',*,*,#691,.T.);
#691 = EDGE_CURVE('',#663,#242,#692,.T.);
#692 = SURFACE_CURVE('',#693,(#696,#703),.PCURVE_S1.);
#693 = B_SPLINE_CURVE_WITH_KNOTS('',1,(#694,#695),.UNSPECIFIED.,.F.,.F.,
  (2,2),(0.,1.),.PIECEWISE_BEZIER_KNOTS.);
#694 = CARTESIAN_POINT('',(-11.93017974028,-61.56982025971,10.2));
#695 = CARTESIAN_POINT('',(-12.,-61.5,14.201));
#696 = PCURVE('',#180,#697);
#697 = DEFINITIONAL_REPRESENTATION('',(#698),#702);
#698 = LINE('',#699,#700);
#699 = CARTESIAN_POINT('',(12.,0.));
#700 = VECTOR('',#701,1.);
#701 = DIRECTION('',(0.,1.));
#702 = ( GEOMETRIC_REPRESENTATION_CONTEXT(2) 
PARAMETRIC_REPRESENTATION_CONTEXT() REPRESENTATION_CONTEXT('2D SPACE',''
  ) );
#703 = PCURVE('',#255,#704);
#704 = DEFINITIONAL_REPRESENTATION('',(#705),#709);
#705 = LINE('',#706,#707);
#706 = CARTESIAN_POINT('',(-4.25,0.));
#707 = VECTOR('',#708,1.);
#708 = DIRECTION('',(0.,1.));
#709 = ( GEOMETRIC_REPRESENTATION_CONTEXT(2) 
PARAMETRIC_REPRESENTATION_CONTEXT() REPRESENTATION_CONTEXT('2D SPACE',''
  ) );
#710 = ORIENTED_EDGE('',*,*,#266,.T.);
#711 = ORIENTED_EDGE('',*,*,#460,.F.);
#712 = ORIENTED_EDGE('',*,*,#713,.F.);
#713 = EDGE_CURVE('',#714,#461,#716,.T.);
#714 = VERTEX_POINT('',#715);
#715 = CARTESIAN_POINT('',(-8.090134074433,-61.545488414,11.594318999515
    ));
#716 = SURFACE_CURVE('',#717,(#756,#798),.PCURVE_S1.);
#717 = B_SPLINE_CURVE_WITH_KNOTS('',5,(#718,#719,#720,#721,#722,#723,
    #724,#725,#726,#727,#728,#729,#730,#731,#732,#733,#734,#735,#736,
    #737,#738,#739,#740,#741,#742,#743,#744,#745,#746,#747,#748,#749,
    #750,#751,#752,#753,#754,#755),.UNSPECIFIED.,.F.,.F.,(6,4,4,4,4,4,4,
    4,4,6),(0.,0.120393481211,0.238923095901,0.354891664294,
    0.466335429596,0.635004311122,0.767476932011,0.875573035329,
    0.980096850373,1.),.UNSPECIFIED.);
#718 = CARTESIAN_POINT('',(-8.090134074433,-61.545488414,11.594318999515
    ));
#719 = CARTESIAN_POINT('',(-8.175814324293,-61.545488414,11.594318999515
    ));
#720 = CARTESIAN_POINT('',(-8.261512482128,-61.54542631994,
    11.597877255337));
#721 = CARTESIAN_POINT('',(-8.347120462513,-61.54530202886,
    11.604999666793));
#722 = CARTESIAN_POINT('',(-8.432525671426,-61.54511521724,
    11.61570477265));
#723 = CARTESIAN_POINT('',(-8.601379096125,-61.54461933325,
    11.644121049977));
#724 = CARTESIAN_POINT('',(-8.684835961102,-61.54431220125,
    11.661721029505));
#725 = CARTESIAN_POINT('',(-8.767870107714,-61.54394342313,
    11.68285359546));
#726 = CARTESIAN_POINT('',(-8.850357918574,-61.54351228573,
    11.707559615384));
#727 = CARTESIAN_POINT('',(-9.012201825642,-61.5425341659,
    11.763610071929));
#728 = CARTESIAN_POINT('',(-9.091585700767,-61.54198989643,
    11.794799044251));
#729 = CARTESIAN_POINT('',(-9.170188531046,-61.54138422069,
    11.829506858979));
#730 = CARTESIAN_POINT('',(-9.247863207502,-61.54071616477,
    11.867789325437));
#731 = CARTESIAN_POINT('',(-9.398033387503,-61.53928165032,
    11.949993149129));
#732 = CARTESIAN_POINT('',(-9.470611215193,-61.53852006747,11.9936351089
    ));
#733 = CARTESIAN_POINT('',(-9.542027242781,-61.53769890219,
    12.040691397539));
#734 = CARTESIAN_POINT('',(-9.61210564043,-61.53681720735,
    12.091216289321));
#735 = CARTESIAN_POINT('',(-9.784374142958,-61.53444665309,
    12.227059203814));
#736 = CARTESIAN_POINT('',(-9.884565783835,-61.53287864196,
    12.316912959433));
#737 = CARTESIAN_POINT('',(-9.980531383982,-61.53116678224,
    12.415009855217));
#738 = CARTESIAN_POINT('',(-10.07134391734,-61.52930928274,
    12.521452534504));
#739 = CARTESIAN_POINT('',(-10.22232812247,-61.52573677213,
    12.726172696963));
#740 = CARTESIAN_POINT('',(-10.28488686608,-61.52407686836,
    12.821292294317));
#741 = CARTESIAN_POINT('',(-10.34304993896,-61.52232995154,
    12.921398112082));
#742 = CARTESIAN_POINT('',(-10.39618434707,-61.52049971897,
    13.026278279352));
#743 = CARTESIAN_POINT('',(-10.48240836964,-61.51703898187,
    13.224593341804));
#744 = CARTESIAN_POINT('',(-10.51738773577,-61.51543368339,
    13.316583821775));
#745 = CARTESIAN_POINT('',(-10.54825955095,-61.51378261031,
    13.411197382687));
#746 = CARTESIAN_POINT('',(-10.57469260506,-61.51209199264,
    13.508077017659));
#747 = CARTESIAN_POINT('',(-10.61746142218,-61.50870566158,
    13.702128294847));
#748 = CARTESIAN_POINT('',(-10.63410403758,-61.50701180625,
    13.799193462171));
#749 = CARTESIAN_POINT('',(-10.64613493663,-61.50529673636,
    13.897474314566));
#750 = CARTESIAN_POINT('',(-10.65341508787,-61.50356931581,
    13.996462912433));
#751 = CARTESIAN_POINT('',(-10.65640785431,-61.50150993259,
    14.114474393669));
#752 = CARTESIAN_POINT('',(-10.65671376927,-61.5011804203,
    14.133356859321));
#753 = CARTESIAN_POINT('',(-10.65684677449,-61.50085087694,
    14.152241105871));
#754 = CARTESIAN_POINT('',(-10.65680692153,-61.50052136772,
    14.171123395748));
#755 = CARTESIAN_POINT('',(-10.65659441978,-61.50019195772,14.19));
#756 = PCURVE('',#180,#757);
#757 = DEFINITIONAL_REPRESENTATION('',(#758),#797);
#758 = B_SPLINE_CURVE_WITH_KNOTS('',5,(#759,#760,#761,#762,#763,#764,
    #765,#766,#767,#768,#769,#770,#771,#772,#773,#774,#775,#776,#777,
    #778,#779,#780,#781,#782,#783,#784,#785,#786,#787,#788,#789,#790,
    #791,#792,#793,#794,#795,#796),.UNSPECIFIED.,.F.,.F.,(6,4,4,4,4,4,4,
    4,4,6),(0.,0.120393481211,0.238923095901,0.354891664294,
    0.466335429596,0.635004311122,0.767476932011,0.875573035329,
    0.980096850373,1.),.UNSPECIFIED.);
#759 = CARTESIAN_POINT('',(8.120918047957,0.348492626722));
#760 = CARTESIAN_POINT('',(8.206924321899,0.348492626722));
#761 = CARTESIAN_POINT('',(8.292906391418,0.349381968342));
#762 = CARTESIAN_POINT('',(8.378753451933,0.351162126167));
#763 = CARTESIAN_POINT('',(8.464350028621,0.353837733729));
#764 = CARTESIAN_POINT('',(8.633482502339,0.360940027487));
#765 = CARTESIAN_POINT('',(8.717028608813,0.365338922646));
#766 = CARTESIAN_POINT('',(8.800099894375,0.370620743679));
#767 = CARTESIAN_POINT('',(8.882569695053,0.37679570492));
#768 = CARTESIAN_POINT('',(9.044262562658,0.390804816778));
#769 = CARTESIAN_POINT('',(9.123515910333,0.398600111035));
#770 = CARTESIAN_POINT('',(9.201929384849,0.407274896021));
#771 = CARTESIAN_POINT('',(9.279352828101,0.416843120579));
#772 = CARTESIAN_POINT('',(9.428902919782,0.437388940047));
#773 = CARTESIAN_POINT('',(9.501116885991,0.448296703049));
#774 = CARTESIAN_POINT('',(9.572106289145,0.460057834926));
#775 = CARTESIAN_POINT('',(9.641692666275,0.472685900855));
#776 = CARTESIAN_POINT('',(9.812553851007,0.506638141418));
#777 = CARTESIAN_POINT('',(9.911742679938,0.529095965867));
#778 = CARTESIAN_POINT('',(10.006541542083,0.553614060289));
#779 = CARTESIAN_POINT('',(10.096016684219,0.580218079106));
#780 = CARTESIAN_POINT('',(10.244307950593,0.631385327909));
#781 = CARTESIAN_POINT('',(10.305576743894,0.655159283758));
#782 = CARTESIAN_POINT('',(10.362344639733,0.68017948315));
#783 = CARTESIAN_POINT('',(10.413981943491,0.706392971595));
#784 = CARTESIAN_POINT('',(10.497318523803,0.755959345615));
#785 = CARTESIAN_POINT('',(10.530938587189,0.778951217639));
#786 = CARTESIAN_POINT('',(10.56039429874,0.802598695998));
#787 = CARTESIAN_POINT('',(10.585362018777,0.826812551277));
#788 = CARTESIAN_POINT('',(10.625172400107,0.8753132454));
#789 = CARTESIAN_POINT('',(10.640324294064,0.899573472175));
#790 = CARTESIAN_POINT('',(10.650837746375,0.924137544255));
#791 = CARTESIAN_POINT('',(10.656584955267,0.948878508481));
#792 = CARTESIAN_POINT('',(10.657748899631,0.978374004916));
#793 = CARTESIAN_POINT('',(10.657762154013,0.98309344147));
#794 = CARTESIAN_POINT('',(10.657602455526,0.987813323137));
#795 = CARTESIAN_POINT('',(10.657269937384,0.992532715758));
#796 = CARTESIAN_POINT('',(10.656764890482,0.997250687328));
#797 = ( GEOMETRIC_REPRESENTATION_CONTEXT(2) 
PARAMETRIC_REPRESENTATION_CONTEXT() REPRESENTATION_CONTEXT('2D SPACE',''
  ) );
#798 = PCURVE('',#494,#799);
#799 = DEFINITIONAL_REPRESENTATION('',(#800),#839);
#800 = B_SPLINE_CURVE_WITH_KNOTS('',5,(#801,#802,#803,#804,#805,#806,
    #807,#808,#809,#810,#811,#812,#813,#814,#815,#816,#817,#818,#819,
    #820,#821,#822,#823,#824,#825,#826,#827,#828,#829,#830,#831,#832,
    #833,#834,#835,#836,#837,#838),.UNSPECIFIED.,.F.,.F.,(6,4,4,4,4,4,4,
    4,4,6),(0.,0.120393481211,0.238923095901,0.354891664294,
    0.466335429596,0.635004311122,0.767476932011,0.875573035329,
    0.980096850373,1.),.UNSPECIFIED.);
#801 = CARTESIAN_POINT('',(4.712388980385,0.149712697643));
#802 = CARTESIAN_POINT('',(4.679380205484,0.149712697643));
#803 = CARTESIAN_POINT('',(4.646357781247,0.149749223562));
#804 = CARTESIAN_POINT('',(4.613287681187,0.149822335963));
#805 = CARTESIAN_POINT('',(4.580135381003,0.149932225148));
#806 = CARTESIAN_POINT('',(4.514111396847,0.150223921616));
#807 = CARTESIAN_POINT('',(4.481243399247,0.1504045875));
#808 = CARTESIAN_POINT('',(4.448228389553,0.150621515803));
#809 = CARTESIAN_POINT('',(4.415031822744,0.150875126037));
#810 = CARTESIAN_POINT('',(4.348926311385,0.151450490642));
#811 = CARTESIAN_POINT('',(4.316026820223,0.151770649154));
#812 = CARTESIAN_POINT('',(4.282886134197,0.152126929001));
#813 = CARTESIAN_POINT('',(4.249469720911,0.152519903074));
#814 = CARTESIAN_POINT('',(4.18333023635,0.153363735104));
#815 = CARTESIAN_POINT('',(4.150631300716,0.153811725013));
#816 = CARTESIAN_POINT('',(4.117613414339,0.154294763414));
#817 = CARTESIAN_POINT('',(4.084244908879,0.15481340744));
#818 = CARTESIAN_POINT('',(3.999412931419,0.156207851118));
#819 = CARTESIAN_POINT('',(3.947460552207,0.15713021061));
#820 = CARTESIAN_POINT('',(3.89451849998,0.158137186916));
#821 = CARTESIAN_POINT('',(3.840501334099,0.159229833683));
#822 = CARTESIAN_POINT('',(3.742023044962,0.161331310506));
#823 = CARTESIAN_POINT('',(3.698002749857,0.16230772449));
#824 = CARTESIAN_POINT('',(3.653258915574,0.163335322619));
#825 = CARTESIAN_POINT('',(3.607795822354,0.164411930014));
#826 = CARTESIAN_POINT('',(3.524018073387,0.166447657724));
#827 = CARTESIAN_POINT('',(3.4859270798,0.167391950945));
#828 = CARTESIAN_POINT('',(3.44742208584,0.168363170404));
#829 = CARTESIAN_POINT('',(3.408551977997,0.169357651383));
#830 = CARTESIAN_POINT('',(3.331535960596,0.17134961083));
#831 = CARTESIAN_POINT('',(3.293405026589,0.172345996321));
#832 = CARTESIAN_POINT('',(3.25508167593,0.173354860963));
#833 = CARTESIAN_POINT('',(3.216646252078,0.174370990697));
#834 = CARTESIAN_POINT('',(3.170876761401,0.175582392592));
#835 = CARTESIAN_POINT('',(3.163554986754,0.175776223349));
#836 = CARTESIAN_POINT('',(3.156233290094,0.175970072386));
#837 = CARTESIAN_POINT('',(3.148912302777,0.176163901338));
#838 = CARTESIAN_POINT('',(3.14159265359,0.176357671927));
#839 = ( GEOMETRIC_REPRESENTATION_CONTEXT(2) 
PARAMETRIC_REPRESENTATION_CONTEXT() REPRESENTATION_CONTEXT('2D SPACE',''
  ) );
#840 = ORIENTED_EDGE('',*,*,#841,.F.);
#841 = EDGE_CURVE('',#842,#714,#844,.T.);
#842 = VERTEX_POINT('',#843);
#843 = CARTESIAN_POINT('',(8.090134074433,-61.545488414,11.594318999515)
  );
#844 = SURFACE_CURVE('',#845,(#848,#854),.PCURVE_S1.);
#845 = B_SPLINE_CURVE_WITH_KNOTS('',1,(#846,#847),.UNSPECIFIED.,.F.,.F.,
  (2,2),(0.,1.),.PIECEWISE_BEZIER_KNOTS.);
#846 = CARTESIAN_POINT('',(8.090134074433,-61.545488414,11.594318999515)
  );
#847 = CARTESIAN_POINT('',(-8.090134074433,-61.545488414,11.594318999515
    ));
#848 = PCURVE('',#180,#849);
#849 = DEFINITIONAL_REPRESENTATION('',(#850),#853);
#850 = B_SPLINE_CURVE_WITH_KNOTS('',1,(#851,#852),.UNSPECIFIED.,.F.,.F.,
  (2,2),(0.,1.),.PIECEWISE_BEZIER_KNOTS.);
#851 = CARTESIAN_POINT('',(-8.120918047957,0.348492626722));
#852 = CARTESIAN_POINT('',(8.120918047957,0.348492626722));
#853 = ( GEOMETRIC_REPRESENTATION_CONTEXT(2) 
PARAMETRIC_REPRESENTATION_CONTEXT() REPRESENTATION_CONTEXT('2D SPACE',''
  ) );
#854 = PCURVE('',#855,#860);
#855 = B_SPLINE_SURFACE_WITH_KNOTS('',1,1,(
    (#856,#857)
    ,(#858,#859
    )),.UNSPECIFIED.,.F.,.F.,.F.,(2,2),(2,2),(-8.16,8.16),(0.,1.),
  .PIECEWISE_BEZIER_KNOTS.);
#856 = CARTESIAN_POINT('',(-8.16,-61.8,11.5));
#857 = CARTESIAN_POINT('',(-7.693333333333,-60.1,12.13));
#858 = CARTESIAN_POINT('',(8.16,-61.8,11.5));
#859 = CARTESIAN_POINT('',(7.693333333333,-60.1,12.13));
#860 = DEFINITIONAL_REPRESENTATION('',(#861),#864);
#861 = B_SPLINE_CURVE_WITH_KNOTS('',1,(#862,#863),.UNSPECIFIED.,.F.,.F.,
  (2,2),(0.,1.),.PIECEWISE_BEZIER_KNOTS.);
#862 = CARTESIAN_POINT('',(8.16,0.149712697643));
#863 = CARTESIAN_POINT('',(-8.16,0.149712697643));
#864 = ( GEOMETRIC_REPRESENTATION_CONTEXT(2) 
PARAMETRIC_REPRESENTATION_CONTEXT() REPRESENTATION_CONTEXT('2D SPACE',''
  ) );
#865 = ORIENTED_EDGE('',*,*,#866,.F.);
#866 = EDGE_CURVE('',#867,#842,#869,.T.);
#867 = VERTEX_POINT('',#868);
#868 = CARTESIAN_POINT('',(10.656594419787,-61.50019195772,14.19));
#869 = SURFACE_CURVE('',#870,(#909,#951),.PCURVE_S1.);
#870 = B_SPLINE_CURVE_WITH_KNOTS('',5,(#871,#872,#873,#874,#875,#876,
    #877,#878,#879,#880,#881,#882,#883,#884,#885,#886,#887,#888,#889,
    #890,#891,#892,#893,#894,#895,#896,#897,#898,#899,#900,#901,#902,
    #903,#904,#905,#906,#907,#908),.UNSPECIFIED.,.F.,.F.,(6,4,4,4,4,4,4,
    4,4,6),(0.,1.974276609414E-02,0.124626078266,0.232730215682,
    0.365216297437,0.5339027884,0.644924306743,0.759995618464,
    0.878048736989,1.),.UNSPECIFIED.);
#871 = CARTESIAN_POINT('',(10.656594419787,-61.50019195772,14.19));
#872 = CARTESIAN_POINT('',(10.656805209152,-61.50051871327,
    14.171275507119));
#873 = CARTESIAN_POINT('',(10.656846120998,-61.50084556645,
    14.152545419858));
#874 = CARTESIAN_POINT('',(10.656716950948,-61.50117245374,
    14.13381337774));
#875 = CARTESIAN_POINT('',(10.656417647441,-61.50149931148,
    14.115083028663));
#876 = CARTESIAN_POINT('',(10.653454968925,-61.50356200953,
    13.996881593537));
#877 = CARTESIAN_POINT('',(10.6461626099,-61.50529542373,13.897549533814
    ));
#878 = CARTESIAN_POINT('',(10.634086368113,-61.50701641058,
    13.798929614296));
#879 = CARTESIAN_POINT('',(10.617366809877,-61.5087160151,
    13.701534993763));
#880 = CARTESIAN_POINT('',(10.574455998602,-61.5121077486,
    13.507174133873));
#881 = CARTESIAN_POINT('',(10.547987458411,-61.51379821407,
    13.410303220394));
#882 = CARTESIAN_POINT('',(10.517081213076,-61.51544908914,
    13.315701006179));
#883 = CARTESIAN_POINT('',(10.482068714493,-61.51705415043,
    13.223724118089));
#884 = CARTESIAN_POINT('',(10.395772761772,-61.52051433975,
    13.025440446295));
#885 = CARTESIAN_POINT('',(10.342599955748,-61.52234424104,
    12.920579262969));
#886 = CARTESIAN_POINT('',(10.28440050652,-61.52409078537,
    12.820494790325));
#887 = CARTESIAN_POINT('',(10.221807407092,-61.5257502848,
    12.725398363197));
#888 = CARTESIAN_POINT('',(10.070749209675,-61.52932182567,
    12.520733770627));
#889 = CARTESIAN_POINT('',(9.979898205783,-61.53117874349,
    12.414324424436));
#890 = CARTESIAN_POINT('',(9.883897009715,-61.53288999429,
    12.316262421981));
#891 = CARTESIAN_POINT('',(9.783672321046,-61.5344573763,12.226444718251
    ));
#892 = CARTESIAN_POINT('',(9.611619605546,-61.53682318802,
    12.090873571413));
#893 = CARTESIAN_POINT('',(9.541800716472,-61.53770125657,
    12.040556481406));
#894 = CARTESIAN_POINT('',(9.470654728335,-61.53851925589,
    11.993681616086));
#895 = CARTESIAN_POINT('',(9.398355464172,-61.53927812245,
    11.950195310944));
#896 = CARTESIAN_POINT('',(9.249070186168,-61.54070509886,
    11.868423449444));
#897 = CARTESIAN_POINT('',(9.172010992108,-61.54136886814,
    11.830386625862));
#898 = CARTESIAN_POINT('',(9.094035975386,-61.54197120551,
    11.795870114308));
#899 = CARTESIAN_POINT('',(9.015289068668,-61.54251306373,
    11.764819316651));
#900 = CARTESIAN_POINT('',(8.854442422414,-61.54348999443,
    11.708837002496));
#901 = CARTESIAN_POINT('',(8.77231008311,-61.5439219271,11.684085410106)
  );
#902 = CARTESIAN_POINT('',(8.689631815939,-61.54429197598,
    11.662880023681));
#903 = CARTESIAN_POINT('',(8.606530018495,-61.54460084988,
    11.645180226386));
#904 = CARTESIAN_POINT('',(8.436945722282,-61.54510548579,
    11.616262426757));
#905 = CARTESIAN_POINT('',(8.350443460489,-61.545297173,11.605277928414)
  );
#906 = CARTESIAN_POINT('',(8.263730175347,-61.54542470267,
    11.597969931603));
#907 = CARTESIAN_POINT('',(8.176922954466,-61.545488414,11.594318999515)
  );
#908 = CARTESIAN_POINT('',(8.090134074433,-61.545488414,11.594318999515)
  );
#909 = PCURVE('',#180,#910);
#910 = DEFINITIONAL_REPRESENTATION('',(#911),#950);
#911 = B_SPLINE_CURVE_WITH_KNOTS('',5,(#912,#913,#914,#915,#916,#917,
    #918,#919,#920,#921,#922,#923,#924,#925,#926,#927,#928,#929,#930,
    #931,#932,#933,#934,#935,#936,#937,#938,#939,#940,#941,#942,#943,
    #944,#945,#946,#947,#948,#949),.UNSPECIFIED.,.F.,.F.,(6,4,4,4,4,4,4,
    4,4,6),(0.,1.974276609414E-02,0.124626078266,0.232730215682,
    0.365216297437,0.5339027884,0.644924306743,0.759995618464,
    0.878048736989,1.),.UNSPECIFIED.);
#912 = CARTESIAN_POINT('',(-10.65676489048,0.997250687328));
#913 = CARTESIAN_POINT('',(-10.65726586761,0.992570734096));
#914 = CARTESIAN_POINT('',(-10.65759708532,0.987889382619));
#915 = CARTESIAN_POINT('',(-10.6577582597,0.983207542549));
#916 = CARTESIAN_POINT('',(-10.65774925947,0.978526125634));
#917 = CARTESIAN_POINT('',(-10.65661835462,0.948983152596));
#918 = CARTESIAN_POINT('',(-10.65086427569,0.924156344367));
#919 = CARTESIAN_POINT('',(-10.64031072284,0.899507526692));
#920 = CARTESIAN_POINT('',(-10.62508691608,0.875164957201));
#921 = CARTESIAN_POINT('',(-10.58513909096,0.826586886746));
#922 = CARTESIAN_POINT('',(-10.56013564753,0.802375211296));
#923 = CARTESIAN_POINT('',(-10.53064521251,0.778730568903));
#924 = CARTESIAN_POINT('',(-10.49699167656,0.755742093999));
#925 = CARTESIAN_POINT('',(-10.41358236886,0.706183565682));
#926 = CARTESIAN_POINT('',(-10.36190618581,0.679974822037));
#927 = CARTESIAN_POINT('',(-10.30510138643,0.654959957592));
#928 = CARTESIAN_POINT('',(-10.24379767789,0.631191792851));
#929 = CARTESIAN_POINT('',(-10.09543110179,0.580038433048));
#930 = CARTESIAN_POINT('',(-10.00591671646,0.553442745423));
#931 = CARTESIAN_POINT('',(-9.911081469641,0.528933372152));
#932 = CARTESIAN_POINT('',(-9.811858800008,0.506484558423));
#933 = CARTESIAN_POINT('',(-9.64120991304,0.472600242793));
#934 = CARTESIAN_POINT('',(-9.571880874109,0.460024114323));
#935 = CARTESIAN_POINT('',(-9.50115984172,0.44830832694));
#936 = CARTESIAN_POINT('',(-9.429223242393,0.437439467869));
#937 = CARTESIAN_POINT('',(-9.280555258899,0.417001611958));
#938 = CARTESIAN_POINT('',(-9.203746248102,0.40749478277));
#939 = CARTESIAN_POINT('',(-9.125960452688,0.398867811624));
#940 = CARTESIAN_POINT('',(-9.047344784857,0.3911070524));
#941 = CARTESIAN_POINT('',(-8.886652482723,0.377114971881));
#942 = CARTESIAN_POINT('',(-8.804540350052,0.370928620371));
#943 = CARTESIAN_POINT('',(-8.721827486032,0.365628598771));
#944 = CARTESIAN_POINT('',(-8.638639301285,0.361204755408));
#945 = CARTESIAN_POINT('',(-8.468779935959,0.353977112411));
#946 = CARTESIAN_POINT('',(-8.382085707759,0.351231674185));
#947 = CARTESIAN_POINT('',(-8.295131424675,0.349405131618));
#948 = CARTESIAN_POINT('',(-8.208037170549,0.348492626722));
#949 = CARTESIAN_POINT('',(-8.120918047957,0.348492626722));
#950 = ( GEOMETRIC_REPRESENTATION_CONTEXT(2) 
PARAMETRIC_REPRESENTATION_CONTEXT() REPRESENTATION_CONTEXT('2D SPACE',''
  ) );
#951 = PCURVE('',#952,#971);
#952 = B_SPLINE_SURFACE_WITH_KNOTS('',8,1,(
    (#953,#954)
    ,(#955,#956)
    ,(#957,#958)
    ,(#959,#960)
    ,(#961,#962)
    ,(#963,#964)
    ,(#965,#966)
    ,(#967,#968)
    ,(#969,#970
    )),.UNSPECIFIED.,.F.,.F.,.F.,(9,9),(2,2),(4.712388980385,
    6.28318530718),(0.,1.),.PIECEWISE_BEZIER_KNOTS.);
#953 = CARTESIAN_POINT('',(8.16,-61.8,11.5));
#954 = CARTESIAN_POINT('',(7.693333333333,-60.1,12.13));
#955 = CARTESIAN_POINT('',(8.688180264885,-61.79999999999,11.5));
#956 = CARTESIAN_POINT('',(8.097813387483,-60.09999999999,12.13));
#957 = CARTESIAN_POINT('',(9.216360696027,-61.8,11.618523522306));
#958 = CARTESIAN_POINT('',(8.502293568952,-60.1,12.220765225261));
#959 = CARTESIAN_POINT('',(9.713510600361,-61.79999999999,
    11.855569402805));
#960 = CARTESIAN_POINT('',(8.883010596063,-60.09999999999,
    12.402294784304));
#961 = CARTESIAN_POINT('',(10.148606053049,-61.8,12.201393946953));
#962 = CARTESIAN_POINT('',(9.21620637024,-60.1,12.667126963094));
#963 = CARTESIAN_POINT('',(10.494430597194,-61.79999999999,
    12.636489399638));
#964 = CARTESIAN_POINT('',(9.481038549028,-60.09999999999,
    13.000322737269));
#965 = CARTESIAN_POINT('',(10.731476477695,-61.8,13.133639303974));
#966 = CARTESIAN_POINT('',(9.662568108073,-60.1,13.381039764382));
#967 = CARTESIAN_POINT('',(10.85,-61.8,13.661819735115));
#968 = CARTESIAN_POINT('',(9.753333333333,-60.09999999999,13.78551994585
    ));
#969 = CARTESIAN_POINT('',(10.85,-61.8,14.19));
#970 = CARTESIAN_POINT('',(9.753333333333,-60.1,14.19));
#971 = DEFINITIONAL_REPRESENTATION('',(#972),#1011);
#972 = B_SPLINE_CURVE_WITH_KNOTS('',5,(#973,#974,#975,#976,#977,#978,
    #979,#980,#981,#982,#983,#984,#985,#986,#987,#988,#989,#990,#991,
    #992,#993,#994,#995,#996,#997,#998,#999,#1000,#1001,#1002,#1003,
    #1004,#1005,#1006,#1007,#1008,#1009,#1010),.UNSPECIFIED.,.F.,.F.,(6,
    4,4,4,4,4,4,4,4,6),(0.,1.974276609414E-02,0.124626078266,
    0.232730215682,0.365216297437,0.5339027884,0.644924306743,
    0.759995618464,0.878048736989,1.),.UNSPECIFIED.);
#973 = CARTESIAN_POINT('',(6.28318530718,0.176357671927));
#974 = CARTESIAN_POINT('',(6.275924641157,0.176165462779));
#975 = CARTESIAN_POINT('',(6.268662658473,0.175973196205));
#976 = CARTESIAN_POINT('',(6.261399972845,0.175780909564));
#977 = CARTESIAN_POINT('',(6.254137200475,0.175588640303));
#978 = CARTESIAN_POINT('',(6.20829435661,0.174375288509));
#979 = CARTESIAN_POINT('',(6.16972624076,0.173355633098));
#980 = CARTESIAN_POINT('',(6.131270916368,0.172343287891));
#981 = CARTESIAN_POINT('',(6.09300951955,0.171343520524));
#982 = CARTESIAN_POINT('',(6.015864529412,0.169348383174));
#983 = CARTESIAN_POINT('',(5.976994093149,0.168353991722));
#984 = CARTESIAN_POINT('',(5.938489168799,0.167382888738));
#985 = CARTESIAN_POINT('',(5.900398564038,0.166438735039));
#986 = CARTESIAN_POINT('',(5.816620930735,0.164403329558));
#987 = CARTESIAN_POINT('',(5.771157723892,0.163326917035));
#988 = CARTESIAN_POINT('',(5.726414006807,0.162299538016));
#989 = CARTESIAN_POINT('',(5.682393949442,0.161323361878));
#990 = CARTESIAN_POINT('',(5.583916098888,0.159222455486));
#991 = CARTESIAN_POINT('',(5.529899160221,0.158130150888));
#992 = CARTESIAN_POINT('',(5.476957208082,0.157123532766));
#993 = CARTESIAN_POINT('',(5.425004713314,0.156201543351));
#994 = CARTESIAN_POINT('',(5.340303476879,0.1548098894));
#995 = CARTESIAN_POINT('',(5.307063011113,0.154293378484));
#996 = CARTESIAN_POINT('',(5.274170429989,0.153812202415));
#997 = CARTESIAN_POINT('',(5.241594423621,0.153365810319));
#998 = CARTESIAN_POINT('',(5.175834846751,0.152526412432));
#999 = CARTESIAN_POINT('',(5.14267279214,0.152135959913));
#1000 = CARTESIAN_POINT('',(5.109782648533,0.151781643815));
#1001 = CARTESIAN_POINT('',(5.077130668526,0.151462903683));
#1002 = CARTESIAN_POINT('',(5.011396805614,0.150888238568));
#1003 = CARTESIAN_POINT('',(4.978325881482,0.150634160527));
#1004 = CARTESIAN_POINT('',(4.945436143608,0.150416484713));
#1005 = CARTESIAN_POINT('',(4.912693438857,0.150234794188));
#1006 = CARTESIAN_POINT('',(4.846358491913,0.149937949534));
#1007 = CARTESIAN_POINT('',(4.812773987521,0.149825192352));
#1008 = CARTESIAN_POINT('',(4.77927474108,0.149750174895));
#1009 = CARTESIAN_POINT('',(4.745824860994,0.149712697643));
#1010 = CARTESIAN_POINT('',(4.712388980385,0.149712697643));
#1011 = ( GEOMETRIC_REPRESENTATION_CONTEXT(2) 
PARAMETRIC_REPRESENTATION_CONTEXT() REPRESENTATION_CONTEXT('2D SPACE',''
  ) );
#1012 = ORIENTED_EDGE('',*,*,#1013,.T.);
#1013 = EDGE_CURVE('',#867,#141,#1014,.T.);
#1014 = SURFACE_CURVE('',#1015,(#1018,#1024),.PCURVE_S1.);
#1015 = B_SPLINE_CURVE_WITH_KNOTS('',1,(#1016,#1017),.UNSPECIFIED.,.F.,
  .F.,(2,2),(0.,1.),.PIECEWISE_BEZIER_KNOTS.);
#1016 = CARTESIAN_POINT('',(10.656594419787,-61.50019195772,14.19));
#1017 = CARTESIAN_POINT('',(10.656493064887,-61.50003484222,
    14.199003391158));
#1018 = PCURVE('',#180,#1019);
#1019 = DEFINITIONAL_REPRESENTATION('',(#1020),#1023);
#1020 = B_SPLINE_CURVE_WITH_KNOTS('',1,(#1021,#1022),.UNSPECIFIED.,.F.,
  .F.,(2,2),(0.,1.),.PIECEWISE_BEZIER_KNOTS.);
#1021 = CARTESIAN_POINT('',(-10.65676489059,0.997250687328));
#1022 = CARTESIAN_POINT('',(-10.6565240063,0.999500972546));
#1023 = ( GEOMETRIC_REPRESENTATION_CONTEXT(2) 
PARAMETRIC_REPRESENTATION_CONTEXT() REPRESENTATION_CONTEXT('2D SPACE',''
  ) );
#1024 = PCURVE('',#155,#1025);
#1025 = DEFINITIONAL_REPRESENTATION('',(#1026),#1029);
#1026 = B_SPLINE_CURVE_WITH_KNOTS('',1,(#1027,#1028),.UNSPECIFIED.,.F.,
  .F.,(2,2),(0.,1.),.PIECEWISE_BEZIER_KNOTS.);
#1027 = CARTESIAN_POINT('',(-1.E-02,-1.66625871604));
#1028 = CARTESIAN_POINT('',(-9.966088419535E-04,-1.666071745198));
#1029 = ( GEOMETRIC_REPRESENTATION_CONTEXT(2) 
PARAMETRIC_REPRESENTATION_CONTEXT() REPRESENTATION_CONTEXT('2D SPACE',''
  ) );
#1030 = ORIENTED_EDGE('',*,*,#166,.T.);
#1031 = ORIENTED_EDGE('',*,*,#1032,.F.);
#1032 = EDGE_CURVE('',#665,#167,#1033,.T.);
#1033 = SURFACE_CURVE('',#1034,(#1037,#1044),.PCURVE_S1.);
#1034 = B_SPLINE_CURVE_WITH_KNOTS('',1,(#1035,#1036),.UNSPECIFIED.,.F.,
  .F.,(2,2),(0.,1.),.PIECEWISE_BEZIER_KNOTS.);
#1035 = CARTESIAN_POINT('',(11.930179740287,-61.56982025971,10.2));
#1036 = CARTESIAN_POINT('',(12.,-61.5,14.201));
#1037 = PCURVE('',#180,#1038);
#1038 = DEFINITIONAL_REPRESENTATION('',(#1039),#1043);
#1039 = LINE('',#1040,#1041);
#1040 = CARTESIAN_POINT('',(-12.,0.));
#1041 = VECTOR('',#1042,1.);
#1042 = DIRECTION('',(0.,1.));
#1043 = ( GEOMETRIC_REPRESENTATION_CONTEXT(2) 
PARAMETRIC_REPRESENTATION_CONTEXT() REPRESENTATION_CONTEXT('2D SPACE',''
  ) );
#1044 = PCURVE('',#205,#1045);
#1045 = DEFINITIONAL_REPRESENTATION('',(#1046),#1050);
#1046 = LINE('',#1047,#1048);
#1047 = CARTESIAN_POINT('',(4.25,0.));
#1048 = VECTOR('',#1049,1.);
#1049 = DIRECTION('',(0.,1.));
#1050 = ( GEOMETRIC_REPRESENTATION_CONTEXT(2) 
PARAMETRIC_REPRESENTATION_CONTEXT() REPRESENTATION_CONTEXT('2D SPACE',''
  ) );
#1051 = ADVANCED_FACE('',(#1052),#255,.T.);
#1052 = FACE_BOUND('',#1053,.T.);
#1053 = EDGE_LOOP('',(#1054,#1076,#1096,#1097));
#1054 = ORIENTED_EDGE('',*,*,#1055,.F.);
#1055 = EDGE_CURVE('',#1056,#663,#1058,.T.);
#1056 = VERTEX_POINT('',#1057);
#1057 = CARTESIAN_POINT('',(-11.93017974028,-69.93017974028,10.2));
#1058 = SURFACE_CURVE('',#1059,(#1063,#1069),.PCURVE_S1.);
#1059 = LINE('',#1060,#1061);
#1060 = CARTESIAN_POINT('',(-11.93017974028,-65.75,10.2));
#1061 = VECTOR('',#1062,1.);
#1062 = DIRECTION('',(0.,1.,0.));
#1063 = PCURVE('',#255,#1064);
#1064 = DEFINITIONAL_REPRESENTATION('',(#1065),#1068);
#1065 = B_SPLINE_CURVE_WITH_KNOTS('',1,(#1066,#1067),.UNSPECIFIED.,.F.,
  .F.,(2,2),(-4.180179740287,4.180179740287),.PIECEWISE_BEZIER_KNOTS.);
#1066 = CARTESIAN_POINT('',(4.25,0.));
#1067 = CARTESIAN_POINT('',(-4.25,0.));
#1068 = ( GEOMETRIC_REPRESENTATION_CONTEXT(2) 
PARAMETRIC_REPRESENTATION_CONTEXT() REPRESENTATION_CONTEXT('2D SPACE',''
  ) );
#1069 = PCURVE('',#679,#1070);
#1070 = DEFINITIONAL_REPRESENTATION('',(#1071),#1075);
#1071 = LINE('',#1072,#1073);
#1072 = CARTESIAN_POINT('',(1.38228413669,3.945021321433));
#1073 = VECTOR('',#1074,1.);
#1074 = DIRECTION('',(0.330675765773,0.943744424053));
#1075 = ( GEOMETRIC_REPRESENTATION_CONTEXT(2) 
PARAMETRIC_REPRESENTATION_CONTEXT() REPRESENTATION_CONTEXT('2D SPACE',''
  ) );
#1076 = ORIENTED_EDGE('',*,*,#1077,.T.);
#1077 = EDGE_CURVE('',#1056,#217,#1078,.T.);
#1078 = SURFACE_CURVE('',#1079,(#1082,#1089),.PCURVE_S1.);
#1079 = B_SPLINE_CURVE_WITH_KNOTS('',1,(#1080,#1081),.UNSPECIFIED.,.F.,
  .F.,(2,2),(0.,1.),.PIECEWISE_BEZIER_KNOTS.);
#1080 = CARTESIAN_POINT('',(-11.93017974028,-69.93017974028,10.2));
#1081 = CARTESIAN_POINT('',(-12.,-70.,14.201));
#1082 = PCURVE('',#255,#1083);
#1083 = DEFINITIONAL_REPRESENTATION('',(#1084),#1088);
#1084 = LINE('',#1085,#1086);
#1085 = CARTESIAN_POINT('',(4.25,0.));
#1086 = VECTOR('',#1087,1.);
#1087 = DIRECTION('',(0.,1.));
#1088 = ( GEOMETRIC_REPRESENTATION_CONTEXT(2) 
PARAMETRIC_REPRESENTATION_CONTEXT() REPRESENTATION_CONTEXT('2D SPACE',''
  ) );
#1089 = PCURVE('',#230,#1090);
#1090 = DEFINITIONAL_REPRESENTATION('',(#1091),#1095);
#1091 = LINE('',#1092,#1093);
#1092 = CARTESIAN_POINT('',(-12.,0.));
#1093 = VECTOR('',#1094,1.);
#1094 = DIRECTION('',(0.,1.));
#1095 = ( GEOMETRIC_REPRESENTATION_CONTEXT(2) 
PARAMETRIC_REPRESENTATION_CONTEXT() REPRESENTATION_CONTEXT('2D SPACE',''
  ) );
#1096 = ORIENTED_EDGE('',*,*,#241,.T.);
#1097 = ORIENTED_EDGE('',*,*,#691,.F.);
#1098 = ADVANCED_FACE('',(#1099),#230,.T.);
#1099 = FACE_BOUND('',#1100,.T.);
#1100 = EDGE_LOOP('',(#1101,#1102,#1124,#1144));
#1101 = ORIENTED_EDGE('',*,*,#1077,.F.);
#1102 = ORIENTED_EDGE('',*,*,#1103,.T.);
#1103 = EDGE_CURVE('',#1056,#1104,#1106,.T.);
#1104 = VERTEX_POINT('',#1105);
#1105 = CARTESIAN_POINT('',(11.930179740287,-69.93017974028,10.2));
#1106 = SURFACE_CURVE('',#1107,(#1111,#1117),.PCURVE_S1.);
#1107 = LINE('',#1108,#1109);
#1108 = CARTESIAN_POINT('',(0.,-69.93017974028,10.2));
#1109 = VECTOR('',#1110,1.);
#1110 = DIRECTION('',(1.,0.,0.));
#1111 = PCURVE('',#230,#1112);
#1112 = DEFINITIONAL_REPRESENTATION('',(#1113),#1116);
#1113 = B_SPLINE_CURVE_WITH_KNOTS('',1,(#1114,#1115),.UNSPECIFIED.,.F.,
  .F.,(2,2),(-11.93017974028,11.930179740287),.PIECEWISE_BEZIER_KNOTS.);
#1114 = CARTESIAN_POINT('',(-12.,0.));
#1115 = CARTESIAN_POINT('',(12.,0.));
#1116 = ( GEOMETRIC_REPRESENTATION_CONTEXT(2) 
PARAMETRIC_REPRESENTATION_CONTEXT() REPRESENTATION_CONTEXT('2D SPACE',''
  ) );
#1117 = PCURVE('',#679,#1118);
#1118 = DEFINITIONAL_REPRESENTATION('',(#1119),#1123);
#1119 = LINE('',#1120,#1121);
#1120 = CARTESIAN_POINT('',(11.25904060784,-3.945021321433));
#1121 = VECTOR('',#1122,1.);
#1122 = DIRECTION('',(0.943744424053,-0.330675765773));
#1123 = ( GEOMETRIC_REPRESENTATION_CONTEXT(2) 
PARAMETRIC_REPRESENTATION_CONTEXT() REPRESENTATION_CONTEXT('2D SPACE',''
  ) );
#1124 = ORIENTED_EDGE('',*,*,#1125,.T.);
#1125 = EDGE_CURVE('',#1104,#192,#1126,.T.);
#1126 = SURFACE_CURVE('',#1127,(#1130,#1137),.PCURVE_S1.);
#1127 = B_SPLINE_CURVE_WITH_KNOTS('',1,(#1128,#1129),.UNSPECIFIED.,.F.,
  .F.,(2,2),(0.,1.),.PIECEWISE_BEZIER_KNOTS.);
#1128 = CARTESIAN_POINT('',(11.930179740287,-69.93017974028,10.2));
#1129 = CARTESIAN_POINT('',(12.,-70.,14.201));
#1130 = PCURVE('',#230,#1131);
#1131 = DEFINITIONAL_REPRESENTATION('',(#1132),#1136);
#1132 = LINE('',#1133,#1134);
#1133 = CARTESIAN_POINT('',(12.,0.));
#1134 = VECTOR('',#1135,1.);
#1135 = DIRECTION('',(0.,1.));
#1136 = ( GEOMETRIC_REPRESENTATION_CONTEXT(2) 
PARAMETRIC_REPRESENTATION_CONTEXT() REPRESENTATION_CONTEXT('2D SPACE',''
  ) );
#1137 = PCURVE('',#205,#1138);
#1138 = DEFINITIONAL_REPRESENTATION('',(#1139),#1143);
#1139 = LINE('',#1140,#1141);
#1140 = CARTESIAN_POINT('',(-4.25,0.));
#1141 = VECTOR('',#1142,1.);
#1142 = DIRECTION('',(0.,1.));
#1143 = ( GEOMETRIC_REPRESENTATION_CONTEXT(2) 
PARAMETRIC_REPRESENTATION_CONTEXT() REPRESENTATION_CONTEXT('2D SPACE',''
  ) );
#1144 = ORIENTED_EDGE('',*,*,#216,.T.);
#1145 = ADVANCED_FACE('',(#1146),#205,.T.);
#1146 = FACE_BOUND('',#1147,.T.);
#1147 = EDGE_LOOP('',(#1148,#1149,#1169,#1170));
#1148 = ORIENTED_EDGE('',*,*,#1125,.F.);
#1149 = ORIENTED_EDGE('',*,*,#1150,.T.);
#1150 = EDGE_CURVE('',#1104,#665,#1151,.T.);
#1151 = SURFACE_CURVE('',#1152,(#1156,#1162),.PCURVE_S1.);
#1152 = LINE('',#1153,#1154);
#1153 = CARTESIAN_POINT('',(11.930179740287,-65.75,10.2));
#1154 = VECTOR('',#1155,1.);
#1155 = DIRECTION('',(0.,1.,0.));
#1156 = PCURVE('',#205,#1157);
#1157 = DEFINITIONAL_REPRESENTATION('',(#1158),#1161);
#1158 = B_SPLINE_CURVE_WITH_KNOTS('',1,(#1159,#1160),.UNSPECIFIED.,.F.,
  .F.,(2,2),(-4.180179740287,4.180179740287),.PIECEWISE_BEZIER_KNOTS.);
#1159 = CARTESIAN_POINT('',(-4.25,0.));
#1160 = CARTESIAN_POINT('',(4.25,0.));
#1161 = ( GEOMETRIC_REPRESENTATION_CONTEXT(2) 
PARAMETRIC_REPRESENTATION_CONTEXT() REPRESENTATION_CONTEXT('2D SPACE',''
  ) );
#1162 = PCURVE('',#679,#1163);
#1163 = DEFINITIONAL_REPRESENTATION('',(#1164),#1168);
#1164 = LINE('',#1165,#1166);
#1165 = CARTESIAN_POINT('',(23.90036535237,-3.945021321433));
#1166 = VECTOR('',#1167,1.);
#1167 = DIRECTION('',(0.330675765773,0.943744424053));
#1168 = ( GEOMETRIC_REPRESENTATION_CONTEXT(2) 
PARAMETRIC_REPRESENTATION_CONTEXT() REPRESENTATION_CONTEXT('2D SPACE',''
  ) );
#1169 = ORIENTED_EDGE('',*,*,#1032,.T.);
#1170 = ORIENTED_EDGE('',*,*,#191,.T.);
#1171 = ADVANCED_FACE('',(#1172),#155,.F.);
#1172 = FACE_BOUND('',#1173,.F.);
#1173 = EDGE_LOOP('',(#1174,#1195,#1196,#1197,#1217,#1242,#1263,#1283,
    #1323));
#1174 = ORIENTED_EDGE('',*,*,#1175,.F.);
#1175 = EDGE_CURVE('',#867,#1176,#1178,.T.);
#1176 = VERTEX_POINT('',#1177);
#1177 = CARTESIAN_POINT('',(9.753333333333,-60.1,14.19));
#1178 = SURFACE_CURVE('',#1179,(#1182,#1188),.PCURVE_S1.);
#1179 = B_SPLINE_CURVE_WITH_KNOTS('',1,(#1180,#1181),.UNSPECIFIED.,.F.,
  .F.,(2,2),(0.,1.),.PIECEWISE_BEZIER_KNOTS.);
#1180 = CARTESIAN_POINT('',(10.85,-61.8,14.19));
#1181 = CARTESIAN_POINT('',(9.753333333333,-60.1,14.19));
#1182 = PCURVE('',#155,#1183);
#1183 = DEFINITIONAL_REPRESENTATION('',(#1184),#1187);
#1184 = B_SPLINE_CURVE_WITH_KNOTS('',1,(#1185,#1186),.UNSPECIFIED.,.F.,
  .F.,(2,2),(0.,1.),.PIECEWISE_BEZIER_KNOTS.);
#1185 = CARTESIAN_POINT('',(-1.E-02,-2.023036771237));
#1186 = CARTESIAN_POINT('',(-1.E-02,0.));
#1187 = ( GEOMETRIC_REPRESENTATION_CONTEXT(2) 
PARAMETRIC_REPRESENTATION_CONTEXT() REPRESENTATION_CONTEXT('2D SPACE',''
  ) );
#1188 = PCURVE('',#952,#1189);
#1189 = DEFINITIONAL_REPRESENTATION('',(#1190),#1194);
#1190 = LINE('',#1191,#1192);
#1191 = CARTESIAN_POINT('',(6.28318530718,0.));
#1192 = VECTOR('',#1193,1.);
#1193 = DIRECTION('',(0.,1.));
#1194 = ( GEOMETRIC_REPRESENTATION_CONTEXT(2) 
PARAMETRIC_REPRESENTATION_CONTEXT() REPRESENTATION_CONTEXT('2D SPACE',''
  ) );
#1195 = ORIENTED_EDGE('',*,*,#1013,.T.);
#1196 = ORIENTED_EDGE('',*,*,#140,.F.);
#1197 = ORIENTED_EDGE('',*,*,#1198,.T.);
#1198 = EDGE_CURVE('',#113,#1199,#1201,.T.);
#1199 = VERTEX_POINT('',#1200);
#1200 = CARTESIAN_POINT('',(10.656481845649,-61.5000174507,14.2));
#1201 = SURFACE_CURVE('',#1202,(#1205,#1211),.PCURVE_S1.);
#1202 = B_SPLINE_CURVE_WITH_KNOTS('',1,(#1203,#1204),.UNSPECIFIED.,.F.,
  .F.,(2,2),(0.,1.),.PIECEWISE_BEZIER_KNOTS.);
#1203 = CARTESIAN_POINT('',(10.656470588235,-61.5,14.199));
#1204 = CARTESIAN_POINT('',(10.656481882945,-61.50001750851,
    14.20000331297));
#1205 = PCURVE('',#155,#1206);
#1206 = DEFINITIONAL_REPRESENTATION('',(#1207),#1210);
#1207 = B_SPLINE_CURVE_WITH_KNOTS('',1,(#1208,#1209),.UNSPECIFIED.,.F.,
  .F.,(2,2),(0.,1.),.PIECEWISE_BEZIER_KNOTS.);
#1208 = CARTESIAN_POINT('',(-9.999999999977E-04,-1.666030282195));
#1209 = CARTESIAN_POINT('',(3.312970237701E-06,-1.666051117708));
#1210 = ( GEOMETRIC_REPRESENTATION_CONTEXT(2) 
PARAMETRIC_REPRESENTATION_CONTEXT() REPRESENTATION_CONTEXT('2D SPACE',''
  ) );
#1211 = PCURVE('',#128,#1212);
#1212 = DEFINITIONAL_REPRESENTATION('',(#1213),#1216);
#1213 = B_SPLINE_CURVE_WITH_KNOTS('',1,(#1214,#1215),.UNSPECIFIED.,.F.,
  .F.,(2,2),(0.,1.),.PIECEWISE_BEZIER_KNOTS.);
#1214 = CARTESIAN_POINT('',(-10.65647058823,0.));
#1215 = CARTESIAN_POINT('',(-10.65649743123,2.507655511712E-04));
#1216 = ( GEOMETRIC_REPRESENTATION_CONTEXT(2) 
PARAMETRIC_REPRESENTATION_CONTEXT() REPRESENTATION_CONTEXT('2D SPACE',''
  ) );
#1217 = ORIENTED_EDGE('',*,*,#1218,.T.);
#1218 = EDGE_CURVE('',#1199,#1219,#1221,.T.);
#1219 = VERTEX_POINT('',#1220);
#1220 = CARTESIAN_POINT('',(10.656470588235,-61.5,14.201));
#1221 = SURFACE_CURVE('',#1222,(#1225,#1231),.PCURVE_S1.);
#1222 = B_SPLINE_CURVE_WITH_KNOTS('',1,(#1223,#1224),.UNSPECIFIED.,.F.,
  .F.,(2,2),(0.,1.),.PIECEWISE_BEZIER_KNOTS.);
#1223 = CARTESIAN_POINT('',(10.656481883355,-61.50001750915,
    14.19999665057));
#1224 = CARTESIAN_POINT('',(10.656470588235,-61.5,14.201));
#1225 = PCURVE('',#155,#1226);
#1226 = DEFINITIONAL_REPRESENTATION('',(#1227),#1230);
#1227 = B_SPLINE_CURVE_WITH_KNOTS('',1,(#1228,#1229),.UNSPECIFIED.,.F.,
  .F.,(2,2),(0.,1.),.PIECEWISE_BEZIER_KNOTS.);
#1228 = CARTESIAN_POINT('',(-3.349429746891E-06,-1.666051118465));
#1229 = CARTESIAN_POINT('',(9.999999999977E-04,-1.666030282195));
#1230 = ( GEOMETRIC_REPRESENTATION_CONTEXT(2) 
PARAMETRIC_REPRESENTATION_CONTEXT() REPRESENTATION_CONTEXT('2D SPACE',''
  ) );
#1231 = PCURVE('',#1232,#1237);
#1232 = B_SPLINE_SURFACE_WITH_KNOTS('',1,1,(
    (#1233,#1234)
    ,(#1235,#1236
    )),.UNSPECIFIED.,.F.,.F.,.F.,(2,2),(2,2),(-12.,12.),(0.,1.),
  .PIECEWISE_BEZIER_KNOTS.);
#1233 = CARTESIAN_POINT('',(11.930179740287,-61.56982025971,10.2));
#1234 = CARTESIAN_POINT('',(12.,-61.5,14.201));
#1235 = CARTESIAN_POINT('',(-11.93017974028,-61.56982025971,10.2));
#1236 = CARTESIAN_POINT('',(-12.,-61.5,14.201));
#1237 = DEFINITIONAL_REPRESENTATION('',(#1238),#1241);
#1238 = B_SPLINE_CURVE_WITH_KNOTS('',1,(#1239,#1240),.UNSPECIFIED.,.F.,
  .F.,(2,2),(0.,1.),.PIECEWISE_BEZIER_KNOTS.);
#1239 = CARTESIAN_POINT('',(-10.6564974322,0.999749225336));
#1240 = CARTESIAN_POINT('',(-10.65647058823,1.));
#1241 = ( GEOMETRIC_REPRESENTATION_CONTEXT(2) 
PARAMETRIC_REPRESENTATION_CONTEXT() REPRESENTATION_CONTEXT('2D SPACE',''
  ) );
#1242 = ORIENTED_EDGE('',*,*,#1243,.T.);
#1243 = EDGE_CURVE('',#1219,#1244,#1246,.T.);
#1244 = VERTEX_POINT('',#1245);
#1245 = CARTESIAN_POINT('',(10.656493103063,-61.5000349014,14.201));
#1246 = SURFACE_CURVE('',#1247,(#1251,#1257),.PCURVE_S1.);
#1247 = LINE('',#1248,#1249);
#1248 = CARTESIAN_POINT('',(8.811975253004,-58.64075191195,14.201));
#1249 = VECTOR('',#1250,1.);
#1250 = DIRECTION('',(0.542089339284,-0.840320860288,0.));
#1251 = PCURVE('',#155,#1252);
#1252 = DEFINITIONAL_REPRESENTATION('',(#1253),#1256);
#1253 = B_SPLINE_CURVE_WITH_KNOTS('',1,(#1254,#1255),.UNSPECIFIED.,.F.,
  .F.,(2,2),(1.736536788518,3.759573559755),.PIECEWISE_BEZIER_KNOTS.);
#1254 = CARTESIAN_POINT('',(9.999999999994E-04,0.));
#1255 = CARTESIAN_POINT('',(9.999999999994E-04,-2.023036771237));
#1256 = ( GEOMETRIC_REPRESENTATION_CONTEXT(2) 
PARAMETRIC_REPRESENTATION_CONTEXT() REPRESENTATION_CONTEXT('2D SPACE',''
  ) );
#1257 = PCURVE('',#628,#1258);
#1258 = DEFINITIONAL_REPRESENTATION('',(#1259),#1262);
#1259 = B_SPLINE_CURVE_WITH_KNOTS('',1,(#1260,#1261),.UNSPECIFIED.,.F.,
  .F.,(2,2),(1.736536788518,3.759573559755),.PIECEWISE_BEZIER_KNOTS.);
#1260 = CARTESIAN_POINT('',(23.810370946228,2.069721361469));
#1261 = CARTESIAN_POINT('',(24.276578661339,0.101136046033));
#1262 = ( GEOMETRIC_REPRESENTATION_CONTEXT(2) 
PARAMETRIC_REPRESENTATION_CONTEXT() REPRESENTATION_CONTEXT('2D SPACE',''
  ) );
#1263 = ORIENTED_EDGE('',*,*,#1264,.T.);
#1264 = EDGE_CURVE('',#1244,#1265,#1267,.T.);
#1265 = VERTEX_POINT('',#1266);
#1266 = CARTESIAN_POINT('',(10.656594419787,-61.50019195772,14.21));
#1267 = SURFACE_CURVE('',#1268,(#1271,#1277),.PCURVE_S1.);
#1268 = B_SPLINE_CURVE_WITH_KNOTS('',1,(#1269,#1270),.UNSPECIFIED.,.F.,
  .F.,(2,2),(0.,1.),.PIECEWISE_BEZIER_KNOTS.);
#1269 = CARTESIAN_POINT('',(10.656493066238,-61.50003484432,
    14.20099672882));
#1270 = CARTESIAN_POINT('',(10.656594419787,-61.50019195772,14.21));
#1271 = PCURVE('',#155,#1272);
#1272 = DEFINITIONAL_REPRESENTATION('',(#1273),#1276);
#1273 = B_SPLINE_CURVE_WITH_KNOTS('',1,(#1274,#1275),.UNSPECIFIED.,.F.,
  .F.,(2,2),(0.,1.),.PIECEWISE_BEZIER_KNOTS.);
#1274 = CARTESIAN_POINT('',(9.967288197146E-04,-1.66607174769));
#1275 = CARTESIAN_POINT('',(1.E-02,-1.66625871604));
#1276 = ( GEOMETRIC_REPRESENTATION_CONTEXT(2) 
PARAMETRIC_REPRESENTATION_CONTEXT() REPRESENTATION_CONTEXT('2D SPACE',''
  ) );
#1277 = PCURVE('',#602,#1278);
#1278 = DEFINITIONAL_REPRESENTATION('',(#1279),#1282);
#1279 = B_SPLINE_CURVE_WITH_KNOTS('',1,(#1280,#1281),.UNSPECIFIED.,.F.,
  .F.,(2,2),(0.,1.),.PIECEWISE_BEZIER_KNOTS.);
#1280 = CARTESIAN_POINT('',(-10.65652400951,4.990574405683E-04));
#1281 = CARTESIAN_POINT('',(-10.65676489059,2.749312671832E-03));
#1282 = ( GEOMETRIC_REPRESENTATION_CONTEXT(2) 
PARAMETRIC_REPRESENTATION_CONTEXT() REPRESENTATION_CONTEXT('2D SPACE',''
  ) );
#1283 = ORIENTED_EDGE('',*,*,#1284,.T.);
#1284 = EDGE_CURVE('',#1265,#1285,#1287,.T.);
#1285 = VERTEX_POINT('',#1286);
#1286 = CARTESIAN_POINT('',(9.753333333333,-60.1,14.21));
#1287 = SURFACE_CURVE('',#1288,(#1291,#1297),.PCURVE_S1.);
#1288 = B_SPLINE_CURVE_WITH_KNOTS('',1,(#1289,#1290),.UNSPECIFIED.,.F.,
  .F.,(2,2),(0.,1.),.PIECEWISE_BEZIER_KNOTS.);
#1289 = CARTESIAN_POINT('',(10.85,-61.8,14.21));
#1290 = CARTESIAN_POINT('',(9.753333333333,-60.1,14.21));
#1291 = PCURVE('',#155,#1292);
#1292 = DEFINITIONAL_REPRESENTATION('',(#1293),#1296);
#1293 = B_SPLINE_CURVE_WITH_KNOTS('',1,(#1294,#1295),.UNSPECIFIED.,.F.,
  .F.,(2,2),(0.,1.),.PIECEWISE_BEZIER_KNOTS.);
#1294 = CARTESIAN_POINT('',(1.E-02,-2.023036771237));
#1295 = CARTESIAN_POINT('',(1.E-02,0.));
#1296 = ( GEOMETRIC_REPRESENTATION_CONTEXT(2) 
PARAMETRIC_REPRESENTATION_CONTEXT() REPRESENTATION_CONTEXT('2D SPACE',''
  ) );
#1297 = PCURVE('',#1298,#1317);
#1298 = B_SPLINE_SURFACE_WITH_KNOTS('',8,1,(
    (#1299,#1300)
    ,(#1301,#1302)
    ,(#1303,#1304)
    ,(#1305,#1306)
    ,(#1307,#1308)
    ,(#1309,#1310)
    ,(#1311,#1312)
    ,(#1313,#1314)
    ,(#1315,#1316
    )),.UNSPECIFIED.,.F.,.F.,.F.,(9,9),(2,2),(0.,1.570796326795),(0.,1.)
  ,.PIECEWISE_BEZIER_KNOTS.);
#1299 = CARTESIAN_POINT('',(10.85,-61.8,14.21));
#1300 = CARTESIAN_POINT('',(9.753333333333,-60.1,14.21));
#1301 = CARTESIAN_POINT('',(10.85,-61.8,14.738180264885));
#1302 = CARTESIAN_POINT('',(9.753333333333,-60.1,14.61448005415));
#1303 = CARTESIAN_POINT('',(10.731476477694,-61.8,15.266360696026));
#1304 = CARTESIAN_POINT('',(9.662568108073,-60.1,15.018960235619));
#1305 = CARTESIAN_POINT('',(10.494430597194,-61.8,15.763510600361));
#1306 = CARTESIAN_POINT('',(9.481038549029,-60.1,15.39967726273));
#1307 = CARTESIAN_POINT('',(10.148606053048,-61.79999999999,
    16.198606053048));
#1308 = CARTESIAN_POINT('',(9.21620637024,-60.09999999999,
    15.732873036906));
#1309 = CARTESIAN_POINT('',(9.713510600362,-61.8,16.544430597194));
#1310 = CARTESIAN_POINT('',(8.883010596064,-60.1,15.997705215695));
#1311 = CARTESIAN_POINT('',(9.216360696026,-61.8,16.781476477694));
#1312 = CARTESIAN_POINT('',(8.502293568952,-60.1,16.17923477474));
#1313 = CARTESIAN_POINT('',(8.688180264885,-61.8,16.9));
#1314 = CARTESIAN_POINT('',(8.097813387483,-60.1,16.27));
#1315 = CARTESIAN_POINT('',(8.16,-61.8,16.9));
#1316 = CARTESIAN_POINT('',(7.693333333333,-60.1,16.27));
#1317 = DEFINITIONAL_REPRESENTATION('',(#1318),#1322);
#1318 = LINE('',#1319,#1320);
#1319 = CARTESIAN_POINT('',(0.,0.));
#1320 = VECTOR('',#1321,1.);
#1321 = DIRECTION('',(0.,1.));
#1322 = ( GEOMETRIC_REPRESENTATION_CONTEXT(2) 
PARAMETRIC_REPRESENTATION_CONTEXT() REPRESENTATION_CONTEXT('2D SPACE',''
  ) );
#1323 = ORIENTED_EDGE('',*,*,#1324,.F.);
#1324 = EDGE_CURVE('',#1176,#1285,#1325,.T.);
#1325 = SURFACE_CURVE('',#1326,(#1330,#1337),.PCURVE_S1.);
#1326 = LINE('',#1327,#1328);
#1327 = CARTESIAN_POINT('',(9.753333333333,-60.1,14.2));
#1328 = VECTOR('',#1329,1.);
#1329 = DIRECTION('',(0.,0.,1.));
#1330 = PCURVE('',#155,#1331);
#1331 = DEFINITIONAL_REPRESENTATION('',(#1332),#1336);
#1332 = LINE('',#1333,#1334);
#1333 = CARTESIAN_POINT('',(0.,0.));
#1334 = VECTOR('',#1335,1.);
#1335 = DIRECTION('',(1.,0.));
#1336 = ( GEOMETRIC_REPRESENTATION_CONTEXT(2) 
PARAMETRIC_REPRESENTATION_CONTEXT() REPRESENTATION_CONTEXT('2D SPACE',''
  ) );
#1337 = PCURVE('',#1338,#1343);
#1338 = PLANE('',#1339);
#1339 = AXIS2_PLACEMENT_3D('',#1340,#1341,#1342);
#1340 = CARTESIAN_POINT('',(9.603333333333,-59.75,14.2));
#1341 = DIRECTION('',(-0.919145030018,-0.393919298579,0.));
#1342 = DIRECTION('',(0.,0.,1.));
#1343 = DEFINITIONAL_REPRESENTATION('',(#1344),#1348);
#1344 = LINE('',#1345,#1346);
#1345 = CARTESIAN_POINT('',(0.,-0.380788655293));
#1346 = VECTOR('',#1347,1.);
#1347 = DIRECTION('',(1.,0.));
#1348 = ( GEOMETRIC_REPRESENTATION_CONTEXT(2) 
PARAMETRIC_REPRESENTATION_CONTEXT() REPRESENTATION_CONTEXT('2D SPACE',''
  ) );
#1349 = ADVANCED_FACE('',(#1350),#128,.T.);
#1350 = FACE_BOUND('',#1351,.T.);
#1351 = EDGE_LOOP('',(#1352,#1353,#1373,#1393));
#1352 = ORIENTED_EDGE('',*,*,#1198,.T.);
#1353 = ORIENTED_EDGE('',*,*,#1354,.T.);
#1354 = EDGE_CURVE('',#1199,#1355,#1357,.T.);
#1355 = VERTEX_POINT('',#1356);
#1356 = CARTESIAN_POINT('',(11.999982549298,-61.5000174507,14.2));
#1357 = SURFACE_CURVE('',#1358,(#1361,#1367),.PCURVE_S1.);
#1358 = B_SPLINE_CURVE_WITH_KNOTS('',1,(#1359,#1360),.UNSPECIFIED.,.F.,
  .F.,(2,2),(0.,1.),.PIECEWISE_BEZIER_KNOTS.);
#1359 = CARTESIAN_POINT('',(-11.99998254929,-61.5000174507,14.2));
#1360 = CARTESIAN_POINT('',(11.999982549298,-61.5000174507,14.2));
#1361 = PCURVE('',#128,#1362);
#1362 = DEFINITIONAL_REPRESENTATION('',(#1363),#1366);
#1363 = B_SPLINE_CURVE_WITH_KNOTS('',1,(#1364,#1365),.UNSPECIFIED.,.F.,
  .F.,(2,2),(0.,1.),.PIECEWISE_BEZIER_KNOTS.);
#1364 = CARTESIAN_POINT('',(12.,2.499375156337E-04));
#1365 = CARTESIAN_POINT('',(-12.,2.499375156335E-04));
#1366 = ( GEOMETRIC_REPRESENTATION_CONTEXT(2) 
PARAMETRIC_REPRESENTATION_CONTEXT() REPRESENTATION_CONTEXT('2D SPACE',''
  ) );
#1367 = PCURVE('',#1232,#1368);
#1368 = DEFINITIONAL_REPRESENTATION('',(#1369),#1372);
#1369 = B_SPLINE_CURVE_WITH_KNOTS('',1,(#1370,#1371),.UNSPECIFIED.,.F.,
  .F.,(2,2),(0.,1.),.PIECEWISE_BEZIER_KNOTS.);
#1370 = CARTESIAN_POINT('',(11.999999999294,0.999750062484));
#1371 = CARTESIAN_POINT('',(-11.99999999974,0.999750062484));
#1372 = ( GEOMETRIC_REPRESENTATION_CONTEXT(2) 
PARAMETRIC_REPRESENTATION_CONTEXT() REPRESENTATION_CONTEXT('2D SPACE',''
  ) );
#1373 = ORIENTED_EDGE('',*,*,#1374,.F.);
#1374 = EDGE_CURVE('',#85,#1355,#1375,.T.);
#1375 = SURFACE_CURVE('',#1376,(#1379,#1386),.PCURVE_S1.);
#1376 = B_SPLINE_CURVE_WITH_KNOTS('',1,(#1377,#1378),.UNSPECIFIED.,.F.,
  .F.,(2,2),(0.,1.),.PIECEWISE_BEZIER_KNOTS.);
#1377 = CARTESIAN_POINT('',(12.,-61.5,14.199));
#1378 = CARTESIAN_POINT('',(11.930179740287,-61.56982025971,18.2));
#1379 = PCURVE('',#128,#1380);
#1380 = DEFINITIONAL_REPRESENTATION('',(#1381),#1385);
#1381 = LINE('',#1382,#1383);
#1382 = CARTESIAN_POINT('',(-12.,0.));
#1383 = VECTOR('',#1384,1.);
#1384 = DIRECTION('',(0.,1.));
#1385 = ( GEOMETRIC_REPRESENTATION_CONTEXT(2) 
PARAMETRIC_REPRESENTATION_CONTEXT() REPRESENTATION_CONTEXT('2D SPACE',''
  ) );
#1386 = PCURVE('',#100,#1387);
#1387 = DEFINITIONAL_REPRESENTATION('',(#1388),#1392);
#1388 = LINE('',#1389,#1390);
#1389 = CARTESIAN_POINT('',(4.25,0.));
#1390 = VECTOR('',#1391,1.);
#1391 = DIRECTION('',(0.,1.));
#1392 = ( GEOMETRIC_REPRESENTATION_CONTEXT(2) 
PARAMETRIC_REPRESENTATION_CONTEXT() REPRESENTATION_CONTEXT('2D SPACE',''
  ) );
#1393 = ORIENTED_EDGE('',*,*,#112,.F.);
#1394 = ADVANCED_FACE('',(#1395),#100,.T.);
#1395 = FACE_BOUND('',#1396,.T.);
#1396 = EDGE_LOOP('',(#1397,#1419,#1420,#1421));
#1397 = ORIENTED_EDGE('',*,*,#1398,.F.);
#1398 = EDGE_CURVE('',#57,#1399,#1401,.T.);
#1399 = VERTEX_POINT('',#1400);
#1400 = CARTESIAN_POINT('',(11.999982549298,-69.99998254929,14.2));
#1401 = SURFACE_CURVE('',#1402,(#1405,#1412),.PCURVE_S1.);
#1402 = B_SPLINE_CURVE_WITH_KNOTS('',1,(#1403,#1404),.UNSPECIFIED.,.F.,
  .F.,(2,2),(0.,1.),.PIECEWISE_BEZIER_KNOTS.);
#1403 = CARTESIAN_POINT('',(12.,-70.,14.199));
#1404 = CARTESIAN_POINT('',(11.930179740287,-69.93017974028,18.2));
#1405 = PCURVE('',#100,#1406);
#1406 = DEFINITIONAL_REPRESENTATION('',(#1407),#1411);
#1407 = LINE('',#1408,#1409);
#1408 = CARTESIAN_POINT('',(-4.25,0.));
#1409 = VECTOR('',#1410,1.);
#1410 = DIRECTION('',(0.,1.));
#1411 = ( GEOMETRIC_REPRESENTATION_CONTEXT(2) 
PARAMETRIC_REPRESENTATION_CONTEXT() REPRESENTATION_CONTEXT('2D SPACE',''
  ) );
#1412 = PCURVE('',#72,#1413);
#1413 = DEFINITIONAL_REPRESENTATION('',(#1414),#1418);
#1414 = LINE('',#1415,#1416);
#1415 = CARTESIAN_POINT('',(12.,0.));
#1416 = VECTOR('',#1417,1.);
#1417 = DIRECTION('',(0.,1.));
#1418 = ( GEOMETRIC_REPRESENTATION_CONTEXT(2) 
PARAMETRIC_REPRESENTATION_CONTEXT() REPRESENTATION_CONTEXT('2D SPACE',''
  ) );
#1419 = ORIENTED_EDGE('',*,*,#84,.T.);
#1420 = ORIENTED_EDGE('',*,*,#1374,.T.);
#1421 = ORIENTED_EDGE('',*,*,#1422,.T.);
#1422 = EDGE_CURVE('',#1355,#1399,#1423,.T.);
#1423 = SURFACE_CURVE('',#1424,(#1427,#1433),.PCURVE_S1.);
#1424 = B_SPLINE_CURVE_WITH_KNOTS('',1,(#1425,#1426),.UNSPECIFIED.,.F.,
  .F.,(2,2),(0.,1.),.PIECEWISE_BEZIER_KNOTS.);
#1425 = CARTESIAN_POINT('',(11.999982549298,-61.5000174507,14.2));
#1426 = CARTESIAN_POINT('',(11.999982549298,-69.99998254929,14.2));
#1427 = PCURVE('',#100,#1428);
#1428 = DEFINITIONAL_REPRESENTATION('',(#1429),#1432);
#1429 = B_SPLINE_CURVE_WITH_KNOTS('',1,(#1430,#1431),.UNSPECIFIED.,.F.,
  .F.,(2,2),(0.,1.),.PIECEWISE_BEZIER_KNOTS.);
#1430 = CARTESIAN_POINT('',(4.25,2.499375156255E-04));
#1431 = CARTESIAN_POINT('',(-4.25,2.499375156255E-04));
#1432 = ( GEOMETRIC_REPRESENTATION_CONTEXT(2) 
PARAMETRIC_REPRESENTATION_CONTEXT() REPRESENTATION_CONTEXT('2D SPACE',''
  ) );
#1433 = PCURVE('',#1434,#1439);
#1434 = B_SPLINE_SURFACE_WITH_KNOTS('',1,1,(
    (#1435,#1436)
    ,(#1437,#1438
    )),.UNSPECIFIED.,.F.,.F.,.F.,(2,2),(2,2),(-4.25,4.25),(0.,1.),
  .PIECEWISE_BEZIER_KNOTS.);
#1435 = CARTESIAN_POINT('',(11.930179740287,-69.93017974028,10.2));
#1436 = CARTESIAN_POINT('',(12.,-70.,14.201));
#1437 = CARTESIAN_POINT('',(11.930179740287,-61.56982025971,10.2));
#1438 = CARTESIAN_POINT('',(12.,-61.5,14.201));
#1439 = DEFINITIONAL_REPRESENTATION('',(#1440),#1443);
#1440 = B_SPLINE_CURVE_WITH_KNOTS('',1,(#1441,#1442),.UNSPECIFIED.,.F.,
  .F.,(2,2),(0.,1.),.PIECEWISE_BEZIER_KNOTS.);
#1441 = CARTESIAN_POINT('',(4.24999999975,0.999750062484));
#1442 = CARTESIAN_POINT('',(-4.24999999991,0.999750062484));
#1443 = ( GEOMETRIC_REPRESENTATION_CONTEXT(2) 
PARAMETRIC_REPRESENTATION_CONTEXT() REPRESENTATION_CONTEXT('2D SPACE',''
  ) );
#1444 = ADVANCED_FACE('',(#1445),#72,.T.);
#1445 = FACE_BOUND('',#1446,.T.);
#1446 = EDGE_LOOP('',(#1447,#1448,#1449,#1450));
#1447 = ORIENTED_EDGE('',*,*,#342,.F.);
#1448 = ORIENTED_EDGE('',*,*,#56,.T.);
#1449 = ORIENTED_EDGE('',*,*,#1398,.T.);
#1450 = ORIENTED_EDGE('',*,*,#1451,.T.);
#1451 = EDGE_CURVE('',#1399,#343,#1452,.T.);
#1452 = SURFACE_CURVE('',#1453,(#1456,#1462),.PCURVE_S1.);
#1453 = B_SPLINE_CURVE_WITH_KNOTS('',1,(#1454,#1455),.UNSPECIFIED.,.F.,
  .F.,(2,2),(0.,1.),.PIECEWISE_BEZIER_KNOTS.);
#1454 = CARTESIAN_POINT('',(11.999982549298,-69.99998254929,14.2));
#1455 = CARTESIAN_POINT('',(-11.99998254929,-69.99998254929,14.2));
#1456 = PCURVE('',#72,#1457);
#1457 = DEFINITIONAL_REPRESENTATION('',(#1458),#1461);
#1458 = B_SPLINE_CURVE_WITH_KNOTS('',1,(#1459,#1460),.UNSPECIFIED.,.F.,
  .F.,(2,2),(0.,1.),.PIECEWISE_BEZIER_KNOTS.);
#1459 = CARTESIAN_POINT('',(12.,2.49937515524E-04));
#1460 = CARTESIAN_POINT('',(-12.,2.499375155241E-04));
#1461 = ( GEOMETRIC_REPRESENTATION_CONTEXT(2) 
PARAMETRIC_REPRESENTATION_CONTEXT() REPRESENTATION_CONTEXT('2D SPACE',''
  ) );
#1462 = PCURVE('',#1463,#1468);
#1463 = B_SPLINE_SURFACE_WITH_KNOTS('',1,1,(
    (#1464,#1465)
    ,(#1466,#1467
    )),.UNSPECIFIED.,.F.,.F.,.F.,(2,2),(2,2),(-12.,12.),(0.,1.),
  .PIECEWISE_BEZIER_KNOTS.);
#1464 = CARTESIAN_POINT('',(-11.93017974028,-69.93017974028,10.2));
#1465 = CARTESIAN_POINT('',(-12.,-70.,14.201));
#1466 = CARTESIAN_POINT('',(11.930179740287,-69.93017974028,10.2));
#1467 = CARTESIAN_POINT('',(12.,-70.,14.201));
#1468 = DEFINITIONAL_REPRESENTATION('',(#1469),#1472);
#1469 = B_SPLINE_CURVE_WITH_KNOTS('',1,(#1470,#1471),.UNSPECIFIED.,.F.,
  .F.,(2,2),(0.,1.),.PIECEWISE_BEZIER_KNOTS.);
#1470 = CARTESIAN_POINT('',(11.999999999747,0.999750062484));
#1471 = CARTESIAN_POINT('',(-11.99999999929,0.999750062484));
#1472 = ( GEOMETRIC_REPRESENTATION_CONTEXT(2) 
PARAMETRIC_REPRESENTATION_CONTEXT() REPRESENTATION_CONTEXT('2D SPACE',''
  ) );
#1473 = ADVANCED_FACE('',(#1474),#378,.T.);
#1474 = FACE_BOUND('',#1475,.T.);
#1475 = EDGE_LOOP('',(#1476,#1477,#1499,#1522));
#1476 = ORIENTED_EDGE('',*,*,#364,.F.);
#1477 = ORIENTED_EDGE('',*,*,#1478,.T.);
#1478 = EDGE_CURVE('',#343,#1479,#1481,.T.);
#1479 = VERTEX_POINT('',#1480);
#1480 = CARTESIAN_POINT('',(-12.,-70.,14.201));
#1481 = SURFACE_CURVE('',#1482,(#1485,#1492),.PCURVE_S1.);
#1482 = B_SPLINE_CURVE_WITH_KNOTS('',1,(#1483,#1484),.UNSPECIFIED.,.F.,
  .F.,(2,2),(0.,1.),.PIECEWISE_BEZIER_KNOTS.);
#1483 = CARTESIAN_POINT('',(-11.93017974028,-69.93017974028,10.2));
#1484 = CARTESIAN_POINT('',(-12.,-70.,14.201));
#1485 = PCURVE('',#378,#1486);
#1486 = DEFINITIONAL_REPRESENTATION('',(#1487),#1491);
#1487 = LINE('',#1488,#1489);
#1488 = CARTESIAN_POINT('',(4.25,0.));
#1489 = VECTOR('',#1490,1.);
#1490 = DIRECTION('',(0.,1.));
#1491 = ( GEOMETRIC_REPRESENTATION_CONTEXT(2) 
PARAMETRIC_REPRESENTATION_CONTEXT() REPRESENTATION_CONTEXT('2D SPACE',''
  ) );
#1492 = PCURVE('',#1463,#1493);
#1493 = DEFINITIONAL_REPRESENTATION('',(#1494),#1498);
#1494 = LINE('',#1495,#1496);
#1495 = CARTESIAN_POINT('',(-12.,0.));
#1496 = VECTOR('',#1497,1.);
#1497 = DIRECTION('',(0.,1.));
#1498 = ( GEOMETRIC_REPRESENTATION_CONTEXT(2) 
PARAMETRIC_REPRESENTATION_CONTEXT() REPRESENTATION_CONTEXT('2D SPACE',''
  ) );
#1499 = ORIENTED_EDGE('',*,*,#1500,.T.);
#1500 = EDGE_CURVE('',#1479,#1501,#1503,.T.);
#1501 = VERTEX_POINT('',#1502);
#1502 = CARTESIAN_POINT('',(-12.,-61.5,14.201));
#1503 = SURFACE_CURVE('',#1504,(#1508,#1515),.PCURVE_S1.);
#1504 = LINE('',#1505,#1506);
#1505 = CARTESIAN_POINT('',(-12.,-65.75,14.201));
#1506 = VECTOR('',#1507,1.);
#1507 = DIRECTION('',(0.,1.,0.));
#1508 = PCURVE('',#378,#1509);
#1509 = DEFINITIONAL_REPRESENTATION('',(#1510),#1514);
#1510 = LINE('',#1511,#1512);
#1511 = CARTESIAN_POINT('',(0.,1.));
#1512 = VECTOR('',#1513,1.);
#1513 = DIRECTION('',(-1.,0.));
#1514 = ( GEOMETRIC_REPRESENTATION_CONTEXT(2) 
PARAMETRIC_REPRESENTATION_CONTEXT() REPRESENTATION_CONTEXT('2D SPACE',''
  ) );
#1515 = PCURVE('',#628,#1516);
#1516 = DEFINITIONAL_REPRESENTATION('',(#1517),#1521);
#1517 = LINE('',#1518,#1519);
#1518 = CARTESIAN_POINT('',(1.41885035454,4.006165706935));
#1519 = VECTOR('',#1520,1.);
#1520 = DIRECTION('',(0.333847142245,0.942627225161));
#1521 = ( GEOMETRIC_REPRESENTATION_CONTEXT(2) 
PARAMETRIC_REPRESENTATION_CONTEXT() REPRESENTATION_CONTEXT('2D SPACE',''
  ) );
#1522 = ORIENTED_EDGE('',*,*,#1523,.F.);
#1523 = EDGE_CURVE('',#365,#1501,#1524,.T.);
#1524 = SURFACE_CURVE('',#1525,(#1528,#1535),.PCURVE_S1.);
#1525 = B_SPLINE_CURVE_WITH_KNOTS('',1,(#1526,#1527),.UNSPECIFIED.,.F.,
  .F.,(2,2),(0.,1.),.PIECEWISE_BEZIER_KNOTS.);
#1526 = CARTESIAN_POINT('',(-11.93017974028,-61.56982025971,10.2));
#1527 = CARTESIAN_POINT('',(-12.,-61.5,14.201));
#1528 = PCURVE('',#378,#1529);
#1529 = DEFINITIONAL_REPRESENTATION('',(#1530),#1534);
#1530 = LINE('',#1531,#1532);
#1531 = CARTESIAN_POINT('',(-4.25,0.));
#1532 = VECTOR('',#1533,1.);
#1533 = DIRECTION('',(0.,1.));
#1534 = ( GEOMETRIC_REPRESENTATION_CONTEXT(2) 
PARAMETRIC_REPRESENTATION_CONTEXT() REPRESENTATION_CONTEXT('2D SPACE',''
  ) );
#1535 = PCURVE('',#428,#1536);
#1536 = DEFINITIONAL_REPRESENTATION('',(#1537),#1541);
#1537 = LINE('',#1538,#1539);
#1538 = CARTESIAN_POINT('',(12.,0.));
#1539 = VECTOR('',#1540,1.);
#1540 = DIRECTION('',(0.,1.));
#1541 = ( GEOMETRIC_REPRESENTATION_CONTEXT(2) 
PARAMETRIC_REPRESENTATION_CONTEXT() REPRESENTATION_CONTEXT('2D SPACE',''
  ) );
#1542 = ADVANCED_FACE('',(#1543),#428,.T.);
#1543 = FACE_BOUND('',#1544,.T.);
#1544 = EDGE_LOOP('',(#1545,#1546,#1547,#1568));
#1545 = ORIENTED_EDGE('',*,*,#414,.F.);
#1546 = ORIENTED_EDGE('',*,*,#1523,.T.);
#1547 = ORIENTED_EDGE('',*,*,#1548,.T.);
#1548 = EDGE_CURVE('',#1501,#614,#1549,.T.);
#1549 = SURFACE_CURVE('',#1550,(#1554,#1561),.PCURVE_S1.);
#1550 = LINE('',#1551,#1552);
#1551 = CARTESIAN_POINT('',(0.,-61.5,14.201));
#1552 = VECTOR('',#1553,1.);
#1553 = DIRECTION('',(1.,0.,0.));
#1554 = PCURVE('',#428,#1555);
#1555 = DEFINITIONAL_REPRESENTATION('',(#1556),#1560);
#1556 = LINE('',#1557,#1558);
#1557 = CARTESIAN_POINT('',(0.,1.));
#1558 = VECTOR('',#1559,1.);
#1559 = DIRECTION('',(-1.,0.));
#1560 = ( GEOMETRIC_REPRESENTATION_CONTEXT(2) 
PARAMETRIC_REPRESENTATION_CONTEXT() REPRESENTATION_CONTEXT('2D SPACE',''
  ) );
#1561 = PCURVE('',#628,#1562);
#1562 = DEFINITIONAL_REPRESENTATION('',(#1563),#1567);
#1563 = LINE('',#1564,#1565);
#1564 = CARTESIAN_POINT('',(14.149227411014,4.006165706935));
#1565 = VECTOR('',#1566,1.);
#1566 = DIRECTION('',(0.942627225161,-0.333847142245));
#1567 = ( GEOMETRIC_REPRESENTATION_CONTEXT(2) 
PARAMETRIC_REPRESENTATION_CONTEXT() REPRESENTATION_CONTEXT('2D SPACE',''
  ) );
#1568 = ORIENTED_EDGE('',*,*,#639,.F.);
#1569 = ADVANCED_FACE('',(#1570),#628,.T.);
#1570 = FACE_BOUND('',#1571,.T.);
#1571 = EDGE_LOOP('',(#1572,#1573,#1596,#1619,#1640,#1641,#1661,#1686,
    #1711,#1736,#1754,#1755));
#1572 = ORIENTED_EDGE('',*,*,#1500,.F.);
#1573 = ORIENTED_EDGE('',*,*,#1574,.T.);
#1574 = EDGE_CURVE('',#1479,#1575,#1577,.T.);
#1575 = VERTEX_POINT('',#1576);
#1576 = CARTESIAN_POINT('',(12.,-70.,14.201));
#1577 = SURFACE_CURVE('',#1578,(#1582,#1589),.PCURVE_S1.);
#1578 = LINE('',#1579,#1580);
#1579 = CARTESIAN_POINT('',(0.,-70.,14.201));
#1580 = VECTOR('',#1581,1.);
#1581 = DIRECTION('',(1.,0.,0.));
#1582 = PCURVE('',#628,#1583);
#1583 = DEFINITIONAL_REPRESENTATION('',(#1584),#1588);
#1584 = LINE('',#1585,#1586);
#1585 = CARTESIAN_POINT('',(11.311526701934,-4.006165706935));
#1586 = VECTOR('',#1587,1.);
#1587 = DIRECTION('',(0.942627225161,-0.333847142245));
#1588 = ( GEOMETRIC_REPRESENTATION_CONTEXT(2) 
PARAMETRIC_REPRESENTATION_CONTEXT() REPRESENTATION_CONTEXT('2D SPACE',''
  ) );
#1589 = PCURVE('',#1463,#1590);
#1590 = DEFINITIONAL_REPRESENTATION('',(#1591),#1595);
#1591 = LINE('',#1592,#1593);
#1592 = CARTESIAN_POINT('',(0.,1.));
#1593 = VECTOR('',#1594,1.);
#1594 = DIRECTION('',(1.,0.));
#1595 = ( GEOMETRIC_REPRESENTATION_CONTEXT(2) 
PARAMETRIC_REPRESENTATION_CONTEXT() REPRESENTATION_CONTEXT('2D SPACE',''
  ) );
#1596 = ORIENTED_EDGE('',*,*,#1597,.T.);
#1597 = EDGE_CURVE('',#1575,#1598,#1600,.T.);
#1598 = VERTEX_POINT('',#1599);
#1599 = CARTESIAN_POINT('',(12.,-61.5,14.201));
#1600 = SURFACE_CURVE('',#1601,(#1605,#1612),.PCURVE_S1.);
#1601 = LINE('',#1602,#1603);
#1602 = CARTESIAN_POINT('',(12.,-65.75,14.201));
#1603 = VECTOR('',#1604,1.);
#1604 = DIRECTION('',(0.,1.,0.));
#1605 = PCURVE('',#628,#1606);
#1606 = DEFINITIONAL_REPRESENTATION('',(#1607),#1611);
#1607 = LINE('',#1608,#1609);
#1608 = CARTESIAN_POINT('',(24.041903758409,-4.006165706935));
#1609 = VECTOR('',#1610,1.);
#1610 = DIRECTION('',(0.333847142245,0.942627225161));
#1611 = ( GEOMETRIC_REPRESENTATION_CONTEXT(2) 
PARAMETRIC_REPRESENTATION_CONTEXT() REPRESENTATION_CONTEXT('2D SPACE',''
  ) );
#1612 = PCURVE('',#1434,#1613);
#1613 = DEFINITIONAL_REPRESENTATION('',(#1614),#1618);
#1614 = LINE('',#1615,#1616);
#1615 = CARTESIAN_POINT('',(0.,1.));
#1616 = VECTOR('',#1617,1.);
#1617 = DIRECTION('',(1.,0.));
#1618 = ( GEOMETRIC_REPRESENTATION_CONTEXT(2) 
PARAMETRIC_REPRESENTATION_CONTEXT() REPRESENTATION_CONTEXT('2D SPACE',''
  ) );
#1619 = ORIENTED_EDGE('',*,*,#1620,.F.);
#1620 = EDGE_CURVE('',#1219,#1598,#1621,.T.);
#1621 = SURFACE_CURVE('',#1622,(#1626,#1633),.PCURVE_S1.);
#1622 = LINE('',#1623,#1624);
#1623 = CARTESIAN_POINT('',(0.,-61.5,14.201));
#1624 = VECTOR('',#1625,1.);
#1625 = DIRECTION('',(1.,0.,0.));
#1626 = PCURVE('',#628,#1627);
#1627 = DEFINITIONAL_REPRESENTATION('',(#1628),#1632);
#1628 = LINE('',#1629,#1630);
#1629 = CARTESIAN_POINT('',(14.149227411014,4.006165706935));
#1630 = VECTOR('',#1631,1.);
#1631 = DIRECTION('',(0.942627225161,-0.333847142245));
#1632 = ( GEOMETRIC_REPRESENTATION_CONTEXT(2) 
PARAMETRIC_REPRESENTATION_CONTEXT() REPRESENTATION_CONTEXT('2D SPACE',''
  ) );
#1633 = PCURVE('',#1232,#1634);
#1634 = DEFINITIONAL_REPRESENTATION('',(#1635),#1639);
#1635 = LINE('',#1636,#1637);
#1636 = CARTESIAN_POINT('',(0.,1.));
#1637 = VECTOR('',#1638,1.);
#1638 = DIRECTION('',(-1.,0.));
#1639 = ( GEOMETRIC_REPRESENTATION_CONTEXT(2) 
PARAMETRIC_REPRESENTATION_CONTEXT() REPRESENTATION_CONTEXT('2D SPACE',''
  ) );
#1640 = ORIENTED_EDGE('',*,*,#1243,.T.);
#1641 = ORIENTED_EDGE('',*,*,#1642,.T.);
#1642 = EDGE_CURVE('',#1244,#1643,#1645,.T.);
#1643 = VERTEX_POINT('',#1644);
#1644 = CARTESIAN_POINT('',(11.999965098595,-61.5000349014,14.201));
#1645 = SURFACE_CURVE('',#1646,(#1649,#1655),.PCURVE_S1.);
#1646 = B_SPLINE_CURVE_WITH_KNOTS('',1,(#1647,#1648),.UNSPECIFIED.,.F.,
  .F.,(2,2),(0.,1.),.PIECEWISE_BEZIER_KNOTS.);
#1647 = CARTESIAN_POINT('',(-11.99996509859,-61.5000349014,14.201));
#1648 = CARTESIAN_POINT('',(11.999965098596,-61.5000349014,14.201));
#1649 = PCURVE('',#628,#1650);
#1650 = DEFINITIONAL_REPRESENTATION('',(#1651),#1654);
#1651 = B_SPLINE_CURVE_WITH_KNOTS('',1,(#1652,#1653),.UNSPECIFIED.,.F.,
  .F.,(2,2),(0.,1.),.PIECEWISE_BEZIER_KNOTS.);
#1652 = CARTESIAN_POINT('',(2.837721956359,8.012286863122));
#1653 = CARTESIAN_POINT('',(25.4607095622,-2.124727993902E-05));
#1654 = ( GEOMETRIC_REPRESENTATION_CONTEXT(2) 
PARAMETRIC_REPRESENTATION_CONTEXT() REPRESENTATION_CONTEXT('2D SPACE',''
  ) );
#1655 = PCURVE('',#602,#1656);
#1656 = DEFINITIONAL_REPRESENTATION('',(#1657),#1660);
#1657 = B_SPLINE_CURVE_WITH_KNOTS('',1,(#1658,#1659),.UNSPECIFIED.,.F.,
  .F.,(2,2),(0.,1.),.PIECEWISE_BEZIER_KNOTS.);
#1658 = CARTESIAN_POINT('',(12.,4.998750312415E-04));
#1659 = CARTESIAN_POINT('',(-12.,4.998750312415E-04));
#1660 = ( GEOMETRIC_REPRESENTATION_CONTEXT(2) 
PARAMETRIC_REPRESENTATION_CONTEXT() REPRESENTATION_CONTEXT('2D SPACE',''
  ) );
#1661 = ORIENTED_EDGE('',*,*,#1662,.T.);
#1662 = EDGE_CURVE('',#1643,#1663,#1665,.T.);
#1663 = VERTEX_POINT('',#1664);
#1664 = CARTESIAN_POINT('',(11.999965098595,-69.99996509859,14.201));
#1665 = SURFACE_CURVE('',#1666,(#1669,#1675),.PCURVE_S1.);
#1666 = B_SPLINE_CURVE_WITH_KNOTS('',1,(#1667,#1668),.UNSPECIFIED.,.F.,
  .F.,(2,2),(0.,1.),.PIECEWISE_BEZIER_KNOTS.);
#1667 = CARTESIAN_POINT('',(11.999965098596,-61.5000349014,14.201));
#1668 = CARTESIAN_POINT('',(11.999965098596,-69.99996509859,14.201));
#1669 = PCURVE('',#628,#1670);
#1670 = DEFINITIONAL_REPRESENTATION('',(#1671),#1674);
#1671 = B_SPLINE_CURVE_WITH_KNOTS('',1,(#1672,#1673),.UNSPECIFIED.,.F.,
  .F.,(2,2),(0.,1.),.PIECEWISE_BEZIER_KNOTS.);
#1672 = CARTESIAN_POINT('',(25.4607095622,-2.124727993902E-05));
#1673 = CARTESIAN_POINT('',(22.623032156589,-8.012286863122));
#1674 = ( GEOMETRIC_REPRESENTATION_CONTEXT(2) 
PARAMETRIC_REPRESENTATION_CONTEXT() REPRESENTATION_CONTEXT('2D SPACE',''
  ) );
#1675 = PCURVE('',#1676,#1681);
#1676 = B_SPLINE_SURFACE_WITH_KNOTS('',1,1,(
    (#1677,#1678)
    ,(#1679,#1680
    )),.UNSPECIFIED.,.F.,.F.,.F.,(2,2),(2,2),(-4.25,4.25),(0.,1.),
  .PIECEWISE_BEZIER_KNOTS.);
#1677 = CARTESIAN_POINT('',(12.,-70.,14.199));
#1678 = CARTESIAN_POINT('',(11.930179740287,-69.93017974028,18.2));
#1679 = CARTESIAN_POINT('',(12.,-61.5,14.199));
#1680 = CARTESIAN_POINT('',(11.930179740287,-61.56982025971,18.2));
#1681 = DEFINITIONAL_REPRESENTATION('',(#1682),#1685);
#1682 = B_SPLINE_CURVE_WITH_KNOTS('',1,(#1683,#1684),.UNSPECIFIED.,.F.,
  .F.,(2,2),(0.,1.),.PIECEWISE_BEZIER_KNOTS.);
#1683 = CARTESIAN_POINT('',(4.25,4.998750312415E-04));
#1684 = CARTESIAN_POINT('',(-4.25,4.998750312415E-04));
#1685 = ( GEOMETRIC_REPRESENTATION_CONTEXT(2) 
PARAMETRIC_REPRESENTATION_CONTEXT() REPRESENTATION_CONTEXT('2D SPACE',''
  ) );
#1686 = ORIENTED_EDGE('',*,*,#1687,.T.);
#1687 = EDGE_CURVE('',#1663,#1688,#1690,.T.);
#1688 = VERTEX_POINT('',#1689);
#1689 = CARTESIAN_POINT('',(-11.99996509859,-69.99996509859,14.201));
#1690 = SURFACE_CURVE('',#1691,(#1694,#1700),.PCURVE_S1.);
#1691 = B_SPLINE_CURVE_WITH_KNOTS('',1,(#1692,#1693),.UNSPECIFIED.,.F.,
  .F.,(2,2),(0.,1.),.PIECEWISE_BEZIER_KNOTS.);
#1692 = CARTESIAN_POINT('',(11.999965098596,-69.99996509859,14.201));
#1693 = CARTESIAN_POINT('',(-11.99996509859,-69.99996509859,14.201));
#1694 = PCURVE('',#628,#1695);
#1695 = DEFINITIONAL_REPRESENTATION('',(#1696),#1699);
#1696 = B_SPLINE_CURVE_WITH_KNOTS('',1,(#1697,#1698),.UNSPECIFIED.,.F.,
  .F.,(2,2),(0.,1.),.PIECEWISE_BEZIER_KNOTS.);
#1697 = CARTESIAN_POINT('',(22.623032156589,-8.012286863122));
#1698 = CARTESIAN_POINT('',(4.455074823539E-05,2.12472799177E-05));
#1699 = ( GEOMETRIC_REPRESENTATION_CONTEXT(2) 
PARAMETRIC_REPRESENTATION_CONTEXT() REPRESENTATION_CONTEXT('2D SPACE',''
  ) );
#1700 = PCURVE('',#1701,#1706);
#1701 = B_SPLINE_SURFACE_WITH_KNOTS('',1,1,(
    (#1702,#1703)
    ,(#1704,#1705
    )),.UNSPECIFIED.,.F.,.F.,.F.,(2,2),(2,2),(-12.,12.),(0.,1.),
  .PIECEWISE_BEZIER_KNOTS.);
#1702 = CARTESIAN_POINT('',(-12.,-70.,14.199));
#1703 = CARTESIAN_POINT('',(-11.93017974028,-69.93017974028,18.2));
#1704 = CARTESIAN_POINT('',(12.,-70.,14.199));
#1705 = CARTESIAN_POINT('',(11.930179740287,-69.93017974028,18.2));
#1706 = DEFINITIONAL_REPRESENTATION('',(#1707),#1710);
#1707 = B_SPLINE_CURVE_WITH_KNOTS('',1,(#1708,#1709),.UNSPECIFIED.,.F.,
  .F.,(2,2),(0.,1.),.PIECEWISE_BEZIER_KNOTS.);
#1708 = CARTESIAN_POINT('',(12.,4.998750312415E-04));
#1709 = CARTESIAN_POINT('',(-12.,4.998750312415E-04));
#1710 = ( GEOMETRIC_REPRESENTATION_CONTEXT(2) 
PARAMETRIC_REPRESENTATION_CONTEXT() REPRESENTATION_CONTEXT('2D SPACE',''
  ) );
#1711 = ORIENTED_EDGE('',*,*,#1712,.T.);
#1712 = EDGE_CURVE('',#1688,#1713,#1715,.T.);
#1713 = VERTEX_POINT('',#1714);
#1714 = CARTESIAN_POINT('',(-11.99996509859,-61.5000349014,14.201));
#1715 = SURFACE_CURVE('',#1716,(#1719,#1725),.PCURVE_S1.);
#1716 = B_SPLINE_CURVE_WITH_KNOTS('',1,(#1717,#1718),.UNSPECIFIED.,.F.,
  .F.,(2,2),(0.,1.),.PIECEWISE_BEZIER_KNOTS.);
#1717 = CARTESIAN_POINT('',(-11.99996509859,-69.99996509859,14.201));
#1718 = CARTESIAN_POINT('',(-11.99996509859,-61.5000349014,14.201));
#1719 = PCURVE('',#628,#1720);
#1720 = DEFINITIONAL_REPRESENTATION('',(#1721),#1724);
#1721 = B_SPLINE_CURVE_WITH_KNOTS('',1,(#1722,#1723),.UNSPECIFIED.,.F.,
  .F.,(2,2),(0.,1.),.PIECEWISE_BEZIER_KNOTS.);
#1722 = CARTESIAN_POINT('',(4.45507482425E-05,2.12472799177E-05));
#1723 = CARTESIAN_POINT('',(2.837721956359,8.012286863122));
#1724 = ( GEOMETRIC_REPRESENTATION_CONTEXT(2) 
PARAMETRIC_REPRESENTATION_CONTEXT() REPRESENTATION_CONTEXT('2D SPACE',''
  ) );
#1725 = PCURVE('',#1726,#1731);
#1726 = B_SPLINE_SURFACE_WITH_KNOTS('',1,1,(
    (#1727,#1728)
    ,(#1729,#1730
    )),.UNSPECIFIED.,.F.,.F.,.F.,(2,2),(2,2),(-4.25,4.25),(0.,1.),
  .PIECEWISE_BEZIER_KNOTS.);
#1727 = CARTESIAN_POINT('',(-12.,-61.5,14.199));
#1728 = CARTESIAN_POINT('',(-11.93017974028,-61.56982025971,18.2));
#1729 = CARTESIAN_POINT('',(-12.,-70.,14.199));
#1730 = CARTESIAN_POINT('',(-11.93017974028,-69.93017974028,18.2));
#1731 = DEFINITIONAL_REPRESENTATION('',(#1732),#1735);
#1732 = B_SPLINE_CURVE_WITH_KNOTS('',1,(#1733,#1734),.UNSPECIFIED.,.F.,
  .F.,(2,2),(0.,1.),.PIECEWISE_BEZIER_KNOTS.);
#1733 = CARTESIAN_POINT('',(4.25,4.998750312415E-04));
#1734 = CARTESIAN_POINT('',(-4.25,4.998750312415E-04));
#1735 = ( GEOMETRIC_REPRESENTATION_CONTEXT(2) 
PARAMETRIC_REPRESENTATION_CONTEXT() REPRESENTATION_CONTEXT('2D SPACE',''
  ) );
#1736 = ORIENTED_EDGE('',*,*,#1737,.T.);
#1737 = EDGE_CURVE('',#1713,#589,#1738,.T.);
#1738 = SURFACE_CURVE('',#1739,(#1742,#1748),.PCURVE_S1.);
#1739 = B_SPLINE_CURVE_WITH_KNOTS('',1,(#1740,#1741),.UNSPECIFIED.,.F.,
  .F.,(2,2),(0.,1.),.PIECEWISE_BEZIER_KNOTS.);
#1740 = CARTESIAN_POINT('',(-11.99996509859,-61.5000349014,14.201));
#1741 = CARTESIAN_POINT('',(11.999965098596,-61.5000349014,14.201));
#1742 = PCURVE('',#628,#1743);
#1743 = DEFINITIONAL_REPRESENTATION('',(#1744),#1747);
#1744 = B_SPLINE_CURVE_WITH_KNOTS('',1,(#1745,#1746),.UNSPECIFIED.,.F.,
  .F.,(2,2),(0.,1.),.PIECEWISE_BEZIER_KNOTS.);
#1745 = CARTESIAN_POINT('',(2.837721956359,8.012286863122));
#1746 = CARTESIAN_POINT('',(25.4607095622,-2.124727993902E-05));
#1747 = ( GEOMETRIC_REPRESENTATION_CONTEXT(2) 
PARAMETRIC_REPRESENTATION_CONTEXT() REPRESENTATION_CONTEXT('2D SPACE',''
  ) );
#1748 = PCURVE('',#602,#1749);
#1749 = DEFINITIONAL_REPRESENTATION('',(#1750),#1753);
#1750 = B_SPLINE_CURVE_WITH_KNOTS('',1,(#1751,#1752),.UNSPECIFIED.,.F.,
  .F.,(2,2),(0.,1.),.PIECEWISE_BEZIER_KNOTS.);
#1751 = CARTESIAN_POINT('',(12.,4.998750312415E-04));
#1752 = CARTESIAN_POINT('',(-12.,4.998750312415E-04));
#1753 = ( GEOMETRIC_REPRESENTATION_CONTEXT(2) 
PARAMETRIC_REPRESENTATION_CONTEXT() REPRESENTATION_CONTEXT('2D SPACE',''
  ) );
#1754 = ORIENTED_EDGE('',*,*,#613,.T.);
#1755 = ORIENTED_EDGE('',*,*,#1548,.F.);
#1756 = ADVANCED_FACE('',(#1757),#602,.T.);
#1757 = FACE_BOUND('',#1758,.T.);
#1758 = EDGE_LOOP('',(#1759,#1760,#1782,#1809,#1829,#1830,#1831,#1959,
    #1984,#2110));
#1759 = ORIENTED_EDGE('',*,*,#1737,.F.);
#1760 = ORIENTED_EDGE('',*,*,#1761,.T.);
#1761 = EDGE_CURVE('',#1713,#1762,#1764,.T.);
#1762 = VERTEX_POINT('',#1763);
#1763 = CARTESIAN_POINT('',(-11.93017974028,-61.56982025971,18.2));
#1764 = SURFACE_CURVE('',#1765,(#1768,#1775),.PCURVE_S1.);
#1765 = B_SPLINE_CURVE_WITH_KNOTS('',1,(#1766,#1767),.UNSPECIFIED.,.F.,
  .F.,(2,2),(0.,1.),.PIECEWISE_BEZIER_KNOTS.);
#1766 = CARTESIAN_POINT('',(-12.,-61.5,14.199));
#1767 = CARTESIAN_POINT('',(-11.93017974028,-61.56982025971,18.2));
#1768 = PCURVE('',#602,#1769);
#1769 = DEFINITIONAL_REPRESENTATION('',(#1770),#1774);
#1770 = LINE('',#1771,#1772);
#1771 = CARTESIAN_POINT('',(12.,0.));
#1772 = VECTOR('',#1773,1.);
#1773 = DIRECTION('',(0.,1.));
#1774 = ( GEOMETRIC_REPRESENTATION_CONTEXT(2) 
PARAMETRIC_REPRESENTATION_CONTEXT() REPRESENTATION_CONTEXT('2D SPACE',''
  ) );
#1775 = PCURVE('',#1726,#1776);
#1776 = DEFINITIONAL_REPRESENTATION('',(#1777),#1781);
#1777 = LINE('',#1778,#1779);
#1778 = CARTESIAN_POINT('',(-4.25,0.));
#1779 = VECTOR('',#1780,1.);
#1780 = DIRECTION('',(0.,1.));
#1781 = ( GEOMETRIC_REPRESENTATION_CONTEXT(2) 
PARAMETRIC_REPRESENTATION_CONTEXT() REPRESENTATION_CONTEXT('2D SPACE',''
  ) );
#1782 = ORIENTED_EDGE('',*,*,#1783,.T.);
#1783 = EDGE_CURVE('',#1762,#1784,#1786,.T.);
#1784 = VERTEX_POINT('',#1785);
#1785 = CARTESIAN_POINT('',(11.930179740287,-61.56982025971,18.2));
#1786 = SURFACE_CURVE('',#1787,(#1791,#1797),.PCURVE_S1.);
#1787 = LINE('',#1788,#1789);
#1788 = CARTESIAN_POINT('',(0.,-61.56982025971,18.2));
#1789 = VECTOR('',#1790,1.);
#1790 = DIRECTION('',(1.,0.,0.));
#1791 = PCURVE('',#602,#1792);
#1792 = DEFINITIONAL_REPRESENTATION('',(#1793),#1796);
#1793 = B_SPLINE_CURVE_WITH_KNOTS('',1,(#1794,#1795),.UNSPECIFIED.,.F.,
  .F.,(2,2),(-11.93017974028,11.930179740287),.PIECEWISE_BEZIER_KNOTS.);
#1794 = CARTESIAN_POINT('',(12.,1.));
#1795 = CARTESIAN_POINT('',(-12.,1.));
#1796 = ( GEOMETRIC_REPRESENTATION_CONTEXT(2) 
PARAMETRIC_REPRESENTATION_CONTEXT() REPRESENTATION_CONTEXT('2D SPACE',''
  ) );
#1797 = PCURVE('',#1798,#1803);
#1798 = PLANE('',#1799);
#1799 = AXIS2_PLACEMENT_3D('',#1800,#1801,#1802);
#1800 = CARTESIAN_POINT('',(-11.93017974028,-69.93017974028,18.2));
#1801 = DIRECTION('',(0.,0.,1.));
#1802 = DIRECTION('',(0.943744424053,0.330675765773,-0.));
#1803 = DEFINITIONAL_REPRESENTATION('',(#1804),#1808);
#1804 = LINE('',#1805,#1806);
#1805 = CARTESIAN_POINT('',(14.02360888122,3.945021321433));
#1806 = VECTOR('',#1807,1.);
#1807 = DIRECTION('',(0.943744424053,-0.330675765773));
#1808 = ( GEOMETRIC_REPRESENTATION_CONTEXT(2) 
PARAMETRIC_REPRESENTATION_CONTEXT() REPRESENTATION_CONTEXT('2D SPACE',''
  ) );
#1809 = ORIENTED_EDGE('',*,*,#1810,.F.);
#1810 = EDGE_CURVE('',#1643,#1784,#1811,.T.);
#1811 = SURFACE_CURVE('',#1812,(#1815,#1822),.PCURVE_S1.);
#1812 = B_SPLINE_CURVE_WITH_KNOTS('',1,(#1813,#1814),.UNSPECIFIED.,.F.,
  .F.,(2,2),(0.,1.),.PIECEWISE_BEZIER_KNOTS.);
#1813 = CARTESIAN_POINT('',(12.,-61.5,14.199));
#1814 = CARTESIAN_POINT('',(11.930179740287,-61.56982025971,18.2));
#1815 = PCURVE('',#602,#1816);
#1816 = DEFINITIONAL_REPRESENTATION('',(#1817),#1821);
#1817 = LINE('',#1818,#1819);
#1818 = CARTESIAN_POINT('',(-12.,0.));
#1819 = VECTOR('',#1820,1.);
#1820 = DIRECTION('',(0.,1.));
#1821 = ( GEOMETRIC_REPRESENTATION_CONTEXT(2) 
PARAMETRIC_REPRESENTATION_CONTEXT() REPRESENTATION_CONTEXT('2D SPACE',''
  ) );
#1822 = PCURVE('',#1676,#1823);
#1823 = DEFINITIONAL_REPRESENTATION('',(#1824),#1828);
#1824 = LINE('',#1825,#1826);
#1825 = CARTESIAN_POINT('',(4.25,0.));
#1826 = VECTOR('',#1827,1.);
#1827 = DIRECTION('',(0.,1.));
#1828 = ( GEOMETRIC_REPRESENTATION_CONTEXT(2) 
PARAMETRIC_REPRESENTATION_CONTEXT() REPRESENTATION_CONTEXT('2D SPACE',''
  ) );
#1829 = ORIENTED_EDGE('',*,*,#1642,.F.);
#1830 = ORIENTED_EDGE('',*,*,#1264,.T.);
#1831 = ORIENTED_EDGE('',*,*,#1832,.F.);
#1832 = EDGE_CURVE('',#1833,#1265,#1835,.T.);
#1833 = VERTEX_POINT('',#1834);
#1834 = CARTESIAN_POINT('',(8.090134074433,-61.545488414,16.805681000485
    ));
#1835 = SURFACE_CURVE('',#1836,(#1875,#1917),.PCURVE_S1.);
#1836 = B_SPLINE_CURVE_WITH_KNOTS('',5,(#1837,#1838,#1839,#1840,#1841,
    #1842,#1843,#1844,#1845,#1846,#1847,#1848,#1849,#1850,#1851,#1852,
    #1853,#1854,#1855,#1856,#1857,#1858,#1859,#1860,#1861,#1862,#1863,
    #1864,#1865,#1866,#1867,#1868,#1869,#1870,#1871,#1872,#1873,#1874),
  .UNSPECIFIED.,.F.,.F.,(6,4,4,4,4,4,4,4,4,6),(0.,0.120393484872,
    0.238923099489,0.354891667772,0.466335432936,0.635004314215,
    0.767476934916,0.875573038121,0.980096850958,1.),.UNSPECIFIED.);
#1837 = CARTESIAN_POINT('',(8.090134074433,-61.545488414,16.805681000485
    ));
#1838 = CARTESIAN_POINT('',(8.175814326898,-61.545488414,16.805681000485
    ));
#1839 = CARTESIAN_POINT('',(8.26151248734,-61.54542631994,
    16.802122744446));
#1840 = CARTESIAN_POINT('',(8.347120470322,-61.54530202885,
    16.795000332558));
#1841 = CARTESIAN_POINT('',(8.432525681814,-61.54511521722,
    16.784295226048));
#1842 = CARTESIAN_POINT('',(8.601379108972,-61.5446193332,
    16.755878947422));
#1843 = CARTESIAN_POINT('',(8.684835973849,-61.54431220119,
    16.738278967471));
#1844 = CARTESIAN_POINT('',(8.767870120351,-61.54394342307,
    16.717146401095));
#1845 = CARTESIAN_POINT('',(8.85035793109,-61.54351228566,
    16.692440380749));
#1846 = CARTESIAN_POINT('',(9.012201837869,-61.54253416582,
    16.636389923379));
#1847 = CARTESIAN_POINT('',(9.091585712826,-61.54198989635,
    16.605200950656));
#1848 = CARTESIAN_POINT('',(9.170188542926,-61.5413842206,
    16.570493135529));
#1849 = CARTESIAN_POINT('',(9.24786321919,-61.54071616467,
    16.532210668673));
#1850 = CARTESIAN_POINT('',(9.39803339877,-61.5392816502,16.450006844215
    ));
#1851 = CARTESIAN_POINT('',(9.47061122623,-61.53852006735,
    16.406364884078));
#1852 = CARTESIAN_POINT('',(9.542027253577,-61.53769890206,
    16.359308595076));
#1853 = CARTESIAN_POINT('',(9.612105650971,-61.53681720721,
    16.308783702935));
#1854 = CARTESIAN_POINT('',(9.784374152798,-61.53444665294,
    16.172940787568));
#1855 = CARTESIAN_POINT('',(9.884565793211,-61.5328786418,
    16.083087031443));
#1856 = CARTESIAN_POINT('',(9.980531392859,-61.53116678207,
    15.98499013517));
#1857 = CARTESIAN_POINT('',(10.071343925682,-61.52930928256,
    15.878547455415));
#1858 = CARTESIAN_POINT('',(10.222328129772,-61.52573677195,
    15.673827292178));
#1859 = CARTESIAN_POINT('',(10.284886872901,-61.52407686817,
    15.578707694499));
#1860 = CARTESIAN_POINT('',(10.343049945271,-61.52232995134,
    15.478601876435));
#1861 = CARTESIAN_POINT('',(10.396184352846,-61.52049971877,
    15.373721708898));
#1862 = CARTESIAN_POINT('',(10.482408374404,-61.51703898165,
    15.175406646007));
#1863 = CARTESIAN_POINT('',(10.517387740073,-61.51543368317,
    15.083416165846));
#1864 = CARTESIAN_POINT('',(10.548259554772,-61.51378261009,
    14.988802604775));
#1865 = CARTESIAN_POINT('',(10.574692608383,-61.51209199242,
    14.89192296968));
#1866 = CARTESIAN_POINT('',(10.617461424083,-61.50870566139,
    14.697871694249));
#1867 = CARTESIAN_POINT('',(10.634104038738,-61.50701180609,
    14.600806528867));
#1868 = CARTESIAN_POINT('',(10.64613493722,-61.50529673624,
    14.502525678497));
#1869 = CARTESIAN_POINT('',(10.653415088104,-61.50356931573,
    14.403537082705));
#1870 = CARTESIAN_POINT('',(10.656407854353,-61.50150993255,
    14.285525604113));
#1871 = CARTESIAN_POINT('',(10.656713769288,-61.50118042027,
    14.266643139015));
#1872 = CARTESIAN_POINT('',(10.656846774494,-61.50085087692,
    14.24775889302));
#1873 = CARTESIAN_POINT('',(10.656806921526,-61.50052136771,
    14.228876603697));
#1874 = CARTESIAN_POINT('',(10.656594419787,-61.50019195772,14.21));
#1875 = PCURVE('',#602,#1876);
#1876 = DEFINITIONAL_REPRESENTATION('',(#1877),#1916);
#1877 = B_SPLINE_CURVE_WITH_KNOTS('',5,(#1878,#1879,#1880,#1881,#1882,
    #1883,#1884,#1885,#1886,#1887,#1888,#1889,#1890,#1891,#1892,#1893,
    #1894,#1895,#1896,#1897,#1898,#1899,#1900,#1901,#1902,#1903,#1904,
    #1905,#1906,#1907,#1908,#1909,#1910,#1911,#1912,#1913,#1914,#1915),
  .UNSPECIFIED.,.F.,.F.,(6,4,4,4,4,4,4,4,4,6),(0.,0.120393484872,
    0.238923099489,0.354891667772,0.466335432936,0.635004314215,
    0.767476934916,0.875573038121,0.980096850958,1.),.UNSPECIFIED.);
#1878 = CARTESIAN_POINT('',(-8.120918047957,0.651507373278));
#1879 = CARTESIAN_POINT('',(-8.206924324514,0.651507373278));
#1880 = CARTESIAN_POINT('',(-8.292906396646,0.650618031604));
#1881 = CARTESIAN_POINT('',(-8.378753459764,0.648837873671));
#1882 = CARTESIAN_POINT('',(-8.464350039032,0.646162265946));
#1883 = CARTESIAN_POINT('',(-8.633482515201,0.639059971863));
#1884 = CARTESIAN_POINT('',(-8.717028621568,0.634661076599));
#1885 = CARTESIAN_POINT('',(-8.800099907014,0.62937925546));
#1886 = CARTESIAN_POINT('',(-8.882569707564,0.623204294114));
#1887 = CARTESIAN_POINT('',(-9.044262574866,0.609195182049));
#1888 = CARTESIAN_POINT('',(-9.123515922367,0.601399887692));
#1889 = CARTESIAN_POINT('',(-9.201929396696,0.592725102607));
#1890 = CARTESIAN_POINT('',(-9.279352839749,0.583156877949));
#1891 = CARTESIAN_POINT('',(-9.428902930994,0.562611058289));
#1892 = CARTESIAN_POINT('',(-9.501116896967,0.551703295196));
#1893 = CARTESIAN_POINT('',(-9.572106299872,0.539942163228));
#1894 = CARTESIAN_POINT('',(-9.641692676739,0.527314097209));
#1895 = CARTESIAN_POINT('',(-9.812553860751,0.493361856428));
#1896 = CARTESIAN_POINT('',(-9.911742689208,0.470904031853));
#1897 = CARTESIAN_POINT('',(-10.00654155084,0.446385937308));
#1898 = CARTESIAN_POINT('',(-10.09601669242,0.419781918374));
#1899 = CARTESIAN_POINT('',(-10.24430795774,0.368614669377));
#1900 = CARTESIAN_POINT('',(-10.30557675055,0.344840713446));
#1901 = CARTESIAN_POINT('',(-10.36234464587,0.31982051398));
#1902 = CARTESIAN_POINT('',(-10.41398194909,0.293607025468));
#1903 = CARTESIAN_POINT('',(-10.49731852838,0.244040651339));
#1904 = CARTESIAN_POINT('',(-10.5309385913,0.221048779267));
#1905 = CARTESIAN_POINT('',(-10.56039430236,0.197401300869));
#1906 = CARTESIAN_POINT('',(-10.5853620219,0.173187445559));
#1907 = CARTESIAN_POINT('',(-10.62517240183,0.124686751874));
#1908 = CARTESIAN_POINT('',(-10.64032429507,0.100426525585));
#1909 = CARTESIAN_POINT('',(-10.65083774685,7.586245401073E-02));
#1910 = CARTESIAN_POINT('',(-10.65658495542,5.112149030369E-02));
#1911 = CARTESIAN_POINT('',(-10.65774889963,2.162599452954E-02));
#1912 = CARTESIAN_POINT('',(-10.65776215399,1.690655811423E-02));
#1913 = CARTESIAN_POINT('',(-10.6576024555,1.218667658596E-02));
#1914 = CARTESIAN_POINT('',(-10.65726993736,7.467284103331E-03));
#1915 = CARTESIAN_POINT('',(-10.65676489048,2.749312671831E-03));
#1916 = ( GEOMETRIC_REPRESENTATION_CONTEXT(2) 
PARAMETRIC_REPRESENTATION_CONTEXT() REPRESENTATION_CONTEXT('2D SPACE',''
  ) );
#1917 = PCURVE('',#1298,#1918);
#1918 = DEFINITIONAL_REPRESENTATION('',(#1919),#1958);
#1919 = B_SPLINE_CURVE_WITH_KNOTS('',5,(#1920,#1921,#1922,#1923,#1924,
    #1925,#1926,#1927,#1928,#1929,#1930,#1931,#1932,#1933,#1934,#1935,
    #1936,#1937,#1938,#1939,#1940,#1941,#1942,#1943,#1944,#1945,#1946,
    #1947,#1948,#1949,#1950,#1951,#1952,#1953,#1954,#1955,#1956,#1957),
  .UNSPECIFIED.,.F.,.F.,(6,4,4,4,4,4,4,4,4,6),(0.,0.120393484872,
    0.238923099489,0.354891667772,0.466335432936,0.635004314215,
    0.767476934916,0.875573038121,0.980096850958,1.),.UNSPECIFIED.);
#1920 = CARTESIAN_POINT('',(1.570796326795,0.149712697643));
#1921 = CARTESIAN_POINT('',(1.53778755089,0.149712697643));
#1922 = CARTESIAN_POINT('',(1.504765125649,0.149749223564));
#1923 = CARTESIAN_POINT('',(1.47169502458,0.14982233597));
#1924 = CARTESIAN_POINT('',(1.438542723381,0.149932225162));
#1925 = CARTESIAN_POINT('',(1.372518738205,0.150223921643));
#1926 = CARTESIAN_POINT('',(1.339650740608,0.150404587531));
#1927 = CARTESIAN_POINT('',(1.306635730914,0.150621515839));
#1928 = CARTESIAN_POINT('',(1.273439164102,0.150875126077));
#1929 = CARTESIAN_POINT('',(1.207333652742,0.15145049069));
#1930 = CARTESIAN_POINT('',(1.174434161583,0.151770649206));
#1931 = CARTESIAN_POINT('',(1.141293475557,0.152126929057));
#1932 = CARTESIAN_POINT('',(1.107877062268,0.152519903134));
#1933 = CARTESIAN_POINT('',(1.041737577707,0.153363735172));
#1934 = CARTESIAN_POINT('',(1.009038642075,0.153811725085));
#1935 = CARTESIAN_POINT('',(0.976020755697,0.15429476349));
#1936 = CARTESIAN_POINT('',(0.942652250235,0.154813407519));
#1937 = CARTESIAN_POINT('',(0.857820272777,0.156207851207));
#1938 = CARTESIAN_POINT('',(0.805867893567,0.157130210704));
#1939 = CARTESIAN_POINT('',(0.752925841338,0.158137187015));
#1940 = CARTESIAN_POINT('',(0.698908675454,0.159229833786));
#1941 = CARTESIAN_POINT('',(0.60043038631,0.161331310618));
#1942 = CARTESIAN_POINT('',(0.556410091202,0.162307724604));
#1943 = CARTESIAN_POINT('',(0.511666256918,0.163335322737));
#1944 = CARTESIAN_POINT('',(0.466203163699,0.164411930134));
#1945 = CARTESIAN_POINT('',(0.382425414731,0.166447657849));
#1946 = CARTESIAN_POINT('',(0.344334421139,0.167391951072));
#1947 = CARTESIAN_POINT('',(0.305829427177,0.168363170533));
#1948 = CARTESIAN_POINT('',(0.266959319339,0.169357651513));
#1949 = CARTESIAN_POINT('',(0.18994330272,0.171349610942));
#1950 = CARTESIAN_POINT('',(0.151812369502,0.172345996413));
#1951 = CARTESIAN_POINT('',(0.113489019644,0.173354861034));
#1952 = CARTESIAN_POINT('',(7.505359660156E-02,0.174370990747));
#1953 = CARTESIAN_POINT('',(2.928410695109E-02,0.175582392615));
#1954 = CARTESIAN_POINT('',(2.196233251931E-02,0.175776223366));
#1955 = CARTESIAN_POINT('',(1.464063607428E-02,0.175970072397));
#1956 = CARTESIAN_POINT('',(7.319648972592E-03,0.176163901344));
#1957 = CARTESIAN_POINT('',(0.,0.176357671927));
#1958 = ( GEOMETRIC_REPRESENTATION_CONTEXT(2) 
PARAMETRIC_REPRESENTATION_CONTEXT() REPRESENTATION_CONTEXT('2D SPACE',''
  ) );
#1959 = ORIENTED_EDGE('',*,*,#1960,.F.);
#1960 = EDGE_CURVE('',#1961,#1833,#1963,.T.);
#1961 = VERTEX_POINT('',#1962);
#1962 = CARTESIAN_POINT('',(-8.090134074433,-61.545488414,
    16.805681000485));
#1963 = SURFACE_CURVE('',#1964,(#1967,#1973),.PCURVE_S1.);
#1964 = B_SPLINE_CURVE_WITH_KNOTS('',1,(#1965,#1966),.UNSPECIFIED.,.F.,
  .F.,(2,2),(0.,1.),.PIECEWISE_BEZIER_KNOTS.);
#1965 = CARTESIAN_POINT('',(-8.090134074433,-61.545488414,
    16.805681000485));
#1966 = CARTESIAN_POINT('',(8.090134074433,-61.545488414,16.805681000485
    ));
#1967 = PCURVE('',#602,#1968);
#1968 = DEFINITIONAL_REPRESENTATION('',(#1969),#1972);
#1969 = B_SPLINE_CURVE_WITH_KNOTS('',1,(#1970,#1971),.UNSPECIFIED.,.F.,
  .F.,(2,2),(0.,1.),.PIECEWISE_BEZIER_KNOTS.);
#1970 = CARTESIAN_POINT('',(8.120918047957,0.651507373278));
#1971 = CARTESIAN_POINT('',(-8.120918047957,0.651507373278));
#1972 = ( GEOMETRIC_REPRESENTATION_CONTEXT(2) 
PARAMETRIC_REPRESENTATION_CONTEXT() REPRESENTATION_CONTEXT('2D SPACE',''
  ) );
#1973 = PCURVE('',#1974,#1979);
#1974 = B_SPLINE_SURFACE_WITH_KNOTS('',1,1,(
    (#1975,#1976)
    ,(#1977,#1978
    )),.UNSPECIFIED.,.F.,.F.,.F.,(2,2),(2,2),(-8.16,8.16),(0.,1.),
  .PIECEWISE_BEZIER_KNOTS.);
#1975 = CARTESIAN_POINT('',(8.16,-61.8,16.9));
#1976 = CARTESIAN_POINT('',(7.693333333333,-60.1,16.27));
#1977 = CARTESIAN_POINT('',(-8.16,-61.8,16.9));
#1978 = CARTESIAN_POINT('',(-7.693333333333,-60.1,16.27));
#1979 = DEFINITIONAL_REPRESENTATION('',(#1980),#1983);
#1980 = B_SPLINE_CURVE_WITH_KNOTS('',1,(#1981,#1982),.UNSPECIFIED.,.F.,
  .F.,(2,2),(0.,1.),.PIECEWISE_BEZIER_KNOTS.);
#1981 = CARTESIAN_POINT('',(8.16,0.149712697643));
#1982 = CARTESIAN_POINT('',(-8.16,0.149712697643));
#1983 = ( GEOMETRIC_REPRESENTATION_CONTEXT(2) 
PARAMETRIC_REPRESENTATION_CONTEXT() REPRESENTATION_CONTEXT('2D SPACE',''
  ) );
#1984 = ORIENTED_EDGE('',*,*,#1985,.F.);
#1985 = EDGE_CURVE('',#549,#1961,#1986,.T.);
#1986 = SURFACE_CURVE('',#1987,(#2026,#2068),.PCURVE_S1.);
#1987 = B_SPLINE_CURVE_WITH_KNOTS('',5,(#1988,#1989,#1990,#1991,#1992,
    #1993,#1994,#1995,#1996,#1997,#1998,#1999,#2000,#2001,#2002,#2003,
    #2004,#2005,#2006,#2007,#2008,#2009,#2010,#2011,#2012,#2013,#2014,
    #2015,#2016,#2017,#2018,#2019,#2020,#2021,#2022,#2023,#2024,#2025),
  .UNSPECIFIED.,.F.,.F.,(6,4,4,4,4,4,4,4,4,6),(0.,1.989783711811E-02,
    0.124421749433,0.232517642866,0.36498991092,0.533658330788,
    0.645533951858,0.761070202648,0.879599682984,1.),.UNSPECIFIED.);
#1988 = CARTESIAN_POINT('',(-10.65659441978,-61.50019195772,14.21));
#1989 = CARTESIAN_POINT('',(-10.65680686481,-61.5005212798,
    14.228871565838));
#1990 = CARTESIAN_POINT('',(-10.6568467532,-61.50085070104,
    14.24774881427));
#1991 = CARTESIAN_POINT('',(-10.65671387574,-61.50118015642,
    14.266628019324));
#1992 = CARTESIAN_POINT('',(-10.65640818085,-61.50150958078,
    14.285505446425));
#1993 = CARTESIAN_POINT('',(-10.65341669317,-61.50356887834,
    14.403512018779));
#1994 = CARTESIAN_POINT('',(-10.64613749726,-61.50529630249,
    14.502500822911));
#1995 = CARTESIAN_POINT('',(-10.63410752992,-61.50701137738,
    14.600781961678));
#1996 = CARTESIAN_POINT('',(-10.6174658115,-61.50870523898,
    14.697847488187));
#1997 = CARTESIAN_POINT('',(-10.5746987964,-61.51209158004,
    14.891899338512));
#1998 = CARTESIAN_POINT('',(-10.54826667137,-61.5137822017,
    14.988779202357));
#1999 = CARTESIAN_POINT('',(-10.51739575757,-61.51543327998,
    15.083393060869));
#2000 = CARTESIAN_POINT('',(-10.48241725879,-61.51703858467,
    15.175383897211));
#2001 = CARTESIAN_POINT('',(-10.39619511944,-61.52049933612,
    15.373699781804));
#2002 = CARTESIAN_POINT('',(-10.34306171679,-61.52232957737,
    15.478580445924));
#2003 = CARTESIAN_POINT('',(-10.28489959645,-61.52407650393,
    15.578686822391));
#2004 = CARTESIAN_POINT('',(-10.22234175248,-61.52573641829,
    15.673807026256));
#2005 = CARTESIAN_POINT('',(-10.07135948495,-61.52930895427,
    15.878528643325));
#2006 = CARTESIAN_POINT('',(-9.980547959031,-61.531166469,
    15.984972195171));
#2007 = CARTESIAN_POINT('',(-9.884583291054,-61.53287834467,
    16.083070004392));
#2008 = CARTESIAN_POINT('',(-9.78439251562,-61.53444637227,
    16.172924703803));
#2009 = CARTESIAN_POINT('',(-9.611859574943,-61.53682061198,
    16.308978810493));
#2010 = CARTESIAN_POINT('',(-9.541503944267,-61.53770549796,
    16.359686568382));
#2011 = CARTESIAN_POINT('',(-9.469801050287,-61.53852938793,
    16.406898993457));
#2012 = CARTESIAN_POINT('',(-9.396928673302,-61.53929324016,
    16.450670998682));
#2013 = CARTESIAN_POINT('',(-9.246727262667,-61.54072592485,
    16.532769969216));
#2014 = CARTESIAN_POINT('',(-9.169332041719,-61.54139080972,
    16.570870720465));
#2015 = CARTESIAN_POINT('',(-9.091016630569,-61.5419937857,
    16.605423827428));
#2016 = CARTESIAN_POINT('',(-9.011926423719,-61.54253581547,
    16.636484455174));
#2017 = CARTESIAN_POINT('',(-8.850381288118,-61.54351215973,
    16.69243316422));
#2018 = CARTESIAN_POINT('',(-8.767893702926,-61.54394331086,
    16.717139971145));
#2019 = CARTESIAN_POINT('',(-8.684859761601,-61.54431210272,
    16.738273324591));
#2020 = CARTESIAN_POINT('',(-8.601403082489,-61.54461924849,
    16.755874093208));
#2021 = CARTESIAN_POINT('',(-8.432545066842,-61.54511517482,
    16.784292796169));
#2022 = CARTESIAN_POINT('',(-8.34713504352,-61.54530200769,
    16.794999120057));
#2023 = CARTESIAN_POINT('',(-8.261522213026,-61.54542631289,
    16.802122340616));
#2024 = CARTESIAN_POINT('',(-8.175819188825,-61.545488414,
    16.805681000485));
#2025 = CARTESIAN_POINT('',(-8.090134074433,-61.545488414,
    16.805681000485));
#2026 = PCURVE('',#602,#2027);
#2027 = DEFINITIONAL_REPRESENTATION('',(#2028),#2067);
#2028 = B_SPLINE_CURVE_WITH_KNOTS('',5,(#2029,#2030,#2031,#2032,#2033,
    #2034,#2035,#2036,#2037,#2038,#2039,#2040,#2041,#2042,#2043,#2044,
    #2045,#2046,#2047,#2048,#2049,#2050,#2051,#2052,#2053,#2054,#2055,
    #2056,#2057,#2058,#2059,#2060,#2061,#2062,#2063,#2064,#2065,#2066),
  .UNSPECIFIED.,.F.,.F.,(6,4,4,4,4,4,4,4,4,6),(0.,1.989783711811E-02,
    0.124421749433,0.232517642866,0.36498991092,0.533658330788,
    0.645533951858,0.761070202648,0.879599682984,1.),.UNSPECIFIED.);
#2029 = CARTESIAN_POINT('',(10.656764890482,2.749312671832E-03));
#2030 = CARTESIAN_POINT('',(10.65726980258,7.466024953179E-03));
#2031 = CARTESIAN_POINT('',(10.657602278007,1.218415752805E-02));
#2032 = CARTESIAN_POINT('',(10.657762026099,1.690277913625E-02));
#2033 = CARTESIAN_POINT('',(10.657748913708,2.162095636713E-02));
#2034 = CARTESIAN_POINT('',(10.656586172296,5.111522588829E-02));
#2035 = CARTESIAN_POINT('',(10.650839922674,7.585624166731E-02));
#2036 = CARTESIAN_POINT('',(10.640327407757,0.100420385323));
#2037 = CARTESIAN_POINT('',(10.625176418046,0.124680701871));
#2038 = CARTESIAN_POINT('',(10.585367851901,0.173181539243));
#2039 = CARTESIAN_POINT('',(10.56040106716,0.197395451726));
#2040 = CARTESIAN_POINT('',(10.530946264675,0.221043004466));
#2041 = CARTESIAN_POINT('',(10.497327077552,0.244034965561));
#2042 = CARTESIAN_POINT('',(10.413992401337,0.293601545065));
#2043 = CARTESIAN_POINT('',(10.362356115641,0.319815157692));
#2044 = CARTESIAN_POINT('',(10.305589186142,0.344835496723));
#2045 = CARTESIAN_POINT('',(10.244321307122,0.368609604163));
#2046 = CARTESIAN_POINT('',(10.096032012834,0.419777216527));
#2047 = CARTESIAN_POINT('',(10.006557898367,0.446381453429));
#2048 = CARTESIAN_POINT('',(9.911759989041,0.470899776154));
#2049 = CARTESIAN_POINT('',(9.812572046313,0.493357836492));
#2050 = CARTESIAN_POINT('',(9.641448629057,0.527362861908));
#2051 = CARTESIAN_POINT('',(9.571586676096,0.540036632937));
#2052 = CARTESIAN_POINT('',(9.500311565477,0.551836789167));
#2053 = CARTESIAN_POINT('',(9.427803741813,0.562777055407));
#2054 = CARTESIAN_POINT('',(9.278220548331,0.583296668137));
#2055 = CARTESIAN_POINT('',(9.201074949025,0.592819475247));
#2056 = CARTESIAN_POINT('',(9.12294776466,0.601455592959));
#2057 = CARTESIAN_POINT('',(9.043987404753,0.609218809091));
#2058 = CARTESIAN_POINT('',(8.88259305612,0.623202490432));
#2059 = CARTESIAN_POINT('',(8.800123493807,0.629377648374));
#2060 = CARTESIAN_POINT('',(8.717052425824,0.634659666231));
#2061 = CARTESIAN_POINT('',(8.633506517112,0.639058758612));
#2062 = CARTESIAN_POINT('',(8.464369467496,0.646161658628));
#2063 = CARTESIAN_POINT('',(8.378768073661,0.648837570622));
#2064 = CARTESIAN_POINT('',(8.292916154553,0.650617930671));
#2065 = CARTESIAN_POINT('',(8.206929204942,0.651507373278));
#2066 = CARTESIAN_POINT('',(8.120918047957,0.651507373278));
#2067 = ( GEOMETRIC_REPRESENTATION_CONTEXT(2) 
PARAMETRIC_REPRESENTATION_CONTEXT() REPRESENTATION_CONTEXT('2D SPACE',''
  ) );
#2068 = PCURVE('',#562,#2069);
#2069 = DEFINITIONAL_REPRESENTATION('',(#2070),#2109);
#2070 = B_SPLINE_CURVE_WITH_KNOTS('',5,(#2071,#2072,#2073,#2074,#2075,
    #2076,#2077,#2078,#2079,#2080,#2081,#2082,#2083,#2084,#2085,#2086,
    #2087,#2088,#2089,#2090,#2091,#2092,#2093,#2094,#2095,#2096,#2097,
    #2098,#2099,#2100,#2101,#2102,#2103,#2104,#2105,#2106,#2107,#2108),
  .UNSPECIFIED.,.F.,.F.,(6,4,4,4,4,4,4,4,4,6),(0.,1.989783711811E-02,
    0.124421749433,0.232517642866,0.36498991092,0.533658330788,
    0.645533951858,0.761070202648,0.879599682984,1.),.UNSPECIFIED.);
#2071 = CARTESIAN_POINT('',(3.14159265359,0.176357671927));
#2072 = CARTESIAN_POINT('',(3.134274958113,0.176163953058));
#2073 = CARTESIAN_POINT('',(3.12695592522,0.175970175857));
#2074 = CARTESIAN_POINT('',(3.119636183194,0.175776378571));
#2075 = CARTESIAN_POINT('',(3.112316362887,0.175582599536));
#2076 = CARTESIAN_POINT('',(3.066548786661,0.174371248031));
#2077 = CARTESIAN_POINT('',(3.028113309692,0.17335511618));
#2078 = CARTESIAN_POINT('',(2.989789892386,0.172346248598));
#2079 = CARTESIAN_POINT('',(2.95165887954,0.17134985942));
#2080 = CARTESIAN_POINT('',(2.874642794111,0.16935789409));
#2081 = CARTESIAN_POINT('',(2.8357726946,0.168363410761));
#2082 = CARTESIAN_POINT('',(2.797267698549,0.167392188247));
#2083 = CARTESIAN_POINT('',(2.759176694514,0.166447891368));
#2084 = CARTESIAN_POINT('',(2.675398942266,0.164412155219));
#2085 = CARTESIAN_POINT('',(2.629935852028,0.163335542723));
#2086 = CARTESIAN_POINT('',(2.585192014676,0.162307938859));
#2087 = CARTESIAN_POINT('',(2.541171713339,0.16133151865));
#2088 = CARTESIAN_POINT('',(2.442693412721,0.159230026894));
#2089 = CARTESIAN_POINT('',(2.388676240896,0.158137371171));
#2090 = CARTESIAN_POINT('',(2.335734186046,0.157130385488));
#2091 = CARTESIAN_POINT('',(2.283781809853,0.156208016309));
#2092 = CARTESIAN_POINT('',(2.198818969302,0.154811404717));
#2093 = CARTESIAN_POINT('',(2.16532256657,0.154290883549));
#2094 = CARTESIAN_POINT('',(2.132179386621,0.153806242389));
#2095 = CARTESIAN_POINT('',(2.099357390982,0.153356917548));
#2096 = CARTESIAN_POINT('',(2.03322699367,0.152514161848));
#2097 = CARTESIAN_POINT('',(1.999938156721,0.152123053103));
#2098 = CARTESIAN_POINT('',(1.966922745537,0.151768361349));
#2099 = CARTESIAN_POINT('',(1.934146616587,0.15144952031));
#2100 = CARTESIAN_POINT('',(1.868162917646,0.150875200155));
#2101 = CARTESIAN_POINT('',(1.834966345314,0.150621581843));
#2102 = CARTESIAN_POINT('',(1.801951335624,0.150404645456));
#2103 = CARTESIAN_POINT('',(1.769083343552,0.150223971472));
#2104 = CARTESIAN_POINT('',(1.703057454983,0.149932250105));
#2105 = CARTESIAN_POINT('',(1.669903258603,0.149822348416));
#2106 = CARTESIAN_POINT('',(1.636831275611,0.14974922771));
#2107 = CARTESIAN_POINT('',(1.603806975783,0.149712697643));
#2108 = CARTESIAN_POINT('',(1.570796326795,0.149712697643));
#2109 = ( GEOMETRIC_REPRESENTATION_CONTEXT(2) 
PARAMETRIC_REPRESENTATION_CONTEXT() REPRESENTATION_CONTEXT('2D SPACE',''
  ) );
#2110 = ORIENTED_EDGE('',*,*,#588,.F.);
#2111 = ADVANCED_FACE('',(#2112),#562,.F.);
#2112 = FACE_BOUND('',#2113,.F.);
#2113 = EDGE_LOOP('',(#2114,#2136,#2137,#2138));
#2114 = ORIENTED_EDGE('',*,*,#2115,.F.);
#2115 = EDGE_CURVE('',#1961,#2116,#2118,.T.);
#2116 = VERTEX_POINT('',#2117);
#2117 = CARTESIAN_POINT('',(-7.693333333333,-60.1,16.27));
#2118 = SURFACE_CURVE('',#2119,(#2122,#2129),.PCURVE_S1.);
#2119 = B_SPLINE_CURVE_WITH_KNOTS('',1,(#2120,#2121),.UNSPECIFIED.,.F.,
  .F.,(2,2),(0.,1.),.PIECEWISE_BEZIER_KNOTS.);
#2120 = CARTESIAN_POINT('',(-8.16,-61.8,16.9));
#2121 = CARTESIAN_POINT('',(-7.693333333333,-60.1,16.27));
#2122 = PCURVE('',#562,#2123);
#2123 = DEFINITIONAL_REPRESENTATION('',(#2124),#2128);
#2124 = LINE('',#2125,#2126);
#2125 = CARTESIAN_POINT('',(1.570796326795,0.));
#2126 = VECTOR('',#2127,1.);
#2127 = DIRECTION('',(0.,1.));
#2128 = ( GEOMETRIC_REPRESENTATION_CONTEXT(2) 
PARAMETRIC_REPRESENTATION_CONTEXT() REPRESENTATION_CONTEXT('2D SPACE',''
  ) );
#2129 = PCURVE('',#1974,#2130);
#2130 = DEFINITIONAL_REPRESENTATION('',(#2131),#2135);
#2131 = LINE('',#2132,#2133);
#2132 = CARTESIAN_POINT('',(8.16,0.));
#2133 = VECTOR('',#2134,1.);
#2134 = DIRECTION('',(0.,1.));
#2135 = ( GEOMETRIC_REPRESENTATION_CONTEXT(2) 
PARAMETRIC_REPRESENTATION_CONTEXT() REPRESENTATION_CONTEXT('2D SPACE',''
  ) );
#2136 = ORIENTED_EDGE('',*,*,#1985,.F.);
#2137 = ORIENTED_EDGE('',*,*,#548,.T.);
#2138 = ORIENTED_EDGE('',*,*,#2139,.F.);
#2139 = EDGE_CURVE('',#2116,#521,#2140,.T.);
#2140 = SURFACE_CURVE('',#2141,(#2146,#2153),.PCURVE_S1.);
#2141 = CIRCLE('',#2142,2.06);
#2142 = AXIS2_PLACEMENT_3D('',#2143,#2144,#2145);
#2143 = CARTESIAN_POINT('',(-7.693333333333,-60.1,14.21));
#2144 = DIRECTION('',(0.,-1.,0.));
#2145 = DIRECTION('',(1.,0.,0.));
#2146 = PCURVE('',#562,#2147);
#2147 = DEFINITIONAL_REPRESENTATION('',(#2148),#2152);
#2148 = LINE('',#2149,#2150);
#2149 = CARTESIAN_POINT('',(0.,1.));
#2150 = VECTOR('',#2151,1.);
#2151 = DIRECTION('',(1.,0.));
#2152 = ( GEOMETRIC_REPRESENTATION_CONTEXT(2) 
PARAMETRIC_REPRESENTATION_CONTEXT() REPRESENTATION_CONTEXT('2D SPACE',''
  ) );
#2153 = PCURVE('',#2154,#2173);
#2154 = B_SPLINE_SURFACE_WITH_KNOTS('',8,1,(
    (#2155,#2156)
    ,(#2157,#2158)
    ,(#2159,#2160)
    ,(#2161,#2162)
    ,(#2163,#2164)
    ,(#2165,#2166)
    ,(#2167,#2168)
    ,(#2169,#2170)
    ,(#2171,#2172
    )),.UNSPECIFIED.,.F.,.F.,.F.,(9,9),(2,2),(1.570796326795,
    3.14159265359),(0.,1.),.PIECEWISE_BEZIER_KNOTS.);
#2155 = CARTESIAN_POINT('',(-7.693333333333,-60.1,16.27));
#2156 = CARTESIAN_POINT('',(-9.413333333333,-59.75,14.4));
#2157 = CARTESIAN_POINT('',(-8.097813387483,-60.1,16.27));
#2158 = CARTESIAN_POINT('',(-9.450639746095,-59.75,14.4));
#2159 = CARTESIAN_POINT('',(-8.502293568952,-60.1,16.17923477474));
#2160 = CARTESIAN_POINT('',(-9.487946004168,-59.74999999999,
    14.391628283666));
#2161 = CARTESIAN_POINT('',(-8.883010596063,-60.09999999999,
    15.997705215695));
#2162 = CARTESIAN_POINT('',(-9.523061380436,-59.75,14.374885965095));
#2163 = CARTESIAN_POINT('',(-9.21620637024,-60.1,15.732873036907));
#2164 = CARTESIAN_POINT('',(-9.553791751321,-59.75,14.350458417987));
#2165 = CARTESIAN_POINT('',(-9.481038549028,-60.09999999999,
    15.39967726273));
#2166 = CARTESIAN_POINT('',(-9.578219298428,-59.74999999999,
    14.319728047103));
#2167 = CARTESIAN_POINT('',(-9.662568108073,-60.1,15.018960235619));
#2168 = CARTESIAN_POINT('',(-9.594961617,-59.75,14.284612670835));
#2169 = CARTESIAN_POINT('',(-9.753333333333,-60.1,14.61448005415));
#2170 = CARTESIAN_POINT('',(-9.603333333333,-59.75,14.247306412761));
#2171 = CARTESIAN_POINT('',(-9.753333333333,-60.1,14.21));
#2172 = CARTESIAN_POINT('',(-9.603333333333,-59.75,14.21));
#2173 = DEFINITIONAL_REPRESENTATION('',(#2174),#2178);
#2174 = LINE('',#2175,#2176);
#2175 = CARTESIAN_POINT('',(0.,0.));
#2176 = VECTOR('',#2177,1.);
#2177 = DIRECTION('',(1.,0.));
#2178 = ( GEOMETRIC_REPRESENTATION_CONTEXT(2) 
PARAMETRIC_REPRESENTATION_CONTEXT() REPRESENTATION_CONTEXT('2D SPACE',''
  ) );
#2179 = ADVANCED_FACE('',(#2180),#536,.F.);
#2180 = FACE_BOUND('',#2181,.F.);
#2181 = EDGE_LOOP('',(#2182,#2183,#2223,#2251));
#2182 = ORIENTED_EDGE('',*,*,#520,.F.);
#2183 = ORIENTED_EDGE('',*,*,#2184,.T.);
#2184 = EDGE_CURVE('',#481,#2185,#2187,.T.);
#2185 = VERTEX_POINT('',#2186);
#2186 = CARTESIAN_POINT('',(-9.603333333333,-59.75,14.19));
#2187 = SURFACE_CURVE('',#2188,(#2191,#2197),.PCURVE_S1.);
#2188 = B_SPLINE_CURVE_WITH_KNOTS('',1,(#2189,#2190),.UNSPECIFIED.,.F.,
  .F.,(2,2),(0.,1.),.PIECEWISE_BEZIER_KNOTS.);
#2189 = CARTESIAN_POINT('',(-9.753333333333,-60.1,14.19));
#2190 = CARTESIAN_POINT('',(-9.603333333333,-59.75,14.19));
#2191 = PCURVE('',#536,#2192);
#2192 = DEFINITIONAL_REPRESENTATION('',(#2193),#2196);
#2193 = B_SPLINE_CURVE_WITH_KNOTS('',1,(#2194,#2195),.UNSPECIFIED.,.F.,
  .F.,(2,2),(0.,1.),.PIECEWISE_BEZIER_KNOTS.);
#2194 = CARTESIAN_POINT('',(1.E-02,-0.380788655293));
#2195 = CARTESIAN_POINT('',(1.E-02,0.));
#2196 = ( GEOMETRIC_REPRESENTATION_CONTEXT(2) 
PARAMETRIC_REPRESENTATION_CONTEXT() REPRESENTATION_CONTEXT('2D SPACE',''
  ) );
#2197 = PCURVE('',#2198,#2217);
#2198 = B_SPLINE_SURFACE_WITH_KNOTS('',8,1,(
    (#2199,#2200)
    ,(#2201,#2202)
    ,(#2203,#2204)
    ,(#2205,#2206)
    ,(#2207,#2208)
    ,(#2209,#2210)
    ,(#2211,#2212)
    ,(#2213,#2214)
    ,(#2215,#2216
    )),.UNSPECIFIED.,.F.,.F.,.F.,(9,9),(2,2),(3.14159265359,
    4.712388980385),(0.,1.),.PIECEWISE_BEZIER_KNOTS.);
#2199 = CARTESIAN_POINT('',(-9.753333333333,-60.1,14.19));
#2200 = CARTESIAN_POINT('',(-9.603333333333,-59.75,14.19));
#2201 = CARTESIAN_POINT('',(-9.753333333333,-60.09999999999,
    13.78551994585));
#2202 = CARTESIAN_POINT('',(-9.603333333333,-59.75,14.152693587239));
#2203 = CARTESIAN_POINT('',(-9.662568108074,-60.1,13.381039764382));
#2204 = CARTESIAN_POINT('',(-9.594961617,-59.75,14.115387329165));
#2205 = CARTESIAN_POINT('',(-9.481038549028,-60.09999999999,
    13.000322737268));
#2206 = CARTESIAN_POINT('',(-9.578219298428,-59.74999999999,
    14.080271952897));
#2207 = CARTESIAN_POINT('',(-9.216206370241,-60.1,12.667126963095));
#2208 = CARTESIAN_POINT('',(-9.553791751321,-59.75,14.049541582013));
#2209 = CARTESIAN_POINT('',(-8.883010596063,-60.09999999999,
    12.402294784304));
#2210 = CARTESIAN_POINT('',(-9.523061380436,-59.75,14.025114034905));
#2211 = CARTESIAN_POINT('',(-8.502293568952,-60.1,12.220765225261));
#2212 = CARTESIAN_POINT('',(-9.487946004168,-59.74999999999,
    14.008371716333));
#2213 = CARTESIAN_POINT('',(-8.097813387483,-60.09999999999,12.13));
#2214 = CARTESIAN_POINT('',(-9.450639746095,-59.75,14.));
#2215 = CARTESIAN_POINT('',(-7.693333333333,-60.1,12.13));
#2216 = CARTESIAN_POINT('',(-9.413333333333,-59.75,14.));
#2217 = DEFINITIONAL_REPRESENTATION('',(#2218),#2222);
#2218 = LINE('',#2219,#2220);
#2219 = CARTESIAN_POINT('',(3.14159265359,0.));
#2220 = VECTOR('',#2221,1.);
#2221 = DIRECTION('',(0.,1.));
#2222 = ( GEOMETRIC_REPRESENTATION_CONTEXT(2) 
PARAMETRIC_REPRESENTATION_CONTEXT() REPRESENTATION_CONTEXT('2D SPACE',''
  ) );
#2223 = ORIENTED_EDGE('',*,*,#2224,.T.);
#2224 = EDGE_CURVE('',#2185,#2225,#2227,.T.);
#2225 = VERTEX_POINT('',#2226);
#2226 = CARTESIAN_POINT('',(-9.603333333333,-59.75,14.21));
#2227 = SURFACE_CURVE('',#2228,(#2232,#2239),.PCURVE_S1.);
#2228 = LINE('',#2229,#2230);
#2229 = CARTESIAN_POINT('',(-9.603333333333,-59.75,14.2));
#2230 = VECTOR('',#2231,1.);
#2231 = DIRECTION('',(0.,0.,1.));
#2232 = PCURVE('',#536,#2233);
#2233 = DEFINITIONAL_REPRESENTATION('',(#2234),#2238);
#2234 = LINE('',#2235,#2236);
#2235 = CARTESIAN_POINT('',(0.,0.));
#2236 = VECTOR('',#2237,1.);
#2237 = DIRECTION('',(-1.,0.));
#2238 = ( GEOMETRIC_REPRESENTATION_CONTEXT(2) 
PARAMETRIC_REPRESENTATION_CONTEXT() REPRESENTATION_CONTEXT('2D SPACE',''
  ) );
#2239 = PCURVE('',#2240,#2245);
#2240 = PLANE('',#2241);
#2241 = AXIS2_PLACEMENT_3D('',#2242,#2243,#2244);
#2242 = CARTESIAN_POINT('',(-9.413333333333,-59.75,14.19));
#2243 = DIRECTION('',(0.,-1.,0.));
#2244 = DIRECTION('',(1.,0.,0.));
#2245 = DEFINITIONAL_REPRESENTATION('',(#2246),#2250);
#2246 = LINE('',#2247,#2248);
#2247 = CARTESIAN_POINT('',(-0.19,1.E-02));
#2248 = VECTOR('',#2249,1.);
#2249 = DIRECTION('',(0.,1.));
#2250 = ( GEOMETRIC_REPRESENTATION_CONTEXT(2) 
PARAMETRIC_REPRESENTATION_CONTEXT() REPRESENTATION_CONTEXT('2D SPACE',''
  ) );
#2251 = ORIENTED_EDGE('',*,*,#2252,.F.);
#2252 = EDGE_CURVE('',#521,#2225,#2253,.T.);
#2253 = SURFACE_CURVE('',#2254,(#2257,#2263),.PCURVE_S1.);
#2254 = B_SPLINE_CURVE_WITH_KNOTS('',1,(#2255,#2256),.UNSPECIFIED.,.F.,
  .F.,(2,2),(0.,1.),.PIECEWISE_BEZIER_KNOTS.);
#2255 = CARTESIAN_POINT('',(-9.753333333333,-60.1,14.21));
#2256 = CARTESIAN_POINT('',(-9.603333333333,-59.75,14.21));
#2257 = PCURVE('',#536,#2258);
#2258 = DEFINITIONAL_REPRESENTATION('',(#2259),#2262);
#2259 = B_SPLINE_CURVE_WITH_KNOTS('',1,(#2260,#2261),.UNSPECIFIED.,.F.,
  .F.,(2,2),(0.,1.),.PIECEWISE_BEZIER_KNOTS.);
#2260 = CARTESIAN_POINT('',(-1.E-02,-0.380788655293));
#2261 = CARTESIAN_POINT('',(-1.E-02,0.));
#2262 = ( GEOMETRIC_REPRESENTATION_CONTEXT(2) 
PARAMETRIC_REPRESENTATION_CONTEXT() REPRESENTATION_CONTEXT('2D SPACE',''
  ) );
#2263 = PCURVE('',#2154,#2264);
#2264 = DEFINITIONAL_REPRESENTATION('',(#2265),#2269);
#2265 = LINE('',#2266,#2267);
#2266 = CARTESIAN_POINT('',(3.14159265359,0.));
#2267 = VECTOR('',#2268,1.);
#2268 = DIRECTION('',(0.,1.));
#2269 = ( GEOMETRIC_REPRESENTATION_CONTEXT(2) 
PARAMETRIC_REPRESENTATION_CONTEXT() REPRESENTATION_CONTEXT('2D SPACE',''
  ) );
#2270 = ADVANCED_FACE('',(#2271),#494,.F.);
#2271 = FACE_BOUND('',#2272,.F.);
#2272 = EDGE_LOOP('',(#2273,#2274,#2275,#2297));
#2273 = ORIENTED_EDGE('',*,*,#480,.F.);
#2274 = ORIENTED_EDGE('',*,*,#713,.F.);
#2275 = ORIENTED_EDGE('',*,*,#2276,.T.);
#2276 = EDGE_CURVE('',#714,#2277,#2279,.T.);
#2277 = VERTEX_POINT('',#2278);
#2278 = CARTESIAN_POINT('',(-7.693333333333,-60.1,12.13));
#2279 = SURFACE_CURVE('',#2280,(#2283,#2290),.PCURVE_S1.);
#2280 = B_SPLINE_CURVE_WITH_KNOTS('',1,(#2281,#2282),.UNSPECIFIED.,.F.,
  .F.,(2,2),(0.,1.),.PIECEWISE_BEZIER_KNOTS.);
#2281 = CARTESIAN_POINT('',(-8.16,-61.8,11.5));
#2282 = CARTESIAN_POINT('',(-7.693333333333,-60.1,12.13));
#2283 = PCURVE('',#494,#2284);
#2284 = DEFINITIONAL_REPRESENTATION('',(#2285),#2289);
#2285 = LINE('',#2286,#2287);
#2286 = CARTESIAN_POINT('',(4.712388980385,0.));
#2287 = VECTOR('',#2288,1.);
#2288 = DIRECTION('',(0.,1.));
#2289 = ( GEOMETRIC_REPRESENTATION_CONTEXT(2) 
PARAMETRIC_REPRESENTATION_CONTEXT() REPRESENTATION_CONTEXT('2D SPACE',''
  ) );
#2290 = PCURVE('',#855,#2291);
#2291 = DEFINITIONAL_REPRESENTATION('',(#2292),#2296);
#2292 = LINE('',#2293,#2294);
#2293 = CARTESIAN_POINT('',(-8.16,0.));
#2294 = VECTOR('',#2295,1.);
#2295 = DIRECTION('',(0.,1.));
#2296 = ( GEOMETRIC_REPRESENTATION_CONTEXT(2) 
PARAMETRIC_REPRESENTATION_CONTEXT() REPRESENTATION_CONTEXT('2D SPACE',''
  ) );
#2297 = ORIENTED_EDGE('',*,*,#2298,.F.);
#2298 = EDGE_CURVE('',#481,#2277,#2299,.T.);
#2299 = SURFACE_CURVE('',#2300,(#2305,#2312),.PCURVE_S1.);
#2300 = CIRCLE('',#2301,2.06);
#2301 = AXIS2_PLACEMENT_3D('',#2302,#2303,#2304);
#2302 = CARTESIAN_POINT('',(-7.693333333333,-60.1,14.19));
#2303 = DIRECTION('',(0.,-1.,0.));
#2304 = DIRECTION('',(1.,0.,0.));
#2305 = PCURVE('',#494,#2306);
#2306 = DEFINITIONAL_REPRESENTATION('',(#2307),#2311);
#2307 = LINE('',#2308,#2309);
#2308 = CARTESIAN_POINT('',(0.,1.));
#2309 = VECTOR('',#2310,1.);
#2310 = DIRECTION('',(1.,0.));
#2311 = ( GEOMETRIC_REPRESENTATION_CONTEXT(2) 
PARAMETRIC_REPRESENTATION_CONTEXT() REPRESENTATION_CONTEXT('2D SPACE',''
  ) );
#2312 = PCURVE('',#2198,#2313);
#2313 = DEFINITIONAL_REPRESENTATION('',(#2314),#2318);
#2314 = LINE('',#2315,#2316);
#2315 = CARTESIAN_POINT('',(0.,0.));
#2316 = VECTOR('',#2317,1.);
#2317 = DIRECTION('',(1.,0.));
#2318 = ( GEOMETRIC_REPRESENTATION_CONTEXT(2) 
PARAMETRIC_REPRESENTATION_CONTEXT() REPRESENTATION_CONTEXT('2D SPACE',''
  ) );
#2319 = ADVANCED_FACE('',(#2320,#2326,#2428,#2530),#679,.F.);
#2320 = FACE_BOUND('',#2321,.F.);
#2321 = EDGE_LOOP('',(#2322,#2323,#2324,#2325));
#2322 = ORIENTED_EDGE('',*,*,#1055,.F.);
#2323 = ORIENTED_EDGE('',*,*,#1103,.T.);
#2324 = ORIENTED_EDGE('',*,*,#1150,.T.);
#2325 = ORIENTED_EDGE('',*,*,#662,.F.);
#2326 = FACE_BOUND('',#2327,.F.);
#2327 = EDGE_LOOP('',(#2328,#2355,#2380,#2405));
#2328 = ORIENTED_EDGE('',*,*,#2329,.T.);
#2329 = EDGE_CURVE('',#2330,#2332,#2334,.T.);
#2330 = VERTEX_POINT('',#2331);
#2331 = CARTESIAN_POINT('',(9.016,-68.416,10.2));
#2332 = VERTEX_POINT('',#2333);
#2333 = CARTESIAN_POINT('',(-9.016,-68.416,10.2));
#2334 = SURFACE_CURVE('',#2335,(#2338,#2344),.PCURVE_S1.);
#2335 = B_SPLINE_CURVE_WITH_KNOTS('',1,(#2336,#2337),.UNSPECIFIED.,.F.,
  .F.,(2,2),(0.,1.),.PIECEWISE_BEZIER_KNOTS.);
#2336 = CARTESIAN_POINT('',(9.016,-68.416,10.2));
#2337 = CARTESIAN_POINT('',(-9.016,-68.416,10.2));
#2338 = PCURVE('',#679,#2339);
#2339 = DEFINITIONAL_REPRESENTATION('',(#2340),#2343);
#2340 = B_SPLINE_CURVE_WITH_KNOTS('',1,(#2341,#2342),.UNSPECIFIED.,.F.,
  .F.,(2,2),(0.,1.),.PIECEWISE_BEZIER_KNOTS.);
#2341 = CARTESIAN_POINT('',(20.268542880236,-5.497395338737));
#2342 = CARTESIAN_POINT('',(3.250943425721,0.465350069689));
#2343 = ( GEOMETRIC_REPRESENTATION_CONTEXT(2) 
PARAMETRIC_REPRESENTATION_CONTEXT() REPRESENTATION_CONTEXT('2D SPACE',''
  ) );
#2344 = PCURVE('',#2345,#2350);
#2345 = B_SPLINE_SURFACE_WITH_KNOTS('',1,1,(
    (#2346,#2347)
    ,(#2348,#2349
    )),.UNSPECIFIED.,.F.,.F.,.F.,(2,2),(2,2),(-9.02,9.02),(0.,1.),
  .PIECEWISE_BEZIER_KNOTS.);
#2346 = CARTESIAN_POINT('',(-9.02,-68.42,10.1));
#2347 = CARTESIAN_POINT('',(-9.,-68.4,10.6));
#2348 = CARTESIAN_POINT('',(9.02,-68.42,10.1));
#2349 = CARTESIAN_POINT('',(9.,-68.4,10.6));
#2350 = DEFINITIONAL_REPRESENTATION('',(#2351),#2354);
#2351 = B_SPLINE_CURVE_WITH_KNOTS('',1,(#2352,#2353),.UNSPECIFIED.,.F.,
  .F.,(2,2),(0.,1.),.PIECEWISE_BEZIER_KNOTS.);
#2352 = CARTESIAN_POINT('',(9.02,0.2));
#2353 = CARTESIAN_POINT('',(-9.02,0.2));
#2354 = ( GEOMETRIC_REPRESENTATION_CONTEXT(2) 
PARAMETRIC_REPRESENTATION_CONTEXT() REPRESENTATION_CONTEXT('2D SPACE',''
  ) );
#2355 = ORIENTED_EDGE('',*,*,#2356,.T.);
#2356 = EDGE_CURVE('',#2332,#2357,#2359,.T.);
#2357 = VERTEX_POINT('',#2358);
#2358 = CARTESIAN_POINT('',(-9.016,-67.584,10.2));
#2359 = SURFACE_CURVE('',#2360,(#2363,#2369),.PCURVE_S1.);
#2360 = B_SPLINE_CURVE_WITH_KNOTS('',1,(#2361,#2362),.UNSPECIFIED.,.F.,
  .F.,(2,2),(0.,1.),.PIECEWISE_BEZIER_KNOTS.);
#2361 = CARTESIAN_POINT('',(-9.016,-68.416,10.2));
#2362 = CARTESIAN_POINT('',(-9.016,-67.584,10.2));
#2363 = PCURVE('',#679,#2364);
#2364 = DEFINITIONAL_REPRESENTATION('',(#2365),#2368);
#2365 = B_SPLINE_CURVE_WITH_KNOTS('',1,(#2366,#2367),.UNSPECIFIED.,.F.,
  .F.,(2,2),(0.,1.),.PIECEWISE_BEZIER_KNOTS.);
#2366 = CARTESIAN_POINT('',(3.250943425721,0.465350069689));
#2367 = CARTESIAN_POINT('',(3.526065662844,1.2505454305));
#2368 = ( GEOMETRIC_REPRESENTATION_CONTEXT(2) 
PARAMETRIC_REPRESENTATION_CONTEXT() REPRESENTATION_CONTEXT('2D SPACE',''
  ) );
#2369 = PCURVE('',#2370,#2375);
#2370 = B_SPLINE_SURFACE_WITH_KNOTS('',1,1,(
    (#2371,#2372)
    ,(#2373,#2374
    )),.UNSPECIFIED.,.F.,.F.,.F.,(2,2),(2,2),(-0.42,0.42),(0.,1.),
  .PIECEWISE_BEZIER_KNOTS.);
#2371 = CARTESIAN_POINT('',(-9.02,-67.58,10.1));
#2372 = CARTESIAN_POINT('',(-9.,-67.6,10.6));
#2373 = CARTESIAN_POINT('',(-9.02,-68.42,10.1));
#2374 = CARTESIAN_POINT('',(-9.,-68.4,10.6));
#2375 = DEFINITIONAL_REPRESENTATION('',(#2376),#2379);
#2376 = B_SPLINE_CURVE_WITH_KNOTS('',1,(#2377,#2378),.UNSPECIFIED.,.F.,
  .F.,(2,2),(0.,1.),.PIECEWISE_BEZIER_KNOTS.);
#2377 = CARTESIAN_POINT('',(0.42,0.2));
#2378 = CARTESIAN_POINT('',(-0.42,0.2));
#2379 = ( GEOMETRIC_REPRESENTATION_CONTEXT(2) 
PARAMETRIC_REPRESENTATION_CONTEXT() REPRESENTATION_CONTEXT('2D SPACE',''
  ) );
#2380 = ORIENTED_EDGE('',*,*,#2381,.T.);
#2381 = EDGE_CURVE('',#2357,#2382,#2384,.T.);
#2382 = VERTEX_POINT('',#2383);
#2383 = CARTESIAN_POINT('',(9.016,-67.584,10.2));
#2384 = SURFACE_CURVE('',#2385,(#2388,#2394),.PCURVE_S1.);
#2385 = B_SPLINE_CURVE_WITH_KNOTS('',1,(#2386,#2387),.UNSPECIFIED.,.F.,
  .F.,(2,2),(0.,1.),.PIECEWISE_BEZIER_KNOTS.);
#2386 = CARTESIAN_POINT('',(-9.016,-67.584,10.2));
#2387 = CARTESIAN_POINT('',(9.016,-67.584,10.2));
#2388 = PCURVE('',#679,#2389);
#2389 = DEFINITIONAL_REPRESENTATION('',(#2390),#2393);
#2390 = B_SPLINE_CURVE_WITH_KNOTS('',1,(#2391,#2392),.UNSPECIFIED.,.F.,
  .F.,(2,2),(0.,1.),.PIECEWISE_BEZIER_KNOTS.);
#2391 = CARTESIAN_POINT('',(3.526065662844,1.2505454305));
#2392 = CARTESIAN_POINT('',(20.543665117359,-4.712199977925));
#2393 = ( GEOMETRIC_REPRESENTATION_CONTEXT(2) 
PARAMETRIC_REPRESENTATION_CONTEXT() REPRESENTATION_CONTEXT('2D SPACE',''
  ) );
#2394 = PCURVE('',#2395,#2400);
#2395 = B_SPLINE_SURFACE_WITH_KNOTS('',1,1,(
    (#2396,#2397)
    ,(#2398,#2399
    )),.UNSPECIFIED.,.F.,.F.,.F.,(2,2),(2,2),(-9.02,9.02),(0.,1.),
  .PIECEWISE_BEZIER_KNOTS.);
#2396 = CARTESIAN_POINT('',(9.02,-67.58,10.1));
#2397 = CARTESIAN_POINT('',(9.,-67.6,10.6));
#2398 = CARTESIAN_POINT('',(-9.02,-67.58,10.1));
#2399 = CARTESIAN_POINT('',(-9.,-67.6,10.6));
#2400 = DEFINITIONAL_REPRESENTATION('',(#2401),#2404);
#2401 = B_SPLINE_CURVE_WITH_KNOTS('',1,(#2402,#2403),.UNSPECIFIED.,.F.,
  .F.,(2,2),(0.,1.),.PIECEWISE_BEZIER_KNOTS.);
#2402 = CARTESIAN_POINT('',(9.02,0.2));
#2403 = CARTESIAN_POINT('',(-9.02,0.2));
#2404 = ( GEOMETRIC_REPRESENTATION_CONTEXT(2) 
PARAMETRIC_REPRESENTATION_CONTEXT() REPRESENTATION_CONTEXT('2D SPACE',''
  ) );
#2405 = ORIENTED_EDGE('',*,*,#2406,.T.);
#2406 = EDGE_CURVE('',#2382,#2330,#2407,.T.);
#2407 = SURFACE_CURVE('',#2408,(#2411,#2417),.PCURVE_S1.);
#2408 = B_SPLINE_CURVE_WITH_KNOTS('',1,(#2409,#2410),.UNSPECIFIED.,.F.,
  .F.,(2,2),(0.,1.),.PIECEWISE_BEZIER_KNOTS.);
#2409 = CARTESIAN_POINT('',(9.016,-67.584,10.2));
#2410 = CARTESIAN_POINT('',(9.016,-68.416,10.2));
#2411 = PCURVE('',#679,#2412);
#2412 = DEFINITIONAL_REPRESENTATION('',(#2413),#2416);
#2413 = B_SPLINE_CURVE_WITH_KNOTS('',1,(#2414,#2415),.UNSPECIFIED.,.F.,
  .F.,(2,2),(0.,1.),.PIECEWISE_BEZIER_KNOTS.);
#2414 = CARTESIAN_POINT('',(20.543665117359,-4.712199977925));
#2415 = CARTESIAN_POINT('',(20.268542880236,-5.497395338737));
#2416 = ( GEOMETRIC_REPRESENTATION_CONTEXT(2) 
PARAMETRIC_REPRESENTATION_CONTEXT() REPRESENTATION_CONTEXT('2D SPACE',''
  ) );
#2417 = PCURVE('',#2418,#2423);
#2418 = B_SPLINE_SURFACE_WITH_KNOTS('',1,1,(
    (#2419,#2420)
    ,(#2421,#2422
    )),.UNSPECIFIED.,.F.,.F.,.F.,(2,2),(2,2),(-0.42,0.42),(0.,1.),
  .PIECEWISE_BEZIER_KNOTS.);
#2419 = CARTESIAN_POINT('',(9.02,-68.42,10.1));
#2420 = CARTESIAN_POINT('',(9.,-68.4,10.6));
#2421 = CARTESIAN_POINT('',(9.02,-67.58,10.1));
#2422 = CARTESIAN_POINT('',(9.,-67.6,10.6));
#2423 = DEFINITIONAL_REPRESENTATION('',(#2424),#2427);
#2424 = B_SPLINE_CURVE_WITH_KNOTS('',1,(#2425,#2426),.UNSPECIFIED.,.F.,
  .F.,(2,2),(0.,1.),.PIECEWISE_BEZIER_KNOTS.);
#2425 = CARTESIAN_POINT('',(0.42,0.2));
#2426 = CARTESIAN_POINT('',(-0.42,0.2));
#2427 = ( GEOMETRIC_REPRESENTATION_CONTEXT(2) 
PARAMETRIC_REPRESENTATION_CONTEXT() REPRESENTATION_CONTEXT('2D SPACE',''
  ) );
#2428 = FACE_BOUND('',#2429,.F.);
#2429 = EDGE_LOOP('',(#2430,#2457,#2482,#2507));
#2430 = ORIENTED_EDGE('',*,*,#2431,.T.);
#2431 = EDGE_CURVE('',#2432,#2434,#2436,.T.);
#2432 = VERTEX_POINT('',#2433);
#2433 = CARTESIAN_POINT('',(9.016,-66.416,10.2));
#2434 = VERTEX_POINT('',#2435);
#2435 = CARTESIAN_POINT('',(-9.016,-66.416,10.2));
#2436 = SURFACE_CURVE('',#2437,(#2440,#2446),.PCURVE_S1.);
#2437 = B_SPLINE_CURVE_WITH_KNOTS('',1,(#2438,#2439),.UNSPECIFIED.,.F.,
  .F.,(2,2),(0.,1.),.PIECEWISE_BEZIER_KNOTS.);
#2438 = CARTESIAN_POINT('',(9.016,-66.416,10.2));
#2439 = CARTESIAN_POINT('',(-9.016,-66.416,10.2));
#2440 = PCURVE('',#679,#2441);
#2441 = DEFINITIONAL_REPRESENTATION('',(#2442),#2445);
#2442 = B_SPLINE_CURVE_WITH_KNOTS('',1,(#2443,#2444),.UNSPECIFIED.,.F.,
  .F.,(2,2),(0.,1.),.PIECEWISE_BEZIER_KNOTS.);
#2443 = CARTESIAN_POINT('',(20.929894411782,-3.609906490632));
#2444 = CARTESIAN_POINT('',(3.912294957267,2.352838917794));
#2445 = ( GEOMETRIC_REPRESENTATION_CONTEXT(2) 
PARAMETRIC_REPRESENTATION_CONTEXT() REPRESENTATION_CONTEXT('2D SPACE',''
  ) );
#2446 = PCURVE('',#2447,#2452);
#2447 = B_SPLINE_SURFACE_WITH_KNOTS('',1,1,(
    (#2448,#2449)
    ,(#2450,#2451
    )),.UNSPECIFIED.,.F.,.F.,.F.,(2,2),(2,2),(-9.02,9.02),(0.,1.),
  .PIECEWISE_BEZIER_KNOTS.);
#2448 = CARTESIAN_POINT('',(-9.02,-66.42,10.1));
#2449 = CARTESIAN_POINT('',(-9.,-66.4,10.6));
#2450 = CARTESIAN_POINT('',(9.02,-66.42,10.1));
#2451 = CARTESIAN_POINT('',(9.,-66.4,10.6));
#2452 = DEFINITIONAL_REPRESENTATION('',(#2453),#2456);
#2453 = B_SPLINE_CURVE_WITH_KNOTS('',1,(#2454,#2455),.UNSPECIFIED.,.F.,
  .F.,(2,2),(0.,1.),.PIECEWISE_BEZIER_KNOTS.);
#2454 = CARTESIAN_POINT('',(9.02,0.2));
#2455 = CARTESIAN_POINT('',(-9.02,0.2));
#2456 = ( GEOMETRIC_REPRESENTATION_CONTEXT(2) 
PARAMETRIC_REPRESENTATION_CONTEXT() REPRESENTATION_CONTEXT('2D SPACE',''
  ) );
#2457 = ORIENTED_EDGE('',*,*,#2458,.T.);
#2458 = EDGE_CURVE('',#2434,#2459,#2461,.T.);
#2459 = VERTEX_POINT('',#2460);
#2460 = CARTESIAN_POINT('',(-9.016,-65.584,10.2));
#2461 = SURFACE_CURVE('',#2462,(#2465,#2471),.PCURVE_S1.);
#2462 = B_SPLINE_CURVE_WITH_KNOTS('',1,(#2463,#2464),.UNSPECIFIED.,.F.,
  .F.,(2,2),(0.,1.),.PIECEWISE_BEZIER_KNOTS.);
#2463 = CARTESIAN_POINT('',(-9.016,-66.416,10.2));
#2464 = CARTESIAN_POINT('',(-9.016,-65.584,10.2));
#2465 = PCURVE('',#679,#2466);
#2466 = DEFINITIONAL_REPRESENTATION('',(#2467),#2470);
#2467 = B_SPLINE_CURVE_WITH_KNOTS('',1,(#2468,#2469),.UNSPECIFIED.,.F.,
  .F.,(2,2),(0.,1.),.PIECEWISE_BEZIER_KNOTS.);
#2468 = CARTESIAN_POINT('',(3.912294957267,2.352838917794));
#2469 = CARTESIAN_POINT('',(4.187417194391,3.138034278605));
#2470 = ( GEOMETRIC_REPRESENTATION_CONTEXT(2) 
PARAMETRIC_REPRESENTATION_CONTEXT() REPRESENTATION_CONTEXT('2D SPACE',''
  ) );
#2471 = PCURVE('',#2472,#2477);
#2472 = B_SPLINE_SURFACE_WITH_KNOTS('',1,1,(
    (#2473,#2474)
    ,(#2475,#2476
    )),.UNSPECIFIED.,.F.,.F.,.F.,(2,2),(2,2),(-0.42,0.42),(0.,1.),
  .PIECEWISE_BEZIER_KNOTS.);
#2473 = CARTESIAN_POINT('',(-9.02,-65.58,10.1));
#2474 = CARTESIAN_POINT('',(-9.,-65.6,10.6));
#2475 = CARTESIAN_POINT('',(-9.02,-66.42,10.1));
#2476 = CARTESIAN_POINT('',(-9.,-66.4,10.6));
#2477 = DEFINITIONAL_REPRESENTATION('',(#2478),#2481);
#2478 = B_SPLINE_CURVE_WITH_KNOTS('',1,(#2479,#2480),.UNSPECIFIED.,.F.,
  .F.,(2,2),(0.,1.),.PIECEWISE_BEZIER_KNOTS.);
#2479 = CARTESIAN_POINT('',(0.42,0.2));
#2480 = CARTESIAN_POINT('',(-0.42,0.2));
#2481 = ( GEOMETRIC_REPRESENTATION_CONTEXT(2) 
PARAMETRIC_REPRESENTATION_CONTEXT() REPRESENTATION_CONTEXT('2D SPACE',''
  ) );
#2482 = ORIENTED_EDGE('',*,*,#2483,.T.);
#2483 = EDGE_CURVE('',#2459,#2484,#2486,.T.);
#2484 = VERTEX_POINT('',#2485);
#2485 = CARTESIAN_POINT('',(9.016,-65.584,10.2));
#2486 = SURFACE_CURVE('',#2487,(#2490,#2496),.PCURVE_S1.);
#2487 = B_SPLINE_CURVE_WITH_KNOTS('',1,(#2488,#2489),.UNSPECIFIED.,.F.,
  .F.,(2,2),(0.,1.),.PIECEWISE_BEZIER_KNOTS.);
#2488 = CARTESIAN_POINT('',(-9.016,-65.584,10.2));
#2489 = CARTESIAN_POINT('',(9.016,-65.584,10.2));
#2490 = PCURVE('',#679,#2491);
#2491 = DEFINITIONAL_REPRESENTATION('',(#2492),#2495);
#2492 = B_SPLINE_CURVE_WITH_KNOTS('',1,(#2493,#2494),.UNSPECIFIED.,.F.,
  .F.,(2,2),(0.,1.),.PIECEWISE_BEZIER_KNOTS.);
#2493 = CARTESIAN_POINT('',(4.187417194391,3.138034278605));
#2494 = CARTESIAN_POINT('',(21.205016648906,-2.82471112982));
#2495 = ( GEOMETRIC_REPRESENTATION_CONTEXT(2) 
PARAMETRIC_REPRESENTATION_CONTEXT() REPRESENTATION_CONTEXT('2D SPACE',''
  ) );
#2496 = PCURVE('',#2497,#2502);
#2497 = B_SPLINE_SURFACE_WITH_KNOTS('',1,1,(
    (#2498,#2499)
    ,(#2500,#2501
    )),.UNSPECIFIED.,.F.,.F.,.F.,(2,2),(2,2),(-9.02,9.02),(0.,1.),
  .PIECEWISE_BEZIER_KNOTS.);
#2498 = CARTESIAN_POINT('',(9.02,-65.58,10.1));
#2499 = CARTESIAN_POINT('',(9.,-65.6,10.6));
#2500 = CARTESIAN_POINT('',(-9.02,-65.58,10.1));
#2501 = CARTESIAN_POINT('',(-9.,-65.6,10.6));
#2502 = DEFINITIONAL_REPRESENTATION('',(#2503),#2506);
#2503 = B_SPLINE_CURVE_WITH_KNOTS('',1,(#2504,#2505),.UNSPECIFIED.,.F.,
  .F.,(2,2),(0.,1.),.PIECEWISE_BEZIER_KNOTS.);
#2504 = CARTESIAN_POINT('',(9.02,0.2));
#2505 = CARTESIAN_POINT('',(-9.02,0.2));
#2506 = ( GEOMETRIC_REPRESENTATION_CONTEXT(2) 
PARAMETRIC_REPRESENTATION_CONTEXT() REPRESENTATION_CONTEXT('2D SPACE',''
  ) );
#2507 = ORIENTED_EDGE('',*,*,#2508,.T.);
#2508 = EDGE_CURVE('',#2484,#2432,#2509,.T.);
#2509 = SURFACE_CURVE('',#2510,(#2513,#2519),.PCURVE_S1.);
#2510 = B_SPLINE_CURVE_WITH_KNOTS('',1,(#2511,#2512),.UNSPECIFIED.,.F.,
  .F.,(2,2),(0.,1.),.PIECEWISE_BEZIER_KNOTS.);
#2511 = CARTESIAN_POINT('',(9.016,-65.584,10.2));
#2512 = CARTESIAN_POINT('',(9.016,-66.416,10.2));
#2513 = PCURVE('',#679,#2514);
#2514 = DEFINITIONAL_REPRESENTATION('',(#2515),#2518);
#2515 = B_SPLINE_CURVE_WITH_KNOTS('',1,(#2516,#2517),.UNSPECIFIED.,.F.,
  .F.,(2,2),(0.,1.),.PIECEWISE_BEZIER_KNOTS.);
#2516 = CARTESIAN_POINT('',(21.205016648906,-2.82471112982));
#2517 = CARTESIAN_POINT('',(20.929894411782,-3.609906490632));
#2518 = ( GEOMETRIC_REPRESENTATION_CONTEXT(2) 
PARAMETRIC_REPRESENTATION_CONTEXT() REPRESENTATION_CONTEXT('2D SPACE',''
  ) );
#2519 = PCURVE('',#2520,#2525);
#2520 = B_SPLINE_SURFACE_WITH_KNOTS('',1,1,(
    (#2521,#2522)
    ,(#2523,#2524
    )),.UNSPECIFIED.,.F.,.F.,.F.,(2,2),(2,2),(-0.42,0.42),(0.,1.),
  .PIECEWISE_BEZIER_KNOTS.);
#2521 = CARTESIAN_POINT('',(9.02,-66.42,10.1));
#2522 = CARTESIAN_POINT('',(9.,-66.4,10.6));
#2523 = CARTESIAN_POINT('',(9.02,-65.58,10.1));
#2524 = CARTESIAN_POINT('',(9.,-65.6,10.6));
#2525 = DEFINITIONAL_REPRESENTATION('',(#2526),#2529);
#2526 = B_SPLINE_CURVE_WITH_KNOTS('',1,(#2527,#2528),.UNSPECIFIED.,.F.,
  .F.,(2,2),(0.,1.),.PIECEWISE_BEZIER_KNOTS.);
#2527 = CARTESIAN_POINT('',(0.42,0.2));
#2528 = CARTESIAN_POINT('',(-0.42,0.2));
#2529 = ( GEOMETRIC_REPRESENTATION_CONTEXT(2) 
PARAMETRIC_REPRESENTATION_CONTEXT() REPRESENTATION_CONTEXT('2D SPACE',''
  ) );
#2530 = FACE_BOUND('',#2531,.F.);
#2531 = EDGE_LOOP('',(#2532,#2559,#2584,#2609));
#2532 = ORIENTED_EDGE('',*,*,#2533,.T.);
#2533 = EDGE_CURVE('',#2534,#2536,#2538,.T.);
#2534 = VERTEX_POINT('',#2535);
#2535 = CARTESIAN_POINT('',(9.016,-64.416,10.2));
#2536 = VERTEX_POINT('',#2537);
#2537 = CARTESIAN_POINT('',(-9.016,-64.416,10.2));
#2538 = SURFACE_CURVE('',#2539,(#2542,#2548),.PCURVE_S1.);
#2539 = B_SPLINE_CURVE_WITH_KNOTS('',1,(#2540,#2541),.UNSPECIFIED.,.F.,
  .F.,(2,2),(0.,1.),.PIECEWISE_BEZIER_KNOTS.);
#2540 = CARTESIAN_POINT('',(9.016,-64.416,10.2));
#2541 = CARTESIAN_POINT('',(-9.016,-64.416,10.2));
#2542 = PCURVE('',#679,#2543);
#2543 = DEFINITIONAL_REPRESENTATION('',(#2544),#2547);
#2544 = B_SPLINE_CURVE_WITH_KNOTS('',1,(#2545,#2546),.UNSPECIFIED.,.F.,
  .F.,(2,2),(0.,1.),.PIECEWISE_BEZIER_KNOTS.);
#2545 = CARTESIAN_POINT('',(21.591245943329,-1.722417642527));
#2546 = CARTESIAN_POINT('',(4.573646488814,4.240327765899));
#2547 = ( GEOMETRIC_REPRESENTATION_CONTEXT(2) 
PARAMETRIC_REPRESENTATION_CONTEXT() REPRESENTATION_CONTEXT('2D SPACE',''
  ) );
#2548 = PCURVE('',#2549,#2554);
#2549 = B_SPLINE_SURFACE_WITH_KNOTS('',1,1,(
    (#2550,#2551)
    ,(#2552,#2553
    )),.UNSPECIFIED.,.F.,.F.,.F.,(2,2),(2,2),(-9.02,9.02),(0.,1.),
  .PIECEWISE_BEZIER_KNOTS.);
#2550 = CARTESIAN_POINT('',(-9.02,-64.42,10.1));
#2551 = CARTESIAN_POINT('',(-9.,-64.4,10.6));
#2552 = CARTESIAN_POINT('',(9.02,-64.42,10.1));
#2553 = CARTESIAN_POINT('',(9.,-64.4,10.6));
#2554 = DEFINITIONAL_REPRESENTATION('',(#2555),#2558);
#2555 = B_SPLINE_CURVE_WITH_KNOTS('',1,(#2556,#2557),.UNSPECIFIED.,.F.,
  .F.,(2,2),(0.,1.),.PIECEWISE_BEZIER_KNOTS.);
#2556 = CARTESIAN_POINT('',(9.02,0.2));
#2557 = CARTESIAN_POINT('',(-9.02,0.2));
#2558 = ( GEOMETRIC_REPRESENTATION_CONTEXT(2) 
PARAMETRIC_REPRESENTATION_CONTEXT() REPRESENTATION_CONTEXT('2D SPACE',''
  ) );
#2559 = ORIENTED_EDGE('',*,*,#2560,.T.);
#2560 = EDGE_CURVE('',#2536,#2561,#2563,.T.);
#2561 = VERTEX_POINT('',#2562);
#2562 = CARTESIAN_POINT('',(-9.016,-63.584,10.2));
#2563 = SURFACE_CURVE('',#2564,(#2567,#2573),.PCURVE_S1.);
#2564 = B_SPLINE_CURVE_WITH_KNOTS('',1,(#2565,#2566),.UNSPECIFIED.,.F.,
  .F.,(2,2),(0.,1.),.PIECEWISE_BEZIER_KNOTS.);
#2565 = CARTESIAN_POINT('',(-9.016,-64.416,10.2));
#2566 = CARTESIAN_POINT('',(-9.016,-63.584,10.2));
#2567 = PCURVE('',#679,#2568);
#2568 = DEFINITIONAL_REPRESENTATION('',(#2569),#2572);
#2569 = B_SPLINE_CURVE_WITH_KNOTS('',1,(#2570,#2571),.UNSPECIFIED.,.F.,
  .F.,(2,2),(0.,1.),.PIECEWISE_BEZIER_KNOTS.);
#2570 = CARTESIAN_POINT('',(4.573646488814,4.240327765899));
#2571 = CARTESIAN_POINT('',(4.848768725938,5.02552312671));
#2572 = ( GEOMETRIC_REPRESENTATION_CONTEXT(2) 
PARAMETRIC_REPRESENTATION_CONTEXT() REPRESENTATION_CONTEXT('2D SPACE',''
  ) );
#2573 = PCURVE('',#2574,#2579);
#2574 = B_SPLINE_SURFACE_WITH_KNOTS('',1,1,(
    (#2575,#2576)
    ,(#2577,#2578
    )),.UNSPECIFIED.,.F.,.F.,.F.,(2,2),(2,2),(-0.42,0.42),(0.,1.),
  .PIECEWISE_BEZIER_KNOTS.);
#2575 = CARTESIAN_POINT('',(-9.02,-63.58,10.1));
#2576 = CARTESIAN_POINT('',(-9.,-63.6,10.6));
#2577 = CARTESIAN_POINT('',(-9.02,-64.42,10.1));
#2578 = CARTESIAN_POINT('',(-9.,-64.4,10.6));
#2579 = DEFINITIONAL_REPRESENTATION('',(#2580),#2583);
#2580 = B_SPLINE_CURVE_WITH_KNOTS('',1,(#2581,#2582),.UNSPECIFIED.,.F.,
  .F.,(2,2),(0.,1.),.PIECEWISE_BEZIER_KNOTS.);
#2581 = CARTESIAN_POINT('',(0.42,0.2));
#2582 = CARTESIAN_POINT('',(-0.42,0.2));
#2583 = ( GEOMETRIC_REPRESENTATION_CONTEXT(2) 
PARAMETRIC_REPRESENTATION_CONTEXT() REPRESENTATION_CONTEXT('2D SPACE',''
  ) );
#2584 = ORIENTED_EDGE('',*,*,#2585,.T.);
#2585 = EDGE_CURVE('',#2561,#2586,#2588,.T.);
#2586 = VERTEX_POINT('',#2587);
#2587 = CARTESIAN_POINT('',(9.016,-63.584,10.2));
#2588 = SURFACE_CURVE('',#2589,(#2592,#2598),.PCURVE_S1.);
#2589 = B_SPLINE_CURVE_WITH_KNOTS('',1,(#2590,#2591),.UNSPECIFIED.,.F.,
  .F.,(2,2),(0.,1.),.PIECEWISE_BEZIER_KNOTS.);
#2590 = CARTESIAN_POINT('',(-9.016,-63.584,10.2));
#2591 = CARTESIAN_POINT('',(9.016,-63.584,10.2));
#2592 = PCURVE('',#679,#2593);
#2593 = DEFINITIONAL_REPRESENTATION('',(#2594),#2597);
#2594 = B_SPLINE_CURVE_WITH_KNOTS('',1,(#2595,#2596),.UNSPECIFIED.,.F.,
  .F.,(2,2),(0.,1.),.PIECEWISE_BEZIER_KNOTS.);
#2595 = CARTESIAN_POINT('',(4.848768725938,5.02552312671));
#2596 = CARTESIAN_POINT('',(21.866368180452,-0.937222281715));
#2597 = ( GEOMETRIC_REPRESENTATION_CONTEXT(2) 
PARAMETRIC_REPRESENTATION_CONTEXT() REPRESENTATION_CONTEXT('2D SPACE',''
  ) );
#2598 = PCURVE('',#2599,#2604);
#2599 = B_SPLINE_SURFACE_WITH_KNOTS('',1,1,(
    (#2600,#2601)
    ,(#2602,#2603
    )),.UNSPECIFIED.,.F.,.F.,.F.,(2,2),(2,2),(-9.02,9.02),(0.,1.),
  .PIECEWISE_BEZIER_KNOTS.);
#2600 = CARTESIAN_POINT('',(9.02,-63.58,10.1));
#2601 = CARTESIAN_POINT('',(9.,-63.6,10.6));
#2602 = CARTESIAN_POINT('',(-9.02,-63.58,10.1));
#2603 = CARTESIAN_POINT('',(-9.,-63.6,10.6));
#2604 = DEFINITIONAL_REPRESENTATION('',(#2605),#2608);
#2605 = B_SPLINE_CURVE_WITH_KNOTS('',1,(#2606,#2607),.UNSPECIFIED.,.F.,
  .F.,(2,2),(0.,1.),.PIECEWISE_BEZIER_KNOTS.);
#2606 = CARTESIAN_POINT('',(9.02,0.2));
#2607 = CARTESIAN_POINT('',(-9.02,0.2));
#2608 = ( GEOMETRIC_REPRESENTATION_CONTEXT(2) 
PARAMETRIC_REPRESENTATION_CONTEXT() REPRESENTATION_CONTEXT('2D SPACE',''
  ) );
#2609 = ORIENTED_EDGE('',*,*,#2610,.T.);
#2610 = EDGE_CURVE('',#2586,#2534,#2611,.T.);
#2611 = SURFACE_CURVE('',#2612,(#2615,#2621),.PCURVE_S1.);
#2612 = B_SPLINE_CURVE_WITH_KNOTS('',1,(#2613,#2614),.UNSPECIFIED.,.F.,
  .F.,(2,2),(0.,1.),.PIECEWISE_BEZIER_KNOTS.);
#2613 = CARTESIAN_POINT('',(9.016,-63.584,10.2));
#2614 = CARTESIAN_POINT('',(9.016,-64.416,10.2));
#2615 = PCURVE('',#679,#2616);
#2616 = DEFINITIONAL_REPRESENTATION('',(#2617),#2620);
#2617 = B_SPLINE_CURVE_WITH_KNOTS('',1,(#2618,#2619),.UNSPECIFIED.,.F.,
  .F.,(2,2),(0.,1.),.PIECEWISE_BEZIER_KNOTS.);
#2618 = CARTESIAN_POINT('',(21.866368180452,-0.937222281715));
#2619 = CARTESIAN_POINT('',(21.591245943329,-1.722417642527));
#2620 = ( GEOMETRIC_REPRESENTATION_CONTEXT(2) 
PARAMETRIC_REPRESENTATION_CONTEXT() REPRESENTATION_CONTEXT('2D SPACE',''
  ) );
#2621 = PCURVE('',#2622,#2627);
#2622 = B_SPLINE_SURFACE_WITH_KNOTS('',1,1,(
    (#2623,#2624)
    ,(#2625,#2626
    )),.UNSPECIFIED.,.F.,.F.,.F.,(2,2),(2,2),(-0.42,0.42),(0.,1.),
  .PIECEWISE_BEZIER_KNOTS.);
#2623 = CARTESIAN_POINT('',(9.02,-64.42,10.1));
#2624 = CARTESIAN_POINT('',(9.,-64.4,10.6));
#2625 = CARTESIAN_POINT('',(9.02,-63.58,10.1));
#2626 = CARTESIAN_POINT('',(9.,-63.6,10.6));
#2627 = DEFINITIONAL_REPRESENTATION('',(#2628),#2631);
#2628 = B_SPLINE_CURVE_WITH_KNOTS('',1,(#2629,#2630),.UNSPECIFIED.,.F.,
  .F.,(2,2),(0.,1.),.PIECEWISE_BEZIER_KNOTS.);
#2629 = CARTESIAN_POINT('',(0.42,0.2));
#2630 = CARTESIAN_POINT('',(-0.42,0.2));
#2631 = ( GEOMETRIC_REPRESENTATION_CONTEXT(2) 
PARAMETRIC_REPRESENTATION_CONTEXT() REPRESENTATION_CONTEXT('2D SPACE',''
  ) );
#2632 = ADVANCED_FACE('',(#2633),#952,.F.);
#2633 = FACE_BOUND('',#2634,.F.);
#2634 = EDGE_LOOP('',(#2635,#2657,#2658,#2659));
#2635 = ORIENTED_EDGE('',*,*,#2636,.F.);
#2636 = EDGE_CURVE('',#842,#2637,#2639,.T.);
#2637 = VERTEX_POINT('',#2638);
#2638 = CARTESIAN_POINT('',(7.693333333333,-60.1,12.13));
#2639 = SURFACE_CURVE('',#2640,(#2643,#2650),.PCURVE_S1.);
#2640 = B_SPLINE_CURVE_WITH_KNOTS('',1,(#2641,#2642),.UNSPECIFIED.,.F.,
  .F.,(2,2),(0.,1.),.PIECEWISE_BEZIER_KNOTS.);
#2641 = CARTESIAN_POINT('',(8.16,-61.8,11.5));
#2642 = CARTESIAN_POINT('',(7.693333333333,-60.1,12.13));
#2643 = PCURVE('',#952,#2644);
#2644 = DEFINITIONAL_REPRESENTATION('',(#2645),#2649);
#2645 = LINE('',#2646,#2647);
#2646 = CARTESIAN_POINT('',(4.712388980385,0.));
#2647 = VECTOR('',#2648,1.);
#2648 = DIRECTION('',(0.,1.));
#2649 = ( GEOMETRIC_REPRESENTATION_CONTEXT(2) 
PARAMETRIC_REPRESENTATION_CONTEXT() REPRESENTATION_CONTEXT('2D SPACE',''
  ) );
#2650 = PCURVE('',#855,#2651);
#2651 = DEFINITIONAL_REPRESENTATION('',(#2652),#2656);
#2652 = LINE('',#2653,#2654);
#2653 = CARTESIAN_POINT('',(8.16,0.));
#2654 = VECTOR('',#2655,1.);
#2655 = DIRECTION('',(0.,1.));
#2656 = ( GEOMETRIC_REPRESENTATION_CONTEXT(2) 
PARAMETRIC_REPRESENTATION_CONTEXT() REPRESENTATION_CONTEXT('2D SPACE',''
  ) );
#2657 = ORIENTED_EDGE('',*,*,#866,.F.);
#2658 = ORIENTED_EDGE('',*,*,#1175,.T.);
#2659 = ORIENTED_EDGE('',*,*,#2660,.F.);
#2660 = EDGE_CURVE('',#2637,#1176,#2661,.T.);
#2661 = SURFACE_CURVE('',#2662,(#2667,#2674),.PCURVE_S1.);
#2662 = CIRCLE('',#2663,2.06);
#2663 = AXIS2_PLACEMENT_3D('',#2664,#2665,#2666);
#2664 = CARTESIAN_POINT('',(7.693333333333,-60.1,14.19));
#2665 = DIRECTION('',(0.,-1.,0.));
#2666 = DIRECTION('',(1.,0.,0.));
#2667 = PCURVE('',#952,#2668);
#2668 = DEFINITIONAL_REPRESENTATION('',(#2669),#2673);
#2669 = LINE('',#2670,#2671);
#2670 = CARTESIAN_POINT('',(0.,1.));
#2671 = VECTOR('',#2672,1.);
#2672 = DIRECTION('',(1.,0.));
#2673 = ( GEOMETRIC_REPRESENTATION_CONTEXT(2) 
PARAMETRIC_REPRESENTATION_CONTEXT() REPRESENTATION_CONTEXT('2D SPACE',''
  ) );
#2674 = PCURVE('',#2675,#2694);
#2675 = B_SPLINE_SURFACE_WITH_KNOTS('',8,1,(
    (#2676,#2677)
    ,(#2678,#2679)
    ,(#2680,#2681)
    ,(#2682,#2683)
    ,(#2684,#2685)
    ,(#2686,#2687)
    ,(#2688,#2689)
    ,(#2690,#2691)
    ,(#2692,#2693
    )),.UNSPECIFIED.,.F.,.F.,.F.,(9,9),(2,2),(4.712388980385,
    6.28318530718),(0.,1.),.PIECEWISE_BEZIER_KNOTS.);
#2676 = CARTESIAN_POINT('',(7.693333333333,-60.1,12.13));
#2677 = CARTESIAN_POINT('',(9.413333333333,-59.75,14.));
#2678 = CARTESIAN_POINT('',(8.097813387483,-60.09999999999,12.13));
#2679 = CARTESIAN_POINT('',(9.450639746095,-59.75,14.));
#2680 = CARTESIAN_POINT('',(8.502293568952,-60.1,12.220765225261));
#2681 = CARTESIAN_POINT('',(9.487946004168,-59.74999999999,
    14.008371716333));
#2682 = CARTESIAN_POINT('',(8.883010596063,-60.09999999999,
    12.402294784304));
#2683 = CARTESIAN_POINT('',(9.523061380436,-59.75,14.025114034905));
#2684 = CARTESIAN_POINT('',(9.21620637024,-60.1,12.667126963094));
#2685 = CARTESIAN_POINT('',(9.553791751321,-59.75,14.049541582013));
#2686 = CARTESIAN_POINT('',(9.481038549028,-60.09999999999,
    13.000322737269));
#2687 = CARTESIAN_POINT('',(9.578219298428,-59.75,14.080271952897));
#2688 = CARTESIAN_POINT('',(9.662568108073,-60.1,13.381039764382));
#2689 = CARTESIAN_POINT('',(9.594961617,-59.75,14.115387329165));
#2690 = CARTESIAN_POINT('',(9.753333333333,-60.09999999999,
    13.78551994585));
#2691 = CARTESIAN_POINT('',(9.603333333333,-59.75,14.152693587239));
#2692 = CARTESIAN_POINT('',(9.753333333333,-60.1,14.19));
#2693 = CARTESIAN_POINT('',(9.603333333333,-59.75,14.19));
#2694 = DEFINITIONAL_REPRESENTATION('',(#2695),#2699);
#2695 = LINE('',#2696,#2697);
#2696 = CARTESIAN_POINT('',(0.,0.));
#2697 = VECTOR('',#2698,1.);
#2698 = DIRECTION('',(1.,0.));
#2699 = ( GEOMETRIC_REPRESENTATION_CONTEXT(2) 
PARAMETRIC_REPRESENTATION_CONTEXT() REPRESENTATION_CONTEXT('2D SPACE',''
  ) );
#2700 = ADVANCED_FACE('',(#2701),#855,.F.);
#2701 = FACE_BOUND('',#2702,.F.);
#2702 = EDGE_LOOP('',(#2703,#2704,#2705,#2706));
#2703 = ORIENTED_EDGE('',*,*,#2276,.F.);
#2704 = ORIENTED_EDGE('',*,*,#841,.F.);
#2705 = ORIENTED_EDGE('',*,*,#2636,.T.);
#2706 = ORIENTED_EDGE('',*,*,#2707,.F.);
#2707 = EDGE_CURVE('',#2277,#2637,#2708,.T.);
#2708 = SURFACE_CURVE('',#2709,(#2713,#2719),.PCURVE_S1.);
#2709 = LINE('',#2710,#2711);
#2710 = CARTESIAN_POINT('',(0.,-60.1,12.13));
#2711 = VECTOR('',#2712,1.);
#2712 = DIRECTION('',(1.,0.,0.));
#2713 = PCURVE('',#855,#2714);
#2714 = DEFINITIONAL_REPRESENTATION('',(#2715),#2718);
#2715 = B_SPLINE_CURVE_WITH_KNOTS('',1,(#2716,#2717),.UNSPECIFIED.,.F.,
  .F.,(2,2),(-7.693333333333,7.693333333333),.PIECEWISE_BEZIER_KNOTS.);
#2716 = CARTESIAN_POINT('',(-8.16,1.));
#2717 = CARTESIAN_POINT('',(8.16,1.));
#2718 = ( GEOMETRIC_REPRESENTATION_CONTEXT(2) 
PARAMETRIC_REPRESENTATION_CONTEXT() REPRESENTATION_CONTEXT('2D SPACE',''
  ) );
#2719 = PCURVE('',#2720,#2725);
#2720 = B_SPLINE_SURFACE_WITH_KNOTS('',1,1,(
    (#2721,#2722)
    ,(#2723,#2724
    )),.UNSPECIFIED.,.F.,.F.,.F.,(2,2),(2,2),(-9.413333333333,
    9.413333333333),(0.,1.),.PIECEWISE_BEZIER_KNOTS.);
#2721 = CARTESIAN_POINT('',(-7.693333333333,-60.1,12.13));
#2722 = CARTESIAN_POINT('',(-9.413333333333,-59.75,14.));
#2723 = CARTESIAN_POINT('',(7.693333333333,-60.1,12.13));
#2724 = CARTESIAN_POINT('',(9.413333333333,-59.75,14.));
#2725 = DEFINITIONAL_REPRESENTATION('',(#2726),#2729);
#2726 = B_SPLINE_CURVE_WITH_KNOTS('',1,(#2727,#2728),.UNSPECIFIED.,.F.,
  .F.,(2,2),(-7.693333333333,7.693333333333),.PIECEWISE_BEZIER_KNOTS.);
#2727 = CARTESIAN_POINT('',(-9.413333333333,0.));
#2728 = CARTESIAN_POINT('',(9.413333333333,0.));
#2729 = ( GEOMETRIC_REPRESENTATION_CONTEXT(2) 
PARAMETRIC_REPRESENTATION_CONTEXT() REPRESENTATION_CONTEXT('2D SPACE',''
  ) );
#2730 = ADVANCED_FACE('',(#2731),#1338,.F.);
#2731 = FACE_BOUND('',#2732,.F.);
#2732 = EDGE_LOOP('',(#2733,#2734,#2774,#2802));
#2733 = ORIENTED_EDGE('',*,*,#1324,.T.);
#2734 = ORIENTED_EDGE('',*,*,#2735,.T.);
#2735 = EDGE_CURVE('',#1285,#2736,#2738,.T.);
#2736 = VERTEX_POINT('',#2737);
#2737 = CARTESIAN_POINT('',(9.603333333333,-59.75,14.21));
#2738 = SURFACE_CURVE('',#2739,(#2742,#2748),.PCURVE_S1.);
#2739 = B_SPLINE_CURVE_WITH_KNOTS('',1,(#2740,#2741),.UNSPECIFIED.,.F.,
  .F.,(2,2),(0.,1.),.PIECEWISE_BEZIER_KNOTS.);
#2740 = CARTESIAN_POINT('',(9.753333333333,-60.1,14.21));
#2741 = CARTESIAN_POINT('',(9.603333333333,-59.75,14.21));
#2742 = PCURVE('',#1338,#2743);
#2743 = DEFINITIONAL_REPRESENTATION('',(#2744),#2747);
#2744 = B_SPLINE_CURVE_WITH_KNOTS('',1,(#2745,#2746),.UNSPECIFIED.,.F.,
  .F.,(2,2),(0.,1.),.PIECEWISE_BEZIER_KNOTS.);
#2745 = CARTESIAN_POINT('',(1.E-02,-0.380788655293));
#2746 = CARTESIAN_POINT('',(1.E-02,0.));
#2747 = ( GEOMETRIC_REPRESENTATION_CONTEXT(2) 
PARAMETRIC_REPRESENTATION_CONTEXT() REPRESENTATION_CONTEXT('2D SPACE',''
  ) );
#2748 = PCURVE('',#2749,#2768);
#2749 = B_SPLINE_SURFACE_WITH_KNOTS('',8,1,(
    (#2750,#2751)
    ,(#2752,#2753)
    ,(#2754,#2755)
    ,(#2756,#2757)
    ,(#2758,#2759)
    ,(#2760,#2761)
    ,(#2762,#2763)
    ,(#2764,#2765)
    ,(#2766,#2767
    )),.UNSPECIFIED.,.F.,.F.,.F.,(9,9),(2,2),(0.,1.570796326795),(0.,1.)
  ,.PIECEWISE_BEZIER_KNOTS.);
#2750 = CARTESIAN_POINT('',(9.753333333333,-60.1,14.21));
#2751 = CARTESIAN_POINT('',(9.603333333333,-59.75,14.21));
#2752 = CARTESIAN_POINT('',(9.753333333333,-60.1,14.61448005415));
#2753 = CARTESIAN_POINT('',(9.603333333333,-59.75,14.247306412761));
#2754 = CARTESIAN_POINT('',(9.662568108073,-60.1,15.018960235619));
#2755 = CARTESIAN_POINT('',(9.594961617,-59.74999999999,14.284612670835)
  );
#2756 = CARTESIAN_POINT('',(9.481038549029,-60.1,15.39967726273));
#2757 = CARTESIAN_POINT('',(9.578219298428,-59.75,14.319728047103));
#2758 = CARTESIAN_POINT('',(9.21620637024,-60.09999999999,
    15.732873036906));
#2759 = CARTESIAN_POINT('',(9.553791751321,-59.75,14.350458417987));
#2760 = CARTESIAN_POINT('',(8.883010596064,-60.1,15.997705215695));
#2761 = CARTESIAN_POINT('',(9.523061380436,-59.74999999999,
    14.374885965095));
#2762 = CARTESIAN_POINT('',(8.502293568952,-60.1,16.17923477474));
#2763 = CARTESIAN_POINT('',(9.487946004168,-59.75,14.391628283666));
#2764 = CARTESIAN_POINT('',(8.097813387483,-60.1,16.27));
#2765 = CARTESIAN_POINT('',(9.450639746095,-59.75,14.4));
#2766 = CARTESIAN_POINT('',(7.693333333333,-60.1,16.27));
#2767 = CARTESIAN_POINT('',(9.413333333333,-59.75,14.4));
#2768 = DEFINITIONAL_REPRESENTATION('',(#2769),#2773);
#2769 = LINE('',#2770,#2771);
#2770 = CARTESIAN_POINT('',(0.,0.));
#2771 = VECTOR('',#2772,1.);
#2772 = DIRECTION('',(0.,1.));
#2773 = ( GEOMETRIC_REPRESENTATION_CONTEXT(2) 
PARAMETRIC_REPRESENTATION_CONTEXT() REPRESENTATION_CONTEXT('2D SPACE',''
  ) );
#2774 = ORIENTED_EDGE('',*,*,#2775,.F.);
#2775 = EDGE_CURVE('',#2776,#2736,#2778,.T.);
#2776 = VERTEX_POINT('',#2777);
#2777 = CARTESIAN_POINT('',(9.603333333333,-59.75,14.19));
#2778 = SURFACE_CURVE('',#2779,(#2783,#2790),.PCURVE_S1.);
#2779 = LINE('',#2780,#2781);
#2780 = CARTESIAN_POINT('',(9.603333333333,-59.75,14.2));
#2781 = VECTOR('',#2782,1.);
#2782 = DIRECTION('',(0.,0.,1.));
#2783 = PCURVE('',#1338,#2784);
#2784 = DEFINITIONAL_REPRESENTATION('',(#2785),#2789);
#2785 = LINE('',#2786,#2787);
#2786 = CARTESIAN_POINT('',(0.,0.));
#2787 = VECTOR('',#2788,1.);
#2788 = DIRECTION('',(1.,0.));
#2789 = ( GEOMETRIC_REPRESENTATION_CONTEXT(2) 
PARAMETRIC_REPRESENTATION_CONTEXT() REPRESENTATION_CONTEXT('2D SPACE',''
  ) );
#2790 = PCURVE('',#2791,#2796);
#2791 = PLANE('',#2792);
#2792 = AXIS2_PLACEMENT_3D('',#2793,#2794,#2795);
#2793 = CARTESIAN_POINT('',(-9.413333333333,-59.75,14.19));
#2794 = DIRECTION('',(0.,-1.,0.));
#2795 = DIRECTION('',(1.,0.,0.));
#2796 = DEFINITIONAL_REPRESENTATION('',(#2797),#2801);
#2797 = LINE('',#2798,#2799);
#2798 = CARTESIAN_POINT('',(19.016666666667,1.E-02));
#2799 = VECTOR('',#2800,1.);
#2800 = DIRECTION('',(0.,1.));
#2801 = ( GEOMETRIC_REPRESENTATION_CONTEXT(2) 
PARAMETRIC_REPRESENTATION_CONTEXT() REPRESENTATION_CONTEXT('2D SPACE',''
  ) );
#2802 = ORIENTED_EDGE('',*,*,#2803,.F.);
#2803 = EDGE_CURVE('',#1176,#2776,#2804,.T.);
#2804 = SURFACE_CURVE('',#2805,(#2808,#2814),.PCURVE_S1.);
#2805 = B_SPLINE_CURVE_WITH_KNOTS('',1,(#2806,#2807),.UNSPECIFIED.,.F.,
  .F.,(2,2),(0.,1.),.PIECEWISE_BEZIER_KNOTS.);
#2806 = CARTESIAN_POINT('',(9.753333333333,-60.1,14.19));
#2807 = CARTESIAN_POINT('',(9.603333333333,-59.75,14.19));
#2808 = PCURVE('',#1338,#2809);
#2809 = DEFINITIONAL_REPRESENTATION('',(#2810),#2813);
#2810 = B_SPLINE_CURVE_WITH_KNOTS('',1,(#2811,#2812),.UNSPECIFIED.,.F.,
  .F.,(2,2),(0.,1.),.PIECEWISE_BEZIER_KNOTS.);
#2811 = CARTESIAN_POINT('',(-1.E-02,-0.380788655293));
#2812 = CARTESIAN_POINT('',(-9.999999999998E-03,0.));
#2813 = ( GEOMETRIC_REPRESENTATION_CONTEXT(2) 
PARAMETRIC_REPRESENTATION_CONTEXT() REPRESENTATION_CONTEXT('2D SPACE',''
  ) );
#2814 = PCURVE('',#2675,#2815);
#2815 = DEFINITIONAL_REPRESENTATION('',(#2816),#2820);
#2816 = LINE('',#2817,#2818);
#2817 = CARTESIAN_POINT('',(6.28318530718,0.));
#2818 = VECTOR('',#2819,1.);
#2819 = DIRECTION('',(0.,1.));
#2820 = ( GEOMETRIC_REPRESENTATION_CONTEXT(2) 
PARAMETRIC_REPRESENTATION_CONTEXT() REPRESENTATION_CONTEXT('2D SPACE',''
  ) );
#2821 = ADVANCED_FACE('',(#2822),#1298,.F.);
#2822 = FACE_BOUND('',#2823,.F.);
#2823 = EDGE_LOOP('',(#2824,#2825,#2826,#2848));
#2824 = ORIENTED_EDGE('',*,*,#1284,.F.);
#2825 = ORIENTED_EDGE('',*,*,#1832,.F.);
#2826 = ORIENTED_EDGE('',*,*,#2827,.T.);
#2827 = EDGE_CURVE('',#1833,#2828,#2830,.T.);
#2828 = VERTEX_POINT('',#2829);
#2829 = CARTESIAN_POINT('',(7.693333333333,-60.1,16.27));
#2830 = SURFACE_CURVE('',#2831,(#2834,#2841),.PCURVE_S1.);
#2831 = B_SPLINE_CURVE_WITH_KNOTS('',1,(#2832,#2833),.UNSPECIFIED.,.F.,
  .F.,(2,2),(0.,1.),.PIECEWISE_BEZIER_KNOTS.);
#2832 = CARTESIAN_POINT('',(8.16,-61.8,16.9));
#2833 = CARTESIAN_POINT('',(7.693333333333,-60.1,16.27));
#2834 = PCURVE('',#1298,#2835);
#2835 = DEFINITIONAL_REPRESENTATION('',(#2836),#2840);
#2836 = LINE('',#2837,#2838);
#2837 = CARTESIAN_POINT('',(1.570796326795,0.));
#2838 = VECTOR('',#2839,1.);
#2839 = DIRECTION('',(0.,1.));
#2840 = ( GEOMETRIC_REPRESENTATION_CONTEXT(2) 
PARAMETRIC_REPRESENTATION_CONTEXT() REPRESENTATION_CONTEXT('2D SPACE',''
  ) );
#2841 = PCURVE('',#1974,#2842);
#2842 = DEFINITIONAL_REPRESENTATION('',(#2843),#2847);
#2843 = LINE('',#2844,#2845);
#2844 = CARTESIAN_POINT('',(-8.16,0.));
#2845 = VECTOR('',#2846,1.);
#2846 = DIRECTION('',(0.,1.));
#2847 = ( GEOMETRIC_REPRESENTATION_CONTEXT(2) 
PARAMETRIC_REPRESENTATION_CONTEXT() REPRESENTATION_CONTEXT('2D SPACE',''
  ) );
#2848 = ORIENTED_EDGE('',*,*,#2849,.F.);
#2849 = EDGE_CURVE('',#1285,#2828,#2850,.T.);
#2850 = SURFACE_CURVE('',#2851,(#2856,#2863),.PCURVE_S1.);
#2851 = CIRCLE('',#2852,2.06);
#2852 = AXIS2_PLACEMENT_3D('',#2853,#2854,#2855);
#2853 = CARTESIAN_POINT('',(7.693333333333,-60.1,14.21));
#2854 = DIRECTION('',(0.,-1.,0.));
#2855 = DIRECTION('',(1.,0.,0.));
#2856 = PCURVE('',#1298,#2857);
#2857 = DEFINITIONAL_REPRESENTATION('',(#2858),#2862);
#2858 = LINE('',#2859,#2860);
#2859 = CARTESIAN_POINT('',(0.,1.));
#2860 = VECTOR('',#2861,1.);
#2861 = DIRECTION('',(1.,0.));
#2862 = ( GEOMETRIC_REPRESENTATION_CONTEXT(2) 
PARAMETRIC_REPRESENTATION_CONTEXT() REPRESENTATION_CONTEXT('2D SPACE',''
  ) );
#2863 = PCURVE('',#2749,#2864);
#2864 = DEFINITIONAL_REPRESENTATION('',(#2865),#2869);
#2865 = LINE('',#2866,#2867);
#2866 = CARTESIAN_POINT('',(0.,0.));
#2867 = VECTOR('',#2868,1.);
#2868 = DIRECTION('',(1.,0.));
#2869 = ( GEOMETRIC_REPRESENTATION_CONTEXT(2) 
PARAMETRIC_REPRESENTATION_CONTEXT() REPRESENTATION_CONTEXT('2D SPACE',''
  ) );
#2870 = ADVANCED_FACE('',(#2871),#1232,.T.);
#2871 = FACE_BOUND('',#2872,.T.);
#2872 = EDGE_LOOP('',(#2873,#2874,#2875,#2876));
#2873 = ORIENTED_EDGE('',*,*,#1354,.F.);
#2874 = ORIENTED_EDGE('',*,*,#1218,.T.);
#2875 = ORIENTED_EDGE('',*,*,#1620,.T.);
#2876 = ORIENTED_EDGE('',*,*,#2877,.F.);
#2877 = EDGE_CURVE('',#1355,#1598,#2878,.T.);
#2878 = SURFACE_CURVE('',#2879,(#2882,#2889),.PCURVE_S1.);
#2879 = B_SPLINE_CURVE_WITH_KNOTS('',1,(#2880,#2881),.UNSPECIFIED.,.F.,
  .F.,(2,2),(0.,1.),.PIECEWISE_BEZIER_KNOTS.);
#2880 = CARTESIAN_POINT('',(11.930179740287,-61.56982025971,10.2));
#2881 = CARTESIAN_POINT('',(12.,-61.5,14.201));
#2882 = PCURVE('',#1232,#2883);
#2883 = DEFINITIONAL_REPRESENTATION('',(#2884),#2888);
#2884 = LINE('',#2885,#2886);
#2885 = CARTESIAN_POINT('',(-12.,0.));
#2886 = VECTOR('',#2887,1.);
#2887 = DIRECTION('',(0.,1.));
#2888 = ( GEOMETRIC_REPRESENTATION_CONTEXT(2) 
PARAMETRIC_REPRESENTATION_CONTEXT() REPRESENTATION_CONTEXT('2D SPACE',''
  ) );
#2889 = PCURVE('',#1434,#2890);
#2890 = DEFINITIONAL_REPRESENTATION('',(#2891),#2895);
#2891 = LINE('',#2892,#2893);
#2892 = CARTESIAN_POINT('',(4.25,0.));
#2893 = VECTOR('',#2894,1.);
#2894 = DIRECTION('',(0.,1.));
#2895 = ( GEOMETRIC_REPRESENTATION_CONTEXT(2) 
PARAMETRIC_REPRESENTATION_CONTEXT() REPRESENTATION_CONTEXT('2D SPACE',''
  ) );
#2896 = ADVANCED_FACE('',(#2897),#1434,.T.);
#2897 = FACE_BOUND('',#2898,.T.);
#2898 = EDGE_LOOP('',(#2899,#2919,#2920,#2921));
#2899 = ORIENTED_EDGE('',*,*,#2900,.F.);
#2900 = EDGE_CURVE('',#1399,#1575,#2901,.T.);
#2901 = SURFACE_CURVE('',#2902,(#2905,#2912),.PCURVE_S1.);
#2902 = B_SPLINE_CURVE_WITH_KNOTS('',1,(#2903,#2904),.UNSPECIFIED.,.F.,
  .F.,(2,2),(0.,1.),.PIECEWISE_BEZIER_KNOTS.);
#2903 = CARTESIAN_POINT('',(11.930179740287,-69.93017974028,10.2));
#2904 = CARTESIAN_POINT('',(12.,-70.,14.201));
#2905 = PCURVE('',#1434,#2906);
#2906 = DEFINITIONAL_REPRESENTATION('',(#2907),#2911);
#2907 = LINE('',#2908,#2909);
#2908 = CARTESIAN_POINT('',(-4.25,0.));
#2909 = VECTOR('',#2910,1.);
#2910 = DIRECTION('',(0.,1.));
#2911 = ( GEOMETRIC_REPRESENTATION_CONTEXT(2) 
PARAMETRIC_REPRESENTATION_CONTEXT() REPRESENTATION_CONTEXT('2D SPACE',''
  ) );
#2912 = PCURVE('',#1463,#2913);
#2913 = DEFINITIONAL_REPRESENTATION('',(#2914),#2918);
#2914 = LINE('',#2915,#2916);
#2915 = CARTESIAN_POINT('',(12.,0.));
#2916 = VECTOR('',#2917,1.);
#2917 = DIRECTION('',(0.,1.));
#2918 = ( GEOMETRIC_REPRESENTATION_CONTEXT(2) 
PARAMETRIC_REPRESENTATION_CONTEXT() REPRESENTATION_CONTEXT('2D SPACE',''
  ) );
#2919 = ORIENTED_EDGE('',*,*,#1422,.F.);
#2920 = ORIENTED_EDGE('',*,*,#2877,.T.);
#2921 = ORIENTED_EDGE('',*,*,#1597,.F.);
#2922 = ADVANCED_FACE('',(#2923),#1463,.T.);
#2923 = FACE_BOUND('',#2924,.T.);
#2924 = EDGE_LOOP('',(#2925,#2926,#2927,#2928));
#2925 = ORIENTED_EDGE('',*,*,#1478,.F.);
#2926 = ORIENTED_EDGE('',*,*,#1451,.F.);
#2927 = ORIENTED_EDGE('',*,*,#2900,.T.);
#2928 = ORIENTED_EDGE('',*,*,#1574,.F.);
#2929 = ADVANCED_FACE('',(#2930),#1726,.T.);
#2930 = FACE_BOUND('',#2931,.T.);
#2931 = EDGE_LOOP('',(#2932,#2933,#2955,#2975));
#2932 = ORIENTED_EDGE('',*,*,#1712,.F.);
#2933 = ORIENTED_EDGE('',*,*,#2934,.T.);
#2934 = EDGE_CURVE('',#1688,#2935,#2937,.T.);
#2935 = VERTEX_POINT('',#2936);
#2936 = CARTESIAN_POINT('',(-11.93017974028,-69.93017974028,18.2));
#2937 = SURFACE_CURVE('',#2938,(#2941,#2948),.PCURVE_S1.);
#2938 = B_SPLINE_CURVE_WITH_KNOTS('',1,(#2939,#2940),.UNSPECIFIED.,.F.,
  .F.,(2,2),(0.,1.),.PIECEWISE_BEZIER_KNOTS.);
#2939 = CARTESIAN_POINT('',(-12.,-70.,14.199));
#2940 = CARTESIAN_POINT('',(-11.93017974028,-69.93017974028,18.2));
#2941 = PCURVE('',#1726,#2942);
#2942 = DEFINITIONAL_REPRESENTATION('',(#2943),#2947);
#2943 = LINE('',#2944,#2945);
#2944 = CARTESIAN_POINT('',(4.25,0.));
#2945 = VECTOR('',#2946,1.);
#2946 = DIRECTION('',(0.,1.));
#2947 = ( GEOMETRIC_REPRESENTATION_CONTEXT(2) 
PARAMETRIC_REPRESENTATION_CONTEXT() REPRESENTATION_CONTEXT('2D SPACE',''
  ) );
#2948 = PCURVE('',#1701,#2949);
#2949 = DEFINITIONAL_REPRESENTATION('',(#2950),#2954);
#2950 = LINE('',#2951,#2952);
#2951 = CARTESIAN_POINT('',(-12.,0.));
#2952 = VECTOR('',#2953,1.);
#2953 = DIRECTION('',(0.,1.));
#2954 = ( GEOMETRIC_REPRESENTATION_CONTEXT(2) 
PARAMETRIC_REPRESENTATION_CONTEXT() REPRESENTATION_CONTEXT('2D SPACE',''
  ) );
#2955 = ORIENTED_EDGE('',*,*,#2956,.T.);
#2956 = EDGE_CURVE('',#2935,#1762,#2957,.T.);
#2957 = SURFACE_CURVE('',#2958,(#2962,#2968),.PCURVE_S1.);
#2958 = LINE('',#2959,#2960);
#2959 = CARTESIAN_POINT('',(-11.93017974028,-65.75,18.2));
#2960 = VECTOR('',#2961,1.);
#2961 = DIRECTION('',(0.,1.,0.));
#2962 = PCURVE('',#1726,#2963);
#2963 = DEFINITIONAL_REPRESENTATION('',(#2964),#2967);
#2964 = B_SPLINE_CURVE_WITH_KNOTS('',1,(#2965,#2966),.UNSPECIFIED.,.F.,
  .F.,(2,2),(-4.180179740287,4.180179740287),.PIECEWISE_BEZIER_KNOTS.);
#2965 = CARTESIAN_POINT('',(4.25,1.));
#2966 = CARTESIAN_POINT('',(-4.25,1.));
#2967 = ( GEOMETRIC_REPRESENTATION_CONTEXT(2) 
PARAMETRIC_REPRESENTATION_CONTEXT() REPRESENTATION_CONTEXT('2D SPACE',''
  ) );
#2968 = PCURVE('',#1798,#2969);
#2969 = DEFINITIONAL_REPRESENTATION('',(#2970),#2974);
#2970 = LINE('',#2971,#2972);
#2971 = CARTESIAN_POINT('',(1.38228413669,3.945021321433));
#2972 = VECTOR('',#2973,1.);
#2973 = DIRECTION('',(0.330675765773,0.943744424053));
#2974 = ( GEOMETRIC_REPRESENTATION_CONTEXT(2) 
PARAMETRIC_REPRESENTATION_CONTEXT() REPRESENTATION_CONTEXT('2D SPACE',''
  ) );
#2975 = ORIENTED_EDGE('',*,*,#1761,.F.);
#2976 = ADVANCED_FACE('',(#2977),#1701,.T.);
#2977 = FACE_BOUND('',#2978,.T.);
#2978 = EDGE_LOOP('',(#2979,#2980,#2981,#3003));
#2979 = ORIENTED_EDGE('',*,*,#2934,.F.);
#2980 = ORIENTED_EDGE('',*,*,#1687,.F.);
#2981 = ORIENTED_EDGE('',*,*,#2982,.T.);
#2982 = EDGE_CURVE('',#1663,#2983,#2985,.T.);
#2983 = VERTEX_POINT('',#2984);
#2984 = CARTESIAN_POINT('',(11.930179740287,-69.93017974028,18.2));
#2985 = SURFACE_CURVE('',#2986,(#2989,#2996),.PCURVE_S1.);
#2986 = B_SPLINE_CURVE_WITH_KNOTS('',1,(#2987,#2988),.UNSPECIFIED.,.F.,
  .F.,(2,2),(0.,1.),.PIECEWISE_BEZIER_KNOTS.);
#2987 = CARTESIAN_POINT('',(12.,-70.,14.199));
#2988 = CARTESIAN_POINT('',(11.930179740287,-69.93017974028,18.2));
#2989 = PCURVE('',#1701,#2990);
#2990 = DEFINITIONAL_REPRESENTATION('',(#2991),#2995);
#2991 = LINE('',#2992,#2993);
#2992 = CARTESIAN_POINT('',(12.,0.));
#2993 = VECTOR('',#2994,1.);
#2994 = DIRECTION('',(0.,1.));
#2995 = ( GEOMETRIC_REPRESENTATION_CONTEXT(2) 
PARAMETRIC_REPRESENTATION_CONTEXT() REPRESENTATION_CONTEXT('2D SPACE',''
  ) );
#2996 = PCURVE('',#1676,#2997);
#2997 = DEFINITIONAL_REPRESENTATION('',(#2998),#3002);
#2998 = LINE('',#2999,#3000);
#2999 = CARTESIAN_POINT('',(-4.25,0.));
#3000 = VECTOR('',#3001,1.);
#3001 = DIRECTION('',(0.,1.));
#3002 = ( GEOMETRIC_REPRESENTATION_CONTEXT(2) 
PARAMETRIC_REPRESENTATION_CONTEXT() REPRESENTATION_CONTEXT('2D SPACE',''
  ) );
#3003 = ORIENTED_EDGE('',*,*,#3004,.F.);
#3004 = EDGE_CURVE('',#2935,#2983,#3005,.T.);
#3005 = SURFACE_CURVE('',#3006,(#3010,#3016),.PCURVE_S1.);
#3006 = LINE('',#3007,#3008);
#3007 = CARTESIAN_POINT('',(0.,-69.93017974028,18.2));
#3008 = VECTOR('',#3009,1.);
#3009 = DIRECTION('',(1.,0.,0.));
#3010 = PCURVE('',#1701,#3011);
#3011 = DEFINITIONAL_REPRESENTATION('',(#3012),#3015);
#3012 = B_SPLINE_CURVE_WITH_KNOTS('',1,(#3013,#3014),.UNSPECIFIED.,.F.,
  .F.,(2,2),(-11.93017974028,11.930179740287),.PIECEWISE_BEZIER_KNOTS.);
#3013 = CARTESIAN_POINT('',(-12.,1.));
#3014 = CARTESIAN_POINT('',(12.,1.));
#3015 = ( GEOMETRIC_REPRESENTATION_CONTEXT(2) 
PARAMETRIC_REPRESENTATION_CONTEXT() REPRESENTATION_CONTEXT('2D SPACE',''
  ) );
#3016 = PCURVE('',#1798,#3017);
#3017 = DEFINITIONAL_REPRESENTATION('',(#3018),#3022);
#3018 = LINE('',#3019,#3020);
#3019 = CARTESIAN_POINT('',(11.25904060784,-3.945021321433));
#3020 = VECTOR('',#3021,1.);
#3021 = DIRECTION('',(0.943744424053,-0.330675765773));
#3022 = ( GEOMETRIC_REPRESENTATION_CONTEXT(2) 
PARAMETRIC_REPRESENTATION_CONTEXT() REPRESENTATION_CONTEXT('2D SPACE',''
  ) );
#3023 = ADVANCED_FACE('',(#3024),#1676,.T.);
#3024 = FACE_BOUND('',#3025,.T.);
#3025 = EDGE_LOOP('',(#3026,#3027,#3028,#3029));
#3026 = ORIENTED_EDGE('',*,*,#2982,.F.);
#3027 = ORIENTED_EDGE('',*,*,#1662,.F.);
#3028 = ORIENTED_EDGE('',*,*,#1810,.T.);
#3029 = ORIENTED_EDGE('',*,*,#3030,.F.);
#3030 = EDGE_CURVE('',#2983,#1784,#3031,.T.);
#3031 = SURFACE_CURVE('',#3032,(#3036,#3042),.PCURVE_S1.);
#3032 = LINE('',#3033,#3034);
#3033 = CARTESIAN_POINT('',(11.930179740287,-65.75,18.2));
#3034 = VECTOR('',#3035,1.);
#3035 = DIRECTION('',(0.,1.,0.));
#3036 = PCURVE('',#1676,#3037);
#3037 = DEFINITIONAL_REPRESENTATION('',(#3038),#3041);
#3038 = B_SPLINE_CURVE_WITH_KNOTS('',1,(#3039,#3040),.UNSPECIFIED.,.F.,
  .F.,(2,2),(-4.180179740287,4.180179740287),.PIECEWISE_BEZIER_KNOTS.);
#3039 = CARTESIAN_POINT('',(-4.25,1.));
#3040 = CARTESIAN_POINT('',(4.25,1.));
#3041 = ( GEOMETRIC_REPRESENTATION_CONTEXT(2) 
PARAMETRIC_REPRESENTATION_CONTEXT() REPRESENTATION_CONTEXT('2D SPACE',''
  ) );
#3042 = PCURVE('',#1798,#3043);
#3043 = DEFINITIONAL_REPRESENTATION('',(#3044),#3048);
#3044 = LINE('',#3045,#3046);
#3045 = CARTESIAN_POINT('',(23.90036535237,-3.945021321433));
#3046 = VECTOR('',#3047,1.);
#3047 = DIRECTION('',(0.330675765773,0.943744424053));
#3048 = ( GEOMETRIC_REPRESENTATION_CONTEXT(2) 
PARAMETRIC_REPRESENTATION_CONTEXT() REPRESENTATION_CONTEXT('2D SPACE',''
  ) );
#3049 = ADVANCED_FACE('',(#3050),#1974,.F.);
#3050 = FACE_BOUND('',#3051,.F.);
#3051 = EDGE_LOOP('',(#3052,#3053,#3054,#3078));
#3052 = ORIENTED_EDGE('',*,*,#1960,.F.);
#3053 = ORIENTED_EDGE('',*,*,#2115,.T.);
#3054 = ORIENTED_EDGE('',*,*,#3055,.T.);
#3055 = EDGE_CURVE('',#2116,#2828,#3056,.T.);
#3056 = SURFACE_CURVE('',#3057,(#3061,#3067),.PCURVE_S1.);
#3057 = LINE('',#3058,#3059);
#3058 = CARTESIAN_POINT('',(0.,-60.1,16.27));
#3059 = VECTOR('',#3060,1.);
#3060 = DIRECTION('',(1.,0.,0.));
#3061 = PCURVE('',#1974,#3062);
#3062 = DEFINITIONAL_REPRESENTATION('',(#3063),#3066);
#3063 = B_SPLINE_CURVE_WITH_KNOTS('',1,(#3064,#3065),.UNSPECIFIED.,.F.,
  .F.,(2,2),(-7.693333333333,7.693333333333),.PIECEWISE_BEZIER_KNOTS.);
#3064 = CARTESIAN_POINT('',(8.16,1.));
#3065 = CARTESIAN_POINT('',(-8.16,1.));
#3066 = ( GEOMETRIC_REPRESENTATION_CONTEXT(2) 
PARAMETRIC_REPRESENTATION_CONTEXT() REPRESENTATION_CONTEXT('2D SPACE',''
  ) );
#3067 = PCURVE('',#3068,#3073);
#3068 = B_SPLINE_SURFACE_WITH_KNOTS('',1,1,(
    (#3069,#3070)
    ,(#3071,#3072
    )),.UNSPECIFIED.,.F.,.F.,.F.,(2,2),(2,2),(-9.413333333333,
    9.413333333333),(0.,1.),.PIECEWISE_BEZIER_KNOTS.);
#3069 = CARTESIAN_POINT('',(7.693333333333,-60.1,16.27));
#3070 = CARTESIAN_POINT('',(9.413333333333,-59.75,14.4));
#3071 = CARTESIAN_POINT('',(-7.693333333333,-60.1,16.27));
#3072 = CARTESIAN_POINT('',(-9.413333333333,-59.75,14.4));
#3073 = DEFINITIONAL_REPRESENTATION('',(#3074),#3077);
#3074 = B_SPLINE_CURVE_WITH_KNOTS('',1,(#3075,#3076),.UNSPECIFIED.,.F.,
  .F.,(2,2),(-7.693333333333,7.693333333333),.PIECEWISE_BEZIER_KNOTS.);
#3075 = CARTESIAN_POINT('',(9.413333333333,0.));
#3076 = CARTESIAN_POINT('',(-9.413333333333,0.));
#3077 = ( GEOMETRIC_REPRESENTATION_CONTEXT(2) 
PARAMETRIC_REPRESENTATION_CONTEXT() REPRESENTATION_CONTEXT('2D SPACE',''
  ) );
#3078 = ORIENTED_EDGE('',*,*,#2827,.F.);
#3079 = ADVANCED_FACE('',(#3080,#3086,#3188,#3290),#1798,.T.);
#3080 = FACE_BOUND('',#3081,.T.);
#3081 = EDGE_LOOP('',(#3082,#3083,#3084,#3085));
#3082 = ORIENTED_EDGE('',*,*,#2956,.F.);
#3083 = ORIENTED_EDGE('',*,*,#3004,.T.);
#3084 = ORIENTED_EDGE('',*,*,#3030,.T.);
#3085 = ORIENTED_EDGE('',*,*,#1783,.F.);
#3086 = FACE_BOUND('',#3087,.T.);
#3087 = EDGE_LOOP('',(#3088,#3115,#3140,#3165));
#3088 = ORIENTED_EDGE('',*,*,#3089,.T.);
#3089 = EDGE_CURVE('',#3090,#3092,#3094,.T.);
#3090 = VERTEX_POINT('',#3091);
#3091 = CARTESIAN_POINT('',(9.016,-68.416,18.2));
#3092 = VERTEX_POINT('',#3093);
#3093 = CARTESIAN_POINT('',(-9.016,-68.416,18.2));
#3094 = SURFACE_CURVE('',#3095,(#3098,#3104),.PCURVE_S1.);
#3095 = B_SPLINE_CURVE_WITH_KNOTS('',1,(#3096,#3097),.UNSPECIFIED.,.F.,
  .F.,(2,2),(0.,1.),.PIECEWISE_BEZIER_KNOTS.);
#3096 = CARTESIAN_POINT('',(9.016,-68.416,18.2));
#3097 = CARTESIAN_POINT('',(-9.016,-68.416,18.2));
#3098 = PCURVE('',#1798,#3099);
#3099 = DEFINITIONAL_REPRESENTATION('',(#3100),#3103);
#3100 = B_SPLINE_CURVE_WITH_KNOTS('',1,(#3101,#3102),.UNSPECIFIED.,.F.,
  .F.,(2,2),(0.,1.),.PIECEWISE_BEZIER_KNOTS.);
#3101 = CARTESIAN_POINT('',(20.268542880236,-5.497395338737));
#3102 = CARTESIAN_POINT('',(3.250943425721,0.465350069689));
#3103 = ( GEOMETRIC_REPRESENTATION_CONTEXT(2) 
PARAMETRIC_REPRESENTATION_CONTEXT() REPRESENTATION_CONTEXT('2D SPACE',''
  ) );
#3104 = PCURVE('',#3105,#3110);
#3105 = B_SPLINE_SURFACE_WITH_KNOTS('',1,1,(
    (#3106,#3107)
    ,(#3108,#3109
    )),.UNSPECIFIED.,.F.,.F.,.F.,(2,2),(2,2),(-9.02,9.02),(0.,1.),
  .PIECEWISE_BEZIER_KNOTS.);
#3106 = CARTESIAN_POINT('',(-9.,-68.4,17.8));
#3107 = CARTESIAN_POINT('',(-9.02,-68.42,18.3));
#3108 = CARTESIAN_POINT('',(9.,-68.4,17.8));
#3109 = CARTESIAN_POINT('',(9.02,-68.42,18.3));
#3110 = DEFINITIONAL_REPRESENTATION('',(#3111),#3114);
#3111 = B_SPLINE_CURVE_WITH_KNOTS('',1,(#3112,#3113),.UNSPECIFIED.,.F.,
  .F.,(2,2),(0.,1.),.PIECEWISE_BEZIER_KNOTS.);
#3112 = CARTESIAN_POINT('',(9.02,0.8));
#3113 = CARTESIAN_POINT('',(-9.02,0.8));
#3114 = ( GEOMETRIC_REPRESENTATION_CONTEXT(2) 
PARAMETRIC_REPRESENTATION_CONTEXT() REPRESENTATION_CONTEXT('2D SPACE',''
  ) );
#3115 = ORIENTED_EDGE('',*,*,#3116,.T.);
#3116 = EDGE_CURVE('',#3092,#3117,#3119,.T.);
#3117 = VERTEX_POINT('',#3118);
#3118 = CARTESIAN_POINT('',(-9.016,-67.584,18.2));
#3119 = SURFACE_CURVE('',#3120,(#3123,#3129),.PCURVE_S1.);
#3120 = B_SPLINE_CURVE_WITH_KNOTS('',1,(#3121,#3122),.UNSPECIFIED.,.F.,
  .F.,(2,2),(0.,1.),.PIECEWISE_BEZIER_KNOTS.);
#3121 = CARTESIAN_POINT('',(-9.016,-68.416,18.2));
#3122 = CARTESIAN_POINT('',(-9.016,-67.584,18.2));
#3123 = PCURVE('',#1798,#3124);
#3124 = DEFINITIONAL_REPRESENTATION('',(#3125),#3128);
#3125 = B_SPLINE_CURVE_WITH_KNOTS('',1,(#3126,#3127),.UNSPECIFIED.,.F.,
  .F.,(2,2),(0.,1.),.PIECEWISE_BEZIER_KNOTS.);
#3126 = CARTESIAN_POINT('',(3.250943425721,0.465350069689));
#3127 = CARTESIAN_POINT('',(3.526065662844,1.2505454305));
#3128 = ( GEOMETRIC_REPRESENTATION_CONTEXT(2) 
PARAMETRIC_REPRESENTATION_CONTEXT() REPRESENTATION_CONTEXT('2D SPACE',''
  ) );
#3129 = PCURVE('',#3130,#3135);
#3130 = B_SPLINE_SURFACE_WITH_KNOTS('',1,1,(
    (#3131,#3132)
    ,(#3133,#3134
    )),.UNSPECIFIED.,.F.,.F.,.F.,(2,2),(2,2),(-0.42,0.42),(0.,1.),
  .PIECEWISE_BEZIER_KNOTS.);
#3131 = CARTESIAN_POINT('',(-9.,-67.6,17.8));
#3132 = CARTESIAN_POINT('',(-9.02,-67.58,18.3));
#3133 = CARTESIAN_POINT('',(-9.,-68.4,17.8));
#3134 = CARTESIAN_POINT('',(-9.02,-68.42,18.3));
#3135 = DEFINITIONAL_REPRESENTATION('',(#3136),#3139);
#3136 = B_SPLINE_CURVE_WITH_KNOTS('',1,(#3137,#3138),.UNSPECIFIED.,.F.,
  .F.,(2,2),(0.,1.),.PIECEWISE_BEZIER_KNOTS.);
#3137 = CARTESIAN_POINT('',(0.42,0.8));
#3138 = CARTESIAN_POINT('',(-0.42,0.8));
#3139 = ( GEOMETRIC_REPRESENTATION_CONTEXT(2) 
PARAMETRIC_REPRESENTATION_CONTEXT() REPRESENTATION_CONTEXT('2D SPACE',''
  ) );
#3140 = ORIENTED_EDGE('',*,*,#3141,.T.);
#3141 = EDGE_CURVE('',#3117,#3142,#3144,.T.);
#3142 = VERTEX_POINT('',#3143);
#3143 = CARTESIAN_POINT('',(9.016,-67.584,18.2));
#3144 = SURFACE_CURVE('',#3145,(#3148,#3154),.PCURVE_S1.);
#3145 = B_SPLINE_CURVE_WITH_KNOTS('',1,(#3146,#3147),.UNSPECIFIED.,.F.,
  .F.,(2,2),(0.,1.),.PIECEWISE_BEZIER_KNOTS.);
#3146 = CARTESIAN_POINT('',(-9.016,-67.584,18.2));
#3147 = CARTESIAN_POINT('',(9.016,-67.584,18.2));
#3148 = PCURVE('',#1798,#3149);
#3149 = DEFINITIONAL_REPRESENTATION('',(#3150),#3153);
#3150 = B_SPLINE_CURVE_WITH_KNOTS('',1,(#3151,#3152),.UNSPECIFIED.,.F.,
  .F.,(2,2),(0.,1.),.PIECEWISE_BEZIER_KNOTS.);
#3151 = CARTESIAN_POINT('',(3.526065662844,1.2505454305));
#3152 = CARTESIAN_POINT('',(20.543665117359,-4.712199977925));
#3153 = ( GEOMETRIC_REPRESENTATION_CONTEXT(2) 
PARAMETRIC_REPRESENTATION_CONTEXT() REPRESENTATION_CONTEXT('2D SPACE',''
  ) );
#3154 = PCURVE('',#3155,#3160);
#3155 = B_SPLINE_SURFACE_WITH_KNOTS('',1,1,(
    (#3156,#3157)
    ,(#3158,#3159
    )),.UNSPECIFIED.,.F.,.F.,.F.,(2,2),(2,2),(-9.02,9.02),(0.,1.),
  .PIECEWISE_BEZIER_KNOTS.);
#3156 = CARTESIAN_POINT('',(9.,-67.6,17.8));
#3157 = CARTESIAN_POINT('',(9.02,-67.58,18.3));
#3158 = CARTESIAN_POINT('',(-9.,-67.6,17.8));
#3159 = CARTESIAN_POINT('',(-9.02,-67.58,18.3));
#3160 = DEFINITIONAL_REPRESENTATION('',(#3161),#3164);
#3161 = B_SPLINE_CURVE_WITH_KNOTS('',1,(#3162,#3163),.UNSPECIFIED.,.F.,
  .F.,(2,2),(0.,1.),.PIECEWISE_BEZIER_KNOTS.);
#3162 = CARTESIAN_POINT('',(9.02,0.8));
#3163 = CARTESIAN_POINT('',(-9.02,0.8));
#3164 = ( GEOMETRIC_REPRESENTATION_CONTEXT(2) 
PARAMETRIC_REPRESENTATION_CONTEXT() REPRESENTATION_CONTEXT('2D SPACE',''
  ) );
#3165 = ORIENTED_EDGE('',*,*,#3166,.T.);
#3166 = EDGE_CURVE('',#3142,#3090,#3167,.T.);
#3167 = SURFACE_CURVE('',#3168,(#3171,#3177),.PCURVE_S1.);
#3168 = B_SPLINE_CURVE_WITH_KNOTS('',1,(#3169,#3170),.UNSPECIFIED.,.F.,
  .F.,(2,2),(0.,1.),.PIECEWISE_BEZIER_KNOTS.);
#3169 = CARTESIAN_POINT('',(9.016,-67.584,18.2));
#3170 = CARTESIAN_POINT('',(9.016,-68.416,18.2));
#3171 = PCURVE('',#1798,#3172);
#3172 = DEFINITIONAL_REPRESENTATION('',(#3173),#3176);
#3173 = B_SPLINE_CURVE_WITH_KNOTS('',1,(#3174,#3175),.UNSPECIFIED.,.F.,
  .F.,(2,2),(0.,1.),.PIECEWISE_BEZIER_KNOTS.);
#3174 = CARTESIAN_POINT('',(20.543665117359,-4.712199977925));
#3175 = CARTESIAN_POINT('',(20.268542880236,-5.497395338737));
#3176 = ( GEOMETRIC_REPRESENTATION_CONTEXT(2) 
PARAMETRIC_REPRESENTATION_CONTEXT() REPRESENTATION_CONTEXT('2D SPACE',''
  ) );
#3177 = PCURVE('',#3178,#3183);
#3178 = B_SPLINE_SURFACE_WITH_KNOTS('',1,1,(
    (#3179,#3180)
    ,(#3181,#3182
    )),.UNSPECIFIED.,.F.,.F.,.F.,(2,2),(2,2),(-0.42,0.42),(0.,1.),
  .PIECEWISE_BEZIER_KNOTS.);
#3179 = CARTESIAN_POINT('',(9.,-68.4,17.8));
#3180 = CARTESIAN_POINT('',(9.02,-68.42,18.3));
#3181 = CARTESIAN_POINT('',(9.,-67.6,17.8));
#3182 = CARTESIAN_POINT('',(9.02,-67.58,18.3));
#3183 = DEFINITIONAL_REPRESENTATION('',(#3184),#3187);
#3184 = B_SPLINE_CURVE_WITH_KNOTS('',1,(#3185,#3186),.UNSPECIFIED.,.F.,
  .F.,(2,2),(0.,1.),.PIECEWISE_BEZIER_KNOTS.);
#3185 = CARTESIAN_POINT('',(0.42,0.8));
#3186 = CARTESIAN_POINT('',(-0.42,0.8));
#3187 = ( GEOMETRIC_REPRESENTATION_CONTEXT(2) 
PARAMETRIC_REPRESENTATION_CONTEXT() REPRESENTATION_CONTEXT('2D SPACE',''
  ) );
#3188 = FACE_BOUND('',#3189,.T.);
#3189 = EDGE_LOOP('',(#3190,#3217,#3242,#3267));
#3190 = ORIENTED_EDGE('',*,*,#3191,.T.);
#3191 = EDGE_CURVE('',#3192,#3194,#3196,.T.);
#3192 = VERTEX_POINT('',#3193);
#3193 = CARTESIAN_POINT('',(9.016,-66.416,18.2));
#3194 = VERTEX_POINT('',#3195);
#3195 = CARTESIAN_POINT('',(-9.016,-66.416,18.2));
#3196 = SURFACE_CURVE('',#3197,(#3200,#3206),.PCURVE_S1.);
#3197 = B_SPLINE_CURVE_WITH_KNOTS('',1,(#3198,#3199),.UNSPECIFIED.,.F.,
  .F.,(2,2),(0.,1.),.PIECEWISE_BEZIER_KNOTS.);
#3198 = CARTESIAN_POINT('',(9.016,-66.416,18.2));
#3199 = CARTESIAN_POINT('',(-9.016,-66.416,18.2));
#3200 = PCURVE('',#1798,#3201);
#3201 = DEFINITIONAL_REPRESENTATION('',(#3202),#3205);
#3202 = B_SPLINE_CURVE_WITH_KNOTS('',1,(#3203,#3204),.UNSPECIFIED.,.F.,
  .F.,(2,2),(0.,1.),.PIECEWISE_BEZIER_KNOTS.);
#3203 = CARTESIAN_POINT('',(20.929894411782,-3.609906490632));
#3204 = CARTESIAN_POINT('',(3.912294957267,2.352838917794));
#3205 = ( GEOMETRIC_REPRESENTATION_CONTEXT(2) 
PARAMETRIC_REPRESENTATION_CONTEXT() REPRESENTATION_CONTEXT('2D SPACE',''
  ) );
#3206 = PCURVE('',#3207,#3212);
#3207 = B_SPLINE_SURFACE_WITH_KNOTS('',1,1,(
    (#3208,#3209)
    ,(#3210,#3211
    )),.UNSPECIFIED.,.F.,.F.,.F.,(2,2),(2,2),(-9.02,9.02),(0.,1.),
  .PIECEWISE_BEZIER_KNOTS.);
#3208 = CARTESIAN_POINT('',(-9.,-66.4,17.8));
#3209 = CARTESIAN_POINT('',(-9.02,-66.42,18.3));
#3210 = CARTESIAN_POINT('',(9.,-66.4,17.8));
#3211 = CARTESIAN_POINT('',(9.02,-66.42,18.3));
#3212 = DEFINITIONAL_REPRESENTATION('',(#3213),#3216);
#3213 = B_SPLINE_CURVE_WITH_KNOTS('',1,(#3214,#3215),.UNSPECIFIED.,.F.,
  .F.,(2,2),(0.,1.),.PIECEWISE_BEZIER_KNOTS.);
#3214 = CARTESIAN_POINT('',(9.02,0.8));
#3215 = CARTESIAN_POINT('',(-9.02,0.8));
#3216 = ( GEOMETRIC_REPRESENTATION_CONTEXT(2) 
PARAMETRIC_REPRESENTATION_CONTEXT() REPRESENTATION_CONTEXT('2D SPACE',''
  ) );
#3217 = ORIENTED_EDGE('',*,*,#3218,.T.);
#3218 = EDGE_CURVE('',#3194,#3219,#3221,.T.);
#3219 = VERTEX_POINT('',#3220);
#3220 = CARTESIAN_POINT('',(-9.016,-65.584,18.2));
#3221 = SURFACE_CURVE('',#3222,(#3225,#3231),.PCURVE_S1.);
#3222 = B_SPLINE_CURVE_WITH_KNOTS('',1,(#3223,#3224),.UNSPECIFIED.,.F.,
  .F.,(2,2),(0.,1.),.PIECEWISE_BEZIER_KNOTS.);
#3223 = CARTESIAN_POINT('',(-9.016,-66.416,18.2));
#3224 = CARTESIAN_POINT('',(-9.016,-65.584,18.2));
#3225 = PCURVE('',#1798,#3226);
#3226 = DEFINITIONAL_REPRESENTATION('',(#3227),#3230);
#3227 = B_SPLINE_CURVE_WITH_KNOTS('',1,(#3228,#3229),.UNSPECIFIED.,.F.,
  .F.,(2,2),(0.,1.),.PIECEWISE_BEZIER_KNOTS.);
#3228 = CARTESIAN_POINT('',(3.912294957267,2.352838917794));
#3229 = CARTESIAN_POINT('',(4.187417194391,3.138034278605));
#3230 = ( GEOMETRIC_REPRESENTATION_CONTEXT(2) 
PARAMETRIC_REPRESENTATION_CONTEXT() REPRESENTATION_CONTEXT('2D SPACE',''
  ) );
#3231 = PCURVE('',#3232,#3237);
#3232 = B_SPLINE_SURFACE_WITH_KNOTS('',1,1,(
    (#3233,#3234)
    ,(#3235,#3236
    )),.UNSPECIFIED.,.F.,.F.,.F.,(2,2),(2,2),(-0.42,0.42),(0.,1.),
  .PIECEWISE_BEZIER_KNOTS.);
#3233 = CARTESIAN_POINT('',(-9.,-65.6,17.8));
#3234 = CARTESIAN_POINT('',(-9.02,-65.58,18.3));
#3235 = CARTESIAN_POINT('',(-9.,-66.4,17.8));
#3236 = CARTESIAN_POINT('',(-9.02,-66.42,18.3));
#3237 = DEFINITIONAL_REPRESENTATION('',(#3238),#3241);
#3238 = B_SPLINE_CURVE_WITH_KNOTS('',1,(#3239,#3240),.UNSPECIFIED.,.F.,
  .F.,(2,2),(0.,1.),.PIECEWISE_BEZIER_KNOTS.);
#3239 = CARTESIAN_POINT('',(0.42,0.8));
#3240 = CARTESIAN_POINT('',(-0.42,0.8));
#3241 = ( GEOMETRIC_REPRESENTATION_CONTEXT(2) 
PARAMETRIC_REPRESENTATION_CONTEXT() REPRESENTATION_CONTEXT('2D SPACE',''
  ) );
#3242 = ORIENTED_EDGE('',*,*,#3243,.T.);
#3243 = EDGE_CURVE('',#3219,#3244,#3246,.T.);
#3244 = VERTEX_POINT('',#3245);
#3245 = CARTESIAN_POINT('',(9.016,-65.584,18.2));
#3246 = SURFACE_CURVE('',#3247,(#3250,#3256),.PCURVE_S1.);
#3247 = B_SPLINE_CURVE_WITH_KNOTS('',1,(#3248,#3249),.UNSPECIFIED.,.F.,
  .F.,(2,2),(0.,1.),.PIECEWISE_BEZIER_KNOTS.);
#3248 = CARTESIAN_POINT('',(-9.016,-65.584,18.2));
#3249 = CARTESIAN_POINT('',(9.016,-65.584,18.2));
#3250 = PCURVE('',#1798,#3251);
#3251 = DEFINITIONAL_REPRESENTATION('',(#3252),#3255);
#3252 = B_SPLINE_CURVE_WITH_KNOTS('',1,(#3253,#3254),.UNSPECIFIED.,.F.,
  .F.,(2,2),(0.,1.),.PIECEWISE_BEZIER_KNOTS.);
#3253 = CARTESIAN_POINT('',(4.187417194391,3.138034278605));
#3254 = CARTESIAN_POINT('',(21.205016648906,-2.82471112982));
#3255 = ( GEOMETRIC_REPRESENTATION_CONTEXT(2) 
PARAMETRIC_REPRESENTATION_CONTEXT() REPRESENTATION_CONTEXT('2D SPACE',''
  ) );
#3256 = PCURVE('',#3257,#3262);
#3257 = B_SPLINE_SURFACE_WITH_KNOTS('',1,1,(
    (#3258,#3259)
    ,(#3260,#3261
    )),.UNSPECIFIED.,.F.,.F.,.F.,(2,2),(2,2),(-9.02,9.02),(0.,1.),
  .PIECEWISE_BEZIER_KNOTS.);
#3258 = CARTESIAN_POINT('',(9.,-65.6,17.8));
#3259 = CARTESIAN_POINT('',(9.02,-65.58,18.3));
#3260 = CARTESIAN_POINT('',(-9.,-65.6,17.8));
#3261 = CARTESIAN_POINT('',(-9.02,-65.58,18.3));
#3262 = DEFINITIONAL_REPRESENTATION('',(#3263),#3266);
#3263 = B_SPLINE_CURVE_WITH_KNOTS('',1,(#3264,#3265),.UNSPECIFIED.,.F.,
  .F.,(2,2),(0.,1.),.PIECEWISE_BEZIER_KNOTS.);
#3264 = CARTESIAN_POINT('',(9.02,0.8));
#3265 = CARTESIAN_POINT('',(-9.02,0.8));
#3266 = ( GEOMETRIC_REPRESENTATION_CONTEXT(2) 
PARAMETRIC_REPRESENTATION_CONTEXT() REPRESENTATION_CONTEXT('2D SPACE',''
  ) );
#3267 = ORIENTED_EDGE('',*,*,#3268,.T.);
#3268 = EDGE_CURVE('',#3244,#3192,#3269,.T.);
#3269 = SURFACE_CURVE('',#3270,(#3273,#3279),.PCURVE_S1.);
#3270 = B_SPLINE_CURVE_WITH_KNOTS('',1,(#3271,#3272),.UNSPECIFIED.,.F.,
  .F.,(2,2),(0.,1.),.PIECEWISE_BEZIER_KNOTS.);
#3271 = CARTESIAN_POINT('',(9.016,-65.584,18.2));
#3272 = CARTESIAN_POINT('',(9.016,-66.416,18.2));
#3273 = PCURVE('',#1798,#3274);
#3274 = DEFINITIONAL_REPRESENTATION('',(#3275),#3278);
#3275 = B_SPLINE_CURVE_WITH_KNOTS('',1,(#3276,#3277),.UNSPECIFIED.,.F.,
  .F.,(2,2),(0.,1.),.PIECEWISE_BEZIER_KNOTS.);
#3276 = CARTESIAN_POINT('',(21.205016648906,-2.82471112982));
#3277 = CARTESIAN_POINT('',(20.929894411782,-3.609906490632));
#3278 = ( GEOMETRIC_REPRESENTATION_CONTEXT(2) 
PARAMETRIC_REPRESENTATION_CONTEXT() REPRESENTATION_CONTEXT('2D SPACE',''
  ) );
#3279 = PCURVE('',#3280,#3285);
#3280 = B_SPLINE_SURFACE_WITH_KNOTS('',1,1,(
    (#3281,#3282)
    ,(#3283,#3284
    )),.UNSPECIFIED.,.F.,.F.,.F.,(2,2),(2,2),(-0.42,0.42),(0.,1.),
  .PIECEWISE_BEZIER_KNOTS.);
#3281 = CARTESIAN_POINT('',(9.,-66.4,17.8));
#3282 = CARTESIAN_POINT('',(9.02,-66.42,18.3));
#3283 = CARTESIAN_POINT('',(9.,-65.6,17.8));
#3284 = CARTESIAN_POINT('',(9.02,-65.58,18.3));
#3285 = DEFINITIONAL_REPRESENTATION('',(#3286),#3289);
#3286 = B_SPLINE_CURVE_WITH_KNOTS('',1,(#3287,#3288),.UNSPECIFIED.,.F.,
  .F.,(2,2),(0.,1.),.PIECEWISE_BEZIER_KNOTS.);
#3287 = CARTESIAN_POINT('',(0.42,0.8));
#3288 = CARTESIAN_POINT('',(-0.42,0.8));
#3289 = ( GEOMETRIC_REPRESENTATION_CONTEXT(2) 
PARAMETRIC_REPRESENTATION_CONTEXT() REPRESENTATION_CONTEXT('2D SPACE',''
  ) );
#3290 = FACE_BOUND('',#3291,.T.);
#3291 = EDGE_LOOP('',(#3292,#3319,#3344,#3369));
#3292 = ORIENTED_EDGE('',*,*,#3293,.T.);
#3293 = EDGE_CURVE('',#3294,#3296,#3298,.T.);
#3294 = VERTEX_POINT('',#3295);
#3295 = CARTESIAN_POINT('',(9.016,-64.416,18.2));
#3296 = VERTEX_POINT('',#3297);
#3297 = CARTESIAN_POINT('',(-9.016,-64.416,18.2));
#3298 = SURFACE_CURVE('',#3299,(#3302,#3308),.PCURVE_S1.);
#3299 = B_SPLINE_CURVE_WITH_KNOTS('',1,(#3300,#3301),.UNSPECIFIED.,.F.,
  .F.,(2,2),(0.,1.),.PIECEWISE_BEZIER_KNOTS.);
#3300 = CARTESIAN_POINT('',(9.016,-64.416,18.2));
#3301 = CARTESIAN_POINT('',(-9.016,-64.416,18.2));
#3302 = PCURVE('',#1798,#3303);
#3303 = DEFINITIONAL_REPRESENTATION('',(#3304),#3307);
#3304 = B_SPLINE_CURVE_WITH_KNOTS('',1,(#3305,#3306),.UNSPECIFIED.,.F.,
  .F.,(2,2),(0.,1.),.PIECEWISE_BEZIER_KNOTS.);
#3305 = CARTESIAN_POINT('',(21.591245943329,-1.722417642527));
#3306 = CARTESIAN_POINT('',(4.573646488814,4.240327765899));
#3307 = ( GEOMETRIC_REPRESENTATION_CONTEXT(2) 
PARAMETRIC_REPRESENTATION_CONTEXT() REPRESENTATION_CONTEXT('2D SPACE',''
  ) );
#3308 = PCURVE('',#3309,#3314);
#3309 = B_SPLINE_SURFACE_WITH_KNOTS('',1,1,(
    (#3310,#3311)
    ,(#3312,#3313
    )),.UNSPECIFIED.,.F.,.F.,.F.,(2,2),(2,2),(-9.02,9.02),(0.,1.),
  .PIECEWISE_BEZIER_KNOTS.);
#3310 = CARTESIAN_POINT('',(-9.,-64.4,17.8));
#3311 = CARTESIAN_POINT('',(-9.02,-64.42,18.3));
#3312 = CARTESIAN_POINT('',(9.,-64.4,17.8));
#3313 = CARTESIAN_POINT('',(9.02,-64.42,18.3));
#3314 = DEFINITIONAL_REPRESENTATION('',(#3315),#3318);
#3315 = B_SPLINE_CURVE_WITH_KNOTS('',1,(#3316,#3317),.UNSPECIFIED.,.F.,
  .F.,(2,2),(0.,1.),.PIECEWISE_BEZIER_KNOTS.);
#3316 = CARTESIAN_POINT('',(9.02,0.8));
#3317 = CARTESIAN_POINT('',(-9.02,0.8));
#3318 = ( GEOMETRIC_REPRESENTATION_CONTEXT(2) 
PARAMETRIC_REPRESENTATION_CONTEXT() REPRESENTATION_CONTEXT('2D SPACE',''
  ) );
#3319 = ORIENTED_EDGE('',*,*,#3320,.T.);
#3320 = EDGE_CURVE('',#3296,#3321,#3323,.T.);
#3321 = VERTEX_POINT('',#3322);
#3322 = CARTESIAN_POINT('',(-9.016,-63.584,18.2));
#3323 = SURFACE_CURVE('',#3324,(#3327,#3333),.PCURVE_S1.);
#3324 = B_SPLINE_CURVE_WITH_KNOTS('',1,(#3325,#3326),.UNSPECIFIED.,.F.,
  .F.,(2,2),(0.,1.),.PIECEWISE_BEZIER_KNOTS.);
#3325 = CARTESIAN_POINT('',(-9.016,-64.416,18.2));
#3326 = CARTESIAN_POINT('',(-9.016,-63.584,18.2));
#3327 = PCURVE('',#1798,#3328);
#3328 = DEFINITIONAL_REPRESENTATION('',(#3329),#3332);
#3329 = B_SPLINE_CURVE_WITH_KNOTS('',1,(#3330,#3331),.UNSPECIFIED.,.F.,
  .F.,(2,2),(0.,1.),.PIECEWISE_BEZIER_KNOTS.);
#3330 = CARTESIAN_POINT('',(4.573646488814,4.240327765899));
#3331 = CARTESIAN_POINT('',(4.848768725938,5.02552312671));
#3332 = ( GEOMETRIC_REPRESENTATION_CONTEXT(2) 
PARAMETRIC_REPRESENTATION_CONTEXT() REPRESENTATION_CONTEXT('2D SPACE',''
  ) );
#3333 = PCURVE('',#3334,#3339);
#3334 = B_SPLINE_SURFACE_WITH_KNOTS('',1,1,(
    (#3335,#3336)
    ,(#3337,#3338
    )),.UNSPECIFIED.,.F.,.F.,.F.,(2,2),(2,2),(-0.42,0.42),(0.,1.),
  .PIECEWISE_BEZIER_KNOTS.);
#3335 = CARTESIAN_POINT('',(-9.,-63.6,17.8));
#3336 = CARTESIAN_POINT('',(-9.02,-63.58,18.3));
#3337 = CARTESIAN_POINT('',(-9.,-64.4,17.8));
#3338 = CARTESIAN_POINT('',(-9.02,-64.42,18.3));
#3339 = DEFINITIONAL_REPRESENTATION('',(#3340),#3343);
#3340 = B_SPLINE_CURVE_WITH_KNOTS('',1,(#3341,#3342),.UNSPECIFIED.,.F.,
  .F.,(2,2),(0.,1.),.PIECEWISE_BEZIER_KNOTS.);
#3341 = CARTESIAN_POINT('',(0.42,0.8));
#3342 = CARTESIAN_POINT('',(-0.42,0.8));
#3343 = ( GEOMETRIC_REPRESENTATION_CONTEXT(2) 
PARAMETRIC_REPRESENTATION_CONTEXT() REPRESENTATION_CONTEXT('2D SPACE',''
  ) );
#3344 = ORIENTED_EDGE('',*,*,#3345,.T.);
#3345 = EDGE_CURVE('',#3321,#3346,#3348,.T.);
#3346 = VERTEX_POINT('',#3347);
#3347 = CARTESIAN_POINT('',(9.016,-63.584,18.2));
#3348 = SURFACE_CURVE('',#3349,(#3352,#3358),.PCURVE_S1.);
#3349 = B_SPLINE_CURVE_WITH_KNOTS('',1,(#3350,#3351),.UNSPECIFIED.,.F.,
  .F.,(2,2),(0.,1.),.PIECEWISE_BEZIER_KNOTS.);
#3350 = CARTESIAN_POINT('',(-9.016,-63.584,18.2));
#3351 = CARTESIAN_POINT('',(9.016,-63.584,18.2));
#3352 = PCURVE('',#1798,#3353);
#3353 = DEFINITIONAL_REPRESENTATION('',(#3354),#3357);
#3354 = B_SPLINE_CURVE_WITH_KNOTS('',1,(#3355,#3356),.UNSPECIFIED.,.F.,
  .F.,(2,2),(0.,1.),.PIECEWISE_BEZIER_KNOTS.);
#3355 = CARTESIAN_POINT('',(4.848768725938,5.02552312671));
#3356 = CARTESIAN_POINT('',(21.866368180452,-0.937222281715));
#3357 = ( GEOMETRIC_REPRESENTATION_CONTEXT(2) 
PARAMETRIC_REPRESENTATION_CONTEXT() REPRESENTATION_CONTEXT('2D SPACE',''
  ) );
#3358 = PCURVE('',#3359,#3364);
#3359 = B_SPLINE_SURFACE_WITH_KNOTS('',1,1,(
    (#3360,#3361)
    ,(#3362,#3363
    )),.UNSPECIFIED.,.F.,.F.,.F.,(2,2),(2,2),(-9.02,9.02),(0.,1.),
  .PIECEWISE_BEZIER_KNOTS.);
#3360 = CARTESIAN_POINT('',(9.,-63.6,17.8));
#3361 = CARTESIAN_POINT('',(9.02,-63.58,18.3));
#3362 = CARTESIAN_POINT('',(-9.,-63.6,17.8));
#3363 = CARTESIAN_POINT('',(-9.02,-63.58,18.3));
#3364 = DEFINITIONAL_REPRESENTATION('',(#3365),#3368);
#3365 = B_SPLINE_CURVE_WITH_KNOTS('',1,(#3366,#3367),.UNSPECIFIED.,.F.,
  .F.,(2,2),(0.,1.),.PIECEWISE_BEZIER_KNOTS.);
#3366 = CARTESIAN_POINT('',(9.02,0.8));
#3367 = CARTESIAN_POINT('',(-9.02,0.8));
#3368 = ( GEOMETRIC_REPRESENTATION_CONTEXT(2) 
PARAMETRIC_REPRESENTATION_CONTEXT() REPRESENTATION_CONTEXT('2D SPACE',''
  ) );
#3369 = ORIENTED_EDGE('',*,*,#3370,.T.);
#3370 = EDGE_CURVE('',#3346,#3294,#3371,.T.);
#3371 = SURFACE_CURVE('',#3372,(#3375,#3381),.PCURVE_S1.);
#3372 = B_SPLINE_CURVE_WITH_KNOTS('',1,(#3373,#3374),.UNSPECIFIED.,.F.,
  .F.,(2,2),(0.,1.),.PIECEWISE_BEZIER_KNOTS.);
#3373 = CARTESIAN_POINT('',(9.016,-63.584,18.2));
#3374 = CARTESIAN_POINT('',(9.016,-64.416,18.2));
#3375 = PCURVE('',#1798,#3376);
#3376 = DEFINITIONAL_REPRESENTATION('',(#3377),#3380);
#3377 = B_SPLINE_CURVE_WITH_KNOTS('',1,(#3378,#3379),.UNSPECIFIED.,.F.,
  .F.,(2,2),(0.,1.),.PIECEWISE_BEZIER_KNOTS.);
#3378 = CARTESIAN_POINT('',(21.866368180452,-0.937222281715));
#3379 = CARTESIAN_POINT('',(21.591245943329,-1.722417642527));
#3380 = ( GEOMETRIC_REPRESENTATION_CONTEXT(2) 
PARAMETRIC_REPRESENTATION_CONTEXT() REPRESENTATION_CONTEXT('2D SPACE',''
  ) );
#3381 = PCURVE('',#3382,#3387);
#3382 = B_SPLINE_SURFACE_WITH_KNOTS('',1,1,(
    (#3383,#3384)
    ,(#3385,#3386
    )),.UNSPECIFIED.,.F.,.F.,.F.,(2,2),(2,2),(-0.42,0.42),(0.,1.),
  .PIECEWISE_BEZIER_KNOTS.);
#3383 = CARTESIAN_POINT('',(9.,-64.4,17.8));
#3384 = CARTESIAN_POINT('',(9.02,-64.42,18.3));
#3385 = CARTESIAN_POINT('',(9.,-63.6,17.8));
#3386 = CARTESIAN_POINT('',(9.02,-63.58,18.3));
#3387 = DEFINITIONAL_REPRESENTATION('',(#3388),#3391);
#3388 = B_SPLINE_CURVE_WITH_KNOTS('',1,(#3389,#3390),.UNSPECIFIED.,.F.,
  .F.,(2,2),(0.,1.),.PIECEWISE_BEZIER_KNOTS.);
#3389 = CARTESIAN_POINT('',(0.42,0.8));
#3390 = CARTESIAN_POINT('',(-0.42,0.8));
#3391 = ( GEOMETRIC_REPRESENTATION_CONTEXT(2) 
PARAMETRIC_REPRESENTATION_CONTEXT() REPRESENTATION_CONTEXT('2D SPACE',''
  ) );
#3392 = ADVANCED_FACE('',(#3393),#2154,.F.);
#3393 = FACE_BOUND('',#3394,.F.);
#3394 = EDGE_LOOP('',(#3395,#3396,#3397,#3421));
#3395 = ORIENTED_EDGE('',*,*,#2139,.T.);
#3396 = ORIENTED_EDGE('',*,*,#2252,.T.);
#3397 = ORIENTED_EDGE('',*,*,#3398,.F.);
#3398 = EDGE_CURVE('',#3399,#2225,#3401,.T.);
#3399 = VERTEX_POINT('',#3400);
#3400 = CARTESIAN_POINT('',(-9.413333333333,-59.75,14.4));
#3401 = SURFACE_CURVE('',#3402,(#3407,#3414),.PCURVE_S1.);
#3402 = CIRCLE('',#3403,0.19);
#3403 = AXIS2_PLACEMENT_3D('',#3404,#3405,#3406);
#3404 = CARTESIAN_POINT('',(-9.413333333333,-59.75,14.21));
#3405 = DIRECTION('',(0.,-1.,0.));
#3406 = DIRECTION('',(1.,0.,0.));
#3407 = PCURVE('',#2154,#3408);
#3408 = DEFINITIONAL_REPRESENTATION('',(#3409),#3413);
#3409 = LINE('',#3410,#3411);
#3410 = CARTESIAN_POINT('',(0.,1.));
#3411 = VECTOR('',#3412,1.);
#3412 = DIRECTION('',(1.,0.));
#3413 = ( GEOMETRIC_REPRESENTATION_CONTEXT(2) 
PARAMETRIC_REPRESENTATION_CONTEXT() REPRESENTATION_CONTEXT('2D SPACE',''
  ) );
#3414 = PCURVE('',#2240,#3415);
#3415 = DEFINITIONAL_REPRESENTATION('',(#3416),#3420);
#3416 = CIRCLE('',#3417,0.19);
#3417 = AXIS2_PLACEMENT_2D('',#3418,#3419);
#3418 = CARTESIAN_POINT('',(0.,2.E-02));
#3419 = DIRECTION('',(1.,0.));
#3420 = ( GEOMETRIC_REPRESENTATION_CONTEXT(2) 
PARAMETRIC_REPRESENTATION_CONTEXT() REPRESENTATION_CONTEXT('2D SPACE',''
  ) );
#3421 = ORIENTED_EDGE('',*,*,#3422,.F.);
#3422 = EDGE_CURVE('',#2116,#3399,#3423,.T.);
#3423 = SURFACE_CURVE('',#3424,(#3427,#3434),.PCURVE_S1.);
#3424 = B_SPLINE_CURVE_WITH_KNOTS('',1,(#3425,#3426),.UNSPECIFIED.,.F.,
  .F.,(2,2),(0.,1.),.PIECEWISE_BEZIER_KNOTS.);
#3425 = CARTESIAN_POINT('',(-7.693333333333,-60.1,16.27));
#3426 = CARTESIAN_POINT('',(-9.413333333333,-59.75,14.4));
#3427 = PCURVE('',#2154,#3428);
#3428 = DEFINITIONAL_REPRESENTATION('',(#3429),#3433);
#3429 = LINE('',#3430,#3431);
#3430 = CARTESIAN_POINT('',(1.570796326795,0.));
#3431 = VECTOR('',#3432,1.);
#3432 = DIRECTION('',(0.,1.));
#3433 = ( GEOMETRIC_REPRESENTATION_CONTEXT(2) 
PARAMETRIC_REPRESENTATION_CONTEXT() REPRESENTATION_CONTEXT('2D SPACE',''
  ) );
#3434 = PCURVE('',#3068,#3435);
#3435 = DEFINITIONAL_REPRESENTATION('',(#3436),#3440);
#3436 = LINE('',#3437,#3438);
#3437 = CARTESIAN_POINT('',(9.413333333333,0.));
#3438 = VECTOR('',#3439,1.);
#3439 = DIRECTION('',(0.,1.));
#3440 = ( GEOMETRIC_REPRESENTATION_CONTEXT(2) 
PARAMETRIC_REPRESENTATION_CONTEXT() REPRESENTATION_CONTEXT('2D SPACE',''
  ) );
#3441 = ADVANCED_FACE('',(#3442),#2198,.F.);
#3442 = FACE_BOUND('',#3443,.F.);
#3443 = EDGE_LOOP('',(#3444,#3445,#3467,#3489));
#3444 = ORIENTED_EDGE('',*,*,#2298,.T.);
#3445 = ORIENTED_EDGE('',*,*,#3446,.T.);
#3446 = EDGE_CURVE('',#2277,#3447,#3449,.T.);
#3447 = VERTEX_POINT('',#3448);
#3448 = CARTESIAN_POINT('',(-9.413333333333,-59.75,14.));
#3449 = SURFACE_CURVE('',#3450,(#3453,#3460),.PCURVE_S1.);
#3450 = B_SPLINE_CURVE_WITH_KNOTS('',1,(#3451,#3452),.UNSPECIFIED.,.F.,
  .F.,(2,2),(0.,1.),.PIECEWISE_BEZIER_KNOTS.);
#3451 = CARTESIAN_POINT('',(-7.693333333333,-60.1,12.13));
#3452 = CARTESIAN_POINT('',(-9.413333333333,-59.75,14.));
#3453 = PCURVE('',#2198,#3454);
#3454 = DEFINITIONAL_REPRESENTATION('',(#3455),#3459);
#3455 = LINE('',#3456,#3457);
#3456 = CARTESIAN_POINT('',(4.712388980385,0.));
#3457 = VECTOR('',#3458,1.);
#3458 = DIRECTION('',(0.,1.));
#3459 = ( GEOMETRIC_REPRESENTATION_CONTEXT(2) 
PARAMETRIC_REPRESENTATION_CONTEXT() REPRESENTATION_CONTEXT('2D SPACE',''
  ) );
#3460 = PCURVE('',#2720,#3461);
#3461 = DEFINITIONAL_REPRESENTATION('',(#3462),#3466);
#3462 = LINE('',#3463,#3464);
#3463 = CARTESIAN_POINT('',(-9.413333333333,0.));
#3464 = VECTOR('',#3465,1.);
#3465 = DIRECTION('',(0.,1.));
#3466 = ( GEOMETRIC_REPRESENTATION_CONTEXT(2) 
PARAMETRIC_REPRESENTATION_CONTEXT() REPRESENTATION_CONTEXT('2D SPACE',''
  ) );
#3467 = ORIENTED_EDGE('',*,*,#3468,.F.);
#3468 = EDGE_CURVE('',#2185,#3447,#3469,.T.);
#3469 = SURFACE_CURVE('',#3470,(#3475,#3482),.PCURVE_S1.);
#3470 = CIRCLE('',#3471,0.19);
#3471 = AXIS2_PLACEMENT_3D('',#3472,#3473,#3474);
#3472 = CARTESIAN_POINT('',(-9.413333333333,-59.75,14.19));
#3473 = DIRECTION('',(0.,-1.,0.));
#3474 = DIRECTION('',(1.,0.,0.));
#3475 = PCURVE('',#2198,#3476);
#3476 = DEFINITIONAL_REPRESENTATION('',(#3477),#3481);
#3477 = LINE('',#3478,#3479);
#3478 = CARTESIAN_POINT('',(0.,1.));
#3479 = VECTOR('',#3480,1.);
#3480 = DIRECTION('',(1.,0.));
#3481 = ( GEOMETRIC_REPRESENTATION_CONTEXT(2) 
PARAMETRIC_REPRESENTATION_CONTEXT() REPRESENTATION_CONTEXT('2D SPACE',''
  ) );
#3482 = PCURVE('',#2240,#3483);
#3483 = DEFINITIONAL_REPRESENTATION('',(#3484),#3488);
#3484 = CIRCLE('',#3485,0.19);
#3485 = AXIS2_PLACEMENT_2D('',#3486,#3487);
#3486 = CARTESIAN_POINT('',(0.,0.));
#3487 = DIRECTION('',(1.,0.));
#3488 = ( GEOMETRIC_REPRESENTATION_CONTEXT(2) 
PARAMETRIC_REPRESENTATION_CONTEXT() REPRESENTATION_CONTEXT('2D SPACE',''
  ) );
#3489 = ORIENTED_EDGE('',*,*,#2184,.F.);
#3490 = ADVANCED_FACE('',(#3491),#2240,.F.);
#3491 = FACE_BOUND('',#3492,.F.);
#3492 = EDGE_LOOP('',(#3493,#3494,#3495,#3518,#3543,#3569,#3594,#3619,
    #3645,#3670,#3691));
#3493 = ORIENTED_EDGE('',*,*,#2224,.F.);
#3494 = ORIENTED_EDGE('',*,*,#3468,.T.);
#3495 = ORIENTED_EDGE('',*,*,#3496,.T.);
#3496 = EDGE_CURVE('',#3447,#3497,#3499,.T.);
#3497 = VERTEX_POINT('',#3498);
#3498 = CARTESIAN_POINT('',(-7.046493657006,-59.75,14.));
#3499 = SURFACE_CURVE('',#3500,(#3504,#3511),.PCURVE_S1.);
#3500 = LINE('',#3501,#3502);
#3501 = CARTESIAN_POINT('',(0.,-59.75,14.));
#3502 = VECTOR('',#3503,1.);
#3503 = DIRECTION('',(1.,0.,0.));
#3504 = PCURVE('',#2240,#3505);
#3505 = DEFINITIONAL_REPRESENTATION('',(#3506),#3510);
#3506 = LINE('',#3507,#3508);
#3507 = CARTESIAN_POINT('',(9.413333333333,-0.19));
#3508 = VECTOR('',#3509,1.);
#3509 = DIRECTION('',(1.,0.));
#3510 = ( GEOMETRIC_REPRESENTATION_CONTEXT(2) 
PARAMETRIC_REPRESENTATION_CONTEXT() REPRESENTATION_CONTEXT('2D SPACE',''
  ) );
#3511 = PCURVE('',#2720,#3512);
#3512 = DEFINITIONAL_REPRESENTATION('',(#3513),#3517);
#3513 = LINE('',#3514,#3515);
#3514 = CARTESIAN_POINT('',(0.,1.));
#3515 = VECTOR('',#3516,1.);
#3516 = DIRECTION('',(1.,0.));
#3517 = ( GEOMETRIC_REPRESENTATION_CONTEXT(2) 
PARAMETRIC_REPRESENTATION_CONTEXT() REPRESENTATION_CONTEXT('2D SPACE',''
  ) );
#3518 = ORIENTED_EDGE('',*,*,#3519,.T.);
#3519 = EDGE_CURVE('',#3497,#3520,#3522,.T.);
#3520 = VERTEX_POINT('',#3521);
#3521 = CARTESIAN_POINT('',(-7.049965111015,-59.75,14.199));
#3522 = SURFACE_CURVE('',#3523,(#3526,#3532),.PCURVE_S1.);
#3523 = B_SPLINE_CURVE_WITH_KNOTS('',1,(#3524,#3525),.UNSPECIFIED.,.F.,
  .F.,(2,2),(0.,1.),.PIECEWISE_BEZIER_KNOTS.);
#3524 = CARTESIAN_POINT('',(-7.046493657006,-59.75,14.));
#3525 = CARTESIAN_POINT('',(-7.049965145576,-59.75,14.1990019812));
#3526 = PCURVE('',#2240,#3527);
#3527 = DEFINITIONAL_REPRESENTATION('',(#3528),#3531);
#3528 = B_SPLINE_CURVE_WITH_KNOTS('',1,(#3529,#3530),.UNSPECIFIED.,.F.,
  .F.,(2,2),(0.,1.),.PIECEWISE_BEZIER_KNOTS.);
#3529 = CARTESIAN_POINT('',(2.366839676328,-0.19));
#3530 = CARTESIAN_POINT('',(2.363368187757,9.001981200001E-03));
#3531 = ( GEOMETRIC_REPRESENTATION_CONTEXT(2) 
PARAMETRIC_REPRESENTATION_CONTEXT() REPRESENTATION_CONTEXT('2D SPACE',''
  ) );
#3532 = PCURVE('',#3533,#3538);
#3533 = B_SPLINE_SURFACE_WITH_KNOTS('',1,1,(
    (#3534,#3535)
    ,(#3536,#3537
    )),.UNSPECIFIED.,.F.,.F.,.F.,(2,2),(2,2),(-18.475,18.475),(0.,1.),
  .PIECEWISE_BEZIER_KNOTS.);
#3534 = CARTESIAN_POINT('',(-7.021199142868,-25.07880085713,12.55));
#3535 = CARTESIAN_POINT('',(-7.05,-25.05,14.201));
#3536 = CARTESIAN_POINT('',(-7.021199142868,-61.97119914286,12.55));
#3537 = CARTESIAN_POINT('',(-7.05,-62.,14.201));
#3538 = DEFINITIONAL_REPRESENTATION('',(#3539),#3542);
#3539 = B_SPLINE_CURVE_WITH_KNOTS('',1,(#3540,#3541),.UNSPECIFIED.,.F.,
  .F.,(2,2),(0.,1.),.PIECEWISE_BEZIER_KNOTS.);
#3540 = CARTESIAN_POINT('',(16.228079903352,0.878255602665));
#3541 = CARTESIAN_POINT('',(16.225030609694,0.998789812962));
#3542 = ( GEOMETRIC_REPRESENTATION_CONTEXT(2) 
PARAMETRIC_REPRESENTATION_CONTEXT() REPRESENTATION_CONTEXT('2D SPACE',''
  ) );
#3543 = ORIENTED_EDGE('',*,*,#3544,.F.);
#3544 = EDGE_CURVE('',#3545,#3520,#3547,.T.);
#3545 = VERTEX_POINT('',#3546);
#3546 = CARTESIAN_POINT('',(-7.05,-59.75,14.199));
#3547 = SURFACE_CURVE('',#3548,(#3552,#3558),.PCURVE_S1.);
#3548 = LINE('',#3549,#3550);
#3549 = CARTESIAN_POINT('',(-8.231666666667,-59.75,14.199));
#3550 = VECTOR('',#3551,1.);
#3551 = DIRECTION('',(1.,0.,-0.));
#3552 = PCURVE('',#2240,#3553);
#3553 = DEFINITIONAL_REPRESENTATION('',(#3554),#3557);
#3554 = B_SPLINE_CURVE_WITH_KNOTS('',1,(#3555,#3556),.UNSPECIFIED.,.F.,
  .F.,(2,2),(-1.371666666667,15.949460983311),.PIECEWISE_BEZIER_KNOTS.);
#3555 = CARTESIAN_POINT('',(-0.19,9.E-03));
#3556 = CARTESIAN_POINT('',(17.131127649977,9.E-03));
#3557 = ( GEOMETRIC_REPRESENTATION_CONTEXT(2) 
PARAMETRIC_REPRESENTATION_CONTEXT() REPRESENTATION_CONTEXT('2D SPACE',''
  ) );
#3558 = PCURVE('',#3559,#3564);
#3559 = PLANE('',#3560);
#3560 = AXIS2_PLACEMENT_3D('',#3561,#3562,#3563);
#3561 = CARTESIAN_POINT('',(-7.05,-62.,14.199));
#3562 = DIRECTION('',(0.,0.,1.));
#3563 = DIRECTION('',(0.356521002668,0.93428730841,-0.));
#3564 = DEFINITIONAL_REPRESENTATION('',(#3565),#3568);
#3565 = B_SPLINE_CURVE_WITH_KNOTS('',1,(#3566,#3567),.UNSPECIFIED.,.F.,
  .F.,(2,2),(-1.371666666667,15.949460983311),.PIECEWISE_BEZIER_KNOTS.);
#3566 = CARTESIAN_POINT('',(1.191829483777,3.187719183477));
#3567 = CARTESIAN_POINT('',(7.367175280889,-12.99519054725));
#3568 = ( GEOMETRIC_REPRESENTATION_CONTEXT(2) 
PARAMETRIC_REPRESENTATION_CONTEXT() REPRESENTATION_CONTEXT('2D SPACE',''
  ) );
#3569 = ORIENTED_EDGE('',*,*,#3570,.T.);
#3570 = EDGE_CURVE('',#3545,#3571,#3573,.T.);
#3571 = VERTEX_POINT('',#3572);
#3572 = CARTESIAN_POINT('',(-7.049982556236,-59.75,14.20000004177));
#3573 = SURFACE_CURVE('',#3574,(#3577,#3583),.PCURVE_S1.);
#3574 = B_SPLINE_CURVE_WITH_KNOTS('',1,(#3575,#3576),.UNSPECIFIED.,.F.,
  .F.,(2,2),(0.,1.),.PIECEWISE_BEZIER_KNOTS.);
#3575 = CARTESIAN_POINT('',(-7.05,-59.75,14.199));
#3576 = CARTESIAN_POINT('',(-7.049982525864,-59.75,14.20000178297));
#3577 = PCURVE('',#2240,#3578);
#3578 = DEFINITIONAL_REPRESENTATION('',(#3579),#3582);
#3579 = B_SPLINE_CURVE_WITH_KNOTS('',1,(#3580,#3581),.UNSPECIFIED.,.F.,
  .F.,(2,2),(0.,1.),.PIECEWISE_BEZIER_KNOTS.);
#3580 = CARTESIAN_POINT('',(2.363333333333,8.999999999999E-03));
#3581 = CARTESIAN_POINT('',(2.363350807469,1.000178297024E-02));
#3582 = ( GEOMETRIC_REPRESENTATION_CONTEXT(2) 
PARAMETRIC_REPRESENTATION_CONTEXT() REPRESENTATION_CONTEXT('2D SPACE',''
  ) );
#3583 = PCURVE('',#3584,#3589);
#3584 = B_SPLINE_SURFACE_WITH_KNOTS('',1,1,(
    (#3585,#3586)
    ,(#3587,#3588
    )),.UNSPECIFIED.,.F.,.F.,.F.,(2,2),(2,2),(-18.475,18.475),(0.,1.),
  .PIECEWISE_BEZIER_KNOTS.);
#3585 = CARTESIAN_POINT('',(-7.05,-25.05,14.199));
#3586 = CARTESIAN_POINT('',(-7.024690155854,-25.07530984414,15.65));
#3587 = CARTESIAN_POINT('',(-7.05,-62.,14.199));
#3588 = CARTESIAN_POINT('',(-7.024690155854,-61.97469015585,15.65));
#3589 = DEFINITIONAL_REPRESENTATION('',(#3590),#3593);
#3590 = B_SPLINE_CURVE_WITH_KNOTS('',1,(#3591,#3592),.UNSPECIFIED.,.F.,
  .F.,(2,2),(0.,1.),.PIECEWISE_BEZIER_KNOTS.);
#3591 = CARTESIAN_POINT('',(16.225,0.));
#3592 = CARTESIAN_POINT('',(16.225015346042,6.90408663159E-04));
#3593 = ( GEOMETRIC_REPRESENTATION_CONTEXT(2) 
PARAMETRIC_REPRESENTATION_CONTEXT() REPRESENTATION_CONTEXT('2D SPACE',''
  ) );
#3594 = ORIENTED_EDGE('',*,*,#3595,.T.);
#3595 = EDGE_CURVE('',#3571,#3596,#3598,.T.);
#3596 = VERTEX_POINT('',#3597);
#3597 = CARTESIAN_POINT('',(-7.05,-59.75,14.201));
#3598 = SURFACE_CURVE('',#3599,(#3602,#3608),.PCURVE_S1.);
#3599 = B_SPLINE_CURVE_WITH_KNOTS('',1,(#3600,#3601),.UNSPECIFIED.,.F.,
  .F.,(2,2),(0.,1.),.PIECEWISE_BEZIER_KNOTS.);
#3600 = CARTESIAN_POINT('',(-7.049982521675,-59.75,14.19999806057));
#3601 = CARTESIAN_POINT('',(-7.05,-59.75,14.201));
#3602 = PCURVE('',#2240,#3603);
#3603 = DEFINITIONAL_REPRESENTATION('',(#3604),#3607);
#3604 = B_SPLINE_CURVE_WITH_KNOTS('',1,(#3605,#3606),.UNSPECIFIED.,.F.,
  .F.,(2,2),(0.,1.),.PIECEWISE_BEZIER_KNOTS.);
#3605 = CARTESIAN_POINT('',(2.363350811658,9.998060570217E-03));
#3606 = CARTESIAN_POINT('',(2.363333333333,1.1E-02));
#3607 = ( GEOMETRIC_REPRESENTATION_CONTEXT(2) 
PARAMETRIC_REPRESENTATION_CONTEXT() REPRESENTATION_CONTEXT('2D SPACE',''
  ) );
#3608 = PCURVE('',#3609,#3614);
#3609 = B_SPLINE_SURFACE_WITH_KNOTS('',1,1,(
    (#3610,#3611)
    ,(#3612,#3613
    )),.UNSPECIFIED.,.F.,.F.,.F.,(2,2),(2,2),(-18.475,18.475),(0.,1.),
  .PIECEWISE_BEZIER_KNOTS.);
#3610 = CARTESIAN_POINT('',(-7.021199142868,-25.07880085713,12.55));
#3611 = CARTESIAN_POINT('',(-7.05,-25.05,14.201));
#3612 = CARTESIAN_POINT('',(-7.021199142868,-61.97119914286,12.55));
#3613 = CARTESIAN_POINT('',(-7.05,-62.,14.201));
#3614 = DEFINITIONAL_REPRESENTATION('',(#3615),#3618);
#3615 = B_SPLINE_CURVE_WITH_KNOTS('',1,(#3616,#3617),.UNSPECIFIED.,.F.,
  .F.,(2,2),(0.,1.),.PIECEWISE_BEZIER_KNOTS.);
#3616 = CARTESIAN_POINT('',(16.225015349721,0.999393131781));
#3617 = CARTESIAN_POINT('',(16.225,1.));
#3618 = ( GEOMETRIC_REPRESENTATION_CONTEXT(2) 
PARAMETRIC_REPRESENTATION_CONTEXT() REPRESENTATION_CONTEXT('2D SPACE',''
  ) );
#3619 = ORIENTED_EDGE('',*,*,#3620,.T.);
#3620 = EDGE_CURVE('',#3596,#3621,#3623,.T.);
#3621 = VERTEX_POINT('',#3622);
#3622 = CARTESIAN_POINT('',(-7.049965113929,-59.75,14.201));
#3623 = SURFACE_CURVE('',#3624,(#3628,#3634),.PCURVE_S1.);
#3624 = LINE('',#3625,#3626);
#3625 = CARTESIAN_POINT('',(-8.231666666667,-59.75,14.201));
#3626 = VECTOR('',#3627,1.);
#3627 = DIRECTION('',(1.,0.,-0.));
#3628 = PCURVE('',#2240,#3629);
#3629 = DEFINITIONAL_REPRESENTATION('',(#3630),#3633);
#3630 = B_SPLINE_CURVE_WITH_KNOTS('',1,(#3631,#3632),.UNSPECIFIED.,.F.,
  .F.,(2,2),(-1.371666666667,15.949460983311),.PIECEWISE_BEZIER_KNOTS.);
#3631 = CARTESIAN_POINT('',(-0.19,1.1E-02));
#3632 = CARTESIAN_POINT('',(17.131127649977,1.1E-02));
#3633 = ( GEOMETRIC_REPRESENTATION_CONTEXT(2) 
PARAMETRIC_REPRESENTATION_CONTEXT() REPRESENTATION_CONTEXT('2D SPACE',''
  ) );
#3634 = PCURVE('',#3635,#3640);
#3635 = PLANE('',#3636);
#3636 = AXIS2_PLACEMENT_3D('',#3637,#3638,#3639);
#3637 = CARTESIAN_POINT('',(-7.05,-62.,14.201));
#3638 = DIRECTION('',(0.,0.,1.));
#3639 = DIRECTION('',(0.356521002668,0.93428730841,-0.));
#3640 = DEFINITIONAL_REPRESENTATION('',(#3641),#3644);
#3641 = B_SPLINE_CURVE_WITH_KNOTS('',1,(#3642,#3643),.UNSPECIFIED.,.F.,
  .F.,(2,2),(-1.371666666667,15.949460983311),.PIECEWISE_BEZIER_KNOTS.);
#3642 = CARTESIAN_POINT('',(1.191829483777,3.187719183477));
#3643 = CARTESIAN_POINT('',(7.367175280889,-12.99519054725));
#3644 = ( GEOMETRIC_REPRESENTATION_CONTEXT(2) 
PARAMETRIC_REPRESENTATION_CONTEXT() REPRESENTATION_CONTEXT('2D SPACE',''
  ) );
#3645 = ORIENTED_EDGE('',*,*,#3646,.T.);
#3646 = EDGE_CURVE('',#3621,#3647,#3649,.T.);
#3647 = VERTEX_POINT('',#3648);
#3648 = CARTESIAN_POINT('',(-7.046493949915,-59.75,14.4));
#3649 = SURFACE_CURVE('',#3650,(#3653,#3659),.PCURVE_S1.);
#3650 = B_SPLINE_CURVE_WITH_KNOTS('',1,(#3651,#3652),.UNSPECIFIED.,.F.,
  .F.,(2,2),(0.,1.),.PIECEWISE_BEZIER_KNOTS.);
#3651 = CARTESIAN_POINT('',(-7.049965144301,-59.75,14.2009982588));
#3652 = CARTESIAN_POINT('',(-7.046493949915,-59.75,14.4));
#3653 = PCURVE('',#2240,#3654);
#3654 = DEFINITIONAL_REPRESENTATION('',(#3655),#3658);
#3655 = B_SPLINE_CURVE_WITH_KNOTS('',1,(#3656,#3657),.UNSPECIFIED.,.F.,
  .F.,(2,2),(0.,1.),.PIECEWISE_BEZIER_KNOTS.);
#3656 = CARTESIAN_POINT('',(2.363368189032,1.09982588E-02));
#3657 = CARTESIAN_POINT('',(2.366839383418,0.21));
#3658 = ( GEOMETRIC_REPRESENTATION_CONTEXT(2) 
PARAMETRIC_REPRESENTATION_CONTEXT() REPRESENTATION_CONTEXT('2D SPACE',''
  ) );
#3659 = PCURVE('',#3660,#3665);
#3660 = B_SPLINE_SURFACE_WITH_KNOTS('',1,1,(
    (#3661,#3662)
    ,(#3663,#3664
    )),.UNSPECIFIED.,.F.,.F.,.F.,(2,2),(2,2),(-18.475,18.475),(0.,1.),
  .PIECEWISE_BEZIER_KNOTS.);
#3661 = CARTESIAN_POINT('',(-7.05,-25.05,14.199));
#3662 = CARTESIAN_POINT('',(-7.024690155854,-25.07530984414,15.65));
#3663 = CARTESIAN_POINT('',(-7.05,-62.,14.199));
#3664 = CARTESIAN_POINT('',(-7.024690155854,-61.97469015585,15.65));
#3665 = DEFINITIONAL_REPRESENTATION('',(#3666),#3669);
#3666 = B_SPLINE_CURVE_WITH_KNOTS('',1,(#3667,#3668),.UNSPECIFIED.,.F.,
  .F.,(2,2),(0.,1.),.PIECEWISE_BEZIER_KNOTS.);
#3667 = CARTESIAN_POINT('',(16.225030610813,1.377159751894E-03));
#3668 = CARTESIAN_POINT('',(16.228079646016,0.138525155065));
#3669 = ( GEOMETRIC_REPRESENTATION_CONTEXT(2) 
PARAMETRIC_REPRESENTATION_CONTEXT() REPRESENTATION_CONTEXT('2D SPACE',''
  ) );
#3670 = ORIENTED_EDGE('',*,*,#3671,.F.);
#3671 = EDGE_CURVE('',#3399,#3647,#3672,.T.);
#3672 = SURFACE_CURVE('',#3673,(#3677,#3684),.PCURVE_S1.);
#3673 = LINE('',#3674,#3675);
#3674 = CARTESIAN_POINT('',(0.,-59.75,14.4));
#3675 = VECTOR('',#3676,1.);
#3676 = DIRECTION('',(1.,0.,0.));
#3677 = PCURVE('',#2240,#3678);
#3678 = DEFINITIONAL_REPRESENTATION('',(#3679),#3683);
#3679 = LINE('',#3680,#3681);
#3680 = CARTESIAN_POINT('',(9.413333333333,0.21));
#3681 = VECTOR('',#3682,1.);
#3682 = DIRECTION('',(1.,0.));
#3683 = ( GEOMETRIC_REPRESENTATION_CONTEXT(2) 
PARAMETRIC_REPRESENTATION_CONTEXT() REPRESENTATION_CONTEXT('2D SPACE',''
  ) );
#3684 = PCURVE('',#3068,#3685);
#3685 = DEFINITIONAL_REPRESENTATION('',(#3686),#3690);
#3686 = LINE('',#3687,#3688);
#3687 = CARTESIAN_POINT('',(0.,1.));
#3688 = VECTOR('',#3689,1.);
#3689 = DIRECTION('',(-1.,0.));
#3690 = ( GEOMETRIC_REPRESENTATION_CONTEXT(2) 
PARAMETRIC_REPRESENTATION_CONTEXT() REPRESENTATION_CONTEXT('2D SPACE',''
  ) );
#3691 = ORIENTED_EDGE('',*,*,#3398,.T.);
#3692 = ADVANCED_FACE('',(#3693),#2345,.F.);
#3693 = FACE_BOUND('',#3694,.F.);
#3694 = EDGE_LOOP('',(#3695,#3717,#3718,#3740));
#3695 = ORIENTED_EDGE('',*,*,#3696,.F.);
#3696 = EDGE_CURVE('',#2332,#3697,#3699,.T.);
#3697 = VERTEX_POINT('',#3698);
#3698 = CARTESIAN_POINT('',(-9.,-68.4,10.6));
#3699 = SURFACE_CURVE('',#3700,(#3703,#3710),.PCURVE_S1.);
#3700 = B_SPLINE_CURVE_WITH_KNOTS('',1,(#3701,#3702),.UNSPECIFIED.,.F.,
  .F.,(2,2),(0.,1.),.PIECEWISE_BEZIER_KNOTS.);
#3701 = CARTESIAN_POINT('',(-9.02,-68.42,10.1));
#3702 = CARTESIAN_POINT('',(-9.,-68.4,10.6));
#3703 = PCURVE('',#2345,#3704);
#3704 = DEFINITIONAL_REPRESENTATION('',(#3705),#3709);
#3705 = LINE('',#3706,#3707);
#3706 = CARTESIAN_POINT('',(-9.02,0.));
#3707 = VECTOR('',#3708,1.);
#3708 = DIRECTION('',(0.,1.));
#3709 = ( GEOMETRIC_REPRESENTATION_CONTEXT(2) 
PARAMETRIC_REPRESENTATION_CONTEXT() REPRESENTATION_CONTEXT('2D SPACE',''
  ) );
#3710 = PCURVE('',#2370,#3711);
#3711 = DEFINITIONAL_REPRESENTATION('',(#3712),#3716);
#3712 = LINE('',#3713,#3714);
#3713 = CARTESIAN_POINT('',(0.42,0.));
#3714 = VECTOR('',#3715,1.);
#3715 = DIRECTION('',(0.,1.));
#3716 = ( GEOMETRIC_REPRESENTATION_CONTEXT(2) 
PARAMETRIC_REPRESENTATION_CONTEXT() REPRESENTATION_CONTEXT('2D SPACE',''
  ) );
#3717 = ORIENTED_EDGE('',*,*,#2329,.F.);
#3718 = ORIENTED_EDGE('',*,*,#3719,.T.);
#3719 = EDGE_CURVE('',#2330,#3720,#3722,.T.);
#3720 = VERTEX_POINT('',#3721);
#3721 = CARTESIAN_POINT('',(9.,-68.4,10.6));
#3722 = SURFACE_CURVE('',#3723,(#3726,#3733),.PCURVE_S1.);
#3723 = B_SPLINE_CURVE_WITH_KNOTS('',1,(#3724,#3725),.UNSPECIFIED.,.F.,
  .F.,(2,2),(0.,1.),.PIECEWISE_BEZIER_KNOTS.);
#3724 = CARTESIAN_POINT('',(9.02,-68.42,10.1));
#3725 = CARTESIAN_POINT('',(9.,-68.4,10.6));
#3726 = PCURVE('',#2345,#3727);
#3727 = DEFINITIONAL_REPRESENTATION('',(#3728),#3732);
#3728 = LINE('',#3729,#3730);
#3729 = CARTESIAN_POINT('',(9.02,0.));
#3730 = VECTOR('',#3731,1.);
#3731 = DIRECTION('',(0.,1.));
#3732 = ( GEOMETRIC_REPRESENTATION_CONTEXT(2) 
PARAMETRIC_REPRESENTATION_CONTEXT() REPRESENTATION_CONTEXT('2D SPACE',''
  ) );
#3733 = PCURVE('',#2418,#3734);
#3734 = DEFINITIONAL_REPRESENTATION('',(#3735),#3739);
#3735 = LINE('',#3736,#3737);
#3736 = CARTESIAN_POINT('',(-0.42,0.));
#3737 = VECTOR('',#3738,1.);
#3738 = DIRECTION('',(0.,1.));
#3739 = ( GEOMETRIC_REPRESENTATION_CONTEXT(2) 
PARAMETRIC_REPRESENTATION_CONTEXT() REPRESENTATION_CONTEXT('2D SPACE',''
  ) );
#3740 = ORIENTED_EDGE('',*,*,#3741,.F.);
#3741 = EDGE_CURVE('',#3697,#3720,#3742,.T.);
#3742 = SURFACE_CURVE('',#3743,(#3747,#3753),.PCURVE_S1.);
#3743 = LINE('',#3744,#3745);
#3744 = CARTESIAN_POINT('',(0.,-68.4,10.6));
#3745 = VECTOR('',#3746,1.);
#3746 = DIRECTION('',(1.,0.,0.));
#3747 = PCURVE('',#2345,#3748);
#3748 = DEFINITIONAL_REPRESENTATION('',(#3749),#3752);
#3749 = B_SPLINE_CURVE_WITH_KNOTS('',1,(#3750,#3751),.UNSPECIFIED.,.F.,
  .F.,(2,2),(-9.,9.),.PIECEWISE_BEZIER_KNOTS.);
#3750 = CARTESIAN_POINT('',(-9.02,1.));
#3751 = CARTESIAN_POINT('',(9.02,1.));
#3752 = ( GEOMETRIC_REPRESENTATION_CONTEXT(2) 
PARAMETRIC_REPRESENTATION_CONTEXT() REPRESENTATION_CONTEXT('2D SPACE',''
  ) );
#3753 = PCURVE('',#3754,#3759);
#3754 = PLANE('',#3755);
#3755 = AXIS2_PLACEMENT_3D('',#3756,#3757,#3758);
#3756 = CARTESIAN_POINT('',(-9.,-68.4,10.6));
#3757 = DIRECTION('',(0.,0.,1.));
#3758 = DIRECTION('',(0.999013806466,4.440061362072E-02,-0.));
#3759 = DEFINITIONAL_REPRESENTATION('',(#3760),#3764);
#3760 = LINE('',#3761,#3762);
#3761 = CARTESIAN_POINT('',(8.991124258196,-0.399605522586));
#3762 = VECTOR('',#3763,1.);
#3763 = DIRECTION('',(0.999013806466,-4.440061362072E-02));
#3764 = ( GEOMETRIC_REPRESENTATION_CONTEXT(2) 
PARAMETRIC_REPRESENTATION_CONTEXT() REPRESENTATION_CONTEXT('2D SPACE',''
  ) );
#3765 = ADVANCED_FACE('',(#3766),#2418,.F.);
#3766 = FACE_BOUND('',#3767,.F.);
#3767 = EDGE_LOOP('',(#3768,#3769,#3770,#3792));
#3768 = ORIENTED_EDGE('',*,*,#3719,.F.);
#3769 = ORIENTED_EDGE('',*,*,#2406,.F.);
#3770 = ORIENTED_EDGE('',*,*,#3771,.T.);
#3771 = EDGE_CURVE('',#2382,#3772,#3774,.T.);
#3772 = VERTEX_POINT('',#3773);
#3773 = CARTESIAN_POINT('',(9.,-67.6,10.6));
#3774 = SURFACE_CURVE('',#3775,(#3778,#3785),.PCURVE_S1.);
#3775 = B_SPLINE_CURVE_WITH_KNOTS('',1,(#3776,#3777),.UNSPECIFIED.,.F.,
  .F.,(2,2),(0.,1.),.PIECEWISE_BEZIER_KNOTS.);
#3776 = CARTESIAN_POINT('',(9.02,-67.58,10.1));
#3777 = CARTESIAN_POINT('',(9.,-67.6,10.6));
#3778 = PCURVE('',#2418,#3779);
#3779 = DEFINITIONAL_REPRESENTATION('',(#3780),#3784);
#3780 = LINE('',#3781,#3782);
#3781 = CARTESIAN_POINT('',(0.42,0.));
#3782 = VECTOR('',#3783,1.);
#3783 = DIRECTION('',(0.,1.));
#3784 = ( GEOMETRIC_REPRESENTATION_CONTEXT(2) 
PARAMETRIC_REPRESENTATION_CONTEXT() REPRESENTATION_CONTEXT('2D SPACE',''
  ) );
#3785 = PCURVE('',#2395,#3786);
#3786 = DEFINITIONAL_REPRESENTATION('',(#3787),#3791);
#3787 = LINE('',#3788,#3789);
#3788 = CARTESIAN_POINT('',(-9.02,0.));
#3789 = VECTOR('',#3790,1.);
#3790 = DIRECTION('',(0.,1.));
#3791 = ( GEOMETRIC_REPRESENTATION_CONTEXT(2) 
PARAMETRIC_REPRESENTATION_CONTEXT() REPRESENTATION_CONTEXT('2D SPACE',''
  ) );
#3792 = ORIENTED_EDGE('',*,*,#3793,.F.);
#3793 = EDGE_CURVE('',#3720,#3772,#3794,.T.);
#3794 = SURFACE_CURVE('',#3795,(#3799,#3805),.PCURVE_S1.);
#3795 = LINE('',#3796,#3797);
#3796 = CARTESIAN_POINT('',(9.,-68.,10.6));
#3797 = VECTOR('',#3798,1.);
#3798 = DIRECTION('',(0.,1.,0.));
#3799 = PCURVE('',#2418,#3800);
#3800 = DEFINITIONAL_REPRESENTATION('',(#3801),#3804);
#3801 = B_SPLINE_CURVE_WITH_KNOTS('',1,(#3802,#3803),.UNSPECIFIED.,.F.,
  .F.,(2,2),(-0.4,0.4),.PIECEWISE_BEZIER_KNOTS.);
#3802 = CARTESIAN_POINT('',(-0.42,1.));
#3803 = CARTESIAN_POINT('',(0.42,1.));
#3804 = ( GEOMETRIC_REPRESENTATION_CONTEXT(2) 
PARAMETRIC_REPRESENTATION_CONTEXT() REPRESENTATION_CONTEXT('2D SPACE',''
  ) );
#3805 = PCURVE('',#3754,#3806);
#3806 = DEFINITIONAL_REPRESENTATION('',(#3807),#3811);
#3807 = LINE('',#3808,#3809);
#3808 = CARTESIAN_POINT('',(18.00000876184,-0.399605522586));
#3809 = VECTOR('',#3810,1.);
#3810 = DIRECTION('',(4.440061362072E-02,0.999013806466));
#3811 = ( GEOMETRIC_REPRESENTATION_CONTEXT(2) 
PARAMETRIC_REPRESENTATION_CONTEXT() REPRESENTATION_CONTEXT('2D SPACE',''
  ) );
#3812 = ADVANCED_FACE('',(#3813),#2395,.F.);
#3813 = FACE_BOUND('',#3814,.F.);
#3814 = EDGE_LOOP('',(#3815,#3816,#3838,#3858));
#3815 = ORIENTED_EDGE('',*,*,#2381,.F.);
#3816 = ORIENTED_EDGE('',*,*,#3817,.T.);
#3817 = EDGE_CURVE('',#2357,#3818,#3820,.T.);
#3818 = VERTEX_POINT('',#3819);
#3819 = CARTESIAN_POINT('',(-9.,-67.6,10.6));
#3820 = SURFACE_CURVE('',#3821,(#3824,#3831),.PCURVE_S1.);
#3821 = B_SPLINE_CURVE_WITH_KNOTS('',1,(#3822,#3823),.UNSPECIFIED.,.F.,
  .F.,(2,2),(0.,1.),.PIECEWISE_BEZIER_KNOTS.);
#3822 = CARTESIAN_POINT('',(-9.02,-67.58,10.1));
#3823 = CARTESIAN_POINT('',(-9.,-67.6,10.6));
#3824 = PCURVE('',#2395,#3825);
#3825 = DEFINITIONAL_REPRESENTATION('',(#3826),#3830);
#3826 = LINE('',#3827,#3828);
#3827 = CARTESIAN_POINT('',(9.02,0.));
#3828 = VECTOR('',#3829,1.);
#3829 = DIRECTION('',(0.,1.));
#3830 = ( GEOMETRIC_REPRESENTATION_CONTEXT(2) 
PARAMETRIC_REPRESENTATION_CONTEXT() REPRESENTATION_CONTEXT('2D SPACE',''
  ) );
#3831 = PCURVE('',#2370,#3832);
#3832 = DEFINITIONAL_REPRESENTATION('',(#3833),#3837);
#3833 = LINE('',#3834,#3835);
#3834 = CARTESIAN_POINT('',(-0.42,0.));
#3835 = VECTOR('',#3836,1.);
#3836 = DIRECTION('',(0.,1.));
#3837 = ( GEOMETRIC_REPRESENTATION_CONTEXT(2) 
PARAMETRIC_REPRESENTATION_CONTEXT() REPRESENTATION_CONTEXT('2D SPACE',''
  ) );
#3838 = ORIENTED_EDGE('',*,*,#3839,.T.);
#3839 = EDGE_CURVE('',#3818,#3772,#3840,.T.);
#3840 = SURFACE_CURVE('',#3841,(#3845,#3851),.PCURVE_S1.);
#3841 = LINE('',#3842,#3843);
#3842 = CARTESIAN_POINT('',(0.,-67.6,10.6));
#3843 = VECTOR('',#3844,1.);
#3844 = DIRECTION('',(1.,0.,0.));
#3845 = PCURVE('',#2395,#3846);
#3846 = DEFINITIONAL_REPRESENTATION('',(#3847),#3850);
#3847 = B_SPLINE_CURVE_WITH_KNOTS('',1,(#3848,#3849),.UNSPECIFIED.,.F.,
  .F.,(2,2),(-9.,9.),.PIECEWISE_BEZIER_KNOTS.);
#3848 = CARTESIAN_POINT('',(9.02,1.));
#3849 = CARTESIAN_POINT('',(-9.02,1.));
#3850 = ( GEOMETRIC_REPRESENTATION_CONTEXT(2) 
PARAMETRIC_REPRESENTATION_CONTEXT() REPRESENTATION_CONTEXT('2D SPACE',''
  ) );
#3851 = PCURVE('',#3754,#3852);
#3852 = DEFINITIONAL_REPRESENTATION('',(#3853),#3857);
#3853 = LINE('',#3854,#3855);
#3854 = CARTESIAN_POINT('',(9.026644749092,0.399605522586));
#3855 = VECTOR('',#3856,1.);
#3856 = DIRECTION('',(0.999013806466,-4.440061362072E-02));
#3857 = ( GEOMETRIC_REPRESENTATION_CONTEXT(2) 
PARAMETRIC_REPRESENTATION_CONTEXT() REPRESENTATION_CONTEXT('2D SPACE',''
  ) );
#3858 = ORIENTED_EDGE('',*,*,#3771,.F.);
#3859 = ADVANCED_FACE('',(#3860),#2370,.F.);
#3860 = FACE_BOUND('',#3861,.F.);
#3861 = EDGE_LOOP('',(#3862,#3863,#3864,#3884));
#3862 = ORIENTED_EDGE('',*,*,#2356,.F.);
#3863 = ORIENTED_EDGE('',*,*,#3696,.T.);
#3864 = ORIENTED_EDGE('',*,*,#3865,.T.);
#3865 = EDGE_CURVE('',#3697,#3818,#3866,.T.);
#3866 = SURFACE_CURVE('',#3867,(#3871,#3877),.PCURVE_S1.);
#3867 = LINE('',#3868,#3869);
#3868 = CARTESIAN_POINT('',(-9.,-68.,10.6));
#3869 = VECTOR('',#3870,1.);
#3870 = DIRECTION('',(0.,1.,0.));
#3871 = PCURVE('',#2370,#3872);
#3872 = DEFINITIONAL_REPRESENTATION('',(#3873),#3876);
#3873 = B_SPLINE_CURVE_WITH_KNOTS('',1,(#3874,#3875),.UNSPECIFIED.,.F.,
  .F.,(2,2),(-0.4,0.4),.PIECEWISE_BEZIER_KNOTS.);
#3874 = CARTESIAN_POINT('',(0.42,1.));
#3875 = CARTESIAN_POINT('',(-0.42,1.));
#3876 = ( GEOMETRIC_REPRESENTATION_CONTEXT(2) 
PARAMETRIC_REPRESENTATION_CONTEXT() REPRESENTATION_CONTEXT('2D SPACE',''
  ) );
#3877 = PCURVE('',#3754,#3878);
#3878 = DEFINITIONAL_REPRESENTATION('',(#3879),#3883);
#3879 = LINE('',#3880,#3881);
#3880 = CARTESIAN_POINT('',(1.776024544829E-02,0.399605522586));
#3881 = VECTOR('',#3882,1.);
#3882 = DIRECTION('',(4.440061362072E-02,0.999013806466));
#3883 = ( GEOMETRIC_REPRESENTATION_CONTEXT(2) 
PARAMETRIC_REPRESENTATION_CONTEXT() REPRESENTATION_CONTEXT('2D SPACE',''
  ) );
#3884 = ORIENTED_EDGE('',*,*,#3817,.F.);
#3885 = ADVANCED_FACE('',(#3886),#2447,.F.);
#3886 = FACE_BOUND('',#3887,.F.);
#3887 = EDGE_LOOP('',(#3888,#3910,#3911,#3933));
#3888 = ORIENTED_EDGE('',*,*,#3889,.F.);
#3889 = EDGE_CURVE('',#2434,#3890,#3892,.T.);
#3890 = VERTEX_POINT('',#3891);
#3891 = CARTESIAN_POINT('',(-9.,-66.4,10.6));
#3892 = SURFACE_CURVE('',#3893,(#3896,#3903),.PCURVE_S1.);
#3893 = B_SPLINE_CURVE_WITH_KNOTS('',1,(#3894,#3895),.UNSPECIFIED.,.F.,
  .F.,(2,2),(0.,1.),.PIECEWISE_BEZIER_KNOTS.);
#3894 = CARTESIAN_POINT('',(-9.02,-66.42,10.1));
#3895 = CARTESIAN_POINT('',(-9.,-66.4,10.6));
#3896 = PCURVE('',#2447,#3897);
#3897 = DEFINITIONAL_REPRESENTATION('',(#3898),#3902);
#3898 = LINE('',#3899,#3900);
#3899 = CARTESIAN_POINT('',(-9.02,0.));
#3900 = VECTOR('',#3901,1.);
#3901 = DIRECTION('',(0.,1.));
#3902 = ( GEOMETRIC_REPRESENTATION_CONTEXT(2) 
PARAMETRIC_REPRESENTATION_CONTEXT() REPRESENTATION_CONTEXT('2D SPACE',''
  ) );
#3903 = PCURVE('',#2472,#3904);
#3904 = DEFINITIONAL_REPRESENTATION('',(#3905),#3909);
#3905 = LINE('',#3906,#3907);
#3906 = CARTESIAN_POINT('',(0.42,0.));
#3907 = VECTOR('',#3908,1.);
#3908 = DIRECTION('',(0.,1.));
#3909 = ( GEOMETRIC_REPRESENTATION_CONTEXT(2) 
PARAMETRIC_REPRESENTATION_CONTEXT() REPRESENTATION_CONTEXT('2D SPACE',''
  ) );
#3910 = ORIENTED_EDGE('',*,*,#2431,.F.);
#3911 = ORIENTED_EDGE('',*,*,#3912,.T.);
#3912 = EDGE_CURVE('',#2432,#3913,#3915,.T.);
#3913 = VERTEX_POINT('',#3914);
#3914 = CARTESIAN_POINT('',(9.,-66.4,10.6));
#3915 = SURFACE_CURVE('',#3916,(#3919,#3926),.PCURVE_S1.);
#3916 = B_SPLINE_CURVE_WITH_KNOTS('',1,(#3917,#3918),.UNSPECIFIED.,.F.,
  .F.,(2,2),(0.,1.),.PIECEWISE_BEZIER_KNOTS.);
#3917 = CARTESIAN_POINT('',(9.02,-66.42,10.1));
#3918 = CARTESIAN_POINT('',(9.,-66.4,10.6));
#3919 = PCURVE('',#2447,#3920);
#3920 = DEFINITIONAL_REPRESENTATION('',(#3921),#3925);
#3921 = LINE('',#3922,#3923);
#3922 = CARTESIAN_POINT('',(9.02,0.));
#3923 = VECTOR('',#3924,1.);
#3924 = DIRECTION('',(0.,1.));
#3925 = ( GEOMETRIC_REPRESENTATION_CONTEXT(2) 
PARAMETRIC_REPRESENTATION_CONTEXT() REPRESENTATION_CONTEXT('2D SPACE',''
  ) );
#3926 = PCURVE('',#2520,#3927);
#3927 = DEFINITIONAL_REPRESENTATION('',(#3928),#3932);
#3928 = LINE('',#3929,#3930);
#3929 = CARTESIAN_POINT('',(-0.42,0.));
#3930 = VECTOR('',#3931,1.);
#3931 = DIRECTION('',(0.,1.));
#3932 = ( GEOMETRIC_REPRESENTATION_CONTEXT(2) 
PARAMETRIC_REPRESENTATION_CONTEXT() REPRESENTATION_CONTEXT('2D SPACE',''
  ) );
#3933 = ORIENTED_EDGE('',*,*,#3934,.F.);
#3934 = EDGE_CURVE('',#3890,#3913,#3935,.T.);
#3935 = SURFACE_CURVE('',#3936,(#3940,#3946),.PCURVE_S1.);
#3936 = LINE('',#3937,#3938);
#3937 = CARTESIAN_POINT('',(0.,-66.4,10.6));
#3938 = VECTOR('',#3939,1.);
#3939 = DIRECTION('',(1.,0.,0.));
#3940 = PCURVE('',#2447,#3941);
#3941 = DEFINITIONAL_REPRESENTATION('',(#3942),#3945);
#3942 = B_SPLINE_CURVE_WITH_KNOTS('',1,(#3943,#3944),.UNSPECIFIED.,.F.,
  .F.,(2,2),(-9.,9.),.PIECEWISE_BEZIER_KNOTS.);
#3943 = CARTESIAN_POINT('',(-9.02,1.));
#3944 = CARTESIAN_POINT('',(9.02,1.));
#3945 = ( GEOMETRIC_REPRESENTATION_CONTEXT(2) 
PARAMETRIC_REPRESENTATION_CONTEXT() REPRESENTATION_CONTEXT('2D SPACE',''
  ) );
#3946 = PCURVE('',#3947,#3952);
#3947 = PLANE('',#3948);
#3948 = AXIS2_PLACEMENT_3D('',#3949,#3950,#3951);
#3949 = CARTESIAN_POINT('',(-9.,-66.4,10.6));
#3950 = DIRECTION('',(0.,0.,1.));
#3951 = DIRECTION('',(0.999013806466,4.440061362072E-02,-0.));
#3952 = DEFINITIONAL_REPRESENTATION('',(#3953),#3957);
#3953 = LINE('',#3954,#3955);
#3954 = CARTESIAN_POINT('',(8.991124258196,-0.399605522586));
#3955 = VECTOR('',#3956,1.);
#3956 = DIRECTION('',(0.999013806466,-4.440061362072E-02));
#3957 = ( GEOMETRIC_REPRESENTATION_CONTEXT(2) 
PARAMETRIC_REPRESENTATION_CONTEXT() REPRESENTATION_CONTEXT('2D SPACE',''
  ) );
#3958 = ADVANCED_FACE('',(#3959),#2520,.F.);
#3959 = FACE_BOUND('',#3960,.F.);
#3960 = EDGE_LOOP('',(#3961,#3962,#3963,#3985));
#3961 = ORIENTED_EDGE('',*,*,#3912,.F.);
#3962 = ORIENTED_EDGE('',*,*,#2508,.F.);
#3963 = ORIENTED_EDGE('',*,*,#3964,.T.);
#3964 = EDGE_CURVE('',#2484,#3965,#3967,.T.);
#3965 = VERTEX_POINT('',#3966);
#3966 = CARTESIAN_POINT('',(9.,-65.6,10.6));
#3967 = SURFACE_CURVE('',#3968,(#3971,#3978),.PCURVE_S1.);
#3968 = B_SPLINE_CURVE_WITH_KNOTS('',1,(#3969,#3970),.UNSPECIFIED.,.F.,
  .F.,(2,2),(0.,1.),.PIECEWISE_BEZIER_KNOTS.);
#3969 = CARTESIAN_POINT('',(9.02,-65.58,10.1));
#3970 = CARTESIAN_POINT('',(9.,-65.6,10.6));
#3971 = PCURVE('',#2520,#3972);
#3972 = DEFINITIONAL_REPRESENTATION('',(#3973),#3977);
#3973 = LINE('',#3974,#3975);
#3974 = CARTESIAN_POINT('',(0.42,0.));
#3975 = VECTOR('',#3976,1.);
#3976 = DIRECTION('',(0.,1.));
#3977 = ( GEOMETRIC_REPRESENTATION_CONTEXT(2) 
PARAMETRIC_REPRESENTATION_CONTEXT() REPRESENTATION_CONTEXT('2D SPACE',''
  ) );
#3978 = PCURVE('',#2497,#3979);
#3979 = DEFINITIONAL_REPRESENTATION('',(#3980),#3984);
#3980 = LINE('',#3981,#3982);
#3981 = CARTESIAN_POINT('',(-9.02,0.));
#3982 = VECTOR('',#3983,1.);
#3983 = DIRECTION('',(0.,1.));
#3984 = ( GEOMETRIC_REPRESENTATION_CONTEXT(2) 
PARAMETRIC_REPRESENTATION_CONTEXT() REPRESENTATION_CONTEXT('2D SPACE',''
  ) );
#3985 = ORIENTED_EDGE('',*,*,#3986,.F.);
#3986 = EDGE_CURVE('',#3913,#3965,#3987,.T.);
#3987 = SURFACE_CURVE('',#3988,(#3992,#3998),.PCURVE_S1.);
#3988 = LINE('',#3989,#3990);
#3989 = CARTESIAN_POINT('',(9.,-66.,10.6));
#3990 = VECTOR('',#3991,1.);
#3991 = DIRECTION('',(0.,1.,0.));
#3992 = PCURVE('',#2520,#3993);
#3993 = DEFINITIONAL_REPRESENTATION('',(#3994),#3997);
#3994 = B_SPLINE_CURVE_WITH_KNOTS('',1,(#3995,#3996),.UNSPECIFIED.,.F.,
  .F.,(2,2),(-0.4,0.4),.PIECEWISE_BEZIER_KNOTS.);
#3995 = CARTESIAN_POINT('',(-0.42,1.));
#3996 = CARTESIAN_POINT('',(0.42,1.));
#3997 = ( GEOMETRIC_REPRESENTATION_CONTEXT(2) 
PARAMETRIC_REPRESENTATION_CONTEXT() REPRESENTATION_CONTEXT('2D SPACE',''
  ) );
#3998 = PCURVE('',#3947,#3999);
#3999 = DEFINITIONAL_REPRESENTATION('',(#4000),#4004);
#4000 = LINE('',#4001,#4002);
#4001 = CARTESIAN_POINT('',(18.00000876184,-0.399605522586));
#4002 = VECTOR('',#4003,1.);
#4003 = DIRECTION('',(4.440061362072E-02,0.999013806466));
#4004 = ( GEOMETRIC_REPRESENTATION_CONTEXT(2) 
PARAMETRIC_REPRESENTATION_CONTEXT() REPRESENTATION_CONTEXT('2D SPACE',''
  ) );
#4005 = ADVANCED_FACE('',(#4006),#2472,.F.);
#4006 = FACE_BOUND('',#4007,.F.);
#4007 = EDGE_LOOP('',(#4008,#4009,#4010,#4032));
#4008 = ORIENTED_EDGE('',*,*,#2458,.F.);
#4009 = ORIENTED_EDGE('',*,*,#3889,.T.);
#4010 = ORIENTED_EDGE('',*,*,#4011,.T.);
#4011 = EDGE_CURVE('',#3890,#4012,#4014,.T.);
#4012 = VERTEX_POINT('',#4013);
#4013 = CARTESIAN_POINT('',(-9.,-65.6,10.6));
#4014 = SURFACE_CURVE('',#4015,(#4019,#4025),.PCURVE_S1.);
#4015 = LINE('',#4016,#4017);
#4016 = CARTESIAN_POINT('',(-9.,-66.,10.6));
#4017 = VECTOR('',#4018,1.);
#4018 = DIRECTION('',(0.,1.,0.));
#4019 = PCURVE('',#2472,#4020);
#4020 = DEFINITIONAL_REPRESENTATION('',(#4021),#4024);
#4021 = B_SPLINE_CURVE_WITH_KNOTS('',1,(#4022,#4023),.UNSPECIFIED.,.F.,
  .F.,(2,2),(-0.4,0.4),.PIECEWISE_BEZIER_KNOTS.);
#4022 = CARTESIAN_POINT('',(0.42,1.));
#4023 = CARTESIAN_POINT('',(-0.42,1.));
#4024 = ( GEOMETRIC_REPRESENTATION_CONTEXT(2) 
PARAMETRIC_REPRESENTATION_CONTEXT() REPRESENTATION_CONTEXT('2D SPACE',''
  ) );
#4025 = PCURVE('',#3947,#4026);
#4026 = DEFINITIONAL_REPRESENTATION('',(#4027),#4031);
#4027 = LINE('',#4028,#4029);
#4028 = CARTESIAN_POINT('',(1.776024544829E-02,0.399605522586));
#4029 = VECTOR('',#4030,1.);
#4030 = DIRECTION('',(4.440061362072E-02,0.999013806466));
#4031 = ( GEOMETRIC_REPRESENTATION_CONTEXT(2) 
PARAMETRIC_REPRESENTATION_CONTEXT() REPRESENTATION_CONTEXT('2D SPACE',''
  ) );
#4032 = ORIENTED_EDGE('',*,*,#4033,.F.);
#4033 = EDGE_CURVE('',#2459,#4012,#4034,.T.);
#4034 = SURFACE_CURVE('',#4035,(#4038,#4045),.PCURVE_S1.);
#4035 = B_SPLINE_CURVE_WITH_KNOTS('',1,(#4036,#4037),.UNSPECIFIED.,.F.,
  .F.,(2,2),(0.,1.),.PIECEWISE_BEZIER_KNOTS.);
#4036 = CARTESIAN_POINT('',(-9.02,-65.58,10.1));
#4037 = CARTESIAN_POINT('',(-9.,-65.6,10.6));
#4038 = PCURVE('',#2472,#4039);
#4039 = DEFINITIONAL_REPRESENTATION('',(#4040),#4044);
#4040 = LINE('',#4041,#4042);
#4041 = CARTESIAN_POINT('',(-0.42,0.));
#4042 = VECTOR('',#4043,1.);
#4043 = DIRECTION('',(0.,1.));
#4044 = ( GEOMETRIC_REPRESENTATION_CONTEXT(2) 
PARAMETRIC_REPRESENTATION_CONTEXT() REPRESENTATION_CONTEXT('2D SPACE',''
  ) );
#4045 = PCURVE('',#2497,#4046);
#4046 = DEFINITIONAL_REPRESENTATION('',(#4047),#4051);
#4047 = LINE('',#4048,#4049);
#4048 = CARTESIAN_POINT('',(9.02,0.));
#4049 = VECTOR('',#4050,1.);
#4050 = DIRECTION('',(0.,1.));
#4051 = ( GEOMETRIC_REPRESENTATION_CONTEXT(2) 
PARAMETRIC_REPRESENTATION_CONTEXT() REPRESENTATION_CONTEXT('2D SPACE',''
  ) );
#4052 = ADVANCED_FACE('',(#4053),#2497,.F.);
#4053 = FACE_BOUND('',#4054,.F.);
#4054 = EDGE_LOOP('',(#4055,#4056,#4057,#4077));
#4055 = ORIENTED_EDGE('',*,*,#2483,.F.);
#4056 = ORIENTED_EDGE('',*,*,#4033,.T.);
#4057 = ORIENTED_EDGE('',*,*,#4058,.T.);
#4058 = EDGE_CURVE('',#4012,#3965,#4059,.T.);
#4059 = SURFACE_CURVE('',#4060,(#4064,#4070),.PCURVE_S1.);
#4060 = LINE('',#4061,#4062);
#4061 = CARTESIAN_POINT('',(0.,-65.6,10.6));
#4062 = VECTOR('',#4063,1.);
#4063 = DIRECTION('',(1.,0.,0.));
#4064 = PCURVE('',#2497,#4065);
#4065 = DEFINITIONAL_REPRESENTATION('',(#4066),#4069);
#4066 = B_SPLINE_CURVE_WITH_KNOTS('',1,(#4067,#4068),.UNSPECIFIED.,.F.,
  .F.,(2,2),(-9.,9.),.PIECEWISE_BEZIER_KNOTS.);
#4067 = CARTESIAN_POINT('',(9.02,1.));
#4068 = CARTESIAN_POINT('',(-9.02,1.));
#4069 = ( GEOMETRIC_REPRESENTATION_CONTEXT(2) 
PARAMETRIC_REPRESENTATION_CONTEXT() REPRESENTATION_CONTEXT('2D SPACE',''
  ) );
#4070 = PCURVE('',#3947,#4071);
#4071 = DEFINITIONAL_REPRESENTATION('',(#4072),#4076);
#4072 = LINE('',#4073,#4074);
#4073 = CARTESIAN_POINT('',(9.026644749092,0.399605522586));
#4074 = VECTOR('',#4075,1.);
#4075 = DIRECTION('',(0.999013806466,-4.440061362072E-02));
#4076 = ( GEOMETRIC_REPRESENTATION_CONTEXT(2) 
PARAMETRIC_REPRESENTATION_CONTEXT() REPRESENTATION_CONTEXT('2D SPACE',''
  ) );
#4077 = ORIENTED_EDGE('',*,*,#3964,.F.);
#4078 = ADVANCED_FACE('',(#4079),#2549,.F.);
#4079 = FACE_BOUND('',#4080,.F.);
#4080 = EDGE_LOOP('',(#4081,#4103,#4104,#4126));
#4081 = ORIENTED_EDGE('',*,*,#4082,.F.);
#4082 = EDGE_CURVE('',#2536,#4083,#4085,.T.);
#4083 = VERTEX_POINT('',#4084);
#4084 = CARTESIAN_POINT('',(-9.,-64.4,10.6));
#4085 = SURFACE_CURVE('',#4086,(#4089,#4096),.PCURVE_S1.);
#4086 = B_SPLINE_CURVE_WITH_KNOTS('',1,(#4087,#4088),.UNSPECIFIED.,.F.,
  .F.,(2,2),(0.,1.),.PIECEWISE_BEZIER_KNOTS.);
#4087 = CARTESIAN_POINT('',(-9.02,-64.42,10.1));
#4088 = CARTESIAN_POINT('',(-9.,-64.4,10.6));
#4089 = PCURVE('',#2549,#4090);
#4090 = DEFINITIONAL_REPRESENTATION('',(#4091),#4095);
#4091 = LINE('',#4092,#4093);
#4092 = CARTESIAN_POINT('',(-9.02,0.));
#4093 = VECTOR('',#4094,1.);
#4094 = DIRECTION('',(0.,1.));
#4095 = ( GEOMETRIC_REPRESENTATION_CONTEXT(2) 
PARAMETRIC_REPRESENTATION_CONTEXT() REPRESENTATION_CONTEXT('2D SPACE',''
  ) );
#4096 = PCURVE('',#2574,#4097);
#4097 = DEFINITIONAL_REPRESENTATION('',(#4098),#4102);
#4098 = LINE('',#4099,#4100);
#4099 = CARTESIAN_POINT('',(0.42,0.));
#4100 = VECTOR('',#4101,1.);
#4101 = DIRECTION('',(0.,1.));
#4102 = ( GEOMETRIC_REPRESENTATION_CONTEXT(2) 
PARAMETRIC_REPRESENTATION_CONTEXT() REPRESENTATION_CONTEXT('2D SPACE',''
  ) );
#4103 = ORIENTED_EDGE('',*,*,#2533,.F.);
#4104 = ORIENTED_EDGE('',*,*,#4105,.T.);
#4105 = EDGE_CURVE('',#2534,#4106,#4108,.T.);
#4106 = VERTEX_POINT('',#4107);
#4107 = CARTESIAN_POINT('',(9.,-64.4,10.6));
#4108 = SURFACE_CURVE('',#4109,(#4112,#4119),.PCURVE_S1.);
#4109 = B_SPLINE_CURVE_WITH_KNOTS('',1,(#4110,#4111),.UNSPECIFIED.,.F.,
  .F.,(2,2),(0.,1.),.PIECEWISE_BEZIER_KNOTS.);
#4110 = CARTESIAN_POINT('',(9.02,-64.42,10.1));
#4111 = CARTESIAN_POINT('',(9.,-64.4,10.6));
#4112 = PCURVE('',#2549,#4113);
#4113 = DEFINITIONAL_REPRESENTATION('',(#4114),#4118);
#4114 = LINE('',#4115,#4116);
#4115 = CARTESIAN_POINT('',(9.02,0.));
#4116 = VECTOR('',#4117,1.);
#4117 = DIRECTION('',(0.,1.));
#4118 = ( GEOMETRIC_REPRESENTATION_CONTEXT(2) 
PARAMETRIC_REPRESENTATION_CONTEXT() REPRESENTATION_CONTEXT('2D SPACE',''
  ) );
#4119 = PCURVE('',#2622,#4120);
#4120 = DEFINITIONAL_REPRESENTATION('',(#4121),#4125);
#4121 = LINE('',#4122,#4123);
#4122 = CARTESIAN_POINT('',(-0.42,0.));
#4123 = VECTOR('',#4124,1.);
#4124 = DIRECTION('',(0.,1.));
#4125 = ( GEOMETRIC_REPRESENTATION_CONTEXT(2) 
PARAMETRIC_REPRESENTATION_CONTEXT() REPRESENTATION_CONTEXT('2D SPACE',''
  ) );
#4126 = ORIENTED_EDGE('',*,*,#4127,.F.);
#4127 = EDGE_CURVE('',#4083,#4106,#4128,.T.);
#4128 = SURFACE_CURVE('',#4129,(#4133,#4139),.PCURVE_S1.);
#4129 = LINE('',#4130,#4131);
#4130 = CARTESIAN_POINT('',(0.,-64.4,10.6));
#4131 = VECTOR('',#4132,1.);
#4132 = DIRECTION('',(1.,0.,0.));
#4133 = PCURVE('',#2549,#4134);
#4134 = DEFINITIONAL_REPRESENTATION('',(#4135),#4138);
#4135 = B_SPLINE_CURVE_WITH_KNOTS('',1,(#4136,#4137),.UNSPECIFIED.,.F.,
  .F.,(2,2),(-9.,9.),.PIECEWISE_BEZIER_KNOTS.);
#4136 = CARTESIAN_POINT('',(-9.02,1.));
#4137 = CARTESIAN_POINT('',(9.02,1.));
#4138 = ( GEOMETRIC_REPRESENTATION_CONTEXT(2) 
PARAMETRIC_REPRESENTATION_CONTEXT() REPRESENTATION_CONTEXT('2D SPACE',''
  ) );
#4139 = PCURVE('',#4140,#4145);
#4140 = PLANE('',#4141);
#4141 = AXIS2_PLACEMENT_3D('',#4142,#4143,#4144);
#4142 = CARTESIAN_POINT('',(-9.,-64.4,10.6));
#4143 = DIRECTION('',(0.,0.,1.));
#4144 = DIRECTION('',(0.999013806466,4.440061362072E-02,-0.));
#4145 = DEFINITIONAL_REPRESENTATION('',(#4146),#4150);
#4146 = LINE('',#4147,#4148);
#4147 = CARTESIAN_POINT('',(8.991124258196,-0.399605522586));
#4148 = VECTOR('',#4149,1.);
#4149 = DIRECTION('',(0.999013806466,-4.440061362072E-02));
#4150 = ( GEOMETRIC_REPRESENTATION_CONTEXT(2) 
PARAMETRIC_REPRESENTATION_CONTEXT() REPRESENTATION_CONTEXT('2D SPACE',''
  ) );
#4151 = ADVANCED_FACE('',(#4152),#2622,.F.);
#4152 = FACE_BOUND('',#4153,.F.);
#4153 = EDGE_LOOP('',(#4154,#4155,#4156,#4178));
#4154 = ORIENTED_EDGE('',*,*,#4105,.F.);
#4155 = ORIENTED_EDGE('',*,*,#2610,.F.);
#4156 = ORIENTED_EDGE('',*,*,#4157,.T.);
#4157 = EDGE_CURVE('',#2586,#4158,#4160,.T.);
#4158 = VERTEX_POINT('',#4159);
#4159 = CARTESIAN_POINT('',(9.,-63.6,10.6));
#4160 = SURFACE_CURVE('',#4161,(#4164,#4171),.PCURVE_S1.);
#4161 = B_SPLINE_CURVE_WITH_KNOTS('',1,(#4162,#4163),.UNSPECIFIED.,.F.,
  .F.,(2,2),(0.,1.),.PIECEWISE_BEZIER_KNOTS.);
#4162 = CARTESIAN_POINT('',(9.02,-63.58,10.1));
#4163 = CARTESIAN_POINT('',(9.,-63.6,10.6));
#4164 = PCURVE('',#2622,#4165);
#4165 = DEFINITIONAL_REPRESENTATION('',(#4166),#4170);
#4166 = LINE('',#4167,#4168);
#4167 = CARTESIAN_POINT('',(0.42,0.));
#4168 = VECTOR('',#4169,1.);
#4169 = DIRECTION('',(0.,1.));
#4170 = ( GEOMETRIC_REPRESENTATION_CONTEXT(2) 
PARAMETRIC_REPRESENTATION_CONTEXT() REPRESENTATION_CONTEXT('2D SPACE',''
  ) );
#4171 = PCURVE('',#2599,#4172);
#4172 = DEFINITIONAL_REPRESENTATION('',(#4173),#4177);
#4173 = LINE('',#4174,#4175);
#4174 = CARTESIAN_POINT('',(-9.02,0.));
#4175 = VECTOR('',#4176,1.);
#4176 = DIRECTION('',(0.,1.));
#4177 = ( GEOMETRIC_REPRESENTATION_CONTEXT(2) 
PARAMETRIC_REPRESENTATION_CONTEXT() REPRESENTATION_CONTEXT('2D SPACE',''
  ) );
#4178 = ORIENTED_EDGE('',*,*,#4179,.F.);
#4179 = EDGE_CURVE('',#4106,#4158,#4180,.T.);
#4180 = SURFACE_CURVE('',#4181,(#4185,#4191),.PCURVE_S1.);
#4181 = LINE('',#4182,#4183);
#4182 = CARTESIAN_POINT('',(9.,-64.,10.6));
#4183 = VECTOR('',#4184,1.);
#4184 = DIRECTION('',(0.,1.,0.));
#4185 = PCURVE('',#2622,#4186);
#4186 = DEFINITIONAL_REPRESENTATION('',(#4187),#4190);
#4187 = B_SPLINE_CURVE_WITH_KNOTS('',1,(#4188,#4189),.UNSPECIFIED.,.F.,
  .F.,(2,2),(-0.4,0.4),.PIECEWISE_BEZIER_KNOTS.);
#4188 = CARTESIAN_POINT('',(-0.42,1.));
#4189 = CARTESIAN_POINT('',(0.42,1.));
#4190 = ( GEOMETRIC_REPRESENTATION_CONTEXT(2) 
PARAMETRIC_REPRESENTATION_CONTEXT() REPRESENTATION_CONTEXT('2D SPACE',''
  ) );
#4191 = PCURVE('',#4140,#4192);
#4192 = DEFINITIONAL_REPRESENTATION('',(#4193),#4197);
#4193 = LINE('',#4194,#4195);
#4194 = CARTESIAN_POINT('',(18.00000876184,-0.399605522586));
#4195 = VECTOR('',#4196,1.);
#4196 = DIRECTION('',(4.440061362072E-02,0.999013806466));
#4197 = ( GEOMETRIC_REPRESENTATION_CONTEXT(2) 
PARAMETRIC_REPRESENTATION_CONTEXT() REPRESENTATION_CONTEXT('2D SPACE',''
  ) );
#4198 = ADVANCED_FACE('',(#4199),#2574,.F.);
#4199 = FACE_BOUND('',#4200,.F.);
#4200 = EDGE_LOOP('',(#4201,#4202,#4203,#4225));
#4201 = ORIENTED_EDGE('',*,*,#2560,.F.);
#4202 = ORIENTED_EDGE('',*,*,#4082,.T.);
#4203 = ORIENTED_EDGE('',*,*,#4204,.T.);
#4204 = EDGE_CURVE('',#4083,#4205,#4207,.T.);
#4205 = VERTEX_POINT('',#4206);
#4206 = CARTESIAN_POINT('',(-9.,-63.6,10.6));
#4207 = SURFACE_CURVE('',#4208,(#4212,#4218),.PCURVE_S1.);
#4208 = LINE('',#4209,#4210);
#4209 = CARTESIAN_POINT('',(-9.,-64.,10.6));
#4210 = VECTOR('',#4211,1.);
#4211 = DIRECTION('',(0.,1.,0.));
#4212 = PCURVE('',#2574,#4213);
#4213 = DEFINITIONAL_REPRESENTATION('',(#4214),#4217);
#4214 = B_SPLINE_CURVE_WITH_KNOTS('',1,(#4215,#4216),.UNSPECIFIED.,.F.,
  .F.,(2,2),(-0.4,0.4),.PIECEWISE_BEZIER_KNOTS.);
#4215 = CARTESIAN_POINT('',(0.42,1.));
#4216 = CARTESIAN_POINT('',(-0.42,1.));
#4217 = ( GEOMETRIC_REPRESENTATION_CONTEXT(2) 
PARAMETRIC_REPRESENTATION_CONTEXT() REPRESENTATION_CONTEXT('2D SPACE',''
  ) );
#4218 = PCURVE('',#4140,#4219);
#4219 = DEFINITIONAL_REPRESENTATION('',(#4220),#4224);
#4220 = LINE('',#4221,#4222);
#4221 = CARTESIAN_POINT('',(1.776024544829E-02,0.399605522586));
#4222 = VECTOR('',#4223,1.);
#4223 = DIRECTION('',(4.440061362072E-02,0.999013806466));
#4224 = ( GEOMETRIC_REPRESENTATION_CONTEXT(2) 
PARAMETRIC_REPRESENTATION_CONTEXT() REPRESENTATION_CONTEXT('2D SPACE',''
  ) );
#4225 = ORIENTED_EDGE('',*,*,#4226,.F.);
#4226 = EDGE_CURVE('',#2561,#4205,#4227,.T.);
#4227 = SURFACE_CURVE('',#4228,(#4231,#4238),.PCURVE_S1.);
#4228 = B_SPLINE_CURVE_WITH_KNOTS('',1,(#4229,#4230),.UNSPECIFIED.,.F.,
  .F.,(2,2),(0.,1.),.PIECEWISE_BEZIER_KNOTS.);
#4229 = CARTESIAN_POINT('',(-9.02,-63.58,10.1));
#4230 = CARTESIAN_POINT('',(-9.,-63.6,10.6));
#4231 = PCURVE('',#2574,#4232);
#4232 = DEFINITIONAL_REPRESENTATION('',(#4233),#4237);
#4233 = LINE('',#4234,#4235);
#4234 = CARTESIAN_POINT('',(-0.42,0.));
#4235 = VECTOR('',#4236,1.);
#4236 = DIRECTION('',(0.,1.));
#4237 = ( GEOMETRIC_REPRESENTATION_CONTEXT(2) 
PARAMETRIC_REPRESENTATION_CONTEXT() REPRESENTATION_CONTEXT('2D SPACE',''
  ) );
#4238 = PCURVE('',#2599,#4239);
#4239 = DEFINITIONAL_REPRESENTATION('',(#4240),#4244);
#4240 = LINE('',#4241,#4242);
#4241 = CARTESIAN_POINT('',(9.02,0.));
#4242 = VECTOR('',#4243,1.);
#4243 = DIRECTION('',(0.,1.));
#4244 = ( GEOMETRIC_REPRESENTATION_CONTEXT(2) 
PARAMETRIC_REPRESENTATION_CONTEXT() REPRESENTATION_CONTEXT('2D SPACE',''
  ) );
#4245 = ADVANCED_FACE('',(#4246),#2599,.F.);
#4246 = FACE_BOUND('',#4247,.F.);
#4247 = EDGE_LOOP('',(#4248,#4249,#4250,#4270));
#4248 = ORIENTED_EDGE('',*,*,#2585,.F.);
#4249 = ORIENTED_EDGE('',*,*,#4226,.T.);
#4250 = ORIENTED_EDGE('',*,*,#4251,.T.);
#4251 = EDGE_CURVE('',#4205,#4158,#4252,.T.);
#4252 = SURFACE_CURVE('',#4253,(#4257,#4263),.PCURVE_S1.);
#4253 = LINE('',#4254,#4255);
#4254 = CARTESIAN_POINT('',(0.,-63.6,10.6));
#4255 = VECTOR('',#4256,1.);
#4256 = DIRECTION('',(1.,0.,0.));
#4257 = PCURVE('',#2599,#4258);
#4258 = DEFINITIONAL_REPRESENTATION('',(#4259),#4262);
#4259 = B_SPLINE_CURVE_WITH_KNOTS('',1,(#4260,#4261),.UNSPECIFIED.,.F.,
  .F.,(2,2),(-9.,9.),.PIECEWISE_BEZIER_KNOTS.);
#4260 = CARTESIAN_POINT('',(9.02,1.));
#4261 = CARTESIAN_POINT('',(-9.02,1.));
#4262 = ( GEOMETRIC_REPRESENTATION_CONTEXT(2) 
PARAMETRIC_REPRESENTATION_CONTEXT() REPRESENTATION_CONTEXT('2D SPACE',''
  ) );
#4263 = PCURVE('',#4140,#4264);
#4264 = DEFINITIONAL_REPRESENTATION('',(#4265),#4269);
#4265 = LINE('',#4266,#4267);
#4266 = CARTESIAN_POINT('',(9.026644749092,0.399605522586));
#4267 = VECTOR('',#4268,1.);
#4268 = DIRECTION('',(0.999013806466,-4.440061362072E-02));
#4269 = ( GEOMETRIC_REPRESENTATION_CONTEXT(2) 
PARAMETRIC_REPRESENTATION_CONTEXT() REPRESENTATION_CONTEXT('2D SPACE',''
  ) );
#4270 = ORIENTED_EDGE('',*,*,#4157,.F.);
#4271 = ADVANCED_FACE('',(#4272),#2675,.F.);
#4272 = FACE_BOUND('',#4273,.F.);
#4273 = EDGE_LOOP('',(#4274,#4275,#4276,#4300));
#4274 = ORIENTED_EDGE('',*,*,#2660,.T.);
#4275 = ORIENTED_EDGE('',*,*,#2803,.T.);
#4276 = ORIENTED_EDGE('',*,*,#4277,.F.);
#4277 = EDGE_CURVE('',#4278,#2776,#4280,.T.);
#4278 = VERTEX_POINT('',#4279);
#4279 = CARTESIAN_POINT('',(9.413333333333,-59.75,14.));
#4280 = SURFACE_CURVE('',#4281,(#4286,#4293),.PCURVE_S1.);
#4281 = CIRCLE('',#4282,0.19);
#4282 = AXIS2_PLACEMENT_3D('',#4283,#4284,#4285);
#4283 = CARTESIAN_POINT('',(9.413333333333,-59.75,14.19));
#4284 = DIRECTION('',(0.,-1.,0.));
#4285 = DIRECTION('',(1.,0.,0.));
#4286 = PCURVE('',#2675,#4287);
#4287 = DEFINITIONAL_REPRESENTATION('',(#4288),#4292);
#4288 = LINE('',#4289,#4290);
#4289 = CARTESIAN_POINT('',(0.,1.));
#4290 = VECTOR('',#4291,1.);
#4291 = DIRECTION('',(1.,0.));
#4292 = ( GEOMETRIC_REPRESENTATION_CONTEXT(2) 
PARAMETRIC_REPRESENTATION_CONTEXT() REPRESENTATION_CONTEXT('2D SPACE',''
  ) );
#4293 = PCURVE('',#2791,#4294);
#4294 = DEFINITIONAL_REPRESENTATION('',(#4295),#4299);
#4295 = CIRCLE('',#4296,0.19);
#4296 = AXIS2_PLACEMENT_2D('',#4297,#4298);
#4297 = CARTESIAN_POINT('',(18.826666666667,0.));
#4298 = DIRECTION('',(1.,0.));
#4299 = ( GEOMETRIC_REPRESENTATION_CONTEXT(2) 
PARAMETRIC_REPRESENTATION_CONTEXT() REPRESENTATION_CONTEXT('2D SPACE',''
  ) );
#4300 = ORIENTED_EDGE('',*,*,#4301,.F.);
#4301 = EDGE_CURVE('',#2637,#4278,#4302,.T.);
#4302 = SURFACE_CURVE('',#4303,(#4306,#4313),.PCURVE_S1.);
#4303 = B_SPLINE_CURVE_WITH_KNOTS('',1,(#4304,#4305),.UNSPECIFIED.,.F.,
  .F.,(2,2),(0.,1.),.PIECEWISE_BEZIER_KNOTS.);
#4304 = CARTESIAN_POINT('',(7.693333333333,-60.1,12.13));
#4305 = CARTESIAN_POINT('',(9.413333333333,-59.75,14.));
#4306 = PCURVE('',#2675,#4307);
#4307 = DEFINITIONAL_REPRESENTATION('',(#4308),#4312);
#4308 = LINE('',#4309,#4310);
#4309 = CARTESIAN_POINT('',(4.712388980385,0.));
#4310 = VECTOR('',#4311,1.);
#4311 = DIRECTION('',(0.,1.));
#4312 = ( GEOMETRIC_REPRESENTATION_CONTEXT(2) 
PARAMETRIC_REPRESENTATION_CONTEXT() REPRESENTATION_CONTEXT('2D SPACE',''
  ) );
#4313 = PCURVE('',#2720,#4314);
#4314 = DEFINITIONAL_REPRESENTATION('',(#4315),#4319);
#4315 = LINE('',#4316,#4317);
#4316 = CARTESIAN_POINT('',(9.413333333333,0.));
#4317 = VECTOR('',#4318,1.);
#4318 = DIRECTION('',(0.,1.));
#4319 = ( GEOMETRIC_REPRESENTATION_CONTEXT(2) 
PARAMETRIC_REPRESENTATION_CONTEXT() REPRESENTATION_CONTEXT('2D SPACE',''
  ) );
#4320 = ADVANCED_FACE('',(#4321),#2720,.F.);
#4321 = FACE_BOUND('',#4322,.F.);
#4322 = EDGE_LOOP('',(#4323,#4324,#4325,#4326,#4349,#4392,#4417,#4453));
#4323 = ORIENTED_EDGE('',*,*,#3446,.F.);
#4324 = ORIENTED_EDGE('',*,*,#2707,.T.);
#4325 = ORIENTED_EDGE('',*,*,#4301,.T.);
#4326 = ORIENTED_EDGE('',*,*,#4327,.F.);
#4327 = EDGE_CURVE('',#4328,#4278,#4330,.T.);
#4328 = VERTEX_POINT('',#4329);
#4329 = CARTESIAN_POINT('',(7.046493657006,-59.75,14.));
#4330 = SURFACE_CURVE('',#4331,(#4335,#4342),.PCURVE_S1.);
#4331 = LINE('',#4332,#4333);
#4332 = CARTESIAN_POINT('',(0.,-59.75,14.));
#4333 = VECTOR('',#4334,1.);
#4334 = DIRECTION('',(1.,0.,0.));
#4335 = PCURVE('',#2720,#4336);
#4336 = DEFINITIONAL_REPRESENTATION('',(#4337),#4341);
#4337 = LINE('',#4338,#4339);
#4338 = CARTESIAN_POINT('',(0.,1.));
#4339 = VECTOR('',#4340,1.);
#4340 = DIRECTION('',(1.,0.));
#4341 = ( GEOMETRIC_REPRESENTATION_CONTEXT(2) 
PARAMETRIC_REPRESENTATION_CONTEXT() REPRESENTATION_CONTEXT('2D SPACE',''
  ) );
#4342 = PCURVE('',#2791,#4343);
#4343 = DEFINITIONAL_REPRESENTATION('',(#4344),#4348);
#4344 = LINE('',#4345,#4346);
#4345 = CARTESIAN_POINT('',(9.413333333333,-0.19));
#4346 = VECTOR('',#4347,1.);
#4347 = DIRECTION('',(1.,0.));
#4348 = ( GEOMETRIC_REPRESENTATION_CONTEXT(2) 
PARAMETRIC_REPRESENTATION_CONTEXT() REPRESENTATION_CONTEXT('2D SPACE',''
  ) );
#4349 = ORIENTED_EDGE('',*,*,#4350,.F.);
#4350 = EDGE_CURVE('',#4351,#4328,#4353,.T.);
#4351 = VERTEX_POINT('',#4352);
#4352 = CARTESIAN_POINT('',(7.021199142868,-60.02139037433,12.55));
#4353 = SURFACE_CURVE('',#4354,(#4363,#4375),.PCURVE_S1.);
#4354 = B_SPLINE_CURVE_WITH_KNOTS('',4,(#4355,#4356,#4357,#4358,#4359,
    #4360,#4361,#4362),.UNSPECIFIED.,.F.,.F.,(5,3,5),(0.,0.511337351896,
    1.),.UNSPECIFIED.);
#4355 = CARTESIAN_POINT('',(7.021199142868,-60.02139037433,12.55));
#4356 = CARTESIAN_POINT('',(7.024293797898,-59.98818714369,
    12.727400117997));
#4357 = CARTESIAN_POINT('',(7.027442526053,-59.95440375066,
    12.907899960758));
#4358 = CARTESIAN_POINT('',(7.030640012973,-59.92009721417,
    13.091194884262));
#4359 = CARTESIAN_POINT('',(7.036978666181,-59.85208841758,
    13.454556168925));
#4360 = CARTESIAN_POINT('',(7.040116060986,-59.81842662253,
    13.634406331027));
#4361 = CARTESIAN_POINT('',(7.043288999773,-59.78438346834,
    13.816294040566));
#4362 = CARTESIAN_POINT('',(7.046493657006,-59.75,14.));
#4363 = PCURVE('',#2720,#4364);
#4364 = DEFINITIONAL_REPRESENTATION('',(#4365),#4374);
#4365 = B_SPLINE_CURVE_WITH_KNOTS('',4,(#4366,#4367,#4368,#4369,#4370,
    #4371,#4372,#4373),.UNSPECIFIED.,.F.,.F.,(5,3,5),(0.,0.511337351896,
    1.),.UNSPECIFIED.);
#4366 = CARTESIAN_POINT('',(8.180173788862,0.224598930519));
#4367 = CARTESIAN_POINT('',(8.018578552464,0.319465303671));
#4368 = CARTESIAN_POINT('',(7.862864249232,0.41598928389));
#4369 = CARTESIAN_POINT('',(7.712929452978,0.514007959475));
#4370 = CARTESIAN_POINT('',(7.430605369958,0.708318806912));
#4371 = CARTESIAN_POINT('',(7.297734897852,0.804495364186));
#4372 = CARTESIAN_POINT('',(7.169774383302,0.90176151902));
#4373 = CARTESIAN_POINT('',(7.046493657006,1.));
#4374 = ( GEOMETRIC_REPRESENTATION_CONTEXT(2) 
PARAMETRIC_REPRESENTATION_CONTEXT() REPRESENTATION_CONTEXT('2D SPACE',''
  ) );
#4375 = PCURVE('',#4376,#4381);
#4376 = B_SPLINE_SURFACE_WITH_KNOTS('',1,1,(
    (#4377,#4378)
    ,(#4379,#4380
    )),.UNSPECIFIED.,.F.,.F.,.F.,(2,2),(2,2),(-18.475,18.475),(0.,1.),
  .PIECEWISE_BEZIER_KNOTS.);
#4377 = CARTESIAN_POINT('',(7.021199142868,-61.97119914286,12.55));
#4378 = CARTESIAN_POINT('',(7.05,-62.,14.201));
#4379 = CARTESIAN_POINT('',(7.021199142868,-25.07880085713,12.55));
#4380 = CARTESIAN_POINT('',(7.05,-25.05,14.201));
#4381 = DEFINITIONAL_REPRESENTATION('',(#4382),#4391);
#4382 = B_SPLINE_CURVE_WITH_KNOTS('',4,(#4383,#4384,#4385,#4386,#4387,
    #4388,#4389,#4390),.UNSPECIFIED.,.F.,.F.,(5,3,5),(0.,0.511337351896,
    1.),.UNSPECIFIED.);
#4383 = CARTESIAN_POINT('',(-16.52214690979,0.));
#4384 = CARTESIAN_POINT('',(-16.48611997412,0.107450101755));
#4385 = CARTESIAN_POINT('',(-16.44947965448,0.21677768671));
#4386 = CARTESIAN_POINT('',(-16.41228907187,0.327798233956));
#4387 = CARTESIAN_POINT('',(-16.33859796001,0.547883809161));
#4388 = CARTESIAN_POINT('',(-16.30213974688,0.656817886752));
#4389 = CARTESIAN_POINT('',(-16.2652853414,0.76698609362));
#4390 = CARTESIAN_POINT('',(-16.22807990334,0.878255602665));
#4391 = ( GEOMETRIC_REPRESENTATION_CONTEXT(2) 
PARAMETRIC_REPRESENTATION_CONTEXT() REPRESENTATION_CONTEXT('2D SPACE',''
  ) );
#4392 = ORIENTED_EDGE('',*,*,#4393,.T.);
#4393 = EDGE_CURVE('',#4351,#4394,#4396,.T.);
#4394 = VERTEX_POINT('',#4395);
#4395 = CARTESIAN_POINT('',(-7.021199142868,-60.02139037433,12.55));
#4396 = SURFACE_CURVE('',#4397,(#4400,#4406),.PCURVE_S1.);
#4397 = B_SPLINE_CURVE_WITH_KNOTS('',1,(#4398,#4399),.UNSPECIFIED.,.F.,
  .F.,(2,2),(0.,1.),.PIECEWISE_BEZIER_KNOTS.);
#4398 = CARTESIAN_POINT('',(7.594970524776,-60.02139037433,12.55));
#4399 = CARTESIAN_POINT('',(-8.079643493761,-60.02139037433,12.55));
#4400 = PCURVE('',#2720,#4401);
#4401 = DEFINITIONAL_REPRESENTATION('',(#4402),#4405);
#4402 = B_SPLINE_CURVE_WITH_KNOTS('',1,(#4403,#4404),.UNSPECIFIED.,.F.,
  .F.,(2,2),(0.,1.),.PIECEWISE_BEZIER_KNOTS.);
#4403 = CARTESIAN_POINT('',(8.848656411853,0.224598930481));
#4404 = CARTESIAN_POINT('',(-9.413333333333,0.224598930481));
#4405 = ( GEOMETRIC_REPRESENTATION_CONTEXT(2) 
PARAMETRIC_REPRESENTATION_CONTEXT() REPRESENTATION_CONTEXT('2D SPACE',''
  ) );
#4406 = PCURVE('',#4407,#4412);
#4407 = PLANE('',#4408);
#4408 = AXIS2_PLACEMENT_3D('',#4409,#4410,#4411);
#4409 = CARTESIAN_POINT('',(-7.021199142868,-61.97119914286,12.55));
#4410 = DIRECTION('',(0.,0.,1.));
#4411 = DIRECTION('',(0.355733193505,0.934587553437,-0.));
#4412 = DEFINITIONAL_REPRESENTATION('',(#4413),#4416);
#4413 = B_SPLINE_CURVE_WITH_KNOTS('',1,(#4414,#4415),.UNSPECIFIED.,.F.,
  .F.,(2,2),(0.,1.),.PIECEWISE_BEZIER_KNOTS.);
#4414 = CARTESIAN_POINT('',(7.02172371934,-12.96647855034));
#4415 = CARTESIAN_POINT('',(1.445743217566,1.682820616306));
#4416 = ( GEOMETRIC_REPRESENTATION_CONTEXT(2) 
PARAMETRIC_REPRESENTATION_CONTEXT() REPRESENTATION_CONTEXT('2D SPACE',''
  ) );
#4417 = ORIENTED_EDGE('',*,*,#4418,.F.);
#4418 = EDGE_CURVE('',#3497,#4394,#4419,.T.);
#4419 = SURFACE_CURVE('',#4420,(#4429,#4441),.PCURVE_S1.);
#4420 = B_SPLINE_CURVE_WITH_KNOTS('',4,(#4421,#4422,#4423,#4424,#4425,
    #4426,#4427,#4428),.UNSPECIFIED.,.F.,.F.,(5,3,5),(0.,0.489305942167,
    1.),.UNSPECIFIED.);
#4421 = CARTESIAN_POINT('',(-7.046493657006,-59.75,14.));
#4422 = CARTESIAN_POINT('',(-7.043284781036,-59.78442873209,
    13.816052202798));
#4423 = CARTESIAN_POINT('',(-7.040107707055,-59.81851625368,
    13.633927444585));
#4424 = CARTESIAN_POINT('',(-7.036966275793,-59.85222135676,
    13.453845893867));
#4425 = CARTESIAN_POINT('',(-7.030627945301,-59.92022669086,
    13.090503108824));
#4426 = CARTESIAN_POINT('',(-7.027434603504,-59.95448875341,
    12.907445803167));
#4427 = CARTESIAN_POINT('',(-7.024289904634,-59.98822891536,
    12.727176937886));
#4428 = CARTESIAN_POINT('',(-7.021199142868,-60.02139037433,12.55));
#4429 = PCURVE('',#2720,#4430);
#4430 = DEFINITIONAL_REPRESENTATION('',(#4431),#4440);
#4431 = B_SPLINE_CURVE_WITH_KNOTS('',4,(#4432,#4433,#4434,#4435,#4436,
    #4437,#4438,#4439),.UNSPECIFIED.,.F.,.F.,(5,3,5),(0.,0.489305942167,
    1.),.UNSPECIFIED.);
#4432 = CARTESIAN_POINT('',(-7.046493657006,1.));
#4433 = CARTESIAN_POINT('',(-7.169936675914,0.90163219401));
#4434 = CARTESIAN_POINT('',(-7.298071808857,0.804239275179));
#4435 = CARTESIAN_POINT('',(-7.431130145945,0.707938980678));
#4436 = CARTESIAN_POINT('',(-7.713495365725,0.513638026093));
#4437 = CARTESIAN_POINT('',(-7.863256053279,0.41574641885));
#4438 = CARTESIAN_POINT('',(-8.018781850662,0.319345956039));
#4439 = CARTESIAN_POINT('',(-8.180173788881,0.224598930508));
#4440 = ( GEOMETRIC_REPRESENTATION_CONTEXT(2) 
PARAMETRIC_REPRESENTATION_CONTEXT() REPRESENTATION_CONTEXT('2D SPACE',''
  ) );
#4441 = PCURVE('',#3533,#4442);
#4442 = DEFINITIONAL_REPRESENTATION('',(#4443),#4452);
#4443 = B_SPLINE_CURVE_WITH_KNOTS('',4,(#4444,#4445,#4446,#4447,#4448,
    #4449,#4450,#4451),.UNSPECIFIED.,.F.,.F.,(5,3,5),(0.,0.489305942167,
    1.),.UNSPECIFIED.);
#4444 = CARTESIAN_POINT('',(16.228079903344,0.878255602665));
#4445 = CARTESIAN_POINT('',(16.265334320108,0.766839614051));
#4446 = CARTESIAN_POINT('',(16.302236779718,0.656527828338));
#4447 = CARTESIAN_POINT('',(16.338741943065,0.547453600162));
#4448 = CARTESIAN_POINT('',(16.412429433346,0.327379230057));
#4449 = CARTESIAN_POINT('',(16.449571845609,0.2165026064));
#4450 = CARTESIAN_POINT('',(16.486165298194,0.107314923008));
#4451 = CARTESIAN_POINT('',(16.522146909793,0.));
#4452 = ( GEOMETRIC_REPRESENTATION_CONTEXT(2) 
PARAMETRIC_REPRESENTATION_CONTEXT() REPRESENTATION_CONTEXT('2D SPACE',''
  ) );
#4453 = ORIENTED_EDGE('',*,*,#3496,.F.);
#4454 = ADVANCED_FACE('',(#4455),#2749,.F.);
#4455 = FACE_BOUND('',#4456,.F.);
#4456 = EDGE_LOOP('',(#4457,#4458,#4480,#4502));
#4457 = ORIENTED_EDGE('',*,*,#2849,.T.);
#4458 = ORIENTED_EDGE('',*,*,#4459,.T.);
#4459 = EDGE_CURVE('',#2828,#4460,#4462,.T.);
#4460 = VERTEX_POINT('',#4461);
#4461 = CARTESIAN_POINT('',(9.413333333333,-59.75,14.4));
#4462 = SURFACE_CURVE('',#4463,(#4466,#4473),.PCURVE_S1.);
#4463 = B_SPLINE_CURVE_WITH_KNOTS('',1,(#4464,#4465),.UNSPECIFIED.,.F.,
  .F.,(2,2),(0.,1.),.PIECEWISE_BEZIER_KNOTS.);
#4464 = CARTESIAN_POINT('',(7.693333333333,-60.1,16.27));
#4465 = CARTESIAN_POINT('',(9.413333333333,-59.75,14.4));
#4466 = PCURVE('',#2749,#4467);
#4467 = DEFINITIONAL_REPRESENTATION('',(#4468),#4472);
#4468 = LINE('',#4469,#4470);
#4469 = CARTESIAN_POINT('',(1.570796326795,0.));
#4470 = VECTOR('',#4471,1.);
#4471 = DIRECTION('',(0.,1.));
#4472 = ( GEOMETRIC_REPRESENTATION_CONTEXT(2) 
PARAMETRIC_REPRESENTATION_CONTEXT() REPRESENTATION_CONTEXT('2D SPACE',''
  ) );
#4473 = PCURVE('',#3068,#4474);
#4474 = DEFINITIONAL_REPRESENTATION('',(#4475),#4479);
#4475 = LINE('',#4476,#4477);
#4476 = CARTESIAN_POINT('',(-9.413333333333,0.));
#4477 = VECTOR('',#4478,1.);
#4478 = DIRECTION('',(0.,1.));
#4479 = ( GEOMETRIC_REPRESENTATION_CONTEXT(2) 
PARAMETRIC_REPRESENTATION_CONTEXT() REPRESENTATION_CONTEXT('2D SPACE',''
  ) );
#4480 = ORIENTED_EDGE('',*,*,#4481,.F.);
#4481 = EDGE_CURVE('',#2736,#4460,#4482,.T.);
#4482 = SURFACE_CURVE('',#4483,(#4488,#4495),.PCURVE_S1.);
#4483 = CIRCLE('',#4484,0.19);
#4484 = AXIS2_PLACEMENT_3D('',#4485,#4486,#4487);
#4485 = CARTESIAN_POINT('',(9.413333333333,-59.75,14.21));
#4486 = DIRECTION('',(0.,-1.,0.));
#4487 = DIRECTION('',(1.,0.,0.));
#4488 = PCURVE('',#2749,#4489);
#4489 = DEFINITIONAL_REPRESENTATION('',(#4490),#4494);
#4490 = LINE('',#4491,#4492);
#4491 = CARTESIAN_POINT('',(0.,1.));
#4492 = VECTOR('',#4493,1.);
#4493 = DIRECTION('',(1.,0.));
#4494 = ( GEOMETRIC_REPRESENTATION_CONTEXT(2) 
PARAMETRIC_REPRESENTATION_CONTEXT() REPRESENTATION_CONTEXT('2D SPACE',''
  ) );
#4495 = PCURVE('',#2791,#4496);
#4496 = DEFINITIONAL_REPRESENTATION('',(#4497),#4501);
#4497 = CIRCLE('',#4498,0.19);
#4498 = AXIS2_PLACEMENT_2D('',#4499,#4500);
#4499 = CARTESIAN_POINT('',(18.826666666667,2.E-02));
#4500 = DIRECTION('',(1.,0.));
#4501 = ( GEOMETRIC_REPRESENTATION_CONTEXT(2) 
PARAMETRIC_REPRESENTATION_CONTEXT() REPRESENTATION_CONTEXT('2D SPACE',''
  ) );
#4502 = ORIENTED_EDGE('',*,*,#2735,.F.);
#4503 = ADVANCED_FACE('',(#4504),#2791,.F.);
#4504 = FACE_BOUND('',#4505,.F.);
#4505 = EDGE_LOOP('',(#4506,#4526,#4527,#4528,#4529,#4530,#4553,#4578,
    #4604,#4629,#4654));
#4506 = ORIENTED_EDGE('',*,*,#4507,.F.);
#4507 = EDGE_CURVE('',#4328,#4508,#4510,.T.);
#4508 = VERTEX_POINT('',#4509);
#4509 = CARTESIAN_POINT('',(7.049965111015,-59.75,14.199));
#4510 = SURFACE_CURVE('',#4511,(#4514,#4520),.PCURVE_S1.);
#4511 = B_SPLINE_CURVE_WITH_KNOTS('',1,(#4512,#4513),.UNSPECIFIED.,.F.,
  .F.,(2,2),(0.,1.),.PIECEWISE_BEZIER_KNOTS.);
#4512 = CARTESIAN_POINT('',(7.046493657006,-59.75,14.));
#4513 = CARTESIAN_POINT('',(7.049965145576,-59.75,14.1990019812));
#4514 = PCURVE('',#2791,#4515);
#4515 = DEFINITIONAL_REPRESENTATION('',(#4516),#4519);
#4516 = B_SPLINE_CURVE_WITH_KNOTS('',1,(#4517,#4518),.UNSPECIFIED.,.F.,
  .F.,(2,2),(0.,1.),.PIECEWISE_BEZIER_KNOTS.);
#4517 = CARTESIAN_POINT('',(16.459826990339,-0.19));
#4518 = CARTESIAN_POINT('',(16.463298478909,9.001981200001E-03));
#4519 = ( GEOMETRIC_REPRESENTATION_CONTEXT(2) 
PARAMETRIC_REPRESENTATION_CONTEXT() REPRESENTATION_CONTEXT('2D SPACE',''
  ) );
#4520 = PCURVE('',#4376,#4521);
#4521 = DEFINITIONAL_REPRESENTATION('',(#4522),#4525);
#4522 = B_SPLINE_CURVE_WITH_KNOTS('',1,(#4523,#4524),.UNSPECIFIED.,.F.,
  .F.,(2,2),(0.,1.),.PIECEWISE_BEZIER_KNOTS.);
#4523 = CARTESIAN_POINT('',(-16.22807990335,0.878255602665));
#4524 = CARTESIAN_POINT('',(-16.22503060969,0.998789812962));
#4525 = ( GEOMETRIC_REPRESENTATION_CONTEXT(2) 
PARAMETRIC_REPRESENTATION_CONTEXT() REPRESENTATION_CONTEXT('2D SPACE',''
  ) );
#4526 = ORIENTED_EDGE('',*,*,#4327,.T.);
#4527 = ORIENTED_EDGE('',*,*,#4277,.T.);
#4528 = ORIENTED_EDGE('',*,*,#2775,.T.);
#4529 = ORIENTED_EDGE('',*,*,#4481,.T.);
#4530 = ORIENTED_EDGE('',*,*,#4531,.F.);
#4531 = EDGE_CURVE('',#4532,#4460,#4534,.T.);
#4532 = VERTEX_POINT('',#4533);
#4533 = CARTESIAN_POINT('',(7.046493949915,-59.75,14.4));
#4534 = SURFACE_CURVE('',#4535,(#4539,#4546),.PCURVE_S1.);
#4535 = LINE('',#4536,#4537);
#4536 = CARTESIAN_POINT('',(0.,-59.75,14.4));
#4537 = VECTOR('',#4538,1.);
#4538 = DIRECTION('',(1.,0.,0.));
#4539 = PCURVE('',#2791,#4540);
#4540 = DEFINITIONAL_REPRESENTATION('',(#4541),#4545);
#4541 = LINE('',#4542,#4543);
#4542 = CARTESIAN_POINT('',(9.413333333333,0.21));
#4543 = VECTOR('',#4544,1.);
#4544 = DIRECTION('',(1.,0.));
#4545 = ( GEOMETRIC_REPRESENTATION_CONTEXT(2) 
PARAMETRIC_REPRESENTATION_CONTEXT() REPRESENTATION_CONTEXT('2D SPACE',''
  ) );
#4546 = PCURVE('',#3068,#4547);
#4547 = DEFINITIONAL_REPRESENTATION('',(#4548),#4552);
#4548 = LINE('',#4549,#4550);
#4549 = CARTESIAN_POINT('',(0.,1.));
#4550 = VECTOR('',#4551,1.);
#4551 = DIRECTION('',(-1.,0.));
#4552 = ( GEOMETRIC_REPRESENTATION_CONTEXT(2) 
PARAMETRIC_REPRESENTATION_CONTEXT() REPRESENTATION_CONTEXT('2D SPACE',''
  ) );
#4553 = ORIENTED_EDGE('',*,*,#4554,.F.);
#4554 = EDGE_CURVE('',#4555,#4532,#4557,.T.);
#4555 = VERTEX_POINT('',#4556);
#4556 = CARTESIAN_POINT('',(7.04996511393,-59.75,14.201));
#4557 = SURFACE_CURVE('',#4558,(#4561,#4567),.PCURVE_S1.);
#4558 = B_SPLINE_CURVE_WITH_KNOTS('',1,(#4559,#4560),.UNSPECIFIED.,.F.,
  .F.,(2,2),(0.,1.),.PIECEWISE_BEZIER_KNOTS.);
#4559 = CARTESIAN_POINT('',(7.049965144301,-59.75,14.2009982588));
#4560 = CARTESIAN_POINT('',(7.046493949915,-59.75,14.4));
#4561 = PCURVE('',#2791,#4562);
#4562 = DEFINITIONAL_REPRESENTATION('',(#4563),#4566);
#4563 = B_SPLINE_CURVE_WITH_KNOTS('',1,(#4564,#4565),.UNSPECIFIED.,.F.,
  .F.,(2,2),(0.,1.),.PIECEWISE_BEZIER_KNOTS.);
#4564 = CARTESIAN_POINT('',(16.463298477635,1.09982588E-02));
#4565 = CARTESIAN_POINT('',(16.459827283248,0.21));
#4566 = ( GEOMETRIC_REPRESENTATION_CONTEXT(2) 
PARAMETRIC_REPRESENTATION_CONTEXT() REPRESENTATION_CONTEXT('2D SPACE',''
  ) );
#4567 = PCURVE('',#4568,#4573);
#4568 = B_SPLINE_SURFACE_WITH_KNOTS('',1,1,(
    (#4569,#4570)
    ,(#4571,#4572
    )),.UNSPECIFIED.,.F.,.F.,.F.,(2,2),(2,2),(-18.475,18.475),(0.,1.),
  .PIECEWISE_BEZIER_KNOTS.);
#4569 = CARTESIAN_POINT('',(7.05,-62.,14.199));
#4570 = CARTESIAN_POINT('',(7.024690155854,-61.97469015585,15.65));
#4571 = CARTESIAN_POINT('',(7.05,-25.05,14.199));
#4572 = CARTESIAN_POINT('',(7.024690155854,-25.07530984414,15.65));
#4573 = DEFINITIONAL_REPRESENTATION('',(#4574),#4577);
#4574 = B_SPLINE_CURVE_WITH_KNOTS('',1,(#4575,#4576),.UNSPECIFIED.,.F.,
  .F.,(2,2),(0.,1.),.PIECEWISE_BEZIER_KNOTS.);
#4575 = CARTESIAN_POINT('',(-16.22503061081,1.377159751894E-03));
#4576 = CARTESIAN_POINT('',(-16.22807964601,0.138525155065));
#4577 = ( GEOMETRIC_REPRESENTATION_CONTEXT(2) 
PARAMETRIC_REPRESENTATION_CONTEXT() REPRESENTATION_CONTEXT('2D SPACE',''
  ) );
#4578 = ORIENTED_EDGE('',*,*,#4579,.T.);
#4579 = EDGE_CURVE('',#4555,#4580,#4582,.T.);
#4580 = VERTEX_POINT('',#4581);
#4581 = CARTESIAN_POINT('',(7.05,-59.75,14.201));
#4582 = SURFACE_CURVE('',#4583,(#4587,#4593),.PCURVE_S1.);
#4583 = LINE('',#4584,#4585);
#4584 = CARTESIAN_POINT('',(-8.231666666667,-59.75,14.201));
#4585 = VECTOR('',#4586,1.);
#4586 = DIRECTION('',(1.,0.,-0.));
#4587 = PCURVE('',#2791,#4588);
#4588 = DEFINITIONAL_REPRESENTATION('',(#4589),#4592);
#4589 = B_SPLINE_CURVE_WITH_KNOTS('',1,(#4590,#4591),.UNSPECIFIED.,.F.,
  .F.,(2,2),(-1.371666666667,15.949460983311),.PIECEWISE_BEZIER_KNOTS.);
#4590 = CARTESIAN_POINT('',(-0.19,1.1E-02));
#4591 = CARTESIAN_POINT('',(17.131127649977,1.1E-02));
#4592 = ( GEOMETRIC_REPRESENTATION_CONTEXT(2) 
PARAMETRIC_REPRESENTATION_CONTEXT() REPRESENTATION_CONTEXT('2D SPACE',''
  ) );
#4593 = PCURVE('',#4594,#4599);
#4594 = PLANE('',#4595);
#4595 = AXIS2_PLACEMENT_3D('',#4596,#4597,#4598);
#4596 = CARTESIAN_POINT('',(-7.05,-62.,14.201));
#4597 = DIRECTION('',(0.,0.,1.));
#4598 = DIRECTION('',(0.356521002668,0.93428730841,-0.));
#4599 = DEFINITIONAL_REPRESENTATION('',(#4600),#4603);
#4600 = B_SPLINE_CURVE_WITH_KNOTS('',1,(#4601,#4602),.UNSPECIFIED.,.F.,
  .F.,(2,2),(-1.371666666667,15.949460983311),.PIECEWISE_BEZIER_KNOTS.);
#4601 = CARTESIAN_POINT('',(1.191829483777,3.187719183477));
#4602 = CARTESIAN_POINT('',(7.367175280889,-12.99519054725));
#4603 = ( GEOMETRIC_REPRESENTATION_CONTEXT(2) 
PARAMETRIC_REPRESENTATION_CONTEXT() REPRESENTATION_CONTEXT('2D SPACE',''
  ) );
#4604 = ORIENTED_EDGE('',*,*,#4605,.F.);
#4605 = EDGE_CURVE('',#4606,#4580,#4608,.T.);
#4606 = VERTEX_POINT('',#4607);
#4607 = CARTESIAN_POINT('',(7.049982556236,-59.75,14.20000004177));
#4608 = SURFACE_CURVE('',#4609,(#4612,#4618),.PCURVE_S1.);
#4609 = B_SPLINE_CURVE_WITH_KNOTS('',1,(#4610,#4611),.UNSPECIFIED.,.F.,
  .F.,(2,2),(0.,1.),.PIECEWISE_BEZIER_KNOTS.);
#4610 = CARTESIAN_POINT('',(7.049982521675,-59.75,14.19999806057));
#4611 = CARTESIAN_POINT('',(7.05,-59.75,14.201));
#4612 = PCURVE('',#2791,#4613);
#4613 = DEFINITIONAL_REPRESENTATION('',(#4614),#4617);
#4614 = B_SPLINE_CURVE_WITH_KNOTS('',1,(#4615,#4616),.UNSPECIFIED.,.F.,
  .F.,(2,2),(0.,1.),.PIECEWISE_BEZIER_KNOTS.);
#4615 = CARTESIAN_POINT('',(16.463315855008,9.998060570217E-03));
#4616 = CARTESIAN_POINT('',(16.463333333333,1.1E-02));
#4617 = ( GEOMETRIC_REPRESENTATION_CONTEXT(2) 
PARAMETRIC_REPRESENTATION_CONTEXT() REPRESENTATION_CONTEXT('2D SPACE',''
  ) );
#4618 = PCURVE('',#4619,#4624);
#4619 = B_SPLINE_SURFACE_WITH_KNOTS('',1,1,(
    (#4620,#4621)
    ,(#4622,#4623
    )),.UNSPECIFIED.,.F.,.F.,.F.,(2,2),(2,2),(-18.475,18.475),(0.,1.),
  .PIECEWISE_BEZIER_KNOTS.);
#4620 = CARTESIAN_POINT('',(7.021199142868,-61.97119914286,12.55));
#4621 = CARTESIAN_POINT('',(7.05,-62.,14.201));
#4622 = CARTESIAN_POINT('',(7.021199142868,-25.07880085713,12.55));
#4623 = CARTESIAN_POINT('',(7.05,-25.05,14.201));
#4624 = DEFINITIONAL_REPRESENTATION('',(#4625),#4628);
#4625 = B_SPLINE_CURVE_WITH_KNOTS('',1,(#4626,#4627),.UNSPECIFIED.,.F.,
  .F.,(2,2),(0.,1.),.PIECEWISE_BEZIER_KNOTS.);
#4626 = CARTESIAN_POINT('',(-16.22501534972,0.999393131781));
#4627 = CARTESIAN_POINT('',(-16.225,1.));
#4628 = ( GEOMETRIC_REPRESENTATION_CONTEXT(2) 
PARAMETRIC_REPRESENTATION_CONTEXT() REPRESENTATION_CONTEXT('2D SPACE',''
  ) );
#4629 = ORIENTED_EDGE('',*,*,#4630,.F.);
#4630 = EDGE_CURVE('',#4631,#4606,#4633,.T.);
#4631 = VERTEX_POINT('',#4632);
#4632 = CARTESIAN_POINT('',(7.05,-59.75,14.199));
#4633 = SURFACE_CURVE('',#4634,(#4637,#4643),.PCURVE_S1.);
#4634 = B_SPLINE_CURVE_WITH_KNOTS('',1,(#4635,#4636),.UNSPECIFIED.,.F.,
  .F.,(2,2),(0.,1.),.PIECEWISE_BEZIER_KNOTS.);
#4635 = CARTESIAN_POINT('',(7.05,-59.75,14.199));
#4636 = CARTESIAN_POINT('',(7.049982525864,-59.75,14.20000178297));
#4637 = PCURVE('',#2791,#4638);
#4638 = DEFINITIONAL_REPRESENTATION('',(#4639),#4642);
#4639 = B_SPLINE_CURVE_WITH_KNOTS('',1,(#4640,#4641),.UNSPECIFIED.,.F.,
  .F.,(2,2),(0.,1.),.PIECEWISE_BEZIER_KNOTS.);
#4640 = CARTESIAN_POINT('',(16.463333333333,8.999999999999E-03));
#4641 = CARTESIAN_POINT('',(16.463315859198,1.000178297024E-02));
#4642 = ( GEOMETRIC_REPRESENTATION_CONTEXT(2) 
PARAMETRIC_REPRESENTATION_CONTEXT() REPRESENTATION_CONTEXT('2D SPACE',''
  ) );
#4643 = PCURVE('',#4644,#4649);
#4644 = B_SPLINE_SURFACE_WITH_KNOTS('',1,1,(
    (#4645,#4646)
    ,(#4647,#4648
    )),.UNSPECIFIED.,.F.,.F.,.F.,(2,2),(2,2),(-18.475,18.475),(0.,1.),
  .PIECEWISE_BEZIER_KNOTS.);
#4645 = CARTESIAN_POINT('',(7.05,-62.,14.199));
#4646 = CARTESIAN_POINT('',(7.024690155854,-61.97469015585,15.65));
#4647 = CARTESIAN_POINT('',(7.05,-25.05,14.199));
#4648 = CARTESIAN_POINT('',(7.024690155854,-25.07530984414,15.65));
#4649 = DEFINITIONAL_REPRESENTATION('',(#4650),#4653);
#4650 = B_SPLINE_CURVE_WITH_KNOTS('',1,(#4651,#4652),.UNSPECIFIED.,.F.,
  .F.,(2,2),(0.,1.),.PIECEWISE_BEZIER_KNOTS.);
#4651 = CARTESIAN_POINT('',(-16.225,0.));
#4652 = CARTESIAN_POINT('',(-16.22501534604,6.90408663159E-04));
#4653 = ( GEOMETRIC_REPRESENTATION_CONTEXT(2) 
PARAMETRIC_REPRESENTATION_CONTEXT() REPRESENTATION_CONTEXT('2D SPACE',''
  ) );
#4654 = ORIENTED_EDGE('',*,*,#4655,.F.);
#4655 = EDGE_CURVE('',#4508,#4631,#4656,.T.);
#4656 = SURFACE_CURVE('',#4657,(#4661,#4667),.PCURVE_S1.);
#4657 = LINE('',#4658,#4659);
#4658 = CARTESIAN_POINT('',(-8.231666666667,-59.75,14.199));
#4659 = VECTOR('',#4660,1.);
#4660 = DIRECTION('',(1.,0.,-0.));
#4661 = PCURVE('',#2791,#4662);
#4662 = DEFINITIONAL_REPRESENTATION('',(#4663),#4666);
#4663 = B_SPLINE_CURVE_WITH_KNOTS('',1,(#4664,#4665),.UNSPECIFIED.,.F.,
  .F.,(2,2),(-1.371666666667,15.949460983311),.PIECEWISE_BEZIER_KNOTS.);
#4664 = CARTESIAN_POINT('',(-0.19,9.E-03));
#4665 = CARTESIAN_POINT('',(17.131127649977,9.E-03));
#4666 = ( GEOMETRIC_REPRESENTATION_CONTEXT(2) 
PARAMETRIC_REPRESENTATION_CONTEXT() REPRESENTATION_CONTEXT('2D SPACE',''
  ) );
#4667 = PCURVE('',#4668,#4673);
#4668 = PLANE('',#4669);
#4669 = AXIS2_PLACEMENT_3D('',#4670,#4671,#4672);
#4670 = CARTESIAN_POINT('',(-7.05,-62.,14.199));
#4671 = DIRECTION('',(0.,0.,1.));
#4672 = DIRECTION('',(0.356521002668,0.93428730841,-0.));
#4673 = DEFINITIONAL_REPRESENTATION('',(#4674),#4677);
#4674 = B_SPLINE_CURVE_WITH_KNOTS('',1,(#4675,#4676),.UNSPECIFIED.,.F.,
  .F.,(2,2),(-1.371666666667,15.949460983311),.PIECEWISE_BEZIER_KNOTS.);
#4675 = CARTESIAN_POINT('',(1.191829483777,3.187719183477));
#4676 = CARTESIAN_POINT('',(7.367175280889,-12.99519054725));
#4677 = ( GEOMETRIC_REPRESENTATION_CONTEXT(2) 
PARAMETRIC_REPRESENTATION_CONTEXT() REPRESENTATION_CONTEXT('2D SPACE',''
  ) );
#4678 = ADVANCED_FACE('',(#4679),#3068,.F.);
#4679 = FACE_BOUND('',#4680,.F.);
#4680 = EDGE_LOOP('',(#4681,#4682,#4683,#4684,#4722,#4747,#4783,#4784));
#4681 = ORIENTED_EDGE('',*,*,#3055,.F.);
#4682 = ORIENTED_EDGE('',*,*,#3422,.T.);
#4683 = ORIENTED_EDGE('',*,*,#3671,.T.);
#4684 = ORIENTED_EDGE('',*,*,#4685,.F.);
#4685 = EDGE_CURVE('',#4686,#3647,#4688,.T.);
#4686 = VERTEX_POINT('',#4687);
#4687 = CARTESIAN_POINT('',(-7.024690155854,-59.98395721925,15.65));
#4688 = SURFACE_CURVE('',#4689,(#4698,#4710),.PCURVE_S1.);
#4689 = B_SPLINE_CURVE_WITH_KNOTS('',4,(#4690,#4691,#4692,#4693,#4694,
    #4695,#4696,#4697),.UNSPECIFIED.,.F.,.F.,(5,3,5),(0.,0.50932974212,
    1.),.UNSPECIFIED.);
#4690 = CARTESIAN_POINT('',(-7.024690155854,-59.98395721925,15.65));
#4691 = CARTESIAN_POINT('',(-7.02737319556,-59.95516789447,
    15.496182750458));
#4692 = CARTESIAN_POINT('',(-7.030092041484,-59.92599436484,
    15.340312749294));
#4693 = CARTESIAN_POINT('',(-7.032843408763,-59.89647187734,
    15.182578316074));
#4694 = CARTESIAN_POINT('',(-7.038303241982,-59.83788723863,
    14.86956896069));
#4695 = CARTESIAN_POINT('',(-7.041009593545,-59.80884777493,
    14.714415254658));
#4696 = CARTESIAN_POINT('',(-7.043740616338,-59.7795435861,
    14.55784716006));
#4697 = CARTESIAN_POINT('',(-7.046493949915,-59.75,14.4));
#4698 = PCURVE('',#3068,#4699);
#4699 = DEFINITIONAL_REPRESENTATION('',(#4700),#4709);
#4700 = B_SPLINE_CURVE_WITH_KNOTS('',4,(#4701,#4702,#4703,#4704,#4705,
    #4706,#4707,#4708),.UNSPECIFIED.,.F.,.F.,(5,3,5),(0.,0.50932974212,
    1.),.UNSPECIFIED.);
#4701 = CARTESIAN_POINT('',(8.0020504737,0.33155080217));
#4702 = CARTESIAN_POINT('',(7.868105634085,0.413806015741));
#4703 = CARTESIAN_POINT('',(7.738489400693,0.497158957647));
#4704 = CARTESIAN_POINT('',(7.613101014475,0.581508921867));
#4705 = CARTESIAN_POINT('',(7.374926079136,0.748893603909));
#4706 = CARTESIAN_POINT('',(7.261847127329,0.831863500183));
#4707 = CARTESIAN_POINT('',(7.152421606467,0.915589753979));
#4708 = CARTESIAN_POINT('',(7.046493949915,1.));
#4709 = ( GEOMETRIC_REPRESENTATION_CONTEXT(2) 
PARAMETRIC_REPRESENTATION_CONTEXT() REPRESENTATION_CONTEXT('2D SPACE',''
  ) );
#4710 = PCURVE('',#3660,#4711);
#4711 = DEFINITIONAL_REPRESENTATION('',(#4712),#4721);
#4712 = B_SPLINE_CURVE_WITH_KNOTS('',4,(#4713,#4714,#4715,#4716,#4717,
    #4718,#4719,#4720),.UNSPECIFIED.,.F.,.F.,(5,3,5),(0.,0.50932974212,
    1.),.UNSPECIFIED.);
#4713 = CARTESIAN_POINT('',(16.481536115618,1.));
#4714 = CARTESIAN_POINT('',(16.450310475163,0.893992247042));
#4715 = CARTESIAN_POINT('',(16.418680225596,0.786569778976));
#4716 = CARTESIAN_POINT('',(16.386684313148,0.677862381857));
#4717 = CARTESIAN_POINT('',(16.32321715976,0.462142633143));
#4718 = CARTESIAN_POINT('',(16.291769563549,0.355213821267));
#4719 = CARTESIAN_POINT('',(16.260047773364,0.247310241254));
#4720 = CARTESIAN_POINT('',(16.228079646009,0.138525155065));
#4721 = ( GEOMETRIC_REPRESENTATION_CONTEXT(2) 
PARAMETRIC_REPRESENTATION_CONTEXT() REPRESENTATION_CONTEXT('2D SPACE',''
  ) );
#4722 = ORIENTED_EDGE('',*,*,#4723,.T.);
#4723 = EDGE_CURVE('',#4686,#4724,#4726,.T.);
#4724 = VERTEX_POINT('',#4725);
#4725 = CARTESIAN_POINT('',(7.024690155854,-59.98395721925,15.65));
#4726 = SURFACE_CURVE('',#4727,(#4730,#4736),.PCURVE_S1.);
#4727 = B_SPLINE_CURVE_WITH_KNOTS('',1,(#4728,#4729),.UNSPECIFIED.,.F.,
  .F.,(2,2),(0.,1.),.PIECEWISE_BEZIER_KNOTS.);
#4728 = CARTESIAN_POINT('',(-8.263600713012,-59.98395721925,15.65));
#4729 = CARTESIAN_POINT('',(7.611561949785,-59.98395721925,15.65));
#4730 = PCURVE('',#3068,#4731);
#4731 = DEFINITIONAL_REPRESENTATION('',(#4732),#4735);
#4732 = B_SPLINE_CURVE_WITH_KNOTS('',1,(#4733,#4734),.UNSPECIFIED.,.F.,
  .F.,(2,2),(0.,1.),.PIECEWISE_BEZIER_KNOTS.);
#4733 = CARTESIAN_POINT('',(9.413333333333,0.331550802139));
#4734 = CARTESIAN_POINT('',(-8.670575008279,0.331550802139));
#4735 = ( GEOMETRIC_REPRESENTATION_CONTEXT(2) 
PARAMETRIC_REPRESENTATION_CONTEXT() REPRESENTATION_CONTEXT('2D SPACE',''
  ) );
#4736 = PCURVE('',#4737,#4742);
#4737 = PLANE('',#4738);
#4738 = AXIS2_PLACEMENT_3D('',#4739,#4740,#4741);
#4739 = CARTESIAN_POINT('',(-7.024690155854,-61.97469015585,15.65));
#4740 = DIRECTION('',(0.,0.,1.));
#4741 = DIRECTION('',(0.355828857012,0.934551135314,-0.));
#4742 = DEFINITIONAL_REPRESENTATION('',(#4743),#4746);
#4743 = B_SPLINE_CURVE_WITH_KNOTS('',1,(#4744,#4745),.UNSPECIFIED.,.F.,
  .F.,(2,2),(0.,1.),.PIECEWISE_BEZIER_KNOTS.);
#4744 = CARTESIAN_POINT('',(1.419601598516,1.866185493193));
#4745 = CARTESIAN_POINT('',(7.068442583701,-12.96996579662));
#4746 = ( GEOMETRIC_REPRESENTATION_CONTEXT(2) 
PARAMETRIC_REPRESENTATION_CONTEXT() REPRESENTATION_CONTEXT('2D SPACE',''
  ) );
#4747 = ORIENTED_EDGE('',*,*,#4748,.F.);
#4748 = EDGE_CURVE('',#4532,#4724,#4749,.T.);
#4749 = SURFACE_CURVE('',#4750,(#4759,#4771),.PCURVE_S1.);
#4750 = B_SPLINE_CURVE_WITH_KNOTS('',4,(#4751,#4752,#4753,#4754,#4755,
    #4756,#4757,#4758),.UNSPECIFIED.,.F.,.F.,(5,3,5),(0.,0.541395218072,
    1.),.UNSPECIFIED.);
#4751 = CARTESIAN_POINT('',(7.046493949915,-59.75,14.4));
#4752 = CARTESIAN_POINT('',(7.043455979647,-59.78259777056,
    14.574165231278));
#4753 = CARTESIAN_POINT('',(7.040445170589,-59.8149040982,
    14.746773324701));
#4754 = CARTESIAN_POINT('',(7.037464696366,-59.84688492958,
    14.917642338086));
#4755 = CARTESIAN_POINT('',(7.032022340475,-59.90528203454,
    15.229649727448));
#4756 = CARTESIAN_POINT('',(7.029550847263,-59.93180144111,
    15.371339128224));
#4757 = CARTESIAN_POINT('',(7.027105987439,-59.95803506835,
    15.511501650944));
#4758 = CARTESIAN_POINT('',(7.024690155854,-59.98395721925,15.65));
#4759 = PCURVE('',#3068,#4760);
#4760 = DEFINITIONAL_REPRESENTATION('',(#4761),#4770);
#4761 = B_SPLINE_CURVE_WITH_KNOTS('',4,(#4762,#4763,#4764,#4765,#4766,
    #4767,#4768,#4769),.UNSPECIFIED.,.F.,.F.,(5,3,5),(0.,0.541395218072,
    1.),.UNSPECIFIED.);
#4762 = CARTESIAN_POINT('',(-7.046493949915,1.));
#4763 = CARTESIAN_POINT('',(-7.163372345034,0.906863512686));
#4764 = CARTESIAN_POINT('',(-7.284508999293,0.814559719411));
#4765 = CARTESIAN_POINT('',(-7.410113484977,0.723185915462));
#4766 = CARTESIAN_POINT('',(-7.650689884987,0.556337044143));
#4767 = CARTESIAN_POINT('',(-7.764349658228,0.480567311116));
#4768 = CARTESIAN_POINT('',(-7.881445453589,0.405614090398));
#4769 = CARTESIAN_POINT('',(-8.002050473744,0.331550802143));
#4770 = ( GEOMETRIC_REPRESENTATION_CONTEXT(2) 
PARAMETRIC_REPRESENTATION_CONTEXT() REPRESENTATION_CONTEXT('2D SPACE',''
  ) );
#4771 = PCURVE('',#4568,#4772);
#4772 = DEFINITIONAL_REPRESENTATION('',(#4773),#4782);
#4773 = B_SPLINE_CURVE_WITH_KNOTS('',4,(#4774,#4775,#4776,#4777,#4778,
    #4779,#4780,#4781),.UNSPECIFIED.,.F.,.F.,(5,3,5),(0.,0.541395218072,
    1.),.UNSPECIFIED.);
#4774 = CARTESIAN_POINT('',(-16.228079646,0.138525155065));
#4775 = CARTESIAN_POINT('',(-16.26335260433,0.258556327552));
#4776 = CARTESIAN_POINT('',(-16.2983256715,0.377514351965));
#4777 = CARTESIAN_POINT('',(-16.33296139495,0.495273837413));
#4778 = CARTESIAN_POINT('',(-16.39623296669,0.710303051308));
#4779 = CARTESIAN_POINT('',(-16.42497643765,0.807952534958));
#4780 = CARTESIAN_POINT('',(-16.45342028554,0.904549724979));
#4781 = CARTESIAN_POINT('',(-16.48153611561,1.));
#4782 = ( GEOMETRIC_REPRESENTATION_CONTEXT(2) 
PARAMETRIC_REPRESENTATION_CONTEXT() REPRESENTATION_CONTEXT('2D SPACE',''
  ) );
#4783 = ORIENTED_EDGE('',*,*,#4531,.T.);
#4784 = ORIENTED_EDGE('',*,*,#4459,.F.);
#4785 = ADVANCED_FACE('',(#4786),#3105,.F.);
#4786 = FACE_BOUND('',#4787,.F.);
#4787 = EDGE_LOOP('',(#4788,#4810,#4837,#4857));
#4788 = ORIENTED_EDGE('',*,*,#4789,.F.);
#4789 = EDGE_CURVE('',#4790,#3092,#4792,.T.);
#4790 = VERTEX_POINT('',#4791);
#4791 = CARTESIAN_POINT('',(-9.,-68.4,17.8));
#4792 = SURFACE_CURVE('',#4793,(#4796,#4803),.PCURVE_S1.);
#4793 = B_SPLINE_CURVE_WITH_KNOTS('',1,(#4794,#4795),.UNSPECIFIED.,.F.,
  .F.,(2,2),(0.,1.),.PIECEWISE_BEZIER_KNOTS.);
#4794 = CARTESIAN_POINT('',(-9.,-68.4,17.8));
#4795 = CARTESIAN_POINT('',(-9.02,-68.42,18.3));
#4796 = PCURVE('',#3105,#4797);
#4797 = DEFINITIONAL_REPRESENTATION('',(#4798),#4802);
#4798 = LINE('',#4799,#4800);
#4799 = CARTESIAN_POINT('',(-9.02,0.));
#4800 = VECTOR('',#4801,1.);
#4801 = DIRECTION('',(0.,1.));
#4802 = ( GEOMETRIC_REPRESENTATION_CONTEXT(2) 
PARAMETRIC_REPRESENTATION_CONTEXT() REPRESENTATION_CONTEXT('2D SPACE',''
  ) );
#4803 = PCURVE('',#3130,#4804);
#4804 = DEFINITIONAL_REPRESENTATION('',(#4805),#4809);
#4805 = LINE('',#4806,#4807);
#4806 = CARTESIAN_POINT('',(0.42,0.));
#4807 = VECTOR('',#4808,1.);
#4808 = DIRECTION('',(0.,1.));
#4809 = ( GEOMETRIC_REPRESENTATION_CONTEXT(2) 
PARAMETRIC_REPRESENTATION_CONTEXT() REPRESENTATION_CONTEXT('2D SPACE',''
  ) );
#4810 = ORIENTED_EDGE('',*,*,#4811,.T.);
#4811 = EDGE_CURVE('',#4790,#4812,#4814,.T.);
#4812 = VERTEX_POINT('',#4813);
#4813 = CARTESIAN_POINT('',(9.,-68.4,17.8));
#4814 = SURFACE_CURVE('',#4815,(#4819,#4825),.PCURVE_S1.);
#4815 = LINE('',#4816,#4817);
#4816 = CARTESIAN_POINT('',(0.,-68.4,17.8));
#4817 = VECTOR('',#4818,1.);
#4818 = DIRECTION('',(1.,0.,0.));
#4819 = PCURVE('',#3105,#4820);
#4820 = DEFINITIONAL_REPRESENTATION('',(#4821),#4824);
#4821 = B_SPLINE_CURVE_WITH_KNOTS('',1,(#4822,#4823),.UNSPECIFIED.,.F.,
  .F.,(2,2),(-9.,9.),.PIECEWISE_BEZIER_KNOTS.);
#4822 = CARTESIAN_POINT('',(-9.02,0.));
#4823 = CARTESIAN_POINT('',(9.02,0.));
#4824 = ( GEOMETRIC_REPRESENTATION_CONTEXT(2) 
PARAMETRIC_REPRESENTATION_CONTEXT() REPRESENTATION_CONTEXT('2D SPACE',''
  ) );
#4825 = PCURVE('',#4826,#4831);
#4826 = PLANE('',#4827);
#4827 = AXIS2_PLACEMENT_3D('',#4828,#4829,#4830);
#4828 = CARTESIAN_POINT('',(-9.,-68.4,17.8));
#4829 = DIRECTION('',(0.,0.,1.));
#4830 = DIRECTION('',(0.999013806466,4.440061362072E-02,-0.));
#4831 = DEFINITIONAL_REPRESENTATION('',(#4832),#4836);
#4832 = LINE('',#4833,#4834);
#4833 = CARTESIAN_POINT('',(8.991124258196,-0.399605522586));
#4834 = VECTOR('',#4835,1.);
#4835 = DIRECTION('',(0.999013806466,-4.440061362072E-02));
#4836 = ( GEOMETRIC_REPRESENTATION_CONTEXT(2) 
PARAMETRIC_REPRESENTATION_CONTEXT() REPRESENTATION_CONTEXT('2D SPACE',''
  ) );
#4837 = ORIENTED_EDGE('',*,*,#4838,.T.);
#4838 = EDGE_CURVE('',#4812,#3090,#4839,.T.);
#4839 = SURFACE_CURVE('',#4840,(#4843,#4850),.PCURVE_S1.);
#4840 = B_SPLINE_CURVE_WITH_KNOTS('',1,(#4841,#4842),.UNSPECIFIED.,.F.,
  .F.,(2,2),(0.,1.),.PIECEWISE_BEZIER_KNOTS.);
#4841 = CARTESIAN_POINT('',(9.,-68.4,17.8));
#4842 = CARTESIAN_POINT('',(9.02,-68.42,18.3));
#4843 = PCURVE('',#3105,#4844);
#4844 = DEFINITIONAL_REPRESENTATION('',(#4845),#4849);
#4845 = LINE('',#4846,#4847);
#4846 = CARTESIAN_POINT('',(9.02,0.));
#4847 = VECTOR('',#4848,1.);
#4848 = DIRECTION('',(0.,1.));
#4849 = ( GEOMETRIC_REPRESENTATION_CONTEXT(2) 
PARAMETRIC_REPRESENTATION_CONTEXT() REPRESENTATION_CONTEXT('2D SPACE',''
  ) );
#4850 = PCURVE('',#3178,#4851);
#4851 = DEFINITIONAL_REPRESENTATION('',(#4852),#4856);
#4852 = LINE('',#4853,#4854);
#4853 = CARTESIAN_POINT('',(-0.42,0.));
#4854 = VECTOR('',#4855,1.);
#4855 = DIRECTION('',(0.,1.));
#4856 = ( GEOMETRIC_REPRESENTATION_CONTEXT(2) 
PARAMETRIC_REPRESENTATION_CONTEXT() REPRESENTATION_CONTEXT('2D SPACE',''
  ) );
#4857 = ORIENTED_EDGE('',*,*,#3089,.T.);
#4858 = ADVANCED_FACE('',(#4859),#3178,.F.);
#4859 = FACE_BOUND('',#4860,.F.);
#4860 = EDGE_LOOP('',(#4861,#4862,#4884,#4904));
#4861 = ORIENTED_EDGE('',*,*,#4838,.F.);
#4862 = ORIENTED_EDGE('',*,*,#4863,.T.);
#4863 = EDGE_CURVE('',#4812,#4864,#4866,.T.);
#4864 = VERTEX_POINT('',#4865);
#4865 = CARTESIAN_POINT('',(9.,-67.6,17.8));
#4866 = SURFACE_CURVE('',#4867,(#4871,#4877),.PCURVE_S1.);
#4867 = LINE('',#4868,#4869);
#4868 = CARTESIAN_POINT('',(9.,-68.,17.8));
#4869 = VECTOR('',#4870,1.);
#4870 = DIRECTION('',(0.,1.,0.));
#4871 = PCURVE('',#3178,#4872);
#4872 = DEFINITIONAL_REPRESENTATION('',(#4873),#4876);
#4873 = B_SPLINE_CURVE_WITH_KNOTS('',1,(#4874,#4875),.UNSPECIFIED.,.F.,
  .F.,(2,2),(-0.4,0.4),.PIECEWISE_BEZIER_KNOTS.);
#4874 = CARTESIAN_POINT('',(-0.42,0.));
#4875 = CARTESIAN_POINT('',(0.42,0.));
#4876 = ( GEOMETRIC_REPRESENTATION_CONTEXT(2) 
PARAMETRIC_REPRESENTATION_CONTEXT() REPRESENTATION_CONTEXT('2D SPACE',''
  ) );
#4877 = PCURVE('',#4826,#4878);
#4878 = DEFINITIONAL_REPRESENTATION('',(#4879),#4883);
#4879 = LINE('',#4880,#4881);
#4880 = CARTESIAN_POINT('',(18.00000876184,-0.399605522586));
#4881 = VECTOR('',#4882,1.);
#4882 = DIRECTION('',(4.440061362072E-02,0.999013806466));
#4883 = ( GEOMETRIC_REPRESENTATION_CONTEXT(2) 
PARAMETRIC_REPRESENTATION_CONTEXT() REPRESENTATION_CONTEXT('2D SPACE',''
  ) );
#4884 = ORIENTED_EDGE('',*,*,#4885,.T.);
#4885 = EDGE_CURVE('',#4864,#3142,#4886,.T.);
#4886 = SURFACE_CURVE('',#4887,(#4890,#4897),.PCURVE_S1.);
#4887 = B_SPLINE_CURVE_WITH_KNOTS('',1,(#4888,#4889),.UNSPECIFIED.,.F.,
  .F.,(2,2),(0.,1.),.PIECEWISE_BEZIER_KNOTS.);
#4888 = CARTESIAN_POINT('',(9.,-67.6,17.8));
#4889 = CARTESIAN_POINT('',(9.02,-67.58,18.3));
#4890 = PCURVE('',#3178,#4891);
#4891 = DEFINITIONAL_REPRESENTATION('',(#4892),#4896);
#4892 = LINE('',#4893,#4894);
#4893 = CARTESIAN_POINT('',(0.42,0.));
#4894 = VECTOR('',#4895,1.);
#4895 = DIRECTION('',(0.,1.));
#4896 = ( GEOMETRIC_REPRESENTATION_CONTEXT(2) 
PARAMETRIC_REPRESENTATION_CONTEXT() REPRESENTATION_CONTEXT('2D SPACE',''
  ) );
#4897 = PCURVE('',#3155,#4898);
#4898 = DEFINITIONAL_REPRESENTATION('',(#4899),#4903);
#4899 = LINE('',#4900,#4901);
#4900 = CARTESIAN_POINT('',(-9.02,0.));
#4901 = VECTOR('',#4902,1.);
#4902 = DIRECTION('',(0.,1.));
#4903 = ( GEOMETRIC_REPRESENTATION_CONTEXT(2) 
PARAMETRIC_REPRESENTATION_CONTEXT() REPRESENTATION_CONTEXT('2D SPACE',''
  ) );
#4904 = ORIENTED_EDGE('',*,*,#3166,.T.);
#4905 = ADVANCED_FACE('',(#4906),#3155,.F.);
#4906 = FACE_BOUND('',#4907,.F.);
#4907 = EDGE_LOOP('',(#4908,#4930,#4950,#4951));
#4908 = ORIENTED_EDGE('',*,*,#4909,.F.);
#4909 = EDGE_CURVE('',#4910,#4864,#4912,.T.);
#4910 = VERTEX_POINT('',#4911);
#4911 = CARTESIAN_POINT('',(-9.,-67.6,17.8));
#4912 = SURFACE_CURVE('',#4913,(#4917,#4923),.PCURVE_S1.);
#4913 = LINE('',#4914,#4915);
#4914 = CARTESIAN_POINT('',(0.,-67.6,17.8));
#4915 = VECTOR('',#4916,1.);
#4916 = DIRECTION('',(1.,0.,0.));
#4917 = PCURVE('',#3155,#4918);
#4918 = DEFINITIONAL_REPRESENTATION('',(#4919),#4922);
#4919 = B_SPLINE_CURVE_WITH_KNOTS('',1,(#4920,#4921),.UNSPECIFIED.,.F.,
  .F.,(2,2),(-9.,9.),.PIECEWISE_BEZIER_KNOTS.);
#4920 = CARTESIAN_POINT('',(9.02,0.));
#4921 = CARTESIAN_POINT('',(-9.02,0.));
#4922 = ( GEOMETRIC_REPRESENTATION_CONTEXT(2) 
PARAMETRIC_REPRESENTATION_CONTEXT() REPRESENTATION_CONTEXT('2D SPACE',''
  ) );
#4923 = PCURVE('',#4826,#4924);
#4924 = DEFINITIONAL_REPRESENTATION('',(#4925),#4929);
#4925 = LINE('',#4926,#4927);
#4926 = CARTESIAN_POINT('',(9.026644749092,0.399605522586));
#4927 = VECTOR('',#4928,1.);
#4928 = DIRECTION('',(0.999013806466,-4.440061362072E-02));
#4929 = ( GEOMETRIC_REPRESENTATION_CONTEXT(2) 
PARAMETRIC_REPRESENTATION_CONTEXT() REPRESENTATION_CONTEXT('2D SPACE',''
  ) );
#4930 = ORIENTED_EDGE('',*,*,#4931,.T.);
#4931 = EDGE_CURVE('',#4910,#3117,#4932,.T.);
#4932 = SURFACE_CURVE('',#4933,(#4936,#4943),.PCURVE_S1.);
#4933 = B_SPLINE_CURVE_WITH_KNOTS('',1,(#4934,#4935),.UNSPECIFIED.,.F.,
  .F.,(2,2),(0.,1.),.PIECEWISE_BEZIER_KNOTS.);
#4934 = CARTESIAN_POINT('',(-9.,-67.6,17.8));
#4935 = CARTESIAN_POINT('',(-9.02,-67.58,18.3));
#4936 = PCURVE('',#3155,#4937);
#4937 = DEFINITIONAL_REPRESENTATION('',(#4938),#4942);
#4938 = LINE('',#4939,#4940);
#4939 = CARTESIAN_POINT('',(9.02,0.));
#4940 = VECTOR('',#4941,1.);
#4941 = DIRECTION('',(0.,1.));
#4942 = ( GEOMETRIC_REPRESENTATION_CONTEXT(2) 
PARAMETRIC_REPRESENTATION_CONTEXT() REPRESENTATION_CONTEXT('2D SPACE',''
  ) );
#4943 = PCURVE('',#3130,#4944);
#4944 = DEFINITIONAL_REPRESENTATION('',(#4945),#4949);
#4945 = LINE('',#4946,#4947);
#4946 = CARTESIAN_POINT('',(-0.42,0.));
#4947 = VECTOR('',#4948,1.);
#4948 = DIRECTION('',(0.,1.));
#4949 = ( GEOMETRIC_REPRESENTATION_CONTEXT(2) 
PARAMETRIC_REPRESENTATION_CONTEXT() REPRESENTATION_CONTEXT('2D SPACE',''
  ) );
#4950 = ORIENTED_EDGE('',*,*,#3141,.T.);
#4951 = ORIENTED_EDGE('',*,*,#4885,.F.);
#4952 = ADVANCED_FACE('',(#4953),#3130,.F.);
#4953 = FACE_BOUND('',#4954,.F.);
#4954 = EDGE_LOOP('',(#4955,#4975,#4976,#4977));
#4955 = ORIENTED_EDGE('',*,*,#4956,.F.);
#4956 = EDGE_CURVE('',#4790,#4910,#4957,.T.);
#4957 = SURFACE_CURVE('',#4958,(#4962,#4968),.PCURVE_S1.);
#4958 = LINE('',#4959,#4960);
#4959 = CARTESIAN_POINT('',(-9.,-68.,17.8));
#4960 = VECTOR('',#4961,1.);
#4961 = DIRECTION('',(0.,1.,0.));
#4962 = PCURVE('',#3130,#4963);
#4963 = DEFINITIONAL_REPRESENTATION('',(#4964),#4967);
#4964 = B_SPLINE_CURVE_WITH_KNOTS('',1,(#4965,#4966),.UNSPECIFIED.,.F.,
  .F.,(2,2),(-0.4,0.4),.PIECEWISE_BEZIER_KNOTS.);
#4965 = CARTESIAN_POINT('',(0.42,0.));
#4966 = CARTESIAN_POINT('',(-0.42,0.));
#4967 = ( GEOMETRIC_REPRESENTATION_CONTEXT(2) 
PARAMETRIC_REPRESENTATION_CONTEXT() REPRESENTATION_CONTEXT('2D SPACE',''
  ) );
#4968 = PCURVE('',#4826,#4969);
#4969 = DEFINITIONAL_REPRESENTATION('',(#4970),#4974);
#4970 = LINE('',#4971,#4972);
#4971 = CARTESIAN_POINT('',(1.776024544829E-02,0.399605522586));
#4972 = VECTOR('',#4973,1.);
#4973 = DIRECTION('',(4.440061362072E-02,0.999013806466));
#4974 = ( GEOMETRIC_REPRESENTATION_CONTEXT(2) 
PARAMETRIC_REPRESENTATION_CONTEXT() REPRESENTATION_CONTEXT('2D SPACE',''
  ) );
#4975 = ORIENTED_EDGE('',*,*,#4789,.T.);
#4976 = ORIENTED_EDGE('',*,*,#3116,.T.);
#4977 = ORIENTED_EDGE('',*,*,#4931,.F.);
#4978 = ADVANCED_FACE('',(#4979),#3207,.F.);
#4979 = FACE_BOUND('',#4980,.F.);
#4980 = EDGE_LOOP('',(#4981,#5003,#5030,#5050));
#4981 = ORIENTED_EDGE('',*,*,#4982,.F.);
#4982 = EDGE_CURVE('',#4983,#3194,#4985,.T.);
#4983 = VERTEX_POINT('',#4984);
#4984 = CARTESIAN_POINT('',(-9.,-66.4,17.8));
#4985 = SURFACE_CURVE('',#4986,(#4989,#4996),.PCURVE_S1.);
#4986 = B_SPLINE_CURVE_WITH_KNOTS('',1,(#4987,#4988),.UNSPECIFIED.,.F.,
  .F.,(2,2),(0.,1.),.PIECEWISE_BEZIER_KNOTS.);
#4987 = CARTESIAN_POINT('',(-9.,-66.4,17.8));
#4988 = CARTESIAN_POINT('',(-9.02,-66.42,18.3));
#4989 = PCURVE('',#3207,#4990);
#4990 = DEFINITIONAL_REPRESENTATION('',(#4991),#4995);
#4991 = LINE('',#4992,#4993);
#4992 = CARTESIAN_POINT('',(-9.02,0.));
#4993 = VECTOR('',#4994,1.);
#4994 = DIRECTION('',(0.,1.));
#4995 = ( GEOMETRIC_REPRESENTATION_CONTEXT(2) 
PARAMETRIC_REPRESENTATION_CONTEXT() REPRESENTATION_CONTEXT('2D SPACE',''
  ) );
#4996 = PCURVE('',#3232,#4997);
#4997 = DEFINITIONAL_REPRESENTATION('',(#4998),#5002);
#4998 = LINE('',#4999,#5000);
#4999 = CARTESIAN_POINT('',(0.42,0.));
#5000 = VECTOR('',#5001,1.);
#5001 = DIRECTION('',(0.,1.));
#5002 = ( GEOMETRIC_REPRESENTATION_CONTEXT(2) 
PARAMETRIC_REPRESENTATION_CONTEXT() REPRESENTATION_CONTEXT('2D SPACE',''
  ) );
#5003 = ORIENTED_EDGE('',*,*,#5004,.T.);
#5004 = EDGE_CURVE('',#4983,#5005,#5007,.T.);
#5005 = VERTEX_POINT('',#5006);
#5006 = CARTESIAN_POINT('',(9.,-66.4,17.8));
#5007 = SURFACE_CURVE('',#5008,(#5012,#5018),.PCURVE_S1.);
#5008 = LINE('',#5009,#5010);
#5009 = CARTESIAN_POINT('',(0.,-66.4,17.8));
#5010 = VECTOR('',#5011,1.);
#5011 = DIRECTION('',(1.,0.,0.));
#5012 = PCURVE('',#3207,#5013);
#5013 = DEFINITIONAL_REPRESENTATION('',(#5014),#5017);
#5014 = B_SPLINE_CURVE_WITH_KNOTS('',1,(#5015,#5016),.UNSPECIFIED.,.F.,
  .F.,(2,2),(-9.,9.),.PIECEWISE_BEZIER_KNOTS.);
#5015 = CARTESIAN_POINT('',(-9.02,0.));
#5016 = CARTESIAN_POINT('',(9.02,0.));
#5017 = ( GEOMETRIC_REPRESENTATION_CONTEXT(2) 
PARAMETRIC_REPRESENTATION_CONTEXT() REPRESENTATION_CONTEXT('2D SPACE',''
  ) );
#5018 = PCURVE('',#5019,#5024);
#5019 = PLANE('',#5020);
#5020 = AXIS2_PLACEMENT_3D('',#5021,#5022,#5023);
#5021 = CARTESIAN_POINT('',(-9.,-66.4,17.8));
#5022 = DIRECTION('',(0.,0.,1.));
#5023 = DIRECTION('',(0.999013806466,4.440061362072E-02,-0.));
#5024 = DEFINITIONAL_REPRESENTATION('',(#5025),#5029);
#5025 = LINE('',#5026,#5027);
#5026 = CARTESIAN_POINT('',(8.991124258196,-0.399605522586));
#5027 = VECTOR('',#5028,1.);
#5028 = DIRECTION('',(0.999013806466,-4.440061362072E-02));
#5029 = ( GEOMETRIC_REPRESENTATION_CONTEXT(2) 
PARAMETRIC_REPRESENTATION_CONTEXT() REPRESENTATION_CONTEXT('2D SPACE',''
  ) );
#5030 = ORIENTED_EDGE('',*,*,#5031,.T.);
#5031 = EDGE_CURVE('',#5005,#3192,#5032,.T.);
#5032 = SURFACE_CURVE('',#5033,(#5036,#5043),.PCURVE_S1.);
#5033 = B_SPLINE_CURVE_WITH_KNOTS('',1,(#5034,#5035),.UNSPECIFIED.,.F.,
  .F.,(2,2),(0.,1.),.PIECEWISE_BEZIER_KNOTS.);
#5034 = CARTESIAN_POINT('',(9.,-66.4,17.8));
#5035 = CARTESIAN_POINT('',(9.02,-66.42,18.3));
#5036 = PCURVE('',#3207,#5037);
#5037 = DEFINITIONAL_REPRESENTATION('',(#5038),#5042);
#5038 = LINE('',#5039,#5040);
#5039 = CARTESIAN_POINT('',(9.02,0.));
#5040 = VECTOR('',#5041,1.);
#5041 = DIRECTION('',(0.,1.));
#5042 = ( GEOMETRIC_REPRESENTATION_CONTEXT(2) 
PARAMETRIC_REPRESENTATION_CONTEXT() REPRESENTATION_CONTEXT('2D SPACE',''
  ) );
#5043 = PCURVE('',#3280,#5044);
#5044 = DEFINITIONAL_REPRESENTATION('',(#5045),#5049);
#5045 = LINE('',#5046,#5047);
#5046 = CARTESIAN_POINT('',(-0.42,0.));
#5047 = VECTOR('',#5048,1.);
#5048 = DIRECTION('',(0.,1.));
#5049 = ( GEOMETRIC_REPRESENTATION_CONTEXT(2) 
PARAMETRIC_REPRESENTATION_CONTEXT() REPRESENTATION_CONTEXT('2D SPACE',''
  ) );
#5050 = ORIENTED_EDGE('',*,*,#3191,.T.);
#5051 = ADVANCED_FACE('',(#5052),#3280,.F.);
#5052 = FACE_BOUND('',#5053,.F.);
#5053 = EDGE_LOOP('',(#5054,#5055,#5077,#5097));
#5054 = ORIENTED_EDGE('',*,*,#5031,.F.);
#5055 = ORIENTED_EDGE('',*,*,#5056,.T.);
#5056 = EDGE_CURVE('',#5005,#5057,#5059,.T.);
#5057 = VERTEX_POINT('',#5058);
#5058 = CARTESIAN_POINT('',(9.,-65.6,17.8));
#5059 = SURFACE_CURVE('',#5060,(#5064,#5070),.PCURVE_S1.);
#5060 = LINE('',#5061,#5062);
#5061 = CARTESIAN_POINT('',(9.,-66.,17.8));
#5062 = VECTOR('',#5063,1.);
#5063 = DIRECTION('',(0.,1.,0.));
#5064 = PCURVE('',#3280,#5065);
#5065 = DEFINITIONAL_REPRESENTATION('',(#5066),#5069);
#5066 = B_SPLINE_CURVE_WITH_KNOTS('',1,(#5067,#5068),.UNSPECIFIED.,.F.,
  .F.,(2,2),(-0.4,0.4),.PIECEWISE_BEZIER_KNOTS.);
#5067 = CARTESIAN_POINT('',(-0.42,0.));
#5068 = CARTESIAN_POINT('',(0.42,0.));
#5069 = ( GEOMETRIC_REPRESENTATION_CONTEXT(2) 
PARAMETRIC_REPRESENTATION_CONTEXT() REPRESENTATION_CONTEXT('2D SPACE',''
  ) );
#5070 = PCURVE('',#5019,#5071);
#5071 = DEFINITIONAL_REPRESENTATION('',(#5072),#5076);
#5072 = LINE('',#5073,#5074);
#5073 = CARTESIAN_POINT('',(18.00000876184,-0.399605522586));
#5074 = VECTOR('',#5075,1.);
#5075 = DIRECTION('',(4.440061362072E-02,0.999013806466));
#5076 = ( GEOMETRIC_REPRESENTATION_CONTEXT(2) 
PARAMETRIC_REPRESENTATION_CONTEXT() REPRESENTATION_CONTEXT('2D SPACE',''
  ) );
#5077 = ORIENTED_EDGE('',*,*,#5078,.T.);
#5078 = EDGE_CURVE('',#5057,#3244,#5079,.T.);
#5079 = SURFACE_CURVE('',#5080,(#5083,#5090),.PCURVE_S1.);
#5080 = B_SPLINE_CURVE_WITH_KNOTS('',1,(#5081,#5082),.UNSPECIFIED.,.F.,
  .F.,(2,2),(0.,1.),.PIECEWISE_BEZIER_KNOTS.);
#5081 = CARTESIAN_POINT('',(9.,-65.6,17.8));
#5082 = CARTESIAN_POINT('',(9.02,-65.58,18.3));
#5083 = PCURVE('',#3280,#5084);
#5084 = DEFINITIONAL_REPRESENTATION('',(#5085),#5089);
#5085 = LINE('',#5086,#5087);
#5086 = CARTESIAN_POINT('',(0.42,0.));
#5087 = VECTOR('',#5088,1.);
#5088 = DIRECTION('',(0.,1.));
#5089 = ( GEOMETRIC_REPRESENTATION_CONTEXT(2) 
PARAMETRIC_REPRESENTATION_CONTEXT() REPRESENTATION_CONTEXT('2D SPACE',''
  ) );
#5090 = PCURVE('',#3257,#5091);
#5091 = DEFINITIONAL_REPRESENTATION('',(#5092),#5096);
#5092 = LINE('',#5093,#5094);
#5093 = CARTESIAN_POINT('',(-9.02,0.));
#5094 = VECTOR('',#5095,1.);
#5095 = DIRECTION('',(0.,1.));
#5096 = ( GEOMETRIC_REPRESENTATION_CONTEXT(2) 
PARAMETRIC_REPRESENTATION_CONTEXT() REPRESENTATION_CONTEXT('2D SPACE',''
  ) );
#5097 = ORIENTED_EDGE('',*,*,#3268,.T.);
#5098 = ADVANCED_FACE('',(#5099),#3232,.F.);
#5099 = FACE_BOUND('',#5100,.F.);
#5100 = EDGE_LOOP('',(#5101,#5123,#5124,#5125));
#5101 = ORIENTED_EDGE('',*,*,#5102,.F.);
#5102 = EDGE_CURVE('',#4983,#5103,#5105,.T.);
#5103 = VERTEX_POINT('',#5104);
#5104 = CARTESIAN_POINT('',(-9.,-65.6,17.8));
#5105 = SURFACE_CURVE('',#5106,(#5110,#5116),.PCURVE_S1.);
#5106 = LINE('',#5107,#5108);
#5107 = CARTESIAN_POINT('',(-9.,-66.,17.8));
#5108 = VECTOR('',#5109,1.);
#5109 = DIRECTION('',(0.,1.,0.));
#5110 = PCURVE('',#3232,#5111);
#5111 = DEFINITIONAL_REPRESENTATION('',(#5112),#5115);
#5112 = B_SPLINE_CURVE_WITH_KNOTS('',1,(#5113,#5114),.UNSPECIFIED.,.F.,
  .F.,(2,2),(-0.4,0.4),.PIECEWISE_BEZIER_KNOTS.);
#5113 = CARTESIAN_POINT('',(0.42,0.));
#5114 = CARTESIAN_POINT('',(-0.42,0.));
#5115 = ( GEOMETRIC_REPRESENTATION_CONTEXT(2) 
PARAMETRIC_REPRESENTATION_CONTEXT() REPRESENTATION_CONTEXT('2D SPACE',''
  ) );
#5116 = PCURVE('',#5019,#5117);
#5117 = DEFINITIONAL_REPRESENTATION('',(#5118),#5122);
#5118 = LINE('',#5119,#5120);
#5119 = CARTESIAN_POINT('',(1.776024544829E-02,0.399605522586));
#5120 = VECTOR('',#5121,1.);
#5121 = DIRECTION('',(4.440061362072E-02,0.999013806466));
#5122 = ( GEOMETRIC_REPRESENTATION_CONTEXT(2) 
PARAMETRIC_REPRESENTATION_CONTEXT() REPRESENTATION_CONTEXT('2D SPACE',''
  ) );
#5123 = ORIENTED_EDGE('',*,*,#4982,.T.);
#5124 = ORIENTED_EDGE('',*,*,#3218,.T.);
#5125 = ORIENTED_EDGE('',*,*,#5126,.F.);
#5126 = EDGE_CURVE('',#5103,#3219,#5127,.T.);
#5127 = SURFACE_CURVE('',#5128,(#5131,#5138),.PCURVE_S1.);
#5128 = B_SPLINE_CURVE_WITH_KNOTS('',1,(#5129,#5130),.UNSPECIFIED.,.F.,
  .F.,(2,2),(0.,1.),.PIECEWISE_BEZIER_KNOTS.);
#5129 = CARTESIAN_POINT('',(-9.,-65.6,17.8));
#5130 = CARTESIAN_POINT('',(-9.02,-65.58,18.3));
#5131 = PCURVE('',#3232,#5132);
#5132 = DEFINITIONAL_REPRESENTATION('',(#5133),#5137);
#5133 = LINE('',#5134,#5135);
#5134 = CARTESIAN_POINT('',(-0.42,0.));
#5135 = VECTOR('',#5136,1.);
#5136 = DIRECTION('',(0.,1.));
#5137 = ( GEOMETRIC_REPRESENTATION_CONTEXT(2) 
PARAMETRIC_REPRESENTATION_CONTEXT() REPRESENTATION_CONTEXT('2D SPACE',''
  ) );
#5138 = PCURVE('',#3257,#5139);
#5139 = DEFINITIONAL_REPRESENTATION('',(#5140),#5144);
#5140 = LINE('',#5141,#5142);
#5141 = CARTESIAN_POINT('',(9.02,0.));
#5142 = VECTOR('',#5143,1.);
#5143 = DIRECTION('',(0.,1.));
#5144 = ( GEOMETRIC_REPRESENTATION_CONTEXT(2) 
PARAMETRIC_REPRESENTATION_CONTEXT() REPRESENTATION_CONTEXT('2D SPACE',''
  ) );
#5145 = ADVANCED_FACE('',(#5146),#3257,.F.);
#5146 = FACE_BOUND('',#5147,.F.);
#5147 = EDGE_LOOP('',(#5148,#5168,#5169,#5170));
#5148 = ORIENTED_EDGE('',*,*,#5149,.F.);
#5149 = EDGE_CURVE('',#5103,#5057,#5150,.T.);
#5150 = SURFACE_CURVE('',#5151,(#5155,#5161),.PCURVE_S1.);
#5151 = LINE('',#5152,#5153);
#5152 = CARTESIAN_POINT('',(0.,-65.6,17.8));
#5153 = VECTOR('',#5154,1.);
#5154 = DIRECTION('',(1.,0.,0.));
#5155 = PCURVE('',#3257,#5156);
#5156 = DEFINITIONAL_REPRESENTATION('',(#5157),#5160);
#5157 = B_SPLINE_CURVE_WITH_KNOTS('',1,(#5158,#5159),.UNSPECIFIED.,.F.,
  .F.,(2,2),(-9.,9.),.PIECEWISE_BEZIER_KNOTS.);
#5158 = CARTESIAN_POINT('',(9.02,0.));
#5159 = CARTESIAN_POINT('',(-9.02,0.));
#5160 = ( GEOMETRIC_REPRESENTATION_CONTEXT(2) 
PARAMETRIC_REPRESENTATION_CONTEXT() REPRESENTATION_CONTEXT('2D SPACE',''
  ) );
#5161 = PCURVE('',#5019,#5162);
#5162 = DEFINITIONAL_REPRESENTATION('',(#5163),#5167);
#5163 = LINE('',#5164,#5165);
#5164 = CARTESIAN_POINT('',(9.026644749092,0.399605522586));
#5165 = VECTOR('',#5166,1.);
#5166 = DIRECTION('',(0.999013806466,-4.440061362072E-02));
#5167 = ( GEOMETRIC_REPRESENTATION_CONTEXT(2) 
PARAMETRIC_REPRESENTATION_CONTEXT() REPRESENTATION_CONTEXT('2D SPACE',''
  ) );
#5168 = ORIENTED_EDGE('',*,*,#5126,.T.);
#5169 = ORIENTED_EDGE('',*,*,#3243,.T.);
#5170 = ORIENTED_EDGE('',*,*,#5078,.F.);
#5171 = ADVANCED_FACE('',(#5172),#3309,.F.);
#5172 = FACE_BOUND('',#5173,.F.);
#5173 = EDGE_LOOP('',(#5174,#5196,#5223,#5243));
#5174 = ORIENTED_EDGE('',*,*,#5175,.F.);
#5175 = EDGE_CURVE('',#5176,#3296,#5178,.T.);
#5176 = VERTEX_POINT('',#5177);
#5177 = CARTESIAN_POINT('',(-9.,-64.4,17.8));
#5178 = SURFACE_CURVE('',#5179,(#5182,#5189),.PCURVE_S1.);
#5179 = B_SPLINE_CURVE_WITH_KNOTS('',1,(#5180,#5181),.UNSPECIFIED.,.F.,
  .F.,(2,2),(0.,1.),.PIECEWISE_BEZIER_KNOTS.);
#5180 = CARTESIAN_POINT('',(-9.,-64.4,17.8));
#5181 = CARTESIAN_POINT('',(-9.02,-64.42,18.3));
#5182 = PCURVE('',#3309,#5183);
#5183 = DEFINITIONAL_REPRESENTATION('',(#5184),#5188);
#5184 = LINE('',#5185,#5186);
#5185 = CARTESIAN_POINT('',(-9.02,0.));
#5186 = VECTOR('',#5187,1.);
#5187 = DIRECTION('',(0.,1.));
#5188 = ( GEOMETRIC_REPRESENTATION_CONTEXT(2) 
PARAMETRIC_REPRESENTATION_CONTEXT() REPRESENTATION_CONTEXT('2D SPACE',''
  ) );
#5189 = PCURVE('',#3334,#5190);
#5190 = DEFINITIONAL_REPRESENTATION('',(#5191),#5195);
#5191 = LINE('',#5192,#5193);
#5192 = CARTESIAN_POINT('',(0.42,0.));
#5193 = VECTOR('',#5194,1.);
#5194 = DIRECTION('',(0.,1.));
#5195 = ( GEOMETRIC_REPRESENTATION_CONTEXT(2) 
PARAMETRIC_REPRESENTATION_CONTEXT() REPRESENTATION_CONTEXT('2D SPACE',''
  ) );
#5196 = ORIENTED_EDGE('',*,*,#5197,.T.);
#5197 = EDGE_CURVE('',#5176,#5198,#5200,.T.);
#5198 = VERTEX_POINT('',#5199);
#5199 = CARTESIAN_POINT('',(9.,-64.4,17.8));
#5200 = SURFACE_CURVE('',#5201,(#5205,#5211),.PCURVE_S1.);
#5201 = LINE('',#5202,#5203);
#5202 = CARTESIAN_POINT('',(0.,-64.4,17.8));
#5203 = VECTOR('',#5204,1.);
#5204 = DIRECTION('',(1.,0.,0.));
#5205 = PCURVE('',#3309,#5206);
#5206 = DEFINITIONAL_REPRESENTATION('',(#5207),#5210);
#5207 = B_SPLINE_CURVE_WITH_KNOTS('',1,(#5208,#5209),.UNSPECIFIED.,.F.,
  .F.,(2,2),(-9.,9.),.PIECEWISE_BEZIER_KNOTS.);
#5208 = CARTESIAN_POINT('',(-9.02,0.));
#5209 = CARTESIAN_POINT('',(9.02,0.));
#5210 = ( GEOMETRIC_REPRESENTATION_CONTEXT(2) 
PARAMETRIC_REPRESENTATION_CONTEXT() REPRESENTATION_CONTEXT('2D SPACE',''
  ) );
#5211 = PCURVE('',#5212,#5217);
#5212 = PLANE('',#5213);
#5213 = AXIS2_PLACEMENT_3D('',#5214,#5215,#5216);
#5214 = CARTESIAN_POINT('',(-9.,-64.4,17.8));
#5215 = DIRECTION('',(0.,0.,1.));
#5216 = DIRECTION('',(0.999013806466,4.440061362072E-02,-0.));
#5217 = DEFINITIONAL_REPRESENTATION('',(#5218),#5222);
#5218 = LINE('',#5219,#5220);
#5219 = CARTESIAN_POINT('',(8.991124258196,-0.399605522586));
#5220 = VECTOR('',#5221,1.);
#5221 = DIRECTION('',(0.999013806466,-4.440061362072E-02));
#5222 = ( GEOMETRIC_REPRESENTATION_CONTEXT(2) 
PARAMETRIC_REPRESENTATION_CONTEXT() REPRESENTATION_CONTEXT('2D SPACE',''
  ) );
#5223 = ORIENTED_EDGE('',*,*,#5224,.T.);
#5224 = EDGE_CURVE('',#5198,#3294,#5225,.T.);
#5225 = SURFACE_CURVE('',#5226,(#5229,#5236),.PCURVE_S1.);
#5226 = B_SPLINE_CURVE_WITH_KNOTS('',1,(#5227,#5228),.UNSPECIFIED.,.F.,
  .F.,(2,2),(0.,1.),.PIECEWISE_BEZIER_KNOTS.);
#5227 = CARTESIAN_POINT('',(9.,-64.4,17.8));
#5228 = CARTESIAN_POINT('',(9.02,-64.42,18.3));
#5229 = PCURVE('',#3309,#5230);
#5230 = DEFINITIONAL_REPRESENTATION('',(#5231),#5235);
#5231 = LINE('',#5232,#5233);
#5232 = CARTESIAN_POINT('',(9.02,0.));
#5233 = VECTOR('',#5234,1.);
#5234 = DIRECTION('',(0.,1.));
#5235 = ( GEOMETRIC_REPRESENTATION_CONTEXT(2) 
PARAMETRIC_REPRESENTATION_CONTEXT() REPRESENTATION_CONTEXT('2D SPACE',''
  ) );
#5236 = PCURVE('',#3382,#5237);
#5237 = DEFINITIONAL_REPRESENTATION('',(#5238),#5242);
#5238 = LINE('',#5239,#5240);
#5239 = CARTESIAN_POINT('',(-0.42,0.));
#5240 = VECTOR('',#5241,1.);
#5241 = DIRECTION('',(0.,1.));
#5242 = ( GEOMETRIC_REPRESENTATION_CONTEXT(2) 
PARAMETRIC_REPRESENTATION_CONTEXT() REPRESENTATION_CONTEXT('2D SPACE',''
  ) );
#5243 = ORIENTED_EDGE('',*,*,#3293,.T.);
#5244 = ADVANCED_FACE('',(#5245),#3382,.F.);
#5245 = FACE_BOUND('',#5246,.F.);
#5246 = EDGE_LOOP('',(#5247,#5248,#5270,#5290));
#5247 = ORIENTED_EDGE('',*,*,#5224,.F.);
#5248 = ORIENTED_EDGE('',*,*,#5249,.T.);
#5249 = EDGE_CURVE('',#5198,#5250,#5252,.T.);
#5250 = VERTEX_POINT('',#5251);
#5251 = CARTESIAN_POINT('',(9.,-63.6,17.8));
#5252 = SURFACE_CURVE('',#5253,(#5257,#5263),.PCURVE_S1.);
#5253 = LINE('',#5254,#5255);
#5254 = CARTESIAN_POINT('',(9.,-64.,17.8));
#5255 = VECTOR('',#5256,1.);
#5256 = DIRECTION('',(0.,1.,0.));
#5257 = PCURVE('',#3382,#5258);
#5258 = DEFINITIONAL_REPRESENTATION('',(#5259),#5262);
#5259 = B_SPLINE_CURVE_WITH_KNOTS('',1,(#5260,#5261),.UNSPECIFIED.,.F.,
  .F.,(2,2),(-0.4,0.4),.PIECEWISE_BEZIER_KNOTS.);
#5260 = CARTESIAN_POINT('',(-0.42,0.));
#5261 = CARTESIAN_POINT('',(0.42,0.));
#5262 = ( GEOMETRIC_REPRESENTATION_CONTEXT(2) 
PARAMETRIC_REPRESENTATION_CONTEXT() REPRESENTATION_CONTEXT('2D SPACE',''
  ) );
#5263 = PCURVE('',#5212,#5264);
#5264 = DEFINITIONAL_REPRESENTATION('',(#5265),#5269);
#5265 = LINE('',#5266,#5267);
#5266 = CARTESIAN_POINT('',(18.00000876184,-0.399605522586));
#5267 = VECTOR('',#5268,1.);
#5268 = DIRECTION('',(4.440061362072E-02,0.999013806466));
#5269 = ( GEOMETRIC_REPRESENTATION_CONTEXT(2) 
PARAMETRIC_REPRESENTATION_CONTEXT() REPRESENTATION_CONTEXT('2D SPACE',''
  ) );
#5270 = ORIENTED_EDGE('',*,*,#5271,.T.);
#5271 = EDGE_CURVE('',#5250,#3346,#5272,.T.);
#5272 = SURFACE_CURVE('',#5273,(#5276,#5283),.PCURVE_S1.);
#5273 = B_SPLINE_CURVE_WITH_KNOTS('',1,(#5274,#5275),.UNSPECIFIED.,.F.,
  .F.,(2,2),(0.,1.),.PIECEWISE_BEZIER_KNOTS.);
#5274 = CARTESIAN_POINT('',(9.,-63.6,17.8));
#5275 = CARTESIAN_POINT('',(9.02,-63.58,18.3));
#5276 = PCURVE('',#3382,#5277);
#5277 = DEFINITIONAL_REPRESENTATION('',(#5278),#5282);
#5278 = LINE('',#5279,#5280);
#5279 = CARTESIAN_POINT('',(0.42,0.));
#5280 = VECTOR('',#5281,1.);
#5281 = DIRECTION('',(0.,1.));
#5282 = ( GEOMETRIC_REPRESENTATION_CONTEXT(2) 
PARAMETRIC_REPRESENTATION_CONTEXT() REPRESENTATION_CONTEXT('2D SPACE',''
  ) );
#5283 = PCURVE('',#3359,#5284);
#5284 = DEFINITIONAL_REPRESENTATION('',(#5285),#5289);
#5285 = LINE('',#5286,#5287);
#5286 = CARTESIAN_POINT('',(-9.02,0.));
#5287 = VECTOR('',#5288,1.);
#5288 = DIRECTION('',(0.,1.));
#5289 = ( GEOMETRIC_REPRESENTATION_CONTEXT(2) 
PARAMETRIC_REPRESENTATION_CONTEXT() REPRESENTATION_CONTEXT('2D SPACE',''
  ) );
#5290 = ORIENTED_EDGE('',*,*,#3370,.T.);
#5291 = ADVANCED_FACE('',(#5292),#3334,.F.);
#5292 = FACE_BOUND('',#5293,.F.);
#5293 = EDGE_LOOP('',(#5294,#5316,#5317,#5318));
#5294 = ORIENTED_EDGE('',*,*,#5295,.F.);
#5295 = EDGE_CURVE('',#5176,#5296,#5298,.T.);
#5296 = VERTEX_POINT('',#5297);
#5297 = CARTESIAN_POINT('',(-9.,-63.6,17.8));
#5298 = SURFACE_CURVE('',#5299,(#5303,#5309),.PCURVE_S1.);
#5299 = LINE('',#5300,#5301);
#5300 = CARTESIAN_POINT('',(-9.,-64.,17.8));
#5301 = VECTOR('',#5302,1.);
#5302 = DIRECTION('',(0.,1.,0.));
#5303 = PCURVE('',#3334,#5304);
#5304 = DEFINITIONAL_REPRESENTATION('',(#5305),#5308);
#5305 = B_SPLINE_CURVE_WITH_KNOTS('',1,(#5306,#5307),.UNSPECIFIED.,.F.,
  .F.,(2,2),(-0.4,0.4),.PIECEWISE_BEZIER_KNOTS.);
#5306 = CARTESIAN_POINT('',(0.42,0.));
#5307 = CARTESIAN_POINT('',(-0.42,0.));
#5308 = ( GEOMETRIC_REPRESENTATION_CONTEXT(2) 
PARAMETRIC_REPRESENTATION_CONTEXT() REPRESENTATION_CONTEXT('2D SPACE',''
  ) );
#5309 = PCURVE('',#5212,#5310);
#5310 = DEFINITIONAL_REPRESENTATION('',(#5311),#5315);
#5311 = LINE('',#5312,#5313);
#5312 = CARTESIAN_POINT('',(1.776024544829E-02,0.399605522586));
#5313 = VECTOR('',#5314,1.);
#5314 = DIRECTION('',(4.440061362072E-02,0.999013806466));
#5315 = ( GEOMETRIC_REPRESENTATION_CONTEXT(2) 
PARAMETRIC_REPRESENTATION_CONTEXT() REPRESENTATION_CONTEXT('2D SPACE',''
  ) );
#5316 = ORIENTED_EDGE('',*,*,#5175,.T.);
#5317 = ORIENTED_EDGE('',*,*,#3320,.T.);
#5318 = ORIENTED_EDGE('',*,*,#5319,.F.);
#5319 = EDGE_CURVE('',#5296,#3321,#5320,.T.);
#5320 = SURFACE_CURVE('',#5321,(#5324,#5331),.PCURVE_S1.);
#5321 = B_SPLINE_CURVE_WITH_KNOTS('',1,(#5322,#5323),.UNSPECIFIED.,.F.,
  .F.,(2,2),(0.,1.),.PIECEWISE_BEZIER_KNOTS.);
#5322 = CARTESIAN_POINT('',(-9.,-63.6,17.8));
#5323 = CARTESIAN_POINT('',(-9.02,-63.58,18.3));
#5324 = PCURVE('',#3334,#5325);
#5325 = DEFINITIONAL_REPRESENTATION('',(#5326),#5330);
#5326 = LINE('',#5327,#5328);
#5327 = CARTESIAN_POINT('',(-0.42,0.));
#5328 = VECTOR('',#5329,1.);
#5329 = DIRECTION('',(0.,1.));
#5330 = ( GEOMETRIC_REPRESENTATION_CONTEXT(2) 
PARAMETRIC_REPRESENTATION_CONTEXT() REPRESENTATION_CONTEXT('2D SPACE',''
  ) );
#5331 = PCURVE('',#3359,#5332);
#5332 = DEFINITIONAL_REPRESENTATION('',(#5333),#5337);
#5333 = LINE('',#5334,#5335);
#5334 = CARTESIAN_POINT('',(9.02,0.));
#5335 = VECTOR('',#5336,1.);
#5336 = DIRECTION('',(0.,1.));
#5337 = ( GEOMETRIC_REPRESENTATION_CONTEXT(2) 
PARAMETRIC_REPRESENTATION_CONTEXT() REPRESENTATION_CONTEXT('2D SPACE',''
  ) );
#5338 = ADVANCED_FACE('',(#5339),#3359,.F.);
#5339 = FACE_BOUND('',#5340,.F.);
#5340 = EDGE_LOOP('',(#5341,#5361,#5362,#5363));
#5341 = ORIENTED_EDGE('',*,*,#5342,.F.);
#5342 = EDGE_CURVE('',#5296,#5250,#5343,.T.);
#5343 = SURFACE_CURVE('',#5344,(#5348,#5354),.PCURVE_S1.);
#5344 = LINE('',#5345,#5346);
#5345 = CARTESIAN_POINT('',(0.,-63.6,17.8));
#5346 = VECTOR('',#5347,1.);
#5347 = DIRECTION('',(1.,0.,0.));
#5348 = PCURVE('',#3359,#5349);
#5349 = DEFINITIONAL_REPRESENTATION('',(#5350),#5353);
#5350 = B_SPLINE_CURVE_WITH_KNOTS('',1,(#5351,#5352),.UNSPECIFIED.,.F.,
  .F.,(2,2),(-9.,9.),.PIECEWISE_BEZIER_KNOTS.);
#5351 = CARTESIAN_POINT('',(9.02,0.));
#5352 = CARTESIAN_POINT('',(-9.02,0.));
#5353 = ( GEOMETRIC_REPRESENTATION_CONTEXT(2) 
PARAMETRIC_REPRESENTATION_CONTEXT() REPRESENTATION_CONTEXT('2D SPACE',''
  ) );
#5354 = PCURVE('',#5212,#5355);
#5355 = DEFINITIONAL_REPRESENTATION('',(#5356),#5360);
#5356 = LINE('',#5357,#5358);
#5357 = CARTESIAN_POINT('',(9.026644749092,0.399605522586));
#5358 = VECTOR('',#5359,1.);
#5359 = DIRECTION('',(0.999013806466,-4.440061362072E-02));
#5360 = ( GEOMETRIC_REPRESENTATION_CONTEXT(2) 
PARAMETRIC_REPRESENTATION_CONTEXT() REPRESENTATION_CONTEXT('2D SPACE',''
  ) );
#5361 = ORIENTED_EDGE('',*,*,#5319,.T.);
#5362 = ORIENTED_EDGE('',*,*,#3345,.T.);
#5363 = ORIENTED_EDGE('',*,*,#5271,.F.);
#5364 = ADVANCED_FACE('',(#5365),#3660,.T.);
#5365 = FACE_BOUND('',#5366,.T.);
#5366 = EDGE_LOOP('',(#5367,#5387,#5388,#5389,#5411));
#5367 = ORIENTED_EDGE('',*,*,#5368,.F.);
#5368 = EDGE_CURVE('',#3621,#5369,#5371,.T.);
#5369 = VERTEX_POINT('',#5370);
#5370 = CARTESIAN_POINT('',(-7.04996511393,-25.05003488607,14.201));
#5371 = SURFACE_CURVE('',#5372,(#5375,#5381),.PCURVE_S1.);
#5372 = B_SPLINE_CURVE_WITH_KNOTS('',1,(#5373,#5374),.UNSPECIFIED.,.F.,
  .F.,(2,2),(0.,1.),.PIECEWISE_BEZIER_KNOTS.);
#5373 = CARTESIAN_POINT('',(-7.049965113929,-61.99996511393,14.201));
#5374 = CARTESIAN_POINT('',(-7.049965113929,-25.05003488607,14.201));
#5375 = PCURVE('',#3660,#5376);
#5376 = DEFINITIONAL_REPRESENTATION('',(#5377),#5380);
#5377 = B_SPLINE_CURVE_WITH_KNOTS('',1,(#5378,#5379),.UNSPECIFIED.,.F.,
  .F.,(2,2),(0.,1.),.PIECEWISE_BEZIER_KNOTS.);
#5378 = CARTESIAN_POINT('',(18.475,1.378359751896E-03));
#5379 = CARTESIAN_POINT('',(-18.475,1.378359751894E-03));
#5380 = ( GEOMETRIC_REPRESENTATION_CONTEXT(2) 
PARAMETRIC_REPRESENTATION_CONTEXT() REPRESENTATION_CONTEXT('2D SPACE',''
  ) );
#5381 = PCURVE('',#3635,#5382);
#5382 = DEFINITIONAL_REPRESENTATION('',(#5383),#5386);
#5383 = B_SPLINE_CURVE_WITH_KNOTS('',1,(#5384,#5385),.UNSPECIFIED.,.F.,
  .F.,(2,2),(0.,1.),.PIECEWISE_BEZIER_KNOTS.);
#5384 = CARTESIAN_POINT('',(4.503122973887E-05,-2.015599607574E-05));
#5385 = CARTESIAN_POINT('',(34.521895889764,13.173406017355));
#5386 = ( GEOMETRIC_REPRESENTATION_CONTEXT(2) 
PARAMETRIC_REPRESENTATION_CONTEXT() REPRESENTATION_CONTEXT('2D SPACE',''
  ) );
#5387 = ORIENTED_EDGE('',*,*,#3646,.T.);
#5388 = ORIENTED_EDGE('',*,*,#4685,.F.);
#5389 = ORIENTED_EDGE('',*,*,#5390,.T.);
#5390 = EDGE_CURVE('',#4686,#5391,#5393,.T.);
#5391 = VERTEX_POINT('',#5392);
#5392 = CARTESIAN_POINT('',(-7.024690155854,-25.07530984414,15.65));
#5393 = SURFACE_CURVE('',#5394,(#5398,#5404),.PCURVE_S1.);
#5394 = LINE('',#5395,#5396);
#5395 = CARTESIAN_POINT('',(-7.024690155854,-43.525,15.65));
#5396 = VECTOR('',#5397,1.);
#5397 = DIRECTION('',(0.,1.,0.));
#5398 = PCURVE('',#3660,#5399);
#5399 = DEFINITIONAL_REPRESENTATION('',(#5400),#5403);
#5400 = B_SPLINE_CURVE_WITH_KNOTS('',1,(#5401,#5402),.UNSPECIFIED.,.F.,
  .F.,(2,2),(-18.44969015585,18.449690155854),.PIECEWISE_BEZIER_KNOTS.);
#5401 = CARTESIAN_POINT('',(18.475,1.));
#5402 = CARTESIAN_POINT('',(-18.475,1.));
#5403 = ( GEOMETRIC_REPRESENTATION_CONTEXT(2) 
PARAMETRIC_REPRESENTATION_CONTEXT() REPRESENTATION_CONTEXT('2D SPACE',''
  ) );
#5404 = PCURVE('',#4737,#5405);
#5405 = DEFINITIONAL_REPRESENTATION('',(#5406),#5410);
#5406 = LINE('',#5407,#5408);
#5407 = CARTESIAN_POINT('',(17.242178881352,6.564932160385));
#5408 = VECTOR('',#5409,1.);
#5409 = DIRECTION('',(0.934551135314,0.355828857012));
#5410 = ( GEOMETRIC_REPRESENTATION_CONTEXT(2) 
PARAMETRIC_REPRESENTATION_CONTEXT() REPRESENTATION_CONTEXT('2D SPACE',''
  ) );
#5411 = ORIENTED_EDGE('',*,*,#5412,.F.);
#5412 = EDGE_CURVE('',#5369,#5391,#5413,.T.);
#5413 = SURFACE_CURVE('',#5414,(#5417,#5424),.PCURVE_S1.);
#5414 = B_SPLINE_CURVE_WITH_KNOTS('',1,(#5415,#5416),.UNSPECIFIED.,.F.,
  .F.,(2,2),(0.,1.),.PIECEWISE_BEZIER_KNOTS.);
#5415 = CARTESIAN_POINT('',(-7.05,-25.05,14.199));
#5416 = CARTESIAN_POINT('',(-7.024690155854,-25.07530984414,15.65));
#5417 = PCURVE('',#3660,#5418);
#5418 = DEFINITIONAL_REPRESENTATION('',(#5419),#5423);
#5419 = LINE('',#5420,#5421);
#5420 = CARTESIAN_POINT('',(-18.475,0.));
#5421 = VECTOR('',#5422,1.);
#5422 = DIRECTION('',(0.,1.));
#5423 = ( GEOMETRIC_REPRESENTATION_CONTEXT(2) 
PARAMETRIC_REPRESENTATION_CONTEXT() REPRESENTATION_CONTEXT('2D SPACE',''
  ) );
#5424 = PCURVE('',#5425,#5430);
#5425 = B_SPLINE_SURFACE_WITH_KNOTS('',1,1,(
    (#5426,#5427)
    ,(#5428,#5429
    )),.UNSPECIFIED.,.F.,.F.,.F.,(2,2),(2,2),(-7.05,7.05),(0.,1.),
  .PIECEWISE_BEZIER_KNOTS.);
#5426 = CARTESIAN_POINT('',(7.05,-25.05,14.199));
#5427 = CARTESIAN_POINT('',(7.024690155854,-25.07530984414,15.65));
#5428 = CARTESIAN_POINT('',(-7.05,-25.05,14.199));
#5429 = CARTESIAN_POINT('',(-7.024690155854,-25.07530984414,15.65));
#5430 = DEFINITIONAL_REPRESENTATION('',(#5431),#5435);
#5431 = LINE('',#5432,#5433);
#5432 = CARTESIAN_POINT('',(7.05,0.));
#5433 = VECTOR('',#5434,1.);
#5434 = DIRECTION('',(0.,1.));
#5435 = ( GEOMETRIC_REPRESENTATION_CONTEXT(2) 
PARAMETRIC_REPRESENTATION_CONTEXT() REPRESENTATION_CONTEXT('2D SPACE',''
  ) );
#5436 = ADVANCED_FACE('',(#5437),#3635,.T.);
#5437 = FACE_BOUND('',#5438,.T.);
#5438 = EDGE_LOOP('',(#5439,#5462,#5463,#5464,#5484,#5509,#5534,#5562));
#5439 = ORIENTED_EDGE('',*,*,#5440,.F.);
#5440 = EDGE_CURVE('',#3596,#5441,#5443,.T.);
#5441 = VERTEX_POINT('',#5442);
#5442 = CARTESIAN_POINT('',(-7.05,-25.05,14.201));
#5443 = SURFACE_CURVE('',#5444,(#5448,#5455),.PCURVE_S1.);
#5444 = LINE('',#5445,#5446);
#5445 = CARTESIAN_POINT('',(-7.05,-43.525,14.201));
#5446 = VECTOR('',#5447,1.);
#5447 = DIRECTION('',(0.,1.,0.));
#5448 = PCURVE('',#3635,#5449);
#5449 = DEFINITIONAL_REPRESENTATION('',(#5450),#5454);
#5450 = LINE('',#5451,#5452);
#5451 = CARTESIAN_POINT('',(17.26095802288,6.586725524293));
#5452 = VECTOR('',#5453,1.);
#5453 = DIRECTION('',(0.93428730841,0.356521002668));
#5454 = ( GEOMETRIC_REPRESENTATION_CONTEXT(2) 
PARAMETRIC_REPRESENTATION_CONTEXT() REPRESENTATION_CONTEXT('2D SPACE',''
  ) );
#5455 = PCURVE('',#3609,#5456);
#5456 = DEFINITIONAL_REPRESENTATION('',(#5457),#5461);
#5457 = LINE('',#5458,#5459);
#5458 = CARTESIAN_POINT('',(0.,1.));
#5459 = VECTOR('',#5460,1.);
#5460 = DIRECTION('',(-1.,0.));
#5461 = ( GEOMETRIC_REPRESENTATION_CONTEXT(2) 
PARAMETRIC_REPRESENTATION_CONTEXT() REPRESENTATION_CONTEXT('2D SPACE',''
  ) );
#5462 = ORIENTED_EDGE('',*,*,#3620,.T.);
#5463 = ORIENTED_EDGE('',*,*,#5368,.T.);
#5464 = ORIENTED_EDGE('',*,*,#5465,.T.);
#5465 = EDGE_CURVE('',#5369,#5466,#5468,.T.);
#5466 = VERTEX_POINT('',#5467);
#5467 = CARTESIAN_POINT('',(7.04996511393,-25.05003488607,14.201));
#5468 = SURFACE_CURVE('',#5469,(#5472,#5478),.PCURVE_S1.);
#5469 = B_SPLINE_CURVE_WITH_KNOTS('',1,(#5470,#5471),.UNSPECIFIED.,.F.,
  .F.,(2,2),(0.,1.),.PIECEWISE_BEZIER_KNOTS.);
#5470 = CARTESIAN_POINT('',(-7.049965113929,-25.05003488607,14.201));
#5471 = CARTESIAN_POINT('',(7.04996511393,-25.05003488607,14.201));
#5472 = PCURVE('',#3635,#5473);
#5473 = DEFINITIONAL_REPRESENTATION('',(#5474),#5477);
#5474 = B_SPLINE_CURVE_WITH_KNOTS('',1,(#5475,#5476),.UNSPECIFIED.,.F.,
  .F.,(2,2),(0.,1.),.PIECEWISE_BEZIER_KNOTS.);
#5475 = CARTESIAN_POINT('',(34.521895889764,13.173406017355));
#5476 = CARTESIAN_POINT('',(39.54881715215,2.015599607219E-05));
#5477 = ( GEOMETRIC_REPRESENTATION_CONTEXT(2) 
PARAMETRIC_REPRESENTATION_CONTEXT() REPRESENTATION_CONTEXT('2D SPACE',''
  ) );
#5478 = PCURVE('',#5425,#5479);
#5479 = DEFINITIONAL_REPRESENTATION('',(#5480),#5483);
#5480 = B_SPLINE_CURVE_WITH_KNOTS('',1,(#5481,#5482),.UNSPECIFIED.,.F.,
  .F.,(2,2),(0.,1.),.PIECEWISE_BEZIER_KNOTS.);
#5481 = CARTESIAN_POINT('',(7.05,1.378359751896E-03));
#5482 = CARTESIAN_POINT('',(-7.05,1.378359751894E-03));
#5483 = ( GEOMETRIC_REPRESENTATION_CONTEXT(2) 
PARAMETRIC_REPRESENTATION_CONTEXT() REPRESENTATION_CONTEXT('2D SPACE',''
  ) );
#5484 = ORIENTED_EDGE('',*,*,#5485,.T.);
#5485 = EDGE_CURVE('',#5466,#5486,#5488,.T.);
#5486 = VERTEX_POINT('',#5487);
#5487 = CARTESIAN_POINT('',(7.04996511393,-34.39996511237,14.201));
#5488 = SURFACE_CURVE('',#5489,(#5492,#5498),.PCURVE_S1.);
#5489 = B_SPLINE_CURVE_WITH_KNOTS('',1,(#5490,#5491),.UNSPECIFIED.,.F.,
  .F.,(2,2),(0.,1.),.PIECEWISE_BEZIER_KNOTS.);
#5490 = CARTESIAN_POINT('',(7.04996511393,-25.05003488607,14.201));
#5491 = CARTESIAN_POINT('',(7.04996511393,-61.99996511393,14.201));
#5492 = PCURVE('',#3635,#5493);
#5493 = DEFINITIONAL_REPRESENTATION('',(#5494),#5497);
#5494 = B_SPLINE_CURVE_WITH_KNOTS('',1,(#5495,#5496),.UNSPECIFIED.,.F.,
  .F.,(2,2),(0.,1.),.PIECEWISE_BEZIER_KNOTS.);
#5495 = CARTESIAN_POINT('',(39.54881715215,2.015599607219E-05));
#5496 = CARTESIAN_POINT('',(5.026966293616,-13.17340601735));
#5497 = ( GEOMETRIC_REPRESENTATION_CONTEXT(2) 
PARAMETRIC_REPRESENTATION_CONTEXT() REPRESENTATION_CONTEXT('2D SPACE',''
  ) );
#5498 = PCURVE('',#5499,#5504);
#5499 = B_SPLINE_SURFACE_WITH_KNOTS('',1,1,(
    (#5500,#5501)
    ,(#5502,#5503
    )),.UNSPECIFIED.,.F.,.F.,.F.,(2,2),(2,2),(-18.475,18.475),(0.,1.),
  .PIECEWISE_BEZIER_KNOTS.);
#5500 = CARTESIAN_POINT('',(7.05,-62.,14.199));
#5501 = CARTESIAN_POINT('',(7.024690155854,-61.97469015585,15.65));
#5502 = CARTESIAN_POINT('',(7.05,-25.05,14.199));
#5503 = CARTESIAN_POINT('',(7.024690155854,-25.07530984414,15.65));
#5504 = DEFINITIONAL_REPRESENTATION('',(#5505),#5508);
#5505 = B_SPLINE_CURVE_WITH_KNOTS('',1,(#5506,#5507),.UNSPECIFIED.,.F.,
  .F.,(2,2),(0.,1.),.PIECEWISE_BEZIER_KNOTS.);
#5506 = CARTESIAN_POINT('',(18.475,1.378359751896E-03));
#5507 = CARTESIAN_POINT('',(-18.475,1.378359751894E-03));
#5508 = ( GEOMETRIC_REPRESENTATION_CONTEXT(2) 
PARAMETRIC_REPRESENTATION_CONTEXT() REPRESENTATION_CONTEXT('2D SPACE',''
  ) );
#5509 = ORIENTED_EDGE('',*,*,#5510,.T.);
#5510 = EDGE_CURVE('',#5486,#5511,#5513,.T.);
#5511 = VERTEX_POINT('',#5512);
#5512 = CARTESIAN_POINT('',(7.05,-34.39996511237,14.201));
#5513 = SURFACE_CURVE('',#5514,(#5517,#5523),.PCURVE_S1.);
#5514 = B_SPLINE_CURVE_WITH_KNOTS('',1,(#5515,#5516),.UNSPECIFIED.,.F.,
  .F.,(2,2),(0.,1.),.PIECEWISE_BEZIER_KNOTS.);
#5515 = CARTESIAN_POINT('',(5.349965112378,-34.39996511237,14.201));
#5516 = CARTESIAN_POINT('',(7.350034887622,-34.39996511237,14.201));
#5517 = PCURVE('',#3635,#5518);
#5518 = DEFINITIONAL_REPRESENTATION('',(#5519),#5522);
#5519 = B_SPLINE_CURVE_WITH_KNOTS('',1,(#5520,#5521),.UNSPECIFIED.,.F.,
  .F.,(2,2),(0.,1.),.PIECEWISE_BEZIER_KNOTS.);
#5520 = CARTESIAN_POINT('',(30.207210302101,-1.745137917417));
#5521 = CARTESIAN_POINT('',(30.920277183776,-3.613777724362));
#5522 = ( GEOMETRIC_REPRESENTATION_CONTEXT(2) 
PARAMETRIC_REPRESENTATION_CONTEXT() REPRESENTATION_CONTEXT('2D SPACE',''
  ) );
#5523 = PCURVE('',#5524,#5529);
#5524 = B_SPLINE_SURFACE_WITH_KNOTS('',1,1,(
    (#5525,#5526)
    ,(#5527,#5528
    )),.UNSPECIFIED.,.F.,.F.,.F.,(2,2),(2,2),(-1.027055350639,
    1.027055350639),(0.,1.),.PIECEWISE_BEZIER_KNOTS.);
#5525 = CARTESIAN_POINT('',(7.35,-34.4,14.199));
#5526 = CARTESIAN_POINT('',(7.377055350639,-34.37294464936,15.75));
#5527 = CARTESIAN_POINT('',(5.35,-34.4,14.199));
#5528 = CARTESIAN_POINT('',(5.322944649361,-34.37294464936,15.75));
#5529 = DEFINITIONAL_REPRESENTATION('',(#5530),#5533);
#5530 = B_SPLINE_CURVE_WITH_KNOTS('',1,(#5531,#5532),.UNSPECIFIED.,.F.,
  .F.,(2,2),(0.,1.),.PIECEWISE_BEZIER_KNOTS.);
#5531 = CARTESIAN_POINT('',(1.027055350639,1.289490651192E-03));
#5532 = CARTESIAN_POINT('',(-1.027055350639,1.289490651192E-03));
#5533 = ( GEOMETRIC_REPRESENTATION_CONTEXT(2) 
PARAMETRIC_REPRESENTATION_CONTEXT() REPRESENTATION_CONTEXT('2D SPACE',''
  ) );
#5534 = ORIENTED_EDGE('',*,*,#5535,.T.);
#5535 = EDGE_CURVE('',#5511,#5536,#5538,.T.);
#5536 = VERTEX_POINT('',#5537);
#5537 = CARTESIAN_POINT('',(7.05,-25.05,14.201));
#5538 = SURFACE_CURVE('',#5539,(#5543,#5550),.PCURVE_S1.);
#5539 = LINE('',#5540,#5541);
#5540 = CARTESIAN_POINT('',(7.05,-43.525,14.201));
#5541 = VECTOR('',#5542,1.);
#5542 = DIRECTION('',(0.,1.,0.));
#5543 = PCURVE('',#3635,#5544);
#5544 = DEFINITIONAL_REPRESENTATION('',(#5545),#5549);
#5545 = LINE('',#5546,#5547);
#5546 = CARTESIAN_POINT('',(22.2879041605,-6.586725524293));
#5547 = VECTOR('',#5548,1.);
#5548 = DIRECTION('',(0.93428730841,0.356521002668));
#5549 = ( GEOMETRIC_REPRESENTATION_CONTEXT(2) 
PARAMETRIC_REPRESENTATION_CONTEXT() REPRESENTATION_CONTEXT('2D SPACE',''
  ) );
#5550 = PCURVE('',#5551,#5556);
#5551 = B_SPLINE_SURFACE_WITH_KNOTS('',1,1,(
    (#5552,#5553)
    ,(#5554,#5555
    )),.UNSPECIFIED.,.F.,.F.,.F.,(2,2),(2,2),(-18.475,18.475),(0.,1.),
  .PIECEWISE_BEZIER_KNOTS.);
#5552 = CARTESIAN_POINT('',(7.021199142868,-61.97119914286,12.55));
#5553 = CARTESIAN_POINT('',(7.05,-62.,14.201));
#5554 = CARTESIAN_POINT('',(7.021199142868,-25.07880085713,12.55));
#5555 = CARTESIAN_POINT('',(7.05,-25.05,14.201));
#5556 = DEFINITIONAL_REPRESENTATION('',(#5557),#5561);
#5557 = LINE('',#5558,#5559);
#5558 = CARTESIAN_POINT('',(0.,1.));
#5559 = VECTOR('',#5560,1.);
#5560 = DIRECTION('',(1.,0.));
#5561 = ( GEOMETRIC_REPRESENTATION_CONTEXT(2) 
PARAMETRIC_REPRESENTATION_CONTEXT() REPRESENTATION_CONTEXT('2D SPACE',''
  ) );
#5562 = ORIENTED_EDGE('',*,*,#5563,.F.);
#5563 = EDGE_CURVE('',#5441,#5536,#5564,.T.);
#5564 = SURFACE_CURVE('',#5565,(#5569,#5576),.PCURVE_S1.);
#5565 = LINE('',#5566,#5567);
#5566 = CARTESIAN_POINT('',(0.,-25.05,14.201));
#5567 = VECTOR('',#5568,1.);
#5568 = DIRECTION('',(1.,0.,0.));
#5569 = PCURVE('',#3635,#5570);
#5570 = DEFINITIONAL_REPRESENTATION('',(#5571),#5575);
#5571 = LINE('',#5572,#5573);
#5572 = CARTESIAN_POINT('',(37.03538911457,6.586725524293));
#5573 = VECTOR('',#5574,1.);
#5574 = DIRECTION('',(0.356521002668,-0.93428730841));
#5575 = ( GEOMETRIC_REPRESENTATION_CONTEXT(2) 
PARAMETRIC_REPRESENTATION_CONTEXT() REPRESENTATION_CONTEXT('2D SPACE',''
  ) );
#5576 = PCURVE('',#5577,#5582);
#5577 = B_SPLINE_SURFACE_WITH_KNOTS('',1,1,(
    (#5578,#5579)
    ,(#5580,#5581
    )),.UNSPECIFIED.,.F.,.F.,.F.,(2,2),(2,2),(-7.05,7.05),(0.,1.),
  .PIECEWISE_BEZIER_KNOTS.);
#5578 = CARTESIAN_POINT('',(7.021199142868,-25.07880085713,12.55));
#5579 = CARTESIAN_POINT('',(7.05,-25.05,14.201));
#5580 = CARTESIAN_POINT('',(-7.021199142868,-25.07880085713,12.55));
#5581 = CARTESIAN_POINT('',(-7.05,-25.05,14.201));
#5582 = DEFINITIONAL_REPRESENTATION('',(#5583),#5587);
#5583 = LINE('',#5584,#5585);
#5584 = CARTESIAN_POINT('',(0.,1.));
#5585 = VECTOR('',#5586,1.);
#5586 = DIRECTION('',(-1.,0.));
#5587 = ( GEOMETRIC_REPRESENTATION_CONTEXT(2) 
PARAMETRIC_REPRESENTATION_CONTEXT() REPRESENTATION_CONTEXT('2D SPACE',''
  ) );
#5588 = ADVANCED_FACE('',(#5589),#3609,.T.);
#5589 = FACE_BOUND('',#5590,.T.);
#5590 = EDGE_LOOP('',(#5591,#5611,#5612,#5613));
#5591 = ORIENTED_EDGE('',*,*,#5592,.F.);
#5592 = EDGE_CURVE('',#3571,#5593,#5595,.T.);
#5593 = VERTEX_POINT('',#5594);
#5594 = CARTESIAN_POINT('',(-7.049982556236,-25.05001744376,
    14.20000004177));
#5595 = SURFACE_CURVE('',#5596,(#5599,#5605),.PCURVE_S1.);
#5596 = B_SPLINE_CURVE_WITH_KNOTS('',1,(#5597,#5598),.UNSPECIFIED.,.F.,
  .F.,(2,2),(0.,1.),.PIECEWISE_BEZIER_KNOTS.);
#5597 = CARTESIAN_POINT('',(-7.049982556236,-61.99998255623,
    14.20000004177));
#5598 = CARTESIAN_POINT('',(-7.049982556236,-25.05001744376,
    14.20000004177));
#5599 = PCURVE('',#3609,#5600);
#5600 = DEFINITIONAL_REPRESENTATION('',(#5601),#5604);
#5601 = B_SPLINE_CURVE_WITH_KNOTS('',1,(#5602,#5603),.UNSPECIFIED.,.F.,
  .F.,(2,2),(0.,1.),.PIECEWISE_BEZIER_KNOTS.);
#5602 = CARTESIAN_POINT('',(18.474999998767,0.999394331781));
#5603 = CARTESIAN_POINT('',(-18.47499999975,0.999394331781));
#5604 = ( GEOMETRIC_REPRESENTATION_CONTEXT(2) 
PARAMETRIC_REPRESENTATION_CONTEXT() REPRESENTATION_CONTEXT('2D SPACE',''
  ) );
#5605 = PCURVE('',#3584,#5606);
#5606 = DEFINITIONAL_REPRESENTATION('',(#5607),#5610);
#5607 = B_SPLINE_CURVE_WITH_KNOTS('',1,(#5608,#5609),.UNSPECIFIED.,.F.,
  .F.,(2,2),(0.,1.),.PIECEWISE_BEZIER_KNOTS.);
#5608 = CARTESIAN_POINT('',(18.475,6.892086631407E-04));
#5609 = CARTESIAN_POINT('',(-18.475,6.892086631406E-04));
#5610 = ( GEOMETRIC_REPRESENTATION_CONTEXT(2) 
PARAMETRIC_REPRESENTATION_CONTEXT() REPRESENTATION_CONTEXT('2D SPACE',''
  ) );
#5611 = ORIENTED_EDGE('',*,*,#3595,.T.);
#5612 = ORIENTED_EDGE('',*,*,#5440,.T.);
#5613 = ORIENTED_EDGE('',*,*,#5614,.F.);
#5614 = EDGE_CURVE('',#5593,#5441,#5615,.T.);
#5615 = SURFACE_CURVE('',#5616,(#5619,#5626),.PCURVE_S1.);
#5616 = B_SPLINE_CURVE_WITH_KNOTS('',1,(#5617,#5618),.UNSPECIFIED.,.F.,
  .F.,(2,2),(0.,1.),.PIECEWISE_BEZIER_KNOTS.);
#5617 = CARTESIAN_POINT('',(-7.021199142868,-25.07880085713,12.55));
#5618 = CARTESIAN_POINT('',(-7.05,-25.05,14.201));
#5619 = PCURVE('',#3609,#5620);
#5620 = DEFINITIONAL_REPRESENTATION('',(#5621),#5625);
#5621 = LINE('',#5622,#5623);
#5622 = CARTESIAN_POINT('',(-18.475,0.));
#5623 = VECTOR('',#5624,1.);
#5624 = DIRECTION('',(0.,1.));
#5625 = ( GEOMETRIC_REPRESENTATION_CONTEXT(2) 
PARAMETRIC_REPRESENTATION_CONTEXT() REPRESENTATION_CONTEXT('2D SPACE',''
  ) );
#5626 = PCURVE('',#5577,#5627);
#5627 = DEFINITIONAL_REPRESENTATION('',(#5628),#5632);
#5628 = LINE('',#5629,#5630);
#5629 = CARTESIAN_POINT('',(7.05,0.));
#5630 = VECTOR('',#5631,1.);
#5631 = DIRECTION('',(0.,1.));
#5632 = ( GEOMETRIC_REPRESENTATION_CONTEXT(2) 
PARAMETRIC_REPRESENTATION_CONTEXT() REPRESENTATION_CONTEXT('2D SPACE',''
  ) );
#5633 = ADVANCED_FACE('',(#5634),#3584,.T.);
#5634 = FACE_BOUND('',#5635,.T.);
#5635 = EDGE_LOOP('',(#5636,#5659,#5660,#5661));
#5636 = ORIENTED_EDGE('',*,*,#5637,.F.);
#5637 = EDGE_CURVE('',#3545,#5638,#5640,.T.);
#5638 = VERTEX_POINT('',#5639);
#5639 = CARTESIAN_POINT('',(-7.05,-25.05,14.199));
#5640 = SURFACE_CURVE('',#5641,(#5645,#5652),.PCURVE_S1.);
#5641 = LINE('',#5642,#5643);
#5642 = CARTESIAN_POINT('',(-7.05,-43.525,14.199));
#5643 = VECTOR('',#5644,1.);
#5644 = DIRECTION('',(0.,1.,0.));
#5645 = PCURVE('',#3584,#5646);
#5646 = DEFINITIONAL_REPRESENTATION('',(#5647),#5651);
#5647 = LINE('',#5648,#5649);
#5648 = CARTESIAN_POINT('',(0.,0.));
#5649 = VECTOR('',#5650,1.);
#5650 = DIRECTION('',(-1.,0.));
#5651 = ( GEOMETRIC_REPRESENTATION_CONTEXT(2) 
PARAMETRIC_REPRESENTATION_CONTEXT() REPRESENTATION_CONTEXT('2D SPACE',''
  ) );
#5652 = PCURVE('',#3559,#5653);
#5653 = DEFINITIONAL_REPRESENTATION('',(#5654),#5658);
#5654 = LINE('',#5655,#5656);
#5655 = CARTESIAN_POINT('',(17.26095802288,6.586725524293));
#5656 = VECTOR('',#5657,1.);
#5657 = DIRECTION('',(0.93428730841,0.356521002668));
#5658 = ( GEOMETRIC_REPRESENTATION_CONTEXT(2) 
PARAMETRIC_REPRESENTATION_CONTEXT() REPRESENTATION_CONTEXT('2D SPACE',''
  ) );
#5659 = ORIENTED_EDGE('',*,*,#3570,.T.);
#5660 = ORIENTED_EDGE('',*,*,#5592,.T.);
#5661 = ORIENTED_EDGE('',*,*,#5662,.F.);
#5662 = EDGE_CURVE('',#5638,#5593,#5663,.T.);
#5663 = SURFACE_CURVE('',#5664,(#5667,#5674),.PCURVE_S1.);
#5664 = B_SPLINE_CURVE_WITH_KNOTS('',1,(#5665,#5666),.UNSPECIFIED.,.F.,
  .F.,(2,2),(0.,1.),.PIECEWISE_BEZIER_KNOTS.);
#5665 = CARTESIAN_POINT('',(-7.05,-25.05,14.199));
#5666 = CARTESIAN_POINT('',(-7.024690155854,-25.07530984414,15.65));
#5667 = PCURVE('',#3584,#5668);
#5668 = DEFINITIONAL_REPRESENTATION('',(#5669),#5673);
#5669 = LINE('',#5670,#5671);
#5670 = CARTESIAN_POINT('',(-18.475,0.));
#5671 = VECTOR('',#5672,1.);
#5672 = DIRECTION('',(0.,1.));
#5673 = ( GEOMETRIC_REPRESENTATION_CONTEXT(2) 
PARAMETRIC_REPRESENTATION_CONTEXT() REPRESENTATION_CONTEXT('2D SPACE',''
  ) );
#5674 = PCURVE('',#5675,#5680);
#5675 = B_SPLINE_SURFACE_WITH_KNOTS('',1,1,(
    (#5676,#5677)
    ,(#5678,#5679
    )),.UNSPECIFIED.,.F.,.F.,.F.,(2,2),(2,2),(-7.05,7.05),(0.,1.),
  .PIECEWISE_BEZIER_KNOTS.);
#5676 = CARTESIAN_POINT('',(7.05,-25.05,14.199));
#5677 = CARTESIAN_POINT('',(7.024690155854,-25.07530984414,15.65));
#5678 = CARTESIAN_POINT('',(-7.05,-25.05,14.199));
#5679 = CARTESIAN_POINT('',(-7.024690155854,-25.07530984414,15.65));
#5680 = DEFINITIONAL_REPRESENTATION('',(#5681),#5685);
#5681 = LINE('',#5682,#5683);
#5682 = CARTESIAN_POINT('',(7.05,0.));
#5683 = VECTOR('',#5684,1.);
#5684 = DIRECTION('',(0.,1.));
#5685 = ( GEOMETRIC_REPRESENTATION_CONTEXT(2) 
PARAMETRIC_REPRESENTATION_CONTEXT() REPRESENTATION_CONTEXT('2D SPACE',''
  ) );
#5686 = ADVANCED_FACE('',(#5687),#3559,.F.);
#5687 = FACE_BOUND('',#5688,.F.);
#5688 = EDGE_LOOP('',(#5689,#5690,#5691,#5711,#5736,#5761,#5786,#5814));
#5689 = ORIENTED_EDGE('',*,*,#5637,.F.);
#5690 = ORIENTED_EDGE('',*,*,#3544,.T.);
#5691 = ORIENTED_EDGE('',*,*,#5692,.T.);
#5692 = EDGE_CURVE('',#3520,#5693,#5695,.T.);
#5693 = VERTEX_POINT('',#5694);
#5694 = CARTESIAN_POINT('',(-7.049965111015,-25.05003488898,14.199));
#5695 = SURFACE_CURVE('',#5696,(#5699,#5705),.PCURVE_S1.);
#5696 = B_SPLINE_CURVE_WITH_KNOTS('',1,(#5697,#5698),.UNSPECIFIED.,.F.,
  .F.,(2,2),(0.,1.),.PIECEWISE_BEZIER_KNOTS.);
#5697 = CARTESIAN_POINT('',(-7.049965111015,-61.99996511101,14.199));
#5698 = CARTESIAN_POINT('',(-7.049965111015,-25.05003488898,14.199));
#5699 = PCURVE('',#3559,#5700);
#5700 = DEFINITIONAL_REPRESENTATION('',(#5701),#5704);
#5701 = B_SPLINE_CURVE_WITH_KNOTS('',1,(#5702,#5703),.UNSPECIFIED.,.F.,
  .F.,(2,2),(0.,1.),.PIECEWISE_BEZIER_KNOTS.);
#5702 = CARTESIAN_POINT('',(4.503499182107E-05,-2.015767998742E-05));
#5703 = CARTESIAN_POINT('',(34.52189588808,13.173406013593));
#5704 = ( GEOMETRIC_REPRESENTATION_CONTEXT(2) 
PARAMETRIC_REPRESENTATION_CONTEXT() REPRESENTATION_CONTEXT('2D SPACE',''
  ) );
#5705 = PCURVE('',#3533,#5706);
#5706 = DEFINITIONAL_REPRESENTATION('',(#5707),#5710);
#5707 = B_SPLINE_CURVE_WITH_KNOTS('',1,(#5708,#5709),.UNSPECIFIED.,.F.,
  .F.,(2,2),(0.,1.),.PIECEWISE_BEZIER_KNOTS.);
#5708 = CARTESIAN_POINT('',(18.475,0.998788612962));
#5709 = CARTESIAN_POINT('',(-18.475,0.998788612962));
#5710 = ( GEOMETRIC_REPRESENTATION_CONTEXT(2) 
PARAMETRIC_REPRESENTATION_CONTEXT() REPRESENTATION_CONTEXT('2D SPACE',''
  ) );
#5711 = ORIENTED_EDGE('',*,*,#5712,.T.);
#5712 = EDGE_CURVE('',#5693,#5713,#5715,.T.);
#5713 = VERTEX_POINT('',#5714);
#5714 = CARTESIAN_POINT('',(7.049965111015,-25.05003488898,14.199));
#5715 = SURFACE_CURVE('',#5716,(#5719,#5725),.PCURVE_S1.);
#5716 = B_SPLINE_CURVE_WITH_KNOTS('',1,(#5717,#5718),.UNSPECIFIED.,.F.,
  .F.,(2,2),(0.,1.),.PIECEWISE_BEZIER_KNOTS.);
#5717 = CARTESIAN_POINT('',(-7.049965111015,-25.05003488898,14.199));
#5718 = CARTESIAN_POINT('',(7.049965111015,-25.05003488898,14.199));
#5719 = PCURVE('',#3559,#5720);
#5720 = DEFINITIONAL_REPRESENTATION('',(#5721),#5724);
#5721 = B_SPLINE_CURVE_WITH_KNOTS('',1,(#5722,#5723),.UNSPECIFIED.,.F.,
  .F.,(2,2),(0.,1.),.PIECEWISE_BEZIER_KNOTS.);
#5722 = CARTESIAN_POINT('',(34.52189588808,13.173406013593));
#5723 = CARTESIAN_POINT('',(39.548817148388,2.015767998387E-05));
#5724 = ( GEOMETRIC_REPRESENTATION_CONTEXT(2) 
PARAMETRIC_REPRESENTATION_CONTEXT() REPRESENTATION_CONTEXT('2D SPACE',''
  ) );
#5725 = PCURVE('',#5726,#5731);
#5726 = B_SPLINE_SURFACE_WITH_KNOTS('',1,1,(
    (#5727,#5728)
    ,(#5729,#5730
    )),.UNSPECIFIED.,.F.,.F.,.F.,(2,2),(2,2),(-7.05,7.05),(0.,1.),
  .PIECEWISE_BEZIER_KNOTS.);
#5727 = CARTESIAN_POINT('',(7.021199142868,-25.07880085713,12.55));
#5728 = CARTESIAN_POINT('',(7.05,-25.05,14.201));
#5729 = CARTESIAN_POINT('',(-7.021199142868,-25.07880085713,12.55));
#5730 = CARTESIAN_POINT('',(-7.05,-25.05,14.201));
#5731 = DEFINITIONAL_REPRESENTATION('',(#5732),#5735);
#5732 = B_SPLINE_CURVE_WITH_KNOTS('',1,(#5733,#5734),.UNSPECIFIED.,.F.,
  .F.,(2,2),(0.,1.),.PIECEWISE_BEZIER_KNOTS.);
#5733 = CARTESIAN_POINT('',(7.05,0.998788612962));
#5734 = CARTESIAN_POINT('',(-7.05,0.998788612962));
#5735 = ( GEOMETRIC_REPRESENTATION_CONTEXT(2) 
PARAMETRIC_REPRESENTATION_CONTEXT() REPRESENTATION_CONTEXT('2D SPACE',''
  ) );
#5736 = ORIENTED_EDGE('',*,*,#5737,.T.);
#5737 = EDGE_CURVE('',#5713,#5738,#5740,.T.);
#5738 = VERTEX_POINT('',#5739);
#5739 = CARTESIAN_POINT('',(7.049965111015,-34.3999651098,14.199));
#5740 = SURFACE_CURVE('',#5741,(#5744,#5750),.PCURVE_S1.);
#5741 = B_SPLINE_CURVE_WITH_KNOTS('',1,(#5742,#5743),.UNSPECIFIED.,.F.,
  .F.,(2,2),(0.,1.),.PIECEWISE_BEZIER_KNOTS.);
#5742 = CARTESIAN_POINT('',(7.049965111015,-25.05003488898,14.199));
#5743 = CARTESIAN_POINT('',(7.049965111015,-61.99996511101,14.199));
#5744 = PCURVE('',#3559,#5745);
#5745 = DEFINITIONAL_REPRESENTATION('',(#5746),#5749);
#5746 = B_SPLINE_CURVE_WITH_KNOTS('',1,(#5747,#5748),.UNSPECIFIED.,.F.,
  .F.,(2,2),(0.,1.),.PIECEWISE_BEZIER_KNOTS.);
#5747 = CARTESIAN_POINT('',(39.548817148388,2.015767998387E-05));
#5748 = CARTESIAN_POINT('',(5.0269662953,-13.17340601359));
#5749 = ( GEOMETRIC_REPRESENTATION_CONTEXT(2) 
PARAMETRIC_REPRESENTATION_CONTEXT() REPRESENTATION_CONTEXT('2D SPACE',''
  ) );
#5750 = PCURVE('',#5751,#5756);
#5751 = B_SPLINE_SURFACE_WITH_KNOTS('',1,1,(
    (#5752,#5753)
    ,(#5754,#5755
    )),.UNSPECIFIED.,.F.,.F.,.F.,(2,2),(2,2),(-18.475,18.475),(0.,1.),
  .PIECEWISE_BEZIER_KNOTS.);
#5752 = CARTESIAN_POINT('',(7.021199142868,-61.97119914286,12.55));
#5753 = CARTESIAN_POINT('',(7.05,-62.,14.201));
#5754 = CARTESIAN_POINT('',(7.021199142868,-25.07880085713,12.55));
#5755 = CARTESIAN_POINT('',(7.05,-25.05,14.201));
#5756 = DEFINITIONAL_REPRESENTATION('',(#5757),#5760);
#5757 = B_SPLINE_CURVE_WITH_KNOTS('',1,(#5758,#5759),.UNSPECIFIED.,.F.,
  .F.,(2,2),(0.,1.),.PIECEWISE_BEZIER_KNOTS.);
#5758 = CARTESIAN_POINT('',(18.475,0.998788612962));
#5759 = CARTESIAN_POINT('',(-18.475,0.998788612962));
#5760 = ( GEOMETRIC_REPRESENTATION_CONTEXT(2) 
PARAMETRIC_REPRESENTATION_CONTEXT() REPRESENTATION_CONTEXT('2D SPACE',''
  ) );
#5761 = ORIENTED_EDGE('',*,*,#5762,.T.);
#5762 = EDGE_CURVE('',#5738,#5763,#5765,.T.);
#5763 = VERTEX_POINT('',#5764);
#5764 = CARTESIAN_POINT('',(7.05,-34.3999651098,14.199));
#5765 = SURFACE_CURVE('',#5766,(#5769,#5775),.PCURVE_S1.);
#5766 = B_SPLINE_CURVE_WITH_KNOTS('',1,(#5767,#5768),.UNSPECIFIED.,.F.,
  .F.,(2,2),(0.,1.),.PIECEWISE_BEZIER_KNOTS.);
#5767 = CARTESIAN_POINT('',(5.349965109807,-34.3999651098,14.199));
#5768 = CARTESIAN_POINT('',(7.350034890193,-34.3999651098,14.199));
#5769 = PCURVE('',#3559,#5770);
#5770 = DEFINITIONAL_REPRESENTATION('',(#5771),#5774);
#5771 = B_SPLINE_CURVE_WITH_KNOTS('',1,(#5772,#5773),.UNSPECIFIED.,.F.,
  .F.,(2,2),(0.,1.),.PIECEWISE_BEZIER_KNOTS.);
#5772 = CARTESIAN_POINT('',(30.207210303586,-1.745137914098));
#5773 = CARTESIAN_POINT('',(30.920277187095,-3.613777725847));
#5774 = ( GEOMETRIC_REPRESENTATION_CONTEXT(2) 
PARAMETRIC_REPRESENTATION_CONTEXT() REPRESENTATION_CONTEXT('2D SPACE',''
  ) );
#5775 = PCURVE('',#5776,#5781);
#5776 = B_SPLINE_SURFACE_WITH_KNOTS('',1,1,(
    (#5777,#5778)
    ,(#5779,#5780
    )),.UNSPECIFIED.,.F.,.F.,.F.,(2,2),(2,2),(-1.030546363624,
    1.030546363624),(0.,1.),.PIECEWISE_BEZIER_KNOTS.);
#5777 = CARTESIAN_POINT('',(7.380546363624,-34.36945363637,12.45));
#5778 = CARTESIAN_POINT('',(7.35,-34.4,14.201));
#5779 = CARTESIAN_POINT('',(5.319453636376,-34.36945363637,12.45));
#5780 = CARTESIAN_POINT('',(5.35,-34.4,14.201));
#5781 = DEFINITIONAL_REPRESENTATION('',(#5782),#5785);
#5782 = B_SPLINE_CURVE_WITH_KNOTS('',1,(#5783,#5784),.UNSPECIFIED.,.F.,
  .F.,(2,2),(0.,1.),.PIECEWISE_BEZIER_KNOTS.);
#5783 = CARTESIAN_POINT('',(1.030546363624,0.998857795545));
#5784 = CARTESIAN_POINT('',(-1.030546363624,0.998857795545));
#5785 = ( GEOMETRIC_REPRESENTATION_CONTEXT(2) 
PARAMETRIC_REPRESENTATION_CONTEXT() REPRESENTATION_CONTEXT('2D SPACE',''
  ) );
#5786 = ORIENTED_EDGE('',*,*,#5787,.T.);
#5787 = EDGE_CURVE('',#5763,#5788,#5790,.T.);
#5788 = VERTEX_POINT('',#5789);
#5789 = CARTESIAN_POINT('',(7.05,-25.05,14.199));
#5790 = SURFACE_CURVE('',#5791,(#5795,#5802),.PCURVE_S1.);
#5791 = LINE('',#5792,#5793);
#5792 = CARTESIAN_POINT('',(7.05,-43.525,14.199));
#5793 = VECTOR('',#5794,1.);
#5794 = DIRECTION('',(0.,1.,0.));
#5795 = PCURVE('',#3559,#5796);
#5796 = DEFINITIONAL_REPRESENTATION('',(#5797),#5801);
#5797 = LINE('',#5798,#5799);
#5798 = CARTESIAN_POINT('',(22.2879041605,-6.586725524293));
#5799 = VECTOR('',#5800,1.);
#5800 = DIRECTION('',(0.93428730841,0.356521002668));
#5801 = ( GEOMETRIC_REPRESENTATION_CONTEXT(2) 
PARAMETRIC_REPRESENTATION_CONTEXT() REPRESENTATION_CONTEXT('2D SPACE',''
  ) );
#5802 = PCURVE('',#5803,#5808);
#5803 = B_SPLINE_SURFACE_WITH_KNOTS('',1,1,(
    (#5804,#5805)
    ,(#5806,#5807
    )),.UNSPECIFIED.,.F.,.F.,.F.,(2,2),(2,2),(-18.475,18.475),(0.,1.),
  .PIECEWISE_BEZIER_KNOTS.);
#5804 = CARTESIAN_POINT('',(7.05,-62.,14.199));
#5805 = CARTESIAN_POINT('',(7.024690155854,-61.97469015585,15.65));
#5806 = CARTESIAN_POINT('',(7.05,-25.05,14.199));
#5807 = CARTESIAN_POINT('',(7.024690155854,-25.07530984414,15.65));
#5808 = DEFINITIONAL_REPRESENTATION('',(#5809),#5813);
#5809 = LINE('',#5810,#5811);
#5810 = CARTESIAN_POINT('',(0.,0.));
#5811 = VECTOR('',#5812,1.);
#5812 = DIRECTION('',(1.,0.));
#5813 = ( GEOMETRIC_REPRESENTATION_CONTEXT(2) 
PARAMETRIC_REPRESENTATION_CONTEXT() REPRESENTATION_CONTEXT('2D SPACE',''
  ) );
#5814 = ORIENTED_EDGE('',*,*,#5815,.F.);
#5815 = EDGE_CURVE('',#5638,#5788,#5816,.T.);
#5816 = SURFACE_CURVE('',#5817,(#5821,#5828),.PCURVE_S1.);
#5817 = LINE('',#5818,#5819);
#5818 = CARTESIAN_POINT('',(0.,-25.05,14.199));
#5819 = VECTOR('',#5820,1.);
#5820 = DIRECTION('',(1.,0.,0.));
#5821 = PCURVE('',#3559,#5822);
#5822 = DEFINITIONAL_REPRESENTATION('',(#5823),#5827);
#5823 = LINE('',#5824,#5825);
#5824 = CARTESIAN_POINT('',(37.03538911457,6.586725524293));
#5825 = VECTOR('',#5826,1.);
#5826 = DIRECTION('',(0.356521002668,-0.93428730841));
#5827 = ( GEOMETRIC_REPRESENTATION_CONTEXT(2) 
PARAMETRIC_REPRESENTATION_CONTEXT() REPRESENTATION_CONTEXT('2D SPACE',''
  ) );
#5828 = PCURVE('',#5675,#5829);
#5829 = DEFINITIONAL_REPRESENTATION('',(#5830),#5834);
#5830 = LINE('',#5831,#5832);
#5831 = CARTESIAN_POINT('',(0.,0.));
#5832 = VECTOR('',#5833,1.);
#5833 = DIRECTION('',(-1.,0.));
#5834 = ( GEOMETRIC_REPRESENTATION_CONTEXT(2) 
PARAMETRIC_REPRESENTATION_CONTEXT() REPRESENTATION_CONTEXT('2D SPACE',''
  ) );
#5835 = ADVANCED_FACE('',(#5836),#3533,.T.);
#5836 = FACE_BOUND('',#5837,.T.);
#5837 = EDGE_LOOP('',(#5838,#5860,#5861,#5862,#5863));
#5838 = ORIENTED_EDGE('',*,*,#5839,.F.);
#5839 = EDGE_CURVE('',#4394,#5840,#5842,.T.);
#5840 = VERTEX_POINT('',#5841);
#5841 = CARTESIAN_POINT('',(-7.021199142868,-25.07880085713,12.55));
#5842 = SURFACE_CURVE('',#5843,(#5847,#5853),.PCURVE_S1.);
#5843 = LINE('',#5844,#5845);
#5844 = CARTESIAN_POINT('',(-7.021199142868,-43.525,12.55));
#5845 = VECTOR('',#5846,1.);
#5846 = DIRECTION('',(0.,1.,0.));
#5847 = PCURVE('',#3533,#5848);
#5848 = DEFINITIONAL_REPRESENTATION('',(#5849),#5852);
#5849 = B_SPLINE_CURVE_WITH_KNOTS('',1,(#5850,#5851),.UNSPECIFIED.,.F.,
  .F.,(2,2),(-18.44619914286,18.446199142868),.PIECEWISE_BEZIER_KNOTS.);
#5850 = CARTESIAN_POINT('',(18.475,0.));
#5851 = CARTESIAN_POINT('',(-18.475,0.));
#5852 = ( GEOMETRIC_REPRESENTATION_CONTEXT(2) 
PARAMETRIC_REPRESENTATION_CONTEXT() REPRESENTATION_CONTEXT('2D SPACE',''
  ) );
#5853 = PCURVE('',#4407,#5854);
#5854 = DEFINITIONAL_REPRESENTATION('',(#5855),#5859);
#5855 = LINE('',#5856,#5857);
#5856 = CARTESIAN_POINT('',(17.239588127138,6.561925329125));
#5857 = VECTOR('',#5858,1.);
#5858 = DIRECTION('',(0.934587553437,0.355733193505));
#5859 = ( GEOMETRIC_REPRESENTATION_CONTEXT(2) 
PARAMETRIC_REPRESENTATION_CONTEXT() REPRESENTATION_CONTEXT('2D SPACE',''
  ) );
#5860 = ORIENTED_EDGE('',*,*,#4418,.F.);
#5861 = ORIENTED_EDGE('',*,*,#3519,.T.);
#5862 = ORIENTED_EDGE('',*,*,#5692,.T.);
#5863 = ORIENTED_EDGE('',*,*,#5864,.F.);
#5864 = EDGE_CURVE('',#5840,#5693,#5865,.T.);
#5865 = SURFACE_CURVE('',#5866,(#5869,#5876),.PCURVE_S1.);
#5866 = B_SPLINE_CURVE_WITH_KNOTS('',1,(#5867,#5868),.UNSPECIFIED.,.F.,
  .F.,(2,2),(0.,1.),.PIECEWISE_BEZIER_KNOTS.);
#5867 = CARTESIAN_POINT('',(-7.021199142868,-25.07880085713,12.55));
#5868 = CARTESIAN_POINT('',(-7.05,-25.05,14.201));
#5869 = PCURVE('',#3533,#5870);
#5870 = DEFINITIONAL_REPRESENTATION('',(#5871),#5875);
#5871 = LINE('',#5872,#5873);
#5872 = CARTESIAN_POINT('',(-18.475,0.));
#5873 = VECTOR('',#5874,1.);
#5874 = DIRECTION('',(0.,1.));
#5875 = ( GEOMETRIC_REPRESENTATION_CONTEXT(2) 
PARAMETRIC_REPRESENTATION_CONTEXT() REPRESENTATION_CONTEXT('2D SPACE',''
  ) );
#5876 = PCURVE('',#5726,#5877);
#5877 = DEFINITIONAL_REPRESENTATION('',(#5878),#5882);
#5878 = LINE('',#5879,#5880);
#5879 = CARTESIAN_POINT('',(7.05,0.));
#5880 = VECTOR('',#5881,1.);
#5881 = DIRECTION('',(0.,1.));
#5882 = ( GEOMETRIC_REPRESENTATION_CONTEXT(2) 
PARAMETRIC_REPRESENTATION_CONTEXT() REPRESENTATION_CONTEXT('2D SPACE',''
  ) );
#5883 = ADVANCED_FACE('',(#5884),#3754,.F.);
#5884 = FACE_BOUND('',#5885,.F.);
#5885 = EDGE_LOOP('',(#5886,#5887,#5888,#5889));
#5886 = ORIENTED_EDGE('',*,*,#3865,.F.);
#5887 = ORIENTED_EDGE('',*,*,#3741,.T.);
#5888 = ORIENTED_EDGE('',*,*,#3793,.T.);
#5889 = ORIENTED_EDGE('',*,*,#3839,.F.);
#5890 = ADVANCED_FACE('',(#5891),#3947,.F.);
#5891 = FACE_BOUND('',#5892,.F.);
#5892 = EDGE_LOOP('',(#5893,#5894,#5895,#5896));
#5893 = ORIENTED_EDGE('',*,*,#4011,.F.);
#5894 = ORIENTED_EDGE('',*,*,#3934,.T.);
#5895 = ORIENTED_EDGE('',*,*,#3986,.T.);
#5896 = ORIENTED_EDGE('',*,*,#4058,.F.);
#5897 = ADVANCED_FACE('',(#5898),#4140,.F.);
#5898 = FACE_BOUND('',#5899,.F.);
#5899 = EDGE_LOOP('',(#5900,#5901,#5902,#5903));
#5900 = ORIENTED_EDGE('',*,*,#4204,.F.);
#5901 = ORIENTED_EDGE('',*,*,#4127,.T.);
#5902 = ORIENTED_EDGE('',*,*,#4179,.T.);
#5903 = ORIENTED_EDGE('',*,*,#4251,.F.);
#5904 = ADVANCED_FACE('',(#5905,#6096,#6198,#6395,#6497),#4407,.F.);
#5905 = FACE_BOUND('',#5906,.F.);
#5906 = EDGE_LOOP('',(#5907,#5908,#5909,#5931,#5956,#5981,#6006,#6034,
    #6054,#6076));
#5907 = ORIENTED_EDGE('',*,*,#5839,.F.);
#5908 = ORIENTED_EDGE('',*,*,#4393,.F.);
#5909 = ORIENTED_EDGE('',*,*,#5910,.T.);
#5910 = EDGE_CURVE('',#4351,#5911,#5913,.T.);
#5911 = VERTEX_POINT('',#5912);
#5912 = CARTESIAN_POINT('',(7.021199142868,-34.92880185399,12.55));
#5913 = SURFACE_CURVE('',#5914,(#5918,#5925),.PCURVE_S1.);
#5914 = LINE('',#5915,#5916);
#5915 = CARTESIAN_POINT('',(7.021199142868,-43.525,12.55));
#5916 = VECTOR('',#5917,1.);
#5917 = DIRECTION('',(0.,1.,0.));
#5918 = PCURVE('',#4407,#5919);
#5919 = DEFINITIONAL_REPRESENTATION('',(#5920),#5924);
#5920 = LINE('',#5921,#5922);
#5921 = CARTESIAN_POINT('',(22.234935313794,-6.561925329125));
#5922 = VECTOR('',#5923,1.);
#5923 = DIRECTION('',(0.934587553437,0.355733193505));
#5924 = ( GEOMETRIC_REPRESENTATION_CONTEXT(2) 
PARAMETRIC_REPRESENTATION_CONTEXT() REPRESENTATION_CONTEXT('2D SPACE',''
  ) );
#5925 = PCURVE('',#4376,#5926);
#5926 = DEFINITIONAL_REPRESENTATION('',(#5927),#5930);
#5927 = B_SPLINE_CURVE_WITH_KNOTS('',1,(#5928,#5929),.UNSPECIFIED.,.F.,
  .F.,(2,2),(-18.44619914286,18.446199142868),.PIECEWISE_BEZIER_KNOTS.);
#5928 = CARTESIAN_POINT('',(-18.475,0.));
#5929 = CARTESIAN_POINT('',(18.475,0.));
#5930 = ( GEOMETRIC_REPRESENTATION_CONTEXT(2) 
PARAMETRIC_REPRESENTATION_CONTEXT() REPRESENTATION_CONTEXT('2D SPACE',''
  ) );
#5931 = ORIENTED_EDGE('',*,*,#5932,.T.);
#5932 = EDGE_CURVE('',#5911,#5933,#5935,.T.);
#5933 = VERTEX_POINT('',#5934);
#5934 = CARTESIAN_POINT('',(5.978801853994,-34.92880185399,12.55));
#5935 = SURFACE_CURVE('',#5936,(#5939,#5945),.PCURVE_S1.);
#5936 = B_SPLINE_CURVE_WITH_KNOTS('',1,(#5937,#5938),.UNSPECIFIED.,.F.,
  .F.,(2,2),(0.,1.),.PIECEWISE_BEZIER_KNOTS.);
#5937 = CARTESIAN_POINT('',(7.378801853994,-34.92880185399,12.55));
#5938 = CARTESIAN_POINT('',(5.321198146006,-34.92880185399,12.55));
#5939 = PCURVE('',#4407,#5940);
#5940 = DEFINITIONAL_REPRESENTATION('',(#5941),#5944);
#5941 = B_SPLINE_CURVE_WITH_KNOTS('',1,(#5942,#5943),.UNSPECIFIED.,.F.,
  .F.,(2,2),(0.,1.),.PIECEWISE_BEZIER_KNOTS.);
#5942 = CARTESIAN_POINT('',(30.396046262361,-3.838183353536));
#5943 = CARTESIAN_POINT('',(29.66408832435,-1.915172538145));
#5944 = ( GEOMETRIC_REPRESENTATION_CONTEXT(2) 
PARAMETRIC_REPRESENTATION_CONTEXT() REPRESENTATION_CONTEXT('2D SPACE',''
  ) );
#5945 = PCURVE('',#5946,#5951);
#5946 = B_SPLINE_SURFACE_WITH_KNOTS('',1,1,(
    (#5947,#5948)
    ,(#5949,#5950
    )),.UNSPECIFIED.,.F.,.F.,.F.,(2,2),(2,2),(-1.030546363624,
    1.030546363624),(0.,1.),.PIECEWISE_BEZIER_KNOTS.);
#5947 = CARTESIAN_POINT('',(5.319453636376,-34.93054636362,12.45));
#5948 = CARTESIAN_POINT('',(5.35,-34.9,14.201));
#5949 = CARTESIAN_POINT('',(7.380546363624,-34.93054636362,12.45));
#5950 = CARTESIAN_POINT('',(7.35,-34.9,14.201));
#5951 = DEFINITIONAL_REPRESENTATION('',(#5952),#5955);
#5952 = B_SPLINE_CURVE_WITH_KNOTS('',1,(#5953,#5954),.UNSPECIFIED.,.F.,
  .F.,(2,2),(0.,1.),.PIECEWISE_BEZIER_KNOTS.);
#5953 = CARTESIAN_POINT('',(1.030546363624,5.711022272987E-02));
#5954 = CARTESIAN_POINT('',(-1.030546363624,5.711022272987E-02));
#5955 = ( GEOMETRIC_REPRESENTATION_CONTEXT(2) 
PARAMETRIC_REPRESENTATION_CONTEXT() REPRESENTATION_CONTEXT('2D SPACE',''
  ) );
#5956 = ORIENTED_EDGE('',*,*,#5957,.T.);
#5957 = EDGE_CURVE('',#5933,#5958,#5960,.T.);
#5958 = VERTEX_POINT('',#5959);
#5959 = CARTESIAN_POINT('',(5.978801853994,-48.02880185399,12.55));
#5960 = SURFACE_CURVE('',#5961,(#5964,#5970),.PCURVE_S1.);
#5961 = B_SPLINE_CURVE_WITH_KNOTS('',1,(#5962,#5963),.UNSPECIFIED.,.F.,
  .F.,(2,2),(0.,1.),.PIECEWISE_BEZIER_KNOTS.);
#5962 = CARTESIAN_POINT('',(5.978801853994,-34.871198146,12.55));
#5963 = CARTESIAN_POINT('',(5.978801853994,-48.02880185399,12.55));
#5964 = PCURVE('',#4407,#5965);
#5965 = DEFINITIONAL_REPRESENTATION('',(#5966),#5969);
#5966 = B_SPLINE_CURVE_WITH_KNOTS('',1,(#5967,#5968),.UNSPECIFIED.,.F.,
  .F.,(2,2),(0.,1.),.PIECEWISE_BEZIER_KNOTS.);
#5967 = CARTESIAN_POINT('',(29.951855499972,-2.509269227725));
#5968 = CARTESIAN_POINT('',(17.654922841434,-7.189865613642));
#5969 = ( GEOMETRIC_REPRESENTATION_CONTEXT(2) 
PARAMETRIC_REPRESENTATION_CONTEXT() REPRESENTATION_CONTEXT('2D SPACE',''
  ) );
#5970 = PCURVE('',#5971,#5976);
#5971 = B_SPLINE_SURFACE_WITH_KNOTS('',1,1,(
    (#5972,#5973)
    ,(#5974,#5975
    )),.UNSPECIFIED.,.F.,.F.,.F.,(2,2),(2,2),(-6.580546363624,
    6.580546363624),(0.,1.),.PIECEWISE_BEZIER_KNOTS.);
#5972 = CARTESIAN_POINT('',(5.980546363624,-48.03054636362,12.45));
#5973 = CARTESIAN_POINT('',(5.95,-48.,14.201));
#5974 = CARTESIAN_POINT('',(5.980546363624,-34.86945363637,12.45));
#5975 = CARTESIAN_POINT('',(5.95,-34.9,14.201));
#5976 = DEFINITIONAL_REPRESENTATION('',(#5977),#5980);
#5977 = B_SPLINE_CURVE_WITH_KNOTS('',1,(#5978,#5979),.UNSPECIFIED.,.F.,
  .F.,(2,2),(0.,1.),.PIECEWISE_BEZIER_KNOTS.);
#5978 = CARTESIAN_POINT('',(6.580546363624,5.711022272987E-02));
#5979 = CARTESIAN_POINT('',(-6.580546363624,5.711022272987E-02));
#5980 = ( GEOMETRIC_REPRESENTATION_CONTEXT(2) 
PARAMETRIC_REPRESENTATION_CONTEXT() REPRESENTATION_CONTEXT('2D SPACE',''
  ) );
#5981 = ORIENTED_EDGE('',*,*,#5982,.T.);
#5982 = EDGE_CURVE('',#5958,#5983,#5985,.T.);
#5983 = VERTEX_POINT('',#5984);
#5984 = CARTESIAN_POINT('',(5.321198146006,-48.02880185399,12.55));
#5985 = SURFACE_CURVE('',#5986,(#5989,#5995),.PCURVE_S1.);
#5986 = B_SPLINE_CURVE_WITH_KNOTS('',1,(#5987,#5988),.UNSPECIFIED.,.F.,
  .F.,(2,2),(0.,1.),.PIECEWISE_BEZIER_KNOTS.);
#5987 = CARTESIAN_POINT('',(5.978801853994,-48.02880185399,12.55));
#5988 = CARTESIAN_POINT('',(5.321198146006,-48.02880185399,12.55));
#5989 = PCURVE('',#4407,#5990);
#5990 = DEFINITIONAL_REPRESENTATION('',(#5991),#5994);
#5991 = B_SPLINE_CURVE_WITH_KNOTS('',1,(#5992,#5993),.UNSPECIFIED.,.F.,
  .F.,(2,2),(0.,1.),.PIECEWISE_BEZIER_KNOTS.);
#5992 = CARTESIAN_POINT('',(17.654922841434,-7.189865613642));
#5993 = CARTESIAN_POINT('',(17.420991374331,-6.575277373063));
#5994 = ( GEOMETRIC_REPRESENTATION_CONTEXT(2) 
PARAMETRIC_REPRESENTATION_CONTEXT() REPRESENTATION_CONTEXT('2D SPACE',''
  ) );
#5995 = PCURVE('',#5996,#6001);
#5996 = B_SPLINE_SURFACE_WITH_KNOTS('',1,1,(
    (#5997,#5998)
    ,(#5999,#6000
    )),.UNSPECIFIED.,.F.,.F.,.F.,(2,2),(2,2),(-0.330546363624,
    0.330546363624),(0.,1.),.PIECEWISE_BEZIER_KNOTS.);
#5997 = CARTESIAN_POINT('',(5.319453636376,-48.03054636362,12.45));
#5998 = CARTESIAN_POINT('',(5.35,-48.,14.201));
#5999 = CARTESIAN_POINT('',(5.980546363624,-48.03054636362,12.45));
#6000 = CARTESIAN_POINT('',(5.95,-48.,14.201));
#6001 = DEFINITIONAL_REPRESENTATION('',(#6002),#6005);
#6002 = B_SPLINE_CURVE_WITH_KNOTS('',1,(#6003,#6004),.UNSPECIFIED.,.F.,
  .F.,(2,2),(0.,1.),.PIECEWISE_BEZIER_KNOTS.);
#6003 = CARTESIAN_POINT('',(0.330546363624,5.711022272987E-02));
#6004 = CARTESIAN_POINT('',(-0.330546363624,5.711022272987E-02));
#6005 = ( GEOMETRIC_REPRESENTATION_CONTEXT(2) 
PARAMETRIC_REPRESENTATION_CONTEXT() REPRESENTATION_CONTEXT('2D SPACE',''
  ) );
#6006 = ORIENTED_EDGE('',*,*,#6007,.F.);
#6007 = EDGE_CURVE('',#6008,#5983,#6010,.T.);
#6008 = VERTEX_POINT('',#6009);
#6009 = CARTESIAN_POINT('',(5.321198146006,-34.371198146,12.55));
#6010 = SURFACE_CURVE('',#6011,(#6015,#6022),.PCURVE_S1.);
#6011 = LINE('',#6012,#6013);
#6012 = CARTESIAN_POINT('',(5.321198146006,-34.371198146,12.55));
#6013 = VECTOR('',#6014,1.);
#6014 = DIRECTION('',(0.,-1.,0.));
#6015 = PCURVE('',#4407,#6016);
#6016 = DEFINITIONAL_REPRESENTATION('',(#6017),#6021);
#6017 = LINE('',#6018,#6019);
#6018 = CARTESIAN_POINT('',(30.185217809586,-1.716814390392));
#6019 = VECTOR('',#6020,1.);
#6020 = DIRECTION('',(-0.934587553437,-0.355733193505));
#6021 = ( GEOMETRIC_REPRESENTATION_CONTEXT(2) 
PARAMETRIC_REPRESENTATION_CONTEXT() REPRESENTATION_CONTEXT('2D SPACE',''
  ) );
#6022 = PCURVE('',#6023,#6028);
#6023 = PLANE('',#6024);
#6024 = AXIS2_PLACEMENT_3D('',#6025,#6026,#6027);
#6025 = CARTESIAN_POINT('',(5.334726818188,-34.65,13.3255));
#6026 = DIRECTION('',(-0.99984786903,2.920124836947E-18,
    1.744244236234E-02));
#6027 = DIRECTION('',(9.049064292005E-18,-1.,6.861316917329E-16));
#6028 = DEFINITIONAL_REPRESENTATION('',(#6029),#6033);
#6029 = LINE('',#6030,#6031);
#6030 = CARTESIAN_POINT('',(-0.278801853994,-0.775617995518));
#6031 = VECTOR('',#6032,1.);
#6032 = DIRECTION('',(1.,-6.861851476356E-16));
#6033 = ( GEOMETRIC_REPRESENTATION_CONTEXT(2) 
PARAMETRIC_REPRESENTATION_CONTEXT() REPRESENTATION_CONTEXT('2D SPACE',''
  ) );
#6034 = ORIENTED_EDGE('',*,*,#6035,.T.);
#6035 = EDGE_CURVE('',#6008,#6036,#6038,.T.);
#6036 = VERTEX_POINT('',#6037);
#6037 = CARTESIAN_POINT('',(7.021199142868,-34.371198146,12.55));
#6038 = SURFACE_CURVE('',#6039,(#6042,#6048),.PCURVE_S1.);
#6039 = B_SPLINE_CURVE_WITH_KNOTS('',1,(#6040,#6041),.UNSPECIFIED.,.F.,
  .F.,(2,2),(0.,1.),.PIECEWISE_BEZIER_KNOTS.);
#6040 = CARTESIAN_POINT('',(5.321198146006,-34.371198146,12.55));
#6041 = CARTESIAN_POINT('',(7.378801853994,-34.371198146,12.55));
#6042 = PCURVE('',#4407,#6043);
#6043 = DEFINITIONAL_REPRESENTATION('',(#6044),#6047);
#6044 = B_SPLINE_CURVE_WITH_KNOTS('',1,(#6045,#6046),.UNSPECIFIED.,.F.,
  .F.,(2,2),(0.,1.),.PIECEWISE_BEZIER_KNOTS.);
#6045 = CARTESIAN_POINT('',(30.185217809586,-1.716814390392));
#6046 = CARTESIAN_POINT('',(30.917175747597,-3.639825205783));
#6047 = ( GEOMETRIC_REPRESENTATION_CONTEXT(2) 
PARAMETRIC_REPRESENTATION_CONTEXT() REPRESENTATION_CONTEXT('2D SPACE',''
  ) );
#6048 = PCURVE('',#5776,#6049);
#6049 = DEFINITIONAL_REPRESENTATION('',(#6050),#6053);
#6050 = B_SPLINE_CURVE_WITH_KNOTS('',1,(#6051,#6052),.UNSPECIFIED.,.F.,
  .F.,(2,2),(0.,1.),.PIECEWISE_BEZIER_KNOTS.);
#6051 = CARTESIAN_POINT('',(1.030546363624,5.711022272987E-02));
#6052 = CARTESIAN_POINT('',(-1.030546363624,5.711022272987E-02));
#6053 = ( GEOMETRIC_REPRESENTATION_CONTEXT(2) 
PARAMETRIC_REPRESENTATION_CONTEXT() REPRESENTATION_CONTEXT('2D SPACE',''
  ) );
#6054 = ORIENTED_EDGE('',*,*,#6055,.T.);
#6055 = EDGE_CURVE('',#6036,#6056,#6058,.T.);
#6056 = VERTEX_POINT('',#6057);
#6057 = CARTESIAN_POINT('',(7.021199142868,-25.07880085713,12.55));
#6058 = SURFACE_CURVE('',#6059,(#6063,#6070),.PCURVE_S1.);
#6059 = LINE('',#6060,#6061);
#6060 = CARTESIAN_POINT('',(7.021199142868,-43.525,12.55));
#6061 = VECTOR('',#6062,1.);
#6062 = DIRECTION('',(0.,1.,0.));
#6063 = PCURVE('',#4407,#6064);
#6064 = DEFINITIONAL_REPRESENTATION('',(#6065),#6069);
#6065 = LINE('',#6066,#6067);
#6066 = CARTESIAN_POINT('',(22.234935313794,-6.561925329125));
#6067 = VECTOR('',#6068,1.);
#6068 = DIRECTION('',(0.934587553437,0.355733193505));
#6069 = ( GEOMETRIC_REPRESENTATION_CONTEXT(2) 
PARAMETRIC_REPRESENTATION_CONTEXT() REPRESENTATION_CONTEXT('2D SPACE',''
  ) );
#6070 = PCURVE('',#5751,#6071);
#6071 = DEFINITIONAL_REPRESENTATION('',(#6072),#6075);
#6072 = B_SPLINE_CURVE_WITH_KNOTS('',1,(#6073,#6074),.UNSPECIFIED.,.F.,
  .F.,(2,2),(-18.44619914286,18.446199142868),.PIECEWISE_BEZIER_KNOTS.);
#6073 = CARTESIAN_POINT('',(-18.475,0.));
#6074 = CARTESIAN_POINT('',(18.475,0.));
#6075 = ( GEOMETRIC_REPRESENTATION_CONTEXT(2) 
PARAMETRIC_REPRESENTATION_CONTEXT() REPRESENTATION_CONTEXT('2D SPACE',''
  ) );
#6076 = ORIENTED_EDGE('',*,*,#6077,.F.);
#6077 = EDGE_CURVE('',#5840,#6056,#6078,.T.);
#6078 = SURFACE_CURVE('',#6079,(#6083,#6090),.PCURVE_S1.);
#6079 = LINE('',#6080,#6081);
#6080 = CARTESIAN_POINT('',(0.,-25.07880085713,12.55));
#6081 = VECTOR('',#6082,1.);
#6082 = DIRECTION('',(1.,0.,0.));
#6083 = PCURVE('',#4407,#6084);
#6084 = DEFINITIONAL_REPRESENTATION('',(#6085),#6089);
#6085 = LINE('',#6086,#6087);
#6086 = CARTESIAN_POINT('',(36.976849847604,6.561925329125));
#6087 = VECTOR('',#6088,1.);
#6088 = DIRECTION('',(0.355733193505,-0.934587553437));
#6089 = ( GEOMETRIC_REPRESENTATION_CONTEXT(2) 
PARAMETRIC_REPRESENTATION_CONTEXT() REPRESENTATION_CONTEXT('2D SPACE',''
  ) );
#6090 = PCURVE('',#5726,#6091);
#6091 = DEFINITIONAL_REPRESENTATION('',(#6092),#6095);
#6092 = B_SPLINE_CURVE_WITH_KNOTS('',1,(#6093,#6094),.UNSPECIFIED.,.F.,
  .F.,(2,2),(-7.021199142868,7.021199142868),.PIECEWISE_BEZIER_KNOTS.);
#6093 = CARTESIAN_POINT('',(7.05,0.));
#6094 = CARTESIAN_POINT('',(-7.05,0.));
#6095 = ( GEOMETRIC_REPRESENTATION_CONTEXT(2) 
PARAMETRIC_REPRESENTATION_CONTEXT() REPRESENTATION_CONTEXT('2D SPACE',''
  ) );
#6096 = FACE_BOUND('',#6097,.F.);
#6097 = EDGE_LOOP('',(#6098,#6125,#6150,#6175));
#6098 = ORIENTED_EDGE('',*,*,#6099,.T.);
#6099 = EDGE_CURVE('',#6100,#6102,#6104,.T.);
#6100 = VERTEX_POINT('',#6101);
#6101 = CARTESIAN_POINT('',(5.848125,-56.998125,12.55));
#6102 = VERTEX_POINT('',#6103);
#6103 = CARTESIAN_POINT('',(3.901875,-56.998125,12.55));
#6104 = SURFACE_CURVE('',#6105,(#6108,#6114),.PCURVE_S1.);
#6105 = B_SPLINE_CURVE_WITH_KNOTS('',1,(#6106,#6107),.UNSPECIFIED.,.F.,
  .F.,(2,2),(0.,1.),.PIECEWISE_BEZIER_KNOTS.);
#6106 = CARTESIAN_POINT('',(5.848125,-56.998125,12.55));
#6107 = CARTESIAN_POINT('',(3.901875,-56.998125,12.55));
#6108 = PCURVE('',#4407,#6109);
#6109 = DEFINITIONAL_REPRESENTATION('',(#6110),#6113);
#6110 = B_SPLINE_CURVE_WITH_KNOTS('',1,(#6111,#6112),.UNSPECIFIED.,.F.,
  .F.,(2,2),(0.,1.),.PIECEWISE_BEZIER_KNOTS.);
#6111 = CARTESIAN_POINT('',(9.225818971838,-10.25842261868));
#6112 = CARTESIAN_POINT('',(8.533473243978,-8.43948159281));
#6113 = ( GEOMETRIC_REPRESENTATION_CONTEXT(2) 
PARAMETRIC_REPRESENTATION_CONTEXT() REPRESENTATION_CONTEXT('2D SPACE',''
  ) );
#6114 = PCURVE('',#6115,#6120);
#6115 = B_SPLINE_SURFACE_WITH_KNOTS('',1,1,(
    (#6116,#6117)
    ,(#6118,#6119
  )),.UNSPECIFIED.,.F.,.F.,.F.,(2,2),(2,2),(-0.975,0.975),(0.,1.),
  .PIECEWISE_BEZIER_KNOTS.);
#6116 = CARTESIAN_POINT('',(3.9,-57.,12.45));
#6117 = CARTESIAN_POINT('',(3.93,-56.97,14.05));
#6118 = CARTESIAN_POINT('',(5.85,-57.,12.45));
#6119 = CARTESIAN_POINT('',(5.82,-56.97,14.05));
#6120 = DEFINITIONAL_REPRESENTATION('',(#6121),#6124);
#6121 = B_SPLINE_CURVE_WITH_KNOTS('',1,(#6122,#6123),.UNSPECIFIED.,.F.,
  .F.,(2,2),(0.,1.),.PIECEWISE_BEZIER_KNOTS.);
#6122 = CARTESIAN_POINT('',(0.975,6.25E-02));
#6123 = CARTESIAN_POINT('',(-0.975,6.25E-02));
#6124 = ( GEOMETRIC_REPRESENTATION_CONTEXT(2) 
PARAMETRIC_REPRESENTATION_CONTEXT() REPRESENTATION_CONTEXT('2D SPACE',''
  ) );
#6125 = ORIENTED_EDGE('',*,*,#6126,.T.);
#6126 = EDGE_CURVE('',#6102,#6127,#6129,.T.);
#6127 = VERTEX_POINT('',#6128);
#6128 = CARTESIAN_POINT('',(3.901875,-49.501875,12.55));
#6129 = SURFACE_CURVE('',#6130,(#6133,#6139),.PCURVE_S1.);
#6130 = B_SPLINE_CURVE_WITH_KNOTS('',1,(#6131,#6132),.UNSPECIFIED.,.F.,
  .F.,(2,2),(0.,1.),.PIECEWISE_BEZIER_KNOTS.);
#6131 = CARTESIAN_POINT('',(3.901875,-56.998125,12.55));
#6132 = CARTESIAN_POINT('',(3.901875,-49.501875,12.55));
#6133 = PCURVE('',#4407,#6134);
#6134 = DEFINITIONAL_REPRESENTATION('',(#6135),#6138);
#6135 = B_SPLINE_CURVE_WITH_KNOTS('',1,(#6136,#6137),.UNSPECIFIED.,.F.,
  .F.,(2,2),(0.,1.),.PIECEWISE_BEZIER_KNOTS.);
#6136 = CARTESIAN_POINT('',(8.533473243978,-8.43948159281));
#6137 = CARTESIAN_POINT('',(15.539375191428,-5.772816640997));
#6138 = ( GEOMETRIC_REPRESENTATION_CONTEXT(2) 
PARAMETRIC_REPRESENTATION_CONTEXT() REPRESENTATION_CONTEXT('2D SPACE',''
  ) );
#6139 = PCURVE('',#6140,#6145);
#6140 = B_SPLINE_SURFACE_WITH_KNOTS('',1,1,(
    (#6141,#6142)
    ,(#6143,#6144
    )),.UNSPECIFIED.,.F.,.F.,.F.,(2,2),(2,2),(-3.75,3.75),(0.,1.),
  .PIECEWISE_BEZIER_KNOTS.);
#6141 = CARTESIAN_POINT('',(3.9,-49.5,12.45));
#6142 = CARTESIAN_POINT('',(3.93,-49.53,14.05));
#6143 = CARTESIAN_POINT('',(3.9,-57.,12.45));
#6144 = CARTESIAN_POINT('',(3.93,-56.97,14.05));
#6145 = DEFINITIONAL_REPRESENTATION('',(#6146),#6149);
#6146 = B_SPLINE_CURVE_WITH_KNOTS('',1,(#6147,#6148),.UNSPECIFIED.,.F.,
  .F.,(2,2),(0.,1.),.PIECEWISE_BEZIER_KNOTS.);
#6147 = CARTESIAN_POINT('',(3.75,6.25E-02));
#6148 = CARTESIAN_POINT('',(-3.75,6.25E-02));
#6149 = ( GEOMETRIC_REPRESENTATION_CONTEXT(2) 
PARAMETRIC_REPRESENTATION_CONTEXT() REPRESENTATION_CONTEXT('2D SPACE',''
  ) );
#6150 = ORIENTED_EDGE('',*,*,#6151,.T.);
#6151 = EDGE_CURVE('',#6127,#6152,#6154,.T.);
#6152 = VERTEX_POINT('',#6153);
#6153 = CARTESIAN_POINT('',(5.848125,-49.501875,12.55));
#6154 = SURFACE_CURVE('',#6155,(#6158,#6164),.PCURVE_S1.);
#6155 = B_SPLINE_CURVE_WITH_KNOTS('',1,(#6156,#6157),.UNSPECIFIED.,.F.,
  .F.,(2,2),(0.,1.),.PIECEWISE_BEZIER_KNOTS.);
#6156 = CARTESIAN_POINT('',(3.901875,-49.501875,12.55));
#6157 = CARTESIAN_POINT('',(5.848125,-49.501875,12.55));
#6158 = PCURVE('',#4407,#6159);
#6159 = DEFINITIONAL_REPRESENTATION('',(#6160),#6163);
#6160 = B_SPLINE_CURVE_WITH_KNOTS('',1,(#6161,#6162),.UNSPECIFIED.,.F.,
  .F.,(2,2),(0.,1.),.PIECEWISE_BEZIER_KNOTS.);
#6161 = CARTESIAN_POINT('',(15.539375191428,-5.772816640997));
#6162 = CARTESIAN_POINT('',(16.231720919287,-7.591757666873));
#6163 = ( GEOMETRIC_REPRESENTATION_CONTEXT(2) 
PARAMETRIC_REPRESENTATION_CONTEXT() REPRESENTATION_CONTEXT('2D SPACE',''
  ) );
#6164 = PCURVE('',#6165,#6170);
#6165 = B_SPLINE_SURFACE_WITH_KNOTS('',1,1,(
    (#6166,#6167)
    ,(#6168,#6169
  )),.UNSPECIFIED.,.F.,.F.,.F.,(2,2),(2,2),(-0.975,0.975),(0.,1.),
  .PIECEWISE_BEZIER_KNOTS.);
#6166 = CARTESIAN_POINT('',(5.85,-49.5,12.45));
#6167 = CARTESIAN_POINT('',(5.82,-49.53,14.05));
#6168 = CARTESIAN_POINT('',(3.9,-49.5,12.45));
#6169 = CARTESIAN_POINT('',(3.93,-49.53,14.05));
#6170 = DEFINITIONAL_REPRESENTATION('',(#6171),#6174);
#6171 = B_SPLINE_CURVE_WITH_KNOTS('',1,(#6172,#6173),.UNSPECIFIED.,.F.,
  .F.,(2,2),(0.,1.),.PIECEWISE_BEZIER_KNOTS.);
#6172 = CARTESIAN_POINT('',(0.975,6.25E-02));
#6173 = CARTESIAN_POINT('',(-0.975,6.25E-02));
#6174 = ( GEOMETRIC_REPRESENTATION_CONTEXT(2) 
PARAMETRIC_REPRESENTATION_CONTEXT() REPRESENTATION_CONTEXT('2D SPACE',''
  ) );
#6175 = ORIENTED_EDGE('',*,*,#6176,.T.);
#6176 = EDGE_CURVE('',#6152,#6100,#6177,.T.);
#6177 = SURFACE_CURVE('',#6178,(#6181,#6187),.PCURVE_S1.);
#6178 = B_SPLINE_CURVE_WITH_KNOTS('',1,(#6179,#6180),.UNSPECIFIED.,.F.,
  .F.,(2,2),(0.,1.),.PIECEWISE_BEZIER_KNOTS.);
#6179 = CARTESIAN_POINT('',(5.848125,-49.501875,12.55));
#6180 = CARTESIAN_POINT('',(5.848125,-56.998125,12.55));
#6181 = PCURVE('',#4407,#6182);
#6182 = DEFINITIONAL_REPRESENTATION('',(#6183),#6186);
#6183 = B_SPLINE_CURVE_WITH_KNOTS('',1,(#6184,#6185),.UNSPECIFIED.,.F.,
  .F.,(2,2),(0.,1.),.PIECEWISE_BEZIER_KNOTS.);
#6184 = CARTESIAN_POINT('',(16.231720919287,-7.591757666873));
#6185 = CARTESIAN_POINT('',(9.225818971838,-10.25842261868));
#6186 = ( GEOMETRIC_REPRESENTATION_CONTEXT(2) 
PARAMETRIC_REPRESENTATION_CONTEXT() REPRESENTATION_CONTEXT('2D SPACE',''
  ) );
#6187 = PCURVE('',#6188,#6193);
#6188 = B_SPLINE_SURFACE_WITH_KNOTS('',1,1,(
    (#6189,#6190)
    ,(#6191,#6192
    )),.UNSPECIFIED.,.F.,.F.,.F.,(2,2),(2,2),(-3.75,3.75),(0.,1.),
  .PIECEWISE_BEZIER_KNOTS.);
#6189 = CARTESIAN_POINT('',(5.85,-57.,12.45));
#6190 = CARTESIAN_POINT('',(5.82,-56.97,14.05));
#6191 = CARTESIAN_POINT('',(5.85,-49.5,12.45));
#6192 = CARTESIAN_POINT('',(5.82,-49.53,14.05));
#6193 = DEFINITIONAL_REPRESENTATION('',(#6194),#6197);
#6194 = B_SPLINE_CURVE_WITH_KNOTS('',1,(#6195,#6196),.UNSPECIFIED.,.F.,
  .F.,(2,2),(0.,1.),.PIECEWISE_BEZIER_KNOTS.);
#6195 = CARTESIAN_POINT('',(3.75,6.25E-02));
#6196 = CARTESIAN_POINT('',(-3.75,6.25E-02));
#6197 = ( GEOMETRIC_REPRESENTATION_CONTEXT(2) 
PARAMETRIC_REPRESENTATION_CONTEXT() REPRESENTATION_CONTEXT('2D SPACE',''
  ) );
#6198 = FACE_BOUND('',#6199,.F.);
#6199 = EDGE_LOOP('',(#6200,#6227,#6252,#6277,#6302,#6327,#6347,#6372));
#6200 = ORIENTED_EDGE('',*,*,#6201,.T.);
#6201 = EDGE_CURVE('',#6202,#6204,#6206,.T.);
#6202 = VERTEX_POINT('',#6203);
#6203 = CARTESIAN_POINT('',(3.048254493507,-26.05174550649,12.55));
#6204 = VERTEX_POINT('',#6205);
#6205 = CARTESIAN_POINT('',(3.048254493507,-54.1523076923,12.55));
#6206 = SURFACE_CURVE('',#6207,(#6210,#6216),.PCURVE_S1.);
#6207 = B_SPLINE_CURVE_WITH_KNOTS('',1,(#6208,#6209),.UNSPECIFIED.,.F.,
  .F.,(2,2),(0.,1.),.PIECEWISE_BEZIER_KNOTS.);
#6208 = CARTESIAN_POINT('',(3.048254493507,-26.05174550649,12.55));
#6209 = CARTESIAN_POINT('',(3.048254493507,-56.1482544935,12.55));
#6210 = PCURVE('',#4407,#6211);
#6211 = DEFINITIONAL_REPRESENTATION('',(#6212),#6215);
#6212 = B_SPLINE_CURVE_WITH_KNOTS('',1,(#6213,#6214),.UNSPECIFIED.,.F.,
  .F.,(2,2),(0.,1.),.PIECEWISE_BEZIER_KNOTS.);
#6213 = CARTESIAN_POINT('',(37.15191319372,3.366955912565));
#6214 = CARTESIAN_POINT('',(9.024090492563,-7.339371342743));
#6215 = ( GEOMETRIC_REPRESENTATION_CONTEXT(2) 
PARAMETRIC_REPRESENTATION_CONTEXT() REPRESENTATION_CONTEXT('2D SPACE',''
  ) );
#6216 = PCURVE('',#6217,#6222);
#6217 = B_SPLINE_SURFACE_WITH_KNOTS('',1,1,(
    (#6218,#6219)
    ,(#6220,#6221
  )),.UNSPECIFIED.,.F.,.F.,.F.,(2,2),(2,2),(-15.05,15.05),(0.,1.),
  .PIECEWISE_BEZIER_KNOTS.);
#6218 = CARTESIAN_POINT('',(3.05,-56.15,12.45));
#6219 = CARTESIAN_POINT('',(3.035163194811,-56.13516319481,13.3));
#6220 = CARTESIAN_POINT('',(3.05,-26.05,12.45));
#6221 = CARTESIAN_POINT('',(3.035163194811,-26.06483680518,13.3));
#6222 = DEFINITIONAL_REPRESENTATION('',(#6223),#6226);
#6223 = B_SPLINE_CURVE_WITH_KNOTS('',1,(#6224,#6225),.UNSPECIFIED.,.F.,
  .F.,(2,2),(0.,1.),.PIECEWISE_BEZIER_KNOTS.);
#6224 = CARTESIAN_POINT('',(15.05,0.117647058824));
#6225 = CARTESIAN_POINT('',(-15.05,0.117647058824));
#6226 = ( GEOMETRIC_REPRESENTATION_CONTEXT(2) 
PARAMETRIC_REPRESENTATION_CONTEXT() REPRESENTATION_CONTEXT('2D SPACE',''
  ) );
#6227 = ORIENTED_EDGE('',*,*,#6228,.T.);
#6228 = EDGE_CURVE('',#6204,#6229,#6231,.T.);
#6229 = VERTEX_POINT('',#6230);
#6230 = CARTESIAN_POINT('',(3.497692307692,-54.1523076923,12.55));
#6231 = SURFACE_CURVE('',#6232,(#6235,#6241),.PCURVE_S1.);
#6232 = B_SPLINE_CURVE_WITH_KNOTS('',1,(#6233,#6234),.UNSPECIFIED.,.F.,
  .F.,(2,2),(0.,1.),.PIECEWISE_BEZIER_KNOTS.);
#6233 = CARTESIAN_POINT('',(-3.497692307692,-54.1523076923,12.55));
#6234 = CARTESIAN_POINT('',(3.497692307692,-54.1523076923,12.55));
#6235 = PCURVE('',#4407,#6236);
#6236 = DEFINITIONAL_REPRESENTATION('',(#6237),#6240);
#6237 = B_SPLINE_CURVE_WITH_KNOTS('',1,(#6238,#6239),.UNSPECIFIED.,.F.,
  .F.,(2,2),(0.,1.),.PIECEWISE_BEZIER_KNOTS.);
#6238 = CARTESIAN_POINT('',(8.56086697018,-0.511586407226));
#6239 = CARTESIAN_POINT('',(11.049357479208,-7.049385800267));
#6240 = ( GEOMETRIC_REPRESENTATION_CONTEXT(2) 
PARAMETRIC_REPRESENTATION_CONTEXT() REPRESENTATION_CONTEXT('2D SPACE',''
  ) );
#6241 = PCURVE('',#6242,#6247);
#6242 = B_SPLINE_SURFACE_WITH_KNOTS('',1,1,(
    (#6243,#6244)
    ,(#6245,#6246
    )),.UNSPECIFIED.,.F.,.F.,.F.,(2,2),(2,2),(-3.5,3.5),(0.,1.),
  .PIECEWISE_BEZIER_KNOTS.);
#6243 = CARTESIAN_POINT('',(3.5,-54.15,12.45));
#6244 = CARTESIAN_POINT('',(3.47,-54.18,13.75));
#6245 = CARTESIAN_POINT('',(-3.5,-54.15,12.45));
#6246 = CARTESIAN_POINT('',(-3.47,-54.18,13.75));
#6247 = DEFINITIONAL_REPRESENTATION('',(#6248),#6251);
#6248 = B_SPLINE_CURVE_WITH_KNOTS('',1,(#6249,#6250),.UNSPECIFIED.,.F.,
  .F.,(2,2),(0.,1.),.PIECEWISE_BEZIER_KNOTS.);
#6249 = CARTESIAN_POINT('',(3.5,7.692307692308E-02));
#6250 = CARTESIAN_POINT('',(-3.5,7.692307692308E-02));
#6251 = ( GEOMETRIC_REPRESENTATION_CONTEXT(2) 
PARAMETRIC_REPRESENTATION_CONTEXT() REPRESENTATION_CONTEXT('2D SPACE',''
  ) );
#6252 = ORIENTED_EDGE('',*,*,#6253,.T.);
#6253 = EDGE_CURVE('',#6229,#6254,#6256,.T.);
#6254 = VERTEX_POINT('',#6255);
#6255 = CARTESIAN_POINT('',(3.497692307692,-59.74769230769,12.55));
#6256 = SURFACE_CURVE('',#6257,(#6260,#6266),.PCURVE_S1.);
#6257 = B_SPLINE_CURVE_WITH_KNOTS('',1,(#6258,#6259),.UNSPECIFIED.,.F.,
  .F.,(2,2),(0.,1.),.PIECEWISE_BEZIER_KNOTS.);
#6258 = CARTESIAN_POINT('',(3.497692307692,-54.1523076923,12.55));
#6259 = CARTESIAN_POINT('',(3.497692307692,-59.74769230769,12.55));
#6260 = PCURVE('',#4407,#6261);
#6261 = DEFINITIONAL_REPRESENTATION('',(#6262),#6265);
#6262 = B_SPLINE_CURVE_WITH_KNOTS('',1,(#6263,#6264),.UNSPECIFIED.,.F.,
  .F.,(2,2),(0.,1.),.PIECEWISE_BEZIER_KNOTS.);
#6263 = CARTESIAN_POINT('',(11.049357479208,-7.049385800267));
#6264 = CARTESIAN_POINT('',(5.819980660979,-9.039849838387));
#6265 = ( GEOMETRIC_REPRESENTATION_CONTEXT(2) 
PARAMETRIC_REPRESENTATION_CONTEXT() REPRESENTATION_CONTEXT('2D SPACE',''
  ) );
#6266 = PCURVE('',#6267,#6272);
#6267 = B_SPLINE_SURFACE_WITH_KNOTS('',1,1,(
    (#6268,#6269)
    ,(#6270,#6271
    )),.UNSPECIFIED.,.F.,.F.,.F.,(2,2),(2,2),(-2.8,2.8),(0.,1.),
  .PIECEWISE_BEZIER_KNOTS.);
#6268 = CARTESIAN_POINT('',(3.5,-59.75,12.45));
#6269 = CARTESIAN_POINT('',(3.47,-59.72,13.75));
#6270 = CARTESIAN_POINT('',(3.5,-54.15,12.45));
#6271 = CARTESIAN_POINT('',(3.47,-54.18,13.75));
#6272 = DEFINITIONAL_REPRESENTATION('',(#6273),#6276);
#6273 = B_SPLINE_CURVE_WITH_KNOTS('',1,(#6274,#6275),.UNSPECIFIED.,.F.,
  .F.,(2,2),(0.,1.),.PIECEWISE_BEZIER_KNOTS.);
#6274 = CARTESIAN_POINT('',(2.8,7.692307692308E-02));
#6275 = CARTESIAN_POINT('',(-2.8,7.692307692308E-02));
#6276 = ( GEOMETRIC_REPRESENTATION_CONTEXT(2) 
PARAMETRIC_REPRESENTATION_CONTEXT() REPRESENTATION_CONTEXT('2D SPACE',''
  ) );
#6277 = ORIENTED_EDGE('',*,*,#6278,.T.);
#6278 = EDGE_CURVE('',#6254,#6279,#6281,.T.);
#6279 = VERTEX_POINT('',#6280);
#6280 = CARTESIAN_POINT('',(-3.497692307692,-59.74769230769,12.55));
#6281 = SURFACE_CURVE('',#6282,(#6285,#6291),.PCURVE_S1.);
#6282 = B_SPLINE_CURVE_WITH_KNOTS('',1,(#6283,#6284),.UNSPECIFIED.,.F.,
  .F.,(2,2),(0.,1.),.PIECEWISE_BEZIER_KNOTS.);
#6283 = CARTESIAN_POINT('',(3.497692307692,-59.74769230769,12.55));
#6284 = CARTESIAN_POINT('',(-3.497692307692,-59.74769230769,12.55));
#6285 = PCURVE('',#4407,#6286);
#6286 = DEFINITIONAL_REPRESENTATION('',(#6287),#6290);
#6287 = B_SPLINE_CURVE_WITH_KNOTS('',1,(#6288,#6289),.UNSPECIFIED.,.F.,
  .F.,(2,2),(0.,1.),.PIECEWISE_BEZIER_KNOTS.);
#6288 = CARTESIAN_POINT('',(5.819980660979,-9.039849838387));
#6289 = CARTESIAN_POINT('',(3.331490151951,-2.502050445347));
#6290 = ( GEOMETRIC_REPRESENTATION_CONTEXT(2) 
PARAMETRIC_REPRESENTATION_CONTEXT() REPRESENTATION_CONTEXT('2D SPACE',''
  ) );
#6291 = PCURVE('',#6292,#6297);
#6292 = B_SPLINE_SURFACE_WITH_KNOTS('',1,1,(
    (#6293,#6294)
    ,(#6295,#6296
    )),.UNSPECIFIED.,.F.,.F.,.F.,(2,2),(2,2),(-3.5,3.5),(0.,1.),
  .PIECEWISE_BEZIER_KNOTS.);
#6293 = CARTESIAN_POINT('',(-3.5,-59.75,12.45));
#6294 = CARTESIAN_POINT('',(-3.47,-59.72,13.75));
#6295 = CARTESIAN_POINT('',(3.5,-59.75,12.45));
#6296 = CARTESIAN_POINT('',(3.47,-59.72,13.75));
#6297 = DEFINITIONAL_REPRESENTATION('',(#6298),#6301);
#6298 = B_SPLINE_CURVE_WITH_KNOTS('',1,(#6299,#6300),.UNSPECIFIED.,.F.,
  .F.,(2,2),(0.,1.),.PIECEWISE_BEZIER_KNOTS.);
#6299 = CARTESIAN_POINT('',(3.5,7.692307692308E-02));
#6300 = CARTESIAN_POINT('',(-3.5,7.692307692308E-02));
#6301 = ( GEOMETRIC_REPRESENTATION_CONTEXT(2) 
PARAMETRIC_REPRESENTATION_CONTEXT() REPRESENTATION_CONTEXT('2D SPACE',''
  ) );
#6302 = ORIENTED_EDGE('',*,*,#6303,.T.);
#6303 = EDGE_CURVE('',#6279,#6304,#6306,.T.);
#6304 = VERTEX_POINT('',#6305);
#6305 = CARTESIAN_POINT('',(-3.497692307692,-54.1523076923,12.55));
#6306 = SURFACE_CURVE('',#6307,(#6310,#6316),.PCURVE_S1.);
#6307 = B_SPLINE_CURVE_WITH_KNOTS('',1,(#6308,#6309),.UNSPECIFIED.,.F.,
  .F.,(2,2),(0.,1.),.PIECEWISE_BEZIER_KNOTS.);
#6308 = CARTESIAN_POINT('',(-3.497692307692,-59.74769230769,12.55));
#6309 = CARTESIAN_POINT('',(-3.497692307692,-54.1523076923,12.55));
#6310 = PCURVE('',#4407,#6311);
#6311 = DEFINITIONAL_REPRESENTATION('',(#6312),#6315);
#6312 = B_SPLINE_CURVE_WITH_KNOTS('',1,(#6313,#6314),.UNSPECIFIED.,.F.,
  .F.,(2,2),(0.,1.),.PIECEWISE_BEZIER_KNOTS.);
#6313 = CARTESIAN_POINT('',(3.331490151951,-2.502050445347));
#6314 = CARTESIAN_POINT('',(8.56086697018,-0.511586407226));
#6315 = ( GEOMETRIC_REPRESENTATION_CONTEXT(2) 
PARAMETRIC_REPRESENTATION_CONTEXT() REPRESENTATION_CONTEXT('2D SPACE',''
  ) );
#6316 = PCURVE('',#6317,#6322);
#6317 = B_SPLINE_SURFACE_WITH_KNOTS('',1,1,(
    (#6318,#6319)
    ,(#6320,#6321
    )),.UNSPECIFIED.,.F.,.F.,.F.,(2,2),(2,2),(-2.8,2.8),(0.,1.),
  .PIECEWISE_BEZIER_KNOTS.);
#6318 = CARTESIAN_POINT('',(-3.5,-54.15,12.45));
#6319 = CARTESIAN_POINT('',(-3.47,-54.18,13.75));
#6320 = CARTESIAN_POINT('',(-3.5,-59.75,12.45));
#6321 = CARTESIAN_POINT('',(-3.47,-59.72,13.75));
#6322 = DEFINITIONAL_REPRESENTATION('',(#6323),#6326);
#6323 = B_SPLINE_CURVE_WITH_KNOTS('',1,(#6324,#6325),.UNSPECIFIED.,.F.,
  .F.,(2,2),(0.,1.),.PIECEWISE_BEZIER_KNOTS.);
#6324 = CARTESIAN_POINT('',(2.8,7.692307692308E-02));
#6325 = CARTESIAN_POINT('',(-2.8,7.692307692308E-02));
#6326 = ( GEOMETRIC_REPRESENTATION_CONTEXT(2) 
PARAMETRIC_REPRESENTATION_CONTEXT() REPRESENTATION_CONTEXT('2D SPACE',''
  ) );
#6327 = ORIENTED_EDGE('',*,*,#6328,.T.);
#6328 = EDGE_CURVE('',#6304,#6329,#6331,.T.);
#6329 = VERTEX_POINT('',#6330);
#6330 = CARTESIAN_POINT('',(-3.048254493507,-54.1523076923,12.55));
#6331 = SURFACE_CURVE('',#6332,(#6335,#6341),.PCURVE_S1.);
#6332 = B_SPLINE_CURVE_WITH_KNOTS('',1,(#6333,#6334),.UNSPECIFIED.,.F.,
  .F.,(2,2),(0.,1.),.PIECEWISE_BEZIER_KNOTS.);
#6333 = CARTESIAN_POINT('',(-3.497692307692,-54.1523076923,12.55));
#6334 = CARTESIAN_POINT('',(3.497692307692,-54.1523076923,12.55));
#6335 = PCURVE('',#4407,#6336);
#6336 = DEFINITIONAL_REPRESENTATION('',(#6337),#6340);
#6337 = B_SPLINE_CURVE_WITH_KNOTS('',1,(#6338,#6339),.UNSPECIFIED.,.F.,
  .F.,(2,2),(0.,1.),.PIECEWISE_BEZIER_KNOTS.);
#6338 = CARTESIAN_POINT('',(8.56086697018,-0.511586407226));
#6339 = CARTESIAN_POINT('',(11.049357479208,-7.049385800267));
#6340 = ( GEOMETRIC_REPRESENTATION_CONTEXT(2) 
PARAMETRIC_REPRESENTATION_CONTEXT() REPRESENTATION_CONTEXT('2D SPACE',''
  ) );
#6341 = PCURVE('',#6242,#6342);
#6342 = DEFINITIONAL_REPRESENTATION('',(#6343),#6346);
#6343 = B_SPLINE_CURVE_WITH_KNOTS('',1,(#6344,#6345),.UNSPECIFIED.,.F.,
  .F.,(2,2),(0.,1.),.PIECEWISE_BEZIER_KNOTS.);
#6344 = CARTESIAN_POINT('',(3.5,7.692307692308E-02));
#6345 = CARTESIAN_POINT('',(-3.5,7.692307692308E-02));
#6346 = ( GEOMETRIC_REPRESENTATION_CONTEXT(2) 
PARAMETRIC_REPRESENTATION_CONTEXT() REPRESENTATION_CONTEXT('2D SPACE',''
  ) );
#6347 = ORIENTED_EDGE('',*,*,#6348,.T.);
#6348 = EDGE_CURVE('',#6329,#6349,#6351,.T.);
#6349 = VERTEX_POINT('',#6350);
#6350 = CARTESIAN_POINT('',(-3.048254493507,-26.05174550649,12.55));
#6351 = SURFACE_CURVE('',#6352,(#6355,#6361),.PCURVE_S1.);
#6352 = B_SPLINE_CURVE_WITH_KNOTS('',1,(#6353,#6354),.UNSPECIFIED.,.F.,
  .F.,(2,2),(0.,1.),.PIECEWISE_BEZIER_KNOTS.);
#6353 = CARTESIAN_POINT('',(-3.048254493507,-56.1482544935,12.55));
#6354 = CARTESIAN_POINT('',(-3.048254493507,-26.05174550649,12.55));
#6355 = PCURVE('',#4407,#6356);
#6356 = DEFINITIONAL_REPRESENTATION('',(#6357),#6360);
#6357 = B_SPLINE_CURVE_WITH_KNOTS('',1,(#6358,#6359),.UNSPECIFIED.,.F.,
  .F.,(2,2),(0.,1.),.PIECEWISE_BEZIER_KNOTS.);
#6358 = CARTESIAN_POINT('',(6.85535988138,-1.641649924065));
#6359 = CARTESIAN_POINT('',(34.983182582536,9.064677331243));
#6360 = ( GEOMETRIC_REPRESENTATION_CONTEXT(2) 
PARAMETRIC_REPRESENTATION_CONTEXT() REPRESENTATION_CONTEXT('2D SPACE',''
  ) );
#6361 = PCURVE('',#6362,#6367);
#6362 = B_SPLINE_SURFACE_WITH_KNOTS('',1,1,(
    (#6363,#6364)
    ,(#6365,#6366
  )),.UNSPECIFIED.,.F.,.F.,.F.,(2,2),(2,2),(-15.05,15.05),(0.,1.),
  .PIECEWISE_BEZIER_KNOTS.);
#6363 = CARTESIAN_POINT('',(-3.05,-26.05,12.45));
#6364 = CARTESIAN_POINT('',(-3.035163194811,-26.06483680518,13.3));
#6365 = CARTESIAN_POINT('',(-3.05,-56.15,12.45));
#6366 = CARTESIAN_POINT('',(-3.035163194811,-56.13516319481,13.3));
#6367 = DEFINITIONAL_REPRESENTATION('',(#6368),#6371);
#6368 = B_SPLINE_CURVE_WITH_KNOTS('',1,(#6369,#6370),.UNSPECIFIED.,.F.,
  .F.,(2,2),(0.,1.),.PIECEWISE_BEZIER_KNOTS.);
#6369 = CARTESIAN_POINT('',(15.05,0.117647058824));
#6370 = CARTESIAN_POINT('',(-15.05,0.117647058824));
#6371 = ( GEOMETRIC_REPRESENTATION_CONTEXT(2) 
PARAMETRIC_REPRESENTATION_CONTEXT() REPRESENTATION_CONTEXT('2D SPACE',''
  ) );
#6372 = ORIENTED_EDGE('',*,*,#6373,.T.);
#6373 = EDGE_CURVE('',#6349,#6202,#6374,.T.);
#6374 = SURFACE_CURVE('',#6375,(#6378,#6384),.PCURVE_S1.);
#6375 = B_SPLINE_CURVE_WITH_KNOTS('',1,(#6376,#6377),.UNSPECIFIED.,.F.,
  .F.,(2,2),(0.,1.),.PIECEWISE_BEZIER_KNOTS.);
#6376 = CARTESIAN_POINT('',(-3.048254493507,-26.05174550649,12.55));
#6377 = CARTESIAN_POINT('',(3.048254493507,-26.05174550649,12.55));
#6378 = PCURVE('',#4407,#6379);
#6379 = DEFINITIONAL_REPRESENTATION('',(#6380),#6383);
#6380 = B_SPLINE_CURVE_WITH_KNOTS('',1,(#6381,#6382),.UNSPECIFIED.,.F.,
  .F.,(2,2),(0.,1.),.PIECEWISE_BEZIER_KNOTS.);
#6381 = CARTESIAN_POINT('',(34.983182582536,9.064677331243));
#6382 = CARTESIAN_POINT('',(37.15191319372,3.366955912565));
#6383 = ( GEOMETRIC_REPRESENTATION_CONTEXT(2) 
PARAMETRIC_REPRESENTATION_CONTEXT() REPRESENTATION_CONTEXT('2D SPACE',''
  ) );
#6384 = PCURVE('',#6385,#6390);
#6385 = B_SPLINE_SURFACE_WITH_KNOTS('',1,1,(
    (#6386,#6387)
    ,(#6388,#6389
    )),.UNSPECIFIED.,.F.,.F.,.F.,(2,2),(2,2),(-3.05,3.05),(0.,1.),
  .PIECEWISE_BEZIER_KNOTS.);
#6386 = CARTESIAN_POINT('',(3.05,-26.05,12.45));
#6387 = CARTESIAN_POINT('',(3.035163194811,-26.06483680518,13.3));
#6388 = CARTESIAN_POINT('',(-3.05,-26.05,12.45));
#6389 = CARTESIAN_POINT('',(-3.035163194811,-26.06483680518,13.3));
#6390 = DEFINITIONAL_REPRESENTATION('',(#6391),#6394);
#6391 = B_SPLINE_CURVE_WITH_KNOTS('',1,(#6392,#6393),.UNSPECIFIED.,.F.,
  .F.,(2,2),(0.,1.),.PIECEWISE_BEZIER_KNOTS.);
#6392 = CARTESIAN_POINT('',(3.05,0.117647058824));
#6393 = CARTESIAN_POINT('',(-3.05,0.117647058824));
#6394 = ( GEOMETRIC_REPRESENTATION_CONTEXT(2) 
PARAMETRIC_REPRESENTATION_CONTEXT() REPRESENTATION_CONTEXT('2D SPACE',''
  ) );
#6395 = FACE_BOUND('',#6396,.F.);
#6396 = EDGE_LOOP('',(#6397,#6424,#6449,#6474));
#6397 = ORIENTED_EDGE('',*,*,#6398,.T.);
#6398 = EDGE_CURVE('',#6399,#6401,#6403,.T.);
#6399 = VERTEX_POINT('',#6400);
#6400 = CARTESIAN_POINT('',(-3.901875,-56.998125,12.55));
#6401 = VERTEX_POINT('',#6402);
#6402 = CARTESIAN_POINT('',(-5.848125,-56.998125,12.55));
#6403 = SURFACE_CURVE('',#6404,(#6407,#6413),.PCURVE_S1.);
#6404 = B_SPLINE_CURVE_WITH_KNOTS('',1,(#6405,#6406),.UNSPECIFIED.,.F.,
  .F.,(2,2),(0.,1.),.PIECEWISE_BEZIER_KNOTS.);
#6405 = CARTESIAN_POINT('',(-3.901875,-56.998125,12.55));
#6406 = CARTESIAN_POINT('',(-5.848125,-56.998125,12.55));
#6407 = PCURVE('',#4407,#6408);
#6408 = DEFINITIONAL_REPRESENTATION('',(#6409),#6412);
#6409 = B_SPLINE_CURVE_WITH_KNOTS('',1,(#6410,#6411),.UNSPECIFIED.,.F.,
  .F.,(2,2),(0.,1.),.PIECEWISE_BEZIER_KNOTS.);
#6410 = CARTESIAN_POINT('',(5.757420335163,-1.146193972679));
#6411 = CARTESIAN_POINT('',(5.065074607303,0.672747053197));
#6412 = ( GEOMETRIC_REPRESENTATION_CONTEXT(2) 
PARAMETRIC_REPRESENTATION_CONTEXT() REPRESENTATION_CONTEXT('2D SPACE',''
  ) );
#6413 = PCURVE('',#6414,#6419);
#6414 = B_SPLINE_SURFACE_WITH_KNOTS('',1,1,(
    (#6415,#6416)
    ,(#6417,#6418
  )),.UNSPECIFIED.,.F.,.F.,.F.,(2,2),(2,2),(-0.975,0.975),(0.,1.),
  .PIECEWISE_BEZIER_KNOTS.);
#6415 = CARTESIAN_POINT('',(-5.85,-57.,12.45));
#6416 = CARTESIAN_POINT('',(-5.82,-56.97,14.05));
#6417 = CARTESIAN_POINT('',(-3.9,-57.,12.45));
#6418 = CARTESIAN_POINT('',(-3.93,-56.97,14.05));
#6419 = DEFINITIONAL_REPRESENTATION('',(#6420),#6423);
#6420 = B_SPLINE_CURVE_WITH_KNOTS('',1,(#6421,#6422),.UNSPECIFIED.,.F.,
  .F.,(2,2),(0.,1.),.PIECEWISE_BEZIER_KNOTS.);
#6421 = CARTESIAN_POINT('',(0.975,6.25E-02));
#6422 = CARTESIAN_POINT('',(-0.975,6.25E-02));
#6423 = ( GEOMETRIC_REPRESENTATION_CONTEXT(2) 
PARAMETRIC_REPRESENTATION_CONTEXT() REPRESENTATION_CONTEXT('2D SPACE',''
  ) );
#6424 = ORIENTED_EDGE('',*,*,#6425,.T.);
#6425 = EDGE_CURVE('',#6401,#6426,#6428,.T.);
#6426 = VERTEX_POINT('',#6427);
#6427 = CARTESIAN_POINT('',(-5.848125,-45.001875,12.55));
#6428 = SURFACE_CURVE('',#6429,(#6432,#6438),.PCURVE_S1.);
#6429 = B_SPLINE_CURVE_WITH_KNOTS('',1,(#6430,#6431),.UNSPECIFIED.,.F.,
  .F.,(2,2),(0.,1.),.PIECEWISE_BEZIER_KNOTS.);
#6430 = CARTESIAN_POINT('',(-5.848125,-56.998125,12.55));
#6431 = CARTESIAN_POINT('',(-5.848125,-45.001875,12.55));
#6432 = PCURVE('',#4407,#6433);
#6433 = DEFINITIONAL_REPRESENTATION('',(#6434),#6437);
#6434 = B_SPLINE_CURVE_WITH_KNOTS('',1,(#6435,#6436),.UNSPECIFIED.,.F.,
  .F.,(2,2),(0.,1.),.PIECEWISE_BEZIER_KNOTS.);
#6435 = CARTESIAN_POINT('',(5.065074607303,0.672747053197));
#6436 = CARTESIAN_POINT('',(16.276620545217,4.940211375784));
#6437 = ( GEOMETRIC_REPRESENTATION_CONTEXT(2) 
PARAMETRIC_REPRESENTATION_CONTEXT() REPRESENTATION_CONTEXT('2D SPACE',''
  ) );
#6438 = PCURVE('',#6439,#6444);
#6439 = B_SPLINE_SURFACE_WITH_KNOTS('',1,1,(
    (#6440,#6441)
    ,(#6442,#6443
    )),.UNSPECIFIED.,.F.,.F.,.F.,(2,2),(2,2),(-6.,6.),(0.,1.),
  .PIECEWISE_BEZIER_KNOTS.);
#6440 = CARTESIAN_POINT('',(-5.85,-45.,12.45));
#6441 = CARTESIAN_POINT('',(-5.82,-45.03,14.05));
#6442 = CARTESIAN_POINT('',(-5.85,-57.,12.45));
#6443 = CARTESIAN_POINT('',(-5.82,-56.97,14.05));
#6444 = DEFINITIONAL_REPRESENTATION('',(#6445),#6448);
#6445 = B_SPLINE_CURVE_WITH_KNOTS('',1,(#6446,#6447),.UNSPECIFIED.,.F.,
  .F.,(2,2),(0.,1.),.PIECEWISE_BEZIER_KNOTS.);
#6446 = CARTESIAN_POINT('',(6.,6.25E-02));
#6447 = CARTESIAN_POINT('',(-6.,6.25E-02));
#6448 = ( GEOMETRIC_REPRESENTATION_CONTEXT(2) 
PARAMETRIC_REPRESENTATION_CONTEXT() REPRESENTATION_CONTEXT('2D SPACE',''
  ) );
#6449 = ORIENTED_EDGE('',*,*,#6450,.T.);
#6450 = EDGE_CURVE('',#6426,#6451,#6453,.T.);
#6451 = VERTEX_POINT('',#6452);
#6452 = CARTESIAN_POINT('',(-3.901875,-45.001875,12.55));
#6453 = SURFACE_CURVE('',#6454,(#6457,#6463),.PCURVE_S1.);
#6454 = B_SPLINE_CURVE_WITH_KNOTS('',1,(#6455,#6456),.UNSPECIFIED.,.F.,
  .F.,(2,2),(0.,1.),.PIECEWISE_BEZIER_KNOTS.);
#6455 = CARTESIAN_POINT('',(-5.848125,-45.001875,12.55));
#6456 = CARTESIAN_POINT('',(-3.901875,-45.001875,12.55));
#6457 = PCURVE('',#4407,#6458);
#6458 = DEFINITIONAL_REPRESENTATION('',(#6459),#6462);
#6459 = B_SPLINE_CURVE_WITH_KNOTS('',1,(#6460,#6461),.UNSPECIFIED.,.F.,
  .F.,(2,2),(0.,1.),.PIECEWISE_BEZIER_KNOTS.);
#6460 = CARTESIAN_POINT('',(16.276620545217,4.940211375784));
#6461 = CARTESIAN_POINT('',(16.968966273077,3.121270349908));
#6462 = ( GEOMETRIC_REPRESENTATION_CONTEXT(2) 
PARAMETRIC_REPRESENTATION_CONTEXT() REPRESENTATION_CONTEXT('2D SPACE',''
  ) );
#6463 = PCURVE('',#6464,#6469);
#6464 = B_SPLINE_SURFACE_WITH_KNOTS('',1,1,(
    (#6465,#6466)
    ,(#6467,#6468
  )),.UNSPECIFIED.,.F.,.F.,.F.,(2,2),(2,2),(-0.975,0.975),(0.,1.),
  .PIECEWISE_BEZIER_KNOTS.);
#6465 = CARTESIAN_POINT('',(-3.9,-45.,12.45));
#6466 = CARTESIAN_POINT('',(-3.93,-45.03,14.05));
#6467 = CARTESIAN_POINT('',(-5.85,-45.,12.45));
#6468 = CARTESIAN_POINT('',(-5.82,-45.03,14.05));
#6469 = DEFINITIONAL_REPRESENTATION('',(#6470),#6473);
#6470 = B_SPLINE_CURVE_WITH_KNOTS('',1,(#6471,#6472),.UNSPECIFIED.,.F.,
  .F.,(2,2),(0.,1.),.PIECEWISE_BEZIER_KNOTS.);
#6471 = CARTESIAN_POINT('',(0.975,6.25E-02));
#6472 = CARTESIAN_POINT('',(-0.975,6.25E-02));
#6473 = ( GEOMETRIC_REPRESENTATION_CONTEXT(2) 
PARAMETRIC_REPRESENTATION_CONTEXT() REPRESENTATION_CONTEXT('2D SPACE',''
  ) );
#6474 = ORIENTED_EDGE('',*,*,#6475,.T.);
#6475 = EDGE_CURVE('',#6451,#6399,#6476,.T.);
#6476 = SURFACE_CURVE('',#6477,(#6480,#6486),.PCURVE_S1.);
#6477 = B_SPLINE_CURVE_WITH_KNOTS('',1,(#6478,#6479),.UNSPECIFIED.,.F.,
  .F.,(2,2),(0.,1.),.PIECEWISE_BEZIER_KNOTS.);
#6478 = CARTESIAN_POINT('',(-3.901875,-45.001875,12.55));
#6479 = CARTESIAN_POINT('',(-3.901875,-56.998125,12.55));
#6480 = PCURVE('',#4407,#6481);
#6481 = DEFINITIONAL_REPRESENTATION('',(#6482),#6485);
#6482 = B_SPLINE_CURVE_WITH_KNOTS('',1,(#6483,#6484),.UNSPECIFIED.,.F.,
  .F.,(2,2),(0.,1.),.PIECEWISE_BEZIER_KNOTS.);
#6483 = CARTESIAN_POINT('',(16.968966273077,3.121270349908));
#6484 = CARTESIAN_POINT('',(5.757420335163,-1.146193972679));
#6485 = ( GEOMETRIC_REPRESENTATION_CONTEXT(2) 
PARAMETRIC_REPRESENTATION_CONTEXT() REPRESENTATION_CONTEXT('2D SPACE',''
  ) );
#6486 = PCURVE('',#6487,#6492);
#6487 = B_SPLINE_SURFACE_WITH_KNOTS('',1,1,(
    (#6488,#6489)
    ,(#6490,#6491
    )),.UNSPECIFIED.,.F.,.F.,.F.,(2,2),(2,2),(-6.,6.),(0.,1.),
  .PIECEWISE_BEZIER_KNOTS.);
#6488 = CARTESIAN_POINT('',(-3.9,-57.,12.45));
#6489 = CARTESIAN_POINT('',(-3.93,-56.97,14.05));
#6490 = CARTESIAN_POINT('',(-3.9,-45.,12.45));
#6491 = CARTESIAN_POINT('',(-3.93,-45.03,14.05));
#6492 = DEFINITIONAL_REPRESENTATION('',(#6493),#6496);
#6493 = B_SPLINE_CURVE_WITH_KNOTS('',1,(#6494,#6495),.UNSPECIFIED.,.F.,
  .F.,(2,2),(0.,1.),.PIECEWISE_BEZIER_KNOTS.);
#6494 = CARTESIAN_POINT('',(6.,6.25E-02));
#6495 = CARTESIAN_POINT('',(-6.,6.25E-02));
#6496 = ( GEOMETRIC_REPRESENTATION_CONTEXT(2) 
PARAMETRIC_REPRESENTATION_CONTEXT() REPRESENTATION_CONTEXT('2D SPACE',''
  ) );
#6497 = FACE_BOUND('',#6498,.F.);
#6498 = EDGE_LOOP('',(#6499,#6526,#6551,#6576));
#6499 = ORIENTED_EDGE('',*,*,#6500,.T.);
#6500 = EDGE_CURVE('',#6501,#6503,#6505,.T.);
#6501 = VERTEX_POINT('',#6502);
#6502 = CARTESIAN_POINT('',(-3.901875,-35.998125,12.55));
#6503 = VERTEX_POINT('',#6504);
#6504 = CARTESIAN_POINT('',(-5.848125,-35.998125,12.55));
#6505 = SURFACE_CURVE('',#6506,(#6509,#6515),.PCURVE_S1.);
#6506 = B_SPLINE_CURVE_WITH_KNOTS('',1,(#6507,#6508),.UNSPECIFIED.,.F.,
  .F.,(2,2),(0.,1.),.PIECEWISE_BEZIER_KNOTS.);
#6507 = CARTESIAN_POINT('',(-3.901875,-35.998125,12.55));
#6508 = CARTESIAN_POINT('',(-5.848125,-35.998125,12.55));
#6509 = PCURVE('',#4407,#6510);
#6510 = DEFINITIONAL_REPRESENTATION('',(#6511),#6514);
#6511 = B_SPLINE_CURVE_WITH_KNOTS('',1,(#6512,#6513),.UNSPECIFIED.,.F.,
  .F.,(2,2),(0.,1.),.PIECEWISE_BEZIER_KNOTS.);
#6512 = CARTESIAN_POINT('',(25.383758957331,6.32420309093));
#6513 = CARTESIAN_POINT('',(24.691413229472,8.143144116806));
#6514 = ( GEOMETRIC_REPRESENTATION_CONTEXT(2) 
PARAMETRIC_REPRESENTATION_CONTEXT() REPRESENTATION_CONTEXT('2D SPACE',''
  ) );
#6515 = PCURVE('',#6516,#6521);
#6516 = B_SPLINE_SURFACE_WITH_KNOTS('',1,1,(
    (#6517,#6518)
    ,(#6519,#6520
  )),.UNSPECIFIED.,.F.,.F.,.F.,(2,2),(2,2),(-0.975,0.975),(0.,1.),
  .PIECEWISE_BEZIER_KNOTS.);
#6517 = CARTESIAN_POINT('',(-5.85,-36.,12.45));
#6518 = CARTESIAN_POINT('',(-5.82,-35.97,14.05));
#6519 = CARTESIAN_POINT('',(-3.9,-36.,12.45));
#6520 = CARTESIAN_POINT('',(-3.93,-35.97,14.05));
#6521 = DEFINITIONAL_REPRESENTATION('',(#6522),#6525);
#6522 = B_SPLINE_CURVE_WITH_KNOTS('',1,(#6523,#6524),.UNSPECIFIED.,.F.,
  .F.,(2,2),(0.,1.),.PIECEWISE_BEZIER_KNOTS.);
#6523 = CARTESIAN_POINT('',(0.975,6.25E-02));
#6524 = CARTESIAN_POINT('',(-0.975,6.25E-02));
#6525 = ( GEOMETRIC_REPRESENTATION_CONTEXT(2) 
PARAMETRIC_REPRESENTATION_CONTEXT() REPRESENTATION_CONTEXT('2D SPACE',''
  ) );
#6526 = ORIENTED_EDGE('',*,*,#6527,.T.);
#6527 = EDGE_CURVE('',#6503,#6528,#6530,.T.);
#6528 = VERTEX_POINT('',#6529);
#6529 = CARTESIAN_POINT('',(-5.848125,-28.501875,12.55));
#6530 = SURFACE_CURVE('',#6531,(#6534,#6540),.PCURVE_S1.);
#6531 = B_SPLINE_CURVE_WITH_KNOTS('',1,(#6532,#6533),.UNSPECIFIED.,.F.,
  .F.,(2,2),(0.,1.),.PIECEWISE_BEZIER_KNOTS.);
#6532 = CARTESIAN_POINT('',(-5.848125,-35.998125,12.55));
#6533 = CARTESIAN_POINT('',(-5.848125,-28.501875,12.55));
#6534 = PCURVE('',#4407,#6535);
#6535 = DEFINITIONAL_REPRESENTATION('',(#6536),#6539);
#6536 = B_SPLINE_CURVE_WITH_KNOTS('',1,(#6537,#6538),.UNSPECIFIED.,.F.,
  .F.,(2,2),(0.,1.),.PIECEWISE_BEZIER_KNOTS.);
#6537 = CARTESIAN_POINT('',(24.691413229472,8.143144116806));
#6538 = CARTESIAN_POINT('',(31.697315176921,10.809809068619));
#6539 = ( GEOMETRIC_REPRESENTATION_CONTEXT(2) 
PARAMETRIC_REPRESENTATION_CONTEXT() REPRESENTATION_CONTEXT('2D SPACE',''
  ) );
#6540 = PCURVE('',#6541,#6546);
#6541 = B_SPLINE_SURFACE_WITH_KNOTS('',1,1,(
    (#6542,#6543)
    ,(#6544,#6545
    )),.UNSPECIFIED.,.F.,.F.,.F.,(2,2),(2,2),(-3.75,3.75),(0.,1.),
  .PIECEWISE_BEZIER_KNOTS.);
#6542 = CARTESIAN_POINT('',(-5.85,-28.5,12.45));
#6543 = CARTESIAN_POINT('',(-5.82,-28.53,14.05));
#6544 = CARTESIAN_POINT('',(-5.85,-36.,12.45));
#6545 = CARTESIAN_POINT('',(-5.82,-35.97,14.05));
#6546 = DEFINITIONAL_REPRESENTATION('',(#6547),#6550);
#6547 = B_SPLINE_CURVE_WITH_KNOTS('',1,(#6548,#6549),.UNSPECIFIED.,.F.,
  .F.,(2,2),(0.,1.),.PIECEWISE_BEZIER_KNOTS.);
#6548 = CARTESIAN_POINT('',(3.75,6.25E-02));
#6549 = CARTESIAN_POINT('',(-3.75,6.25E-02));
#6550 = ( GEOMETRIC_REPRESENTATION_CONTEXT(2) 
PARAMETRIC_REPRESENTATION_CONTEXT() REPRESENTATION_CONTEXT('2D SPACE',''
  ) );
#6551 = ORIENTED_EDGE('',*,*,#6552,.T.);
#6552 = EDGE_CURVE('',#6528,#6553,#6555,.T.);
#6553 = VERTEX_POINT('',#6554);
#6554 = CARTESIAN_POINT('',(-3.901875,-28.501875,12.55));
#6555 = SURFACE_CURVE('',#6556,(#6559,#6565),.PCURVE_S1.);
#6556 = B_SPLINE_CURVE_WITH_KNOTS('',1,(#6557,#6558),.UNSPECIFIED.,.F.,
  .F.,(2,2),(0.,1.),.PIECEWISE_BEZIER_KNOTS.);
#6557 = CARTESIAN_POINT('',(-5.848125,-28.501875,12.55));
#6558 = CARTESIAN_POINT('',(-3.901875,-28.501875,12.55));
#6559 = PCURVE('',#4407,#6560);
#6560 = DEFINITIONAL_REPRESENTATION('',(#6561),#6564);
#6561 = B_SPLINE_CURVE_WITH_KNOTS('',1,(#6562,#6563),.UNSPECIFIED.,.F.,
  .F.,(2,2),(0.,1.),.PIECEWISE_BEZIER_KNOTS.);
#6562 = CARTESIAN_POINT('',(31.697315176921,10.809809068619));
#6563 = CARTESIAN_POINT('',(32.389660904781,8.990868042743));
#6564 = ( GEOMETRIC_REPRESENTATION_CONTEXT(2) 
PARAMETRIC_REPRESENTATION_CONTEXT() REPRESENTATION_CONTEXT('2D SPACE',''
  ) );
#6565 = PCURVE('',#6566,#6571);
#6566 = B_SPLINE_SURFACE_WITH_KNOTS('',1,1,(
    (#6567,#6568)
    ,(#6569,#6570
  )),.UNSPECIFIED.,.F.,.F.,.F.,(2,2),(2,2),(-0.975,0.975),(0.,1.),
  .PIECEWISE_BEZIER_KNOTS.);
#6567 = CARTESIAN_POINT('',(-3.9,-28.5,12.45));
#6568 = CARTESIAN_POINT('',(-3.93,-28.53,14.05));
#6569 = CARTESIAN_POINT('',(-5.85,-28.5,12.45));
#6570 = CARTESIAN_POINT('',(-5.82,-28.53,14.05));
#6571 = DEFINITIONAL_REPRESENTATION('',(#6572),#6575);
#6572 = B_SPLINE_CURVE_WITH_KNOTS('',1,(#6573,#6574),.UNSPECIFIED.,.F.,
  .F.,(2,2),(0.,1.),.PIECEWISE_BEZIER_KNOTS.);
#6573 = CARTESIAN_POINT('',(0.975,6.25E-02));
#6574 = CARTESIAN_POINT('',(-0.975,6.25E-02));
#6575 = ( GEOMETRIC_REPRESENTATION_CONTEXT(2) 
PARAMETRIC_REPRESENTATION_CONTEXT() REPRESENTATION_CONTEXT('2D SPACE',''
  ) );
#6576 = ORIENTED_EDGE('',*,*,#6577,.T.);
#6577 = EDGE_CURVE('',#6553,#6501,#6578,.T.);
#6578 = SURFACE_CURVE('',#6579,(#6582,#6588),.PCURVE_S1.);
#6579 = B_SPLINE_CURVE_WITH_KNOTS('',1,(#6580,#6581),.UNSPECIFIED.,.F.,
  .F.,(2,2),(0.,1.),.PIECEWISE_BEZIER_KNOTS.);
#6580 = CARTESIAN_POINT('',(-3.901875,-28.501875,12.55));
#6581 = CARTESIAN_POINT('',(-3.901875,-35.998125,12.55));
#6582 = PCURVE('',#4407,#6583);
#6583 = DEFINITIONAL_REPRESENTATION('',(#6584),#6587);
#6584 = B_SPLINE_CURVE_WITH_KNOTS('',1,(#6585,#6586),.UNSPECIFIED.,.F.,
  .F.,(2,2),(0.,1.),.PIECEWISE_BEZIER_KNOTS.);
#6585 = CARTESIAN_POINT('',(32.389660904781,8.990868042743));
#6586 = CARTESIAN_POINT('',(25.383758957331,6.32420309093));
#6587 = ( GEOMETRIC_REPRESENTATION_CONTEXT(2) 
PARAMETRIC_REPRESENTATION_CONTEXT() REPRESENTATION_CONTEXT('2D SPACE',''
  ) );
#6588 = PCURVE('',#6589,#6594);
#6589 = B_SPLINE_SURFACE_WITH_KNOTS('',1,1,(
    (#6590,#6591)
    ,(#6592,#6593
    )),.UNSPECIFIED.,.F.,.F.,.F.,(2,2),(2,2),(-3.75,3.75),(0.,1.),
  .PIECEWISE_BEZIER_KNOTS.);
#6590 = CARTESIAN_POINT('',(-3.9,-36.,12.45));
#6591 = CARTESIAN_POINT('',(-3.93,-35.97,14.05));
#6592 = CARTESIAN_POINT('',(-3.9,-28.5,12.45));
#6593 = CARTESIAN_POINT('',(-3.93,-28.53,14.05));
#6594 = DEFINITIONAL_REPRESENTATION('',(#6595),#6598);
#6595 = B_SPLINE_CURVE_WITH_KNOTS('',1,(#6596,#6597),.UNSPECIFIED.,.F.,
  .F.,(2,2),(0.,1.),.PIECEWISE_BEZIER_KNOTS.);
#6596 = CARTESIAN_POINT('',(3.75,6.25E-02));
#6597 = CARTESIAN_POINT('',(-3.75,6.25E-02));
#6598 = ( GEOMETRIC_REPRESENTATION_CONTEXT(2) 
PARAMETRIC_REPRESENTATION_CONTEXT() REPRESENTATION_CONTEXT('2D SPACE',''
  ) );
#6599 = ADVANCED_FACE('',(#6600),#4376,.T.);
#6600 = FACE_BOUND('',#6601,.T.);
#6601 = EDGE_LOOP('',(#6602,#6603,#6604,#6633,#6658,#6695,#6720,#6757,
    #6775));
#6602 = ORIENTED_EDGE('',*,*,#4350,.F.);
#6603 = ORIENTED_EDGE('',*,*,#5910,.T.);
#6604 = ORIENTED_EDGE('',*,*,#6605,.T.);
#6605 = EDGE_CURVE('',#5911,#6606,#6608,.T.);
#6606 = VERTEX_POINT('',#6607);
#6607 = CARTESIAN_POINT('',(7.049965111015,-34.90003489019,14.199));
#6608 = SURFACE_CURVE('',#6609,(#6615,#6624),.PCURVE_S1.);
#6609 = B_SPLINE_CURVE_WITH_KNOTS('',4,(#6610,#6611,#6612,#6613,#6614),
  .UNSPECIFIED.,.F.,.F.,(5,5),(0.,1.),.PIECEWISE_BEZIER_KNOTS.);
#6610 = CARTESIAN_POINT('',(7.021199142868,-34.92880185399,12.55));
#6611 = CARTESIAN_POINT('',(7.028390751041,-34.9216099969,
    12.962256657461));
#6612 = CARTESIAN_POINT('',(7.035582293632,-34.91441820539,
    13.374509555454));
#6613 = CARTESIAN_POINT('',(7.042773766052,-34.90722648406,
    13.786758430952));
#6614 = CARTESIAN_POINT('',(7.049965162857,-34.90003483834,14.1990029718
    ));
#6615 = PCURVE('',#4376,#6616);
#6616 = DEFINITIONAL_REPRESENTATION('',(#6617),#6623);
#6617 = B_SPLINE_CURVE_WITH_KNOTS('',4,(#6618,#6619,#6620,#6621,#6622),
  .UNSPECIFIED.,.F.,.F.,(5,5),(0.,1.),.PIECEWISE_BEZIER_KNOTS.);
#6618 = CARTESIAN_POINT('',(8.60961976597,0.));
#6619 = CARTESIAN_POINT('',(8.613466224925,0.249701185622));
#6620 = CARTESIAN_POINT('',(8.617308649825,0.499400094157));
#6621 = CARTESIAN_POINT('',(8.621147047735,0.749096566294));
#6622 = CARTESIAN_POINT('',(8.624981425235,0.998790412962));
#6623 = ( GEOMETRIC_REPRESENTATION_CONTEXT(2) 
PARAMETRIC_REPRESENTATION_CONTEXT() REPRESENTATION_CONTEXT('2D SPACE',''
  ) );
#6624 = PCURVE('',#5946,#6625);
#6625 = DEFINITIONAL_REPRESENTATION('',(#6626),#6632);
#6626 = B_SPLINE_CURVE_WITH_KNOTS('',4,(#6627,#6628,#6629,#6630,#6631),
  .UNSPECIFIED.,.F.,.F.,(5,5),(0.,1.),.PIECEWISE_BEZIER_KNOTS.);
#6627 = CARTESIAN_POINT('',(0.672337275898,5.711022276737E-02));
#6628 = CARTESIAN_POINT('',(0.684241063327,0.292550917955));
#6629 = CARTESIAN_POINT('',(0.696366649138,0.52798946634));
#6630 = CARTESIAN_POINT('',(0.7087233072,0.763425717254));
#6631 = CARTESIAN_POINT('',(0.721321423598,0.998859492747));
#6632 = ( GEOMETRIC_REPRESENTATION_CONTEXT(2) 
PARAMETRIC_REPRESENTATION_CONTEXT() REPRESENTATION_CONTEXT('2D SPACE',''
  ) );
#6633 = ORIENTED_EDGE('',*,*,#6634,.T.);
#6634 = EDGE_CURVE('',#6606,#6635,#6637,.T.);
#6635 = VERTEX_POINT('',#6636);
#6636 = CARTESIAN_POINT('',(7.049965111015,-35.04497118854,14.199));
#6637 = SURFACE_CURVE('',#6638,(#6641,#6647),.PCURVE_S1.);
#6638 = B_SPLINE_CURVE_WITH_KNOTS('',1,(#6639,#6640),.UNSPECIFIED.,.F.,
  .F.,(2,2),(0.,1.),.PIECEWISE_BEZIER_KNOTS.);
#6639 = CARTESIAN_POINT('',(7.049965111015,-25.05003488898,14.199));
#6640 = CARTESIAN_POINT('',(7.049965111015,-61.99996511101,14.199));
#6641 = PCURVE('',#4376,#6642);
#6642 = DEFINITIONAL_REPRESENTATION('',(#6643),#6646);
#6643 = B_SPLINE_CURVE_WITH_KNOTS('',1,(#6644,#6645),.UNSPECIFIED.,.F.,
  .F.,(2,2),(0.,1.),.PIECEWISE_BEZIER_KNOTS.);
#6644 = CARTESIAN_POINT('',(18.475,0.998788612962));
#6645 = CARTESIAN_POINT('',(-18.475,0.998788612962));
#6646 = ( GEOMETRIC_REPRESENTATION_CONTEXT(2) 
PARAMETRIC_REPRESENTATION_CONTEXT() REPRESENTATION_CONTEXT('2D SPACE',''
  ) );
#6647 = PCURVE('',#6648,#6653);
#6648 = PLANE('',#6649);
#6649 = AXIS2_PLACEMENT_3D('',#6650,#6651,#6652);
#6650 = CARTESIAN_POINT('',(-7.05,-62.,14.199));
#6651 = DIRECTION('',(0.,0.,1.));
#6652 = DIRECTION('',(0.356521002668,0.93428730841,-0.));
#6653 = DEFINITIONAL_REPRESENTATION('',(#6654),#6657);
#6654 = B_SPLINE_CURVE_WITH_KNOTS('',1,(#6655,#6656),.UNSPECIFIED.,.F.,
  .F.,(2,2),(0.,1.),.PIECEWISE_BEZIER_KNOTS.);
#6655 = CARTESIAN_POINT('',(39.548817148388,2.015767998387E-05));
#6656 = CARTESIAN_POINT('',(5.0269662953,-13.17340601359));
#6657 = ( GEOMETRIC_REPRESENTATION_CONTEXT(2) 
PARAMETRIC_REPRESENTATION_CONTEXT() REPRESENTATION_CONTEXT('2D SPACE',''
  ) );
#6658 = ORIENTED_EDGE('',*,*,#6659,.F.);
#6659 = EDGE_CURVE('',#6660,#6635,#6662,.T.);
#6660 = VERTEX_POINT('',#6661);
#6661 = CARTESIAN_POINT('',(7.024998848574,-35.05117261645,
    12.767816924381));
#6662 = SURFACE_CURVE('',#6663,(#6670,#6680),.PCURVE_S1.);
#6663 = B_SPLINE_CURVE_WITH_KNOTS('',5,(#6664,#6665,#6666,#6667,#6668,
    #6669),.UNSPECIFIED.,.F.,.F.,(6,6),(0.,1.),
  .PIECEWISE_BEZIER_KNOTS.);
#6664 = CARTESIAN_POINT('',(7.024998848574,-35.05117261645,
    12.767816924381));
#6665 = CARTESIAN_POINT('',(7.029990308287,-35.04993277618,
    13.053950769211));
#6666 = CARTESIAN_POINT('',(7.034982838733,-35.04869266995,
    13.340145993509));
#6667 = CARTESIAN_POINT('',(7.039976248373,-35.04745234533,
    13.626391617328));
#6668 = CARTESIAN_POINT('',(7.044970395751,-35.04621183746,
    13.912679531691));
#6669 = CARTESIAN_POINT('',(7.049965180137,-35.04497117137,14.1990039624
    ));
#6670 = PCURVE('',#4376,#6671);
#6671 = DEFINITIONAL_REPRESENTATION('',(#6672),#6679);
#6672 = B_SPLINE_CURVE_WITH_KNOTS('',5,(#6673,#6674,#6675,#6676,#6677,
    #6678),.UNSPECIFIED.,.F.,.F.,(6,6),(0.,1.),
  .PIECEWISE_BEZIER_KNOTS.);
#6673 = CARTESIAN_POINT('',(8.485310064018,0.131930299443));
#6674 = CARTESIAN_POINT('',(8.484255969952,0.305239714846));
#6675 = CARTESIAN_POINT('',(8.483202362704,0.478586307395));
#6676 = CARTESIAN_POINT('',(8.482149282372,0.651963426607));
#6677 = CARTESIAN_POINT('',(8.481096758259,0.825366160927));
#6678 = CARTESIAN_POINT('',(8.480044810982,0.998791012962));
#6679 = ( GEOMETRIC_REPRESENTATION_CONTEXT(2) 
PARAMETRIC_REPRESENTATION_CONTEXT() REPRESENTATION_CONTEXT('2D SPACE',''
  ) );
#6680 = PCURVE('',#6681,#6686);
#6681 = B_SPLINE_SURFACE_WITH_KNOTS('',1,1,(
    (#6682,#6683)
    ,(#6684,#6685
    )),.UNSPECIFIED.,.F.,.F.,.F.,(2,2),(2,2),(0.,1.073545527679),(0.,1.)
  ,.PIECEWISE_BEZIER_KNOTS.);
#6682 = CARTESIAN_POINT('',(7.5,-35.9,14.2));
#6683 = CARTESIAN_POINT('',(7.472944649361,-35.90668513514,12.65));
#6684 = CARTESIAN_POINT('',(7.,-34.95,14.2));
#6685 = CARTESIAN_POINT('',(7.027055350639,-35.05949546757,12.65));
#6686 = DEFINITIONAL_REPRESENTATION('',(#6687),#6694);
#6687 = B_SPLINE_CURVE_WITH_KNOTS('',5,(#6688,#6689,#6690,#6691,#6692,
    #6693),.UNSPECIFIED.,.F.,.F.,(6,6),(0.,1.),
  .PIECEWISE_BEZIER_KNOTS.);
#6688 = CARTESIAN_POINT('',(1.073545527679,0.923989081045));
#6689 = CARTESIAN_POINT('',(1.049722613783,0.739386600509));
#6690 = CARTESIAN_POINT('',(1.027216587817,0.554744520345));
#6691 = CARTESIAN_POINT('',(1.00588296813,0.370069924254));
#6692 = CARTESIAN_POINT('',(0.98560790369,0.185368044091));
#6693 = CARTESIAN_POINT('',(0.966295606896,6.426049236336E-04));
#6694 = ( GEOMETRIC_REPRESENTATION_CONTEXT(2) 
PARAMETRIC_REPRESENTATION_CONTEXT() REPRESENTATION_CONTEXT('2D SPACE',''
  ) );
#6695 = ORIENTED_EDGE('',*,*,#6696,.F.);
#6696 = EDGE_CURVE('',#6697,#6660,#6699,.T.);
#6697 = VERTEX_POINT('',#6698);
#6698 = CARTESIAN_POINT('',(7.024998848574,-37.29410317808,
    12.767816924381));
#6699 = SURFACE_CURVE('',#6700,(#6703,#6709),.PCURVE_S1.);
#6700 = B_SPLINE_CURVE_WITH_KNOTS('',1,(#6701,#6702),.UNSPECIFIED.,.F.,
  .F.,(2,2),(0.,1.),.PIECEWISE_BEZIER_KNOTS.);
#6701 = CARTESIAN_POINT('',(7.024998848574,-37.29410317808,
    12.767816924381));
#6702 = CARTESIAN_POINT('',(7.024998848574,-35.05117261645,
    12.767816924381));
#6703 = PCURVE('',#4376,#6704);
#6704 = DEFINITIONAL_REPRESENTATION('',(#6705),#6708);
#6705 = B_SPLINE_CURVE_WITH_KNOTS('',1,(#6706,#6707),.UNSPECIFIED.,.F.,
  .F.,(2,2),(0.,1.),.PIECEWISE_BEZIER_KNOTS.);
#6706 = CARTESIAN_POINT('',(6.239340160926,0.131930299443));
#6707 = CARTESIAN_POINT('',(8.485310064018,0.131930299443));
#6708 = ( GEOMETRIC_REPRESENTATION_CONTEXT(2) 
PARAMETRIC_REPRESENTATION_CONTEXT() REPRESENTATION_CONTEXT('2D SPACE',''
  ) );
#6709 = PCURVE('',#6710,#6715);
#6710 = B_SPLINE_SURFACE_WITH_KNOTS('',1,1,(
    (#6711,#6712)
    ,(#6713,#6714
    )),.UNSPECIFIED.,.F.,.F.,.F.,(2,2),(2,2),(0.,2.45),(0.,1.),
  .PIECEWISE_BEZIER_KNOTS.);
#6711 = CARTESIAN_POINT('',(7.,-34.95,14.2));
#6712 = CARTESIAN_POINT('',(7.027055350639,-35.05949546757,12.65));
#6713 = CARTESIAN_POINT('',(7.,-37.4,14.2));
#6714 = CARTESIAN_POINT('',(7.027055350639,-37.28539169553,12.65));
#6715 = DEFINITIONAL_REPRESENTATION('',(#6716),#6719);
#6716 = B_SPLINE_CURVE_WITH_KNOTS('',1,(#6717,#6718),.UNSPECIFIED.,.F.,
  .F.,(2,2),(0.,1.),.PIECEWISE_BEZIER_KNOTS.);
#6717 = CARTESIAN_POINT('',(2.45,0.923989081045));
#6718 = CARTESIAN_POINT('',(0.,0.923989081045));
#6719 = ( GEOMETRIC_REPRESENTATION_CONTEXT(2) 
PARAMETRIC_REPRESENTATION_CONTEXT() REPRESENTATION_CONTEXT('2D SPACE',''
  ) );
#6720 = ORIENTED_EDGE('',*,*,#6721,.F.);
#6721 = EDGE_CURVE('',#6722,#6697,#6724,.T.);
#6722 = VERTEX_POINT('',#6723);
#6723 = CARTESIAN_POINT('',(7.049965111015,-37.30003074725,14.199));
#6724 = SURFACE_CURVE('',#6725,(#6732,#6742),.PCURVE_S1.);
#6725 = B_SPLINE_CURVE_WITH_KNOTS('',5,(#6726,#6727,#6728,#6729,#6730,
    #6731),.UNSPECIFIED.,.F.,.F.,(6,6),(0.,1.),
  .PIECEWISE_BEZIER_KNOTS.);
#6726 = CARTESIAN_POINT('',(7.049965180137,-37.30003076366,14.1990039624
    ));
#6727 = CARTESIAN_POINT('',(7.044970267459,-37.29884485566,
    13.912672177437));
#6728 = CARTESIAN_POINT('',(7.0399760457,-37.2976591117,13.626379999171)
  );
#6729 = CARTESIAN_POINT('',(7.034982624049,-37.2964735577,
    13.340133686836));
#6730 = CARTESIAN_POINT('',(7.029990155823,-37.29528823007,
    13.05394202928));
#6731 = CARTESIAN_POINT('',(7.024998848574,-37.29410317808,
    12.767816924381));
#6732 = PCURVE('',#4376,#6733);
#6733 = DEFINITIONAL_REPRESENTATION('',(#6734),#6741);
#6734 = B_SPLINE_CURVE_WITH_KNOTS('',5,(#6735,#6736,#6737,#6738,#6739,
    #6740),.UNSPECIFIED.,.F.,.F.,(6,6),(0.,1.),
  .PIECEWISE_BEZIER_KNOTS.);
#6735 = CARTESIAN_POINT('',(6.224980968562,0.998791012962));
#6736 = CARTESIAN_POINT('',(6.227849871762,0.825361706503));
#6737 = CARTESIAN_POINT('',(6.230720317222,0.651956389565));
#6738 = CARTESIAN_POINT('',(6.233592243774,0.478578853323));
#6739 = CARTESIAN_POINT('',(6.236465564579,0.305234421126));
#6740 = CARTESIAN_POINT('',(6.239340160926,0.131930299443));
#6741 = ( GEOMETRIC_REPRESENTATION_CONTEXT(2) 
PARAMETRIC_REPRESENTATION_CONTEXT() REPRESENTATION_CONTEXT('2D SPACE',''
  ) );
#6742 = PCURVE('',#6743,#6748);
#6743 = B_SPLINE_SURFACE_WITH_KNOTS('',1,1,(
    (#6744,#6745)
    ,(#6746,#6747
    )),.UNSPECIFIED.,.F.,.F.,.F.,(2,2),(2,2),(0.,1.11803398875),(0.,1.),
  .PIECEWISE_BEZIER_KNOTS.);
#6744 = CARTESIAN_POINT('',(7.,-37.4,14.2));
#6745 = CARTESIAN_POINT('',(7.027055350639,-37.28539169553,12.65));
#6746 = CARTESIAN_POINT('',(7.5,-36.4,14.2));
#6747 = CARTESIAN_POINT('',(7.472944649361,-36.39361309809,12.65));
#6748 = DEFINITIONAL_REPRESENTATION('',(#6749),#6756);
#6749 = B_SPLINE_CURVE_WITH_KNOTS('',5,(#6750,#6751,#6752,#6753,#6754,
    #6755),.UNSPECIFIED.,.F.,.F.,(6,6),(0.,1.),
  .PIECEWISE_BEZIER_KNOTS.);
#6750 = CARTESIAN_POINT('',(0.111694430867,6.426049421391E-04));
#6751 = CARTESIAN_POINT('',(9.158130268969E-02,0.185372788789));
#6752 = CARTESIAN_POINT('',(7.046567426245E-02,0.370077419793));
#6753 = CARTESIAN_POINT('',(4.824785965931E-02,0.55475246016));
#6754 = CARTESIAN_POINT('',(2.480939392088E-02,0.739392239174));
#6755 = CARTESIAN_POINT('',(0.,0.923989081045));
#6756 = ( GEOMETRIC_REPRESENTATION_CONTEXT(2) 
PARAMETRIC_REPRESENTATION_CONTEXT() REPRESENTATION_CONTEXT('2D SPACE',''
  ) );
#6757 = ORIENTED_EDGE('',*,*,#6758,.T.);
#6758 = EDGE_CURVE('',#6722,#4508,#6759,.T.);
#6759 = SURFACE_CURVE('',#6760,(#6763,#6769),.PCURVE_S1.);
#6760 = B_SPLINE_CURVE_WITH_KNOTS('',1,(#6761,#6762),.UNSPECIFIED.,.F.,
  .F.,(2,2),(0.,1.),.PIECEWISE_BEZIER_KNOTS.);
#6761 = CARTESIAN_POINT('',(7.049965111015,-25.05003488898,14.199));
#6762 = CARTESIAN_POINT('',(7.049965111015,-61.99996511101,14.199));
#6763 = PCURVE('',#4376,#6764);
#6764 = DEFINITIONAL_REPRESENTATION('',(#6765),#6768);
#6765 = B_SPLINE_CURVE_WITH_KNOTS('',1,(#6766,#6767),.UNSPECIFIED.,.F.,
  .F.,(2,2),(0.,1.),.PIECEWISE_BEZIER_KNOTS.);
#6766 = CARTESIAN_POINT('',(18.475,0.998788612962));
#6767 = CARTESIAN_POINT('',(-18.475,0.998788612962));
#6768 = ( GEOMETRIC_REPRESENTATION_CONTEXT(2) 
PARAMETRIC_REPRESENTATION_CONTEXT() REPRESENTATION_CONTEXT('2D SPACE',''
  ) );
#6769 = PCURVE('',#4668,#6770);
#6770 = DEFINITIONAL_REPRESENTATION('',(#6771),#6774);
#6771 = B_SPLINE_CURVE_WITH_KNOTS('',1,(#6772,#6773),.UNSPECIFIED.,.F.,
  .F.,(2,2),(0.,1.),.PIECEWISE_BEZIER_KNOTS.);
#6772 = CARTESIAN_POINT('',(39.548817148388,2.015767998387E-05));
#6773 = CARTESIAN_POINT('',(5.0269662953,-13.17340601359));
#6774 = ( GEOMETRIC_REPRESENTATION_CONTEXT(2) 
PARAMETRIC_REPRESENTATION_CONTEXT() REPRESENTATION_CONTEXT('2D SPACE',''
  ) );
#6775 = ORIENTED_EDGE('',*,*,#4507,.F.);
#6776 = ADVANCED_FACE('',(#6777),#4668,.F.);
#6777 = FACE_BOUND('',#6778,.F.);
#6778 = EDGE_LOOP('',(#6779,#6780,#6803,#6821));
#6779 = ORIENTED_EDGE('',*,*,#4655,.T.);
#6780 = ORIENTED_EDGE('',*,*,#6781,.T.);
#6781 = EDGE_CURVE('',#4631,#6782,#6784,.T.);
#6782 = VERTEX_POINT('',#6783);
#6783 = CARTESIAN_POINT('',(7.05,-37.29996096928,14.199));
#6784 = SURFACE_CURVE('',#6785,(#6789,#6796),.PCURVE_S1.);
#6785 = LINE('',#6786,#6787);
#6786 = CARTESIAN_POINT('',(7.05,-43.525,14.199));
#6787 = VECTOR('',#6788,1.);
#6788 = DIRECTION('',(0.,1.,0.));
#6789 = PCURVE('',#4668,#6790);
#6790 = DEFINITIONAL_REPRESENTATION('',(#6791),#6795);
#6791 = LINE('',#6792,#6793);
#6792 = CARTESIAN_POINT('',(22.2879041605,-6.586725524293));
#6793 = VECTOR('',#6794,1.);
#6794 = DIRECTION('',(0.93428730841,0.356521002668));
#6795 = ( GEOMETRIC_REPRESENTATION_CONTEXT(2) 
PARAMETRIC_REPRESENTATION_CONTEXT() REPRESENTATION_CONTEXT('2D SPACE',''
  ) );
#6796 = PCURVE('',#4644,#6797);
#6797 = DEFINITIONAL_REPRESENTATION('',(#6798),#6802);
#6798 = LINE('',#6799,#6800);
#6799 = CARTESIAN_POINT('',(0.,0.));
#6800 = VECTOR('',#6801,1.);
#6801 = DIRECTION('',(1.,0.));
#6802 = ( GEOMETRIC_REPRESENTATION_CONTEXT(2) 
PARAMETRIC_REPRESENTATION_CONTEXT() REPRESENTATION_CONTEXT('2D SPACE',''
  ) );
#6803 = ORIENTED_EDGE('',*,*,#6804,.T.);
#6804 = EDGE_CURVE('',#6782,#6722,#6805,.T.);
#6805 = SURFACE_CURVE('',#6806,(#6809,#6815),.PCURVE_S1.);
#6806 = B_SPLINE_CURVE_WITH_KNOTS('',1,(#6807,#6808),.UNSPECIFIED.,.F.,
  .F.,(2,2),(0.,1.),.PIECEWISE_BEZIER_KNOTS.);
#6807 = CARTESIAN_POINT('',(7.499982544935,-36.39999587941,14.199));
#6808 = CARTESIAN_POINT('',(7.000017455065,-37.39992605915,14.199));
#6809 = PCURVE('',#4668,#6810);
#6810 = DEFINITIONAL_REPRESENTATION('',(#6811),#6814);
#6811 = B_SPLINE_CURVE_WITH_KNOTS('',1,(#6812,#6813),.UNSPECIFIED.,.F.,
  .F.,(2,2),(0.,1.),.PIECEWISE_BEZIER_KNOTS.);
#6812 = CARTESIAN_POINT('',(29.105133310834,-4.466924891948));
#6813 = CARTESIAN_POINT('',(27.992663179467,-4.356309964113));
#6814 = ( GEOMETRIC_REPRESENTATION_CONTEXT(2) 
PARAMETRIC_REPRESENTATION_CONTEXT() REPRESENTATION_CONTEXT('2D SPACE',''
  ) );
#6815 = PCURVE('',#6743,#6816);
#6816 = DEFINITIONAL_REPRESENTATION('',(#6817),#6820);
#6817 = B_SPLINE_CURVE_WITH_KNOTS('',1,(#6818,#6819),.UNSPECIFIED.,.F.,
  .F.,(2,2),(0.,1.),.PIECEWISE_BEZIER_KNOTS.);
#6818 = CARTESIAN_POINT('',(1.11803398875,6.451612903222E-04));
#6819 = CARTESIAN_POINT('',(0.,6.451612903223E-04));
#6820 = ( GEOMETRIC_REPRESENTATION_CONTEXT(2) 
PARAMETRIC_REPRESENTATION_CONTEXT() REPRESENTATION_CONTEXT('2D SPACE',''
  ) );
#6821 = ORIENTED_EDGE('',*,*,#6758,.T.);
#6822 = ADVANCED_FACE('',(#6823),#4644,.T.);
#6823 = FACE_BOUND('',#6824,.T.);
#6824 = EDGE_LOOP('',(#6825,#6826,#6827,#6847));
#6825 = ORIENTED_EDGE('',*,*,#4630,.F.);
#6826 = ORIENTED_EDGE('',*,*,#6781,.T.);
#6827 = ORIENTED_EDGE('',*,*,#6828,.F.);
#6828 = EDGE_CURVE('',#6829,#6782,#6831,.T.);
#6829 = VERTEX_POINT('',#6830);
#6830 = CARTESIAN_POINT('',(7.049982556237,-37.30003488752,
    14.200000020885));
#6831 = SURFACE_CURVE('',#6832,(#6835,#6841),.PCURVE_S1.);
#6832 = B_SPLINE_CURVE_WITH_KNOTS('',1,(#6833,#6834),.UNSPECIFIED.,.F.,
  .F.,(2,2),(0.,1.),.PIECEWISE_BEZIER_KNOTS.);
#6833 = CARTESIAN_POINT('',(7.049982556965,-37.30003488607,14.2));
#6834 = CARTESIAN_POINT('',(7.05,-37.29996096928,14.199));
#6835 = PCURVE('',#4644,#6836);
#6836 = DEFINITIONAL_REPRESENTATION('',(#6837),#6840);
#6837 = B_SPLINE_CURVE_WITH_KNOTS('',1,(#6838,#6839),.UNSPECIFIED.,.F.,
  .F.,(2,2),(0.,1.),.PIECEWISE_BEZIER_KNOTS.);
#6838 = CARTESIAN_POINT('',(6.22497099119,6.891798759481E-04));
#6839 = CARTESIAN_POINT('',(6.225039030712,0.));
#6840 = ( GEOMETRIC_REPRESENTATION_CONTEXT(2) 
PARAMETRIC_REPRESENTATION_CONTEXT() REPRESENTATION_CONTEXT('2D SPACE',''
  ) );
#6841 = PCURVE('',#6743,#6842);
#6842 = DEFINITIONAL_REPRESENTATION('',(#6843),#6846);
#6843 = B_SPLINE_CURVE_WITH_KNOTS('',1,(#6844,#6845),.UNSPECIFIED.,.F.,
  .F.,(2,2),(0.,1.),.PIECEWISE_BEZIER_KNOTS.);
#6844 = CARTESIAN_POINT('',(0.111764395062,0.));
#6845 = CARTESIAN_POINT('',(0.111772172125,6.451612503218E-04));
#6846 = ( GEOMETRIC_REPRESENTATION_CONTEXT(2) 
PARAMETRIC_REPRESENTATION_CONTEXT() REPRESENTATION_CONTEXT('2D SPACE',''
  ) );
#6847 = ORIENTED_EDGE('',*,*,#6848,.T.);
#6848 = EDGE_CURVE('',#6829,#4606,#6849,.T.);
#6849 = SURFACE_CURVE('',#6850,(#6853,#6859),.PCURVE_S1.);
#6850 = B_SPLINE_CURVE_WITH_KNOTS('',1,(#6851,#6852),.UNSPECIFIED.,.F.,
  .F.,(2,2),(0.,1.),.PIECEWISE_BEZIER_KNOTS.);
#6851 = CARTESIAN_POINT('',(7.049982556236,-25.05001744376,
    14.20000004177));
#6852 = CARTESIAN_POINT('',(7.049982556236,-61.99998255623,
    14.20000004177));
#6853 = PCURVE('',#4644,#6854);
#6854 = DEFINITIONAL_REPRESENTATION('',(#6855),#6858);
#6855 = B_SPLINE_CURVE_WITH_KNOTS('',1,(#6856,#6857),.UNSPECIFIED.,.F.,
  .F.,(2,2),(0.,1.),.PIECEWISE_BEZIER_KNOTS.);
#6856 = CARTESIAN_POINT('',(18.475,6.892086631407E-04));
#6857 = CARTESIAN_POINT('',(-18.475,6.892086631406E-04));
#6858 = ( GEOMETRIC_REPRESENTATION_CONTEXT(2) 
PARAMETRIC_REPRESENTATION_CONTEXT() REPRESENTATION_CONTEXT('2D SPACE',''
  ) );
#6859 = PCURVE('',#4619,#6860);
#6860 = DEFINITIONAL_REPRESENTATION('',(#6861),#6864);
#6861 = B_SPLINE_CURVE_WITH_KNOTS('',1,(#6862,#6863),.UNSPECIFIED.,.F.,
  .F.,(2,2),(0.,1.),.PIECEWISE_BEZIER_KNOTS.);
#6862 = CARTESIAN_POINT('',(18.474999998767,0.999394331781));
#6863 = CARTESIAN_POINT('',(-18.47499999975,0.999394331781));
#6864 = ( GEOMETRIC_REPRESENTATION_CONTEXT(2) 
PARAMETRIC_REPRESENTATION_CONTEXT() REPRESENTATION_CONTEXT('2D SPACE',''
  ) );
#6865 = ADVANCED_FACE('',(#6866),#4619,.T.);
#6866 = FACE_BOUND('',#6867,.T.);
#6867 = EDGE_LOOP('',(#6868,#6891,#6892,#6893));
#6868 = ORIENTED_EDGE('',*,*,#6869,.F.);
#6869 = EDGE_CURVE('',#4580,#6870,#6872,.T.);
#6870 = VERTEX_POINT('',#6871);
#6871 = CARTESIAN_POINT('',(7.05,-37.29996096928,14.201));
#6872 = SURFACE_CURVE('',#6873,(#6877,#6884),.PCURVE_S1.);
#6873 = LINE('',#6874,#6875);
#6874 = CARTESIAN_POINT('',(7.05,-43.525,14.201));
#6875 = VECTOR('',#6876,1.);
#6876 = DIRECTION('',(0.,1.,0.));
#6877 = PCURVE('',#4619,#6878);
#6878 = DEFINITIONAL_REPRESENTATION('',(#6879),#6883);
#6879 = LINE('',#6880,#6881);
#6880 = CARTESIAN_POINT('',(0.,1.));
#6881 = VECTOR('',#6882,1.);
#6882 = DIRECTION('',(1.,0.));
#6883 = ( GEOMETRIC_REPRESENTATION_CONTEXT(2) 
PARAMETRIC_REPRESENTATION_CONTEXT() REPRESENTATION_CONTEXT('2D SPACE',''
  ) );
#6884 = PCURVE('',#4594,#6885);
#6885 = DEFINITIONAL_REPRESENTATION('',(#6886),#6890);
#6886 = LINE('',#6887,#6888);
#6887 = CARTESIAN_POINT('',(22.2879041605,-6.586725524293));
#6888 = VECTOR('',#6889,1.);
#6889 = DIRECTION('',(0.93428730841,0.356521002668));
#6890 = ( GEOMETRIC_REPRESENTATION_CONTEXT(2) 
PARAMETRIC_REPRESENTATION_CONTEXT() REPRESENTATION_CONTEXT('2D SPACE',''
  ) );
#6891 = ORIENTED_EDGE('',*,*,#4605,.F.);
#6892 = ORIENTED_EDGE('',*,*,#6848,.F.);
#6893 = ORIENTED_EDGE('',*,*,#6894,.T.);
#6894 = EDGE_CURVE('',#6829,#6870,#6895,.T.);
#6895 = SURFACE_CURVE('',#6896,(#6899,#6905),.PCURVE_S1.);
#6896 = B_SPLINE_CURVE_WITH_KNOTS('',1,(#6897,#6898),.UNSPECIFIED.,.F.,
  .F.,(2,2),(0.,1.),.PIECEWISE_BEZIER_KNOTS.);
#6897 = CARTESIAN_POINT('',(7.049982555507,-37.30003488898,14.2));
#6898 = CARTESIAN_POINT('',(7.05,-37.29996096928,14.201));
#6899 = PCURVE('',#4619,#6900);
#6900 = DEFINITIONAL_REPRESENTATION('',(#6901),#6904);
#6901 = B_SPLINE_CURVE_WITH_KNOTS('',1,(#6902,#6903),.UNSPECIFIED.,.F.,
  .F.,(2,2),(0.,1.),.PIECEWISE_BEZIER_KNOTS.);
#6902 = CARTESIAN_POINT('',(6.224970988767,0.999394306481));
#6903 = CARTESIAN_POINT('',(6.225039030712,1.));
#6904 = ( GEOMETRIC_REPRESENTATION_CONTEXT(2) 
PARAMETRIC_REPRESENTATION_CONTEXT() REPRESENTATION_CONTEXT('2D SPACE',''
  ) );
#6905 = PCURVE('',#6906,#6911);
#6906 = PLANE('',#6907);
#6907 = AXIS2_PLACEMENT_3D('',#6908,#6909,#6910);
#6908 = CARTESIAN_POINT('',(7.,-37.4,14.2));
#6909 = DIRECTION('',(-0.894290965406,0.447145482703,-1.745240643728E-02
    ));
#6910 = DIRECTION('',(-1.560990686589E-02,7.804953432944E-03,
    0.999847695156));
#6911 = DEFINITIONAL_REPRESENTATION('',(#6912),#6915);
#6912 = B_SPLINE_CURVE_WITH_KNOTS('',1,(#6913,#6914),.UNSPECIFIED.,.F.,
  .F.,(2,2),(0.,1.),.PIECEWISE_BEZIER_KNOTS.);
#6913 = CARTESIAN_POINT('',(0.,0.111764391804));
#6914 = CARTESIAN_POINT('',(1.000152328043E-03,0.111838309005));
#6915 = ( GEOMETRIC_REPRESENTATION_CONTEXT(2) 
PARAMETRIC_REPRESENTATION_CONTEXT() REPRESENTATION_CONTEXT('2D SPACE',''
  ) );
#6916 = ADVANCED_FACE('',(#6917),#4594,.T.);
#6917 = FACE_BOUND('',#6918,.T.);
#6918 = EDGE_LOOP('',(#6919,#6920,#6921,#6942));
#6919 = ORIENTED_EDGE('',*,*,#4579,.T.);
#6920 = ORIENTED_EDGE('',*,*,#6869,.T.);
#6921 = ORIENTED_EDGE('',*,*,#6922,.T.);
#6922 = EDGE_CURVE('',#6870,#6923,#6925,.T.);
#6923 = VERTEX_POINT('',#6924);
#6924 = CARTESIAN_POINT('',(7.04996511393,-37.30003074142,14.201));
#6925 = SURFACE_CURVE('',#6926,(#6930,#6936),.PCURVE_S1.);
#6926 = LINE('',#6927,#6928);
#6927 = CARTESIAN_POINT('',(0.674984387715,-50.04999219385,14.201));
#6928 = VECTOR('',#6929,1.);
#6929 = DIRECTION('',(-0.4472135955,-0.894427191,0.));
#6930 = PCURVE('',#4594,#6931);
#6931 = DEFINITIONAL_REPRESENTATION('',(#6932),#6935);
#6932 = B_SPLINE_CURVE_WITH_KNOTS('',1,(#6933,#6934),.UNSPECIFIED.,.F.,
  .F.,(2,2),(-15.26116394643,-14.14312995768),.PIECEWISE_BEZIER_KNOTS.);
#6933 = CARTESIAN_POINT('',(29.105137411196,-4.466925299654));
#6934 = CARTESIAN_POINT('',(27.992589601452,-4.356302648117));
#6935 = ( GEOMETRIC_REPRESENTATION_CONTEXT(2) 
PARAMETRIC_REPRESENTATION_CONTEXT() REPRESENTATION_CONTEXT('2D SPACE',''
  ) );
#6936 = PCURVE('',#6906,#6937);
#6937 = DEFINITIONAL_REPRESENTATION('',(#6938),#6941);
#6938 = B_SPLINE_CURVE_WITH_KNOTS('',1,(#6939,#6940),.UNSPECIFIED.,.F.,
  .F.,(2,2),(-15.26116394643,-14.14312995768),.PIECEWISE_BEZIER_KNOTS.);
#6939 = CARTESIAN_POINT('',(1.000152328043E-03,1.11803398875));
#6940 = CARTESIAN_POINT('',(1.000152328043E-03,0.));
#6941 = ( GEOMETRIC_REPRESENTATION_CONTEXT(2) 
PARAMETRIC_REPRESENTATION_CONTEXT() REPRESENTATION_CONTEXT('2D SPACE',''
  ) );
#6942 = ORIENTED_EDGE('',*,*,#6943,.T.);
#6943 = EDGE_CURVE('',#6923,#4555,#6944,.T.);
#6944 = SURFACE_CURVE('',#6945,(#6948,#6954),.PCURVE_S1.);
#6945 = B_SPLINE_CURVE_WITH_KNOTS('',1,(#6946,#6947),.UNSPECIFIED.,.F.,
  .F.,(2,2),(0.,1.),.PIECEWISE_BEZIER_KNOTS.);
#6946 = CARTESIAN_POINT('',(7.04996511393,-25.05003488607,14.201));
#6947 = CARTESIAN_POINT('',(7.04996511393,-61.99996511393,14.201));
#6948 = PCURVE('',#4594,#6949);
#6949 = DEFINITIONAL_REPRESENTATION('',(#6950),#6953);
#6950 = B_SPLINE_CURVE_WITH_KNOTS('',1,(#6951,#6952),.UNSPECIFIED.,.F.,
  .F.,(2,2),(0.,1.),.PIECEWISE_BEZIER_KNOTS.);
#6951 = CARTESIAN_POINT('',(39.54881715215,2.015599607219E-05));
#6952 = CARTESIAN_POINT('',(5.026966293616,-13.17340601735));
#6953 = ( GEOMETRIC_REPRESENTATION_CONTEXT(2) 
PARAMETRIC_REPRESENTATION_CONTEXT() REPRESENTATION_CONTEXT('2D SPACE',''
  ) );
#6954 = PCURVE('',#4568,#6955);
#6955 = DEFINITIONAL_REPRESENTATION('',(#6956),#6959);
#6956 = B_SPLINE_CURVE_WITH_KNOTS('',1,(#6957,#6958),.UNSPECIFIED.,.F.,
  .F.,(2,2),(0.,1.),.PIECEWISE_BEZIER_KNOTS.);
#6957 = CARTESIAN_POINT('',(18.475,1.378359751896E-03));
#6958 = CARTESIAN_POINT('',(-18.475,1.378359751894E-03));
#6959 = ( GEOMETRIC_REPRESENTATION_CONTEXT(2) 
PARAMETRIC_REPRESENTATION_CONTEXT() REPRESENTATION_CONTEXT('2D SPACE',''
  ) );
#6960 = ADVANCED_FACE('',(#6961),#4568,.T.);
#6961 = FACE_BOUND('',#6962,.T.);
#6962 = EDGE_LOOP('',(#6963,#6985,#6986,#6987,#6988,#7017,#7042,#7082,
    #7107));
#6963 = ORIENTED_EDGE('',*,*,#6964,.F.);
#6964 = EDGE_CURVE('',#4724,#6965,#6967,.T.);
#6965 = VERTEX_POINT('',#6966);
#6966 = CARTESIAN_POINT('',(7.024690155854,-34.92531096955,15.65));
#6967 = SURFACE_CURVE('',#6968,(#6972,#6978),.PCURVE_S1.);
#6968 = LINE('',#6969,#6970);
#6969 = CARTESIAN_POINT('',(7.024690155854,-43.525,15.65));
#6970 = VECTOR('',#6971,1.);
#6971 = DIRECTION('',(0.,1.,0.));
#6972 = PCURVE('',#4568,#6973);
#6973 = DEFINITIONAL_REPRESENTATION('',(#6974),#6977);
#6974 = B_SPLINE_CURVE_WITH_KNOTS('',1,(#6975,#6976),.UNSPECIFIED.,.F.,
  .F.,(2,2),(-18.44969015585,18.449690155854),.PIECEWISE_BEZIER_KNOTS.);
#6975 = CARTESIAN_POINT('',(-18.475,1.));
#6976 = CARTESIAN_POINT('',(18.475,1.));
#6977 = ( GEOMETRIC_REPRESENTATION_CONTEXT(2) 
PARAMETRIC_REPRESENTATION_CONTEXT() REPRESENTATION_CONTEXT('2D SPACE',''
  ) );
#6978 = PCURVE('',#4737,#6979);
#6979 = DEFINITIONAL_REPRESENTATION('',(#6980),#6984);
#6980 = LINE('',#6981,#6982);
#6981 = CARTESIAN_POINT('',(22.241353819396,-6.564932160385));
#6982 = VECTOR('',#6983,1.);
#6983 = DIRECTION('',(0.934551135314,0.355828857012));
#6984 = ( GEOMETRIC_REPRESENTATION_CONTEXT(2) 
PARAMETRIC_REPRESENTATION_CONTEXT() REPRESENTATION_CONTEXT('2D SPACE',''
  ) );
#6985 = ORIENTED_EDGE('',*,*,#4748,.F.);
#6986 = ORIENTED_EDGE('',*,*,#4554,.F.);
#6987 = ORIENTED_EDGE('',*,*,#6943,.F.);
#6988 = ORIENTED_EDGE('',*,*,#6989,.T.);
#6989 = EDGE_CURVE('',#6923,#6990,#6992,.T.);
#6990 = VERTEX_POINT('',#6991);
#6991 = CARTESIAN_POINT('',(7.026434459379,-37.2944396204,15.55));
#6992 = SURFACE_CURVE('',#6993,(#6999,#7008),.PCURVE_S1.);
#6993 = B_SPLINE_CURVE_WITH_KNOTS('',4,(#6994,#6995,#6996,#6997,#6998),
  .UNSPECIFIED.,.F.,.F.,(5,5),(0.,1.),.PIECEWISE_BEZIER_KNOTS.);
#6994 = CARTESIAN_POINT('',(7.049965174673,-37.30003075586,14.2009965176
    ));
#6995 = CARTESIAN_POINT('',(7.044082495338,-37.29863297187,
    14.538247417504));
#6996 = CARTESIAN_POINT('',(7.038199816344,-37.29723518797,
    14.875498297913));
#6997 = CARTESIAN_POINT('',(7.03231713769,-37.29583740414,
    15.212749158766));
#6998 = CARTESIAN_POINT('',(7.026434459379,-37.2944396204,15.55));
#6999 = PCURVE('',#4568,#7000);
#7000 = DEFINITIONAL_REPRESENTATION('',(#7001),#7007);
#7001 = B_SPLINE_CURVE_WITH_KNOTS('',4,(#7002,#7003,#7004,#7005,#7006),
  .UNSPECIFIED.,.F.,.F.,(5,5),(0.,1.),.PIECEWISE_BEZIER_KNOTS.);
#7002 = CARTESIAN_POINT('',(6.22498097821,1.375959751894E-03));
#7003 = CARTESIAN_POINT('',(6.228360883152,0.233802493111));
#7004 = CARTESIAN_POINT('',(6.231743657786,0.466229013035));
#7005 = CARTESIAN_POINT('',(6.235129307592,0.69865551948));
#7006 = CARTESIAN_POINT('',(6.238517838081,0.931082012405));
#7007 = ( GEOMETRIC_REPRESENTATION_CONTEXT(2) 
PARAMETRIC_REPRESENTATION_CONTEXT() REPRESENTATION_CONTEXT('2D SPACE',''
  ) );
#7008 = PCURVE('',#6906,#7009);
#7009 = DEFINITIONAL_REPRESENTATION('',(#7010),#7016);
#7010 = B_SPLINE_CURVE_WITH_KNOTS('',4,(#7011,#7012,#7013,#7014,#7015),
  .UNSPECIFIED.,.F.,.F.,(5,5),(0.,1.),.PIECEWISE_BEZIER_KNOTS.);
#7011 = CARTESIAN_POINT('',(9.966693975763E-04,0.111760315636));
#7012 = CARTESIAN_POINT('',(0.338298942071,0.110379717463));
#7013 = CARTESIAN_POINT('',(0.675601195247,0.108999119371));
#7014 = CARTESIAN_POINT('',(1.012903428864,0.107618521358));
#7015 = CARTESIAN_POINT('',(1.350205642859,0.106237923426));
#7016 = ( GEOMETRIC_REPRESENTATION_CONTEXT(2) 
PARAMETRIC_REPRESENTATION_CONTEXT() REPRESENTATION_CONTEXT('2D SPACE',''
  ) );
#7017 = ORIENTED_EDGE('',*,*,#7018,.F.);
#7018 = EDGE_CURVE('',#7019,#6990,#7021,.T.);
#7019 = VERTEX_POINT('',#7020);
#7020 = CARTESIAN_POINT('',(7.026434459379,-35.05082025142,15.55));
#7021 = SURFACE_CURVE('',#7022,(#7025,#7031),.PCURVE_S1.);
#7022 = B_SPLINE_CURVE_WITH_KNOTS('',1,(#7023,#7024),.UNSPECIFIED.,.F.,
  .F.,(2,2),(0.,1.),.PIECEWISE_BEZIER_KNOTS.);
#7023 = CARTESIAN_POINT('',(7.026434459379,-35.04536702014,15.55));
#7024 = CARTESIAN_POINT('',(7.026434459379,-37.30017986385,15.55));
#7025 = PCURVE('',#4568,#7026);
#7026 = DEFINITIONAL_REPRESENTATION('',(#7027),#7030);
#7027 = B_SPLINE_CURVE_WITH_KNOTS('',1,(#7028,#7029),.UNSPECIFIED.,.F.,
  .F.,(2,2),(0.,1.),.PIECEWISE_BEZIER_KNOTS.);
#7028 = CARTESIAN_POINT('',(8.490462876899,0.931082012405));
#7029 = CARTESIAN_POINT('',(6.232770263387,0.931082012405));
#7030 = ( GEOMETRIC_REPRESENTATION_CONTEXT(2) 
PARAMETRIC_REPRESENTATION_CONTEXT() REPRESENTATION_CONTEXT('2D SPACE',''
  ) );
#7031 = PCURVE('',#7032,#7037);
#7032 = PLANE('',#7033);
#7033 = AXIS2_PLACEMENT_3D('',#7034,#7035,#7036);
#7034 = CARTESIAN_POINT('',(7.155184778638,-36.17362211526,15.55));
#7035 = DIRECTION('',(0.,0.,1.));
#7036 = DIRECTION('',(1.,0.,0.));
#7037 = DEFINITIONAL_REPRESENTATION('',(#7038),#7041);
#7038 = B_SPLINE_CURVE_WITH_KNOTS('',1,(#7039,#7040),.UNSPECIFIED.,.F.,
  .F.,(2,2),(0.,1.),.PIECEWISE_BEZIER_KNOTS.);
#7039 = CARTESIAN_POINT('',(-0.128750319259,1.128255095126));
#7040 = CARTESIAN_POINT('',(-0.128750319259,-1.126557748589));
#7041 = ( GEOMETRIC_REPRESENTATION_CONTEXT(2) 
PARAMETRIC_REPRESENTATION_CONTEXT() REPRESENTATION_CONTEXT('2D SPACE',''
  ) );
#7042 = ORIENTED_EDGE('',*,*,#7043,.F.);
#7043 = EDGE_CURVE('',#7044,#7019,#7046,.T.);
#7044 = VERTEX_POINT('',#7045);
#7045 = CARTESIAN_POINT('',(7.04996511393,-35.04497119408,14.201));
#7046 = SURFACE_CURVE('',#7047,(#7055,#7066),.PCURVE_S1.);
#7047 = B_SPLINE_CURVE_WITH_KNOTS('',3,(#7048,#7049,#7050,#7051,#7052,
    #7053,#7054),.UNSPECIFIED.,.F.,.F.,(4,1,1,1,4),(0.,0.272828711116,
    0.545657423966,0.818486138554,1.),.UNSPECIFIED.);
#7048 = CARTESIAN_POINT('',(7.049965174673,-35.04497117898,14.2009965176
    ));
#7049 = CARTESIAN_POINT('',(7.047825223073,-35.04550311061,
    14.323678812828));
#7050 = CARTESIAN_POINT('',(7.043545319873,-35.04656697389,
    14.569043403285));
#7051 = CARTESIAN_POINT('',(7.037125465093,-35.0481627688,
    14.937090287803));
#7052 = CARTESIAN_POINT('',(7.031421844928,-35.04958052797,
    15.264075820084));
#7053 = CARTESIAN_POINT('',(7.027858176361,-35.05046635551,
    15.468379057222));
#7054 = CARTESIAN_POINT('',(7.026434459379,-35.05082025142,15.55));
#7055 = PCURVE('',#4568,#7056);
#7056 = DEFINITIONAL_REPRESENTATION('',(#7057),#7065);
#7057 = B_SPLINE_CURVE_WITH_KNOTS('',3,(#7058,#7059,#7060,#7061,#7062,
    #7063,#7064),.UNSPECIFIED.,.F.,.F.,(4,1,1,1,4),(0.,0.272828711116,
    0.545657423966,0.818486138554,1.),.UNSPECIFIED.);
#7058 = CARTESIAN_POINT('',(8.480044805882,1.375959751894E-03));
#7059 = CARTESIAN_POINT('',(8.480495115171,8.592612875808E-02));
#7060 = CARTESIAN_POINT('',(8.481396046706,0.255026466771));
#7061 = CARTESIAN_POINT('',(8.482748383849,0.508676972986));
#7062 = CARTESIAN_POINT('',(8.48395068262,0.73402882156));
#7063 = CARTESIAN_POINT('',(8.484702324043,0.874830501187));
#7064 = CARTESIAN_POINT('',(8.485002680939,0.931082012405));
#7065 = ( GEOMETRIC_REPRESENTATION_CONTEXT(2) 
PARAMETRIC_REPRESENTATION_CONTEXT() REPRESENTATION_CONTEXT('2D SPACE',''
  ) );
#7066 = PCURVE('',#7067,#7072);
#7067 = PLANE('',#7068);
#7068 = AXIS2_PLACEMENT_3D('',#7069,#7070,#7071);
#7069 = CARTESIAN_POINT('',(7.5,-35.9,14.2));
#7070 = DIRECTION('',(-0.884783445051,-0.465675497395,
    -1.745240643728E-02));
#7071 = DIRECTION('',(-1.544395248077E-02,-8.12839604251E-03,
    0.999847695156));
#7072 = DEFINITIONAL_REPRESENTATION('',(#7073),#7081);
#7073 = B_SPLINE_CURVE_WITH_KNOTS('',3,(#7074,#7075,#7076,#7077,#7078,
    #7079,#7080),.UNSPECIFIED.,.F.,.F.,(4,1,1,1,4),(0.,0.272828711116,
    0.545657423966,0.818486138554,1.),.UNSPECIFIED.);
#7074 = CARTESIAN_POINT('',(9.966693975763E-04,0.966232698928));
#7075 = CARTESIAN_POINT('',(0.12369765258,0.966758657753));
#7076 = CARTESIAN_POINT('',(0.369099618945,0.967810575403));
#7077 = CARTESIAN_POINT('',(0.737202567324,0.969388451872));
#7078 = CARTESIAN_POINT('',(1.064237908672,0.970790291689));
#7079 = CARTESIAN_POINT('',(1.268572266923,0.971666172681));
#7080 = CARTESIAN_POINT('',(1.350205642859,0.972016094853));
#7081 = ( GEOMETRIC_REPRESENTATION_CONTEXT(2) 
PARAMETRIC_REPRESENTATION_CONTEXT() REPRESENTATION_CONTEXT('2D SPACE',''
  ) );
#7082 = ORIENTED_EDGE('',*,*,#7083,.F.);
#7083 = EDGE_CURVE('',#7084,#7044,#7086,.T.);
#7084 = VERTEX_POINT('',#7085);
#7085 = CARTESIAN_POINT('',(7.04996511393,-34.90003488762,14.201));
#7086 = SURFACE_CURVE('',#7087,(#7090,#7096),.PCURVE_S1.);
#7087 = B_SPLINE_CURVE_WITH_KNOTS('',1,(#7088,#7089),.UNSPECIFIED.,.F.,
  .F.,(2,2),(0.,1.),.PIECEWISE_BEZIER_KNOTS.);
#7088 = CARTESIAN_POINT('',(7.04996511393,-25.05003488607,14.201));
#7089 = CARTESIAN_POINT('',(7.04996511393,-61.99996511393,14.201));
#7090 = PCURVE('',#4568,#7091);
#7091 = DEFINITIONAL_REPRESENTATION('',(#7092),#7095);
#7092 = B_SPLINE_CURVE_WITH_KNOTS('',1,(#7093,#7094),.UNSPECIFIED.,.F.,
  .F.,(2,2),(0.,1.),.PIECEWISE_BEZIER_KNOTS.);
#7093 = CARTESIAN_POINT('',(18.475,1.378359751896E-03));
#7094 = CARTESIAN_POINT('',(-18.475,1.378359751894E-03));
#7095 = ( GEOMETRIC_REPRESENTATION_CONTEXT(2) 
PARAMETRIC_REPRESENTATION_CONTEXT() REPRESENTATION_CONTEXT('2D SPACE',''
  ) );
#7096 = PCURVE('',#7097,#7102);
#7097 = PLANE('',#7098);
#7098 = AXIS2_PLACEMENT_3D('',#7099,#7100,#7101);
#7099 = CARTESIAN_POINT('',(-7.05,-62.,14.201));
#7100 = DIRECTION('',(0.,0.,1.));
#7101 = DIRECTION('',(0.356521002668,0.93428730841,-0.));
#7102 = DEFINITIONAL_REPRESENTATION('',(#7103),#7106);
#7103 = B_SPLINE_CURVE_WITH_KNOTS('',1,(#7104,#7105),.UNSPECIFIED.,.F.,
  .F.,(2,2),(0.,1.),.PIECEWISE_BEZIER_KNOTS.);
#7104 = CARTESIAN_POINT('',(39.54881715215,2.015599607219E-05));
#7105 = CARTESIAN_POINT('',(5.026966293616,-13.17340601735));
#7106 = ( GEOMETRIC_REPRESENTATION_CONTEXT(2) 
PARAMETRIC_REPRESENTATION_CONTEXT() REPRESENTATION_CONTEXT('2D SPACE',''
  ) );
#7107 = ORIENTED_EDGE('',*,*,#7108,.T.);
#7108 = EDGE_CURVE('',#7084,#6965,#7109,.T.);
#7109 = SURFACE_CURVE('',#7110,(#7116,#7125),.PCURVE_S1.);
#7110 = B_SPLINE_CURVE_WITH_KNOTS('',4,(#7111,#7112,#7113,#7114,#7115),
  .UNSPECIFIED.,.F.,.F.,(5,5),(0.,1.),.PIECEWISE_BEZIER_KNOTS.);
#7111 = CARTESIAN_POINT('',(7.049965159487,-34.90003484206,14.2009973882
    ));
#7112 = CARTESIAN_POINT('',(7.043646483282,-34.90635379922,
    14.563243758468));
#7113 = CARTESIAN_POINT('',(7.037327755159,-34.91267280831,
    14.925493105135));
#7114 = CARTESIAN_POINT('',(7.031008978408,-34.91899186603,
    15.287745239665));
#7115 = CARTESIAN_POINT('',(7.024690155854,-34.92531096955,15.65));
#7116 = PCURVE('',#4568,#7117);
#7117 = DEFINITIONAL_REPRESENTATION('',(#7118),#7124);
#7118 = B_SPLINE_CURVE_WITH_KNOTS('',4,(#7119,#7120,#7121,#7122,#7123),
  .UNSPECIFIED.,.F.,.F.,(5,5),(0.,1.),.PIECEWISE_BEZIER_KNOTS.);
#7119 = CARTESIAN_POINT('',(8.624981423095,1.376559751894E-03));
#7120 = CARTESIAN_POINT('',(8.621612308825,0.251029468276));
#7121 = CARTESIAN_POINT('',(8.618240094124,0.500684428074));
#7122 = CARTESIAN_POINT('',(8.614864774328,0.750341309211));
#7123 = CARTESIAN_POINT('',(8.611486344506,1.));
#7124 = ( GEOMETRIC_REPRESENTATION_CONTEXT(2) 
PARAMETRIC_REPRESENTATION_CONTEXT() REPRESENTATION_CONTEXT('2D SPACE',''
  ) );
#7125 = PCURVE('',#7126,#7131);
#7126 = B_SPLINE_SURFACE_WITH_KNOTS('',1,1,(
    (#7127,#7128)
    ,(#7129,#7130
    )),.UNSPECIFIED.,.F.,.F.,.F.,(2,2),(2,2),(-1.027055350639,
    1.027055350639),(0.,1.),.PIECEWISE_BEZIER_KNOTS.);
#7127 = CARTESIAN_POINT('',(5.35,-34.9,14.199));
#7128 = CARTESIAN_POINT('',(5.322944649361,-34.92705535063,15.75));
#7129 = CARTESIAN_POINT('',(7.35,-34.9,14.199));
#7130 = CARTESIAN_POINT('',(7.377055350639,-34.92705535063,15.75));
#7131 = DEFINITIONAL_REPRESENTATION('',(#7132),#7138);
#7132 = B_SPLINE_CURVE_WITH_KNOTS('',4,(#7133,#7134,#7135,#7136,#7137),
  .UNSPECIFIED.,.F.,.F.,(5,5),(0.,1.),.PIECEWISE_BEZIER_KNOTS.);
#7133 = CARTESIAN_POINT('',(0.718877915123,1.287806705518E-03));
#7134 = CARTESIAN_POINT('',(0.707846110881,0.234844460673));
#7135 = CARTESIAN_POINT('',(0.69700009943,0.468403033552));
#7136 = CARTESIAN_POINT('',(0.686332855157,0.701963404109));
#7137 = CARTESIAN_POINT('',(0.675838019071,0.935525467403));
#7138 = ( GEOMETRIC_REPRESENTATION_CONTEXT(2) 
PARAMETRIC_REPRESENTATION_CONTEXT() REPRESENTATION_CONTEXT('2D SPACE',''
  ) );
#7139 = ADVANCED_FACE('',(#7140,#7305),#4737,.T.);
#7140 = FACE_BOUND('',#7141,.T.);
#7141 = EDGE_LOOP('',(#7142,#7143,#7144,#7145,#7165,#7190,#7215,#7243,
    #7263,#7285));
#7142 = ORIENTED_EDGE('',*,*,#5390,.F.);
#7143 = ORIENTED_EDGE('',*,*,#4723,.T.);
#7144 = ORIENTED_EDGE('',*,*,#6964,.T.);
#7145 = ORIENTED_EDGE('',*,*,#7146,.T.);
#7146 = EDGE_CURVE('',#6965,#7147,#7149,.T.);
#7147 = VERTEX_POINT('',#7148);
#7148 = CARTESIAN_POINT('',(5.975310969553,-34.92531096955,15.65));
#7149 = SURFACE_CURVE('',#7150,(#7153,#7159),.PCURVE_S1.);
#7150 = B_SPLINE_CURVE_WITH_KNOTS('',1,(#7151,#7152),.UNSPECIFIED.,.F.,
  .F.,(2,2),(0.,1.),.PIECEWISE_BEZIER_KNOTS.);
#7151 = CARTESIAN_POINT('',(7.375310969553,-34.92531096955,15.65));
#7152 = CARTESIAN_POINT('',(5.324689030447,-34.92531096955,15.65));
#7153 = PCURVE('',#4737,#7154);
#7154 = DEFINITIONAL_REPRESENTATION('',(#7155),#7158);
#7155 = B_SPLINE_CURVE_WITH_KNOTS('',1,(#7156,#7157),.UNSPECIFIED.,.F.,
  .F.,(2,2),(0.,1.),.PIECEWISE_BEZIER_KNOTS.);
#7156 = CARTESIAN_POINT('',(30.402963969534,-3.832587721529));
#7157 = CARTESIAN_POINT('',(29.673293508778,-1.916176660237));
#7158 = ( GEOMETRIC_REPRESENTATION_CONTEXT(2) 
PARAMETRIC_REPRESENTATION_CONTEXT() REPRESENTATION_CONTEXT('2D SPACE',''
  ) );
#7159 = PCURVE('',#7126,#7160);
#7160 = DEFINITIONAL_REPRESENTATION('',(#7161),#7164);
#7161 = B_SPLINE_CURVE_WITH_KNOTS('',1,(#7162,#7163),.UNSPECIFIED.,.F.,
  .F.,(2,2),(0.,1.),.PIECEWISE_BEZIER_KNOTS.);
#7162 = CARTESIAN_POINT('',(1.027055350639,0.93552546744));
#7163 = CARTESIAN_POINT('',(-1.027055350639,0.93552546744));
#7164 = ( GEOMETRIC_REPRESENTATION_CONTEXT(2) 
PARAMETRIC_REPRESENTATION_CONTEXT() REPRESENTATION_CONTEXT('2D SPACE',''
  ) );
#7165 = ORIENTED_EDGE('',*,*,#7166,.T.);
#7166 = EDGE_CURVE('',#7147,#7167,#7169,.T.);
#7167 = VERTEX_POINT('',#7168);
#7168 = CARTESIAN_POINT('',(5.975310969553,-48.02531096955,15.65));
#7169 = SURFACE_CURVE('',#7170,(#7173,#7179),.PCURVE_S1.);
#7170 = B_SPLINE_CURVE_WITH_KNOTS('',1,(#7171,#7172),.UNSPECIFIED.,.F.,
  .F.,(2,2),(0.,1.),.PIECEWISE_BEZIER_KNOTS.);
#7171 = CARTESIAN_POINT('',(5.975310969553,-34.87468903044,15.65));
#7172 = CARTESIAN_POINT('',(5.975310969553,-48.02531096955,15.65));
#7173 = PCURVE('',#4737,#7174);
#7174 = DEFINITIONAL_REPRESENTATION('',(#7175),#7178);
#7175 = B_SPLINE_CURVE_WITH_KNOTS('',1,(#7176,#7177),.UNSPECIFIED.,.F.,
  .F.,(2,2),(0.,1.),.PIECEWISE_BEZIER_KNOTS.);
#7176 = CARTESIAN_POINT('',(29.952112360381,-2.506203385357));
#7177 = CARTESIAN_POINT('',(17.662183697099,-7.185574158948));
#7178 = ( GEOMETRIC_REPRESENTATION_CONTEXT(2) 
PARAMETRIC_REPRESENTATION_CONTEXT() REPRESENTATION_CONTEXT('2D SPACE',''
  ) );
#7179 = PCURVE('',#7180,#7185);
#7180 = B_SPLINE_SURFACE_WITH_KNOTS('',1,1,(
    (#7181,#7182)
    ,(#7183,#7184
    )),.UNSPECIFIED.,.F.,.F.,.F.,(2,2),(2,2),(-6.577055350639,
    6.577055350639),(0.,1.),.PIECEWISE_BEZIER_KNOTS.);
#7181 = CARTESIAN_POINT('',(5.95,-48.,14.199));
#7182 = CARTESIAN_POINT('',(5.977055350639,-48.02705535063,15.75));
#7183 = CARTESIAN_POINT('',(5.95,-34.9,14.199));
#7184 = CARTESIAN_POINT('',(5.977055350639,-34.87294464936,15.75));
#7185 = DEFINITIONAL_REPRESENTATION('',(#7186),#7189);
#7186 = B_SPLINE_CURVE_WITH_KNOTS('',1,(#7187,#7188),.UNSPECIFIED.,.F.,
  .F.,(2,2),(0.,1.),.PIECEWISE_BEZIER_KNOTS.);
#7187 = CARTESIAN_POINT('',(6.577055350639,0.93552546744));
#7188 = CARTESIAN_POINT('',(-6.577055350639,0.93552546744));
#7189 = ( GEOMETRIC_REPRESENTATION_CONTEXT(2) 
PARAMETRIC_REPRESENTATION_CONTEXT() REPRESENTATION_CONTEXT('2D SPACE',''
  ) );
#7190 = ORIENTED_EDGE('',*,*,#7191,.T.);
#7191 = EDGE_CURVE('',#7167,#7192,#7194,.T.);
#7192 = VERTEX_POINT('',#7193);
#7193 = CARTESIAN_POINT('',(5.324689030447,-48.02531096955,15.65));
#7194 = SURFACE_CURVE('',#7195,(#7198,#7204),.PCURVE_S1.);
#7195 = B_SPLINE_CURVE_WITH_KNOTS('',1,(#7196,#7197),.UNSPECIFIED.,.F.,
  .F.,(2,2),(0.,1.),.PIECEWISE_BEZIER_KNOTS.);
#7196 = CARTESIAN_POINT('',(5.975310969553,-48.02531096955,15.65));
#7197 = CARTESIAN_POINT('',(5.324689030447,-48.02531096955,15.65));
#7198 = PCURVE('',#4737,#7199);
#7199 = DEFINITIONAL_REPRESENTATION('',(#7200),#7203);
#7200 = B_SPLINE_CURVE_WITH_KNOTS('',1,(#7201,#7202),.UNSPECIFIED.,.F.,
  .F.,(2,2),(0.,1.),.PIECEWISE_BEZIER_KNOTS.);
#7201 = CARTESIAN_POINT('',(17.662183697099,-7.185574158948));
#7202 = CARTESIAN_POINT('',(17.43067363616,-6.577534687096));
#7203 = ( GEOMETRIC_REPRESENTATION_CONTEXT(2) 
PARAMETRIC_REPRESENTATION_CONTEXT() REPRESENTATION_CONTEXT('2D SPACE',''
  ) );
#7204 = PCURVE('',#7205,#7210);
#7205 = B_SPLINE_SURFACE_WITH_KNOTS('',1,1,(
    (#7206,#7207)
    ,(#7208,#7209
    )),.UNSPECIFIED.,.F.,.F.,.F.,(2,2),(2,2),(-0.327055350639,
    0.327055350639),(0.,1.),.PIECEWISE_BEZIER_KNOTS.);
#7206 = CARTESIAN_POINT('',(5.35,-48.,14.199));
#7207 = CARTESIAN_POINT('',(5.322944649361,-48.02705535063,15.75));
#7208 = CARTESIAN_POINT('',(5.95,-48.,14.199));
#7209 = CARTESIAN_POINT('',(5.977055350639,-48.02705535063,15.75));
#7210 = DEFINITIONAL_REPRESENTATION('',(#7211),#7214);
#7211 = B_SPLINE_CURVE_WITH_KNOTS('',1,(#7212,#7213),.UNSPECIFIED.,.F.,
  .F.,(2,2),(0.,1.),.PIECEWISE_BEZIER_KNOTS.);
#7212 = CARTESIAN_POINT('',(0.327055350639,0.93552546744));
#7213 = CARTESIAN_POINT('',(-0.327055350639,0.93552546744));
#7214 = ( GEOMETRIC_REPRESENTATION_CONTEXT(2) 
PARAMETRIC_REPRESENTATION_CONTEXT() REPRESENTATION_CONTEXT('2D SPACE',''
  ) );
#7215 = ORIENTED_EDGE('',*,*,#7216,.T.);
#7216 = EDGE_CURVE('',#7192,#7217,#7219,.T.);
#7217 = VERTEX_POINT('',#7218);
#7218 = CARTESIAN_POINT('',(5.324689030447,-34.37468903044,15.65));
#7219 = SURFACE_CURVE('',#7220,(#7224,#7231),.PCURVE_S1.);
#7220 = LINE('',#7221,#7222);
#7221 = CARTESIAN_POINT('',(5.324689030447,-48.02531096955,15.65));
#7222 = VECTOR('',#7223,1.);
#7223 = DIRECTION('',(0.,1.,0.));
#7224 = PCURVE('',#4737,#7225);
#7225 = DEFINITIONAL_REPRESENTATION('',(#7226),#7230);
#7226 = LINE('',#7227,#7228);
#7227 = CARTESIAN_POINT('',(17.43067363616,-6.577534687096));
#7228 = VECTOR('',#7229,1.);
#7229 = DIRECTION('',(0.934551135314,0.355828857012));
#7230 = ( GEOMETRIC_REPRESENTATION_CONTEXT(2) 
PARAMETRIC_REPRESENTATION_CONTEXT() REPRESENTATION_CONTEXT('2D SPACE',''
  ) );
#7231 = PCURVE('',#7232,#7237);
#7232 = PLANE('',#7233);
#7233 = AXIS2_PLACEMENT_3D('',#7234,#7235,#7236);
#7234 = CARTESIAN_POINT('',(5.336472324681,-34.65,14.9745));
#7235 = DIRECTION('',(-0.999847891444,-2.002216934479E-17,
    -1.744115750382E-02));
#7236 = DIRECTION('',(2.755493718392E-17,-1.,-4.316557829248E-16));
#7237 = DEFINITIONAL_REPRESENTATION('',(#7238),#7242);
#7238 = LINE('',#7239,#7240);
#7239 = CARTESIAN_POINT('',(13.375310969553,0.675602764961));
#7240 = VECTOR('',#7241,1.);
#7241 = DIRECTION('',(-1.,-4.320707143863E-16));
#7242 = ( GEOMETRIC_REPRESENTATION_CONTEXT(2) 
PARAMETRIC_REPRESENTATION_CONTEXT() REPRESENTATION_CONTEXT('2D SPACE',''
  ) );
#7243 = ORIENTED_EDGE('',*,*,#7244,.T.);
#7244 = EDGE_CURVE('',#7217,#7245,#7247,.T.);
#7245 = VERTEX_POINT('',#7246);
#7246 = CARTESIAN_POINT('',(7.024690155854,-34.37468903044,15.65));
#7247 = SURFACE_CURVE('',#7248,(#7251,#7257),.PCURVE_S1.);
#7248 = B_SPLINE_CURVE_WITH_KNOTS('',1,(#7249,#7250),.UNSPECIFIED.,.F.,
  .F.,(2,2),(0.,1.),.PIECEWISE_BEZIER_KNOTS.);
#7249 = CARTESIAN_POINT('',(5.324689030447,-34.37468903044,15.65));
#7250 = CARTESIAN_POINT('',(7.375310969553,-34.37468903044,15.65));
#7251 = PCURVE('',#4737,#7252);
#7252 = DEFINITIONAL_REPRESENTATION('',(#7253),#7256);
#7253 = B_SPLINE_CURVE_WITH_KNOTS('',1,(#7254,#7255),.UNSPECIFIED.,.F.,
  .F.,(2,2),(0.,1.),.PIECEWISE_BEZIER_KNOTS.);
#7254 = CARTESIAN_POINT('',(30.187877867099,-1.720249484999));
#7255 = CARTESIAN_POINT('',(30.917548327855,-3.636660546291));
#7256 = ( GEOMETRIC_REPRESENTATION_CONTEXT(2) 
PARAMETRIC_REPRESENTATION_CONTEXT() REPRESENTATION_CONTEXT('2D SPACE',''
  ) );
#7257 = PCURVE('',#5524,#7258);
#7258 = DEFINITIONAL_REPRESENTATION('',(#7259),#7262);
#7259 = B_SPLINE_CURVE_WITH_KNOTS('',1,(#7260,#7261),.UNSPECIFIED.,.F.,
  .F.,(2,2),(0.,1.),.PIECEWISE_BEZIER_KNOTS.);
#7260 = CARTESIAN_POINT('',(1.027055350639,0.93552546744));
#7261 = CARTESIAN_POINT('',(-1.027055350639,0.93552546744));
#7262 = ( GEOMETRIC_REPRESENTATION_CONTEXT(2) 
PARAMETRIC_REPRESENTATION_CONTEXT() REPRESENTATION_CONTEXT('2D SPACE',''
  ) );
#7263 = ORIENTED_EDGE('',*,*,#7264,.T.);
#7264 = EDGE_CURVE('',#7245,#7265,#7267,.T.);
#7265 = VERTEX_POINT('',#7266);
#7266 = CARTESIAN_POINT('',(7.024690155854,-25.07530984414,15.65));
#7267 = SURFACE_CURVE('',#7268,(#7272,#7279),.PCURVE_S1.);
#7268 = LINE('',#7269,#7270);
#7269 = CARTESIAN_POINT('',(7.024690155854,-43.525,15.65));
#7270 = VECTOR('',#7271,1.);
#7271 = DIRECTION('',(0.,1.,0.));
#7272 = PCURVE('',#4737,#7273);
#7273 = DEFINITIONAL_REPRESENTATION('',(#7274),#7278);
#7274 = LINE('',#7275,#7276);
#7275 = CARTESIAN_POINT('',(22.241353819396,-6.564932160385));
#7276 = VECTOR('',#7277,1.);
#7277 = DIRECTION('',(0.934551135314,0.355828857012));
#7278 = ( GEOMETRIC_REPRESENTATION_CONTEXT(2) 
PARAMETRIC_REPRESENTATION_CONTEXT() REPRESENTATION_CONTEXT('2D SPACE',''
  ) );
#7279 = PCURVE('',#5499,#7280);
#7280 = DEFINITIONAL_REPRESENTATION('',(#7281),#7284);
#7281 = B_SPLINE_CURVE_WITH_KNOTS('',1,(#7282,#7283),.UNSPECIFIED.,.F.,
  .F.,(2,2),(-18.44969015585,18.449690155854),.PIECEWISE_BEZIER_KNOTS.);
#7282 = CARTESIAN_POINT('',(-18.475,1.));
#7283 = CARTESIAN_POINT('',(18.475,1.));
#7284 = ( GEOMETRIC_REPRESENTATION_CONTEXT(2) 
PARAMETRIC_REPRESENTATION_CONTEXT() REPRESENTATION_CONTEXT('2D SPACE',''
  ) );
#7285 = ORIENTED_EDGE('',*,*,#7286,.F.);
#7286 = EDGE_CURVE('',#5391,#7265,#7287,.T.);
#7287 = SURFACE_CURVE('',#7288,(#7292,#7299),.PCURVE_S1.);
#7288 = LINE('',#7289,#7290);
#7289 = CARTESIAN_POINT('',(0.,-25.07530984414,15.65));
#7290 = VECTOR('',#7291,1.);
#7291 = DIRECTION('',(1.,0.,0.));
#7292 = PCURVE('',#4737,#7293);
#7293 = DEFINITIONAL_REPRESENTATION('',(#7294),#7298);
#7294 = LINE('',#7295,#7296);
#7295 = CARTESIAN_POINT('',(36.983945231727,6.564932160385));
#7296 = VECTOR('',#7297,1.);
#7297 = DIRECTION('',(0.355828857012,-0.934551135314));
#7298 = ( GEOMETRIC_REPRESENTATION_CONTEXT(2) 
PARAMETRIC_REPRESENTATION_CONTEXT() REPRESENTATION_CONTEXT('2D SPACE',''
  ) );
#7299 = PCURVE('',#5425,#7300);
#7300 = DEFINITIONAL_REPRESENTATION('',(#7301),#7304);
#7301 = B_SPLINE_CURVE_WITH_KNOTS('',1,(#7302,#7303),.UNSPECIFIED.,.F.,
  .F.,(2,2),(-7.024690155854,7.024690155854),.PIECEWISE_BEZIER_KNOTS.);
#7302 = CARTESIAN_POINT('',(7.05,1.));
#7303 = CARTESIAN_POINT('',(-7.05,1.));
#7304 = ( GEOMETRIC_REPRESENTATION_CONTEXT(2) 
PARAMETRIC_REPRESENTATION_CONTEXT() REPRESENTATION_CONTEXT('2D SPACE',''
  ) );
#7305 = FACE_BOUND('',#7306,.T.);
#7306 = EDGE_LOOP('',(#7307));
#7307 = ORIENTED_EDGE('',*,*,#7308,.F.);
#7308 = EDGE_CURVE('',#7309,#7309,#7311,.T.);
#7309 = VERTEX_POINT('',#7310);
#7310 = CARTESIAN_POINT('',(1.225309844146,-40.,15.65));
#7311 = SURFACE_CURVE('',#7312,(#7317,#7324),.PCURVE_S1.);
#7312 = CIRCLE('',#7313,1.225309844146);
#7313 = AXIS2_PLACEMENT_3D('',#7314,#7315,#7316);
#7314 = CARTESIAN_POINT('',(0.,-40.,15.65));
#7315 = DIRECTION('',(0.,0.,1.));
#7316 = DIRECTION('',(1.,0.,-0.));
#7317 = PCURVE('',#4737,#7318);
#7318 = DEFINITIONAL_REPRESENTATION('',(#7319),#7323);
#7319 = CIRCLE('',#7320,1.225309844146);
#7320 = AXIS2_PLACEMENT_2D('',#7321,#7322);
#7321 = CARTESIAN_POINT('',(23.036059102358,1.254296720968));
#7322 = DIRECTION('',(0.355828857012,-0.934551135314));
#7323 = ( GEOMETRIC_REPRESENTATION_CONTEXT(2) 
PARAMETRIC_REPRESENTATION_CONTEXT() REPRESENTATION_CONTEXT('2D SPACE',''
  ) );
#7324 = PCURVE('',#7325,#7330);
#7325 = CONICAL_SURFACE('',#7326,1.199982544935,1.745329251994E-02);
#7326 = AXIS2_PLACEMENT_3D('',#7327,#7328,#7329);
#7327 = CARTESIAN_POINT('',(0.,-40.,14.199));
#7328 = DIRECTION('',(0.,0.,1.));
#7329 = DIRECTION('',(1.,0.,0.));
#7330 = DEFINITIONAL_REPRESENTATION('',(#7331),#7335);
#7331 = LINE('',#7332,#7333);
#7332 = CARTESIAN_POINT('',(0.,1.451));
#7333 = VECTOR('',#7334,1.);
#7334 = DIRECTION('',(1.,0.));
#7335 = ( GEOMETRIC_REPRESENTATION_CONTEXT(2) 
PARAMETRIC_REPRESENTATION_CONTEXT() REPRESENTATION_CONTEXT('2D SPACE',''
  ) );
#7336 = ADVANCED_FACE('',(#7337),#4826,.T.);
#7337 = FACE_BOUND('',#7338,.T.);
#7338 = EDGE_LOOP('',(#7339,#7340,#7341,#7342));
#7339 = ORIENTED_EDGE('',*,*,#4956,.F.);
#7340 = ORIENTED_EDGE('',*,*,#4811,.T.);
#7341 = ORIENTED_EDGE('',*,*,#4863,.T.);
#7342 = ORIENTED_EDGE('',*,*,#4909,.F.);
#7343 = ADVANCED_FACE('',(#7344),#5019,.T.);
#7344 = FACE_BOUND('',#7345,.T.);
#7345 = EDGE_LOOP('',(#7346,#7347,#7348,#7349));
#7346 = ORIENTED_EDGE('',*,*,#5102,.F.);
#7347 = ORIENTED_EDGE('',*,*,#5004,.T.);
#7348 = ORIENTED_EDGE('',*,*,#5056,.T.);
#7349 = ORIENTED_EDGE('',*,*,#5149,.F.);
#7350 = ADVANCED_FACE('',(#7351),#5212,.T.);
#7351 = FACE_BOUND('',#7352,.T.);
#7352 = EDGE_LOOP('',(#7353,#7354,#7355,#7356));
#7353 = ORIENTED_EDGE('',*,*,#5295,.F.);
#7354 = ORIENTED_EDGE('',*,*,#5197,.T.);
#7355 = ORIENTED_EDGE('',*,*,#5249,.T.);
#7356 = ORIENTED_EDGE('',*,*,#5342,.F.);
#7357 = ADVANCED_FACE('',(#7358),#5425,.T.);
#7358 = FACE_BOUND('',#7359,.T.);
#7359 = EDGE_LOOP('',(#7360,#7361,#7362,#7363));
#7360 = ORIENTED_EDGE('',*,*,#5465,.F.);
#7361 = ORIENTED_EDGE('',*,*,#5412,.T.);
#7362 = ORIENTED_EDGE('',*,*,#7286,.T.);
#7363 = ORIENTED_EDGE('',*,*,#7364,.F.);
#7364 = EDGE_CURVE('',#5466,#7265,#7365,.T.);
#7365 = SURFACE_CURVE('',#7366,(#7369,#7376),.PCURVE_S1.);
#7366 = B_SPLINE_CURVE_WITH_KNOTS('',1,(#7367,#7368),.UNSPECIFIED.,.F.,
  .F.,(2,2),(0.,1.),.PIECEWISE_BEZIER_KNOTS.);
#7367 = CARTESIAN_POINT('',(7.05,-25.05,14.199));
#7368 = CARTESIAN_POINT('',(7.024690155854,-25.07530984414,15.65));
#7369 = PCURVE('',#5425,#7370);
#7370 = DEFINITIONAL_REPRESENTATION('',(#7371),#7375);
#7371 = LINE('',#7372,#7373);
#7372 = CARTESIAN_POINT('',(-7.05,0.));
#7373 = VECTOR('',#7374,1.);
#7374 = DIRECTION('',(0.,1.));
#7375 = ( GEOMETRIC_REPRESENTATION_CONTEXT(2) 
PARAMETRIC_REPRESENTATION_CONTEXT() REPRESENTATION_CONTEXT('2D SPACE',''
  ) );
#7376 = PCURVE('',#5499,#7377);
#7377 = DEFINITIONAL_REPRESENTATION('',(#7378),#7382);
#7378 = LINE('',#7379,#7380);
#7379 = CARTESIAN_POINT('',(18.475,0.));
#7380 = VECTOR('',#7381,1.);
#7381 = DIRECTION('',(0.,1.));
#7382 = ( GEOMETRIC_REPRESENTATION_CONTEXT(2) 
PARAMETRIC_REPRESENTATION_CONTEXT() REPRESENTATION_CONTEXT('2D SPACE',''
  ) );
#7383 = ADVANCED_FACE('',(#7384),#5577,.T.);
#7384 = FACE_BOUND('',#7385,.T.);
#7385 = EDGE_LOOP('',(#7386,#7406,#7407,#7408));
#7386 = ORIENTED_EDGE('',*,*,#7387,.F.);
#7387 = EDGE_CURVE('',#5593,#7388,#7390,.T.);
#7388 = VERTEX_POINT('',#7389);
#7389 = CARTESIAN_POINT('',(7.049982556236,-25.05001744376,
    14.20000004177));
#7390 = SURFACE_CURVE('',#7391,(#7394,#7400),.PCURVE_S1.);
#7391 = B_SPLINE_CURVE_WITH_KNOTS('',1,(#7392,#7393),.UNSPECIFIED.,.F.,
  .F.,(2,2),(0.,1.),.PIECEWISE_BEZIER_KNOTS.);
#7392 = CARTESIAN_POINT('',(-7.049982556236,-25.05001744376,
    14.20000004177));
#7393 = CARTESIAN_POINT('',(7.049982556236,-25.05001744376,
    14.20000004177));
#7394 = PCURVE('',#5577,#7395);
#7395 = DEFINITIONAL_REPRESENTATION('',(#7396),#7399);
#7396 = B_SPLINE_CURVE_WITH_KNOTS('',1,(#7397,#7398),.UNSPECIFIED.,.F.,
  .F.,(2,2),(0.,1.),.PIECEWISE_BEZIER_KNOTS.);
#7397 = CARTESIAN_POINT('',(7.04999999938,0.999394331781));
#7398 = CARTESIAN_POINT('',(-7.049999999788,0.999394331781));
#7399 = ( GEOMETRIC_REPRESENTATION_CONTEXT(2) 
PARAMETRIC_REPRESENTATION_CONTEXT() REPRESENTATION_CONTEXT('2D SPACE',''
  ) );
#7400 = PCURVE('',#5675,#7401);
#7401 = DEFINITIONAL_REPRESENTATION('',(#7402),#7405);
#7402 = B_SPLINE_CURVE_WITH_KNOTS('',1,(#7403,#7404),.UNSPECIFIED.,.F.,
  .F.,(2,2),(0.,1.),.PIECEWISE_BEZIER_KNOTS.);
#7403 = CARTESIAN_POINT('',(7.05,6.89208663093E-04));
#7404 = CARTESIAN_POINT('',(-7.05,6.892086630929E-04));
#7405 = ( GEOMETRIC_REPRESENTATION_CONTEXT(2) 
PARAMETRIC_REPRESENTATION_CONTEXT() REPRESENTATION_CONTEXT('2D SPACE',''
  ) );
#7406 = ORIENTED_EDGE('',*,*,#5614,.T.);
#7407 = ORIENTED_EDGE('',*,*,#5563,.T.);
#7408 = ORIENTED_EDGE('',*,*,#7409,.F.);
#7409 = EDGE_CURVE('',#7388,#5536,#7410,.T.);
#7410 = SURFACE_CURVE('',#7411,(#7414,#7421),.PCURVE_S1.);
#7411 = B_SPLINE_CURVE_WITH_KNOTS('',1,(#7412,#7413),.UNSPECIFIED.,.F.,
  .F.,(2,2),(0.,1.),.PIECEWISE_BEZIER_KNOTS.);
#7412 = CARTESIAN_POINT('',(7.021199142868,-25.07880085713,12.55));
#7413 = CARTESIAN_POINT('',(7.05,-25.05,14.201));
#7414 = PCURVE('',#5577,#7415);
#7415 = DEFINITIONAL_REPRESENTATION('',(#7416),#7420);
#7416 = LINE('',#7417,#7418);
#7417 = CARTESIAN_POINT('',(-7.05,0.));
#7418 = VECTOR('',#7419,1.);
#7419 = DIRECTION('',(0.,1.));
#7420 = ( GEOMETRIC_REPRESENTATION_CONTEXT(2) 
PARAMETRIC_REPRESENTATION_CONTEXT() REPRESENTATION_CONTEXT('2D SPACE',''
  ) );
#7421 = PCURVE('',#5551,#7422);
#7422 = DEFINITIONAL_REPRESENTATION('',(#7423),#7427);
#7423 = LINE('',#7424,#7425);
#7424 = CARTESIAN_POINT('',(18.475,0.));
#7425 = VECTOR('',#7426,1.);
#7426 = DIRECTION('',(0.,1.));
#7427 = ( GEOMETRIC_REPRESENTATION_CONTEXT(2) 
PARAMETRIC_REPRESENTATION_CONTEXT() REPRESENTATION_CONTEXT('2D SPACE',''
  ) );
#7428 = ADVANCED_FACE('',(#7429),#5551,.T.);
#7429 = FACE_BOUND('',#7430,.T.);
#7430 = EDGE_LOOP('',(#7431,#7432,#7452,#7470));
#7431 = ORIENTED_EDGE('',*,*,#5535,.F.);
#7432 = ORIENTED_EDGE('',*,*,#7433,.T.);
#7433 = EDGE_CURVE('',#5511,#7434,#7436,.T.);
#7434 = VERTEX_POINT('',#7435);
#7435 = CARTESIAN_POINT('',(7.049982556236,-34.39998255554,
    14.200000039307));
#7436 = SURFACE_CURVE('',#7437,(#7440,#7446),.PCURVE_S1.);
#7437 = B_SPLINE_CURVE_WITH_KNOTS('',1,(#7438,#7439),.UNSPECIFIED.,.F.,
  .F.,(2,2),(0.,1.),.PIECEWISE_BEZIER_KNOTS.);
#7438 = CARTESIAN_POINT('',(7.05,-34.39996511237,14.201));
#7439 = CARTESIAN_POINT('',(7.049982540675,-34.39998257102,
    14.199999149741));
#7440 = PCURVE('',#5551,#7441);
#7441 = DEFINITIONAL_REPRESENTATION('',(#7442),#7445);
#7442 = B_SPLINE_CURVE_WITH_KNOTS('',1,(#7443,#7444),.UNSPECIFIED.,.F.,
  .F.,(2,2),(0.,1.),.PIECEWISE_BEZIER_KNOTS.);
#7443 = CARTESIAN_POINT('',(9.125034887622,1.));
#7444 = CARTESIAN_POINT('',(9.125026052351,0.999393791484));
#7445 = ( GEOMETRIC_REPRESENTATION_CONTEXT(2) 
PARAMETRIC_REPRESENTATION_CONTEXT() REPRESENTATION_CONTEXT('2D SPACE',''
  ) );
#7446 = PCURVE('',#5524,#7447);
#7447 = DEFINITIONAL_REPRESENTATION('',(#7448),#7451);
#7448 = B_SPLINE_CURVE_WITH_KNOTS('',1,(#7449,#7450),.UNSPECIFIED.,.F.,
  .F.,(2,2),(0.,1.),.PIECEWISE_BEZIER_KNOTS.);
#7449 = CARTESIAN_POINT('',(-0.718913664259,1.289490651146E-03));
#7450 = CARTESIAN_POINT('',(-0.718908283917,6.441971248194E-04));
#7451 = ( GEOMETRIC_REPRESENTATION_CONTEXT(2) 
PARAMETRIC_REPRESENTATION_CONTEXT() REPRESENTATION_CONTEXT('2D SPACE',''
  ) );
#7452 = ORIENTED_EDGE('',*,*,#7453,.F.);
#7453 = EDGE_CURVE('',#7388,#7434,#7454,.T.);
#7454 = SURFACE_CURVE('',#7455,(#7458,#7464),.PCURVE_S1.);
#7455 = B_SPLINE_CURVE_WITH_KNOTS('',1,(#7456,#7457),.UNSPECIFIED.,.F.,
  .F.,(2,2),(0.,1.),.PIECEWISE_BEZIER_KNOTS.);
#7456 = CARTESIAN_POINT('',(7.049982556236,-25.05001744376,
    14.20000004177));
#7457 = CARTESIAN_POINT('',(7.049982556236,-61.99998255623,
    14.20000004177));
#7458 = PCURVE('',#5551,#7459);
#7459 = DEFINITIONAL_REPRESENTATION('',(#7460),#7463);
#7460 = B_SPLINE_CURVE_WITH_KNOTS('',1,(#7461,#7462),.UNSPECIFIED.,.F.,
  .F.,(2,2),(0.,1.),.PIECEWISE_BEZIER_KNOTS.);
#7461 = CARTESIAN_POINT('',(18.474999998767,0.999394331781));
#7462 = CARTESIAN_POINT('',(-18.47499999975,0.999394331781));
#7463 = ( GEOMETRIC_REPRESENTATION_CONTEXT(2) 
PARAMETRIC_REPRESENTATION_CONTEXT() REPRESENTATION_CONTEXT('2D SPACE',''
  ) );
#7464 = PCURVE('',#5803,#7465);
#7465 = DEFINITIONAL_REPRESENTATION('',(#7466),#7469);
#7466 = B_SPLINE_CURVE_WITH_KNOTS('',1,(#7467,#7468),.UNSPECIFIED.,.F.,
  .F.,(2,2),(0.,1.),.PIECEWISE_BEZIER_KNOTS.);
#7467 = CARTESIAN_POINT('',(18.475,6.892086631407E-04));
#7468 = CARTESIAN_POINT('',(-18.475,6.892086631406E-04));
#7469 = ( GEOMETRIC_REPRESENTATION_CONTEXT(2) 
PARAMETRIC_REPRESENTATION_CONTEXT() REPRESENTATION_CONTEXT('2D SPACE',''
  ) );
#7470 = ORIENTED_EDGE('',*,*,#7409,.T.);
#7471 = ADVANCED_FACE('',(#7472),#5524,.F.);
#7472 = FACE_BOUND('',#7473,.F.);
#7473 = EDGE_LOOP('',(#7474,#7475,#7495,#7514,#7515,#7542));
#7474 = ORIENTED_EDGE('',*,*,#7433,.T.);
#7475 = ORIENTED_EDGE('',*,*,#7476,.T.);
#7476 = EDGE_CURVE('',#7434,#7477,#7479,.T.);
#7477 = VERTEX_POINT('',#7478);
#7478 = CARTESIAN_POINT('',(5.349982555546,-34.39998255554,
    14.200000036844));
#7479 = SURFACE_CURVE('',#7480,(#7483,#7489),.PCURVE_S1.);
#7480 = B_SPLINE_CURVE_WITH_KNOTS('',1,(#7481,#7482),.UNSPECIFIED.,.F.,
  .F.,(2,2),(0.,1.),.PIECEWISE_BEZIER_KNOTS.);
#7481 = CARTESIAN_POINT('',(7.350017444454,-34.39998255554,
    14.200000036844));
#7482 = CARTESIAN_POINT('',(5.349982555546,-34.39998255554,
    14.200000036844));
#7483 = PCURVE('',#5524,#7484);
#7484 = DEFINITIONAL_REPRESENTATION('',(#7485),#7488);
#7485 = B_SPLINE_CURVE_WITH_KNOTS('',1,(#7486,#7487),.UNSPECIFIED.,.F.,
  .F.,(2,2),(0.,1.),.PIECEWISE_BEZIER_KNOTS.);
#7486 = CARTESIAN_POINT('',(-1.027055350639,6.447690805301E-04));
#7487 = CARTESIAN_POINT('',(1.027055350639,6.447690805307E-04));
#7488 = ( GEOMETRIC_REPRESENTATION_CONTEXT(2) 
PARAMETRIC_REPRESENTATION_CONTEXT() REPRESENTATION_CONTEXT('2D SPACE',''
  ) );
#7489 = PCURVE('',#5776,#7490);
#7490 = DEFINITIONAL_REPRESENTATION('',(#7491),#7494);
#7491 = B_SPLINE_CURVE_WITH_KNOTS('',1,(#7492,#7493),.UNSPECIFIED.,.F.,
  .F.,(2,2),(0.,1.),.PIECEWISE_BEZIER_KNOTS.);
#7492 = CARTESIAN_POINT('',(-1.030546363565,0.999428918814));
#7493 = CARTESIAN_POINT('',(1.030546363602,0.999428918814));
#7494 = ( GEOMETRIC_REPRESENTATION_CONTEXT(2) 
PARAMETRIC_REPRESENTATION_CONTEXT() REPRESENTATION_CONTEXT('2D SPACE',''
  ) );
#7495 = ORIENTED_EDGE('',*,*,#7496,.T.);
#7496 = EDGE_CURVE('',#7477,#7217,#7497,.T.);
#7497 = SURFACE_CURVE('',#7498,(#7501,#7508),.PCURVE_S1.);
#7498 = B_SPLINE_CURVE_WITH_KNOTS('',1,(#7499,#7500),.UNSPECIFIED.,.F.,
  .F.,(2,2),(0.,1.),.PIECEWISE_BEZIER_KNOTS.);
#7499 = CARTESIAN_POINT('',(5.35,-34.4,14.199));
#7500 = CARTESIAN_POINT('',(5.322944649361,-34.37294464936,15.75));
#7501 = PCURVE('',#5524,#7502);
#7502 = DEFINITIONAL_REPRESENTATION('',(#7503),#7507);
#7503 = LINE('',#7504,#7505);
#7504 = CARTESIAN_POINT('',(1.027055350639,0.));
#7505 = VECTOR('',#7506,1.);
#7506 = DIRECTION('',(0.,1.));
#7507 = ( GEOMETRIC_REPRESENTATION_CONTEXT(2) 
PARAMETRIC_REPRESENTATION_CONTEXT() REPRESENTATION_CONTEXT('2D SPACE',''
  ) );
#7508 = PCURVE('',#7232,#7509);
#7509 = DEFINITIONAL_REPRESENTATION('',(#7510),#7513);
#7510 = B_SPLINE_CURVE_WITH_KNOTS('',1,(#7511,#7512),.UNSPECIFIED.,.F.,
  .F.,(2,2),(0.,1.),.PIECEWISE_BEZIER_KNOTS.);
#7511 = CARTESIAN_POINT('',(-0.25,-0.775617978131));
#7512 = CARTESIAN_POINT('',(-0.277055350639,0.775617978131));
#7513 = ( GEOMETRIC_REPRESENTATION_CONTEXT(2) 
PARAMETRIC_REPRESENTATION_CONTEXT() REPRESENTATION_CONTEXT('2D SPACE',''
  ) );
#7514 = ORIENTED_EDGE('',*,*,#7244,.T.);
#7515 = ORIENTED_EDGE('',*,*,#7516,.T.);
#7516 = EDGE_CURVE('',#7245,#5486,#7517,.T.);
#7517 = SURFACE_CURVE('',#7518,(#7524,#7533),.PCURVE_S1.);
#7518 = B_SPLINE_CURVE_WITH_KNOTS('',4,(#7519,#7520,#7521,#7522,#7523),
  .UNSPECIFIED.,.F.,.F.,(5,5),(0.,1.),.PIECEWISE_BEZIER_KNOTS.);
#7519 = CARTESIAN_POINT('',(7.024690155854,-34.37468903044,15.65));
#7520 = CARTESIAN_POINT('',(7.031008975666,-34.38100813122,
    15.287745396818));
#7521 = CARTESIAN_POINT('',(7.037327751508,-34.38732718803,
    14.925493314465));
#7522 = CARTESIAN_POINT('',(7.043646480546,-34.39364619803,
    14.563243915311));
#7523 = CARTESIAN_POINT('',(7.049965159487,-34.39996515793,14.2009973882
    ));
#7524 = PCURVE('',#5524,#7525);
#7525 = DEFINITIONAL_REPRESENTATION('',(#7526),#7532);
#7526 = B_SPLINE_CURVE_WITH_KNOTS('',4,(#7527,#7528,#7529,#7530,#7531),
  .UNSPECIFIED.,.F.,.F.,(5,5),(0.,1.),.PIECEWISE_BEZIER_KNOTS.);
#7527 = CARTESIAN_POINT('',(-0.675838019071,0.935525467403));
#7528 = CARTESIAN_POINT('',(-0.686332850604,0.701963505432));
#7529 = CARTESIAN_POINT('',(-0.697000093216,0.468403168518));
#7530 = CARTESIAN_POINT('',(-0.707846106105,0.234844561796));
#7531 = CARTESIAN_POINT('',(-0.718877915123,1.287806705518E-03));
#7532 = ( GEOMETRIC_REPRESENTATION_CONTEXT(2) 
PARAMETRIC_REPRESENTATION_CONTEXT() REPRESENTATION_CONTEXT('2D SPACE',''
  ) );
#7533 = PCURVE('',#5499,#7534);
#7534 = DEFINITIONAL_REPRESENTATION('',(#7535),#7541);
#7535 = B_SPLINE_CURVE_WITH_KNOTS('',4,(#7536,#7537,#7538,#7539,#7540),
  .UNSPECIFIED.,.F.,.F.,(5,5),(0.,1.),.PIECEWISE_BEZIER_KNOTS.);
#7536 = CARTESIAN_POINT('',(9.162863643477,1.));
#7537 = CARTESIAN_POINT('',(9.15339769203,0.750341417518));
#7538 = CARTESIAN_POINT('',(9.14394045175,0.50068457234));
#7539 = CARTESIAN_POINT('',(9.134491908844,0.251029576369));
#7540 = CARTESIAN_POINT('',(9.125052050262,1.376559751894E-03));
#7541 = ( GEOMETRIC_REPRESENTATION_CONTEXT(2) 
PARAMETRIC_REPRESENTATION_CONTEXT() REPRESENTATION_CONTEXT('2D SPACE',''
  ) );
#7542 = ORIENTED_EDGE('',*,*,#5510,.T.);
#7543 = ADVANCED_FACE('',(#7544),#5499,.T.);
#7544 = FACE_BOUND('',#7545,.T.);
#7545 = EDGE_LOOP('',(#7546,#7547,#7548,#7549));
#7546 = ORIENTED_EDGE('',*,*,#7264,.F.);
#7547 = ORIENTED_EDGE('',*,*,#7516,.T.);
#7548 = ORIENTED_EDGE('',*,*,#5485,.F.);
#7549 = ORIENTED_EDGE('',*,*,#7364,.T.);
#7550 = ADVANCED_FACE('',(#7551),#5675,.T.);
#7551 = FACE_BOUND('',#7552,.T.);
#7552 = EDGE_LOOP('',(#7553,#7554,#7555,#7556));
#7553 = ORIENTED_EDGE('',*,*,#5815,.F.);
#7554 = ORIENTED_EDGE('',*,*,#5662,.T.);
#7555 = ORIENTED_EDGE('',*,*,#7387,.T.);
#7556 = ORIENTED_EDGE('',*,*,#7557,.F.);
#7557 = EDGE_CURVE('',#5788,#7388,#7558,.T.);
#7558 = SURFACE_CURVE('',#7559,(#7562,#7569),.PCURVE_S1.);
#7559 = B_SPLINE_CURVE_WITH_KNOTS('',1,(#7560,#7561),.UNSPECIFIED.,.F.,
  .F.,(2,2),(0.,1.),.PIECEWISE_BEZIER_KNOTS.);
#7560 = CARTESIAN_POINT('',(7.05,-25.05,14.199));
#7561 = CARTESIAN_POINT('',(7.024690155854,-25.07530984414,15.65));
#7562 = PCURVE('',#5675,#7563);
#7563 = DEFINITIONAL_REPRESENTATION('',(#7564),#7568);
#7564 = LINE('',#7565,#7566);
#7565 = CARTESIAN_POINT('',(-7.05,0.));
#7566 = VECTOR('',#7567,1.);
#7567 = DIRECTION('',(0.,1.));
#7568 = ( GEOMETRIC_REPRESENTATION_CONTEXT(2) 
PARAMETRIC_REPRESENTATION_CONTEXT() REPRESENTATION_CONTEXT('2D SPACE',''
  ) );
#7569 = PCURVE('',#5803,#7570);
#7570 = DEFINITIONAL_REPRESENTATION('',(#7571),#7575);
#7571 = LINE('',#7572,#7573);
#7572 = CARTESIAN_POINT('',(18.475,0.));
#7573 = VECTOR('',#7574,1.);
#7574 = DIRECTION('',(0.,1.));
#7575 = ( GEOMETRIC_REPRESENTATION_CONTEXT(2) 
PARAMETRIC_REPRESENTATION_CONTEXT() REPRESENTATION_CONTEXT('2D SPACE',''
  ) );
#7576 = ADVANCED_FACE('',(#7577),#5803,.T.);
#7577 = FACE_BOUND('',#7578,.T.);
#7578 = EDGE_LOOP('',(#7579,#7580,#7581,#7582));
#7579 = ORIENTED_EDGE('',*,*,#5787,.T.);
#7580 = ORIENTED_EDGE('',*,*,#7557,.T.);
#7581 = ORIENTED_EDGE('',*,*,#7453,.T.);
#7582 = ORIENTED_EDGE('',*,*,#7583,.T.);
#7583 = EDGE_CURVE('',#7434,#5763,#7584,.T.);
#7584 = SURFACE_CURVE('',#7585,(#7588,#7594),.PCURVE_S1.);
#7585 = B_SPLINE_CURVE_WITH_KNOTS('',1,(#7586,#7587),.UNSPECIFIED.,.F.,
  .F.,(2,2),(0.,1.),.PIECEWISE_BEZIER_KNOTS.);
#7586 = CARTESIAN_POINT('',(7.049982537996,-34.39998257387,
    14.200001087444));
#7587 = CARTESIAN_POINT('',(7.05,-34.3999651098,14.199));
#7588 = PCURVE('',#5803,#7589);
#7589 = DEFINITIONAL_REPRESENTATION('',(#7590),#7593);
#7590 = B_SPLINE_CURVE_WITH_KNOTS('',1,(#7591,#7592),.UNSPECIFIED.,.F.,
  .F.,(2,2),(0.,1.),.PIECEWISE_BEZIER_KNOTS.);
#7591 = CARTESIAN_POINT('',(9.125026050821,6.899293204172E-04));
#7592 = CARTESIAN_POINT('',(9.125034890193,0.));
#7593 = ( GEOMETRIC_REPRESENTATION_CONTEXT(2) 
PARAMETRIC_REPRESENTATION_CONTEXT() REPRESENTATION_CONTEXT('2D SPACE',''
  ) );
#7594 = PCURVE('',#5776,#7595);
#7595 = DEFINITIONAL_REPRESENTATION('',(#7596),#7599);
#7596 = B_SPLINE_CURVE_WITH_KNOTS('',1,(#7597,#7598),.UNSPECIFIED.,.F.,
  .F.,(2,2),(0.,1.),.PIECEWISE_BEZIER_KNOTS.);
#7597 = CARTESIAN_POINT('',(-0.721351888764,0.999429518814));
#7598 = CARTESIAN_POINT('',(-0.721357286242,0.998857795585));
#7599 = ( GEOMETRIC_REPRESENTATION_CONTEXT(2) 
PARAMETRIC_REPRESENTATION_CONTEXT() REPRESENTATION_CONTEXT('2D SPACE',''
  ) );
#7600 = ADVANCED_FACE('',(#7601),#5776,.F.);
#7601 = FACE_BOUND('',#7602,.F.);
#7602 = EDGE_LOOP('',(#7603,#7604,#7623,#7624,#7625,#7626));
#7603 = ORIENTED_EDGE('',*,*,#6035,.F.);
#7604 = ORIENTED_EDGE('',*,*,#7605,.T.);
#7605 = EDGE_CURVE('',#6008,#7477,#7606,.T.);
#7606 = SURFACE_CURVE('',#7607,(#7610,#7617),.PCURVE_S1.);
#7607 = B_SPLINE_CURVE_WITH_KNOTS('',1,(#7608,#7609),.UNSPECIFIED.,.F.,
  .F.,(2,2),(0.,1.),.PIECEWISE_BEZIER_KNOTS.);
#7608 = CARTESIAN_POINT('',(5.319453636376,-34.36945363637,12.45));
#7609 = CARTESIAN_POINT('',(5.35,-34.4,14.201));
#7610 = PCURVE('',#5776,#7611);
#7611 = DEFINITIONAL_REPRESENTATION('',(#7612),#7616);
#7612 = LINE('',#7613,#7614);
#7613 = CARTESIAN_POINT('',(1.030546363624,0.));
#7614 = VECTOR('',#7615,1.);
#7615 = DIRECTION('',(0.,1.));
#7616 = ( GEOMETRIC_REPRESENTATION_CONTEXT(2) 
PARAMETRIC_REPRESENTATION_CONTEXT() REPRESENTATION_CONTEXT('2D SPACE',''
  ) );
#7617 = PCURVE('',#6023,#7618);
#7618 = DEFINITIONAL_REPRESENTATION('',(#7619),#7622);
#7619 = B_SPLINE_CURVE_WITH_KNOTS('',1,(#7620,#7621),.UNSPECIFIED.,.F.,
  .F.,(2,2),(0.,1.),.PIECEWISE_BEZIER_KNOTS.);
#7620 = CARTESIAN_POINT('',(-0.280546363624,-0.875633210929));
#7621 = CARTESIAN_POINT('',(-0.25,0.875633210929));
#7622 = ( GEOMETRIC_REPRESENTATION_CONTEXT(2) 
PARAMETRIC_REPRESENTATION_CONTEXT() REPRESENTATION_CONTEXT('2D SPACE',''
  ) );
#7623 = ORIENTED_EDGE('',*,*,#7476,.F.);
#7624 = ORIENTED_EDGE('',*,*,#7583,.T.);
#7625 = ORIENTED_EDGE('',*,*,#5762,.F.);
#7626 = ORIENTED_EDGE('',*,*,#7627,.T.);
#7627 = EDGE_CURVE('',#5738,#6036,#7628,.T.);
#7628 = SURFACE_CURVE('',#7629,(#7635,#7644),.PCURVE_S1.);
#7629 = B_SPLINE_CURVE_WITH_KNOTS('',4,(#7630,#7631,#7632,#7633,#7634),
  .UNSPECIFIED.,.F.,.F.,(5,5),(0.,1.),.PIECEWISE_BEZIER_KNOTS.);
#7630 = CARTESIAN_POINT('',(7.049965162857,-34.39996516165,14.1990029718
    ));
#7631 = CARTESIAN_POINT('',(7.042773762089,-34.39277351197,
    13.786758203785));
#7632 = CARTESIAN_POINT('',(7.035582288342,-34.38558178931,
    13.374509252235));
#7633 = CARTESIAN_POINT('',(7.02839074707,-34.37838999912,
    12.962256429793));
#7634 = CARTESIAN_POINT('',(7.021199142868,-34.371198146,12.55));
#7635 = PCURVE('',#5776,#7636);
#7636 = DEFINITIONAL_REPRESENTATION('',(#7637),#7643);
#7637 = B_SPLINE_CURVE_WITH_KNOTS('',4,(#7638,#7639,#7640,#7641,#7642),
  .UNSPECIFIED.,.F.,.F.,(5,5),(0.,1.),.PIECEWISE_BEZIER_KNOTS.);
#7638 = CARTESIAN_POINT('',(-0.721321423598,0.998859492747));
#7639 = CARTESIAN_POINT('',(-0.708723300258,0.763425587519));
#7640 = CARTESIAN_POINT('',(-0.696366640137,0.527989293171));
#7641 = CARTESIAN_POINT('',(-0.684241056754,0.292550787933));
#7642 = CARTESIAN_POINT('',(-0.672337275898,5.711022276737E-02));
#7643 = ( GEOMETRIC_REPRESENTATION_CONTEXT(2) 
PARAMETRIC_REPRESENTATION_CONTEXT() REPRESENTATION_CONTEXT('2D SPACE',''
  ) );
#7644 = PCURVE('',#5751,#7645);
#7645 = DEFINITIONAL_REPRESENTATION('',(#7646),#7652);
#7646 = B_SPLINE_CURVE_WITH_KNOTS('',4,(#7647,#7648,#7649,#7650,#7651),
  .UNSPECIFIED.,.F.,.F.,(5,5),(0.,1.),.PIECEWISE_BEZIER_KNOTS.);
#7647 = CARTESIAN_POINT('',(9.125052044885,0.998790412962));
#7648 = CARTESIAN_POINT('',(9.135795644796,0.749096428701));
#7649 = CARTESIAN_POINT('',(9.146550505624,0.4993999105));
#7650 = CARTESIAN_POINT('',(9.157316645773,0.249701047724));
#7651 = CARTESIAN_POINT('',(9.168094085004,0.));
#7652 = ( GEOMETRIC_REPRESENTATION_CONTEXT(2) 
PARAMETRIC_REPRESENTATION_CONTEXT() REPRESENTATION_CONTEXT('2D SPACE',''
  ) );
#7653 = ADVANCED_FACE('',(#7654),#5751,.T.);
#7654 = FACE_BOUND('',#7655,.T.);
#7655 = EDGE_LOOP('',(#7656,#7657,#7658,#7678));
#7656 = ORIENTED_EDGE('',*,*,#7627,.T.);
#7657 = ORIENTED_EDGE('',*,*,#6055,.T.);
#7658 = ORIENTED_EDGE('',*,*,#7659,.T.);
#7659 = EDGE_CURVE('',#6056,#5713,#7660,.T.);
#7660 = SURFACE_CURVE('',#7661,(#7664,#7671),.PCURVE_S1.);
#7661 = B_SPLINE_CURVE_WITH_KNOTS('',1,(#7662,#7663),.UNSPECIFIED.,.F.,
  .F.,(2,2),(0.,1.),.PIECEWISE_BEZIER_KNOTS.);
#7662 = CARTESIAN_POINT('',(7.021199142868,-25.07880085713,12.55));
#7663 = CARTESIAN_POINT('',(7.05,-25.05,14.201));
#7664 = PCURVE('',#5751,#7665);
#7665 = DEFINITIONAL_REPRESENTATION('',(#7666),#7670);
#7666 = LINE('',#7667,#7668);
#7667 = CARTESIAN_POINT('',(18.475,0.));
#7668 = VECTOR('',#7669,1.);
#7669 = DIRECTION('',(0.,1.));
#7670 = ( GEOMETRIC_REPRESENTATION_CONTEXT(2) 
PARAMETRIC_REPRESENTATION_CONTEXT() REPRESENTATION_CONTEXT('2D SPACE',''
  ) );
#7671 = PCURVE('',#5726,#7672);
#7672 = DEFINITIONAL_REPRESENTATION('',(#7673),#7677);
#7673 = LINE('',#7674,#7675);
#7674 = CARTESIAN_POINT('',(-7.05,0.));
#7675 = VECTOR('',#7676,1.);
#7676 = DIRECTION('',(0.,1.));
#7677 = ( GEOMETRIC_REPRESENTATION_CONTEXT(2) 
PARAMETRIC_REPRESENTATION_CONTEXT() REPRESENTATION_CONTEXT('2D SPACE',''
  ) );
#7678 = ORIENTED_EDGE('',*,*,#5737,.T.);
#7679 = ADVANCED_FACE('',(#7680),#5726,.T.);
#7680 = FACE_BOUND('',#7681,.T.);
#7681 = EDGE_LOOP('',(#7682,#7683,#7684,#7685));
#7682 = ORIENTED_EDGE('',*,*,#6077,.F.);
#7683 = ORIENTED_EDGE('',*,*,#5864,.T.);
#7684 = ORIENTED_EDGE('',*,*,#5712,.T.);
#7685 = ORIENTED_EDGE('',*,*,#7659,.F.);
#7686 = ADVANCED_FACE('',(#7687),#5946,.F.);
#7687 = FACE_BOUND('',#7688,.F.);
#7688 = EDGE_LOOP('',(#7689,#7711,#7738,#7739,#7740,#7760));
#7689 = ORIENTED_EDGE('',*,*,#7690,.F.);
#7690 = EDGE_CURVE('',#7691,#7693,#7695,.T.);
#7691 = VERTEX_POINT('',#7692);
#7692 = CARTESIAN_POINT('',(5.950017444454,-34.90001744445,
    14.200000036844));
#7693 = VERTEX_POINT('',#7694);
#7694 = CARTESIAN_POINT('',(7.049982556236,-34.90001744445,
    14.200000039307));
#7695 = SURFACE_CURVE('',#7696,(#7699,#7705),.PCURVE_S1.);
#7696 = B_SPLINE_CURVE_WITH_KNOTS('',1,(#7697,#7698),.UNSPECIFIED.,.F.,
  .F.,(2,2),(0.,1.),.PIECEWISE_BEZIER_KNOTS.);
#7697 = CARTESIAN_POINT('',(5.349982555546,-34.90001744445,
    14.200000036844));
#7698 = CARTESIAN_POINT('',(7.350017444454,-34.90001744445,
    14.200000036844));
#7699 = PCURVE('',#5946,#7700);
#7700 = DEFINITIONAL_REPRESENTATION('',(#7701),#7704);
#7701 = B_SPLINE_CURVE_WITH_KNOTS('',1,(#7702,#7703),.UNSPECIFIED.,.F.,
  .F.,(2,2),(0.,1.),.PIECEWISE_BEZIER_KNOTS.);
#7702 = CARTESIAN_POINT('',(-1.030546363565,0.999428918814));
#7703 = CARTESIAN_POINT('',(1.030546363602,0.999428918814));
#7704 = ( GEOMETRIC_REPRESENTATION_CONTEXT(2) 
PARAMETRIC_REPRESENTATION_CONTEXT() REPRESENTATION_CONTEXT('2D SPACE',''
  ) );
#7705 = PCURVE('',#7126,#7706);
#7706 = DEFINITIONAL_REPRESENTATION('',(#7707),#7710);
#7707 = B_SPLINE_CURVE_WITH_KNOTS('',1,(#7708,#7709),.UNSPECIFIED.,.F.,
  .F.,(2,2),(0.,1.),.PIECEWISE_BEZIER_KNOTS.);
#7708 = CARTESIAN_POINT('',(-1.027055350639,6.447690805301E-04));
#7709 = CARTESIAN_POINT('',(1.027055350639,6.447690805307E-04));
#7710 = ( GEOMETRIC_REPRESENTATION_CONTEXT(2) 
PARAMETRIC_REPRESENTATION_CONTEXT() REPRESENTATION_CONTEXT('2D SPACE',''
  ) );
#7711 = ORIENTED_EDGE('',*,*,#7712,.F.);
#7712 = EDGE_CURVE('',#5933,#7691,#7713,.T.);
#7713 = SURFACE_CURVE('',#7714,(#7720,#7729),.PCURVE_S1.);
#7714 = B_SPLINE_CURVE_WITH_KNOTS('',4,(#7715,#7716,#7717,#7718,#7719),
  .UNSPECIFIED.,.F.,.F.,(5,5),(0.,1.),.PIECEWISE_BEZIER_KNOTS.);
#7715 = CARTESIAN_POINT('',(5.978801872322,-34.92880187232,12.5499989494
    ));
#7716 = CARTESIAN_POINT('',(5.971605665479,-34.92160566547,
    12.962504946437));
#7717 = CARTESIAN_POINT('',(5.964409519804,-34.9144095198,
    13.375007437101));
#7718 = CARTESIAN_POINT('',(5.957213438725,-34.90721343872,
    13.787506224997));
#7719 = CARTESIAN_POINT('',(5.950017426126,-34.90001742612,
    14.200001087444));
#7720 = PCURVE('',#5946,#7721);
#7721 = DEFINITIONAL_REPRESENTATION('',(#7722),#7728);
#7722 = B_SPLINE_CURVE_WITH_KNOTS('',4,(#7723,#7724,#7725,#7726,#7727),
  .UNSPECIFIED.,.F.,.F.,(5,5),(0.,1.),.PIECEWISE_BEZIER_KNOTS.);
#7723 = CARTESIAN_POINT('',(-0.371827551013,5.710962272993E-02));
#7724 = CARTESIAN_POINT('',(-0.381636799064,0.292692716412));
#7725 = CARTESIAN_POINT('',(-0.391628875518,0.528273808141));
#7726 = CARTESIAN_POINT('',(-0.401811658339,0.763852783688));
#7727 = CARTESIAN_POINT('',(-0.41219345097,0.99942951838));
#7728 = ( GEOMETRIC_REPRESENTATION_CONTEXT(2) 
PARAMETRIC_REPRESENTATION_CONTEXT() REPRESENTATION_CONTEXT('2D SPACE',''
  ) );
#7729 = PCURVE('',#5971,#7730);
#7730 = DEFINITIONAL_REPRESENTATION('',(#7731),#7737);
#7731 = B_SPLINE_CURVE_WITH_KNOTS('',4,(#7732,#7733,#7734,#7735,#7736),
  .UNSPECIFIED.,.F.,.F.,(5,5),(0.,1.),.PIECEWISE_BEZIER_KNOTS.);
#7732 = CARTESIAN_POINT('',(6.522927344279,5.710962272987E-02));
#7733 = CARTESIAN_POINT('',(6.537260547954,0.292692716412));
#7734 = CARTESIAN_POINT('',(6.551635438703,0.528273807596));
#7735 = CARTESIAN_POINT('',(6.566052282494,0.763852784121));
#7736 = CARTESIAN_POINT('',(6.58051134893,0.999429518814));
#7737 = ( GEOMETRIC_REPRESENTATION_CONTEXT(2) 
PARAMETRIC_REPRESENTATION_CONTEXT() REPRESENTATION_CONTEXT('2D SPACE',''
  ) );
#7738 = ORIENTED_EDGE('',*,*,#5932,.F.);
#7739 = ORIENTED_EDGE('',*,*,#6605,.T.);
#7740 = ORIENTED_EDGE('',*,*,#7741,.F.);
#7741 = EDGE_CURVE('',#7742,#6606,#7744,.T.);
#7742 = VERTEX_POINT('',#7743);
#7743 = CARTESIAN_POINT('',(7.05,-34.90003489019,14.199));
#7744 = SURFACE_CURVE('',#7745,(#7748,#7754),.PCURVE_S1.);
#7745 = B_SPLINE_CURVE_WITH_KNOTS('',1,(#7746,#7747),.UNSPECIFIED.,.F.,
  .F.,(2,2),(0.,1.),.PIECEWISE_BEZIER_KNOTS.);
#7746 = CARTESIAN_POINT('',(7.350034890193,-34.90003489019,14.199));
#7747 = CARTESIAN_POINT('',(5.349965109807,-34.90003489019,14.199));
#7748 = PCURVE('',#5946,#7749);
#7749 = DEFINITIONAL_REPRESENTATION('',(#7750),#7753);
#7750 = B_SPLINE_CURVE_WITH_KNOTS('',1,(#7751,#7752),.UNSPECIFIED.,.F.,
  .F.,(2,2),(0.,1.),.PIECEWISE_BEZIER_KNOTS.);
#7751 = CARTESIAN_POINT('',(1.030546363624,0.998857795545));
#7752 = CARTESIAN_POINT('',(-1.030546363624,0.998857795545));
#7753 = ( GEOMETRIC_REPRESENTATION_CONTEXT(2) 
PARAMETRIC_REPRESENTATION_CONTEXT() REPRESENTATION_CONTEXT('2D SPACE',''
  ) );
#7754 = PCURVE('',#6648,#7755);
#7755 = DEFINITIONAL_REPRESENTATION('',(#7756),#7759);
#7756 = B_SPLINE_CURVE_WITH_KNOTS('',1,(#7757,#7758),.UNSPECIFIED.,.F.,
  .F.,(2,2),(0.,1.),.PIECEWISE_BEZIER_KNOTS.);
#7757 = CARTESIAN_POINT('',(30.453068337962,-3.792063105354));
#7758 = CARTESIAN_POINT('',(29.740001454452,-1.923423293605));
#7759 = ( GEOMETRIC_REPRESENTATION_CONTEXT(2) 
PARAMETRIC_REPRESENTATION_CONTEXT() REPRESENTATION_CONTEXT('2D SPACE',''
  ) );
#7760 = ORIENTED_EDGE('',*,*,#7761,.T.);
#7761 = EDGE_CURVE('',#7742,#7693,#7762,.T.);
#7762 = SURFACE_CURVE('',#7763,(#7766,#7772),.PCURVE_S1.);
#7763 = B_SPLINE_CURVE_WITH_KNOTS('',1,(#7764,#7765),.UNSPECIFIED.,.F.,
  .F.,(2,2),(0.,1.),.PIECEWISE_BEZIER_KNOTS.);
#7764 = CARTESIAN_POINT('',(7.05,-34.90003489019,14.199));
#7765 = CARTESIAN_POINT('',(7.049982537996,-34.90001742612,
    14.200001087444));
#7766 = PCURVE('',#5946,#7767);
#7767 = DEFINITIONAL_REPRESENTATION('',(#7768),#7771);
#7768 = B_SPLINE_CURVE_WITH_KNOTS('',1,(#7769,#7770),.UNSPECIFIED.,.F.,
  .F.,(2,2),(0.,1.),.PIECEWISE_BEZIER_KNOTS.);
#7769 = CARTESIAN_POINT('',(0.721357286242,0.998857795545));
#7770 = CARTESIAN_POINT('',(0.721351888764,0.999429518814));
#7771 = ( GEOMETRIC_REPRESENTATION_CONTEXT(2) 
PARAMETRIC_REPRESENTATION_CONTEXT() REPRESENTATION_CONTEXT('2D SPACE',''
  ) );
#7772 = PCURVE('',#7773,#7778);
#7773 = B_SPLINE_SURFACE_WITH_KNOTS('',1,1,(
    (#7774,#7775)
    ,(#7776,#7777
    )),.UNSPECIFIED.,.F.,.F.,.F.,(2,2),(2,2),(-18.475,18.475),(0.,1.),
  .PIECEWISE_BEZIER_KNOTS.);
#7774 = CARTESIAN_POINT('',(7.05,-62.,14.199));
#7775 = CARTESIAN_POINT('',(7.024690155854,-61.97469015585,15.65));
#7776 = CARTESIAN_POINT('',(7.05,-25.05,14.199));
#7777 = CARTESIAN_POINT('',(7.024690155854,-25.07530984414,15.65));
#7778 = DEFINITIONAL_REPRESENTATION('',(#7779),#7782);
#7779 = B_SPLINE_CURVE_WITH_KNOTS('',1,(#7780,#7781),.UNSPECIFIED.,.F.,
  .F.,(2,2),(0.,1.),.PIECEWISE_BEZIER_KNOTS.);
#7780 = CARTESIAN_POINT('',(8.624965109807,0.));
#7781 = CARTESIAN_POINT('',(8.624990725951,6.899293204168E-04));
#7782 = ( GEOMETRIC_REPRESENTATION_CONTEXT(2) 
PARAMETRIC_REPRESENTATION_CONTEXT() REPRESENTATION_CONTEXT('2D SPACE',''
  ) );
#7783 = ADVANCED_FACE('',(#7784),#5971,.F.);
#7784 = FACE_BOUND('',#7785,.F.);
#7785 = EDGE_LOOP('',(#7786,#7808,#7809,#7810));
#7786 = ORIENTED_EDGE('',*,*,#7787,.F.);
#7787 = EDGE_CURVE('',#5958,#7788,#7790,.T.);
#7788 = VERTEX_POINT('',#7789);
#7789 = CARTESIAN_POINT('',(5.950017444454,-48.00001744445,
    14.200000036844));
#7790 = SURFACE_CURVE('',#7791,(#7794,#7801),.PCURVE_S1.);
#7791 = B_SPLINE_CURVE_WITH_KNOTS('',1,(#7792,#7793),.UNSPECIFIED.,.F.,
  .F.,(2,2),(0.,1.),.PIECEWISE_BEZIER_KNOTS.);
#7792 = CARTESIAN_POINT('',(5.980546363624,-48.03054636362,12.45));
#7793 = CARTESIAN_POINT('',(5.95,-48.,14.201));
#7794 = PCURVE('',#5971,#7795);
#7795 = DEFINITIONAL_REPRESENTATION('',(#7796),#7800);
#7796 = LINE('',#7797,#7798);
#7797 = CARTESIAN_POINT('',(-6.580546363624,0.));
#7798 = VECTOR('',#7799,1.);
#7799 = DIRECTION('',(0.,1.));
#7800 = ( GEOMETRIC_REPRESENTATION_CONTEXT(2) 
PARAMETRIC_REPRESENTATION_CONTEXT() REPRESENTATION_CONTEXT('2D SPACE',''
  ) );
#7801 = PCURVE('',#5996,#7802);
#7802 = DEFINITIONAL_REPRESENTATION('',(#7803),#7807);
#7803 = LINE('',#7804,#7805);
#7804 = CARTESIAN_POINT('',(0.330546363624,0.));
#7805 = VECTOR('',#7806,1.);
#7806 = DIRECTION('',(0.,1.));
#7807 = ( GEOMETRIC_REPRESENTATION_CONTEXT(2) 
PARAMETRIC_REPRESENTATION_CONTEXT() REPRESENTATION_CONTEXT('2D SPACE',''
  ) );
#7808 = ORIENTED_EDGE('',*,*,#5957,.F.);
#7809 = ORIENTED_EDGE('',*,*,#7712,.T.);
#7810 = ORIENTED_EDGE('',*,*,#7811,.F.);
#7811 = EDGE_CURVE('',#7788,#7691,#7812,.T.);
#7812 = SURFACE_CURVE('',#7813,(#7816,#7822),.PCURVE_S1.);
#7813 = B_SPLINE_CURVE_WITH_KNOTS('',1,(#7814,#7815),.UNSPECIFIED.,.F.,
  .F.,(2,2),(0.,1.),.PIECEWISE_BEZIER_KNOTS.);
#7814 = CARTESIAN_POINT('',(5.950017444454,-48.00001744445,
    14.200000036844));
#7815 = CARTESIAN_POINT('',(5.950017444454,-34.89998255554,
    14.200000036844));
#7816 = PCURVE('',#5971,#7817);
#7817 = DEFINITIONAL_REPRESENTATION('',(#7818),#7821);
#7818 = B_SPLINE_CURVE_WITH_KNOTS('',1,(#7819,#7820),.UNSPECIFIED.,.F.,
  .F.,(2,2),(0.,1.),.PIECEWISE_BEZIER_KNOTS.);
#7819 = CARTESIAN_POINT('',(-6.580546363382,0.999428918814));
#7820 = CARTESIAN_POINT('',(6.58054636334,0.999428918814));
#7821 = ( GEOMETRIC_REPRESENTATION_CONTEXT(2) 
PARAMETRIC_REPRESENTATION_CONTEXT() REPRESENTATION_CONTEXT('2D SPACE',''
  ) );
#7822 = PCURVE('',#7180,#7823);
#7823 = DEFINITIONAL_REPRESENTATION('',(#7824),#7827);
#7824 = B_SPLINE_CURVE_WITH_KNOTS('',1,(#7825,#7826),.UNSPECIFIED.,.F.,
  .F.,(2,2),(0.,1.),.PIECEWISE_BEZIER_KNOTS.);
#7825 = CARTESIAN_POINT('',(-6.577055350639,6.447690805615E-04));
#7826 = CARTESIAN_POINT('',(6.577055350639,6.447690805615E-04));
#7827 = ( GEOMETRIC_REPRESENTATION_CONTEXT(2) 
PARAMETRIC_REPRESENTATION_CONTEXT() REPRESENTATION_CONTEXT('2D SPACE',''
  ) );
#7828 = ADVANCED_FACE('',(#7829),#6023,.F.);
#7829 = FACE_BOUND('',#7830,.F.);
#7830 = EDGE_LOOP('',(#7831,#7832,#7833,#7854));
#7831 = ORIENTED_EDGE('',*,*,#7605,.F.);
#7832 = ORIENTED_EDGE('',*,*,#6007,.T.);
#7833 = ORIENTED_EDGE('',*,*,#7834,.T.);
#7834 = EDGE_CURVE('',#5983,#7835,#7837,.T.);
#7835 = VERTEX_POINT('',#7836);
#7836 = CARTESIAN_POINT('',(5.349982555546,-48.00001744445,
    14.200000036844));
#7837 = SURFACE_CURVE('',#7838,(#7841,#7847),.PCURVE_S1.);
#7838 = B_SPLINE_CURVE_WITH_KNOTS('',1,(#7839,#7840),.UNSPECIFIED.,.F.,
  .F.,(2,2),(0.,1.),.PIECEWISE_BEZIER_KNOTS.);
#7839 = CARTESIAN_POINT('',(5.319453636376,-48.03054636362,12.45));
#7840 = CARTESIAN_POINT('',(5.35,-48.,14.201));
#7841 = PCURVE('',#6023,#7842);
#7842 = DEFINITIONAL_REPRESENTATION('',(#7843),#7846);
#7843 = B_SPLINE_CURVE_WITH_KNOTS('',1,(#7844,#7845),.UNSPECIFIED.,.F.,
  .F.,(2,2),(0.,1.),.PIECEWISE_BEZIER_KNOTS.);
#7844 = CARTESIAN_POINT('',(13.380546363624,-0.875633210929));
#7845 = CARTESIAN_POINT('',(13.35,0.875633210929));
#7846 = ( GEOMETRIC_REPRESENTATION_CONTEXT(2) 
PARAMETRIC_REPRESENTATION_CONTEXT() REPRESENTATION_CONTEXT('2D SPACE',''
  ) );
#7847 = PCURVE('',#5996,#7848);
#7848 = DEFINITIONAL_REPRESENTATION('',(#7849),#7853);
#7849 = LINE('',#7850,#7851);
#7850 = CARTESIAN_POINT('',(-0.330546363624,0.));
#7851 = VECTOR('',#7852,1.);
#7852 = DIRECTION('',(0.,1.));
#7853 = ( GEOMETRIC_REPRESENTATION_CONTEXT(2) 
PARAMETRIC_REPRESENTATION_CONTEXT() REPRESENTATION_CONTEXT('2D SPACE',''
  ) );
#7854 = ORIENTED_EDGE('',*,*,#7855,.F.);
#7855 = EDGE_CURVE('',#7477,#7835,#7856,.T.);
#7856 = SURFACE_CURVE('',#7857,(#7861,#7868),.PCURVE_S1.);
#7857 = LINE('',#7858,#7859);
#7858 = CARTESIAN_POINT('',(5.349982555546,-34.39998255554,
    14.200000036844));
#7859 = VECTOR('',#7860,1.);
#7860 = DIRECTION('',(0.,-1.,0.));
#7861 = PCURVE('',#6023,#7862);
#7862 = DEFINITIONAL_REPRESENTATION('',(#7863),#7867);
#7863 = LINE('',#7864,#7865);
#7864 = CARTESIAN_POINT('',(-0.250017444454,0.874633095625));
#7865 = VECTOR('',#7866,1.);
#7866 = DIRECTION('',(1.,-6.861851476356E-16));
#7867 = ( GEOMETRIC_REPRESENTATION_CONTEXT(2) 
PARAMETRIC_REPRESENTATION_CONTEXT() REPRESENTATION_CONTEXT('2D SPACE',''
  ) );
#7868 = PCURVE('',#7232,#7869);
#7869 = DEFINITIONAL_REPRESENTATION('',(#7870),#7874);
#7870 = LINE('',#7871,#7872);
#7871 = CARTESIAN_POINT('',(-0.250017444454,-0.774617789149));
#7872 = VECTOR('',#7873,1.);
#7873 = DIRECTION('',(1.,4.320707143863E-16));
#7874 = ( GEOMETRIC_REPRESENTATION_CONTEXT(2) 
PARAMETRIC_REPRESENTATION_CONTEXT() REPRESENTATION_CONTEXT('2D SPACE',''
  ) );
#7875 = ADVANCED_FACE('',(#7876),#5996,.F.);
#7876 = FACE_BOUND('',#7877,.F.);
#7877 = EDGE_LOOP('',(#7878,#7879,#7880,#7881));
#7878 = ORIENTED_EDGE('',*,*,#7834,.F.);
#7879 = ORIENTED_EDGE('',*,*,#5982,.F.);
#7880 = ORIENTED_EDGE('',*,*,#7787,.T.);
#7881 = ORIENTED_EDGE('',*,*,#7882,.F.);
#7882 = EDGE_CURVE('',#7835,#7788,#7883,.T.);
#7883 = SURFACE_CURVE('',#7884,(#7887,#7893),.PCURVE_S1.);
#7884 = B_SPLINE_CURVE_WITH_KNOTS('',1,(#7885,#7886),.UNSPECIFIED.,.F.,
  .F.,(2,2),(0.,1.),.PIECEWISE_BEZIER_KNOTS.);
#7885 = CARTESIAN_POINT('',(5.349982555546,-48.00001744445,
    14.200000036844));
#7886 = CARTESIAN_POINT('',(5.950017444454,-48.00001744445,
    14.200000036844));
#7887 = PCURVE('',#5996,#7888);
#7888 = DEFINITIONAL_REPRESENTATION('',(#7889),#7892);
#7889 = B_SPLINE_CURVE_WITH_KNOTS('',1,(#7890,#7891),.UNSPECIFIED.,.F.,
  .F.,(2,2),(0.,1.),.PIECEWISE_BEZIER_KNOTS.);
#7890 = CARTESIAN_POINT('',(-0.330546363605,0.999428918814));
#7891 = CARTESIAN_POINT('',(0.330546363617,0.999428918814));
#7892 = ( GEOMETRIC_REPRESENTATION_CONTEXT(2) 
PARAMETRIC_REPRESENTATION_CONTEXT() REPRESENTATION_CONTEXT('2D SPACE',''
  ) );
#7893 = PCURVE('',#7205,#7894);
#7894 = DEFINITIONAL_REPRESENTATION('',(#7895),#7898);
#7895 = B_SPLINE_CURVE_WITH_KNOTS('',1,(#7896,#7897),.UNSPECIFIED.,.F.,
  .F.,(2,2),(0.,1.),.PIECEWISE_BEZIER_KNOTS.);
#7896 = CARTESIAN_POINT('',(-0.327055350639,6.44769080596E-04));
#7897 = CARTESIAN_POINT('',(0.327055350639,6.44769080596E-04));
#7898 = ( GEOMETRIC_REPRESENTATION_CONTEXT(2) 
PARAMETRIC_REPRESENTATION_CONTEXT() REPRESENTATION_CONTEXT('2D SPACE',''
  ) );
#7899 = ADVANCED_FACE('',(#7900),#6115,.F.);
#7900 = FACE_BOUND('',#7901,.F.);
#7901 = EDGE_LOOP('',(#7902,#7924,#7925,#7947));
#7902 = ORIENTED_EDGE('',*,*,#7903,.F.);
#7903 = EDGE_CURVE('',#6102,#7904,#7906,.T.);
#7904 = VERTEX_POINT('',#7905);
#7905 = CARTESIAN_POINT('',(3.93,-56.97,14.05));
#7906 = SURFACE_CURVE('',#7907,(#7910,#7917),.PCURVE_S1.);
#7907 = B_SPLINE_CURVE_WITH_KNOTS('',1,(#7908,#7909),.UNSPECIFIED.,.F.,
  .F.,(2,2),(0.,1.),.PIECEWISE_BEZIER_KNOTS.);
#7908 = CARTESIAN_POINT('',(3.9,-57.,12.45));
#7909 = CARTESIAN_POINT('',(3.93,-56.97,14.05));
#7910 = PCURVE('',#6115,#7911);
#7911 = DEFINITIONAL_REPRESENTATION('',(#7912),#7916);
#7912 = LINE('',#7913,#7914);
#7913 = CARTESIAN_POINT('',(-0.975,0.));
#7914 = VECTOR('',#7915,1.);
#7915 = DIRECTION('',(0.,1.));
#7916 = ( GEOMETRIC_REPRESENTATION_CONTEXT(2) 
PARAMETRIC_REPRESENTATION_CONTEXT() REPRESENTATION_CONTEXT('2D SPACE',''
  ) );
#7917 = PCURVE('',#6140,#7918);
#7918 = DEFINITIONAL_REPRESENTATION('',(#7919),#7923);
#7919 = LINE('',#7920,#7921);
#7920 = CARTESIAN_POINT('',(3.75,0.));
#7921 = VECTOR('',#7922,1.);
#7922 = DIRECTION('',(0.,1.));
#7923 = ( GEOMETRIC_REPRESENTATION_CONTEXT(2) 
PARAMETRIC_REPRESENTATION_CONTEXT() REPRESENTATION_CONTEXT('2D SPACE',''
  ) );
#7924 = ORIENTED_EDGE('',*,*,#6099,.F.);
#7925 = ORIENTED_EDGE('',*,*,#7926,.T.);
#7926 = EDGE_CURVE('',#6100,#7927,#7929,.T.);
#7927 = VERTEX_POINT('',#7928);
#7928 = CARTESIAN_POINT('',(5.82,-56.97,14.05));
#7929 = SURFACE_CURVE('',#7930,(#7933,#7940),.PCURVE_S1.);
#7930 = B_SPLINE_CURVE_WITH_KNOTS('',1,(#7931,#7932),.UNSPECIFIED.,.F.,
  .F.,(2,2),(0.,1.),.PIECEWISE_BEZIER_KNOTS.);
#7931 = CARTESIAN_POINT('',(5.85,-57.,12.45));
#7932 = CARTESIAN_POINT('',(5.82,-56.97,14.05));
#7933 = PCURVE('',#6115,#7934);
#7934 = DEFINITIONAL_REPRESENTATION('',(#7935),#7939);
#7935 = LINE('',#7936,#7937);
#7936 = CARTESIAN_POINT('',(0.975,0.));
#7937 = VECTOR('',#7938,1.);
#7938 = DIRECTION('',(0.,1.));
#7939 = ( GEOMETRIC_REPRESENTATION_CONTEXT(2) 
PARAMETRIC_REPRESENTATION_CONTEXT() REPRESENTATION_CONTEXT('2D SPACE',''
  ) );
#7940 = PCURVE('',#6188,#7941);
#7941 = DEFINITIONAL_REPRESENTATION('',(#7942),#7946);
#7942 = LINE('',#7943,#7944);
#7943 = CARTESIAN_POINT('',(-3.75,0.));
#7944 = VECTOR('',#7945,1.);
#7945 = DIRECTION('',(0.,1.));
#7946 = ( GEOMETRIC_REPRESENTATION_CONTEXT(2) 
PARAMETRIC_REPRESENTATION_CONTEXT() REPRESENTATION_CONTEXT('2D SPACE',''
  ) );
#7947 = ORIENTED_EDGE('',*,*,#7948,.F.);
#7948 = EDGE_CURVE('',#7904,#7927,#7949,.T.);
#7949 = SURFACE_CURVE('',#7950,(#7954,#7960),.PCURVE_S1.);
#7950 = LINE('',#7951,#7952);
#7951 = CARTESIAN_POINT('',(4.875,-56.97,14.05));
#7952 = VECTOR('',#7953,1.);
#7953 = DIRECTION('',(1.,0.,0.));
#7954 = PCURVE('',#6115,#7955);
#7955 = DEFINITIONAL_REPRESENTATION('',(#7956),#7959);
#7956 = B_SPLINE_CURVE_WITH_KNOTS('',1,(#7957,#7958),.UNSPECIFIED.,.F.,
  .F.,(2,2),(-0.945,0.945),.PIECEWISE_BEZIER_KNOTS.);
#7957 = CARTESIAN_POINT('',(-0.975,1.));
#7958 = CARTESIAN_POINT('',(0.975,1.));
#7959 = ( GEOMETRIC_REPRESENTATION_CONTEXT(2) 
PARAMETRIC_REPRESENTATION_CONTEXT() REPRESENTATION_CONTEXT('2D SPACE',''
  ) );
#7960 = PCURVE('',#7961,#7966);
#7961 = PLANE('',#7962);
#7962 = AXIS2_PLACEMENT_3D('',#7963,#7964,#7965);
#7963 = CARTESIAN_POINT('',(3.93,-56.97,14.05));
#7964 = DIRECTION('',(0.,0.,1.));
#7965 = DIRECTION('',(0.246212120767,0.969215967464,-0.));
#7966 = DEFINITIONAL_REPRESENTATION('',(#7967),#7971);
#7967 = LINE('',#7968,#7969);
#7968 = CARTESIAN_POINT('',(0.232670454125,-0.915909089254));
#7969 = VECTOR('',#7970,1.);
#7970 = DIRECTION('',(0.246212120767,-0.969215967464));
#7971 = ( GEOMETRIC_REPRESENTATION_CONTEXT(2) 
PARAMETRIC_REPRESENTATION_CONTEXT() REPRESENTATION_CONTEXT('2D SPACE',''
  ) );
#7972 = ADVANCED_FACE('',(#7973),#6188,.F.);
#7973 = FACE_BOUND('',#7974,.F.);
#7974 = EDGE_LOOP('',(#7975,#7976,#7977,#7999));
#7975 = ORIENTED_EDGE('',*,*,#7926,.F.);
#7976 = ORIENTED_EDGE('',*,*,#6176,.F.);
#7977 = ORIENTED_EDGE('',*,*,#7978,.T.);
#7978 = EDGE_CURVE('',#6152,#7979,#7981,.T.);
#7979 = VERTEX_POINT('',#7980);
#7980 = CARTESIAN_POINT('',(5.82,-49.53,14.05));
#7981 = SURFACE_CURVE('',#7982,(#7985,#7992),.PCURVE_S1.);
#7982 = B_SPLINE_CURVE_WITH_KNOTS('',1,(#7983,#7984),.UNSPECIFIED.,.F.,
  .F.,(2,2),(0.,1.),.PIECEWISE_BEZIER_KNOTS.);
#7983 = CARTESIAN_POINT('',(5.85,-49.5,12.45));
#7984 = CARTESIAN_POINT('',(5.82,-49.53,14.05));
#7985 = PCURVE('',#6188,#7986);
#7986 = DEFINITIONAL_REPRESENTATION('',(#7987),#7991);
#7987 = LINE('',#7988,#7989);
#7988 = CARTESIAN_POINT('',(3.75,0.));
#7989 = VECTOR('',#7990,1.);
#7990 = DIRECTION('',(0.,1.));
#7991 = ( GEOMETRIC_REPRESENTATION_CONTEXT(2) 
PARAMETRIC_REPRESENTATION_CONTEXT() REPRESENTATION_CONTEXT('2D SPACE',''
  ) );
#7992 = PCURVE('',#6165,#7993);
#7993 = DEFINITIONAL_REPRESENTATION('',(#7994),#7998);
#7994 = LINE('',#7995,#7996);
#7995 = CARTESIAN_POINT('',(-0.975,0.));
#7996 = VECTOR('',#7997,1.);
#7997 = DIRECTION('',(0.,1.));
#7998 = ( GEOMETRIC_REPRESENTATION_CONTEXT(2) 
PARAMETRIC_REPRESENTATION_CONTEXT() REPRESENTATION_CONTEXT('2D SPACE',''
  ) );
#7999 = ORIENTED_EDGE('',*,*,#8000,.F.);
#8000 = EDGE_CURVE('',#7927,#7979,#8001,.T.);
#8001 = SURFACE_CURVE('',#8002,(#8006,#8012),.PCURVE_S1.);
#8002 = LINE('',#8003,#8004);
#8003 = CARTESIAN_POINT('',(5.82,-53.25,14.05));
#8004 = VECTOR('',#8005,1.);
#8005 = DIRECTION('',(0.,1.,0.));
#8006 = PCURVE('',#6188,#8007);
#8007 = DEFINITIONAL_REPRESENTATION('',(#8008),#8011);
#8008 = B_SPLINE_CURVE_WITH_KNOTS('',1,(#8009,#8010),.UNSPECIFIED.,.F.,
  .F.,(2,2),(-3.72,3.72),.PIECEWISE_BEZIER_KNOTS.);
#8009 = CARTESIAN_POINT('',(-3.75,1.));
#8010 = CARTESIAN_POINT('',(3.75,1.));
#8011 = ( GEOMETRIC_REPRESENTATION_CONTEXT(2) 
PARAMETRIC_REPRESENTATION_CONTEXT() REPRESENTATION_CONTEXT('2D SPACE',''
  ) );
#8012 = PCURVE('',#7961,#8013);
#8013 = DEFINITIONAL_REPRESENTATION('',(#8014),#8018);
#8014 = LINE('',#8015,#8016);
#8015 = CARTESIAN_POINT('',(4.070824307216,-0.915909089254));
#8016 = VECTOR('',#8017,1.);
#8017 = DIRECTION('',(0.969215967464,0.246212120767));
#8018 = ( GEOMETRIC_REPRESENTATION_CONTEXT(2) 
PARAMETRIC_REPRESENTATION_CONTEXT() REPRESENTATION_CONTEXT('2D SPACE',''
  ) );
#8019 = ADVANCED_FACE('',(#8020),#6140,.F.);
#8020 = FACE_BOUND('',#8021,.F.);
#8021 = EDGE_LOOP('',(#8022,#8023,#8024,#8046));
#8022 = ORIENTED_EDGE('',*,*,#6126,.F.);
#8023 = ORIENTED_EDGE('',*,*,#7903,.T.);
#8024 = ORIENTED_EDGE('',*,*,#8025,.T.);
#8025 = EDGE_CURVE('',#7904,#8026,#8028,.T.);
#8026 = VERTEX_POINT('',#8027);
#8027 = CARTESIAN_POINT('',(3.93,-49.53,14.05));
#8028 = SURFACE_CURVE('',#8029,(#8033,#8039),.PCURVE_S1.);
#8029 = LINE('',#8030,#8031);
#8030 = CARTESIAN_POINT('',(3.93,-53.25,14.05));
#8031 = VECTOR('',#8032,1.);
#8032 = DIRECTION('',(0.,1.,0.));
#8033 = PCURVE('',#6140,#8034);
#8034 = DEFINITIONAL_REPRESENTATION('',(#8035),#8038);
#8035 = B_SPLINE_CURVE_WITH_KNOTS('',1,(#8036,#8037),.UNSPECIFIED.,.F.,
  .F.,(2,2),(-3.72,3.72),.PIECEWISE_BEZIER_KNOTS.);
#8036 = CARTESIAN_POINT('',(3.75,1.));
#8037 = CARTESIAN_POINT('',(-3.75,1.));
#8038 = ( GEOMETRIC_REPRESENTATION_CONTEXT(2) 
PARAMETRIC_REPRESENTATION_CONTEXT() REPRESENTATION_CONTEXT('2D SPACE',''
  ) );
#8039 = PCURVE('',#7961,#8040);
#8040 = DEFINITIONAL_REPRESENTATION('',(#8041),#8045);
#8041 = LINE('',#8042,#8043);
#8042 = CARTESIAN_POINT('',(3.605483398966,0.915909089254));
#8043 = VECTOR('',#8044,1.);
#8044 = DIRECTION('',(0.969215967464,0.246212120767));
#8045 = ( GEOMETRIC_REPRESENTATION_CONTEXT(2) 
PARAMETRIC_REPRESENTATION_CONTEXT() REPRESENTATION_CONTEXT('2D SPACE',''
  ) );
#8046 = ORIENTED_EDGE('',*,*,#8047,.F.);
#8047 = EDGE_CURVE('',#6127,#8026,#8048,.T.);
#8048 = SURFACE_CURVE('',#8049,(#8052,#8059),.PCURVE_S1.);
#8049 = B_SPLINE_CURVE_WITH_KNOTS('',1,(#8050,#8051),.UNSPECIFIED.,.F.,
  .F.,(2,2),(0.,1.),.PIECEWISE_BEZIER_KNOTS.);
#8050 = CARTESIAN_POINT('',(3.9,-49.5,12.45));
#8051 = CARTESIAN_POINT('',(3.93,-49.53,14.05));
#8052 = PCURVE('',#6140,#8053);
#8053 = DEFINITIONAL_REPRESENTATION('',(#8054),#8058);
#8054 = LINE('',#8055,#8056);
#8055 = CARTESIAN_POINT('',(-3.75,0.));
#8056 = VECTOR('',#8057,1.);
#8057 = DIRECTION('',(0.,1.));
#8058 = ( GEOMETRIC_REPRESENTATION_CONTEXT(2) 
PARAMETRIC_REPRESENTATION_CONTEXT() REPRESENTATION_CONTEXT('2D SPACE',''
  ) );
#8059 = PCURVE('',#6165,#8060);
#8060 = DEFINITIONAL_REPRESENTATION('',(#8061),#8065);
#8061 = LINE('',#8062,#8063);
#8062 = CARTESIAN_POINT('',(0.975,0.));
#8063 = VECTOR('',#8064,1.);
#8064 = DIRECTION('',(0.,1.));
#8065 = ( GEOMETRIC_REPRESENTATION_CONTEXT(2) 
PARAMETRIC_REPRESENTATION_CONTEXT() REPRESENTATION_CONTEXT('2D SPACE',''
  ) );
#8066 = ADVANCED_FACE('',(#8067),#6165,.F.);
#8067 = FACE_BOUND('',#8068,.F.);
#8068 = EDGE_LOOP('',(#8069,#8070,#8071,#8091));
#8069 = ORIENTED_EDGE('',*,*,#6151,.F.);
#8070 = ORIENTED_EDGE('',*,*,#8047,.T.);
#8071 = ORIENTED_EDGE('',*,*,#8072,.T.);
#8072 = EDGE_CURVE('',#8026,#7979,#8073,.T.);
#8073 = SURFACE_CURVE('',#8074,(#8078,#8084),.PCURVE_S1.);
#8074 = LINE('',#8075,#8076);
#8075 = CARTESIAN_POINT('',(4.875,-49.53,14.05));
#8076 = VECTOR('',#8077,1.);
#8077 = DIRECTION('',(1.,0.,0.));
#8078 = PCURVE('',#6165,#8079);
#8079 = DEFINITIONAL_REPRESENTATION('',(#8080),#8083);
#8080 = B_SPLINE_CURVE_WITH_KNOTS('',1,(#8081,#8082),.UNSPECIFIED.,.F.,
  .F.,(2,2),(-0.945,0.945),.PIECEWISE_BEZIER_KNOTS.);
#8081 = CARTESIAN_POINT('',(0.975,1.));
#8082 = CARTESIAN_POINT('',(-0.975,1.));
#8083 = ( GEOMETRIC_REPRESENTATION_CONTEXT(2) 
PARAMETRIC_REPRESENTATION_CONTEXT() REPRESENTATION_CONTEXT('2D SPACE',''
  ) );
#8084 = PCURVE('',#7961,#8085);
#8085 = DEFINITIONAL_REPRESENTATION('',(#8086),#8090);
#8086 = LINE('',#8087,#8088);
#8087 = CARTESIAN_POINT('',(7.443637252058,0.915909089254));
#8088 = VECTOR('',#8089,1.);
#8089 = DIRECTION('',(0.246212120767,-0.969215967464));
#8090 = ( GEOMETRIC_REPRESENTATION_CONTEXT(2) 
PARAMETRIC_REPRESENTATION_CONTEXT() REPRESENTATION_CONTEXT('2D SPACE',''
  ) );
#8091 = ORIENTED_EDGE('',*,*,#7978,.F.);
#8092 = ADVANCED_FACE('',(#8093),#6217,.F.);
#8093 = FACE_BOUND('',#8094,.F.);
#8094 = EDGE_LOOP('',(#8095,#8124,#8125,#8147,#8174,#8208,#8233,#8267,
    #8289,#8323,#8348,#8382));
#8095 = ORIENTED_EDGE('',*,*,#8096,.T.);
#8096 = EDGE_CURVE('',#8097,#6204,#8099,.T.);
#8097 = VERTEX_POINT('',#8098);
#8098 = CARTESIAN_POINT('',(3.035163194811,-54.16961538461,13.3));
#8099 = SURFACE_CURVE('',#8100,(#8106,#8115),.PCURVE_S1.);
#8100 = B_SPLINE_CURVE_WITH_KNOTS('',4,(#8101,#8102,#8103,#8104,#8105),
  .UNSPECIFIED.,.F.,.F.,(5,5),(0.,1.),.PIECEWISE_BEZIER_KNOTS.);
#8101 = CARTESIAN_POINT('',(3.035163194811,-54.16961538461,13.3));
#8102 = CARTESIAN_POINT('',(3.038520981766,-54.16517613494,
    13.107632514207));
#8103 = CARTESIAN_POINT('',(3.041612406613,-54.16108903623,
    12.930524903319));
#8104 = CARTESIAN_POINT('',(3.04526377271,-54.1562616526,12.721338279729
    ));
#8105 = CARTESIAN_POINT('',(3.048254502409,-54.15230768053,12.54999949)
  );
#8106 = PCURVE('',#6217,#8107);
#8107 = DEFINITIONAL_REPRESENTATION('',(#8108),#8114);
#8108 = B_SPLINE_CURVE_WITH_KNOTS('',4,(#8109,#8110,#8111,#8112,#8113),
  .UNSPECIFIED.,.F.,.F.,(5,5),(0.,1.),.PIECEWISE_BEZIER_KNOTS.);
#8109 = CARTESIAN_POINT('',(-13.08251257334,1.));
#8110 = CARTESIAN_POINT('',(-13.07514740741,0.773685310831));
#8111 = CARTESIAN_POINT('',(-13.06836990336,0.565323415669));
#8112 = CARTESIAN_POINT('',(-13.06037028062,0.319221505564));
#8113 = CARTESIAN_POINT('',(-13.05382166155,0.117646458824));
#8114 = ( GEOMETRIC_REPRESENTATION_CONTEXT(2) 
PARAMETRIC_REPRESENTATION_CONTEXT() REPRESENTATION_CONTEXT('2D SPACE',''
  ) );
#8115 = PCURVE('',#6242,#8116);
#8116 = DEFINITIONAL_REPRESENTATION('',(#8117),#8123);
#8117 = B_SPLINE_CURVE_WITH_KNOTS('',4,(#8118,#8119,#8120,#8121,#8122),
  .UNSPECIFIED.,.F.,.F.,(5,5),(0.,1.),.PIECEWISE_BEZIER_KNOTS.);
#8118 = CARTESIAN_POINT('',(-3.052269319569,0.653846153838));
#8119 = CARTESIAN_POINT('',(-3.051752911564,0.505871164786));
#8120 = CARTESIAN_POINT('',(-3.051278835241,0.369634541005));
#8121 = CARTESIAN_POINT('',(-3.050721066911,0.208721753641));
#8122 = CARTESIAN_POINT('',(-3.050265656321,7.692268461543E-02));
#8123 = ( GEOMETRIC_REPRESENTATION_CONTEXT(2) 
PARAMETRIC_REPRESENTATION_CONTEXT() REPRESENTATION_CONTEXT('2D SPACE',''
  ) );
#8124 = ORIENTED_EDGE('',*,*,#6201,.F.);
#8125 = ORIENTED_EDGE('',*,*,#8126,.T.);
#8126 = EDGE_CURVE('',#6202,#8127,#8129,.T.);
#8127 = VERTEX_POINT('',#8128);
#8128 = CARTESIAN_POINT('',(3.035163194811,-26.06483680518,13.3));
#8129 = SURFACE_CURVE('',#8130,(#8133,#8140),.PCURVE_S1.);
#8130 = B_SPLINE_CURVE_WITH_KNOTS('',1,(#8131,#8132),.UNSPECIFIED.,.F.,
  .F.,(2,2),(0.,1.),.PIECEWISE_BEZIER_KNOTS.);
#8131 = CARTESIAN_POINT('',(3.05,-26.05,12.45));
#8132 = CARTESIAN_POINT('',(3.035163194811,-26.06483680518,13.3));
#8133 = PCURVE('',#6217,#8134);
#8134 = DEFINITIONAL_REPRESENTATION('',(#8135),#8139);
#8135 = LINE('',#8136,#8137);
#8136 = CARTESIAN_POINT('',(15.05,0.));
#8137 = VECTOR('',#8138,1.);
#8138 = DIRECTION('',(0.,1.));
#8139 = ( GEOMETRIC_REPRESENTATION_CONTEXT(2) 
PARAMETRIC_REPRESENTATION_CONTEXT() REPRESENTATION_CONTEXT('2D SPACE',''
  ) );
#8140 = PCURVE('',#6385,#8141);
#8141 = DEFINITIONAL_REPRESENTATION('',(#8142),#8146);
#8142 = LINE('',#8143,#8144);
#8143 = CARTESIAN_POINT('',(-3.05,0.));
#8144 = VECTOR('',#8145,1.);
#8145 = DIRECTION('',(0.,1.));
#8146 = ( GEOMETRIC_REPRESENTATION_CONTEXT(2) 
PARAMETRIC_REPRESENTATION_CONTEXT() REPRESENTATION_CONTEXT('2D SPACE',''
  ) );
#8147 = ORIENTED_EDGE('',*,*,#8148,.F.);
#8148 = EDGE_CURVE('',#8149,#8127,#8151,.T.);
#8149 = VERTEX_POINT('',#8150);
#8150 = CARTESIAN_POINT('',(3.035163194811,-31.64606557377,13.3));
#8151 = SURFACE_CURVE('',#8152,(#8156,#8162),.PCURVE_S1.);
#8152 = LINE('',#8153,#8154);
#8153 = CARTESIAN_POINT('',(3.035163194811,-41.1,13.3));
#8154 = VECTOR('',#8155,1.);
#8155 = DIRECTION('',(0.,1.,0.));
#8156 = PCURVE('',#6217,#8157);
#8157 = DEFINITIONAL_REPRESENTATION('',(#8158),#8161);
#8158 = B_SPLINE_CURVE_WITH_KNOTS('',1,(#8159,#8160),.UNSPECIFIED.,.F.,
  .F.,(2,2),(-15.03516319481,15.035163194811),.PIECEWISE_BEZIER_KNOTS.);
#8159 = CARTESIAN_POINT('',(-15.05,1.));
#8160 = CARTESIAN_POINT('',(15.05,1.));
#8161 = ( GEOMETRIC_REPRESENTATION_CONTEXT(2) 
PARAMETRIC_REPRESENTATION_CONTEXT() REPRESENTATION_CONTEXT('2D SPACE',''
  ) );
#8162 = PCURVE('',#8163,#8168);
#8163 = PLANE('',#8164);
#8164 = AXIS2_PLACEMENT_3D('',#8165,#8166,#8167);
#8165 = CARTESIAN_POINT('',(-3.035163194811,-56.13516319481,13.3));
#8166 = DIRECTION('',(0.,0.,1.));
#8167 = DIRECTION('',(0.197879268299,0.98022639996,-0.));
#8168 = DEFINITIONAL_REPRESENTATION('',(#8169),#8173);
#8169 = LINE('',#8170,#8171);
#8170 = CARTESIAN_POINT('',(15.939055635566,-2.975147091739));
#8171 = VECTOR('',#8172,1.);
#8172 = DIRECTION('',(0.98022639996,0.197879268299));
#8173 = ( GEOMETRIC_REPRESENTATION_CONTEXT(2) 
PARAMETRIC_REPRESENTATION_CONTEXT() REPRESENTATION_CONTEXT('2D SPACE',''
  ) );
#8174 = ORIENTED_EDGE('',*,*,#8175,.T.);
#8175 = EDGE_CURVE('',#8149,#8176,#8178,.T.);
#8176 = VERTEX_POINT('',#8177);
#8177 = CARTESIAN_POINT('',(3.045636233768,-31.65,12.7));
#8178 = SURFACE_CURVE('',#8179,(#8185,#8194),.PCURVE_S1.);
#8179 = B_SPLINE_CURVE_WITH_KNOTS('',4,(#8180,#8181,#8182,#8183,#8184),
  .UNSPECIFIED.,.F.,.F.,(5,5),(0.,1.),.PIECEWISE_BEZIER_KNOTS.);
#8180 = CARTESIAN_POINT('',(3.035163194811,-31.64606557377,13.3));
#8181 = CARTESIAN_POINT('',(3.037781466581,-31.64704918484,
    13.149999310781));
#8182 = CARTESIAN_POINT('',(3.040399730993,-31.64803279316,
    12.999999043059));
#8183 = CARTESIAN_POINT('',(3.043017987137,-31.64901639836,
    12.849999249004));
#8184 = CARTESIAN_POINT('',(3.045636233768,-31.65,12.7));
#8185 = PCURVE('',#6217,#8186);
#8186 = DEFINITIONAL_REPRESENTATION('',(#8187),#8193);
#8187 = B_SPLINE_CURVE_WITH_KNOTS('',4,(#8188,#8189,#8190,#8191,#8192),
  .UNSPECIFIED.,.F.,.F.,(5,5),(0.,1.),.PIECEWISE_BEZIER_KNOTS.);
#8188 = CARTESIAN_POINT('',(9.463263635466,1.));
#8189 = CARTESIAN_POINT('',(9.46063109053,0.823528600919));
#8190 = CARTESIAN_POINT('',(9.457999775498,0.647057697716));
#8191 = CARTESIAN_POINT('',(9.455369689992,0.47058735177));
#8192 = CARTESIAN_POINT('',(9.45274083397,0.294117647059));
#8193 = ( GEOMETRIC_REPRESENTATION_CONTEXT(2) 
PARAMETRIC_REPRESENTATION_CONTEXT() REPRESENTATION_CONTEXT('2D SPACE',''
  ) );
#8194 = PCURVE('',#8195,#8200);
#8195 = B_SPLINE_SURFACE_WITH_KNOTS('',1,1,(
    (#8196,#8197)
    ,(#8198,#8199
    )),.UNSPECIFIED.,.F.,.F.,.F.,(2,2),(2,2),(-7.9E-02,7.9E-02),(0.,1.),
  .PIECEWISE_BEZIER_KNOTS.);
#8196 = CARTESIAN_POINT('',(3.07,-31.65,12.7));
#8197 = CARTESIAN_POINT('',(3.074,-31.646,13.31));
#8198 = CARTESIAN_POINT('',(2.92,-31.65,12.7));
#8199 = CARTESIAN_POINT('',(2.916,-31.646,13.31));
#8200 = DEFINITIONAL_REPRESENTATION('',(#8201),#8207);
#8201 = B_SPLINE_CURVE_WITH_KNOTS('',4,(#8202,#8203,#8204,#8205,#8206),
  .UNSPECIFIED.,.F.,.F.,(5,5),(0.,1.),.PIECEWISE_BEZIER_KNOTS.);
#8202 = CARTESIAN_POINT('',(-4.019655987469E-02,0.983606557339));
#8203 = CARTESIAN_POINT('',(-4.331789889883E-02,0.737703788236));
#8204 = CARTESIAN_POINT('',(-4.654296118806E-02,0.491801709871));
#8205 = CARTESIAN_POINT('',(-4.987945238878E-02,0.245900408226));
#8206 = CARTESIAN_POINT('',(-5.333683290224E-02,0.));
#8207 = ( GEOMETRIC_REPRESENTATION_CONTEXT(2) 
PARAMETRIC_REPRESENTATION_CONTEXT() REPRESENTATION_CONTEXT('2D SPACE',''
  ) );
#8208 = ORIENTED_EDGE('',*,*,#8209,.T.);
#8209 = EDGE_CURVE('',#8176,#8210,#8212,.T.);
#8210 = VERTEX_POINT('',#8211);
#8211 = CARTESIAN_POINT('',(3.045636233768,-32.45,12.7));
#8212 = SURFACE_CURVE('',#8213,(#8216,#8222),.PCURVE_S1.);
#8213 = B_SPLINE_CURVE_WITH_KNOTS('',1,(#8214,#8215),.UNSPECIFIED.,.F.,
  .F.,(2,2),(0.,1.),.PIECEWISE_BEZIER_KNOTS.);
#8214 = CARTESIAN_POINT('',(3.045636233768,-31.64543179383,12.7));
#8215 = CARTESIAN_POINT('',(3.045636233768,-32.47355679383,12.7));
#8216 = PCURVE('',#6217,#8217);
#8217 = DEFINITIONAL_REPRESENTATION('',(#8218),#8221);
#8218 = B_SPLINE_CURVE_WITH_KNOTS('',1,(#8219,#8220),.UNSPECIFIED.,.F.,
  .F.,(2,2),(0.,1.),.PIECEWISE_BEZIER_KNOTS.);
#8219 = CARTESIAN_POINT('',(9.45731036508,0.294117647059));
#8220 = CARTESIAN_POINT('',(8.628945179563,0.294117647059));
#8221 = ( GEOMETRIC_REPRESENTATION_CONTEXT(2) 
PARAMETRIC_REPRESENTATION_CONTEXT() REPRESENTATION_CONTEXT('2D SPACE',''
  ) );
#8222 = PCURVE('',#8223,#8228);
#8223 = PLANE('',#8224);
#8224 = AXIS2_PLACEMENT_3D('',#8225,#8226,#8227);
#8225 = CARTESIAN_POINT('',(2.92,-32.45,12.7));
#8226 = DIRECTION('',(0.,0.,1.));
#8227 = DIRECTION('',(0.18428853505,0.982872186934,-0.));
#8228 = DEFINITIONAL_REPRESENTATION('',(#8229),#8232);
#8229 = B_SPLINE_CURVE_WITH_KNOTS('',1,(#8230,#8231),.UNSPECIFIED.,.F.,
  .F.,(2,2),(0.,1.),.PIECEWISE_BEZIER_KNOTS.);
#8230 = CARTESIAN_POINT('',(0.813941029805,2.478833622106E-02));
#8231 = CARTESIAN_POINT('',(-2.434008630655E-17,-0.127825606867));
#8232 = ( GEOMETRIC_REPRESENTATION_CONTEXT(2) 
PARAMETRIC_REPRESENTATION_CONTEXT() REPRESENTATION_CONTEXT('2D SPACE',''
  ) );
#8233 = ORIENTED_EDGE('',*,*,#8234,.T.);
#8234 = EDGE_CURVE('',#8210,#8235,#8237,.T.);
#8235 = VERTEX_POINT('',#8236);
#8236 = CARTESIAN_POINT('',(3.035163194811,-32.45393442623,13.3));
#8237 = SURFACE_CURVE('',#8238,(#8244,#8253),.PCURVE_S1.);
#8238 = B_SPLINE_CURVE_WITH_KNOTS('',4,(#8239,#8240,#8241,#8242,#8243),
  .UNSPECIFIED.,.F.,.F.,(5,5),(0.,1.),.PIECEWISE_BEZIER_KNOTS.);
#8239 = CARTESIAN_POINT('',(3.045636233768,-32.45,12.7));
#8240 = CARTESIAN_POINT('',(3.043017987244,-32.45098360159,
    12.849999242883));
#8241 = CARTESIAN_POINT('',(3.040399731136,-32.45196720678,
    12.999999034887));
#8242 = CARTESIAN_POINT('',(3.037781466687,-32.45295081511,
    13.149999304662));
#8243 = CARTESIAN_POINT('',(3.035163194811,-32.45393442623,13.3));
#8244 = PCURVE('',#6217,#8245);
#8245 = DEFINITIONAL_REPRESENTATION('',(#8246),#8252);
#8246 = B_SPLINE_CURVE_WITH_KNOTS('',4,(#8247,#8248,#8249,#8250,#8251),
  .UNSPECIFIED.,.F.,.F.,(5,5),(0.,1.),.PIECEWISE_BEZIER_KNOTS.);
#8247 = CARTESIAN_POINT('',(8.652508805698,0.294117647059));
#8248 = CARTESIAN_POINT('',(8.65303063123,0.470587344569));
#8249 = CARTESIAN_POINT('',(8.653552700827,0.647057688102));
#8250 = CARTESIAN_POINT('',(8.654075014499,0.82352859372));
#8251 = CARTESIAN_POINT('',(8.65459757232,1.));
#8252 = ( GEOMETRIC_REPRESENTATION_CONTEXT(2) 
PARAMETRIC_REPRESENTATION_CONTEXT() REPRESENTATION_CONTEXT('2D SPACE',''
  ) );
#8253 = PCURVE('',#8254,#8259);
#8254 = B_SPLINE_SURFACE_WITH_KNOTS('',1,1,(
    (#8255,#8256)
    ,(#8257,#8258
    )),.UNSPECIFIED.,.F.,.F.,.F.,(2,2),(2,2),(-7.9E-02,7.9E-02),(0.,1.),
  .PIECEWISE_BEZIER_KNOTS.);
#8255 = CARTESIAN_POINT('',(2.92,-32.45,12.7));
#8256 = CARTESIAN_POINT('',(2.916,-32.454,13.31));
#8257 = CARTESIAN_POINT('',(3.07,-32.45,12.7));
#8258 = CARTESIAN_POINT('',(3.074,-32.454,13.31));
#8259 = DEFINITIONAL_REPRESENTATION('',(#8260),#8266);
#8260 = B_SPLINE_CURVE_WITH_KNOTS('',4,(#8261,#8262,#8263,#8264,#8265),
  .UNSPECIFIED.,.F.,.F.,(5,5),(0.,1.),.PIECEWISE_BEZIER_KNOTS.);
#8261 = CARTESIAN_POINT('',(5.333683290224E-02,0.));
#8262 = CARTESIAN_POINT('',(4.987945253116E-02,0.245900398186));
#8263 = CARTESIAN_POINT('',(4.654296136358E-02,0.49180169649));
#8264 = CARTESIAN_POINT('',(4.331789902823E-02,0.737703778187));
#8265 = CARTESIAN_POINT('',(4.019655987456E-02,0.983606557349));
#8266 = ( GEOMETRIC_REPRESENTATION_CONTEXT(2) 
PARAMETRIC_REPRESENTATION_CONTEXT() REPRESENTATION_CONTEXT('2D SPACE',''
  ) );
#8267 = ORIENTED_EDGE('',*,*,#8268,.F.);
#8268 = EDGE_CURVE('',#8269,#8235,#8271,.T.);
#8269 = VERTEX_POINT('',#8270);
#8270 = CARTESIAN_POINT('',(3.035163194811,-49.74606557377,13.3));
#8271 = SURFACE_CURVE('',#8272,(#8276,#8282),.PCURVE_S1.);
#8272 = LINE('',#8273,#8274);
#8273 = CARTESIAN_POINT('',(3.035163194811,-41.1,13.3));
#8274 = VECTOR('',#8275,1.);
#8275 = DIRECTION('',(0.,1.,0.));
#8276 = PCURVE('',#6217,#8277);
#8277 = DEFINITIONAL_REPRESENTATION('',(#8278),#8281);
#8278 = B_SPLINE_CURVE_WITH_KNOTS('',1,(#8279,#8280),.UNSPECIFIED.,.F.,
  .F.,(2,2),(-15.03516319481,15.035163194811),.PIECEWISE_BEZIER_KNOTS.);
#8279 = CARTESIAN_POINT('',(-15.05,1.));
#8280 = CARTESIAN_POINT('',(15.05,1.));
#8281 = ( GEOMETRIC_REPRESENTATION_CONTEXT(2) 
PARAMETRIC_REPRESENTATION_CONTEXT() REPRESENTATION_CONTEXT('2D SPACE',''
  ) );
#8282 = PCURVE('',#8163,#8283);
#8283 = DEFINITIONAL_REPRESENTATION('',(#8284),#8288);
#8284 = LINE('',#8285,#8286);
#8285 = CARTESIAN_POINT('',(15.939055635566,-2.975147091739));
#8286 = VECTOR('',#8287,1.);
#8287 = DIRECTION('',(0.98022639996,0.197879268299));
#8288 = ( GEOMETRIC_REPRESENTATION_CONTEXT(2) 
PARAMETRIC_REPRESENTATION_CONTEXT() REPRESENTATION_CONTEXT('2D SPACE',''
  ) );
#8289 = ORIENTED_EDGE('',*,*,#8290,.T.);
#8290 = EDGE_CURVE('',#8269,#8291,#8293,.T.);
#8291 = VERTEX_POINT('',#8292);
#8292 = CARTESIAN_POINT('',(3.045636233768,-49.75,12.7));
#8293 = SURFACE_CURVE('',#8294,(#8300,#8309),.PCURVE_S1.);
#8294 = B_SPLINE_CURVE_WITH_KNOTS('',4,(#8295,#8296,#8297,#8298,#8299),
  .UNSPECIFIED.,.F.,.F.,(5,5),(0.,1.),.PIECEWISE_BEZIER_KNOTS.);
#8295 = CARTESIAN_POINT('',(3.035163194811,-49.74606557377,13.3));
#8296 = CARTESIAN_POINT('',(3.037781466688,-49.74704918488,
    13.149999304653));
#8297 = CARTESIAN_POINT('',(3.040399731136,-49.74803279321,
    12.999999034891));
#8298 = CARTESIAN_POINT('',(3.043017987244,-49.7490163984,12.84999924288
    ));
#8299 = CARTESIAN_POINT('',(3.045636233768,-49.75,12.7));
#8300 = PCURVE('',#6217,#8301);
#8301 = DEFINITIONAL_REPRESENTATION('',(#8302),#8308);
#8302 = B_SPLINE_CURVE_WITH_KNOTS('',4,(#8303,#8304,#8305,#8306,#8307),
  .UNSPECIFIED.,.F.,.F.,(5,5),(0.,1.),.PIECEWISE_BEZIER_KNOTS.);
#8303 = CARTESIAN_POINT('',(-8.65459757232,1.));
#8304 = CARTESIAN_POINT('',(-8.654075014499,0.82352859371));
#8305 = CARTESIAN_POINT('',(-8.653552700827,0.647057688107));
#8306 = CARTESIAN_POINT('',(-8.65303063123,0.470587344565));
#8307 = CARTESIAN_POINT('',(-8.652508805698,0.294117647059));
#8308 = ( GEOMETRIC_REPRESENTATION_CONTEXT(2) 
PARAMETRIC_REPRESENTATION_CONTEXT() REPRESENTATION_CONTEXT('2D SPACE',''
  ) );
#8309 = PCURVE('',#8310,#8315);
#8310 = B_SPLINE_SURFACE_WITH_KNOTS('',1,1,(
    (#8311,#8312)
    ,(#8313,#8314
    )),.UNSPECIFIED.,.F.,.F.,.F.,(2,2),(2,2),(-7.9E-02,7.9E-02),(0.,1.),
  .PIECEWISE_BEZIER_KNOTS.);
#8311 = CARTESIAN_POINT('',(3.07,-49.75,12.7));
#8312 = CARTESIAN_POINT('',(3.074,-49.746,13.31));
#8313 = CARTESIAN_POINT('',(2.92,-49.75,12.7));
#8314 = CARTESIAN_POINT('',(2.916,-49.746,13.31));
#8315 = DEFINITIONAL_REPRESENTATION('',(#8316),#8322);
#8316 = B_SPLINE_CURVE_WITH_KNOTS('',4,(#8317,#8318,#8319,#8320,#8321),
  .UNSPECIFIED.,.F.,.F.,(5,5),(0.,1.),.PIECEWISE_BEZIER_KNOTS.);
#8317 = CARTESIAN_POINT('',(-4.019655987469E-02,0.983606557339));
#8318 = CARTESIAN_POINT('',(-4.331789902635E-02,0.73770377819));
#8319 = CARTESIAN_POINT('',(-4.654296136647E-02,0.491801696481));
#8320 = CARTESIAN_POINT('',(-4.987945252994E-02,0.245900398187));
#8321 = CARTESIAN_POINT('',(-5.333683290224E-02,0.));
#8322 = ( GEOMETRIC_REPRESENTATION_CONTEXT(2) 
PARAMETRIC_REPRESENTATION_CONTEXT() REPRESENTATION_CONTEXT('2D SPACE',''
  ) );
#8323 = ORIENTED_EDGE('',*,*,#8324,.T.);
#8324 = EDGE_CURVE('',#8291,#8325,#8327,.T.);
#8325 = VERTEX_POINT('',#8326);
#8326 = CARTESIAN_POINT('',(3.045636233768,-50.55,12.7));
#8327 = SURFACE_CURVE('',#8328,(#8331,#8337),.PCURVE_S1.);
#8328 = B_SPLINE_CURVE_WITH_KNOTS('',1,(#8329,#8330),.UNSPECIFIED.,.F.,
  .F.,(2,2),(0.,1.),.PIECEWISE_BEZIER_KNOTS.);
#8329 = CARTESIAN_POINT('',(3.045636233768,-49.74543179383,12.7));
#8330 = CARTESIAN_POINT('',(3.045636233768,-50.57355679383,12.7));
#8331 = PCURVE('',#6217,#8332);
#8332 = DEFINITIONAL_REPRESENTATION('',(#8333),#8336);
#8333 = B_SPLINE_CURVE_WITH_KNOTS('',1,(#8334,#8335),.UNSPECIFIED.,.F.,
  .F.,(2,2),(0.,1.),.PIECEWISE_BEZIER_KNOTS.);
#8334 = CARTESIAN_POINT('',(-8.647939274588,0.294117647059));
#8335 = CARTESIAN_POINT('',(-9.476304460104,0.294117647059));
#8336 = ( GEOMETRIC_REPRESENTATION_CONTEXT(2) 
PARAMETRIC_REPRESENTATION_CONTEXT() REPRESENTATION_CONTEXT('2D SPACE',''
  ) );
#8337 = PCURVE('',#8338,#8343);
#8338 = PLANE('',#8339);
#8339 = AXIS2_PLACEMENT_3D('',#8340,#8341,#8342);
#8340 = CARTESIAN_POINT('',(2.92,-50.55,12.7));
#8341 = DIRECTION('',(0.,0.,1.));
#8342 = DIRECTION('',(0.18428853505,0.982872186934,-0.));
#8343 = DEFINITIONAL_REPRESENTATION('',(#8344),#8347);
#8344 = B_SPLINE_CURVE_WITH_KNOTS('',1,(#8345,#8346),.UNSPECIFIED.,.F.,
  .F.,(2,2),(0.,1.),.PIECEWISE_BEZIER_KNOTS.);
#8345 = CARTESIAN_POINT('',(0.813941029805,2.478833622106E-02));
#8346 = CARTESIAN_POINT('',(-2.434008630655E-17,-0.127825606867));
#8347 = ( GEOMETRIC_REPRESENTATION_CONTEXT(2) 
PARAMETRIC_REPRESENTATION_CONTEXT() REPRESENTATION_CONTEXT('2D SPACE',''
  ) );
#8348 = ORIENTED_EDGE('',*,*,#8349,.T.);
#8349 = EDGE_CURVE('',#8325,#8350,#8352,.T.);
#8350 = VERTEX_POINT('',#8351);
#8351 = CARTESIAN_POINT('',(3.035163194811,-50.55393442623,13.3));
#8352 = SURFACE_CURVE('',#8353,(#8359,#8368),.PCURVE_S1.);
#8353 = B_SPLINE_CURVE_WITH_KNOTS('',4,(#8354,#8355,#8356,#8357,#8358),
  .UNSPECIFIED.,.F.,.F.,(5,5),(0.,1.),.PIECEWISE_BEZIER_KNOTS.);
#8354 = CARTESIAN_POINT('',(3.045636233768,-50.55,12.7));
#8355 = CARTESIAN_POINT('',(3.043017987137,-50.55098360163,
    12.849999249008));
#8356 = CARTESIAN_POINT('',(3.040399730993,-50.55196720684,
    12.999999043055));
#8357 = CARTESIAN_POINT('',(3.03778146658,-50.55295081515,13.14999931079
    ));
#8358 = CARTESIAN_POINT('',(3.035163194811,-50.55393442623,13.3));
#8359 = PCURVE('',#6217,#8360);
#8360 = DEFINITIONAL_REPRESENTATION('',(#8361),#8367);
#8361 = B_SPLINE_CURVE_WITH_KNOTS('',4,(#8362,#8363,#8364,#8365,#8366),
  .UNSPECIFIED.,.F.,.F.,(5,5),(0.,1.),.PIECEWISE_BEZIER_KNOTS.);
#8362 = CARTESIAN_POINT('',(-9.45274083397,0.294117647059));
#8363 = CARTESIAN_POINT('',(-9.455369689992,0.470587351774));
#8364 = CARTESIAN_POINT('',(-9.457999775498,0.647057697712));
#8365 = CARTESIAN_POINT('',(-9.46063109053,0.82352860093));
#8366 = CARTESIAN_POINT('',(-9.463263635466,1.));
#8367 = ( GEOMETRIC_REPRESENTATION_CONTEXT(2) 
PARAMETRIC_REPRESENTATION_CONTEXT() REPRESENTATION_CONTEXT('2D SPACE',''
  ) );
#8368 = PCURVE('',#8369,#8374);
#8369 = B_SPLINE_SURFACE_WITH_KNOTS('',1,1,(
    (#8370,#8371)
    ,(#8372,#8373
    )),.UNSPECIFIED.,.F.,.F.,.F.,(2,2),(2,2),(-7.9E-02,7.9E-02),(0.,1.),
  .PIECEWISE_BEZIER_KNOTS.);
#8370 = CARTESIAN_POINT('',(2.92,-50.55,12.7));
#8371 = CARTESIAN_POINT('',(2.916,-50.554,13.31));
#8372 = CARTESIAN_POINT('',(3.07,-50.55,12.7));
#8373 = CARTESIAN_POINT('',(3.074,-50.554,13.31));
#8374 = DEFINITIONAL_REPRESENTATION('',(#8375),#8381);
#8375 = B_SPLINE_CURVE_WITH_KNOTS('',4,(#8376,#8377,#8378,#8379,#8380),
  .UNSPECIFIED.,.F.,.F.,(5,5),(0.,1.),.PIECEWISE_BEZIER_KNOTS.);
#8376 = CARTESIAN_POINT('',(5.333683290224E-02,0.));
#8377 = CARTESIAN_POINT('',(4.987945239001E-02,0.245900408226));
#8378 = CARTESIAN_POINT('',(4.654296118516E-02,0.49180170988));
#8379 = CARTESIAN_POINT('',(4.331789890072E-02,0.737703788233));
#8380 = CARTESIAN_POINT('',(4.019655987456E-02,0.983606557349));
#8381 = ( GEOMETRIC_REPRESENTATION_CONTEXT(2) 
PARAMETRIC_REPRESENTATION_CONTEXT() REPRESENTATION_CONTEXT('2D SPACE',''
  ) );
#8382 = ORIENTED_EDGE('',*,*,#8383,.F.);
#8383 = EDGE_CURVE('',#8097,#8350,#8384,.T.);
#8384 = SURFACE_CURVE('',#8385,(#8389,#8395),.PCURVE_S1.);
#8385 = LINE('',#8386,#8387);
#8386 = CARTESIAN_POINT('',(3.035163194811,-41.1,13.3));
#8387 = VECTOR('',#8388,1.);
#8388 = DIRECTION('',(0.,1.,0.));
#8389 = PCURVE('',#6217,#8390);
#8390 = DEFINITIONAL_REPRESENTATION('',(#8391),#8394);
#8391 = B_SPLINE_CURVE_WITH_KNOTS('',1,(#8392,#8393),.UNSPECIFIED.,.F.,
  .F.,(2,2),(-15.03516319481,15.035163194811),.PIECEWISE_BEZIER_KNOTS.);
#8392 = CARTESIAN_POINT('',(-15.05,1.));
#8393 = CARTESIAN_POINT('',(15.05,1.));
#8394 = ( GEOMETRIC_REPRESENTATION_CONTEXT(2) 
PARAMETRIC_REPRESENTATION_CONTEXT() REPRESENTATION_CONTEXT('2D SPACE',''
  ) );
#8395 = PCURVE('',#8163,#8396);
#8396 = DEFINITIONAL_REPRESENTATION('',(#8397),#8401);
#8397 = LINE('',#8398,#8399);
#8398 = CARTESIAN_POINT('',(15.939055635566,-2.975147091739));
#8399 = VECTOR('',#8400,1.);
#8400 = DIRECTION('',(0.98022639996,0.197879268299));
#8401 = ( GEOMETRIC_REPRESENTATION_CONTEXT(2) 
PARAMETRIC_REPRESENTATION_CONTEXT() REPRESENTATION_CONTEXT('2D SPACE',''
  ) );
#8402 = ADVANCED_FACE('',(#8403),#6385,.F.);
#8403 = FACE_BOUND('',#8404,.F.);
#8404 = EDGE_LOOP('',(#8405,#8406,#8428,#8448));
#8405 = ORIENTED_EDGE('',*,*,#6373,.F.);
#8406 = ORIENTED_EDGE('',*,*,#8407,.T.);
#8407 = EDGE_CURVE('',#6349,#8408,#8410,.T.);
#8408 = VERTEX_POINT('',#8409);
#8409 = CARTESIAN_POINT('',(-3.035163194811,-26.06483680518,13.3));
#8410 = SURFACE_CURVE('',#8411,(#8414,#8421),.PCURVE_S1.);
#8411 = B_SPLINE_CURVE_WITH_KNOTS('',1,(#8412,#8413),.UNSPECIFIED.,.F.,
  .F.,(2,2),(0.,1.),.PIECEWISE_BEZIER_KNOTS.);
#8412 = CARTESIAN_POINT('',(-3.05,-26.05,12.45));
#8413 = CARTESIAN_POINT('',(-3.035163194811,-26.06483680518,13.3));
#8414 = PCURVE('',#6385,#8415);
#8415 = DEFINITIONAL_REPRESENTATION('',(#8416),#8420);
#8416 = LINE('',#8417,#8418);
#8417 = CARTESIAN_POINT('',(3.05,0.));
#8418 = VECTOR('',#8419,1.);
#8419 = DIRECTION('',(0.,1.));
#8420 = ( GEOMETRIC_REPRESENTATION_CONTEXT(2) 
PARAMETRIC_REPRESENTATION_CONTEXT() REPRESENTATION_CONTEXT('2D SPACE',''
  ) );
#8421 = PCURVE('',#6362,#8422);
#8422 = DEFINITIONAL_REPRESENTATION('',(#8423),#8427);
#8423 = LINE('',#8424,#8425);
#8424 = CARTESIAN_POINT('',(-15.05,0.));
#8425 = VECTOR('',#8426,1.);
#8426 = DIRECTION('',(0.,1.));
#8427 = ( GEOMETRIC_REPRESENTATION_CONTEXT(2) 
PARAMETRIC_REPRESENTATION_CONTEXT() REPRESENTATION_CONTEXT('2D SPACE',''
  ) );
#8428 = ORIENTED_EDGE('',*,*,#8429,.T.);
#8429 = EDGE_CURVE('',#8408,#8127,#8430,.T.);
#8430 = SURFACE_CURVE('',#8431,(#8435,#8441),.PCURVE_S1.);
#8431 = LINE('',#8432,#8433);
#8432 = CARTESIAN_POINT('',(0.,-26.06483680518,13.3));
#8433 = VECTOR('',#8434,1.);
#8434 = DIRECTION('',(1.,0.,0.));
#8435 = PCURVE('',#6385,#8436);
#8436 = DEFINITIONAL_REPRESENTATION('',(#8437),#8440);
#8437 = B_SPLINE_CURVE_WITH_KNOTS('',1,(#8438,#8439),.UNSPECIFIED.,.F.,
  .F.,(2,2),(-3.035163194811,3.035163194811),.PIECEWISE_BEZIER_KNOTS.);
#8438 = CARTESIAN_POINT('',(3.05,1.));
#8439 = CARTESIAN_POINT('',(-3.05,1.));
#8440 = ( GEOMETRIC_REPRESENTATION_CONTEXT(2) 
PARAMETRIC_REPRESENTATION_CONTEXT() REPRESENTATION_CONTEXT('2D SPACE',''
  ) );
#8441 = PCURVE('',#8163,#8442);
#8442 = DEFINITIONAL_REPRESENTATION('',(#8443),#8447);
#8443 = LINE('',#8444,#8445);
#8444 = CARTESIAN_POINT('',(30.076323654663,2.975147091739));
#8445 = VECTOR('',#8446,1.);
#8446 = DIRECTION('',(0.197879268299,-0.98022639996));
#8447 = ( GEOMETRIC_REPRESENTATION_CONTEXT(2) 
PARAMETRIC_REPRESENTATION_CONTEXT() REPRESENTATION_CONTEXT('2D SPACE',''
  ) );
#8448 = ORIENTED_EDGE('',*,*,#8126,.F.);
#8449 = ADVANCED_FACE('',(#8450),#6242,.F.);
#8450 = FACE_BOUND('',#8451,.F.);
#8451 = EDGE_LOOP('',(#8452,#8453,#8475,#8502,#8522,#8523,#8524,#8544));
#8452 = ORIENTED_EDGE('',*,*,#6328,.F.);
#8453 = ORIENTED_EDGE('',*,*,#8454,.T.);
#8454 = EDGE_CURVE('',#6304,#8455,#8457,.T.);
#8455 = VERTEX_POINT('',#8456);
#8456 = CARTESIAN_POINT('',(-3.47,-54.18,13.75));
#8457 = SURFACE_CURVE('',#8458,(#8461,#8468),.PCURVE_S1.);
#8458 = B_SPLINE_CURVE_WITH_KNOTS('',1,(#8459,#8460),.UNSPECIFIED.,.F.,
  .F.,(2,2),(0.,1.),.PIECEWISE_BEZIER_KNOTS.);
#8459 = CARTESIAN_POINT('',(-3.5,-54.15,12.45));
#8460 = CARTESIAN_POINT('',(-3.47,-54.18,13.75));
#8461 = PCURVE('',#6242,#8462);
#8462 = DEFINITIONAL_REPRESENTATION('',(#8463),#8467);
#8463 = LINE('',#8464,#8465);
#8464 = CARTESIAN_POINT('',(3.5,0.));
#8465 = VECTOR('',#8466,1.);
#8466 = DIRECTION('',(0.,1.));
#8467 = ( GEOMETRIC_REPRESENTATION_CONTEXT(2) 
PARAMETRIC_REPRESENTATION_CONTEXT() REPRESENTATION_CONTEXT('2D SPACE',''
  ) );
#8468 = PCURVE('',#6317,#8469);
#8469 = DEFINITIONAL_REPRESENTATION('',(#8470),#8474);
#8470 = LINE('',#8471,#8472);
#8471 = CARTESIAN_POINT('',(-2.8,0.));
#8472 = VECTOR('',#8473,1.);
#8473 = DIRECTION('',(0.,1.));
#8474 = ( GEOMETRIC_REPRESENTATION_CONTEXT(2) 
PARAMETRIC_REPRESENTATION_CONTEXT() REPRESENTATION_CONTEXT('2D SPACE',''
  ) );
#8475 = ORIENTED_EDGE('',*,*,#8476,.T.);
#8476 = EDGE_CURVE('',#8455,#8477,#8479,.T.);
#8477 = VERTEX_POINT('',#8478);
#8478 = CARTESIAN_POINT('',(3.47,-54.18,13.75));
#8479 = SURFACE_CURVE('',#8480,(#8484,#8490),.PCURVE_S1.);
#8480 = LINE('',#8481,#8482);
#8481 = CARTESIAN_POINT('',(0.,-54.18,13.75));
#8482 = VECTOR('',#8483,1.);
#8483 = DIRECTION('',(1.,0.,0.));
#8484 = PCURVE('',#6242,#8485);
#8485 = DEFINITIONAL_REPRESENTATION('',(#8486),#8489);
#8486 = B_SPLINE_CURVE_WITH_KNOTS('',1,(#8487,#8488),.UNSPECIFIED.,.F.,
  .F.,(2,2),(-3.47,3.47),.PIECEWISE_BEZIER_KNOTS.);
#8487 = CARTESIAN_POINT('',(3.5,1.));
#8488 = CARTESIAN_POINT('',(-3.5,1.));
#8489 = ( GEOMETRIC_REPRESENTATION_CONTEXT(2) 
PARAMETRIC_REPRESENTATION_CONTEXT() REPRESENTATION_CONTEXT('2D SPACE',''
  ) );
#8490 = PCURVE('',#8491,#8496);
#8491 = PLANE('',#8492);
#8492 = AXIS2_PLACEMENT_3D('',#8493,#8494,#8495);
#8493 = CARTESIAN_POINT('',(-3.47,-59.72,13.75));
#8494 = DIRECTION('',(0.,0.,1.));
#8495 = DIRECTION('',(0.781527567133,0.62387070921,-0.));
#8496 = DEFINITIONAL_REPRESENTATION('',(#8497),#8501);
#8497 = LINE('',#8498,#8499);
#8498 = CARTESIAN_POINT('',(6.168144386978,2.16483136096));
#8499 = VECTOR('',#8500,1.);
#8500 = DIRECTION('',(0.781527567133,-0.62387070921));
#8501 = ( GEOMETRIC_REPRESENTATION_CONTEXT(2) 
PARAMETRIC_REPRESENTATION_CONTEXT() REPRESENTATION_CONTEXT('2D SPACE',''
  ) );
#8502 = ORIENTED_EDGE('',*,*,#8503,.F.);
#8503 = EDGE_CURVE('',#6229,#8477,#8504,.T.);
#8504 = SURFACE_CURVE('',#8505,(#8508,#8515),.PCURVE_S1.);
#8505 = B_SPLINE_CURVE_WITH_KNOTS('',1,(#8506,#8507),.UNSPECIFIED.,.F.,
  .F.,(2,2),(0.,1.),.PIECEWISE_BEZIER_KNOTS.);
#8506 = CARTESIAN_POINT('',(3.5,-54.15,12.45));
#8507 = CARTESIAN_POINT('',(3.47,-54.18,13.75));
#8508 = PCURVE('',#6242,#8509);
#8509 = DEFINITIONAL_REPRESENTATION('',(#8510),#8514);
#8510 = LINE('',#8511,#8512);
#8511 = CARTESIAN_POINT('',(-3.5,0.));
#8512 = VECTOR('',#8513,1.);
#8513 = DIRECTION('',(0.,1.));
#8514 = ( GEOMETRIC_REPRESENTATION_CONTEXT(2) 
PARAMETRIC_REPRESENTATION_CONTEXT() REPRESENTATION_CONTEXT('2D SPACE',''
  ) );
#8515 = PCURVE('',#6267,#8516);
#8516 = DEFINITIONAL_REPRESENTATION('',(#8517),#8521);
#8517 = LINE('',#8518,#8519);
#8518 = CARTESIAN_POINT('',(2.8,0.));
#8519 = VECTOR('',#8520,1.);
#8520 = DIRECTION('',(0.,1.));
#8521 = ( GEOMETRIC_REPRESENTATION_CONTEXT(2) 
PARAMETRIC_REPRESENTATION_CONTEXT() REPRESENTATION_CONTEXT('2D SPACE',''
  ) );
#8522 = ORIENTED_EDGE('',*,*,#6228,.F.);
#8523 = ORIENTED_EDGE('',*,*,#8096,.F.);
#8524 = ORIENTED_EDGE('',*,*,#8525,.F.);
#8525 = EDGE_CURVE('',#8526,#8097,#8528,.T.);
#8526 = VERTEX_POINT('',#8527);
#8527 = CARTESIAN_POINT('',(-3.035163194811,-54.16961538461,13.3));
#8528 = SURFACE_CURVE('',#8529,(#8532,#8538),.PCURVE_S1.);
#8529 = B_SPLINE_CURVE_WITH_KNOTS('',1,(#8530,#8531),.UNSPECIFIED.,.F.,
  .F.,(2,2),(0.,1.),.PIECEWISE_BEZIER_KNOTS.);
#8530 = CARTESIAN_POINT('',(-3.480384615385,-54.16961538461,13.3));
#8531 = CARTESIAN_POINT('',(3.431950266148,-54.16961538461,13.3));
#8532 = PCURVE('',#6242,#8533);
#8533 = DEFINITIONAL_REPRESENTATION('',(#8534),#8537);
#8534 = B_SPLINE_CURVE_WITH_KNOTS('',1,(#8535,#8536),.UNSPECIFIED.,.F.,
  .F.,(2,2),(0.,1.),.PIECEWISE_BEZIER_KNOTS.);
#8535 = CARTESIAN_POINT('',(3.5,0.653846153846));
#8536 = CARTESIAN_POINT('',(-3.451292675649,0.653846153846));
#8537 = ( GEOMETRIC_REPRESENTATION_CONTEXT(2) 
PARAMETRIC_REPRESENTATION_CONTEXT() REPRESENTATION_CONTEXT('2D SPACE',''
  ) );
#8538 = PCURVE('',#8163,#8539);
#8539 = DEFINITIONAL_REPRESENTATION('',(#8540),#8543);
#8540 = B_SPLINE_CURVE_WITH_KNOTS('',1,(#8541,#8542),.UNSPECIFIED.,.F.,
  .F.,(2,2),(0.,1.),.PIECEWISE_BEZIER_KNOTS.);
#8541 = CARTESIAN_POINT('',(1.838581765002,0.825358952761));
#8542 = CARTESIAN_POINT('',(3.206389533595,-5.950294183479));
#8543 = ( GEOMETRIC_REPRESENTATION_CONTEXT(2) 
PARAMETRIC_REPRESENTATION_CONTEXT() REPRESENTATION_CONTEXT('2D SPACE',''
  ) );
#8544 = ORIENTED_EDGE('',*,*,#8545,.F.);
#8545 = EDGE_CURVE('',#6329,#8526,#8546,.T.);
#8546 = SURFACE_CURVE('',#8547,(#8553,#8562),.PCURVE_S1.);
#8547 = B_SPLINE_CURVE_WITH_KNOTS('',4,(#8548,#8549,#8550,#8551,#8552),
  .UNSPECIFIED.,.F.,.F.,(5,5),(0.,1.),.PIECEWISE_BEZIER_KNOTS.);
#8548 = CARTESIAN_POINT('',(-3.048254502409,-54.15230768053,12.54999949)
  );
#8549 = CARTESIAN_POINT('',(-3.044903372019,-54.15673812972,
    12.741985621461));
#8550 = CARTESIAN_POINT('',(-3.041764773452,-54.16088759568,
    12.921795812978));
#8551 = CARTESIAN_POINT('',(-3.038160580944,-54.16565261223,
    13.12827986347));
#8552 = CARTESIAN_POINT('',(-3.035163194811,-54.16961538461,13.3));
#8553 = PCURVE('',#6242,#8554);
#8554 = DEFINITIONAL_REPRESENTATION('',(#8555),#8561);
#8555 = B_SPLINE_CURVE_WITH_KNOTS('',4,(#8556,#8557,#8558,#8559,#8560),
  .UNSPECIFIED.,.F.,.F.,(5,5),(0.,1.),.PIECEWISE_BEZIER_KNOTS.);
#8556 = CARTESIAN_POINT('',(3.050265656321,7.692268461542E-02));
#8557 = CARTESIAN_POINT('',(3.05077607589,0.224604324203));
#8558 = CARTESIAN_POINT('',(3.051255514549,0.362919856132));
#8559 = CARTESIAN_POINT('',(3.051808223951,0.521753741137));
#8560 = CARTESIAN_POINT('',(3.052269319569,0.653846153842));
#8561 = ( GEOMETRIC_REPRESENTATION_CONTEXT(2) 
PARAMETRIC_REPRESENTATION_CONTEXT() REPRESENTATION_CONTEXT('2D SPACE',''
  ) );
#8562 = PCURVE('',#6362,#8563);
#8563 = DEFINITIONAL_REPRESENTATION('',(#8564),#8570);
#8564 = B_SPLINE_CURVE_WITH_KNOTS('',4,(#8565,#8566,#8567,#8568,#8569),
  .UNSPECIFIED.,.F.,.F.,(5,5),(0.,1.),.PIECEWISE_BEZIER_KNOTS.);
#8565 = CARTESIAN_POINT('',(13.053821661552,0.117646458824));
#8566 = CARTESIAN_POINT('',(13.061159753787,0.343512495837));
#8567 = CARTESIAN_POINT('',(13.068035976528,0.555053897621));
#8568 = CARTESIAN_POINT('',(13.07593764307,0.797976309964));
#8569 = CARTESIAN_POINT('',(13.082512573348,1.));
#8570 = ( GEOMETRIC_REPRESENTATION_CONTEXT(2) 
PARAMETRIC_REPRESENTATION_CONTEXT() REPRESENTATION_CONTEXT('2D SPACE',''
  ) );
#8571 = ADVANCED_FACE('',(#8572),#6362,.F.);
#8572 = FACE_BOUND('',#8573,.F.);
#8573 = EDGE_LOOP('',(#8574,#8575,#8576,#8598,#8632,#8657,#8691,#8713,
    #8747,#8772,#8806,#8826));
#8574 = ORIENTED_EDGE('',*,*,#6348,.F.);
#8575 = ORIENTED_EDGE('',*,*,#8545,.T.);
#8576 = ORIENTED_EDGE('',*,*,#8577,.T.);
#8577 = EDGE_CURVE('',#8526,#8578,#8580,.T.);
#8578 = VERTEX_POINT('',#8579);
#8579 = CARTESIAN_POINT('',(-3.035163194811,-50.55393442623,13.3));
#8580 = SURFACE_CURVE('',#8581,(#8585,#8591),.PCURVE_S1.);
#8581 = LINE('',#8582,#8583);
#8582 = CARTESIAN_POINT('',(-3.035163194811,-41.1,13.3));
#8583 = VECTOR('',#8584,1.);
#8584 = DIRECTION('',(0.,1.,0.));
#8585 = PCURVE('',#6362,#8586);
#8586 = DEFINITIONAL_REPRESENTATION('',(#8587),#8590);
#8587 = B_SPLINE_CURVE_WITH_KNOTS('',1,(#8588,#8589),.UNSPECIFIED.,.F.,
  .F.,(2,2),(-15.03516319481,15.035163194811),.PIECEWISE_BEZIER_KNOTS.);
#8588 = CARTESIAN_POINT('',(15.05,1.));
#8589 = CARTESIAN_POINT('',(-15.05,1.));
#8590 = ( GEOMETRIC_REPRESENTATION_CONTEXT(2) 
PARAMETRIC_REPRESENTATION_CONTEXT() REPRESENTATION_CONTEXT('2D SPACE',''
  ) );
#8591 = PCURVE('',#8163,#8592);
#8592 = DEFINITIONAL_REPRESENTATION('',(#8593),#8597);
#8593 = LINE('',#8594,#8595);
#8594 = CARTESIAN_POINT('',(14.737863891254,2.975147091739));
#8595 = VECTOR('',#8596,1.);
#8596 = DIRECTION('',(0.98022639996,0.197879268299));
#8597 = ( GEOMETRIC_REPRESENTATION_CONTEXT(2) 
PARAMETRIC_REPRESENTATION_CONTEXT() REPRESENTATION_CONTEXT('2D SPACE',''
  ) );
#8598 = ORIENTED_EDGE('',*,*,#8599,.T.);
#8599 = EDGE_CURVE('',#8578,#8600,#8602,.T.);
#8600 = VERTEX_POINT('',#8601);
#8601 = CARTESIAN_POINT('',(-3.045636233768,-50.55,12.7));
#8602 = SURFACE_CURVE('',#8603,(#8609,#8618),.PCURVE_S1.);
#8603 = B_SPLINE_CURVE_WITH_KNOTS('',4,(#8604,#8605,#8606,#8607,#8608),
  .UNSPECIFIED.,.F.,.F.,(5,5),(0.,1.),.PIECEWISE_BEZIER_KNOTS.);
#8604 = CARTESIAN_POINT('',(-3.035163194811,-50.55393442623,13.3));
#8605 = CARTESIAN_POINT('',(-3.037781466581,-50.55295081515,
    13.149999310781));
#8606 = CARTESIAN_POINT('',(-3.040399730993,-50.55196720684,
    12.999999043059));
#8607 = CARTESIAN_POINT('',(-3.043017987137,-50.55098360163,
    12.849999249004));
#8608 = CARTESIAN_POINT('',(-3.045636233768,-50.55,12.7));
#8609 = PCURVE('',#6362,#8610);
#8610 = DEFINITIONAL_REPRESENTATION('',(#8611),#8617);
#8611 = B_SPLINE_CURVE_WITH_KNOTS('',4,(#8612,#8613,#8614,#8615,#8616),
  .UNSPECIFIED.,.F.,.F.,(5,5),(0.,1.),.PIECEWISE_BEZIER_KNOTS.);
#8612 = CARTESIAN_POINT('',(9.463263635466,1.));
#8613 = CARTESIAN_POINT('',(9.46063109053,0.823528600919));
#8614 = CARTESIAN_POINT('',(9.457999775498,0.647057697716));
#8615 = CARTESIAN_POINT('',(9.455369689992,0.47058735177));
#8616 = CARTESIAN_POINT('',(9.45274083397,0.294117647059));
#8617 = ( GEOMETRIC_REPRESENTATION_CONTEXT(2) 
PARAMETRIC_REPRESENTATION_CONTEXT() REPRESENTATION_CONTEXT('2D SPACE',''
  ) );
#8618 = PCURVE('',#8619,#8624);
#8619 = B_SPLINE_SURFACE_WITH_KNOTS('',1,1,(
    (#8620,#8621)
    ,(#8622,#8623
    )),.UNSPECIFIED.,.F.,.F.,.F.,(2,2),(2,2),(-7.9E-02,7.9E-02),(0.,1.),
  .PIECEWISE_BEZIER_KNOTS.);
#8620 = CARTESIAN_POINT('',(-3.07,-50.55,12.7));
#8621 = CARTESIAN_POINT('',(-3.074,-50.554,13.31));
#8622 = CARTESIAN_POINT('',(-2.92,-50.55,12.7));
#8623 = CARTESIAN_POINT('',(-2.916,-50.554,13.31));
#8624 = DEFINITIONAL_REPRESENTATION('',(#8625),#8631);
#8625 = B_SPLINE_CURVE_WITH_KNOTS('',4,(#8626,#8627,#8628,#8629,#8630),
  .UNSPECIFIED.,.F.,.F.,(5,5),(0.,1.),.PIECEWISE_BEZIER_KNOTS.);
#8626 = CARTESIAN_POINT('',(-4.019655987469E-02,0.983606557339));
#8627 = CARTESIAN_POINT('',(-4.331789889883E-02,0.737703788236));
#8628 = CARTESIAN_POINT('',(-4.654296118806E-02,0.491801709871));
#8629 = CARTESIAN_POINT('',(-4.987945238878E-02,0.245900408226));
#8630 = CARTESIAN_POINT('',(-5.333683290224E-02,0.));
#8631 = ( GEOMETRIC_REPRESENTATION_CONTEXT(2) 
PARAMETRIC_REPRESENTATION_CONTEXT() REPRESENTATION_CONTEXT('2D SPACE',''
  ) );
#8632 = ORIENTED_EDGE('',*,*,#8633,.T.);
#8633 = EDGE_CURVE('',#8600,#8634,#8636,.T.);
#8634 = VERTEX_POINT('',#8635);
#8635 = CARTESIAN_POINT('',(-3.045636233768,-49.75,12.7));
#8636 = SURFACE_CURVE('',#8637,(#8640,#8646),.PCURVE_S1.);
#8637 = B_SPLINE_CURVE_WITH_KNOTS('',1,(#8638,#8639),.UNSPECIFIED.,.F.,
  .F.,(2,2),(0.,1.),.PIECEWISE_BEZIER_KNOTS.);
#8638 = CARTESIAN_POINT('',(-3.045636233768,-50.55456820616,12.7));
#8639 = CARTESIAN_POINT('',(-3.045636233768,-49.72644320616,12.7));
#8640 = PCURVE('',#6362,#8641);
#8641 = DEFINITIONAL_REPRESENTATION('',(#8642),#8645);
#8642 = B_SPLINE_CURVE_WITH_KNOTS('',1,(#8643,#8644),.UNSPECIFIED.,.F.,
  .F.,(2,2),(0.,1.),.PIECEWISE_BEZIER_KNOTS.);
#8643 = CARTESIAN_POINT('',(9.45731036508,0.294117647059));
#8644 = CARTESIAN_POINT('',(8.628945179563,0.294117647059));
#8645 = ( GEOMETRIC_REPRESENTATION_CONTEXT(2) 
PARAMETRIC_REPRESENTATION_CONTEXT() REPRESENTATION_CONTEXT('2D SPACE',''
  ) );
#8646 = PCURVE('',#8647,#8652);
#8647 = PLANE('',#8648);
#8648 = AXIS2_PLACEMENT_3D('',#8649,#8650,#8651);
#8649 = CARTESIAN_POINT('',(-3.07,-50.55,12.7));
#8650 = DIRECTION('',(0.,0.,1.));
#8651 = DIRECTION('',(0.18428853505,0.982872186934,-0.));
#8652 = DEFINITIONAL_REPRESENTATION('',(#8653),#8656);
#8653 = B_SPLINE_CURVE_WITH_KNOTS('',1,(#8654,#8655),.UNSPECIFIED.,.F.,
  .F.,(2,2),(0.,1.),.PIECEWISE_BEZIER_KNOTS.);
#8654 = CARTESIAN_POINT('',(-2.434008630655E-17,-2.478833622106E-02));
#8655 = CARTESIAN_POINT('',(0.813941029805,0.127825606867));
#8656 = ( GEOMETRIC_REPRESENTATION_CONTEXT(2) 
PARAMETRIC_REPRESENTATION_CONTEXT() REPRESENTATION_CONTEXT('2D SPACE',''
  ) );
#8657 = ORIENTED_EDGE('',*,*,#8658,.T.);
#8658 = EDGE_CURVE('',#8634,#8659,#8661,.T.);
#8659 = VERTEX_POINT('',#8660);
#8660 = CARTESIAN_POINT('',(-3.035163194811,-49.74606557377,13.3));
#8661 = SURFACE_CURVE('',#8662,(#8668,#8677),.PCURVE_S1.);
#8662 = B_SPLINE_CURVE_WITH_KNOTS('',4,(#8663,#8664,#8665,#8666,#8667),
  .UNSPECIFIED.,.F.,.F.,(5,5),(0.,1.),.PIECEWISE_BEZIER_KNOTS.);
#8663 = CARTESIAN_POINT('',(-3.045636233768,-49.75,12.7));
#8664 = CARTESIAN_POINT('',(-3.043017987244,-49.7490163984,
    12.849999242883));
#8665 = CARTESIAN_POINT('',(-3.040399731136,-49.74803279321,
    12.999999034887));
#8666 = CARTESIAN_POINT('',(-3.037781466687,-49.74704918488,
    13.149999304662));
#8667 = CARTESIAN_POINT('',(-3.035163194811,-49.74606557377,13.3));
#8668 = PCURVE('',#6362,#8669);
#8669 = DEFINITIONAL_REPRESENTATION('',(#8670),#8676);
#8670 = B_SPLINE_CURVE_WITH_KNOTS('',4,(#8671,#8672,#8673,#8674,#8675),
  .UNSPECIFIED.,.F.,.F.,(5,5),(0.,1.),.PIECEWISE_BEZIER_KNOTS.);
#8671 = CARTESIAN_POINT('',(8.652508805698,0.294117647059));
#8672 = CARTESIAN_POINT('',(8.65303063123,0.470587344569));
#8673 = CARTESIAN_POINT('',(8.653552700827,0.647057688102));
#8674 = CARTESIAN_POINT('',(8.654075014499,0.82352859372));
#8675 = CARTESIAN_POINT('',(8.65459757232,1.));
#8676 = ( GEOMETRIC_REPRESENTATION_CONTEXT(2) 
PARAMETRIC_REPRESENTATION_CONTEXT() REPRESENTATION_CONTEXT('2D SPACE',''
  ) );
#8677 = PCURVE('',#8678,#8683);
#8678 = B_SPLINE_SURFACE_WITH_KNOTS('',1,1,(
    (#8679,#8680)
    ,(#8681,#8682
    )),.UNSPECIFIED.,.F.,.F.,.F.,(2,2),(2,2),(-7.9E-02,7.9E-02),(0.,1.),
  .PIECEWISE_BEZIER_KNOTS.);
#8679 = CARTESIAN_POINT('',(-2.92,-49.75,12.7));
#8680 = CARTESIAN_POINT('',(-2.916,-49.746,13.31));
#8681 = CARTESIAN_POINT('',(-3.07,-49.75,12.7));
#8682 = CARTESIAN_POINT('',(-3.074,-49.746,13.31));
#8683 = DEFINITIONAL_REPRESENTATION('',(#8684),#8690);
#8684 = B_SPLINE_CURVE_WITH_KNOTS('',4,(#8685,#8686,#8687,#8688,#8689),
  .UNSPECIFIED.,.F.,.F.,(5,5),(0.,1.),.PIECEWISE_BEZIER_KNOTS.);
#8685 = CARTESIAN_POINT('',(5.333683290224E-02,0.));
#8686 = CARTESIAN_POINT('',(4.987945253116E-02,0.245900398186));
#8687 = CARTESIAN_POINT('',(4.654296136358E-02,0.49180169649));
#8688 = CARTESIAN_POINT('',(4.331789902823E-02,0.737703778187));
#8689 = CARTESIAN_POINT('',(4.019655987456E-02,0.983606557349));
#8690 = ( GEOMETRIC_REPRESENTATION_CONTEXT(2) 
PARAMETRIC_REPRESENTATION_CONTEXT() REPRESENTATION_CONTEXT('2D SPACE',''
  ) );
#8691 = ORIENTED_EDGE('',*,*,#8692,.T.);
#8692 = EDGE_CURVE('',#8659,#8693,#8695,.T.);
#8693 = VERTEX_POINT('',#8694);
#8694 = CARTESIAN_POINT('',(-3.035163194811,-32.45393442623,13.3));
#8695 = SURFACE_CURVE('',#8696,(#8700,#8706),.PCURVE_S1.);
#8696 = LINE('',#8697,#8698);
#8697 = CARTESIAN_POINT('',(-3.035163194811,-41.1,13.3));
#8698 = VECTOR('',#8699,1.);
#8699 = DIRECTION('',(0.,1.,0.));
#8700 = PCURVE('',#6362,#8701);
#8701 = DEFINITIONAL_REPRESENTATION('',(#8702),#8705);
#8702 = B_SPLINE_CURVE_WITH_KNOTS('',1,(#8703,#8704),.UNSPECIFIED.,.F.,
  .F.,(2,2),(-15.03516319481,15.035163194811),.PIECEWISE_BEZIER_KNOTS.);
#8703 = CARTESIAN_POINT('',(15.05,1.));
#8704 = CARTESIAN_POINT('',(-15.05,1.));
#8705 = ( GEOMETRIC_REPRESENTATION_CONTEXT(2) 
PARAMETRIC_REPRESENTATION_CONTEXT() REPRESENTATION_CONTEXT('2D SPACE',''
  ) );
#8706 = PCURVE('',#8163,#8707);
#8707 = DEFINITIONAL_REPRESENTATION('',(#8708),#8712);
#8708 = LINE('',#8709,#8710);
#8709 = CARTESIAN_POINT('',(14.737863891254,2.975147091739));
#8710 = VECTOR('',#8711,1.);
#8711 = DIRECTION('',(0.98022639996,0.197879268299));
#8712 = ( GEOMETRIC_REPRESENTATION_CONTEXT(2) 
PARAMETRIC_REPRESENTATION_CONTEXT() REPRESENTATION_CONTEXT('2D SPACE',''
  ) );
#8713 = ORIENTED_EDGE('',*,*,#8714,.T.);
#8714 = EDGE_CURVE('',#8693,#8715,#8717,.T.);
#8715 = VERTEX_POINT('',#8716);
#8716 = CARTESIAN_POINT('',(-3.045636233768,-32.45,12.7));
#8717 = SURFACE_CURVE('',#8718,(#8724,#8733),.PCURVE_S1.);
#8718 = B_SPLINE_CURVE_WITH_KNOTS('',4,(#8719,#8720,#8721,#8722,#8723),
  .UNSPECIFIED.,.F.,.F.,(5,5),(0.,1.),.PIECEWISE_BEZIER_KNOTS.);
#8719 = CARTESIAN_POINT('',(-3.035163194811,-32.45393442623,13.3));
#8720 = CARTESIAN_POINT('',(-3.037781466688,-32.45295081511,
    13.149999304653));
#8721 = CARTESIAN_POINT('',(-3.040399731136,-32.45196720678,
    12.999999034891));
#8722 = CARTESIAN_POINT('',(-3.043017987244,-32.45098360159,
    12.84999924288));
#8723 = CARTESIAN_POINT('',(-3.045636233768,-32.45,12.7));
#8724 = PCURVE('',#6362,#8725);
#8725 = DEFINITIONAL_REPRESENTATION('',(#8726),#8732);
#8726 = B_SPLINE_CURVE_WITH_KNOTS('',4,(#8727,#8728,#8729,#8730,#8731),
  .UNSPECIFIED.,.F.,.F.,(5,5),(0.,1.),.PIECEWISE_BEZIER_KNOTS.);
#8727 = CARTESIAN_POINT('',(-8.65459757232,1.));
#8728 = CARTESIAN_POINT('',(-8.654075014499,0.82352859371));
#8729 = CARTESIAN_POINT('',(-8.653552700827,0.647057688107));
#8730 = CARTESIAN_POINT('',(-8.65303063123,0.470587344565));
#8731 = CARTESIAN_POINT('',(-8.652508805698,0.294117647059));
#8732 = ( GEOMETRIC_REPRESENTATION_CONTEXT(2) 
PARAMETRIC_REPRESENTATION_CONTEXT() REPRESENTATION_CONTEXT('2D SPACE',''
  ) );
#8733 = PCURVE('',#8734,#8739);
#8734 = B_SPLINE_SURFACE_WITH_KNOTS('',1,1,(
    (#8735,#8736)
    ,(#8737,#8738
    )),.UNSPECIFIED.,.F.,.F.,.F.,(2,2),(2,2),(-7.9E-02,7.9E-02),(0.,1.),
  .PIECEWISE_BEZIER_KNOTS.);
#8735 = CARTESIAN_POINT('',(-3.07,-32.45,12.7));
#8736 = CARTESIAN_POINT('',(-3.074,-32.454,13.31));
#8737 = CARTESIAN_POINT('',(-2.92,-32.45,12.7));
#8738 = CARTESIAN_POINT('',(-2.916,-32.454,13.31));
#8739 = DEFINITIONAL_REPRESENTATION('',(#8740),#8746);
#8740 = B_SPLINE_CURVE_WITH_KNOTS('',4,(#8741,#8742,#8743,#8744,#8745),
  .UNSPECIFIED.,.F.,.F.,(5,5),(0.,1.),.PIECEWISE_BEZIER_KNOTS.);
#8741 = CARTESIAN_POINT('',(-4.019655987469E-02,0.983606557339));
#8742 = CARTESIAN_POINT('',(-4.331789902635E-02,0.73770377819));
#8743 = CARTESIAN_POINT('',(-4.654296136647E-02,0.491801696481));
#8744 = CARTESIAN_POINT('',(-4.987945252994E-02,0.245900398187));
#8745 = CARTESIAN_POINT('',(-5.333683290224E-02,0.));
#8746 = ( GEOMETRIC_REPRESENTATION_CONTEXT(2) 
PARAMETRIC_REPRESENTATION_CONTEXT() REPRESENTATION_CONTEXT('2D SPACE',''
  ) );
#8747 = ORIENTED_EDGE('',*,*,#8748,.T.);
#8748 = EDGE_CURVE('',#8715,#8749,#8751,.T.);
#8749 = VERTEX_POINT('',#8750);
#8750 = CARTESIAN_POINT('',(-3.045636233768,-31.65,12.7));
#8751 = SURFACE_CURVE('',#8752,(#8755,#8761),.PCURVE_S1.);
#8752 = B_SPLINE_CURVE_WITH_KNOTS('',1,(#8753,#8754),.UNSPECIFIED.,.F.,
  .F.,(2,2),(0.,1.),.PIECEWISE_BEZIER_KNOTS.);
#8753 = CARTESIAN_POINT('',(-3.045636233768,-32.45456820616,12.7));
#8754 = CARTESIAN_POINT('',(-3.045636233768,-31.62644320616,12.7));
#8755 = PCURVE('',#6362,#8756);
#8756 = DEFINITIONAL_REPRESENTATION('',(#8757),#8760);
#8757 = B_SPLINE_CURVE_WITH_KNOTS('',1,(#8758,#8759),.UNSPECIFIED.,.F.,
  .F.,(2,2),(0.,1.),.PIECEWISE_BEZIER_KNOTS.);
#8758 = CARTESIAN_POINT('',(-8.647939274588,0.294117647059));
#8759 = CARTESIAN_POINT('',(-9.476304460104,0.294117647059));
#8760 = ( GEOMETRIC_REPRESENTATION_CONTEXT(2) 
PARAMETRIC_REPRESENTATION_CONTEXT() REPRESENTATION_CONTEXT('2D SPACE',''
  ) );
#8761 = PCURVE('',#8762,#8767);
#8762 = PLANE('',#8763);
#8763 = AXIS2_PLACEMENT_3D('',#8764,#8765,#8766);
#8764 = CARTESIAN_POINT('',(-3.07,-32.45,12.7));
#8765 = DIRECTION('',(0.,0.,1.));
#8766 = DIRECTION('',(0.18428853505,0.982872186934,-0.));
#8767 = DEFINITIONAL_REPRESENTATION('',(#8768),#8771);
#8768 = B_SPLINE_CURVE_WITH_KNOTS('',1,(#8769,#8770),.UNSPECIFIED.,.F.,
  .F.,(2,2),(0.,1.),.PIECEWISE_BEZIER_KNOTS.);
#8769 = CARTESIAN_POINT('',(-2.434008630655E-17,-2.478833622106E-02));
#8770 = CARTESIAN_POINT('',(0.813941029805,0.127825606867));
#8771 = ( GEOMETRIC_REPRESENTATION_CONTEXT(2) 
PARAMETRIC_REPRESENTATION_CONTEXT() REPRESENTATION_CONTEXT('2D SPACE',''
  ) );
#8772 = ORIENTED_EDGE('',*,*,#8773,.T.);
#8773 = EDGE_CURVE('',#8749,#8774,#8776,.T.);
#8774 = VERTEX_POINT('',#8775);
#8775 = CARTESIAN_POINT('',(-3.035163194811,-31.64606557377,13.3));
#8776 = SURFACE_CURVE('',#8777,(#8783,#8792),.PCURVE_S1.);
#8777 = B_SPLINE_CURVE_WITH_KNOTS('',4,(#8778,#8779,#8780,#8781,#8782),
  .UNSPECIFIED.,.F.,.F.,(5,5),(0.,1.),.PIECEWISE_BEZIER_KNOTS.);
#8778 = CARTESIAN_POINT('',(-3.045636233768,-31.65,12.7));
#8779 = CARTESIAN_POINT('',(-3.043017987137,-31.64901639836,
    12.849999249008));
#8780 = CARTESIAN_POINT('',(-3.040399730993,-31.64803279316,
    12.999999043055));
#8781 = CARTESIAN_POINT('',(-3.03778146658,-31.64704918484,
    13.14999931079));
#8782 = CARTESIAN_POINT('',(-3.035163194811,-31.64606557377,13.3));
#8783 = PCURVE('',#6362,#8784);
#8784 = DEFINITIONAL_REPRESENTATION('',(#8785),#8791);
#8785 = B_SPLINE_CURVE_WITH_KNOTS('',4,(#8786,#8787,#8788,#8789,#8790),
  .UNSPECIFIED.,.F.,.F.,(5,5),(0.,1.),.PIECEWISE_BEZIER_KNOTS.);
#8786 = CARTESIAN_POINT('',(-9.45274083397,0.294117647059));
#8787 = CARTESIAN_POINT('',(-9.455369689992,0.470587351774));
#8788 = CARTESIAN_POINT('',(-9.457999775498,0.647057697712));
#8789 = CARTESIAN_POINT('',(-9.46063109053,0.82352860093));
#8790 = CARTESIAN_POINT('',(-9.463263635466,1.));
#8791 = ( GEOMETRIC_REPRESENTATION_CONTEXT(2) 
PARAMETRIC_REPRESENTATION_CONTEXT() REPRESENTATION_CONTEXT('2D SPACE',''
  ) );
#8792 = PCURVE('',#8793,#8798);
#8793 = B_SPLINE_SURFACE_WITH_KNOTS('',1,1,(
    (#8794,#8795)
    ,(#8796,#8797
    )),.UNSPECIFIED.,.F.,.F.,.F.,(2,2),(2,2),(-7.9E-02,7.9E-02),(0.,1.),
  .PIECEWISE_BEZIER_KNOTS.);
#8794 = CARTESIAN_POINT('',(-2.92,-31.65,12.7));
#8795 = CARTESIAN_POINT('',(-2.916,-31.646,13.31));
#8796 = CARTESIAN_POINT('',(-3.07,-31.65,12.7));
#8797 = CARTESIAN_POINT('',(-3.074,-31.646,13.31));
#8798 = DEFINITIONAL_REPRESENTATION('',(#8799),#8805);
#8799 = B_SPLINE_CURVE_WITH_KNOTS('',4,(#8800,#8801,#8802,#8803,#8804),
  .UNSPECIFIED.,.F.,.F.,(5,5),(0.,1.),.PIECEWISE_BEZIER_KNOTS.);
#8800 = CARTESIAN_POINT('',(5.333683290224E-02,0.));
#8801 = CARTESIAN_POINT('',(4.987945239001E-02,0.245900408226));
#8802 = CARTESIAN_POINT('',(4.654296118516E-02,0.49180170988));
#8803 = CARTESIAN_POINT('',(4.331789890072E-02,0.737703788233));
#8804 = CARTESIAN_POINT('',(4.019655987456E-02,0.983606557349));
#8805 = ( GEOMETRIC_REPRESENTATION_CONTEXT(2) 
PARAMETRIC_REPRESENTATION_CONTEXT() REPRESENTATION_CONTEXT('2D SPACE',''
  ) );
#8806 = ORIENTED_EDGE('',*,*,#8807,.T.);
#8807 = EDGE_CURVE('',#8774,#8408,#8808,.T.);
#8808 = SURFACE_CURVE('',#8809,(#8813,#8819),.PCURVE_S1.);
#8809 = LINE('',#8810,#8811);
#8810 = CARTESIAN_POINT('',(-3.035163194811,-41.1,13.3));
#8811 = VECTOR('',#8812,1.);
#8812 = DIRECTION('',(0.,1.,0.));
#8813 = PCURVE('',#6362,#8814);
#8814 = DEFINITIONAL_REPRESENTATION('',(#8815),#8818);
#8815 = B_SPLINE_CURVE_WITH_KNOTS('',1,(#8816,#8817),.UNSPECIFIED.,.F.,
  .F.,(2,2),(-15.03516319481,15.035163194811),.PIECEWISE_BEZIER_KNOTS.);
#8816 = CARTESIAN_POINT('',(15.05,1.));
#8817 = CARTESIAN_POINT('',(-15.05,1.));
#8818 = ( GEOMETRIC_REPRESENTATION_CONTEXT(2) 
PARAMETRIC_REPRESENTATION_CONTEXT() REPRESENTATION_CONTEXT('2D SPACE',''
  ) );
#8819 = PCURVE('',#8163,#8820);
#8820 = DEFINITIONAL_REPRESENTATION('',(#8821),#8825);
#8821 = LINE('',#8822,#8823);
#8822 = CARTESIAN_POINT('',(14.737863891254,2.975147091739));
#8823 = VECTOR('',#8824,1.);
#8824 = DIRECTION('',(0.98022639996,0.197879268299));
#8825 = ( GEOMETRIC_REPRESENTATION_CONTEXT(2) 
PARAMETRIC_REPRESENTATION_CONTEXT() REPRESENTATION_CONTEXT('2D SPACE',''
  ) );
#8826 = ORIENTED_EDGE('',*,*,#8407,.F.);
#8827 = ADVANCED_FACE('',(#8828),#6267,.F.);
#8828 = FACE_BOUND('',#8829,.F.);
#8829 = EDGE_LOOP('',(#8830,#8852,#8853,#8854));
#8830 = ORIENTED_EDGE('',*,*,#8831,.F.);
#8831 = EDGE_CURVE('',#6254,#8832,#8834,.T.);
#8832 = VERTEX_POINT('',#8833);
#8833 = CARTESIAN_POINT('',(3.47,-59.72,13.75));
#8834 = SURFACE_CURVE('',#8835,(#8838,#8845),.PCURVE_S1.);
#8835 = B_SPLINE_CURVE_WITH_KNOTS('',1,(#8836,#8837),.UNSPECIFIED.,.F.,
  .F.,(2,2),(0.,1.),.PIECEWISE_BEZIER_KNOTS.);
#8836 = CARTESIAN_POINT('',(3.5,-59.75,12.45));
#8837 = CARTESIAN_POINT('',(3.47,-59.72,13.75));
#8838 = PCURVE('',#6267,#8839);
#8839 = DEFINITIONAL_REPRESENTATION('',(#8840),#8844);
#8840 = LINE('',#8841,#8842);
#8841 = CARTESIAN_POINT('',(-2.8,0.));
#8842 = VECTOR('',#8843,1.);
#8843 = DIRECTION('',(0.,1.));
#8844 = ( GEOMETRIC_REPRESENTATION_CONTEXT(2) 
PARAMETRIC_REPRESENTATION_CONTEXT() REPRESENTATION_CONTEXT('2D SPACE',''
  ) );
#8845 = PCURVE('',#6292,#8846);
#8846 = DEFINITIONAL_REPRESENTATION('',(#8847),#8851);
#8847 = LINE('',#8848,#8849);
#8848 = CARTESIAN_POINT('',(3.5,0.));
#8849 = VECTOR('',#8850,1.);
#8850 = DIRECTION('',(0.,1.));
#8851 = ( GEOMETRIC_REPRESENTATION_CONTEXT(2) 
PARAMETRIC_REPRESENTATION_CONTEXT() REPRESENTATION_CONTEXT('2D SPACE',''
  ) );
#8852 = ORIENTED_EDGE('',*,*,#6253,.F.);
#8853 = ORIENTED_EDGE('',*,*,#8503,.T.);
#8854 = ORIENTED_EDGE('',*,*,#8855,.F.);
#8855 = EDGE_CURVE('',#8832,#8477,#8856,.T.);
#8856 = SURFACE_CURVE('',#8857,(#8861,#8867),.PCURVE_S1.);
#8857 = LINE('',#8858,#8859);
#8858 = CARTESIAN_POINT('',(3.47,-56.95,13.75));
#8859 = VECTOR('',#8860,1.);
#8860 = DIRECTION('',(0.,1.,0.));
#8861 = PCURVE('',#6267,#8862);
#8862 = DEFINITIONAL_REPRESENTATION('',(#8863),#8866);
#8863 = B_SPLINE_CURVE_WITH_KNOTS('',1,(#8864,#8865),.UNSPECIFIED.,.F.,
  .F.,(2,2),(-2.77,2.77),.PIECEWISE_BEZIER_KNOTS.);
#8864 = CARTESIAN_POINT('',(-2.8,1.));
#8865 = CARTESIAN_POINT('',(2.8,1.));
#8866 = ( GEOMETRIC_REPRESENTATION_CONTEXT(2) 
PARAMETRIC_REPRESENTATION_CONTEXT() REPRESENTATION_CONTEXT('2D SPACE',''
  ) );
#8867 = PCURVE('',#8491,#8868);
#8868 = DEFINITIONAL_REPRESENTATION('',(#8869),#8873);
#8869 = LINE('',#8870,#8871);
#8870 = CARTESIAN_POINT('',(7.151923180418,-2.16483136096));
#8871 = VECTOR('',#8872,1.);
#8872 = DIRECTION('',(0.62387070921,0.781527567133));
#8873 = ( GEOMETRIC_REPRESENTATION_CONTEXT(2) 
PARAMETRIC_REPRESENTATION_CONTEXT() REPRESENTATION_CONTEXT('2D SPACE',''
  ) );
#8874 = ADVANCED_FACE('',(#8875),#6292,.F.);
#8875 = FACE_BOUND('',#8876,.F.);
#8876 = EDGE_LOOP('',(#8877,#8899,#8900,#8901));
#8877 = ORIENTED_EDGE('',*,*,#8878,.F.);
#8878 = EDGE_CURVE('',#6279,#8879,#8881,.T.);
#8879 = VERTEX_POINT('',#8880);
#8880 = CARTESIAN_POINT('',(-3.47,-59.72,13.75));
#8881 = SURFACE_CURVE('',#8882,(#8885,#8892),.PCURVE_S1.);
#8882 = B_SPLINE_CURVE_WITH_KNOTS('',1,(#8883,#8884),.UNSPECIFIED.,.F.,
  .F.,(2,2),(0.,1.),.PIECEWISE_BEZIER_KNOTS.);
#8883 = CARTESIAN_POINT('',(-3.5,-59.75,12.45));
#8884 = CARTESIAN_POINT('',(-3.47,-59.72,13.75));
#8885 = PCURVE('',#6292,#8886);
#8886 = DEFINITIONAL_REPRESENTATION('',(#8887),#8891);
#8887 = LINE('',#8888,#8889);
#8888 = CARTESIAN_POINT('',(-3.5,0.));
#8889 = VECTOR('',#8890,1.);
#8890 = DIRECTION('',(0.,1.));
#8891 = ( GEOMETRIC_REPRESENTATION_CONTEXT(2) 
PARAMETRIC_REPRESENTATION_CONTEXT() REPRESENTATION_CONTEXT('2D SPACE',''
  ) );
#8892 = PCURVE('',#6317,#8893);
#8893 = DEFINITIONAL_REPRESENTATION('',(#8894),#8898);
#8894 = LINE('',#8895,#8896);
#8895 = CARTESIAN_POINT('',(2.8,0.));
#8896 = VECTOR('',#8897,1.);
#8897 = DIRECTION('',(0.,1.));
#8898 = ( GEOMETRIC_REPRESENTATION_CONTEXT(2) 
PARAMETRIC_REPRESENTATION_CONTEXT() REPRESENTATION_CONTEXT('2D SPACE',''
  ) );
#8899 = ORIENTED_EDGE('',*,*,#6278,.F.);
#8900 = ORIENTED_EDGE('',*,*,#8831,.T.);
#8901 = ORIENTED_EDGE('',*,*,#8902,.F.);
#8902 = EDGE_CURVE('',#8879,#8832,#8903,.T.);
#8903 = SURFACE_CURVE('',#8904,(#8908,#8914),.PCURVE_S1.);
#8904 = LINE('',#8905,#8906);
#8905 = CARTESIAN_POINT('',(0.,-59.72,13.75));
#8906 = VECTOR('',#8907,1.);
#8907 = DIRECTION('',(1.,0.,0.));
#8908 = PCURVE('',#6292,#8909);
#8909 = DEFINITIONAL_REPRESENTATION('',(#8910),#8913);
#8910 = B_SPLINE_CURVE_WITH_KNOTS('',1,(#8911,#8912),.UNSPECIFIED.,.F.,
  .F.,(2,2),(-3.47,3.47),.PIECEWISE_BEZIER_KNOTS.);
#8911 = CARTESIAN_POINT('',(-3.5,1.));
#8912 = CARTESIAN_POINT('',(3.5,1.));
#8913 = ( GEOMETRIC_REPRESENTATION_CONTEXT(2) 
PARAMETRIC_REPRESENTATION_CONTEXT() REPRESENTATION_CONTEXT('2D SPACE',''
  ) );
#8914 = PCURVE('',#8491,#8915);
#8915 = DEFINITIONAL_REPRESENTATION('',(#8916),#8920);
#8916 = LINE('',#8917,#8918);
#8917 = CARTESIAN_POINT('',(2.711900657953,-2.16483136096));
#8918 = VECTOR('',#8919,1.);
#8919 = DIRECTION('',(0.781527567133,-0.62387070921));
#8920 = ( GEOMETRIC_REPRESENTATION_CONTEXT(2) 
PARAMETRIC_REPRESENTATION_CONTEXT() REPRESENTATION_CONTEXT('2D SPACE',''
  ) );
#8921 = ADVANCED_FACE('',(#8922),#6317,.F.);
#8922 = FACE_BOUND('',#8923,.F.);
#8923 = EDGE_LOOP('',(#8924,#8925,#8926,#8946));
#8924 = ORIENTED_EDGE('',*,*,#6303,.F.);
#8925 = ORIENTED_EDGE('',*,*,#8878,.T.);
#8926 = ORIENTED_EDGE('',*,*,#8927,.T.);
#8927 = EDGE_CURVE('',#8879,#8455,#8928,.T.);
#8928 = SURFACE_CURVE('',#8929,(#8933,#8939),.PCURVE_S1.);
#8929 = LINE('',#8930,#8931);
#8930 = CARTESIAN_POINT('',(-3.47,-56.95,13.75));
#8931 = VECTOR('',#8932,1.);
#8932 = DIRECTION('',(0.,1.,0.));
#8933 = PCURVE('',#6317,#8934);
#8934 = DEFINITIONAL_REPRESENTATION('',(#8935),#8938);
#8935 = B_SPLINE_CURVE_WITH_KNOTS('',1,(#8936,#8937),.UNSPECIFIED.,.F.,
  .F.,(2,2),(-2.77,2.77),.PIECEWISE_BEZIER_KNOTS.);
#8936 = CARTESIAN_POINT('',(2.8,1.));
#8937 = CARTESIAN_POINT('',(-2.8,1.));
#8938 = ( GEOMETRIC_REPRESENTATION_CONTEXT(2) 
PARAMETRIC_REPRESENTATION_CONTEXT() REPRESENTATION_CONTEXT('2D SPACE',''
  ) );
#8939 = PCURVE('',#8491,#8940);
#8940 = DEFINITIONAL_REPRESENTATION('',(#8941),#8945);
#8941 = LINE('',#8942,#8943);
#8942 = CARTESIAN_POINT('',(1.728121864512,2.16483136096));
#8943 = VECTOR('',#8944,1.);
#8944 = DIRECTION('',(0.62387070921,0.781527567133));
#8945 = ( GEOMETRIC_REPRESENTATION_CONTEXT(2) 
PARAMETRIC_REPRESENTATION_CONTEXT() REPRESENTATION_CONTEXT('2D SPACE',''
  ) );
#8946 = ORIENTED_EDGE('',*,*,#8454,.F.);
#8947 = ADVANCED_FACE('',(#8948),#6414,.F.);
#8948 = FACE_BOUND('',#8949,.F.);
#8949 = EDGE_LOOP('',(#8950,#8972,#8973,#8995));
#8950 = ORIENTED_EDGE('',*,*,#8951,.F.);
#8951 = EDGE_CURVE('',#6401,#8952,#8954,.T.);
#8952 = VERTEX_POINT('',#8953);
#8953 = CARTESIAN_POINT('',(-5.82,-56.97,14.05));
#8954 = SURFACE_CURVE('',#8955,(#8958,#8965),.PCURVE_S1.);
#8955 = B_SPLINE_CURVE_WITH_KNOTS('',1,(#8956,#8957),.UNSPECIFIED.,.F.,
  .F.,(2,2),(0.,1.),.PIECEWISE_BEZIER_KNOTS.);
#8956 = CARTESIAN_POINT('',(-5.85,-57.,12.45));
#8957 = CARTESIAN_POINT('',(-5.82,-56.97,14.05));
#8958 = PCURVE('',#6414,#8959);
#8959 = DEFINITIONAL_REPRESENTATION('',(#8960),#8964);
#8960 = LINE('',#8961,#8962);
#8961 = CARTESIAN_POINT('',(-0.975,0.));
#8962 = VECTOR('',#8963,1.);
#8963 = DIRECTION('',(0.,1.));
#8964 = ( GEOMETRIC_REPRESENTATION_CONTEXT(2) 
PARAMETRIC_REPRESENTATION_CONTEXT() REPRESENTATION_CONTEXT('2D SPACE',''
  ) );
#8965 = PCURVE('',#6439,#8966);
#8966 = DEFINITIONAL_REPRESENTATION('',(#8967),#8971);
#8967 = LINE('',#8968,#8969);
#8968 = CARTESIAN_POINT('',(6.,0.));
#8969 = VECTOR('',#8970,1.);
#8970 = DIRECTION('',(0.,1.));
#8971 = ( GEOMETRIC_REPRESENTATION_CONTEXT(2) 
PARAMETRIC_REPRESENTATION_CONTEXT() REPRESENTATION_CONTEXT('2D SPACE',''
  ) );
#8972 = ORIENTED_EDGE('',*,*,#6398,.F.);
#8973 = ORIENTED_EDGE('',*,*,#8974,.T.);
#8974 = EDGE_CURVE('',#6399,#8975,#8977,.T.);
#8975 = VERTEX_POINT('',#8976);
#8976 = CARTESIAN_POINT('',(-3.93,-56.97,14.05));
#8977 = SURFACE_CURVE('',#8978,(#8981,#8988),.PCURVE_S1.);
#8978 = B_SPLINE_CURVE_WITH_KNOTS('',1,(#8979,#8980),.UNSPECIFIED.,.F.,
  .F.,(2,2),(0.,1.),.PIECEWISE_BEZIER_KNOTS.);
#8979 = CARTESIAN_POINT('',(-3.9,-57.,12.45));
#8980 = CARTESIAN_POINT('',(-3.93,-56.97,14.05));
#8981 = PCURVE('',#6414,#8982);
#8982 = DEFINITIONAL_REPRESENTATION('',(#8983),#8987);
#8983 = LINE('',#8984,#8985);
#8984 = CARTESIAN_POINT('',(0.975,0.));
#8985 = VECTOR('',#8986,1.);
#8986 = DIRECTION('',(0.,1.));
#8987 = ( GEOMETRIC_REPRESENTATION_CONTEXT(2) 
PARAMETRIC_REPRESENTATION_CONTEXT() REPRESENTATION_CONTEXT('2D SPACE',''
  ) );
#8988 = PCURVE('',#6487,#8989);
#8989 = DEFINITIONAL_REPRESENTATION('',(#8990),#8994);
#8990 = LINE('',#8991,#8992);
#8991 = CARTESIAN_POINT('',(-6.,0.));
#8992 = VECTOR('',#8993,1.);
#8993 = DIRECTION('',(0.,1.));
#8994 = ( GEOMETRIC_REPRESENTATION_CONTEXT(2) 
PARAMETRIC_REPRESENTATION_CONTEXT() REPRESENTATION_CONTEXT('2D SPACE',''
  ) );
#8995 = ORIENTED_EDGE('',*,*,#8996,.F.);
#8996 = EDGE_CURVE('',#8952,#8975,#8997,.T.);
#8997 = SURFACE_CURVE('',#8998,(#9002,#9008),.PCURVE_S1.);
#8998 = LINE('',#8999,#9000);
#8999 = CARTESIAN_POINT('',(-4.875,-56.97,14.05));
#9000 = VECTOR('',#9001,1.);
#9001 = DIRECTION('',(1.,0.,0.));
#9002 = PCURVE('',#6414,#9003);
#9003 = DEFINITIONAL_REPRESENTATION('',(#9004),#9007);
#9004 = B_SPLINE_CURVE_WITH_KNOTS('',1,(#9005,#9006),.UNSPECIFIED.,.F.,
  .F.,(2,2),(-0.945,0.945),.PIECEWISE_BEZIER_KNOTS.);
#9005 = CARTESIAN_POINT('',(-0.975,1.));
#9006 = CARTESIAN_POINT('',(0.975,1.));
#9007 = ( GEOMETRIC_REPRESENTATION_CONTEXT(2) 
PARAMETRIC_REPRESENTATION_CONTEXT() REPRESENTATION_CONTEXT('2D SPACE',''
  ) );
#9008 = PCURVE('',#9009,#9014);
#9009 = PLANE('',#9010);
#9010 = AXIS2_PLACEMENT_3D('',#9011,#9012,#9013);
#9011 = CARTESIAN_POINT('',(-5.82,-56.97,14.05));
#9012 = DIRECTION('',(0.,0.,1.));
#9013 = DIRECTION('',(0.15634487229,0.987702526527,-0.));
#9014 = DEFINITIONAL_REPRESENTATION('',(#9015),#9019);
#9015 = LINE('',#9016,#9017);
#9016 = CARTESIAN_POINT('',(0.147745904314,-0.933378887568));
#9017 = VECTOR('',#9018,1.);
#9018 = DIRECTION('',(0.15634487229,-0.987702526527));
#9019 = ( GEOMETRIC_REPRESENTATION_CONTEXT(2) 
PARAMETRIC_REPRESENTATION_CONTEXT() REPRESENTATION_CONTEXT('2D SPACE',''
  ) );
#9020 = ADVANCED_FACE('',(#9021),#6487,.F.);
#9021 = FACE_BOUND('',#9022,.F.);
#9022 = EDGE_LOOP('',(#9023,#9024,#9025,#9047));
#9023 = ORIENTED_EDGE('',*,*,#8974,.F.);
#9024 = ORIENTED_EDGE('',*,*,#6475,.F.);
#9025 = ORIENTED_EDGE('',*,*,#9026,.T.);
#9026 = EDGE_CURVE('',#6451,#9027,#9029,.T.);
#9027 = VERTEX_POINT('',#9028);
#9028 = CARTESIAN_POINT('',(-3.93,-45.03,14.05));
#9029 = SURFACE_CURVE('',#9030,(#9033,#9040),.PCURVE_S1.);
#9030 = B_SPLINE_CURVE_WITH_KNOTS('',1,(#9031,#9032),.UNSPECIFIED.,.F.,
  .F.,(2,2),(0.,1.),.PIECEWISE_BEZIER_KNOTS.);
#9031 = CARTESIAN_POINT('',(-3.9,-45.,12.45));
#9032 = CARTESIAN_POINT('',(-3.93,-45.03,14.05));
#9033 = PCURVE('',#6487,#9034);
#9034 = DEFINITIONAL_REPRESENTATION('',(#9035),#9039);
#9035 = LINE('',#9036,#9037);
#9036 = CARTESIAN_POINT('',(6.,0.));
#9037 = VECTOR('',#9038,1.);
#9038 = DIRECTION('',(0.,1.));
#9039 = ( GEOMETRIC_REPRESENTATION_CONTEXT(2) 
PARAMETRIC_REPRESENTATION_CONTEXT() REPRESENTATION_CONTEXT('2D SPACE',''
  ) );
#9040 = PCURVE('',#6464,#9041);
#9041 = DEFINITIONAL_REPRESENTATION('',(#9042),#9046);
#9042 = LINE('',#9043,#9044);
#9043 = CARTESIAN_POINT('',(-0.975,0.));
#9044 = VECTOR('',#9045,1.);
#9045 = DIRECTION('',(0.,1.));
#9046 = ( GEOMETRIC_REPRESENTATION_CONTEXT(2) 
PARAMETRIC_REPRESENTATION_CONTEXT() REPRESENTATION_CONTEXT('2D SPACE',''
  ) );
#9047 = ORIENTED_EDGE('',*,*,#9048,.F.);
#9048 = EDGE_CURVE('',#8975,#9027,#9049,.T.);
#9049 = SURFACE_CURVE('',#9050,(#9054,#9060),.PCURVE_S1.);
#9050 = LINE('',#9051,#9052);
#9051 = CARTESIAN_POINT('',(-3.93,-51.,14.05));
#9052 = VECTOR('',#9053,1.);
#9053 = DIRECTION('',(0.,1.,0.));
#9054 = PCURVE('',#6487,#9055);
#9055 = DEFINITIONAL_REPRESENTATION('',(#9056),#9059);
#9056 = B_SPLINE_CURVE_WITH_KNOTS('',1,(#9057,#9058),.UNSPECIFIED.,.F.,
  .F.,(2,2),(-5.97,5.97),.PIECEWISE_BEZIER_KNOTS.);
#9057 = CARTESIAN_POINT('',(-6.,1.));
#9058 = CARTESIAN_POINT('',(6.,1.));
#9059 = ( GEOMETRIC_REPRESENTATION_CONTEXT(2) 
PARAMETRIC_REPRESENTATION_CONTEXT() REPRESENTATION_CONTEXT('2D SPACE',''
  ) );
#9060 = PCURVE('',#9009,#9061);
#9061 = DEFINITIONAL_REPRESENTATION('',(#9062),#9066);
#9062 = LINE('',#9063,#9064);
#9063 = CARTESIAN_POINT('',(6.192075891996,-0.933378887568));
#9064 = VECTOR('',#9065,1.);
#9065 = DIRECTION('',(0.987702526527,0.15634487229));
#9066 = ( GEOMETRIC_REPRESENTATION_CONTEXT(2) 
PARAMETRIC_REPRESENTATION_CONTEXT() REPRESENTATION_CONTEXT('2D SPACE',''
  ) );
#9067 = ADVANCED_FACE('',(#9068),#6439,.F.);
#9068 = FACE_BOUND('',#9069,.F.);
#9069 = EDGE_LOOP('',(#9070,#9071,#9072,#9094));
#9070 = ORIENTED_EDGE('',*,*,#6425,.F.);
#9071 = ORIENTED_EDGE('',*,*,#8951,.T.);
#9072 = ORIENTED_EDGE('',*,*,#9073,.T.);
#9073 = EDGE_CURVE('',#8952,#9074,#9076,.T.);
#9074 = VERTEX_POINT('',#9075);
#9075 = CARTESIAN_POINT('',(-5.82,-45.03,14.05));
#9076 = SURFACE_CURVE('',#9077,(#9081,#9087),.PCURVE_S1.);
#9077 = LINE('',#9078,#9079);
#9078 = CARTESIAN_POINT('',(-5.82,-51.,14.05));
#9079 = VECTOR('',#9080,1.);
#9080 = DIRECTION('',(0.,1.,0.));
#9081 = PCURVE('',#6439,#9082);
#9082 = DEFINITIONAL_REPRESENTATION('',(#9083),#9086);
#9083 = B_SPLINE_CURVE_WITH_KNOTS('',1,(#9084,#9085),.UNSPECIFIED.,.F.,
  .F.,(2,2),(-5.97,5.97),.PIECEWISE_BEZIER_KNOTS.);
#9084 = CARTESIAN_POINT('',(6.,1.));
#9085 = CARTESIAN_POINT('',(-6.,1.));
#9086 = ( GEOMETRIC_REPRESENTATION_CONTEXT(2) 
PARAMETRIC_REPRESENTATION_CONTEXT() REPRESENTATION_CONTEXT('2D SPACE',''
  ) );
#9087 = PCURVE('',#9009,#9088);
#9088 = DEFINITIONAL_REPRESENTATION('',(#9089),#9093);
#9089 = LINE('',#9090,#9091);
#9090 = CARTESIAN_POINT('',(5.896584083369,0.933378887568));
#9091 = VECTOR('',#9092,1.);
#9092 = DIRECTION('',(0.987702526527,0.15634487229));
#9093 = ( GEOMETRIC_REPRESENTATION_CONTEXT(2) 
PARAMETRIC_REPRESENTATION_CONTEXT() REPRESENTATION_CONTEXT('2D SPACE',''
  ) );
#9094 = ORIENTED_EDGE('',*,*,#9095,.F.);
#9095 = EDGE_CURVE('',#6426,#9074,#9096,.T.);
#9096 = SURFACE_CURVE('',#9097,(#9100,#9107),.PCURVE_S1.);
#9097 = B_SPLINE_CURVE_WITH_KNOTS('',1,(#9098,#9099),.UNSPECIFIED.,.F.,
  .F.,(2,2),(0.,1.),.PIECEWISE_BEZIER_KNOTS.);
#9098 = CARTESIAN_POINT('',(-5.85,-45.,12.45));
#9099 = CARTESIAN_POINT('',(-5.82,-45.03,14.05));
#9100 = PCURVE('',#6439,#9101);
#9101 = DEFINITIONAL_REPRESENTATION('',(#9102),#9106);
#9102 = LINE('',#9103,#9104);
#9103 = CARTESIAN_POINT('',(-6.,0.));
#9104 = VECTOR('',#9105,1.);
#9105 = DIRECTION('',(0.,1.));
#9106 = ( GEOMETRIC_REPRESENTATION_CONTEXT(2) 
PARAMETRIC_REPRESENTATION_CONTEXT() REPRESENTATION_CONTEXT('2D SPACE',''
  ) );
#9107 = PCURVE('',#6464,#9108);
#9108 = DEFINITIONAL_REPRESENTATION('',(#9109),#9113);
#9109 = LINE('',#9110,#9111);
#9110 = CARTESIAN_POINT('',(0.975,0.));
#9111 = VECTOR('',#9112,1.);
#9112 = DIRECTION('',(0.,1.));
#9113 = ( GEOMETRIC_REPRESENTATION_CONTEXT(2) 
PARAMETRIC_REPRESENTATION_CONTEXT() REPRESENTATION_CONTEXT('2D SPACE',''
  ) );
#9114 = ADVANCED_FACE('',(#9115),#6464,.F.);
#9115 = FACE_BOUND('',#9116,.F.);
#9116 = EDGE_LOOP('',(#9117,#9118,#9119,#9139));
#9117 = ORIENTED_EDGE('',*,*,#6450,.F.);
#9118 = ORIENTED_EDGE('',*,*,#9095,.T.);
#9119 = ORIENTED_EDGE('',*,*,#9120,.T.);
#9120 = EDGE_CURVE('',#9074,#9027,#9121,.T.);
#9121 = SURFACE_CURVE('',#9122,(#9126,#9132),.PCURVE_S1.);
#9122 = LINE('',#9123,#9124);
#9123 = CARTESIAN_POINT('',(-4.875,-45.03,14.05));
#9124 = VECTOR('',#9125,1.);
#9125 = DIRECTION('',(1.,0.,0.));
#9126 = PCURVE('',#6464,#9127);
#9127 = DEFINITIONAL_REPRESENTATION('',(#9128),#9131);
#9128 = B_SPLINE_CURVE_WITH_KNOTS('',1,(#9129,#9130),.UNSPECIFIED.,.F.,
  .F.,(2,2),(-0.945,0.945),.PIECEWISE_BEZIER_KNOTS.);
#9129 = CARTESIAN_POINT('',(0.975,1.));
#9130 = CARTESIAN_POINT('',(-0.975,1.));
#9131 = ( GEOMETRIC_REPRESENTATION_CONTEXT(2) 
PARAMETRIC_REPRESENTATION_CONTEXT() REPRESENTATION_CONTEXT('2D SPACE',''
  ) );
#9132 = PCURVE('',#9009,#9133);
#9133 = DEFINITIONAL_REPRESENTATION('',(#9134),#9138);
#9134 = LINE('',#9135,#9136);
#9135 = CARTESIAN_POINT('',(11.940914071052,0.933378887568));
#9136 = VECTOR('',#9137,1.);
#9137 = DIRECTION('',(0.15634487229,-0.987702526527));
#9138 = ( GEOMETRIC_REPRESENTATION_CONTEXT(2) 
PARAMETRIC_REPRESENTATION_CONTEXT() REPRESENTATION_CONTEXT('2D SPACE',''
  ) );
#9139 = ORIENTED_EDGE('',*,*,#9026,.F.);
#9140 = ADVANCED_FACE('',(#9141),#6516,.F.);
#9141 = FACE_BOUND('',#9142,.F.);
#9142 = EDGE_LOOP('',(#9143,#9165,#9166,#9188));
#9143 = ORIENTED_EDGE('',*,*,#9144,.F.);
#9144 = EDGE_CURVE('',#6503,#9145,#9147,.T.);
#9145 = VERTEX_POINT('',#9146);
#9146 = CARTESIAN_POINT('',(-5.82,-35.97,14.05));
#9147 = SURFACE_CURVE('',#9148,(#9151,#9158),.PCURVE_S1.);
#9148 = B_SPLINE_CURVE_WITH_KNOTS('',1,(#9149,#9150),.UNSPECIFIED.,.F.,
  .F.,(2,2),(0.,1.),.PIECEWISE_BEZIER_KNOTS.);
#9149 = CARTESIAN_POINT('',(-5.85,-36.,12.45));
#9150 = CARTESIAN_POINT('',(-5.82,-35.97,14.05));
#9151 = PCURVE('',#6516,#9152);
#9152 = DEFINITIONAL_REPRESENTATION('',(#9153),#9157);
#9153 = LINE('',#9154,#9155);
#9154 = CARTESIAN_POINT('',(-0.975,0.));
#9155 = VECTOR('',#9156,1.);
#9156 = DIRECTION('',(0.,1.));
#9157 = ( GEOMETRIC_REPRESENTATION_CONTEXT(2) 
PARAMETRIC_REPRESENTATION_CONTEXT() REPRESENTATION_CONTEXT('2D SPACE',''
  ) );
#9158 = PCURVE('',#6541,#9159);
#9159 = DEFINITIONAL_REPRESENTATION('',(#9160),#9164);
#9160 = LINE('',#9161,#9162);
#9161 = CARTESIAN_POINT('',(3.75,0.));
#9162 = VECTOR('',#9163,1.);
#9163 = DIRECTION('',(0.,1.));
#9164 = ( GEOMETRIC_REPRESENTATION_CONTEXT(2) 
PARAMETRIC_REPRESENTATION_CONTEXT() REPRESENTATION_CONTEXT('2D SPACE',''
  ) );
#9165 = ORIENTED_EDGE('',*,*,#6500,.F.);
#9166 = ORIENTED_EDGE('',*,*,#9167,.T.);
#9167 = EDGE_CURVE('',#6501,#9168,#9170,.T.);
#9168 = VERTEX_POINT('',#9169);
#9169 = CARTESIAN_POINT('',(-3.93,-35.97,14.05));
#9170 = SURFACE_CURVE('',#9171,(#9174,#9181),.PCURVE_S1.);
#9171 = B_SPLINE_CURVE_WITH_KNOTS('',1,(#9172,#9173),.UNSPECIFIED.,.F.,
  .F.,(2,2),(0.,1.),.PIECEWISE_BEZIER_KNOTS.);
#9172 = CARTESIAN_POINT('',(-3.9,-36.,12.45));
#9173 = CARTESIAN_POINT('',(-3.93,-35.97,14.05));
#9174 = PCURVE('',#6516,#9175);
#9175 = DEFINITIONAL_REPRESENTATION('',(#9176),#9180);
#9176 = LINE('',#9177,#9178);
#9177 = CARTESIAN_POINT('',(0.975,0.));
#9178 = VECTOR('',#9179,1.);
#9179 = DIRECTION('',(0.,1.));
#9180 = ( GEOMETRIC_REPRESENTATION_CONTEXT(2) 
PARAMETRIC_REPRESENTATION_CONTEXT() REPRESENTATION_CONTEXT('2D SPACE',''
  ) );
#9181 = PCURVE('',#6589,#9182);
#9182 = DEFINITIONAL_REPRESENTATION('',(#9183),#9187);
#9183 = LINE('',#9184,#9185);
#9184 = CARTESIAN_POINT('',(-3.75,0.));
#9185 = VECTOR('',#9186,1.);
#9186 = DIRECTION('',(0.,1.));
#9187 = ( GEOMETRIC_REPRESENTATION_CONTEXT(2) 
PARAMETRIC_REPRESENTATION_CONTEXT() REPRESENTATION_CONTEXT('2D SPACE',''
  ) );
#9188 = ORIENTED_EDGE('',*,*,#9189,.F.);
#9189 = EDGE_CURVE('',#9145,#9168,#9190,.T.);
#9190 = SURFACE_CURVE('',#9191,(#9195,#9201),.PCURVE_S1.);
#9191 = LINE('',#9192,#9193);
#9192 = CARTESIAN_POINT('',(-4.875,-35.97,14.05));
#9193 = VECTOR('',#9194,1.);
#9194 = DIRECTION('',(1.,0.,0.));
#9195 = PCURVE('',#6516,#9196);
#9196 = DEFINITIONAL_REPRESENTATION('',(#9197),#9200);
#9197 = B_SPLINE_CURVE_WITH_KNOTS('',1,(#9198,#9199),.UNSPECIFIED.,.F.,
  .F.,(2,2),(-0.945,0.945),.PIECEWISE_BEZIER_KNOTS.);
#9198 = CARTESIAN_POINT('',(-0.975,1.));
#9199 = CARTESIAN_POINT('',(0.975,1.));
#9200 = ( GEOMETRIC_REPRESENTATION_CONTEXT(2) 
PARAMETRIC_REPRESENTATION_CONTEXT() REPRESENTATION_CONTEXT('2D SPACE',''
  ) );
#9201 = PCURVE('',#9202,#9207);
#9202 = PLANE('',#9203);
#9203 = AXIS2_PLACEMENT_3D('',#9204,#9205,#9206);
#9204 = CARTESIAN_POINT('',(-5.82,-35.97,14.05));
#9205 = DIRECTION('',(0.,0.,1.));
#9206 = DIRECTION('',(0.246212120767,0.969215967464,-0.));
#9207 = DEFINITIONAL_REPRESENTATION('',(#9208),#9212);
#9208 = LINE('',#9209,#9210);
#9209 = CARTESIAN_POINT('',(0.232670454125,-0.915909089254));
#9210 = VECTOR('',#9211,1.);
#9211 = DIRECTION('',(0.246212120767,-0.969215967464));
#9212 = ( GEOMETRIC_REPRESENTATION_CONTEXT(2) 
PARAMETRIC_REPRESENTATION_CONTEXT() REPRESENTATION_CONTEXT('2D SPACE',''
  ) );
#9213 = ADVANCED_FACE('',(#9214),#6589,.F.);
#9214 = FACE_BOUND('',#9215,.F.);
#9215 = EDGE_LOOP('',(#9216,#9217,#9218,#9240));
#9216 = ORIENTED_EDGE('',*,*,#9167,.F.);
#9217 = ORIENTED_EDGE('',*,*,#6577,.F.);
#9218 = ORIENTED_EDGE('',*,*,#9219,.T.);
#9219 = EDGE_CURVE('',#6553,#9220,#9222,.T.);
#9220 = VERTEX_POINT('',#9221);
#9221 = CARTESIAN_POINT('',(-3.93,-28.53,14.05));
#9222 = SURFACE_CURVE('',#9223,(#9226,#9233),.PCURVE_S1.);
#9223 = B_SPLINE_CURVE_WITH_KNOTS('',1,(#9224,#9225),.UNSPECIFIED.,.F.,
  .F.,(2,2),(0.,1.),.PIECEWISE_BEZIER_KNOTS.);
#9224 = CARTESIAN_POINT('',(-3.9,-28.5,12.45));
#9225 = CARTESIAN_POINT('',(-3.93,-28.53,14.05));
#9226 = PCURVE('',#6589,#9227);
#9227 = DEFINITIONAL_REPRESENTATION('',(#9228),#9232);
#9228 = LINE('',#9229,#9230);
#9229 = CARTESIAN_POINT('',(3.75,0.));
#9230 = VECTOR('',#9231,1.);
#9231 = DIRECTION('',(0.,1.));
#9232 = ( GEOMETRIC_REPRESENTATION_CONTEXT(2) 
PARAMETRIC_REPRESENTATION_CONTEXT() REPRESENTATION_CONTEXT('2D SPACE',''
  ) );
#9233 = PCURVE('',#6566,#9234);
#9234 = DEFINITIONAL_REPRESENTATION('',(#9235),#9239);
#9235 = LINE('',#9236,#9237);
#9236 = CARTESIAN_POINT('',(-0.975,0.));
#9237 = VECTOR('',#9238,1.);
#9238 = DIRECTION('',(0.,1.));
#9239 = ( GEOMETRIC_REPRESENTATION_CONTEXT(2) 
PARAMETRIC_REPRESENTATION_CONTEXT() REPRESENTATION_CONTEXT('2D SPACE',''
  ) );
#9240 = ORIENTED_EDGE('',*,*,#9241,.F.);
#9241 = EDGE_CURVE('',#9168,#9220,#9242,.T.);
#9242 = SURFACE_CURVE('',#9243,(#9247,#9253),.PCURVE_S1.);
#9243 = LINE('',#9244,#9245);
#9244 = CARTESIAN_POINT('',(-3.93,-32.25,14.05));
#9245 = VECTOR('',#9246,1.);
#9246 = DIRECTION('',(0.,1.,0.));
#9247 = PCURVE('',#6589,#9248);
#9248 = DEFINITIONAL_REPRESENTATION('',(#9249),#9252);
#9249 = B_SPLINE_CURVE_WITH_KNOTS('',1,(#9250,#9251),.UNSPECIFIED.,.F.,
  .F.,(2,2),(-3.72,3.72),.PIECEWISE_BEZIER_KNOTS.);
#9250 = CARTESIAN_POINT('',(-3.75,1.));
#9251 = CARTESIAN_POINT('',(3.75,1.));
#9252 = ( GEOMETRIC_REPRESENTATION_CONTEXT(2) 
PARAMETRIC_REPRESENTATION_CONTEXT() REPRESENTATION_CONTEXT('2D SPACE',''
  ) );
#9253 = PCURVE('',#9202,#9254);
#9254 = DEFINITIONAL_REPRESENTATION('',(#9255),#9259);
#9255 = LINE('',#9256,#9257);
#9256 = CARTESIAN_POINT('',(4.070824307216,-0.915909089254));
#9257 = VECTOR('',#9258,1.);
#9258 = DIRECTION('',(0.969215967464,0.246212120767));
#9259 = ( GEOMETRIC_REPRESENTATION_CONTEXT(2) 
PARAMETRIC_REPRESENTATION_CONTEXT() REPRESENTATION_CONTEXT('2D SPACE',''
  ) );
#9260 = ADVANCED_FACE('',(#9261),#6566,.F.);
#9261 = FACE_BOUND('',#9262,.F.);
#9262 = EDGE_LOOP('',(#9263,#9264,#9286,#9306));
#9263 = ORIENTED_EDGE('',*,*,#6552,.F.);
#9264 = ORIENTED_EDGE('',*,*,#9265,.T.);
#9265 = EDGE_CURVE('',#6528,#9266,#9268,.T.);
#9266 = VERTEX_POINT('',#9267);
#9267 = CARTESIAN_POINT('',(-5.82,-28.53,14.05));
#9268 = SURFACE_CURVE('',#9269,(#9272,#9279),.PCURVE_S1.);
#9269 = B_SPLINE_CURVE_WITH_KNOTS('',1,(#9270,#9271),.UNSPECIFIED.,.F.,
  .F.,(2,2),(0.,1.),.PIECEWISE_BEZIER_KNOTS.);
#9270 = CARTESIAN_POINT('',(-5.85,-28.5,12.45));
#9271 = CARTESIAN_POINT('',(-5.82,-28.53,14.05));
#9272 = PCURVE('',#6566,#9273);
#9273 = DEFINITIONAL_REPRESENTATION('',(#9274),#9278);
#9274 = LINE('',#9275,#9276);
#9275 = CARTESIAN_POINT('',(0.975,0.));
#9276 = VECTOR('',#9277,1.);
#9277 = DIRECTION('',(0.,1.));
#9278 = ( GEOMETRIC_REPRESENTATION_CONTEXT(2) 
PARAMETRIC_REPRESENTATION_CONTEXT() REPRESENTATION_CONTEXT('2D SPACE',''
  ) );
#9279 = PCURVE('',#6541,#9280);
#9280 = DEFINITIONAL_REPRESENTATION('',(#9281),#9285);
#9281 = LINE('',#9282,#9283);
#9282 = CARTESIAN_POINT('',(-3.75,0.));
#9283 = VECTOR('',#9284,1.);
#9284 = DIRECTION('',(0.,1.));
#9285 = ( GEOMETRIC_REPRESENTATION_CONTEXT(2) 
PARAMETRIC_REPRESENTATION_CONTEXT() REPRESENTATION_CONTEXT('2D SPACE',''
  ) );
#9286 = ORIENTED_EDGE('',*,*,#9287,.T.);
#9287 = EDGE_CURVE('',#9266,#9220,#9288,.T.);
#9288 = SURFACE_CURVE('',#9289,(#9293,#9299),.PCURVE_S1.);
#9289 = LINE('',#9290,#9291);
#9290 = CARTESIAN_POINT('',(-4.875,-28.53,14.05));
#9291 = VECTOR('',#9292,1.);
#9292 = DIRECTION('',(1.,0.,0.));
#9293 = PCURVE('',#6566,#9294);
#9294 = DEFINITIONAL_REPRESENTATION('',(#9295),#9298);
#9295 = B_SPLINE_CURVE_WITH_KNOTS('',1,(#9296,#9297),.UNSPECIFIED.,.F.,
  .F.,(2,2),(-0.945,0.945),.PIECEWISE_BEZIER_KNOTS.);
#9296 = CARTESIAN_POINT('',(0.975,1.));
#9297 = CARTESIAN_POINT('',(-0.975,1.));
#9298 = ( GEOMETRIC_REPRESENTATION_CONTEXT(2) 
PARAMETRIC_REPRESENTATION_CONTEXT() REPRESENTATION_CONTEXT('2D SPACE',''
  ) );
#9299 = PCURVE('',#9202,#9300);
#9300 = DEFINITIONAL_REPRESENTATION('',(#9301),#9305);
#9301 = LINE('',#9302,#9303);
#9302 = CARTESIAN_POINT('',(7.443637252058,0.915909089254));
#9303 = VECTOR('',#9304,1.);
#9304 = DIRECTION('',(0.246212120767,-0.969215967464));
#9305 = ( GEOMETRIC_REPRESENTATION_CONTEXT(2) 
PARAMETRIC_REPRESENTATION_CONTEXT() REPRESENTATION_CONTEXT('2D SPACE',''
  ) );
#9306 = ORIENTED_EDGE('',*,*,#9219,.F.);
#9307 = ADVANCED_FACE('',(#9308),#6541,.F.);
#9308 = FACE_BOUND('',#9309,.F.);
#9309 = EDGE_LOOP('',(#9310,#9311,#9312,#9332));
#9310 = ORIENTED_EDGE('',*,*,#6527,.F.);
#9311 = ORIENTED_EDGE('',*,*,#9144,.T.);
#9312 = ORIENTED_EDGE('',*,*,#9313,.T.);
#9313 = EDGE_CURVE('',#9145,#9266,#9314,.T.);
#9314 = SURFACE_CURVE('',#9315,(#9319,#9325),.PCURVE_S1.);
#9315 = LINE('',#9316,#9317);
#9316 = CARTESIAN_POINT('',(-5.82,-32.25,14.05));
#9317 = VECTOR('',#9318,1.);
#9318 = DIRECTION('',(0.,1.,0.));
#9319 = PCURVE('',#6541,#9320);
#9320 = DEFINITIONAL_REPRESENTATION('',(#9321),#9324);
#9321 = B_SPLINE_CURVE_WITH_KNOTS('',1,(#9322,#9323),.UNSPECIFIED.,.F.,
  .F.,(2,2),(-3.72,3.72),.PIECEWISE_BEZIER_KNOTS.);
#9322 = CARTESIAN_POINT('',(3.75,1.));
#9323 = CARTESIAN_POINT('',(-3.75,1.));
#9324 = ( GEOMETRIC_REPRESENTATION_CONTEXT(2) 
PARAMETRIC_REPRESENTATION_CONTEXT() REPRESENTATION_CONTEXT('2D SPACE',''
  ) );
#9325 = PCURVE('',#9202,#9326);
#9326 = DEFINITIONAL_REPRESENTATION('',(#9327),#9331);
#9327 = LINE('',#9328,#9329);
#9328 = CARTESIAN_POINT('',(3.605483398966,0.915909089254));
#9329 = VECTOR('',#9330,1.);
#9330 = DIRECTION('',(0.969215967464,0.246212120767));
#9331 = ( GEOMETRIC_REPRESENTATION_CONTEXT(2) 
PARAMETRIC_REPRESENTATION_CONTEXT() REPRESENTATION_CONTEXT('2D SPACE',''
  ) );
#9332 = ORIENTED_EDGE('',*,*,#9265,.F.);
#9333 = ADVANCED_FACE('',(#9334),#6743,.F.);
#9334 = FACE_BOUND('',#9335,.F.);
#9335 = EDGE_LOOP('',(#9336,#9337,#9359,#9386,#9413,#9433,#9434));
#9336 = ORIENTED_EDGE('',*,*,#6828,.F.);
#9337 = ORIENTED_EDGE('',*,*,#9338,.T.);
#9338 = EDGE_CURVE('',#6829,#9339,#9341,.T.);
#9339 = VERTEX_POINT('',#9340);
#9340 = CARTESIAN_POINT('',(7.5,-36.4,14.2));
#9341 = SURFACE_CURVE('',#9342,(#9346,#9352),.PCURVE_S1.);
#9342 = LINE('',#9343,#9344);
#9343 = CARTESIAN_POINT('',(7.,-37.4,14.2));
#9344 = VECTOR('',#9345,1.);
#9345 = DIRECTION('',(0.4472135955,0.894427191,0.));
#9346 = PCURVE('',#6743,#9347);
#9347 = DEFINITIONAL_REPRESENTATION('',(#9348),#9351);
#9348 = B_SPLINE_CURVE_WITH_KNOTS('',1,(#9349,#9350),.UNSPECIFIED.,.F.,
  .F.,(2,2),(0.,1.11803398875),.PIECEWISE_BEZIER_KNOTS.);
#9349 = CARTESIAN_POINT('',(0.,0.));
#9350 = CARTESIAN_POINT('',(1.11803398875,0.));
#9351 = ( GEOMETRIC_REPRESENTATION_CONTEXT(2) 
PARAMETRIC_REPRESENTATION_CONTEXT() REPRESENTATION_CONTEXT('2D SPACE',''
  ) );
#9352 = PCURVE('',#6906,#9353);
#9353 = DEFINITIONAL_REPRESENTATION('',(#9354),#9358);
#9354 = LINE('',#9355,#9356);
#9355 = CARTESIAN_POINT('',(0.,0.));
#9356 = VECTOR('',#9357,1.);
#9357 = DIRECTION('',(9.59257162593E-20,1.));
#9358 = ( GEOMETRIC_REPRESENTATION_CONTEXT(2) 
PARAMETRIC_REPRESENTATION_CONTEXT() REPRESENTATION_CONTEXT('2D SPACE',''
  ) );
#9359 = ORIENTED_EDGE('',*,*,#9360,.T.);
#9360 = EDGE_CURVE('',#9339,#9361,#9363,.T.);
#9361 = VERTEX_POINT('',#9362);
#9362 = CARTESIAN_POINT('',(7.472944649361,-36.39361309809,12.65));
#9363 = SURFACE_CURVE('',#9364,(#9367,#9374),.PCURVE_S1.);
#9364 = B_SPLINE_CURVE_WITH_KNOTS('',1,(#9365,#9366),.UNSPECIFIED.,.F.,
  .F.,(2,2),(0.,1.),.PIECEWISE_BEZIER_KNOTS.);
#9365 = CARTESIAN_POINT('',(7.5,-36.4,14.2));
#9366 = CARTESIAN_POINT('',(7.472944649361,-36.39361309809,12.65));
#9367 = PCURVE('',#6743,#9368);
#9368 = DEFINITIONAL_REPRESENTATION('',(#9369),#9373);
#9369 = LINE('',#9370,#9371);
#9370 = CARTESIAN_POINT('',(1.11803398875,0.));
#9371 = VECTOR('',#9372,1.);
#9372 = DIRECTION('',(0.,1.));
#9373 = ( GEOMETRIC_REPRESENTATION_CONTEXT(2) 
PARAMETRIC_REPRESENTATION_CONTEXT() REPRESENTATION_CONTEXT('2D SPACE',''
  ) );
#9374 = PCURVE('',#9375,#9380);
#9375 = B_SPLINE_SURFACE_WITH_KNOTS('',1,1,(
    (#9376,#9377)
    ,(#9378,#9379
    )),.UNSPECIFIED.,.F.,.F.,.F.,(2,2),(2,2),(0.,0.5),(0.,1.),
  .PIECEWISE_BEZIER_KNOTS.);
#9376 = CARTESIAN_POINT('',(7.5,-36.4,14.2));
#9377 = CARTESIAN_POINT('',(7.472944649361,-36.39361309809,12.65));
#9378 = CARTESIAN_POINT('',(7.5,-35.9,14.2));
#9379 = CARTESIAN_POINT('',(7.472944649361,-35.90668513514,12.65));
#9380 = DEFINITIONAL_REPRESENTATION('',(#9381),#9385);
#9381 = LINE('',#9382,#9383);
#9382 = CARTESIAN_POINT('',(0.,0.));
#9383 = VECTOR('',#9384,1.);
#9384 = DIRECTION('',(0.,1.));
#9385 = ( GEOMETRIC_REPRESENTATION_CONTEXT(2) 
PARAMETRIC_REPRESENTATION_CONTEXT() REPRESENTATION_CONTEXT('2D SPACE',''
  ) );
#9386 = ORIENTED_EDGE('',*,*,#9387,.F.);
#9387 = EDGE_CURVE('',#9388,#9361,#9390,.T.);
#9388 = VERTEX_POINT('',#9389);
#9389 = CARTESIAN_POINT('',(7.027055350639,-37.28539169553,12.65));
#9390 = SURFACE_CURVE('',#9391,(#9395,#9401),.PCURVE_S1.);
#9391 = LINE('',#9392,#9393);
#9392 = CARTESIAN_POINT('',(6.975800958727,-37.38790047936,12.65));
#9393 = VECTOR('',#9394,1.);
#9394 = DIRECTION('',(0.4472135955,0.894427191,0.));
#9395 = PCURVE('',#6743,#9396);
#9396 = DEFINITIONAL_REPRESENTATION('',(#9397),#9400);
#9397 = B_SPLINE_CURVE_WITH_KNOTS('',1,(#9398,#9399),.UNSPECIFIED.,.F.,
  .F.,(2,2),(0.114608304461,1.111647086844),.PIECEWISE_BEZIER_KNOTS.);
#9398 = CARTESIAN_POINT('',(0.,1.));
#9399 = CARTESIAN_POINT('',(1.11803398875,1.));
#9400 = ( GEOMETRIC_REPRESENTATION_CONTEXT(2) 
PARAMETRIC_REPRESENTATION_CONTEXT() REPRESENTATION_CONTEXT('2D SPACE',''
  ) );
#9401 = PCURVE('',#9402,#9407);
#9402 = PLANE('',#9403);
#9403 = AXIS2_PLACEMENT_3D('',#9404,#9405,#9406);
#9404 = CARTESIAN_POINT('',(7.027055350639,-37.28539169553,12.65));
#9405 = DIRECTION('',(0.,0.,-1.));
#9406 = DIRECTION('',(0.,1.,0.));
#9407 = DEFINITIONAL_REPRESENTATION('',(#9408),#9412);
#9408 = LINE('',#9409,#9410);
#9409 = CARTESIAN_POINT('',(-0.102508783824,-5.125439191206E-02));
#9410 = VECTOR('',#9411,1.);
#9411 = DIRECTION('',(0.894427191,0.4472135955));
#9412 = ( GEOMETRIC_REPRESENTATION_CONTEXT(2) 
PARAMETRIC_REPRESENTATION_CONTEXT() REPRESENTATION_CONTEXT('2D SPACE',''
  ) );
#9413 = ORIENTED_EDGE('',*,*,#9414,.F.);
#9414 = EDGE_CURVE('',#6697,#9388,#9415,.T.);
#9415 = SURFACE_CURVE('',#9416,(#9419,#9426),.PCURVE_S1.);
#9416 = B_SPLINE_CURVE_WITH_KNOTS('',1,(#9417,#9418),.UNSPECIFIED.,.F.,
  .F.,(2,2),(0.,1.),.PIECEWISE_BEZIER_KNOTS.);
#9417 = CARTESIAN_POINT('',(7.,-37.4,14.2));
#9418 = CARTESIAN_POINT('',(7.027055350639,-37.28539169553,12.65));
#9419 = PCURVE('',#6743,#9420);
#9420 = DEFINITIONAL_REPRESENTATION('',(#9421),#9425);
#9421 = LINE('',#9422,#9423);
#9422 = CARTESIAN_POINT('',(0.,0.));
#9423 = VECTOR('',#9424,1.);
#9424 = DIRECTION('',(0.,1.));
#9425 = ( GEOMETRIC_REPRESENTATION_CONTEXT(2) 
PARAMETRIC_REPRESENTATION_CONTEXT() REPRESENTATION_CONTEXT('2D SPACE',''
  ) );
#9426 = PCURVE('',#6710,#9427);
#9427 = DEFINITIONAL_REPRESENTATION('',(#9428),#9432);
#9428 = LINE('',#9429,#9430);
#9429 = CARTESIAN_POINT('',(2.45,0.));
#9430 = VECTOR('',#9431,1.);
#9431 = DIRECTION('',(0.,1.));
#9432 = ( GEOMETRIC_REPRESENTATION_CONTEXT(2) 
PARAMETRIC_REPRESENTATION_CONTEXT() REPRESENTATION_CONTEXT('2D SPACE',''
  ) );
#9433 = ORIENTED_EDGE('',*,*,#6721,.F.);
#9434 = ORIENTED_EDGE('',*,*,#6804,.F.);
#9435 = ADVANCED_FACE('',(#9436),#6710,.F.);
#9436 = FACE_BOUND('',#9437,.F.);
#9437 = EDGE_LOOP('',(#9438,#9460,#9461,#9462));
#9438 = ORIENTED_EDGE('',*,*,#9439,.F.);
#9439 = EDGE_CURVE('',#6660,#9440,#9442,.T.);
#9440 = VERTEX_POINT('',#9441);
#9441 = CARTESIAN_POINT('',(7.027055350639,-35.05949546757,12.65));
#9442 = SURFACE_CURVE('',#9443,(#9446,#9453),.PCURVE_S1.);
#9443 = B_SPLINE_CURVE_WITH_KNOTS('',1,(#9444,#9445),.UNSPECIFIED.,.F.,
  .F.,(2,2),(0.,1.),.PIECEWISE_BEZIER_KNOTS.);
#9444 = CARTESIAN_POINT('',(7.,-34.95,14.2));
#9445 = CARTESIAN_POINT('',(7.027055350639,-35.05949546757,12.65));
#9446 = PCURVE('',#6710,#9447);
#9447 = DEFINITIONAL_REPRESENTATION('',(#9448),#9452);
#9448 = LINE('',#9449,#9450);
#9449 = CARTESIAN_POINT('',(0.,0.));
#9450 = VECTOR('',#9451,1.);
#9451 = DIRECTION('',(0.,1.));
#9452 = ( GEOMETRIC_REPRESENTATION_CONTEXT(2) 
PARAMETRIC_REPRESENTATION_CONTEXT() REPRESENTATION_CONTEXT('2D SPACE',''
  ) );
#9453 = PCURVE('',#6681,#9454);
#9454 = DEFINITIONAL_REPRESENTATION('',(#9455),#9459);
#9455 = LINE('',#9456,#9457);
#9456 = CARTESIAN_POINT('',(1.073545527679,0.));
#9457 = VECTOR('',#9458,1.);
#9458 = DIRECTION('',(0.,1.));
#9459 = ( GEOMETRIC_REPRESENTATION_CONTEXT(2) 
PARAMETRIC_REPRESENTATION_CONTEXT() REPRESENTATION_CONTEXT('2D SPACE',''
  ) );
#9460 = ORIENTED_EDGE('',*,*,#6696,.F.);
#9461 = ORIENTED_EDGE('',*,*,#9414,.T.);
#9462 = ORIENTED_EDGE('',*,*,#9463,.F.);
#9463 = EDGE_CURVE('',#9440,#9388,#9464,.T.);
#9464 = SURFACE_CURVE('',#9465,(#9469,#9475),.PCURVE_S1.);
#9465 = LINE('',#9466,#9467);
#9466 = CARTESIAN_POINT('',(7.027055350639,-34.95,12.65));
#9467 = VECTOR('',#9468,1.);
#9468 = DIRECTION('',(0.,-1.,0.));
#9469 = PCURVE('',#6710,#9470);
#9470 = DEFINITIONAL_REPRESENTATION('',(#9471),#9474);
#9471 = B_SPLINE_CURVE_WITH_KNOTS('',1,(#9472,#9473),.UNSPECIFIED.,.F.,
  .F.,(2,2),(0.10949546757,2.335391695539),.PIECEWISE_BEZIER_KNOTS.);
#9472 = CARTESIAN_POINT('',(0.,1.));
#9473 = CARTESIAN_POINT('',(2.45,1.));
#9474 = ( GEOMETRIC_REPRESENTATION_CONTEXT(2) 
PARAMETRIC_REPRESENTATION_CONTEXT() REPRESENTATION_CONTEXT('2D SPACE',''
  ) );
#9475 = PCURVE('',#9402,#9476);
#9476 = DEFINITIONAL_REPRESENTATION('',(#9477),#9481);
#9477 = LINE('',#9478,#9479);
#9478 = CARTESIAN_POINT('',(2.335391695539,0.));
#9479 = VECTOR('',#9480,1.);
#9480 = DIRECTION('',(-1.,0.));
#9481 = ( GEOMETRIC_REPRESENTATION_CONTEXT(2) 
PARAMETRIC_REPRESENTATION_CONTEXT() REPRESENTATION_CONTEXT('2D SPACE',''
  ) );
#9482 = ADVANCED_FACE('',(#9483),#6681,.F.);
#9483 = FACE_BOUND('',#9484,.F.);
#9484 = EDGE_LOOP('',(#9485,#9509,#9531,#9551,#9569,#9570,#9571));
#9485 = ORIENTED_EDGE('',*,*,#9486,.F.);
#9486 = EDGE_CURVE('',#9487,#9489,#9491,.T.);
#9487 = VERTEX_POINT('',#9488);
#9488 = CARTESIAN_POINT('',(7.5,-35.9,14.2));
#9489 = VERTEX_POINT('',#9490);
#9490 = CARTESIAN_POINT('',(7.472944649361,-35.90668513514,12.65));
#9491 = SURFACE_CURVE('',#9492,(#9495,#9502),.PCURVE_S1.);
#9492 = B_SPLINE_CURVE_WITH_KNOTS('',1,(#9493,#9494),.UNSPECIFIED.,.F.,
  .F.,(2,2),(0.,1.),.PIECEWISE_BEZIER_KNOTS.);
#9493 = CARTESIAN_POINT('',(7.5,-35.9,14.2));
#9494 = CARTESIAN_POINT('',(7.472944649361,-35.90668513514,12.65));
#9495 = PCURVE('',#6681,#9496);
#9496 = DEFINITIONAL_REPRESENTATION('',(#9497),#9501);
#9497 = LINE('',#9498,#9499);
#9498 = CARTESIAN_POINT('',(0.,0.));
#9499 = VECTOR('',#9500,1.);
#9500 = DIRECTION('',(0.,1.));
#9501 = ( GEOMETRIC_REPRESENTATION_CONTEXT(2) 
PARAMETRIC_REPRESENTATION_CONTEXT() REPRESENTATION_CONTEXT('2D SPACE',''
  ) );
#9502 = PCURVE('',#9375,#9503);
#9503 = DEFINITIONAL_REPRESENTATION('',(#9504),#9508);
#9504 = LINE('',#9505,#9506);
#9505 = CARTESIAN_POINT('',(0.5,0.));
#9506 = VECTOR('',#9507,1.);
#9507 = DIRECTION('',(0.,1.));
#9508 = ( GEOMETRIC_REPRESENTATION_CONTEXT(2) 
PARAMETRIC_REPRESENTATION_CONTEXT() REPRESENTATION_CONTEXT('2D SPACE',''
  ) );
#9509 = ORIENTED_EDGE('',*,*,#9510,.T.);
#9510 = EDGE_CURVE('',#9487,#9511,#9513,.T.);
#9511 = VERTEX_POINT('',#9512);
#9512 = CARTESIAN_POINT('',(7.049982556236,-35.04496685685,
    14.200000020885));
#9513 = SURFACE_CURVE('',#9514,(#9518,#9524),.PCURVE_S1.);
#9514 = LINE('',#9515,#9516);
#9515 = CARTESIAN_POINT('',(7.5,-35.9,14.2));
#9516 = VECTOR('',#9517,1.);
#9517 = DIRECTION('',(-0.465746432833,0.884918222382,0.));
#9518 = PCURVE('',#6681,#9519);
#9519 = DEFINITIONAL_REPRESENTATION('',(#9520),#9523);
#9520 = B_SPLINE_CURVE_WITH_KNOTS('',1,(#9521,#9522),.UNSPECIFIED.,.F.,
  .F.,(2,2),(0.,1.073545527679),.PIECEWISE_BEZIER_KNOTS.);
#9521 = CARTESIAN_POINT('',(0.,0.));
#9522 = CARTESIAN_POINT('',(1.073545527679,0.));
#9523 = ( GEOMETRIC_REPRESENTATION_CONTEXT(2) 
PARAMETRIC_REPRESENTATION_CONTEXT() REPRESENTATION_CONTEXT('2D SPACE',''
  ) );
#9524 = PCURVE('',#7067,#9525);
#9525 = DEFINITIONAL_REPRESENTATION('',(#9526),#9530);
#9526 = LINE('',#9527,#9528);
#9527 = CARTESIAN_POINT('',(0.,0.));
#9528 = VECTOR('',#9529,1.);
#9529 = DIRECTION('',(3.494828504016E-19,1.));
#9530 = ( GEOMETRIC_REPRESENTATION_CONTEXT(2) 
PARAMETRIC_REPRESENTATION_CONTEXT() REPRESENTATION_CONTEXT('2D SPACE',''
  ) );
#9531 = ORIENTED_EDGE('',*,*,#9532,.F.);
#9532 = EDGE_CURVE('',#9533,#9511,#9535,.T.);
#9533 = VERTEX_POINT('',#9534);
#9534 = CARTESIAN_POINT('',(7.05,-35.04503747761,14.199));
#9535 = SURFACE_CURVE('',#9536,(#9539,#9545),.PCURVE_S1.);
#9536 = B_SPLINE_CURVE_WITH_KNOTS('',1,(#9537,#9538),.UNSPECIFIED.,.F.,
  .F.,(2,2),(0.,1.),.PIECEWISE_BEZIER_KNOTS.);
#9537 = CARTESIAN_POINT('',(7.05,-35.04503747761,14.199));
#9538 = CARTESIAN_POINT('',(7.049982556965,-35.04496685823,14.2));
#9539 = PCURVE('',#6681,#9540);
#9540 = DEFINITIONAL_REPRESENTATION('',(#9541),#9544);
#9541 = B_SPLINE_CURVE_WITH_KNOTS('',1,(#9542,#9543),.UNSPECIFIED.,.F.,
  .F.,(2,2),(0.,1.),.PIECEWISE_BEZIER_KNOTS.);
#9542 = CARTESIAN_POINT('',(0.966220959096,6.451612902768E-04));
#9543 = CARTESIAN_POINT('',(0.966228426696,0.));
#9544 = ( GEOMETRIC_REPRESENTATION_CONTEXT(2) 
PARAMETRIC_REPRESENTATION_CONTEXT() REPRESENTATION_CONTEXT('2D SPACE',''
  ) );
#9545 = PCURVE('',#7773,#9546);
#9546 = DEFINITIONAL_REPRESENTATION('',(#9547),#9550);
#9547 = B_SPLINE_CURVE_WITH_KNOTS('',1,(#9548,#9549),.UNSPECIFIED.,.F.,
  .F.,(2,2),(0.,1.),.PIECEWISE_BEZIER_KNOTS.);
#9548 = CARTESIAN_POINT('',(8.479962522386,0.));
#9549 = CARTESIAN_POINT('',(8.480041148135,6.891798759473E-04));
#9550 = ( GEOMETRIC_REPRESENTATION_CONTEXT(2) 
PARAMETRIC_REPRESENTATION_CONTEXT() REPRESENTATION_CONTEXT('2D SPACE',''
  ) );
#9551 = ORIENTED_EDGE('',*,*,#9552,.F.);
#9552 = EDGE_CURVE('',#6635,#9533,#9553,.T.);
#9553 = SURFACE_CURVE('',#9554,(#9557,#9563),.PCURVE_S1.);
#9554 = B_SPLINE_CURVE_WITH_KNOTS('',1,(#9555,#9556),.UNSPECIFIED.,.F.,
  .F.,(2,2),(0.,1.),.PIECEWISE_BEZIER_KNOTS.);
#9555 = CARTESIAN_POINT('',(7.017903582827,-34.98405428498,14.199));
#9556 = CARTESIAN_POINT('',(7.499982544935,-35.90000431299,14.199));
#9557 = PCURVE('',#6681,#9558);
#9558 = DEFINITIONAL_REPRESENTATION('',(#9559),#9562);
#9559 = B_SPLINE_CURVE_WITH_KNOTS('',1,(#9560,#9561),.UNSPECIFIED.,.F.,
  .F.,(2,2),(0.,1.),.PIECEWISE_BEZIER_KNOTS.);
#9560 = CARTESIAN_POINT('',(1.035139701242,6.451612903222E-04));
#9561 = CARTESIAN_POINT('',(0.,6.451612903223E-04));
#9562 = ( GEOMETRIC_REPRESENTATION_CONTEXT(2) 
PARAMETRIC_REPRESENTATION_CONTEXT() REPRESENTATION_CONTEXT('2D SPACE',''
  ) );
#9563 = PCURVE('',#6648,#9564);
#9564 = DEFINITIONAL_REPRESENTATION('',(#9565),#9568);
#9565 = B_SPLINE_CURVE_WITH_KNOTS('',1,(#9566,#9567),.UNSPECIFIED.,.F.,
  .F.,(2,2),(0.,1.),.PIECEWISE_BEZIER_KNOTS.);
#9566 = CARTESIAN_POINT('',(30.256158297028,-3.511711719031));
#9567 = CARTESIAN_POINT('',(29.57226908566,-4.288667397359));
#9568 = ( GEOMETRIC_REPRESENTATION_CONTEXT(2) 
PARAMETRIC_REPRESENTATION_CONTEXT() REPRESENTATION_CONTEXT('2D SPACE',''
  ) );
#9569 = ORIENTED_EDGE('',*,*,#6659,.F.);
#9570 = ORIENTED_EDGE('',*,*,#9439,.T.);
#9571 = ORIENTED_EDGE('',*,*,#9572,.F.);
#9572 = EDGE_CURVE('',#9489,#9440,#9573,.T.);
#9573 = SURFACE_CURVE('',#9574,(#9578,#9584),.PCURVE_S1.);
#9574 = LINE('',#9575,#9576);
#9575 = CARTESIAN_POINT('',(7.476058227207,-35.91260093304,12.65));
#9576 = VECTOR('',#9577,1.);
#9577 = DIRECTION('',(-0.465746432833,0.884918222382,0.));
#9578 = PCURVE('',#6681,#9579);
#9579 = DEFINITIONAL_REPRESENTATION('',(#9580),#9583);
#9580 = B_SPLINE_CURVE_WITH_KNOTS('',1,(#9581,#9582),.UNSPECIFIED.,.F.,
  .F.,(2,2),(6.685135142417E-03,0.96405006011),
  .PIECEWISE_BEZIER_KNOTS.);
#9581 = CARTESIAN_POINT('',(0.,1.));
#9582 = CARTESIAN_POINT('',(1.073545527679,1.));
#9583 = ( GEOMETRIC_REPRESENTATION_CONTEXT(2) 
PARAMETRIC_REPRESENTATION_CONTEXT() REPRESENTATION_CONTEXT('2D SPACE',''
  ) );
#9584 = PCURVE('',#9402,#9585);
#9585 = DEFINITIONAL_REPRESENTATION('',(#9586),#9590);
#9586 = LINE('',#9587,#9588);
#9587 = CARTESIAN_POINT('',(1.37279076249,0.449002876568));
#9588 = VECTOR('',#9589,1.);
#9589 = DIRECTION('',(0.884918222382,-0.465746432833));
#9590 = ( GEOMETRIC_REPRESENTATION_CONTEXT(2) 
PARAMETRIC_REPRESENTATION_CONTEXT() REPRESENTATION_CONTEXT('2D SPACE',''
  ) );
#9591 = ADVANCED_FACE('',(#9592),#6648,.F.);
#9592 = FACE_BOUND('',#9593,.F.);
#9593 = EDGE_LOOP('',(#9594,#9595,#9616,#9617));
#9594 = ORIENTED_EDGE('',*,*,#9552,.T.);
#9595 = ORIENTED_EDGE('',*,*,#9596,.T.);
#9596 = EDGE_CURVE('',#9533,#7742,#9597,.T.);
#9597 = SURFACE_CURVE('',#9598,(#9602,#9609),.PCURVE_S1.);
#9598 = LINE('',#9599,#9600);
#9599 = CARTESIAN_POINT('',(7.05,-43.525,14.199));
#9600 = VECTOR('',#9601,1.);
#9601 = DIRECTION('',(0.,1.,0.));
#9602 = PCURVE('',#6648,#9603);
#9603 = DEFINITIONAL_REPRESENTATION('',(#9604),#9608);
#9604 = LINE('',#9605,#9606);
#9605 = CARTESIAN_POINT('',(22.2879041605,-6.586725524293));
#9606 = VECTOR('',#9607,1.);
#9607 = DIRECTION('',(0.93428730841,0.356521002668));
#9608 = ( GEOMETRIC_REPRESENTATION_CONTEXT(2) 
PARAMETRIC_REPRESENTATION_CONTEXT() REPRESENTATION_CONTEXT('2D SPACE',''
  ) );
#9609 = PCURVE('',#7773,#9610);
#9610 = DEFINITIONAL_REPRESENTATION('',(#9611),#9615);
#9611 = LINE('',#9612,#9613);
#9612 = CARTESIAN_POINT('',(0.,0.));
#9613 = VECTOR('',#9614,1.);
#9614 = DIRECTION('',(1.,0.));
#9615 = ( GEOMETRIC_REPRESENTATION_CONTEXT(2) 
PARAMETRIC_REPRESENTATION_CONTEXT() REPRESENTATION_CONTEXT('2D SPACE',''
  ) );
#9616 = ORIENTED_EDGE('',*,*,#7741,.T.);
#9617 = ORIENTED_EDGE('',*,*,#6634,.T.);
#9618 = ADVANCED_FACE('',(#9619),#6906,.F.);
#9619 = FACE_BOUND('',#9620,.F.);
#9620 = EDGE_LOOP('',(#9621,#9622,#9623,#9624,#9625,#9648));
#9621 = ORIENTED_EDGE('',*,*,#9338,.F.);
#9622 = ORIENTED_EDGE('',*,*,#6894,.T.);
#9623 = ORIENTED_EDGE('',*,*,#6922,.T.);
#9624 = ORIENTED_EDGE('',*,*,#6989,.T.);
#9625 = ORIENTED_EDGE('',*,*,#9626,.T.);
#9626 = EDGE_CURVE('',#6990,#9627,#9629,.T.);
#9627 = VERTEX_POINT('',#9628);
#9628 = CARTESIAN_POINT('',(7.476435662347,-36.39443721446,15.55));
#9629 = SURFACE_CURVE('',#9630,(#9634,#9641),.PCURVE_S1.);
#9630 = LINE('',#9631,#9632);
#9631 = CARTESIAN_POINT('',(6.978923415665,-37.38946170783,15.55));
#9632 = VECTOR('',#9633,1.);
#9633 = DIRECTION('',(0.4472135955,0.894427191,3.813589673156E-19));
#9634 = PCURVE('',#6906,#9635);
#9635 = DEFINITIONAL_REPRESENTATION('',(#9636),#9640);
#9636 = LINE('',#9637,#9638);
#9637 = CARTESIAN_POINT('',(1.350205642859,-1.20052212209E-17));
#9638 = VECTOR('',#9639,1.);
#9639 = DIRECTION('',(9.59257162593E-20,1.));
#9640 = ( GEOMETRIC_REPRESENTATION_CONTEXT(2) 
PARAMETRIC_REPRESENTATION_CONTEXT() REPRESENTATION_CONTEXT('2D SPACE',''
  ) );
#9641 = PCURVE('',#7032,#9642);
#9642 = DEFINITIONAL_REPRESENTATION('',(#9643),#9647);
#9643 = LINE('',#9644,#9645);
#9644 = CARTESIAN_POINT('',(-0.176261362973,-1.215839592565));
#9645 = VECTOR('',#9646,1.);
#9646 = DIRECTION('',(0.4472135955,0.894427191));
#9647 = ( GEOMETRIC_REPRESENTATION_CONTEXT(2) 
PARAMETRIC_REPRESENTATION_CONTEXT() REPRESENTATION_CONTEXT('2D SPACE',''
  ) );
#9648 = ORIENTED_EDGE('',*,*,#9649,.F.);
#9649 = EDGE_CURVE('',#9339,#9627,#9650,.T.);
#9650 = SURFACE_CURVE('',#9651,(#9655,#9661),.PCURVE_S1.);
#9651 = LINE('',#9652,#9653);
#9652 = CARTESIAN_POINT('',(7.5,-36.4,14.2));
#9653 = VECTOR('',#9654,1.);
#9654 = DIRECTION('',(-1.745225832039E-02,4.119919324499E-03,
    0.999839209545));
#9655 = PCURVE('',#6906,#9656);
#9656 = DEFINITIONAL_REPRESENTATION('',(#9657),#9660);
#9657 = B_SPLINE_CURVE_WITH_KNOTS('',1,(#9658,#9659),.UNSPECIFIED.,.F.,
  .F.,(2,2),(0.,1.350217102022),.PIECEWISE_BEZIER_KNOTS.);
#9658 = CARTESIAN_POINT('',(0.,1.11803398875));
#9659 = CARTESIAN_POINT('',(1.350205642859,1.112471203219));
#9660 = ( GEOMETRIC_REPRESENTATION_CONTEXT(2) 
PARAMETRIC_REPRESENTATION_CONTEXT() REPRESENTATION_CONTEXT('2D SPACE',''
  ) );
#9661 = PCURVE('',#9662,#9667);
#9662 = PLANE('',#9663);
#9663 = AXIS2_PLACEMENT_3D('',#9664,#9665,#9666);
#9664 = CARTESIAN_POINT('',(7.5,-36.4,14.2));
#9665 = DIRECTION('',(-0.999847695156,0.,-1.745240643728E-02));
#9666 = DIRECTION('',(-1.745240643728E-02,0.,0.999847695156));
#9667 = DEFINITIONAL_REPRESENTATION('',(#9668),#9671);
#9668 = B_SPLINE_CURVE_WITH_KNOTS('',1,(#9669,#9670),.UNSPECIFIED.,.F.,
  .F.,(2,2),(0.,1.350217102022),.PIECEWISE_BEZIER_KNOTS.);
#9669 = CARTESIAN_POINT('',(0.,0.));
#9670 = CARTESIAN_POINT('',(1.350205642859,5.562785530888E-03));
#9671 = ( GEOMETRIC_REPRESENTATION_CONTEXT(2) 
PARAMETRIC_REPRESENTATION_CONTEXT() REPRESENTATION_CONTEXT('2D SPACE',''
  ) );
#9672 = ADVANCED_FACE('',(#9673),#7126,.F.);
#9673 = FACE_BOUND('',#9674,.F.);
#9674 = EDGE_LOOP('',(#9675,#9702,#9703,#9728,#9746,#9747));
#9675 = ORIENTED_EDGE('',*,*,#9676,.F.);
#9676 = EDGE_CURVE('',#7691,#7147,#9677,.T.);
#9677 = SURFACE_CURVE('',#9678,(#9684,#9693),.PCURVE_S1.);
#9678 = B_SPLINE_CURVE_WITH_KNOTS('',4,(#9679,#9680,#9681,#9682,#9683),
  .UNSPECIFIED.,.F.,.F.,(5,5),(0.,1.),.PIECEWISE_BEZIER_KNOTS.);
#9679 = CARTESIAN_POINT('',(5.95001742822,-34.90001742822,
    14.199999106244));
#9680 = CARTESIAN_POINT('',(5.956340748743,-34.90634074874,
    14.562495614273));
#9681 = CARTESIAN_POINT('',(5.962664116714,-34.91266411671,
    14.92499484241));
#9682 = CARTESIAN_POINT('',(5.968987529771,-34.91898752977,
    15.287496655161));
#9683 = CARTESIAN_POINT('',(5.975310985786,-34.92531098578,15.6500009306
    ));
#9684 = PCURVE('',#7126,#9685);
#9685 = DEFINITIONAL_REPRESENTATION('',(#9686),#9692);
#9686 = B_SPLINE_CURVE_WITH_KNOTS('',4,(#9687,#9688,#9689,#9690,#9691),
  .UNSPECIFIED.,.F.,.F.,(5,5),(0.,1.),.PIECEWISE_BEZIER_KNOTS.);
#9687 = CARTESIAN_POINT('',(-0.410797117513,6.441695066507E-04));
#9688 = CARTESIAN_POINT('',(-0.401705274179,0.234362098603));
#9689 = CARTESIAN_POINT('',(-0.392766584846,0.468081780515));
#9690 = CARTESIAN_POINT('',(-0.383975459266,0.701803130342));
#9691 = CARTESIAN_POINT('',(-0.375326473829,0.93552606744));
#9692 = ( GEOMETRIC_REPRESENTATION_CONTEXT(2) 
PARAMETRIC_REPRESENTATION_CONTEXT() REPRESENTATION_CONTEXT('2D SPACE',''
  ) );
#9693 = PCURVE('',#7180,#9694);
#9694 = DEFINITIONAL_REPRESENTATION('',(#9695),#9701);
#9695 = B_SPLINE_CURVE_WITH_KNOTS('',4,(#9696,#9697,#9698,#9699,#9700),
  .UNSPECIFIED.,.F.,.F.,(5,5),(0.,1.),.PIECEWISE_BEZIER_KNOTS.);
#9696 = CARTESIAN_POINT('',(6.577020350314,6.441690805446E-04));
#9697 = CARTESIAN_POINT('',(6.564321538785,0.234362098177));
#9698 = CARTESIAN_POINT('',(6.551655323443,0.468081781051));
#9699 = CARTESIAN_POINT('',(6.539021520783,0.701803130342));
#9700 = CARTESIAN_POINT('',(6.526419949559,0.93552606744));
#9701 = ( GEOMETRIC_REPRESENTATION_CONTEXT(2) 
PARAMETRIC_REPRESENTATION_CONTEXT() REPRESENTATION_CONTEXT('2D SPACE',''
  ) );
#9702 = ORIENTED_EDGE('',*,*,#7690,.T.);
#9703 = ORIENTED_EDGE('',*,*,#9704,.T.);
#9704 = EDGE_CURVE('',#7693,#9705,#9707,.T.);
#9705 = VERTEX_POINT('',#9706);
#9706 = CARTESIAN_POINT('',(7.05,-34.90003488762,14.201));
#9707 = SURFACE_CURVE('',#9708,(#9711,#9717),.PCURVE_S1.);
#9708 = B_SPLINE_CURVE_WITH_KNOTS('',1,(#9709,#9710),.UNSPECIFIED.,.F.,
  .F.,(2,2),(0.,1.),.PIECEWISE_BEZIER_KNOTS.);
#9709 = CARTESIAN_POINT('',(7.049982539916,-34.90001742822,
    14.199999106244));
#9710 = CARTESIAN_POINT('',(7.05,-34.90003488762,14.201));
#9711 = PCURVE('',#7126,#9712);
#9712 = DEFINITIONAL_REPRESENTATION('',(#9713),#9716);
#9713 = B_SPLINE_CURVE_WITH_KNOTS('',1,(#9714,#9715),.UNSPECIFIED.,.F.,
  .F.,(2,2),(0.,1.),.PIECEWISE_BEZIER_KNOTS.);
#9714 = CARTESIAN_POINT('',(0.718908283683,6.441690805301E-04));
#9715 = CARTESIAN_POINT('',(0.718913664259,1.289490651192E-03));
#9716 = ( GEOMETRIC_REPRESENTATION_CONTEXT(2) 
PARAMETRIC_REPRESENTATION_CONTEXT() REPRESENTATION_CONTEXT('2D SPACE',''
  ) );
#9717 = PCURVE('',#9718,#9723);
#9718 = B_SPLINE_SURFACE_WITH_KNOTS('',1,1,(
    (#9719,#9720)
    ,(#9721,#9722
    )),.UNSPECIFIED.,.F.,.F.,.F.,(2,2),(2,2),(-18.475,18.475),(0.,1.),
  .PIECEWISE_BEZIER_KNOTS.);
#9719 = CARTESIAN_POINT('',(7.021199142868,-61.97119914286,12.55));
#9720 = CARTESIAN_POINT('',(7.05,-62.,14.201));
#9721 = CARTESIAN_POINT('',(7.021199142868,-25.07880085713,12.55));
#9722 = CARTESIAN_POINT('',(7.05,-25.05,14.201));
#9723 = DEFINITIONAL_REPRESENTATION('',(#9724),#9727);
#9724 = B_SPLINE_CURVE_WITH_KNOTS('',1,(#9725,#9726),.UNSPECIFIED.,.F.,
  .F.,(2,2),(0.,1.),.PIECEWISE_BEZIER_KNOTS.);
#9725 = CARTESIAN_POINT('',(8.62499072296,0.999393765139));
#9726 = CARTESIAN_POINT('',(8.624965112378,1.));
#9727 = ( GEOMETRIC_REPRESENTATION_CONTEXT(2) 
PARAMETRIC_REPRESENTATION_CONTEXT() REPRESENTATION_CONTEXT('2D SPACE',''
  ) );
#9728 = ORIENTED_EDGE('',*,*,#9729,.T.);
#9729 = EDGE_CURVE('',#9705,#7084,#9730,.T.);
#9730 = SURFACE_CURVE('',#9731,(#9734,#9740),.PCURVE_S1.);
#9731 = B_SPLINE_CURVE_WITH_KNOTS('',1,(#9732,#9733),.UNSPECIFIED.,.F.,
  .F.,(2,2),(0.,1.),.PIECEWISE_BEZIER_KNOTS.);
#9732 = CARTESIAN_POINT('',(7.350034887622,-34.90003488762,14.201));
#9733 = CARTESIAN_POINT('',(5.349965112378,-34.90003488762,14.201));
#9734 = PCURVE('',#7126,#9735);
#9735 = DEFINITIONAL_REPRESENTATION('',(#9736),#9739);
#9736 = B_SPLINE_CURVE_WITH_KNOTS('',1,(#9737,#9738),.UNSPECIFIED.,.F.,
  .F.,(2,2),(0.,1.),.PIECEWISE_BEZIER_KNOTS.);
#9737 = CARTESIAN_POINT('',(1.027055350639,1.289490651192E-03));
#9738 = CARTESIAN_POINT('',(-1.027055350639,1.289490651192E-03));
#9739 = ( GEOMETRIC_REPRESENTATION_CONTEXT(2) 
PARAMETRIC_REPRESENTATION_CONTEXT() REPRESENTATION_CONTEXT('2D SPACE',''
  ) );
#9740 = PCURVE('',#7097,#9741);
#9741 = DEFINITIONAL_REPRESENTATION('',(#9742),#9745);
#9742 = B_SPLINE_CURVE_WITH_KNOTS('',1,(#9743,#9744),.UNSPECIFIED.,.F.,
  .F.,(2,2),(0.,1.),.PIECEWISE_BEZIER_KNOTS.);
#9743 = CARTESIAN_POINT('',(30.453068339447,-3.792063102036));
#9744 = CARTESIAN_POINT('',(29.740001457771,-1.923423295091));
#9745 = ( GEOMETRIC_REPRESENTATION_CONTEXT(2) 
PARAMETRIC_REPRESENTATION_CONTEXT() REPRESENTATION_CONTEXT('2D SPACE',''
  ) );
#9746 = ORIENTED_EDGE('',*,*,#7108,.T.);
#9747 = ORIENTED_EDGE('',*,*,#7146,.T.);
#9748 = ADVANCED_FACE('',(#9749),#7097,.T.);
#9749 = FACE_BOUND('',#9750,.T.);
#9750 = EDGE_LOOP('',(#9751,#9772,#9793,#9794));
#9751 = ORIENTED_EDGE('',*,*,#9752,.T.);
#9752 = EDGE_CURVE('',#7044,#9753,#9755,.T.);
#9753 = VERTEX_POINT('',#9754);
#9754 = CARTESIAN_POINT('',(7.05,-35.04503747761,14.201));
#9755 = SURFACE_CURVE('',#9756,(#9760,#9766),.PCURVE_S1.);
#9756 = LINE('',#9757,#9758);
#9757 = CARTESIAN_POINT('',(11.300418393174,-43.12083242464,14.201));
#9758 = VECTOR('',#9759,1.);
#9759 = DIRECTION('',(0.465746432833,-0.884918222382,0.));
#9760 = PCURVE('',#7097,#9761);
#9761 = DEFINITIONAL_REPRESENTATION('',(#9762),#9765);
#9762 = B_SPLINE_CURVE_WITH_KNOTS('',1,(#9763,#9764),.UNSPECIFIED.,.F.,
  .F.,(2,2),(-9.194949241331,-8.159877503228),.PIECEWISE_BEZIER_KNOTS.);
#9763 = CARTESIAN_POINT('',(30.256158295438,-3.511711720837));
#9764 = CARTESIAN_POINT('',(29.572266235983,-4.288670634832));
#9765 = ( GEOMETRIC_REPRESENTATION_CONTEXT(2) 
PARAMETRIC_REPRESENTATION_CONTEXT() REPRESENTATION_CONTEXT('2D SPACE',''
  ) );
#9766 = PCURVE('',#7067,#9767);
#9767 = DEFINITIONAL_REPRESENTATION('',(#9768),#9771);
#9768 = B_SPLINE_CURVE_WITH_KNOTS('',1,(#9769,#9770),.UNSPECIFIED.,.F.,
  .F.,(2,2),(-9.194949241331,-8.159877503228),.PIECEWISE_BEZIER_KNOTS.);
#9769 = CARTESIAN_POINT('',(1.000152328043E-03,1.035071738104));
#9770 = CARTESIAN_POINT('',(1.000152328043E-03,0.));
#9771 = ( GEOMETRIC_REPRESENTATION_CONTEXT(2) 
PARAMETRIC_REPRESENTATION_CONTEXT() REPRESENTATION_CONTEXT('2D SPACE',''
  ) );
#9772 = ORIENTED_EDGE('',*,*,#9773,.T.);
#9773 = EDGE_CURVE('',#9753,#9705,#9774,.T.);
#9774 = SURFACE_CURVE('',#9775,(#9779,#9786),.PCURVE_S1.);
#9775 = LINE('',#9776,#9777);
#9776 = CARTESIAN_POINT('',(7.05,-43.525,14.201));
#9777 = VECTOR('',#9778,1.);
#9778 = DIRECTION('',(0.,1.,0.));
#9779 = PCURVE('',#7097,#9780);
#9780 = DEFINITIONAL_REPRESENTATION('',(#9781),#9785);
#9781 = LINE('',#9782,#9783);
#9782 = CARTESIAN_POINT('',(22.2879041605,-6.586725524293));
#9783 = VECTOR('',#9784,1.);
#9784 = DIRECTION('',(0.93428730841,0.356521002668));
#9785 = ( GEOMETRIC_REPRESENTATION_CONTEXT(2) 
PARAMETRIC_REPRESENTATION_CONTEXT() REPRESENTATION_CONTEXT('2D SPACE',''
  ) );
#9786 = PCURVE('',#9718,#9787);
#9787 = DEFINITIONAL_REPRESENTATION('',(#9788),#9792);
#9788 = LINE('',#9789,#9790);
#9789 = CARTESIAN_POINT('',(0.,1.));
#9790 = VECTOR('',#9791,1.);
#9791 = DIRECTION('',(1.,0.));
#9792 = ( GEOMETRIC_REPRESENTATION_CONTEXT(2) 
PARAMETRIC_REPRESENTATION_CONTEXT() REPRESENTATION_CONTEXT('2D SPACE',''
  ) );
#9793 = ORIENTED_EDGE('',*,*,#9729,.T.);
#9794 = ORIENTED_EDGE('',*,*,#7083,.T.);
#9795 = ADVANCED_FACE('',(#9796),#7067,.F.);
#9796 = FACE_BOUND('',#9797,.F.);
#9797 = EDGE_LOOP('',(#9798,#9799,#9820,#9841,#9842,#9843));
#9798 = ORIENTED_EDGE('',*,*,#9510,.F.);
#9799 = ORIENTED_EDGE('',*,*,#9800,.T.);
#9800 = EDGE_CURVE('',#9487,#9801,#9803,.T.);
#9801 = VERTEX_POINT('',#9802);
#9802 = CARTESIAN_POINT('',(7.476435662347,-35.90582253706,15.55));
#9803 = SURFACE_CURVE('',#9804,(#9808,#9814),.PCURVE_S1.);
#9804 = LINE('',#9805,#9806);
#9805 = CARTESIAN_POINT('',(7.5,-35.9,14.2));
#9806 = VECTOR('',#9807,1.);
#9807 = DIRECTION('',(-1.745224416515E-02,-4.312293429139E-03,
    0.999838398592));
#9808 = PCURVE('',#7067,#9809);
#9809 = DEFINITIONAL_REPRESENTATION('',(#9810),#9813);
#9810 = B_SPLINE_CURVE_WITH_KNOTS('',1,(#9811,#9812),.UNSPECIFIED.,.F.,
  .F.,(2,2),(0.,1.350218197162),.PIECEWISE_BEZIER_KNOTS.);
#9811 = CARTESIAN_POINT('',(0.,0.));
#9812 = CARTESIAN_POINT('',(1.350205642859,5.822537059524E-03));
#9813 = ( GEOMETRIC_REPRESENTATION_CONTEXT(2) 
PARAMETRIC_REPRESENTATION_CONTEXT() REPRESENTATION_CONTEXT('2D SPACE',''
  ) );
#9814 = PCURVE('',#9662,#9815);
#9815 = DEFINITIONAL_REPRESENTATION('',(#9816),#9819);
#9816 = B_SPLINE_CURVE_WITH_KNOTS('',1,(#9817,#9818),.UNSPECIFIED.,.F.,
  .F.,(2,2),(0.,1.350218197162),.PIECEWISE_BEZIER_KNOTS.);
#9817 = CARTESIAN_POINT('',(0.,0.5));
#9818 = CARTESIAN_POINT('',(1.350205642859,0.49417746294));
#9819 = ( GEOMETRIC_REPRESENTATION_CONTEXT(2) 
PARAMETRIC_REPRESENTATION_CONTEXT() REPRESENTATION_CONTEXT('2D SPACE',''
  ) );
#9820 = ORIENTED_EDGE('',*,*,#9821,.T.);
#9821 = EDGE_CURVE('',#9801,#7019,#9822,.T.);
#9822 = SURFACE_CURVE('',#9823,(#9827,#9834),.PCURVE_S1.);
#9823 = LINE('',#9824,#9825);
#9824 = CARTESIAN_POINT('',(7.479147488212,-35.9109750062,15.55));
#9825 = VECTOR('',#9826,1.);
#9826 = DIRECTION('',(-0.465746432833,0.884918222382,3.04037892645E-19)
  );
#9827 = PCURVE('',#7067,#9828);
#9828 = DEFINITIONAL_REPRESENTATION('',(#9829),#9833);
#9829 = LINE('',#9830,#9831);
#9830 = CARTESIAN_POINT('',(1.350205642859,1.26589454444E-17));
#9831 = VECTOR('',#9832,1.);
#9832 = DIRECTION('',(3.494828504016E-19,1.));
#9833 = ( GEOMETRIC_REPRESENTATION_CONTEXT(2) 
PARAMETRIC_REPRESENTATION_CONTEXT() REPRESENTATION_CONTEXT('2D SPACE',''
  ) );
#9834 = PCURVE('',#7032,#9835);
#9835 = DEFINITIONAL_REPRESENTATION('',(#9836),#9840);
#9836 = LINE('',#9837,#9838);
#9837 = CARTESIAN_POINT('',(0.323962709574,0.262647109064));
#9838 = VECTOR('',#9839,1.);
#9839 = DIRECTION('',(-0.465746432833,0.884918222382));
#9840 = ( GEOMETRIC_REPRESENTATION_CONTEXT(2) 
PARAMETRIC_REPRESENTATION_CONTEXT() REPRESENTATION_CONTEXT('2D SPACE',''
  ) );
#9841 = ORIENTED_EDGE('',*,*,#7043,.F.);
#9842 = ORIENTED_EDGE('',*,*,#9752,.T.);
#9843 = ORIENTED_EDGE('',*,*,#9844,.F.);
#9844 = EDGE_CURVE('',#9511,#9753,#9845,.T.);
#9845 = SURFACE_CURVE('',#9846,(#9849,#9855),.PCURVE_S1.);
#9846 = B_SPLINE_CURVE_WITH_KNOTS('',1,(#9847,#9848),.UNSPECIFIED.,.F.,
  .F.,(2,2),(0.,1.),.PIECEWISE_BEZIER_KNOTS.);
#9847 = CARTESIAN_POINT('',(7.049982555507,-35.04496685546,14.2));
#9848 = CARTESIAN_POINT('',(7.05,-35.04503747761,14.201));
#9849 = PCURVE('',#7067,#9850);
#9850 = DEFINITIONAL_REPRESENTATION('',(#9851),#9854);
#9851 = B_SPLINE_CURVE_WITH_KNOTS('',1,(#9852,#9853),.UNSPECIFIED.,.F.,
  .F.,(2,2),(0.,1.),.PIECEWISE_BEZIER_KNOTS.);
#9852 = CARTESIAN_POINT('',(-3.181099085856E-15,0.966228429825));
#9853 = CARTESIAN_POINT('',(1.000152328043E-03,0.966157810288));
#9854 = ( GEOMETRIC_REPRESENTATION_CONTEXT(2) 
PARAMETRIC_REPRESENTATION_CONTEXT() REPRESENTATION_CONTEXT('2D SPACE',''
  ) );
#9855 = PCURVE('',#9718,#9856);
#9856 = DEFINITIONAL_REPRESENTATION('',(#9857),#9860);
#9857 = B_SPLINE_CURVE_WITH_KNOTS('',1,(#9858,#9859),.UNSPECIFIED.,.F.,
  .F.,(2,2),(0.,1.),.PIECEWISE_BEZIER_KNOTS.);
#9858 = CARTESIAN_POINT('',(8.480041151573,0.999394306481));
#9859 = CARTESIAN_POINT('',(8.479962522386,1.));
#9860 = ( GEOMETRIC_REPRESENTATION_CONTEXT(2) 
PARAMETRIC_REPRESENTATION_CONTEXT() REPRESENTATION_CONTEXT('2D SPACE',''
  ) );
#9861 = ADVANCED_FACE('',(#9862),#7032,.T.);
#9862 = FACE_BOUND('',#9863,.T.);
#9863 = EDGE_LOOP('',(#9864,#9865,#9866,#9887));
#9864 = ORIENTED_EDGE('',*,*,#7018,.T.);
#9865 = ORIENTED_EDGE('',*,*,#9626,.T.);
#9866 = ORIENTED_EDGE('',*,*,#9867,.T.);
#9867 = EDGE_CURVE('',#9627,#9801,#9868,.T.);
#9868 = SURFACE_CURVE('',#9869,(#9873,#9880),.PCURVE_S1.);
#9869 = LINE('',#9870,#9871);
#9870 = CARTESIAN_POINT('',(7.476435662347,-36.4,15.55));
#9871 = VECTOR('',#9872,1.);
#9872 = DIRECTION('',(0.,1.,0.));
#9873 = PCURVE('',#7032,#9874);
#9874 = DEFINITIONAL_REPRESENTATION('',(#9875),#9879);
#9875 = LINE('',#9876,#9877);
#9876 = CARTESIAN_POINT('',(0.321250883709,-0.226377884732));
#9877 = VECTOR('',#9878,1.);
#9878 = DIRECTION('',(0.,1.));
#9879 = ( GEOMETRIC_REPRESENTATION_CONTEXT(2) 
PARAMETRIC_REPRESENTATION_CONTEXT() REPRESENTATION_CONTEXT('2D SPACE',''
  ) );
#9880 = PCURVE('',#9662,#9881);
#9881 = DEFINITIONAL_REPRESENTATION('',(#9882),#9886);
#9882 = LINE('',#9883,#9884);
#9883 = CARTESIAN_POINT('',(1.350205642859,0.));
#9884 = VECTOR('',#9885,1.);
#9885 = DIRECTION('',(0.,1.));
#9886 = ( GEOMETRIC_REPRESENTATION_CONTEXT(2) 
PARAMETRIC_REPRESENTATION_CONTEXT() REPRESENTATION_CONTEXT('2D SPACE',''
  ) );
#9887 = ORIENTED_EDGE('',*,*,#9821,.T.);
#9888 = ADVANCED_FACE('',(#9889),#7180,.F.);
#9889 = FACE_BOUND('',#9890,.F.);
#9890 = EDGE_LOOP('',(#9891,#9911,#9912,#9913));
#9891 = ORIENTED_EDGE('',*,*,#9892,.F.);
#9892 = EDGE_CURVE('',#7788,#7167,#9893,.T.);
#9893 = SURFACE_CURVE('',#9894,(#9897,#9904),.PCURVE_S1.);
#9894 = B_SPLINE_CURVE_WITH_KNOTS('',1,(#9895,#9896),.UNSPECIFIED.,.F.,
  .F.,(2,2),(0.,1.),.PIECEWISE_BEZIER_KNOTS.);
#9895 = CARTESIAN_POINT('',(5.95,-48.,14.199));
#9896 = CARTESIAN_POINT('',(5.977055350639,-48.02705535063,15.75));
#9897 = PCURVE('',#7180,#9898);
#9898 = DEFINITIONAL_REPRESENTATION('',(#9899),#9903);
#9899 = LINE('',#9900,#9901);
#9900 = CARTESIAN_POINT('',(-6.577055350639,0.));
#9901 = VECTOR('',#9902,1.);
#9902 = DIRECTION('',(0.,1.));
#9903 = ( GEOMETRIC_REPRESENTATION_CONTEXT(2) 
PARAMETRIC_REPRESENTATION_CONTEXT() REPRESENTATION_CONTEXT('2D SPACE',''
  ) );
#9904 = PCURVE('',#7205,#9905);
#9905 = DEFINITIONAL_REPRESENTATION('',(#9906),#9910);
#9906 = LINE('',#9907,#9908);
#9907 = CARTESIAN_POINT('',(0.327055350639,0.));
#9908 = VECTOR('',#9909,1.);
#9909 = DIRECTION('',(0.,1.));
#9910 = ( GEOMETRIC_REPRESENTATION_CONTEXT(2) 
PARAMETRIC_REPRESENTATION_CONTEXT() REPRESENTATION_CONTEXT('2D SPACE',''
  ) );
#9911 = ORIENTED_EDGE('',*,*,#7811,.T.);
#9912 = ORIENTED_EDGE('',*,*,#9676,.T.);
#9913 = ORIENTED_EDGE('',*,*,#7166,.T.);
#9914 = ADVANCED_FACE('',(#9915),#7205,.F.);
#9915 = FACE_BOUND('',#9916,.F.);
#9916 = EDGE_LOOP('',(#9917,#9936,#9937,#9938));
#9917 = ORIENTED_EDGE('',*,*,#9918,.F.);
#9918 = EDGE_CURVE('',#7835,#7192,#9919,.T.);
#9919 = SURFACE_CURVE('',#9920,(#9923,#9930),.PCURVE_S1.);
#9920 = B_SPLINE_CURVE_WITH_KNOTS('',1,(#9921,#9922),.UNSPECIFIED.,.F.,
  .F.,(2,2),(0.,1.),.PIECEWISE_BEZIER_KNOTS.);
#9921 = CARTESIAN_POINT('',(5.35,-48.,14.199));
#9922 = CARTESIAN_POINT('',(5.322944649361,-48.02705535063,15.75));
#9923 = PCURVE('',#7205,#9924);
#9924 = DEFINITIONAL_REPRESENTATION('',(#9925),#9929);
#9925 = LINE('',#9926,#9927);
#9926 = CARTESIAN_POINT('',(-0.327055350639,0.));
#9927 = VECTOR('',#9928,1.);
#9928 = DIRECTION('',(0.,1.));
#9929 = ( GEOMETRIC_REPRESENTATION_CONTEXT(2) 
PARAMETRIC_REPRESENTATION_CONTEXT() REPRESENTATION_CONTEXT('2D SPACE',''
  ) );
#9930 = PCURVE('',#7232,#9931);
#9931 = DEFINITIONAL_REPRESENTATION('',(#9932),#9935);
#9932 = B_SPLINE_CURVE_WITH_KNOTS('',1,(#9933,#9934),.UNSPECIFIED.,.F.,
  .F.,(2,2),(0.,1.),.PIECEWISE_BEZIER_KNOTS.);
#9933 = CARTESIAN_POINT('',(13.35,-0.775617978131));
#9934 = CARTESIAN_POINT('',(13.377055350639,0.775617978131));
#9935 = ( GEOMETRIC_REPRESENTATION_CONTEXT(2) 
PARAMETRIC_REPRESENTATION_CONTEXT() REPRESENTATION_CONTEXT('2D SPACE',''
  ) );
#9936 = ORIENTED_EDGE('',*,*,#7882,.T.);
#9937 = ORIENTED_EDGE('',*,*,#9892,.T.);
#9938 = ORIENTED_EDGE('',*,*,#7191,.T.);
#9939 = ADVANCED_FACE('',(#9940),#7232,.F.);
#9940 = FACE_BOUND('',#9941,.F.);
#9941 = EDGE_LOOP('',(#9942,#9943,#9944,#9945));
#9942 = ORIENTED_EDGE('',*,*,#7496,.F.);
#9943 = ORIENTED_EDGE('',*,*,#7855,.T.);
#9944 = ORIENTED_EDGE('',*,*,#9918,.T.);
#9945 = ORIENTED_EDGE('',*,*,#7216,.T.);
#9946 = ADVANCED_FACE('',(#9947),#7325,.F.);
#9947 = FACE_BOUND('',#9948,.F.);
#9948 = EDGE_LOOP('',(#9949,#9950,#9973,#10000));
#9949 = ORIENTED_EDGE('',*,*,#7308,.F.);
#9950 = ORIENTED_EDGE('',*,*,#9951,.F.);
#9951 = EDGE_CURVE('',#9952,#7309,#9954,.T.);
#9952 = VERTEX_POINT('',#9953);
#9953 = CARTESIAN_POINT('',(1.2,-40.,14.2));
#9954 = SEAM_CURVE('',#9955,(#9959,#9966),.PCURVE_S1.);
#9955 = LINE('',#9956,#9957);
#9956 = CARTESIAN_POINT('',(1.199982544935,-40.,14.199));
#9957 = VECTOR('',#9958,1.);
#9958 = DIRECTION('',(1.745240643728E-02,-4.274606736168E-18,
    0.999847695156));
#9959 = PCURVE('',#7325,#9960);
#9960 = DEFINITIONAL_REPRESENTATION('',(#9961),#9965);
#9961 = LINE('',#9962,#9963);
#9962 = CARTESIAN_POINT('',(6.28318530718,-0.));
#9963 = VECTOR('',#9964,1.);
#9964 = DIRECTION('',(0.,1.));
#9965 = ( GEOMETRIC_REPRESENTATION_CONTEXT(2) 
PARAMETRIC_REPRESENTATION_CONTEXT() REPRESENTATION_CONTEXT('2D SPACE',''
  ) );
#9966 = PCURVE('',#7325,#9967);
#9967 = DEFINITIONAL_REPRESENTATION('',(#9968),#9972);
#9968 = LINE('',#9969,#9970);
#9969 = CARTESIAN_POINT('',(0.,-0.));
#9970 = VECTOR('',#9971,1.);
#9971 = DIRECTION('',(0.,1.));
#9972 = ( GEOMETRIC_REPRESENTATION_CONTEXT(2) 
PARAMETRIC_REPRESENTATION_CONTEXT() REPRESENTATION_CONTEXT('2D SPACE',''
  ) );
#9973 = ORIENTED_EDGE('',*,*,#9974,.T.);
#9974 = EDGE_CURVE('',#9952,#9952,#9975,.T.);
#9975 = SURFACE_CURVE('',#9976,(#9981,#9988),.PCURVE_S1.);
#9976 = CIRCLE('',#9977,1.2);
#9977 = AXIS2_PLACEMENT_3D('',#9978,#9979,#9980);
#9978 = CARTESIAN_POINT('',(0.,-40.,14.2));
#9979 = DIRECTION('',(0.,0.,1.));
#9980 = DIRECTION('',(0.,-1.,0.));
#9981 = PCURVE('',#7325,#9982);
#9982 = DEFINITIONAL_REPRESENTATION('',(#9983),#9987);
#9983 = LINE('',#9984,#9985);
#9984 = CARTESIAN_POINT('',(-1.570796326795,9.999999999177E-04));
#9985 = VECTOR('',#9986,1.);
#9986 = DIRECTION('',(1.,0.));
#9987 = ( GEOMETRIC_REPRESENTATION_CONTEXT(2) 
PARAMETRIC_REPRESENTATION_CONTEXT() REPRESENTATION_CONTEXT('2D SPACE',''
  ) );
#9988 = PCURVE('',#9989,#9994);
#9989 = CONICAL_SURFACE('',#9990,1.215884109085,1.745329251994E-02);
#9990 = AXIS2_PLACEMENT_3D('',#9991,#9992,#9993);
#9991 = CARTESIAN_POINT('',(0.,-40.,13.29));
#9992 = DIRECTION('',(0.,0.,-1.));
#9993 = DIRECTION('',(1.,0.,0.));
#9994 = DEFINITIONAL_REPRESENTATION('',(#9995),#9999);
#9995 = LINE('',#9996,#9997);
#9996 = CARTESIAN_POINT('',(1.570796326795,-0.91));
#9997 = VECTOR('',#9998,1.);
#9998 = DIRECTION('',(-1.,-0.));
#9999 = ( GEOMETRIC_REPRESENTATION_CONTEXT(2) 
PARAMETRIC_REPRESENTATION_CONTEXT() REPRESENTATION_CONTEXT('2D SPACE',''
  ) );
#10000 = ORIENTED_EDGE('',*,*,#9951,.T.);
#10001 = ADVANCED_FACE('',(#10002),#7773,.T.);
#10002 = FACE_BOUND('',#10003,.T.);
#10003 = EDGE_LOOP('',(#10004,#10005,#10006,#10007));
#10004 = ORIENTED_EDGE('',*,*,#9532,.F.);
#10005 = ORIENTED_EDGE('',*,*,#9596,.T.);
#10006 = ORIENTED_EDGE('',*,*,#7761,.T.);
#10007 = ORIENTED_EDGE('',*,*,#10008,.T.);
#10008 = EDGE_CURVE('',#7693,#9511,#10009,.T.);
#10009 = SURFACE_CURVE('',#10010,(#10013,#10019),.PCURVE_S1.);
#10010 = B_SPLINE_CURVE_WITH_KNOTS('',1,(#10011,#10012),.UNSPECIFIED.,
  .F.,.F.,(2,2),(0.,1.),.PIECEWISE_BEZIER_KNOTS.);
#10011 = CARTESIAN_POINT('',(7.049982556236,-25.05001744376,
    14.20000004177));
#10012 = CARTESIAN_POINT('',(7.049982556236,-61.99998255623,
    14.20000004177));
#10013 = PCURVE('',#7773,#10014);
#10014 = DEFINITIONAL_REPRESENTATION('',(#10015),#10018);
#10015 = B_SPLINE_CURVE_WITH_KNOTS('',1,(#10016,#10017),.UNSPECIFIED.,
  .F.,.F.,(2,2),(0.,1.),.PIECEWISE_BEZIER_KNOTS.);
#10016 = CARTESIAN_POINT('',(18.475,6.892086631407E-04));
#10017 = CARTESIAN_POINT('',(-18.475,6.892086631406E-04));
#10018 = ( GEOMETRIC_REPRESENTATION_CONTEXT(2) 
PARAMETRIC_REPRESENTATION_CONTEXT() REPRESENTATION_CONTEXT('2D SPACE',''
  ) );
#10019 = PCURVE('',#9718,#10020);
#10020 = DEFINITIONAL_REPRESENTATION('',(#10021),#10024);
#10021 = B_SPLINE_CURVE_WITH_KNOTS('',1,(#10022,#10023),.UNSPECIFIED.,
  .F.,.F.,(2,2),(0.,1.),.PIECEWISE_BEZIER_KNOTS.);
#10022 = CARTESIAN_POINT('',(18.474999998767,0.999394331781));
#10023 = CARTESIAN_POINT('',(-18.47499999975,0.999394331781));
#10024 = ( GEOMETRIC_REPRESENTATION_CONTEXT(2) 
PARAMETRIC_REPRESENTATION_CONTEXT() REPRESENTATION_CONTEXT('2D SPACE',''
  ) );
#10025 = ADVANCED_FACE('',(#10026),#7961,.F.);
#10026 = FACE_BOUND('',#10027,.F.);
#10027 = EDGE_LOOP('',(#10028,#10029,#10030,#10031));
#10028 = ORIENTED_EDGE('',*,*,#8025,.F.);
#10029 = ORIENTED_EDGE('',*,*,#7948,.T.);
#10030 = ORIENTED_EDGE('',*,*,#8000,.T.);
#10031 = ORIENTED_EDGE('',*,*,#8072,.F.);
#10032 = ADVANCED_FACE('',(#10033,#10295),#8163,.F.);
#10033 = FACE_BOUND('',#10034,.F.);
#10034 = EDGE_LOOP('',(#10035,#10036,#10037,#10038,#10058,#10083,#10101,
    #10102,#10122,#10147,#10165,#10166,#10167,#10168,#10188,#10213,
    #10231,#10232,#10252,#10277));
#10035 = ORIENTED_EDGE('',*,*,#8577,.F.);
#10036 = ORIENTED_EDGE('',*,*,#8525,.T.);
#10037 = ORIENTED_EDGE('',*,*,#8383,.T.);
#10038 = ORIENTED_EDGE('',*,*,#10039,.T.);
#10039 = EDGE_CURVE('',#8350,#10040,#10042,.T.);
#10040 = VERTEX_POINT('',#10041);
#10041 = CARTESIAN_POINT('',(2.91606557377,-50.55393442623,13.3));
#10042 = SURFACE_CURVE('',#10043,(#10046,#10052),.PCURVE_S1.);
#10043 = B_SPLINE_CURVE_WITH_KNOTS('',1,(#10044,#10045),.UNSPECIFIED.,
  .F.,.F.,(2,2),(0.,1.),.PIECEWISE_BEZIER_KNOTS.);
#10044 = CARTESIAN_POINT('',(3.07393442623,-50.55393442623,13.3));
#10045 = CARTESIAN_POINT('',(2.91606557377,-50.55393442623,13.3));
#10046 = PCURVE('',#8163,#10047);
#10047 = DEFINITIONAL_REPRESENTATION('',(#10048),#10051);
#10048 = B_SPLINE_CURVE_WITH_KNOTS('',1,(#10049,#10050),.UNSPECIFIED.,
  .F.,.F.,(2,2),(0.,1.),.PIECEWISE_BEZIER_KNOTS.);
#10049 = CARTESIAN_POINT('',(6.679731550393,-4.88388930314));
#10050 = CARTESIAN_POINT('',(6.648492577382,-4.729142086228));
#10051 = ( GEOMETRIC_REPRESENTATION_CONTEXT(2) 
PARAMETRIC_REPRESENTATION_CONTEXT() REPRESENTATION_CONTEXT('2D SPACE',''
  ) );
#10052 = PCURVE('',#8369,#10053);
#10053 = DEFINITIONAL_REPRESENTATION('',(#10054),#10057);
#10054 = B_SPLINE_CURVE_WITH_KNOTS('',1,(#10055,#10056),.UNSPECIFIED.,
  .F.,.F.,(2,2),(0.,1.),.PIECEWISE_BEZIER_KNOTS.);
#10055 = CARTESIAN_POINT('',(7.9E-02,0.983606557377));
#10056 = CARTESIAN_POINT('',(-7.9E-02,0.983606557377));
#10057 = ( GEOMETRIC_REPRESENTATION_CONTEXT(2) 
PARAMETRIC_REPRESENTATION_CONTEXT() REPRESENTATION_CONTEXT('2D SPACE',''
  ) );
#10058 = ORIENTED_EDGE('',*,*,#10059,.T.);
#10059 = EDGE_CURVE('',#10040,#10060,#10062,.T.);
#10060 = VERTEX_POINT('',#10061);
#10061 = CARTESIAN_POINT('',(2.91606557377,-49.74606557377,13.3));
#10062 = SURFACE_CURVE('',#10063,(#10066,#10072),.PCURVE_S1.);
#10063 = B_SPLINE_CURVE_WITH_KNOTS('',1,(#10064,#10065),.UNSPECIFIED.,
  .F.,.F.,(2,2),(0.,1.),.PIECEWISE_BEZIER_KNOTS.);
#10064 = CARTESIAN_POINT('',(2.91606557377,-50.55393442623,13.3));
#10065 = CARTESIAN_POINT('',(2.91606557377,-49.74606557377,13.3));
#10066 = PCURVE('',#8163,#10067);
#10067 = DEFINITIONAL_REPRESENTATION('',(#10068),#10071);
#10068 = B_SPLINE_CURVE_WITH_KNOTS('',1,(#10069,#10070),.UNSPECIFIED.,
  .F.,.F.,(2,2),(0.,1.),.PIECEWISE_BEZIER_KNOTS.);
#10069 = CARTESIAN_POINT('',(6.648492577382,-4.729142086228));
#10070 = CARTESIAN_POINT('',(7.440386954267,-4.569281588822));
#10071 = ( GEOMETRIC_REPRESENTATION_CONTEXT(2) 
PARAMETRIC_REPRESENTATION_CONTEXT() REPRESENTATION_CONTEXT('2D SPACE',''
  ) );
#10072 = PCURVE('',#10073,#10078);
#10073 = B_SPLINE_SURFACE_WITH_KNOTS('',1,1,(
    (#10074,#10075)
    ,(#10076,#10077
    )),.UNSPECIFIED.,.F.,.F.,.F.,(2,2),(2,2),(-0.404,0.404),(0.,1.),
  .PIECEWISE_BEZIER_KNOTS.);
#10074 = CARTESIAN_POINT('',(2.92,-49.75,12.7));
#10075 = CARTESIAN_POINT('',(2.916,-49.746,13.31));
#10076 = CARTESIAN_POINT('',(2.92,-50.55,12.7));
#10077 = CARTESIAN_POINT('',(2.916,-50.554,13.31));
#10078 = DEFINITIONAL_REPRESENTATION('',(#10079),#10082);
#10079 = B_SPLINE_CURVE_WITH_KNOTS('',1,(#10080,#10081),.UNSPECIFIED.,
  .F.,.F.,(2,2),(0.,1.),.PIECEWISE_BEZIER_KNOTS.);
#10080 = CARTESIAN_POINT('',(0.404,0.983606557377));
#10081 = CARTESIAN_POINT('',(-0.404,0.983606557377));
#10082 = ( GEOMETRIC_REPRESENTATION_CONTEXT(2) 
PARAMETRIC_REPRESENTATION_CONTEXT() REPRESENTATION_CONTEXT('2D SPACE',''
  ) );
#10083 = ORIENTED_EDGE('',*,*,#10084,.T.);
#10084 = EDGE_CURVE('',#10060,#8269,#10085,.T.);
#10085 = SURFACE_CURVE('',#10086,(#10089,#10095),.PCURVE_S1.);
#10086 = B_SPLINE_CURVE_WITH_KNOTS('',1,(#10087,#10088),.UNSPECIFIED.,
  .F.,.F.,(2,2),(0.,1.),.PIECEWISE_BEZIER_KNOTS.);
#10087 = CARTESIAN_POINT('',(2.91606557377,-49.74606557377,13.3));
#10088 = CARTESIAN_POINT('',(3.07393442623,-49.74606557377,13.3));
#10089 = PCURVE('',#8163,#10090);
#10090 = DEFINITIONAL_REPRESENTATION('',(#10091),#10094);
#10091 = B_SPLINE_CURVE_WITH_KNOTS('',1,(#10092,#10093),.UNSPECIFIED.,
  .F.,.F.,(2,2),(0.,1.),.PIECEWISE_BEZIER_KNOTS.);
#10092 = CARTESIAN_POINT('',(7.440386954267,-4.569281588822));
#10093 = CARTESIAN_POINT('',(7.471625927279,-4.724028805734));
#10094 = ( GEOMETRIC_REPRESENTATION_CONTEXT(2) 
PARAMETRIC_REPRESENTATION_CONTEXT() REPRESENTATION_CONTEXT('2D SPACE',''
  ) );
#10095 = PCURVE('',#8310,#10096);
#10096 = DEFINITIONAL_REPRESENTATION('',(#10097),#10100);
#10097 = B_SPLINE_CURVE_WITH_KNOTS('',1,(#10098,#10099),.UNSPECIFIED.,
  .F.,.F.,(2,2),(0.,1.),.PIECEWISE_BEZIER_KNOTS.);
#10098 = CARTESIAN_POINT('',(7.9E-02,0.983606557377));
#10099 = CARTESIAN_POINT('',(-7.9E-02,0.983606557377));
#10100 = ( GEOMETRIC_REPRESENTATION_CONTEXT(2) 
PARAMETRIC_REPRESENTATION_CONTEXT() REPRESENTATION_CONTEXT('2D SPACE',''
  ) );
#10101 = ORIENTED_EDGE('',*,*,#8268,.T.);
#10102 = ORIENTED_EDGE('',*,*,#10103,.T.);
#10103 = EDGE_CURVE('',#8235,#10104,#10106,.T.);
#10104 = VERTEX_POINT('',#10105);
#10105 = CARTESIAN_POINT('',(2.91606557377,-32.45393442623,13.3));
#10106 = SURFACE_CURVE('',#10107,(#10110,#10116),.PCURVE_S1.);
#10107 = B_SPLINE_CURVE_WITH_KNOTS('',1,(#10108,#10109),.UNSPECIFIED.,
  .F.,.F.,(2,2),(0.,1.),.PIECEWISE_BEZIER_KNOTS.);
#10108 = CARTESIAN_POINT('',(3.07393442623,-32.45393442623,13.3));
#10109 = CARTESIAN_POINT('',(2.91606557377,-32.45393442623,13.3));
#10110 = PCURVE('',#8163,#10111);
#10111 = DEFINITIONAL_REPRESENTATION('',(#10112),#10115);
#10112 = B_SPLINE_CURVE_WITH_KNOTS('',1,(#10113,#10114),.UNSPECIFIED.,
  .F.,.F.,(2,2),(0.,1.),.PIECEWISE_BEZIER_KNOTS.);
#10113 = CARTESIAN_POINT('',(24.421829389661,-1.302274546935));
#10114 = CARTESIAN_POINT('',(24.390590416649,-1.147527330024));
#10115 = ( GEOMETRIC_REPRESENTATION_CONTEXT(2) 
PARAMETRIC_REPRESENTATION_CONTEXT() REPRESENTATION_CONTEXT('2D SPACE',''
  ) );
#10116 = PCURVE('',#8254,#10117);
#10117 = DEFINITIONAL_REPRESENTATION('',(#10118),#10121);
#10118 = B_SPLINE_CURVE_WITH_KNOTS('',1,(#10119,#10120),.UNSPECIFIED.,
  .F.,.F.,(2,2),(0.,1.),.PIECEWISE_BEZIER_KNOTS.);
#10119 = CARTESIAN_POINT('',(7.9E-02,0.983606557377));
#10120 = CARTESIAN_POINT('',(-7.9E-02,0.983606557377));
#10121 = ( GEOMETRIC_REPRESENTATION_CONTEXT(2) 
PARAMETRIC_REPRESENTATION_CONTEXT() REPRESENTATION_CONTEXT('2D SPACE',''
  ) );
#10122 = ORIENTED_EDGE('',*,*,#10123,.T.);
#10123 = EDGE_CURVE('',#10104,#10124,#10126,.T.);
#10124 = VERTEX_POINT('',#10125);
#10125 = CARTESIAN_POINT('',(2.91606557377,-31.64606557377,13.3));
#10126 = SURFACE_CURVE('',#10127,(#10130,#10136),.PCURVE_S1.);
#10127 = B_SPLINE_CURVE_WITH_KNOTS('',1,(#10128,#10129),.UNSPECIFIED.,
  .F.,.F.,(2,2),(0.,1.),.PIECEWISE_BEZIER_KNOTS.);
#10128 = CARTESIAN_POINT('',(2.91606557377,-32.45393442622,13.3));
#10129 = CARTESIAN_POINT('',(2.91606557377,-31.64606557377,13.3));
#10130 = PCURVE('',#8163,#10131);
#10131 = DEFINITIONAL_REPRESENTATION('',(#10132),#10135);
#10132 = B_SPLINE_CURVE_WITH_KNOTS('',1,(#10133,#10134),.UNSPECIFIED.,
  .F.,.F.,(2,2),(0.,1.),.PIECEWISE_BEZIER_KNOTS.);
#10133 = CARTESIAN_POINT('',(24.390590416649,-1.147527330024));
#10134 = CARTESIAN_POINT('',(25.182484793534,-0.987666832618));
#10135 = ( GEOMETRIC_REPRESENTATION_CONTEXT(2) 
PARAMETRIC_REPRESENTATION_CONTEXT() REPRESENTATION_CONTEXT('2D SPACE',''
  ) );
#10136 = PCURVE('',#10137,#10142);
#10137 = B_SPLINE_SURFACE_WITH_KNOTS('',1,1,(
    (#10138,#10139)
    ,(#10140,#10141
    )),.UNSPECIFIED.,.F.,.F.,.F.,(2,2),(2,2),(-0.404,0.404),(0.,1.),
  .PIECEWISE_BEZIER_KNOTS.);
#10138 = CARTESIAN_POINT('',(2.92,-31.65,12.7));
#10139 = CARTESIAN_POINT('',(2.916,-31.646,13.31));
#10140 = CARTESIAN_POINT('',(2.92,-32.45,12.7));
#10141 = CARTESIAN_POINT('',(2.916,-32.454,13.31));
#10142 = DEFINITIONAL_REPRESENTATION('',(#10143),#10146);
#10143 = B_SPLINE_CURVE_WITH_KNOTS('',1,(#10144,#10145),.UNSPECIFIED.,
  .F.,.F.,(2,2),(0.,1.),.PIECEWISE_BEZIER_KNOTS.);
#10144 = CARTESIAN_POINT('',(0.404,0.983606557377));
#10145 = CARTESIAN_POINT('',(-0.404,0.983606557377));
#10146 = ( GEOMETRIC_REPRESENTATION_CONTEXT(2) 
PARAMETRIC_REPRESENTATION_CONTEXT() REPRESENTATION_CONTEXT('2D SPACE',''
  ) );
#10147 = ORIENTED_EDGE('',*,*,#10148,.T.);
#10148 = EDGE_CURVE('',#10124,#8149,#10149,.T.);
#10149 = SURFACE_CURVE('',#10150,(#10153,#10159),.PCURVE_S1.);
#10150 = B_SPLINE_CURVE_WITH_KNOTS('',1,(#10151,#10152),.UNSPECIFIED.,
  .F.,.F.,(2,2),(0.,1.),.PIECEWISE_BEZIER_KNOTS.);
#10151 = CARTESIAN_POINT('',(2.91606557377,-31.64606557377,13.3));
#10152 = CARTESIAN_POINT('',(3.07393442623,-31.64606557377,13.3));
#10153 = PCURVE('',#8163,#10154);
#10154 = DEFINITIONAL_REPRESENTATION('',(#10155),#10158);
#10155 = B_SPLINE_CURVE_WITH_KNOTS('',1,(#10156,#10157),.UNSPECIFIED.,
  .F.,.F.,(2,2),(0.,1.),.PIECEWISE_BEZIER_KNOTS.);
#10156 = CARTESIAN_POINT('',(25.182484793534,-0.987666832618));
#10157 = CARTESIAN_POINT('',(25.213723766546,-1.142414049529));
#10158 = ( GEOMETRIC_REPRESENTATION_CONTEXT(2) 
PARAMETRIC_REPRESENTATION_CONTEXT() REPRESENTATION_CONTEXT('2D SPACE',''
  ) );
#10159 = PCURVE('',#8195,#10160);
#10160 = DEFINITIONAL_REPRESENTATION('',(#10161),#10164);
#10161 = B_SPLINE_CURVE_WITH_KNOTS('',1,(#10162,#10163),.UNSPECIFIED.,
  .F.,.F.,(2,2),(0.,1.),.PIECEWISE_BEZIER_KNOTS.);
#10162 = CARTESIAN_POINT('',(7.9E-02,0.983606557377));
#10163 = CARTESIAN_POINT('',(-7.9E-02,0.983606557377));
#10164 = ( GEOMETRIC_REPRESENTATION_CONTEXT(2) 
PARAMETRIC_REPRESENTATION_CONTEXT() REPRESENTATION_CONTEXT('2D SPACE',''
  ) );
#10165 = ORIENTED_EDGE('',*,*,#8148,.T.);
#10166 = ORIENTED_EDGE('',*,*,#8429,.F.);
#10167 = ORIENTED_EDGE('',*,*,#8807,.F.);
#10168 = ORIENTED_EDGE('',*,*,#10169,.T.);
#10169 = EDGE_CURVE('',#8774,#10170,#10172,.T.);
#10170 = VERTEX_POINT('',#10171);
#10171 = CARTESIAN_POINT('',(-2.91606557377,-31.64606557377,13.3));
#10172 = SURFACE_CURVE('',#10173,(#10176,#10182),.PCURVE_S1.);
#10173 = B_SPLINE_CURVE_WITH_KNOTS('',1,(#10174,#10175),.UNSPECIFIED.,
  .F.,.F.,(2,2),(0.,1.),.PIECEWISE_BEZIER_KNOTS.);
#10174 = CARTESIAN_POINT('',(-3.07393442623,-31.64606557377,13.3));
#10175 = CARTESIAN_POINT('',(-2.91606557377,-31.64606557377,13.3));
#10176 = PCURVE('',#8163,#10177);
#10177 = DEFINITIONAL_REPRESENTATION('',(#10178),#10181);
#10178 = B_SPLINE_CURVE_WITH_KNOTS('',1,(#10179,#10180),.UNSPECIFIED.,
  .F.,.F.,(2,2),(0.,1.),.PIECEWISE_BEZIER_KNOTS.);
#10179 = CARTESIAN_POINT('',(23.997187976426,4.88388930314));
#10180 = CARTESIAN_POINT('',(24.028426949438,4.729142086228));
#10181 = ( GEOMETRIC_REPRESENTATION_CONTEXT(2) 
PARAMETRIC_REPRESENTATION_CONTEXT() REPRESENTATION_CONTEXT('2D SPACE',''
  ) );
#10182 = PCURVE('',#8793,#10183);
#10183 = DEFINITIONAL_REPRESENTATION('',(#10184),#10187);
#10184 = B_SPLINE_CURVE_WITH_KNOTS('',1,(#10185,#10186),.UNSPECIFIED.,
  .F.,.F.,(2,2),(0.,1.),.PIECEWISE_BEZIER_KNOTS.);
#10185 = CARTESIAN_POINT('',(7.9E-02,0.983606557377));
#10186 = CARTESIAN_POINT('',(-7.9E-02,0.983606557377));
#10187 = ( GEOMETRIC_REPRESENTATION_CONTEXT(2) 
PARAMETRIC_REPRESENTATION_CONTEXT() REPRESENTATION_CONTEXT('2D SPACE',''
  ) );
#10188 = ORIENTED_EDGE('',*,*,#10189,.T.);
#10189 = EDGE_CURVE('',#10170,#10190,#10192,.T.);
#10190 = VERTEX_POINT('',#10191);
#10191 = CARTESIAN_POINT('',(-2.91606557377,-32.45393442623,13.3));
#10192 = SURFACE_CURVE('',#10193,(#10196,#10202),.PCURVE_S1.);
#10193 = B_SPLINE_CURVE_WITH_KNOTS('',1,(#10194,#10195),.UNSPECIFIED.,
  .F.,.F.,(2,2),(0.,1.),.PIECEWISE_BEZIER_KNOTS.);
#10194 = CARTESIAN_POINT('',(-2.91606557377,-31.64606557377,13.3));
#10195 = CARTESIAN_POINT('',(-2.91606557377,-32.45393442622,13.3));
#10196 = PCURVE('',#8163,#10197);
#10197 = DEFINITIONAL_REPRESENTATION('',(#10198),#10201);
#10198 = B_SPLINE_CURVE_WITH_KNOTS('',1,(#10199,#10200),.UNSPECIFIED.,
  .F.,.F.,(2,2),(0.,1.),.PIECEWISE_BEZIER_KNOTS.);
#10199 = CARTESIAN_POINT('',(24.028426949438,4.729142086228));
#10200 = CARTESIAN_POINT('',(23.236532572552,4.569281588822));
#10201 = ( GEOMETRIC_REPRESENTATION_CONTEXT(2) 
PARAMETRIC_REPRESENTATION_CONTEXT() REPRESENTATION_CONTEXT('2D SPACE',''
  ) );
#10202 = PCURVE('',#10203,#10208);
#10203 = B_SPLINE_SURFACE_WITH_KNOTS('',1,1,(
    (#10204,#10205)
    ,(#10206,#10207
    )),.UNSPECIFIED.,.F.,.F.,.F.,(2,2),(2,2),(-0.404,0.404),(0.,1.),
  .PIECEWISE_BEZIER_KNOTS.);
#10204 = CARTESIAN_POINT('',(-2.92,-32.45,12.7));
#10205 = CARTESIAN_POINT('',(-2.916,-32.454,13.31));
#10206 = CARTESIAN_POINT('',(-2.92,-31.65,12.7));
#10207 = CARTESIAN_POINT('',(-2.916,-31.646,13.31));
#10208 = DEFINITIONAL_REPRESENTATION('',(#10209),#10212);
#10209 = B_SPLINE_CURVE_WITH_KNOTS('',1,(#10210,#10211),.UNSPECIFIED.,
  .F.,.F.,(2,2),(0.,1.),.PIECEWISE_BEZIER_KNOTS.);
#10210 = CARTESIAN_POINT('',(0.404,0.983606557377));
#10211 = CARTESIAN_POINT('',(-0.404,0.983606557377));
#10212 = ( GEOMETRIC_REPRESENTATION_CONTEXT(2) 
PARAMETRIC_REPRESENTATION_CONTEXT() REPRESENTATION_CONTEXT('2D SPACE',''
  ) );
#10213 = ORIENTED_EDGE('',*,*,#10214,.T.);
#10214 = EDGE_CURVE('',#10190,#8693,#10215,.T.);
#10215 = SURFACE_CURVE('',#10216,(#10219,#10225),.PCURVE_S1.);
#10216 = B_SPLINE_CURVE_WITH_KNOTS('',1,(#10217,#10218),.UNSPECIFIED.,
  .F.,.F.,(2,2),(0.,1.),.PIECEWISE_BEZIER_KNOTS.);
#10217 = CARTESIAN_POINT('',(-2.91606557377,-32.45393442622,13.3));
#10218 = CARTESIAN_POINT('',(-3.07393442623,-32.45393442623,13.3));
#10219 = PCURVE('',#8163,#10220);
#10220 = DEFINITIONAL_REPRESENTATION('',(#10221),#10224);
#10221 = B_SPLINE_CURVE_WITH_KNOTS('',1,(#10222,#10223),.UNSPECIFIED.,
  .F.,.F.,(2,2),(0.,1.),.PIECEWISE_BEZIER_KNOTS.);
#10222 = CARTESIAN_POINT('',(23.236532572552,4.569281588822));
#10223 = CARTESIAN_POINT('',(23.20529359954,4.724028805734));
#10224 = ( GEOMETRIC_REPRESENTATION_CONTEXT(2) 
PARAMETRIC_REPRESENTATION_CONTEXT() REPRESENTATION_CONTEXT('2D SPACE',''
  ) );
#10225 = PCURVE('',#8734,#10226);
#10226 = DEFINITIONAL_REPRESENTATION('',(#10227),#10230);
#10227 = B_SPLINE_CURVE_WITH_KNOTS('',1,(#10228,#10229),.UNSPECIFIED.,
  .F.,.F.,(2,2),(0.,1.),.PIECEWISE_BEZIER_KNOTS.);
#10228 = CARTESIAN_POINT('',(7.9E-02,0.983606557377));
#10229 = CARTESIAN_POINT('',(-7.9E-02,0.983606557377));
#10230 = ( GEOMETRIC_REPRESENTATION_CONTEXT(2) 
PARAMETRIC_REPRESENTATION_CONTEXT() REPRESENTATION_CONTEXT('2D SPACE',''
  ) );
#10231 = ORIENTED_EDGE('',*,*,#8692,.F.);
#10232 = ORIENTED_EDGE('',*,*,#10233,.T.);
#10233 = EDGE_CURVE('',#8659,#10234,#10236,.T.);
#10234 = VERTEX_POINT('',#10235);
#10235 = CARTESIAN_POINT('',(-2.91606557377,-49.74606557377,13.3));
#10236 = SURFACE_CURVE('',#10237,(#10240,#10246),.PCURVE_S1.);
#10237 = B_SPLINE_CURVE_WITH_KNOTS('',1,(#10238,#10239),.UNSPECIFIED.,
  .F.,.F.,(2,2),(0.,1.),.PIECEWISE_BEZIER_KNOTS.);
#10238 = CARTESIAN_POINT('',(-3.07393442623,-49.74606557377,13.3));
#10239 = CARTESIAN_POINT('',(-2.91606557377,-49.74606557377,13.3));
#10240 = PCURVE('',#8163,#10241);
#10241 = DEFINITIONAL_REPRESENTATION('',(#10242),#10245);
#10242 = B_SPLINE_CURVE_WITH_KNOTS('',1,(#10243,#10244),.UNSPECIFIED.,
  .F.,.F.,(2,2),(0.,1.),.PIECEWISE_BEZIER_KNOTS.);
#10243 = CARTESIAN_POINT('',(6.255090137158,1.302274546935));
#10244 = CARTESIAN_POINT('',(6.28632911017,1.147527330024));
#10245 = ( GEOMETRIC_REPRESENTATION_CONTEXT(2) 
PARAMETRIC_REPRESENTATION_CONTEXT() REPRESENTATION_CONTEXT('2D SPACE',''
  ) );
#10246 = PCURVE('',#8678,#10247);
#10247 = DEFINITIONAL_REPRESENTATION('',(#10248),#10251);
#10248 = B_SPLINE_CURVE_WITH_KNOTS('',1,(#10249,#10250),.UNSPECIFIED.,
  .F.,.F.,(2,2),(0.,1.),.PIECEWISE_BEZIER_KNOTS.);
#10249 = CARTESIAN_POINT('',(7.9E-02,0.983606557377));
#10250 = CARTESIAN_POINT('',(-7.9E-02,0.983606557377));
#10251 = ( GEOMETRIC_REPRESENTATION_CONTEXT(2) 
PARAMETRIC_REPRESENTATION_CONTEXT() REPRESENTATION_CONTEXT('2D SPACE',''
  ) );
#10252 = ORIENTED_EDGE('',*,*,#10253,.T.);
#10253 = EDGE_CURVE('',#10234,#10254,#10256,.T.);
#10254 = VERTEX_POINT('',#10255);
#10255 = CARTESIAN_POINT('',(-2.91606557377,-50.55393442623,13.3));
#10256 = SURFACE_CURVE('',#10257,(#10260,#10266),.PCURVE_S1.);
#10257 = B_SPLINE_CURVE_WITH_KNOTS('',1,(#10258,#10259),.UNSPECIFIED.,
  .F.,.F.,(2,2),(0.,1.),.PIECEWISE_BEZIER_KNOTS.);
#10258 = CARTESIAN_POINT('',(-2.91606557377,-49.74606557377,13.3));
#10259 = CARTESIAN_POINT('',(-2.91606557377,-50.55393442623,13.3));
#10260 = PCURVE('',#8163,#10261);
#10261 = DEFINITIONAL_REPRESENTATION('',(#10262),#10265);
#10262 = B_SPLINE_CURVE_WITH_KNOTS('',1,(#10263,#10264),.UNSPECIFIED.,
  .F.,.F.,(2,2),(0.,1.),.PIECEWISE_BEZIER_KNOTS.);
#10263 = CARTESIAN_POINT('',(6.28632911017,1.147527330024));
#10264 = CARTESIAN_POINT('',(5.494434733285,0.987666832618));
#10265 = ( GEOMETRIC_REPRESENTATION_CONTEXT(2) 
PARAMETRIC_REPRESENTATION_CONTEXT() REPRESENTATION_CONTEXT('2D SPACE',''
  ) );
#10266 = PCURVE('',#10267,#10272);
#10267 = B_SPLINE_SURFACE_WITH_KNOTS('',1,1,(
    (#10268,#10269)
    ,(#10270,#10271
    )),.UNSPECIFIED.,.F.,.F.,.F.,(2,2),(2,2),(-0.404,0.404),(0.,1.),
  .PIECEWISE_BEZIER_KNOTS.);
#10268 = CARTESIAN_POINT('',(-2.92,-50.55,12.7));
#10269 = CARTESIAN_POINT('',(-2.916,-50.554,13.31));
#10270 = CARTESIAN_POINT('',(-2.92,-49.75,12.7));
#10271 = CARTESIAN_POINT('',(-2.916,-49.746,13.31));
#10272 = DEFINITIONAL_REPRESENTATION('',(#10273),#10276);
#10273 = B_SPLINE_CURVE_WITH_KNOTS('',1,(#10274,#10275),.UNSPECIFIED.,
  .F.,.F.,(2,2),(0.,1.),.PIECEWISE_BEZIER_KNOTS.);
#10274 = CARTESIAN_POINT('',(0.404,0.983606557377));
#10275 = CARTESIAN_POINT('',(-0.404,0.983606557377));
#10276 = ( GEOMETRIC_REPRESENTATION_CONTEXT(2) 
PARAMETRIC_REPRESENTATION_CONTEXT() REPRESENTATION_CONTEXT('2D SPACE',''
  ) );
#10277 = ORIENTED_EDGE('',*,*,#10278,.T.);
#10278 = EDGE_CURVE('',#10254,#8578,#10279,.T.);
#10279 = SURFACE_CURVE('',#10280,(#10283,#10289),.PCURVE_S1.);
#10280 = B_SPLINE_CURVE_WITH_KNOTS('',1,(#10281,#10282),.UNSPECIFIED.,
  .F.,.F.,(2,2),(0.,1.),.PIECEWISE_BEZIER_KNOTS.);
#10281 = CARTESIAN_POINT('',(-2.91606557377,-50.55393442623,13.3));
#10282 = CARTESIAN_POINT('',(-3.07393442623,-50.55393442623,13.3));
#10283 = PCURVE('',#8163,#10284);
#10284 = DEFINITIONAL_REPRESENTATION('',(#10285),#10288);
#10285 = B_SPLINE_CURVE_WITH_KNOTS('',1,(#10286,#10287),.UNSPECIFIED.,
  .F.,.F.,(2,2),(0.,1.),.PIECEWISE_BEZIER_KNOTS.);
#10286 = CARTESIAN_POINT('',(5.494434733285,0.987666832618));
#10287 = CARTESIAN_POINT('',(5.463195760273,1.142414049529));
#10288 = ( GEOMETRIC_REPRESENTATION_CONTEXT(2) 
PARAMETRIC_REPRESENTATION_CONTEXT() REPRESENTATION_CONTEXT('2D SPACE',''
  ) );
#10289 = PCURVE('',#8619,#10290);
#10290 = DEFINITIONAL_REPRESENTATION('',(#10291),#10294);
#10291 = B_SPLINE_CURVE_WITH_KNOTS('',1,(#10292,#10293),.UNSPECIFIED.,
  .F.,.F.,(2,2),(0.,1.),.PIECEWISE_BEZIER_KNOTS.);
#10292 = CARTESIAN_POINT('',(7.9E-02,0.983606557377));
#10293 = CARTESIAN_POINT('',(-7.9E-02,0.983606557377));
#10294 = ( GEOMETRIC_REPRESENTATION_CONTEXT(2) 
PARAMETRIC_REPRESENTATION_CONTEXT() REPRESENTATION_CONTEXT('2D SPACE',''
  ) );
#10295 = FACE_BOUND('',#10296,.F.);
#10296 = EDGE_LOOP('',(#10297));
#10297 = ORIENTED_EDGE('',*,*,#10298,.F.);
#10298 = EDGE_CURVE('',#10299,#10299,#10301,.T.);
#10299 = VERTEX_POINT('',#10300);
#10300 = CARTESIAN_POINT('',(1.215709558435,-40.,13.3));
#10301 = SURFACE_CURVE('',#10302,(#10307,#10314),.PCURVE_S1.);
#10302 = CIRCLE('',#10303,1.215709558435);
#10303 = AXIS2_PLACEMENT_3D('',#10304,#10305,#10306);
#10304 = CARTESIAN_POINT('',(0.,-40.,13.3));
#10305 = DIRECTION('',(0.,0.,1.));
#10306 = DIRECTION('',(1.,0.,-0.));
#10307 = PCURVE('',#8163,#10308);
#10308 = DEFINITIONAL_REPRESENTATION('',(#10309),#10313);
#10309 = CIRCLE('',#10310,1.215709558435);
#10310 = AXIS2_PLACEMENT_2D('',#10311,#10312);
#10311 = CARTESIAN_POINT('',(16.416708803365,0.217667195128));
#10312 = DIRECTION('',(0.197879268299,-0.98022639996));
#10313 = ( GEOMETRIC_REPRESENTATION_CONTEXT(2) 
PARAMETRIC_REPRESENTATION_CONTEXT() REPRESENTATION_CONTEXT('2D SPACE',''
  ) );
#10314 = PCURVE('',#9989,#10315);
#10315 = DEFINITIONAL_REPRESENTATION('',(#10316),#10320);
#10316 = LINE('',#10317,#10318);
#10317 = CARTESIAN_POINT('',(-0.,-1.E-02));
#10318 = VECTOR('',#10319,1.);
#10319 = DIRECTION('',(-1.,-0.));
#10320 = ( GEOMETRIC_REPRESENTATION_CONTEXT(2) 
PARAMETRIC_REPRESENTATION_CONTEXT() REPRESENTATION_CONTEXT('2D SPACE',''
  ) );
#10321 = ADVANCED_FACE('',(#10322),#8369,.T.);
#10322 = FACE_BOUND('',#10323,.T.);
#10323 = EDGE_LOOP('',(#10324,#10346,#10366,#10367));
#10324 = ORIENTED_EDGE('',*,*,#10325,.F.);
#10325 = EDGE_CURVE('',#10326,#10040,#10328,.T.);
#10326 = VERTEX_POINT('',#10327);
#10327 = CARTESIAN_POINT('',(2.92,-50.55,12.7));
#10328 = SURFACE_CURVE('',#10329,(#10332,#10339),.PCURVE_S1.);
#10329 = B_SPLINE_CURVE_WITH_KNOTS('',1,(#10330,#10331),.UNSPECIFIED.,
  .F.,.F.,(2,2),(0.,1.),.PIECEWISE_BEZIER_KNOTS.);
#10330 = CARTESIAN_POINT('',(2.92,-50.55,12.7));
#10331 = CARTESIAN_POINT('',(2.916,-50.554,13.31));
#10332 = PCURVE('',#8369,#10333);
#10333 = DEFINITIONAL_REPRESENTATION('',(#10334),#10338);
#10334 = LINE('',#10335,#10336);
#10335 = CARTESIAN_POINT('',(-7.9E-02,0.));
#10336 = VECTOR('',#10337,1.);
#10337 = DIRECTION('',(0.,1.));
#10338 = ( GEOMETRIC_REPRESENTATION_CONTEXT(2) 
PARAMETRIC_REPRESENTATION_CONTEXT() REPRESENTATION_CONTEXT('2D SPACE',''
  ) );
#10339 = PCURVE('',#10073,#10340);
#10340 = DEFINITIONAL_REPRESENTATION('',(#10341),#10345);
#10341 = LINE('',#10342,#10343);
#10342 = CARTESIAN_POINT('',(0.404,0.));
#10343 = VECTOR('',#10344,1.);
#10344 = DIRECTION('',(0.,1.));
#10345 = ( GEOMETRIC_REPRESENTATION_CONTEXT(2) 
PARAMETRIC_REPRESENTATION_CONTEXT() REPRESENTATION_CONTEXT('2D SPACE',''
  ) );
#10346 = ORIENTED_EDGE('',*,*,#10347,.T.);
#10347 = EDGE_CURVE('',#10326,#8325,#10348,.T.);
#10348 = SURFACE_CURVE('',#10349,(#10353,#10359),.PCURVE_S1.);
#10349 = LINE('',#10350,#10351);
#10350 = CARTESIAN_POINT('',(2.995,-50.55,12.7));
#10351 = VECTOR('',#10352,1.);
#10352 = DIRECTION('',(1.,0.,0.));
#10353 = PCURVE('',#8369,#10354);
#10354 = DEFINITIONAL_REPRESENTATION('',(#10355),#10358);
#10355 = B_SPLINE_CURVE_WITH_KNOTS('',1,(#10356,#10357),.UNSPECIFIED.,
  .F.,.F.,(2,2),(-7.5E-02,7.5E-02),.PIECEWISE_BEZIER_KNOTS.);
#10356 = CARTESIAN_POINT('',(-7.9E-02,0.));
#10357 = CARTESIAN_POINT('',(7.9E-02,0.));
#10358 = ( GEOMETRIC_REPRESENTATION_CONTEXT(2) 
PARAMETRIC_REPRESENTATION_CONTEXT() REPRESENTATION_CONTEXT('2D SPACE',''
  ) );
#10359 = PCURVE('',#8338,#10360);
#10360 = DEFINITIONAL_REPRESENTATION('',(#10361),#10365);
#10361 = LINE('',#10362,#10363);
#10362 = CARTESIAN_POINT('',(1.382164012876E-02,-7.371541402007E-02));
#10363 = VECTOR('',#10364,1.);
#10364 = DIRECTION('',(0.18428853505,-0.982872186934));
#10365 = ( GEOMETRIC_REPRESENTATION_CONTEXT(2) 
PARAMETRIC_REPRESENTATION_CONTEXT() REPRESENTATION_CONTEXT('2D SPACE',''
  ) );
#10366 = ORIENTED_EDGE('',*,*,#8349,.T.);
#10367 = ORIENTED_EDGE('',*,*,#10039,.T.);
#10368 = ADVANCED_FACE('',(#10369),#8338,.F.);
#10369 = FACE_BOUND('',#10370,.F.);
#10370 = EDGE_LOOP('',(#10371,#10393,#10394,#10395));
#10371 = ORIENTED_EDGE('',*,*,#10372,.F.);
#10372 = EDGE_CURVE('',#10326,#10373,#10375,.T.);
#10373 = VERTEX_POINT('',#10374);
#10374 = CARTESIAN_POINT('',(2.92,-49.75,12.7));
#10375 = SURFACE_CURVE('',#10376,(#10380,#10387),.PCURVE_S1.);
#10376 = LINE('',#10377,#10378);
#10377 = CARTESIAN_POINT('',(2.92,-50.15,12.7));
#10378 = VECTOR('',#10379,1.);
#10379 = DIRECTION('',(0.,1.,0.));
#10380 = PCURVE('',#8338,#10381);
#10381 = DEFINITIONAL_REPRESENTATION('',(#10382),#10386);
#10382 = LINE('',#10383,#10384);
#10383 = CARTESIAN_POINT('',(0.393148874774,7.371541402007E-02));
#10384 = VECTOR('',#10385,1.);
#10385 = DIRECTION('',(0.982872186934,0.18428853505));
#10386 = ( GEOMETRIC_REPRESENTATION_CONTEXT(2) 
PARAMETRIC_REPRESENTATION_CONTEXT() REPRESENTATION_CONTEXT('2D SPACE',''
  ) );
#10387 = PCURVE('',#10073,#10388);
#10388 = DEFINITIONAL_REPRESENTATION('',(#10389),#10392);
#10389 = B_SPLINE_CURVE_WITH_KNOTS('',1,(#10390,#10391),.UNSPECIFIED.,
  .F.,.F.,(2,2),(-0.4,0.4),.PIECEWISE_BEZIER_KNOTS.);
#10390 = CARTESIAN_POINT('',(0.404,0.));
#10391 = CARTESIAN_POINT('',(-0.404,0.));
#10392 = ( GEOMETRIC_REPRESENTATION_CONTEXT(2) 
PARAMETRIC_REPRESENTATION_CONTEXT() REPRESENTATION_CONTEXT('2D SPACE',''
  ) );
#10393 = ORIENTED_EDGE('',*,*,#10347,.T.);
#10394 = ORIENTED_EDGE('',*,*,#8324,.F.);
#10395 = ORIENTED_EDGE('',*,*,#10396,.F.);
#10396 = EDGE_CURVE('',#10373,#8291,#10397,.T.);
#10397 = SURFACE_CURVE('',#10398,(#10402,#10409),.PCURVE_S1.);
#10398 = LINE('',#10399,#10400);
#10399 = CARTESIAN_POINT('',(2.995,-49.75,12.7));
#10400 = VECTOR('',#10401,1.);
#10401 = DIRECTION('',(1.,0.,0.));
#10402 = PCURVE('',#8338,#10403);
#10403 = DEFINITIONAL_REPRESENTATION('',(#10404),#10408);
#10404 = LINE('',#10405,#10406);
#10405 = CARTESIAN_POINT('',(0.800119389676,7.371541402007E-02));
#10406 = VECTOR('',#10407,1.);
#10407 = DIRECTION('',(0.18428853505,-0.982872186934));
#10408 = ( GEOMETRIC_REPRESENTATION_CONTEXT(2) 
PARAMETRIC_REPRESENTATION_CONTEXT() REPRESENTATION_CONTEXT('2D SPACE',''
  ) );
#10409 = PCURVE('',#8310,#10410);
#10410 = DEFINITIONAL_REPRESENTATION('',(#10411),#10414);
#10411 = B_SPLINE_CURVE_WITH_KNOTS('',1,(#10412,#10413),.UNSPECIFIED.,
  .F.,.F.,(2,2),(-7.5E-02,7.5E-02),.PIECEWISE_BEZIER_KNOTS.);
#10412 = CARTESIAN_POINT('',(7.9E-02,0.));
#10413 = CARTESIAN_POINT('',(-7.9E-02,0.));
#10414 = ( GEOMETRIC_REPRESENTATION_CONTEXT(2) 
PARAMETRIC_REPRESENTATION_CONTEXT() REPRESENTATION_CONTEXT('2D SPACE',''
  ) );
#10415 = ADVANCED_FACE('',(#10416),#8310,.T.);
#10416 = FACE_BOUND('',#10417,.T.);
#10417 = EDGE_LOOP('',(#10418,#10419,#10439,#10440));
#10418 = ORIENTED_EDGE('',*,*,#10396,.F.);
#10419 = ORIENTED_EDGE('',*,*,#10420,.T.);
#10420 = EDGE_CURVE('',#10373,#10060,#10421,.T.);
#10421 = SURFACE_CURVE('',#10422,(#10425,#10432),.PCURVE_S1.);
#10422 = B_SPLINE_CURVE_WITH_KNOTS('',1,(#10423,#10424),.UNSPECIFIED.,
  .F.,.F.,(2,2),(0.,1.),.PIECEWISE_BEZIER_KNOTS.);
#10423 = CARTESIAN_POINT('',(2.92,-49.75,12.7));
#10424 = CARTESIAN_POINT('',(2.916,-49.746,13.31));
#10425 = PCURVE('',#8310,#10426);
#10426 = DEFINITIONAL_REPRESENTATION('',(#10427),#10431);
#10427 = LINE('',#10428,#10429);
#10428 = CARTESIAN_POINT('',(7.9E-02,0.));
#10429 = VECTOR('',#10430,1.);
#10430 = DIRECTION('',(0.,1.));
#10431 = ( GEOMETRIC_REPRESENTATION_CONTEXT(2) 
PARAMETRIC_REPRESENTATION_CONTEXT() REPRESENTATION_CONTEXT('2D SPACE',''
  ) );
#10432 = PCURVE('',#10073,#10433);
#10433 = DEFINITIONAL_REPRESENTATION('',(#10434),#10438);
#10434 = LINE('',#10435,#10436);
#10435 = CARTESIAN_POINT('',(-0.404,0.));
#10436 = VECTOR('',#10437,1.);
#10437 = DIRECTION('',(0.,1.));
#10438 = ( GEOMETRIC_REPRESENTATION_CONTEXT(2) 
PARAMETRIC_REPRESENTATION_CONTEXT() REPRESENTATION_CONTEXT('2D SPACE',''
  ) );
#10439 = ORIENTED_EDGE('',*,*,#10084,.T.);
#10440 = ORIENTED_EDGE('',*,*,#8290,.T.);
#10441 = ADVANCED_FACE('',(#10442),#8254,.T.);
#10442 = FACE_BOUND('',#10443,.T.);
#10443 = EDGE_LOOP('',(#10444,#10466,#10486,#10487));
#10444 = ORIENTED_EDGE('',*,*,#10445,.F.);
#10445 = EDGE_CURVE('',#10446,#10104,#10448,.T.);
#10446 = VERTEX_POINT('',#10447);
#10447 = CARTESIAN_POINT('',(2.92,-32.45,12.7));
#10448 = SURFACE_CURVE('',#10449,(#10452,#10459),.PCURVE_S1.);
#10449 = B_SPLINE_CURVE_WITH_KNOTS('',1,(#10450,#10451),.UNSPECIFIED.,
  .F.,.F.,(2,2),(0.,1.),.PIECEWISE_BEZIER_KNOTS.);
#10450 = CARTESIAN_POINT('',(2.92,-32.45,12.7));
#10451 = CARTESIAN_POINT('',(2.916,-32.454,13.31));
#10452 = PCURVE('',#8254,#10453);
#10453 = DEFINITIONAL_REPRESENTATION('',(#10454),#10458);
#10454 = LINE('',#10455,#10456);
#10455 = CARTESIAN_POINT('',(-7.9E-02,0.));
#10456 = VECTOR('',#10457,1.);
#10457 = DIRECTION('',(0.,1.));
#10458 = ( GEOMETRIC_REPRESENTATION_CONTEXT(2) 
PARAMETRIC_REPRESENTATION_CONTEXT() REPRESENTATION_CONTEXT('2D SPACE',''
  ) );
#10459 = PCURVE('',#10137,#10460);
#10460 = DEFINITIONAL_REPRESENTATION('',(#10461),#10465);
#10461 = LINE('',#10462,#10463);
#10462 = CARTESIAN_POINT('',(0.404,0.));
#10463 = VECTOR('',#10464,1.);
#10464 = DIRECTION('',(0.,1.));
#10465 = ( GEOMETRIC_REPRESENTATION_CONTEXT(2) 
PARAMETRIC_REPRESENTATION_CONTEXT() REPRESENTATION_CONTEXT('2D SPACE',''
  ) );
#10466 = ORIENTED_EDGE('',*,*,#10467,.T.);
#10467 = EDGE_CURVE('',#10446,#8210,#10468,.T.);
#10468 = SURFACE_CURVE('',#10469,(#10473,#10479),.PCURVE_S1.);
#10469 = LINE('',#10470,#10471);
#10470 = CARTESIAN_POINT('',(2.995,-32.45,12.7));
#10471 = VECTOR('',#10472,1.);
#10472 = DIRECTION('',(1.,0.,0.));
#10473 = PCURVE('',#8254,#10474);
#10474 = DEFINITIONAL_REPRESENTATION('',(#10475),#10478);
#10475 = B_SPLINE_CURVE_WITH_KNOTS('',1,(#10476,#10477),.UNSPECIFIED.,
  .F.,.F.,(2,2),(-7.5E-02,7.5E-02),.PIECEWISE_BEZIER_KNOTS.);
#10476 = CARTESIAN_POINT('',(-7.9E-02,0.));
#10477 = CARTESIAN_POINT('',(7.9E-02,0.));
#10478 = ( GEOMETRIC_REPRESENTATION_CONTEXT(2) 
PARAMETRIC_REPRESENTATION_CONTEXT() REPRESENTATION_CONTEXT('2D SPACE',''
  ) );
#10479 = PCURVE('',#8223,#10480);
#10480 = DEFINITIONAL_REPRESENTATION('',(#10481),#10485);
#10481 = LINE('',#10482,#10483);
#10482 = CARTESIAN_POINT('',(1.382164012876E-02,-7.371541402007E-02));
#10483 = VECTOR('',#10484,1.);
#10484 = DIRECTION('',(0.18428853505,-0.982872186934));
#10485 = ( GEOMETRIC_REPRESENTATION_CONTEXT(2) 
PARAMETRIC_REPRESENTATION_CONTEXT() REPRESENTATION_CONTEXT('2D SPACE',''
  ) );
#10486 = ORIENTED_EDGE('',*,*,#8234,.T.);
#10487 = ORIENTED_EDGE('',*,*,#10103,.T.);
#10488 = ADVANCED_FACE('',(#10489),#8223,.F.);
#10489 = FACE_BOUND('',#10490,.F.);
#10490 = EDGE_LOOP('',(#10491,#10513,#10514,#10515));
#10491 = ORIENTED_EDGE('',*,*,#10492,.F.);
#10492 = EDGE_CURVE('',#10446,#10493,#10495,.T.);
#10493 = VERTEX_POINT('',#10494);
#10494 = CARTESIAN_POINT('',(2.92,-31.65,12.7));
#10495 = SURFACE_CURVE('',#10496,(#10500,#10507),.PCURVE_S1.);
#10496 = LINE('',#10497,#10498);
#10497 = CARTESIAN_POINT('',(2.92,-32.05,12.7));
#10498 = VECTOR('',#10499,1.);
#10499 = DIRECTION('',(0.,1.,0.));
#10500 = PCURVE('',#8223,#10501);
#10501 = DEFINITIONAL_REPRESENTATION('',(#10502),#10506);
#10502 = LINE('',#10503,#10504);
#10503 = CARTESIAN_POINT('',(0.393148874774,7.371541402007E-02));
#10504 = VECTOR('',#10505,1.);
#10505 = DIRECTION('',(0.982872186934,0.18428853505));
#10506 = ( GEOMETRIC_REPRESENTATION_CONTEXT(2) 
PARAMETRIC_REPRESENTATION_CONTEXT() REPRESENTATION_CONTEXT('2D SPACE',''
  ) );
#10507 = PCURVE('',#10137,#10508);
#10508 = DEFINITIONAL_REPRESENTATION('',(#10509),#10512);
#10509 = B_SPLINE_CURVE_WITH_KNOTS('',1,(#10510,#10511),.UNSPECIFIED.,
  .F.,.F.,(2,2),(-0.4,0.4),.PIECEWISE_BEZIER_KNOTS.);
#10510 = CARTESIAN_POINT('',(0.404,0.));
#10511 = CARTESIAN_POINT('',(-0.404,0.));
#10512 = ( GEOMETRIC_REPRESENTATION_CONTEXT(2) 
PARAMETRIC_REPRESENTATION_CONTEXT() REPRESENTATION_CONTEXT('2D SPACE',''
  ) );
#10513 = ORIENTED_EDGE('',*,*,#10467,.T.);
#10514 = ORIENTED_EDGE('',*,*,#8209,.F.);
#10515 = ORIENTED_EDGE('',*,*,#10516,.F.);
#10516 = EDGE_CURVE('',#10493,#8176,#10517,.T.);
#10517 = SURFACE_CURVE('',#10518,(#10522,#10529),.PCURVE_S1.);
#10518 = LINE('',#10519,#10520);
#10519 = CARTESIAN_POINT('',(2.995,-31.65,12.7));
#10520 = VECTOR('',#10521,1.);
#10521 = DIRECTION('',(1.,0.,0.));
#10522 = PCURVE('',#8223,#10523);
#10523 = DEFINITIONAL_REPRESENTATION('',(#10524),#10528);
#10524 = LINE('',#10525,#10526);
#10525 = CARTESIAN_POINT('',(0.800119389676,7.371541402007E-02));
#10526 = VECTOR('',#10527,1.);
#10527 = DIRECTION('',(0.18428853505,-0.982872186934));
#10528 = ( GEOMETRIC_REPRESENTATION_CONTEXT(2) 
PARAMETRIC_REPRESENTATION_CONTEXT() REPRESENTATION_CONTEXT('2D SPACE',''
  ) );
#10529 = PCURVE('',#8195,#10530);
#10530 = DEFINITIONAL_REPRESENTATION('',(#10531),#10534);
#10531 = B_SPLINE_CURVE_WITH_KNOTS('',1,(#10532,#10533),.UNSPECIFIED.,
  .F.,.F.,(2,2),(-7.5E-02,7.5E-02),.PIECEWISE_BEZIER_KNOTS.);
#10532 = CARTESIAN_POINT('',(7.9E-02,0.));
#10533 = CARTESIAN_POINT('',(-7.9E-02,0.));
#10534 = ( GEOMETRIC_REPRESENTATION_CONTEXT(2) 
PARAMETRIC_REPRESENTATION_CONTEXT() REPRESENTATION_CONTEXT('2D SPACE',''
  ) );
#10535 = ADVANCED_FACE('',(#10536),#8195,.T.);
#10536 = FACE_BOUND('',#10537,.T.);
#10537 = EDGE_LOOP('',(#10538,#10539,#10559,#10560));
#10538 = ORIENTED_EDGE('',*,*,#10516,.F.);
#10539 = ORIENTED_EDGE('',*,*,#10540,.T.);
#10540 = EDGE_CURVE('',#10493,#10124,#10541,.T.);
#10541 = SURFACE_CURVE('',#10542,(#10545,#10552),.PCURVE_S1.);
#10542 = B_SPLINE_CURVE_WITH_KNOTS('',1,(#10543,#10544),.UNSPECIFIED.,
  .F.,.F.,(2,2),(0.,1.),.PIECEWISE_BEZIER_KNOTS.);
#10543 = CARTESIAN_POINT('',(2.92,-31.65,12.7));
#10544 = CARTESIAN_POINT('',(2.916,-31.646,13.31));
#10545 = PCURVE('',#8195,#10546);
#10546 = DEFINITIONAL_REPRESENTATION('',(#10547),#10551);
#10547 = LINE('',#10548,#10549);
#10548 = CARTESIAN_POINT('',(7.9E-02,0.));
#10549 = VECTOR('',#10550,1.);
#10550 = DIRECTION('',(0.,1.));
#10551 = ( GEOMETRIC_REPRESENTATION_CONTEXT(2) 
PARAMETRIC_REPRESENTATION_CONTEXT() REPRESENTATION_CONTEXT('2D SPACE',''
  ) );
#10552 = PCURVE('',#10137,#10553);
#10553 = DEFINITIONAL_REPRESENTATION('',(#10554),#10558);
#10554 = LINE('',#10555,#10556);
#10555 = CARTESIAN_POINT('',(-0.404,0.));
#10556 = VECTOR('',#10557,1.);
#10557 = DIRECTION('',(0.,1.));
#10558 = ( GEOMETRIC_REPRESENTATION_CONTEXT(2) 
PARAMETRIC_REPRESENTATION_CONTEXT() REPRESENTATION_CONTEXT('2D SPACE',''
  ) );
#10559 = ORIENTED_EDGE('',*,*,#10148,.T.);
#10560 = ORIENTED_EDGE('',*,*,#8175,.T.);
#10561 = ADVANCED_FACE('',(#10562),#8491,.F.);
#10562 = FACE_BOUND('',#10563,.F.);
#10563 = EDGE_LOOP('',(#10564,#10565,#10566,#10567));
#10564 = ORIENTED_EDGE('',*,*,#8927,.F.);
#10565 = ORIENTED_EDGE('',*,*,#8902,.T.);
#10566 = ORIENTED_EDGE('',*,*,#8855,.T.);
#10567 = ORIENTED_EDGE('',*,*,#8476,.F.);
#10568 = ADVANCED_FACE('',(#10569),#8793,.T.);
#10569 = FACE_BOUND('',#10570,.T.);
#10570 = EDGE_LOOP('',(#10571,#10593,#10594,#10595));
#10571 = ORIENTED_EDGE('',*,*,#10572,.F.);
#10572 = EDGE_CURVE('',#8749,#10573,#10575,.T.);
#10573 = VERTEX_POINT('',#10574);
#10574 = CARTESIAN_POINT('',(-2.92,-31.65,12.7));
#10575 = SURFACE_CURVE('',#10576,(#10580,#10586),.PCURVE_S1.);
#10576 = LINE('',#10577,#10578);
#10577 = CARTESIAN_POINT('',(-2.995,-31.65,12.7));
#10578 = VECTOR('',#10579,1.);
#10579 = DIRECTION('',(1.,0.,0.));
#10580 = PCURVE('',#8793,#10581);
#10581 = DEFINITIONAL_REPRESENTATION('',(#10582),#10585);
#10582 = B_SPLINE_CURVE_WITH_KNOTS('',1,(#10583,#10584),.UNSPECIFIED.,
  .F.,.F.,(2,2),(-7.5E-02,7.5E-02),.PIECEWISE_BEZIER_KNOTS.);
#10583 = CARTESIAN_POINT('',(7.9E-02,0.));
#10584 = CARTESIAN_POINT('',(-7.9E-02,0.));
#10585 = ( GEOMETRIC_REPRESENTATION_CONTEXT(2) 
PARAMETRIC_REPRESENTATION_CONTEXT() REPRESENTATION_CONTEXT('2D SPACE',''
  ) );
#10586 = PCURVE('',#8762,#10587);
#10587 = DEFINITIONAL_REPRESENTATION('',(#10588),#10592);
#10588 = LINE('',#10589,#10590);
#10589 = CARTESIAN_POINT('',(0.800119389676,7.371541402007E-02));
#10590 = VECTOR('',#10591,1.);
#10591 = DIRECTION('',(0.18428853505,-0.982872186934));
#10592 = ( GEOMETRIC_REPRESENTATION_CONTEXT(2) 
PARAMETRIC_REPRESENTATION_CONTEXT() REPRESENTATION_CONTEXT('2D SPACE',''
  ) );
#10593 = ORIENTED_EDGE('',*,*,#8773,.T.);
#10594 = ORIENTED_EDGE('',*,*,#10169,.T.);
#10595 = ORIENTED_EDGE('',*,*,#10596,.F.);
#10596 = EDGE_CURVE('',#10573,#10170,#10597,.T.);
#10597 = SURFACE_CURVE('',#10598,(#10601,#10608),.PCURVE_S1.);
#10598 = B_SPLINE_CURVE_WITH_KNOTS('',1,(#10599,#10600),.UNSPECIFIED.,
  .F.,.F.,(2,2),(0.,1.),.PIECEWISE_BEZIER_KNOTS.);
#10599 = CARTESIAN_POINT('',(-2.92,-31.65,12.7));
#10600 = CARTESIAN_POINT('',(-2.916,-31.646,13.31));
#10601 = PCURVE('',#8793,#10602);
#10602 = DEFINITIONAL_REPRESENTATION('',(#10603),#10607);
#10603 = LINE('',#10604,#10605);
#10604 = CARTESIAN_POINT('',(-7.9E-02,0.));
#10605 = VECTOR('',#10606,1.);
#10606 = DIRECTION('',(0.,1.));
#10607 = ( GEOMETRIC_REPRESENTATION_CONTEXT(2) 
PARAMETRIC_REPRESENTATION_CONTEXT() REPRESENTATION_CONTEXT('2D SPACE',''
  ) );
#10608 = PCURVE('',#10203,#10609);
#10609 = DEFINITIONAL_REPRESENTATION('',(#10610),#10614);
#10610 = LINE('',#10611,#10612);
#10611 = CARTESIAN_POINT('',(0.404,0.));
#10612 = VECTOR('',#10613,1.);
#10613 = DIRECTION('',(0.,1.));
#10614 = ( GEOMETRIC_REPRESENTATION_CONTEXT(2) 
PARAMETRIC_REPRESENTATION_CONTEXT() REPRESENTATION_CONTEXT('2D SPACE',''
  ) );
#10615 = ADVANCED_FACE('',(#10616),#8762,.F.);
#10616 = FACE_BOUND('',#10617,.F.);
#10617 = EDGE_LOOP('',(#10618,#10619,#10641,#10661));
#10618 = ORIENTED_EDGE('',*,*,#8748,.F.);
#10619 = ORIENTED_EDGE('',*,*,#10620,.T.);
#10620 = EDGE_CURVE('',#8715,#10621,#10623,.T.);
#10621 = VERTEX_POINT('',#10622);
#10622 = CARTESIAN_POINT('',(-2.92,-32.45,12.7));
#10623 = SURFACE_CURVE('',#10624,(#10628,#10635),.PCURVE_S1.);
#10624 = LINE('',#10625,#10626);
#10625 = CARTESIAN_POINT('',(-2.995,-32.45,12.7));
#10626 = VECTOR('',#10627,1.);
#10627 = DIRECTION('',(1.,0.,0.));
#10628 = PCURVE('',#8762,#10629);
#10629 = DEFINITIONAL_REPRESENTATION('',(#10630),#10634);
#10630 = LINE('',#10631,#10632);
#10631 = CARTESIAN_POINT('',(1.382164012876E-02,-7.371541402007E-02));
#10632 = VECTOR('',#10633,1.);
#10633 = DIRECTION('',(0.18428853505,-0.982872186934));
#10634 = ( GEOMETRIC_REPRESENTATION_CONTEXT(2) 
PARAMETRIC_REPRESENTATION_CONTEXT() REPRESENTATION_CONTEXT('2D SPACE',''
  ) );
#10635 = PCURVE('',#8734,#10636);
#10636 = DEFINITIONAL_REPRESENTATION('',(#10637),#10640);
#10637 = B_SPLINE_CURVE_WITH_KNOTS('',1,(#10638,#10639),.UNSPECIFIED.,
  .F.,.F.,(2,2),(-7.5E-02,7.5E-02),.PIECEWISE_BEZIER_KNOTS.);
#10638 = CARTESIAN_POINT('',(-7.9E-02,0.));
#10639 = CARTESIAN_POINT('',(7.9E-02,0.));
#10640 = ( GEOMETRIC_REPRESENTATION_CONTEXT(2) 
PARAMETRIC_REPRESENTATION_CONTEXT() REPRESENTATION_CONTEXT('2D SPACE',''
  ) );
#10641 = ORIENTED_EDGE('',*,*,#10642,.T.);
#10642 = EDGE_CURVE('',#10621,#10573,#10643,.T.);
#10643 = SURFACE_CURVE('',#10644,(#10648,#10655),.PCURVE_S1.);
#10644 = LINE('',#10645,#10646);
#10645 = CARTESIAN_POINT('',(-2.92,-32.05,12.7));
#10646 = VECTOR('',#10647,1.);
#10647 = DIRECTION('',(0.,1.,0.));
#10648 = PCURVE('',#8762,#10649);
#10649 = DEFINITIONAL_REPRESENTATION('',(#10650),#10654);
#10650 = LINE('',#10651,#10652);
#10651 = CARTESIAN_POINT('',(0.420792155031,-7.371541402007E-02));
#10652 = VECTOR('',#10653,1.);
#10653 = DIRECTION('',(0.982872186934,0.18428853505));
#10654 = ( GEOMETRIC_REPRESENTATION_CONTEXT(2) 
PARAMETRIC_REPRESENTATION_CONTEXT() REPRESENTATION_CONTEXT('2D SPACE',''
  ) );
#10655 = PCURVE('',#10203,#10656);
#10656 = DEFINITIONAL_REPRESENTATION('',(#10657),#10660);
#10657 = B_SPLINE_CURVE_WITH_KNOTS('',1,(#10658,#10659),.UNSPECIFIED.,
  .F.,.F.,(2,2),(-0.4,0.4),.PIECEWISE_BEZIER_KNOTS.);
#10658 = CARTESIAN_POINT('',(-0.404,0.));
#10659 = CARTESIAN_POINT('',(0.404,0.));
#10660 = ( GEOMETRIC_REPRESENTATION_CONTEXT(2) 
PARAMETRIC_REPRESENTATION_CONTEXT() REPRESENTATION_CONTEXT('2D SPACE',''
  ) );
#10661 = ORIENTED_EDGE('',*,*,#10572,.F.);
#10662 = ADVANCED_FACE('',(#10663),#8734,.T.);
#10663 = FACE_BOUND('',#10664,.T.);
#10664 = EDGE_LOOP('',(#10665,#10666,#10667,#10687));
#10665 = ORIENTED_EDGE('',*,*,#8714,.T.);
#10666 = ORIENTED_EDGE('',*,*,#10620,.T.);
#10667 = ORIENTED_EDGE('',*,*,#10668,.T.);
#10668 = EDGE_CURVE('',#10621,#10190,#10669,.T.);
#10669 = SURFACE_CURVE('',#10670,(#10673,#10680),.PCURVE_S1.);
#10670 = B_SPLINE_CURVE_WITH_KNOTS('',1,(#10671,#10672),.UNSPECIFIED.,
  .F.,.F.,(2,2),(0.,1.),.PIECEWISE_BEZIER_KNOTS.);
#10671 = CARTESIAN_POINT('',(-2.92,-32.45,12.7));
#10672 = CARTESIAN_POINT('',(-2.916,-32.454,13.31));
#10673 = PCURVE('',#8734,#10674);
#10674 = DEFINITIONAL_REPRESENTATION('',(#10675),#10679);
#10675 = LINE('',#10676,#10677);
#10676 = CARTESIAN_POINT('',(7.9E-02,0.));
#10677 = VECTOR('',#10678,1.);
#10678 = DIRECTION('',(0.,1.));
#10679 = ( GEOMETRIC_REPRESENTATION_CONTEXT(2) 
PARAMETRIC_REPRESENTATION_CONTEXT() REPRESENTATION_CONTEXT('2D SPACE',''
  ) );
#10680 = PCURVE('',#10203,#10681);
#10681 = DEFINITIONAL_REPRESENTATION('',(#10682),#10686);
#10682 = LINE('',#10683,#10684);
#10683 = CARTESIAN_POINT('',(-0.404,0.));
#10684 = VECTOR('',#10685,1.);
#10685 = DIRECTION('',(0.,1.));
#10686 = ( GEOMETRIC_REPRESENTATION_CONTEXT(2) 
PARAMETRIC_REPRESENTATION_CONTEXT() REPRESENTATION_CONTEXT('2D SPACE',''
  ) );
#10687 = ORIENTED_EDGE('',*,*,#10214,.T.);
#10688 = ADVANCED_FACE('',(#10689),#8678,.T.);
#10689 = FACE_BOUND('',#10690,.T.);
#10690 = EDGE_LOOP('',(#10691,#10713,#10714,#10715));
#10691 = ORIENTED_EDGE('',*,*,#10692,.F.);
#10692 = EDGE_CURVE('',#8634,#10693,#10695,.T.);
#10693 = VERTEX_POINT('',#10694);
#10694 = CARTESIAN_POINT('',(-2.92,-49.75,12.7));
#10695 = SURFACE_CURVE('',#10696,(#10700,#10706),.PCURVE_S1.);
#10696 = LINE('',#10697,#10698);
#10697 = CARTESIAN_POINT('',(-2.995,-49.75,12.7));
#10698 = VECTOR('',#10699,1.);
#10699 = DIRECTION('',(1.,0.,0.));
#10700 = PCURVE('',#8678,#10701);
#10701 = DEFINITIONAL_REPRESENTATION('',(#10702),#10705);
#10702 = B_SPLINE_CURVE_WITH_KNOTS('',1,(#10703,#10704),.UNSPECIFIED.,
  .F.,.F.,(2,2),(-7.5E-02,7.5E-02),.PIECEWISE_BEZIER_KNOTS.);
#10703 = CARTESIAN_POINT('',(7.9E-02,0.));
#10704 = CARTESIAN_POINT('',(-7.9E-02,0.));
#10705 = ( GEOMETRIC_REPRESENTATION_CONTEXT(2) 
PARAMETRIC_REPRESENTATION_CONTEXT() REPRESENTATION_CONTEXT('2D SPACE',''
  ) );
#10706 = PCURVE('',#8647,#10707);
#10707 = DEFINITIONAL_REPRESENTATION('',(#10708),#10712);
#10708 = LINE('',#10709,#10710);
#10709 = CARTESIAN_POINT('',(0.800119389676,7.371541402007E-02));
#10710 = VECTOR('',#10711,1.);
#10711 = DIRECTION('',(0.18428853505,-0.982872186934));
#10712 = ( GEOMETRIC_REPRESENTATION_CONTEXT(2) 
PARAMETRIC_REPRESENTATION_CONTEXT() REPRESENTATION_CONTEXT('2D SPACE',''
  ) );
#10713 = ORIENTED_EDGE('',*,*,#8658,.T.);
#10714 = ORIENTED_EDGE('',*,*,#10233,.T.);
#10715 = ORIENTED_EDGE('',*,*,#10716,.F.);
#10716 = EDGE_CURVE('',#10693,#10234,#10717,.T.);
#10717 = SURFACE_CURVE('',#10718,(#10721,#10728),.PCURVE_S1.);
#10718 = B_SPLINE_CURVE_WITH_KNOTS('',1,(#10719,#10720),.UNSPECIFIED.,
  .F.,.F.,(2,2),(0.,1.),.PIECEWISE_BEZIER_KNOTS.);
#10719 = CARTESIAN_POINT('',(-2.92,-49.75,12.7));
#10720 = CARTESIAN_POINT('',(-2.916,-49.746,13.31));
#10721 = PCURVE('',#8678,#10722);
#10722 = DEFINITIONAL_REPRESENTATION('',(#10723),#10727);
#10723 = LINE('',#10724,#10725);
#10724 = CARTESIAN_POINT('',(-7.9E-02,0.));
#10725 = VECTOR('',#10726,1.);
#10726 = DIRECTION('',(0.,1.));
#10727 = ( GEOMETRIC_REPRESENTATION_CONTEXT(2) 
PARAMETRIC_REPRESENTATION_CONTEXT() REPRESENTATION_CONTEXT('2D SPACE',''
  ) );
#10728 = PCURVE('',#10267,#10729);
#10729 = DEFINITIONAL_REPRESENTATION('',(#10730),#10734);
#10730 = LINE('',#10731,#10732);
#10731 = CARTESIAN_POINT('',(0.404,0.));
#10732 = VECTOR('',#10733,1.);
#10733 = DIRECTION('',(0.,1.));
#10734 = ( GEOMETRIC_REPRESENTATION_CONTEXT(2) 
PARAMETRIC_REPRESENTATION_CONTEXT() REPRESENTATION_CONTEXT('2D SPACE',''
  ) );
#10735 = ADVANCED_FACE('',(#10736),#8647,.F.);
#10736 = FACE_BOUND('',#10737,.F.);
#10737 = EDGE_LOOP('',(#10738,#10739,#10761,#10781));
#10738 = ORIENTED_EDGE('',*,*,#8633,.F.);
#10739 = ORIENTED_EDGE('',*,*,#10740,.T.);
#10740 = EDGE_CURVE('',#8600,#10741,#10743,.T.);
#10741 = VERTEX_POINT('',#10742);
#10742 = CARTESIAN_POINT('',(-2.92,-50.55,12.7));
#10743 = SURFACE_CURVE('',#10744,(#10748,#10755),.PCURVE_S1.);
#10744 = LINE('',#10745,#10746);
#10745 = CARTESIAN_POINT('',(-2.995,-50.55,12.7));
#10746 = VECTOR('',#10747,1.);
#10747 = DIRECTION('',(1.,0.,0.));
#10748 = PCURVE('',#8647,#10749);
#10749 = DEFINITIONAL_REPRESENTATION('',(#10750),#10754);
#10750 = LINE('',#10751,#10752);
#10751 = CARTESIAN_POINT('',(1.382164012876E-02,-7.371541402007E-02));
#10752 = VECTOR('',#10753,1.);
#10753 = DIRECTION('',(0.18428853505,-0.982872186934));
#10754 = ( GEOMETRIC_REPRESENTATION_CONTEXT(2) 
PARAMETRIC_REPRESENTATION_CONTEXT() REPRESENTATION_CONTEXT('2D SPACE',''
  ) );
#10755 = PCURVE('',#8619,#10756);
#10756 = DEFINITIONAL_REPRESENTATION('',(#10757),#10760);
#10757 = B_SPLINE_CURVE_WITH_KNOTS('',1,(#10758,#10759),.UNSPECIFIED.,
  .F.,.F.,(2,2),(-7.5E-02,7.5E-02),.PIECEWISE_BEZIER_KNOTS.);
#10758 = CARTESIAN_POINT('',(-7.9E-02,0.));
#10759 = CARTESIAN_POINT('',(7.9E-02,0.));
#10760 = ( GEOMETRIC_REPRESENTATION_CONTEXT(2) 
PARAMETRIC_REPRESENTATION_CONTEXT() REPRESENTATION_CONTEXT('2D SPACE',''
  ) );
#10761 = ORIENTED_EDGE('',*,*,#10762,.T.);
#10762 = EDGE_CURVE('',#10741,#10693,#10763,.T.);
#10763 = SURFACE_CURVE('',#10764,(#10768,#10775),.PCURVE_S1.);
#10764 = LINE('',#10765,#10766);
#10765 = CARTESIAN_POINT('',(-2.92,-50.15,12.7));
#10766 = VECTOR('',#10767,1.);
#10767 = DIRECTION('',(0.,1.,0.));
#10768 = PCURVE('',#8647,#10769);
#10769 = DEFINITIONAL_REPRESENTATION('',(#10770),#10774);
#10770 = LINE('',#10771,#10772);
#10771 = CARTESIAN_POINT('',(0.420792155031,-7.371541402007E-02));
#10772 = VECTOR('',#10773,1.);
#10773 = DIRECTION('',(0.982872186934,0.18428853505));
#10774 = ( GEOMETRIC_REPRESENTATION_CONTEXT(2) 
PARAMETRIC_REPRESENTATION_CONTEXT() REPRESENTATION_CONTEXT('2D SPACE',''
  ) );
#10775 = PCURVE('',#10267,#10776);
#10776 = DEFINITIONAL_REPRESENTATION('',(#10777),#10780);
#10777 = B_SPLINE_CURVE_WITH_KNOTS('',1,(#10778,#10779),.UNSPECIFIED.,
  .F.,.F.,(2,2),(-0.4,0.4),.PIECEWISE_BEZIER_KNOTS.);
#10778 = CARTESIAN_POINT('',(-0.404,0.));
#10779 = CARTESIAN_POINT('',(0.404,0.));
#10780 = ( GEOMETRIC_REPRESENTATION_CONTEXT(2) 
PARAMETRIC_REPRESENTATION_CONTEXT() REPRESENTATION_CONTEXT('2D SPACE',''
  ) );
#10781 = ORIENTED_EDGE('',*,*,#10692,.F.);
#10782 = ADVANCED_FACE('',(#10783),#8619,.T.);
#10783 = FACE_BOUND('',#10784,.T.);
#10784 = EDGE_LOOP('',(#10785,#10786,#10787,#10807));
#10785 = ORIENTED_EDGE('',*,*,#8599,.T.);
#10786 = ORIENTED_EDGE('',*,*,#10740,.T.);
#10787 = ORIENTED_EDGE('',*,*,#10788,.T.);
#10788 = EDGE_CURVE('',#10741,#10254,#10789,.T.);
#10789 = SURFACE_CURVE('',#10790,(#10793,#10800),.PCURVE_S1.);
#10790 = B_SPLINE_CURVE_WITH_KNOTS('',1,(#10791,#10792),.UNSPECIFIED.,
  .F.,.F.,(2,2),(0.,1.),.PIECEWISE_BEZIER_KNOTS.);
#10791 = CARTESIAN_POINT('',(-2.92,-50.55,12.7));
#10792 = CARTESIAN_POINT('',(-2.916,-50.554,13.31));
#10793 = PCURVE('',#8619,#10794);
#10794 = DEFINITIONAL_REPRESENTATION('',(#10795),#10799);
#10795 = LINE('',#10796,#10797);
#10796 = CARTESIAN_POINT('',(7.9E-02,0.));
#10797 = VECTOR('',#10798,1.);
#10798 = DIRECTION('',(0.,1.));
#10799 = ( GEOMETRIC_REPRESENTATION_CONTEXT(2) 
PARAMETRIC_REPRESENTATION_CONTEXT() REPRESENTATION_CONTEXT('2D SPACE',''
  ) );
#10800 = PCURVE('',#10267,#10801);
#10801 = DEFINITIONAL_REPRESENTATION('',(#10802),#10806);
#10802 = LINE('',#10803,#10804);
#10803 = CARTESIAN_POINT('',(-0.404,0.));
#10804 = VECTOR('',#10805,1.);
#10805 = DIRECTION('',(0.,1.));
#10806 = ( GEOMETRIC_REPRESENTATION_CONTEXT(2) 
PARAMETRIC_REPRESENTATION_CONTEXT() REPRESENTATION_CONTEXT('2D SPACE',''
  ) );
#10807 = ORIENTED_EDGE('',*,*,#10278,.T.);
#10808 = ADVANCED_FACE('',(#10809),#9009,.F.);
#10809 = FACE_BOUND('',#10810,.F.);
#10810 = EDGE_LOOP('',(#10811,#10812,#10813,#10814));
#10811 = ORIENTED_EDGE('',*,*,#9073,.F.);
#10812 = ORIENTED_EDGE('',*,*,#8996,.T.);
#10813 = ORIENTED_EDGE('',*,*,#9048,.T.);
#10814 = ORIENTED_EDGE('',*,*,#9120,.F.);
#10815 = ADVANCED_FACE('',(#10816),#9202,.F.);
#10816 = FACE_BOUND('',#10817,.F.);
#10817 = EDGE_LOOP('',(#10818,#10819,#10820,#10821));
#10818 = ORIENTED_EDGE('',*,*,#9313,.F.);
#10819 = ORIENTED_EDGE('',*,*,#9189,.T.);
#10820 = ORIENTED_EDGE('',*,*,#9241,.T.);
#10821 = ORIENTED_EDGE('',*,*,#9287,.F.);
#10822 = ADVANCED_FACE('',(#10823),#9402,.T.);
#10823 = FACE_BOUND('',#10824,.F.);
#10824 = EDGE_LOOP('',(#10825,#10826,#10846,#10847));
#10825 = ORIENTED_EDGE('',*,*,#9387,.T.);
#10826 = ORIENTED_EDGE('',*,*,#10827,.T.);
#10827 = EDGE_CURVE('',#9361,#9489,#10828,.T.);
#10828 = SURFACE_CURVE('',#10829,(#10833,#10840),.PCURVE_S1.);
#10829 = LINE('',#10830,#10831);
#10830 = CARTESIAN_POINT('',(7.472944649361,-36.4,12.65));
#10831 = VECTOR('',#10832,1.);
#10832 = DIRECTION('',(0.,1.,0.));
#10833 = PCURVE('',#9402,#10834);
#10834 = DEFINITIONAL_REPRESENTATION('',(#10835),#10839);
#10835 = LINE('',#10836,#10837);
#10836 = CARTESIAN_POINT('',(0.885391695539,0.445889298723));
#10837 = VECTOR('',#10838,1.);
#10838 = DIRECTION('',(1.,0.));
#10839 = ( GEOMETRIC_REPRESENTATION_CONTEXT(2) 
PARAMETRIC_REPRESENTATION_CONTEXT() REPRESENTATION_CONTEXT('2D SPACE',''
  ) );
#10840 = PCURVE('',#9375,#10841);
#10841 = DEFINITIONAL_REPRESENTATION('',(#10842),#10845);
#10842 = B_SPLINE_CURVE_WITH_KNOTS('',1,(#10843,#10844),.UNSPECIFIED.,
  .F.,.F.,(2,2),(6.386901905834E-03,0.493314864858),
  .PIECEWISE_BEZIER_KNOTS.);
#10843 = CARTESIAN_POINT('',(0.,1.));
#10844 = CARTESIAN_POINT('',(0.5,1.));
#10845 = ( GEOMETRIC_REPRESENTATION_CONTEXT(2) 
PARAMETRIC_REPRESENTATION_CONTEXT() REPRESENTATION_CONTEXT('2D SPACE',''
  ) );
#10846 = ORIENTED_EDGE('',*,*,#9572,.T.);
#10847 = ORIENTED_EDGE('',*,*,#9463,.T.);
#10848 = ADVANCED_FACE('',(#10849),#9375,.F.);
#10849 = FACE_BOUND('',#10850,.F.);
#10850 = EDGE_LOOP('',(#10851,#10871,#10872,#10873));
#10851 = ORIENTED_EDGE('',*,*,#10852,.T.);
#10852 = EDGE_CURVE('',#9339,#9487,#10853,.T.);
#10853 = SURFACE_CURVE('',#10854,(#10858,#10864),.PCURVE_S1.);
#10854 = LINE('',#10855,#10856);
#10855 = CARTESIAN_POINT('',(7.5,-36.4,14.2));
#10856 = VECTOR('',#10857,1.);
#10857 = DIRECTION('',(0.,1.,0.));
#10858 = PCURVE('',#9375,#10859);
#10859 = DEFINITIONAL_REPRESENTATION('',(#10860),#10863);
#10860 = B_SPLINE_CURVE_WITH_KNOTS('',1,(#10861,#10862),.UNSPECIFIED.,
  .F.,.F.,(2,2),(0.,0.5),.PIECEWISE_BEZIER_KNOTS.);
#10861 = CARTESIAN_POINT('',(0.,0.));
#10862 = CARTESIAN_POINT('',(0.5,0.));
#10863 = ( GEOMETRIC_REPRESENTATION_CONTEXT(2) 
PARAMETRIC_REPRESENTATION_CONTEXT() REPRESENTATION_CONTEXT('2D SPACE',''
  ) );
#10864 = PCURVE('',#9662,#10865);
#10865 = DEFINITIONAL_REPRESENTATION('',(#10866),#10870);
#10866 = LINE('',#10867,#10868);
#10867 = CARTESIAN_POINT('',(0.,0.));
#10868 = VECTOR('',#10869,1.);
#10869 = DIRECTION('',(0.,1.));
#10870 = ( GEOMETRIC_REPRESENTATION_CONTEXT(2) 
PARAMETRIC_REPRESENTATION_CONTEXT() REPRESENTATION_CONTEXT('2D SPACE',''
  ) );
#10871 = ORIENTED_EDGE('',*,*,#9486,.T.);
#10872 = ORIENTED_EDGE('',*,*,#10827,.F.);
#10873 = ORIENTED_EDGE('',*,*,#9360,.F.);
#10874 = ADVANCED_FACE('',(#10875),#9662,.F.);
#10875 = FACE_BOUND('',#10876,.F.);
#10876 = EDGE_LOOP('',(#10877,#10878,#10879,#10880));
#10877 = ORIENTED_EDGE('',*,*,#9800,.F.);
#10878 = ORIENTED_EDGE('',*,*,#10852,.F.);
#10879 = ORIENTED_EDGE('',*,*,#9649,.T.);
#10880 = ORIENTED_EDGE('',*,*,#9867,.T.);
#10881 = ADVANCED_FACE('',(#10882),#9718,.T.);
#10882 = FACE_BOUND('',#10883,.T.);
#10883 = EDGE_LOOP('',(#10884,#10885,#10886,#10887));
#10884 = ORIENTED_EDGE('',*,*,#9773,.F.);
#10885 = ORIENTED_EDGE('',*,*,#9844,.F.);
#10886 = ORIENTED_EDGE('',*,*,#10008,.F.);
#10887 = ORIENTED_EDGE('',*,*,#9704,.T.);
#10888 = ADVANCED_FACE('',(#10889),#9989,.F.);
#10889 = FACE_BOUND('',#10890,.F.);
#10890 = EDGE_LOOP('',(#10891,#10892,#10913,#10914));
#10891 = ORIENTED_EDGE('',*,*,#10298,.T.);
#10892 = ORIENTED_EDGE('',*,*,#10893,.T.);
#10893 = EDGE_CURVE('',#10299,#9952,#10894,.T.);
#10894 = SEAM_CURVE('',#10895,(#10899,#10906),.PCURVE_S1.);
#10895 = LINE('',#10896,#10897);
#10896 = CARTESIAN_POINT('',(1.215884109085,-40.,13.29));
#10897 = VECTOR('',#10898,1.);
#10898 = DIRECTION('',(-1.745240643728E-02,4.274606736168E-18,
    0.999847695156));
#10899 = PCURVE('',#9989,#10900);
#10900 = DEFINITIONAL_REPRESENTATION('',(#10901),#10905);
#10901 = LINE('',#10902,#10903);
#10902 = CARTESIAN_POINT('',(0.,-0.));
#10903 = VECTOR('',#10904,1.);
#10904 = DIRECTION('',(-0.,-1.));
#10905 = ( GEOMETRIC_REPRESENTATION_CONTEXT(2) 
PARAMETRIC_REPRESENTATION_CONTEXT() REPRESENTATION_CONTEXT('2D SPACE',''
  ) );
#10906 = PCURVE('',#9989,#10907);
#10907 = DEFINITIONAL_REPRESENTATION('',(#10908),#10912);
#10908 = LINE('',#10909,#10910);
#10909 = CARTESIAN_POINT('',(-6.28318530718,0.));
#10910 = VECTOR('',#10911,1.);
#10911 = DIRECTION('',(-0.,-1.));
#10912 = ( GEOMETRIC_REPRESENTATION_CONTEXT(2) 
PARAMETRIC_REPRESENTATION_CONTEXT() REPRESENTATION_CONTEXT('2D SPACE',''
  ) );
#10913 = ORIENTED_EDGE('',*,*,#9974,.F.);
#10914 = ORIENTED_EDGE('',*,*,#10893,.F.);
#10915 = ADVANCED_FACE('',(#10916),#10267,.T.);
#10916 = FACE_BOUND('',#10917,.T.);
#10917 = EDGE_LOOP('',(#10918,#10919,#10920,#10921));
#10918 = ORIENTED_EDGE('',*,*,#10788,.F.);
#10919 = ORIENTED_EDGE('',*,*,#10762,.T.);
#10920 = ORIENTED_EDGE('',*,*,#10716,.T.);
#10921 = ORIENTED_EDGE('',*,*,#10253,.T.);
#10922 = ADVANCED_FACE('',(#10923),#10073,.T.);
#10923 = FACE_BOUND('',#10924,.T.);
#10924 = EDGE_LOOP('',(#10925,#10926,#10927,#10928));
#10925 = ORIENTED_EDGE('',*,*,#10372,.F.);
#10926 = ORIENTED_EDGE('',*,*,#10325,.T.);
#10927 = ORIENTED_EDGE('',*,*,#10059,.T.);
#10928 = ORIENTED_EDGE('',*,*,#10420,.F.);
#10929 = ADVANCED_FACE('',(#10930),#10203,.T.);
#10930 = FACE_BOUND('',#10931,.T.);
#10931 = EDGE_LOOP('',(#10932,#10933,#10934,#10935));
#10932 = ORIENTED_EDGE('',*,*,#10668,.F.);
#10933 = ORIENTED_EDGE('',*,*,#10642,.T.);
#10934 = ORIENTED_EDGE('',*,*,#10596,.T.);
#10935 = ORIENTED_EDGE('',*,*,#10189,.T.);
#10936 = ADVANCED_FACE('',(#10937),#10137,.T.);
#10937 = FACE_BOUND('',#10938,.T.);
#10938 = EDGE_LOOP('',(#10939,#10940,#10941,#10942));
#10939 = ORIENTED_EDGE('',*,*,#10492,.F.);
#10940 = ORIENTED_EDGE('',*,*,#10445,.T.);
#10941 = ORIENTED_EDGE('',*,*,#10123,.T.);
#10942 = ORIENTED_EDGE('',*,*,#10540,.F.);
#10943 = ( GEOMETRIC_REPRESENTATION_CONTEXT(3) 
GLOBAL_UNCERTAINTY_ASSIGNED_CONTEXT((#10947)) 
GLOBAL_UNIT_ASSIGNED_CONTEXT((#10944,#10945,#10946)) 
REPRESENTATION_CONTEXT('Context #1',
  '3D Context with UNIT and UNCERTAINTY') );
#10944 = ( LENGTH_UNIT() NAMED_UNIT(*) SI_UNIT(.MILLI.,.METRE.) );
#10945 = ( NAMED_UNIT(*) PLANE_ANGLE_UNIT() SI_UNIT($,.RADIAN.) );
#10946 = ( NAMED_UNIT(*) SI_UNIT($,.STERADIAN.) SOLID_ANGLE_UNIT() );
#10947 = UNCERTAINTY_MEASURE_WITH_UNIT(LENGTH_MEASURE(2.E-06),#10944,
  'distance_accuracy_value','confusion accuracy');
#10948 = PRODUCT_RELATED_PRODUCT_CATEGORY('part',$,(#7));
#10949 = MECHANICAL_DESIGN_GEOMETRIC_PRESENTATION_REPRESENTATION('',(
    #10950),#10943);
#10950 = STYLED_ITEM('color',(#10951),#15);
#10951 = PRESENTATION_STYLE_ASSIGNMENT((#10952));
#10952 = SURFACE_STYLE_USAGE(.BOTH.,#10953);
#10953 = SURFACE_SIDE_STYLE('',(#10954));
#10954 = SURFACE_STYLE_FILL_AREA(#10955);
#10955 = FILL_AREA_STYLE('',(#10956));
#10956 = FILL_AREA_STYLE_COLOUR('',#10957);
#10957 = COLOUR_RGB('',0.349190215138,0.349190215138,0.36556462898);

#10958=DESCRIPTIVE_REPRESENTATION_ITEM('cadpy:generator','cadpy');
#10959=REPRESENTATION('cadpy:generator',(#10958),#10943);
#10960=PROPERTY_DEFINITION('cadpy metadata','cadpy:generator',#5);
#10961=PROPERTY_DEFINITION_REPRESENTATION(#10960,#10959);
#10962=DESCRIPTIVE_REPRESENTATION_ITEM('cadpy:entryKind','part');
#10963=REPRESENTATION('cadpy:entryKind',(#10962),#10943);
#10964=PROPERTY_DEFINITION('cadpy metadata','cadpy:entryKind',#5);
#10965=PROPERTY_DEFINITION_REPRESENTATION(#10964,#10963);
#10966=DESCRIPTIVE_REPRESENTATION_ITEM('cadpy:sourcePath','HemoSure_Strip_Tray.py');
#10967=REPRESENTATION('cadpy:sourcePath',(#10966),#10943);
#10968=PROPERTY_DEFINITION('cadpy metadata','cadpy:sourcePath',#5);
#10969=PROPERTY_DEFINITION_REPRESENTATION(#10968,#10967);
#10970=DESCRIPTIVE_REPRESENTATION_ITEM('cadpy:sourceHash','fd79eb4e1170f92f6ab9cfca6aa223b10061f34e88d98f124490fd2cbaa80aab');
#10971=REPRESENTATION('cadpy:sourceHash',(#10970),#10943);
#10972=PROPERTY_DEFINITION('cadpy metadata','cadpy:sourceHash',#5);
#10973=PROPERTY_DEFINITION_REPRESENTATION(#10972,#10971);
ENDSEC;
END-ISO-10303-21;
