ISO-10303-21;
HEADER;
FILE_DESCRIPTION(('Open CASCADE Model'),'2;1');
FILE_NAME('rear_housing','2026-09-29T16:08:14',('Author'),(
    'Open CASCADE'),'Open CASCADE STEP processor 7.8','cadpy','Unknown'
  );
FILE_SCHEMA(('AUTOMOTIVE_DESIGN { 1 0 10303 214 1 1 1 1 }'));
ENDSEC;
DATA;
#1 = APPLICATION_PROTOCOL_DEFINITION('international standard',
  'automotive_design',2000,#2);
#2 = APPLICATION_CONTEXT(
  'core data for automotive mechanical design processes');
#3 = SHAPE_DEFINITION_REPRESENTATION(#4,#10);
#4 = PRODUCT_DEFINITION_SHAPE('','',#5);
#5 = PRODUCT_DEFINITION('design','',#6,#9);
#6 = PRODUCT_DEFINITION_FORMATION('','',#7);
#7 = PRODUCT('rear_housing','rear_housing','',(#8));
#8 = PRODUCT_CONTEXT('',#2,'mechanical');
#9 = PRODUCT_DEFINITION_CONTEXT('part definition',#2,'design');
#10 = ADVANCED_BREP_SHAPE_REPRESENTATION('',(#11,#15),#16667);
#11 = AXIS2_PLACEMENT_3D('',#12,#13,#14);
#12 = CARTESIAN_POINT('',(0.,0.,0.));
#13 = DIRECTION('',(0.,0.,1.));
#14 = DIRECTION('',(1.,0.,-0.));
#15 = MANIFOLD_SOLID_BREP('',#16);
#16 = CLOSED_SHELL('',(#17,#131,#211,#290,#556,#603,#1048,#1101,#1985,
    #2011,#2276,#2427,#2473,#2520,#2566,#2613,#2660,#2781,#2807,#2852,
    #2981,#3026,#3145,#3192,#3341,#3571,#3618,#3644,#3670,#3719,#3746,
    #3801,#3856,#3911,#3984,#4031,#4078,#4126,#4174,#4221,#4268,#4296,
    #4351,#4406,#4461,#4537,#4587,#4637,#4686,#4735,#4785,#4835,#4862,
    #4917,#4972,#4996,#5132,#5179,#5233,#5280,#5334,#5359,#5493,#5537,
    #5761,#6146,#6251,#6275,#6321,#6543,#6587,#6757,#6781,#6805,#6829,
    #6836,#6843,#6878,#6882,#6886,#6897,#6932,#6967,#6971,#7204,#7208,
    #7243,#7267,#7291,#7315,#7322,#7374,#7913,#7946,#8054,#8126,#8173,
    #8274,#8356,#8428,#8475,#8576,#8629,#8676,#8750,#8797,#8821,#8845,
    #8852,#9372,#9427,#9482,#9537,#9609,#9657,#9704,#9752,#9799,#9847,
    #9894,#9922,#9977,#10030,#10205,#10284,#10333,#10441,#10548,#10627,
    #10676,#10784,#10938,#11010,#11057,#11158,#11312,#11384,#11431,
    #11532,#11559,#11591,#12960,#12967,#12974,#13000,#13026,#13158,
    #13206,#13253,#13333,#13465,#13513,#13560,#13640,#13725,#13780,
    #13853,#13940,#14072,#14127,#14200,#14287,#14294,#14324,#14354,
    #14384,#14577,#14607,#14638,#14697,#14704,#14711,#14742,#14801,
    #14808,#14815,#14870,#14943,#14990,#15037,#15063,#15118,#15191,
    #15238,#15285,#15311,#15338,#15466,#15491,#15516,#15541,#15651,
    #15750,#15797,#15865,#15890,#15915,#15922,#16021,#16068,#16136,
    #16163,#16198,#16233,#16268,#16275,#16310,#16317,#16341,#16365,
    #16391,#16398,#16424,#16431,#16486,#16541,#16596,#16651,#16655,
    #16659,#16663));
#17 = ADVANCED_FACE('',(#18),#31,.T.);
#18 = FACE_BOUND('',#19,.T.);
#19 = EDGE_LOOP('',(#20,#52,#80,#105));
#20 = ORIENTED_EDGE('',*,*,#21,.T.);
#21 = EDGE_CURVE('',#22,#24,#26,.T.);
#22 = VERTEX_POINT('',#23);
#23 = CARTESIAN_POINT('',(-30.70466127587,-49.,2.921469155076));
#24 = VERTEX_POINT('',#25);
#25 = CARTESIAN_POINT('',(-31.,-49.,14.2));
#26 = SURFACE_CURVE('',#27,(#30,#41),.PCURVE_S1.);
#27 = B_SPLINE_CURVE_WITH_KNOTS('',1,(#28,#29),.UNSPECIFIED.,.F.,.F.,(2,
    2),(0.,1.),.PIECEWISE_BEZIER_KNOTS.);
#28 = CARTESIAN_POINT('',(-30.62815991371,-49.,0.));
#29 = CARTESIAN_POINT('',(-31.,-49.,14.2));
#30 = PCURVE('',#31,#36);
#31 = PLANE('',#32);
#32 = AXIS2_PLACEMENT_3D('',#33,#34,#35);
#33 = CARTESIAN_POINT('',(-31.,0.,14.2));
#34 = DIRECTION('',(-0.999657324976,0.,-2.617694830787E-02));
#35 = DIRECTION('',(0.,-1.,-0.));
#36 = DEFINITIONAL_REPRESENTATION('',(#37),#40);
#37 = B_SPLINE_CURVE_WITH_KNOTS('',1,(#38,#39),.UNSPECIFIED.,.F.,.F.,(2,
    2),(0.,1.),.PIECEWISE_BEZIER_KNOTS.);
#38 = CARTESIAN_POINT('',(49.,-14.20486765337));
#39 = CARTESIAN_POINT('',(49.,0.));
#40 = ( GEOMETRIC_REPRESENTATION_CONTEXT(2) 
PARAMETRIC_REPRESENTATION_CONTEXT() REPRESENTATION_CONTEXT('2D SPACE',''
  ) );
#41 = PCURVE('',#42,#47);
#42 = CONICAL_SURFACE('',#43,11.628159913718,2.617993877991E-02);
#43 = AXIS2_PLACEMENT_3D('',#44,#45,#46);
#44 = CARTESIAN_POINT('',(-19.,-49.,0.));
#45 = DIRECTION('',(0.,0.,1.));
#46 = DIRECTION('',(1.,0.,0.));
#47 = DEFINITIONAL_REPRESENTATION('',(#48),#51);
#48 = B_SPLINE_CURVE_WITH_KNOTS('',1,(#49,#50),.UNSPECIFIED.,.F.,.F.,(2,
    2),(0.,1.),.PIECEWISE_BEZIER_KNOTS.);
#49 = CARTESIAN_POINT('',(3.14159265359,0.));
#50 = CARTESIAN_POINT('',(3.14159265359,14.2));
#51 = ( GEOMETRIC_REPRESENTATION_CONTEXT(2) 
PARAMETRIC_REPRESENTATION_CONTEXT() REPRESENTATION_CONTEXT('2D SPACE',''
  ) );
#52 = ORIENTED_EDGE('',*,*,#53,.T.);
#53 = EDGE_CURVE('',#24,#54,#56,.T.);
#54 = VERTEX_POINT('',#55);
#55 = CARTESIAN_POINT('',(-31.,49.,14.2));
#56 = SURFACE_CURVE('',#57,(#61,#68),.PCURVE_S1.);
#57 = LINE('',#58,#59);
#58 = CARTESIAN_POINT('',(-31.,0.,14.2));
#59 = VECTOR('',#60,1.);
#60 = DIRECTION('',(0.,1.,0.));
#61 = PCURVE('',#31,#62);
#62 = DEFINITIONAL_REPRESENTATION('',(#63),#67);
#63 = LINE('',#64,#65);
#64 = CARTESIAN_POINT('',(0.,0.));
#65 = VECTOR('',#66,1.);
#66 = DIRECTION('',(-1.,0.));
#67 = ( GEOMETRIC_REPRESENTATION_CONTEXT(2) 
PARAMETRIC_REPRESENTATION_CONTEXT() REPRESENTATION_CONTEXT('2D SPACE',''
  ) );
#68 = PCURVE('',#69,#74);
#69 = PLANE('',#70);
#70 = AXIS2_PLACEMENT_3D('',#71,#72,#73);
#71 = CARTESIAN_POINT('',(-19.,-49.,14.2));
#72 = DIRECTION('',(0.,0.,1.));
#73 = DIRECTION('',(1.,0.,0.));
#74 = DEFINITIONAL_REPRESENTATION('',(#75),#79);
#75 = LINE('',#76,#77);
#76 = CARTESIAN_POINT('',(-12.,49.));
#77 = VECTOR('',#78,1.);
#78 = DIRECTION('',(0.,1.));
#79 = ( GEOMETRIC_REPRESENTATION_CONTEXT(2) 
PARAMETRIC_REPRESENTATION_CONTEXT() REPRESENTATION_CONTEXT('2D SPACE',''
  ) );
#80 = ORIENTED_EDGE('',*,*,#81,.F.);
#81 = EDGE_CURVE('',#82,#54,#84,.T.);
#82 = VERTEX_POINT('',#83);
#83 = CARTESIAN_POINT('',(-30.70466127587,49.,2.921469155076));
#84 = SURFACE_CURVE('',#85,(#88,#94),.PCURVE_S1.);
#85 = B_SPLINE_CURVE_WITH_KNOTS('',1,(#86,#87),.UNSPECIFIED.,.F.,.F.,(2,
    2),(0.,1.),.PIECEWISE_BEZIER_KNOTS.);
#86 = CARTESIAN_POINT('',(-30.62815991371,49.,0.));
#87 = CARTESIAN_POINT('',(-31.,49.,14.2));
#88 = PCURVE('',#31,#89);
#89 = DEFINITIONAL_REPRESENTATION('',(#90),#93);
#90 = B_SPLINE_CURVE_WITH_KNOTS('',1,(#91,#92),.UNSPECIFIED.,.F.,.F.,(2,
    2),(0.,1.),.PIECEWISE_BEZIER_KNOTS.);
#91 = CARTESIAN_POINT('',(-49.,-14.20486765337));
#92 = CARTESIAN_POINT('',(-49.,0.));
#93 = ( GEOMETRIC_REPRESENTATION_CONTEXT(2) 
PARAMETRIC_REPRESENTATION_CONTEXT() REPRESENTATION_CONTEXT('2D SPACE',''
  ) );
#94 = PCURVE('',#95,#100);
#95 = CONICAL_SURFACE('',#96,11.628159913718,2.617993877991E-02);
#96 = AXIS2_PLACEMENT_3D('',#97,#98,#99);
#97 = CARTESIAN_POINT('',(-19.,49.,0.));
#98 = DIRECTION('',(0.,0.,1.));
#99 = DIRECTION('',(1.,0.,0.));
#100 = DEFINITIONAL_REPRESENTATION('',(#101),#104);
#101 = B_SPLINE_CURVE_WITH_KNOTS('',1,(#102,#103),.UNSPECIFIED.,.F.,.F.,
  (2,2),(0.,1.),.PIECEWISE_BEZIER_KNOTS.);
#102 = CARTESIAN_POINT('',(3.14159265359,0.));
#103 = CARTESIAN_POINT('',(3.14159265359,14.2));
#104 = ( GEOMETRIC_REPRESENTATION_CONTEXT(2) 
PARAMETRIC_REPRESENTATION_CONTEXT() REPRESENTATION_CONTEXT('2D SPACE',''
  ) );
#105 = ORIENTED_EDGE('',*,*,#106,.F.);
#106 = EDGE_CURVE('',#22,#82,#107,.T.);
#107 = SURFACE_CURVE('',#108,(#112,#119),.PCURVE_S1.);
#108 = LINE('',#109,#110);
#109 = CARTESIAN_POINT('',(-30.70466127587,-49.,2.921469155076));
#110 = VECTOR('',#111,1.);
#111 = DIRECTION('',(0.,1.,0.));
#112 = PCURVE('',#31,#113);
#113 = DEFINITIONAL_REPRESENTATION('',(#114),#118);
#114 = LINE('',#115,#116);
#115 = CARTESIAN_POINT('',(49.,-11.2823970406));
#116 = VECTOR('',#117,1.);
#117 = DIRECTION('',(-1.,0.));
#118 = ( GEOMETRIC_REPRESENTATION_CONTEXT(2) 
PARAMETRIC_REPRESENTATION_CONTEXT() REPRESENTATION_CONTEXT('2D SPACE',''
  ) );
#119 = PCURVE('',#120,#125);
#120 = CYLINDRICAL_SURFACE('',#121,3.);
#121 = AXIS2_PLACEMENT_3D('',#122,#123,#124);
#122 = CARTESIAN_POINT('',(-27.70568930095,-49.,3.));
#123 = DIRECTION('',(0.,1.,0.));
#124 = DIRECTION('',(-0.999657324976,0.,-2.617694830787E-02));
#125 = DEFINITIONAL_REPRESENTATION('',(#126),#130);
#126 = LINE('',#127,#128);
#127 = CARTESIAN_POINT('',(-0.,0.));
#128 = VECTOR('',#129,1.);
#129 = DIRECTION('',(-0.,1.));
#130 = ( GEOMETRIC_REPRESENTATION_CONTEXT(2) 
PARAMETRIC_REPRESENTATION_CONTEXT() REPRESENTATION_CONTEXT('2D SPACE',''
  ) );
#131 = ADVANCED_FACE('',(#132),#42,.T.);
#132 = FACE_BOUND('',#133,.T.);
#133 = EDGE_LOOP('',(#134,#161,#183,#184));
#134 = ORIENTED_EDGE('',*,*,#135,.T.);
#135 = EDGE_CURVE('',#136,#138,#140,.T.);
#136 = VERTEX_POINT('',#137);
#137 = CARTESIAN_POINT('',(-19.,-60.70466127587,2.921469155076));
#138 = VERTEX_POINT('',#139);
#139 = CARTESIAN_POINT('',(-19.,-61.,14.2));
#140 = SURFACE_CURVE('',#141,(#144,#150),.PCURVE_S1.);
#141 = B_SPLINE_CURVE_WITH_KNOTS('',1,(#142,#143),.UNSPECIFIED.,.F.,.F.,
  (2,2),(0.,1.),.PIECEWISE_BEZIER_KNOTS.);
#142 = CARTESIAN_POINT('',(-19.,-60.62815991371,0.));
#143 = CARTESIAN_POINT('',(-19.,-61.,14.2));
#144 = PCURVE('',#42,#145);
#145 = DEFINITIONAL_REPRESENTATION('',(#146),#149);
#146 = B_SPLINE_CURVE_WITH_KNOTS('',1,(#147,#148),.UNSPECIFIED.,.F.,.F.,
  (2,2),(0.,1.),.PIECEWISE_BEZIER_KNOTS.);
#147 = CARTESIAN_POINT('',(4.712388980385,0.));
#148 = CARTESIAN_POINT('',(4.712388980385,14.2));
#149 = ( GEOMETRIC_REPRESENTATION_CONTEXT(2) 
PARAMETRIC_REPRESENTATION_CONTEXT() REPRESENTATION_CONTEXT('2D SPACE',''
  ) );
#150 = PCURVE('',#151,#156);
#151 = PLANE('',#152);
#152 = AXIS2_PLACEMENT_3D('',#153,#154,#155);
#153 = CARTESIAN_POINT('',(0.,-61.,14.2));
#154 = DIRECTION('',(0.,-0.999657324976,-2.617694830787E-02));
#155 = DIRECTION('',(1.,0.,0.));
#156 = DEFINITIONAL_REPRESENTATION('',(#157),#160);
#157 = B_SPLINE_CURVE_WITH_KNOTS('',1,(#158,#159),.UNSPECIFIED.,.F.,.F.,
  (2,2),(0.,1.),.PIECEWISE_BEZIER_KNOTS.);
#158 = CARTESIAN_POINT('',(-19.,-14.20486765337));
#159 = CARTESIAN_POINT('',(-19.,0.));
#160 = ( GEOMETRIC_REPRESENTATION_CONTEXT(2) 
PARAMETRIC_REPRESENTATION_CONTEXT() REPRESENTATION_CONTEXT('2D SPACE',''
  ) );
#161 = ORIENTED_EDGE('',*,*,#162,.F.);
#162 = EDGE_CURVE('',#24,#138,#163,.T.);
#163 = SURFACE_CURVE('',#164,(#169,#176),.PCURVE_S1.);
#164 = CIRCLE('',#165,12.);
#165 = AXIS2_PLACEMENT_3D('',#166,#167,#168);
#166 = CARTESIAN_POINT('',(-19.,-49.,14.2));
#167 = DIRECTION('',(0.,0.,1.));
#168 = DIRECTION('',(1.,0.,0.));
#169 = PCURVE('',#42,#170);
#170 = DEFINITIONAL_REPRESENTATION('',(#171),#175);
#171 = LINE('',#172,#173);
#172 = CARTESIAN_POINT('',(0.,14.2));
#173 = VECTOR('',#174,1.);
#174 = DIRECTION('',(1.,0.));
#175 = ( GEOMETRIC_REPRESENTATION_CONTEXT(2) 
PARAMETRIC_REPRESENTATION_CONTEXT() REPRESENTATION_CONTEXT('2D SPACE',''
  ) );
#176 = PCURVE('',#69,#177);
#177 = DEFINITIONAL_REPRESENTATION('',(#178),#182);
#178 = CIRCLE('',#179,12.);
#179 = AXIS2_PLACEMENT_2D('',#180,#181);
#180 = CARTESIAN_POINT('',(0.,0.));
#181 = DIRECTION('',(1.,0.));
#182 = ( GEOMETRIC_REPRESENTATION_CONTEXT(2) 
PARAMETRIC_REPRESENTATION_CONTEXT() REPRESENTATION_CONTEXT('2D SPACE',''
  ) );
#183 = ORIENTED_EDGE('',*,*,#21,.F.);
#184 = ORIENTED_EDGE('',*,*,#185,.F.);
#185 = EDGE_CURVE('',#136,#22,#186,.T.);
#186 = SURFACE_CURVE('',#187,(#192,#199),.PCURVE_S1.);
#187 = CIRCLE('',#188,11.704661275879);
#188 = AXIS2_PLACEMENT_3D('',#189,#190,#191);
#189 = CARTESIAN_POINT('',(-19.,-49.,2.921469155076));
#190 = DIRECTION('',(-0.,0.,-1.));
#191 = DIRECTION('',(-3.055267303823E-16,-1.,0.));
#192 = PCURVE('',#42,#193);
#193 = DEFINITIONAL_REPRESENTATION('',(#194),#198);
#194 = LINE('',#195,#196);
#195 = CARTESIAN_POINT('',(4.712388980385,2.921469155076));
#196 = VECTOR('',#197,1.);
#197 = DIRECTION('',(-1.,-0.));
#198 = ( GEOMETRIC_REPRESENTATION_CONTEXT(2) 
PARAMETRIC_REPRESENTATION_CONTEXT() REPRESENTATION_CONTEXT('2D SPACE',''
  ) );
#199 = PCURVE('',#200,#205);
#200 = TOROIDAL_SURFACE('',#201,8.705689300953,3.);
#201 = AXIS2_PLACEMENT_3D('',#202,#203,#204);
#202 = CARTESIAN_POINT('',(-19.,-49.,3.));
#203 = DIRECTION('',(-0.,-0.,-1.));
#204 = DIRECTION('',(-3.055267303823E-16,-1.,0.));
#205 = DEFINITIONAL_REPRESENTATION('',(#206),#210);
#206 = LINE('',#207,#208);
#207 = CARTESIAN_POINT('',(0.,2.617993877991E-02));
#208 = VECTOR('',#209,1.);
#209 = DIRECTION('',(1.,0.));
#210 = ( GEOMETRIC_REPRESENTATION_CONTEXT(2) 
PARAMETRIC_REPRESENTATION_CONTEXT() REPRESENTATION_CONTEXT('2D SPACE',''
  ) );
#211 = ADVANCED_FACE('',(#212),#120,.T.);
#212 = FACE_BOUND('',#213,.F.);
#213 = EDGE_LOOP('',(#214,#236,#264,#289));
#214 = ORIENTED_EDGE('',*,*,#215,.T.);
#215 = EDGE_CURVE('',#22,#216,#218,.T.);
#216 = VERTEX_POINT('',#217);
#217 = CARTESIAN_POINT('',(-27.70568930095,-49.,-1.7763568394E-15));
#218 = SURFACE_CURVE('',#219,(#224,#230),.PCURVE_S1.);
#219 = CIRCLE('',#220,3.);
#220 = AXIS2_PLACEMENT_3D('',#221,#222,#223);
#221 = CARTESIAN_POINT('',(-27.70568930095,-49.,3.));
#222 = DIRECTION('',(0.,-1.,-0.));
#223 = DIRECTION('',(-0.999657324976,0.,-2.617694830787E-02));
#224 = PCURVE('',#120,#225);
#225 = DEFINITIONAL_REPRESENTATION('',(#226),#229);
#226 = B_SPLINE_CURVE_WITH_KNOTS('',1,(#227,#228),.UNSPECIFIED.,.F.,.F.,
  (2,2),(0.,1.544616388015),.PIECEWISE_BEZIER_KNOTS.);
#227 = CARTESIAN_POINT('',(0.,0.));
#228 = CARTESIAN_POINT('',(-1.544616388015,0.));
#229 = ( GEOMETRIC_REPRESENTATION_CONTEXT(2) 
PARAMETRIC_REPRESENTATION_CONTEXT() REPRESENTATION_CONTEXT('2D SPACE',''
  ) );
#230 = PCURVE('',#200,#231);
#231 = DEFINITIONAL_REPRESENTATION('',(#232),#235);
#232 = B_SPLINE_CURVE_WITH_KNOTS('',1,(#233,#234),.UNSPECIFIED.,.F.,.F.,
  (2,2),(0.,1.544616388015),.PIECEWISE_BEZIER_KNOTS.);
#233 = CARTESIAN_POINT('',(1.570796326795,2.617993877991E-02));
#234 = CARTESIAN_POINT('',(1.570796326795,1.570796326795));
#235 = ( GEOMETRIC_REPRESENTATION_CONTEXT(2) 
PARAMETRIC_REPRESENTATION_CONTEXT() REPRESENTATION_CONTEXT('2D SPACE',''
  ) );
#236 = ORIENTED_EDGE('',*,*,#237,.T.);
#237 = EDGE_CURVE('',#216,#238,#240,.T.);
#238 = VERTEX_POINT('',#239);
#239 = CARTESIAN_POINT('',(-27.70568930095,49.,-1.7763568394E-15));
#240 = SURFACE_CURVE('',#241,(#245,#252),.PCURVE_S1.);
#241 = LINE('',#242,#243);
#242 = CARTESIAN_POINT('',(-27.70568930095,-49.,-1.7763568394E-15));
#243 = VECTOR('',#244,1.);
#244 = DIRECTION('',(0.,1.,0.));
#245 = PCURVE('',#120,#246);
#246 = DEFINITIONAL_REPRESENTATION('',(#247),#251);
#247 = LINE('',#248,#249);
#248 = CARTESIAN_POINT('',(-1.544616388015,0.));
#249 = VECTOR('',#250,1.);
#250 = DIRECTION('',(-0.,1.));
#251 = ( GEOMETRIC_REPRESENTATION_CONTEXT(2) 
PARAMETRIC_REPRESENTATION_CONTEXT() REPRESENTATION_CONTEXT('2D SPACE',''
  ) );
#252 = PCURVE('',#253,#258);
#253 = PLANE('',#254);
#254 = AXIS2_PLACEMENT_3D('',#255,#256,#257);
#255 = CARTESIAN_POINT('',(-19.,49.,0.));
#256 = DIRECTION('',(0.,0.,1.));
#257 = DIRECTION('',(1.,0.,0.));
#258 = DEFINITIONAL_REPRESENTATION('',(#259),#263);
#259 = LINE('',#260,#261);
#260 = CARTESIAN_POINT('',(-8.705689300953,-98.));
#261 = VECTOR('',#262,1.);
#262 = DIRECTION('',(0.,1.));
#263 = ( GEOMETRIC_REPRESENTATION_CONTEXT(2) 
PARAMETRIC_REPRESENTATION_CONTEXT() REPRESENTATION_CONTEXT('2D SPACE',''
  ) );
#264 = ORIENTED_EDGE('',*,*,#265,.F.);
#265 = EDGE_CURVE('',#82,#238,#266,.T.);
#266 = SURFACE_CURVE('',#267,(#272,#278),.PCURVE_S1.);
#267 = CIRCLE('',#268,3.);
#268 = AXIS2_PLACEMENT_3D('',#269,#270,#271);
#269 = CARTESIAN_POINT('',(-27.70568930095,49.,3.));
#270 = DIRECTION('',(0.,-1.,-0.));
#271 = DIRECTION('',(-0.999657324976,0.,-2.617694830787E-02));
#272 = PCURVE('',#120,#273);
#273 = DEFINITIONAL_REPRESENTATION('',(#274),#277);
#274 = B_SPLINE_CURVE_WITH_KNOTS('',1,(#275,#276),.UNSPECIFIED.,.F.,.F.,
  (2,2),(0.,1.544616388015),.PIECEWISE_BEZIER_KNOTS.);
#275 = CARTESIAN_POINT('',(0.,98.));
#276 = CARTESIAN_POINT('',(-1.544616388015,98.));
#277 = ( GEOMETRIC_REPRESENTATION_CONTEXT(2) 
PARAMETRIC_REPRESENTATION_CONTEXT() REPRESENTATION_CONTEXT('2D SPACE',''
  ) );
#278 = PCURVE('',#279,#284);
#279 = TOROIDAL_SURFACE('',#280,8.705689300953,3.);
#280 = AXIS2_PLACEMENT_3D('',#281,#282,#283);
#281 = CARTESIAN_POINT('',(-19.,49.,3.));
#282 = DIRECTION('',(-0.,-0.,-1.));
#283 = DIRECTION('',(-1.,0.,0.));
#284 = DEFINITIONAL_REPRESENTATION('',(#285),#288);
#285 = B_SPLINE_CURVE_WITH_KNOTS('',1,(#286,#287),.UNSPECIFIED.,.F.,.F.,
  (2,2),(0.,1.544616388015),.PIECEWISE_BEZIER_KNOTS.);
#286 = CARTESIAN_POINT('',(0.,2.617993877991E-02));
#287 = CARTESIAN_POINT('',(0.,1.570796326795));
#288 = ( GEOMETRIC_REPRESENTATION_CONTEXT(2) 
PARAMETRIC_REPRESENTATION_CONTEXT() REPRESENTATION_CONTEXT('2D SPACE',''
  ) );
#289 = ORIENTED_EDGE('',*,*,#106,.F.);
#290 = ADVANCED_FACE('',(#291),#69,.T.);
#291 = FACE_BOUND('',#292,.T.);
#292 = EDGE_LOOP('',(#293,#294,#295,#318,#344,#370,#399,#425,#454,#480,
    #506,#534));
#293 = ORIENTED_EDGE('',*,*,#53,.F.);
#294 = ORIENTED_EDGE('',*,*,#162,.T.);
#295 = ORIENTED_EDGE('',*,*,#296,.T.);
#296 = EDGE_CURVE('',#138,#297,#299,.T.);
#297 = VERTEX_POINT('',#298);
#298 = CARTESIAN_POINT('',(-11.150310559,-61.,14.2));
#299 = SURFACE_CURVE('',#300,(#304,#311),.PCURVE_S1.);
#300 = LINE('',#301,#302);
#301 = CARTESIAN_POINT('',(0.,-61.,14.2));
#302 = VECTOR('',#303,1.);
#303 = DIRECTION('',(1.,0.,0.));
#304 = PCURVE('',#69,#305);
#305 = DEFINITIONAL_REPRESENTATION('',(#306),#310);
#306 = LINE('',#307,#308);
#307 = CARTESIAN_POINT('',(19.,-12.));
#308 = VECTOR('',#309,1.);
#309 = DIRECTION('',(1.,0.));
#310 = ( GEOMETRIC_REPRESENTATION_CONTEXT(2) 
PARAMETRIC_REPRESENTATION_CONTEXT() REPRESENTATION_CONTEXT('2D SPACE',''
  ) );
#311 = PCURVE('',#151,#312);
#312 = DEFINITIONAL_REPRESENTATION('',(#313),#317);
#313 = LINE('',#314,#315);
#314 = CARTESIAN_POINT('',(0.,0.));
#315 = VECTOR('',#316,1.);
#316 = DIRECTION('',(1.,0.));
#317 = ( GEOMETRIC_REPRESENTATION_CONTEXT(2) 
PARAMETRIC_REPRESENTATION_CONTEXT() REPRESENTATION_CONTEXT('2D SPACE',''
  ) );
#318 = ORIENTED_EDGE('',*,*,#319,.F.);
#319 = EDGE_CURVE('',#320,#297,#322,.T.);
#320 = VERTEX_POINT('',#321);
#321 = CARTESIAN_POINT('',(-11.150310559,-59.89982544935,14.2));
#322 = SURFACE_CURVE('',#323,(#327,#333),.PCURVE_S1.);
#323 = LINE('',#324,#325);
#324 = CARTESIAN_POINT('',(-11.150310559,-54.5,14.2));
#325 = VECTOR('',#326,1.);
#326 = DIRECTION('',(-0.,-1.,0.));
#327 = PCURVE('',#69,#328);
#328 = DEFINITIONAL_REPRESENTATION('',(#329),#332);
#329 = B_SPLINE_CURVE_WITH_KNOTS('',1,(#330,#331),.UNSPECIFIED.,.F.,.F.,
  (2,2),(3.5,6.5),.PIECEWISE_BEZIER_KNOTS.);
#330 = CARTESIAN_POINT('',(7.849689440994,-9.));
#331 = CARTESIAN_POINT('',(7.849689440994,-12.));
#332 = ( GEOMETRIC_REPRESENTATION_CONTEXT(2) 
PARAMETRIC_REPRESENTATION_CONTEXT() REPRESENTATION_CONTEXT('2D SPACE',''
  ) );
#333 = PCURVE('',#334,#339);
#334 = PLANE('',#335);
#335 = AXIS2_PLACEMENT_3D('',#336,#337,#338);
#336 = CARTESIAN_POINT('',(-11.2,-60.,15.8));
#337 = DIRECTION('',(-0.999518114063,0.,-3.104093521936E-02));
#338 = DIRECTION('',(0.,-1.,-0.));
#339 = DEFINITIONAL_REPRESENTATION('',(#340),#343);
#340 = B_SPLINE_CURVE_WITH_KNOTS('',1,(#341,#342),.UNSPECIFIED.,.F.,.F.,
  (2,2),(3.5,6.5),.PIECEWISE_BEZIER_KNOTS.);
#341 = CARTESIAN_POINT('',(-2.,-1.60077138922));
#342 = CARTESIAN_POINT('',(1.,-1.60077138922));
#343 = ( GEOMETRIC_REPRESENTATION_CONTEXT(2) 
PARAMETRIC_REPRESENTATION_CONTEXT() REPRESENTATION_CONTEXT('2D SPACE',''
  ) );
#344 = ORIENTED_EDGE('',*,*,#345,.F.);
#345 = EDGE_CURVE('',#346,#320,#348,.T.);
#346 = VERTEX_POINT('',#347);
#347 = CARTESIAN_POINT('',(-19.,-59.89982544935,14.2));
#348 = SURFACE_CURVE('',#349,(#353,#359),.PCURVE_S1.);
#349 = LINE('',#350,#351);
#350 = CARTESIAN_POINT('',(-9.5,-59.89982544935,14.2));
#351 = VECTOR('',#352,1.);
#352 = DIRECTION('',(1.,0.,-0.));
#353 = PCURVE('',#69,#354);
#354 = DEFINITIONAL_REPRESENTATION('',(#355),#358);
#355 = B_SPLINE_CURVE_WITH_KNOTS('',1,(#356,#357),.UNSPECIFIED.,.F.,.F.,
  (2,2),(-9.5,28.5),.PIECEWISE_BEZIER_KNOTS.);
#356 = CARTESIAN_POINT('',(0.,-10.89982544935));
#357 = CARTESIAN_POINT('',(38.,-10.89982544935));
#358 = ( GEOMETRIC_REPRESENTATION_CONTEXT(2) 
PARAMETRIC_REPRESENTATION_CONTEXT() REPRESENTATION_CONTEXT('2D SPACE',''
  ) );
#359 = PCURVE('',#360,#365);
#360 = PLANE('',#361);
#361 = AXIS2_PLACEMENT_3D('',#362,#363,#364);
#362 = CARTESIAN_POINT('',(0.,-59.87364285195,15.7));
#363 = DIRECTION('',(0.,-0.999847695156,1.745240643728E-02));
#364 = DIRECTION('',(1.,0.,0.));
#365 = DEFINITIONAL_REPRESENTATION('',(#366),#369);
#366 = B_SPLINE_CURVE_WITH_KNOTS('',1,(#367,#368),.UNSPECIFIED.,.F.,.F.,
  (2,2),(-9.5,28.5),.PIECEWISE_BEZIER_KNOTS.);
#367 = CARTESIAN_POINT('',(-19.,-1.500228492066));
#368 = CARTESIAN_POINT('',(19.,-1.500228492066));
#369 = ( GEOMETRIC_REPRESENTATION_CONTEXT(2) 
PARAMETRIC_REPRESENTATION_CONTEXT() REPRESENTATION_CONTEXT('2D SPACE',''
  ) );
#370 = ORIENTED_EDGE('',*,*,#371,.F.);
#371 = EDGE_CURVE('',#372,#346,#374,.T.);
#372 = VERTEX_POINT('',#373);
#373 = CARTESIAN_POINT('',(-29.89982544935,-49.,14.2));
#374 = SURFACE_CURVE('',#375,(#380,#387),.PCURVE_S1.);
#375 = CIRCLE('',#376,10.899825449351);
#376 = AXIS2_PLACEMENT_3D('',#377,#378,#379);
#377 = CARTESIAN_POINT('',(-19.,-49.,14.2));
#378 = DIRECTION('',(0.,0.,1.));
#379 = DIRECTION('',(1.,0.,-0.));
#380 = PCURVE('',#69,#381);
#381 = DEFINITIONAL_REPRESENTATION('',(#382),#386);
#382 = CIRCLE('',#383,10.899825449351);
#383 = AXIS2_PLACEMENT_2D('',#384,#385);
#384 = CARTESIAN_POINT('',(0.,0.));
#385 = DIRECTION('',(1.,0.));
#386 = ( GEOMETRIC_REPRESENTATION_CONTEXT(2) 
PARAMETRIC_REPRESENTATION_CONTEXT() REPRESENTATION_CONTEXT('2D SPACE',''
  ) );
#387 = PCURVE('',#388,#393);
#388 = CONICAL_SURFACE('',#389,10.9,1.745329251994E-02);
#389 = AXIS2_PLACEMENT_3D('',#390,#391,#392);
#390 = CARTESIAN_POINT('',(-19.,-49.,14.19));
#391 = DIRECTION('',(-0.,-0.,-1.));
#392 = DIRECTION('',(1.,0.,0.));
#393 = DEFINITIONAL_REPRESENTATION('',(#394),#398);
#394 = LINE('',#395,#396);
#395 = CARTESIAN_POINT('',(-0.,-1.E-02));
#396 = VECTOR('',#397,1.);
#397 = DIRECTION('',(-1.,-0.));
#398 = ( GEOMETRIC_REPRESENTATION_CONTEXT(2) 
PARAMETRIC_REPRESENTATION_CONTEXT() REPRESENTATION_CONTEXT('2D SPACE',''
  ) );
#399 = ORIENTED_EDGE('',*,*,#400,.F.);
#400 = EDGE_CURVE('',#401,#372,#403,.T.);
#401 = VERTEX_POINT('',#402);
#402 = CARTESIAN_POINT('',(-29.89982544935,49.,14.2));
#403 = SURFACE_CURVE('',#404,(#408,#414),.PCURVE_S1.);
#404 = LINE('',#405,#406);
#405 = CARTESIAN_POINT('',(-29.89982544935,-24.5,14.2));
#406 = VECTOR('',#407,1.);
#407 = DIRECTION('',(0.,-1.,0.));
#408 = PCURVE('',#69,#409);
#409 = DEFINITIONAL_REPRESENTATION('',(#410),#413);
#410 = B_SPLINE_CURVE_WITH_KNOTS('',1,(#411,#412),.UNSPECIFIED.,.F.,.F.,
  (2,2),(-73.5,24.5),.PIECEWISE_BEZIER_KNOTS.);
#411 = CARTESIAN_POINT('',(-10.89982544935,98.));
#412 = CARTESIAN_POINT('',(-10.89982544935,0.));
#413 = ( GEOMETRIC_REPRESENTATION_CONTEXT(2) 
PARAMETRIC_REPRESENTATION_CONTEXT() REPRESENTATION_CONTEXT('2D SPACE',''
  ) );
#414 = PCURVE('',#415,#420);
#415 = PLANE('',#416);
#416 = AXIS2_PLACEMENT_3D('',#417,#418,#419);
#417 = CARTESIAN_POINT('',(-29.87364285195,0.,15.7));
#418 = DIRECTION('',(-0.999847695156,0.,1.745240643728E-02));
#419 = DIRECTION('',(-0.,-1.,0.));
#420 = DEFINITIONAL_REPRESENTATION('',(#421),#424);
#421 = B_SPLINE_CURVE_WITH_KNOTS('',1,(#422,#423),.UNSPECIFIED.,.F.,.F.,
  (2,2),(-73.5,24.5),.PIECEWISE_BEZIER_KNOTS.);
#422 = CARTESIAN_POINT('',(-49.,-1.500228492066));
#423 = CARTESIAN_POINT('',(49.,-1.500228492066));
#424 = ( GEOMETRIC_REPRESENTATION_CONTEXT(2) 
PARAMETRIC_REPRESENTATION_CONTEXT() REPRESENTATION_CONTEXT('2D SPACE',''
  ) );
#425 = ORIENTED_EDGE('',*,*,#426,.F.);
#426 = EDGE_CURVE('',#427,#401,#429,.T.);
#427 = VERTEX_POINT('',#428);
#428 = CARTESIAN_POINT('',(-19.,59.899825449351,14.2));
#429 = SURFACE_CURVE('',#430,(#435,#442),.PCURVE_S1.);
#430 = CIRCLE('',#431,10.899825449351);
#431 = AXIS2_PLACEMENT_3D('',#432,#433,#434);
#432 = CARTESIAN_POINT('',(-19.,49.,14.2));
#433 = DIRECTION('',(0.,0.,1.));
#434 = DIRECTION('',(1.,0.,-0.));
#435 = PCURVE('',#69,#436);
#436 = DEFINITIONAL_REPRESENTATION('',(#437),#441);
#437 = CIRCLE('',#438,10.899825449351);
#438 = AXIS2_PLACEMENT_2D('',#439,#440);
#439 = CARTESIAN_POINT('',(0.,98.));
#440 = DIRECTION('',(1.,0.));
#441 = ( GEOMETRIC_REPRESENTATION_CONTEXT(2) 
PARAMETRIC_REPRESENTATION_CONTEXT() REPRESENTATION_CONTEXT('2D SPACE',''
  ) );
#442 = PCURVE('',#443,#448);
#443 = CONICAL_SURFACE('',#444,10.9,1.745329251994E-02);
#444 = AXIS2_PLACEMENT_3D('',#445,#446,#447);
#445 = CARTESIAN_POINT('',(-19.,49.,14.19));
#446 = DIRECTION('',(-0.,-0.,-1.));
#447 = DIRECTION('',(1.,0.,0.));
#448 = DEFINITIONAL_REPRESENTATION('',(#449),#453);
#449 = LINE('',#450,#451);
#450 = CARTESIAN_POINT('',(-0.,-1.E-02));
#451 = VECTOR('',#452,1.);
#452 = DIRECTION('',(-1.,-0.));
#453 = ( GEOMETRIC_REPRESENTATION_CONTEXT(2) 
PARAMETRIC_REPRESENTATION_CONTEXT() REPRESENTATION_CONTEXT('2D SPACE',''
  ) );
#454 = ORIENTED_EDGE('',*,*,#455,.F.);
#455 = EDGE_CURVE('',#456,#427,#458,.T.);
#456 = VERTEX_POINT('',#457);
#457 = CARTESIAN_POINT('',(-4.800310559006,59.899825449351,14.2));
#458 = SURFACE_CURVE('',#459,(#463,#469),.PCURVE_S1.);
#459 = LINE('',#460,#461);
#460 = CARTESIAN_POINT('',(-9.5,59.899825449351,14.2));
#461 = VECTOR('',#462,1.);
#462 = DIRECTION('',(-1.,-0.,0.));
#463 = PCURVE('',#69,#464);
#464 = DEFINITIONAL_REPRESENTATION('',(#465),#468);
#465 = B_SPLINE_CURVE_WITH_KNOTS('',1,(#466,#467),.UNSPECIFIED.,.F.,.F.,
  (2,2),(-28.5,9.5),.PIECEWISE_BEZIER_KNOTS.);
#466 = CARTESIAN_POINT('',(38.,108.89982544935));
#467 = CARTESIAN_POINT('',(0.,108.89982544935));
#468 = ( GEOMETRIC_REPRESENTATION_CONTEXT(2) 
PARAMETRIC_REPRESENTATION_CONTEXT() REPRESENTATION_CONTEXT('2D SPACE',''
  ) );
#469 = PCURVE('',#470,#475);
#470 = PLANE('',#471);
#471 = AXIS2_PLACEMENT_3D('',#472,#473,#474);
#472 = CARTESIAN_POINT('',(0.,59.873642851958,15.7));
#473 = DIRECTION('',(-0.,0.999847695156,1.745240643728E-02));
#474 = DIRECTION('',(-1.,0.,-0.));
#475 = DEFINITIONAL_REPRESENTATION('',(#476),#479);
#476 = B_SPLINE_CURVE_WITH_KNOTS('',1,(#477,#478),.UNSPECIFIED.,.F.,.F.,
  (2,2),(-28.5,9.5),.PIECEWISE_BEZIER_KNOTS.);
#477 = CARTESIAN_POINT('',(-19.,-1.500228492066));
#478 = CARTESIAN_POINT('',(19.,-1.500228492066));
#479 = ( GEOMETRIC_REPRESENTATION_CONTEXT(2) 
PARAMETRIC_REPRESENTATION_CONTEXT() REPRESENTATION_CONTEXT('2D SPACE',''
  ) );
#480 = ORIENTED_EDGE('',*,*,#481,.F.);
#481 = EDGE_CURVE('',#482,#456,#484,.T.);
#482 = VERTEX_POINT('',#483);
#483 = CARTESIAN_POINT('',(-4.800310559006,61.,14.2));
#484 = SURFACE_CURVE('',#485,(#489,#495),.PCURVE_S1.);
#485 = LINE('',#486,#487);
#486 = CARTESIAN_POINT('',(-4.800310559006,5.5,14.2));
#487 = VECTOR('',#488,1.);
#488 = DIRECTION('',(-0.,-1.,0.));
#489 = PCURVE('',#69,#490);
#490 = DEFINITIONAL_REPRESENTATION('',(#491),#494);
#491 = B_SPLINE_CURVE_WITH_KNOTS('',1,(#492,#493),.UNSPECIFIED.,.F.,.F.,
  (2,2),(-55.5,-52.5),.PIECEWISE_BEZIER_KNOTS.);
#492 = CARTESIAN_POINT('',(14.199689440994,110.));
#493 = CARTESIAN_POINT('',(14.199689440994,107.));
#494 = ( GEOMETRIC_REPRESENTATION_CONTEXT(2) 
PARAMETRIC_REPRESENTATION_CONTEXT() REPRESENTATION_CONTEXT('2D SPACE',''
  ) );
#495 = PCURVE('',#496,#501);
#496 = PLANE('',#497);
#497 = AXIS2_PLACEMENT_3D('',#498,#499,#500);
#498 = CARTESIAN_POINT('',(-4.85,60.,15.8));
#499 = DIRECTION('',(-0.999518114063,0.,-3.104093521936E-02));
#500 = DIRECTION('',(0.,-1.,-0.));
#501 = DEFINITIONAL_REPRESENTATION('',(#502),#505);
#502 = B_SPLINE_CURVE_WITH_KNOTS('',1,(#503,#504),.UNSPECIFIED.,.F.,.F.,
  (2,2),(-55.5,-52.5),.PIECEWISE_BEZIER_KNOTS.);
#503 = CARTESIAN_POINT('',(-1.,-1.60077138922));
#504 = CARTESIAN_POINT('',(2.,-1.60077138922));
#505 = ( GEOMETRIC_REPRESENTATION_CONTEXT(2) 
PARAMETRIC_REPRESENTATION_CONTEXT() REPRESENTATION_CONTEXT('2D SPACE',''
  ) );
#506 = ORIENTED_EDGE('',*,*,#507,.F.);
#507 = EDGE_CURVE('',#508,#482,#510,.T.);
#508 = VERTEX_POINT('',#509);
#509 = CARTESIAN_POINT('',(-19.,61.,14.2));
#510 = SURFACE_CURVE('',#511,(#515,#522),.PCURVE_S1.);
#511 = LINE('',#512,#513);
#512 = CARTESIAN_POINT('',(0.,61.,14.2));
#513 = VECTOR('',#514,1.);
#514 = DIRECTION('',(1.,0.,0.));
#515 = PCURVE('',#69,#516);
#516 = DEFINITIONAL_REPRESENTATION('',(#517),#521);
#517 = LINE('',#518,#519);
#518 = CARTESIAN_POINT('',(19.,110.));
#519 = VECTOR('',#520,1.);
#520 = DIRECTION('',(1.,0.));
#521 = ( GEOMETRIC_REPRESENTATION_CONTEXT(2) 
PARAMETRIC_REPRESENTATION_CONTEXT() REPRESENTATION_CONTEXT('2D SPACE',''
  ) );
#522 = PCURVE('',#523,#528);
#523 = PLANE('',#524);
#524 = AXIS2_PLACEMENT_3D('',#525,#526,#527);
#525 = CARTESIAN_POINT('',(0.,61.,14.2));
#526 = DIRECTION('',(0.,0.999657324976,-2.617694830787E-02));
#527 = DIRECTION('',(-1.,0.,-0.));
#528 = DEFINITIONAL_REPRESENTATION('',(#529),#533);
#529 = LINE('',#530,#531);
#530 = CARTESIAN_POINT('',(0.,0.));
#531 = VECTOR('',#532,1.);
#532 = DIRECTION('',(-1.,0.));
#533 = ( GEOMETRIC_REPRESENTATION_CONTEXT(2) 
PARAMETRIC_REPRESENTATION_CONTEXT() REPRESENTATION_CONTEXT('2D SPACE',''
  ) );
#534 = ORIENTED_EDGE('',*,*,#535,.T.);
#535 = EDGE_CURVE('',#508,#54,#536,.T.);
#536 = SURFACE_CURVE('',#537,(#542,#549),.PCURVE_S1.);
#537 = CIRCLE('',#538,12.);
#538 = AXIS2_PLACEMENT_3D('',#539,#540,#541);
#539 = CARTESIAN_POINT('',(-19.,49.,14.2));
#540 = DIRECTION('',(0.,0.,1.));
#541 = DIRECTION('',(1.,0.,0.));
#542 = PCURVE('',#69,#543);
#543 = DEFINITIONAL_REPRESENTATION('',(#544),#548);
#544 = CIRCLE('',#545,12.);
#545 = AXIS2_PLACEMENT_2D('',#546,#547);
#546 = CARTESIAN_POINT('',(0.,98.));
#547 = DIRECTION('',(1.,0.));
#548 = ( GEOMETRIC_REPRESENTATION_CONTEXT(2) 
PARAMETRIC_REPRESENTATION_CONTEXT() REPRESENTATION_CONTEXT('2D SPACE',''
  ) );
#549 = PCURVE('',#95,#550);
#550 = DEFINITIONAL_REPRESENTATION('',(#551),#555);
#551 = LINE('',#552,#553);
#552 = CARTESIAN_POINT('',(0.,14.2));
#553 = VECTOR('',#554,1.);
#554 = DIRECTION('',(1.,0.));
#555 = ( GEOMETRIC_REPRESENTATION_CONTEXT(2) 
PARAMETRIC_REPRESENTATION_CONTEXT() REPRESENTATION_CONTEXT('2D SPACE',''
  ) );
#556 = ADVANCED_FACE('',(#557),#95,.T.);
#557 = FACE_BOUND('',#558,.T.);
#558 = EDGE_LOOP('',(#559,#560,#561,#581));
#559 = ORIENTED_EDGE('',*,*,#81,.T.);
#560 = ORIENTED_EDGE('',*,*,#535,.F.);
#561 = ORIENTED_EDGE('',*,*,#562,.F.);
#562 = EDGE_CURVE('',#563,#508,#565,.T.);
#563 = VERTEX_POINT('',#564);
#564 = CARTESIAN_POINT('',(-19.,60.704661275879,2.921469155076));
#565 = SURFACE_CURVE('',#566,(#569,#575),.PCURVE_S1.);
#566 = B_SPLINE_CURVE_WITH_KNOTS('',1,(#567,#568),.UNSPECIFIED.,.F.,.F.,
  (2,2),(0.,1.),.PIECEWISE_BEZIER_KNOTS.);
#567 = CARTESIAN_POINT('',(-19.,60.628159913718,0.));
#568 = CARTESIAN_POINT('',(-19.,61.,14.2));
#569 = PCURVE('',#95,#570);
#570 = DEFINITIONAL_REPRESENTATION('',(#571),#574);
#571 = B_SPLINE_CURVE_WITH_KNOTS('',1,(#572,#573),.UNSPECIFIED.,.F.,.F.,
  (2,2),(0.,1.),.PIECEWISE_BEZIER_KNOTS.);
#572 = CARTESIAN_POINT('',(1.570796326795,0.));
#573 = CARTESIAN_POINT('',(1.570796326795,14.2));
#574 = ( GEOMETRIC_REPRESENTATION_CONTEXT(2) 
PARAMETRIC_REPRESENTATION_CONTEXT() REPRESENTATION_CONTEXT('2D SPACE',''
  ) );
#575 = PCURVE('',#523,#576);
#576 = DEFINITIONAL_REPRESENTATION('',(#577),#580);
#577 = B_SPLINE_CURVE_WITH_KNOTS('',1,(#578,#579),.UNSPECIFIED.,.F.,.F.,
  (2,2),(0.,1.),.PIECEWISE_BEZIER_KNOTS.);
#578 = CARTESIAN_POINT('',(19.,-14.20486765337));
#579 = CARTESIAN_POINT('',(19.,0.));
#580 = ( GEOMETRIC_REPRESENTATION_CONTEXT(2) 
PARAMETRIC_REPRESENTATION_CONTEXT() REPRESENTATION_CONTEXT('2D SPACE',''
  ) );
#581 = ORIENTED_EDGE('',*,*,#582,.F.);
#582 = EDGE_CURVE('',#82,#563,#583,.T.);
#583 = SURFACE_CURVE('',#584,(#589,#596),.PCURVE_S1.);
#584 = CIRCLE('',#585,11.704661275879);
#585 = AXIS2_PLACEMENT_3D('',#586,#587,#588);
#586 = CARTESIAN_POINT('',(-19.,49.,2.921469155076));
#587 = DIRECTION('',(-0.,0.,-1.));
#588 = DIRECTION('',(-1.,0.,0.));
#589 = PCURVE('',#95,#590);
#590 = DEFINITIONAL_REPRESENTATION('',(#591),#595);
#591 = LINE('',#592,#593);
#592 = CARTESIAN_POINT('',(3.14159265359,2.921469155076));
#593 = VECTOR('',#594,1.);
#594 = DIRECTION('',(-1.,-0.));
#595 = ( GEOMETRIC_REPRESENTATION_CONTEXT(2) 
PARAMETRIC_REPRESENTATION_CONTEXT() REPRESENTATION_CONTEXT('2D SPACE',''
  ) );
#596 = PCURVE('',#279,#597);
#597 = DEFINITIONAL_REPRESENTATION('',(#598),#602);
#598 = LINE('',#599,#600);
#599 = CARTESIAN_POINT('',(0.,2.617993877991E-02));
#600 = VECTOR('',#601,1.);
#601 = DIRECTION('',(1.,0.));
#602 = ( GEOMETRIC_REPRESENTATION_CONTEXT(2) 
PARAMETRIC_REPRESENTATION_CONTEXT() REPRESENTATION_CONTEXT('2D SPACE',''
  ) );
#603 = ADVANCED_FACE('',(#604),#151,.T.);
#604 = FACE_BOUND('',#605,.T.);
#605 = EDGE_LOOP('',(#606,#634,#659,#687,#713,#739,#853,#878,#1001,#1027
    ,#1046,#1047));
#606 = ORIENTED_EDGE('',*,*,#607,.F.);
#607 = EDGE_CURVE('',#608,#136,#610,.T.);
#608 = VERTEX_POINT('',#609);
#609 = CARTESIAN_POINT('',(19.,-60.70466127587,2.921469155076));
#610 = SURFACE_CURVE('',#611,(#615,#622),.PCURVE_S1.);
#611 = LINE('',#612,#613);
#612 = CARTESIAN_POINT('',(19.,-60.70466127587,2.921469155076));
#613 = VECTOR('',#614,1.);
#614 = DIRECTION('',(-1.,-0.,-0.));
#615 = PCURVE('',#151,#616);
#616 = DEFINITIONAL_REPRESENTATION('',(#617),#621);
#617 = LINE('',#618,#619);
#618 = CARTESIAN_POINT('',(19.,-11.2823970406));
#619 = VECTOR('',#620,1.);
#620 = DIRECTION('',(-1.,0.));
#621 = ( GEOMETRIC_REPRESENTATION_CONTEXT(2) 
PARAMETRIC_REPRESENTATION_CONTEXT() REPRESENTATION_CONTEXT('2D SPACE',''
  ) );
#622 = PCURVE('',#623,#628);
#623 = CYLINDRICAL_SURFACE('',#624,3.);
#624 = AXIS2_PLACEMENT_3D('',#625,#626,#627);
#625 = CARTESIAN_POINT('',(19.,-57.70568930095,3.));
#626 = DIRECTION('',(-1.,-0.,-0.));
#627 = DIRECTION('',(0.,-0.999657324976,-2.617694830787E-02));
#628 = DEFINITIONAL_REPRESENTATION('',(#629),#633);
#629 = LINE('',#630,#631);
#630 = CARTESIAN_POINT('',(-0.,0.));
#631 = VECTOR('',#632,1.);
#632 = DIRECTION('',(-0.,1.));
#633 = ( GEOMETRIC_REPRESENTATION_CONTEXT(2) 
PARAMETRIC_REPRESENTATION_CONTEXT() REPRESENTATION_CONTEXT('2D SPACE',''
  ) );
#634 = ORIENTED_EDGE('',*,*,#635,.T.);
#635 = EDGE_CURVE('',#608,#636,#638,.T.);
#636 = VERTEX_POINT('',#637);
#637 = CARTESIAN_POINT('',(19.,-61.,14.2));
#638 = SURFACE_CURVE('',#639,(#642,#648),.PCURVE_S1.);
#639 = B_SPLINE_CURVE_WITH_KNOTS('',1,(#640,#641),.UNSPECIFIED.,.F.,.F.,
  (2,2),(0.,1.),.PIECEWISE_BEZIER_KNOTS.);
#640 = CARTESIAN_POINT('',(19.,-60.62815991371,0.));
#641 = CARTESIAN_POINT('',(19.,-61.,14.2));
#642 = PCURVE('',#151,#643);
#643 = DEFINITIONAL_REPRESENTATION('',(#644),#647);
#644 = B_SPLINE_CURVE_WITH_KNOTS('',1,(#645,#646),.UNSPECIFIED.,.F.,.F.,
  (2,2),(0.,1.),.PIECEWISE_BEZIER_KNOTS.);
#645 = CARTESIAN_POINT('',(19.,-14.20486765337));
#646 = CARTESIAN_POINT('',(19.,0.));
#647 = ( GEOMETRIC_REPRESENTATION_CONTEXT(2) 
PARAMETRIC_REPRESENTATION_CONTEXT() REPRESENTATION_CONTEXT('2D SPACE',''
  ) );
#648 = PCURVE('',#649,#654);
#649 = CONICAL_SURFACE('',#650,11.628159913718,2.617993877991E-02);
#650 = AXIS2_PLACEMENT_3D('',#651,#652,#653);
#651 = CARTESIAN_POINT('',(19.,-49.,0.));
#652 = DIRECTION('',(0.,0.,1.));
#653 = DIRECTION('',(1.,0.,0.));
#654 = DEFINITIONAL_REPRESENTATION('',(#655),#658);
#655 = B_SPLINE_CURVE_WITH_KNOTS('',1,(#656,#657),.UNSPECIFIED.,.F.,.F.,
  (2,2),(0.,1.),.PIECEWISE_BEZIER_KNOTS.);
#656 = CARTESIAN_POINT('',(4.712388980385,0.));
#657 = CARTESIAN_POINT('',(4.712388980385,14.2));
#658 = ( GEOMETRIC_REPRESENTATION_CONTEXT(2) 
PARAMETRIC_REPRESENTATION_CONTEXT() REPRESENTATION_CONTEXT('2D SPACE',''
  ) );
#659 = ORIENTED_EDGE('',*,*,#660,.F.);
#660 = EDGE_CURVE('',#661,#636,#663,.T.);
#661 = VERTEX_POINT('',#662);
#662 = CARTESIAN_POINT('',(11.150310559006,-61.,14.2));
#663 = SURFACE_CURVE('',#664,(#668,#675),.PCURVE_S1.);
#664 = LINE('',#665,#666);
#665 = CARTESIAN_POINT('',(0.,-61.,14.2));
#666 = VECTOR('',#667,1.);
#667 = DIRECTION('',(1.,0.,0.));
#668 = PCURVE('',#151,#669);
#669 = DEFINITIONAL_REPRESENTATION('',(#670),#674);
#670 = LINE('',#671,#672);
#671 = CARTESIAN_POINT('',(0.,0.));
#672 = VECTOR('',#673,1.);
#673 = DIRECTION('',(1.,0.));
#674 = ( GEOMETRIC_REPRESENTATION_CONTEXT(2) 
PARAMETRIC_REPRESENTATION_CONTEXT() REPRESENTATION_CONTEXT('2D SPACE',''
  ) );
#675 = PCURVE('',#676,#681);
#676 = PLANE('',#677);
#677 = AXIS2_PLACEMENT_3D('',#678,#679,#680);
#678 = CARTESIAN_POINT('',(-19.,-49.,14.2));
#679 = DIRECTION('',(0.,0.,1.));
#680 = DIRECTION('',(1.,0.,0.));
#681 = DEFINITIONAL_REPRESENTATION('',(#682),#686);
#682 = LINE('',#683,#684);
#683 = CARTESIAN_POINT('',(19.,-12.));
#684 = VECTOR('',#685,1.);
#685 = DIRECTION('',(1.,0.));
#686 = ( GEOMETRIC_REPRESENTATION_CONTEXT(2) 
PARAMETRIC_REPRESENTATION_CONTEXT() REPRESENTATION_CONTEXT('2D SPACE',''
  ) );
#687 = ORIENTED_EDGE('',*,*,#688,.F.);
#688 = EDGE_CURVE('',#689,#661,#691,.T.);
#689 = VERTEX_POINT('',#690);
#690 = CARTESIAN_POINT('',(11.15,-60.99973814078,14.19));
#691 = SURFACE_CURVE('',#692,(#696,#702),.PCURVE_S1.);
#692 = LINE('',#693,#694);
#693 = CARTESIAN_POINT('',(11.169364121897,-61.01606571033,
    14.813524725092));
#694 = VECTOR('',#695,1.);
#695 = DIRECTION('',(3.103030850999E-02,-2.616434264211E-02,
    0.999175934022));
#696 = PCURVE('',#151,#697);
#697 = DEFINITIONAL_REPRESENTATION('',(#698),#701);
#698 = B_SPLINE_CURVE_WITH_KNOTS('',1,(#699,#700),.UNSPECIFIED.,.F.,.F.,
  (2,2),(-0.62403897438,-0.614030726924),.PIECEWISE_BEZIER_KNOTS.);
#699 = CARTESIAN_POINT('',(11.15,-1.000342792491E-02));
#700 = CARTESIAN_POINT('',(11.150310559006,-3.504554274342E-18));
#701 = ( GEOMETRIC_REPRESENTATION_CONTEXT(2) 
PARAMETRIC_REPRESENTATION_CONTEXT() REPRESENTATION_CONTEXT('2D SPACE',''
  ) );
#702 = PCURVE('',#703,#708);
#703 = PLANE('',#704);
#704 = AXIS2_PLACEMENT_3D('',#705,#706,#707);
#705 = CARTESIAN_POINT('',(11.2,-60.,15.8));
#706 = DIRECTION('',(0.999518114063,0.,-3.104093521936E-02));
#707 = DIRECTION('',(0.,1.,0.));
#708 = DEFINITIONAL_REPRESENTATION('',(#709),#712);
#709 = B_SPLINE_CURVE_WITH_KNOTS('',1,(#710,#711),.UNSPECIFIED.,.F.,.F.,
  (2,2),(-0.62403897438,-0.614030726924),.PIECEWISE_BEZIER_KNOTS.);
#710 = CARTESIAN_POINT('',(-0.999738140784,-1.610776210403));
#711 = CARTESIAN_POINT('',(-1.,-1.60077138922));
#712 = ( GEOMETRIC_REPRESENTATION_CONTEXT(2) 
PARAMETRIC_REPRESENTATION_CONTEXT() REPRESENTATION_CONTEXT('2D SPACE',''
  ) );
#713 = ORIENTED_EDGE('',*,*,#714,.T.);
#714 = EDGE_CURVE('',#689,#715,#717,.T.);
#715 = VERTEX_POINT('',#716);
#716 = CARTESIAN_POINT('',(10.758128210281,-60.99973814078,14.19));
#717 = SURFACE_CURVE('',#718,(#722,#728),.PCURVE_S1.);
#718 = LINE('',#719,#720);
#719 = CARTESIAN_POINT('',(-5.575,-60.99973814078,14.19));
#720 = VECTOR('',#721,1.);
#721 = DIRECTION('',(-1.,-0.,0.));
#722 = PCURVE('',#151,#723);
#723 = DEFINITIONAL_REPRESENTATION('',(#724),#727);
#724 = B_SPLINE_CURVE_WITH_KNOTS('',1,(#725,#726),.UNSPECIFIED.,.F.,.F.,
  (2,2),(-17.26306962166,5.754419167572),.PIECEWISE_BEZIER_KNOTS.);
#725 = CARTESIAN_POINT('',(11.688069621665,-1.000342792491E-02));
#726 = CARTESIAN_POINT('',(-11.32941916757,-1.000342792491E-02));
#727 = ( GEOMETRIC_REPRESENTATION_CONTEXT(2) 
PARAMETRIC_REPRESENTATION_CONTEXT() REPRESENTATION_CONTEXT('2D SPACE',''
  ) );
#728 = PCURVE('',#729,#734);
#729 = PLANE('',#730);
#730 = AXIS2_PLACEMENT_3D('',#731,#732,#733);
#731 = CARTESIAN_POINT('',(-11.15,-62.,14.19));
#732 = DIRECTION('',(0.,0.,1.));
#733 = DIRECTION('',(0.98429088052,0.17655441803,-0.));
#734 = DEFINITIONAL_REPRESENTATION('',(#735),#738);
#735 = B_SPLINE_CURVE_WITH_KNOTS('',1,(#736,#737),.UNSPECIFIED.,.F.,.F.,
  (2,2),(-17.26306962166,5.754419167572),.PIECEWISE_BEZIER_KNOTS.);
#736 = CARTESIAN_POINT('',(22.655904307708,-3.047613464834));
#737 = CARTESIAN_POINT('',(-3.437093324369E-16,1.016225872872));
#738 = ( GEOMETRIC_REPRESENTATION_CONTEXT(2) 
PARAMETRIC_REPRESENTATION_CONTEXT() REPRESENTATION_CONTEXT('2D SPACE',''
  ) );
#739 = ORIENTED_EDGE('',*,*,#740,.T.);
#740 = EDGE_CURVE('',#715,#741,#743,.T.);
#741 = VERTEX_POINT('',#742);
#742 = CARTESIAN_POINT('',(7.969393455377,-60.92818036613,
    11.457318835241));
#743 = SURFACE_CURVE('',#744,(#772,#803),.PCURVE_S1.);
#744 = B_SPLINE_CURVE_WITH_KNOTS('',6,(#745,#746,#747,#748,#749,#750,
    #751,#752,#753,#754,#755,#756,#757,#758,#759,#760,#761,#762,#763,
    #764,#765,#766,#767,#768,#769,#770,#771),.UNSPECIFIED.,.F.,.F.,(7,5,
    5,5,5,7),(0.,2.812303162535E-02,0.272019753895,0.515455611953,
    0.75815965615,1.),.UNSPECIFIED.);
#745 = CARTESIAN_POINT('',(10.758128210281,-60.99973814078,14.19));
#746 = CARTESIAN_POINT('',(10.757712499255,-60.99920744585,
    14.169733578367));
#747 = CARTESIAN_POINT('',(10.757118602189,-60.99867684822,
    14.149470872216));
#748 = CARTESIAN_POINT('',(10.756346612668,-60.99814639911,
    14.129213838036));
#749 = CARTESIAN_POINT('',(10.755396652569,-60.99761614967,
    14.10896442889));
#750 = CARTESIAN_POINT('',(10.75426887207,-60.99708615095,
    14.088724594416));
#751 = CARTESIAN_POINT('',(10.741642186175,-60.99196266148,
    13.893066425087));
#752 = CARTESIAN_POINT('',(10.716959659067,-60.98739138645,
    13.718496474678));
#753 = CARTESIAN_POINT('',(10.679031430547,-60.98287626843,
    13.546071073985));
#754 = CARTESIAN_POINT('',(10.628137603798,-60.97844966931,
    13.377026073619));
#755 = CARTESIAN_POINT('',(10.564693856403,-60.97414274771,
    13.212551373429));
#756 = CARTESIAN_POINT('',(10.413982208407,-60.96583561919,
    12.895314934195));
#757 = CARTESIAN_POINT('',(10.32675374838,-60.96183452882,
    12.742519457347));
#758 = CARTESIAN_POINT('',(10.228140442021,-60.95801155752,
    12.596526073677));
#759 = CARTESIAN_POINT('',(10.118830152943,-60.95439381289,
    12.458369980081));
#760 = CARTESIAN_POINT('',(9.999618741621,-60.95100621013,
    12.329002649804));
#761 = CARTESIAN_POINT('',(9.743613045456,-60.94474542263,
    12.089912821277));
#762 = CARTESIAN_POINT('',(9.606863437036,-60.94187049563,
    11.980123788395));
#763 = CARTESIAN_POINT('',(9.462080862143,-60.93926854652,
    11.880759360973));
#764 = CARTESIAN_POINT('',(9.310260331123,-60.93695850331,
    11.792542369952));
#765 = CARTESIAN_POINT('',(9.152472723824,-60.93495635154,
    11.716083278349));
#766 = CARTESIAN_POINT('',(8.827853724141,-60.93159876097,
    11.587862067784));
#767 = CARTESIAN_POINT('',(8.661044067781,-60.93024091708,
    11.536008101656));
#768 = CARTESIAN_POINT('',(8.490589286989,-60.92921348357,
    11.496771998651));
#769 = CARTESIAN_POINT('',(8.317675581474,-60.92852497433,
    11.470478891609));
#770 = CARTESIAN_POINT('',(8.143524445306,-60.92818036613,
    11.457318835241));
#771 = CARTESIAN_POINT('',(7.969393455377,-60.92818036613,
    11.457318835241));
#772 = PCURVE('',#151,#773);
#773 = DEFINITIONAL_REPRESENTATION('',(#774),#802);
#774 = B_SPLINE_CURVE_WITH_KNOTS('',6,(#775,#776,#777,#778,#779,#780,
    #781,#782,#783,#784,#785,#786,#787,#788,#789,#790,#791,#792,#793,
    #794,#795,#796,#797,#798,#799,#800,#801),.UNSPECIFIED.,.F.,.F.,(7,5,
    5,5,5,7),(0.,2.812303162535E-02,0.272019753895,0.515455611953,
    0.75815965615,1.),.UNSPECIFIED.);
#775 = CARTESIAN_POINT('',(10.758128210281,-1.000342792491E-02));
#776 = CARTESIAN_POINT('',(10.757712499255,-3.027679673527E-02));
#777 = CARTESIAN_POINT('',(10.757118602189,-5.05464487894E-02));
#778 = CARTESIAN_POINT('',(10.756346612668,-7.081042692877E-02));
#779 = CARTESIAN_POINT('',(10.755396652569,-9.106677742061E-02));
#780 = CARTESIAN_POINT('',(10.75426887207,-0.111313549958));
#781 = CARTESIAN_POINT('',(10.741642186175,-0.307038789437));
#782 = CARTESIAN_POINT('',(10.716959659067,-0.481668581115));
#783 = CARTESIAN_POINT('',(10.679031430547,-0.654153087941));
#784 = CARTESIAN_POINT('',(10.628137603798,-0.823256035664));
#785 = CARTESIAN_POINT('',(10.564693856403,-0.987787116545));
#786 = CARTESIAN_POINT('',(10.413982208407,-1.305132302049));
#787 = CARTESIAN_POINT('',(10.32675374838,-1.457980156039));
#788 = CARTESIAN_POINT('',(10.228140442021,-1.604023585144));
#789 = CARTESIAN_POINT('',(10.118830152943,-1.742227037612));
#790 = CARTESIAN_POINT('',(9.999618741621,-1.871638714038));
#791 = CARTESIAN_POINT('',(9.743613045456,-2.110810500763));
#792 = CARTESIAN_POINT('',(9.606863437036,-2.220637168501));
#793 = CARTESIAN_POINT('',(9.462080862143,-2.320035657303));
#794 = CARTESIAN_POINT('',(9.310260331123,-2.408282888446));
#795 = CARTESIAN_POINT('',(9.152472723824,-2.484768189652));
#796 = CARTESIAN_POINT('',(8.827853724141,-2.613033353484));
#797 = CARTESIAN_POINT('',(8.661044067781,-2.664905094763));
#798 = CARTESIAN_POINT('',(8.490589286989,-2.704154647609));
#799 = CARTESIAN_POINT('',(8.317675581474,-2.73045676773));
#800 = CARTESIAN_POINT('',(8.143524445306,-2.743621335267));
#801 = CARTESIAN_POINT('',(7.969393455377,-2.743621335267));
#802 = ( GEOMETRIC_REPRESENTATION_CONTEXT(2) 
PARAMETRIC_REPRESENTATION_CONTEXT() REPRESENTATION_CONTEXT('2D SPACE',''
  ) );
#803 = PCURVE('',#804,#823);
#804 = B_SPLINE_SURFACE_WITH_KNOTS('',8,1,(
    (#805,#806)
    ,(#807,#808)
    ,(#809,#810)
    ,(#811,#812)
    ,(#813,#814)
    ,(#815,#816)
    ,(#817,#818)
    ,(#819,#820)
    ,(#821,#822
    )),.UNSPECIFIED.,.F.,.F.,.F.,(9,9),(2,2),(4.712388980385,
    6.28318530718),(0.,1.),.PIECEWISE_BEZIER_KNOTS.);
#805 = CARTESIAN_POINT('',(8.16,-61.5,11.2));
#806 = CARTESIAN_POINT('',(7.16,-58.5,12.55));
#807 = CARTESIAN_POINT('',(8.747085127139,-61.49999999999,11.2));
#808 = CARTESIAN_POINT('',(7.482013246993,-58.49999999999,12.55));
#809 = CARTESIAN_POINT('',(9.334170439078,-61.5,11.331741758995));
#810 = CARTESIAN_POINT('',(7.804026595347,-58.5,12.622259693897));
#811 = CARTESIAN_POINT('',(9.886764570661,-61.49999999999,
    11.595223983043));
#812 = CARTESIAN_POINT('',(8.107121704309,-58.49999999999,
    12.766778371969));
#813 = CARTESIAN_POINT('',(10.370383679782,-61.5,11.97961632022));
#814 = CARTESIAN_POINT('',(8.372384359479,-58.5,12.977615640523));
#815 = CARTESIAN_POINT('',(10.754776016955,-61.49999999999,
    12.463235429337));
#816 = CARTESIAN_POINT('',(8.583221628029,-58.49999999999,
    13.242878295689));
#817 = CARTESIAN_POINT('',(11.018258241006,-61.5,13.015829560923));
#818 = CARTESIAN_POINT('',(8.727740306104,-58.5,13.545973404654));
#819 = CARTESIAN_POINT('',(11.15,-61.5,13.60291487286));
#820 = CARTESIAN_POINT('',(8.8,-58.5,13.867986753007));
#821 = CARTESIAN_POINT('',(11.15,-61.5,14.19));
#822 = CARTESIAN_POINT('',(8.8,-58.5,14.19));
#823 = DEFINITIONAL_REPRESENTATION('',(#824),#852);
#824 = B_SPLINE_CURVE_WITH_KNOTS('',6,(#825,#826,#827,#828,#829,#830,
    #831,#832,#833,#834,#835,#836,#837,#838,#839,#840,#841,#842,#843,
    #844,#845,#846,#847,#848,#849,#850,#851),.UNSPECIFIED.,.F.,.F.,(7,5,
    5,5,5,7),(0.,2.812303162535E-02,0.272019753895,0.515455611953,
    0.75815965615,1.),.UNSPECIFIED.);
#825 = CARTESIAN_POINT('',(6.28318530718,0.166753953072));
#826 = CARTESIAN_POINT('',(6.275855366721,0.166930851381));
#827 = CARTESIAN_POINT('',(6.268525250737,0.167107717259));
#828 = CARTESIAN_POINT('',(6.261194958259,0.167284533628));
#829 = CARTESIAN_POINT('',(6.253864488114,0.167461283442));
#830 = CARTESIAN_POINT('',(6.246533838928,0.167637949681));
#831 = CARTESIAN_POINT('',(6.17562645787,0.169345779507));
#832 = CARTESIAN_POINT('',(6.112033954068,0.17086953785));
#833 = CARTESIAN_POINT('',(6.04842985153,0.17237457719));
#834 = CARTESIAN_POINT('',(5.984808649368,0.17385011023));
#835 = CARTESIAN_POINT('',(5.921164549324,0.175285750763));
#836 = CARTESIAN_POINT('',(5.793954671531,0.178054793602));
#837 = CARTESIAN_POINT('',(5.730384126558,0.179388490393));
#838 = CARTESIAN_POINT('',(5.666788929023,0.180662814158));
#839 = CARTESIAN_POINT('',(5.603162235204,0.181868729035));
#840 = CARTESIAN_POINT('',(5.539497433788,0.182997929956));
#841 = CARTESIAN_POINT('',(5.412285809773,0.185084859122));
#842 = CARTESIAN_POINT('',(5.348734649226,0.186043168123));
#843 = CARTESIAN_POINT('',(5.285143773737,0.186910484491));
#844 = CARTESIAN_POINT('',(5.221507889228,0.187680498894));
#845 = CARTESIAN_POINT('',(5.157822504422,0.188347882819));
#846 = CARTESIAN_POINT('',(5.030588869056,0.189467079674));
#847 = CARTESIAN_POINT('',(4.967036100378,0.189919694304));
#848 = CARTESIAN_POINT('',(4.90343941238,0.190262172142));
#849 = CARTESIAN_POINT('',(4.839797615793,0.190491675222));
#850 = CARTESIAN_POINT('',(4.776110643993,0.190606544623));
#851 = CARTESIAN_POINT('',(4.712388980385,0.190606544623));
#852 = ( GEOMETRIC_REPRESENTATION_CONTEXT(2) 
PARAMETRIC_REPRESENTATION_CONTEXT() REPRESENTATION_CONTEXT('2D SPACE',''
  ) );
#853 = ORIENTED_EDGE('',*,*,#854,.T.);
#854 = EDGE_CURVE('',#741,#855,#857,.T.);
#855 = VERTEX_POINT('',#856);
#856 = CARTESIAN_POINT('',(-7.969393455377,-60.92818036613,
    11.457318835241));
#857 = SURFACE_CURVE('',#858,(#861,#867),.PCURVE_S1.);
#858 = B_SPLINE_CURVE_WITH_KNOTS('',1,(#859,#860),.UNSPECIFIED.,.F.,.F.,
  (2,2),(0.,1.),.PIECEWISE_BEZIER_KNOTS.);
#859 = CARTESIAN_POINT('',(7.969393455377,-60.92818036613,
    11.457318835241));
#860 = CARTESIAN_POINT('',(-7.969393455377,-60.92818036613,
    11.457318835241));
#861 = PCURVE('',#151,#862);
#862 = DEFINITIONAL_REPRESENTATION('',(#863),#866);
#863 = B_SPLINE_CURVE_WITH_KNOTS('',1,(#864,#865),.UNSPECIFIED.,.F.,.F.,
  (2,2),(0.,1.),.PIECEWISE_BEZIER_KNOTS.);
#864 = CARTESIAN_POINT('',(7.969393455377,-2.743621335267));
#865 = CARTESIAN_POINT('',(-7.969393455377,-2.743621335267));
#866 = ( GEOMETRIC_REPRESENTATION_CONTEXT(2) 
PARAMETRIC_REPRESENTATION_CONTEXT() REPRESENTATION_CONTEXT('2D SPACE',''
  ) );
#867 = PCURVE('',#868,#873);
#868 = B_SPLINE_SURFACE_WITH_KNOTS('',1,1,(
    (#869,#870)
    ,(#871,#872
    )),.UNSPECIFIED.,.F.,.F.,.F.,(2,2),(2,2),(-8.16,8.16),(0.,1.),
  .PIECEWISE_BEZIER_KNOTS.);
#869 = CARTESIAN_POINT('',(-8.16,-61.5,11.2));
#870 = CARTESIAN_POINT('',(-7.16,-58.5,12.55));
#871 = CARTESIAN_POINT('',(8.16,-61.5,11.2));
#872 = CARTESIAN_POINT('',(7.16,-58.5,12.55));
#873 = DEFINITIONAL_REPRESENTATION('',(#874),#877);
#874 = B_SPLINE_CURVE_WITH_KNOTS('',1,(#875,#876),.UNSPECIFIED.,.F.,.F.,
  (2,2),(0.,1.),.PIECEWISE_BEZIER_KNOTS.);
#875 = CARTESIAN_POINT('',(8.16,0.190606544623));
#876 = CARTESIAN_POINT('',(-8.16,0.190606544623));
#877 = ( GEOMETRIC_REPRESENTATION_CONTEXT(2) 
PARAMETRIC_REPRESENTATION_CONTEXT() REPRESENTATION_CONTEXT('2D SPACE',''
  ) );
#878 = ORIENTED_EDGE('',*,*,#879,.T.);
#879 = EDGE_CURVE('',#855,#880,#882,.T.);
#880 = VERTEX_POINT('',#881);
#881 = CARTESIAN_POINT('',(-10.75812821028,-60.99973814078,14.19));
#882 = SURFACE_CURVE('',#883,(#914,#948),.PCURVE_S1.);
#883 = B_SPLINE_CURVE_WITH_KNOTS('',5,(#884,#885,#886,#887,#888,#889,
    #890,#891,#892,#893,#894,#895,#896,#897,#898,#899,#900,#901,#902,
    #903,#904,#905,#906,#907,#908,#909,#910,#911,#912,#913),
  .UNSPECIFIED.,.F.,.F.,(6,4,4,4,4,4,4,6),(0.,0.165747715696,
    0.268400530985,0.496183892127,0.661437059976,0.731624218812,
    0.835969271693,1.),.UNSPECIFIED.);
#884 = CARTESIAN_POINT('',(-7.969393455377,-60.92818036613,
    11.457318835241));
#885 = CARTESIAN_POINT('',(-8.11260519091,-60.92818036613,
    11.457318835241));
#886 = CARTESIAN_POINT('',(-8.255828006026,-60.92842317462,
    11.466591317568));
#887 = CARTESIAN_POINT('',(-8.398257455571,-60.9289082995,
    11.485117489332));
#888 = CARTESIAN_POINT('',(-8.539107087192,-60.92963256208,
    11.512775961343));
#889 = CARTESIAN_POINT('',(-8.763391717867,-60.93118338538,
    11.571999513958));
#890 = CARTESIAN_POINT('',(-8.848273113459,-60.93186605765,
    11.598069715914));
#891 = CARTESIAN_POINT('',(-8.932074581804,-60.93263691713,
    11.627507651992));
#892 = CARTESIAN_POINT('',(-9.014620499254,-60.9334942585,
    11.660248197816));
#893 = CARTESIAN_POINT('',(-9.2757440309,-60.93652577907,11.776017297797
    ));
#894 = CARTESIAN_POINT('',(-9.448733627338,-60.93903132169,
    11.871700110077));
#895 = CARTESIAN_POINT('',(-9.612839431359,-60.94193003265,
    11.982397415542));
#896 = CARTESIAN_POINT('',(-9.766383704458,-60.94519172862,
    12.10695655941));
#897 = CARTESIAN_POINT('',(-10.01055407912,-60.95138179788,
    12.343345767325));
#898 = CARTESIAN_POINT('',(-10.10688499901,-60.95415595977,
    12.449286735913));
#899 = CARTESIAN_POINT('',(-10.19632407054,-60.95708746647,
    12.561236460009));
#900 = CARTESIAN_POINT('',(-10.27838308712,-60.96016055216,
    12.678592867941));
#901 = CARTESIAN_POINT('',(-10.38418785151,-60.96471585469,
    12.852552853008));
#902 = CARTESIAN_POINT('',(-10.4143232198,-60.96609625339,
    12.905268152813));
#903 = CARTESIAN_POINT('',(-10.44302080193,-60.96749774528,
    12.958788968812));
#904 = CARTESIAN_POINT('',(-10.47025158919,-60.96891896528,
    13.013063170773));
#905 = CARTESIAN_POINT('',(-10.53425260244,-60.97249862783,
    13.149764968488));
#906 = CARTESIAN_POINT('',(-10.56921597206,-60.97467924755,
    13.233039475963));
#907 = CARTESIAN_POINT('',(-10.60079264216,-60.97689573705,
    13.317683794943));
#908 = CARTESIAN_POINT('',(-10.62891000978,-60.97914330421,
    13.403514922062));
#909 = CARTESIAN_POINT('',(-10.69218016774,-60.98499123999,
    13.626838579295));
#910 = CARTESIAN_POINT('',(-10.72215810033,-60.98863008822,
    13.765800587051));
#911 = CARTESIAN_POINT('',(-10.74321605787,-60.99231421841,
    13.906491842868));
#912 = CARTESIAN_POINT('',(-10.75521857724,-60.99602371563,
    14.048151826218));
#913 = CARTESIAN_POINT('',(-10.75812821028,-60.99973814078,14.19));
#914 = PCURVE('',#151,#915);
#915 = DEFINITIONAL_REPRESENTATION('',(#916),#947);
#916 = B_SPLINE_CURVE_WITH_KNOTS('',5,(#917,#918,#919,#920,#921,#922,
    #923,#924,#925,#926,#927,#928,#929,#930,#931,#932,#933,#934,#935,
    #936,#937,#938,#939,#940,#941,#942,#943,#944,#945,#946),
  .UNSPECIFIED.,.F.,.F.,(6,4,4,4,4,4,4,6),(0.,0.165747715696,
    0.268400530985,0.496183892127,0.661437059976,0.731624218812,
    0.835969271693,1.),.UNSPECIFIED.);
#917 = CARTESIAN_POINT('',(-7.969393455377,-2.743621335267));
#918 = CARTESIAN_POINT('',(-8.11260519091,-2.743621335267));
#919 = CARTESIAN_POINT('',(-8.255828006026,-2.734345674403));
#920 = CARTESIAN_POINT('',(-8.398257455571,-2.715813152006));
#921 = CARTESIAN_POINT('',(-8.539107087192,-2.688145198878));
#922 = CARTESIAN_POINT('',(-8.763391717867,-2.628901344874));
#923 = CARTESIAN_POINT('',(-8.848273113459,-2.602822206249));
#924 = CARTESIAN_POINT('',(-8.932074581804,-2.573374179068));
#925 = CARTESIAN_POINT('',(-9.014620499254,-2.540622410031));
#926 = CARTESIAN_POINT('',(-9.2757440309,-2.424813625271));
#927 = CARTESIAN_POINT('',(-9.448733627338,-2.329098013642));
#928 = CARTESIAN_POINT('',(-9.612839431359,-2.218362761971));
#929 = CARTESIAN_POINT('',(-9.766383704458,-2.093760920164));
#930 = CARTESIAN_POINT('',(-10.01055407912,-1.857290679805));
#931 = CARTESIAN_POINT('',(-10.10688499901,-1.751313395447));
#932 = CARTESIAN_POINT('',(-10.19632407054,-1.639325295827));
#933 = CARTESIAN_POINT('',(-10.27838308712,-1.521928659));
#934 = CARTESIAN_POINT('',(-10.38418785151,-1.347909041756));
#935 = CARTESIAN_POINT('',(-10.4143232198,-1.295175671542));
#936 = CARTESIAN_POINT('',(-10.44302080193,-1.241636509009));
#937 = CARTESIAN_POINT('',(-10.47025158919,-1.187343702259));
#938 = CARTESIAN_POINT('',(-10.53425260244,-1.050595044194));
#939 = CARTESIAN_POINT('',(-10.56921597206,-0.967291990844));
#940 = CARTESIAN_POINT('',(-10.60079264216,-0.882618656427));
#941 = CARTESIAN_POINT('',(-10.62891000978,-0.796758107042));
#942 = CARTESIAN_POINT('',(-10.69218016774,-0.573357896136));
#943 = CARTESIAN_POINT('',(-10.72215810033,-0.434348253247));
#944 = CARTESIAN_POINT('',(-10.74321605787,-0.293608769524));
#945 = CARTESIAN_POINT('',(-10.75521857724,-0.151900226196));
#946 = CARTESIAN_POINT('',(-10.75812821028,-1.000342792491E-02));
#947 = ( GEOMETRIC_REPRESENTATION_CONTEXT(2) 
PARAMETRIC_REPRESENTATION_CONTEXT() REPRESENTATION_CONTEXT('2D SPACE',''
  ) );
#948 = PCURVE('',#949,#968);
#949 = B_SPLINE_SURFACE_WITH_KNOTS('',8,1,(
    (#950,#951)
    ,(#952,#953)
    ,(#954,#955)
    ,(#956,#957)
    ,(#958,#959)
    ,(#960,#961)
    ,(#962,#963)
    ,(#964,#965)
    ,(#966,#967
    )),.UNSPECIFIED.,.F.,.F.,.F.,(9,9),(2,2),(3.14159265359,
    4.712388980385),(0.,1.),.PIECEWISE_BEZIER_KNOTS.);
#950 = CARTESIAN_POINT('',(-11.15,-61.5,14.19));
#951 = CARTESIAN_POINT('',(-8.8,-58.5,14.19));
#952 = CARTESIAN_POINT('',(-11.15,-61.49999999999,13.60291487286));
#953 = CARTESIAN_POINT('',(-8.8,-58.49999999999,13.867986753007));
#954 = CARTESIAN_POINT('',(-11.018258241,-61.5,13.015829560923));
#955 = CARTESIAN_POINT('',(-8.727740306104,-58.5,13.545973404654));
#956 = CARTESIAN_POINT('',(-10.75477601695,-61.49999999999,
    12.463235429337));
#957 = CARTESIAN_POINT('',(-8.583221628029,-58.49999999999,
    13.24287829569));
#958 = CARTESIAN_POINT('',(-10.37038367978,-61.5,11.979616320219));
#959 = CARTESIAN_POINT('',(-8.37238435948,-58.5,12.977615640522));
#960 = CARTESIAN_POINT('',(-9.886764570662,-61.49999999999,
    11.595223983044));
#961 = CARTESIAN_POINT('',(-8.107121704309,-58.49999999999,
    12.76677837197));
#962 = CARTESIAN_POINT('',(-9.334170439078,-61.5,11.331741758994));
#963 = CARTESIAN_POINT('',(-7.804026595347,-58.5,12.622259693897));
#964 = CARTESIAN_POINT('',(-8.74708512714,-61.49999999999,11.2));
#965 = CARTESIAN_POINT('',(-7.482013246993,-58.5,12.55));
#966 = CARTESIAN_POINT('',(-8.16,-61.5,11.2));
#967 = CARTESIAN_POINT('',(-7.16,-58.5,12.55));
#968 = DEFINITIONAL_REPRESENTATION('',(#969),#1000);
#969 = B_SPLINE_CURVE_WITH_KNOTS('',5,(#970,#971,#972,#973,#974,#975,
    #976,#977,#978,#979,#980,#981,#982,#983,#984,#985,#986,#987,#988,
    #989,#990,#991,#992,#993,#994,#995,#996,#997,#998,#999),
  .UNSPECIFIED.,.F.,.F.,(6,4,4,4,4,4,4,6),(0.,0.165747715696,
    0.268400530985,0.496183892127,0.661437059976,0.731624218812,
    0.835969271693,1.),.UNSPECIFIED.);
#970 = CARTESIAN_POINT('',(4.712388980385,0.190606544623));
#971 = CARTESIAN_POINT('',(4.659981938765,0.190606544623));
#972 = CARTESIAN_POINT('',(4.607600467568,0.190525608458));
#973 = CARTESIAN_POINT('',(4.555249463135,0.190363900165));
#974 = CARTESIAN_POINT('',(4.50292877441,0.190122479305));
#975 = CARTESIAN_POINT('',(4.418257573786,0.189605538204));
#976 = CARTESIAN_POINT('',(4.385886505855,0.189377980783));
#977 = CARTESIAN_POINT('',(4.353528041489,0.189121027621));
#978 = CARTESIAN_POINT('',(4.321182245208,0.188835247166));
#979 = CARTESIAN_POINT('',(4.217102650491,0.187824740308));
#980 = CARTESIAN_POINT('',(4.145415896926,0.186989559436));
#981 = CARTESIAN_POINT('',(4.073794289991,0.186023322449));
#982 = CARTESIAN_POINT('',(4.002224538884,0.184936090459));
#983 = CARTESIAN_POINT('',(3.878823110343,0.182872734039));
#984 = CARTESIAN_POINT('',(3.826965037142,0.181948013408));
#985 = CARTESIAN_POINT('',(3.775131115493,0.18097084451));
#986 = CARTESIAN_POINT('',(3.723318999567,0.179946482612));
#987 = CARTESIAN_POINT('',(3.649528507739,0.178428048437));
#988 = CARTESIAN_POINT('',(3.627534271917,0.177967915535));
#989 = CARTESIAN_POINT('',(3.60554330893,0.177500751571));
#990 = CARTESIAN_POINT('',(3.583555437349,0.177027011573));
#991 = CARTESIAN_POINT('',(3.528886138467,0.175833790721));
#992 = CARTESIAN_POINT('',(3.496208217577,0.175106917481));
#993 = CARTESIAN_POINT('',(3.463536157373,0.174368087648));
#994 = CARTESIAN_POINT('',(3.430869459339,0.173618898594));
#995 = CARTESIAN_POINT('',(3.346863290681,0.17166958667));
#996 = CARTESIAN_POINT('',(3.295530467572,0.170456637258));
#997 = CARTESIAN_POINT('',(3.244209151103,0.169228593861));
#998 = CARTESIAN_POINT('',(3.192896168677,0.16799209479));
#999 = CARTESIAN_POINT('',(3.14159265359,0.166753953072));
#1000 = ( GEOMETRIC_REPRESENTATION_CONTEXT(2) 
PARAMETRIC_REPRESENTATION_CONTEXT() REPRESENTATION_CONTEXT('2D SPACE',''
  ) );
#1001 = ORIENTED_EDGE('',*,*,#1002,.T.);
#1002 = EDGE_CURVE('',#880,#1003,#1005,.T.);
#1003 = VERTEX_POINT('',#1004);
#1004 = CARTESIAN_POINT('',(-11.15,-60.99973814078,14.19));
#1005 = SURFACE_CURVE('',#1006,(#1010,#1016),.PCURVE_S1.);
#1006 = LINE('',#1007,#1008);
#1007 = CARTESIAN_POINT('',(-5.575,-60.99973814078,14.19));
#1008 = VECTOR('',#1009,1.);
#1009 = DIRECTION('',(-1.,-0.,0.));
#1010 = PCURVE('',#151,#1011);
#1011 = DEFINITIONAL_REPRESENTATION('',(#1012),#1015);
#1012 = B_SPLINE_CURVE_WITH_KNOTS('',1,(#1013,#1014),.UNSPECIFIED.,.F.,
  .F.,(2,2),(-17.26306962166,5.754419167572),.PIECEWISE_BEZIER_KNOTS.);
#1013 = CARTESIAN_POINT('',(11.688069621665,-1.000342792491E-02));
#1014 = CARTESIAN_POINT('',(-11.32941916757,-1.000342792491E-02));
#1015 = ( GEOMETRIC_REPRESENTATION_CONTEXT(2) 
PARAMETRIC_REPRESENTATION_CONTEXT() REPRESENTATION_CONTEXT('2D SPACE',''
  ) );
#1016 = PCURVE('',#1017,#1022);
#1017 = PLANE('',#1018);
#1018 = AXIS2_PLACEMENT_3D('',#1019,#1020,#1021);
#1019 = CARTESIAN_POINT('',(-11.15,-62.,14.19));
#1020 = DIRECTION('',(0.,0.,1.));
#1021 = DIRECTION('',(0.98429088052,0.17655441803,-0.));
#1022 = DEFINITIONAL_REPRESENTATION('',(#1023),#1026);
#1023 = B_SPLINE_CURVE_WITH_KNOTS('',1,(#1024,#1025),.UNSPECIFIED.,.F.,
  .F.,(2,2),(-17.26306962166,5.754419167572),.PIECEWISE_BEZIER_KNOTS.);
#1024 = CARTESIAN_POINT('',(22.655904307708,-3.047613464834));
#1025 = CARTESIAN_POINT('',(-3.437093324369E-16,1.016225872872));
#1026 = ( GEOMETRIC_REPRESENTATION_CONTEXT(2) 
PARAMETRIC_REPRESENTATION_CONTEXT() REPRESENTATION_CONTEXT('2D SPACE',''
  ) );
#1027 = ORIENTED_EDGE('',*,*,#1028,.F.);
#1028 = EDGE_CURVE('',#297,#1003,#1029,.T.);
#1029 = SURFACE_CURVE('',#1030,(#1034,#1040),.PCURVE_S1.);
#1030 = LINE('',#1031,#1032);
#1031 = CARTESIAN_POINT('',(-11.16936412189,-61.01606571033,
    14.813524725092));
#1032 = VECTOR('',#1033,1.);
#1033 = DIRECTION('',(3.103030850999E-02,2.616434264211E-02,
    -0.999175934022));
#1034 = PCURVE('',#151,#1035);
#1035 = DEFINITIONAL_REPRESENTATION('',(#1036),#1039);
#1036 = B_SPLINE_CURVE_WITH_KNOTS('',1,(#1037,#1038),.UNSPECIFIED.,.F.,
  .F.,(2,2),(0.614030726924,0.62403897438),.PIECEWISE_BEZIER_KNOTS.);
#1037 = CARTESIAN_POINT('',(-11.150310559,-3.504554274342E-18));
#1038 = CARTESIAN_POINT('',(-11.15,-1.000342792491E-02));
#1039 = ( GEOMETRIC_REPRESENTATION_CONTEXT(2) 
PARAMETRIC_REPRESENTATION_CONTEXT() REPRESENTATION_CONTEXT('2D SPACE',''
  ) );
#1040 = PCURVE('',#334,#1041);
#1041 = DEFINITIONAL_REPRESENTATION('',(#1042),#1045);
#1042 = B_SPLINE_CURVE_WITH_KNOTS('',1,(#1043,#1044),.UNSPECIFIED.,.F.,
  .F.,(2,2),(0.614030726924,0.62403897438),.PIECEWISE_BEZIER_KNOTS.);
#1043 = CARTESIAN_POINT('',(1.,-1.60077138922));
#1044 = CARTESIAN_POINT('',(0.999738140784,-1.610776210403));
#1045 = ( GEOMETRIC_REPRESENTATION_CONTEXT(2) 
PARAMETRIC_REPRESENTATION_CONTEXT() REPRESENTATION_CONTEXT('2D SPACE',''
  ) );
#1046 = ORIENTED_EDGE('',*,*,#296,.F.);
#1047 = ORIENTED_EDGE('',*,*,#135,.F.);
#1048 = ADVANCED_FACE('',(#1049),#200,.T.);
#1049 = FACE_BOUND('',#1050,.T.);
#1050 = EDGE_LOOP('',(#1051,#1073,#1074,#1075));
#1051 = ORIENTED_EDGE('',*,*,#1052,.F.);
#1052 = EDGE_CURVE('',#136,#1053,#1055,.T.);
#1053 = VERTEX_POINT('',#1054);
#1054 = CARTESIAN_POINT('',(-19.,-57.70568930095,-1.7763568394E-15));
#1055 = SURFACE_CURVE('',#1056,(#1061,#1067),.PCURVE_S1.);
#1056 = CIRCLE('',#1057,3.);
#1057 = AXIS2_PLACEMENT_3D('',#1058,#1059,#1060);
#1058 = CARTESIAN_POINT('',(-19.,-57.70568930095,3.));
#1059 = DIRECTION('',(1.,0.,0.));
#1060 = DIRECTION('',(0.,-0.999657324976,-2.617694830787E-02));
#1061 = PCURVE('',#200,#1062);
#1062 = DEFINITIONAL_REPRESENTATION('',(#1063),#1066);
#1063 = B_SPLINE_CURVE_WITH_KNOTS('',1,(#1064,#1065),.UNSPECIFIED.,.F.,
  .F.,(2,2),(0.,1.544616388015),.PIECEWISE_BEZIER_KNOTS.);
#1064 = CARTESIAN_POINT('',(0.,2.617993877991E-02));
#1065 = CARTESIAN_POINT('',(0.,1.570796326795));
#1066 = ( GEOMETRIC_REPRESENTATION_CONTEXT(2) 
PARAMETRIC_REPRESENTATION_CONTEXT() REPRESENTATION_CONTEXT('2D SPACE',''
  ) );
#1067 = PCURVE('',#623,#1068);
#1068 = DEFINITIONAL_REPRESENTATION('',(#1069),#1072);
#1069 = B_SPLINE_CURVE_WITH_KNOTS('',1,(#1070,#1071),.UNSPECIFIED.,.F.,
  .F.,(2,2),(0.,1.544616388015),.PIECEWISE_BEZIER_KNOTS.);
#1070 = CARTESIAN_POINT('',(0.,38.));
#1071 = CARTESIAN_POINT('',(-1.544616388015,38.));
#1072 = ( GEOMETRIC_REPRESENTATION_CONTEXT(2) 
PARAMETRIC_REPRESENTATION_CONTEXT() REPRESENTATION_CONTEXT('2D SPACE',''
  ) );
#1073 = ORIENTED_EDGE('',*,*,#185,.T.);
#1074 = ORIENTED_EDGE('',*,*,#215,.T.);
#1075 = ORIENTED_EDGE('',*,*,#1076,.F.);
#1076 = EDGE_CURVE('',#1053,#216,#1077,.T.);
#1077 = SURFACE_CURVE('',#1078,(#1083,#1090),.PCURVE_S1.);
#1078 = CIRCLE('',#1079,8.705689300953);
#1079 = AXIS2_PLACEMENT_3D('',#1080,#1081,#1082);
#1080 = CARTESIAN_POINT('',(-19.,-49.,0.));
#1081 = DIRECTION('',(-0.,0.,-1.));
#1082 = DIRECTION('',(-3.055267303823E-16,-1.,0.));
#1083 = PCURVE('',#200,#1084);
#1084 = DEFINITIONAL_REPRESENTATION('',(#1085),#1089);
#1085 = LINE('',#1086,#1087);
#1086 = CARTESIAN_POINT('',(0.,1.570796326795));
#1087 = VECTOR('',#1088,1.);
#1088 = DIRECTION('',(1.,0.));
#1089 = ( GEOMETRIC_REPRESENTATION_CONTEXT(2) 
PARAMETRIC_REPRESENTATION_CONTEXT() REPRESENTATION_CONTEXT('2D SPACE',''
  ) );
#1090 = PCURVE('',#253,#1091);
#1091 = DEFINITIONAL_REPRESENTATION('',(#1092),#1100);
#1092 = ( BOUNDED_CURVE() B_SPLINE_CURVE(2,(#1093,#1094,#1095,#1096,
#1097,#1098,#1099),.UNSPECIFIED.,.T.,.F.) B_SPLINE_CURVE_WITH_KNOTS((1,2
    ,2,2,2,1),(-2.094395102393,0.,2.094395102393,4.188790204786,
6.28318530718,8.377580409573),.UNSPECIFIED.) CURVE() 
GEOMETRIC_REPRESENTATION_ITEM() RATIONAL_B_SPLINE_CURVE((1.,0.5,1.,0.5,
1.,0.5,1.)) REPRESENTATION_ITEM('') );
#1093 = CARTESIAN_POINT('',(-3.552713678801E-15,-106.7056893009));
#1094 = CARTESIAN_POINT('',(-15.07869618415,-106.7056893009));
#1095 = CARTESIAN_POINT('',(-7.539348092079,-93.64715534952));
#1096 = CARTESIAN_POINT('',(4.973148450244E-15,-80.58862139809));
#1097 = CARTESIAN_POINT('',(7.539348092079,-93.64715534952));
#1098 = CARTESIAN_POINT('',(15.078696184159,-106.7056893009));
#1099 = CARTESIAN_POINT('',(-3.552713678801E-15,-106.7056893009));
#1100 = ( GEOMETRIC_REPRESENTATION_CONTEXT(2) 
PARAMETRIC_REPRESENTATION_CONTEXT() REPRESENTATION_CONTEXT('2D SPACE',''
  ) );
#1101 = ADVANCED_FACE('',(#1102,#1277,#1308,#1339,#1370,#1592,#1623,
    #1654,#1685,#1923,#1954),#253,.F.);
#1102 = FACE_BOUND('',#1103,.F.);
#1103 = EDGE_LOOP('',(#1104,#1105,#1106,#1129,#1162,#1190,#1223,#1251));
#1104 = ORIENTED_EDGE('',*,*,#237,.F.);
#1105 = ORIENTED_EDGE('',*,*,#1076,.F.);
#1106 = ORIENTED_EDGE('',*,*,#1107,.F.);
#1107 = EDGE_CURVE('',#1108,#1053,#1110,.T.);
#1108 = VERTEX_POINT('',#1109);
#1109 = CARTESIAN_POINT('',(19.,-57.70568930095,0.));
#1110 = SURFACE_CURVE('',#1111,(#1115,#1122),.PCURVE_S1.);
#1111 = LINE('',#1112,#1113);
#1112 = CARTESIAN_POINT('',(19.,-57.70568930095,-1.7763568394E-15));
#1113 = VECTOR('',#1114,1.);
#1114 = DIRECTION('',(-1.,-0.,-0.));
#1115 = PCURVE('',#253,#1116);
#1116 = DEFINITIONAL_REPRESENTATION('',(#1117),#1121);
#1117 = LINE('',#1118,#1119);
#1118 = CARTESIAN_POINT('',(38.,-106.7056893009));
#1119 = VECTOR('',#1120,1.);
#1120 = DIRECTION('',(-1.,-0.));
#1121 = ( GEOMETRIC_REPRESENTATION_CONTEXT(2) 
PARAMETRIC_REPRESENTATION_CONTEXT() REPRESENTATION_CONTEXT('2D SPACE',''
  ) );
#1122 = PCURVE('',#623,#1123);
#1123 = DEFINITIONAL_REPRESENTATION('',(#1124),#1128);
#1124 = LINE('',#1125,#1126);
#1125 = CARTESIAN_POINT('',(-1.544616388015,0.));
#1126 = VECTOR('',#1127,1.);
#1127 = DIRECTION('',(-0.,1.));
#1128 = ( GEOMETRIC_REPRESENTATION_CONTEXT(2) 
PARAMETRIC_REPRESENTATION_CONTEXT() REPRESENTATION_CONTEXT('2D SPACE',''
  ) );
#1129 = ORIENTED_EDGE('',*,*,#1130,.F.);
#1130 = EDGE_CURVE('',#1131,#1108,#1133,.T.);
#1131 = VERTEX_POINT('',#1132);
#1132 = CARTESIAN_POINT('',(27.705689300953,-49.,-1.7763568394E-15));
#1133 = SURFACE_CURVE('',#1134,(#1139,#1150),.PCURVE_S1.);
#1134 = CIRCLE('',#1135,8.705689300953);
#1135 = AXIS2_PLACEMENT_3D('',#1136,#1137,#1138);
#1136 = CARTESIAN_POINT('',(19.,-49.,0.));
#1137 = DIRECTION('',(0.,0.,-1.));
#1138 = DIRECTION('',(1.,0.,0.));
#1139 = PCURVE('',#253,#1140);
#1140 = DEFINITIONAL_REPRESENTATION('',(#1141),#1149);
#1141 = ( BOUNDED_CURVE() B_SPLINE_CURVE(2,(#1142,#1143,#1144,#1145,
#1146,#1147,#1148),.UNSPECIFIED.,.T.,.F.) B_SPLINE_CURVE_WITH_KNOTS((1,2
    ,2,2,2,1),(-2.094395102393,0.,2.094395102393,4.188790204786,
6.28318530718,8.377580409573),.UNSPECIFIED.) CURVE() 
GEOMETRIC_REPRESENTATION_ITEM() RATIONAL_B_SPLINE_CURVE((1.,0.5,1.,0.5,
1.,0.5,1.)) REPRESENTATION_ITEM('') );
#1142 = CARTESIAN_POINT('',(46.705689300952,-98.));
#1143 = CARTESIAN_POINT('',(46.705689300952,-113.0786961841));
#1144 = CARTESIAN_POINT('',(33.647155349524,-105.539348092));
#1145 = CARTESIAN_POINT('',(20.588621398095,-98.));
#1146 = CARTESIAN_POINT('',(33.647155349524,-90.46065190792));
#1147 = CARTESIAN_POINT('',(46.705689300952,-82.92130381584));
#1148 = CARTESIAN_POINT('',(46.705689300952,-98.));
#1149 = ( GEOMETRIC_REPRESENTATION_CONTEXT(2) 
PARAMETRIC_REPRESENTATION_CONTEXT() REPRESENTATION_CONTEXT('2D SPACE',''
  ) );
#1150 = PCURVE('',#1151,#1156);
#1151 = TOROIDAL_SURFACE('',#1152,8.705689300953,3.);
#1152 = AXIS2_PLACEMENT_3D('',#1153,#1154,#1155);
#1153 = CARTESIAN_POINT('',(19.,-49.,3.));
#1154 = DIRECTION('',(-0.,-0.,-1.));
#1155 = DIRECTION('',(1.,0.,0.));
#1156 = DEFINITIONAL_REPRESENTATION('',(#1157),#1161);
#1157 = LINE('',#1158,#1159);
#1158 = CARTESIAN_POINT('',(0.,1.570796326795));
#1159 = VECTOR('',#1160,1.);
#1160 = DIRECTION('',(1.,0.));
#1161 = ( GEOMETRIC_REPRESENTATION_CONTEXT(2) 
PARAMETRIC_REPRESENTATION_CONTEXT() REPRESENTATION_CONTEXT('2D SPACE',''
  ) );
#1162 = ORIENTED_EDGE('',*,*,#1163,.F.);
#1163 = EDGE_CURVE('',#1164,#1131,#1166,.T.);
#1164 = VERTEX_POINT('',#1165);
#1165 = CARTESIAN_POINT('',(27.705689300952,49.,0.));
#1166 = SURFACE_CURVE('',#1167,(#1171,#1178),.PCURVE_S1.);
#1167 = LINE('',#1168,#1169);
#1168 = CARTESIAN_POINT('',(27.705689300953,49.,-1.7763568394E-15));
#1169 = VECTOR('',#1170,1.);
#1170 = DIRECTION('',(-0.,-1.,-0.));
#1171 = PCURVE('',#253,#1172);
#1172 = DEFINITIONAL_REPRESENTATION('',(#1173),#1177);
#1173 = LINE('',#1174,#1175);
#1174 = CARTESIAN_POINT('',(46.705689300953,0.));
#1175 = VECTOR('',#1176,1.);
#1176 = DIRECTION('',(-0.,-1.));
#1177 = ( GEOMETRIC_REPRESENTATION_CONTEXT(2) 
PARAMETRIC_REPRESENTATION_CONTEXT() REPRESENTATION_CONTEXT('2D SPACE',''
  ) );
#1178 = PCURVE('',#1179,#1184);
#1179 = CYLINDRICAL_SURFACE('',#1180,3.);
#1180 = AXIS2_PLACEMENT_3D('',#1181,#1182,#1183);
#1181 = CARTESIAN_POINT('',(27.705689300953,49.,3.));
#1182 = DIRECTION('',(-0.,-1.,-0.));
#1183 = DIRECTION('',(0.999657324976,0.,-2.617694830787E-02));
#1184 = DEFINITIONAL_REPRESENTATION('',(#1185),#1189);
#1185 = LINE('',#1186,#1187);
#1186 = CARTESIAN_POINT('',(-1.544616388015,0.));
#1187 = VECTOR('',#1188,1.);
#1188 = DIRECTION('',(-0.,1.));
#1189 = ( GEOMETRIC_REPRESENTATION_CONTEXT(2) 
PARAMETRIC_REPRESENTATION_CONTEXT() REPRESENTATION_CONTEXT('2D SPACE',''
  ) );
#1190 = ORIENTED_EDGE('',*,*,#1191,.F.);
#1191 = EDGE_CURVE('',#1192,#1164,#1194,.T.);
#1192 = VERTEX_POINT('',#1193);
#1193 = CARTESIAN_POINT('',(19.,57.705689300952,-1.7763568394E-15));
#1194 = SURFACE_CURVE('',#1195,(#1200,#1211),.PCURVE_S1.);
#1195 = CIRCLE('',#1196,8.705689300953);
#1196 = AXIS2_PLACEMENT_3D('',#1197,#1198,#1199);
#1197 = CARTESIAN_POINT('',(19.,49.,0.));
#1198 = DIRECTION('',(0.,-0.,-1.));
#1199 = DIRECTION('',(0.,1.,-0.));
#1200 = PCURVE('',#253,#1201);
#1201 = DEFINITIONAL_REPRESENTATION('',(#1202),#1210);
#1202 = ( BOUNDED_CURVE() B_SPLINE_CURVE(2,(#1203,#1204,#1205,#1206,
#1207,#1208,#1209),.UNSPECIFIED.,.T.,.F.) B_SPLINE_CURVE_WITH_KNOTS((1,2
    ,2,2,2,1),(-2.094395102393,0.,2.094395102393,4.188790204786,
6.28318530718,8.377580409573),.UNSPECIFIED.) CURVE() 
GEOMETRIC_REPRESENTATION_ITEM() RATIONAL_B_SPLINE_CURVE((1.,0.5,1.,0.5,
1.,0.5,1.)) REPRESENTATION_ITEM('') );
#1203 = CARTESIAN_POINT('',(38.,8.705689300953));
#1204 = CARTESIAN_POINT('',(53.078696184159,8.705689300953));
#1205 = CARTESIAN_POINT('',(45.539348092079,-4.352844650476));
#1206 = CARTESIAN_POINT('',(38.,-17.4113786019));
#1207 = CARTESIAN_POINT('',(30.460651907921,-4.352844650476));
#1208 = CARTESIAN_POINT('',(22.921303815841,8.705689300952));
#1209 = CARTESIAN_POINT('',(38.,8.705689300953));
#1210 = ( GEOMETRIC_REPRESENTATION_CONTEXT(2) 
PARAMETRIC_REPRESENTATION_CONTEXT() REPRESENTATION_CONTEXT('2D SPACE',''
  ) );
#1211 = PCURVE('',#1212,#1217);
#1212 = TOROIDAL_SURFACE('',#1213,8.705689300953,3.);
#1213 = AXIS2_PLACEMENT_3D('',#1214,#1215,#1216);
#1214 = CARTESIAN_POINT('',(19.,49.,3.));
#1215 = DIRECTION('',(-0.,-0.,-1.));
#1216 = DIRECTION('',(0.,1.,-0.));
#1217 = DEFINITIONAL_REPRESENTATION('',(#1218),#1222);
#1218 = LINE('',#1219,#1220);
#1219 = CARTESIAN_POINT('',(0.,1.570796326795));
#1220 = VECTOR('',#1221,1.);
#1221 = DIRECTION('',(1.,0.));
#1222 = ( GEOMETRIC_REPRESENTATION_CONTEXT(2) 
PARAMETRIC_REPRESENTATION_CONTEXT() REPRESENTATION_CONTEXT('2D SPACE',''
  ) );
#1223 = ORIENTED_EDGE('',*,*,#1224,.F.);
#1224 = EDGE_CURVE('',#1225,#1192,#1227,.T.);
#1225 = VERTEX_POINT('',#1226);
#1226 = CARTESIAN_POINT('',(-19.,57.705689300952,0.));
#1227 = SURFACE_CURVE('',#1228,(#1232,#1239),.PCURVE_S1.);
#1228 = LINE('',#1229,#1230);
#1229 = CARTESIAN_POINT('',(-19.,57.705689300952,-1.7763568394E-15));
#1230 = VECTOR('',#1231,1.);
#1231 = DIRECTION('',(1.,0.,0.));
#1232 = PCURVE('',#253,#1233);
#1233 = DEFINITIONAL_REPRESENTATION('',(#1234),#1238);
#1234 = LINE('',#1235,#1236);
#1235 = CARTESIAN_POINT('',(0.,8.705689300952));
#1236 = VECTOR('',#1237,1.);
#1237 = DIRECTION('',(1.,0.));
#1238 = ( GEOMETRIC_REPRESENTATION_CONTEXT(2) 
PARAMETRIC_REPRESENTATION_CONTEXT() REPRESENTATION_CONTEXT('2D SPACE',''
  ) );
#1239 = PCURVE('',#1240,#1245);
#1240 = CYLINDRICAL_SURFACE('',#1241,3.);
#1241 = AXIS2_PLACEMENT_3D('',#1242,#1243,#1244);
#1242 = CARTESIAN_POINT('',(-19.,57.705689300952,3.));
#1243 = DIRECTION('',(1.,0.,0.));
#1244 = DIRECTION('',(0.,0.999657324976,-2.617694830787E-02));
#1245 = DEFINITIONAL_REPRESENTATION('',(#1246),#1250);
#1246 = LINE('',#1247,#1248);
#1247 = CARTESIAN_POINT('',(-1.544616388015,0.));
#1248 = VECTOR('',#1249,1.);
#1249 = DIRECTION('',(-0.,1.));
#1250 = ( GEOMETRIC_REPRESENTATION_CONTEXT(2) 
PARAMETRIC_REPRESENTATION_CONTEXT() REPRESENTATION_CONTEXT('2D SPACE',''
  ) );
#1251 = ORIENTED_EDGE('',*,*,#1252,.F.);
#1252 = EDGE_CURVE('',#238,#1225,#1253,.T.);
#1253 = SURFACE_CURVE('',#1254,(#1259,#1270),.PCURVE_S1.);
#1254 = CIRCLE('',#1255,8.705689300953);
#1255 = AXIS2_PLACEMENT_3D('',#1256,#1257,#1258);
#1256 = CARTESIAN_POINT('',(-19.,49.,0.));
#1257 = DIRECTION('',(-0.,0.,-1.));
#1258 = DIRECTION('',(-1.,0.,0.));
#1259 = PCURVE('',#253,#1260);
#1260 = DEFINITIONAL_REPRESENTATION('',(#1261),#1269);
#1261 = ( BOUNDED_CURVE() B_SPLINE_CURVE(2,(#1262,#1263,#1264,#1265,
#1266,#1267,#1268),.UNSPECIFIED.,.T.,.F.) B_SPLINE_CURVE_WITH_KNOTS((1,2
    ,2,2,2,1),(-2.094395102393,0.,2.094395102393,4.188790204786,
6.28318530718,8.377580409573),.UNSPECIFIED.) CURVE() 
GEOMETRIC_REPRESENTATION_ITEM() RATIONAL_B_SPLINE_CURVE((1.,0.5,1.,0.5,
1.,0.5,1.)) REPRESENTATION_ITEM('') );
#1262 = CARTESIAN_POINT('',(-8.705689300953,0.));
#1263 = CARTESIAN_POINT('',(-8.705689300953,15.078696184159));
#1264 = CARTESIAN_POINT('',(4.352844650476,7.539348092079));
#1265 = CARTESIAN_POINT('',(17.411378601905,2.132278907357E-15));
#1266 = CARTESIAN_POINT('',(4.352844650476,-7.539348092079));
#1267 = CARTESIAN_POINT('',(-8.705689300952,-15.07869618415));
#1268 = CARTESIAN_POINT('',(-8.705689300953,0.));
#1269 = ( GEOMETRIC_REPRESENTATION_CONTEXT(2) 
PARAMETRIC_REPRESENTATION_CONTEXT() REPRESENTATION_CONTEXT('2D SPACE',''
  ) );
#1270 = PCURVE('',#279,#1271);
#1271 = DEFINITIONAL_REPRESENTATION('',(#1272),#1276);
#1272 = LINE('',#1273,#1274);
#1273 = CARTESIAN_POINT('',(0.,1.570796326795));
#1274 = VECTOR('',#1275,1.);
#1275 = DIRECTION('',(1.,0.));
#1276 = ( GEOMETRIC_REPRESENTATION_CONTEXT(2) 
PARAMETRIC_REPRESENTATION_CONTEXT() REPRESENTATION_CONTEXT('2D SPACE',''
  ) );
#1277 = FACE_BOUND('',#1278,.F.);
#1278 = EDGE_LOOP('',(#1279));
#1279 = ORIENTED_EDGE('',*,*,#1280,.F.);
#1280 = EDGE_CURVE('',#1281,#1281,#1283,.T.);
#1281 = VERTEX_POINT('',#1282);
#1282 = CARTESIAN_POINT('',(-17.32372753246,-45.,5.533248499788E-17));
#1283 = SURFACE_CURVE('',#1284,(#1289,#1296),.PCURVE_S1.);
#1284 = CIRCLE('',#1285,2.676272467536);
#1285 = AXIS2_PLACEMENT_3D('',#1286,#1287,#1288);
#1286 = CARTESIAN_POINT('',(-20.,-45.,0.));
#1287 = DIRECTION('',(0.,0.,1.));
#1288 = DIRECTION('',(1.,0.,-0.));
#1289 = PCURVE('',#253,#1290);
#1290 = DEFINITIONAL_REPRESENTATION('',(#1291),#1295);
#1291 = CIRCLE('',#1292,2.676272467536);
#1292 = AXIS2_PLACEMENT_2D('',#1293,#1294);
#1293 = CARTESIAN_POINT('',(-1.,-94.));
#1294 = DIRECTION('',(1.,0.));
#1295 = ( GEOMETRIC_REPRESENTATION_CONTEXT(2) 
PARAMETRIC_REPRESENTATION_CONTEXT() REPRESENTATION_CONTEXT('2D SPACE',''
  ) );
#1296 = PCURVE('',#1297,#1302);
#1297 = CONICAL_SURFACE('',#1298,2.685,1.745329251994E-02);
#1298 = AXIS2_PLACEMENT_3D('',#1299,#1300,#1301);
#1299 = CARTESIAN_POINT('',(-20.,-45.,-0.5));
#1300 = DIRECTION('',(0.,0.,-1.));
#1301 = DIRECTION('',(1.,0.,0.));
#1302 = DEFINITIONAL_REPRESENTATION('',(#1303),#1307);
#1303 = LINE('',#1304,#1305);
#1304 = CARTESIAN_POINT('',(-0.,-0.5));
#1305 = VECTOR('',#1306,1.);
#1306 = DIRECTION('',(-1.,-0.));
#1307 = ( GEOMETRIC_REPRESENTATION_CONTEXT(2) 
PARAMETRIC_REPRESENTATION_CONTEXT() REPRESENTATION_CONTEXT('2D SPACE',''
  ) );
#1308 = FACE_BOUND('',#1309,.F.);
#1309 = EDGE_LOOP('',(#1310));
#1310 = ORIENTED_EDGE('',*,*,#1311,.F.);
#1311 = EDGE_CURVE('',#1312,#1312,#1314,.T.);
#1312 = VERTEX_POINT('',#1313);
#1313 = CARTESIAN_POINT('',(-7.798727532464,-52.,5.533248499788E-17));
#1314 = SURFACE_CURVE('',#1315,(#1320,#1327),.PCURVE_S1.);
#1315 = CIRCLE('',#1316,4.201272467536);
#1316 = AXIS2_PLACEMENT_3D('',#1317,#1318,#1319);
#1317 = CARTESIAN_POINT('',(-12.,-52.,0.));
#1318 = DIRECTION('',(0.,0.,1.));
#1319 = DIRECTION('',(1.,0.,-0.));
#1320 = PCURVE('',#253,#1321);
#1321 = DEFINITIONAL_REPRESENTATION('',(#1322),#1326);
#1322 = CIRCLE('',#1323,4.201272467536);
#1323 = AXIS2_PLACEMENT_2D('',#1324,#1325);
#1324 = CARTESIAN_POINT('',(7.,-101.));
#1325 = DIRECTION('',(1.,0.));
#1326 = ( GEOMETRIC_REPRESENTATION_CONTEXT(2) 
PARAMETRIC_REPRESENTATION_CONTEXT() REPRESENTATION_CONTEXT('2D SPACE',''
  ) );
#1327 = PCURVE('',#1328,#1333);
#1328 = CONICAL_SURFACE('',#1329,4.21,1.745329251994E-02);
#1329 = AXIS2_PLACEMENT_3D('',#1330,#1331,#1332);
#1330 = CARTESIAN_POINT('',(-12.,-52.,-0.5));
#1331 = DIRECTION('',(0.,0.,-1.));
#1332 = DIRECTION('',(1.,0.,0.));
#1333 = DEFINITIONAL_REPRESENTATION('',(#1334),#1338);
#1334 = LINE('',#1335,#1336);
#1335 = CARTESIAN_POINT('',(-0.,-0.5));
#1336 = VECTOR('',#1337,1.);
#1337 = DIRECTION('',(-1.,-0.));
#1338 = ( GEOMETRIC_REPRESENTATION_CONTEXT(2) 
PARAMETRIC_REPRESENTATION_CONTEXT() REPRESENTATION_CONTEXT('2D SPACE',''
  ) );
#1339 = FACE_BOUND('',#1340,.F.);
#1340 = EDGE_LOOP('',(#1341));
#1341 = ORIENTED_EDGE('',*,*,#1342,.F.);
#1342 = EDGE_CURVE('',#1343,#1343,#1345,.T.);
#1343 = VERTEX_POINT('',#1344);
#1344 = CARTESIAN_POINT('',(16.201272467536,-52.,5.533248499788E-17));
#1345 = SURFACE_CURVE('',#1346,(#1351,#1358),.PCURVE_S1.);
#1346 = CIRCLE('',#1347,4.201272467536);
#1347 = AXIS2_PLACEMENT_3D('',#1348,#1349,#1350);
#1348 = CARTESIAN_POINT('',(12.,-52.,0.));
#1349 = DIRECTION('',(0.,0.,1.));
#1350 = DIRECTION('',(1.,0.,-0.));
#1351 = PCURVE('',#253,#1352);
#1352 = DEFINITIONAL_REPRESENTATION('',(#1353),#1357);
#1353 = CIRCLE('',#1354,4.201272467536);
#1354 = AXIS2_PLACEMENT_2D('',#1355,#1356);
#1355 = CARTESIAN_POINT('',(31.,-101.));
#1356 = DIRECTION('',(1.,0.));
#1357 = ( GEOMETRIC_REPRESENTATION_CONTEXT(2) 
PARAMETRIC_REPRESENTATION_CONTEXT() REPRESENTATION_CONTEXT('2D SPACE',''
  ) );
#1358 = PCURVE('',#1359,#1364);
#1359 = CONICAL_SURFACE('',#1360,4.21,1.745329251994E-02);
#1360 = AXIS2_PLACEMENT_3D('',#1361,#1362,#1363);
#1361 = CARTESIAN_POINT('',(12.,-52.,-0.5));
#1362 = DIRECTION('',(0.,0.,-1.));
#1363 = DIRECTION('',(1.,0.,0.));
#1364 = DEFINITIONAL_REPRESENTATION('',(#1365),#1369);
#1365 = LINE('',#1366,#1367);
#1366 = CARTESIAN_POINT('',(-0.,-0.5));
#1367 = VECTOR('',#1368,1.);
#1368 = DIRECTION('',(-1.,-0.));
#1369 = ( GEOMETRIC_REPRESENTATION_CONTEXT(2) 
PARAMETRIC_REPRESENTATION_CONTEXT() REPRESENTATION_CONTEXT('2D SPACE',''
  ) );
#1370 = FACE_BOUND('',#1371,.F.);
#1371 = EDGE_LOOP('',(#1372,#1403,#1429,#1458,#1484,#1513,#1539,#1568));
#1372 = ORIENTED_EDGE('',*,*,#1373,.F.);
#1373 = EDGE_CURVE('',#1374,#1376,#1378,.T.);
#1374 = VERTEX_POINT('',#1375);
#1375 = CARTESIAN_POINT('',(-17.99127246753,-37.,5.533248499788E-17));
#1376 = VERTEX_POINT('',#1377);
#1377 = CARTESIAN_POINT('',(-16.,-38.99127246753,5.533248499788E-17));
#1378 = SURFACE_CURVE('',#1379,(#1384,#1391),.PCURVE_S1.);
#1379 = CIRCLE('',#1380,1.991272467536);
#1380 = AXIS2_PLACEMENT_3D('',#1381,#1382,#1383);
#1381 = CARTESIAN_POINT('',(-16.,-37.,0.));
#1382 = DIRECTION('',(0.,0.,1.));
#1383 = DIRECTION('',(1.,0.,-0.));
#1384 = PCURVE('',#253,#1385);
#1385 = DEFINITIONAL_REPRESENTATION('',(#1386),#1390);
#1386 = CIRCLE('',#1387,1.991272467536);
#1387 = AXIS2_PLACEMENT_2D('',#1388,#1389);
#1388 = CARTESIAN_POINT('',(3.,-86.));
#1389 = DIRECTION('',(1.,0.));
#1390 = ( GEOMETRIC_REPRESENTATION_CONTEXT(2) 
PARAMETRIC_REPRESENTATION_CONTEXT() REPRESENTATION_CONTEXT('2D SPACE',''
  ) );
#1391 = PCURVE('',#1392,#1397);
#1392 = CONICAL_SURFACE('',#1393,2.,1.745329251994E-02);
#1393 = AXIS2_PLACEMENT_3D('',#1394,#1395,#1396);
#1394 = CARTESIAN_POINT('',(-16.,-37.,-0.5));
#1395 = DIRECTION('',(0.,0.,-1.));
#1396 = DIRECTION('',(1.,0.,0.));
#1397 = DEFINITIONAL_REPRESENTATION('',(#1398),#1402);
#1398 = LINE('',#1399,#1400);
#1399 = CARTESIAN_POINT('',(-0.,-0.5));
#1400 = VECTOR('',#1401,1.);
#1401 = DIRECTION('',(-1.,-0.));
#1402 = ( GEOMETRIC_REPRESENTATION_CONTEXT(2) 
PARAMETRIC_REPRESENTATION_CONTEXT() REPRESENTATION_CONTEXT('2D SPACE',''
  ) );
#1403 = ORIENTED_EDGE('',*,*,#1404,.T.);
#1404 = EDGE_CURVE('',#1374,#1405,#1407,.T.);
#1405 = VERTEX_POINT('',#1406);
#1406 = CARTESIAN_POINT('',(-17.99127246753,-19.,5.533248499788E-17));
#1407 = SURFACE_CURVE('',#1408,(#1412,#1418),.PCURVE_S1.);
#1408 = LINE('',#1409,#1410);
#1409 = CARTESIAN_POINT('',(-17.99127246753,10.5,3.162151254426E-17));
#1410 = VECTOR('',#1411,1.);
#1411 = DIRECTION('',(-0.,1.,0.));
#1412 = PCURVE('',#253,#1413);
#1413 = DEFINITIONAL_REPRESENTATION('',(#1414),#1417);
#1414 = B_SPLINE_CURVE_WITH_KNOTS('',1,(#1415,#1416),.UNSPECIFIED.,.F.,
  .F.,(2,2),(-47.5,-29.5),.PIECEWISE_BEZIER_KNOTS.);
#1415 = CARTESIAN_POINT('',(1.008727532464,-86.));
#1416 = CARTESIAN_POINT('',(1.008727532464,-68.));
#1417 = ( GEOMETRIC_REPRESENTATION_CONTEXT(2) 
PARAMETRIC_REPRESENTATION_CONTEXT() REPRESENTATION_CONTEXT('2D SPACE',''
  ) );
#1418 = PCURVE('',#1419,#1424);
#1419 = PLANE('',#1420);
#1420 = AXIS2_PLACEMENT_3D('',#1421,#1422,#1423);
#1421 = CARTESIAN_POINT('',(-18.,-28.,-0.5));
#1422 = DIRECTION('',(0.999847695156,0.,-1.745240643728E-02));
#1423 = DIRECTION('',(1.745240643728E-02,0.,0.999847695156));
#1424 = DEFINITIONAL_REPRESENTATION('',(#1425),#1428);
#1425 = B_SPLINE_CURVE_WITH_KNOTS('',1,(#1426,#1427),.UNSPECIFIED.,.F.,
  .F.,(2,2),(-47.5,-29.5),.PIECEWISE_BEZIER_KNOTS.);
#1426 = CARTESIAN_POINT('',(0.500076164022,9.));
#1427 = CARTESIAN_POINT('',(0.500076164022,-9.));
#1428 = ( GEOMETRIC_REPRESENTATION_CONTEXT(2) 
PARAMETRIC_REPRESENTATION_CONTEXT() REPRESENTATION_CONTEXT('2D SPACE',''
  ) );
#1429 = ORIENTED_EDGE('',*,*,#1430,.F.);
#1430 = EDGE_CURVE('',#1431,#1405,#1433,.T.);
#1431 = VERTEX_POINT('',#1432);
#1432 = CARTESIAN_POINT('',(-16.,-17.00872753246,5.533248499788E-17));
#1433 = SURFACE_CURVE('',#1434,(#1439,#1446),.PCURVE_S1.);
#1434 = CIRCLE('',#1435,1.991272467536);
#1435 = AXIS2_PLACEMENT_3D('',#1436,#1437,#1438);
#1436 = CARTESIAN_POINT('',(-16.,-19.,0.));
#1437 = DIRECTION('',(0.,0.,1.));
#1438 = DIRECTION('',(1.,0.,-0.));
#1439 = PCURVE('',#253,#1440);
#1440 = DEFINITIONAL_REPRESENTATION('',(#1441),#1445);
#1441 = CIRCLE('',#1442,1.991272467536);
#1442 = AXIS2_PLACEMENT_2D('',#1443,#1444);
#1443 = CARTESIAN_POINT('',(3.,-68.));
#1444 = DIRECTION('',(1.,0.));
#1445 = ( GEOMETRIC_REPRESENTATION_CONTEXT(2) 
PARAMETRIC_REPRESENTATION_CONTEXT() REPRESENTATION_CONTEXT('2D SPACE',''
  ) );
#1446 = PCURVE('',#1447,#1452);
#1447 = CONICAL_SURFACE('',#1448,2.,1.745329251994E-02);
#1448 = AXIS2_PLACEMENT_3D('',#1449,#1450,#1451);
#1449 = CARTESIAN_POINT('',(-16.,-19.,-0.5));
#1450 = DIRECTION('',(0.,0.,-1.));
#1451 = DIRECTION('',(1.,0.,0.));
#1452 = DEFINITIONAL_REPRESENTATION('',(#1453),#1457);
#1453 = LINE('',#1454,#1455);
#1454 = CARTESIAN_POINT('',(-0.,-0.5));
#1455 = VECTOR('',#1456,1.);
#1456 = DIRECTION('',(-1.,-0.));
#1457 = ( GEOMETRIC_REPRESENTATION_CONTEXT(2) 
PARAMETRIC_REPRESENTATION_CONTEXT() REPRESENTATION_CONTEXT('2D SPACE',''
  ) );
#1458 = ORIENTED_EDGE('',*,*,#1459,.T.);
#1459 = EDGE_CURVE('',#1431,#1460,#1462,.T.);
#1460 = VERTEX_POINT('',#1461);
#1461 = CARTESIAN_POINT('',(16.,-17.00872753246,5.533248499788E-17));
#1462 = SURFACE_CURVE('',#1463,(#1467,#1473),.PCURVE_S1.);
#1463 = LINE('',#1464,#1465);
#1464 = CARTESIAN_POINT('',(-9.5,-17.00872753246,3.162151254426E-17));
#1465 = VECTOR('',#1466,1.);
#1466 = DIRECTION('',(1.,0.,0.));
#1467 = PCURVE('',#253,#1468);
#1468 = DEFINITIONAL_REPRESENTATION('',(#1469),#1472);
#1469 = B_SPLINE_CURVE_WITH_KNOTS('',1,(#1470,#1471),.UNSPECIFIED.,.F.,
  .F.,(2,2),(-6.5,25.5),.PIECEWISE_BEZIER_KNOTS.);
#1470 = CARTESIAN_POINT('',(3.,-66.00872753246));
#1471 = CARTESIAN_POINT('',(35.,-66.00872753246));
#1472 = ( GEOMETRIC_REPRESENTATION_CONTEXT(2) 
PARAMETRIC_REPRESENTATION_CONTEXT() REPRESENTATION_CONTEXT('2D SPACE',''
  ) );
#1473 = PCURVE('',#1474,#1479);
#1474 = PLANE('',#1475);
#1475 = AXIS2_PLACEMENT_3D('',#1476,#1477,#1478);
#1476 = CARTESIAN_POINT('',(0.,-17.,-0.5));
#1477 = DIRECTION('',(-0.,-0.999847695156,-1.745240643728E-02));
#1478 = DIRECTION('',(0.,-1.745240643728E-02,0.999847695156));
#1479 = DEFINITIONAL_REPRESENTATION('',(#1480),#1483);
#1480 = B_SPLINE_CURVE_WITH_KNOTS('',1,(#1481,#1482),.UNSPECIFIED.,.F.,
  .F.,(2,2),(-6.5,25.5),.PIECEWISE_BEZIER_KNOTS.);
#1481 = CARTESIAN_POINT('',(0.500076164022,16.));
#1482 = CARTESIAN_POINT('',(0.500076164022,-16.));
#1483 = ( GEOMETRIC_REPRESENTATION_CONTEXT(2) 
PARAMETRIC_REPRESENTATION_CONTEXT() REPRESENTATION_CONTEXT('2D SPACE',''
  ) );
#1484 = ORIENTED_EDGE('',*,*,#1485,.F.);
#1485 = EDGE_CURVE('',#1486,#1460,#1488,.T.);
#1486 = VERTEX_POINT('',#1487);
#1487 = CARTESIAN_POINT('',(17.991272467536,-19.,5.533248499788E-17));
#1488 = SURFACE_CURVE('',#1489,(#1494,#1501),.PCURVE_S1.);
#1489 = CIRCLE('',#1490,1.991272467536);
#1490 = AXIS2_PLACEMENT_3D('',#1491,#1492,#1493);
#1491 = CARTESIAN_POINT('',(16.,-19.,0.));
#1492 = DIRECTION('',(0.,0.,1.));
#1493 = DIRECTION('',(1.,0.,-0.));
#1494 = PCURVE('',#253,#1495);
#1495 = DEFINITIONAL_REPRESENTATION('',(#1496),#1500);
#1496 = CIRCLE('',#1497,1.991272467536);
#1497 = AXIS2_PLACEMENT_2D('',#1498,#1499);
#1498 = CARTESIAN_POINT('',(35.,-68.));
#1499 = DIRECTION('',(1.,0.));
#1500 = ( GEOMETRIC_REPRESENTATION_CONTEXT(2) 
PARAMETRIC_REPRESENTATION_CONTEXT() REPRESENTATION_CONTEXT('2D SPACE',''
  ) );
#1501 = PCURVE('',#1502,#1507);
#1502 = CONICAL_SURFACE('',#1503,2.,1.745329251994E-02);
#1503 = AXIS2_PLACEMENT_3D('',#1504,#1505,#1506);
#1504 = CARTESIAN_POINT('',(16.,-19.,-0.5));
#1505 = DIRECTION('',(0.,0.,-1.));
#1506 = DIRECTION('',(1.,0.,0.));
#1507 = DEFINITIONAL_REPRESENTATION('',(#1508),#1512);
#1508 = LINE('',#1509,#1510);
#1509 = CARTESIAN_POINT('',(-0.,-0.5));
#1510 = VECTOR('',#1511,1.);
#1511 = DIRECTION('',(-1.,-0.));
#1512 = ( GEOMETRIC_REPRESENTATION_CONTEXT(2) 
PARAMETRIC_REPRESENTATION_CONTEXT() REPRESENTATION_CONTEXT('2D SPACE',''
  ) );
#1513 = ORIENTED_EDGE('',*,*,#1514,.T.);
#1514 = EDGE_CURVE('',#1486,#1515,#1517,.T.);
#1515 = VERTEX_POINT('',#1516);
#1516 = CARTESIAN_POINT('',(17.991272467536,-37.,5.533248499788E-17));
#1517 = SURFACE_CURVE('',#1518,(#1522,#1528),.PCURVE_S1.);
#1518 = LINE('',#1519,#1520);
#1519 = CARTESIAN_POINT('',(17.991272467536,10.5,3.162151254426E-17));
#1520 = VECTOR('',#1521,1.);
#1521 = DIRECTION('',(-0.,-1.,0.));
#1522 = PCURVE('',#253,#1523);
#1523 = DEFINITIONAL_REPRESENTATION('',(#1524),#1527);
#1524 = B_SPLINE_CURVE_WITH_KNOTS('',1,(#1525,#1526),.UNSPECIFIED.,.F.,
  .F.,(2,2),(29.5,47.5),.PIECEWISE_BEZIER_KNOTS.);
#1525 = CARTESIAN_POINT('',(36.991272467536,-68.));
#1526 = CARTESIAN_POINT('',(36.991272467536,-86.));
#1527 = ( GEOMETRIC_REPRESENTATION_CONTEXT(2) 
PARAMETRIC_REPRESENTATION_CONTEXT() REPRESENTATION_CONTEXT('2D SPACE',''
  ) );
#1528 = PCURVE('',#1529,#1534);
#1529 = PLANE('',#1530);
#1530 = AXIS2_PLACEMENT_3D('',#1531,#1532,#1533);
#1531 = CARTESIAN_POINT('',(18.,-28.,-0.5));
#1532 = DIRECTION('',(-0.999847695156,0.,-1.745240643728E-02));
#1533 = DIRECTION('',(-1.745240643728E-02,0.,0.999847695156));
#1534 = DEFINITIONAL_REPRESENTATION('',(#1535),#1538);
#1535 = B_SPLINE_CURVE_WITH_KNOTS('',1,(#1536,#1537),.UNSPECIFIED.,.F.,
  .F.,(2,2),(29.5,47.5),.PIECEWISE_BEZIER_KNOTS.);
#1536 = CARTESIAN_POINT('',(0.500076164022,9.));
#1537 = CARTESIAN_POINT('',(0.500076164022,-9.));
#1538 = ( GEOMETRIC_REPRESENTATION_CONTEXT(2) 
PARAMETRIC_REPRESENTATION_CONTEXT() REPRESENTATION_CONTEXT('2D SPACE',''
  ) );
#1539 = ORIENTED_EDGE('',*,*,#1540,.F.);
#1540 = EDGE_CURVE('',#1541,#1515,#1543,.T.);
#1541 = VERTEX_POINT('',#1542);
#1542 = CARTESIAN_POINT('',(16.,-38.99127246753,5.533248499788E-17));
#1543 = SURFACE_CURVE('',#1544,(#1549,#1556),.PCURVE_S1.);
#1544 = CIRCLE('',#1545,1.991272467536);
#1545 = AXIS2_PLACEMENT_3D('',#1546,#1547,#1548);
#1546 = CARTESIAN_POINT('',(16.,-37.,0.));
#1547 = DIRECTION('',(0.,0.,1.));
#1548 = DIRECTION('',(1.,0.,-0.));
#1549 = PCURVE('',#253,#1550);
#1550 = DEFINITIONAL_REPRESENTATION('',(#1551),#1555);
#1551 = CIRCLE('',#1552,1.991272467536);
#1552 = AXIS2_PLACEMENT_2D('',#1553,#1554);
#1553 = CARTESIAN_POINT('',(35.,-86.));
#1554 = DIRECTION('',(1.,0.));
#1555 = ( GEOMETRIC_REPRESENTATION_CONTEXT(2) 
PARAMETRIC_REPRESENTATION_CONTEXT() REPRESENTATION_CONTEXT('2D SPACE',''
  ) );
#1556 = PCURVE('',#1557,#1562);
#1557 = CONICAL_SURFACE('',#1558,2.,1.745329251994E-02);
#1558 = AXIS2_PLACEMENT_3D('',#1559,#1560,#1561);
#1559 = CARTESIAN_POINT('',(16.,-37.,-0.5));
#1560 = DIRECTION('',(0.,0.,-1.));
#1561 = DIRECTION('',(1.,0.,0.));
#1562 = DEFINITIONAL_REPRESENTATION('',(#1563),#1567);
#1563 = LINE('',#1564,#1565);
#1564 = CARTESIAN_POINT('',(-0.,-0.5));
#1565 = VECTOR('',#1566,1.);
#1566 = DIRECTION('',(-1.,-0.));
#1567 = ( GEOMETRIC_REPRESENTATION_CONTEXT(2) 
PARAMETRIC_REPRESENTATION_CONTEXT() REPRESENTATION_CONTEXT('2D SPACE',''
  ) );
#1568 = ORIENTED_EDGE('',*,*,#1569,.T.);
#1569 = EDGE_CURVE('',#1541,#1376,#1570,.T.);
#1570 = SURFACE_CURVE('',#1571,(#1575,#1581),.PCURVE_S1.);
#1571 = LINE('',#1572,#1573);
#1572 = CARTESIAN_POINT('',(-9.5,-38.99127246753,3.162151254426E-17));
#1573 = VECTOR('',#1574,1.);
#1574 = DIRECTION('',(-1.,0.,0.));
#1575 = PCURVE('',#253,#1576);
#1576 = DEFINITIONAL_REPRESENTATION('',(#1577),#1580);
#1577 = B_SPLINE_CURVE_WITH_KNOTS('',1,(#1578,#1579),.UNSPECIFIED.,.F.,
  .F.,(2,2),(-25.5,6.5),.PIECEWISE_BEZIER_KNOTS.);
#1578 = CARTESIAN_POINT('',(35.,-87.99127246753));
#1579 = CARTESIAN_POINT('',(3.,-87.99127246753));
#1580 = ( GEOMETRIC_REPRESENTATION_CONTEXT(2) 
PARAMETRIC_REPRESENTATION_CONTEXT() REPRESENTATION_CONTEXT('2D SPACE',''
  ) );
#1581 = PCURVE('',#1582,#1587);
#1582 = PLANE('',#1583);
#1583 = AXIS2_PLACEMENT_3D('',#1584,#1585,#1586);
#1584 = CARTESIAN_POINT('',(0.,-39.,-0.5));
#1585 = DIRECTION('',(0.,0.999847695156,-1.745240643728E-02));
#1586 = DIRECTION('',(0.,1.745240643728E-02,0.999847695156));
#1587 = DEFINITIONAL_REPRESENTATION('',(#1588),#1591);
#1588 = B_SPLINE_CURVE_WITH_KNOTS('',1,(#1589,#1590),.UNSPECIFIED.,.F.,
  .F.,(2,2),(-25.5,6.5),.PIECEWISE_BEZIER_KNOTS.);
#1589 = CARTESIAN_POINT('',(0.500076164022,16.));
#1590 = CARTESIAN_POINT('',(0.500076164022,-16.));
#1591 = ( GEOMETRIC_REPRESENTATION_CONTEXT(2) 
PARAMETRIC_REPRESENTATION_CONTEXT() REPRESENTATION_CONTEXT('2D SPACE',''
  ) );
#1592 = FACE_BOUND('',#1593,.F.);
#1593 = EDGE_LOOP('',(#1594));
#1594 = ORIENTED_EDGE('',*,*,#1595,.F.);
#1595 = EDGE_CURVE('',#1596,#1596,#1598,.T.);
#1596 = VERTEX_POINT('',#1597);
#1597 = CARTESIAN_POINT('',(22.676272467536,-45.,5.533248499788E-17));
#1598 = SURFACE_CURVE('',#1599,(#1604,#1611),.PCURVE_S1.);
#1599 = CIRCLE('',#1600,2.676272467536);
#1600 = AXIS2_PLACEMENT_3D('',#1601,#1602,#1603);
#1601 = CARTESIAN_POINT('',(20.,-45.,0.));
#1602 = DIRECTION('',(0.,0.,1.));
#1603 = DIRECTION('',(1.,0.,-0.));
#1604 = PCURVE('',#253,#1605);
#1605 = DEFINITIONAL_REPRESENTATION('',(#1606),#1610);
#1606 = CIRCLE('',#1607,2.676272467536);
#1607 = AXIS2_PLACEMENT_2D('',#1608,#1609);
#1608 = CARTESIAN_POINT('',(39.,-94.));
#1609 = DIRECTION('',(1.,0.));
#1610 = ( GEOMETRIC_REPRESENTATION_CONTEXT(2) 
PARAMETRIC_REPRESENTATION_CONTEXT() REPRESENTATION_CONTEXT('2D SPACE',''
  ) );
#1611 = PCURVE('',#1612,#1617);
#1612 = CONICAL_SURFACE('',#1613,2.685,1.745329251994E-02);
#1613 = AXIS2_PLACEMENT_3D('',#1614,#1615,#1616);
#1614 = CARTESIAN_POINT('',(20.,-45.,-0.5));
#1615 = DIRECTION('',(0.,0.,-1.));
#1616 = DIRECTION('',(1.,0.,0.));
#1617 = DEFINITIONAL_REPRESENTATION('',(#1618),#1622);
#1618 = LINE('',#1619,#1620);
#1619 = CARTESIAN_POINT('',(-0.,-0.5));
#1620 = VECTOR('',#1621,1.);
#1621 = DIRECTION('',(-1.,-0.));
#1622 = ( GEOMETRIC_REPRESENTATION_CONTEXT(2) 
PARAMETRIC_REPRESENTATION_CONTEXT() REPRESENTATION_CONTEXT('2D SPACE',''
  ) );
#1623 = FACE_BOUND('',#1624,.F.);
#1624 = EDGE_LOOP('',(#1625));
#1625 = ORIENTED_EDGE('',*,*,#1626,.F.);
#1626 = EDGE_CURVE('',#1627,#1627,#1629,.T.);
#1627 = VERTEX_POINT('',#1628);
#1628 = CARTESIAN_POINT('',(-18.99372753246,54.19,5.533248499788E-17));
#1629 = SURFACE_CURVE('',#1630,(#1635,#1642),.PCURVE_S1.);
#1630 = CIRCLE('',#1631,2.666272467536);
#1631 = AXIS2_PLACEMENT_3D('',#1632,#1633,#1634);
#1632 = CARTESIAN_POINT('',(-21.66,54.19,0.));
#1633 = DIRECTION('',(0.,0.,1.));
#1634 = DIRECTION('',(1.,0.,-0.));
#1635 = PCURVE('',#253,#1636);
#1636 = DEFINITIONAL_REPRESENTATION('',(#1637),#1641);
#1637 = CIRCLE('',#1638,2.666272467536);
#1638 = AXIS2_PLACEMENT_2D('',#1639,#1640);
#1639 = CARTESIAN_POINT('',(-2.66,5.19));
#1640 = DIRECTION('',(1.,0.));
#1641 = ( GEOMETRIC_REPRESENTATION_CONTEXT(2) 
PARAMETRIC_REPRESENTATION_CONTEXT() REPRESENTATION_CONTEXT('2D SPACE',''
  ) );
#1642 = PCURVE('',#1643,#1648);
#1643 = CONICAL_SURFACE('',#1644,2.675,1.745329251994E-02);
#1644 = AXIS2_PLACEMENT_3D('',#1645,#1646,#1647);
#1645 = CARTESIAN_POINT('',(-21.66,54.19,-0.5));
#1646 = DIRECTION('',(0.,0.,-1.));
#1647 = DIRECTION('',(1.,0.,0.));
#1648 = DEFINITIONAL_REPRESENTATION('',(#1649),#1653);
#1649 = LINE('',#1650,#1651);
#1650 = CARTESIAN_POINT('',(-0.,-0.5));
#1651 = VECTOR('',#1652,1.);
#1652 = DIRECTION('',(-1.,-0.));
#1653 = ( GEOMETRIC_REPRESENTATION_CONTEXT(2) 
PARAMETRIC_REPRESENTATION_CONTEXT() REPRESENTATION_CONTEXT('2D SPACE',''
  ) );
#1654 = FACE_BOUND('',#1655,.F.);
#1655 = EDGE_LOOP('',(#1656));
#1656 = ORIENTED_EDGE('',*,*,#1657,.F.);
#1657 = EDGE_CURVE('',#1658,#1658,#1660,.T.);
#1658 = VERTEX_POINT('',#1659);
#1659 = CARTESIAN_POINT('',(-7.798727532464,45.,5.533248499788E-17));
#1660 = SURFACE_CURVE('',#1661,(#1666,#1673),.PCURVE_S1.);
#1661 = CIRCLE('',#1662,4.201272467536);
#1662 = AXIS2_PLACEMENT_3D('',#1663,#1664,#1665);
#1663 = CARTESIAN_POINT('',(-12.,45.,0.));
#1664 = DIRECTION('',(0.,0.,1.));
#1665 = DIRECTION('',(1.,0.,-0.));
#1666 = PCURVE('',#253,#1667);
#1667 = DEFINITIONAL_REPRESENTATION('',(#1668),#1672);
#1668 = CIRCLE('',#1669,4.201272467536);
#1669 = AXIS2_PLACEMENT_2D('',#1670,#1671);
#1670 = CARTESIAN_POINT('',(7.,-4.));
#1671 = DIRECTION('',(1.,0.));
#1672 = ( GEOMETRIC_REPRESENTATION_CONTEXT(2) 
PARAMETRIC_REPRESENTATION_CONTEXT() REPRESENTATION_CONTEXT('2D SPACE',''
  ) );
#1673 = PCURVE('',#1674,#1679);
#1674 = CONICAL_SURFACE('',#1675,4.21,1.745329251994E-02);
#1675 = AXIS2_PLACEMENT_3D('',#1676,#1677,#1678);
#1676 = CARTESIAN_POINT('',(-12.,45.,-0.5));
#1677 = DIRECTION('',(0.,0.,-1.));
#1678 = DIRECTION('',(1.,0.,0.));
#1679 = DEFINITIONAL_REPRESENTATION('',(#1680),#1684);
#1680 = LINE('',#1681,#1682);
#1681 = CARTESIAN_POINT('',(-0.,-0.5));
#1682 = VECTOR('',#1683,1.);
#1683 = DIRECTION('',(-1.,-0.));
#1684 = ( GEOMETRIC_REPRESENTATION_CONTEXT(2) 
PARAMETRIC_REPRESENTATION_CONTEXT() REPRESENTATION_CONTEXT('2D SPACE',''
  ) );
#1685 = FACE_BOUND('',#1686,.F.);
#1686 = EDGE_LOOP('',(#1687,#1715,#1748,#1774,#1807,#1833,#1866,#1892));
#1687 = ORIENTED_EDGE('',*,*,#1688,.F.);
#1688 = EDGE_CURVE('',#1689,#1691,#1693,.T.);
#1689 = VERTEX_POINT('',#1690);
#1690 = CARTESIAN_POINT('',(-18.75,28.,0.));
#1691 = VERTEX_POINT('',#1692);
#1692 = CARTESIAN_POINT('',(-18.75,-10.,0.));
#1693 = SURFACE_CURVE('',#1694,(#1698,#1704),.PCURVE_S1.);
#1694 = LINE('',#1695,#1696);
#1695 = CARTESIAN_POINT('',(-18.75,19.5,0.));
#1696 = VECTOR('',#1697,1.);
#1697 = DIRECTION('',(0.,-1.,0.));
#1698 = PCURVE('',#253,#1699);
#1699 = DEFINITIONAL_REPRESENTATION('',(#1700),#1703);
#1700 = B_SPLINE_CURVE_WITH_KNOTS('',1,(#1701,#1702),.UNSPECIFIED.,.F.,
  .F.,(2,2),(-8.5,29.5),.PIECEWISE_BEZIER_KNOTS.);
#1701 = CARTESIAN_POINT('',(0.25,-21.));
#1702 = CARTESIAN_POINT('',(0.25,-59.));
#1703 = ( GEOMETRIC_REPRESENTATION_CONTEXT(2) 
PARAMETRIC_REPRESENTATION_CONTEXT() REPRESENTATION_CONTEXT('2D SPACE',''
  ) );
#1704 = PCURVE('',#1705,#1710);
#1705 = PLANE('',#1706);
#1706 = AXIS2_PLACEMENT_3D('',#1707,#1708,#1709);
#1707 = CARTESIAN_POINT('',(-18.75,-10.,-0.5));
#1708 = DIRECTION('',(-1.,0.,0.));
#1709 = DIRECTION('',(0.,1.,0.));
#1710 = DEFINITIONAL_REPRESENTATION('',(#1711),#1714);
#1711 = B_SPLINE_CURVE_WITH_KNOTS('',1,(#1712,#1713),.UNSPECIFIED.,.F.,
  .F.,(2,2),(-8.5,29.5),.PIECEWISE_BEZIER_KNOTS.);
#1712 = CARTESIAN_POINT('',(38.,-0.5));
#1713 = CARTESIAN_POINT('',(0.,-0.5));
#1714 = ( GEOMETRIC_REPRESENTATION_CONTEXT(2) 
PARAMETRIC_REPRESENTATION_CONTEXT() REPRESENTATION_CONTEXT('2D SPACE',''
  ) );
#1715 = ORIENTED_EDGE('',*,*,#1716,.T.);
#1716 = EDGE_CURVE('',#1689,#1717,#1719,.T.);
#1717 = VERTEX_POINT('',#1718);
#1718 = CARTESIAN_POINT('',(-15.5,31.25,0.));
#1719 = SURFACE_CURVE('',#1720,(#1725,#1736),.PCURVE_S1.);
#1720 = CIRCLE('',#1721,3.25);
#1721 = AXIS2_PLACEMENT_3D('',#1722,#1723,#1724);
#1722 = CARTESIAN_POINT('',(-15.5,28.,0.));
#1723 = DIRECTION('',(0.,0.,-1.));
#1724 = DIRECTION('',(1.,0.,0.));
#1725 = PCURVE('',#253,#1726);
#1726 = DEFINITIONAL_REPRESENTATION('',(#1727),#1735);
#1727 = ( BOUNDED_CURVE() B_SPLINE_CURVE(2,(#1728,#1729,#1730,#1731,
#1732,#1733,#1734),.UNSPECIFIED.,.T.,.F.) B_SPLINE_CURVE_WITH_KNOTS((1,2
    ,2,2,2,1),(-2.094395102393,0.,2.094395102393,4.188790204786,
6.28318530718,8.377580409573),.UNSPECIFIED.) CURVE() 
GEOMETRIC_REPRESENTATION_ITEM() RATIONAL_B_SPLINE_CURVE((1.,0.5,1.,0.5,
1.,0.5,1.)) REPRESENTATION_ITEM('') );
#1728 = CARTESIAN_POINT('',(6.75,-21.));
#1729 = CARTESIAN_POINT('',(6.75,-26.62916512459));
#1730 = CARTESIAN_POINT('',(1.875,-23.81458256229));
#1731 = CARTESIAN_POINT('',(-3.,-21.));
#1732 = CARTESIAN_POINT('',(1.875,-18.1854174377));
#1733 = CARTESIAN_POINT('',(6.75,-15.3708348754));
#1734 = CARTESIAN_POINT('',(6.75,-21.));
#1735 = ( GEOMETRIC_REPRESENTATION_CONTEXT(2) 
PARAMETRIC_REPRESENTATION_CONTEXT() REPRESENTATION_CONTEXT('2D SPACE',''
  ) );
#1736 = PCURVE('',#1737,#1742);
#1737 = CYLINDRICAL_SURFACE('',#1738,3.25);
#1738 = AXIS2_PLACEMENT_3D('',#1739,#1740,#1741);
#1739 = CARTESIAN_POINT('',(-15.5,28.,-0.5));
#1740 = DIRECTION('',(-0.,-0.,-1.));
#1741 = DIRECTION('',(1.,0.,0.));
#1742 = DEFINITIONAL_REPRESENTATION('',(#1743),#1747);
#1743 = LINE('',#1744,#1745);
#1744 = CARTESIAN_POINT('',(-6.28318530718,-0.5));
#1745 = VECTOR('',#1746,1.);
#1746 = DIRECTION('',(1.,-0.));
#1747 = ( GEOMETRIC_REPRESENTATION_CONTEXT(2) 
PARAMETRIC_REPRESENTATION_CONTEXT() REPRESENTATION_CONTEXT('2D SPACE',''
  ) );
#1748 = ORIENTED_EDGE('',*,*,#1749,.F.);
#1749 = EDGE_CURVE('',#1750,#1717,#1752,.T.);
#1750 = VERTEX_POINT('',#1751);
#1751 = CARTESIAN_POINT('',(15.5,31.25,0.));
#1752 = SURFACE_CURVE('',#1753,(#1757,#1763),.PCURVE_S1.);
#1753 = LINE('',#1754,#1755);
#1754 = CARTESIAN_POINT('',(-17.25,31.25,0.));
#1755 = VECTOR('',#1756,1.);
#1756 = DIRECTION('',(-1.,0.,0.));
#1757 = PCURVE('',#253,#1758);
#1758 = DEFINITIONAL_REPRESENTATION('',(#1759),#1762);
#1759 = B_SPLINE_CURVE_WITH_KNOTS('',1,(#1760,#1761),.UNSPECIFIED.,.F.,
  .F.,(2,2),(-32.75,-1.75),.PIECEWISE_BEZIER_KNOTS.);
#1760 = CARTESIAN_POINT('',(34.5,-17.75));
#1761 = CARTESIAN_POINT('',(3.5,-17.75));
#1762 = ( GEOMETRIC_REPRESENTATION_CONTEXT(2) 
PARAMETRIC_REPRESENTATION_CONTEXT() REPRESENTATION_CONTEXT('2D SPACE',''
  ) );
#1763 = PCURVE('',#1764,#1769);
#1764 = PLANE('',#1765);
#1765 = AXIS2_PLACEMENT_3D('',#1766,#1767,#1768);
#1766 = CARTESIAN_POINT('',(-15.5,31.25,-0.5));
#1767 = DIRECTION('',(0.,1.,0.));
#1768 = DIRECTION('',(1.,0.,0.));
#1769 = DEFINITIONAL_REPRESENTATION('',(#1770),#1773);
#1770 = B_SPLINE_CURVE_WITH_KNOTS('',1,(#1771,#1772),.UNSPECIFIED.,.F.,
  .F.,(2,2),(-32.75,-1.75),.PIECEWISE_BEZIER_KNOTS.);
#1771 = CARTESIAN_POINT('',(31.,-0.5));
#1772 = CARTESIAN_POINT('',(0.,-0.5));
#1773 = ( GEOMETRIC_REPRESENTATION_CONTEXT(2) 
PARAMETRIC_REPRESENTATION_CONTEXT() REPRESENTATION_CONTEXT('2D SPACE',''
  ) );
#1774 = ORIENTED_EDGE('',*,*,#1775,.T.);
#1775 = EDGE_CURVE('',#1750,#1776,#1778,.T.);
#1776 = VERTEX_POINT('',#1777);
#1777 = CARTESIAN_POINT('',(18.75,28.,0.));
#1778 = SURFACE_CURVE('',#1779,(#1784,#1795),.PCURVE_S1.);
#1779 = CIRCLE('',#1780,3.25);
#1780 = AXIS2_PLACEMENT_3D('',#1781,#1782,#1783);
#1781 = CARTESIAN_POINT('',(15.5,28.,0.));
#1782 = DIRECTION('',(0.,0.,-1.));
#1783 = DIRECTION('',(1.,0.,0.));
#1784 = PCURVE('',#253,#1785);
#1785 = DEFINITIONAL_REPRESENTATION('',(#1786),#1794);
#1786 = ( BOUNDED_CURVE() B_SPLINE_CURVE(2,(#1787,#1788,#1789,#1790,
#1791,#1792,#1793),.UNSPECIFIED.,.T.,.F.) B_SPLINE_CURVE_WITH_KNOTS((1,2
    ,2,2,2,1),(-2.094395102393,0.,2.094395102393,4.188790204786,
6.28318530718,8.377580409573),.UNSPECIFIED.) CURVE() 
GEOMETRIC_REPRESENTATION_ITEM() RATIONAL_B_SPLINE_CURVE((1.,0.5,1.,0.5,
1.,0.5,1.)) REPRESENTATION_ITEM('') );
#1787 = CARTESIAN_POINT('',(37.75,-21.));
#1788 = CARTESIAN_POINT('',(37.75,-26.62916512459));
#1789 = CARTESIAN_POINT('',(32.875,-23.81458256229));
#1790 = CARTESIAN_POINT('',(28.,-21.));
#1791 = CARTESIAN_POINT('',(32.875,-18.1854174377));
#1792 = CARTESIAN_POINT('',(37.75,-15.3708348754));
#1793 = CARTESIAN_POINT('',(37.75,-21.));
#1794 = ( GEOMETRIC_REPRESENTATION_CONTEXT(2) 
PARAMETRIC_REPRESENTATION_CONTEXT() REPRESENTATION_CONTEXT('2D SPACE',''
  ) );
#1795 = PCURVE('',#1796,#1801);
#1796 = CYLINDRICAL_SURFACE('',#1797,3.25);
#1797 = AXIS2_PLACEMENT_3D('',#1798,#1799,#1800);
#1798 = CARTESIAN_POINT('',(15.5,28.,-0.5));
#1799 = DIRECTION('',(-0.,-0.,-1.));
#1800 = DIRECTION('',(1.,0.,0.));
#1801 = DEFINITIONAL_REPRESENTATION('',(#1802),#1806);
#1802 = LINE('',#1803,#1804);
#1803 = CARTESIAN_POINT('',(-6.28318530718,-0.5));
#1804 = VECTOR('',#1805,1.);
#1805 = DIRECTION('',(1.,-0.));
#1806 = ( GEOMETRIC_REPRESENTATION_CONTEXT(2) 
PARAMETRIC_REPRESENTATION_CONTEXT() REPRESENTATION_CONTEXT('2D SPACE',''
  ) );
#1807 = ORIENTED_EDGE('',*,*,#1808,.T.);
#1808 = EDGE_CURVE('',#1776,#1809,#1811,.T.);
#1809 = VERTEX_POINT('',#1810);
#1810 = CARTESIAN_POINT('',(18.75,-10.,0.));
#1811 = SURFACE_CURVE('',#1812,(#1816,#1822),.PCURVE_S1.);
#1812 = LINE('',#1813,#1814);
#1813 = CARTESIAN_POINT('',(18.75,19.5,0.));
#1814 = VECTOR('',#1815,1.);
#1815 = DIRECTION('',(0.,-1.,0.));
#1816 = PCURVE('',#253,#1817);
#1817 = DEFINITIONAL_REPRESENTATION('',(#1818),#1821);
#1818 = B_SPLINE_CURVE_WITH_KNOTS('',1,(#1819,#1820),.UNSPECIFIED.,.F.,
  .F.,(2,2),(-8.5,29.5),.PIECEWISE_BEZIER_KNOTS.);
#1819 = CARTESIAN_POINT('',(37.75,-21.));
#1820 = CARTESIAN_POINT('',(37.75,-59.));
#1821 = ( GEOMETRIC_REPRESENTATION_CONTEXT(2) 
PARAMETRIC_REPRESENTATION_CONTEXT() REPRESENTATION_CONTEXT('2D SPACE',''
  ) );
#1822 = PCURVE('',#1823,#1828);
#1823 = PLANE('',#1824);
#1824 = AXIS2_PLACEMENT_3D('',#1825,#1826,#1827);
#1825 = CARTESIAN_POINT('',(18.75,-10.,-0.5));
#1826 = DIRECTION('',(-1.,0.,0.));
#1827 = DIRECTION('',(0.,1.,0.));
#1828 = DEFINITIONAL_REPRESENTATION('',(#1829),#1832);
#1829 = B_SPLINE_CURVE_WITH_KNOTS('',1,(#1830,#1831),.UNSPECIFIED.,.F.,
  .F.,(2,2),(-8.5,29.5),.PIECEWISE_BEZIER_KNOTS.);
#1830 = CARTESIAN_POINT('',(38.,-0.5));
#1831 = CARTESIAN_POINT('',(0.,-0.5));
#1832 = ( GEOMETRIC_REPRESENTATION_CONTEXT(2) 
PARAMETRIC_REPRESENTATION_CONTEXT() REPRESENTATION_CONTEXT('2D SPACE',''
  ) );
#1833 = ORIENTED_EDGE('',*,*,#1834,.T.);
#1834 = EDGE_CURVE('',#1809,#1835,#1837,.T.);
#1835 = VERTEX_POINT('',#1836);
#1836 = CARTESIAN_POINT('',(15.5,-13.25,0.));
#1837 = SURFACE_CURVE('',#1838,(#1843,#1854),.PCURVE_S1.);
#1838 = CIRCLE('',#1839,3.25);
#1839 = AXIS2_PLACEMENT_3D('',#1840,#1841,#1842);
#1840 = CARTESIAN_POINT('',(15.5,-10.,0.));
#1841 = DIRECTION('',(0.,0.,-1.));
#1842 = DIRECTION('',(1.,0.,0.));
#1843 = PCURVE('',#253,#1844);
#1844 = DEFINITIONAL_REPRESENTATION('',(#1845),#1853);
#1845 = ( BOUNDED_CURVE() B_SPLINE_CURVE(2,(#1846,#1847,#1848,#1849,
#1850,#1851,#1852),.UNSPECIFIED.,.T.,.F.) B_SPLINE_CURVE_WITH_KNOTS((1,2
    ,2,2,2,1),(-2.094395102393,0.,2.094395102393,4.188790204786,
6.28318530718,8.377580409573),.UNSPECIFIED.) CURVE() 
GEOMETRIC_REPRESENTATION_ITEM() RATIONAL_B_SPLINE_CURVE((1.,0.5,1.,0.5,
1.,0.5,1.)) REPRESENTATION_ITEM('') );
#1846 = CARTESIAN_POINT('',(37.75,-59.));
#1847 = CARTESIAN_POINT('',(37.75,-64.62916512459));
#1848 = CARTESIAN_POINT('',(32.875,-61.81458256229));
#1849 = CARTESIAN_POINT('',(28.,-59.));
#1850 = CARTESIAN_POINT('',(32.875,-56.1854174377));
#1851 = CARTESIAN_POINT('',(37.75,-53.3708348754));
#1852 = CARTESIAN_POINT('',(37.75,-59.));
#1853 = ( GEOMETRIC_REPRESENTATION_CONTEXT(2) 
PARAMETRIC_REPRESENTATION_CONTEXT() REPRESENTATION_CONTEXT('2D SPACE',''
  ) );
#1854 = PCURVE('',#1855,#1860);
#1855 = CYLINDRICAL_SURFACE('',#1856,3.25);
#1856 = AXIS2_PLACEMENT_3D('',#1857,#1858,#1859);
#1857 = CARTESIAN_POINT('',(15.5,-10.,-0.5));
#1858 = DIRECTION('',(-0.,-0.,-1.));
#1859 = DIRECTION('',(1.,0.,0.));
#1860 = DEFINITIONAL_REPRESENTATION('',(#1861),#1865);
#1861 = LINE('',#1862,#1863);
#1862 = CARTESIAN_POINT('',(-6.28318530718,-0.5));
#1863 = VECTOR('',#1864,1.);
#1864 = DIRECTION('',(1.,-0.));
#1865 = ( GEOMETRIC_REPRESENTATION_CONTEXT(2) 
PARAMETRIC_REPRESENTATION_CONTEXT() REPRESENTATION_CONTEXT('2D SPACE',''
  ) );
#1866 = ORIENTED_EDGE('',*,*,#1867,.T.);
#1867 = EDGE_CURVE('',#1835,#1868,#1870,.T.);
#1868 = VERTEX_POINT('',#1869);
#1869 = CARTESIAN_POINT('',(-15.5,-13.25,0.));
#1870 = SURFACE_CURVE('',#1871,(#1875,#1881),.PCURVE_S1.);
#1871 = LINE('',#1872,#1873);
#1872 = CARTESIAN_POINT('',(-17.25,-13.25,0.));
#1873 = VECTOR('',#1874,1.);
#1874 = DIRECTION('',(-1.,0.,0.));
#1875 = PCURVE('',#253,#1876);
#1876 = DEFINITIONAL_REPRESENTATION('',(#1877),#1880);
#1877 = B_SPLINE_CURVE_WITH_KNOTS('',1,(#1878,#1879),.UNSPECIFIED.,.F.,
  .F.,(2,2),(-32.75,-1.75),.PIECEWISE_BEZIER_KNOTS.);
#1878 = CARTESIAN_POINT('',(34.5,-62.25));
#1879 = CARTESIAN_POINT('',(3.5,-62.25));
#1880 = ( GEOMETRIC_REPRESENTATION_CONTEXT(2) 
PARAMETRIC_REPRESENTATION_CONTEXT() REPRESENTATION_CONTEXT('2D SPACE',''
  ) );
#1881 = PCURVE('',#1882,#1887);
#1882 = PLANE('',#1883);
#1883 = AXIS2_PLACEMENT_3D('',#1884,#1885,#1886);
#1884 = CARTESIAN_POINT('',(-15.5,-13.25,-0.5));
#1885 = DIRECTION('',(0.,1.,0.));
#1886 = DIRECTION('',(1.,0.,0.));
#1887 = DEFINITIONAL_REPRESENTATION('',(#1888),#1891);
#1888 = B_SPLINE_CURVE_WITH_KNOTS('',1,(#1889,#1890),.UNSPECIFIED.,.F.,
  .F.,(2,2),(-32.75,-1.75),.PIECEWISE_BEZIER_KNOTS.);
#1889 = CARTESIAN_POINT('',(31.,-0.5));
#1890 = CARTESIAN_POINT('',(0.,-0.5));
#1891 = ( GEOMETRIC_REPRESENTATION_CONTEXT(2) 
PARAMETRIC_REPRESENTATION_CONTEXT() REPRESENTATION_CONTEXT('2D SPACE',''
  ) );
#1892 = ORIENTED_EDGE('',*,*,#1893,.T.);
#1893 = EDGE_CURVE('',#1868,#1691,#1894,.T.);
#1894 = SURFACE_CURVE('',#1895,(#1900,#1911),.PCURVE_S1.);
#1895 = CIRCLE('',#1896,3.25);
#1896 = AXIS2_PLACEMENT_3D('',#1897,#1898,#1899);
#1897 = CARTESIAN_POINT('',(-15.5,-10.,0.));
#1898 = DIRECTION('',(0.,0.,-1.));
#1899 = DIRECTION('',(1.,0.,0.));
#1900 = PCURVE('',#253,#1901);
#1901 = DEFINITIONAL_REPRESENTATION('',(#1902),#1910);
#1902 = ( BOUNDED_CURVE() B_SPLINE_CURVE(2,(#1903,#1904,#1905,#1906,
#1907,#1908,#1909),.UNSPECIFIED.,.T.,.F.) B_SPLINE_CURVE_WITH_KNOTS((1,2
    ,2,2,2,1),(-2.094395102393,0.,2.094395102393,4.188790204786,
6.28318530718,8.377580409573),.UNSPECIFIED.) CURVE() 
GEOMETRIC_REPRESENTATION_ITEM() RATIONAL_B_SPLINE_CURVE((1.,0.5,1.,0.5,
1.,0.5,1.)) REPRESENTATION_ITEM('') );
#1903 = CARTESIAN_POINT('',(6.75,-59.));
#1904 = CARTESIAN_POINT('',(6.75,-64.62916512459));
#1905 = CARTESIAN_POINT('',(1.875,-61.81458256229));
#1906 = CARTESIAN_POINT('',(-3.,-59.));
#1907 = CARTESIAN_POINT('',(1.875,-56.1854174377));
#1908 = CARTESIAN_POINT('',(6.75,-53.3708348754));
#1909 = CARTESIAN_POINT('',(6.75,-59.));
#1910 = ( GEOMETRIC_REPRESENTATION_CONTEXT(2) 
PARAMETRIC_REPRESENTATION_CONTEXT() REPRESENTATION_CONTEXT('2D SPACE',''
  ) );
#1911 = PCURVE('',#1912,#1917);
#1912 = CYLINDRICAL_SURFACE('',#1913,3.25);
#1913 = AXIS2_PLACEMENT_3D('',#1914,#1915,#1916);
#1914 = CARTESIAN_POINT('',(-15.5,-10.,-0.5));
#1915 = DIRECTION('',(-0.,-0.,-1.));
#1916 = DIRECTION('',(1.,0.,0.));
#1917 = DEFINITIONAL_REPRESENTATION('',(#1918),#1922);
#1918 = LINE('',#1919,#1920);
#1919 = CARTESIAN_POINT('',(-6.28318530718,-0.5));
#1920 = VECTOR('',#1921,1.);
#1921 = DIRECTION('',(1.,-0.));
#1922 = ( GEOMETRIC_REPRESENTATION_CONTEXT(2) 
PARAMETRIC_REPRESENTATION_CONTEXT() REPRESENTATION_CONTEXT('2D SPACE',''
  ) );
#1923 = FACE_BOUND('',#1924,.F.);
#1924 = EDGE_LOOP('',(#1925));
#1925 = ORIENTED_EDGE('',*,*,#1926,.F.);
#1926 = EDGE_CURVE('',#1927,#1927,#1929,.T.);
#1927 = VERTEX_POINT('',#1928);
#1928 = CARTESIAN_POINT('',(16.201272467536,45.,5.533248499788E-17));
#1929 = SURFACE_CURVE('',#1930,(#1935,#1942),.PCURVE_S1.);
#1930 = CIRCLE('',#1931,4.201272467536);
#1931 = AXIS2_PLACEMENT_3D('',#1932,#1933,#1934);
#1932 = CARTESIAN_POINT('',(12.,45.,0.));
#1933 = DIRECTION('',(0.,0.,1.));
#1934 = DIRECTION('',(1.,0.,-0.));
#1935 = PCURVE('',#253,#1936);
#1936 = DEFINITIONAL_REPRESENTATION('',(#1937),#1941);
#1937 = CIRCLE('',#1938,4.201272467536);
#1938 = AXIS2_PLACEMENT_2D('',#1939,#1940);
#1939 = CARTESIAN_POINT('',(31.,-4.));
#1940 = DIRECTION('',(1.,0.));
#1941 = ( GEOMETRIC_REPRESENTATION_CONTEXT(2) 
PARAMETRIC_REPRESENTATION_CONTEXT() REPRESENTATION_CONTEXT('2D SPACE',''
  ) );
#1942 = PCURVE('',#1943,#1948);
#1943 = CONICAL_SURFACE('',#1944,4.21,1.745329251994E-02);
#1944 = AXIS2_PLACEMENT_3D('',#1945,#1946,#1947);
#1945 = CARTESIAN_POINT('',(12.,45.,-0.5));
#1946 = DIRECTION('',(0.,0.,-1.));
#1947 = DIRECTION('',(1.,0.,0.));
#1948 = DEFINITIONAL_REPRESENTATION('',(#1949),#1953);
#1949 = LINE('',#1950,#1951);
#1950 = CARTESIAN_POINT('',(-0.,-0.5));
#1951 = VECTOR('',#1952,1.);
#1952 = DIRECTION('',(-1.,-0.));
#1953 = ( GEOMETRIC_REPRESENTATION_CONTEXT(2) 
PARAMETRIC_REPRESENTATION_CONTEXT() REPRESENTATION_CONTEXT('2D SPACE',''
  ) );
#1954 = FACE_BOUND('',#1955,.F.);
#1955 = EDGE_LOOP('',(#1956));
#1956 = ORIENTED_EDGE('',*,*,#1957,.F.);
#1957 = EDGE_CURVE('',#1958,#1958,#1960,.T.);
#1958 = VERTEX_POINT('',#1959);
#1959 = CARTESIAN_POINT('',(24.326272467536,54.19,5.533248499788E-17));
#1960 = SURFACE_CURVE('',#1961,(#1966,#1973),.PCURVE_S1.);
#1961 = CIRCLE('',#1962,2.666272467536);
#1962 = AXIS2_PLACEMENT_3D('',#1963,#1964,#1965);
#1963 = CARTESIAN_POINT('',(21.66,54.19,0.));
#1964 = DIRECTION('',(0.,0.,1.));
#1965 = DIRECTION('',(1.,0.,-0.));
#1966 = PCURVE('',#253,#1967);
#1967 = DEFINITIONAL_REPRESENTATION('',(#1968),#1972);
#1968 = CIRCLE('',#1969,2.666272467536);
#1969 = AXIS2_PLACEMENT_2D('',#1970,#1971);
#1970 = CARTESIAN_POINT('',(40.66,5.19));
#1971 = DIRECTION('',(1.,0.));
#1972 = ( GEOMETRIC_REPRESENTATION_CONTEXT(2) 
PARAMETRIC_REPRESENTATION_CONTEXT() REPRESENTATION_CONTEXT('2D SPACE',''
  ) );
#1973 = PCURVE('',#1974,#1979);
#1974 = CONICAL_SURFACE('',#1975,2.675,1.745329251994E-02);
#1975 = AXIS2_PLACEMENT_3D('',#1976,#1977,#1978);
#1976 = CARTESIAN_POINT('',(21.66,54.19,-0.5));
#1977 = DIRECTION('',(0.,0.,-1.));
#1978 = DIRECTION('',(1.,0.,0.));
#1979 = DEFINITIONAL_REPRESENTATION('',(#1980),#1984);
#1980 = LINE('',#1981,#1982);
#1981 = CARTESIAN_POINT('',(-0.,-0.5));
#1982 = VECTOR('',#1983,1.);
#1983 = DIRECTION('',(-1.,-0.));
#1984 = ( GEOMETRIC_REPRESENTATION_CONTEXT(2) 
PARAMETRIC_REPRESENTATION_CONTEXT() REPRESENTATION_CONTEXT('2D SPACE',''
  ) );
#1985 = ADVANCED_FACE('',(#1986),#279,.T.);
#1986 = FACE_BOUND('',#1987,.T.);
#1987 = EDGE_LOOP('',(#1988,#1989,#1990,#2010));
#1988 = ORIENTED_EDGE('',*,*,#265,.F.);
#1989 = ORIENTED_EDGE('',*,*,#582,.T.);
#1990 = ORIENTED_EDGE('',*,*,#1991,.T.);
#1991 = EDGE_CURVE('',#563,#1225,#1992,.T.);
#1992 = SURFACE_CURVE('',#1993,(#1998,#2004),.PCURVE_S1.);
#1993 = CIRCLE('',#1994,3.);
#1994 = AXIS2_PLACEMENT_3D('',#1995,#1996,#1997);
#1995 = CARTESIAN_POINT('',(-19.,57.705689300952,3.));
#1996 = DIRECTION('',(-1.,-6.123233995737E-17,0.));
#1997 = DIRECTION('',(-6.123233995737E-17,1.,0.));
#1998 = PCURVE('',#279,#1999);
#1999 = DEFINITIONAL_REPRESENTATION('',(#2000),#2003);
#2000 = B_SPLINE_CURVE_WITH_KNOTS('',1,(#2001,#2002),.UNSPECIFIED.,.F.,
  .F.,(2,2),(2.617993877991E-02,1.570796326795),
  .PIECEWISE_BEZIER_KNOTS.);
#2001 = CARTESIAN_POINT('',(1.570796326795,2.617993877991E-02));
#2002 = CARTESIAN_POINT('',(1.570796326795,1.570796326795));
#2003 = ( GEOMETRIC_REPRESENTATION_CONTEXT(2) 
PARAMETRIC_REPRESENTATION_CONTEXT() REPRESENTATION_CONTEXT('2D SPACE',''
  ) );
#2004 = PCURVE('',#1240,#2005);
#2005 = DEFINITIONAL_REPRESENTATION('',(#2006),#2009);
#2006 = B_SPLINE_CURVE_WITH_KNOTS('',1,(#2007,#2008),.UNSPECIFIED.,.F.,
  .F.,(2,2),(2.617993877991E-02,1.570796326795),
  .PIECEWISE_BEZIER_KNOTS.);
#2007 = CARTESIAN_POINT('',(0.,0.));
#2008 = CARTESIAN_POINT('',(-1.544616388015,0.));
#2009 = ( GEOMETRIC_REPRESENTATION_CONTEXT(2) 
PARAMETRIC_REPRESENTATION_CONTEXT() REPRESENTATION_CONTEXT('2D SPACE',''
  ) );
#2010 = ORIENTED_EDGE('',*,*,#1252,.F.);
#2011 = ADVANCED_FACE('',(#2012),#523,.T.);
#2012 = FACE_BOUND('',#2013,.T.);
#2013 = EDGE_LOOP('',(#2014,#2037,#2038,#2039,#2060,#2086,#2119,#2145,
    #2178,#2204,#2230,#2253));
#2014 = ORIENTED_EDGE('',*,*,#2015,.F.);
#2015 = EDGE_CURVE('',#563,#2016,#2018,.T.);
#2016 = VERTEX_POINT('',#2017);
#2017 = CARTESIAN_POINT('',(19.,60.704661275879,2.921469155076));
#2018 = SURFACE_CURVE('',#2019,(#2023,#2030),.PCURVE_S1.);
#2019 = LINE('',#2020,#2021);
#2020 = CARTESIAN_POINT('',(-19.,60.704661275879,2.921469155076));
#2021 = VECTOR('',#2022,1.);
#2022 = DIRECTION('',(1.,0.,0.));
#2023 = PCURVE('',#523,#2024);
#2024 = DEFINITIONAL_REPRESENTATION('',(#2025),#2029);
#2025 = LINE('',#2026,#2027);
#2026 = CARTESIAN_POINT('',(19.,-11.2823970406));
#2027 = VECTOR('',#2028,1.);
#2028 = DIRECTION('',(-1.,0.));
#2029 = ( GEOMETRIC_REPRESENTATION_CONTEXT(2) 
PARAMETRIC_REPRESENTATION_CONTEXT() REPRESENTATION_CONTEXT('2D SPACE',''
  ) );
#2030 = PCURVE('',#1240,#2031);
#2031 = DEFINITIONAL_REPRESENTATION('',(#2032),#2036);
#2032 = LINE('',#2033,#2034);
#2033 = CARTESIAN_POINT('',(-0.,0.));
#2034 = VECTOR('',#2035,1.);
#2035 = DIRECTION('',(-0.,1.));
#2036 = ( GEOMETRIC_REPRESENTATION_CONTEXT(2) 
PARAMETRIC_REPRESENTATION_CONTEXT() REPRESENTATION_CONTEXT('2D SPACE',''
  ) );
#2037 = ORIENTED_EDGE('',*,*,#562,.T.);
#2038 = ORIENTED_EDGE('',*,*,#507,.T.);
#2039 = ORIENTED_EDGE('',*,*,#2040,.F.);
#2040 = EDGE_CURVE('',#2041,#482,#2043,.T.);
#2041 = VERTEX_POINT('',#2042);
#2042 = CARTESIAN_POINT('',(-4.8,60.999738140784,14.19));
#2043 = SURFACE_CURVE('',#2044,(#2048,#2054),.PCURVE_S1.);
#2044 = LINE('',#2045,#2046);
#2045 = CARTESIAN_POINT('',(-4.822421266044,61.018643453539,
    14.911964766618));
#2046 = VECTOR('',#2047,1.);
#2047 = DIRECTION('',(-3.103030850999E-02,2.616434264211E-02,
    0.999175934022));
#2048 = PCURVE('',#523,#2049);
#2049 = DEFINITIONAL_REPRESENTATION('',(#2050),#2053);
#2050 = B_SPLINE_CURVE_WITH_KNOTS('',1,(#2051,#2052),.UNSPECIFIED.,.F.,
  .F.,(2,2),(-0.722560203899,-0.712551956443),.PIECEWISE_BEZIER_KNOTS.);
#2051 = CARTESIAN_POINT('',(4.8,-1.000342792491E-02));
#2052 = CARTESIAN_POINT('',(4.800310559006,-4.063427131039E-18));
#2053 = ( GEOMETRIC_REPRESENTATION_CONTEXT(2) 
PARAMETRIC_REPRESENTATION_CONTEXT() REPRESENTATION_CONTEXT('2D SPACE',''
  ) );
#2054 = PCURVE('',#496,#2055);
#2055 = DEFINITIONAL_REPRESENTATION('',(#2056),#2059);
#2056 = B_SPLINE_CURVE_WITH_KNOTS('',1,(#2057,#2058),.UNSPECIFIED.,.F.,
  .F.,(2,2),(-0.722560203899,-0.712551956443),.PIECEWISE_BEZIER_KNOTS.);
#2057 = CARTESIAN_POINT('',(-0.999738140784,-1.610776210403));
#2058 = CARTESIAN_POINT('',(-1.,-1.60077138922));
#2059 = ( GEOMETRIC_REPRESENTATION_CONTEXT(2) 
PARAMETRIC_REPRESENTATION_CONTEXT() REPRESENTATION_CONTEXT('2D SPACE',''
  ) );
#2060 = ORIENTED_EDGE('',*,*,#2061,.T.);
#2061 = EDGE_CURVE('',#2041,#2062,#2064,.T.);
#2062 = VERTEX_POINT('',#2063);
#2063 = CARTESIAN_POINT('',(-4.8,60.984288447058,13.6));
#2064 = SURFACE_CURVE('',#2065,(#2069,#2075),.PCURVE_S1.);
#2065 = LINE('',#2066,#2067);
#2066 = CARTESIAN_POINT('',(-4.8,60.991121757629,13.860953602605));
#2067 = VECTOR('',#2068,1.);
#2068 = DIRECTION('',(0.,-2.617694830787E-02,-0.999657324976));
#2069 = PCURVE('',#523,#2070);
#2070 = DEFINITIONAL_REPRESENTATION('',(#2071),#2074);
#2071 = B_SPLINE_CURVE_WITH_KNOTS('',1,(#2072,#2073),.UNSPECIFIED.,.F.,
  .F.,(2,2),(-0.339162619954,0.26104305554),.PIECEWISE_BEZIER_KNOTS.);
#2072 = CARTESIAN_POINT('',(4.8,0.));
#2073 = CARTESIAN_POINT('',(4.8,-0.600205675495));
#2074 = ( GEOMETRIC_REPRESENTATION_CONTEXT(2) 
PARAMETRIC_REPRESENTATION_CONTEXT() REPRESENTATION_CONTEXT('2D SPACE',''
  ) );
#2075 = PCURVE('',#2076,#2081);
#2076 = PLANE('',#2077);
#2077 = AXIS2_PLACEMENT_3D('',#2078,#2079,#2080);
#2078 = CARTESIAN_POINT('',(-4.8,58.,13.6));
#2079 = DIRECTION('',(1.,0.,-0.));
#2080 = DIRECTION('',(0.,0.,1.));
#2081 = DEFINITIONAL_REPRESENTATION('',(#2082),#2085);
#2082 = B_SPLINE_CURVE_WITH_KNOTS('',1,(#2083,#2084),.UNSPECIFIED.,.F.,
  .F.,(2,2),(-0.339162619954,0.26104305554),.PIECEWISE_BEZIER_KNOTS.);
#2083 = CARTESIAN_POINT('',(0.6,-3.));
#2084 = CARTESIAN_POINT('',(-5.08709111438E-16,-2.984288447058));
#2085 = ( GEOMETRIC_REPRESENTATION_CONTEXT(2) 
PARAMETRIC_REPRESENTATION_CONTEXT() REPRESENTATION_CONTEXT('2D SPACE',''
  ) );
#2086 = ORIENTED_EDGE('',*,*,#2087,.F.);
#2087 = EDGE_CURVE('',#2088,#2062,#2090,.T.);
#2088 = VERTEX_POINT('',#2089);
#2089 = CARTESIAN_POINT('',(-3.4,60.947628156862,12.2));
#2090 = SURFACE_CURVE('',#2091,(#2096,#2103),.PCURVE_S1.);
#2091 = ELLIPSE('',#2092,1.400479909487,1.4);
#2092 = AXIS2_PLACEMENT_3D('',#2093,#2094,#2095);
#2093 = CARTESIAN_POINT('',(-3.4,60.984288447058,13.6));
#2094 = DIRECTION('',(0.,0.999657324976,-2.617694830787E-02));
#2095 = DIRECTION('',(0.,-2.617694830787E-02,-0.999657324976));
#2096 = PCURVE('',#523,#2097);
#2097 = DEFINITIONAL_REPRESENTATION('',(#2098),#2102);
#2098 = ELLIPSE('',#2099,1.400479909487,1.4);
#2099 = AXIS2_PLACEMENT_2D('',#2100,#2101);
#2100 = CARTESIAN_POINT('',(3.4,-0.600205675495));
#2101 = DIRECTION('',(0.,-1.));
#2102 = ( GEOMETRIC_REPRESENTATION_CONTEXT(2) 
PARAMETRIC_REPRESENTATION_CONTEXT() REPRESENTATION_CONTEXT('2D SPACE',''
  ) );
#2103 = PCURVE('',#2104,#2109);
#2104 = CYLINDRICAL_SURFACE('',#2105,1.4);
#2105 = AXIS2_PLACEMENT_3D('',#2106,#2107,#2108);
#2106 = CARTESIAN_POINT('',(-3.4,58.,13.6));
#2107 = DIRECTION('',(0.,-1.,0.));
#2108 = DIRECTION('',(1.,0.,0.));
#2109 = DEFINITIONAL_REPRESENTATION('',(#2110),#2118);
#2110 = B_SPLINE_CURVE_WITH_KNOTS('',6,(#2111,#2112,#2113,#2114,#2115,
    #2116,#2117),.UNSPECIFIED.,.F.,.F.,(7,7),(3.172435353493E-16,
    1.570796326795),.PIECEWISE_BEZIER_KNOTS.);
#2111 = CARTESIAN_POINT('',(4.712388980385,-2.947628156862));
#2112 = CARTESIAN_POINT('',(4.450589592586,-2.947628156862));
#2113 = CARTESIAN_POINT('',(4.188790204786,-2.950642709866));
#2114 = CARTESIAN_POINT('',(3.926990816987,-2.956676297068));
#2115 = CARTESIAN_POINT('',(3.665191429188,-2.965093897107));
#2116 = CARTESIAN_POINT('',(3.403392041389,-2.974690805528));
#2117 = CARTESIAN_POINT('',(3.14159265359,-2.984288447058));
#2118 = ( GEOMETRIC_REPRESENTATION_CONTEXT(2) 
PARAMETRIC_REPRESENTATION_CONTEXT() REPRESENTATION_CONTEXT('2D SPACE',''
  ) );
#2119 = ORIENTED_EDGE('',*,*,#2120,.F.);
#2120 = EDGE_CURVE('',#2121,#2088,#2123,.T.);
#2121 = VERTEX_POINT('',#2122);
#2122 = CARTESIAN_POINT('',(3.4,60.947628156862,12.2));
#2123 = SURFACE_CURVE('',#2124,(#2128,#2134),.PCURVE_S1.);
#2124 = LINE('',#2125,#2126);
#2125 = CARTESIAN_POINT('',(-1.7,60.947628156862,12.2));
#2126 = VECTOR('',#2127,1.);
#2127 = DIRECTION('',(-1.,0.,0.));
#2128 = PCURVE('',#523,#2129);
#2129 = DEFINITIONAL_REPRESENTATION('',(#2130),#2133);
#2130 = B_SPLINE_CURVE_WITH_KNOTS('',1,(#2131,#2132),.UNSPECIFIED.,.F.,
  .F.,(2,2),(-5.1,1.7),.PIECEWISE_BEZIER_KNOTS.);
#2131 = CARTESIAN_POINT('',(-3.4,-2.000685584982));
#2132 = CARTESIAN_POINT('',(3.4,-2.000685584982));
#2133 = ( GEOMETRIC_REPRESENTATION_CONTEXT(2) 
PARAMETRIC_REPRESENTATION_CONTEXT() REPRESENTATION_CONTEXT('2D SPACE',''
  ) );
#2134 = PCURVE('',#2135,#2140);
#2135 = PLANE('',#2136);
#2136 = AXIS2_PLACEMENT_3D('',#2137,#2138,#2139);
#2137 = CARTESIAN_POINT('',(-3.4,58.,12.2));
#2138 = DIRECTION('',(0.,0.,-1.));
#2139 = DIRECTION('',(1.,0.,0.));
#2140 = DEFINITIONAL_REPRESENTATION('',(#2141),#2144);
#2141 = B_SPLINE_CURVE_WITH_KNOTS('',1,(#2142,#2143),.UNSPECIFIED.,.F.,
  .F.,(2,2),(-5.1,1.7),.PIECEWISE_BEZIER_KNOTS.);
#2142 = CARTESIAN_POINT('',(6.8,-2.947628156862));
#2143 = CARTESIAN_POINT('',(0.,-2.947628156862));
#2144 = ( GEOMETRIC_REPRESENTATION_CONTEXT(2) 
PARAMETRIC_REPRESENTATION_CONTEXT() REPRESENTATION_CONTEXT('2D SPACE',''
  ) );
#2145 = ORIENTED_EDGE('',*,*,#2146,.F.);
#2146 = EDGE_CURVE('',#2147,#2121,#2149,.T.);
#2147 = VERTEX_POINT('',#2148);
#2148 = CARTESIAN_POINT('',(4.8,60.984288447058,13.6));
#2149 = SURFACE_CURVE('',#2150,(#2155,#2162),.PCURVE_S1.);
#2150 = ELLIPSE('',#2151,1.400479909487,1.4);
#2151 = AXIS2_PLACEMENT_3D('',#2152,#2153,#2154);
#2152 = CARTESIAN_POINT('',(3.4,60.984288447058,13.6));
#2153 = DIRECTION('',(0.,0.999657324976,-2.617694830787E-02));
#2154 = DIRECTION('',(0.,-2.617694830787E-02,-0.999657324976));
#2155 = PCURVE('',#523,#2156);
#2156 = DEFINITIONAL_REPRESENTATION('',(#2157),#2161);
#2157 = ELLIPSE('',#2158,1.400479909487,1.4);
#2158 = AXIS2_PLACEMENT_2D('',#2159,#2160);
#2159 = CARTESIAN_POINT('',(-3.4,-0.600205675495));
#2160 = DIRECTION('',(0.,-1.));
#2161 = ( GEOMETRIC_REPRESENTATION_CONTEXT(2) 
PARAMETRIC_REPRESENTATION_CONTEXT() REPRESENTATION_CONTEXT('2D SPACE',''
  ) );
#2162 = PCURVE('',#2163,#2168);
#2163 = CYLINDRICAL_SURFACE('',#2164,1.4);
#2164 = AXIS2_PLACEMENT_3D('',#2165,#2166,#2167);
#2165 = CARTESIAN_POINT('',(3.4,58.,13.6));
#2166 = DIRECTION('',(0.,-1.,0.));
#2167 = DIRECTION('',(1.,0.,0.));
#2168 = DEFINITIONAL_REPRESENTATION('',(#2169),#2177);
#2169 = B_SPLINE_CURVE_WITH_KNOTS('',6,(#2170,#2171,#2172,#2173,#2174,
    #2175,#2176),.UNSPECIFIED.,.F.,.F.,(7,7),(4.712388980385,
    6.28318530718),.PIECEWISE_BEZIER_KNOTS.);
#2170 = CARTESIAN_POINT('',(6.28318530718,-2.984288447058));
#2171 = CARTESIAN_POINT('',(6.02138591938,-2.974690805528));
#2172 = CARTESIAN_POINT('',(5.759586531581,-2.965093897107));
#2173 = CARTESIAN_POINT('',(5.497787143782,-2.956676297068));
#2174 = CARTESIAN_POINT('',(5.235987755983,-2.950642709866));
#2175 = CARTESIAN_POINT('',(4.974188368184,-2.947628156862));
#2176 = CARTESIAN_POINT('',(4.712388980385,-2.947628156862));
#2177 = ( GEOMETRIC_REPRESENTATION_CONTEXT(2) 
PARAMETRIC_REPRESENTATION_CONTEXT() REPRESENTATION_CONTEXT('2D SPACE',''
  ) );
#2178 = ORIENTED_EDGE('',*,*,#2179,.F.);
#2179 = EDGE_CURVE('',#2180,#2147,#2182,.T.);
#2180 = VERTEX_POINT('',#2181);
#2181 = CARTESIAN_POINT('',(4.8,60.999738140784,14.19));
#2182 = SURFACE_CURVE('',#2183,(#2187,#2193),.PCURVE_S1.);
#2183 = LINE('',#2184,#2185);
#2184 = CARTESIAN_POINT('',(4.8,60.991121757629,13.860953602605));
#2185 = VECTOR('',#2186,1.);
#2186 = DIRECTION('',(0.,-2.617694830787E-02,-0.999657324976));
#2187 = PCURVE('',#523,#2188);
#2188 = DEFINITIONAL_REPRESENTATION('',(#2189),#2192);
#2189 = B_SPLINE_CURVE_WITH_KNOTS('',1,(#2190,#2191),.UNSPECIFIED.,.F.,
  .F.,(2,2),(-0.339162619954,0.26104305554),.PIECEWISE_BEZIER_KNOTS.);
#2190 = CARTESIAN_POINT('',(-4.8,0.));
#2191 = CARTESIAN_POINT('',(-4.8,-0.600205675495));
#2192 = ( GEOMETRIC_REPRESENTATION_CONTEXT(2) 
PARAMETRIC_REPRESENTATION_CONTEXT() REPRESENTATION_CONTEXT('2D SPACE',''
  ) );
#2193 = PCURVE('',#2194,#2199);
#2194 = PLANE('',#2195);
#2195 = AXIS2_PLACEMENT_3D('',#2196,#2197,#2198);
#2196 = CARTESIAN_POINT('',(4.8,58.,13.6));
#2197 = DIRECTION('',(1.,0.,-0.));
#2198 = DIRECTION('',(0.,0.,1.));
#2199 = DEFINITIONAL_REPRESENTATION('',(#2200),#2203);
#2200 = B_SPLINE_CURVE_WITH_KNOTS('',1,(#2201,#2202),.UNSPECIFIED.,.F.,
  .F.,(2,2),(-0.339162619954,0.26104305554),.PIECEWISE_BEZIER_KNOTS.);
#2201 = CARTESIAN_POINT('',(0.6,-3.));
#2202 = CARTESIAN_POINT('',(-5.08709111438E-16,-2.984288447058));
#2203 = ( GEOMETRIC_REPRESENTATION_CONTEXT(2) 
PARAMETRIC_REPRESENTATION_CONTEXT() REPRESENTATION_CONTEXT('2D SPACE',''
  ) );
#2204 = ORIENTED_EDGE('',*,*,#2205,.F.);
#2205 = EDGE_CURVE('',#2206,#2180,#2208,.T.);
#2206 = VERTEX_POINT('',#2207);
#2207 = CARTESIAN_POINT('',(4.800310559006,61.,14.2));
#2208 = SURFACE_CURVE('',#2209,(#2213,#2219),.PCURVE_S1.);
#2209 = LINE('',#2210,#2211);
#2210 = CARTESIAN_POINT('',(4.822421266044,61.018643453539,
    14.911964766618));
#2211 = VECTOR('',#2212,1.);
#2212 = DIRECTION('',(-3.103030850999E-02,-2.616434264211E-02,
    -0.999175934022));
#2213 = PCURVE('',#523,#2214);
#2214 = DEFINITIONAL_REPRESENTATION('',(#2215),#2218);
#2215 = B_SPLINE_CURVE_WITH_KNOTS('',1,(#2216,#2217),.UNSPECIFIED.,.F.,
  .F.,(2,2),(0.712551956443,0.722560203899),.PIECEWISE_BEZIER_KNOTS.);
#2216 = CARTESIAN_POINT('',(-4.800310559006,-4.063427131039E-18));
#2217 = CARTESIAN_POINT('',(-4.8,-1.000342792491E-02));
#2218 = ( GEOMETRIC_REPRESENTATION_CONTEXT(2) 
PARAMETRIC_REPRESENTATION_CONTEXT() REPRESENTATION_CONTEXT('2D SPACE',''
  ) );
#2219 = PCURVE('',#2220,#2225);
#2220 = PLANE('',#2221);
#2221 = AXIS2_PLACEMENT_3D('',#2222,#2223,#2224);
#2222 = CARTESIAN_POINT('',(4.85,60.,15.8));
#2223 = DIRECTION('',(0.999518114063,0.,-3.104093521936E-02));
#2224 = DIRECTION('',(0.,1.,0.));
#2225 = DEFINITIONAL_REPRESENTATION('',(#2226),#2229);
#2226 = B_SPLINE_CURVE_WITH_KNOTS('',1,(#2227,#2228),.UNSPECIFIED.,.F.,
  .F.,(2,2),(0.712551956443,0.722560203899),.PIECEWISE_BEZIER_KNOTS.);
#2227 = CARTESIAN_POINT('',(1.,-1.60077138922));
#2228 = CARTESIAN_POINT('',(0.999738140784,-1.610776210403));
#2229 = ( GEOMETRIC_REPRESENTATION_CONTEXT(2) 
PARAMETRIC_REPRESENTATION_CONTEXT() REPRESENTATION_CONTEXT('2D SPACE',''
  ) );
#2230 = ORIENTED_EDGE('',*,*,#2231,.T.);
#2231 = EDGE_CURVE('',#2206,#2232,#2234,.T.);
#2232 = VERTEX_POINT('',#2233);
#2233 = CARTESIAN_POINT('',(19.,61.,14.2));
#2234 = SURFACE_CURVE('',#2235,(#2239,#2246),.PCURVE_S1.);
#2235 = LINE('',#2236,#2237);
#2236 = CARTESIAN_POINT('',(0.,61.,14.2));
#2237 = VECTOR('',#2238,1.);
#2238 = DIRECTION('',(1.,0.,0.));
#2239 = PCURVE('',#523,#2240);
#2240 = DEFINITIONAL_REPRESENTATION('',(#2241),#2245);
#2241 = LINE('',#2242,#2243);
#2242 = CARTESIAN_POINT('',(0.,0.));
#2243 = VECTOR('',#2244,1.);
#2244 = DIRECTION('',(-1.,0.));
#2245 = ( GEOMETRIC_REPRESENTATION_CONTEXT(2) 
PARAMETRIC_REPRESENTATION_CONTEXT() REPRESENTATION_CONTEXT('2D SPACE',''
  ) );
#2246 = PCURVE('',#676,#2247);
#2247 = DEFINITIONAL_REPRESENTATION('',(#2248),#2252);
#2248 = LINE('',#2249,#2250);
#2249 = CARTESIAN_POINT('',(19.,110.));
#2250 = VECTOR('',#2251,1.);
#2251 = DIRECTION('',(1.,0.));
#2252 = ( GEOMETRIC_REPRESENTATION_CONTEXT(2) 
PARAMETRIC_REPRESENTATION_CONTEXT() REPRESENTATION_CONTEXT('2D SPACE',''
  ) );
#2253 = ORIENTED_EDGE('',*,*,#2254,.F.);
#2254 = EDGE_CURVE('',#2016,#2232,#2255,.T.);
#2255 = SURFACE_CURVE('',#2256,(#2259,#2265),.PCURVE_S1.);
#2256 = B_SPLINE_CURVE_WITH_KNOTS('',1,(#2257,#2258),.UNSPECIFIED.,.F.,
  .F.,(2,2),(0.,1.),.PIECEWISE_BEZIER_KNOTS.);
#2257 = CARTESIAN_POINT('',(19.,60.628159913718,0.));
#2258 = CARTESIAN_POINT('',(19.,61.,14.2));
#2259 = PCURVE('',#523,#2260);
#2260 = DEFINITIONAL_REPRESENTATION('',(#2261),#2264);
#2261 = B_SPLINE_CURVE_WITH_KNOTS('',1,(#2262,#2263),.UNSPECIFIED.,.F.,
  .F.,(2,2),(0.,1.),.PIECEWISE_BEZIER_KNOTS.);
#2262 = CARTESIAN_POINT('',(-19.,-14.20486765337));
#2263 = CARTESIAN_POINT('',(-19.,0.));
#2264 = ( GEOMETRIC_REPRESENTATION_CONTEXT(2) 
PARAMETRIC_REPRESENTATION_CONTEXT() REPRESENTATION_CONTEXT('2D SPACE',''
  ) );
#2265 = PCURVE('',#2266,#2271);
#2266 = CONICAL_SURFACE('',#2267,11.628159913718,2.617993877991E-02);
#2267 = AXIS2_PLACEMENT_3D('',#2268,#2269,#2270);
#2268 = CARTESIAN_POINT('',(19.,49.,0.));
#2269 = DIRECTION('',(0.,0.,1.));
#2270 = DIRECTION('',(1.,0.,0.));
#2271 = DEFINITIONAL_REPRESENTATION('',(#2272),#2275);
#2272 = B_SPLINE_CURVE_WITH_KNOTS('',1,(#2273,#2274),.UNSPECIFIED.,.F.,
  .F.,(2,2),(0.,1.),.PIECEWISE_BEZIER_KNOTS.);
#2273 = CARTESIAN_POINT('',(1.570796326795,0.));
#2274 = CARTESIAN_POINT('',(1.570796326795,14.2));
#2275 = ( GEOMETRIC_REPRESENTATION_CONTEXT(2) 
PARAMETRIC_REPRESENTATION_CONTEXT() REPRESENTATION_CONTEXT('2D SPACE',''
  ) );
#2276 = ADVANCED_FACE('',(#2277),#496,.F.);
#2277 = FACE_BOUND('',#2278,.F.);
#2278 = EDGE_LOOP('',(#2279,#2302,#2328,#2354,#2380,#2406,#2425,#2426));
#2279 = ORIENTED_EDGE('',*,*,#2280,.F.);
#2280 = EDGE_CURVE('',#2281,#2041,#2283,.T.);
#2281 = VERTEX_POINT('',#2282);
#2282 = CARTESIAN_POINT('',(-4.8,58.999825449351,14.19));
#2283 = SURFACE_CURVE('',#2284,(#2288,#2295),.PCURVE_S1.);
#2284 = LINE('',#2285,#2286);
#2285 = CARTESIAN_POINT('',(-4.8,60.,14.19));
#2286 = VECTOR('',#2287,1.);
#2287 = DIRECTION('',(0.,1.,0.));
#2288 = PCURVE('',#496,#2289);
#2289 = DEFINITIONAL_REPRESENTATION('',(#2290),#2294);
#2290 = LINE('',#2291,#2292);
#2291 = CARTESIAN_POINT('',(0.,-1.610776210403));
#2292 = VECTOR('',#2293,1.);
#2293 = DIRECTION('',(-1.,0.));
#2294 = ( GEOMETRIC_REPRESENTATION_CONTEXT(2) 
PARAMETRIC_REPRESENTATION_CONTEXT() REPRESENTATION_CONTEXT('2D SPACE',''
  ) );
#2295 = PCURVE('',#2076,#2296);
#2296 = DEFINITIONAL_REPRESENTATION('',(#2297),#2301);
#2297 = LINE('',#2298,#2299);
#2298 = CARTESIAN_POINT('',(0.59,-2.));
#2299 = VECTOR('',#2300,1.);
#2300 = DIRECTION('',(0.,-1.));
#2301 = ( GEOMETRIC_REPRESENTATION_CONTEXT(2) 
PARAMETRIC_REPRESENTATION_CONTEXT() REPRESENTATION_CONTEXT('2D SPACE',''
  ) );
#2302 = ORIENTED_EDGE('',*,*,#2303,.T.);
#2303 = EDGE_CURVE('',#2281,#2304,#2306,.T.);
#2304 = VERTEX_POINT('',#2305);
#2305 = CARTESIAN_POINT('',(-4.800310559006,59.,14.2));
#2306 = SURFACE_CURVE('',#2307,(#2311,#2317),.PCURVE_S1.);
#2307 = LINE('',#2308,#2309);
#2308 = CARTESIAN_POINT('',(-4.823106476173,59.012812515699,
    14.934028532768));
#2309 = VECTOR('',#2310,1.);
#2310 = DIRECTION('',(-3.103621208885E-02,1.74439989278E-02,
    0.999366029261));
#2311 = PCURVE('',#496,#2312);
#2312 = DEFINITIONAL_REPRESENTATION('',(#2313),#2316);
#2313 = B_SPLINE_CURVE_WITH_KNOTS('',1,(#2314,#2315),.UNSPECIFIED.,.F.,
  .F.,(2,2),(-0.744500524316,-0.734494180586),.PIECEWISE_BEZIER_KNOTS.);
#2314 = CARTESIAN_POINT('',(1.000174550649,-1.610776210403));
#2315 = CARTESIAN_POINT('',(1.,-1.60077138922));
#2316 = ( GEOMETRIC_REPRESENTATION_CONTEXT(2) 
PARAMETRIC_REPRESENTATION_CONTEXT() REPRESENTATION_CONTEXT('2D SPACE',''
  ) );
#2317 = PCURVE('',#2318,#2323);
#2318 = PLANE('',#2319);
#2319 = AXIS2_PLACEMENT_3D('',#2320,#2321,#2322);
#2320 = CARTESIAN_POINT('',(0.,59.,14.2));
#2321 = DIRECTION('',(0.,0.999847695156,-1.745240643728E-02));
#2322 = DIRECTION('',(-1.,0.,-0.));
#2323 = DEFINITIONAL_REPRESENTATION('',(#2324),#2327);
#2324 = B_SPLINE_CURVE_WITH_KNOTS('',1,(#2325,#2326),.UNSPECIFIED.,.F.,
  .F.,(2,2),(-0.744500524316,-0.734494180586),.PIECEWISE_BEZIER_KNOTS.);
#2325 = CARTESIAN_POINT('',(4.8,-1.000152328044E-02));
#2326 = CARTESIAN_POINT('',(4.800310559006,-2.540104781281E-17));
#2327 = ( GEOMETRIC_REPRESENTATION_CONTEXT(2) 
PARAMETRIC_REPRESENTATION_CONTEXT() REPRESENTATION_CONTEXT('2D SPACE',''
  ) );
#2328 = ORIENTED_EDGE('',*,*,#2329,.F.);
#2329 = EDGE_CURVE('',#2330,#2304,#2332,.T.);
#2330 = VERTEX_POINT('',#2331);
#2331 = CARTESIAN_POINT('',(-4.800310559006,59.000344537883,14.2));
#2332 = SURFACE_CURVE('',#2333,(#2337,#2343),.PCURVE_S1.);
#2333 = LINE('',#2334,#2335);
#2334 = CARTESIAN_POINT('',(-4.800310559006,5.5,14.2));
#2335 = VECTOR('',#2336,1.);
#2336 = DIRECTION('',(-0.,-1.,0.));
#2337 = PCURVE('',#496,#2338);
#2338 = DEFINITIONAL_REPRESENTATION('',(#2339),#2342);
#2339 = B_SPLINE_CURVE_WITH_KNOTS('',1,(#2340,#2341),.UNSPECIFIED.,.F.,
  .F.,(2,2),(-53.50034453788,-52.5),.PIECEWISE_BEZIER_KNOTS.);
#2340 = CARTESIAN_POINT('',(0.999655462117,-1.60077138922));
#2341 = CARTESIAN_POINT('',(2.,-1.60077138922));
#2342 = ( GEOMETRIC_REPRESENTATION_CONTEXT(2) 
PARAMETRIC_REPRESENTATION_CONTEXT() REPRESENTATION_CONTEXT('2D SPACE',''
  ) );
#2343 = PCURVE('',#2344,#2349);
#2344 = PLANE('',#2345);
#2345 = AXIS2_PLACEMENT_3D('',#2346,#2347,#2348);
#2346 = CARTESIAN_POINT('',(-19.,-49.,14.2));
#2347 = DIRECTION('',(0.,0.,1.));
#2348 = DIRECTION('',(1.,0.,0.));
#2349 = DEFINITIONAL_REPRESENTATION('',(#2350),#2353);
#2350 = B_SPLINE_CURVE_WITH_KNOTS('',1,(#2351,#2352),.UNSPECIFIED.,.F.,
  .F.,(2,2),(-53.50034453788,-52.5),.PIECEWISE_BEZIER_KNOTS.);
#2351 = CARTESIAN_POINT('',(14.199689440994,108.00034453788));
#2352 = CARTESIAN_POINT('',(14.199689440994,107.));
#2353 = ( GEOMETRIC_REPRESENTATION_CONTEXT(2) 
PARAMETRIC_REPRESENTATION_CONTEXT() REPRESENTATION_CONTEXT('2D SPACE',''
  ) );
#2354 = ORIENTED_EDGE('',*,*,#2355,.T.);
#2355 = EDGE_CURVE('',#2330,#2356,#2358,.T.);
#2356 = VERTEX_POINT('',#2357);
#2357 = CARTESIAN_POINT('',(-4.846894409938,59.0261848791,15.7));
#2358 = SURFACE_CURVE('',#2359,(#2363,#2369),.PCURVE_S1.);
#2359 = LINE('',#2360,#2361);
#2360 = CARTESIAN_POINT('',(-4.846527645083,59.025981432438,
    15.688190171689));
#2361 = VECTOR('',#2362,1.);
#2362 = DIRECTION('',(-3.103633473505E-02,1.721604083061E-02,
    0.999369978469));
#2363 = PCURVE('',#496,#2364);
#2364 = DEFINITIONAL_REPRESENTATION('',(#2365),#2368);
#2365 = B_SPLINE_CURVE_WITH_KNOTS('',1,(#2366,#2367),.UNSPECIFIED.,.F.,
  .F.,(2,2),(-1.489128354615,1.181727344801E-02),
  .PIECEWISE_BEZIER_KNOTS.);
#2366 = CARTESIAN_POINT('',(0.999655462117,-1.60077138922));
#2367 = CARTESIAN_POINT('',(0.9738151209,-0.100048211826));
#2368 = ( GEOMETRIC_REPRESENTATION_CONTEXT(2) 
PARAMETRIC_REPRESENTATION_CONTEXT() REPRESENTATION_CONTEXT('2D SPACE',''
  ) );
#2369 = PCURVE('',#2370,#2375);
#2370 = PLANE('',#2371);
#2371 = AXIS2_PLACEMENT_3D('',#2372,#2373,#2374);
#2372 = CARTESIAN_POINT('',(0.,59.026357148042,15.71));
#2373 = DIRECTION('',(0.,0.999851650077,-1.722433853643E-02));
#2374 = DIRECTION('',(-1.,0.,-0.));
#2375 = DEFINITIONAL_REPRESENTATION('',(#2376),#2379);
#2376 = B_SPLINE_CURVE_WITH_KNOTS('',1,(#2377,#2378),.UNSPECIFIED.,.F.,
  .F.,(2,2),(-1.489128354615,1.181727344801E-02),
  .PIECEWISE_BEZIER_KNOTS.);
#2377 = CARTESIAN_POINT('',(4.800310559006,-1.51022404162));
#2378 = CARTESIAN_POINT('',(4.846894409938,-1.000148371932E-02));
#2379 = ( GEOMETRIC_REPRESENTATION_CONTEXT(2) 
PARAMETRIC_REPRESENTATION_CONTEXT() REPRESENTATION_CONTEXT('2D SPACE',''
  ) );
#2380 = ORIENTED_EDGE('',*,*,#2381,.F.);
#2381 = EDGE_CURVE('',#2382,#2356,#2384,.T.);
#2382 = VERTEX_POINT('',#2383);
#2383 = CARTESIAN_POINT('',(-4.846894409938,59.873642851958,15.7));
#2384 = SURFACE_CURVE('',#2385,(#2389,#2395),.PCURVE_S1.);
#2385 = LINE('',#2386,#2387);
#2386 = CARTESIAN_POINT('',(-4.846894409938,5.5,15.7));
#2387 = VECTOR('',#2388,1.);
#2388 = DIRECTION('',(-0.,-1.,0.));
#2389 = PCURVE('',#496,#2390);
#2390 = DEFINITIONAL_REPRESENTATION('',(#2391),#2394);
#2391 = B_SPLINE_CURVE_WITH_KNOTS('',1,(#2392,#2393),.UNSPECIFIED.,.F.,
  .F.,(2,2),(-54.37364285195,-52.5),.PIECEWISE_BEZIER_KNOTS.);
#2392 = CARTESIAN_POINT('',(0.126357148042,-0.100048211826));
#2393 = CARTESIAN_POINT('',(2.,-0.100048211826));
#2394 = ( GEOMETRIC_REPRESENTATION_CONTEXT(2) 
PARAMETRIC_REPRESENTATION_CONTEXT() REPRESENTATION_CONTEXT('2D SPACE',''
  ) );
#2395 = PCURVE('',#2396,#2401);
#2396 = PLANE('',#2397);
#2397 = AXIS2_PLACEMENT_3D('',#2398,#2399,#2400);
#2398 = CARTESIAN_POINT('',(-19.,-49.,15.7));
#2399 = DIRECTION('',(0.,0.,1.));
#2400 = DIRECTION('',(1.,0.,0.));
#2401 = DEFINITIONAL_REPRESENTATION('',(#2402),#2405);
#2402 = B_SPLINE_CURVE_WITH_KNOTS('',1,(#2403,#2404),.UNSPECIFIED.,.F.,
  .F.,(2,2),(-54.37364285195,-52.5),.PIECEWISE_BEZIER_KNOTS.);
#2403 = CARTESIAN_POINT('',(14.153105590062,108.87364285195));
#2404 = CARTESIAN_POINT('',(14.153105590062,107.));
#2405 = ( GEOMETRIC_REPRESENTATION_CONTEXT(2) 
PARAMETRIC_REPRESENTATION_CONTEXT() REPRESENTATION_CONTEXT('2D SPACE',''
  ) );
#2406 = ORIENTED_EDGE('',*,*,#2407,.F.);
#2407 = EDGE_CURVE('',#456,#2382,#2408,.T.);
#2408 = SURFACE_CURVE('',#2409,(#2413,#2419),.PCURVE_S1.);
#2409 = LINE('',#2410,#2411);
#2410 = CARTESIAN_POINT('',(-4.846078150916,59.874101632865,
    15.673716459488));
#2411 = VECTOR('',#2412,1.);
#2412 = DIRECTION('',(-3.103621208885E-02,-1.74439989278E-02,
    0.999366029261));
#2413 = PCURVE('',#496,#2414);
#2414 = DEFINITIONAL_REPRESENTATION('',(#2415),#2418);
#2415 = B_SPLINE_CURVE_WITH_KNOTS('',1,(#2416,#2417),.UNSPECIFIED.,.F.,
  .F.,(2,2),(-1.474651345291,2.630021407806E-02),
  .PIECEWISE_BEZIER_KNOTS.);
#2416 = CARTESIAN_POINT('',(0.100174550649,-1.60077138922));
#2417 = CARTESIAN_POINT('',(0.126357148042,-0.100048211826));
#2418 = ( GEOMETRIC_REPRESENTATION_CONTEXT(2) 
PARAMETRIC_REPRESENTATION_CONTEXT() REPRESENTATION_CONTEXT('2D SPACE',''
  ) );
#2419 = PCURVE('',#470,#2420);
#2420 = DEFINITIONAL_REPRESENTATION('',(#2421),#2424);
#2421 = B_SPLINE_CURVE_WITH_KNOTS('',1,(#2422,#2423),.UNSPECIFIED.,.F.,
  .F.,(2,2),(-1.474651345291,2.630021407806E-02),
  .PIECEWISE_BEZIER_KNOTS.);
#2422 = CARTESIAN_POINT('',(4.800310559006,-1.500228492066));
#2423 = CARTESIAN_POINT('',(4.846894409938,1.239027509248E-17));
#2424 = ( GEOMETRIC_REPRESENTATION_CONTEXT(2) 
PARAMETRIC_REPRESENTATION_CONTEXT() REPRESENTATION_CONTEXT('2D SPACE',''
  ) );
#2425 = ORIENTED_EDGE('',*,*,#481,.F.);
#2426 = ORIENTED_EDGE('',*,*,#2040,.F.);
#2427 = ADVANCED_FACE('',(#2428),#470,.T.);
#2428 = FACE_BOUND('',#2429,.T.);
#2429 = EDGE_LOOP('',(#2430,#2431,#2432,#2452));
#2430 = ORIENTED_EDGE('',*,*,#2407,.F.);
#2431 = ORIENTED_EDGE('',*,*,#455,.T.);
#2432 = ORIENTED_EDGE('',*,*,#2433,.T.);
#2433 = EDGE_CURVE('',#427,#2434,#2436,.T.);
#2434 = VERTEX_POINT('',#2435);
#2435 = CARTESIAN_POINT('',(-19.,59.873642851958,15.7));
#2436 = SURFACE_CURVE('',#2437,(#2440,#2446),.PCURVE_S1.);
#2437 = B_SPLINE_CURVE_WITH_KNOTS('',1,(#2438,#2439),.UNSPECIFIED.,.F.,
  .F.,(2,2),(0.,1.),.PIECEWISE_BEZIER_KNOTS.);
#2438 = CARTESIAN_POINT('',(-19.,59.9,14.19));
#2439 = CARTESIAN_POINT('',(-19.,59.873642851958,15.7));
#2440 = PCURVE('',#470,#2441);
#2441 = DEFINITIONAL_REPRESENTATION('',(#2442),#2445);
#2442 = B_SPLINE_CURVE_WITH_KNOTS('',1,(#2443,#2444),.UNSPECIFIED.,.F.,
  .F.,(2,2),(0.,1.),.PIECEWISE_BEZIER_KNOTS.);
#2443 = CARTESIAN_POINT('',(19.,-1.510230015346));
#2444 = CARTESIAN_POINT('',(19.,0.));
#2445 = ( GEOMETRIC_REPRESENTATION_CONTEXT(2) 
PARAMETRIC_REPRESENTATION_CONTEXT() REPRESENTATION_CONTEXT('2D SPACE',''
  ) );
#2446 = PCURVE('',#443,#2447);
#2447 = DEFINITIONAL_REPRESENTATION('',(#2448),#2451);
#2448 = B_SPLINE_CURVE_WITH_KNOTS('',1,(#2449,#2450),.UNSPECIFIED.,.F.,
  .F.,(2,2),(0.,1.),.PIECEWISE_BEZIER_KNOTS.);
#2449 = CARTESIAN_POINT('',(-1.570796326795,0.));
#2450 = CARTESIAN_POINT('',(-1.570796326795,-1.51));
#2451 = ( GEOMETRIC_REPRESENTATION_CONTEXT(2) 
PARAMETRIC_REPRESENTATION_CONTEXT() REPRESENTATION_CONTEXT('2D SPACE',''
  ) );
#2452 = ORIENTED_EDGE('',*,*,#2453,.T.);
#2453 = EDGE_CURVE('',#2434,#2382,#2454,.T.);
#2454 = SURFACE_CURVE('',#2455,(#2459,#2466),.PCURVE_S1.);
#2455 = LINE('',#2456,#2457);
#2456 = CARTESIAN_POINT('',(0.,59.873642851958,15.7));
#2457 = VECTOR('',#2458,1.);
#2458 = DIRECTION('',(1.,0.,0.));
#2459 = PCURVE('',#470,#2460);
#2460 = DEFINITIONAL_REPRESENTATION('',(#2461),#2465);
#2461 = LINE('',#2462,#2463);
#2462 = CARTESIAN_POINT('',(0.,0.));
#2463 = VECTOR('',#2464,1.);
#2464 = DIRECTION('',(-1.,0.));
#2465 = ( GEOMETRIC_REPRESENTATION_CONTEXT(2) 
PARAMETRIC_REPRESENTATION_CONTEXT() REPRESENTATION_CONTEXT('2D SPACE',''
  ) );
#2466 = PCURVE('',#2396,#2467);
#2467 = DEFINITIONAL_REPRESENTATION('',(#2468),#2472);
#2468 = LINE('',#2469,#2470);
#2469 = CARTESIAN_POINT('',(19.,108.87364285195));
#2470 = VECTOR('',#2471,1.);
#2471 = DIRECTION('',(1.,0.));
#2472 = ( GEOMETRIC_REPRESENTATION_CONTEXT(2) 
PARAMETRIC_REPRESENTATION_CONTEXT() REPRESENTATION_CONTEXT('2D SPACE',''
  ) );
#2473 = ADVANCED_FACE('',(#2474),#443,.T.);
#2474 = FACE_BOUND('',#2475,.T.);
#2475 = EDGE_LOOP('',(#2476,#2477,#2478,#2498));
#2476 = ORIENTED_EDGE('',*,*,#2433,.F.);
#2477 = ORIENTED_EDGE('',*,*,#426,.T.);
#2478 = ORIENTED_EDGE('',*,*,#2479,.T.);
#2479 = EDGE_CURVE('',#401,#2480,#2482,.T.);
#2480 = VERTEX_POINT('',#2481);
#2481 = CARTESIAN_POINT('',(-29.87364285195,49.,15.7));
#2482 = SURFACE_CURVE('',#2483,(#2486,#2492),.PCURVE_S1.);
#2483 = B_SPLINE_CURVE_WITH_KNOTS('',1,(#2484,#2485),.UNSPECIFIED.,.F.,
  .F.,(2,2),(0.,1.),.PIECEWISE_BEZIER_KNOTS.);
#2484 = CARTESIAN_POINT('',(-29.9,49.,14.19));
#2485 = CARTESIAN_POINT('',(-29.87364285195,49.,15.7));
#2486 = PCURVE('',#443,#2487);
#2487 = DEFINITIONAL_REPRESENTATION('',(#2488),#2491);
#2488 = B_SPLINE_CURVE_WITH_KNOTS('',1,(#2489,#2490),.UNSPECIFIED.,.F.,
  .F.,(2,2),(0.,1.),.PIECEWISE_BEZIER_KNOTS.);
#2489 = CARTESIAN_POINT('',(-3.14159265359,0.));
#2490 = CARTESIAN_POINT('',(-3.14159265359,-1.51));
#2491 = ( GEOMETRIC_REPRESENTATION_CONTEXT(2) 
PARAMETRIC_REPRESENTATION_CONTEXT() REPRESENTATION_CONTEXT('2D SPACE',''
  ) );
#2492 = PCURVE('',#415,#2493);
#2493 = DEFINITIONAL_REPRESENTATION('',(#2494),#2497);
#2494 = B_SPLINE_CURVE_WITH_KNOTS('',1,(#2495,#2496),.UNSPECIFIED.,.F.,
  .F.,(2,2),(0.,1.),.PIECEWISE_BEZIER_KNOTS.);
#2495 = CARTESIAN_POINT('',(-49.,-1.510230015346));
#2496 = CARTESIAN_POINT('',(-49.,0.));
#2497 = ( GEOMETRIC_REPRESENTATION_CONTEXT(2) 
PARAMETRIC_REPRESENTATION_CONTEXT() REPRESENTATION_CONTEXT('2D SPACE',''
  ) );
#2498 = ORIENTED_EDGE('',*,*,#2499,.F.);
#2499 = EDGE_CURVE('',#2434,#2480,#2500,.T.);
#2500 = SURFACE_CURVE('',#2501,(#2506,#2513),.PCURVE_S1.);
#2501 = CIRCLE('',#2502,10.873642851958);
#2502 = AXIS2_PLACEMENT_3D('',#2503,#2504,#2505);
#2503 = CARTESIAN_POINT('',(-19.,49.,15.7));
#2504 = DIRECTION('',(0.,0.,1.));
#2505 = DIRECTION('',(1.,0.,0.));
#2506 = PCURVE('',#443,#2507);
#2507 = DEFINITIONAL_REPRESENTATION('',(#2508),#2512);
#2508 = LINE('',#2509,#2510);
#2509 = CARTESIAN_POINT('',(-0.,-1.51));
#2510 = VECTOR('',#2511,1.);
#2511 = DIRECTION('',(-1.,-0.));
#2512 = ( GEOMETRIC_REPRESENTATION_CONTEXT(2) 
PARAMETRIC_REPRESENTATION_CONTEXT() REPRESENTATION_CONTEXT('2D SPACE',''
  ) );
#2513 = PCURVE('',#2396,#2514);
#2514 = DEFINITIONAL_REPRESENTATION('',(#2515),#2519);
#2515 = CIRCLE('',#2516,10.873642851958);
#2516 = AXIS2_PLACEMENT_2D('',#2517,#2518);
#2517 = CARTESIAN_POINT('',(0.,98.));
#2518 = DIRECTION('',(1.,0.));
#2519 = ( GEOMETRIC_REPRESENTATION_CONTEXT(2) 
PARAMETRIC_REPRESENTATION_CONTEXT() REPRESENTATION_CONTEXT('2D SPACE',''
  ) );
#2520 = ADVANCED_FACE('',(#2521),#415,.T.);
#2521 = FACE_BOUND('',#2522,.T.);
#2522 = EDGE_LOOP('',(#2523,#2524,#2544,#2565));
#2523 = ORIENTED_EDGE('',*,*,#400,.T.);
#2524 = ORIENTED_EDGE('',*,*,#2525,.T.);
#2525 = EDGE_CURVE('',#372,#2526,#2528,.T.);
#2526 = VERTEX_POINT('',#2527);
#2527 = CARTESIAN_POINT('',(-29.87364285195,-49.,15.7));
#2528 = SURFACE_CURVE('',#2529,(#2532,#2538),.PCURVE_S1.);
#2529 = B_SPLINE_CURVE_WITH_KNOTS('',1,(#2530,#2531),.UNSPECIFIED.,.F.,
  .F.,(2,2),(0.,1.),.PIECEWISE_BEZIER_KNOTS.);
#2530 = CARTESIAN_POINT('',(-29.9,-49.,14.19));
#2531 = CARTESIAN_POINT('',(-29.87364285195,-49.,15.7));
#2532 = PCURVE('',#415,#2533);
#2533 = DEFINITIONAL_REPRESENTATION('',(#2534),#2537);
#2534 = B_SPLINE_CURVE_WITH_KNOTS('',1,(#2535,#2536),.UNSPECIFIED.,.F.,
  .F.,(2,2),(0.,1.),.PIECEWISE_BEZIER_KNOTS.);
#2535 = CARTESIAN_POINT('',(49.,-1.510230015346));
#2536 = CARTESIAN_POINT('',(49.,0.));
#2537 = ( GEOMETRIC_REPRESENTATION_CONTEXT(2) 
PARAMETRIC_REPRESENTATION_CONTEXT() REPRESENTATION_CONTEXT('2D SPACE',''
  ) );
#2538 = PCURVE('',#388,#2539);
#2539 = DEFINITIONAL_REPRESENTATION('',(#2540),#2543);
#2540 = B_SPLINE_CURVE_WITH_KNOTS('',1,(#2541,#2542),.UNSPECIFIED.,.F.,
  .F.,(2,2),(0.,1.),.PIECEWISE_BEZIER_KNOTS.);
#2541 = CARTESIAN_POINT('',(-3.14159265359,0.));
#2542 = CARTESIAN_POINT('',(-3.14159265359,-1.51));
#2543 = ( GEOMETRIC_REPRESENTATION_CONTEXT(2) 
PARAMETRIC_REPRESENTATION_CONTEXT() REPRESENTATION_CONTEXT('2D SPACE',''
  ) );
#2544 = ORIENTED_EDGE('',*,*,#2545,.T.);
#2545 = EDGE_CURVE('',#2526,#2480,#2546,.T.);
#2546 = SURFACE_CURVE('',#2547,(#2551,#2558),.PCURVE_S1.);
#2547 = LINE('',#2548,#2549);
#2548 = CARTESIAN_POINT('',(-29.87364285195,0.,15.7));
#2549 = VECTOR('',#2550,1.);
#2550 = DIRECTION('',(0.,1.,0.));
#2551 = PCURVE('',#415,#2552);
#2552 = DEFINITIONAL_REPRESENTATION('',(#2553),#2557);
#2553 = LINE('',#2554,#2555);
#2554 = CARTESIAN_POINT('',(0.,0.));
#2555 = VECTOR('',#2556,1.);
#2556 = DIRECTION('',(-1.,0.));
#2557 = ( GEOMETRIC_REPRESENTATION_CONTEXT(2) 
PARAMETRIC_REPRESENTATION_CONTEXT() REPRESENTATION_CONTEXT('2D SPACE',''
  ) );
#2558 = PCURVE('',#2396,#2559);
#2559 = DEFINITIONAL_REPRESENTATION('',(#2560),#2564);
#2560 = LINE('',#2561,#2562);
#2561 = CARTESIAN_POINT('',(-10.87364285195,49.));
#2562 = VECTOR('',#2563,1.);
#2563 = DIRECTION('',(0.,1.));
#2564 = ( GEOMETRIC_REPRESENTATION_CONTEXT(2) 
PARAMETRIC_REPRESENTATION_CONTEXT() REPRESENTATION_CONTEXT('2D SPACE',''
  ) );
#2565 = ORIENTED_EDGE('',*,*,#2479,.F.);
#2566 = ADVANCED_FACE('',(#2567),#388,.T.);
#2567 = FACE_BOUND('',#2568,.T.);
#2568 = EDGE_LOOP('',(#2569,#2570,#2571,#2591));
#2569 = ORIENTED_EDGE('',*,*,#2525,.F.);
#2570 = ORIENTED_EDGE('',*,*,#371,.T.);
#2571 = ORIENTED_EDGE('',*,*,#2572,.T.);
#2572 = EDGE_CURVE('',#346,#2573,#2575,.T.);
#2573 = VERTEX_POINT('',#2574);
#2574 = CARTESIAN_POINT('',(-19.,-59.87364285195,15.7));
#2575 = SURFACE_CURVE('',#2576,(#2579,#2585),.PCURVE_S1.);
#2576 = B_SPLINE_CURVE_WITH_KNOTS('',1,(#2577,#2578),.UNSPECIFIED.,.F.,
  .F.,(2,2),(0.,1.),.PIECEWISE_BEZIER_KNOTS.);
#2577 = CARTESIAN_POINT('',(-19.,-59.9,14.19));
#2578 = CARTESIAN_POINT('',(-19.,-59.87364285195,15.7));
#2579 = PCURVE('',#388,#2580);
#2580 = DEFINITIONAL_REPRESENTATION('',(#2581),#2584);
#2581 = B_SPLINE_CURVE_WITH_KNOTS('',1,(#2582,#2583),.UNSPECIFIED.,.F.,
  .F.,(2,2),(0.,1.),.PIECEWISE_BEZIER_KNOTS.);
#2582 = CARTESIAN_POINT('',(-4.712388980385,0.));
#2583 = CARTESIAN_POINT('',(-4.712388980385,-1.51));
#2584 = ( GEOMETRIC_REPRESENTATION_CONTEXT(2) 
PARAMETRIC_REPRESENTATION_CONTEXT() REPRESENTATION_CONTEXT('2D SPACE',''
  ) );
#2585 = PCURVE('',#360,#2586);
#2586 = DEFINITIONAL_REPRESENTATION('',(#2587),#2590);
#2587 = B_SPLINE_CURVE_WITH_KNOTS('',1,(#2588,#2589),.UNSPECIFIED.,.F.,
  .F.,(2,2),(0.,1.),.PIECEWISE_BEZIER_KNOTS.);
#2588 = CARTESIAN_POINT('',(-19.,-1.510230015346));
#2589 = CARTESIAN_POINT('',(-19.,0.));
#2590 = ( GEOMETRIC_REPRESENTATION_CONTEXT(2) 
PARAMETRIC_REPRESENTATION_CONTEXT() REPRESENTATION_CONTEXT('2D SPACE',''
  ) );
#2591 = ORIENTED_EDGE('',*,*,#2592,.F.);
#2592 = EDGE_CURVE('',#2526,#2573,#2593,.T.);
#2593 = SURFACE_CURVE('',#2594,(#2599,#2606),.PCURVE_S1.);
#2594 = CIRCLE('',#2595,10.873642851958);
#2595 = AXIS2_PLACEMENT_3D('',#2596,#2597,#2598);
#2596 = CARTESIAN_POINT('',(-19.,-49.,15.7));
#2597 = DIRECTION('',(0.,0.,1.));
#2598 = DIRECTION('',(1.,0.,0.));
#2599 = PCURVE('',#388,#2600);
#2600 = DEFINITIONAL_REPRESENTATION('',(#2601),#2605);
#2601 = LINE('',#2602,#2603);
#2602 = CARTESIAN_POINT('',(-0.,-1.51));
#2603 = VECTOR('',#2604,1.);
#2604 = DIRECTION('',(-1.,-0.));
#2605 = ( GEOMETRIC_REPRESENTATION_CONTEXT(2) 
PARAMETRIC_REPRESENTATION_CONTEXT() REPRESENTATION_CONTEXT('2D SPACE',''
  ) );
#2606 = PCURVE('',#2396,#2607);
#2607 = DEFINITIONAL_REPRESENTATION('',(#2608),#2612);
#2608 = CIRCLE('',#2609,10.873642851958);
#2609 = AXIS2_PLACEMENT_2D('',#2610,#2611);
#2610 = CARTESIAN_POINT('',(0.,0.));
#2611 = DIRECTION('',(1.,0.));
#2612 = ( GEOMETRIC_REPRESENTATION_CONTEXT(2) 
PARAMETRIC_REPRESENTATION_CONTEXT() REPRESENTATION_CONTEXT('2D SPACE',''
  ) );
#2613 = ADVANCED_FACE('',(#2614),#360,.T.);
#2614 = FACE_BOUND('',#2615,.T.);
#2615 = EDGE_LOOP('',(#2616,#2617,#2618,#2639));
#2616 = ORIENTED_EDGE('',*,*,#2572,.F.);
#2617 = ORIENTED_EDGE('',*,*,#345,.T.);
#2618 = ORIENTED_EDGE('',*,*,#2619,.F.);
#2619 = EDGE_CURVE('',#2620,#320,#2622,.T.);
#2620 = VERTEX_POINT('',#2621);
#2621 = CARTESIAN_POINT('',(-11.19689440993,-59.87364285195,15.7));
#2622 = SURFACE_CURVE('',#2623,(#2627,#2633),.PCURVE_S1.);
#2623 = LINE('',#2624,#2625);
#2624 = CARTESIAN_POINT('',(-11.1930198434,-59.87582056405,
    15.575238957566));
#2625 = VECTOR('',#2626,1.);
#2626 = DIRECTION('',(3.103621208885E-02,-1.74439989278E-02,
    -0.999366029261));
#2627 = PCURVE('',#360,#2628);
#2628 = DEFINITIONAL_REPRESENTATION('',(#2629),#2632);
#2629 = B_SPLINE_CURVE_WITH_KNOTS('',1,(#2630,#2631),.UNSPECIFIED.,.F.,
  .F.,(2,2),(-0.12484018746,1.376111371909),.PIECEWISE_BEZIER_KNOTS.);
#2630 = CARTESIAN_POINT('',(-11.19689440993,2.536875714754E-17));
#2631 = CARTESIAN_POINT('',(-11.150310559,-1.500228492066));
#2632 = ( GEOMETRIC_REPRESENTATION_CONTEXT(2) 
PARAMETRIC_REPRESENTATION_CONTEXT() REPRESENTATION_CONTEXT('2D SPACE',''
  ) );
#2633 = PCURVE('',#334,#2634);
#2634 = DEFINITIONAL_REPRESENTATION('',(#2635),#2638);
#2635 = B_SPLINE_CURVE_WITH_KNOTS('',1,(#2636,#2637),.UNSPECIFIED.,.F.,
  .F.,(2,2),(-0.12484018746,1.376111371909),.PIECEWISE_BEZIER_KNOTS.);
#2636 = CARTESIAN_POINT('',(-0.126357148042,-0.100048211826));
#2637 = CARTESIAN_POINT('',(-0.100174550649,-1.60077138922));
#2638 = ( GEOMETRIC_REPRESENTATION_CONTEXT(2) 
PARAMETRIC_REPRESENTATION_CONTEXT() REPRESENTATION_CONTEXT('2D SPACE',''
  ) );
#2639 = ORIENTED_EDGE('',*,*,#2640,.F.);
#2640 = EDGE_CURVE('',#2573,#2620,#2641,.T.);
#2641 = SURFACE_CURVE('',#2642,(#2646,#2653),.PCURVE_S1.);
#2642 = LINE('',#2643,#2644);
#2643 = CARTESIAN_POINT('',(0.,-59.87364285195,15.7));
#2644 = VECTOR('',#2645,1.);
#2645 = DIRECTION('',(1.,0.,0.));
#2646 = PCURVE('',#360,#2647);
#2647 = DEFINITIONAL_REPRESENTATION('',(#2648),#2652);
#2648 = LINE('',#2649,#2650);
#2649 = CARTESIAN_POINT('',(0.,0.));
#2650 = VECTOR('',#2651,1.);
#2651 = DIRECTION('',(1.,0.));
#2652 = ( GEOMETRIC_REPRESENTATION_CONTEXT(2) 
PARAMETRIC_REPRESENTATION_CONTEXT() REPRESENTATION_CONTEXT('2D SPACE',''
  ) );
#2653 = PCURVE('',#2396,#2654);
#2654 = DEFINITIONAL_REPRESENTATION('',(#2655),#2659);
#2655 = LINE('',#2656,#2657);
#2656 = CARTESIAN_POINT('',(19.,-10.87364285195));
#2657 = VECTOR('',#2658,1.);
#2658 = DIRECTION('',(1.,0.));
#2659 = ( GEOMETRIC_REPRESENTATION_CONTEXT(2) 
PARAMETRIC_REPRESENTATION_CONTEXT() REPRESENTATION_CONTEXT('2D SPACE',''
  ) );
#2660 = ADVANCED_FACE('',(#2661),#334,.F.);
#2661 = FACE_BOUND('',#2662,.F.);
#2662 = EDGE_LOOP('',(#2663,#2686,#2687,#2688,#2689,#2710,#2736,#2757));
#2663 = ORIENTED_EDGE('',*,*,#2664,.F.);
#2664 = EDGE_CURVE('',#1003,#2665,#2667,.T.);
#2665 = VERTEX_POINT('',#2666);
#2666 = CARTESIAN_POINT('',(-11.15,-58.99982544935,14.19));
#2667 = SURFACE_CURVE('',#2668,(#2672,#2679),.PCURVE_S1.);
#2668 = LINE('',#2669,#2670);
#2669 = CARTESIAN_POINT('',(-11.15,-60.,14.19));
#2670 = VECTOR('',#2671,1.);
#2671 = DIRECTION('',(0.,1.,0.));
#2672 = PCURVE('',#334,#2673);
#2673 = DEFINITIONAL_REPRESENTATION('',(#2674),#2678);
#2674 = LINE('',#2675,#2676);
#2675 = CARTESIAN_POINT('',(0.,-1.610776210403));
#2676 = VECTOR('',#2677,1.);
#2677 = DIRECTION('',(-1.,0.));
#2678 = ( GEOMETRIC_REPRESENTATION_CONTEXT(2) 
PARAMETRIC_REPRESENTATION_CONTEXT() REPRESENTATION_CONTEXT('2D SPACE',''
  ) );
#2679 = PCURVE('',#1017,#2680);
#2680 = DEFINITIONAL_REPRESENTATION('',(#2681),#2685);
#2681 = LINE('',#2682,#2683);
#2682 = CARTESIAN_POINT('',(0.353108836061,1.968581761039));
#2683 = VECTOR('',#2684,1.);
#2684 = DIRECTION('',(0.17655441803,0.98429088052));
#2685 = ( GEOMETRIC_REPRESENTATION_CONTEXT(2) 
PARAMETRIC_REPRESENTATION_CONTEXT() REPRESENTATION_CONTEXT('2D SPACE',''
  ) );
#2686 = ORIENTED_EDGE('',*,*,#1028,.F.);
#2687 = ORIENTED_EDGE('',*,*,#319,.F.);
#2688 = ORIENTED_EDGE('',*,*,#2619,.F.);
#2689 = ORIENTED_EDGE('',*,*,#2690,.F.);
#2690 = EDGE_CURVE('',#2691,#2620,#2693,.T.);
#2691 = VERTEX_POINT('',#2692);
#2692 = CARTESIAN_POINT('',(-11.19689440993,-59.0261848791,15.7));
#2693 = SURFACE_CURVE('',#2694,(#2698,#2704),.PCURVE_S1.);
#2694 = LINE('',#2695,#2696);
#2695 = CARTESIAN_POINT('',(-11.19689440993,-54.5,15.7));
#2696 = VECTOR('',#2697,1.);
#2697 = DIRECTION('',(-0.,-1.,0.));
#2698 = PCURVE('',#334,#2699);
#2699 = DEFINITIONAL_REPRESENTATION('',(#2700),#2703);
#2700 = B_SPLINE_CURVE_WITH_KNOTS('',1,(#2701,#2702),.UNSPECIFIED.,.F.,
  .F.,(2,2),(3.5,5.373642851958),.PIECEWISE_BEZIER_KNOTS.);
#2701 = CARTESIAN_POINT('',(-2.,-0.100048211826));
#2702 = CARTESIAN_POINT('',(-0.126357148042,-0.100048211826));
#2703 = ( GEOMETRIC_REPRESENTATION_CONTEXT(2) 
PARAMETRIC_REPRESENTATION_CONTEXT() REPRESENTATION_CONTEXT('2D SPACE',''
  ) );
#2704 = PCURVE('',#2396,#2705);
#2705 = DEFINITIONAL_REPRESENTATION('',(#2706),#2709);
#2706 = B_SPLINE_CURVE_WITH_KNOTS('',1,(#2707,#2708),.UNSPECIFIED.,.F.,
  .F.,(2,2),(3.5,5.373642851958),.PIECEWISE_BEZIER_KNOTS.);
#2707 = CARTESIAN_POINT('',(7.803105590062,-9.));
#2708 = CARTESIAN_POINT('',(7.803105590062,-10.87364285195));
#2709 = ( GEOMETRIC_REPRESENTATION_CONTEXT(2) 
PARAMETRIC_REPRESENTATION_CONTEXT() REPRESENTATION_CONTEXT('2D SPACE',''
  ) );
#2710 = ORIENTED_EDGE('',*,*,#2711,.T.);
#2711 = EDGE_CURVE('',#2691,#2712,#2714,.T.);
#2712 = VERTEX_POINT('',#2713);
#2713 = CARTESIAN_POINT('',(-11.150310559,-59.00034453788,14.2));
#2714 = SURFACE_CURVE('',#2715,(#2719,#2725),.PCURVE_S1.);
#2715 = LINE('',#2716,#2717);
#2716 = CARTESIAN_POINT('',(-11.19346931339,-59.02428495752,
    15.589711891455));
#2717 = VECTOR('',#2718,1.);
#2718 = DIRECTION('',(3.103633473505E-02,1.721604083061E-02,
    -0.999369978469));
#2719 = PCURVE('',#334,#2720);
#2720 = DEFINITIONAL_REPRESENTATION('',(#2721),#2724);
#2721 = B_SPLINE_CURVE_WITH_KNOTS('',1,(#2722,#2723),.UNSPECIFIED.,.F.,
  .F.,(2,2),(-0.110357636232,1.390587991831),.PIECEWISE_BEZIER_KNOTS.);
#2722 = CARTESIAN_POINT('',(-0.9738151209,-0.100048211826));
#2723 = CARTESIAN_POINT('',(-0.999655462117,-1.60077138922));
#2724 = ( GEOMETRIC_REPRESENTATION_CONTEXT(2) 
PARAMETRIC_REPRESENTATION_CONTEXT() REPRESENTATION_CONTEXT('2D SPACE',''
  ) );
#2725 = PCURVE('',#2726,#2731);
#2726 = PLANE('',#2727);
#2727 = AXIS2_PLACEMENT_3D('',#2728,#2729,#2730);
#2728 = CARTESIAN_POINT('',(0.,-59.02635714804,15.71));
#2729 = DIRECTION('',(0.,-0.999851650077,-1.722433853643E-02));
#2730 = DIRECTION('',(1.,0.,0.));
#2731 = DEFINITIONAL_REPRESENTATION('',(#2732),#2735);
#2732 = B_SPLINE_CURVE_WITH_KNOTS('',1,(#2733,#2734),.UNSPECIFIED.,.F.,
  .F.,(2,2),(-0.110357636232,1.390587991831),.PIECEWISE_BEZIER_KNOTS.);
#2733 = CARTESIAN_POINT('',(-11.19689440993,-1.000148371934E-02));
#2734 = CARTESIAN_POINT('',(-11.150310559,-1.51022404162));
#2735 = ( GEOMETRIC_REPRESENTATION_CONTEXT(2) 
PARAMETRIC_REPRESENTATION_CONTEXT() REPRESENTATION_CONTEXT('2D SPACE',''
  ) );
#2736 = ORIENTED_EDGE('',*,*,#2737,.F.);
#2737 = EDGE_CURVE('',#2738,#2712,#2740,.T.);
#2738 = VERTEX_POINT('',#2739);
#2739 = CARTESIAN_POINT('',(-11.150310559,-59.,14.2));
#2740 = SURFACE_CURVE('',#2741,(#2745,#2751),.PCURVE_S1.);
#2741 = LINE('',#2742,#2743);
#2742 = CARTESIAN_POINT('',(-11.150310559,-54.5,14.2));
#2743 = VECTOR('',#2744,1.);
#2744 = DIRECTION('',(-0.,-1.,0.));
#2745 = PCURVE('',#334,#2746);
#2746 = DEFINITIONAL_REPRESENTATION('',(#2747),#2750);
#2747 = B_SPLINE_CURVE_WITH_KNOTS('',1,(#2748,#2749),.UNSPECIFIED.,.F.,
  .F.,(2,2),(3.5,4.500344537883),.PIECEWISE_BEZIER_KNOTS.);
#2748 = CARTESIAN_POINT('',(-2.,-1.60077138922));
#2749 = CARTESIAN_POINT('',(-0.999655462117,-1.60077138922));
#2750 = ( GEOMETRIC_REPRESENTATION_CONTEXT(2) 
PARAMETRIC_REPRESENTATION_CONTEXT() REPRESENTATION_CONTEXT('2D SPACE',''
  ) );
#2751 = PCURVE('',#2344,#2752);
#2752 = DEFINITIONAL_REPRESENTATION('',(#2753),#2756);
#2753 = B_SPLINE_CURVE_WITH_KNOTS('',1,(#2754,#2755),.UNSPECIFIED.,.F.,
  .F.,(2,2),(3.5,4.500344537883),.PIECEWISE_BEZIER_KNOTS.);
#2754 = CARTESIAN_POINT('',(7.849689440994,-9.));
#2755 = CARTESIAN_POINT('',(7.849689440994,-10.00034453788));
#2756 = ( GEOMETRIC_REPRESENTATION_CONTEXT(2) 
PARAMETRIC_REPRESENTATION_CONTEXT() REPRESENTATION_CONTEXT('2D SPACE',''
  ) );
#2757 = ORIENTED_EDGE('',*,*,#2758,.T.);
#2758 = EDGE_CURVE('',#2738,#2665,#2759,.T.);
#2759 = SURFACE_CURVE('',#2760,(#2764,#2770),.PCURVE_S1.);
#2760 = LINE('',#2761,#2762);
#2761 = CARTESIAN_POINT('',(-11.17004816866,-59.0110935845,
    14.835551030845));
#2762 = VECTOR('',#2763,1.);
#2763 = DIRECTION('',(3.103621208885E-02,1.74439989278E-02,
    -0.999366029261));
#2764 = PCURVE('',#334,#2765);
#2765 = DEFINITIONAL_REPRESENTATION('',(#2766),#2769);
#2766 = B_SPLINE_CURVE_WITH_KNOTS('',1,(#2767,#2768),.UNSPECIFIED.,.F.,
  .F.,(2,2),(0.635954207204,0.645960550933),.PIECEWISE_BEZIER_KNOTS.);
#2767 = CARTESIAN_POINT('',(-1.,-1.60077138922));
#2768 = CARTESIAN_POINT('',(-1.000174550649,-1.610776210403));
#2769 = ( GEOMETRIC_REPRESENTATION_CONTEXT(2) 
PARAMETRIC_REPRESENTATION_CONTEXT() REPRESENTATION_CONTEXT('2D SPACE',''
  ) );
#2770 = PCURVE('',#2771,#2776);
#2771 = PLANE('',#2772);
#2772 = AXIS2_PLACEMENT_3D('',#2773,#2774,#2775);
#2773 = CARTESIAN_POINT('',(0.,-59.,14.2));
#2774 = DIRECTION('',(0.,-0.999847695156,-1.745240643728E-02));
#2775 = DIRECTION('',(1.,0.,0.));
#2776 = DEFINITIONAL_REPRESENTATION('',(#2777),#2780);
#2777 = B_SPLINE_CURVE_WITH_KNOTS('',1,(#2778,#2779),.UNSPECIFIED.,.F.,
  .F.,(2,2),(0.635954207204,0.645960550933),.PIECEWISE_BEZIER_KNOTS.);
#2778 = CARTESIAN_POINT('',(-11.150310559,1.066852367243E-16));
#2779 = CARTESIAN_POINT('',(-11.15,-1.000152328044E-02));
#2780 = ( GEOMETRIC_REPRESENTATION_CONTEXT(2) 
PARAMETRIC_REPRESENTATION_CONTEXT() REPRESENTATION_CONTEXT('2D SPACE',''
  ) );
#2781 = ADVANCED_FACE('',(#2782),#623,.T.);
#2782 = FACE_BOUND('',#2783,.F.);
#2783 = EDGE_LOOP('',(#2784,#2804,#2805,#2806));
#2784 = ORIENTED_EDGE('',*,*,#2785,.T.);
#2785 = EDGE_CURVE('',#608,#1108,#2786,.T.);
#2786 = SURFACE_CURVE('',#2787,(#2792,#2798),.PCURVE_S1.);
#2787 = CIRCLE('',#2788,3.);
#2788 = AXIS2_PLACEMENT_3D('',#2789,#2790,#2791);
#2789 = CARTESIAN_POINT('',(19.,-57.70568930095,3.));
#2790 = DIRECTION('',(1.,6.123233995737E-17,0.));
#2791 = DIRECTION('',(6.123233995737E-17,-1.,0.));
#2792 = PCURVE('',#623,#2793);
#2793 = DEFINITIONAL_REPRESENTATION('',(#2794),#2797);
#2794 = B_SPLINE_CURVE_WITH_KNOTS('',1,(#2795,#2796),.UNSPECIFIED.,.F.,
  .F.,(2,2),(2.617993877991E-02,1.570796326795),
  .PIECEWISE_BEZIER_KNOTS.);
#2795 = CARTESIAN_POINT('',(0.,0.));
#2796 = CARTESIAN_POINT('',(-1.544616388015,0.));
#2797 = ( GEOMETRIC_REPRESENTATION_CONTEXT(2) 
PARAMETRIC_REPRESENTATION_CONTEXT() REPRESENTATION_CONTEXT('2D SPACE',''
  ) );
#2798 = PCURVE('',#1151,#2799);
#2799 = DEFINITIONAL_REPRESENTATION('',(#2800),#2803);
#2800 = B_SPLINE_CURVE_WITH_KNOTS('',1,(#2801,#2802),.UNSPECIFIED.,.F.,
  .F.,(2,2),(2.617993877991E-02,1.570796326795),
  .PIECEWISE_BEZIER_KNOTS.);
#2801 = CARTESIAN_POINT('',(1.570796326795,2.617993877991E-02));
#2802 = CARTESIAN_POINT('',(1.570796326795,1.570796326795));
#2803 = ( GEOMETRIC_REPRESENTATION_CONTEXT(2) 
PARAMETRIC_REPRESENTATION_CONTEXT() REPRESENTATION_CONTEXT('2D SPACE',''
  ) );
#2804 = ORIENTED_EDGE('',*,*,#1107,.T.);
#2805 = ORIENTED_EDGE('',*,*,#1052,.F.);
#2806 = ORIENTED_EDGE('',*,*,#607,.F.);
#2807 = ADVANCED_FACE('',(#2808),#1017,.T.);
#2808 = FACE_BOUND('',#2809,.T.);
#2809 = EDGE_LOOP('',(#2810,#2811,#2812,#2833));
#2810 = ORIENTED_EDGE('',*,*,#2664,.F.);
#2811 = ORIENTED_EDGE('',*,*,#1002,.F.);
#2812 = ORIENTED_EDGE('',*,*,#2813,.T.);
#2813 = EDGE_CURVE('',#880,#2814,#2816,.T.);
#2814 = VERTEX_POINT('',#2815);
#2815 = CARTESIAN_POINT('',(-9.191529935325,-58.99982544935,14.19));
#2816 = SURFACE_CURVE('',#2817,(#2820,#2826),.PCURVE_S1.);
#2817 = B_SPLINE_CURVE_WITH_KNOTS('',1,(#2818,#2819),.UNSPECIFIED.,.F.,
  .F.,(2,2),(0.,1.),.PIECEWISE_BEZIER_KNOTS.);
#2818 = CARTESIAN_POINT('',(-11.15,-61.5,14.19));
#2819 = CARTESIAN_POINT('',(-8.8,-58.5,14.19));
#2820 = PCURVE('',#1017,#2821);
#2821 = DEFINITIONAL_REPRESENTATION('',(#2822),#2825);
#2822 = B_SPLINE_CURVE_WITH_KNOTS('',1,(#2823,#2824),.UNSPECIFIED.,.F.,
  .F.,(2,2),(0.,1.),.PIECEWISE_BEZIER_KNOTS.);
#2823 = CARTESIAN_POINT('',(8.827720901521E-02,0.49214544026));
#2824 = CARTESIAN_POINT('',(2.931024032327,3.030115199447));
#2825 = ( GEOMETRIC_REPRESENTATION_CONTEXT(2) 
PARAMETRIC_REPRESENTATION_CONTEXT() REPRESENTATION_CONTEXT('2D SPACE',''
  ) );
#2826 = PCURVE('',#949,#2827);
#2827 = DEFINITIONAL_REPRESENTATION('',(#2828),#2832);
#2828 = LINE('',#2829,#2830);
#2829 = CARTESIAN_POINT('',(3.14159265359,0.));
#2830 = VECTOR('',#2831,1.);
#2831 = DIRECTION('',(0.,1.));
#2832 = ( GEOMETRIC_REPRESENTATION_CONTEXT(2) 
PARAMETRIC_REPRESENTATION_CONTEXT() REPRESENTATION_CONTEXT('2D SPACE',''
  ) );
#2833 = ORIENTED_EDGE('',*,*,#2834,.T.);
#2834 = EDGE_CURVE('',#2814,#2665,#2835,.T.);
#2835 = SURFACE_CURVE('',#2836,(#2840,#2846),.PCURVE_S1.);
#2836 = LINE('',#2837,#2838);
#2837 = CARTESIAN_POINT('',(-5.575,-58.99982544935,14.19));
#2838 = VECTOR('',#2839,1.);
#2839 = DIRECTION('',(-1.,-0.,0.));
#2840 = PCURVE('',#1017,#2841);
#2841 = DEFINITIONAL_REPRESENTATION('',(#2842),#2845);
#2842 = B_SPLINE_CURVE_WITH_KNOTS('',1,(#2843,#2844),.UNSPECIFIED.,.F.,
  .F.,(2,2),(-16.90434088777,6.113147901462),.PIECEWISE_BEZIER_KNOTS.);
#2843 = CARTESIAN_POINT('',(22.655904307708,-1.015782497978));
#2844 = CARTESIAN_POINT('',(6.635885509765E-17,3.048056839728));
#2845 = ( GEOMETRIC_REPRESENTATION_CONTEXT(2) 
PARAMETRIC_REPRESENTATION_CONTEXT() REPRESENTATION_CONTEXT('2D SPACE',''
  ) );
#2846 = PCURVE('',#2771,#2847);
#2847 = DEFINITIONAL_REPRESENTATION('',(#2848),#2851);
#2848 = B_SPLINE_CURVE_WITH_KNOTS('',1,(#2849,#2850),.UNSPECIFIED.,.F.,
  .F.,(2,2),(-16.90434088777,6.113147901462),.PIECEWISE_BEZIER_KNOTS.);
#2849 = CARTESIAN_POINT('',(11.329340887776,-1.000152328044E-02));
#2850 = CARTESIAN_POINT('',(-11.68814790146,-1.000152328044E-02));
#2851 = ( GEOMETRIC_REPRESENTATION_CONTEXT(2) 
PARAMETRIC_REPRESENTATION_CONTEXT() REPRESENTATION_CONTEXT('2D SPACE',''
  ) );
#2852 = ADVANCED_FACE('',(#2853),#949,.T.);
#2853 = FACE_BOUND('',#2854,.T.);
#2854 = EDGE_LOOP('',(#2855,#2856,#2857,#2879));
#2855 = ORIENTED_EDGE('',*,*,#2813,.F.);
#2856 = ORIENTED_EDGE('',*,*,#879,.F.);
#2857 = ORIENTED_EDGE('',*,*,#2858,.T.);
#2858 = EDGE_CURVE('',#855,#2859,#2861,.T.);
#2859 = VERTEX_POINT('',#2860);
#2860 = CARTESIAN_POINT('',(-7.315842274299,-58.96752682289,
    12.339612929697));
#2861 = SURFACE_CURVE('',#2862,(#2865,#2872),.PCURVE_S1.);
#2862 = B_SPLINE_CURVE_WITH_KNOTS('',1,(#2863,#2864),.UNSPECIFIED.,.F.,
  .F.,(2,2),(0.,1.),.PIECEWISE_BEZIER_KNOTS.);
#2863 = CARTESIAN_POINT('',(-8.16,-61.5,11.2));
#2864 = CARTESIAN_POINT('',(-7.16,-58.5,12.55));
#2865 = PCURVE('',#949,#2866);
#2866 = DEFINITIONAL_REPRESENTATION('',(#2867),#2871);
#2867 = LINE('',#2868,#2869);
#2868 = CARTESIAN_POINT('',(4.712388980385,0.));
#2869 = VECTOR('',#2870,1.);
#2870 = DIRECTION('',(0.,1.));
#2871 = ( GEOMETRIC_REPRESENTATION_CONTEXT(2) 
PARAMETRIC_REPRESENTATION_CONTEXT() REPRESENTATION_CONTEXT('2D SPACE',''
  ) );
#2872 = PCURVE('',#868,#2873);
#2873 = DEFINITIONAL_REPRESENTATION('',(#2874),#2878);
#2874 = LINE('',#2875,#2876);
#2875 = CARTESIAN_POINT('',(-8.16,0.));
#2876 = VECTOR('',#2877,1.);
#2877 = DIRECTION('',(0.,1.));
#2878 = ( GEOMETRIC_REPRESENTATION_CONTEXT(2) 
PARAMETRIC_REPRESENTATION_CONTEXT() REPRESENTATION_CONTEXT('2D SPACE',''
  ) );
#2879 = ORIENTED_EDGE('',*,*,#2880,.T.);
#2880 = EDGE_CURVE('',#2859,#2814,#2881,.T.);
#2881 = SURFACE_CURVE('',#2882,(#2913,#2947),.PCURVE_S1.);
#2882 = B_SPLINE_CURVE_WITH_KNOTS('',5,(#2883,#2884,#2885,#2886,#2887,
    #2888,#2889,#2890,#2891,#2892,#2893,#2894,#2895,#2896,#2897,#2898,
    #2899,#2900,#2901,#2902,#2903,#2904,#2905,#2906,#2907,#2908,#2909,
    #2910,#2911,#2912),.UNSPECIFIED.,.F.,.F.,(6,4,4,4,4,4,4,6),(0.,
    0.15315316859,0.248953368477,0.463792018265,0.638917036348,
    0.714025192497,0.824228402559,1.),.UNSPECIFIED.);
#2883 = CARTESIAN_POINT('',(-7.315842274299,-58.96752682289,
    12.339612929697));
#2884 = CARTESIAN_POINT('',(-7.405204763282,-58.96752682289,
    12.339612929697));
#2885 = CARTESIAN_POINT('',(-7.494575053636,-58.96762025416,
    12.344965603652));
#2886 = CARTESIAN_POINT('',(-7.583523921472,-58.96780700777,
    12.355664710809));
#2887 = CARTESIAN_POINT('',(-7.671629935676,-58.96808610605,
    12.371654240094));
#2888 = CARTESIAN_POINT('',(-7.81280547457,-58.96868689216,
    12.406073253432));
#2889 = CARTESIAN_POINT('',(-7.86664024993,-58.9689534933,
    12.421346822581));
#2890 = CARTESIAN_POINT('',(-7.919882938724,-58.96925505579,
    12.438623326183));
#2891 = CARTESIAN_POINT('',(-7.972435242677,-58.96959100479,
    12.45786983119));
#2892 = CARTESIAN_POINT('',(-8.140290663064,-58.97078957534,
    12.526535892341));
#2893 = CARTESIAN_POINT('',(-8.252429466417,-58.97178795345,
    12.583732936164));
#2894 = CARTESIAN_POINT('',(-8.359532116744,-58.9729478348,
    12.65018249383));
#2895 = CARTESIAN_POINT('',(-8.460608550511,-58.97425839646,
    12.725264521088));
#2896 = CARTESIAN_POINT('',(-8.63153697522,-58.97688623665,
    12.87581338483));
#2897 = CARTESIAN_POINT('',(-8.703709568875,-58.97815752714,
    12.948645568227));
#2898 = CARTESIAN_POINT('',(-8.77081780574,-58.97951268932,
    13.026282757765));
#2899 = CARTESIAN_POINT('',(-8.83244552201,-58.98094341846,
    13.10824917516));
#2900 = CARTESIAN_POINT('',(-8.912170573265,-58.98308253737,
    13.230799215441));
#2901 = CARTESIAN_POINT('',(-8.935027591858,-58.98373680318,
    13.268282078233));
#2902 = CARTESIAN_POINT('',(-8.956784302046,-58.98440254635,
    13.306422479299));
#2903 = CARTESIAN_POINT('',(-8.977415486877,-58.98507901488,
    13.345177335508));
#2904 = CARTESIAN_POINT('',(-9.025484785546,-58.98677258183,
    13.442201720687));
#2905 = CARTESIAN_POINT('',(-9.051599154329,-58.98780115125,
    13.501128423715));
#2906 = CARTESIAN_POINT('',(-9.075169332167,-58.98884867801,
    13.561141191568));
#2907 = CARTESIAN_POINT('',(-9.09613537426,-58.98991260759,
    13.622093675864));
#2908 = CARTESIAN_POINT('',(-9.143660156451,-58.99270917423,
    13.782308871587));
#2909 = CARTESIAN_POINT('',(-9.166124946795,-58.99446307703,
    13.882789895498));
#2910 = CARTESIAN_POINT('',(-9.181649987033,-58.99624122082,
    13.984659685072));
#2911 = CARTESIAN_POINT('',(-9.190125438348,-58.99803247448,
    14.087280538843));
#2912 = CARTESIAN_POINT('',(-9.191529935325,-58.99982544935,14.19));
#2913 = PCURVE('',#949,#2914);
#2914 = DEFINITIONAL_REPRESENTATION('',(#2915),#2946);
#2915 = B_SPLINE_CURVE_WITH_KNOTS('',5,(#2916,#2917,#2918,#2919,#2920,
    #2921,#2922,#2923,#2924,#2925,#2926,#2927,#2928,#2929,#2930,#2931,
    #2932,#2933,#2934,#2935,#2936,#2937,#2938,#2939,#2940,#2941,#2942,
    #2943,#2944,#2945),.UNSPECIFIED.,.F.,.F.,(6,4,4,4,4,4,4,6),(0.,
    0.15315316859,0.248953368477,0.463792018265,0.638917036348,
    0.714025192497,0.824228402559,1.),.UNSPECIFIED.);
#2916 = CARTESIAN_POINT('',(4.712388980385,0.844157725701));
#2917 = CARTESIAN_POINT('',(4.664095036692,0.844157725701));
#2918 = CARTESIAN_POINT('',(4.615814023312,0.844126581944));
#2919 = CARTESIAN_POINT('',(4.567547452791,0.844064330741));
#2920 = CARTESIAN_POINT('',(4.519296373731,0.843971297983));
#2921 = CARTESIAN_POINT('',(4.440889465326,0.843771035946));
#2922 = CARTESIAN_POINT('',(4.410723784016,0.843682168899));
#2923 = CARTESIAN_POINT('',(4.380564445347,0.843581648068));
#2924 = CARTESIAN_POINT('',(4.350411499316,0.84346966507));
#2925 = CARTESIAN_POINT('',(4.252659131097,0.843070141551));
#2926 = CARTESIAN_POINT('',(4.18508365204,0.842737348847));
#2927 = CARTESIAN_POINT('',(4.11754310185,0.842350721732));
#2928 = CARTESIAN_POINT('',(4.050029043933,0.841913867845));
#2929 = CARTESIAN_POINT('',(3.927533299794,0.841037921115));
#2930 = CARTESIAN_POINT('',(3.872540194332,0.840614157618));
#2931 = CARTESIAN_POINT('',(3.817564730329,0.84016243689));
#2932 = CARTESIAN_POINT('',(3.762602779254,0.839685527178));
#2933 = CARTESIAN_POINT('',(3.684087949929,0.838972487541));
#2934 = CARTESIAN_POINT('',(3.660523892506,0.83875439894));
#2935 = CARTESIAN_POINT('',(3.636962078726,0.838532484547));
#2936 = CARTESIAN_POINT('',(3.6134023784,0.838306995037));
#2937 = CARTESIAN_POINT('',(3.555279371565,0.837742472723));
#2938 = CARTESIAN_POINT('',(3.520718327384,0.837399616247));
#2939 = CARTESIAN_POINT('',(3.486161148403,0.83705044066));
#2940 = CARTESIAN_POINT('',(3.451607495496,0.83669579747));
#2941 = CARTESIAN_POINT('',(3.361949946342,0.835763608589));
#2942 = CARTESIAN_POINT('',(3.306850265931,0.835178974323));
#2943 = CARTESIAN_POINT('',(3.251758904855,0.834586259726));
#2944 = CARTESIAN_POINT('',(3.196672432438,0.833989175171));
#2945 = CARTESIAN_POINT('',(3.14159265359,0.833391516883));
#2946 = ( GEOMETRIC_REPRESENTATION_CONTEXT(2) 
PARAMETRIC_REPRESENTATION_CONTEXT() REPRESENTATION_CONTEXT('2D SPACE',''
  ) );
#2947 = PCURVE('',#2771,#2948);
#2948 = DEFINITIONAL_REPRESENTATION('',(#2949),#2980);
#2949 = B_SPLINE_CURVE_WITH_KNOTS('',5,(#2950,#2951,#2952,#2953,#2954,
    #2955,#2956,#2957,#2958,#2959,#2960,#2961,#2962,#2963,#2964,#2965,
    #2966,#2967,#2968,#2969,#2970,#2971,#2972,#2973,#2974,#2975,#2976,
    #2977,#2978,#2979),.UNSPECIFIED.,.F.,.F.,(6,4,4,4,4,4,4,6),(0.,
    0.15315316859,0.248953368477,0.463792018265,0.638917036348,
    0.714025192497,0.824228402559,1.),.UNSPECIFIED.);
#2950 = CARTESIAN_POINT('',(-7.315842274299,-1.860670459427));
#2951 = CARTESIAN_POINT('',(-7.405204763282,-1.860670459427));
#2952 = CARTESIAN_POINT('',(-7.494575053636,-1.855316970109));
#2953 = CARTESIAN_POINT('',(-7.583523921472,-1.844616233178));
#2954 = CARTESIAN_POINT('',(-7.671629935676,-1.828624268239));
#2955 = CARTESIAN_POINT('',(-7.81280547457,-1.794200011921));
#2956 = CARTESIAN_POINT('',(-7.86664024993,-1.778924116179));
#2957 = CARTESIAN_POINT('',(-7.919882938724,-1.761644980881));
#2958 = CARTESIAN_POINT('',(-7.972435242677,-1.742395544091));
#2959 = CARTESIAN_POINT('',(-8.140290663064,-1.673719023173));
#2960 = CARTESIAN_POINT('',(-8.252429466417,-1.616513266637));
#2961 = CARTESIAN_POINT('',(-8.359532116744,-1.550053586839));
#2962 = CARTESIAN_POINT('',(-8.460608550511,-1.474960122483));
#2963 = CARTESIAN_POINT('',(-8.63153697522,-1.324388325927));
#2964 = CARTESIAN_POINT('',(-8.703709568875,-1.251545048146));
#2965 = CARTESIAN_POINT('',(-8.77081780574,-1.173896032286));
#2966 = CARTESIAN_POINT('',(-8.83244552201,-1.091917129108));
#2967 = CARTESIAN_POINT('',(-8.912170573265,-0.969348421019));
#2968 = CARTESIAN_POINT('',(-8.935027591858,-0.931859848535));
#2969 = CARTESIAN_POINT('',(-8.956784302046,-0.893713637617));
#2970 = CARTESIAN_POINT('',(-8.977415486877,-0.854952877957));
#2971 = CARTESIAN_POINT('',(-9.025484785546,-0.757913713243));
#2972 = CARTESIAN_POINT('',(-9.051599154329,-0.698978034025));
#2973 = CARTESIAN_POINT('',(-9.075169332167,-0.638956124544));
#2974 = CARTESIAN_POINT('',(-9.09613537426,-0.577994355476));
#2975 = CARTESIAN_POINT('',(-9.143660156451,-0.417754754486));
#2976 = CARTESIAN_POINT('',(-9.166124946795,-0.317258424497));
#2977 = CARTESIAN_POINT('',(-9.181649987033,-0.215373117297));
#2978 = CARTESIAN_POINT('',(-9.190125438348,-0.112736631492));
#2979 = CARTESIAN_POINT('',(-9.191529935325,-1.000152328044E-02));
#2980 = ( GEOMETRIC_REPRESENTATION_CONTEXT(2) 
PARAMETRIC_REPRESENTATION_CONTEXT() REPRESENTATION_CONTEXT('2D SPACE',''
  ) );
#2981 = ADVANCED_FACE('',(#2982),#868,.T.);
#2982 = FACE_BOUND('',#2983,.T.);
#2983 = EDGE_LOOP('',(#2984,#2985,#2986,#3008));
#2984 = ORIENTED_EDGE('',*,*,#2858,.F.);
#2985 = ORIENTED_EDGE('',*,*,#854,.F.);
#2986 = ORIENTED_EDGE('',*,*,#2987,.T.);
#2987 = EDGE_CURVE('',#741,#2988,#2990,.T.);
#2988 = VERTEX_POINT('',#2989);
#2989 = CARTESIAN_POINT('',(7.315842274299,-58.96752682289,
    12.339612929697));
#2990 = SURFACE_CURVE('',#2991,(#2994,#3001),.PCURVE_S1.);
#2991 = B_SPLINE_CURVE_WITH_KNOTS('',1,(#2992,#2993),.UNSPECIFIED.,.F.,
  .F.,(2,2),(0.,1.),.PIECEWISE_BEZIER_KNOTS.);
#2992 = CARTESIAN_POINT('',(8.16,-61.5,11.2));
#2993 = CARTESIAN_POINT('',(7.16,-58.5,12.55));
#2994 = PCURVE('',#868,#2995);
#2995 = DEFINITIONAL_REPRESENTATION('',(#2996),#3000);
#2996 = LINE('',#2997,#2998);
#2997 = CARTESIAN_POINT('',(8.16,0.));
#2998 = VECTOR('',#2999,1.);
#2999 = DIRECTION('',(0.,1.));
#3000 = ( GEOMETRIC_REPRESENTATION_CONTEXT(2) 
PARAMETRIC_REPRESENTATION_CONTEXT() REPRESENTATION_CONTEXT('2D SPACE',''
  ) );
#3001 = PCURVE('',#804,#3002);
#3002 = DEFINITIONAL_REPRESENTATION('',(#3003),#3007);
#3003 = LINE('',#3004,#3005);
#3004 = CARTESIAN_POINT('',(4.712388980385,0.));
#3005 = VECTOR('',#3006,1.);
#3006 = DIRECTION('',(0.,1.));
#3007 = ( GEOMETRIC_REPRESENTATION_CONTEXT(2) 
PARAMETRIC_REPRESENTATION_CONTEXT() REPRESENTATION_CONTEXT('2D SPACE',''
  ) );
#3008 = ORIENTED_EDGE('',*,*,#3009,.T.);
#3009 = EDGE_CURVE('',#2988,#2859,#3010,.T.);
#3010 = SURFACE_CURVE('',#3011,(#3014,#3020),.PCURVE_S1.);
#3011 = B_SPLINE_CURVE_WITH_KNOTS('',1,(#3012,#3013),.UNSPECIFIED.,.F.,
  .F.,(2,2),(0.,1.),.PIECEWISE_BEZIER_KNOTS.);
#3012 = CARTESIAN_POINT('',(7.315842274299,-58.96752682289,
    12.339612929697));
#3013 = CARTESIAN_POINT('',(-7.315842274299,-58.96752682289,
    12.339612929697));
#3014 = PCURVE('',#868,#3015);
#3015 = DEFINITIONAL_REPRESENTATION('',(#3016),#3019);
#3016 = B_SPLINE_CURVE_WITH_KNOTS('',1,(#3017,#3018),.UNSPECIFIED.,.F.,
  .F.,(2,2),(0.,1.),.PIECEWISE_BEZIER_KNOTS.);
#3017 = CARTESIAN_POINT('',(8.16,0.844157725701));
#3018 = CARTESIAN_POINT('',(-8.16,0.844157725701));
#3019 = ( GEOMETRIC_REPRESENTATION_CONTEXT(2) 
PARAMETRIC_REPRESENTATION_CONTEXT() REPRESENTATION_CONTEXT('2D SPACE',''
  ) );
#3020 = PCURVE('',#2771,#3021);
#3021 = DEFINITIONAL_REPRESENTATION('',(#3022),#3025);
#3022 = B_SPLINE_CURVE_WITH_KNOTS('',1,(#3023,#3024),.UNSPECIFIED.,.F.,
  .F.,(2,2),(0.,1.),.PIECEWISE_BEZIER_KNOTS.);
#3023 = CARTESIAN_POINT('',(7.315842274299,-1.860670459427));
#3024 = CARTESIAN_POINT('',(-7.315842274299,-1.860670459427));
#3025 = ( GEOMETRIC_REPRESENTATION_CONTEXT(2) 
PARAMETRIC_REPRESENTATION_CONTEXT() REPRESENTATION_CONTEXT('2D SPACE',''
  ) );
#3026 = ADVANCED_FACE('',(#3027),#804,.T.);
#3027 = FACE_BOUND('',#3028,.T.);
#3028 = EDGE_LOOP('',(#3029,#3030,#3031,#3052));
#3029 = ORIENTED_EDGE('',*,*,#2987,.F.);
#3030 = ORIENTED_EDGE('',*,*,#740,.F.);
#3031 = ORIENTED_EDGE('',*,*,#3032,.T.);
#3032 = EDGE_CURVE('',#715,#3033,#3035,.T.);
#3033 = VERTEX_POINT('',#3034);
#3034 = CARTESIAN_POINT('',(9.191529935325,-58.99982544935,14.19));
#3035 = SURFACE_CURVE('',#3036,(#3039,#3046),.PCURVE_S1.);
#3036 = B_SPLINE_CURVE_WITH_KNOTS('',1,(#3037,#3038),.UNSPECIFIED.,.F.,
  .F.,(2,2),(0.,1.),.PIECEWISE_BEZIER_KNOTS.);
#3037 = CARTESIAN_POINT('',(11.15,-61.5,14.19));
#3038 = CARTESIAN_POINT('',(8.8,-58.5,14.19));
#3039 = PCURVE('',#804,#3040);
#3040 = DEFINITIONAL_REPRESENTATION('',(#3041),#3045);
#3041 = LINE('',#3042,#3043);
#3042 = CARTESIAN_POINT('',(6.28318530718,0.));
#3043 = VECTOR('',#3044,1.);
#3044 = DIRECTION('',(0.,1.));
#3045 = ( GEOMETRIC_REPRESENTATION_CONTEXT(2) 
PARAMETRIC_REPRESENTATION_CONTEXT() REPRESENTATION_CONTEXT('2D SPACE',''
  ) );
#3046 = PCURVE('',#729,#3047);
#3047 = DEFINITIONAL_REPRESENTATION('',(#3048),#3051);
#3048 = B_SPLINE_CURVE_WITH_KNOTS('',1,(#3049,#3050),.UNSPECIFIED.,.F.,
  .F.,(2,2),(0.,1.),.PIECEWISE_BEZIER_KNOTS.);
#3049 = CARTESIAN_POINT('',(22.037963844601,-3.445018081818));
#3050 = CARTESIAN_POINT('',(20.254543529471,-7.72425578883E-02));
#3051 = ( GEOMETRIC_REPRESENTATION_CONTEXT(2) 
PARAMETRIC_REPRESENTATION_CONTEXT() REPRESENTATION_CONTEXT('2D SPACE',''
  ) );
#3052 = ORIENTED_EDGE('',*,*,#3053,.T.);
#3053 = EDGE_CURVE('',#3033,#2988,#3054,.T.);
#3054 = SURFACE_CURVE('',#3055,(#3083,#3114),.PCURVE_S1.);
#3055 = B_SPLINE_CURVE_WITH_KNOTS('',6,(#3056,#3057,#3058,#3059,#3060,
    #3061,#3062,#3063,#3064,#3065,#3066,#3067,#3068,#3069,#3070,#3071,
    #3072,#3073,#3074,#3075,#3076,#3077,#3078,#3079,#3080,#3081,#3082),
  .UNSPECIFIED.,.F.,.F.,(7,5,5,5,5,7),(0.,5.113131271227E-02,
    7.619321144829E-02,0.102255774429,0.551847701082,1.),.UNSPECIFIED.);
#3056 = CARTESIAN_POINT('',(9.191529935325,-58.99982544935,14.19));
#3057 = CARTESIAN_POINT('',(9.191189496204,-58.99939084621,14.1651016032
    ));
#3058 = CARTESIAN_POINT('',(9.190450233786,-58.99895634137,
    14.140208837345));
#3059 = CARTESIAN_POINT('',(9.1893124087,-58.99852207423,14.115329689733
    ));
#3060 = CARTESIAN_POINT('',(9.187776492411,-58.99808818383,
    14.090472125424));
#3061 = CARTESIAN_POINT('',(9.185843167211,-58.99765480881,
    14.065644087239));
#3062 = CARTESIAN_POINT('',(9.18237135987,-58.99700999001,
    14.028702442707));
#3063 = CARTESIAN_POINT('',(9.181134132528,-58.99679804961,
    14.016560385409));
#3064 = CARTESIAN_POINT('',(9.179801749269,-58.99658628251,
    14.004428256073));
#3065 = CARTESIAN_POINT('',(9.178374327155,-58.99637470493,
    13.992306984925));
#3066 = CARTESIAN_POINT('',(9.176851995249,-58.99616333309,
    13.980197500205));
#3067 = CARTESIAN_POINT('',(9.17355322684,-58.99573260247,
    13.955520959718));
#3068 = CARTESIAN_POINT('',(9.17176907142,-58.99551326177,13.94295493925
    ));
#3069 = CARTESIAN_POINT('',(9.169882586991,-58.99529417922,
    13.930403708469));
#3070 = CARTESIAN_POINT('',(9.167893946068,-58.99507537296,
    13.91786830622));
#3071 = CARTESIAN_POINT('',(9.165803335034,-58.99485686107,
    13.905349768497));
#3072 = CARTESIAN_POINT('',(9.125791314183,-58.99087461404,
    13.677206988618));
#3073 = CARTESIAN_POINT('',(9.057671781351,-58.98720207506,
    13.466807371274));
#3074 = CARTESIAN_POINT('',(8.960276406046,-58.98371719966,
    13.267158993621));
#3075 = CARTESIAN_POINT('',(8.835943700208,-58.98050474407,
    13.083117536052));
#3076 = CARTESIAN_POINT('',(8.687808648289,-58.977640719,12.919037649938
    ));
#3077 = CARTESIAN_POINT('',(8.353025408636,-58.97274043778,
    12.63830072652));
#3078 = CARTESIAN_POINT('',(8.166360760348,-58.970699492,12.521375021383
    ));
#3079 = CARTESIAN_POINT('',(7.964337155964,-58.96912597091,
    12.43122805846));
#3080 = CARTESIAN_POINT('',(7.751746646007,-58.96806006407,12.3701622965
    ));
#3081 = CARTESIAN_POINT('',(7.53373164275,-58.96752682289,
    12.339612929696));
#3082 = CARTESIAN_POINT('',(7.315842274299,-58.96752682289,
    12.339612929697));
#3083 = PCURVE('',#804,#3084);
#3084 = DEFINITIONAL_REPRESENTATION('',(#3085),#3113);
#3085 = B_SPLINE_CURVE_WITH_KNOTS('',6,(#3086,#3087,#3088,#3089,#3090,
    #3091,#3092,#3093,#3094,#3095,#3096,#3097,#3098,#3099,#3100,#3101,
    #3102,#3103,#3104,#3105,#3106,#3107,#3108,#3109,#3110,#3111,#3112),
  .UNSPECIFIED.,.F.,.F.,(7,5,5,5,5,7),(0.,5.113131271227E-02,
    7.619321144829E-02,0.102255774429,0.551847701082,1.),.UNSPECIFIED.);
#3086 = CARTESIAN_POINT('',(6.28318530718,0.833391516883));
#3087 = CARTESIAN_POINT('',(6.269834398073,0.833536384594));
#3088 = CARTESIAN_POINT('',(6.256483149343,0.833681219542));
#3089 = CARTESIAN_POINT('',(6.243131558747,0.833825975254));
#3090 = CARTESIAN_POINT('',(6.229779622761,0.833970605387));
#3091 = CARTESIAN_POINT('',(6.216427336577,0.834115063727));
#3092 = CARTESIAN_POINT('',(6.196529926215,0.834330003328));
#3093 = CARTESIAN_POINT('',(6.189985072632,0.834400650128));
#3094 = CARTESIAN_POINT('',(6.183440132618,0.834471239163));
#3095 = CARTESIAN_POINT('',(6.176895105361,0.834541765021));
#3096 = CARTESIAN_POINT('',(6.170349989981,0.834612222302));
#3097 = CARTESIAN_POINT('',(6.156998246029,0.834755799174));
#3098 = CARTESIAN_POINT('',(6.15019161018,0.834828912742));
#3099 = CARTESIAN_POINT('',(6.143384876898,0.834901940258));
#3100 = CARTESIAN_POINT('',(6.136578045023,0.834974875678));
#3101 = CARTESIAN_POINT('',(6.129771113315,0.835047712974));
#3102 = CARTESIAN_POINT('',(6.005539442535,0.836375128653));
#3103 = CARTESIAN_POINT('',(5.888040606544,0.837599308313));
#3104 = CARTESIAN_POINT('',(5.770559550982,0.838760933445));
#3105 = CARTESIAN_POINT('',(5.653024132224,0.839831751975));
#3106 = CARTESIAN_POINT('',(5.535366594775,0.840786426997));
#3107 = CARTESIAN_POINT('',(5.300363265665,0.842419854072));
#3108 = CARTESIAN_POINT('',(5.182921297064,0.843100169331));
#3109 = CARTESIAN_POINT('',(5.065441069834,0.843624676361));
#3110 = CARTESIAN_POINT('',(4.947866216071,0.843979978641));
#3111 = CARTESIAN_POINT('',(4.830142380172,0.844157725701));
#3112 = CARTESIAN_POINT('',(4.712388980385,0.844157725701));
#3113 = ( GEOMETRIC_REPRESENTATION_CONTEXT(2) 
PARAMETRIC_REPRESENTATION_CONTEXT() REPRESENTATION_CONTEXT('2D SPACE',''
  ) );
#3114 = PCURVE('',#2771,#3115);
#3115 = DEFINITIONAL_REPRESENTATION('',(#3116),#3144);
#3116 = B_SPLINE_CURVE_WITH_KNOTS('',6,(#3117,#3118,#3119,#3120,#3121,
    #3122,#3123,#3124,#3125,#3126,#3127,#3128,#3129,#3130,#3131,#3132,
    #3133,#3134,#3135,#3136,#3137,#3138,#3139,#3140,#3141,#3142,#3143),
  .UNSPECIFIED.,.F.,.F.,(7,5,5,5,5,7),(0.,5.113131271227E-02,
    7.619321144829E-02,0.102255774429,0.551847701082,1.),.UNSPECIFIED.);
#3117 = CARTESIAN_POINT('',(9.191529935325,-1.000152328044E-02));
#3118 = CARTESIAN_POINT('',(9.191189496204,-3.490371280449E-02));
#3119 = CARTESIAN_POINT('',(9.190450233786,-5.980027052617E-02));
#3120 = CARTESIAN_POINT('',(9.1893124087,-8.468320792986E-02));
#3121 = CARTESIAN_POINT('',(9.187776492411,-0.109544558743));
#3122 = CARTESIAN_POINT('',(9.185843167211,-0.134376378934));
#3123 = CARTESIAN_POINT('',(9.18237135987,-0.171323650714));
#3124 = CARTESIAN_POINT('',(9.181134132528,-0.183467557589));
#3125 = CARTESIAN_POINT('',(9.179801749269,-0.195601534988));
#3126 = CARTESIAN_POINT('',(9.178374327155,-0.207724652546));
#3127 = CARTESIAN_POINT('',(9.176851995249,-0.21983598188));
#3128 = CARTESIAN_POINT('',(9.17355322684,-0.244516281296));
#3129 = CARTESIAN_POINT('',(9.17176907142,-0.257084215921));
#3130 = CARTESIAN_POINT('',(9.169882586991,-0.269637358607));
#3131 = CARTESIAN_POINT('',(9.167893946068,-0.282174670349));
#3132 = CARTESIAN_POINT('',(9.165803335034,-0.294695114996));
#3133 = CARTESIAN_POINT('',(9.125791314183,-0.522872647418));
#3134 = CARTESIAN_POINT('',(9.057671781351,-0.733304314525));
#3135 = CARTESIAN_POINT('',(8.960276406046,-0.932983104225));
#3136 = CARTESIAN_POINT('',(8.835943700208,-1.117052596469));
#3137 = CARTESIAN_POINT('',(8.687808648289,-1.281157476551));
#3138 = CARTESIAN_POINT('',(8.353025408636,-1.561937164075));
#3139 = CARTESIAN_POINT('',(8.166360760348,-1.678880680277));
#3140 = CARTESIAN_POINT('',(7.964337155964,-1.76904137511));
#3141 = CARTESIAN_POINT('',(7.751746646007,-1.830116439098));
#3142 = CARTESIAN_POINT('',(7.53373164275,-1.860670459427));
#3143 = CARTESIAN_POINT('',(7.315842274299,-1.860670459427));
#3144 = ( GEOMETRIC_REPRESENTATION_CONTEXT(2) 
PARAMETRIC_REPRESENTATION_CONTEXT() REPRESENTATION_CONTEXT('2D SPACE',''
  ) );
#3145 = ADVANCED_FACE('',(#3146),#729,.T.);
#3146 = FACE_BOUND('',#3147,.T.);
#3147 = EDGE_LOOP('',(#3148,#3149,#3172,#3191));
#3148 = ORIENTED_EDGE('',*,*,#714,.F.);
#3149 = ORIENTED_EDGE('',*,*,#3150,.T.);
#3150 = EDGE_CURVE('',#689,#3151,#3153,.T.);
#3151 = VERTEX_POINT('',#3152);
#3152 = CARTESIAN_POINT('',(11.15,-58.99982544935,14.19));
#3153 = SURFACE_CURVE('',#3154,(#3158,#3165),.PCURVE_S1.);
#3154 = LINE('',#3155,#3156);
#3155 = CARTESIAN_POINT('',(11.15,-60.,14.19));
#3156 = VECTOR('',#3157,1.);
#3157 = DIRECTION('',(0.,1.,0.));
#3158 = PCURVE('',#729,#3159);
#3159 = DEFINITIONAL_REPRESENTATION('',(#3160),#3164);
#3160 = LINE('',#3161,#3162);
#3161 = CARTESIAN_POINT('',(22.302795471647,-1.968581761039));
#3162 = VECTOR('',#3163,1.);
#3163 = DIRECTION('',(0.17655441803,0.98429088052));
#3164 = ( GEOMETRIC_REPRESENTATION_CONTEXT(2) 
PARAMETRIC_REPRESENTATION_CONTEXT() REPRESENTATION_CONTEXT('2D SPACE',''
  ) );
#3165 = PCURVE('',#703,#3166);
#3166 = DEFINITIONAL_REPRESENTATION('',(#3167),#3171);
#3167 = LINE('',#3168,#3169);
#3168 = CARTESIAN_POINT('',(0.,-1.610776210403));
#3169 = VECTOR('',#3170,1.);
#3170 = DIRECTION('',(1.,0.));
#3171 = ( GEOMETRIC_REPRESENTATION_CONTEXT(2) 
PARAMETRIC_REPRESENTATION_CONTEXT() REPRESENTATION_CONTEXT('2D SPACE',''
  ) );
#3172 = ORIENTED_EDGE('',*,*,#3173,.T.);
#3173 = EDGE_CURVE('',#3151,#3033,#3174,.T.);
#3174 = SURFACE_CURVE('',#3175,(#3179,#3185),.PCURVE_S1.);
#3175 = LINE('',#3176,#3177);
#3176 = CARTESIAN_POINT('',(-5.575,-58.99982544935,14.19));
#3177 = VECTOR('',#3178,1.);
#3178 = DIRECTION('',(-1.,-0.,0.));
#3179 = PCURVE('',#729,#3180);
#3180 = DEFINITIONAL_REPRESENTATION('',(#3181),#3184);
#3181 = B_SPLINE_CURVE_WITH_KNOTS('',1,(#3182,#3183),.UNSPECIFIED.,.F.,
  .F.,(2,2),(-16.90434088777,6.113147901462),.PIECEWISE_BEZIER_KNOTS.);
#3182 = CARTESIAN_POINT('',(22.655904307708,-1.015782497978));
#3183 = CARTESIAN_POINT('',(6.635885509765E-17,3.048056839728));
#3184 = ( GEOMETRIC_REPRESENTATION_CONTEXT(2) 
PARAMETRIC_REPRESENTATION_CONTEXT() REPRESENTATION_CONTEXT('2D SPACE',''
  ) );
#3185 = PCURVE('',#2771,#3186);
#3186 = DEFINITIONAL_REPRESENTATION('',(#3187),#3190);
#3187 = B_SPLINE_CURVE_WITH_KNOTS('',1,(#3188,#3189),.UNSPECIFIED.,.F.,
  .F.,(2,2),(-16.90434088777,6.113147901462),.PIECEWISE_BEZIER_KNOTS.);
#3188 = CARTESIAN_POINT('',(11.329340887776,-1.000152328044E-02));
#3189 = CARTESIAN_POINT('',(-11.68814790146,-1.000152328044E-02));
#3190 = ( GEOMETRIC_REPRESENTATION_CONTEXT(2) 
PARAMETRIC_REPRESENTATION_CONTEXT() REPRESENTATION_CONTEXT('2D SPACE',''
  ) );
#3191 = ORIENTED_EDGE('',*,*,#3032,.F.);
#3192 = ADVANCED_FACE('',(#3193),#703,.F.);
#3193 = FACE_BOUND('',#3194,.F.);
#3194 = EDGE_LOOP('',(#3195,#3196,#3197,#3218,#3244,#3270,#3296,#3322));
#3195 = ORIENTED_EDGE('',*,*,#688,.F.);
#3196 = ORIENTED_EDGE('',*,*,#3150,.T.);
#3197 = ORIENTED_EDGE('',*,*,#3198,.T.);
#3198 = EDGE_CURVE('',#3151,#3199,#3201,.T.);
#3199 = VERTEX_POINT('',#3200);
#3200 = CARTESIAN_POINT('',(11.150310559006,-59.,14.2));
#3201 = SURFACE_CURVE('',#3202,(#3206,#3212),.PCURVE_S1.);
#3202 = LINE('',#3203,#3204);
#3203 = CARTESIAN_POINT('',(11.17004816866,-59.0110935845,
    14.835551030845));
#3204 = VECTOR('',#3205,1.);
#3205 = DIRECTION('',(3.103621208885E-02,-1.74439989278E-02,
    0.999366029261));
#3206 = PCURVE('',#703,#3207);
#3207 = DEFINITIONAL_REPRESENTATION('',(#3208),#3211);
#3208 = B_SPLINE_CURVE_WITH_KNOTS('',1,(#3209,#3210),.UNSPECIFIED.,.F.,
  .F.,(2,2),(-0.645960550933,-0.635954207204),.PIECEWISE_BEZIER_KNOTS.);
#3209 = CARTESIAN_POINT('',(1.000174550649,-1.610776210403));
#3210 = CARTESIAN_POINT('',(1.,-1.60077138922));
#3211 = ( GEOMETRIC_REPRESENTATION_CONTEXT(2) 
PARAMETRIC_REPRESENTATION_CONTEXT() REPRESENTATION_CONTEXT('2D SPACE',''
  ) );
#3212 = PCURVE('',#2771,#3213);
#3213 = DEFINITIONAL_REPRESENTATION('',(#3214),#3217);
#3214 = B_SPLINE_CURVE_WITH_KNOTS('',1,(#3215,#3216),.UNSPECIFIED.,.F.,
  .F.,(2,2),(-0.645960550933,-0.635954207204),.PIECEWISE_BEZIER_KNOTS.);
#3215 = CARTESIAN_POINT('',(11.15,-1.000152328044E-02));
#3216 = CARTESIAN_POINT('',(11.150310559006,1.066852367243E-16));
#3217 = ( GEOMETRIC_REPRESENTATION_CONTEXT(2) 
PARAMETRIC_REPRESENTATION_CONTEXT() REPRESENTATION_CONTEXT('2D SPACE',''
  ) );
#3218 = ORIENTED_EDGE('',*,*,#3219,.F.);
#3219 = EDGE_CURVE('',#3220,#3199,#3222,.T.);
#3220 = VERTEX_POINT('',#3221);
#3221 = CARTESIAN_POINT('',(11.150310559006,-59.00034453788,14.2));
#3222 = SURFACE_CURVE('',#3223,(#3227,#3233),.PCURVE_S1.);
#3223 = LINE('',#3224,#3225);
#3224 = CARTESIAN_POINT('',(11.150310559006,-54.5,14.2));
#3225 = VECTOR('',#3226,1.);
#3226 = DIRECTION('',(-0.,1.,0.));
#3227 = PCURVE('',#703,#3228);
#3228 = DEFINITIONAL_REPRESENTATION('',(#3229),#3232);
#3229 = B_SPLINE_CURVE_WITH_KNOTS('',1,(#3230,#3231),.UNSPECIFIED.,.F.,
  .F.,(2,2),(-4.500344537883,-3.5),.PIECEWISE_BEZIER_KNOTS.);
#3230 = CARTESIAN_POINT('',(0.999655462117,-1.60077138922));
#3231 = CARTESIAN_POINT('',(2.,-1.60077138922));
#3232 = ( GEOMETRIC_REPRESENTATION_CONTEXT(2) 
PARAMETRIC_REPRESENTATION_CONTEXT() REPRESENTATION_CONTEXT('2D SPACE',''
  ) );
#3233 = PCURVE('',#3234,#3239);
#3234 = PLANE('',#3235);
#3235 = AXIS2_PLACEMENT_3D('',#3236,#3237,#3238);
#3236 = CARTESIAN_POINT('',(-19.,-49.,14.2));
#3237 = DIRECTION('',(0.,0.,1.));
#3238 = DIRECTION('',(1.,0.,0.));
#3239 = DEFINITIONAL_REPRESENTATION('',(#3240),#3243);
#3240 = B_SPLINE_CURVE_WITH_KNOTS('',1,(#3241,#3242),.UNSPECIFIED.,.F.,
  .F.,(2,2),(-4.500344537883,-3.5),.PIECEWISE_BEZIER_KNOTS.);
#3241 = CARTESIAN_POINT('',(30.150310559006,-10.00034453788));
#3242 = CARTESIAN_POINT('',(30.150310559006,-9.));
#3243 = ( GEOMETRIC_REPRESENTATION_CONTEXT(2) 
PARAMETRIC_REPRESENTATION_CONTEXT() REPRESENTATION_CONTEXT('2D SPACE',''
  ) );
#3244 = ORIENTED_EDGE('',*,*,#3245,.T.);
#3245 = EDGE_CURVE('',#3220,#3246,#3248,.T.);
#3246 = VERTEX_POINT('',#3247);
#3247 = CARTESIAN_POINT('',(11.196894409938,-59.0261848791,15.7));
#3248 = SURFACE_CURVE('',#3249,(#3253,#3259),.PCURVE_S1.);
#3249 = LINE('',#3250,#3251);
#3250 = CARTESIAN_POINT('',(11.193469313399,-59.02428495752,
    15.589711891455));
#3251 = VECTOR('',#3252,1.);
#3252 = DIRECTION('',(3.103633473505E-02,-1.721604083061E-02,
    0.999369978469));
#3253 = PCURVE('',#703,#3254);
#3254 = DEFINITIONAL_REPRESENTATION('',(#3255),#3258);
#3255 = B_SPLINE_CURVE_WITH_KNOTS('',1,(#3256,#3257),.UNSPECIFIED.,.F.,
  .F.,(2,2),(-1.390587991831,0.110357636232),.PIECEWISE_BEZIER_KNOTS.);
#3256 = CARTESIAN_POINT('',(0.999655462117,-1.60077138922));
#3257 = CARTESIAN_POINT('',(0.9738151209,-0.100048211826));
#3258 = ( GEOMETRIC_REPRESENTATION_CONTEXT(2) 
PARAMETRIC_REPRESENTATION_CONTEXT() REPRESENTATION_CONTEXT('2D SPACE',''
  ) );
#3259 = PCURVE('',#3260,#3265);
#3260 = PLANE('',#3261);
#3261 = AXIS2_PLACEMENT_3D('',#3262,#3263,#3264);
#3262 = CARTESIAN_POINT('',(0.,-59.02635714804,15.71));
#3263 = DIRECTION('',(0.,-0.999851650077,-1.722433853643E-02));
#3264 = DIRECTION('',(1.,0.,0.));
#3265 = DEFINITIONAL_REPRESENTATION('',(#3266),#3269);
#3266 = B_SPLINE_CURVE_WITH_KNOTS('',1,(#3267,#3268),.UNSPECIFIED.,.F.,
  .F.,(2,2),(-1.390587991831,0.110357636232),.PIECEWISE_BEZIER_KNOTS.);
#3267 = CARTESIAN_POINT('',(11.150310559006,-1.51022404162));
#3268 = CARTESIAN_POINT('',(11.196894409938,-1.000148371934E-02));
#3269 = ( GEOMETRIC_REPRESENTATION_CONTEXT(2) 
PARAMETRIC_REPRESENTATION_CONTEXT() REPRESENTATION_CONTEXT('2D SPACE',''
  ) );
#3270 = ORIENTED_EDGE('',*,*,#3271,.F.);
#3271 = EDGE_CURVE('',#3272,#3246,#3274,.T.);
#3272 = VERTEX_POINT('',#3273);
#3273 = CARTESIAN_POINT('',(11.196894409938,-59.87364285195,15.7));
#3274 = SURFACE_CURVE('',#3275,(#3279,#3285),.PCURVE_S1.);
#3275 = LINE('',#3276,#3277);
#3276 = CARTESIAN_POINT('',(11.196894409938,-54.5,15.7));
#3277 = VECTOR('',#3278,1.);
#3278 = DIRECTION('',(-0.,1.,0.));
#3279 = PCURVE('',#703,#3280);
#3280 = DEFINITIONAL_REPRESENTATION('',(#3281),#3284);
#3281 = B_SPLINE_CURVE_WITH_KNOTS('',1,(#3282,#3283),.UNSPECIFIED.,.F.,
  .F.,(2,2),(-5.373642851958,-3.5),.PIECEWISE_BEZIER_KNOTS.);
#3282 = CARTESIAN_POINT('',(0.126357148042,-0.100048211826));
#3283 = CARTESIAN_POINT('',(2.,-0.100048211826));
#3284 = ( GEOMETRIC_REPRESENTATION_CONTEXT(2) 
PARAMETRIC_REPRESENTATION_CONTEXT() REPRESENTATION_CONTEXT('2D SPACE',''
  ) );
#3285 = PCURVE('',#3286,#3291);
#3286 = PLANE('',#3287);
#3287 = AXIS2_PLACEMENT_3D('',#3288,#3289,#3290);
#3288 = CARTESIAN_POINT('',(-19.,-49.,15.7));
#3289 = DIRECTION('',(0.,0.,1.));
#3290 = DIRECTION('',(1.,0.,0.));
#3291 = DEFINITIONAL_REPRESENTATION('',(#3292),#3295);
#3292 = B_SPLINE_CURVE_WITH_KNOTS('',1,(#3293,#3294),.UNSPECIFIED.,.F.,
  .F.,(2,2),(-5.373642851958,-3.5),.PIECEWISE_BEZIER_KNOTS.);
#3293 = CARTESIAN_POINT('',(30.196894409938,-10.87364285195));
#3294 = CARTESIAN_POINT('',(30.196894409938,-9.));
#3295 = ( GEOMETRIC_REPRESENTATION_CONTEXT(2) 
PARAMETRIC_REPRESENTATION_CONTEXT() REPRESENTATION_CONTEXT('2D SPACE',''
  ) );
#3296 = ORIENTED_EDGE('',*,*,#3297,.F.);
#3297 = EDGE_CURVE('',#3298,#3272,#3300,.T.);
#3298 = VERTEX_POINT('',#3299);
#3299 = CARTESIAN_POINT('',(11.150310559006,-59.89982544935,14.2));
#3300 = SURFACE_CURVE('',#3301,(#3305,#3311),.PCURVE_S1.);
#3301 = LINE('',#3302,#3303);
#3302 = CARTESIAN_POINT('',(11.193019843403,-59.87582056405,
    15.575238957566));
#3303 = VECTOR('',#3304,1.);
#3304 = DIRECTION('',(3.103621208885E-02,1.74439989278E-02,
    0.999366029261));
#3305 = PCURVE('',#703,#3306);
#3306 = DEFINITIONAL_REPRESENTATION('',(#3307),#3310);
#3307 = B_SPLINE_CURVE_WITH_KNOTS('',1,(#3308,#3309),.UNSPECIFIED.,.F.,
  .F.,(2,2),(-1.376111371909,0.12484018746),.PIECEWISE_BEZIER_KNOTS.);
#3308 = CARTESIAN_POINT('',(0.100174550649,-1.60077138922));
#3309 = CARTESIAN_POINT('',(0.126357148042,-0.100048211826));
#3310 = ( GEOMETRIC_REPRESENTATION_CONTEXT(2) 
PARAMETRIC_REPRESENTATION_CONTEXT() REPRESENTATION_CONTEXT('2D SPACE',''
  ) );
#3311 = PCURVE('',#3312,#3317);
#3312 = PLANE('',#3313);
#3313 = AXIS2_PLACEMENT_3D('',#3314,#3315,#3316);
#3314 = CARTESIAN_POINT('',(0.,-59.87364285195,15.7));
#3315 = DIRECTION('',(0.,-0.999847695156,1.745240643728E-02));
#3316 = DIRECTION('',(1.,0.,0.));
#3317 = DEFINITIONAL_REPRESENTATION('',(#3318),#3321);
#3318 = B_SPLINE_CURVE_WITH_KNOTS('',1,(#3319,#3320),.UNSPECIFIED.,.F.,
  .F.,(2,2),(-1.376111371909,0.12484018746),.PIECEWISE_BEZIER_KNOTS.);
#3319 = CARTESIAN_POINT('',(11.150310559006,-1.500228492066));
#3320 = CARTESIAN_POINT('',(11.196894409938,2.536875714754E-17));
#3321 = ( GEOMETRIC_REPRESENTATION_CONTEXT(2) 
PARAMETRIC_REPRESENTATION_CONTEXT() REPRESENTATION_CONTEXT('2D SPACE',''
  ) );
#3322 = ORIENTED_EDGE('',*,*,#3323,.F.);
#3323 = EDGE_CURVE('',#661,#3298,#3324,.T.);
#3324 = SURFACE_CURVE('',#3325,(#3329,#3335),.PCURVE_S1.);
#3325 = LINE('',#3326,#3327);
#3326 = CARTESIAN_POINT('',(11.150310559006,-54.5,14.2));
#3327 = VECTOR('',#3328,1.);
#3328 = DIRECTION('',(-0.,1.,0.));
#3329 = PCURVE('',#703,#3330);
#3330 = DEFINITIONAL_REPRESENTATION('',(#3331),#3334);
#3331 = B_SPLINE_CURVE_WITH_KNOTS('',1,(#3332,#3333),.UNSPECIFIED.,.F.,
  .F.,(2,2),(-6.5,-3.5),.PIECEWISE_BEZIER_KNOTS.);
#3332 = CARTESIAN_POINT('',(-1.,-1.60077138922));
#3333 = CARTESIAN_POINT('',(2.,-1.60077138922));
#3334 = ( GEOMETRIC_REPRESENTATION_CONTEXT(2) 
PARAMETRIC_REPRESENTATION_CONTEXT() REPRESENTATION_CONTEXT('2D SPACE',''
  ) );
#3335 = PCURVE('',#676,#3336);
#3336 = DEFINITIONAL_REPRESENTATION('',(#3337),#3340);
#3337 = B_SPLINE_CURVE_WITH_KNOTS('',1,(#3338,#3339),.UNSPECIFIED.,.F.,
  .F.,(2,2),(-6.5,-3.5),.PIECEWISE_BEZIER_KNOTS.);
#3338 = CARTESIAN_POINT('',(30.150310559006,-12.));
#3339 = CARTESIAN_POINT('',(30.150310559006,-9.));
#3340 = ( GEOMETRIC_REPRESENTATION_CONTEXT(2) 
PARAMETRIC_REPRESENTATION_CONTEXT() REPRESENTATION_CONTEXT('2D SPACE',''
  ) );
#3341 = ADVANCED_FACE('',(#3342),#676,.T.);
#3342 = FACE_BOUND('',#3343,.T.);
#3343 = EDGE_LOOP('',(#3344,#3365,#3366,#3367,#3391,#3419,#3441,#3442,
    #3463,#3489,#3518,#3544));
#3344 = ORIENTED_EDGE('',*,*,#3345,.F.);
#3345 = EDGE_CURVE('',#3298,#3346,#3348,.T.);
#3346 = VERTEX_POINT('',#3347);
#3347 = CARTESIAN_POINT('',(19.,-59.89982544935,14.2));
#3348 = SURFACE_CURVE('',#3349,(#3353,#3359),.PCURVE_S1.);
#3349 = LINE('',#3350,#3351);
#3350 = CARTESIAN_POINT('',(-9.5,-59.89982544935,14.2));
#3351 = VECTOR('',#3352,1.);
#3352 = DIRECTION('',(1.,0.,-0.));
#3353 = PCURVE('',#676,#3354);
#3354 = DEFINITIONAL_REPRESENTATION('',(#3355),#3358);
#3355 = B_SPLINE_CURVE_WITH_KNOTS('',1,(#3356,#3357),.UNSPECIFIED.,.F.,
  .F.,(2,2),(-9.5,28.5),.PIECEWISE_BEZIER_KNOTS.);
#3356 = CARTESIAN_POINT('',(0.,-10.89982544935));
#3357 = CARTESIAN_POINT('',(38.,-10.89982544935));
#3358 = ( GEOMETRIC_REPRESENTATION_CONTEXT(2) 
PARAMETRIC_REPRESENTATION_CONTEXT() REPRESENTATION_CONTEXT('2D SPACE',''
  ) );
#3359 = PCURVE('',#3312,#3360);
#3360 = DEFINITIONAL_REPRESENTATION('',(#3361),#3364);
#3361 = B_SPLINE_CURVE_WITH_KNOTS('',1,(#3362,#3363),.UNSPECIFIED.,.F.,
  .F.,(2,2),(-9.5,28.5),.PIECEWISE_BEZIER_KNOTS.);
#3362 = CARTESIAN_POINT('',(-19.,-1.500228492066));
#3363 = CARTESIAN_POINT('',(19.,-1.500228492066));
#3364 = ( GEOMETRIC_REPRESENTATION_CONTEXT(2) 
PARAMETRIC_REPRESENTATION_CONTEXT() REPRESENTATION_CONTEXT('2D SPACE',''
  ) );
#3365 = ORIENTED_EDGE('',*,*,#3323,.F.);
#3366 = ORIENTED_EDGE('',*,*,#660,.T.);
#3367 = ORIENTED_EDGE('',*,*,#3368,.T.);
#3368 = EDGE_CURVE('',#636,#3369,#3371,.T.);
#3369 = VERTEX_POINT('',#3370);
#3370 = CARTESIAN_POINT('',(31.,-49.,14.2));
#3371 = SURFACE_CURVE('',#3372,(#3377,#3384),.PCURVE_S1.);
#3372 = CIRCLE('',#3373,12.);
#3373 = AXIS2_PLACEMENT_3D('',#3374,#3375,#3376);
#3374 = CARTESIAN_POINT('',(19.,-49.,14.2));
#3375 = DIRECTION('',(0.,0.,1.));
#3376 = DIRECTION('',(1.,0.,0.));
#3377 = PCURVE('',#676,#3378);
#3378 = DEFINITIONAL_REPRESENTATION('',(#3379),#3383);
#3379 = CIRCLE('',#3380,12.);
#3380 = AXIS2_PLACEMENT_2D('',#3381,#3382);
#3381 = CARTESIAN_POINT('',(38.,0.));
#3382 = DIRECTION('',(1.,0.));
#3383 = ( GEOMETRIC_REPRESENTATION_CONTEXT(2) 
PARAMETRIC_REPRESENTATION_CONTEXT() REPRESENTATION_CONTEXT('2D SPACE',''
  ) );
#3384 = PCURVE('',#649,#3385);
#3385 = DEFINITIONAL_REPRESENTATION('',(#3386),#3390);
#3386 = LINE('',#3387,#3388);
#3387 = CARTESIAN_POINT('',(0.,14.2));
#3388 = VECTOR('',#3389,1.);
#3389 = DIRECTION('',(1.,0.));
#3390 = ( GEOMETRIC_REPRESENTATION_CONTEXT(2) 
PARAMETRIC_REPRESENTATION_CONTEXT() REPRESENTATION_CONTEXT('2D SPACE',''
  ) );
#3391 = ORIENTED_EDGE('',*,*,#3392,.T.);
#3392 = EDGE_CURVE('',#3369,#3393,#3395,.T.);
#3393 = VERTEX_POINT('',#3394);
#3394 = CARTESIAN_POINT('',(31.,49.,14.2));
#3395 = SURFACE_CURVE('',#3396,(#3400,#3407),.PCURVE_S1.);
#3396 = LINE('',#3397,#3398);
#3397 = CARTESIAN_POINT('',(31.,0.,14.2));
#3398 = VECTOR('',#3399,1.);
#3399 = DIRECTION('',(0.,1.,0.));
#3400 = PCURVE('',#676,#3401);
#3401 = DEFINITIONAL_REPRESENTATION('',(#3402),#3406);
#3402 = LINE('',#3403,#3404);
#3403 = CARTESIAN_POINT('',(50.,49.));
#3404 = VECTOR('',#3405,1.);
#3405 = DIRECTION('',(0.,1.));
#3406 = ( GEOMETRIC_REPRESENTATION_CONTEXT(2) 
PARAMETRIC_REPRESENTATION_CONTEXT() REPRESENTATION_CONTEXT('2D SPACE',''
  ) );
#3407 = PCURVE('',#3408,#3413);
#3408 = PLANE('',#3409);
#3409 = AXIS2_PLACEMENT_3D('',#3410,#3411,#3412);
#3410 = CARTESIAN_POINT('',(31.,0.,14.2));
#3411 = DIRECTION('',(0.999657324976,0.,-2.617694830787E-02));
#3412 = DIRECTION('',(0.,1.,0.));
#3413 = DEFINITIONAL_REPRESENTATION('',(#3414),#3418);
#3414 = LINE('',#3415,#3416);
#3415 = CARTESIAN_POINT('',(0.,0.));
#3416 = VECTOR('',#3417,1.);
#3417 = DIRECTION('',(1.,0.));
#3418 = ( GEOMETRIC_REPRESENTATION_CONTEXT(2) 
PARAMETRIC_REPRESENTATION_CONTEXT() REPRESENTATION_CONTEXT('2D SPACE',''
  ) );
#3419 = ORIENTED_EDGE('',*,*,#3420,.T.);
#3420 = EDGE_CURVE('',#3393,#2232,#3421,.T.);
#3421 = SURFACE_CURVE('',#3422,(#3427,#3434),.PCURVE_S1.);
#3422 = CIRCLE('',#3423,12.);
#3423 = AXIS2_PLACEMENT_3D('',#3424,#3425,#3426);
#3424 = CARTESIAN_POINT('',(19.,49.,14.2));
#3425 = DIRECTION('',(0.,0.,1.));
#3426 = DIRECTION('',(1.,0.,0.));
#3427 = PCURVE('',#676,#3428);
#3428 = DEFINITIONAL_REPRESENTATION('',(#3429),#3433);
#3429 = CIRCLE('',#3430,12.);
#3430 = AXIS2_PLACEMENT_2D('',#3431,#3432);
#3431 = CARTESIAN_POINT('',(38.,98.));
#3432 = DIRECTION('',(1.,0.));
#3433 = ( GEOMETRIC_REPRESENTATION_CONTEXT(2) 
PARAMETRIC_REPRESENTATION_CONTEXT() REPRESENTATION_CONTEXT('2D SPACE',''
  ) );
#3434 = PCURVE('',#2266,#3435);
#3435 = DEFINITIONAL_REPRESENTATION('',(#3436),#3440);
#3436 = LINE('',#3437,#3438);
#3437 = CARTESIAN_POINT('',(0.,14.2));
#3438 = VECTOR('',#3439,1.);
#3439 = DIRECTION('',(1.,0.));
#3440 = ( GEOMETRIC_REPRESENTATION_CONTEXT(2) 
PARAMETRIC_REPRESENTATION_CONTEXT() REPRESENTATION_CONTEXT('2D SPACE',''
  ) );
#3441 = ORIENTED_EDGE('',*,*,#2231,.F.);
#3442 = ORIENTED_EDGE('',*,*,#3443,.F.);
#3443 = EDGE_CURVE('',#3444,#2206,#3446,.T.);
#3444 = VERTEX_POINT('',#3445);
#3445 = CARTESIAN_POINT('',(4.800310559006,59.899825449351,14.2));
#3446 = SURFACE_CURVE('',#3447,(#3451,#3457),.PCURVE_S1.);
#3447 = LINE('',#3448,#3449);
#3448 = CARTESIAN_POINT('',(4.800310559006,5.5,14.2));
#3449 = VECTOR('',#3450,1.);
#3450 = DIRECTION('',(-0.,1.,0.));
#3451 = PCURVE('',#676,#3452);
#3452 = DEFINITIONAL_REPRESENTATION('',(#3453),#3456);
#3453 = B_SPLINE_CURVE_WITH_KNOTS('',1,(#3454,#3455),.UNSPECIFIED.,.F.,
  .F.,(2,2),(52.5,55.5),.PIECEWISE_BEZIER_KNOTS.);
#3454 = CARTESIAN_POINT('',(23.800310559006,107.));
#3455 = CARTESIAN_POINT('',(23.800310559006,110.));
#3456 = ( GEOMETRIC_REPRESENTATION_CONTEXT(2) 
PARAMETRIC_REPRESENTATION_CONTEXT() REPRESENTATION_CONTEXT('2D SPACE',''
  ) );
#3457 = PCURVE('',#2220,#3458);
#3458 = DEFINITIONAL_REPRESENTATION('',(#3459),#3462);
#3459 = B_SPLINE_CURVE_WITH_KNOTS('',1,(#3460,#3461),.UNSPECIFIED.,.F.,
  .F.,(2,2),(52.5,55.5),.PIECEWISE_BEZIER_KNOTS.);
#3460 = CARTESIAN_POINT('',(-2.,-1.60077138922));
#3461 = CARTESIAN_POINT('',(1.,-1.60077138922));
#3462 = ( GEOMETRIC_REPRESENTATION_CONTEXT(2) 
PARAMETRIC_REPRESENTATION_CONTEXT() REPRESENTATION_CONTEXT('2D SPACE',''
  ) );
#3463 = ORIENTED_EDGE('',*,*,#3464,.F.);
#3464 = EDGE_CURVE('',#3465,#3444,#3467,.T.);
#3465 = VERTEX_POINT('',#3466);
#3466 = CARTESIAN_POINT('',(19.,59.899825449351,14.2));
#3467 = SURFACE_CURVE('',#3468,(#3472,#3478),.PCURVE_S1.);
#3468 = LINE('',#3469,#3470);
#3469 = CARTESIAN_POINT('',(-9.5,59.899825449351,14.2));
#3470 = VECTOR('',#3471,1.);
#3471 = DIRECTION('',(-1.,-0.,0.));
#3472 = PCURVE('',#676,#3473);
#3473 = DEFINITIONAL_REPRESENTATION('',(#3474),#3477);
#3474 = B_SPLINE_CURVE_WITH_KNOTS('',1,(#3475,#3476),.UNSPECIFIED.,.F.,
  .F.,(2,2),(-28.5,9.5),.PIECEWISE_BEZIER_KNOTS.);
#3475 = CARTESIAN_POINT('',(38.,108.89982544935));
#3476 = CARTESIAN_POINT('',(0.,108.89982544935));
#3477 = ( GEOMETRIC_REPRESENTATION_CONTEXT(2) 
PARAMETRIC_REPRESENTATION_CONTEXT() REPRESENTATION_CONTEXT('2D SPACE',''
  ) );
#3478 = PCURVE('',#3479,#3484);
#3479 = PLANE('',#3480);
#3480 = AXIS2_PLACEMENT_3D('',#3481,#3482,#3483);
#3481 = CARTESIAN_POINT('',(0.,59.873642851958,15.7));
#3482 = DIRECTION('',(-0.,0.999847695156,1.745240643728E-02));
#3483 = DIRECTION('',(-1.,0.,-0.));
#3484 = DEFINITIONAL_REPRESENTATION('',(#3485),#3488);
#3485 = B_SPLINE_CURVE_WITH_KNOTS('',1,(#3486,#3487),.UNSPECIFIED.,.F.,
  .F.,(2,2),(-28.5,9.5),.PIECEWISE_BEZIER_KNOTS.);
#3486 = CARTESIAN_POINT('',(-19.,-1.500228492066));
#3487 = CARTESIAN_POINT('',(19.,-1.500228492066));
#3488 = ( GEOMETRIC_REPRESENTATION_CONTEXT(2) 
PARAMETRIC_REPRESENTATION_CONTEXT() REPRESENTATION_CONTEXT('2D SPACE',''
  ) );
#3489 = ORIENTED_EDGE('',*,*,#3490,.F.);
#3490 = EDGE_CURVE('',#3491,#3465,#3493,.T.);
#3491 = VERTEX_POINT('',#3492);
#3492 = CARTESIAN_POINT('',(29.899825449351,49.,14.2));
#3493 = SURFACE_CURVE('',#3494,(#3499,#3506),.PCURVE_S1.);
#3494 = CIRCLE('',#3495,10.899825449351);
#3495 = AXIS2_PLACEMENT_3D('',#3496,#3497,#3498);
#3496 = CARTESIAN_POINT('',(19.,49.,14.2));
#3497 = DIRECTION('',(0.,0.,1.));
#3498 = DIRECTION('',(1.,0.,-0.));
#3499 = PCURVE('',#676,#3500);
#3500 = DEFINITIONAL_REPRESENTATION('',(#3501),#3505);
#3501 = CIRCLE('',#3502,10.899825449351);
#3502 = AXIS2_PLACEMENT_2D('',#3503,#3504);
#3503 = CARTESIAN_POINT('',(38.,98.));
#3504 = DIRECTION('',(1.,0.));
#3505 = ( GEOMETRIC_REPRESENTATION_CONTEXT(2) 
PARAMETRIC_REPRESENTATION_CONTEXT() REPRESENTATION_CONTEXT('2D SPACE',''
  ) );
#3506 = PCURVE('',#3507,#3512);
#3507 = CONICAL_SURFACE('',#3508,10.9,1.745329251994E-02);
#3508 = AXIS2_PLACEMENT_3D('',#3509,#3510,#3511);
#3509 = CARTESIAN_POINT('',(19.,49.,14.19));
#3510 = DIRECTION('',(-0.,-0.,-1.));
#3511 = DIRECTION('',(1.,0.,0.));
#3512 = DEFINITIONAL_REPRESENTATION('',(#3513),#3517);
#3513 = LINE('',#3514,#3515);
#3514 = CARTESIAN_POINT('',(-0.,-1.E-02));
#3515 = VECTOR('',#3516,1.);
#3516 = DIRECTION('',(-1.,-0.));
#3517 = ( GEOMETRIC_REPRESENTATION_CONTEXT(2) 
PARAMETRIC_REPRESENTATION_CONTEXT() REPRESENTATION_CONTEXT('2D SPACE',''
  ) );
#3518 = ORIENTED_EDGE('',*,*,#3519,.F.);
#3519 = EDGE_CURVE('',#3520,#3491,#3522,.T.);
#3520 = VERTEX_POINT('',#3521);
#3521 = CARTESIAN_POINT('',(29.899825449351,-49.,14.2));
#3522 = SURFACE_CURVE('',#3523,(#3527,#3533),.PCURVE_S1.);
#3523 = LINE('',#3524,#3525);
#3524 = CARTESIAN_POINT('',(29.899825449351,-24.5,14.2));
#3525 = VECTOR('',#3526,1.);
#3526 = DIRECTION('',(0.,1.,-0.));
#3527 = PCURVE('',#676,#3528);
#3528 = DEFINITIONAL_REPRESENTATION('',(#3529),#3532);
#3529 = B_SPLINE_CURVE_WITH_KNOTS('',1,(#3530,#3531),.UNSPECIFIED.,.F.,
  .F.,(2,2),(-24.5,73.5),.PIECEWISE_BEZIER_KNOTS.);
#3530 = CARTESIAN_POINT('',(48.899825449351,0.));
#3531 = CARTESIAN_POINT('',(48.899825449351,98.));
#3532 = ( GEOMETRIC_REPRESENTATION_CONTEXT(2) 
PARAMETRIC_REPRESENTATION_CONTEXT() REPRESENTATION_CONTEXT('2D SPACE',''
  ) );
#3533 = PCURVE('',#3534,#3539);
#3534 = PLANE('',#3535);
#3535 = AXIS2_PLACEMENT_3D('',#3536,#3537,#3538);
#3536 = CARTESIAN_POINT('',(29.873642851958,0.,15.7));
#3537 = DIRECTION('',(0.999847695156,-0.,1.745240643728E-02));
#3538 = DIRECTION('',(0.,1.,0.));
#3539 = DEFINITIONAL_REPRESENTATION('',(#3540),#3543);
#3540 = B_SPLINE_CURVE_WITH_KNOTS('',1,(#3541,#3542),.UNSPECIFIED.,.F.,
  .F.,(2,2),(-24.5,73.5),.PIECEWISE_BEZIER_KNOTS.);
#3541 = CARTESIAN_POINT('',(-49.,-1.500228492066));
#3542 = CARTESIAN_POINT('',(49.,-1.500228492066));
#3543 = ( GEOMETRIC_REPRESENTATION_CONTEXT(2) 
PARAMETRIC_REPRESENTATION_CONTEXT() REPRESENTATION_CONTEXT('2D SPACE',''
  ) );
#3544 = ORIENTED_EDGE('',*,*,#3545,.F.);
#3545 = EDGE_CURVE('',#3346,#3520,#3546,.T.);
#3546 = SURFACE_CURVE('',#3547,(#3552,#3559),.PCURVE_S1.);
#3547 = CIRCLE('',#3548,10.899825449351);
#3548 = AXIS2_PLACEMENT_3D('',#3549,#3550,#3551);
#3549 = CARTESIAN_POINT('',(19.,-49.,14.2));
#3550 = DIRECTION('',(0.,0.,1.));
#3551 = DIRECTION('',(1.,0.,-0.));
#3552 = PCURVE('',#676,#3553);
#3553 = DEFINITIONAL_REPRESENTATION('',(#3554),#3558);
#3554 = CIRCLE('',#3555,10.899825449351);
#3555 = AXIS2_PLACEMENT_2D('',#3556,#3557);
#3556 = CARTESIAN_POINT('',(38.,0.));
#3557 = DIRECTION('',(1.,0.));
#3558 = ( GEOMETRIC_REPRESENTATION_CONTEXT(2) 
PARAMETRIC_REPRESENTATION_CONTEXT() REPRESENTATION_CONTEXT('2D SPACE',''
  ) );
#3559 = PCURVE('',#3560,#3565);
#3560 = CONICAL_SURFACE('',#3561,10.9,1.745329251994E-02);
#3561 = AXIS2_PLACEMENT_3D('',#3562,#3563,#3564);
#3562 = CARTESIAN_POINT('',(19.,-49.,14.19));
#3563 = DIRECTION('',(-0.,-0.,-1.));
#3564 = DIRECTION('',(1.,0.,0.));
#3565 = DEFINITIONAL_REPRESENTATION('',(#3566),#3570);
#3566 = LINE('',#3567,#3568);
#3567 = CARTESIAN_POINT('',(-0.,-1.E-02));
#3568 = VECTOR('',#3569,1.);
#3569 = DIRECTION('',(-1.,-0.));
#3570 = ( GEOMETRIC_REPRESENTATION_CONTEXT(2) 
PARAMETRIC_REPRESENTATION_CONTEXT() REPRESENTATION_CONTEXT('2D SPACE',''
  ) );
#3571 = ADVANCED_FACE('',(#3572),#649,.T.);
#3572 = FACE_BOUND('',#3573,.T.);
#3573 = EDGE_LOOP('',(#3574,#3594,#3595,#3596));
#3574 = ORIENTED_EDGE('',*,*,#3575,.T.);
#3575 = EDGE_CURVE('',#3576,#3369,#3578,.T.);
#3576 = VERTEX_POINT('',#3577);
#3577 = CARTESIAN_POINT('',(30.704661275879,-49.,2.921469155076));
#3578 = SURFACE_CURVE('',#3579,(#3582,#3588),.PCURVE_S1.);
#3579 = B_SPLINE_CURVE_WITH_KNOTS('',1,(#3580,#3581),.UNSPECIFIED.,.F.,
  .F.,(2,2),(0.,1.),.PIECEWISE_BEZIER_KNOTS.);
#3580 = CARTESIAN_POINT('',(30.628159913718,-49.,0.));
#3581 = CARTESIAN_POINT('',(31.,-49.,14.2));
#3582 = PCURVE('',#649,#3583);
#3583 = DEFINITIONAL_REPRESENTATION('',(#3584),#3587);
#3584 = B_SPLINE_CURVE_WITH_KNOTS('',1,(#3585,#3586),.UNSPECIFIED.,.F.,
  .F.,(2,2),(0.,1.),.PIECEWISE_BEZIER_KNOTS.);
#3585 = CARTESIAN_POINT('',(6.28318530718,0.));
#3586 = CARTESIAN_POINT('',(6.28318530718,14.2));
#3587 = ( GEOMETRIC_REPRESENTATION_CONTEXT(2) 
PARAMETRIC_REPRESENTATION_CONTEXT() REPRESENTATION_CONTEXT('2D SPACE',''
  ) );
#3588 = PCURVE('',#3408,#3589);
#3589 = DEFINITIONAL_REPRESENTATION('',(#3590),#3593);
#3590 = B_SPLINE_CURVE_WITH_KNOTS('',1,(#3591,#3592),.UNSPECIFIED.,.F.,
  .F.,(2,2),(0.,1.),.PIECEWISE_BEZIER_KNOTS.);
#3591 = CARTESIAN_POINT('',(-49.,-14.20486765337));
#3592 = CARTESIAN_POINT('',(-49.,0.));
#3593 = ( GEOMETRIC_REPRESENTATION_CONTEXT(2) 
PARAMETRIC_REPRESENTATION_CONTEXT() REPRESENTATION_CONTEXT('2D SPACE',''
  ) );
#3594 = ORIENTED_EDGE('',*,*,#3368,.F.);
#3595 = ORIENTED_EDGE('',*,*,#635,.F.);
#3596 = ORIENTED_EDGE('',*,*,#3597,.F.);
#3597 = EDGE_CURVE('',#3576,#608,#3598,.T.);
#3598 = SURFACE_CURVE('',#3599,(#3604,#3611),.PCURVE_S1.);
#3599 = CIRCLE('',#3600,11.704661275879);
#3600 = AXIS2_PLACEMENT_3D('',#3601,#3602,#3603);
#3601 = CARTESIAN_POINT('',(19.,-49.,2.921469155076));
#3602 = DIRECTION('',(0.,0.,-1.));
#3603 = DIRECTION('',(1.,0.,0.));
#3604 = PCURVE('',#649,#3605);
#3605 = DEFINITIONAL_REPRESENTATION('',(#3606),#3610);
#3606 = LINE('',#3607,#3608);
#3607 = CARTESIAN_POINT('',(6.28318530718,2.921469155076));
#3608 = VECTOR('',#3609,1.);
#3609 = DIRECTION('',(-1.,-0.));
#3610 = ( GEOMETRIC_REPRESENTATION_CONTEXT(2) 
PARAMETRIC_REPRESENTATION_CONTEXT() REPRESENTATION_CONTEXT('2D SPACE',''
  ) );
#3611 = PCURVE('',#1151,#3612);
#3612 = DEFINITIONAL_REPRESENTATION('',(#3613),#3617);
#3613 = LINE('',#3614,#3615);
#3614 = CARTESIAN_POINT('',(0.,2.617993877991E-02));
#3615 = VECTOR('',#3616,1.);
#3616 = DIRECTION('',(1.,0.));
#3617 = ( GEOMETRIC_REPRESENTATION_CONTEXT(2) 
PARAMETRIC_REPRESENTATION_CONTEXT() REPRESENTATION_CONTEXT('2D SPACE',''
  ) );
#3618 = ADVANCED_FACE('',(#3619),#1240,.T.);
#3619 = FACE_BOUND('',#3620,.F.);
#3620 = EDGE_LOOP('',(#3621,#3622,#3623,#3643));
#3621 = ORIENTED_EDGE('',*,*,#1991,.T.);
#3622 = ORIENTED_EDGE('',*,*,#1224,.T.);
#3623 = ORIENTED_EDGE('',*,*,#3624,.F.);
#3624 = EDGE_CURVE('',#2016,#1192,#3625,.T.);
#3625 = SURFACE_CURVE('',#3626,(#3631,#3637),.PCURVE_S1.);
#3626 = CIRCLE('',#3627,3.);
#3627 = AXIS2_PLACEMENT_3D('',#3628,#3629,#3630);
#3628 = CARTESIAN_POINT('',(19.,57.705689300952,3.));
#3629 = DIRECTION('',(-1.,0.,-0.));
#3630 = DIRECTION('',(0.,0.999657324976,-2.617694830787E-02));
#3631 = PCURVE('',#1240,#3632);
#3632 = DEFINITIONAL_REPRESENTATION('',(#3633),#3636);
#3633 = B_SPLINE_CURVE_WITH_KNOTS('',1,(#3634,#3635),.UNSPECIFIED.,.F.,
  .F.,(2,2),(0.,1.544616388015),.PIECEWISE_BEZIER_KNOTS.);
#3634 = CARTESIAN_POINT('',(0.,38.));
#3635 = CARTESIAN_POINT('',(-1.544616388015,38.));
#3636 = ( GEOMETRIC_REPRESENTATION_CONTEXT(2) 
PARAMETRIC_REPRESENTATION_CONTEXT() REPRESENTATION_CONTEXT('2D SPACE',''
  ) );
#3637 = PCURVE('',#1212,#3638);
#3638 = DEFINITIONAL_REPRESENTATION('',(#3639),#3642);
#3639 = B_SPLINE_CURVE_WITH_KNOTS('',1,(#3640,#3641),.UNSPECIFIED.,.F.,
  .F.,(2,2),(0.,1.544616388015),.PIECEWISE_BEZIER_KNOTS.);
#3640 = CARTESIAN_POINT('',(0.,2.617993877991E-02));
#3641 = CARTESIAN_POINT('',(0.,1.570796326795));
#3642 = ( GEOMETRIC_REPRESENTATION_CONTEXT(2) 
PARAMETRIC_REPRESENTATION_CONTEXT() REPRESENTATION_CONTEXT('2D SPACE',''
  ) );
#3643 = ORIENTED_EDGE('',*,*,#2015,.F.);
#3644 = ADVANCED_FACE('',(#3645),#1151,.T.);
#3645 = FACE_BOUND('',#3646,.T.);
#3646 = EDGE_LOOP('',(#3647,#3667,#3668,#3669));
#3647 = ORIENTED_EDGE('',*,*,#3648,.F.);
#3648 = EDGE_CURVE('',#3576,#1131,#3649,.T.);
#3649 = SURFACE_CURVE('',#3650,(#3655,#3661),.PCURVE_S1.);
#3650 = CIRCLE('',#3651,3.);
#3651 = AXIS2_PLACEMENT_3D('',#3652,#3653,#3654);
#3652 = CARTESIAN_POINT('',(27.705689300953,-49.,3.));
#3653 = DIRECTION('',(0.,1.,0.));
#3654 = DIRECTION('',(0.999657324976,0.,-2.617694830787E-02));
#3655 = PCURVE('',#1151,#3656);
#3656 = DEFINITIONAL_REPRESENTATION('',(#3657),#3660);
#3657 = B_SPLINE_CURVE_WITH_KNOTS('',1,(#3658,#3659),.UNSPECIFIED.,.F.,
  .F.,(2,2),(0.,1.544616388015),.PIECEWISE_BEZIER_KNOTS.);
#3658 = CARTESIAN_POINT('',(0.,2.617993877991E-02));
#3659 = CARTESIAN_POINT('',(0.,1.570796326795));
#3660 = ( GEOMETRIC_REPRESENTATION_CONTEXT(2) 
PARAMETRIC_REPRESENTATION_CONTEXT() REPRESENTATION_CONTEXT('2D SPACE',''
  ) );
#3661 = PCURVE('',#1179,#3662);
#3662 = DEFINITIONAL_REPRESENTATION('',(#3663),#3666);
#3663 = B_SPLINE_CURVE_WITH_KNOTS('',1,(#3664,#3665),.UNSPECIFIED.,.F.,
  .F.,(2,2),(0.,1.544616388015),.PIECEWISE_BEZIER_KNOTS.);
#3664 = CARTESIAN_POINT('',(0.,98.));
#3665 = CARTESIAN_POINT('',(-1.544616388015,98.));
#3666 = ( GEOMETRIC_REPRESENTATION_CONTEXT(2) 
PARAMETRIC_REPRESENTATION_CONTEXT() REPRESENTATION_CONTEXT('2D SPACE',''
  ) );
#3667 = ORIENTED_EDGE('',*,*,#3597,.T.);
#3668 = ORIENTED_EDGE('',*,*,#2785,.T.);
#3669 = ORIENTED_EDGE('',*,*,#1130,.F.);
#3670 = ADVANCED_FACE('',(#3671),#1212,.T.);
#3671 = FACE_BOUND('',#3672,.T.);
#3672 = EDGE_LOOP('',(#3673,#3674,#3698,#3718));
#3673 = ORIENTED_EDGE('',*,*,#3624,.F.);
#3674 = ORIENTED_EDGE('',*,*,#3675,.T.);
#3675 = EDGE_CURVE('',#2016,#3676,#3678,.T.);
#3676 = VERTEX_POINT('',#3677);
#3677 = CARTESIAN_POINT('',(30.704661275879,49.,2.921469155076));
#3678 = SURFACE_CURVE('',#3679,(#3684,#3691),.PCURVE_S1.);
#3679 = CIRCLE('',#3680,11.704661275879);
#3680 = AXIS2_PLACEMENT_3D('',#3681,#3682,#3683);
#3681 = CARTESIAN_POINT('',(19.,49.,2.921469155076));
#3682 = DIRECTION('',(0.,-0.,-1.));
#3683 = DIRECTION('',(0.,1.,-0.));
#3684 = PCURVE('',#1212,#3685);
#3685 = DEFINITIONAL_REPRESENTATION('',(#3686),#3690);
#3686 = LINE('',#3687,#3688);
#3687 = CARTESIAN_POINT('',(0.,2.617993877991E-02));
#3688 = VECTOR('',#3689,1.);
#3689 = DIRECTION('',(1.,0.));
#3690 = ( GEOMETRIC_REPRESENTATION_CONTEXT(2) 
PARAMETRIC_REPRESENTATION_CONTEXT() REPRESENTATION_CONTEXT('2D SPACE',''
  ) );
#3691 = PCURVE('',#2266,#3692);
#3692 = DEFINITIONAL_REPRESENTATION('',(#3693),#3697);
#3693 = LINE('',#3694,#3695);
#3694 = CARTESIAN_POINT('',(1.570796326795,2.921469155076));
#3695 = VECTOR('',#3696,1.);
#3696 = DIRECTION('',(-1.,-0.));
#3697 = ( GEOMETRIC_REPRESENTATION_CONTEXT(2) 
PARAMETRIC_REPRESENTATION_CONTEXT() REPRESENTATION_CONTEXT('2D SPACE',''
  ) );
#3698 = ORIENTED_EDGE('',*,*,#3699,.T.);
#3699 = EDGE_CURVE('',#3676,#1164,#3700,.T.);
#3700 = SURFACE_CURVE('',#3701,(#3706,#3712),.PCURVE_S1.);
#3701 = CIRCLE('',#3702,3.);
#3702 = AXIS2_PLACEMENT_3D('',#3703,#3704,#3705);
#3703 = CARTESIAN_POINT('',(27.705689300953,49.,3.));
#3704 = DIRECTION('',(-6.123233995737E-17,1.,0.));
#3705 = DIRECTION('',(1.,6.123233995737E-17,0.));
#3706 = PCURVE('',#1212,#3707);
#3707 = DEFINITIONAL_REPRESENTATION('',(#3708),#3711);
#3708 = B_SPLINE_CURVE_WITH_KNOTS('',1,(#3709,#3710),.UNSPECIFIED.,.F.,
  .F.,(2,2),(2.617993877991E-02,1.570796326795),
  .PIECEWISE_BEZIER_KNOTS.);
#3709 = CARTESIAN_POINT('',(1.570796326795,2.617993877991E-02));
#3710 = CARTESIAN_POINT('',(1.570796326795,1.570796326795));
#3711 = ( GEOMETRIC_REPRESENTATION_CONTEXT(2) 
PARAMETRIC_REPRESENTATION_CONTEXT() REPRESENTATION_CONTEXT('2D SPACE',''
  ) );
#3712 = PCURVE('',#1179,#3713);
#3713 = DEFINITIONAL_REPRESENTATION('',(#3714),#3717);
#3714 = B_SPLINE_CURVE_WITH_KNOTS('',1,(#3715,#3716),.UNSPECIFIED.,.F.,
  .F.,(2,2),(2.617993877991E-02,1.570796326795),
  .PIECEWISE_BEZIER_KNOTS.);
#3715 = CARTESIAN_POINT('',(0.,0.));
#3716 = CARTESIAN_POINT('',(-1.544616388015,0.));
#3717 = ( GEOMETRIC_REPRESENTATION_CONTEXT(2) 
PARAMETRIC_REPRESENTATION_CONTEXT() REPRESENTATION_CONTEXT('2D SPACE',''
  ) );
#3718 = ORIENTED_EDGE('',*,*,#1191,.F.);
#3719 = ADVANCED_FACE('',(#3720),#1179,.T.);
#3720 = FACE_BOUND('',#3721,.F.);
#3721 = EDGE_LOOP('',(#3722,#3723,#3724,#3725));
#3722 = ORIENTED_EDGE('',*,*,#3699,.T.);
#3723 = ORIENTED_EDGE('',*,*,#1163,.T.);
#3724 = ORIENTED_EDGE('',*,*,#3648,.F.);
#3725 = ORIENTED_EDGE('',*,*,#3726,.F.);
#3726 = EDGE_CURVE('',#3676,#3576,#3727,.T.);
#3727 = SURFACE_CURVE('',#3728,(#3732,#3739),.PCURVE_S1.);
#3728 = LINE('',#3729,#3730);
#3729 = CARTESIAN_POINT('',(30.704661275879,49.,2.921469155076));
#3730 = VECTOR('',#3731,1.);
#3731 = DIRECTION('',(-0.,-1.,-0.));
#3732 = PCURVE('',#1179,#3733);
#3733 = DEFINITIONAL_REPRESENTATION('',(#3734),#3738);
#3734 = LINE('',#3735,#3736);
#3735 = CARTESIAN_POINT('',(-0.,0.));
#3736 = VECTOR('',#3737,1.);
#3737 = DIRECTION('',(-0.,1.));
#3738 = ( GEOMETRIC_REPRESENTATION_CONTEXT(2) 
PARAMETRIC_REPRESENTATION_CONTEXT() REPRESENTATION_CONTEXT('2D SPACE',''
  ) );
#3739 = PCURVE('',#3408,#3740);
#3740 = DEFINITIONAL_REPRESENTATION('',(#3741),#3745);
#3741 = LINE('',#3742,#3743);
#3742 = CARTESIAN_POINT('',(49.,-11.2823970406));
#3743 = VECTOR('',#3744,1.);
#3744 = DIRECTION('',(-1.,0.));
#3745 = ( GEOMETRIC_REPRESENTATION_CONTEXT(2) 
PARAMETRIC_REPRESENTATION_CONTEXT() REPRESENTATION_CONTEXT('2D SPACE',''
  ) );
#3746 = ADVANCED_FACE('',(#3747),#1297,.F.);
#3747 = FACE_BOUND('',#3748,.F.);
#3748 = EDGE_LOOP('',(#3749,#3772,#3799,#3800));
#3749 = ORIENTED_EDGE('',*,*,#3750,.T.);
#3750 = EDGE_CURVE('',#1281,#3751,#3753,.T.);
#3751 = VERTEX_POINT('',#3752);
#3752 = CARTESIAN_POINT('',(-17.37958374023,-45.,3.2));
#3753 = SEAM_CURVE('',#3754,(#3758,#3765),.PCURVE_S1.);
#3754 = LINE('',#3755,#3756);
#3755 = CARTESIAN_POINT('',(-17.315,-45.,-0.5));
#3756 = VECTOR('',#3757,1.);
#3757 = DIRECTION('',(-1.745240643728E-02,4.274606736168E-18,
    0.999847695156));
#3758 = PCURVE('',#1297,#3759);
#3759 = DEFINITIONAL_REPRESENTATION('',(#3760),#3764);
#3760 = LINE('',#3761,#3762);
#3761 = CARTESIAN_POINT('',(-6.28318530718,0.));
#3762 = VECTOR('',#3763,1.);
#3763 = DIRECTION('',(-0.,-1.));
#3764 = ( GEOMETRIC_REPRESENTATION_CONTEXT(2) 
PARAMETRIC_REPRESENTATION_CONTEXT() REPRESENTATION_CONTEXT('2D SPACE',''
  ) );
#3765 = PCURVE('',#1297,#3766);
#3766 = DEFINITIONAL_REPRESENTATION('',(#3767),#3771);
#3767 = LINE('',#3768,#3769);
#3768 = CARTESIAN_POINT('',(0.,-0.));
#3769 = VECTOR('',#3770,1.);
#3770 = DIRECTION('',(-0.,-1.));
#3771 = ( GEOMETRIC_REPRESENTATION_CONTEXT(2) 
PARAMETRIC_REPRESENTATION_CONTEXT() REPRESENTATION_CONTEXT('2D SPACE',''
  ) );
#3772 = ORIENTED_EDGE('',*,*,#3773,.F.);
#3773 = EDGE_CURVE('',#3751,#3751,#3774,.T.);
#3774 = SURFACE_CURVE('',#3775,(#3780,#3787),.PCURVE_S1.);
#3775 = CIRCLE('',#3776,2.620416259766);
#3776 = AXIS2_PLACEMENT_3D('',#3777,#3778,#3779);
#3777 = CARTESIAN_POINT('',(-20.,-45.,3.2));
#3778 = DIRECTION('',(0.,0.,1.));
#3779 = DIRECTION('',(1.,0.,0.));
#3780 = PCURVE('',#1297,#3781);
#3781 = DEFINITIONAL_REPRESENTATION('',(#3782),#3786);
#3782 = LINE('',#3783,#3784);
#3783 = CARTESIAN_POINT('',(-0.,-3.7));
#3784 = VECTOR('',#3785,1.);
#3785 = DIRECTION('',(-1.,-0.));
#3786 = ( GEOMETRIC_REPRESENTATION_CONTEXT(2) 
PARAMETRIC_REPRESENTATION_CONTEXT() REPRESENTATION_CONTEXT('2D SPACE',''
  ) );
#3787 = PCURVE('',#3788,#3793);
#3788 = PLANE('',#3789);
#3789 = AXIS2_PLACEMENT_3D('',#3790,#3791,#3792);
#3790 = CARTESIAN_POINT('',(-20.,-45.,3.2));
#3791 = DIRECTION('',(0.,0.,1.));
#3792 = DIRECTION('',(1.,0.,0.));
#3793 = DEFINITIONAL_REPRESENTATION('',(#3794),#3798);
#3794 = CIRCLE('',#3795,2.620416259766);
#3795 = AXIS2_PLACEMENT_2D('',#3796,#3797);
#3796 = CARTESIAN_POINT('',(0.,0.));
#3797 = DIRECTION('',(1.,0.));
#3798 = ( GEOMETRIC_REPRESENTATION_CONTEXT(2) 
PARAMETRIC_REPRESENTATION_CONTEXT() REPRESENTATION_CONTEXT('2D SPACE',''
  ) );
#3799 = ORIENTED_EDGE('',*,*,#3750,.F.);
#3800 = ORIENTED_EDGE('',*,*,#1280,.T.);
#3801 = ADVANCED_FACE('',(#3802),#1328,.F.);
#3802 = FACE_BOUND('',#3803,.F.);
#3803 = EDGE_LOOP('',(#3804,#3827,#3854,#3855));
#3804 = ORIENTED_EDGE('',*,*,#3805,.T.);
#3805 = EDGE_CURVE('',#1312,#3806,#3808,.T.);
#3806 = VERTEX_POINT('',#3807);
#3807 = CARTESIAN_POINT('',(-7.807455064928,-52.,0.5));
#3808 = SEAM_CURVE('',#3809,(#3813,#3820),.PCURVE_S1.);
#3809 = LINE('',#3810,#3811);
#3810 = CARTESIAN_POINT('',(-7.79,-52.,-0.5));
#3811 = VECTOR('',#3812,1.);
#3812 = DIRECTION('',(-1.745240643728E-02,4.274606736168E-18,
    0.999847695156));
#3813 = PCURVE('',#1328,#3814);
#3814 = DEFINITIONAL_REPRESENTATION('',(#3815),#3819);
#3815 = LINE('',#3816,#3817);
#3816 = CARTESIAN_POINT('',(-6.28318530718,0.));
#3817 = VECTOR('',#3818,1.);
#3818 = DIRECTION('',(-0.,-1.));
#3819 = ( GEOMETRIC_REPRESENTATION_CONTEXT(2) 
PARAMETRIC_REPRESENTATION_CONTEXT() REPRESENTATION_CONTEXT('2D SPACE',''
  ) );
#3820 = PCURVE('',#1328,#3821);
#3821 = DEFINITIONAL_REPRESENTATION('',(#3822),#3826);
#3822 = LINE('',#3823,#3824);
#3823 = CARTESIAN_POINT('',(0.,-0.));
#3824 = VECTOR('',#3825,1.);
#3825 = DIRECTION('',(-0.,-1.));
#3826 = ( GEOMETRIC_REPRESENTATION_CONTEXT(2) 
PARAMETRIC_REPRESENTATION_CONTEXT() REPRESENTATION_CONTEXT('2D SPACE',''
  ) );
#3827 = ORIENTED_EDGE('',*,*,#3828,.F.);
#3828 = EDGE_CURVE('',#3806,#3806,#3829,.T.);
#3829 = SURFACE_CURVE('',#3830,(#3835,#3842),.PCURVE_S1.);
#3830 = CIRCLE('',#3831,4.192544935072);
#3831 = AXIS2_PLACEMENT_3D('',#3832,#3833,#3834);
#3832 = CARTESIAN_POINT('',(-12.,-52.,0.5));
#3833 = DIRECTION('',(0.,0.,1.));
#3834 = DIRECTION('',(1.,0.,0.));
#3835 = PCURVE('',#1328,#3836);
#3836 = DEFINITIONAL_REPRESENTATION('',(#3837),#3841);
#3837 = LINE('',#3838,#3839);
#3838 = CARTESIAN_POINT('',(-0.,-1.));
#3839 = VECTOR('',#3840,1.);
#3840 = DIRECTION('',(-1.,-0.));
#3841 = ( GEOMETRIC_REPRESENTATION_CONTEXT(2) 
PARAMETRIC_REPRESENTATION_CONTEXT() REPRESENTATION_CONTEXT('2D SPACE',''
  ) );
#3842 = PCURVE('',#3843,#3848);
#3843 = PLANE('',#3844);
#3844 = AXIS2_PLACEMENT_3D('',#3845,#3846,#3847);
#3845 = CARTESIAN_POINT('',(-12.,-52.,0.5));
#3846 = DIRECTION('',(0.,0.,1.));
#3847 = DIRECTION('',(1.,0.,0.));
#3848 = DEFINITIONAL_REPRESENTATION('',(#3849),#3853);
#3849 = CIRCLE('',#3850,4.192544935072);
#3850 = AXIS2_PLACEMENT_2D('',#3851,#3852);
#3851 = CARTESIAN_POINT('',(0.,0.));
#3852 = DIRECTION('',(1.,0.));
#3853 = ( GEOMETRIC_REPRESENTATION_CONTEXT(2) 
PARAMETRIC_REPRESENTATION_CONTEXT() REPRESENTATION_CONTEXT('2D SPACE',''
  ) );
#3854 = ORIENTED_EDGE('',*,*,#3805,.F.);
#3855 = ORIENTED_EDGE('',*,*,#1311,.T.);
#3856 = ADVANCED_FACE('',(#3857),#1359,.F.);
#3857 = FACE_BOUND('',#3858,.F.);
#3858 = EDGE_LOOP('',(#3859,#3882,#3909,#3910));
#3859 = ORIENTED_EDGE('',*,*,#3860,.T.);
#3860 = EDGE_CURVE('',#1343,#3861,#3863,.T.);
#3861 = VERTEX_POINT('',#3862);
#3862 = CARTESIAN_POINT('',(16.192544935072,-52.,0.5));
#3863 = SEAM_CURVE('',#3864,(#3868,#3875),.PCURVE_S1.);
#3864 = LINE('',#3865,#3866);
#3865 = CARTESIAN_POINT('',(16.21,-52.,-0.5));
#3866 = VECTOR('',#3867,1.);
#3867 = DIRECTION('',(-1.745240643728E-02,4.274606736168E-18,
    0.999847695156));
#3868 = PCURVE('',#1359,#3869);
#3869 = DEFINITIONAL_REPRESENTATION('',(#3870),#3874);
#3870 = LINE('',#3871,#3872);
#3871 = CARTESIAN_POINT('',(-6.28318530718,0.));
#3872 = VECTOR('',#3873,1.);
#3873 = DIRECTION('',(-0.,-1.));
#3874 = ( GEOMETRIC_REPRESENTATION_CONTEXT(2) 
PARAMETRIC_REPRESENTATION_CONTEXT() REPRESENTATION_CONTEXT('2D SPACE',''
  ) );
#3875 = PCURVE('',#1359,#3876);
#3876 = DEFINITIONAL_REPRESENTATION('',(#3877),#3881);
#3877 = LINE('',#3878,#3879);
#3878 = CARTESIAN_POINT('',(0.,-0.));
#3879 = VECTOR('',#3880,1.);
#3880 = DIRECTION('',(-0.,-1.));
#3881 = ( GEOMETRIC_REPRESENTATION_CONTEXT(2) 
PARAMETRIC_REPRESENTATION_CONTEXT() REPRESENTATION_CONTEXT('2D SPACE',''
  ) );
#3882 = ORIENTED_EDGE('',*,*,#3883,.F.);
#3883 = EDGE_CURVE('',#3861,#3861,#3884,.T.);
#3884 = SURFACE_CURVE('',#3885,(#3890,#3897),.PCURVE_S1.);
#3885 = CIRCLE('',#3886,4.192544935072);
#3886 = AXIS2_PLACEMENT_3D('',#3887,#3888,#3889);
#3887 = CARTESIAN_POINT('',(12.,-52.,0.5));
#3888 = DIRECTION('',(0.,0.,1.));
#3889 = DIRECTION('',(1.,0.,0.));
#3890 = PCURVE('',#1359,#3891);
#3891 = DEFINITIONAL_REPRESENTATION('',(#3892),#3896);
#3892 = LINE('',#3893,#3894);
#3893 = CARTESIAN_POINT('',(-0.,-1.));
#3894 = VECTOR('',#3895,1.);
#3895 = DIRECTION('',(-1.,-0.));
#3896 = ( GEOMETRIC_REPRESENTATION_CONTEXT(2) 
PARAMETRIC_REPRESENTATION_CONTEXT() REPRESENTATION_CONTEXT('2D SPACE',''
  ) );
#3897 = PCURVE('',#3898,#3903);
#3898 = PLANE('',#3899);
#3899 = AXIS2_PLACEMENT_3D('',#3900,#3901,#3902);
#3900 = CARTESIAN_POINT('',(12.,-52.,0.5));
#3901 = DIRECTION('',(0.,0.,1.));
#3902 = DIRECTION('',(1.,0.,0.));
#3903 = DEFINITIONAL_REPRESENTATION('',(#3904),#3908);
#3904 = CIRCLE('',#3905,4.192544935072);
#3905 = AXIS2_PLACEMENT_2D('',#3906,#3907);
#3906 = CARTESIAN_POINT('',(0.,0.));
#3907 = DIRECTION('',(1.,0.));
#3908 = ( GEOMETRIC_REPRESENTATION_CONTEXT(2) 
PARAMETRIC_REPRESENTATION_CONTEXT() REPRESENTATION_CONTEXT('2D SPACE',''
  ) );
#3909 = ORIENTED_EDGE('',*,*,#3860,.F.);
#3910 = ORIENTED_EDGE('',*,*,#1342,.T.);
#3911 = ADVANCED_FACE('',(#3912),#1392,.F.);
#3912 = FACE_BOUND('',#3913,.F.);
#3913 = EDGE_LOOP('',(#3914,#3935,#3936,#3957));
#3914 = ORIENTED_EDGE('',*,*,#3915,.F.);
#3915 = EDGE_CURVE('',#1374,#3916,#3918,.T.);
#3916 = VERTEX_POINT('',#3917);
#3917 = CARTESIAN_POINT('',(-17.98865420779,-37.,0.15));
#3918 = SURFACE_CURVE('',#3919,(#3923,#3929),.PCURVE_S1.);
#3919 = LINE('',#3920,#3921);
#3920 = CARTESIAN_POINT('',(-18.,-37.,-0.5));
#3921 = VECTOR('',#3922,1.);
#3922 = DIRECTION('',(1.745240643728E-02,0.,0.999847695156));
#3923 = PCURVE('',#1392,#3924);
#3924 = DEFINITIONAL_REPRESENTATION('',(#3925),#3928);
#3925 = B_SPLINE_CURVE_WITH_KNOTS('',1,(#3926,#3927),.UNSPECIFIED.,.F.,
  .F.,(2,2),(0.,0.650099013229),.PIECEWISE_BEZIER_KNOTS.);
#3926 = CARTESIAN_POINT('',(-3.14159265359,0.));
#3927 = CARTESIAN_POINT('',(-3.14159265359,-0.65));
#3928 = ( GEOMETRIC_REPRESENTATION_CONTEXT(2) 
PARAMETRIC_REPRESENTATION_CONTEXT() REPRESENTATION_CONTEXT('2D SPACE',''
  ) );
#3929 = PCURVE('',#1419,#3930);
#3930 = DEFINITIONAL_REPRESENTATION('',(#3931),#3934);
#3931 = B_SPLINE_CURVE_WITH_KNOTS('',1,(#3932,#3933),.UNSPECIFIED.,.F.,
  .F.,(2,2),(0.,0.650099013229),.PIECEWISE_BEZIER_KNOTS.);
#3932 = CARTESIAN_POINT('',(0.,9.));
#3933 = CARTESIAN_POINT('',(0.650099013229,9.));
#3934 = ( GEOMETRIC_REPRESENTATION_CONTEXT(2) 
PARAMETRIC_REPRESENTATION_CONTEXT() REPRESENTATION_CONTEXT('2D SPACE',''
  ) );
#3935 = ORIENTED_EDGE('',*,*,#1373,.T.);
#3936 = ORIENTED_EDGE('',*,*,#3937,.T.);
#3937 = EDGE_CURVE('',#1376,#3938,#3940,.T.);
#3938 = VERTEX_POINT('',#3939);
#3939 = CARTESIAN_POINT('',(-16.,-38.98865420779,0.15));
#3940 = SURFACE_CURVE('',#3941,(#3945,#3951),.PCURVE_S1.);
#3941 = LINE('',#3942,#3943);
#3942 = CARTESIAN_POINT('',(-16.,-39.,-0.5));
#3943 = VECTOR('',#3944,1.);
#3944 = DIRECTION('',(3.205955052126E-18,1.745240643728E-02,
    0.999847695156));
#3945 = PCURVE('',#1392,#3946);
#3946 = DEFINITIONAL_REPRESENTATION('',(#3947),#3950);
#3947 = B_SPLINE_CURVE_WITH_KNOTS('',1,(#3948,#3949),.UNSPECIFIED.,.F.,
  .F.,(2,2),(0.,0.650099013229),.PIECEWISE_BEZIER_KNOTS.);
#3948 = CARTESIAN_POINT('',(-4.712388980385,0.));
#3949 = CARTESIAN_POINT('',(-4.712388980385,-0.65));
#3950 = ( GEOMETRIC_REPRESENTATION_CONTEXT(2) 
PARAMETRIC_REPRESENTATION_CONTEXT() REPRESENTATION_CONTEXT('2D SPACE',''
  ) );
#3951 = PCURVE('',#1582,#3952);
#3952 = DEFINITIONAL_REPRESENTATION('',(#3953),#3956);
#3953 = B_SPLINE_CURVE_WITH_KNOTS('',1,(#3954,#3955),.UNSPECIFIED.,.F.,
  .F.,(2,2),(0.,0.650099013229),.PIECEWISE_BEZIER_KNOTS.);
#3954 = CARTESIAN_POINT('',(0.,-16.));
#3955 = CARTESIAN_POINT('',(0.650099013229,-16.));
#3956 = ( GEOMETRIC_REPRESENTATION_CONTEXT(2) 
PARAMETRIC_REPRESENTATION_CONTEXT() REPRESENTATION_CONTEXT('2D SPACE',''
  ) );
#3957 = ORIENTED_EDGE('',*,*,#3958,.F.);
#3958 = EDGE_CURVE('',#3916,#3938,#3959,.T.);
#3959 = SURFACE_CURVE('',#3960,(#3965,#3972),.PCURVE_S1.);
#3960 = CIRCLE('',#3961,1.988654207797);
#3961 = AXIS2_PLACEMENT_3D('',#3962,#3963,#3964);
#3962 = CARTESIAN_POINT('',(-16.,-37.,0.15));
#3963 = DIRECTION('',(0.,0.,1.));
#3964 = DIRECTION('',(1.,0.,0.));
#3965 = PCURVE('',#1392,#3966);
#3966 = DEFINITIONAL_REPRESENTATION('',(#3967),#3971);
#3967 = LINE('',#3968,#3969);
#3968 = CARTESIAN_POINT('',(-0.,-0.65));
#3969 = VECTOR('',#3970,1.);
#3970 = DIRECTION('',(-1.,-0.));
#3971 = ( GEOMETRIC_REPRESENTATION_CONTEXT(2) 
PARAMETRIC_REPRESENTATION_CONTEXT() REPRESENTATION_CONTEXT('2D SPACE',''
  ) );
#3972 = PCURVE('',#3973,#3978);
#3973 = PLANE('',#3974);
#3974 = AXIS2_PLACEMENT_3D('',#3975,#3976,#3977);
#3975 = CARTESIAN_POINT('',(0.,-28.,0.15));
#3976 = DIRECTION('',(0.,0.,1.));
#3977 = DIRECTION('',(1.,0.,0.));
#3978 = DEFINITIONAL_REPRESENTATION('',(#3979),#3983);
#3979 = CIRCLE('',#3980,1.988654207797);
#3980 = AXIS2_PLACEMENT_2D('',#3981,#3982);
#3981 = CARTESIAN_POINT('',(-16.,-9.));
#3982 = DIRECTION('',(1.,0.));
#3983 = ( GEOMETRIC_REPRESENTATION_CONTEXT(2) 
PARAMETRIC_REPRESENTATION_CONTEXT() REPRESENTATION_CONTEXT('2D SPACE',''
  ) );
#3984 = ADVANCED_FACE('',(#3985),#1419,.T.);
#3985 = FACE_BOUND('',#3986,.T.);
#3986 = EDGE_LOOP('',(#3987,#3988,#4009,#4030));
#3987 = ORIENTED_EDGE('',*,*,#1404,.T.);
#3988 = ORIENTED_EDGE('',*,*,#3989,.T.);
#3989 = EDGE_CURVE('',#1405,#3990,#3992,.T.);
#3990 = VERTEX_POINT('',#3991);
#3991 = CARTESIAN_POINT('',(-17.98865420779,-19.,0.15));
#3992 = SURFACE_CURVE('',#3993,(#3997,#4003),.PCURVE_S1.);
#3993 = LINE('',#3994,#3995);
#3994 = CARTESIAN_POINT('',(-18.,-19.,-0.5));
#3995 = VECTOR('',#3996,1.);
#3996 = DIRECTION('',(1.745240643728E-02,-2.137303368084E-18,
    0.999847695156));
#3997 = PCURVE('',#1419,#3998);
#3998 = DEFINITIONAL_REPRESENTATION('',(#3999),#4002);
#3999 = B_SPLINE_CURVE_WITH_KNOTS('',1,(#4000,#4001),.UNSPECIFIED.,.F.,
  .F.,(2,2),(0.,0.650099013229),.PIECEWISE_BEZIER_KNOTS.);
#4000 = CARTESIAN_POINT('',(0.,-9.));
#4001 = CARTESIAN_POINT('',(0.650099013229,-9.));
#4002 = ( GEOMETRIC_REPRESENTATION_CONTEXT(2) 
PARAMETRIC_REPRESENTATION_CONTEXT() REPRESENTATION_CONTEXT('2D SPACE',''
  ) );
#4003 = PCURVE('',#1447,#4004);
#4004 = DEFINITIONAL_REPRESENTATION('',(#4005),#4008);
#4005 = B_SPLINE_CURVE_WITH_KNOTS('',1,(#4006,#4007),.UNSPECIFIED.,.F.,
  .F.,(2,2),(0.,0.650099013229),.PIECEWISE_BEZIER_KNOTS.);
#4006 = CARTESIAN_POINT('',(-3.14159265359,0.));
#4007 = CARTESIAN_POINT('',(-3.14159265359,-0.65));
#4008 = ( GEOMETRIC_REPRESENTATION_CONTEXT(2) 
PARAMETRIC_REPRESENTATION_CONTEXT() REPRESENTATION_CONTEXT('2D SPACE',''
  ) );
#4009 = ORIENTED_EDGE('',*,*,#4010,.T.);
#4010 = EDGE_CURVE('',#3990,#3916,#4011,.T.);
#4011 = SURFACE_CURVE('',#4012,(#4016,#4023),.PCURVE_S1.);
#4012 = LINE('',#4013,#4014);
#4013 = CARTESIAN_POINT('',(-17.98865420779,-28.,0.15));
#4014 = VECTOR('',#4015,1.);
#4015 = DIRECTION('',(0.,-1.,0.));
#4016 = PCURVE('',#1419,#4017);
#4017 = DEFINITIONAL_REPRESENTATION('',(#4018),#4022);
#4018 = LINE('',#4019,#4020);
#4019 = CARTESIAN_POINT('',(0.650099013229,0.));
#4020 = VECTOR('',#4021,1.);
#4021 = DIRECTION('',(0.,1.));
#4022 = ( GEOMETRIC_REPRESENTATION_CONTEXT(2) 
PARAMETRIC_REPRESENTATION_CONTEXT() REPRESENTATION_CONTEXT('2D SPACE',''
  ) );
#4023 = PCURVE('',#3973,#4024);
#4024 = DEFINITIONAL_REPRESENTATION('',(#4025),#4029);
#4025 = LINE('',#4026,#4027);
#4026 = CARTESIAN_POINT('',(-17.98865420779,0.));
#4027 = VECTOR('',#4028,1.);
#4028 = DIRECTION('',(-0.,-1.));
#4029 = ( GEOMETRIC_REPRESENTATION_CONTEXT(2) 
PARAMETRIC_REPRESENTATION_CONTEXT() REPRESENTATION_CONTEXT('2D SPACE',''
  ) );
#4030 = ORIENTED_EDGE('',*,*,#3915,.F.);
#4031 = ADVANCED_FACE('',(#4032),#1582,.T.);
#4032 = FACE_BOUND('',#4033,.T.);
#4033 = EDGE_LOOP('',(#4034,#4055,#4056,#4057));
#4034 = ORIENTED_EDGE('',*,*,#4035,.F.);
#4035 = EDGE_CURVE('',#1541,#4036,#4038,.T.);
#4036 = VERTEX_POINT('',#4037);
#4037 = CARTESIAN_POINT('',(16.,-38.98865420779,0.15));
#4038 = SURFACE_CURVE('',#4039,(#4043,#4049),.PCURVE_S1.);
#4039 = LINE('',#4040,#4041);
#4040 = CARTESIAN_POINT('',(16.,-39.,-0.5));
#4041 = VECTOR('',#4042,1.);
#4042 = DIRECTION('',(0.,1.745240643728E-02,0.999847695156));
#4043 = PCURVE('',#1582,#4044);
#4044 = DEFINITIONAL_REPRESENTATION('',(#4045),#4048);
#4045 = B_SPLINE_CURVE_WITH_KNOTS('',1,(#4046,#4047),.UNSPECIFIED.,.F.,
  .F.,(2,2),(0.,0.650099013229),.PIECEWISE_BEZIER_KNOTS.);
#4046 = CARTESIAN_POINT('',(0.,16.));
#4047 = CARTESIAN_POINT('',(0.650099013229,16.));
#4048 = ( GEOMETRIC_REPRESENTATION_CONTEXT(2) 
PARAMETRIC_REPRESENTATION_CONTEXT() REPRESENTATION_CONTEXT('2D SPACE',''
  ) );
#4049 = PCURVE('',#1557,#4050);
#4050 = DEFINITIONAL_REPRESENTATION('',(#4051),#4054);
#4051 = B_SPLINE_CURVE_WITH_KNOTS('',1,(#4052,#4053),.UNSPECIFIED.,.F.,
  .F.,(2,2),(0.,0.650099013229),.PIECEWISE_BEZIER_KNOTS.);
#4052 = CARTESIAN_POINT('',(-4.712388980385,0.));
#4053 = CARTESIAN_POINT('',(-4.712388980385,-0.65));
#4054 = ( GEOMETRIC_REPRESENTATION_CONTEXT(2) 
PARAMETRIC_REPRESENTATION_CONTEXT() REPRESENTATION_CONTEXT('2D SPACE',''
  ) );
#4055 = ORIENTED_EDGE('',*,*,#1569,.T.);
#4056 = ORIENTED_EDGE('',*,*,#3937,.T.);
#4057 = ORIENTED_EDGE('',*,*,#4058,.T.);
#4058 = EDGE_CURVE('',#3938,#4036,#4059,.T.);
#4059 = SURFACE_CURVE('',#4060,(#4064,#4071),.PCURVE_S1.);
#4060 = LINE('',#4061,#4062);
#4061 = CARTESIAN_POINT('',(0.,-38.98865420779,0.15));
#4062 = VECTOR('',#4063,1.);
#4063 = DIRECTION('',(1.,0.,0.));
#4064 = PCURVE('',#1582,#4065);
#4065 = DEFINITIONAL_REPRESENTATION('',(#4066),#4070);
#4066 = LINE('',#4067,#4068);
#4067 = CARTESIAN_POINT('',(0.650099013229,0.));
#4068 = VECTOR('',#4069,1.);
#4069 = DIRECTION('',(0.,1.));
#4070 = ( GEOMETRIC_REPRESENTATION_CONTEXT(2) 
PARAMETRIC_REPRESENTATION_CONTEXT() REPRESENTATION_CONTEXT('2D SPACE',''
  ) );
#4071 = PCURVE('',#3973,#4072);
#4072 = DEFINITIONAL_REPRESENTATION('',(#4073),#4077);
#4073 = LINE('',#4074,#4075);
#4074 = CARTESIAN_POINT('',(0.,-10.98865420779));
#4075 = VECTOR('',#4076,1.);
#4076 = DIRECTION('',(1.,0.));
#4077 = ( GEOMETRIC_REPRESENTATION_CONTEXT(2) 
PARAMETRIC_REPRESENTATION_CONTEXT() REPRESENTATION_CONTEXT('2D SPACE',''
  ) );
#4078 = ADVANCED_FACE('',(#4079),#1447,.F.);
#4079 = FACE_BOUND('',#4080,.F.);
#4080 = EDGE_LOOP('',(#4081,#4102,#4103,#4104));
#4081 = ORIENTED_EDGE('',*,*,#4082,.F.);
#4082 = EDGE_CURVE('',#1431,#4083,#4085,.T.);
#4083 = VERTEX_POINT('',#4084);
#4084 = CARTESIAN_POINT('',(-16.,-17.0113457922,0.15));
#4085 = SURFACE_CURVE('',#4086,(#4090,#4096),.PCURVE_S1.);
#4086 = LINE('',#4087,#4088);
#4087 = CARTESIAN_POINT('',(-16.,-17.,-0.5));
#4088 = VECTOR('',#4089,1.);
#4089 = DIRECTION('',(0.,-1.745240643728E-02,0.999847695156));
#4090 = PCURVE('',#1447,#4091);
#4091 = DEFINITIONAL_REPRESENTATION('',(#4092),#4095);
#4092 = B_SPLINE_CURVE_WITH_KNOTS('',1,(#4093,#4094),.UNSPECIFIED.,.F.,
  .F.,(2,2),(0.,0.650099013229),.PIECEWISE_BEZIER_KNOTS.);
#4093 = CARTESIAN_POINT('',(-1.570796326795,0.));
#4094 = CARTESIAN_POINT('',(-1.570796326795,-0.65));
#4095 = ( GEOMETRIC_REPRESENTATION_CONTEXT(2) 
PARAMETRIC_REPRESENTATION_CONTEXT() REPRESENTATION_CONTEXT('2D SPACE',''
  ) );
#4096 = PCURVE('',#1474,#4097);
#4097 = DEFINITIONAL_REPRESENTATION('',(#4098),#4101);
#4098 = B_SPLINE_CURVE_WITH_KNOTS('',1,(#4099,#4100),.UNSPECIFIED.,.F.,
  .F.,(2,2),(0.,0.650099013229),.PIECEWISE_BEZIER_KNOTS.);
#4099 = CARTESIAN_POINT('',(0.,16.));
#4100 = CARTESIAN_POINT('',(0.650099013229,16.));
#4101 = ( GEOMETRIC_REPRESENTATION_CONTEXT(2) 
PARAMETRIC_REPRESENTATION_CONTEXT() REPRESENTATION_CONTEXT('2D SPACE',''
  ) );
#4102 = ORIENTED_EDGE('',*,*,#1430,.T.);
#4103 = ORIENTED_EDGE('',*,*,#3989,.T.);
#4104 = ORIENTED_EDGE('',*,*,#4105,.F.);
#4105 = EDGE_CURVE('',#4083,#3990,#4106,.T.);
#4106 = SURFACE_CURVE('',#4107,(#4112,#4119),.PCURVE_S1.);
#4107 = CIRCLE('',#4108,1.988654207797);
#4108 = AXIS2_PLACEMENT_3D('',#4109,#4110,#4111);
#4109 = CARTESIAN_POINT('',(-16.,-19.,0.15));
#4110 = DIRECTION('',(0.,0.,1.));
#4111 = DIRECTION('',(1.,0.,0.));
#4112 = PCURVE('',#1447,#4113);
#4113 = DEFINITIONAL_REPRESENTATION('',(#4114),#4118);
#4114 = LINE('',#4115,#4116);
#4115 = CARTESIAN_POINT('',(-0.,-0.65));
#4116 = VECTOR('',#4117,1.);
#4117 = DIRECTION('',(-1.,-0.));
#4118 = ( GEOMETRIC_REPRESENTATION_CONTEXT(2) 
PARAMETRIC_REPRESENTATION_CONTEXT() REPRESENTATION_CONTEXT('2D SPACE',''
  ) );
#4119 = PCURVE('',#3973,#4120);
#4120 = DEFINITIONAL_REPRESENTATION('',(#4121),#4125);
#4121 = CIRCLE('',#4122,1.988654207797);
#4122 = AXIS2_PLACEMENT_2D('',#4123,#4124);
#4123 = CARTESIAN_POINT('',(-16.,9.));
#4124 = DIRECTION('',(1.,0.));
#4125 = ( GEOMETRIC_REPRESENTATION_CONTEXT(2) 
PARAMETRIC_REPRESENTATION_CONTEXT() REPRESENTATION_CONTEXT('2D SPACE',''
  ) );
#4126 = ADVANCED_FACE('',(#4127),#1557,.F.);
#4127 = FACE_BOUND('',#4128,.F.);
#4128 = EDGE_LOOP('',(#4129,#4130,#4131,#4152));
#4129 = ORIENTED_EDGE('',*,*,#4035,.F.);
#4130 = ORIENTED_EDGE('',*,*,#1540,.T.);
#4131 = ORIENTED_EDGE('',*,*,#4132,.T.);
#4132 = EDGE_CURVE('',#1515,#4133,#4135,.T.);
#4133 = VERTEX_POINT('',#4134);
#4134 = CARTESIAN_POINT('',(17.988654207797,-37.,0.15));
#4135 = SURFACE_CURVE('',#4136,(#4140,#4146),.PCURVE_S1.);
#4136 = LINE('',#4137,#4138);
#4137 = CARTESIAN_POINT('',(18.,-37.,-0.5));
#4138 = VECTOR('',#4139,1.);
#4139 = DIRECTION('',(-1.745240643728E-02,4.274606736168E-18,
    0.999847695156));
#4140 = PCURVE('',#1557,#4141);
#4141 = DEFINITIONAL_REPRESENTATION('',(#4142),#4145);
#4142 = B_SPLINE_CURVE_WITH_KNOTS('',1,(#4143,#4144),.UNSPECIFIED.,.F.,
  .F.,(2,2),(0.,0.650099013229),.PIECEWISE_BEZIER_KNOTS.);
#4143 = CARTESIAN_POINT('',(-6.28318530718,0.));
#4144 = CARTESIAN_POINT('',(-6.28318530718,-0.65));
#4145 = ( GEOMETRIC_REPRESENTATION_CONTEXT(2) 
PARAMETRIC_REPRESENTATION_CONTEXT() REPRESENTATION_CONTEXT('2D SPACE',''
  ) );
#4146 = PCURVE('',#1529,#4147);
#4147 = DEFINITIONAL_REPRESENTATION('',(#4148),#4151);
#4148 = B_SPLINE_CURVE_WITH_KNOTS('',1,(#4149,#4150),.UNSPECIFIED.,.F.,
  .F.,(2,2),(0.,0.650099013229),.PIECEWISE_BEZIER_KNOTS.);
#4149 = CARTESIAN_POINT('',(0.,-9.));
#4150 = CARTESIAN_POINT('',(0.650099013229,-9.));
#4151 = ( GEOMETRIC_REPRESENTATION_CONTEXT(2) 
PARAMETRIC_REPRESENTATION_CONTEXT() REPRESENTATION_CONTEXT('2D SPACE',''
  ) );
#4152 = ORIENTED_EDGE('',*,*,#4153,.F.);
#4153 = EDGE_CURVE('',#4036,#4133,#4154,.T.);
#4154 = SURFACE_CURVE('',#4155,(#4160,#4167),.PCURVE_S1.);
#4155 = CIRCLE('',#4156,1.988654207797);
#4156 = AXIS2_PLACEMENT_3D('',#4157,#4158,#4159);
#4157 = CARTESIAN_POINT('',(16.,-37.,0.15));
#4158 = DIRECTION('',(0.,0.,1.));
#4159 = DIRECTION('',(1.,0.,0.));
#4160 = PCURVE('',#1557,#4161);
#4161 = DEFINITIONAL_REPRESENTATION('',(#4162),#4166);
#4162 = LINE('',#4163,#4164);
#4163 = CARTESIAN_POINT('',(-0.,-0.65));
#4164 = VECTOR('',#4165,1.);
#4165 = DIRECTION('',(-1.,-0.));
#4166 = ( GEOMETRIC_REPRESENTATION_CONTEXT(2) 
PARAMETRIC_REPRESENTATION_CONTEXT() REPRESENTATION_CONTEXT('2D SPACE',''
  ) );
#4167 = PCURVE('',#3973,#4168);
#4168 = DEFINITIONAL_REPRESENTATION('',(#4169),#4173);
#4169 = CIRCLE('',#4170,1.988654207797);
#4170 = AXIS2_PLACEMENT_2D('',#4171,#4172);
#4171 = CARTESIAN_POINT('',(16.,-9.));
#4172 = DIRECTION('',(1.,0.));
#4173 = ( GEOMETRIC_REPRESENTATION_CONTEXT(2) 
PARAMETRIC_REPRESENTATION_CONTEXT() REPRESENTATION_CONTEXT('2D SPACE',''
  ) );
#4174 = ADVANCED_FACE('',(#4175),#1474,.T.);
#4175 = FACE_BOUND('',#4176,.T.);
#4176 = EDGE_LOOP('',(#4177,#4178,#4199,#4220));
#4177 = ORIENTED_EDGE('',*,*,#1459,.T.);
#4178 = ORIENTED_EDGE('',*,*,#4179,.T.);
#4179 = EDGE_CURVE('',#1460,#4180,#4182,.T.);
#4180 = VERTEX_POINT('',#4181);
#4181 = CARTESIAN_POINT('',(16.,-17.0113457922,0.15));
#4182 = SURFACE_CURVE('',#4183,(#4187,#4193),.PCURVE_S1.);
#4183 = LINE('',#4184,#4185);
#4184 = CARTESIAN_POINT('',(16.,-17.,-0.5));
#4185 = VECTOR('',#4186,1.);
#4186 = DIRECTION('',(-1.068651684042E-18,-1.745240643728E-02,
    0.999847695156));
#4187 = PCURVE('',#1474,#4188);
#4188 = DEFINITIONAL_REPRESENTATION('',(#4189),#4192);
#4189 = B_SPLINE_CURVE_WITH_KNOTS('',1,(#4190,#4191),.UNSPECIFIED.,.F.,
  .F.,(2,2),(0.,0.650099013229),.PIECEWISE_BEZIER_KNOTS.);
#4190 = CARTESIAN_POINT('',(0.,-16.));
#4191 = CARTESIAN_POINT('',(0.650099013229,-16.));
#4192 = ( GEOMETRIC_REPRESENTATION_CONTEXT(2) 
PARAMETRIC_REPRESENTATION_CONTEXT() REPRESENTATION_CONTEXT('2D SPACE',''
  ) );
#4193 = PCURVE('',#1502,#4194);
#4194 = DEFINITIONAL_REPRESENTATION('',(#4195),#4198);
#4195 = B_SPLINE_CURVE_WITH_KNOTS('',1,(#4196,#4197),.UNSPECIFIED.,.F.,
  .F.,(2,2),(0.,0.650099013229),.PIECEWISE_BEZIER_KNOTS.);
#4196 = CARTESIAN_POINT('',(-1.570796326795,0.));
#4197 = CARTESIAN_POINT('',(-1.570796326795,-0.65));
#4198 = ( GEOMETRIC_REPRESENTATION_CONTEXT(2) 
PARAMETRIC_REPRESENTATION_CONTEXT() REPRESENTATION_CONTEXT('2D SPACE',''
  ) );
#4199 = ORIENTED_EDGE('',*,*,#4200,.T.);
#4200 = EDGE_CURVE('',#4180,#4083,#4201,.T.);
#4201 = SURFACE_CURVE('',#4202,(#4206,#4213),.PCURVE_S1.);
#4202 = LINE('',#4203,#4204);
#4203 = CARTESIAN_POINT('',(0.,-17.0113457922,0.15));
#4204 = VECTOR('',#4205,1.);
#4205 = DIRECTION('',(-1.,0.,0.));
#4206 = PCURVE('',#1474,#4207);
#4207 = DEFINITIONAL_REPRESENTATION('',(#4208),#4212);
#4208 = LINE('',#4209,#4210);
#4209 = CARTESIAN_POINT('',(0.650099013229,0.));
#4210 = VECTOR('',#4211,1.);
#4211 = DIRECTION('',(0.,1.));
#4212 = ( GEOMETRIC_REPRESENTATION_CONTEXT(2) 
PARAMETRIC_REPRESENTATION_CONTEXT() REPRESENTATION_CONTEXT('2D SPACE',''
  ) );
#4213 = PCURVE('',#3973,#4214);
#4214 = DEFINITIONAL_REPRESENTATION('',(#4215),#4219);
#4215 = LINE('',#4216,#4217);
#4216 = CARTESIAN_POINT('',(0.,10.988654207797));
#4217 = VECTOR('',#4218,1.);
#4218 = DIRECTION('',(-1.,-0.));
#4219 = ( GEOMETRIC_REPRESENTATION_CONTEXT(2) 
PARAMETRIC_REPRESENTATION_CONTEXT() REPRESENTATION_CONTEXT('2D SPACE',''
  ) );
#4220 = ORIENTED_EDGE('',*,*,#4082,.F.);
#4221 = ADVANCED_FACE('',(#4222),#1529,.T.);
#4222 = FACE_BOUND('',#4223,.T.);
#4223 = EDGE_LOOP('',(#4224,#4225,#4226,#4249));
#4224 = ORIENTED_EDGE('',*,*,#1514,.T.);
#4225 = ORIENTED_EDGE('',*,*,#4132,.T.);
#4226 = ORIENTED_EDGE('',*,*,#4227,.T.);
#4227 = EDGE_CURVE('',#4133,#4228,#4230,.T.);
#4228 = VERTEX_POINT('',#4229);
#4229 = CARTESIAN_POINT('',(17.988654207797,-19.,0.15));
#4230 = SURFACE_CURVE('',#4231,(#4235,#4242),.PCURVE_S1.);
#4231 = LINE('',#4232,#4233);
#4232 = CARTESIAN_POINT('',(17.988654207797,-28.,0.15));
#4233 = VECTOR('',#4234,1.);
#4234 = DIRECTION('',(0.,1.,0.));
#4235 = PCURVE('',#1529,#4236);
#4236 = DEFINITIONAL_REPRESENTATION('',(#4237),#4241);
#4237 = LINE('',#4238,#4239);
#4238 = CARTESIAN_POINT('',(0.650099013229,0.));
#4239 = VECTOR('',#4240,1.);
#4240 = DIRECTION('',(0.,1.));
#4241 = ( GEOMETRIC_REPRESENTATION_CONTEXT(2) 
PARAMETRIC_REPRESENTATION_CONTEXT() REPRESENTATION_CONTEXT('2D SPACE',''
  ) );
#4242 = PCURVE('',#3973,#4243);
#4243 = DEFINITIONAL_REPRESENTATION('',(#4244),#4248);
#4244 = LINE('',#4245,#4246);
#4245 = CARTESIAN_POINT('',(17.988654207797,0.));
#4246 = VECTOR('',#4247,1.);
#4247 = DIRECTION('',(0.,1.));
#4248 = ( GEOMETRIC_REPRESENTATION_CONTEXT(2) 
PARAMETRIC_REPRESENTATION_CONTEXT() REPRESENTATION_CONTEXT('2D SPACE',''
  ) );
#4249 = ORIENTED_EDGE('',*,*,#4250,.F.);
#4250 = EDGE_CURVE('',#1486,#4228,#4251,.T.);
#4251 = SURFACE_CURVE('',#4252,(#4256,#4262),.PCURVE_S1.);
#4252 = LINE('',#4253,#4254);
#4253 = CARTESIAN_POINT('',(18.,-19.,-0.5));
#4254 = VECTOR('',#4255,1.);
#4255 = DIRECTION('',(-1.745240643728E-02,0.,0.999847695156));
#4256 = PCURVE('',#1529,#4257);
#4257 = DEFINITIONAL_REPRESENTATION('',(#4258),#4261);
#4258 = B_SPLINE_CURVE_WITH_KNOTS('',1,(#4259,#4260),.UNSPECIFIED.,.F.,
  .F.,(2,2),(0.,0.650099013229),.PIECEWISE_BEZIER_KNOTS.);
#4259 = CARTESIAN_POINT('',(0.,9.));
#4260 = CARTESIAN_POINT('',(0.650099013229,9.));
#4261 = ( GEOMETRIC_REPRESENTATION_CONTEXT(2) 
PARAMETRIC_REPRESENTATION_CONTEXT() REPRESENTATION_CONTEXT('2D SPACE',''
  ) );
#4262 = PCURVE('',#1502,#4263);
#4263 = DEFINITIONAL_REPRESENTATION('',(#4264),#4267);
#4264 = B_SPLINE_CURVE_WITH_KNOTS('',1,(#4265,#4266),.UNSPECIFIED.,.F.,
  .F.,(2,2),(0.,0.650099013229),.PIECEWISE_BEZIER_KNOTS.);
#4265 = CARTESIAN_POINT('',(0.,0.));
#4266 = CARTESIAN_POINT('',(0.,-0.65));
#4267 = ( GEOMETRIC_REPRESENTATION_CONTEXT(2) 
PARAMETRIC_REPRESENTATION_CONTEXT() REPRESENTATION_CONTEXT('2D SPACE',''
  ) );
#4268 = ADVANCED_FACE('',(#4269),#1502,.F.);
#4269 = FACE_BOUND('',#4270,.F.);
#4270 = EDGE_LOOP('',(#4271,#4272,#4273,#4274));
#4271 = ORIENTED_EDGE('',*,*,#4250,.F.);
#4272 = ORIENTED_EDGE('',*,*,#1485,.T.);
#4273 = ORIENTED_EDGE('',*,*,#4179,.T.);
#4274 = ORIENTED_EDGE('',*,*,#4275,.F.);
#4275 = EDGE_CURVE('',#4228,#4180,#4276,.T.);
#4276 = SURFACE_CURVE('',#4277,(#4282,#4289),.PCURVE_S1.);
#4277 = CIRCLE('',#4278,1.988654207797);
#4278 = AXIS2_PLACEMENT_3D('',#4279,#4280,#4281);
#4279 = CARTESIAN_POINT('',(16.,-19.,0.15));
#4280 = DIRECTION('',(0.,0.,1.));
#4281 = DIRECTION('',(1.,0.,0.));
#4282 = PCURVE('',#1502,#4283);
#4283 = DEFINITIONAL_REPRESENTATION('',(#4284),#4288);
#4284 = LINE('',#4285,#4286);
#4285 = CARTESIAN_POINT('',(-0.,-0.65));
#4286 = VECTOR('',#4287,1.);
#4287 = DIRECTION('',(-1.,-0.));
#4288 = ( GEOMETRIC_REPRESENTATION_CONTEXT(2) 
PARAMETRIC_REPRESENTATION_CONTEXT() REPRESENTATION_CONTEXT('2D SPACE',''
  ) );
#4289 = PCURVE('',#3973,#4290);
#4290 = DEFINITIONAL_REPRESENTATION('',(#4291),#4295);
#4291 = CIRCLE('',#4292,1.988654207797);
#4292 = AXIS2_PLACEMENT_2D('',#4293,#4294);
#4293 = CARTESIAN_POINT('',(16.,9.));
#4294 = DIRECTION('',(1.,-2.449293598295E-16));
#4295 = ( GEOMETRIC_REPRESENTATION_CONTEXT(2) 
PARAMETRIC_REPRESENTATION_CONTEXT() REPRESENTATION_CONTEXT('2D SPACE',''
  ) );
#4296 = ADVANCED_FACE('',(#4297),#1612,.F.);
#4297 = FACE_BOUND('',#4298,.F.);
#4298 = EDGE_LOOP('',(#4299,#4322,#4349,#4350));
#4299 = ORIENTED_EDGE('',*,*,#4300,.T.);
#4300 = EDGE_CURVE('',#1596,#4301,#4303,.T.);
#4301 = VERTEX_POINT('',#4302);
#4302 = CARTESIAN_POINT('',(22.620416259766,-45.,3.2));
#4303 = SEAM_CURVE('',#4304,(#4308,#4315),.PCURVE_S1.);
#4304 = LINE('',#4305,#4306);
#4305 = CARTESIAN_POINT('',(22.685,-45.,-0.5));
#4306 = VECTOR('',#4307,1.);
#4307 = DIRECTION('',(-1.745240643728E-02,4.274606736168E-18,
    0.999847695156));
#4308 = PCURVE('',#1612,#4309);
#4309 = DEFINITIONAL_REPRESENTATION('',(#4310),#4314);
#4310 = LINE('',#4311,#4312);
#4311 = CARTESIAN_POINT('',(-6.28318530718,0.));
#4312 = VECTOR('',#4313,1.);
#4313 = DIRECTION('',(-0.,-1.));
#4314 = ( GEOMETRIC_REPRESENTATION_CONTEXT(2) 
PARAMETRIC_REPRESENTATION_CONTEXT() REPRESENTATION_CONTEXT('2D SPACE',''
  ) );
#4315 = PCURVE('',#1612,#4316);
#4316 = DEFINITIONAL_REPRESENTATION('',(#4317),#4321);
#4317 = LINE('',#4318,#4319);
#4318 = CARTESIAN_POINT('',(0.,-0.));
#4319 = VECTOR('',#4320,1.);
#4320 = DIRECTION('',(-0.,-1.));
#4321 = ( GEOMETRIC_REPRESENTATION_CONTEXT(2) 
PARAMETRIC_REPRESENTATION_CONTEXT() REPRESENTATION_CONTEXT('2D SPACE',''
  ) );
#4322 = ORIENTED_EDGE('',*,*,#4323,.F.);
#4323 = EDGE_CURVE('',#4301,#4301,#4324,.T.);
#4324 = SURFACE_CURVE('',#4325,(#4330,#4337),.PCURVE_S1.);
#4325 = CIRCLE('',#4326,2.620416259766);
#4326 = AXIS2_PLACEMENT_3D('',#4327,#4328,#4329);
#4327 = CARTESIAN_POINT('',(20.,-45.,3.2));
#4328 = DIRECTION('',(0.,0.,1.));
#4329 = DIRECTION('',(1.,0.,0.));
#4330 = PCURVE('',#1612,#4331);
#4331 = DEFINITIONAL_REPRESENTATION('',(#4332),#4336);
#4332 = LINE('',#4333,#4334);
#4333 = CARTESIAN_POINT('',(-0.,-3.7));
#4334 = VECTOR('',#4335,1.);
#4335 = DIRECTION('',(-1.,-0.));
#4336 = ( GEOMETRIC_REPRESENTATION_CONTEXT(2) 
PARAMETRIC_REPRESENTATION_CONTEXT() REPRESENTATION_CONTEXT('2D SPACE',''
  ) );
#4337 = PCURVE('',#4338,#4343);
#4338 = PLANE('',#4339);
#4339 = AXIS2_PLACEMENT_3D('',#4340,#4341,#4342);
#4340 = CARTESIAN_POINT('',(20.,-45.,3.2));
#4341 = DIRECTION('',(0.,0.,1.));
#4342 = DIRECTION('',(1.,0.,0.));
#4343 = DEFINITIONAL_REPRESENTATION('',(#4344),#4348);
#4344 = CIRCLE('',#4345,2.620416259766);
#4345 = AXIS2_PLACEMENT_2D('',#4346,#4347);
#4346 = CARTESIAN_POINT('',(0.,0.));
#4347 = DIRECTION('',(1.,0.));
#4348 = ( GEOMETRIC_REPRESENTATION_CONTEXT(2) 
PARAMETRIC_REPRESENTATION_CONTEXT() REPRESENTATION_CONTEXT('2D SPACE',''
  ) );
#4349 = ORIENTED_EDGE('',*,*,#4300,.F.);
#4350 = ORIENTED_EDGE('',*,*,#1595,.T.);
#4351 = ADVANCED_FACE('',(#4352),#1643,.F.);
#4352 = FACE_BOUND('',#4353,.F.);
#4353 = EDGE_LOOP('',(#4354,#4377,#4404,#4405));
#4354 = ORIENTED_EDGE('',*,*,#4355,.T.);
#4355 = EDGE_CURVE('',#1627,#4356,#4358,.T.);
#4356 = VERTEX_POINT('',#4357);
#4357 = CARTESIAN_POINT('',(-19.0321286753,54.19,2.2));
#4358 = SEAM_CURVE('',#4359,(#4363,#4370),.PCURVE_S1.);
#4359 = LINE('',#4360,#4361);
#4360 = CARTESIAN_POINT('',(-18.985,54.19,-0.5));
#4361 = VECTOR('',#4362,1.);
#4362 = DIRECTION('',(-1.745240643728E-02,4.274606736168E-18,
    0.999847695156));
#4363 = PCURVE('',#1643,#4364);
#4364 = DEFINITIONAL_REPRESENTATION('',(#4365),#4369);
#4365 = LINE('',#4366,#4367);
#4366 = CARTESIAN_POINT('',(-6.28318530718,0.));
#4367 = VECTOR('',#4368,1.);
#4368 = DIRECTION('',(-0.,-1.));
#4369 = ( GEOMETRIC_REPRESENTATION_CONTEXT(2) 
PARAMETRIC_REPRESENTATION_CONTEXT() REPRESENTATION_CONTEXT('2D SPACE',''
  ) );
#4370 = PCURVE('',#1643,#4371);
#4371 = DEFINITIONAL_REPRESENTATION('',(#4372),#4376);
#4372 = LINE('',#4373,#4374);
#4373 = CARTESIAN_POINT('',(0.,-0.));
#4374 = VECTOR('',#4375,1.);
#4375 = DIRECTION('',(-0.,-1.));
#4376 = ( GEOMETRIC_REPRESENTATION_CONTEXT(2) 
PARAMETRIC_REPRESENTATION_CONTEXT() REPRESENTATION_CONTEXT('2D SPACE',''
  ) );
#4377 = ORIENTED_EDGE('',*,*,#4378,.F.);
#4378 = EDGE_CURVE('',#4356,#4356,#4379,.T.);
#4379 = SURFACE_CURVE('',#4380,(#4385,#4392),.PCURVE_S1.);
#4380 = CIRCLE('',#4381,2.627871324694);
#4381 = AXIS2_PLACEMENT_3D('',#4382,#4383,#4384);
#4382 = CARTESIAN_POINT('',(-21.66,54.19,2.2));
#4383 = DIRECTION('',(0.,0.,1.));
#4384 = DIRECTION('',(1.,0.,0.));
#4385 = PCURVE('',#1643,#4386);
#4386 = DEFINITIONAL_REPRESENTATION('',(#4387),#4391);
#4387 = LINE('',#4388,#4389);
#4388 = CARTESIAN_POINT('',(-0.,-2.7));
#4389 = VECTOR('',#4390,1.);
#4390 = DIRECTION('',(-1.,-0.));
#4391 = ( GEOMETRIC_REPRESENTATION_CONTEXT(2) 
PARAMETRIC_REPRESENTATION_CONTEXT() REPRESENTATION_CONTEXT('2D SPACE',''
  ) );
#4392 = PCURVE('',#4393,#4398);
#4393 = PLANE('',#4394);
#4394 = AXIS2_PLACEMENT_3D('',#4395,#4396,#4397);
#4395 = CARTESIAN_POINT('',(-21.66,54.19,2.2));
#4396 = DIRECTION('',(0.,0.,1.));
#4397 = DIRECTION('',(1.,0.,0.));
#4398 = DEFINITIONAL_REPRESENTATION('',(#4399),#4403);
#4399 = CIRCLE('',#4400,2.627871324694);
#4400 = AXIS2_PLACEMENT_2D('',#4401,#4402);
#4401 = CARTESIAN_POINT('',(0.,0.));
#4402 = DIRECTION('',(1.,0.));
#4403 = ( GEOMETRIC_REPRESENTATION_CONTEXT(2) 
PARAMETRIC_REPRESENTATION_CONTEXT() REPRESENTATION_CONTEXT('2D SPACE',''
  ) );
#4404 = ORIENTED_EDGE('',*,*,#4355,.F.);
#4405 = ORIENTED_EDGE('',*,*,#1626,.T.);
#4406 = ADVANCED_FACE('',(#4407),#1674,.F.);
#4407 = FACE_BOUND('',#4408,.F.);
#4408 = EDGE_LOOP('',(#4409,#4432,#4459,#4460));
#4409 = ORIENTED_EDGE('',*,*,#4410,.T.);
#4410 = EDGE_CURVE('',#1658,#4411,#4413,.T.);
#4411 = VERTEX_POINT('',#4412);
#4412 = CARTESIAN_POINT('',(-7.807455064928,45.,0.5));
#4413 = SEAM_CURVE('',#4414,(#4418,#4425),.PCURVE_S1.);
#4414 = LINE('',#4415,#4416);
#4415 = CARTESIAN_POINT('',(-7.79,45.,-0.5));
#4416 = VECTOR('',#4417,1.);
#4417 = DIRECTION('',(-1.745240643728E-02,4.274606736168E-18,
    0.999847695156));
#4418 = PCURVE('',#1674,#4419);
#4419 = DEFINITIONAL_REPRESENTATION('',(#4420),#4424);
#4420 = LINE('',#4421,#4422);
#4421 = CARTESIAN_POINT('',(-6.28318530718,0.));
#4422 = VECTOR('',#4423,1.);
#4423 = DIRECTION('',(-0.,-1.));
#4424 = ( GEOMETRIC_REPRESENTATION_CONTEXT(2) 
PARAMETRIC_REPRESENTATION_CONTEXT() REPRESENTATION_CONTEXT('2D SPACE',''
  ) );
#4425 = PCURVE('',#1674,#4426);
#4426 = DEFINITIONAL_REPRESENTATION('',(#4427),#4431);
#4427 = LINE('',#4428,#4429);
#4428 = CARTESIAN_POINT('',(0.,-0.));
#4429 = VECTOR('',#4430,1.);
#4430 = DIRECTION('',(-0.,-1.));
#4431 = ( GEOMETRIC_REPRESENTATION_CONTEXT(2) 
PARAMETRIC_REPRESENTATION_CONTEXT() REPRESENTATION_CONTEXT('2D SPACE',''
  ) );
#4432 = ORIENTED_EDGE('',*,*,#4433,.F.);
#4433 = EDGE_CURVE('',#4411,#4411,#4434,.T.);
#4434 = SURFACE_CURVE('',#4435,(#4440,#4447),.PCURVE_S1.);
#4435 = CIRCLE('',#4436,4.192544935072);
#4436 = AXIS2_PLACEMENT_3D('',#4437,#4438,#4439);
#4437 = CARTESIAN_POINT('',(-12.,45.,0.5));
#4438 = DIRECTION('',(0.,0.,1.));
#4439 = DIRECTION('',(1.,0.,0.));
#4440 = PCURVE('',#1674,#4441);
#4441 = DEFINITIONAL_REPRESENTATION('',(#4442),#4446);
#4442 = LINE('',#4443,#4444);
#4443 = CARTESIAN_POINT('',(-0.,-1.));
#4444 = VECTOR('',#4445,1.);
#4445 = DIRECTION('',(-1.,-0.));
#4446 = ( GEOMETRIC_REPRESENTATION_CONTEXT(2) 
PARAMETRIC_REPRESENTATION_CONTEXT() REPRESENTATION_CONTEXT('2D SPACE',''
  ) );
#4447 = PCURVE('',#4448,#4453);
#4448 = PLANE('',#4449);
#4449 = AXIS2_PLACEMENT_3D('',#4450,#4451,#4452);
#4450 = CARTESIAN_POINT('',(-12.,45.,0.5));
#4451 = DIRECTION('',(0.,0.,1.));
#4452 = DIRECTION('',(1.,0.,0.));
#4453 = DEFINITIONAL_REPRESENTATION('',(#4454),#4458);
#4454 = CIRCLE('',#4455,4.192544935072);
#4455 = AXIS2_PLACEMENT_2D('',#4456,#4457);
#4456 = CARTESIAN_POINT('',(0.,0.));
#4457 = DIRECTION('',(1.,0.));
#4458 = ( GEOMETRIC_REPRESENTATION_CONTEXT(2) 
PARAMETRIC_REPRESENTATION_CONTEXT() REPRESENTATION_CONTEXT('2D SPACE',''
  ) );
#4459 = ORIENTED_EDGE('',*,*,#4410,.F.);
#4460 = ORIENTED_EDGE('',*,*,#1657,.T.);
#4461 = ADVANCED_FACE('',(#4462),#1705,.F.);
#4462 = FACE_BOUND('',#4463,.F.);
#4463 = EDGE_LOOP('',(#4464,#4465,#4488,#4516));
#4464 = ORIENTED_EDGE('',*,*,#1688,.T.);
#4465 = ORIENTED_EDGE('',*,*,#4466,.T.);
#4466 = EDGE_CURVE('',#1691,#4467,#4469,.T.);
#4467 = VERTEX_POINT('',#4468);
#4468 = CARTESIAN_POINT('',(-18.75,-10.,1.E-02));
#4469 = SURFACE_CURVE('',#4470,(#4474,#4481),.PCURVE_S1.);
#4470 = LINE('',#4471,#4472);
#4471 = CARTESIAN_POINT('',(-18.75,-10.,-0.5));
#4472 = VECTOR('',#4473,1.);
#4473 = DIRECTION('',(0.,0.,1.));
#4474 = PCURVE('',#1705,#4475);
#4475 = DEFINITIONAL_REPRESENTATION('',(#4476),#4480);
#4476 = LINE('',#4477,#4478);
#4477 = CARTESIAN_POINT('',(0.,0.));
#4478 = VECTOR('',#4479,1.);
#4479 = DIRECTION('',(0.,-1.));
#4480 = ( GEOMETRIC_REPRESENTATION_CONTEXT(2) 
PARAMETRIC_REPRESENTATION_CONTEXT() REPRESENTATION_CONTEXT('2D SPACE',''
  ) );
#4481 = PCURVE('',#1912,#4482);
#4482 = DEFINITIONAL_REPRESENTATION('',(#4483),#4487);
#4483 = LINE('',#4484,#4485);
#4484 = CARTESIAN_POINT('',(-3.14159265359,0.));
#4485 = VECTOR('',#4486,1.);
#4486 = DIRECTION('',(-0.,-1.));
#4487 = ( GEOMETRIC_REPRESENTATION_CONTEXT(2) 
PARAMETRIC_REPRESENTATION_CONTEXT() REPRESENTATION_CONTEXT('2D SPACE',''
  ) );
#4488 = ORIENTED_EDGE('',*,*,#4489,.T.);
#4489 = EDGE_CURVE('',#4467,#4490,#4492,.T.);
#4490 = VERTEX_POINT('',#4491);
#4491 = CARTESIAN_POINT('',(-18.75,28.,1.E-02));
#4492 = SURFACE_CURVE('',#4493,(#4497,#4504),.PCURVE_S1.);
#4493 = LINE('',#4494,#4495);
#4494 = CARTESIAN_POINT('',(-18.75,9.,1.E-02));
#4495 = VECTOR('',#4496,1.);
#4496 = DIRECTION('',(0.,1.,0.));
#4497 = PCURVE('',#1705,#4498);
#4498 = DEFINITIONAL_REPRESENTATION('',(#4499),#4503);
#4499 = LINE('',#4500,#4501);
#4500 = CARTESIAN_POINT('',(19.,-0.51));
#4501 = VECTOR('',#4502,1.);
#4502 = DIRECTION('',(1.,0.));
#4503 = ( GEOMETRIC_REPRESENTATION_CONTEXT(2) 
PARAMETRIC_REPRESENTATION_CONTEXT() REPRESENTATION_CONTEXT('2D SPACE',''
  ) );
#4504 = PCURVE('',#4505,#4510);
#4505 = PLANE('',#4506);
#4506 = AXIS2_PLACEMENT_3D('',#4507,#4508,#4509);
#4507 = CARTESIAN_POINT('',(0.,9.,1.E-02));
#4508 = DIRECTION('',(0.,0.,1.));
#4509 = DIRECTION('',(1.,0.,0.));
#4510 = DEFINITIONAL_REPRESENTATION('',(#4511),#4515);
#4511 = LINE('',#4512,#4513);
#4512 = CARTESIAN_POINT('',(-18.75,0.));
#4513 = VECTOR('',#4514,1.);
#4514 = DIRECTION('',(0.,1.));
#4515 = ( GEOMETRIC_REPRESENTATION_CONTEXT(2) 
PARAMETRIC_REPRESENTATION_CONTEXT() REPRESENTATION_CONTEXT('2D SPACE',''
  ) );
#4516 = ORIENTED_EDGE('',*,*,#4517,.F.);
#4517 = EDGE_CURVE('',#1689,#4490,#4518,.T.);
#4518 = SURFACE_CURVE('',#4519,(#4523,#4530),.PCURVE_S1.);
#4519 = LINE('',#4520,#4521);
#4520 = CARTESIAN_POINT('',(-18.75,28.,-0.5));
#4521 = VECTOR('',#4522,1.);
#4522 = DIRECTION('',(0.,0.,1.));
#4523 = PCURVE('',#1705,#4524);
#4524 = DEFINITIONAL_REPRESENTATION('',(#4525),#4529);
#4525 = LINE('',#4526,#4527);
#4526 = CARTESIAN_POINT('',(38.,0.));
#4527 = VECTOR('',#4528,1.);
#4528 = DIRECTION('',(0.,-1.));
#4529 = ( GEOMETRIC_REPRESENTATION_CONTEXT(2) 
PARAMETRIC_REPRESENTATION_CONTEXT() REPRESENTATION_CONTEXT('2D SPACE',''
  ) );
#4530 = PCURVE('',#1737,#4531);
#4531 = DEFINITIONAL_REPRESENTATION('',(#4532),#4536);
#4532 = LINE('',#4533,#4534);
#4533 = CARTESIAN_POINT('',(-3.14159265359,0.));
#4534 = VECTOR('',#4535,1.);
#4535 = DIRECTION('',(-0.,-1.));
#4536 = ( GEOMETRIC_REPRESENTATION_CONTEXT(2) 
PARAMETRIC_REPRESENTATION_CONTEXT() REPRESENTATION_CONTEXT('2D SPACE',''
  ) );
#4537 = ADVANCED_FACE('',(#4538),#1737,.F.);
#4538 = FACE_BOUND('',#4539,.T.);
#4539 = EDGE_LOOP('',(#4540,#4541,#4564,#4586));
#4540 = ORIENTED_EDGE('',*,*,#1716,.T.);
#4541 = ORIENTED_EDGE('',*,*,#4542,.T.);
#4542 = EDGE_CURVE('',#1717,#4543,#4545,.T.);
#4543 = VERTEX_POINT('',#4544);
#4544 = CARTESIAN_POINT('',(-15.5,31.25,1.E-02));
#4545 = SURFACE_CURVE('',#4546,(#4550,#4557),.PCURVE_S1.);
#4546 = LINE('',#4547,#4548);
#4547 = CARTESIAN_POINT('',(-15.5,31.25,-0.5));
#4548 = VECTOR('',#4549,1.);
#4549 = DIRECTION('',(0.,0.,1.));
#4550 = PCURVE('',#1737,#4551);
#4551 = DEFINITIONAL_REPRESENTATION('',(#4552),#4556);
#4552 = LINE('',#4553,#4554);
#4553 = CARTESIAN_POINT('',(-1.570796326795,0.));
#4554 = VECTOR('',#4555,1.);
#4555 = DIRECTION('',(-0.,-1.));
#4556 = ( GEOMETRIC_REPRESENTATION_CONTEXT(2) 
PARAMETRIC_REPRESENTATION_CONTEXT() REPRESENTATION_CONTEXT('2D SPACE',''
  ) );
#4557 = PCURVE('',#1764,#4558);
#4558 = DEFINITIONAL_REPRESENTATION('',(#4559),#4563);
#4559 = LINE('',#4560,#4561);
#4560 = CARTESIAN_POINT('',(0.,0.));
#4561 = VECTOR('',#4562,1.);
#4562 = DIRECTION('',(0.,-1.));
#4563 = ( GEOMETRIC_REPRESENTATION_CONTEXT(2) 
PARAMETRIC_REPRESENTATION_CONTEXT() REPRESENTATION_CONTEXT('2D SPACE',''
  ) );
#4564 = ORIENTED_EDGE('',*,*,#4565,.T.);
#4565 = EDGE_CURVE('',#4543,#4490,#4566,.T.);
#4566 = SURFACE_CURVE('',#4567,(#4572,#4579),.PCURVE_S1.);
#4567 = CIRCLE('',#4568,3.25);
#4568 = AXIS2_PLACEMENT_3D('',#4569,#4570,#4571);
#4569 = CARTESIAN_POINT('',(-15.5,28.,1.E-02));
#4570 = DIRECTION('',(0.,0.,1.));
#4571 = DIRECTION('',(1.,0.,0.));
#4572 = PCURVE('',#1737,#4573);
#4573 = DEFINITIONAL_REPRESENTATION('',(#4574),#4578);
#4574 = LINE('',#4575,#4576);
#4575 = CARTESIAN_POINT('',(-0.,-0.51));
#4576 = VECTOR('',#4577,1.);
#4577 = DIRECTION('',(-1.,0.));
#4578 = ( GEOMETRIC_REPRESENTATION_CONTEXT(2) 
PARAMETRIC_REPRESENTATION_CONTEXT() REPRESENTATION_CONTEXT('2D SPACE',''
  ) );
#4579 = PCURVE('',#4505,#4580);
#4580 = DEFINITIONAL_REPRESENTATION('',(#4581),#4585);
#4581 = CIRCLE('',#4582,3.25);
#4582 = AXIS2_PLACEMENT_2D('',#4583,#4584);
#4583 = CARTESIAN_POINT('',(-15.5,19.));
#4584 = DIRECTION('',(1.,0.));
#4585 = ( GEOMETRIC_REPRESENTATION_CONTEXT(2) 
PARAMETRIC_REPRESENTATION_CONTEXT() REPRESENTATION_CONTEXT('2D SPACE',''
  ) );
#4586 = ORIENTED_EDGE('',*,*,#4517,.F.);
#4587 = ADVANCED_FACE('',(#4588),#1912,.F.);
#4588 = FACE_BOUND('',#4589,.T.);
#4589 = EDGE_LOOP('',(#4590,#4591,#4592,#4616));
#4590 = ORIENTED_EDGE('',*,*,#1893,.T.);
#4591 = ORIENTED_EDGE('',*,*,#4466,.T.);
#4592 = ORIENTED_EDGE('',*,*,#4593,.T.);
#4593 = EDGE_CURVE('',#4467,#4594,#4596,.T.);
#4594 = VERTEX_POINT('',#4595);
#4595 = CARTESIAN_POINT('',(-15.5,-13.25,1.E-02));
#4596 = SURFACE_CURVE('',#4597,(#4602,#4609),.PCURVE_S1.);
#4597 = CIRCLE('',#4598,3.25);
#4598 = AXIS2_PLACEMENT_3D('',#4599,#4600,#4601);
#4599 = CARTESIAN_POINT('',(-15.5,-10.,1.E-02));
#4600 = DIRECTION('',(0.,0.,1.));
#4601 = DIRECTION('',(1.,0.,0.));
#4602 = PCURVE('',#1912,#4603);
#4603 = DEFINITIONAL_REPRESENTATION('',(#4604),#4608);
#4604 = LINE('',#4605,#4606);
#4605 = CARTESIAN_POINT('',(-0.,-0.51));
#4606 = VECTOR('',#4607,1.);
#4607 = DIRECTION('',(-1.,0.));
#4608 = ( GEOMETRIC_REPRESENTATION_CONTEXT(2) 
PARAMETRIC_REPRESENTATION_CONTEXT() REPRESENTATION_CONTEXT('2D SPACE',''
  ) );
#4609 = PCURVE('',#4505,#4610);
#4610 = DEFINITIONAL_REPRESENTATION('',(#4611),#4615);
#4611 = CIRCLE('',#4612,3.25);
#4612 = AXIS2_PLACEMENT_2D('',#4613,#4614);
#4613 = CARTESIAN_POINT('',(-15.5,-19.));
#4614 = DIRECTION('',(1.,0.));
#4615 = ( GEOMETRIC_REPRESENTATION_CONTEXT(2) 
PARAMETRIC_REPRESENTATION_CONTEXT() REPRESENTATION_CONTEXT('2D SPACE',''
  ) );
#4616 = ORIENTED_EDGE('',*,*,#4617,.F.);
#4617 = EDGE_CURVE('',#1868,#4594,#4618,.T.);
#4618 = SURFACE_CURVE('',#4619,(#4623,#4630),.PCURVE_S1.);
#4619 = LINE('',#4620,#4621);
#4620 = CARTESIAN_POINT('',(-15.5,-13.25,-0.5));
#4621 = VECTOR('',#4622,1.);
#4622 = DIRECTION('',(0.,0.,1.));
#4623 = PCURVE('',#1912,#4624);
#4624 = DEFINITIONAL_REPRESENTATION('',(#4625),#4629);
#4625 = LINE('',#4626,#4627);
#4626 = CARTESIAN_POINT('',(-4.712388980385,0.));
#4627 = VECTOR('',#4628,1.);
#4628 = DIRECTION('',(-0.,-1.));
#4629 = ( GEOMETRIC_REPRESENTATION_CONTEXT(2) 
PARAMETRIC_REPRESENTATION_CONTEXT() REPRESENTATION_CONTEXT('2D SPACE',''
  ) );
#4630 = PCURVE('',#1882,#4631);
#4631 = DEFINITIONAL_REPRESENTATION('',(#4632),#4636);
#4632 = LINE('',#4633,#4634);
#4633 = CARTESIAN_POINT('',(0.,0.));
#4634 = VECTOR('',#4635,1.);
#4635 = DIRECTION('',(0.,-1.));
#4636 = ( GEOMETRIC_REPRESENTATION_CONTEXT(2) 
PARAMETRIC_REPRESENTATION_CONTEXT() REPRESENTATION_CONTEXT('2D SPACE',''
  ) );
#4637 = ADVANCED_FACE('',(#4638),#1764,.F.);
#4638 = FACE_BOUND('',#4639,.F.);
#4639 = EDGE_LOOP('',(#4640,#4641,#4642,#4665));
#4640 = ORIENTED_EDGE('',*,*,#1749,.T.);
#4641 = ORIENTED_EDGE('',*,*,#4542,.T.);
#4642 = ORIENTED_EDGE('',*,*,#4643,.T.);
#4643 = EDGE_CURVE('',#4543,#4644,#4646,.T.);
#4644 = VERTEX_POINT('',#4645);
#4645 = CARTESIAN_POINT('',(15.5,31.25,1.E-02));
#4646 = SURFACE_CURVE('',#4647,(#4651,#4658),.PCURVE_S1.);
#4647 = LINE('',#4648,#4649);
#4648 = CARTESIAN_POINT('',(0.,31.25,1.E-02));
#4649 = VECTOR('',#4650,1.);
#4650 = DIRECTION('',(1.,0.,0.));
#4651 = PCURVE('',#1764,#4652);
#4652 = DEFINITIONAL_REPRESENTATION('',(#4653),#4657);
#4653 = LINE('',#4654,#4655);
#4654 = CARTESIAN_POINT('',(15.5,-0.51));
#4655 = VECTOR('',#4656,1.);
#4656 = DIRECTION('',(1.,0.));
#4657 = ( GEOMETRIC_REPRESENTATION_CONTEXT(2) 
PARAMETRIC_REPRESENTATION_CONTEXT() REPRESENTATION_CONTEXT('2D SPACE',''
  ) );
#4658 = PCURVE('',#4505,#4659);
#4659 = DEFINITIONAL_REPRESENTATION('',(#4660),#4664);
#4660 = LINE('',#4661,#4662);
#4661 = CARTESIAN_POINT('',(0.,22.25));
#4662 = VECTOR('',#4663,1.);
#4663 = DIRECTION('',(1.,0.));
#4664 = ( GEOMETRIC_REPRESENTATION_CONTEXT(2) 
PARAMETRIC_REPRESENTATION_CONTEXT() REPRESENTATION_CONTEXT('2D SPACE',''
  ) );
#4665 = ORIENTED_EDGE('',*,*,#4666,.F.);
#4666 = EDGE_CURVE('',#1750,#4644,#4667,.T.);
#4667 = SURFACE_CURVE('',#4668,(#4672,#4679),.PCURVE_S1.);
#4668 = LINE('',#4669,#4670);
#4669 = CARTESIAN_POINT('',(15.5,31.25,-0.5));
#4670 = VECTOR('',#4671,1.);
#4671 = DIRECTION('',(0.,0.,1.));
#4672 = PCURVE('',#1764,#4673);
#4673 = DEFINITIONAL_REPRESENTATION('',(#4674),#4678);
#4674 = LINE('',#4675,#4676);
#4675 = CARTESIAN_POINT('',(31.,0.));
#4676 = VECTOR('',#4677,1.);
#4677 = DIRECTION('',(0.,-1.));
#4678 = ( GEOMETRIC_REPRESENTATION_CONTEXT(2) 
PARAMETRIC_REPRESENTATION_CONTEXT() REPRESENTATION_CONTEXT('2D SPACE',''
  ) );
#4679 = PCURVE('',#1796,#4680);
#4680 = DEFINITIONAL_REPRESENTATION('',(#4681),#4685);
#4681 = LINE('',#4682,#4683);
#4682 = CARTESIAN_POINT('',(-1.570796326795,0.));
#4683 = VECTOR('',#4684,1.);
#4684 = DIRECTION('',(-0.,-1.));
#4685 = ( GEOMETRIC_REPRESENTATION_CONTEXT(2) 
PARAMETRIC_REPRESENTATION_CONTEXT() REPRESENTATION_CONTEXT('2D SPACE',''
  ) );
#4686 = ADVANCED_FACE('',(#4687),#1882,.T.);
#4687 = FACE_BOUND('',#4688,.T.);
#4688 = EDGE_LOOP('',(#4689,#4690,#4691,#4714));
#4689 = ORIENTED_EDGE('',*,*,#1867,.T.);
#4690 = ORIENTED_EDGE('',*,*,#4617,.T.);
#4691 = ORIENTED_EDGE('',*,*,#4692,.T.);
#4692 = EDGE_CURVE('',#4594,#4693,#4695,.T.);
#4693 = VERTEX_POINT('',#4694);
#4694 = CARTESIAN_POINT('',(15.5,-13.25,1.E-02));
#4695 = SURFACE_CURVE('',#4696,(#4700,#4707),.PCURVE_S1.);
#4696 = LINE('',#4697,#4698);
#4697 = CARTESIAN_POINT('',(0.,-13.25,1.E-02));
#4698 = VECTOR('',#4699,1.);
#4699 = DIRECTION('',(1.,0.,0.));
#4700 = PCURVE('',#1882,#4701);
#4701 = DEFINITIONAL_REPRESENTATION('',(#4702),#4706);
#4702 = LINE('',#4703,#4704);
#4703 = CARTESIAN_POINT('',(15.5,-0.51));
#4704 = VECTOR('',#4705,1.);
#4705 = DIRECTION('',(1.,0.));
#4706 = ( GEOMETRIC_REPRESENTATION_CONTEXT(2) 
PARAMETRIC_REPRESENTATION_CONTEXT() REPRESENTATION_CONTEXT('2D SPACE',''
  ) );
#4707 = PCURVE('',#4505,#4708);
#4708 = DEFINITIONAL_REPRESENTATION('',(#4709),#4713);
#4709 = LINE('',#4710,#4711);
#4710 = CARTESIAN_POINT('',(0.,-22.25));
#4711 = VECTOR('',#4712,1.);
#4712 = DIRECTION('',(1.,0.));
#4713 = ( GEOMETRIC_REPRESENTATION_CONTEXT(2) 
PARAMETRIC_REPRESENTATION_CONTEXT() REPRESENTATION_CONTEXT('2D SPACE',''
  ) );
#4714 = ORIENTED_EDGE('',*,*,#4715,.F.);
#4715 = EDGE_CURVE('',#1835,#4693,#4716,.T.);
#4716 = SURFACE_CURVE('',#4717,(#4721,#4728),.PCURVE_S1.);
#4717 = LINE('',#4718,#4719);
#4718 = CARTESIAN_POINT('',(15.5,-13.25,-0.5));
#4719 = VECTOR('',#4720,1.);
#4720 = DIRECTION('',(0.,0.,1.));
#4721 = PCURVE('',#1882,#4722);
#4722 = DEFINITIONAL_REPRESENTATION('',(#4723),#4727);
#4723 = LINE('',#4724,#4725);
#4724 = CARTESIAN_POINT('',(31.,0.));
#4725 = VECTOR('',#4726,1.);
#4726 = DIRECTION('',(0.,-1.));
#4727 = ( GEOMETRIC_REPRESENTATION_CONTEXT(2) 
PARAMETRIC_REPRESENTATION_CONTEXT() REPRESENTATION_CONTEXT('2D SPACE',''
  ) );
#4728 = PCURVE('',#1855,#4729);
#4729 = DEFINITIONAL_REPRESENTATION('',(#4730),#4734);
#4730 = LINE('',#4731,#4732);
#4731 = CARTESIAN_POINT('',(-4.712388980385,0.));
#4732 = VECTOR('',#4733,1.);
#4733 = DIRECTION('',(-0.,-1.));
#4734 = ( GEOMETRIC_REPRESENTATION_CONTEXT(2) 
PARAMETRIC_REPRESENTATION_CONTEXT() REPRESENTATION_CONTEXT('2D SPACE',''
  ) );
#4735 = ADVANCED_FACE('',(#4736),#1796,.F.);
#4736 = FACE_BOUND('',#4737,.T.);
#4737 = EDGE_LOOP('',(#4738,#4739,#4762,#4784));
#4738 = ORIENTED_EDGE('',*,*,#1775,.T.);
#4739 = ORIENTED_EDGE('',*,*,#4740,.T.);
#4740 = EDGE_CURVE('',#1776,#4741,#4743,.T.);
#4741 = VERTEX_POINT('',#4742);
#4742 = CARTESIAN_POINT('',(18.75,28.,1.E-02));
#4743 = SURFACE_CURVE('',#4744,(#4748,#4755),.PCURVE_S1.);
#4744 = LINE('',#4745,#4746);
#4745 = CARTESIAN_POINT('',(18.75,28.,-0.5));
#4746 = VECTOR('',#4747,1.);
#4747 = DIRECTION('',(0.,0.,1.));
#4748 = PCURVE('',#1796,#4749);
#4749 = DEFINITIONAL_REPRESENTATION('',(#4750),#4754);
#4750 = LINE('',#4751,#4752);
#4751 = CARTESIAN_POINT('',(-0.,0.));
#4752 = VECTOR('',#4753,1.);
#4753 = DIRECTION('',(-0.,-1.));
#4754 = ( GEOMETRIC_REPRESENTATION_CONTEXT(2) 
PARAMETRIC_REPRESENTATION_CONTEXT() REPRESENTATION_CONTEXT('2D SPACE',''
  ) );
#4755 = PCURVE('',#1823,#4756);
#4756 = DEFINITIONAL_REPRESENTATION('',(#4757),#4761);
#4757 = LINE('',#4758,#4759);
#4758 = CARTESIAN_POINT('',(38.,0.));
#4759 = VECTOR('',#4760,1.);
#4760 = DIRECTION('',(0.,-1.));
#4761 = ( GEOMETRIC_REPRESENTATION_CONTEXT(2) 
PARAMETRIC_REPRESENTATION_CONTEXT() REPRESENTATION_CONTEXT('2D SPACE',''
  ) );
#4762 = ORIENTED_EDGE('',*,*,#4763,.T.);
#4763 = EDGE_CURVE('',#4741,#4644,#4764,.T.);
#4764 = SURFACE_CURVE('',#4765,(#4770,#4777),.PCURVE_S1.);
#4765 = CIRCLE('',#4766,3.25);
#4766 = AXIS2_PLACEMENT_3D('',#4767,#4768,#4769);
#4767 = CARTESIAN_POINT('',(15.5,28.,1.E-02));
#4768 = DIRECTION('',(0.,0.,1.));
#4769 = DIRECTION('',(1.,0.,0.));
#4770 = PCURVE('',#1796,#4771);
#4771 = DEFINITIONAL_REPRESENTATION('',(#4772),#4776);
#4772 = LINE('',#4773,#4774);
#4773 = CARTESIAN_POINT('',(-0.,-0.51));
#4774 = VECTOR('',#4775,1.);
#4775 = DIRECTION('',(-1.,0.));
#4776 = ( GEOMETRIC_REPRESENTATION_CONTEXT(2) 
PARAMETRIC_REPRESENTATION_CONTEXT() REPRESENTATION_CONTEXT('2D SPACE',''
  ) );
#4777 = PCURVE('',#4505,#4778);
#4778 = DEFINITIONAL_REPRESENTATION('',(#4779),#4783);
#4779 = CIRCLE('',#4780,3.25);
#4780 = AXIS2_PLACEMENT_2D('',#4781,#4782);
#4781 = CARTESIAN_POINT('',(15.5,19.));
#4782 = DIRECTION('',(1.,0.));
#4783 = ( GEOMETRIC_REPRESENTATION_CONTEXT(2) 
PARAMETRIC_REPRESENTATION_CONTEXT() REPRESENTATION_CONTEXT('2D SPACE',''
  ) );
#4784 = ORIENTED_EDGE('',*,*,#4666,.F.);
#4785 = ADVANCED_FACE('',(#4786),#1855,.F.);
#4786 = FACE_BOUND('',#4787,.T.);
#4787 = EDGE_LOOP('',(#4788,#4789,#4790,#4814));
#4788 = ORIENTED_EDGE('',*,*,#1834,.T.);
#4789 = ORIENTED_EDGE('',*,*,#4715,.T.);
#4790 = ORIENTED_EDGE('',*,*,#4791,.T.);
#4791 = EDGE_CURVE('',#4693,#4792,#4794,.T.);
#4792 = VERTEX_POINT('',#4793);
#4793 = CARTESIAN_POINT('',(18.75,-10.,1.E-02));
#4794 = SURFACE_CURVE('',#4795,(#4800,#4807),.PCURVE_S1.);
#4795 = CIRCLE('',#4796,3.25);
#4796 = AXIS2_PLACEMENT_3D('',#4797,#4798,#4799);
#4797 = CARTESIAN_POINT('',(15.5,-10.,1.E-02));
#4798 = DIRECTION('',(0.,0.,1.));
#4799 = DIRECTION('',(1.,0.,0.));
#4800 = PCURVE('',#1855,#4801);
#4801 = DEFINITIONAL_REPRESENTATION('',(#4802),#4806);
#4802 = LINE('',#4803,#4804);
#4803 = CARTESIAN_POINT('',(-0.,-0.51));
#4804 = VECTOR('',#4805,1.);
#4805 = DIRECTION('',(-1.,0.));
#4806 = ( GEOMETRIC_REPRESENTATION_CONTEXT(2) 
PARAMETRIC_REPRESENTATION_CONTEXT() REPRESENTATION_CONTEXT('2D SPACE',''
  ) );
#4807 = PCURVE('',#4505,#4808);
#4808 = DEFINITIONAL_REPRESENTATION('',(#4809),#4813);
#4809 = CIRCLE('',#4810,3.25);
#4810 = AXIS2_PLACEMENT_2D('',#4811,#4812);
#4811 = CARTESIAN_POINT('',(15.5,-19.));
#4812 = DIRECTION('',(1.,0.));
#4813 = ( GEOMETRIC_REPRESENTATION_CONTEXT(2) 
PARAMETRIC_REPRESENTATION_CONTEXT() REPRESENTATION_CONTEXT('2D SPACE',''
  ) );
#4814 = ORIENTED_EDGE('',*,*,#4815,.F.);
#4815 = EDGE_CURVE('',#1809,#4792,#4816,.T.);
#4816 = SURFACE_CURVE('',#4817,(#4821,#4828),.PCURVE_S1.);
#4817 = LINE('',#4818,#4819);
#4818 = CARTESIAN_POINT('',(18.75,-10.,-0.5));
#4819 = VECTOR('',#4820,1.);
#4820 = DIRECTION('',(0.,0.,1.));
#4821 = PCURVE('',#1855,#4822);
#4822 = DEFINITIONAL_REPRESENTATION('',(#4823),#4827);
#4823 = LINE('',#4824,#4825);
#4824 = CARTESIAN_POINT('',(-6.28318530718,0.));
#4825 = VECTOR('',#4826,1.);
#4826 = DIRECTION('',(-0.,-1.));
#4827 = ( GEOMETRIC_REPRESENTATION_CONTEXT(2) 
PARAMETRIC_REPRESENTATION_CONTEXT() REPRESENTATION_CONTEXT('2D SPACE',''
  ) );
#4828 = PCURVE('',#1823,#4829);
#4829 = DEFINITIONAL_REPRESENTATION('',(#4830),#4834);
#4830 = LINE('',#4831,#4832);
#4831 = CARTESIAN_POINT('',(0.,0.));
#4832 = VECTOR('',#4833,1.);
#4833 = DIRECTION('',(0.,-1.));
#4834 = ( GEOMETRIC_REPRESENTATION_CONTEXT(2) 
PARAMETRIC_REPRESENTATION_CONTEXT() REPRESENTATION_CONTEXT('2D SPACE',''
  ) );
#4835 = ADVANCED_FACE('',(#4836),#1823,.T.);
#4836 = FACE_BOUND('',#4837,.T.);
#4837 = EDGE_LOOP('',(#4838,#4839,#4840,#4861));
#4838 = ORIENTED_EDGE('',*,*,#1808,.T.);
#4839 = ORIENTED_EDGE('',*,*,#4815,.T.);
#4840 = ORIENTED_EDGE('',*,*,#4841,.T.);
#4841 = EDGE_CURVE('',#4792,#4741,#4842,.T.);
#4842 = SURFACE_CURVE('',#4843,(#4847,#4854),.PCURVE_S1.);
#4843 = LINE('',#4844,#4845);
#4844 = CARTESIAN_POINT('',(18.75,9.,1.E-02));
#4845 = VECTOR('',#4846,1.);
#4846 = DIRECTION('',(0.,1.,0.));
#4847 = PCURVE('',#1823,#4848);
#4848 = DEFINITIONAL_REPRESENTATION('',(#4849),#4853);
#4849 = LINE('',#4850,#4851);
#4850 = CARTESIAN_POINT('',(19.,-0.51));
#4851 = VECTOR('',#4852,1.);
#4852 = DIRECTION('',(1.,0.));
#4853 = ( GEOMETRIC_REPRESENTATION_CONTEXT(2) 
PARAMETRIC_REPRESENTATION_CONTEXT() REPRESENTATION_CONTEXT('2D SPACE',''
  ) );
#4854 = PCURVE('',#4505,#4855);
#4855 = DEFINITIONAL_REPRESENTATION('',(#4856),#4860);
#4856 = LINE('',#4857,#4858);
#4857 = CARTESIAN_POINT('',(18.75,0.));
#4858 = VECTOR('',#4859,1.);
#4859 = DIRECTION('',(0.,1.));
#4860 = ( GEOMETRIC_REPRESENTATION_CONTEXT(2) 
PARAMETRIC_REPRESENTATION_CONTEXT() REPRESENTATION_CONTEXT('2D SPACE',''
  ) );
#4861 = ORIENTED_EDGE('',*,*,#4740,.F.);
#4862 = ADVANCED_FACE('',(#4863),#1943,.F.);
#4863 = FACE_BOUND('',#4864,.F.);
#4864 = EDGE_LOOP('',(#4865,#4888,#4915,#4916));
#4865 = ORIENTED_EDGE('',*,*,#4866,.T.);
#4866 = EDGE_CURVE('',#1927,#4867,#4869,.T.);
#4867 = VERTEX_POINT('',#4868);
#4868 = CARTESIAN_POINT('',(16.192544935072,45.,0.5));
#4869 = SEAM_CURVE('',#4870,(#4874,#4881),.PCURVE_S1.);
#4870 = LINE('',#4871,#4872);
#4871 = CARTESIAN_POINT('',(16.21,45.,-0.5));
#4872 = VECTOR('',#4873,1.);
#4873 = DIRECTION('',(-1.745240643728E-02,4.274606736168E-18,
    0.999847695156));
#4874 = PCURVE('',#1943,#4875);
#4875 = DEFINITIONAL_REPRESENTATION('',(#4876),#4880);
#4876 = LINE('',#4877,#4878);
#4877 = CARTESIAN_POINT('',(-6.28318530718,0.));
#4878 = VECTOR('',#4879,1.);
#4879 = DIRECTION('',(-0.,-1.));
#4880 = ( GEOMETRIC_REPRESENTATION_CONTEXT(2) 
PARAMETRIC_REPRESENTATION_CONTEXT() REPRESENTATION_CONTEXT('2D SPACE',''
  ) );
#4881 = PCURVE('',#1943,#4882);
#4882 = DEFINITIONAL_REPRESENTATION('',(#4883),#4887);
#4883 = LINE('',#4884,#4885);
#4884 = CARTESIAN_POINT('',(0.,-0.));
#4885 = VECTOR('',#4886,1.);
#4886 = DIRECTION('',(-0.,-1.));
#4887 = ( GEOMETRIC_REPRESENTATION_CONTEXT(2) 
PARAMETRIC_REPRESENTATION_CONTEXT() REPRESENTATION_CONTEXT('2D SPACE',''
  ) );
#4888 = ORIENTED_EDGE('',*,*,#4889,.F.);
#4889 = EDGE_CURVE('',#4867,#4867,#4890,.T.);
#4890 = SURFACE_CURVE('',#4891,(#4896,#4903),.PCURVE_S1.);
#4891 = CIRCLE('',#4892,4.192544935072);
#4892 = AXIS2_PLACEMENT_3D('',#4893,#4894,#4895);
#4893 = CARTESIAN_POINT('',(12.,45.,0.5));
#4894 = DIRECTION('',(0.,0.,1.));
#4895 = DIRECTION('',(1.,0.,0.));
#4896 = PCURVE('',#1943,#4897);
#4897 = DEFINITIONAL_REPRESENTATION('',(#4898),#4902);
#4898 = LINE('',#4899,#4900);
#4899 = CARTESIAN_POINT('',(-0.,-1.));
#4900 = VECTOR('',#4901,1.);
#4901 = DIRECTION('',(-1.,-0.));
#4902 = ( GEOMETRIC_REPRESENTATION_CONTEXT(2) 
PARAMETRIC_REPRESENTATION_CONTEXT() REPRESENTATION_CONTEXT('2D SPACE',''
  ) );
#4903 = PCURVE('',#4904,#4909);
#4904 = PLANE('',#4905);
#4905 = AXIS2_PLACEMENT_3D('',#4906,#4907,#4908);
#4906 = CARTESIAN_POINT('',(12.,45.,0.5));
#4907 = DIRECTION('',(0.,0.,1.));
#4908 = DIRECTION('',(1.,0.,0.));
#4909 = DEFINITIONAL_REPRESENTATION('',(#4910),#4914);
#4910 = CIRCLE('',#4911,4.192544935072);
#4911 = AXIS2_PLACEMENT_2D('',#4912,#4913);
#4912 = CARTESIAN_POINT('',(0.,0.));
#4913 = DIRECTION('',(1.,0.));
#4914 = ( GEOMETRIC_REPRESENTATION_CONTEXT(2) 
PARAMETRIC_REPRESENTATION_CONTEXT() REPRESENTATION_CONTEXT('2D SPACE',''
  ) );
#4915 = ORIENTED_EDGE('',*,*,#4866,.F.);
#4916 = ORIENTED_EDGE('',*,*,#1926,.T.);
#4917 = ADVANCED_FACE('',(#4918),#1974,.F.);
#4918 = FACE_BOUND('',#4919,.F.);
#4919 = EDGE_LOOP('',(#4920,#4943,#4970,#4971));
#4920 = ORIENTED_EDGE('',*,*,#4921,.T.);
#4921 = EDGE_CURVE('',#1958,#4922,#4924,.T.);
#4922 = VERTEX_POINT('',#4923);
#4923 = CARTESIAN_POINT('',(24.287871324694,54.19,2.2));
#4924 = SEAM_CURVE('',#4925,(#4929,#4936),.PCURVE_S1.);
#4925 = LINE('',#4926,#4927);
#4926 = CARTESIAN_POINT('',(24.335,54.19,-0.5));
#4927 = VECTOR('',#4928,1.);
#4928 = DIRECTION('',(-1.745240643728E-02,4.274606736168E-18,
    0.999847695156));
#4929 = PCURVE('',#1974,#4930);
#4930 = DEFINITIONAL_REPRESENTATION('',(#4931),#4935);
#4931 = LINE('',#4932,#4933);
#4932 = CARTESIAN_POINT('',(-6.28318530718,0.));
#4933 = VECTOR('',#4934,1.);
#4934 = DIRECTION('',(-0.,-1.));
#4935 = ( GEOMETRIC_REPRESENTATION_CONTEXT(2) 
PARAMETRIC_REPRESENTATION_CONTEXT() REPRESENTATION_CONTEXT('2D SPACE',''
  ) );
#4936 = PCURVE('',#1974,#4937);
#4937 = DEFINITIONAL_REPRESENTATION('',(#4938),#4942);
#4938 = LINE('',#4939,#4940);
#4939 = CARTESIAN_POINT('',(0.,-0.));
#4940 = VECTOR('',#4941,1.);
#4941 = DIRECTION('',(-0.,-1.));
#4942 = ( GEOMETRIC_REPRESENTATION_CONTEXT(2) 
PARAMETRIC_REPRESENTATION_CONTEXT() REPRESENTATION_CONTEXT('2D SPACE',''
  ) );
#4943 = ORIENTED_EDGE('',*,*,#4944,.F.);
#4944 = EDGE_CURVE('',#4922,#4922,#4945,.T.);
#4945 = SURFACE_CURVE('',#4946,(#4951,#4958),.PCURVE_S1.);
#4946 = CIRCLE('',#4947,2.627871324694);
#4947 = AXIS2_PLACEMENT_3D('',#4948,#4949,#4950);
#4948 = CARTESIAN_POINT('',(21.66,54.19,2.2));
#4949 = DIRECTION('',(0.,0.,1.));
#4950 = DIRECTION('',(1.,0.,0.));
#4951 = PCURVE('',#1974,#4952);
#4952 = DEFINITIONAL_REPRESENTATION('',(#4953),#4957);
#4953 = LINE('',#4954,#4955);
#4954 = CARTESIAN_POINT('',(-0.,-2.7));
#4955 = VECTOR('',#4956,1.);
#4956 = DIRECTION('',(-1.,-0.));
#4957 = ( GEOMETRIC_REPRESENTATION_CONTEXT(2) 
PARAMETRIC_REPRESENTATION_CONTEXT() REPRESENTATION_CONTEXT('2D SPACE',''
  ) );
#4958 = PCURVE('',#4959,#4964);
#4959 = PLANE('',#4960);
#4960 = AXIS2_PLACEMENT_3D('',#4961,#4962,#4963);
#4961 = CARTESIAN_POINT('',(21.66,54.19,2.2));
#4962 = DIRECTION('',(0.,0.,1.));
#4963 = DIRECTION('',(1.,0.,0.));
#4964 = DEFINITIONAL_REPRESENTATION('',(#4965),#4969);
#4965 = CIRCLE('',#4966,2.627871324694);
#4966 = AXIS2_PLACEMENT_2D('',#4967,#4968);
#4967 = CARTESIAN_POINT('',(0.,0.));
#4968 = DIRECTION('',(1.,0.));
#4969 = ( GEOMETRIC_REPRESENTATION_CONTEXT(2) 
PARAMETRIC_REPRESENTATION_CONTEXT() REPRESENTATION_CONTEXT('2D SPACE',''
  ) );
#4970 = ORIENTED_EDGE('',*,*,#4921,.F.);
#4971 = ORIENTED_EDGE('',*,*,#1957,.T.);
#4972 = ADVANCED_FACE('',(#4973),#2266,.T.);
#4973 = FACE_BOUND('',#4974,.T.);
#4974 = EDGE_LOOP('',(#4975,#4976,#4977,#4995));
#4975 = ORIENTED_EDGE('',*,*,#2254,.T.);
#4976 = ORIENTED_EDGE('',*,*,#3420,.F.);
#4977 = ORIENTED_EDGE('',*,*,#4978,.F.);
#4978 = EDGE_CURVE('',#3676,#3393,#4979,.T.);
#4979 = SURFACE_CURVE('',#4980,(#4983,#4989),.PCURVE_S1.);
#4980 = B_SPLINE_CURVE_WITH_KNOTS('',1,(#4981,#4982),.UNSPECIFIED.,.F.,
  .F.,(2,2),(0.,1.),.PIECEWISE_BEZIER_KNOTS.);
#4981 = CARTESIAN_POINT('',(30.628159913718,49.,0.));
#4982 = CARTESIAN_POINT('',(31.,49.,14.2));
#4983 = PCURVE('',#2266,#4984);
#4984 = DEFINITIONAL_REPRESENTATION('',(#4985),#4988);
#4985 = B_SPLINE_CURVE_WITH_KNOTS('',1,(#4986,#4987),.UNSPECIFIED.,.F.,
  .F.,(2,2),(0.,1.),.PIECEWISE_BEZIER_KNOTS.);
#4986 = CARTESIAN_POINT('',(0.,0.));
#4987 = CARTESIAN_POINT('',(0.,14.2));
#4988 = ( GEOMETRIC_REPRESENTATION_CONTEXT(2) 
PARAMETRIC_REPRESENTATION_CONTEXT() REPRESENTATION_CONTEXT('2D SPACE',''
  ) );
#4989 = PCURVE('',#3408,#4990);
#4990 = DEFINITIONAL_REPRESENTATION('',(#4991),#4994);
#4991 = B_SPLINE_CURVE_WITH_KNOTS('',1,(#4992,#4993),.UNSPECIFIED.,.F.,
  .F.,(2,2),(0.,1.),.PIECEWISE_BEZIER_KNOTS.);
#4992 = CARTESIAN_POINT('',(49.,-14.20486765337));
#4993 = CARTESIAN_POINT('',(49.,0.));
#4994 = ( GEOMETRIC_REPRESENTATION_CONTEXT(2) 
PARAMETRIC_REPRESENTATION_CONTEXT() REPRESENTATION_CONTEXT('2D SPACE',''
  ) );
#4995 = ORIENTED_EDGE('',*,*,#3675,.F.);
#4996 = ADVANCED_FACE('',(#4997),#2220,.F.);
#4997 = FACE_BOUND('',#4998,.F.);
#4998 = EDGE_LOOP('',(#4999,#5022,#5043,#5044,#5045,#5066,#5087,#5113));
#4999 = ORIENTED_EDGE('',*,*,#5000,.T.);
#5000 = EDGE_CURVE('',#5001,#5003,#5005,.T.);
#5001 = VERTEX_POINT('',#5002);
#5002 = CARTESIAN_POINT('',(4.800310559006,59.,14.2));
#5003 = VERTEX_POINT('',#5004);
#5004 = CARTESIAN_POINT('',(4.8,58.999825449351,14.19));
#5005 = SURFACE_CURVE('',#5006,(#5010,#5016),.PCURVE_S1.);
#5006 = LINE('',#5007,#5008);
#5007 = CARTESIAN_POINT('',(4.823106476173,59.012812515699,
    14.934028532768));
#5008 = VECTOR('',#5009,1.);
#5009 = DIRECTION('',(-3.103621208885E-02,-1.74439989278E-02,
    -0.999366029261));
#5010 = PCURVE('',#2220,#5011);
#5011 = DEFINITIONAL_REPRESENTATION('',(#5012),#5015);
#5012 = B_SPLINE_CURVE_WITH_KNOTS('',1,(#5013,#5014),.UNSPECIFIED.,.F.,
  .F.,(2,2),(0.734494180586,0.744500524316),.PIECEWISE_BEZIER_KNOTS.);
#5013 = CARTESIAN_POINT('',(-1.,-1.60077138922));
#5014 = CARTESIAN_POINT('',(-1.000174550649,-1.610776210403));
#5015 = ( GEOMETRIC_REPRESENTATION_CONTEXT(2) 
PARAMETRIC_REPRESENTATION_CONTEXT() REPRESENTATION_CONTEXT('2D SPACE',''
  ) );
#5016 = PCURVE('',#2318,#5017);
#5017 = DEFINITIONAL_REPRESENTATION('',(#5018),#5021);
#5018 = B_SPLINE_CURVE_WITH_KNOTS('',1,(#5019,#5020),.UNSPECIFIED.,.F.,
  .F.,(2,2),(0.734494180586,0.744500524316),.PIECEWISE_BEZIER_KNOTS.);
#5019 = CARTESIAN_POINT('',(-4.800310559006,-2.540104781281E-17));
#5020 = CARTESIAN_POINT('',(-4.8,-1.000152328044E-02));
#5021 = ( GEOMETRIC_REPRESENTATION_CONTEXT(2) 
PARAMETRIC_REPRESENTATION_CONTEXT() REPRESENTATION_CONTEXT('2D SPACE',''
  ) );
#5022 = ORIENTED_EDGE('',*,*,#5023,.T.);
#5023 = EDGE_CURVE('',#5003,#2180,#5024,.T.);
#5024 = SURFACE_CURVE('',#5025,(#5029,#5036),.PCURVE_S1.);
#5025 = LINE('',#5026,#5027);
#5026 = CARTESIAN_POINT('',(4.8,60.,14.19));
#5027 = VECTOR('',#5028,1.);
#5028 = DIRECTION('',(0.,1.,0.));
#5029 = PCURVE('',#2220,#5030);
#5030 = DEFINITIONAL_REPRESENTATION('',(#5031),#5035);
#5031 = LINE('',#5032,#5033);
#5032 = CARTESIAN_POINT('',(0.,-1.610776210403));
#5033 = VECTOR('',#5034,1.);
#5034 = DIRECTION('',(1.,0.));
#5035 = ( GEOMETRIC_REPRESENTATION_CONTEXT(2) 
PARAMETRIC_REPRESENTATION_CONTEXT() REPRESENTATION_CONTEXT('2D SPACE',''
  ) );
#5036 = PCURVE('',#2194,#5037);
#5037 = DEFINITIONAL_REPRESENTATION('',(#5038),#5042);
#5038 = LINE('',#5039,#5040);
#5039 = CARTESIAN_POINT('',(0.59,-2.));
#5040 = VECTOR('',#5041,1.);
#5041 = DIRECTION('',(0.,-1.));
#5042 = ( GEOMETRIC_REPRESENTATION_CONTEXT(2) 
PARAMETRIC_REPRESENTATION_CONTEXT() REPRESENTATION_CONTEXT('2D SPACE',''
  ) );
#5043 = ORIENTED_EDGE('',*,*,#2205,.F.);
#5044 = ORIENTED_EDGE('',*,*,#3443,.F.);
#5045 = ORIENTED_EDGE('',*,*,#5046,.F.);
#5046 = EDGE_CURVE('',#5047,#3444,#5049,.T.);
#5047 = VERTEX_POINT('',#5048);
#5048 = CARTESIAN_POINT('',(4.846894409938,59.873642851958,15.7));
#5049 = SURFACE_CURVE('',#5050,(#5054,#5060),.PCURVE_S1.);
#5050 = LINE('',#5051,#5052);
#5051 = CARTESIAN_POINT('',(4.846078150916,59.874101632865,
    15.673716459488));
#5052 = VECTOR('',#5053,1.);
#5053 = DIRECTION('',(-3.103621208885E-02,1.74439989278E-02,
    -0.999366029261));
#5054 = PCURVE('',#2220,#5055);
#5055 = DEFINITIONAL_REPRESENTATION('',(#5056),#5059);
#5056 = B_SPLINE_CURVE_WITH_KNOTS('',1,(#5057,#5058),.UNSPECIFIED.,.F.,
  .F.,(2,2),(-2.630021407806E-02,1.474651345291),
  .PIECEWISE_BEZIER_KNOTS.);
#5057 = CARTESIAN_POINT('',(-0.126357148042,-0.100048211826));
#5058 = CARTESIAN_POINT('',(-0.100174550649,-1.60077138922));
#5059 = ( GEOMETRIC_REPRESENTATION_CONTEXT(2) 
PARAMETRIC_REPRESENTATION_CONTEXT() REPRESENTATION_CONTEXT('2D SPACE',''
  ) );
#5060 = PCURVE('',#3479,#5061);
#5061 = DEFINITIONAL_REPRESENTATION('',(#5062),#5065);
#5062 = B_SPLINE_CURVE_WITH_KNOTS('',1,(#5063,#5064),.UNSPECIFIED.,.F.,
  .F.,(2,2),(-2.630021407806E-02,1.474651345291),
  .PIECEWISE_BEZIER_KNOTS.);
#5063 = CARTESIAN_POINT('',(-4.846894409938,1.239027509248E-17));
#5064 = CARTESIAN_POINT('',(-4.800310559006,-1.500228492066));
#5065 = ( GEOMETRIC_REPRESENTATION_CONTEXT(2) 
PARAMETRIC_REPRESENTATION_CONTEXT() REPRESENTATION_CONTEXT('2D SPACE',''
  ) );
#5066 = ORIENTED_EDGE('',*,*,#5067,.F.);
#5067 = EDGE_CURVE('',#5068,#5047,#5070,.T.);
#5068 = VERTEX_POINT('',#5069);
#5069 = CARTESIAN_POINT('',(4.846894409938,59.0261848791,15.7));
#5070 = SURFACE_CURVE('',#5071,(#5075,#5081),.PCURVE_S1.);
#5071 = LINE('',#5072,#5073);
#5072 = CARTESIAN_POINT('',(4.846894409938,5.5,15.7));
#5073 = VECTOR('',#5074,1.);
#5074 = DIRECTION('',(-0.,1.,0.));
#5075 = PCURVE('',#2220,#5076);
#5076 = DEFINITIONAL_REPRESENTATION('',(#5077),#5080);
#5077 = B_SPLINE_CURVE_WITH_KNOTS('',1,(#5078,#5079),.UNSPECIFIED.,.F.,
  .F.,(2,2),(52.5,54.373642851958),.PIECEWISE_BEZIER_KNOTS.);
#5078 = CARTESIAN_POINT('',(-2.,-0.100048211826));
#5079 = CARTESIAN_POINT('',(-0.126357148042,-0.100048211826));
#5080 = ( GEOMETRIC_REPRESENTATION_CONTEXT(2) 
PARAMETRIC_REPRESENTATION_CONTEXT() REPRESENTATION_CONTEXT('2D SPACE',''
  ) );
#5081 = PCURVE('',#3286,#5082);
#5082 = DEFINITIONAL_REPRESENTATION('',(#5083),#5086);
#5083 = B_SPLINE_CURVE_WITH_KNOTS('',1,(#5084,#5085),.UNSPECIFIED.,.F.,
  .F.,(2,2),(52.5,54.373642851958),.PIECEWISE_BEZIER_KNOTS.);
#5084 = CARTESIAN_POINT('',(23.846894409938,107.));
#5085 = CARTESIAN_POINT('',(23.846894409938,108.87364285195));
#5086 = ( GEOMETRIC_REPRESENTATION_CONTEXT(2) 
PARAMETRIC_REPRESENTATION_CONTEXT() REPRESENTATION_CONTEXT('2D SPACE',''
  ) );
#5087 = ORIENTED_EDGE('',*,*,#5088,.T.);
#5088 = EDGE_CURVE('',#5068,#5089,#5091,.T.);
#5089 = VERTEX_POINT('',#5090);
#5090 = CARTESIAN_POINT('',(4.800310559006,59.000344537883,14.2));
#5091 = SURFACE_CURVE('',#5092,(#5096,#5102),.PCURVE_S1.);
#5092 = LINE('',#5093,#5094);
#5093 = CARTESIAN_POINT('',(4.846527645083,59.025981432438,
    15.688190171689));
#5094 = VECTOR('',#5095,1.);
#5095 = DIRECTION('',(-3.103633473505E-02,-1.721604083061E-02,
    -0.999369978469));
#5096 = PCURVE('',#2220,#5097);
#5097 = DEFINITIONAL_REPRESENTATION('',(#5098),#5101);
#5098 = B_SPLINE_CURVE_WITH_KNOTS('',1,(#5099,#5100),.UNSPECIFIED.,.F.,
  .F.,(2,2),(-1.181727344801E-02,1.489128354615),
  .PIECEWISE_BEZIER_KNOTS.);
#5099 = CARTESIAN_POINT('',(-0.9738151209,-0.100048211826));
#5100 = CARTESIAN_POINT('',(-0.999655462117,-1.60077138922));
#5101 = ( GEOMETRIC_REPRESENTATION_CONTEXT(2) 
PARAMETRIC_REPRESENTATION_CONTEXT() REPRESENTATION_CONTEXT('2D SPACE',''
  ) );
#5102 = PCURVE('',#5103,#5108);
#5103 = PLANE('',#5104);
#5104 = AXIS2_PLACEMENT_3D('',#5105,#5106,#5107);
#5105 = CARTESIAN_POINT('',(0.,59.026357148042,15.71));
#5106 = DIRECTION('',(0.,0.999851650077,-1.722433853643E-02));
#5107 = DIRECTION('',(-1.,0.,-0.));
#5108 = DEFINITIONAL_REPRESENTATION('',(#5109),#5112);
#5109 = B_SPLINE_CURVE_WITH_KNOTS('',1,(#5110,#5111),.UNSPECIFIED.,.F.,
  .F.,(2,2),(-1.181727344801E-02,1.489128354615),
  .PIECEWISE_BEZIER_KNOTS.);
#5110 = CARTESIAN_POINT('',(-4.846894409938,-1.000148371933E-02));
#5111 = CARTESIAN_POINT('',(-4.800310559006,-1.51022404162));
#5112 = ( GEOMETRIC_REPRESENTATION_CONTEXT(2) 
PARAMETRIC_REPRESENTATION_CONTEXT() REPRESENTATION_CONTEXT('2D SPACE',''
  ) );
#5113 = ORIENTED_EDGE('',*,*,#5114,.F.);
#5114 = EDGE_CURVE('',#5001,#5089,#5115,.T.);
#5115 = SURFACE_CURVE('',#5116,(#5120,#5126),.PCURVE_S1.);
#5116 = LINE('',#5117,#5118);
#5117 = CARTESIAN_POINT('',(4.800310559006,5.5,14.2));
#5118 = VECTOR('',#5119,1.);
#5119 = DIRECTION('',(-0.,1.,0.));
#5120 = PCURVE('',#2220,#5121);
#5121 = DEFINITIONAL_REPRESENTATION('',(#5122),#5125);
#5122 = B_SPLINE_CURVE_WITH_KNOTS('',1,(#5123,#5124),.UNSPECIFIED.,.F.,
  .F.,(2,2),(52.5,53.500344537883),.PIECEWISE_BEZIER_KNOTS.);
#5123 = CARTESIAN_POINT('',(-2.,-1.60077138922));
#5124 = CARTESIAN_POINT('',(-0.999655462117,-1.60077138922));
#5125 = ( GEOMETRIC_REPRESENTATION_CONTEXT(2) 
PARAMETRIC_REPRESENTATION_CONTEXT() REPRESENTATION_CONTEXT('2D SPACE',''
  ) );
#5126 = PCURVE('',#3234,#5127);
#5127 = DEFINITIONAL_REPRESENTATION('',(#5128),#5131);
#5128 = B_SPLINE_CURVE_WITH_KNOTS('',1,(#5129,#5130),.UNSPECIFIED.,.F.,
  .F.,(2,2),(52.5,53.500344537883),.PIECEWISE_BEZIER_KNOTS.);
#5129 = CARTESIAN_POINT('',(23.800310559006,107.));
#5130 = CARTESIAN_POINT('',(23.800310559006,108.00034453788));
#5131 = ( GEOMETRIC_REPRESENTATION_CONTEXT(2) 
PARAMETRIC_REPRESENTATION_CONTEXT() REPRESENTATION_CONTEXT('2D SPACE',''
  ) );
#5132 = ADVANCED_FACE('',(#5133),#2194,.F.);
#5133 = FACE_BOUND('',#5134,.F.);
#5134 = EDGE_LOOP('',(#5135,#5136,#5157,#5178));
#5135 = ORIENTED_EDGE('',*,*,#5023,.F.);
#5136 = ORIENTED_EDGE('',*,*,#5137,.T.);
#5137 = EDGE_CURVE('',#5003,#5138,#5140,.T.);
#5138 = VERTEX_POINT('',#5139);
#5139 = CARTESIAN_POINT('',(4.8,58.989526961043,13.6));
#5140 = SURFACE_CURVE('',#5141,(#5145,#5151),.PCURVE_S1.);
#5141 = LINE('',#5142,#5143);
#5142 = CARTESIAN_POINT('',(4.8,58.994612782249,13.891366501772));
#5143 = VECTOR('',#5144,1.);
#5144 = DIRECTION('',(0.,-1.745240643728E-02,-0.999847695156));
#5145 = PCURVE('',#2194,#5146);
#5146 = DEFINITIONAL_REPRESENTATION('',(#5147),#5150);
#5147 = B_SPLINE_CURVE_WITH_KNOTS('',1,(#5148,#5149),.UNSPECIFIED.,.F.,
  .F.,(2,2),(-0.308680511766,0.291410885061),.PIECEWISE_BEZIER_KNOTS.);
#5148 = CARTESIAN_POINT('',(0.6,-1.));
#5149 = CARTESIAN_POINT('',(-4.64538134969E-16,-0.989526961043));
#5150 = ( GEOMETRIC_REPRESENTATION_CONTEXT(2) 
PARAMETRIC_REPRESENTATION_CONTEXT() REPRESENTATION_CONTEXT('2D SPACE',''
  ) );
#5151 = PCURVE('',#2318,#5152);
#5152 = DEFINITIONAL_REPRESENTATION('',(#5153),#5156);
#5153 = B_SPLINE_CURVE_WITH_KNOTS('',1,(#5154,#5155),.UNSPECIFIED.,.F.,
  .F.,(2,2),(-0.308680511766,0.291410885061),.PIECEWISE_BEZIER_KNOTS.);
#5154 = CARTESIAN_POINT('',(-4.8,0.));
#5155 = CARTESIAN_POINT('',(-4.8,-0.600091396826));
#5156 = ( GEOMETRIC_REPRESENTATION_CONTEXT(2) 
PARAMETRIC_REPRESENTATION_CONTEXT() REPRESENTATION_CONTEXT('2D SPACE',''
  ) );
#5157 = ORIENTED_EDGE('',*,*,#5158,.T.);
#5158 = EDGE_CURVE('',#5138,#2147,#5159,.T.);
#5159 = SURFACE_CURVE('',#5160,(#5164,#5171),.PCURVE_S1.);
#5160 = LINE('',#5161,#5162);
#5161 = CARTESIAN_POINT('',(4.8,58.,13.6));
#5162 = VECTOR('',#5163,1.);
#5163 = DIRECTION('',(-0.,1.,-0.));
#5164 = PCURVE('',#2194,#5165);
#5165 = DEFINITIONAL_REPRESENTATION('',(#5166),#5170);
#5166 = LINE('',#5167,#5168);
#5167 = CARTESIAN_POINT('',(0.,0.));
#5168 = VECTOR('',#5169,1.);
#5169 = DIRECTION('',(0.,-1.));
#5170 = ( GEOMETRIC_REPRESENTATION_CONTEXT(2) 
PARAMETRIC_REPRESENTATION_CONTEXT() REPRESENTATION_CONTEXT('2D SPACE',''
  ) );
#5171 = PCURVE('',#2163,#5172);
#5172 = DEFINITIONAL_REPRESENTATION('',(#5173),#5177);
#5173 = LINE('',#5174,#5175);
#5174 = CARTESIAN_POINT('',(6.28318530718,0.));
#5175 = VECTOR('',#5176,1.);
#5176 = DIRECTION('',(0.,-1.));
#5177 = ( GEOMETRIC_REPRESENTATION_CONTEXT(2) 
PARAMETRIC_REPRESENTATION_CONTEXT() REPRESENTATION_CONTEXT('2D SPACE',''
  ) );
#5178 = ORIENTED_EDGE('',*,*,#2179,.F.);
#5179 = ADVANCED_FACE('',(#5180),#2163,.F.);
#5180 = FACE_BOUND('',#5181,.F.);
#5181 = EDGE_LOOP('',(#5182,#5210,#5231,#5232));
#5182 = ORIENTED_EDGE('',*,*,#5183,.T.);
#5183 = EDGE_CURVE('',#5138,#5184,#5186,.T.);
#5184 = VERTEX_POINT('',#5185);
#5185 = CARTESIAN_POINT('',(3.4,58.965089870144,12.2));
#5186 = SURFACE_CURVE('',#5187,(#5192,#5203),.PCURVE_S1.);
#5187 = ELLIPSE('',#5188,1.400213259261,1.4);
#5188 = AXIS2_PLACEMENT_3D('',#5189,#5190,#5191);
#5189 = CARTESIAN_POINT('',(3.4,58.989526961043,13.6));
#5190 = DIRECTION('',(0.,0.999847695156,-1.745240643728E-02));
#5191 = DIRECTION('',(0.,-1.745240643728E-02,-0.999847695156));
#5192 = PCURVE('',#2163,#5193);
#5193 = DEFINITIONAL_REPRESENTATION('',(#5194),#5202);
#5194 = B_SPLINE_CURVE_WITH_KNOTS('',6,(#5195,#5196,#5197,#5198,#5199,
    #5200,#5201),.UNSPECIFIED.,.F.,.F.,(7,7),(4.712388980385,
    6.28318530718),.PIECEWISE_BEZIER_KNOTS.);
#5195 = CARTESIAN_POINT('',(6.28318530718,-0.989526961043));
#5196 = CARTESIAN_POINT('',(6.02138591938,-0.983129345606));
#5197 = CARTESIAN_POINT('',(5.759586531581,-0.976732218846));
#5198 = CARTESIAN_POINT('',(5.497787143782,-0.971121197869));
#5199 = CARTESIAN_POINT('',(5.235987755983,-0.967099317024));
#5200 = CARTESIAN_POINT('',(4.974188368184,-0.965089870144));
#5201 = CARTESIAN_POINT('',(4.712388980385,-0.965089870144));
#5202 = ( GEOMETRIC_REPRESENTATION_CONTEXT(2) 
PARAMETRIC_REPRESENTATION_CONTEXT() REPRESENTATION_CONTEXT('2D SPACE',''
  ) );
#5203 = PCURVE('',#2318,#5204);
#5204 = DEFINITIONAL_REPRESENTATION('',(#5205),#5209);
#5205 = ELLIPSE('',#5206,1.400213259261,1.4);
#5206 = AXIS2_PLACEMENT_2D('',#5207,#5208);
#5207 = CARTESIAN_POINT('',(-3.4,-0.600091396826));
#5208 = DIRECTION('',(0.,-1.));
#5209 = ( GEOMETRIC_REPRESENTATION_CONTEXT(2) 
PARAMETRIC_REPRESENTATION_CONTEXT() REPRESENTATION_CONTEXT('2D SPACE',''
  ) );
#5210 = ORIENTED_EDGE('',*,*,#5211,.T.);
#5211 = EDGE_CURVE('',#5184,#2121,#5212,.T.);
#5212 = SURFACE_CURVE('',#5213,(#5217,#5224),.PCURVE_S1.);
#5213 = LINE('',#5214,#5215);
#5214 = CARTESIAN_POINT('',(3.4,58.,12.2));
#5215 = VECTOR('',#5216,1.);
#5216 = DIRECTION('',(-0.,1.,-0.));
#5217 = PCURVE('',#2163,#5218);
#5218 = DEFINITIONAL_REPRESENTATION('',(#5219),#5223);
#5219 = LINE('',#5220,#5221);
#5220 = CARTESIAN_POINT('',(4.712388980385,0.));
#5221 = VECTOR('',#5222,1.);
#5222 = DIRECTION('',(0.,-1.));
#5223 = ( GEOMETRIC_REPRESENTATION_CONTEXT(2) 
PARAMETRIC_REPRESENTATION_CONTEXT() REPRESENTATION_CONTEXT('2D SPACE',''
  ) );
#5224 = PCURVE('',#2135,#5225);
#5225 = DEFINITIONAL_REPRESENTATION('',(#5226),#5230);
#5226 = LINE('',#5227,#5228);
#5227 = CARTESIAN_POINT('',(6.8,0.));
#5228 = VECTOR('',#5229,1.);
#5229 = DIRECTION('',(0.,-1.));
#5230 = ( GEOMETRIC_REPRESENTATION_CONTEXT(2) 
PARAMETRIC_REPRESENTATION_CONTEXT() REPRESENTATION_CONTEXT('2D SPACE',''
  ) );
#5231 = ORIENTED_EDGE('',*,*,#2146,.F.);
#5232 = ORIENTED_EDGE('',*,*,#5158,.F.);
#5233 = ADVANCED_FACE('',(#5234),#2135,.F.);
#5234 = FACE_BOUND('',#5235,.F.);
#5235 = EDGE_LOOP('',(#5236,#5257,#5278,#5279));
#5236 = ORIENTED_EDGE('',*,*,#5237,.T.);
#5237 = EDGE_CURVE('',#5184,#5238,#5240,.T.);
#5238 = VERTEX_POINT('',#5239);
#5239 = CARTESIAN_POINT('',(-3.4,58.965089870144,12.2));
#5240 = SURFACE_CURVE('',#5241,(#5245,#5251),.PCURVE_S1.);
#5241 = LINE('',#5242,#5243);
#5242 = CARTESIAN_POINT('',(-1.7,58.965089870144,12.2));
#5243 = VECTOR('',#5244,1.);
#5244 = DIRECTION('',(-1.,0.,0.));
#5245 = PCURVE('',#2135,#5246);
#5246 = DEFINITIONAL_REPRESENTATION('',(#5247),#5250);
#5247 = B_SPLINE_CURVE_WITH_KNOTS('',1,(#5248,#5249),.UNSPECIFIED.,.F.,
  .F.,(2,2),(-5.1,1.7),.PIECEWISE_BEZIER_KNOTS.);
#5248 = CARTESIAN_POINT('',(6.8,-0.965089870144));
#5249 = CARTESIAN_POINT('',(0.,-0.965089870144));
#5250 = ( GEOMETRIC_REPRESENTATION_CONTEXT(2) 
PARAMETRIC_REPRESENTATION_CONTEXT() REPRESENTATION_CONTEXT('2D SPACE',''
  ) );
#5251 = PCURVE('',#2318,#5252);
#5252 = DEFINITIONAL_REPRESENTATION('',(#5253),#5256);
#5253 = B_SPLINE_CURVE_WITH_KNOTS('',1,(#5254,#5255),.UNSPECIFIED.,.F.,
  .F.,(2,2),(-5.1,1.7),.PIECEWISE_BEZIER_KNOTS.);
#5254 = CARTESIAN_POINT('',(-3.4,-2.000304656088));
#5255 = CARTESIAN_POINT('',(3.4,-2.000304656088));
#5256 = ( GEOMETRIC_REPRESENTATION_CONTEXT(2) 
PARAMETRIC_REPRESENTATION_CONTEXT() REPRESENTATION_CONTEXT('2D SPACE',''
  ) );
#5257 = ORIENTED_EDGE('',*,*,#5258,.T.);
#5258 = EDGE_CURVE('',#5238,#2088,#5259,.T.);
#5259 = SURFACE_CURVE('',#5260,(#5264,#5271),.PCURVE_S1.);
#5260 = LINE('',#5261,#5262);
#5261 = CARTESIAN_POINT('',(-3.4,58.,12.2));
#5262 = VECTOR('',#5263,1.);
#5263 = DIRECTION('',(-0.,1.,-0.));
#5264 = PCURVE('',#2135,#5265);
#5265 = DEFINITIONAL_REPRESENTATION('',(#5266),#5270);
#5266 = LINE('',#5267,#5268);
#5267 = CARTESIAN_POINT('',(0.,0.));
#5268 = VECTOR('',#5269,1.);
#5269 = DIRECTION('',(0.,-1.));
#5270 = ( GEOMETRIC_REPRESENTATION_CONTEXT(2) 
PARAMETRIC_REPRESENTATION_CONTEXT() REPRESENTATION_CONTEXT('2D SPACE',''
  ) );
#5271 = PCURVE('',#2104,#5272);
#5272 = DEFINITIONAL_REPRESENTATION('',(#5273),#5277);
#5273 = LINE('',#5274,#5275);
#5274 = CARTESIAN_POINT('',(4.712388980385,0.));
#5275 = VECTOR('',#5276,1.);
#5276 = DIRECTION('',(0.,-1.));
#5277 = ( GEOMETRIC_REPRESENTATION_CONTEXT(2) 
PARAMETRIC_REPRESENTATION_CONTEXT() REPRESENTATION_CONTEXT('2D SPACE',''
  ) );
#5278 = ORIENTED_EDGE('',*,*,#2120,.F.);
#5279 = ORIENTED_EDGE('',*,*,#5211,.F.);
#5280 = ADVANCED_FACE('',(#5281),#2104,.F.);
#5281 = FACE_BOUND('',#5282,.F.);
#5282 = EDGE_LOOP('',(#5283,#5311,#5332,#5333));
#5283 = ORIENTED_EDGE('',*,*,#5284,.T.);
#5284 = EDGE_CURVE('',#5238,#5285,#5287,.T.);
#5285 = VERTEX_POINT('',#5286);
#5286 = CARTESIAN_POINT('',(-4.8,58.989526961043,13.6));
#5287 = SURFACE_CURVE('',#5288,(#5293,#5304),.PCURVE_S1.);
#5288 = ELLIPSE('',#5289,1.400213259261,1.4);
#5289 = AXIS2_PLACEMENT_3D('',#5290,#5291,#5292);
#5290 = CARTESIAN_POINT('',(-3.4,58.989526961043,13.6));
#5291 = DIRECTION('',(0.,0.999847695156,-1.745240643728E-02));
#5292 = DIRECTION('',(0.,-1.745240643728E-02,-0.999847695156));
#5293 = PCURVE('',#2104,#5294);
#5294 = DEFINITIONAL_REPRESENTATION('',(#5295),#5303);
#5295 = B_SPLINE_CURVE_WITH_KNOTS('',6,(#5296,#5297,#5298,#5299,#5300,
    #5301,#5302),.UNSPECIFIED.,.F.,.F.,(7,7),(3.172070510275E-16,
    1.570796326795),.PIECEWISE_BEZIER_KNOTS.);
#5296 = CARTESIAN_POINT('',(4.712388980385,-0.965089870144));
#5297 = CARTESIAN_POINT('',(4.450589592586,-0.965089870144));
#5298 = CARTESIAN_POINT('',(4.188790204786,-0.967099317024));
#5299 = CARTESIAN_POINT('',(3.926990816987,-0.971121197869));
#5300 = CARTESIAN_POINT('',(3.665191429188,-0.976732218846));
#5301 = CARTESIAN_POINT('',(3.403392041389,-0.983129345606));
#5302 = CARTESIAN_POINT('',(3.14159265359,-0.989526961043));
#5303 = ( GEOMETRIC_REPRESENTATION_CONTEXT(2) 
PARAMETRIC_REPRESENTATION_CONTEXT() REPRESENTATION_CONTEXT('2D SPACE',''
  ) );
#5304 = PCURVE('',#2318,#5305);
#5305 = DEFINITIONAL_REPRESENTATION('',(#5306),#5310);
#5306 = ELLIPSE('',#5307,1.400213259261,1.4);
#5307 = AXIS2_PLACEMENT_2D('',#5308,#5309);
#5308 = CARTESIAN_POINT('',(3.4,-0.600091396826));
#5309 = DIRECTION('',(0.,-1.));
#5310 = ( GEOMETRIC_REPRESENTATION_CONTEXT(2) 
PARAMETRIC_REPRESENTATION_CONTEXT() REPRESENTATION_CONTEXT('2D SPACE',''
  ) );
#5311 = ORIENTED_EDGE('',*,*,#5312,.T.);
#5312 = EDGE_CURVE('',#5285,#2062,#5313,.T.);
#5313 = SURFACE_CURVE('',#5314,(#5318,#5325),.PCURVE_S1.);
#5314 = LINE('',#5315,#5316);
#5315 = CARTESIAN_POINT('',(-4.8,58.,13.6));
#5316 = VECTOR('',#5317,1.);
#5317 = DIRECTION('',(-0.,1.,-0.));
#5318 = PCURVE('',#2104,#5319);
#5319 = DEFINITIONAL_REPRESENTATION('',(#5320),#5324);
#5320 = LINE('',#5321,#5322);
#5321 = CARTESIAN_POINT('',(3.14159265359,0.));
#5322 = VECTOR('',#5323,1.);
#5323 = DIRECTION('',(0.,-1.));
#5324 = ( GEOMETRIC_REPRESENTATION_CONTEXT(2) 
PARAMETRIC_REPRESENTATION_CONTEXT() REPRESENTATION_CONTEXT('2D SPACE',''
  ) );
#5325 = PCURVE('',#2076,#5326);
#5326 = DEFINITIONAL_REPRESENTATION('',(#5327),#5331);
#5327 = LINE('',#5328,#5329);
#5328 = CARTESIAN_POINT('',(0.,0.));
#5329 = VECTOR('',#5330,1.);
#5330 = DIRECTION('',(0.,-1.));
#5331 = ( GEOMETRIC_REPRESENTATION_CONTEXT(2) 
PARAMETRIC_REPRESENTATION_CONTEXT() REPRESENTATION_CONTEXT('2D SPACE',''
  ) );
#5332 = ORIENTED_EDGE('',*,*,#2087,.F.);
#5333 = ORIENTED_EDGE('',*,*,#5258,.F.);
#5334 = ADVANCED_FACE('',(#5335),#2076,.T.);
#5335 = FACE_BOUND('',#5336,.T.);
#5336 = EDGE_LOOP('',(#5337,#5338,#5357,#5358));
#5337 = ORIENTED_EDGE('',*,*,#2280,.F.);
#5338 = ORIENTED_EDGE('',*,*,#5339,.T.);
#5339 = EDGE_CURVE('',#2281,#5285,#5340,.T.);
#5340 = SURFACE_CURVE('',#5341,(#5345,#5351),.PCURVE_S1.);
#5341 = LINE('',#5342,#5343);
#5342 = CARTESIAN_POINT('',(-4.8,58.994612782249,13.891366501772));
#5343 = VECTOR('',#5344,1.);
#5344 = DIRECTION('',(0.,-1.745240643728E-02,-0.999847695156));
#5345 = PCURVE('',#2076,#5346);
#5346 = DEFINITIONAL_REPRESENTATION('',(#5347),#5350);
#5347 = B_SPLINE_CURVE_WITH_KNOTS('',1,(#5348,#5349),.UNSPECIFIED.,.F.,
  .F.,(2,2),(-0.308680511766,0.291410885061),.PIECEWISE_BEZIER_KNOTS.);
#5348 = CARTESIAN_POINT('',(0.6,-1.));
#5349 = CARTESIAN_POINT('',(-4.64538134969E-16,-0.989526961043));
#5350 = ( GEOMETRIC_REPRESENTATION_CONTEXT(2) 
PARAMETRIC_REPRESENTATION_CONTEXT() REPRESENTATION_CONTEXT('2D SPACE',''
  ) );
#5351 = PCURVE('',#2318,#5352);
#5352 = DEFINITIONAL_REPRESENTATION('',(#5353),#5356);
#5353 = B_SPLINE_CURVE_WITH_KNOTS('',1,(#5354,#5355),.UNSPECIFIED.,.F.,
  .F.,(2,2),(-0.308680511766,0.291410885061),.PIECEWISE_BEZIER_KNOTS.);
#5354 = CARTESIAN_POINT('',(4.8,0.));
#5355 = CARTESIAN_POINT('',(4.8,-0.600091396826));
#5356 = ( GEOMETRIC_REPRESENTATION_CONTEXT(2) 
PARAMETRIC_REPRESENTATION_CONTEXT() REPRESENTATION_CONTEXT('2D SPACE',''
  ) );
#5357 = ORIENTED_EDGE('',*,*,#5312,.T.);
#5358 = ORIENTED_EDGE('',*,*,#2061,.F.);
#5359 = ADVANCED_FACE('',(#5360),#2396,.T.);
#5360 = FACE_BOUND('',#5361,.T.);
#5361 = EDGE_LOOP('',(#5362,#5363,#5364,#5365,#5366,#5387,#5416,#5442,
    #5471,#5490,#5491,#5492));
#5362 = ORIENTED_EDGE('',*,*,#2545,.F.);
#5363 = ORIENTED_EDGE('',*,*,#2592,.T.);
#5364 = ORIENTED_EDGE('',*,*,#2640,.T.);
#5365 = ORIENTED_EDGE('',*,*,#2690,.F.);
#5366 = ORIENTED_EDGE('',*,*,#5367,.F.);
#5367 = EDGE_CURVE('',#5368,#2691,#5370,.T.);
#5368 = VERTEX_POINT('',#5369);
#5369 = CARTESIAN_POINT('',(-19.,-59.0261848791,15.7));
#5370 = SURFACE_CURVE('',#5371,(#5375,#5381),.PCURVE_S1.);
#5371 = LINE('',#5372,#5373);
#5372 = CARTESIAN_POINT('',(-9.5,-59.0261848791,15.7));
#5373 = VECTOR('',#5374,1.);
#5374 = DIRECTION('',(1.,0.,-0.));
#5375 = PCURVE('',#2396,#5376);
#5376 = DEFINITIONAL_REPRESENTATION('',(#5377),#5380);
#5377 = B_SPLINE_CURVE_WITH_KNOTS('',1,(#5378,#5379),.UNSPECIFIED.,.F.,
  .F.,(2,2),(-9.5,28.5),.PIECEWISE_BEZIER_KNOTS.);
#5378 = CARTESIAN_POINT('',(0.,-10.0261848791));
#5379 = CARTESIAN_POINT('',(38.,-10.0261848791));
#5380 = ( GEOMETRIC_REPRESENTATION_CONTEXT(2) 
PARAMETRIC_REPRESENTATION_CONTEXT() REPRESENTATION_CONTEXT('2D SPACE',''
  ) );
#5381 = PCURVE('',#2726,#5382);
#5382 = DEFINITIONAL_REPRESENTATION('',(#5383),#5386);
#5383 = B_SPLINE_CURVE_WITH_KNOTS('',1,(#5384,#5385),.UNSPECIFIED.,.F.,
  .F.,(2,2),(-9.5,28.5),.PIECEWISE_BEZIER_KNOTS.);
#5384 = CARTESIAN_POINT('',(-19.,-1.000148371934E-02));
#5385 = CARTESIAN_POINT('',(19.,-1.000148371934E-02));
#5386 = ( GEOMETRIC_REPRESENTATION_CONTEXT(2) 
PARAMETRIC_REPRESENTATION_CONTEXT() REPRESENTATION_CONTEXT('2D SPACE',''
  ) );
#5387 = ORIENTED_EDGE('',*,*,#5388,.F.);
#5388 = EDGE_CURVE('',#5389,#5368,#5391,.T.);
#5389 = VERTEX_POINT('',#5390);
#5390 = CARTESIAN_POINT('',(-29.0261848791,-49.,15.7));
#5391 = SURFACE_CURVE('',#5392,(#5397,#5404),.PCURVE_S1.);
#5392 = CIRCLE('',#5393,10.0261848791);
#5393 = AXIS2_PLACEMENT_3D('',#5394,#5395,#5396);
#5394 = CARTESIAN_POINT('',(-19.,-49.,15.7));
#5395 = DIRECTION('',(0.,0.,1.));
#5396 = DIRECTION('',(1.,0.,-0.));
#5397 = PCURVE('',#2396,#5398);
#5398 = DEFINITIONAL_REPRESENTATION('',(#5399),#5403);
#5399 = CIRCLE('',#5400,10.0261848791);
#5400 = AXIS2_PLACEMENT_2D('',#5401,#5402);
#5401 = CARTESIAN_POINT('',(0.,0.));
#5402 = DIRECTION('',(1.,0.));
#5403 = ( GEOMETRIC_REPRESENTATION_CONTEXT(2) 
PARAMETRIC_REPRESENTATION_CONTEXT() REPRESENTATION_CONTEXT('2D SPACE',''
  ) );
#5404 = PCURVE('',#5405,#5410);
#5405 = CONICAL_SURFACE('',#5406,10.,1.722519033007E-02);
#5406 = AXIS2_PLACEMENT_3D('',#5407,#5408,#5409);
#5407 = CARTESIAN_POINT('',(-19.,-49.,14.18));
#5408 = DIRECTION('',(0.,0.,1.));
#5409 = DIRECTION('',(1.,0.,0.));
#5410 = DEFINITIONAL_REPRESENTATION('',(#5411),#5415);
#5411 = LINE('',#5412,#5413);
#5412 = CARTESIAN_POINT('',(0.,1.52));
#5413 = VECTOR('',#5414,1.);
#5414 = DIRECTION('',(1.,0.));
#5415 = ( GEOMETRIC_REPRESENTATION_CONTEXT(2) 
PARAMETRIC_REPRESENTATION_CONTEXT() REPRESENTATION_CONTEXT('2D SPACE',''
  ) );
#5416 = ORIENTED_EDGE('',*,*,#5417,.F.);
#5417 = EDGE_CURVE('',#5418,#5389,#5420,.T.);
#5418 = VERTEX_POINT('',#5419);
#5419 = CARTESIAN_POINT('',(-29.0261848791,49.,15.7));
#5420 = SURFACE_CURVE('',#5421,(#5425,#5431),.PCURVE_S1.);
#5421 = LINE('',#5422,#5423);
#5422 = CARTESIAN_POINT('',(-29.0261848791,-24.5,15.7));
#5423 = VECTOR('',#5424,1.);
#5424 = DIRECTION('',(-0.,-1.,0.));
#5425 = PCURVE('',#2396,#5426);
#5426 = DEFINITIONAL_REPRESENTATION('',(#5427),#5430);
#5427 = B_SPLINE_CURVE_WITH_KNOTS('',1,(#5428,#5429),.UNSPECIFIED.,.F.,
  .F.,(2,2),(-73.5,24.5),.PIECEWISE_BEZIER_KNOTS.);
#5428 = CARTESIAN_POINT('',(-10.0261848791,98.));
#5429 = CARTESIAN_POINT('',(-10.0261848791,0.));
#5430 = ( GEOMETRIC_REPRESENTATION_CONTEXT(2) 
PARAMETRIC_REPRESENTATION_CONTEXT() REPRESENTATION_CONTEXT('2D SPACE',''
  ) );
#5431 = PCURVE('',#5432,#5437);
#5432 = PLANE('',#5433);
#5433 = AXIS2_PLACEMENT_3D('',#5434,#5435,#5436);
#5434 = CARTESIAN_POINT('',(-29.02635714804,0.,15.71));
#5435 = DIRECTION('',(-0.999851650077,0.,-1.722433853642E-02));
#5436 = DIRECTION('',(0.,-1.,-0.));
#5437 = DEFINITIONAL_REPRESENTATION('',(#5438),#5441);
#5438 = B_SPLINE_CURVE_WITH_KNOTS('',1,(#5439,#5440),.UNSPECIFIED.,.F.,
  .F.,(2,2),(-73.5,24.5),.PIECEWISE_BEZIER_KNOTS.);
#5439 = CARTESIAN_POINT('',(-49.,-1.000148371934E-02));
#5440 = CARTESIAN_POINT('',(49.,-1.000148371934E-02));
#5441 = ( GEOMETRIC_REPRESENTATION_CONTEXT(2) 
PARAMETRIC_REPRESENTATION_CONTEXT() REPRESENTATION_CONTEXT('2D SPACE',''
  ) );
#5442 = ORIENTED_EDGE('',*,*,#5443,.F.);
#5443 = EDGE_CURVE('',#5444,#5418,#5446,.T.);
#5444 = VERTEX_POINT('',#5445);
#5445 = CARTESIAN_POINT('',(-19.,59.0261848791,15.7));
#5446 = SURFACE_CURVE('',#5447,(#5452,#5459),.PCURVE_S1.);
#5447 = CIRCLE('',#5448,10.0261848791);
#5448 = AXIS2_PLACEMENT_3D('',#5449,#5450,#5451);
#5449 = CARTESIAN_POINT('',(-19.,49.,15.7));
#5450 = DIRECTION('',(0.,0.,1.));
#5451 = DIRECTION('',(1.,0.,-0.));
#5452 = PCURVE('',#2396,#5453);
#5453 = DEFINITIONAL_REPRESENTATION('',(#5454),#5458);
#5454 = CIRCLE('',#5455,10.0261848791);
#5455 = AXIS2_PLACEMENT_2D('',#5456,#5457);
#5456 = CARTESIAN_POINT('',(0.,98.));
#5457 = DIRECTION('',(1.,0.));
#5458 = ( GEOMETRIC_REPRESENTATION_CONTEXT(2) 
PARAMETRIC_REPRESENTATION_CONTEXT() REPRESENTATION_CONTEXT('2D SPACE',''
  ) );
#5459 = PCURVE('',#5460,#5465);
#5460 = CONICAL_SURFACE('',#5461,10.,1.722519033007E-02);
#5461 = AXIS2_PLACEMENT_3D('',#5462,#5463,#5464);
#5462 = CARTESIAN_POINT('',(-19.,49.,14.18));
#5463 = DIRECTION('',(0.,0.,1.));
#5464 = DIRECTION('',(1.,0.,0.));
#5465 = DEFINITIONAL_REPRESENTATION('',(#5466),#5470);
#5466 = LINE('',#5467,#5468);
#5467 = CARTESIAN_POINT('',(0.,1.52));
#5468 = VECTOR('',#5469,1.);
#5469 = DIRECTION('',(1.,0.));
#5470 = ( GEOMETRIC_REPRESENTATION_CONTEXT(2) 
PARAMETRIC_REPRESENTATION_CONTEXT() REPRESENTATION_CONTEXT('2D SPACE',''
  ) );
#5471 = ORIENTED_EDGE('',*,*,#5472,.F.);
#5472 = EDGE_CURVE('',#2356,#5444,#5473,.T.);
#5473 = SURFACE_CURVE('',#5474,(#5478,#5484),.PCURVE_S1.);
#5474 = LINE('',#5475,#5476);
#5475 = CARTESIAN_POINT('',(-9.5,59.0261848791,15.7));
#5476 = VECTOR('',#5477,1.);
#5477 = DIRECTION('',(-1.,0.,0.));
#5478 = PCURVE('',#2396,#5479);
#5479 = DEFINITIONAL_REPRESENTATION('',(#5480),#5483);
#5480 = B_SPLINE_CURVE_WITH_KNOTS('',1,(#5481,#5482),.UNSPECIFIED.,.F.,
  .F.,(2,2),(-28.5,9.5),.PIECEWISE_BEZIER_KNOTS.);
#5481 = CARTESIAN_POINT('',(38.,108.0261848791));
#5482 = CARTESIAN_POINT('',(0.,108.0261848791));
#5483 = ( GEOMETRIC_REPRESENTATION_CONTEXT(2) 
PARAMETRIC_REPRESENTATION_CONTEXT() REPRESENTATION_CONTEXT('2D SPACE',''
  ) );
#5484 = PCURVE('',#2370,#5485);
#5485 = DEFINITIONAL_REPRESENTATION('',(#5486),#5489);
#5486 = B_SPLINE_CURVE_WITH_KNOTS('',1,(#5487,#5488),.UNSPECIFIED.,.F.,
  .F.,(2,2),(-28.5,9.5),.PIECEWISE_BEZIER_KNOTS.);
#5487 = CARTESIAN_POINT('',(-19.,-1.000148371934E-02));
#5488 = CARTESIAN_POINT('',(19.,-1.000148371934E-02));
#5489 = ( GEOMETRIC_REPRESENTATION_CONTEXT(2) 
PARAMETRIC_REPRESENTATION_CONTEXT() REPRESENTATION_CONTEXT('2D SPACE',''
  ) );
#5490 = ORIENTED_EDGE('',*,*,#2381,.F.);
#5491 = ORIENTED_EDGE('',*,*,#2453,.F.);
#5492 = ORIENTED_EDGE('',*,*,#2499,.T.);
#5493 = ADVANCED_FACE('',(#5494),#2370,.F.);
#5494 = FACE_BOUND('',#5495,.F.);
#5495 = EDGE_LOOP('',(#5496,#5497,#5518,#5536));
#5496 = ORIENTED_EDGE('',*,*,#2355,.F.);
#5497 = ORIENTED_EDGE('',*,*,#5498,.T.);
#5498 = EDGE_CURVE('',#2330,#5499,#5501,.T.);
#5499 = VERTEX_POINT('',#5500);
#5500 = CARTESIAN_POINT('',(-19.,59.000344537883,14.2));
#5501 = SURFACE_CURVE('',#5502,(#5506,#5512),.PCURVE_S1.);
#5502 = LINE('',#5503,#5504);
#5503 = CARTESIAN_POINT('',(-9.5,59.000344537883,14.2));
#5504 = VECTOR('',#5505,1.);
#5505 = DIRECTION('',(-1.,0.,0.));
#5506 = PCURVE('',#2370,#5507);
#5507 = DEFINITIONAL_REPRESENTATION('',(#5508),#5511);
#5508 = B_SPLINE_CURVE_WITH_KNOTS('',1,(#5509,#5510),.UNSPECIFIED.,.F.,
  .F.,(2,2),(-28.5,9.5),.PIECEWISE_BEZIER_KNOTS.);
#5509 = CARTESIAN_POINT('',(-19.,-1.51022404162));
#5510 = CARTESIAN_POINT('',(19.,-1.51022404162));
#5511 = ( GEOMETRIC_REPRESENTATION_CONTEXT(2) 
PARAMETRIC_REPRESENTATION_CONTEXT() REPRESENTATION_CONTEXT('2D SPACE',''
  ) );
#5512 = PCURVE('',#2344,#5513);
#5513 = DEFINITIONAL_REPRESENTATION('',(#5514),#5517);
#5514 = B_SPLINE_CURVE_WITH_KNOTS('',1,(#5515,#5516),.UNSPECIFIED.,.F.,
  .F.,(2,2),(-28.5,9.5),.PIECEWISE_BEZIER_KNOTS.);
#5515 = CARTESIAN_POINT('',(38.,108.00034453788));
#5516 = CARTESIAN_POINT('',(0.,108.00034453788));
#5517 = ( GEOMETRIC_REPRESENTATION_CONTEXT(2) 
PARAMETRIC_REPRESENTATION_CONTEXT() REPRESENTATION_CONTEXT('2D SPACE',''
  ) );
#5518 = ORIENTED_EDGE('',*,*,#5519,.T.);
#5519 = EDGE_CURVE('',#5499,#5444,#5520,.T.);
#5520 = SURFACE_CURVE('',#5521,(#5524,#5530),.PCURVE_S1.);
#5521 = B_SPLINE_CURVE_WITH_KNOTS('',1,(#5522,#5523),.UNSPECIFIED.,.F.,
  .F.,(2,2),(0.,1.),.PIECEWISE_BEZIER_KNOTS.);
#5522 = CARTESIAN_POINT('',(-19.,59.,14.18));
#5523 = CARTESIAN_POINT('',(-19.,59.026357148042,15.71));
#5524 = PCURVE('',#2370,#5525);
#5525 = DEFINITIONAL_REPRESENTATION('',(#5526),#5529);
#5526 = B_SPLINE_CURVE_WITH_KNOTS('',1,(#5527,#5528),.UNSPECIFIED.,.F.,
  .F.,(2,2),(0.,1.),.PIECEWISE_BEZIER_KNOTS.);
#5527 = CARTESIAN_POINT('',(19.,-1.530227009059));
#5528 = CARTESIAN_POINT('',(19.,0.));
#5529 = ( GEOMETRIC_REPRESENTATION_CONTEXT(2) 
PARAMETRIC_REPRESENTATION_CONTEXT() REPRESENTATION_CONTEXT('2D SPACE',''
  ) );
#5530 = PCURVE('',#5460,#5531);
#5531 = DEFINITIONAL_REPRESENTATION('',(#5532),#5535);
#5532 = B_SPLINE_CURVE_WITH_KNOTS('',1,(#5533,#5534),.UNSPECIFIED.,.F.,
  .F.,(2,2),(0.,1.),.PIECEWISE_BEZIER_KNOTS.);
#5533 = CARTESIAN_POINT('',(1.570796326795,0.));
#5534 = CARTESIAN_POINT('',(1.570796326795,1.53));
#5535 = ( GEOMETRIC_REPRESENTATION_CONTEXT(2) 
PARAMETRIC_REPRESENTATION_CONTEXT() REPRESENTATION_CONTEXT('2D SPACE',''
  ) );
#5536 = ORIENTED_EDGE('',*,*,#5472,.F.);
#5537 = ADVANCED_FACE('',(#5538),#2344,.T.);
#5538 = FACE_BOUND('',#5539,.T.);
#5539 = EDGE_LOOP('',(#5540,#5571,#5592,#5593,#5594,#5618,#5639,#5663,
    #5682,#5683,#5706,#5735));
#5540 = ORIENTED_EDGE('',*,*,#5541,.F.);
#5541 = EDGE_CURVE('',#5542,#5544,#5546,.T.);
#5542 = VERTEX_POINT('',#5543);
#5543 = CARTESIAN_POINT('',(-19.,59.,14.2));
#5544 = VERTEX_POINT('',#5545);
#5545 = CARTESIAN_POINT('',(-29.,49.,14.2));
#5546 = SURFACE_CURVE('',#5547,(#5552,#5559),.PCURVE_S1.);
#5547 = CIRCLE('',#5548,10.);
#5548 = AXIS2_PLACEMENT_3D('',#5549,#5550,#5551);
#5549 = CARTESIAN_POINT('',(-19.,49.,14.2));
#5550 = DIRECTION('',(0.,0.,1.));
#5551 = DIRECTION('',(1.,0.,0.));
#5552 = PCURVE('',#2344,#5553);
#5553 = DEFINITIONAL_REPRESENTATION('',(#5554),#5558);
#5554 = CIRCLE('',#5555,10.);
#5555 = AXIS2_PLACEMENT_2D('',#5556,#5557);
#5556 = CARTESIAN_POINT('',(0.,98.));
#5557 = DIRECTION('',(1.,0.));
#5558 = ( GEOMETRIC_REPRESENTATION_CONTEXT(2) 
PARAMETRIC_REPRESENTATION_CONTEXT() REPRESENTATION_CONTEXT('2D SPACE',''
  ) );
#5559 = PCURVE('',#5560,#5565);
#5560 = CONICAL_SURFACE('',#5561,9.787048207876,1.745329251994E-02);
#5561 = AXIS2_PLACEMENT_3D('',#5562,#5563,#5564);
#5562 = CARTESIAN_POINT('',(-19.,49.,2.));
#5563 = DIRECTION('',(0.,0.,1.));
#5564 = DIRECTION('',(1.,0.,0.));
#5565 = DEFINITIONAL_REPRESENTATION('',(#5566),#5570);
#5566 = LINE('',#5567,#5568);
#5567 = CARTESIAN_POINT('',(0.,12.2));
#5568 = VECTOR('',#5569,1.);
#5569 = DIRECTION('',(1.,0.));
#5570 = ( GEOMETRIC_REPRESENTATION_CONTEXT(2) 
PARAMETRIC_REPRESENTATION_CONTEXT() REPRESENTATION_CONTEXT('2D SPACE',''
  ) );
#5571 = ORIENTED_EDGE('',*,*,#5572,.T.);
#5572 = EDGE_CURVE('',#5542,#2304,#5573,.T.);
#5573 = SURFACE_CURVE('',#5574,(#5578,#5585),.PCURVE_S1.);
#5574 = LINE('',#5575,#5576);
#5575 = CARTESIAN_POINT('',(0.,59.,14.2));
#5576 = VECTOR('',#5577,1.);
#5577 = DIRECTION('',(1.,0.,0.));
#5578 = PCURVE('',#2344,#5579);
#5579 = DEFINITIONAL_REPRESENTATION('',(#5580),#5584);
#5580 = LINE('',#5581,#5582);
#5581 = CARTESIAN_POINT('',(19.,108.));
#5582 = VECTOR('',#5583,1.);
#5583 = DIRECTION('',(1.,0.));
#5584 = ( GEOMETRIC_REPRESENTATION_CONTEXT(2) 
PARAMETRIC_REPRESENTATION_CONTEXT() REPRESENTATION_CONTEXT('2D SPACE',''
  ) );
#5585 = PCURVE('',#2318,#5586);
#5586 = DEFINITIONAL_REPRESENTATION('',(#5587),#5591);
#5587 = LINE('',#5588,#5589);
#5588 = CARTESIAN_POINT('',(0.,0.));
#5589 = VECTOR('',#5590,1.);
#5590 = DIRECTION('',(-1.,0.));
#5591 = ( GEOMETRIC_REPRESENTATION_CONTEXT(2) 
PARAMETRIC_REPRESENTATION_CONTEXT() REPRESENTATION_CONTEXT('2D SPACE',''
  ) );
#5592 = ORIENTED_EDGE('',*,*,#2329,.F.);
#5593 = ORIENTED_EDGE('',*,*,#5498,.T.);
#5594 = ORIENTED_EDGE('',*,*,#5595,.T.);
#5595 = EDGE_CURVE('',#5499,#5596,#5598,.T.);
#5596 = VERTEX_POINT('',#5597);
#5597 = CARTESIAN_POINT('',(-29.00034453788,49.,14.2));
#5598 = SURFACE_CURVE('',#5599,(#5604,#5611),.PCURVE_S1.);
#5599 = CIRCLE('',#5600,10.000344537883);
#5600 = AXIS2_PLACEMENT_3D('',#5601,#5602,#5603);
#5601 = CARTESIAN_POINT('',(-19.,49.,14.2));
#5602 = DIRECTION('',(0.,0.,1.));
#5603 = DIRECTION('',(1.,0.,-0.));
#5604 = PCURVE('',#2344,#5605);
#5605 = DEFINITIONAL_REPRESENTATION('',(#5606),#5610);
#5606 = CIRCLE('',#5607,10.000344537883);
#5607 = AXIS2_PLACEMENT_2D('',#5608,#5609);
#5608 = CARTESIAN_POINT('',(0.,98.));
#5609 = DIRECTION('',(1.,0.));
#5610 = ( GEOMETRIC_REPRESENTATION_CONTEXT(2) 
PARAMETRIC_REPRESENTATION_CONTEXT() REPRESENTATION_CONTEXT('2D SPACE',''
  ) );
#5611 = PCURVE('',#5460,#5612);
#5612 = DEFINITIONAL_REPRESENTATION('',(#5613),#5617);
#5613 = LINE('',#5614,#5615);
#5614 = CARTESIAN_POINT('',(0.,2.E-02));
#5615 = VECTOR('',#5616,1.);
#5616 = DIRECTION('',(1.,0.));
#5617 = ( GEOMETRIC_REPRESENTATION_CONTEXT(2) 
PARAMETRIC_REPRESENTATION_CONTEXT() REPRESENTATION_CONTEXT('2D SPACE',''
  ) );
#5618 = ORIENTED_EDGE('',*,*,#5619,.T.);
#5619 = EDGE_CURVE('',#5596,#5620,#5622,.T.);
#5620 = VERTEX_POINT('',#5621);
#5621 = CARTESIAN_POINT('',(-29.00034453788,-49.,14.2));
#5622 = SURFACE_CURVE('',#5623,(#5627,#5633),.PCURVE_S1.);
#5623 = LINE('',#5624,#5625);
#5624 = CARTESIAN_POINT('',(-29.00034453788,-24.5,14.2));
#5625 = VECTOR('',#5626,1.);
#5626 = DIRECTION('',(-0.,-1.,0.));
#5627 = PCURVE('',#2344,#5628);
#5628 = DEFINITIONAL_REPRESENTATION('',(#5629),#5632);
#5629 = B_SPLINE_CURVE_WITH_KNOTS('',1,(#5630,#5631),.UNSPECIFIED.,.F.,
  .F.,(2,2),(-73.5,24.5),.PIECEWISE_BEZIER_KNOTS.);
#5630 = CARTESIAN_POINT('',(-10.00034453788,98.));
#5631 = CARTESIAN_POINT('',(-10.00034453788,0.));
#5632 = ( GEOMETRIC_REPRESENTATION_CONTEXT(2) 
PARAMETRIC_REPRESENTATION_CONTEXT() REPRESENTATION_CONTEXT('2D SPACE',''
  ) );
#5633 = PCURVE('',#5432,#5634);
#5634 = DEFINITIONAL_REPRESENTATION('',(#5635),#5638);
#5635 = B_SPLINE_CURVE_WITH_KNOTS('',1,(#5636,#5637),.UNSPECIFIED.,.F.,
  .F.,(2,2),(-73.5,24.5),.PIECEWISE_BEZIER_KNOTS.);
#5636 = CARTESIAN_POINT('',(-49.,-1.51022404162));
#5637 = CARTESIAN_POINT('',(49.,-1.51022404162));
#5638 = ( GEOMETRIC_REPRESENTATION_CONTEXT(2) 
PARAMETRIC_REPRESENTATION_CONTEXT() REPRESENTATION_CONTEXT('2D SPACE',''
  ) );
#5639 = ORIENTED_EDGE('',*,*,#5640,.T.);
#5640 = EDGE_CURVE('',#5620,#5641,#5643,.T.);
#5641 = VERTEX_POINT('',#5642);
#5642 = CARTESIAN_POINT('',(-19.,-59.00034453788,14.2));
#5643 = SURFACE_CURVE('',#5644,(#5649,#5656),.PCURVE_S1.);
#5644 = CIRCLE('',#5645,10.000344537883);
#5645 = AXIS2_PLACEMENT_3D('',#5646,#5647,#5648);
#5646 = CARTESIAN_POINT('',(-19.,-49.,14.2));
#5647 = DIRECTION('',(0.,0.,1.));
#5648 = DIRECTION('',(1.,0.,-0.));
#5649 = PCURVE('',#2344,#5650);
#5650 = DEFINITIONAL_REPRESENTATION('',(#5651),#5655);
#5651 = CIRCLE('',#5652,10.000344537883);
#5652 = AXIS2_PLACEMENT_2D('',#5653,#5654);
#5653 = CARTESIAN_POINT('',(0.,0.));
#5654 = DIRECTION('',(1.,0.));
#5655 = ( GEOMETRIC_REPRESENTATION_CONTEXT(2) 
PARAMETRIC_REPRESENTATION_CONTEXT() REPRESENTATION_CONTEXT('2D SPACE',''
  ) );
#5656 = PCURVE('',#5405,#5657);
#5657 = DEFINITIONAL_REPRESENTATION('',(#5658),#5662);
#5658 = LINE('',#5659,#5660);
#5659 = CARTESIAN_POINT('',(0.,2.E-02));
#5660 = VECTOR('',#5661,1.);
#5661 = DIRECTION('',(1.,0.));
#5662 = ( GEOMETRIC_REPRESENTATION_CONTEXT(2) 
PARAMETRIC_REPRESENTATION_CONTEXT() REPRESENTATION_CONTEXT('2D SPACE',''
  ) );
#5663 = ORIENTED_EDGE('',*,*,#5664,.T.);
#5664 = EDGE_CURVE('',#5641,#2712,#5665,.T.);
#5665 = SURFACE_CURVE('',#5666,(#5670,#5676),.PCURVE_S1.);
#5666 = LINE('',#5667,#5668);
#5667 = CARTESIAN_POINT('',(-9.5,-59.00034453788,14.2));
#5668 = VECTOR('',#5669,1.);
#5669 = DIRECTION('',(1.,0.,-0.));
#5670 = PCURVE('',#2344,#5671);
#5671 = DEFINITIONAL_REPRESENTATION('',(#5672),#5675);
#5672 = B_SPLINE_CURVE_WITH_KNOTS('',1,(#5673,#5674),.UNSPECIFIED.,.F.,
  .F.,(2,2),(-9.5,28.5),.PIECEWISE_BEZIER_KNOTS.);
#5673 = CARTESIAN_POINT('',(0.,-10.00034453788));
#5674 = CARTESIAN_POINT('',(38.,-10.00034453788));
#5675 = ( GEOMETRIC_REPRESENTATION_CONTEXT(2) 
PARAMETRIC_REPRESENTATION_CONTEXT() REPRESENTATION_CONTEXT('2D SPACE',''
  ) );
#5676 = PCURVE('',#2726,#5677);
#5677 = DEFINITIONAL_REPRESENTATION('',(#5678),#5681);
#5678 = B_SPLINE_CURVE_WITH_KNOTS('',1,(#5679,#5680),.UNSPECIFIED.,.F.,
  .F.,(2,2),(-9.5,28.5),.PIECEWISE_BEZIER_KNOTS.);
#5679 = CARTESIAN_POINT('',(-19.,-1.51022404162));
#5680 = CARTESIAN_POINT('',(19.,-1.51022404162));
#5681 = ( GEOMETRIC_REPRESENTATION_CONTEXT(2) 
PARAMETRIC_REPRESENTATION_CONTEXT() REPRESENTATION_CONTEXT('2D SPACE',''
  ) );
#5682 = ORIENTED_EDGE('',*,*,#2737,.F.);
#5683 = ORIENTED_EDGE('',*,*,#5684,.F.);
#5684 = EDGE_CURVE('',#5685,#2738,#5687,.T.);
#5685 = VERTEX_POINT('',#5686);
#5686 = CARTESIAN_POINT('',(-19.,-59.,14.2));
#5687 = SURFACE_CURVE('',#5688,(#5692,#5699),.PCURVE_S1.);
#5688 = LINE('',#5689,#5690);
#5689 = CARTESIAN_POINT('',(0.,-59.,14.2));
#5690 = VECTOR('',#5691,1.);
#5691 = DIRECTION('',(1.,0.,0.));
#5692 = PCURVE('',#2344,#5693);
#5693 = DEFINITIONAL_REPRESENTATION('',(#5694),#5698);
#5694 = LINE('',#5695,#5696);
#5695 = CARTESIAN_POINT('',(19.,-10.));
#5696 = VECTOR('',#5697,1.);
#5697 = DIRECTION('',(1.,0.));
#5698 = ( GEOMETRIC_REPRESENTATION_CONTEXT(2) 
PARAMETRIC_REPRESENTATION_CONTEXT() REPRESENTATION_CONTEXT('2D SPACE',''
  ) );
#5699 = PCURVE('',#2771,#5700);
#5700 = DEFINITIONAL_REPRESENTATION('',(#5701),#5705);
#5701 = LINE('',#5702,#5703);
#5702 = CARTESIAN_POINT('',(0.,0.));
#5703 = VECTOR('',#5704,1.);
#5704 = DIRECTION('',(1.,0.));
#5705 = ( GEOMETRIC_REPRESENTATION_CONTEXT(2) 
PARAMETRIC_REPRESENTATION_CONTEXT() REPRESENTATION_CONTEXT('2D SPACE',''
  ) );
#5706 = ORIENTED_EDGE('',*,*,#5707,.F.);
#5707 = EDGE_CURVE('',#5708,#5685,#5710,.T.);
#5708 = VERTEX_POINT('',#5709);
#5709 = CARTESIAN_POINT('',(-29.,-49.,14.2));
#5710 = SURFACE_CURVE('',#5711,(#5716,#5723),.PCURVE_S1.);
#5711 = CIRCLE('',#5712,10.);
#5712 = AXIS2_PLACEMENT_3D('',#5713,#5714,#5715);
#5713 = CARTESIAN_POINT('',(-19.,-49.,14.2));
#5714 = DIRECTION('',(0.,0.,1.));
#5715 = DIRECTION('',(1.,0.,0.));
#5716 = PCURVE('',#2344,#5717);
#5717 = DEFINITIONAL_REPRESENTATION('',(#5718),#5722);
#5718 = CIRCLE('',#5719,10.);
#5719 = AXIS2_PLACEMENT_2D('',#5720,#5721);
#5720 = CARTESIAN_POINT('',(0.,0.));
#5721 = DIRECTION('',(1.,0.));
#5722 = ( GEOMETRIC_REPRESENTATION_CONTEXT(2) 
PARAMETRIC_REPRESENTATION_CONTEXT() REPRESENTATION_CONTEXT('2D SPACE',''
  ) );
#5723 = PCURVE('',#5724,#5729);
#5724 = CONICAL_SURFACE('',#5725,9.787048207876,1.745329251994E-02);
#5725 = AXIS2_PLACEMENT_3D('',#5726,#5727,#5728);
#5726 = CARTESIAN_POINT('',(-19.,-49.,2.));
#5727 = DIRECTION('',(0.,0.,1.));
#5728 = DIRECTION('',(1.,0.,0.));
#5729 = DEFINITIONAL_REPRESENTATION('',(#5730),#5734);
#5730 = LINE('',#5731,#5732);
#5731 = CARTESIAN_POINT('',(0.,12.2));
#5732 = VECTOR('',#5733,1.);
#5733 = DIRECTION('',(1.,0.));
#5734 = ( GEOMETRIC_REPRESENTATION_CONTEXT(2) 
PARAMETRIC_REPRESENTATION_CONTEXT() REPRESENTATION_CONTEXT('2D SPACE',''
  ) );
#5735 = ORIENTED_EDGE('',*,*,#5736,.T.);
#5736 = EDGE_CURVE('',#5708,#5544,#5737,.T.);
#5737 = SURFACE_CURVE('',#5738,(#5742,#5749),.PCURVE_S1.);
#5738 = LINE('',#5739,#5740);
#5739 = CARTESIAN_POINT('',(-29.,0.,14.2));
#5740 = VECTOR('',#5741,1.);
#5741 = DIRECTION('',(0.,1.,0.));
#5742 = PCURVE('',#2344,#5743);
#5743 = DEFINITIONAL_REPRESENTATION('',(#5744),#5748);
#5744 = LINE('',#5745,#5746);
#5745 = CARTESIAN_POINT('',(-10.,49.));
#5746 = VECTOR('',#5747,1.);
#5747 = DIRECTION('',(0.,1.));
#5748 = ( GEOMETRIC_REPRESENTATION_CONTEXT(2) 
PARAMETRIC_REPRESENTATION_CONTEXT() REPRESENTATION_CONTEXT('2D SPACE',''
  ) );
#5749 = PCURVE('',#5750,#5755);
#5750 = PLANE('',#5751);
#5751 = AXIS2_PLACEMENT_3D('',#5752,#5753,#5754);
#5752 = CARTESIAN_POINT('',(-29.,0.,14.2));
#5753 = DIRECTION('',(-0.999847695156,0.,-1.745240643728E-02));
#5754 = DIRECTION('',(0.,-1.,-0.));
#5755 = DEFINITIONAL_REPRESENTATION('',(#5756),#5760);
#5756 = LINE('',#5757,#5758);
#5757 = CARTESIAN_POINT('',(0.,0.));
#5758 = VECTOR('',#5759,1.);
#5759 = DIRECTION('',(-1.,0.));
#5760 = ( GEOMETRIC_REPRESENTATION_CONTEXT(2) 
PARAMETRIC_REPRESENTATION_CONTEXT() REPRESENTATION_CONTEXT('2D SPACE',''
  ) );
#5761 = ADVANCED_FACE('',(#5762),#2318,.F.);
#5762 = FACE_BOUND('',#5763,.F.);
#5763 = EDGE_LOOP('',(#5764,#5794,#5812,#5813,#5814,#5815,#5816,#5817,
    #5818,#5819,#5820,#5843,#5868,#5896,#5939,#5965,#6008,#6036,#6079,
    #6105));
#5764 = ORIENTED_EDGE('',*,*,#5765,.F.);
#5765 = EDGE_CURVE('',#5766,#5768,#5770,.T.);
#5766 = VERTEX_POINT('',#5767);
#5767 = CARTESIAN_POINT('',(-19.,58.804198639916,2.982547593563));
#5768 = VERTEX_POINT('',#5769);
#5769 = CARTESIAN_POINT('',(-12.6891663563,58.804198639916,
    2.982547593563));
#5770 = SURFACE_CURVE('',#5771,(#5775,#5782),.PCURVE_S1.);
#5771 = LINE('',#5772,#5773);
#5772 = CARTESIAN_POINT('',(-19.,58.804198639916,2.982547593563));
#5773 = VECTOR('',#5774,1.);
#5774 = DIRECTION('',(1.,0.,0.));
#5775 = PCURVE('',#2318,#5776);
#5776 = DEFINITIONAL_REPRESENTATION('',(#5777),#5781);
#5777 = LINE('',#5778,#5779);
#5778 = CARTESIAN_POINT('',(19.,-11.21916113902));
#5779 = VECTOR('',#5780,1.);
#5780 = DIRECTION('',(-1.,0.));
#5781 = ( GEOMETRIC_REPRESENTATION_CONTEXT(2) 
PARAMETRIC_REPRESENTATION_CONTEXT() REPRESENTATION_CONTEXT('2D SPACE',''
  ) );
#5782 = PCURVE('',#5783,#5788);
#5783 = CYLINDRICAL_SURFACE('',#5784,1.);
#5784 = AXIS2_PLACEMENT_3D('',#5785,#5786,#5787);
#5785 = CARTESIAN_POINT('',(-19.,57.80435094476,3.));
#5786 = DIRECTION('',(1.,0.,0.));
#5787 = DIRECTION('',(0.,0.999847695156,-1.745240643728E-02));
#5788 = DEFINITIONAL_REPRESENTATION('',(#5789),#5793);
#5789 = LINE('',#5790,#5791);
#5790 = CARTESIAN_POINT('',(-0.,0.));
#5791 = VECTOR('',#5792,1.);
#5792 = DIRECTION('',(-0.,1.));
#5793 = ( GEOMETRIC_REPRESENTATION_CONTEXT(2) 
PARAMETRIC_REPRESENTATION_CONTEXT() REPRESENTATION_CONTEXT('2D SPACE',''
  ) );
#5794 = ORIENTED_EDGE('',*,*,#5795,.T.);
#5795 = EDGE_CURVE('',#5766,#5542,#5796,.T.);
#5796 = SURFACE_CURVE('',#5797,(#5800,#5806),.PCURVE_S1.);
#5797 = B_SPLINE_CURVE_WITH_KNOTS('',1,(#5798,#5799),.UNSPECIFIED.,.F.,
  .F.,(2,2),(0.,1.),.PIECEWISE_BEZIER_KNOTS.);
#5798 = CARTESIAN_POINT('',(-19.,58.787048207876,2.));
#5799 = CARTESIAN_POINT('',(-19.,59.,14.2));
#5800 = PCURVE('',#2318,#5801);
#5801 = DEFINITIONAL_REPRESENTATION('',(#5802),#5805);
#5802 = B_SPLINE_CURVE_WITH_KNOTS('',1,(#5803,#5804),.UNSPECIFIED.,.F.,
  .F.,(2,2),(0.,1.),.PIECEWISE_BEZIER_KNOTS.);
#5803 = CARTESIAN_POINT('',(19.,-12.20185840213));
#5804 = CARTESIAN_POINT('',(19.,0.));
#5805 = ( GEOMETRIC_REPRESENTATION_CONTEXT(2) 
PARAMETRIC_REPRESENTATION_CONTEXT() REPRESENTATION_CONTEXT('2D SPACE',''
  ) );
#5806 = PCURVE('',#5560,#5807);
#5807 = DEFINITIONAL_REPRESENTATION('',(#5808),#5811);
#5808 = B_SPLINE_CURVE_WITH_KNOTS('',1,(#5809,#5810),.UNSPECIFIED.,.F.,
  .F.,(2,2),(0.,1.),.PIECEWISE_BEZIER_KNOTS.);
#5809 = CARTESIAN_POINT('',(1.570796326795,0.));
#5810 = CARTESIAN_POINT('',(1.570796326795,12.2));
#5811 = ( GEOMETRIC_REPRESENTATION_CONTEXT(2) 
PARAMETRIC_REPRESENTATION_CONTEXT() REPRESENTATION_CONTEXT('2D SPACE',''
  ) );
#5812 = ORIENTED_EDGE('',*,*,#5572,.T.);
#5813 = ORIENTED_EDGE('',*,*,#2303,.F.);
#5814 = ORIENTED_EDGE('',*,*,#5339,.T.);
#5815 = ORIENTED_EDGE('',*,*,#5284,.F.);
#5816 = ORIENTED_EDGE('',*,*,#5237,.F.);
#5817 = ORIENTED_EDGE('',*,*,#5183,.F.);
#5818 = ORIENTED_EDGE('',*,*,#5137,.F.);
#5819 = ORIENTED_EDGE('',*,*,#5000,.F.);
#5820 = ORIENTED_EDGE('',*,*,#5821,.T.);
#5821 = EDGE_CURVE('',#5001,#5822,#5824,.T.);
#5822 = VERTEX_POINT('',#5823);
#5823 = CARTESIAN_POINT('',(19.,59.,14.2));
#5824 = SURFACE_CURVE('',#5825,(#5829,#5836),.PCURVE_S1.);
#5825 = LINE('',#5826,#5827);
#5826 = CARTESIAN_POINT('',(0.,59.,14.2));
#5827 = VECTOR('',#5828,1.);
#5828 = DIRECTION('',(1.,0.,0.));
#5829 = PCURVE('',#2318,#5830);
#5830 = DEFINITIONAL_REPRESENTATION('',(#5831),#5835);
#5831 = LINE('',#5832,#5833);
#5832 = CARTESIAN_POINT('',(0.,0.));
#5833 = VECTOR('',#5834,1.);
#5834 = DIRECTION('',(-1.,0.));
#5835 = ( GEOMETRIC_REPRESENTATION_CONTEXT(2) 
PARAMETRIC_REPRESENTATION_CONTEXT() REPRESENTATION_CONTEXT('2D SPACE',''
  ) );
#5836 = PCURVE('',#3234,#5837);
#5837 = DEFINITIONAL_REPRESENTATION('',(#5838),#5842);
#5838 = LINE('',#5839,#5840);
#5839 = CARTESIAN_POINT('',(19.,108.));
#5840 = VECTOR('',#5841,1.);
#5841 = DIRECTION('',(1.,0.));
#5842 = ( GEOMETRIC_REPRESENTATION_CONTEXT(2) 
PARAMETRIC_REPRESENTATION_CONTEXT() REPRESENTATION_CONTEXT('2D SPACE',''
  ) );
#5843 = ORIENTED_EDGE('',*,*,#5844,.F.);
#5844 = EDGE_CURVE('',#5845,#5822,#5847,.T.);
#5845 = VERTEX_POINT('',#5846);
#5846 = CARTESIAN_POINT('',(19.,58.804198639916,2.982547593563));
#5847 = SURFACE_CURVE('',#5848,(#5851,#5857),.PCURVE_S1.);
#5848 = B_SPLINE_CURVE_WITH_KNOTS('',1,(#5849,#5850),.UNSPECIFIED.,.F.,
  .F.,(2,2),(0.,1.),.PIECEWISE_BEZIER_KNOTS.);
#5849 = CARTESIAN_POINT('',(19.,58.787048207876,2.));
#5850 = CARTESIAN_POINT('',(19.,59.,14.2));
#5851 = PCURVE('',#2318,#5852);
#5852 = DEFINITIONAL_REPRESENTATION('',(#5853),#5856);
#5853 = B_SPLINE_CURVE_WITH_KNOTS('',1,(#5854,#5855),.UNSPECIFIED.,.F.,
  .F.,(2,2),(0.,1.),.PIECEWISE_BEZIER_KNOTS.);
#5854 = CARTESIAN_POINT('',(-19.,-12.20185840213));
#5855 = CARTESIAN_POINT('',(-19.,0.));
#5856 = ( GEOMETRIC_REPRESENTATION_CONTEXT(2) 
PARAMETRIC_REPRESENTATION_CONTEXT() REPRESENTATION_CONTEXT('2D SPACE',''
  ) );
#5857 = PCURVE('',#5858,#5863);
#5858 = CONICAL_SURFACE('',#5859,9.787048207876,1.745329251994E-02);
#5859 = AXIS2_PLACEMENT_3D('',#5860,#5861,#5862);
#5860 = CARTESIAN_POINT('',(19.,49.,2.));
#5861 = DIRECTION('',(0.,0.,1.));
#5862 = DIRECTION('',(1.,0.,0.));
#5863 = DEFINITIONAL_REPRESENTATION('',(#5864),#5867);
#5864 = B_SPLINE_CURVE_WITH_KNOTS('',1,(#5865,#5866),.UNSPECIFIED.,.F.,
  .F.,(2,2),(0.,1.),.PIECEWISE_BEZIER_KNOTS.);
#5865 = CARTESIAN_POINT('',(1.570796326795,0.));
#5866 = CARTESIAN_POINT('',(1.570796326795,12.2));
#5867 = ( GEOMETRIC_REPRESENTATION_CONTEXT(2) 
PARAMETRIC_REPRESENTATION_CONTEXT() REPRESENTATION_CONTEXT('2D SPACE',''
  ) );
#5868 = ORIENTED_EDGE('',*,*,#5869,.F.);
#5869 = EDGE_CURVE('',#5870,#5845,#5872,.T.);
#5870 = VERTEX_POINT('',#5871);
#5871 = CARTESIAN_POINT('',(12.689166356309,58.804198639916,
    2.982547593563));
#5872 = SURFACE_CURVE('',#5873,(#5877,#5884),.PCURVE_S1.);
#5873 = LINE('',#5874,#5875);
#5874 = CARTESIAN_POINT('',(-19.,58.804198639916,2.982547593563));
#5875 = VECTOR('',#5876,1.);
#5876 = DIRECTION('',(1.,0.,0.));
#5877 = PCURVE('',#2318,#5878);
#5878 = DEFINITIONAL_REPRESENTATION('',(#5879),#5883);
#5879 = LINE('',#5880,#5881);
#5880 = CARTESIAN_POINT('',(19.,-11.21916113902));
#5881 = VECTOR('',#5882,1.);
#5882 = DIRECTION('',(-1.,0.));
#5883 = ( GEOMETRIC_REPRESENTATION_CONTEXT(2) 
PARAMETRIC_REPRESENTATION_CONTEXT() REPRESENTATION_CONTEXT('2D SPACE',''
  ) );
#5884 = PCURVE('',#5885,#5890);
#5885 = CYLINDRICAL_SURFACE('',#5886,1.);
#5886 = AXIS2_PLACEMENT_3D('',#5887,#5888,#5889);
#5887 = CARTESIAN_POINT('',(-19.,57.80435094476,3.));
#5888 = DIRECTION('',(1.,0.,0.));
#5889 = DIRECTION('',(0.,0.999847695156,-1.745240643728E-02));
#5890 = DEFINITIONAL_REPRESENTATION('',(#5891),#5895);
#5891 = LINE('',#5892,#5893);
#5892 = CARTESIAN_POINT('',(-0.,0.));
#5893 = VECTOR('',#5894,1.);
#5894 = DIRECTION('',(-0.,1.));
#5895 = ( GEOMETRIC_REPRESENTATION_CONTEXT(2) 
PARAMETRIC_REPRESENTATION_CONTEXT() REPRESENTATION_CONTEXT('2D SPACE',''
  ) );
#5896 = ORIENTED_EDGE('',*,*,#5897,.T.);
#5897 = EDGE_CURVE('',#5870,#5898,#5900,.T.);
#5898 = VERTEX_POINT('',#5899);
#5899 = CARTESIAN_POINT('',(12.6,58.982544935072,13.2));
#5900 = SURFACE_CURVE('',#5901,(#5910,#5922),.PCURVE_S1.);
#5901 = B_SPLINE_CURVE_WITH_KNOTS('',4,(#5902,#5903,#5904,#5905,#5906,
    #5907,#5908,#5909),.UNSPECIFIED.,.F.,.F.,(5,3,5),(0.,0.581581012118,
    1.),.UNSPECIFIED.);
#5902 = CARTESIAN_POINT('',(12.689166356309,58.804198639916,
    2.982547593563));
#5903 = CARTESIAN_POINT('',(12.6762013669,58.830130593666,4.468188228866
    ));
#5904 = CARTESIAN_POINT('',(12.66323658303,58.856062136308,
    5.953805311847));
#5905 = CARTESIAN_POINT('',(12.65027203187,58.881993213492,
    7.439395728782));
#5906 = CARTESIAN_POINT('',(12.62798058806,58.926579496724,
    9.993742184418));
#5907 = CARTESIAN_POINT('',(12.618653564899,58.945234963812,
    11.06251317807));
#5908 = CARTESIAN_POINT('',(12.609326696125,58.963890122105,
    12.131266480903));
#5909 = CARTESIAN_POINT('',(12.6,58.982544935072,13.2));
#5910 = PCURVE('',#2318,#5911);
#5911 = DEFINITIONAL_REPRESENTATION('',(#5912),#5921);
#5912 = B_SPLINE_CURVE_WITH_KNOTS('',4,(#5913,#5914,#5915,#5916,#5917,
    #5918,#5919,#5920),.UNSPECIFIED.,.F.,.F.,(5,3,5),(0.,0.581581012118,
    1.),.UNSPECIFIED.);
#5913 = CARTESIAN_POINT('',(-12.6891663563,-11.21916113902));
#5914 = CARTESIAN_POINT('',(-12.6762013669,-9.733294198985));
#5915 = CARTESIAN_POINT('',(-12.66323658303,-8.24745081486));
#5916 = CARTESIAN_POINT('',(-12.65027203187,-6.761634100842));
#5917 = CARTESIAN_POINT('',(-12.62798058806,-4.206898546608));
#5918 = CARTESIAN_POINT('',(-12.61865356489,-3.137964749161));
#5919 = CARTESIAN_POINT('',(-12.60932669612,-2.069048645227));
#5920 = CARTESIAN_POINT('',(-12.6,-1.000152328044));
#5921 = ( GEOMETRIC_REPRESENTATION_CONTEXT(2) 
PARAMETRIC_REPRESENTATION_CONTEXT() REPRESENTATION_CONTEXT('2D SPACE',''
  ) );
#5922 = PCURVE('',#5923,#5928);
#5923 = B_SPLINE_SURFACE_WITH_KNOTS('',1,1,(
    (#5924,#5925)
    ,(#5926,#5927
    )),.UNSPECIFIED.,.F.,.F.,.F.,(2,2),(2,2),(-0.974486292815,
    0.974486292815),(0.,1.),.PIECEWISE_BEZIER_KNOTS.);
#5924 = CARTESIAN_POINT('',(12.699486292815,57.450513707185,1.8));
#5925 = CARTESIAN_POINT('',(12.6,57.55,13.2));
#5926 = CARTESIAN_POINT('',(12.699486292815,59.399486292815,1.8));
#5927 = CARTESIAN_POINT('',(12.6,59.3,13.2));
#5928 = DEFINITIONAL_REPRESENTATION('',(#5929),#5938);
#5929 = B_SPLINE_CURVE_WITH_KNOTS('',4,(#5930,#5931,#5932,#5933,#5934,
    #5935,#5936,#5937),.UNSPECIFIED.,.F.,.F.,(5,3,5),(0.,0.581581012118,
    1.),.UNSPECIFIED.);
#5930 = CARTESIAN_POINT('',(0.383257390306,0.103732245049));
#5931 = CARTESIAN_POINT('',(0.414620506518,0.234051599023));
#5932 = CARTESIAN_POINT('',(0.447107840418,0.364368887004));
#5933 = CARTESIAN_POINT('',(0.480809419203,0.494683835858));
#5934 = CARTESIAN_POINT('',(0.541038530502,0.718749314423));
#5935 = CARTESIAN_POINT('',(0.566926243546,0.812501155971));
#5936 = CARTESIAN_POINT('',(0.593542567291,0.906251445693));
#5937 = CARTESIAN_POINT('',(0.620937024978,1.));
#5938 = ( GEOMETRIC_REPRESENTATION_CONTEXT(2) 
PARAMETRIC_REPRESENTATION_CONTEXT() REPRESENTATION_CONTEXT('2D SPACE',''
  ) );
#5939 = ORIENTED_EDGE('',*,*,#5940,.F.);
#5940 = EDGE_CURVE('',#5941,#5898,#5943,.T.);
#5941 = VERTEX_POINT('',#5942);
#5942 = CARTESIAN_POINT('',(11.4,58.982544935072,13.2));
#5943 = SURFACE_CURVE('',#5944,(#5948,#5954),.PCURVE_S1.);
#5944 = LINE('',#5945,#5946);
#5945 = CARTESIAN_POINT('',(5.7,58.982544935072,13.2));
#5946 = VECTOR('',#5947,1.);
#5947 = DIRECTION('',(1.,-0.,0.));
#5948 = PCURVE('',#2318,#5949);
#5949 = DEFINITIONAL_REPRESENTATION('',(#5950),#5953);
#5950 = B_SPLINE_CURVE_WITH_KNOTS('',1,(#5951,#5952),.UNSPECIFIED.,.F.,
  .F.,(2,2),(5.482316526906,7.36295530302),.PIECEWISE_BEZIER_KNOTS.);
#5951 = CARTESIAN_POINT('',(-11.1823165269,-1.000152328044));
#5952 = CARTESIAN_POINT('',(-13.06295530302,-1.000152328044));
#5953 = ( GEOMETRIC_REPRESENTATION_CONTEXT(2) 
PARAMETRIC_REPRESENTATION_CONTEXT() REPRESENTATION_CONTEXT('2D SPACE',''
  ) );
#5954 = PCURVE('',#5955,#5960);
#5955 = PLANE('',#5956);
#5956 = AXIS2_PLACEMENT_3D('',#5957,#5958,#5959);
#5957 = CARTESIAN_POINT('',(11.4,57.55,13.2));
#5958 = DIRECTION('',(0.,0.,1.));
#5959 = DIRECTION('',(0.565528355552,0.824728851846,-0.));
#5960 = DEFINITIONAL_REPRESENTATION('',(#5961),#5964);
#5961 = B_SPLINE_CURVE_WITH_KNOTS('',1,(#5962,#5963),.UNSPECIFIED.,.F.,
  .F.,(2,2),(5.482316526906,7.36295530302),.PIECEWISE_BEZIER_KNOTS.);
#5962 = CARTESIAN_POINT('',(1.05835496295,0.989674622215));
#5963 = CARTESIAN_POINT('',(2.121909517392,-0.561342436346));
#5964 = ( GEOMETRIC_REPRESENTATION_CONTEXT(2) 
PARAMETRIC_REPRESENTATION_CONTEXT() REPRESENTATION_CONTEXT('2D SPACE',''
  ) );
#5965 = ORIENTED_EDGE('',*,*,#5966,.F.);
#5966 = EDGE_CURVE('',#5967,#5941,#5969,.T.);
#5967 = VERTEX_POINT('',#5968);
#5968 = CARTESIAN_POINT('',(11.310833643691,58.804198639916,
    2.982547593563));
#5969 = SURFACE_CURVE('',#5970,(#5979,#5991),.PCURVE_S1.);
#5970 = B_SPLINE_CURVE_WITH_KNOTS('',4,(#5971,#5972,#5973,#5974,#5975,
    #5976,#5977,#5978),.UNSPECIFIED.,.F.,.F.,(5,3,5),(0.,0.581581012118,
    1.),.UNSPECIFIED.);
#5971 = CARTESIAN_POINT('',(11.310833643691,58.804198639916,
    2.982547593563));
#5972 = CARTESIAN_POINT('',(11.3237986331,58.830130593666,4.468188228866
    ));
#5973 = CARTESIAN_POINT('',(11.33676341697,58.856062136308,
    5.953805311847));
#5974 = CARTESIAN_POINT('',(11.34972796813,58.881993213492,
    7.439395728782));
#5975 = CARTESIAN_POINT('',(11.37201941194,58.926579496724,
    9.993742184418));
#5976 = CARTESIAN_POINT('',(11.381346435101,58.945234963812,
    11.06251317807));
#5977 = CARTESIAN_POINT('',(11.390673303875,58.963890122105,
    12.131266480903));
#5978 = CARTESIAN_POINT('',(11.4,58.982544935072,13.2));
#5979 = PCURVE('',#2318,#5980);
#5980 = DEFINITIONAL_REPRESENTATION('',(#5981),#5990);
#5981 = B_SPLINE_CURVE_WITH_KNOTS('',4,(#5982,#5983,#5984,#5985,#5986,
    #5987,#5988,#5989),.UNSPECIFIED.,.F.,.F.,(5,3,5),(0.,0.581581012118,
    1.),.UNSPECIFIED.);
#5982 = CARTESIAN_POINT('',(-11.31083364369,-11.21916113902));
#5983 = CARTESIAN_POINT('',(-11.3237986331,-9.733294198985));
#5984 = CARTESIAN_POINT('',(-11.33676341697,-8.24745081486));
#5985 = CARTESIAN_POINT('',(-11.34972796813,-6.761634100842));
#5986 = CARTESIAN_POINT('',(-11.37201941194,-4.206898546608));
#5987 = CARTESIAN_POINT('',(-11.3813464351,-3.137964749161));
#5988 = CARTESIAN_POINT('',(-11.39067330387,-2.069048645227));
#5989 = CARTESIAN_POINT('',(-11.4,-1.000152328044));
#5990 = ( GEOMETRIC_REPRESENTATION_CONTEXT(2) 
PARAMETRIC_REPRESENTATION_CONTEXT() REPRESENTATION_CONTEXT('2D SPACE',''
  ) );
#5991 = PCURVE('',#5992,#5997);
#5992 = B_SPLINE_SURFACE_WITH_KNOTS('',1,1,(
    (#5993,#5994)
    ,(#5995,#5996
    )),.UNSPECIFIED.,.F.,.F.,.F.,(2,2),(2,2),(-0.974486292815,
    0.974486292815),(0.,1.),.PIECEWISE_BEZIER_KNOTS.);
#5993 = CARTESIAN_POINT('',(11.300513707185,59.399486292815,1.8));
#5994 = CARTESIAN_POINT('',(11.4,59.3,13.2));
#5995 = CARTESIAN_POINT('',(11.300513707185,57.450513707185,1.8));
#5996 = CARTESIAN_POINT('',(11.4,57.55,13.2));
#5997 = DEFINITIONAL_REPRESENTATION('',(#5998),#6007);
#5998 = B_SPLINE_CURVE_WITH_KNOTS('',4,(#5999,#6000,#6001,#6002,#6003,
    #6004,#6005,#6006),.UNSPECIFIED.,.F.,.F.,(5,3,5),(0.,0.581581012118,
    1.),.UNSPECIFIED.);
#5999 = CARTESIAN_POINT('',(-0.383257390306,0.103732245049));
#6000 = CARTESIAN_POINT('',(-0.414620506518,0.234051599023));
#6001 = CARTESIAN_POINT('',(-0.447107840418,0.364368887004));
#6002 = CARTESIAN_POINT('',(-0.480809419203,0.494683835858));
#6003 = CARTESIAN_POINT('',(-0.541038530502,0.718749314423));
#6004 = CARTESIAN_POINT('',(-0.566926243546,0.812501155971));
#6005 = CARTESIAN_POINT('',(-0.593542567291,0.906251445693));
#6006 = CARTESIAN_POINT('',(-0.620937024978,1.));
#6007 = ( GEOMETRIC_REPRESENTATION_CONTEXT(2) 
PARAMETRIC_REPRESENTATION_CONTEXT() REPRESENTATION_CONTEXT('2D SPACE',''
  ) );
#6008 = ORIENTED_EDGE('',*,*,#6009,.F.);
#6009 = EDGE_CURVE('',#6010,#5967,#6012,.T.);
#6010 = VERTEX_POINT('',#6011);
#6011 = CARTESIAN_POINT('',(-11.31083364369,58.804198639916,
    2.982547593563));
#6012 = SURFACE_CURVE('',#6013,(#6017,#6024),.PCURVE_S1.);
#6013 = LINE('',#6014,#6015);
#6014 = CARTESIAN_POINT('',(-19.,58.804198639916,2.982547593563));
#6015 = VECTOR('',#6016,1.);
#6016 = DIRECTION('',(1.,0.,0.));
#6017 = PCURVE('',#2318,#6018);
#6018 = DEFINITIONAL_REPRESENTATION('',(#6019),#6023);
#6019 = LINE('',#6020,#6021);
#6020 = CARTESIAN_POINT('',(19.,-11.21916113902));
#6021 = VECTOR('',#6022,1.);
#6022 = DIRECTION('',(-1.,0.));
#6023 = ( GEOMETRIC_REPRESENTATION_CONTEXT(2) 
PARAMETRIC_REPRESENTATION_CONTEXT() REPRESENTATION_CONTEXT('2D SPACE',''
  ) );
#6024 = PCURVE('',#6025,#6030);
#6025 = CYLINDRICAL_SURFACE('',#6026,1.);
#6026 = AXIS2_PLACEMENT_3D('',#6027,#6028,#6029);
#6027 = CARTESIAN_POINT('',(-19.,57.80435094476,3.));
#6028 = DIRECTION('',(1.,0.,0.));
#6029 = DIRECTION('',(0.,0.999847695156,-1.745240643728E-02));
#6030 = DEFINITIONAL_REPRESENTATION('',(#6031),#6035);
#6031 = LINE('',#6032,#6033);
#6032 = CARTESIAN_POINT('',(-0.,0.));
#6033 = VECTOR('',#6034,1.);
#6034 = DIRECTION('',(-0.,1.));
#6035 = ( GEOMETRIC_REPRESENTATION_CONTEXT(2) 
PARAMETRIC_REPRESENTATION_CONTEXT() REPRESENTATION_CONTEXT('2D SPACE',''
  ) );
#6036 = ORIENTED_EDGE('',*,*,#6037,.T.);
#6037 = EDGE_CURVE('',#6010,#6038,#6040,.T.);
#6038 = VERTEX_POINT('',#6039);
#6039 = CARTESIAN_POINT('',(-11.4,58.982544935072,13.2));
#6040 = SURFACE_CURVE('',#6041,(#6050,#6062),.PCURVE_S1.);
#6041 = B_SPLINE_CURVE_WITH_KNOTS('',4,(#6042,#6043,#6044,#6045,#6046,
    #6047,#6048,#6049),.UNSPECIFIED.,.F.,.F.,(5,3,5),(0.,0.581581012118,
    1.),.UNSPECIFIED.);
#6042 = CARTESIAN_POINT('',(-11.31083364369,58.804198639916,
    2.982547593563));
#6043 = CARTESIAN_POINT('',(-11.3237986331,58.830130593666,
    4.468188228866));
#6044 = CARTESIAN_POINT('',(-11.33676341697,58.856062136308,
    5.953805311847));
#6045 = CARTESIAN_POINT('',(-11.34972796813,58.881993213492,
    7.439395728782));
#6046 = CARTESIAN_POINT('',(-11.37201941194,58.926579496724,
    9.993742184418));
#6047 = CARTESIAN_POINT('',(-11.3813464351,58.945234963812,
    11.06251317807));
#6048 = CARTESIAN_POINT('',(-11.39067330387,58.963890122105,
    12.131266480903));
#6049 = CARTESIAN_POINT('',(-11.4,58.982544935072,13.2));
#6050 = PCURVE('',#2318,#6051);
#6051 = DEFINITIONAL_REPRESENTATION('',(#6052),#6061);
#6052 = B_SPLINE_CURVE_WITH_KNOTS('',4,(#6053,#6054,#6055,#6056,#6057,
    #6058,#6059,#6060),.UNSPECIFIED.,.F.,.F.,(5,3,5),(0.,0.581581012118,
    1.),.UNSPECIFIED.);
#6053 = CARTESIAN_POINT('',(11.310833643691,-11.21916113902));
#6054 = CARTESIAN_POINT('',(11.3237986331,-9.733294198985));
#6055 = CARTESIAN_POINT('',(11.33676341697,-8.24745081486));
#6056 = CARTESIAN_POINT('',(11.34972796813,-6.761634100842));
#6057 = CARTESIAN_POINT('',(11.37201941194,-4.206898546608));
#6058 = CARTESIAN_POINT('',(11.381346435101,-3.137964749161));
#6059 = CARTESIAN_POINT('',(11.390673303875,-2.069048645227));
#6060 = CARTESIAN_POINT('',(11.4,-1.000152328044));
#6061 = ( GEOMETRIC_REPRESENTATION_CONTEXT(2) 
PARAMETRIC_REPRESENTATION_CONTEXT() REPRESENTATION_CONTEXT('2D SPACE',''
  ) );
#6062 = PCURVE('',#6063,#6068);
#6063 = B_SPLINE_SURFACE_WITH_KNOTS('',1,1,(
    (#6064,#6065)
    ,(#6066,#6067
    )),.UNSPECIFIED.,.F.,.F.,.F.,(2,2),(2,2),(-0.974486292815,
    0.974486292815),(0.,1.),.PIECEWISE_BEZIER_KNOTS.);
#6064 = CARTESIAN_POINT('',(-11.30051370718,57.450513707185,1.8));
#6065 = CARTESIAN_POINT('',(-11.4,57.55,13.2));
#6066 = CARTESIAN_POINT('',(-11.30051370718,59.399486292815,1.8));
#6067 = CARTESIAN_POINT('',(-11.4,59.3,13.2));
#6068 = DEFINITIONAL_REPRESENTATION('',(#6069),#6078);
#6069 = B_SPLINE_CURVE_WITH_KNOTS('',4,(#6070,#6071,#6072,#6073,#6074,
    #6075,#6076,#6077),.UNSPECIFIED.,.F.,.F.,(5,3,5),(0.,0.581581012118,
    1.),.UNSPECIFIED.);
#6070 = CARTESIAN_POINT('',(0.383257390306,0.103732245049));
#6071 = CARTESIAN_POINT('',(0.414620506518,0.234051599023));
#6072 = CARTESIAN_POINT('',(0.447107840418,0.364368887004));
#6073 = CARTESIAN_POINT('',(0.480809419203,0.494683835858));
#6074 = CARTESIAN_POINT('',(0.541038530502,0.718749314423));
#6075 = CARTESIAN_POINT('',(0.566926243546,0.812501155971));
#6076 = CARTESIAN_POINT('',(0.593542567291,0.906251445693));
#6077 = CARTESIAN_POINT('',(0.620937024978,1.));
#6078 = ( GEOMETRIC_REPRESENTATION_CONTEXT(2) 
PARAMETRIC_REPRESENTATION_CONTEXT() REPRESENTATION_CONTEXT('2D SPACE',''
  ) );
#6079 = ORIENTED_EDGE('',*,*,#6080,.F.);
#6080 = EDGE_CURVE('',#6081,#6038,#6083,.T.);
#6081 = VERTEX_POINT('',#6082);
#6082 = CARTESIAN_POINT('',(-12.6,58.982544935072,13.2));
#6083 = SURFACE_CURVE('',#6084,(#6088,#6094),.PCURVE_S1.);
#6084 = LINE('',#6085,#6086);
#6085 = CARTESIAN_POINT('',(-6.3,58.982544935072,13.2));
#6086 = VECTOR('',#6087,1.);
#6087 = DIRECTION('',(1.,-0.,0.));
#6088 = PCURVE('',#2318,#6089);
#6089 = DEFINITIONAL_REPRESENTATION('',(#6090),#6093);
#6090 = B_SPLINE_CURVE_WITH_KNOTS('',1,(#6091,#6092),.UNSPECIFIED.,.F.,
  .F.,(2,2),(-6.517683473094,-4.63704469698),.PIECEWISE_BEZIER_KNOTS.);
#6091 = CARTESIAN_POINT('',(12.817683473094,-1.000152328044));
#6092 = CARTESIAN_POINT('',(10.93704469698,-1.000152328044));
#6093 = ( GEOMETRIC_REPRESENTATION_CONTEXT(2) 
PARAMETRIC_REPRESENTATION_CONTEXT() REPRESENTATION_CONTEXT('2D SPACE',''
  ) );
#6094 = PCURVE('',#6095,#6100);
#6095 = PLANE('',#6096);
#6096 = AXIS2_PLACEMENT_3D('',#6097,#6098,#6099);
#6097 = CARTESIAN_POINT('',(-12.6,57.55,13.2));
#6098 = DIRECTION('',(0.,0.,1.));
#6099 = DIRECTION('',(0.565528355552,0.824728851846,-0.));
#6100 = DEFINITIONAL_REPRESENTATION('',(#6101),#6104);
#6101 = B_SPLINE_CURVE_WITH_KNOTS('',1,(#6102,#6103),.UNSPECIFIED.,.F.,
  .F.,(2,2),(-6.517683473094,-4.63704469698),.PIECEWISE_BEZIER_KNOTS.);
#6102 = CARTESIAN_POINT('',(1.05835496295,0.989674622215));
#6103 = CARTESIAN_POINT('',(2.121909517392,-0.561342436346));
#6104 = ( GEOMETRIC_REPRESENTATION_CONTEXT(2) 
PARAMETRIC_REPRESENTATION_CONTEXT() REPRESENTATION_CONTEXT('2D SPACE',''
  ) );
#6105 = ORIENTED_EDGE('',*,*,#6106,.F.);
#6106 = EDGE_CURVE('',#5768,#6081,#6107,.T.);
#6107 = SURFACE_CURVE('',#6108,(#6117,#6129),.PCURVE_S1.);
#6108 = B_SPLINE_CURVE_WITH_KNOTS('',4,(#6109,#6110,#6111,#6112,#6113,
    #6114,#6115,#6116),.UNSPECIFIED.,.F.,.F.,(5,3,5),(0.,0.581581012118,
    1.),.UNSPECIFIED.);
#6109 = CARTESIAN_POINT('',(-12.6891663563,58.804198639916,
    2.982547593563));
#6110 = CARTESIAN_POINT('',(-12.6762013669,58.830130593666,
    4.468188228866));
#6111 = CARTESIAN_POINT('',(-12.66323658303,58.856062136308,
    5.953805311847));
#6112 = CARTESIAN_POINT('',(-12.65027203187,58.881993213492,
    7.439395728782));
#6113 = CARTESIAN_POINT('',(-12.62798058806,58.926579496724,
    9.993742184418));
#6114 = CARTESIAN_POINT('',(-12.61865356489,58.945234963812,
    11.06251317807));
#6115 = CARTESIAN_POINT('',(-12.60932669612,58.963890122105,
    12.131266480903));
#6116 = CARTESIAN_POINT('',(-12.6,58.982544935072,13.2));
#6117 = PCURVE('',#2318,#6118);
#6118 = DEFINITIONAL_REPRESENTATION('',(#6119),#6128);
#6119 = B_SPLINE_CURVE_WITH_KNOTS('',4,(#6120,#6121,#6122,#6123,#6124,
    #6125,#6126,#6127),.UNSPECIFIED.,.F.,.F.,(5,3,5),(0.,0.581581012118,
    1.),.UNSPECIFIED.);
#6120 = CARTESIAN_POINT('',(12.689166356309,-11.21916113902));
#6121 = CARTESIAN_POINT('',(12.6762013669,-9.733294198985));
#6122 = CARTESIAN_POINT('',(12.66323658303,-8.24745081486));
#6123 = CARTESIAN_POINT('',(12.65027203187,-6.761634100842));
#6124 = CARTESIAN_POINT('',(12.62798058806,-4.206898546608));
#6125 = CARTESIAN_POINT('',(12.618653564899,-3.137964749161));
#6126 = CARTESIAN_POINT('',(12.609326696125,-2.069048645227));
#6127 = CARTESIAN_POINT('',(12.6,-1.000152328044));
#6128 = ( GEOMETRIC_REPRESENTATION_CONTEXT(2) 
PARAMETRIC_REPRESENTATION_CONTEXT() REPRESENTATION_CONTEXT('2D SPACE',''
  ) );
#6129 = PCURVE('',#6130,#6135);
#6130 = B_SPLINE_SURFACE_WITH_KNOTS('',1,1,(
    (#6131,#6132)
    ,(#6133,#6134
    )),.UNSPECIFIED.,.F.,.F.,.F.,(2,2),(2,2),(-0.974486292815,
    0.974486292815),(0.,1.),.PIECEWISE_BEZIER_KNOTS.);
#6131 = CARTESIAN_POINT('',(-12.69948629281,59.399486292815,1.8));
#6132 = CARTESIAN_POINT('',(-12.6,59.3,13.2));
#6133 = CARTESIAN_POINT('',(-12.69948629281,57.450513707185,1.8));
#6134 = CARTESIAN_POINT('',(-12.6,57.55,13.2));
#6135 = DEFINITIONAL_REPRESENTATION('',(#6136),#6145);
#6136 = B_SPLINE_CURVE_WITH_KNOTS('',4,(#6137,#6138,#6139,#6140,#6141,
    #6142,#6143,#6144),.UNSPECIFIED.,.F.,.F.,(5,3,5),(0.,0.581581012118,
    1.),.UNSPECIFIED.);
#6137 = CARTESIAN_POINT('',(-0.383257390306,0.103732245049));
#6138 = CARTESIAN_POINT('',(-0.414620506518,0.234051599023));
#6139 = CARTESIAN_POINT('',(-0.447107840418,0.364368887004));
#6140 = CARTESIAN_POINT('',(-0.480809419203,0.494683835858));
#6141 = CARTESIAN_POINT('',(-0.541038530502,0.718749314423));
#6142 = CARTESIAN_POINT('',(-0.566926243546,0.812501155971));
#6143 = CARTESIAN_POINT('',(-0.593542567291,0.906251445693));
#6144 = CARTESIAN_POINT('',(-0.620937024978,1.));
#6145 = ( GEOMETRIC_REPRESENTATION_CONTEXT(2) 
PARAMETRIC_REPRESENTATION_CONTEXT() REPRESENTATION_CONTEXT('2D SPACE',''
  ) );
#6146 = ADVANCED_FACE('',(#6147),#2771,.F.);
#6147 = FACE_BOUND('',#6148,.F.);
#6148 = EDGE_LOOP('',(#6149,#6179,#6204,#6225,#6226,#6227,#6228,#6229,
    #6230,#6231,#6232,#6233));
#6149 = ORIENTED_EDGE('',*,*,#6150,.F.);
#6150 = EDGE_CURVE('',#6151,#6153,#6155,.T.);
#6151 = VERTEX_POINT('',#6152);
#6152 = CARTESIAN_POINT('',(19.,-58.80419863991,2.982547593563));
#6153 = VERTEX_POINT('',#6154);
#6154 = CARTESIAN_POINT('',(-19.,-58.80419863991,2.982547593563));
#6155 = SURFACE_CURVE('',#6156,(#6160,#6167),.PCURVE_S1.);
#6156 = LINE('',#6157,#6158);
#6157 = CARTESIAN_POINT('',(19.,-58.80419863991,2.982547593563));
#6158 = VECTOR('',#6159,1.);
#6159 = DIRECTION('',(-1.,-0.,-0.));
#6160 = PCURVE('',#2771,#6161);
#6161 = DEFINITIONAL_REPRESENTATION('',(#6162),#6166);
#6162 = LINE('',#6163,#6164);
#6163 = CARTESIAN_POINT('',(19.,-11.21916113902));
#6164 = VECTOR('',#6165,1.);
#6165 = DIRECTION('',(-1.,0.));
#6166 = ( GEOMETRIC_REPRESENTATION_CONTEXT(2) 
PARAMETRIC_REPRESENTATION_CONTEXT() REPRESENTATION_CONTEXT('2D SPACE',''
  ) );
#6167 = PCURVE('',#6168,#6173);
#6168 = CYLINDRICAL_SURFACE('',#6169,1.);
#6169 = AXIS2_PLACEMENT_3D('',#6170,#6171,#6172);
#6170 = CARTESIAN_POINT('',(19.,-57.80435094476,3.));
#6171 = DIRECTION('',(-1.,-0.,-0.));
#6172 = DIRECTION('',(0.,-0.999847695156,-1.745240643728E-02));
#6173 = DEFINITIONAL_REPRESENTATION('',(#6174),#6178);
#6174 = LINE('',#6175,#6176);
#6175 = CARTESIAN_POINT('',(-0.,0.));
#6176 = VECTOR('',#6177,1.);
#6177 = DIRECTION('',(-0.,1.));
#6178 = ( GEOMETRIC_REPRESENTATION_CONTEXT(2) 
PARAMETRIC_REPRESENTATION_CONTEXT() REPRESENTATION_CONTEXT('2D SPACE',''
  ) );
#6179 = ORIENTED_EDGE('',*,*,#6180,.T.);
#6180 = EDGE_CURVE('',#6151,#6181,#6183,.T.);
#6181 = VERTEX_POINT('',#6182);
#6182 = CARTESIAN_POINT('',(19.,-59.,14.2));
#6183 = SURFACE_CURVE('',#6184,(#6187,#6193),.PCURVE_S1.);
#6184 = B_SPLINE_CURVE_WITH_KNOTS('',1,(#6185,#6186),.UNSPECIFIED.,.F.,
  .F.,(2,2),(0.,1.),.PIECEWISE_BEZIER_KNOTS.);
#6185 = CARTESIAN_POINT('',(19.,-58.78704820787,2.));
#6186 = CARTESIAN_POINT('',(19.,-59.,14.2));
#6187 = PCURVE('',#2771,#6188);
#6188 = DEFINITIONAL_REPRESENTATION('',(#6189),#6192);
#6189 = B_SPLINE_CURVE_WITH_KNOTS('',1,(#6190,#6191),.UNSPECIFIED.,.F.,
  .F.,(2,2),(0.,1.),.PIECEWISE_BEZIER_KNOTS.);
#6190 = CARTESIAN_POINT('',(19.,-12.20185840213));
#6191 = CARTESIAN_POINT('',(19.,0.));
#6192 = ( GEOMETRIC_REPRESENTATION_CONTEXT(2) 
PARAMETRIC_REPRESENTATION_CONTEXT() REPRESENTATION_CONTEXT('2D SPACE',''
  ) );
#6193 = PCURVE('',#6194,#6199);
#6194 = CONICAL_SURFACE('',#6195,9.787048207876,1.745329251994E-02);
#6195 = AXIS2_PLACEMENT_3D('',#6196,#6197,#6198);
#6196 = CARTESIAN_POINT('',(19.,-49.,2.));
#6197 = DIRECTION('',(0.,0.,1.));
#6198 = DIRECTION('',(1.,0.,0.));
#6199 = DEFINITIONAL_REPRESENTATION('',(#6200),#6203);
#6200 = B_SPLINE_CURVE_WITH_KNOTS('',1,(#6201,#6202),.UNSPECIFIED.,.F.,
  .F.,(2,2),(0.,1.),.PIECEWISE_BEZIER_KNOTS.);
#6201 = CARTESIAN_POINT('',(4.712388980385,0.));
#6202 = CARTESIAN_POINT('',(4.712388980385,12.2));
#6203 = ( GEOMETRIC_REPRESENTATION_CONTEXT(2) 
PARAMETRIC_REPRESENTATION_CONTEXT() REPRESENTATION_CONTEXT('2D SPACE',''
  ) );
#6204 = ORIENTED_EDGE('',*,*,#6205,.F.);
#6205 = EDGE_CURVE('',#3199,#6181,#6206,.T.);
#6206 = SURFACE_CURVE('',#6207,(#6211,#6218),.PCURVE_S1.);
#6207 = LINE('',#6208,#6209);
#6208 = CARTESIAN_POINT('',(0.,-59.,14.2));
#6209 = VECTOR('',#6210,1.);
#6210 = DIRECTION('',(1.,0.,0.));
#6211 = PCURVE('',#2771,#6212);
#6212 = DEFINITIONAL_REPRESENTATION('',(#6213),#6217);
#6213 = LINE('',#6214,#6215);
#6214 = CARTESIAN_POINT('',(0.,0.));
#6215 = VECTOR('',#6216,1.);
#6216 = DIRECTION('',(1.,0.));
#6217 = ( GEOMETRIC_REPRESENTATION_CONTEXT(2) 
PARAMETRIC_REPRESENTATION_CONTEXT() REPRESENTATION_CONTEXT('2D SPACE',''
  ) );
#6218 = PCURVE('',#3234,#6219);
#6219 = DEFINITIONAL_REPRESENTATION('',(#6220),#6224);
#6220 = LINE('',#6221,#6222);
#6221 = CARTESIAN_POINT('',(19.,-10.));
#6222 = VECTOR('',#6223,1.);
#6223 = DIRECTION('',(1.,0.));
#6224 = ( GEOMETRIC_REPRESENTATION_CONTEXT(2) 
PARAMETRIC_REPRESENTATION_CONTEXT() REPRESENTATION_CONTEXT('2D SPACE',''
  ) );
#6225 = ORIENTED_EDGE('',*,*,#3198,.F.);
#6226 = ORIENTED_EDGE('',*,*,#3173,.T.);
#6227 = ORIENTED_EDGE('',*,*,#3053,.T.);
#6228 = ORIENTED_EDGE('',*,*,#3009,.T.);
#6229 = ORIENTED_EDGE('',*,*,#2880,.T.);
#6230 = ORIENTED_EDGE('',*,*,#2834,.T.);
#6231 = ORIENTED_EDGE('',*,*,#2758,.F.);
#6232 = ORIENTED_EDGE('',*,*,#5684,.F.);
#6233 = ORIENTED_EDGE('',*,*,#6234,.F.);
#6234 = EDGE_CURVE('',#6153,#5685,#6235,.T.);
#6235 = SURFACE_CURVE('',#6236,(#6239,#6245),.PCURVE_S1.);
#6236 = B_SPLINE_CURVE_WITH_KNOTS('',1,(#6237,#6238),.UNSPECIFIED.,.F.,
  .F.,(2,2),(0.,1.),.PIECEWISE_BEZIER_KNOTS.);
#6237 = CARTESIAN_POINT('',(-19.,-58.78704820787,2.));
#6238 = CARTESIAN_POINT('',(-19.,-59.,14.2));
#6239 = PCURVE('',#2771,#6240);
#6240 = DEFINITIONAL_REPRESENTATION('',(#6241),#6244);
#6241 = B_SPLINE_CURVE_WITH_KNOTS('',1,(#6242,#6243),.UNSPECIFIED.,.F.,
  .F.,(2,2),(0.,1.),.PIECEWISE_BEZIER_KNOTS.);
#6242 = CARTESIAN_POINT('',(-19.,-12.20185840213));
#6243 = CARTESIAN_POINT('',(-19.,0.));
#6244 = ( GEOMETRIC_REPRESENTATION_CONTEXT(2) 
PARAMETRIC_REPRESENTATION_CONTEXT() REPRESENTATION_CONTEXT('2D SPACE',''
  ) );
#6245 = PCURVE('',#5724,#6246);
#6246 = DEFINITIONAL_REPRESENTATION('',(#6247),#6250);
#6247 = B_SPLINE_CURVE_WITH_KNOTS('',1,(#6248,#6249),.UNSPECIFIED.,.F.,
  .F.,(2,2),(0.,1.),.PIECEWISE_BEZIER_KNOTS.);
#6248 = CARTESIAN_POINT('',(4.712388980385,0.));
#6249 = CARTESIAN_POINT('',(4.712388980385,12.2));
#6250 = ( GEOMETRIC_REPRESENTATION_CONTEXT(2) 
PARAMETRIC_REPRESENTATION_CONTEXT() REPRESENTATION_CONTEXT('2D SPACE',''
  ) );
#6251 = ADVANCED_FACE('',(#6252),#2726,.F.);
#6252 = FACE_BOUND('',#6253,.F.);
#6253 = EDGE_LOOP('',(#6254,#6272,#6273,#6274));
#6254 = ORIENTED_EDGE('',*,*,#6255,.F.);
#6255 = EDGE_CURVE('',#5641,#5368,#6256,.T.);
#6256 = SURFACE_CURVE('',#6257,(#6260,#6266),.PCURVE_S1.);
#6257 = B_SPLINE_CURVE_WITH_KNOTS('',1,(#6258,#6259),.UNSPECIFIED.,.F.,
  .F.,(2,2),(0.,1.),.PIECEWISE_BEZIER_KNOTS.);
#6258 = CARTESIAN_POINT('',(-19.,-59.,14.18));
#6259 = CARTESIAN_POINT('',(-19.,-59.02635714804,15.71));
#6260 = PCURVE('',#2726,#6261);
#6261 = DEFINITIONAL_REPRESENTATION('',(#6262),#6265);
#6262 = B_SPLINE_CURVE_WITH_KNOTS('',1,(#6263,#6264),.UNSPECIFIED.,.F.,
  .F.,(2,2),(0.,1.),.PIECEWISE_BEZIER_KNOTS.);
#6263 = CARTESIAN_POINT('',(-19.,-1.530227009059));
#6264 = CARTESIAN_POINT('',(-19.,0.));
#6265 = ( GEOMETRIC_REPRESENTATION_CONTEXT(2) 
PARAMETRIC_REPRESENTATION_CONTEXT() REPRESENTATION_CONTEXT('2D SPACE',''
  ) );
#6266 = PCURVE('',#5405,#6267);
#6267 = DEFINITIONAL_REPRESENTATION('',(#6268),#6271);
#6268 = B_SPLINE_CURVE_WITH_KNOTS('',1,(#6269,#6270),.UNSPECIFIED.,.F.,
  .F.,(2,2),(0.,1.),.PIECEWISE_BEZIER_KNOTS.);
#6269 = CARTESIAN_POINT('',(4.712388980385,0.));
#6270 = CARTESIAN_POINT('',(4.712388980385,1.53));
#6271 = ( GEOMETRIC_REPRESENTATION_CONTEXT(2) 
PARAMETRIC_REPRESENTATION_CONTEXT() REPRESENTATION_CONTEXT('2D SPACE',''
  ) );
#6272 = ORIENTED_EDGE('',*,*,#5664,.T.);
#6273 = ORIENTED_EDGE('',*,*,#2711,.F.);
#6274 = ORIENTED_EDGE('',*,*,#5367,.F.);
#6275 = ADVANCED_FACE('',(#6276),#3312,.T.);
#6276 = FACE_BOUND('',#6277,.T.);
#6277 = EDGE_LOOP('',(#6278,#6279,#6280,#6300));
#6278 = ORIENTED_EDGE('',*,*,#3297,.F.);
#6279 = ORIENTED_EDGE('',*,*,#3345,.T.);
#6280 = ORIENTED_EDGE('',*,*,#6281,.T.);
#6281 = EDGE_CURVE('',#3346,#6282,#6284,.T.);
#6282 = VERTEX_POINT('',#6283);
#6283 = CARTESIAN_POINT('',(19.,-59.87364285195,15.7));
#6284 = SURFACE_CURVE('',#6285,(#6288,#6294),.PCURVE_S1.);
#6285 = B_SPLINE_CURVE_WITH_KNOTS('',1,(#6286,#6287),.UNSPECIFIED.,.F.,
  .F.,(2,2),(0.,1.),.PIECEWISE_BEZIER_KNOTS.);
#6286 = CARTESIAN_POINT('',(19.,-59.9,14.19));
#6287 = CARTESIAN_POINT('',(19.,-59.87364285195,15.7));
#6288 = PCURVE('',#3312,#6289);
#6289 = DEFINITIONAL_REPRESENTATION('',(#6290),#6293);
#6290 = B_SPLINE_CURVE_WITH_KNOTS('',1,(#6291,#6292),.UNSPECIFIED.,.F.,
  .F.,(2,2),(0.,1.),.PIECEWISE_BEZIER_KNOTS.);
#6291 = CARTESIAN_POINT('',(19.,-1.510230015346));
#6292 = CARTESIAN_POINT('',(19.,0.));
#6293 = ( GEOMETRIC_REPRESENTATION_CONTEXT(2) 
PARAMETRIC_REPRESENTATION_CONTEXT() REPRESENTATION_CONTEXT('2D SPACE',''
  ) );
#6294 = PCURVE('',#3560,#6295);
#6295 = DEFINITIONAL_REPRESENTATION('',(#6296),#6299);
#6296 = B_SPLINE_CURVE_WITH_KNOTS('',1,(#6297,#6298),.UNSPECIFIED.,.F.,
  .F.,(2,2),(0.,1.),.PIECEWISE_BEZIER_KNOTS.);
#6297 = CARTESIAN_POINT('',(-4.712388980385,0.));
#6298 = CARTESIAN_POINT('',(-4.712388980385,-1.51));
#6299 = ( GEOMETRIC_REPRESENTATION_CONTEXT(2) 
PARAMETRIC_REPRESENTATION_CONTEXT() REPRESENTATION_CONTEXT('2D SPACE',''
  ) );
#6300 = ORIENTED_EDGE('',*,*,#6301,.F.);
#6301 = EDGE_CURVE('',#3272,#6282,#6302,.T.);
#6302 = SURFACE_CURVE('',#6303,(#6307,#6314),.PCURVE_S1.);
#6303 = LINE('',#6304,#6305);
#6304 = CARTESIAN_POINT('',(0.,-59.87364285195,15.7));
#6305 = VECTOR('',#6306,1.);
#6306 = DIRECTION('',(1.,0.,0.));
#6307 = PCURVE('',#3312,#6308);
#6308 = DEFINITIONAL_REPRESENTATION('',(#6309),#6313);
#6309 = LINE('',#6310,#6311);
#6310 = CARTESIAN_POINT('',(0.,0.));
#6311 = VECTOR('',#6312,1.);
#6312 = DIRECTION('',(1.,0.));
#6313 = ( GEOMETRIC_REPRESENTATION_CONTEXT(2) 
PARAMETRIC_REPRESENTATION_CONTEXT() REPRESENTATION_CONTEXT('2D SPACE',''
  ) );
#6314 = PCURVE('',#3286,#6315);
#6315 = DEFINITIONAL_REPRESENTATION('',(#6316),#6320);
#6316 = LINE('',#6317,#6318);
#6317 = CARTESIAN_POINT('',(19.,-10.87364285195));
#6318 = VECTOR('',#6319,1.);
#6319 = DIRECTION('',(1.,0.));
#6320 = ( GEOMETRIC_REPRESENTATION_CONTEXT(2) 
PARAMETRIC_REPRESENTATION_CONTEXT() REPRESENTATION_CONTEXT('2D SPACE',''
  ) );
#6321 = ADVANCED_FACE('',(#6322),#3286,.T.);
#6322 = FACE_BOUND('',#6323,.T.);
#6323 = EDGE_LOOP('',(#6324,#6325,#6326,#6350,#6373,#6397,#6418,#6419,
    #6440,#6469,#6495,#6524));
#6324 = ORIENTED_EDGE('',*,*,#3271,.F.);
#6325 = ORIENTED_EDGE('',*,*,#6301,.T.);
#6326 = ORIENTED_EDGE('',*,*,#6327,.T.);
#6327 = EDGE_CURVE('',#6282,#6328,#6330,.T.);
#6328 = VERTEX_POINT('',#6329);
#6329 = CARTESIAN_POINT('',(29.873642851958,-49.,15.7));
#6330 = SURFACE_CURVE('',#6331,(#6336,#6343),.PCURVE_S1.);
#6331 = CIRCLE('',#6332,10.873642851958);
#6332 = AXIS2_PLACEMENT_3D('',#6333,#6334,#6335);
#6333 = CARTESIAN_POINT('',(19.,-49.,15.7));
#6334 = DIRECTION('',(0.,0.,1.));
#6335 = DIRECTION('',(1.,0.,0.));
#6336 = PCURVE('',#3286,#6337);
#6337 = DEFINITIONAL_REPRESENTATION('',(#6338),#6342);
#6338 = CIRCLE('',#6339,10.873642851958);
#6339 = AXIS2_PLACEMENT_2D('',#6340,#6341);
#6340 = CARTESIAN_POINT('',(38.,0.));
#6341 = DIRECTION('',(1.,0.));
#6342 = ( GEOMETRIC_REPRESENTATION_CONTEXT(2) 
PARAMETRIC_REPRESENTATION_CONTEXT() REPRESENTATION_CONTEXT('2D SPACE',''
  ) );
#6343 = PCURVE('',#3560,#6344);
#6344 = DEFINITIONAL_REPRESENTATION('',(#6345),#6349);
#6345 = LINE('',#6346,#6347);
#6346 = CARTESIAN_POINT('',(-0.,-1.51));
#6347 = VECTOR('',#6348,1.);
#6348 = DIRECTION('',(-1.,-0.));
#6349 = ( GEOMETRIC_REPRESENTATION_CONTEXT(2) 
PARAMETRIC_REPRESENTATION_CONTEXT() REPRESENTATION_CONTEXT('2D SPACE',''
  ) );
#6350 = ORIENTED_EDGE('',*,*,#6351,.T.);
#6351 = EDGE_CURVE('',#6328,#6352,#6354,.T.);
#6352 = VERTEX_POINT('',#6353);
#6353 = CARTESIAN_POINT('',(29.873642851958,49.,15.7));
#6354 = SURFACE_CURVE('',#6355,(#6359,#6366),.PCURVE_S1.);
#6355 = LINE('',#6356,#6357);
#6356 = CARTESIAN_POINT('',(29.873642851958,0.,15.7));
#6357 = VECTOR('',#6358,1.);
#6358 = DIRECTION('',(0.,1.,0.));
#6359 = PCURVE('',#3286,#6360);
#6360 = DEFINITIONAL_REPRESENTATION('',(#6361),#6365);
#6361 = LINE('',#6362,#6363);
#6362 = CARTESIAN_POINT('',(48.873642851958,49.));
#6363 = VECTOR('',#6364,1.);
#6364 = DIRECTION('',(0.,1.));
#6365 = ( GEOMETRIC_REPRESENTATION_CONTEXT(2) 
PARAMETRIC_REPRESENTATION_CONTEXT() REPRESENTATION_CONTEXT('2D SPACE',''
  ) );
#6366 = PCURVE('',#3534,#6367);
#6367 = DEFINITIONAL_REPRESENTATION('',(#6368),#6372);
#6368 = LINE('',#6369,#6370);
#6369 = CARTESIAN_POINT('',(0.,0.));
#6370 = VECTOR('',#6371,1.);
#6371 = DIRECTION('',(1.,0.));
#6372 = ( GEOMETRIC_REPRESENTATION_CONTEXT(2) 
PARAMETRIC_REPRESENTATION_CONTEXT() REPRESENTATION_CONTEXT('2D SPACE',''
  ) );
#6373 = ORIENTED_EDGE('',*,*,#6374,.T.);
#6374 = EDGE_CURVE('',#6352,#6375,#6377,.T.);
#6375 = VERTEX_POINT('',#6376);
#6376 = CARTESIAN_POINT('',(19.,59.873642851958,15.7));
#6377 = SURFACE_CURVE('',#6378,(#6383,#6390),.PCURVE_S1.);
#6378 = CIRCLE('',#6379,10.873642851958);
#6379 = AXIS2_PLACEMENT_3D('',#6380,#6381,#6382);
#6380 = CARTESIAN_POINT('',(19.,49.,15.7));
#6381 = DIRECTION('',(0.,0.,1.));
#6382 = DIRECTION('',(1.,0.,0.));
#6383 = PCURVE('',#3286,#6384);
#6384 = DEFINITIONAL_REPRESENTATION('',(#6385),#6389);
#6385 = CIRCLE('',#6386,10.873642851958);
#6386 = AXIS2_PLACEMENT_2D('',#6387,#6388);
#6387 = CARTESIAN_POINT('',(38.,98.));
#6388 = DIRECTION('',(1.,0.));
#6389 = ( GEOMETRIC_REPRESENTATION_CONTEXT(2) 
PARAMETRIC_REPRESENTATION_CONTEXT() REPRESENTATION_CONTEXT('2D SPACE',''
  ) );
#6390 = PCURVE('',#3507,#6391);
#6391 = DEFINITIONAL_REPRESENTATION('',(#6392),#6396);
#6392 = LINE('',#6393,#6394);
#6393 = CARTESIAN_POINT('',(-0.,-1.51));
#6394 = VECTOR('',#6395,1.);
#6395 = DIRECTION('',(-1.,-0.));
#6396 = ( GEOMETRIC_REPRESENTATION_CONTEXT(2) 
PARAMETRIC_REPRESENTATION_CONTEXT() REPRESENTATION_CONTEXT('2D SPACE',''
  ) );
#6397 = ORIENTED_EDGE('',*,*,#6398,.F.);
#6398 = EDGE_CURVE('',#5047,#6375,#6399,.T.);
#6399 = SURFACE_CURVE('',#6400,(#6404,#6411),.PCURVE_S1.);
#6400 = LINE('',#6401,#6402);
#6401 = CARTESIAN_POINT('',(0.,59.873642851958,15.7));
#6402 = VECTOR('',#6403,1.);
#6403 = DIRECTION('',(1.,0.,0.));
#6404 = PCURVE('',#3286,#6405);
#6405 = DEFINITIONAL_REPRESENTATION('',(#6406),#6410);
#6406 = LINE('',#6407,#6408);
#6407 = CARTESIAN_POINT('',(19.,108.87364285195));
#6408 = VECTOR('',#6409,1.);
#6409 = DIRECTION('',(1.,0.));
#6410 = ( GEOMETRIC_REPRESENTATION_CONTEXT(2) 
PARAMETRIC_REPRESENTATION_CONTEXT() REPRESENTATION_CONTEXT('2D SPACE',''
  ) );
#6411 = PCURVE('',#3479,#6412);
#6412 = DEFINITIONAL_REPRESENTATION('',(#6413),#6417);
#6413 = LINE('',#6414,#6415);
#6414 = CARTESIAN_POINT('',(0.,0.));
#6415 = VECTOR('',#6416,1.);
#6416 = DIRECTION('',(-1.,0.));
#6417 = ( GEOMETRIC_REPRESENTATION_CONTEXT(2) 
PARAMETRIC_REPRESENTATION_CONTEXT() REPRESENTATION_CONTEXT('2D SPACE',''
  ) );
#6418 = ORIENTED_EDGE('',*,*,#5067,.F.);
#6419 = ORIENTED_EDGE('',*,*,#6420,.F.);
#6420 = EDGE_CURVE('',#6421,#5068,#6423,.T.);
#6421 = VERTEX_POINT('',#6422);
#6422 = CARTESIAN_POINT('',(19.,59.0261848791,15.7));
#6423 = SURFACE_CURVE('',#6424,(#6428,#6434),.PCURVE_S1.);
#6424 = LINE('',#6425,#6426);
#6425 = CARTESIAN_POINT('',(-9.5,59.0261848791,15.7));
#6426 = VECTOR('',#6427,1.);
#6427 = DIRECTION('',(-1.,0.,0.));
#6428 = PCURVE('',#3286,#6429);
#6429 = DEFINITIONAL_REPRESENTATION('',(#6430),#6433);
#6430 = B_SPLINE_CURVE_WITH_KNOTS('',1,(#6431,#6432),.UNSPECIFIED.,.F.,
  .F.,(2,2),(-28.5,9.5),.PIECEWISE_BEZIER_KNOTS.);
#6431 = CARTESIAN_POINT('',(38.,108.0261848791));
#6432 = CARTESIAN_POINT('',(0.,108.0261848791));
#6433 = ( GEOMETRIC_REPRESENTATION_CONTEXT(2) 
PARAMETRIC_REPRESENTATION_CONTEXT() REPRESENTATION_CONTEXT('2D SPACE',''
  ) );
#6434 = PCURVE('',#5103,#6435);
#6435 = DEFINITIONAL_REPRESENTATION('',(#6436),#6439);
#6436 = B_SPLINE_CURVE_WITH_KNOTS('',1,(#6437,#6438),.UNSPECIFIED.,.F.,
  .F.,(2,2),(-28.5,9.5),.PIECEWISE_BEZIER_KNOTS.);
#6437 = CARTESIAN_POINT('',(-19.,-1.000148371934E-02));
#6438 = CARTESIAN_POINT('',(19.,-1.000148371934E-02));
#6439 = ( GEOMETRIC_REPRESENTATION_CONTEXT(2) 
PARAMETRIC_REPRESENTATION_CONTEXT() REPRESENTATION_CONTEXT('2D SPACE',''
  ) );
#6440 = ORIENTED_EDGE('',*,*,#6441,.F.);
#6441 = EDGE_CURVE('',#6442,#6421,#6444,.T.);
#6442 = VERTEX_POINT('',#6443);
#6443 = CARTESIAN_POINT('',(29.0261848791,49.,15.7));
#6444 = SURFACE_CURVE('',#6445,(#6450,#6457),.PCURVE_S1.);
#6445 = CIRCLE('',#6446,10.0261848791);
#6446 = AXIS2_PLACEMENT_3D('',#6447,#6448,#6449);
#6447 = CARTESIAN_POINT('',(19.,49.,15.7));
#6448 = DIRECTION('',(0.,0.,1.));
#6449 = DIRECTION('',(1.,0.,-0.));
#6450 = PCURVE('',#3286,#6451);
#6451 = DEFINITIONAL_REPRESENTATION('',(#6452),#6456);
#6452 = CIRCLE('',#6453,10.0261848791);
#6453 = AXIS2_PLACEMENT_2D('',#6454,#6455);
#6454 = CARTESIAN_POINT('',(38.,98.));
#6455 = DIRECTION('',(1.,0.));
#6456 = ( GEOMETRIC_REPRESENTATION_CONTEXT(2) 
PARAMETRIC_REPRESENTATION_CONTEXT() REPRESENTATION_CONTEXT('2D SPACE',''
  ) );
#6457 = PCURVE('',#6458,#6463);
#6458 = CONICAL_SURFACE('',#6459,10.,1.722519033007E-02);
#6459 = AXIS2_PLACEMENT_3D('',#6460,#6461,#6462);
#6460 = CARTESIAN_POINT('',(19.,49.,14.18));
#6461 = DIRECTION('',(0.,0.,1.));
#6462 = DIRECTION('',(1.,0.,0.));
#6463 = DEFINITIONAL_REPRESENTATION('',(#6464),#6468);
#6464 = LINE('',#6465,#6466);
#6465 = CARTESIAN_POINT('',(0.,1.52));
#6466 = VECTOR('',#6467,1.);
#6467 = DIRECTION('',(1.,0.));
#6468 = ( GEOMETRIC_REPRESENTATION_CONTEXT(2) 
PARAMETRIC_REPRESENTATION_CONTEXT() REPRESENTATION_CONTEXT('2D SPACE',''
  ) );
#6469 = ORIENTED_EDGE('',*,*,#6470,.F.);
#6470 = EDGE_CURVE('',#6471,#6442,#6473,.T.);
#6471 = VERTEX_POINT('',#6472);
#6472 = CARTESIAN_POINT('',(29.0261848791,-49.,15.7));
#6473 = SURFACE_CURVE('',#6474,(#6478,#6484),.PCURVE_S1.);
#6474 = LINE('',#6475,#6476);
#6475 = CARTESIAN_POINT('',(29.0261848791,-24.5,15.7));
#6476 = VECTOR('',#6477,1.);
#6477 = DIRECTION('',(-0.,1.,0.));
#6478 = PCURVE('',#3286,#6479);
#6479 = DEFINITIONAL_REPRESENTATION('',(#6480),#6483);
#6480 = B_SPLINE_CURVE_WITH_KNOTS('',1,(#6481,#6482),.UNSPECIFIED.,.F.,
  .F.,(2,2),(-24.5,73.5),.PIECEWISE_BEZIER_KNOTS.);
#6481 = CARTESIAN_POINT('',(48.0261848791,0.));
#6482 = CARTESIAN_POINT('',(48.0261848791,98.));
#6483 = ( GEOMETRIC_REPRESENTATION_CONTEXT(2) 
PARAMETRIC_REPRESENTATION_CONTEXT() REPRESENTATION_CONTEXT('2D SPACE',''
  ) );
#6484 = PCURVE('',#6485,#6490);
#6485 = PLANE('',#6486);
#6486 = AXIS2_PLACEMENT_3D('',#6487,#6488,#6489);
#6487 = CARTESIAN_POINT('',(29.026357148042,0.,15.71));
#6488 = DIRECTION('',(0.999851650077,0.,-1.722433853642E-02));
#6489 = DIRECTION('',(0.,1.,0.));
#6490 = DEFINITIONAL_REPRESENTATION('',(#6491),#6494);
#6491 = B_SPLINE_CURVE_WITH_KNOTS('',1,(#6492,#6493),.UNSPECIFIED.,.F.,
  .F.,(2,2),(-24.5,73.5),.PIECEWISE_BEZIER_KNOTS.);
#6492 = CARTESIAN_POINT('',(-49.,-1.000148371934E-02));
#6493 = CARTESIAN_POINT('',(49.,-1.000148371934E-02));
#6494 = ( GEOMETRIC_REPRESENTATION_CONTEXT(2) 
PARAMETRIC_REPRESENTATION_CONTEXT() REPRESENTATION_CONTEXT('2D SPACE',''
  ) );
#6495 = ORIENTED_EDGE('',*,*,#6496,.F.);
#6496 = EDGE_CURVE('',#6497,#6471,#6499,.T.);
#6497 = VERTEX_POINT('',#6498);
#6498 = CARTESIAN_POINT('',(19.,-59.0261848791,15.7));
#6499 = SURFACE_CURVE('',#6500,(#6505,#6512),.PCURVE_S1.);
#6500 = CIRCLE('',#6501,10.0261848791);
#6501 = AXIS2_PLACEMENT_3D('',#6502,#6503,#6504);
#6502 = CARTESIAN_POINT('',(19.,-49.,15.7));
#6503 = DIRECTION('',(0.,0.,1.));
#6504 = DIRECTION('',(1.,0.,-0.));
#6505 = PCURVE('',#3286,#6506);
#6506 = DEFINITIONAL_REPRESENTATION('',(#6507),#6511);
#6507 = CIRCLE('',#6508,10.0261848791);
#6508 = AXIS2_PLACEMENT_2D('',#6509,#6510);
#6509 = CARTESIAN_POINT('',(38.,0.));
#6510 = DIRECTION('',(1.,0.));
#6511 = ( GEOMETRIC_REPRESENTATION_CONTEXT(2) 
PARAMETRIC_REPRESENTATION_CONTEXT() REPRESENTATION_CONTEXT('2D SPACE',''
  ) );
#6512 = PCURVE('',#6513,#6518);
#6513 = CONICAL_SURFACE('',#6514,10.,1.722519033007E-02);
#6514 = AXIS2_PLACEMENT_3D('',#6515,#6516,#6517);
#6515 = CARTESIAN_POINT('',(19.,-49.,14.18));
#6516 = DIRECTION('',(0.,0.,1.));
#6517 = DIRECTION('',(1.,0.,0.));
#6518 = DEFINITIONAL_REPRESENTATION('',(#6519),#6523);
#6519 = LINE('',#6520,#6521);
#6520 = CARTESIAN_POINT('',(0.,1.52));
#6521 = VECTOR('',#6522,1.);
#6522 = DIRECTION('',(1.,0.));
#6523 = ( GEOMETRIC_REPRESENTATION_CONTEXT(2) 
PARAMETRIC_REPRESENTATION_CONTEXT() REPRESENTATION_CONTEXT('2D SPACE',''
  ) );
#6524 = ORIENTED_EDGE('',*,*,#6525,.F.);
#6525 = EDGE_CURVE('',#3246,#6497,#6526,.T.);
#6526 = SURFACE_CURVE('',#6527,(#6531,#6537),.PCURVE_S1.);
#6527 = LINE('',#6528,#6529);
#6528 = CARTESIAN_POINT('',(-9.5,-59.0261848791,15.7));
#6529 = VECTOR('',#6530,1.);
#6530 = DIRECTION('',(1.,0.,-0.));
#6531 = PCURVE('',#3286,#6532);
#6532 = DEFINITIONAL_REPRESENTATION('',(#6533),#6536);
#6533 = B_SPLINE_CURVE_WITH_KNOTS('',1,(#6534,#6535),.UNSPECIFIED.,.F.,
  .F.,(2,2),(-9.5,28.5),.PIECEWISE_BEZIER_KNOTS.);
#6534 = CARTESIAN_POINT('',(0.,-10.0261848791));
#6535 = CARTESIAN_POINT('',(38.,-10.0261848791));
#6536 = ( GEOMETRIC_REPRESENTATION_CONTEXT(2) 
PARAMETRIC_REPRESENTATION_CONTEXT() REPRESENTATION_CONTEXT('2D SPACE',''
  ) );
#6537 = PCURVE('',#3260,#6538);
#6538 = DEFINITIONAL_REPRESENTATION('',(#6539),#6542);
#6539 = B_SPLINE_CURVE_WITH_KNOTS('',1,(#6540,#6541),.UNSPECIFIED.,.F.,
  .F.,(2,2),(-9.5,28.5),.PIECEWISE_BEZIER_KNOTS.);
#6540 = CARTESIAN_POINT('',(-19.,-1.000148371934E-02));
#6541 = CARTESIAN_POINT('',(19.,-1.000148371934E-02));
#6542 = ( GEOMETRIC_REPRESENTATION_CONTEXT(2) 
PARAMETRIC_REPRESENTATION_CONTEXT() REPRESENTATION_CONTEXT('2D SPACE',''
  ) );
#6543 = ADVANCED_FACE('',(#6544),#3260,.F.);
#6544 = FACE_BOUND('',#6545,.F.);
#6545 = EDGE_LOOP('',(#6546,#6547,#6568,#6586));
#6546 = ORIENTED_EDGE('',*,*,#3245,.F.);
#6547 = ORIENTED_EDGE('',*,*,#6548,.T.);
#6548 = EDGE_CURVE('',#3220,#6549,#6551,.T.);
#6549 = VERTEX_POINT('',#6550);
#6550 = CARTESIAN_POINT('',(19.,-59.00034453788,14.2));
#6551 = SURFACE_CURVE('',#6552,(#6556,#6562),.PCURVE_S1.);
#6552 = LINE('',#6553,#6554);
#6553 = CARTESIAN_POINT('',(-9.5,-59.00034453788,14.2));
#6554 = VECTOR('',#6555,1.);
#6555 = DIRECTION('',(1.,0.,-0.));
#6556 = PCURVE('',#3260,#6557);
#6557 = DEFINITIONAL_REPRESENTATION('',(#6558),#6561);
#6558 = B_SPLINE_CURVE_WITH_KNOTS('',1,(#6559,#6560),.UNSPECIFIED.,.F.,
  .F.,(2,2),(-9.5,28.5),.PIECEWISE_BEZIER_KNOTS.);
#6559 = CARTESIAN_POINT('',(-19.,-1.51022404162));
#6560 = CARTESIAN_POINT('',(19.,-1.51022404162));
#6561 = ( GEOMETRIC_REPRESENTATION_CONTEXT(2) 
PARAMETRIC_REPRESENTATION_CONTEXT() REPRESENTATION_CONTEXT('2D SPACE',''
  ) );
#6562 = PCURVE('',#3234,#6563);
#6563 = DEFINITIONAL_REPRESENTATION('',(#6564),#6567);
#6564 = B_SPLINE_CURVE_WITH_KNOTS('',1,(#6565,#6566),.UNSPECIFIED.,.F.,
  .F.,(2,2),(-9.5,28.5),.PIECEWISE_BEZIER_KNOTS.);
#6565 = CARTESIAN_POINT('',(0.,-10.00034453788));
#6566 = CARTESIAN_POINT('',(38.,-10.00034453788));
#6567 = ( GEOMETRIC_REPRESENTATION_CONTEXT(2) 
PARAMETRIC_REPRESENTATION_CONTEXT() REPRESENTATION_CONTEXT('2D SPACE',''
  ) );
#6568 = ORIENTED_EDGE('',*,*,#6569,.T.);
#6569 = EDGE_CURVE('',#6549,#6497,#6570,.T.);
#6570 = SURFACE_CURVE('',#6571,(#6574,#6580),.PCURVE_S1.);
#6571 = B_SPLINE_CURVE_WITH_KNOTS('',1,(#6572,#6573),.UNSPECIFIED.,.F.,
  .F.,(2,2),(0.,1.),.PIECEWISE_BEZIER_KNOTS.);
#6572 = CARTESIAN_POINT('',(19.,-59.,14.18));
#6573 = CARTESIAN_POINT('',(19.,-59.02635714804,15.71));
#6574 = PCURVE('',#3260,#6575);
#6575 = DEFINITIONAL_REPRESENTATION('',(#6576),#6579);
#6576 = B_SPLINE_CURVE_WITH_KNOTS('',1,(#6577,#6578),.UNSPECIFIED.,.F.,
  .F.,(2,2),(0.,1.),.PIECEWISE_BEZIER_KNOTS.);
#6577 = CARTESIAN_POINT('',(19.,-1.530227009059));
#6578 = CARTESIAN_POINT('',(19.,0.));
#6579 = ( GEOMETRIC_REPRESENTATION_CONTEXT(2) 
PARAMETRIC_REPRESENTATION_CONTEXT() REPRESENTATION_CONTEXT('2D SPACE',''
  ) );
#6580 = PCURVE('',#6513,#6581);
#6581 = DEFINITIONAL_REPRESENTATION('',(#6582),#6585);
#6582 = B_SPLINE_CURVE_WITH_KNOTS('',1,(#6583,#6584),.UNSPECIFIED.,.F.,
  .F.,(2,2),(0.,1.),.PIECEWISE_BEZIER_KNOTS.);
#6583 = CARTESIAN_POINT('',(4.712388980385,0.));
#6584 = CARTESIAN_POINT('',(4.712388980385,1.53));
#6585 = ( GEOMETRIC_REPRESENTATION_CONTEXT(2) 
PARAMETRIC_REPRESENTATION_CONTEXT() REPRESENTATION_CONTEXT('2D SPACE',''
  ) );
#6586 = ORIENTED_EDGE('',*,*,#6525,.F.);
#6587 = ADVANCED_FACE('',(#6588),#3234,.T.);
#6588 = FACE_BOUND('',#6589,.T.);
#6589 = EDGE_LOOP('',(#6590,#6591,#6592,#6593,#6617,#6638,#6662,#6681,
    #6682,#6683,#6707,#6735));
#6590 = ORIENTED_EDGE('',*,*,#6205,.F.);
#6591 = ORIENTED_EDGE('',*,*,#3219,.F.);
#6592 = ORIENTED_EDGE('',*,*,#6548,.T.);
#6593 = ORIENTED_EDGE('',*,*,#6594,.T.);
#6594 = EDGE_CURVE('',#6549,#6595,#6597,.T.);
#6595 = VERTEX_POINT('',#6596);
#6596 = CARTESIAN_POINT('',(29.000344537883,-49.,14.2));
#6597 = SURFACE_CURVE('',#6598,(#6603,#6610),.PCURVE_S1.);
#6598 = CIRCLE('',#6599,10.000344537883);
#6599 = AXIS2_PLACEMENT_3D('',#6600,#6601,#6602);
#6600 = CARTESIAN_POINT('',(19.,-49.,14.2));
#6601 = DIRECTION('',(0.,0.,1.));
#6602 = DIRECTION('',(1.,0.,-0.));
#6603 = PCURVE('',#3234,#6604);
#6604 = DEFINITIONAL_REPRESENTATION('',(#6605),#6609);
#6605 = CIRCLE('',#6606,10.000344537883);
#6606 = AXIS2_PLACEMENT_2D('',#6607,#6608);
#6607 = CARTESIAN_POINT('',(38.,0.));
#6608 = DIRECTION('',(1.,0.));
#6609 = ( GEOMETRIC_REPRESENTATION_CONTEXT(2) 
PARAMETRIC_REPRESENTATION_CONTEXT() REPRESENTATION_CONTEXT('2D SPACE',''
  ) );
#6610 = PCURVE('',#6513,#6611);
#6611 = DEFINITIONAL_REPRESENTATION('',(#6612),#6616);
#6612 = LINE('',#6613,#6614);
#6613 = CARTESIAN_POINT('',(0.,2.E-02));
#6614 = VECTOR('',#6615,1.);
#6615 = DIRECTION('',(1.,0.));
#6616 = ( GEOMETRIC_REPRESENTATION_CONTEXT(2) 
PARAMETRIC_REPRESENTATION_CONTEXT() REPRESENTATION_CONTEXT('2D SPACE',''
  ) );
#6617 = ORIENTED_EDGE('',*,*,#6618,.T.);
#6618 = EDGE_CURVE('',#6595,#6619,#6621,.T.);
#6619 = VERTEX_POINT('',#6620);
#6620 = CARTESIAN_POINT('',(29.000344537883,49.,14.2));
#6621 = SURFACE_CURVE('',#6622,(#6626,#6632),.PCURVE_S1.);
#6622 = LINE('',#6623,#6624);
#6623 = CARTESIAN_POINT('',(29.000344537883,-24.5,14.2));
#6624 = VECTOR('',#6625,1.);
#6625 = DIRECTION('',(-0.,1.,0.));
#6626 = PCURVE('',#3234,#6627);
#6627 = DEFINITIONAL_REPRESENTATION('',(#6628),#6631);
#6628 = B_SPLINE_CURVE_WITH_KNOTS('',1,(#6629,#6630),.UNSPECIFIED.,.F.,
  .F.,(2,2),(-24.5,73.5),.PIECEWISE_BEZIER_KNOTS.);
#6629 = CARTESIAN_POINT('',(48.000344537883,0.));
#6630 = CARTESIAN_POINT('',(48.000344537883,98.));
#6631 = ( GEOMETRIC_REPRESENTATION_CONTEXT(2) 
PARAMETRIC_REPRESENTATION_CONTEXT() REPRESENTATION_CONTEXT('2D SPACE',''
  ) );
#6632 = PCURVE('',#6485,#6633);
#6633 = DEFINITIONAL_REPRESENTATION('',(#6634),#6637);
#6634 = B_SPLINE_CURVE_WITH_KNOTS('',1,(#6635,#6636),.UNSPECIFIED.,.F.,
  .F.,(2,2),(-24.5,73.5),.PIECEWISE_BEZIER_KNOTS.);
#6635 = CARTESIAN_POINT('',(-49.,-1.51022404162));
#6636 = CARTESIAN_POINT('',(49.,-1.51022404162));
#6637 = ( GEOMETRIC_REPRESENTATION_CONTEXT(2) 
PARAMETRIC_REPRESENTATION_CONTEXT() REPRESENTATION_CONTEXT('2D SPACE',''
  ) );
#6638 = ORIENTED_EDGE('',*,*,#6639,.T.);
#6639 = EDGE_CURVE('',#6619,#6640,#6642,.T.);
#6640 = VERTEX_POINT('',#6641);
#6641 = CARTESIAN_POINT('',(19.,59.000344537883,14.2));
#6642 = SURFACE_CURVE('',#6643,(#6648,#6655),.PCURVE_S1.);
#6643 = CIRCLE('',#6644,10.000344537883);
#6644 = AXIS2_PLACEMENT_3D('',#6645,#6646,#6647);
#6645 = CARTESIAN_POINT('',(19.,49.,14.2));
#6646 = DIRECTION('',(0.,0.,1.));
#6647 = DIRECTION('',(1.,0.,-0.));
#6648 = PCURVE('',#3234,#6649);
#6649 = DEFINITIONAL_REPRESENTATION('',(#6650),#6654);
#6650 = CIRCLE('',#6651,10.000344537883);
#6651 = AXIS2_PLACEMENT_2D('',#6652,#6653);
#6652 = CARTESIAN_POINT('',(38.,98.));
#6653 = DIRECTION('',(1.,0.));
#6654 = ( GEOMETRIC_REPRESENTATION_CONTEXT(2) 
PARAMETRIC_REPRESENTATION_CONTEXT() REPRESENTATION_CONTEXT('2D SPACE',''
  ) );
#6655 = PCURVE('',#6458,#6656);
#6656 = DEFINITIONAL_REPRESENTATION('',(#6657),#6661);
#6657 = LINE('',#6658,#6659);
#6658 = CARTESIAN_POINT('',(0.,2.E-02));
#6659 = VECTOR('',#6660,1.);
#6660 = DIRECTION('',(1.,0.));
#6661 = ( GEOMETRIC_REPRESENTATION_CONTEXT(2) 
PARAMETRIC_REPRESENTATION_CONTEXT() REPRESENTATION_CONTEXT('2D SPACE',''
  ) );
#6662 = ORIENTED_EDGE('',*,*,#6663,.T.);
#6663 = EDGE_CURVE('',#6640,#5089,#6664,.T.);
#6664 = SURFACE_CURVE('',#6665,(#6669,#6675),.PCURVE_S1.);
#6665 = LINE('',#6666,#6667);
#6666 = CARTESIAN_POINT('',(-9.5,59.000344537883,14.2));
#6667 = VECTOR('',#6668,1.);
#6668 = DIRECTION('',(-1.,0.,0.));
#6669 = PCURVE('',#3234,#6670);
#6670 = DEFINITIONAL_REPRESENTATION('',(#6671),#6674);
#6671 = B_SPLINE_CURVE_WITH_KNOTS('',1,(#6672,#6673),.UNSPECIFIED.,.F.,
  .F.,(2,2),(-28.5,9.5),.PIECEWISE_BEZIER_KNOTS.);
#6672 = CARTESIAN_POINT('',(38.,108.00034453788));
#6673 = CARTESIAN_POINT('',(0.,108.00034453788));
#6674 = ( GEOMETRIC_REPRESENTATION_CONTEXT(2) 
PARAMETRIC_REPRESENTATION_CONTEXT() REPRESENTATION_CONTEXT('2D SPACE',''
  ) );
#6675 = PCURVE('',#5103,#6676);
#6676 = DEFINITIONAL_REPRESENTATION('',(#6677),#6680);
#6677 = B_SPLINE_CURVE_WITH_KNOTS('',1,(#6678,#6679),.UNSPECIFIED.,.F.,
  .F.,(2,2),(-28.5,9.5),.PIECEWISE_BEZIER_KNOTS.);
#6678 = CARTESIAN_POINT('',(-19.,-1.51022404162));
#6679 = CARTESIAN_POINT('',(19.,-1.51022404162));
#6680 = ( GEOMETRIC_REPRESENTATION_CONTEXT(2) 
PARAMETRIC_REPRESENTATION_CONTEXT() REPRESENTATION_CONTEXT('2D SPACE',''
  ) );
#6681 = ORIENTED_EDGE('',*,*,#5114,.F.);
#6682 = ORIENTED_EDGE('',*,*,#5821,.T.);
#6683 = ORIENTED_EDGE('',*,*,#6684,.F.);
#6684 = EDGE_CURVE('',#6685,#5822,#6687,.T.);
#6685 = VERTEX_POINT('',#6686);
#6686 = CARTESIAN_POINT('',(29.,49.,14.2));
#6687 = SURFACE_CURVE('',#6688,(#6693,#6700),.PCURVE_S1.);
#6688 = CIRCLE('',#6689,10.);
#6689 = AXIS2_PLACEMENT_3D('',#6690,#6691,#6692);
#6690 = CARTESIAN_POINT('',(19.,49.,14.2));
#6691 = DIRECTION('',(0.,0.,1.));
#6692 = DIRECTION('',(1.,0.,0.));
#6693 = PCURVE('',#3234,#6694);
#6694 = DEFINITIONAL_REPRESENTATION('',(#6695),#6699);
#6695 = CIRCLE('',#6696,10.);
#6696 = AXIS2_PLACEMENT_2D('',#6697,#6698);
#6697 = CARTESIAN_POINT('',(38.,98.));
#6698 = DIRECTION('',(1.,0.));
#6699 = ( GEOMETRIC_REPRESENTATION_CONTEXT(2) 
PARAMETRIC_REPRESENTATION_CONTEXT() REPRESENTATION_CONTEXT('2D SPACE',''
  ) );
#6700 = PCURVE('',#5858,#6701);
#6701 = DEFINITIONAL_REPRESENTATION('',(#6702),#6706);
#6702 = LINE('',#6703,#6704);
#6703 = CARTESIAN_POINT('',(0.,12.2));
#6704 = VECTOR('',#6705,1.);
#6705 = DIRECTION('',(1.,0.));
#6706 = ( GEOMETRIC_REPRESENTATION_CONTEXT(2) 
PARAMETRIC_REPRESENTATION_CONTEXT() REPRESENTATION_CONTEXT('2D SPACE',''
  ) );
#6707 = ORIENTED_EDGE('',*,*,#6708,.F.);
#6708 = EDGE_CURVE('',#6709,#6685,#6711,.T.);
#6709 = VERTEX_POINT('',#6710);
#6710 = CARTESIAN_POINT('',(29.,-49.,14.2));
#6711 = SURFACE_CURVE('',#6712,(#6716,#6723),.PCURVE_S1.);
#6712 = LINE('',#6713,#6714);
#6713 = CARTESIAN_POINT('',(29.,0.,14.2));
#6714 = VECTOR('',#6715,1.);
#6715 = DIRECTION('',(0.,1.,0.));
#6716 = PCURVE('',#3234,#6717);
#6717 = DEFINITIONAL_REPRESENTATION('',(#6718),#6722);
#6718 = LINE('',#6719,#6720);
#6719 = CARTESIAN_POINT('',(48.,49.));
#6720 = VECTOR('',#6721,1.);
#6721 = DIRECTION('',(0.,1.));
#6722 = ( GEOMETRIC_REPRESENTATION_CONTEXT(2) 
PARAMETRIC_REPRESENTATION_CONTEXT() REPRESENTATION_CONTEXT('2D SPACE',''
  ) );
#6723 = PCURVE('',#6724,#6729);
#6724 = PLANE('',#6725);
#6725 = AXIS2_PLACEMENT_3D('',#6726,#6727,#6728);
#6726 = CARTESIAN_POINT('',(29.,0.,14.2));
#6727 = DIRECTION('',(0.999847695156,0.,-1.745240643728E-02));
#6728 = DIRECTION('',(0.,1.,0.));
#6729 = DEFINITIONAL_REPRESENTATION('',(#6730),#6734);
#6730 = LINE('',#6731,#6732);
#6731 = CARTESIAN_POINT('',(0.,0.));
#6732 = VECTOR('',#6733,1.);
#6733 = DIRECTION('',(1.,0.));
#6734 = ( GEOMETRIC_REPRESENTATION_CONTEXT(2) 
PARAMETRIC_REPRESENTATION_CONTEXT() REPRESENTATION_CONTEXT('2D SPACE',''
  ) );
#6735 = ORIENTED_EDGE('',*,*,#6736,.F.);
#6736 = EDGE_CURVE('',#6181,#6709,#6737,.T.);
#6737 = SURFACE_CURVE('',#6738,(#6743,#6750),.PCURVE_S1.);
#6738 = CIRCLE('',#6739,10.);
#6739 = AXIS2_PLACEMENT_3D('',#6740,#6741,#6742);
#6740 = CARTESIAN_POINT('',(19.,-49.,14.2));
#6741 = DIRECTION('',(0.,0.,1.));
#6742 = DIRECTION('',(1.,0.,0.));
#6743 = PCURVE('',#3234,#6744);
#6744 = DEFINITIONAL_REPRESENTATION('',(#6745),#6749);
#6745 = CIRCLE('',#6746,10.);
#6746 = AXIS2_PLACEMENT_2D('',#6747,#6748);
#6747 = CARTESIAN_POINT('',(38.,0.));
#6748 = DIRECTION('',(1.,0.));
#6749 = ( GEOMETRIC_REPRESENTATION_CONTEXT(2) 
PARAMETRIC_REPRESENTATION_CONTEXT() REPRESENTATION_CONTEXT('2D SPACE',''
  ) );
#6750 = PCURVE('',#6194,#6751);
#6751 = DEFINITIONAL_REPRESENTATION('',(#6752),#6756);
#6752 = LINE('',#6753,#6754);
#6753 = CARTESIAN_POINT('',(0.,12.2));
#6754 = VECTOR('',#6755,1.);
#6755 = DIRECTION('',(1.,0.));
#6756 = ( GEOMETRIC_REPRESENTATION_CONTEXT(2) 
PARAMETRIC_REPRESENTATION_CONTEXT() REPRESENTATION_CONTEXT('2D SPACE',''
  ) );
#6757 = ADVANCED_FACE('',(#6758),#3560,.T.);
#6758 = FACE_BOUND('',#6759,.T.);
#6759 = EDGE_LOOP('',(#6760,#6761,#6762,#6780));
#6760 = ORIENTED_EDGE('',*,*,#6281,.F.);
#6761 = ORIENTED_EDGE('',*,*,#3545,.T.);
#6762 = ORIENTED_EDGE('',*,*,#6763,.T.);
#6763 = EDGE_CURVE('',#3520,#6328,#6764,.T.);
#6764 = SURFACE_CURVE('',#6765,(#6768,#6774),.PCURVE_S1.);
#6765 = B_SPLINE_CURVE_WITH_KNOTS('',1,(#6766,#6767),.UNSPECIFIED.,.F.,
  .F.,(2,2),(0.,1.),.PIECEWISE_BEZIER_KNOTS.);
#6766 = CARTESIAN_POINT('',(29.9,-49.,14.19));
#6767 = CARTESIAN_POINT('',(29.873642851958,-49.,15.7));
#6768 = PCURVE('',#3560,#6769);
#6769 = DEFINITIONAL_REPRESENTATION('',(#6770),#6773);
#6770 = B_SPLINE_CURVE_WITH_KNOTS('',1,(#6771,#6772),.UNSPECIFIED.,.F.,
  .F.,(2,2),(0.,1.),.PIECEWISE_BEZIER_KNOTS.);
#6771 = CARTESIAN_POINT('',(-6.28318530718,0.));
#6772 = CARTESIAN_POINT('',(-6.28318530718,-1.51));
#6773 = ( GEOMETRIC_REPRESENTATION_CONTEXT(2) 
PARAMETRIC_REPRESENTATION_CONTEXT() REPRESENTATION_CONTEXT('2D SPACE',''
  ) );
#6774 = PCURVE('',#3534,#6775);
#6775 = DEFINITIONAL_REPRESENTATION('',(#6776),#6779);
#6776 = B_SPLINE_CURVE_WITH_KNOTS('',1,(#6777,#6778),.UNSPECIFIED.,.F.,
  .F.,(2,2),(0.,1.),.PIECEWISE_BEZIER_KNOTS.);
#6777 = CARTESIAN_POINT('',(-49.,-1.510230015346));
#6778 = CARTESIAN_POINT('',(-49.,0.));
#6779 = ( GEOMETRIC_REPRESENTATION_CONTEXT(2) 
PARAMETRIC_REPRESENTATION_CONTEXT() REPRESENTATION_CONTEXT('2D SPACE',''
  ) );
#6780 = ORIENTED_EDGE('',*,*,#6327,.F.);
#6781 = ADVANCED_FACE('',(#6782),#3534,.T.);
#6782 = FACE_BOUND('',#6783,.T.);
#6783 = EDGE_LOOP('',(#6784,#6785,#6786,#6804));
#6784 = ORIENTED_EDGE('',*,*,#6763,.F.);
#6785 = ORIENTED_EDGE('',*,*,#3519,.T.);
#6786 = ORIENTED_EDGE('',*,*,#6787,.T.);
#6787 = EDGE_CURVE('',#3491,#6352,#6788,.T.);
#6788 = SURFACE_CURVE('',#6789,(#6792,#6798),.PCURVE_S1.);
#6789 = B_SPLINE_CURVE_WITH_KNOTS('',1,(#6790,#6791),.UNSPECIFIED.,.F.,
  .F.,(2,2),(0.,1.),.PIECEWISE_BEZIER_KNOTS.);
#6790 = CARTESIAN_POINT('',(29.9,49.,14.19));
#6791 = CARTESIAN_POINT('',(29.873642851958,49.,15.7));
#6792 = PCURVE('',#3534,#6793);
#6793 = DEFINITIONAL_REPRESENTATION('',(#6794),#6797);
#6794 = B_SPLINE_CURVE_WITH_KNOTS('',1,(#6795,#6796),.UNSPECIFIED.,.F.,
  .F.,(2,2),(0.,1.),.PIECEWISE_BEZIER_KNOTS.);
#6795 = CARTESIAN_POINT('',(49.,-1.510230015346));
#6796 = CARTESIAN_POINT('',(49.,0.));
#6797 = ( GEOMETRIC_REPRESENTATION_CONTEXT(2) 
PARAMETRIC_REPRESENTATION_CONTEXT() REPRESENTATION_CONTEXT('2D SPACE',''
  ) );
#6798 = PCURVE('',#3507,#6799);
#6799 = DEFINITIONAL_REPRESENTATION('',(#6800),#6803);
#6800 = B_SPLINE_CURVE_WITH_KNOTS('',1,(#6801,#6802),.UNSPECIFIED.,.F.,
  .F.,(2,2),(0.,1.),.PIECEWISE_BEZIER_KNOTS.);
#6801 = CARTESIAN_POINT('',(0.,0.));
#6802 = CARTESIAN_POINT('',(0.,-1.51));
#6803 = ( GEOMETRIC_REPRESENTATION_CONTEXT(2) 
PARAMETRIC_REPRESENTATION_CONTEXT() REPRESENTATION_CONTEXT('2D SPACE',''
  ) );
#6804 = ORIENTED_EDGE('',*,*,#6351,.F.);
#6805 = ADVANCED_FACE('',(#6806),#3507,.T.);
#6806 = FACE_BOUND('',#6807,.T.);
#6807 = EDGE_LOOP('',(#6808,#6809,#6810,#6828));
#6808 = ORIENTED_EDGE('',*,*,#6787,.F.);
#6809 = ORIENTED_EDGE('',*,*,#3490,.T.);
#6810 = ORIENTED_EDGE('',*,*,#6811,.T.);
#6811 = EDGE_CURVE('',#3465,#6375,#6812,.T.);
#6812 = SURFACE_CURVE('',#6813,(#6816,#6822),.PCURVE_S1.);
#6813 = B_SPLINE_CURVE_WITH_KNOTS('',1,(#6814,#6815),.UNSPECIFIED.,.F.,
  .F.,(2,2),(0.,1.),.PIECEWISE_BEZIER_KNOTS.);
#6814 = CARTESIAN_POINT('',(19.,59.9,14.19));
#6815 = CARTESIAN_POINT('',(19.,59.873642851958,15.7));
#6816 = PCURVE('',#3507,#6817);
#6817 = DEFINITIONAL_REPRESENTATION('',(#6818),#6821);
#6818 = B_SPLINE_CURVE_WITH_KNOTS('',1,(#6819,#6820),.UNSPECIFIED.,.F.,
  .F.,(2,2),(0.,1.),.PIECEWISE_BEZIER_KNOTS.);
#6819 = CARTESIAN_POINT('',(-1.570796326795,0.));
#6820 = CARTESIAN_POINT('',(-1.570796326795,-1.51));
#6821 = ( GEOMETRIC_REPRESENTATION_CONTEXT(2) 
PARAMETRIC_REPRESENTATION_CONTEXT() REPRESENTATION_CONTEXT('2D SPACE',''
  ) );
#6822 = PCURVE('',#3479,#6823);
#6823 = DEFINITIONAL_REPRESENTATION('',(#6824),#6827);
#6824 = B_SPLINE_CURVE_WITH_KNOTS('',1,(#6825,#6826),.UNSPECIFIED.,.F.,
  .F.,(2,2),(0.,1.),.PIECEWISE_BEZIER_KNOTS.);
#6825 = CARTESIAN_POINT('',(-19.,-1.510230015346));
#6826 = CARTESIAN_POINT('',(-19.,0.));
#6827 = ( GEOMETRIC_REPRESENTATION_CONTEXT(2) 
PARAMETRIC_REPRESENTATION_CONTEXT() REPRESENTATION_CONTEXT('2D SPACE',''
  ) );
#6828 = ORIENTED_EDGE('',*,*,#6374,.F.);
#6829 = ADVANCED_FACE('',(#6830),#3479,.T.);
#6830 = FACE_BOUND('',#6831,.T.);
#6831 = EDGE_LOOP('',(#6832,#6833,#6834,#6835));
#6832 = ORIENTED_EDGE('',*,*,#6811,.F.);
#6833 = ORIENTED_EDGE('',*,*,#3464,.T.);
#6834 = ORIENTED_EDGE('',*,*,#5046,.F.);
#6835 = ORIENTED_EDGE('',*,*,#6398,.T.);
#6836 = ADVANCED_FACE('',(#6837),#3408,.T.);
#6837 = FACE_BOUND('',#6838,.T.);
#6838 = EDGE_LOOP('',(#6839,#6840,#6841,#6842));
#6839 = ORIENTED_EDGE('',*,*,#4978,.T.);
#6840 = ORIENTED_EDGE('',*,*,#3392,.F.);
#6841 = ORIENTED_EDGE('',*,*,#3575,.F.);
#6842 = ORIENTED_EDGE('',*,*,#3726,.F.);
#6843 = ADVANCED_FACE('',(#6844,#6847),#3788,.F.);
#6844 = FACE_BOUND('',#6845,.F.);
#6845 = EDGE_LOOP('',(#6846));
#6846 = ORIENTED_EDGE('',*,*,#3773,.T.);
#6847 = FACE_BOUND('',#6848,.F.);
#6848 = EDGE_LOOP('',(#6849));
#6849 = ORIENTED_EDGE('',*,*,#6850,.F.);
#6850 = EDGE_CURVE('',#6851,#6851,#6853,.T.);
#6851 = VERTEX_POINT('',#6852);
#6852 = CARTESIAN_POINT('',(-18.59804049253,-45.,3.2));
#6853 = SURFACE_CURVE('',#6854,(#6859,#6866),.PCURVE_S1.);
#6854 = CIRCLE('',#6855,1.401959507464);
#6855 = AXIS2_PLACEMENT_3D('',#6856,#6857,#6858);
#6856 = CARTESIAN_POINT('',(-20.,-45.,3.2));
#6857 = DIRECTION('',(0.,0.,1.));
#6858 = DIRECTION('',(1.,0.,-0.));
#6859 = PCURVE('',#3788,#6860);
#6860 = DEFINITIONAL_REPRESENTATION('',(#6861),#6865);
#6861 = CIRCLE('',#6862,1.401959507464);
#6862 = AXIS2_PLACEMENT_2D('',#6863,#6864);
#6863 = CARTESIAN_POINT('',(0.,0.));
#6864 = DIRECTION('',(1.,0.));
#6865 = ( GEOMETRIC_REPRESENTATION_CONTEXT(2) 
PARAMETRIC_REPRESENTATION_CONTEXT() REPRESENTATION_CONTEXT('2D SPACE',''
  ) );
#6866 = PCURVE('',#6867,#6872);
#6867 = CONICAL_SURFACE('',#6868,1.4010868373,4.363323129986E-03);
#6868 = AXIS2_PLACEMENT_3D('',#6869,#6870,#6871);
#6869 = CARTESIAN_POINT('',(-20.,-45.,3.));
#6870 = DIRECTION('',(0.,0.,1.));
#6871 = DIRECTION('',(1.,0.,0.));
#6872 = DEFINITIONAL_REPRESENTATION('',(#6873),#6877);
#6873 = LINE('',#6874,#6875);
#6874 = CARTESIAN_POINT('',(0.,0.2));
#6875 = VECTOR('',#6876,1.);
#6876 = DIRECTION('',(1.,0.));
#6877 = ( GEOMETRIC_REPRESENTATION_CONTEXT(2) 
PARAMETRIC_REPRESENTATION_CONTEXT() REPRESENTATION_CONTEXT('2D SPACE',''
  ) );
#6878 = ADVANCED_FACE('',(#6879),#3843,.F.);
#6879 = FACE_BOUND('',#6880,.F.);
#6880 = EDGE_LOOP('',(#6881));
#6881 = ORIENTED_EDGE('',*,*,#3828,.T.);
#6882 = ADVANCED_FACE('',(#6883),#3898,.F.);
#6883 = FACE_BOUND('',#6884,.F.);
#6884 = EDGE_LOOP('',(#6885));
#6885 = ORIENTED_EDGE('',*,*,#3883,.T.);
#6886 = ADVANCED_FACE('',(#6887),#3973,.F.);
#6887 = FACE_BOUND('',#6888,.F.);
#6888 = EDGE_LOOP('',(#6889,#6890,#6891,#6892,#6893,#6894,#6895,#6896));
#6889 = ORIENTED_EDGE('',*,*,#4010,.T.);
#6890 = ORIENTED_EDGE('',*,*,#3958,.T.);
#6891 = ORIENTED_EDGE('',*,*,#4058,.T.);
#6892 = ORIENTED_EDGE('',*,*,#4153,.T.);
#6893 = ORIENTED_EDGE('',*,*,#4227,.T.);
#6894 = ORIENTED_EDGE('',*,*,#4275,.T.);
#6895 = ORIENTED_EDGE('',*,*,#4200,.T.);
#6896 = ORIENTED_EDGE('',*,*,#4105,.T.);
#6897 = ADVANCED_FACE('',(#6898,#6901),#4338,.F.);
#6898 = FACE_BOUND('',#6899,.F.);
#6899 = EDGE_LOOP('',(#6900));
#6900 = ORIENTED_EDGE('',*,*,#4323,.T.);
#6901 = FACE_BOUND('',#6902,.F.);
#6902 = EDGE_LOOP('',(#6903));
#6903 = ORIENTED_EDGE('',*,*,#6904,.F.);
#6904 = EDGE_CURVE('',#6905,#6905,#6907,.T.);
#6905 = VERTEX_POINT('',#6906);
#6906 = CARTESIAN_POINT('',(21.401959507464,-45.,3.2));
#6907 = SURFACE_CURVE('',#6908,(#6913,#6920),.PCURVE_S1.);
#6908 = CIRCLE('',#6909,1.401959507464);
#6909 = AXIS2_PLACEMENT_3D('',#6910,#6911,#6912);
#6910 = CARTESIAN_POINT('',(20.,-45.,3.2));
#6911 = DIRECTION('',(0.,0.,1.));
#6912 = DIRECTION('',(1.,0.,-0.));
#6913 = PCURVE('',#4338,#6914);
#6914 = DEFINITIONAL_REPRESENTATION('',(#6915),#6919);
#6915 = CIRCLE('',#6916,1.401959507464);
#6916 = AXIS2_PLACEMENT_2D('',#6917,#6918);
#6917 = CARTESIAN_POINT('',(0.,0.));
#6918 = DIRECTION('',(1.,0.));
#6919 = ( GEOMETRIC_REPRESENTATION_CONTEXT(2) 
PARAMETRIC_REPRESENTATION_CONTEXT() REPRESENTATION_CONTEXT('2D SPACE',''
  ) );
#6920 = PCURVE('',#6921,#6926);
#6921 = CONICAL_SURFACE('',#6922,1.4010868373,4.363323129986E-03);
#6922 = AXIS2_PLACEMENT_3D('',#6923,#6924,#6925);
#6923 = CARTESIAN_POINT('',(20.,-45.,3.));
#6924 = DIRECTION('',(0.,0.,1.));
#6925 = DIRECTION('',(1.,0.,0.));
#6926 = DEFINITIONAL_REPRESENTATION('',(#6927),#6931);
#6927 = LINE('',#6928,#6929);
#6928 = CARTESIAN_POINT('',(0.,0.2));
#6929 = VECTOR('',#6930,1.);
#6930 = DIRECTION('',(1.,0.));
#6931 = ( GEOMETRIC_REPRESENTATION_CONTEXT(2) 
PARAMETRIC_REPRESENTATION_CONTEXT() REPRESENTATION_CONTEXT('2D SPACE',''
  ) );
#6932 = ADVANCED_FACE('',(#6933,#6936),#4393,.F.);
#6933 = FACE_BOUND('',#6934,.F.);
#6934 = EDGE_LOOP('',(#6935));
#6935 = ORIENTED_EDGE('',*,*,#4378,.T.);
#6936 = FACE_BOUND('',#6937,.F.);
#6937 = EDGE_LOOP('',(#6938));
#6938 = ORIENTED_EDGE('',*,*,#6939,.F.);
#6939 = EDGE_CURVE('',#6940,#6940,#6942,.T.);
#6940 = VERTEX_POINT('',#6941);
#6941 = CARTESIAN_POINT('',(-20.24844112073,54.19,2.2));
#6942 = SURFACE_CURVE('',#6943,(#6948,#6955),.PCURVE_S1.);
#6943 = CIRCLE('',#6944,1.41155887927);
#6944 = AXIS2_PLACEMENT_3D('',#6945,#6946,#6947);
#6945 = CARTESIAN_POINT('',(-21.66,54.19,2.2));
#6946 = DIRECTION('',(0.,0.,1.));
#6947 = DIRECTION('',(1.,0.,-0.));
#6948 = PCURVE('',#4393,#6949);
#6949 = DEFINITIONAL_REPRESENTATION('',(#6950),#6954);
#6950 = CIRCLE('',#6951,1.41155887927);
#6951 = AXIS2_PLACEMENT_2D('',#6952,#6953);
#6952 = CARTESIAN_POINT('',(0.,0.));
#6953 = DIRECTION('',(1.,0.));
#6954 = ( GEOMETRIC_REPRESENTATION_CONTEXT(2) 
PARAMETRIC_REPRESENTATION_CONTEXT() REPRESENTATION_CONTEXT('2D SPACE',''
  ) );
#6955 = PCURVE('',#6956,#6961);
#6956 = CONICAL_SURFACE('',#6957,1.410686209105,4.363323129986E-03);
#6957 = AXIS2_PLACEMENT_3D('',#6958,#6959,#6960);
#6958 = CARTESIAN_POINT('',(-21.66,54.19,2.));
#6959 = DIRECTION('',(0.,0.,1.));
#6960 = DIRECTION('',(1.,0.,0.));
#6961 = DEFINITIONAL_REPRESENTATION('',(#6962),#6966);
#6962 = LINE('',#6963,#6964);
#6963 = CARTESIAN_POINT('',(0.,0.2));
#6964 = VECTOR('',#6965,1.);
#6965 = DIRECTION('',(1.,0.));
#6966 = ( GEOMETRIC_REPRESENTATION_CONTEXT(2) 
PARAMETRIC_REPRESENTATION_CONTEXT() REPRESENTATION_CONTEXT('2D SPACE',''
  ) );
#6967 = ADVANCED_FACE('',(#6968),#4448,.F.);
#6968 = FACE_BOUND('',#6969,.F.);
#6969 = EDGE_LOOP('',(#6970));
#6970 = ORIENTED_EDGE('',*,*,#4433,.T.);
#6971 = ADVANCED_FACE('',(#6972,#6982),#4505,.F.);
#6972 = FACE_BOUND('',#6973,.F.);
#6973 = EDGE_LOOP('',(#6974,#6975,#6976,#6977,#6978,#6979,#6980,#6981));
#6974 = ORIENTED_EDGE('',*,*,#4489,.F.);
#6975 = ORIENTED_EDGE('',*,*,#4593,.T.);
#6976 = ORIENTED_EDGE('',*,*,#4692,.T.);
#6977 = ORIENTED_EDGE('',*,*,#4791,.T.);
#6978 = ORIENTED_EDGE('',*,*,#4841,.T.);
#6979 = ORIENTED_EDGE('',*,*,#4763,.T.);
#6980 = ORIENTED_EDGE('',*,*,#4643,.F.);
#6981 = ORIENTED_EDGE('',*,*,#4565,.T.);
#6982 = FACE_BOUND('',#6983,.F.);
#6983 = EDGE_LOOP('',(#6984,#7012,#7041,#7067,#7096,#7122,#7151,#7177));
#6984 = ORIENTED_EDGE('',*,*,#6985,.F.);
#6985 = EDGE_CURVE('',#6986,#6988,#6990,.T.);
#6986 = VERTEX_POINT('',#6987);
#6987 = CARTESIAN_POINT('',(-18.64982544935,28.,1.E-02));
#6988 = VERTEX_POINT('',#6989);
#6989 = CARTESIAN_POINT('',(-18.64982544935,-10.,1.E-02));
#6990 = SURFACE_CURVE('',#6991,(#6995,#7001),.PCURVE_S1.);
#6991 = LINE('',#6992,#6993);
#6992 = CARTESIAN_POINT('',(-18.64982544935,9.,1.E-02));
#6993 = VECTOR('',#6994,1.);
#6994 = DIRECTION('',(0.,-1.,0.));
#6995 = PCURVE('',#4505,#6996);
#6996 = DEFINITIONAL_REPRESENTATION('',(#6997),#7000);
#6997 = B_SPLINE_CURVE_WITH_KNOTS('',1,(#6998,#6999),.UNSPECIFIED.,.F.,
  .F.,(2,2),(-19.,19.),.PIECEWISE_BEZIER_KNOTS.);
#6998 = CARTESIAN_POINT('',(-18.64982544935,19.));
#6999 = CARTESIAN_POINT('',(-18.64982544935,-19.));
#7000 = ( GEOMETRIC_REPRESENTATION_CONTEXT(2) 
PARAMETRIC_REPRESENTATION_CONTEXT() REPRESENTATION_CONTEXT('2D SPACE',''
  ) );
#7001 = PCURVE('',#7002,#7007);
#7002 = PLANE('',#7003);
#7003 = AXIS2_PLACEMENT_3D('',#7004,#7005,#7006);
#7004 = CARTESIAN_POINT('',(-18.65,9.,0.));
#7005 = DIRECTION('',(0.999847695156,0.,-1.745240643728E-02));
#7006 = DIRECTION('',(1.745240643728E-02,0.,0.999847695156));
#7007 = DEFINITIONAL_REPRESENTATION('',(#7008),#7011);
#7008 = B_SPLINE_CURVE_WITH_KNOTS('',1,(#7009,#7010),.UNSPECIFIED.,.F.,
  .F.,(2,2),(-19.,19.),.PIECEWISE_BEZIER_KNOTS.);
#7009 = CARTESIAN_POINT('',(1.000152328044E-02,-19.));
#7010 = CARTESIAN_POINT('',(1.000152328044E-02,19.));
#7011 = ( GEOMETRIC_REPRESENTATION_CONTEXT(2) 
PARAMETRIC_REPRESENTATION_CONTEXT() REPRESENTATION_CONTEXT('2D SPACE',''
  ) );
#7012 = ORIENTED_EDGE('',*,*,#7013,.F.);
#7013 = EDGE_CURVE('',#7014,#6986,#7016,.T.);
#7014 = VERTEX_POINT('',#7015);
#7015 = CARTESIAN_POINT('',(-15.5,31.149825449351,1.E-02));
#7016 = SURFACE_CURVE('',#7017,(#7022,#7029),.PCURVE_S1.);
#7017 = CIRCLE('',#7018,3.149825449351);
#7018 = AXIS2_PLACEMENT_3D('',#7019,#7020,#7021);
#7019 = CARTESIAN_POINT('',(-15.5,28.,1.E-02));
#7020 = DIRECTION('',(0.,0.,1.));
#7021 = DIRECTION('',(1.,0.,-0.));
#7022 = PCURVE('',#4505,#7023);
#7023 = DEFINITIONAL_REPRESENTATION('',(#7024),#7028);
#7024 = CIRCLE('',#7025,3.149825449351);
#7025 = AXIS2_PLACEMENT_2D('',#7026,#7027);
#7026 = CARTESIAN_POINT('',(-15.5,19.));
#7027 = DIRECTION('',(1.,0.));
#7028 = ( GEOMETRIC_REPRESENTATION_CONTEXT(2) 
PARAMETRIC_REPRESENTATION_CONTEXT() REPRESENTATION_CONTEXT('2D SPACE',''
  ) );
#7029 = PCURVE('',#7030,#7035);
#7030 = CONICAL_SURFACE('',#7031,3.15,1.745329251994E-02);
#7031 = AXIS2_PLACEMENT_3D('',#7032,#7033,#7034);
#7032 = CARTESIAN_POINT('',(-15.5,28.,0.));
#7033 = DIRECTION('',(0.,0.,-1.));
#7034 = DIRECTION('',(1.,0.,0.));
#7035 = DEFINITIONAL_REPRESENTATION('',(#7036),#7040);
#7036 = LINE('',#7037,#7038);
#7037 = CARTESIAN_POINT('',(-0.,-1.E-02));
#7038 = VECTOR('',#7039,1.);
#7039 = DIRECTION('',(-1.,-0.));
#7040 = ( GEOMETRIC_REPRESENTATION_CONTEXT(2) 
PARAMETRIC_REPRESENTATION_CONTEXT() REPRESENTATION_CONTEXT('2D SPACE',''
  ) );
#7041 = ORIENTED_EDGE('',*,*,#7042,.F.);
#7042 = EDGE_CURVE('',#7043,#7014,#7045,.T.);
#7043 = VERTEX_POINT('',#7044);
#7044 = CARTESIAN_POINT('',(15.5,31.149825449351,1.E-02));
#7045 = SURFACE_CURVE('',#7046,(#7050,#7056),.PCURVE_S1.);
#7046 = LINE('',#7047,#7048);
#7047 = CARTESIAN_POINT('',(0.,31.149825449351,1.E-02));
#7048 = VECTOR('',#7049,1.);
#7049 = DIRECTION('',(-1.,0.,0.));
#7050 = PCURVE('',#4505,#7051);
#7051 = DEFINITIONAL_REPRESENTATION('',(#7052),#7055);
#7052 = B_SPLINE_CURVE_WITH_KNOTS('',1,(#7053,#7054),.UNSPECIFIED.,.F.,
  .F.,(2,2),(-15.5,15.5),.PIECEWISE_BEZIER_KNOTS.);
#7053 = CARTESIAN_POINT('',(15.5,22.149825449351));
#7054 = CARTESIAN_POINT('',(-15.5,22.149825449351));
#7055 = ( GEOMETRIC_REPRESENTATION_CONTEXT(2) 
PARAMETRIC_REPRESENTATION_CONTEXT() REPRESENTATION_CONTEXT('2D SPACE',''
  ) );
#7056 = PCURVE('',#7057,#7062);
#7057 = PLANE('',#7058);
#7058 = AXIS2_PLACEMENT_3D('',#7059,#7060,#7061);
#7059 = CARTESIAN_POINT('',(0.,31.15,0.));
#7060 = DIRECTION('',(-0.,-0.999847695156,-1.745240643728E-02));
#7061 = DIRECTION('',(0.,-1.745240643728E-02,0.999847695156));
#7062 = DEFINITIONAL_REPRESENTATION('',(#7063),#7066);
#7063 = B_SPLINE_CURVE_WITH_KNOTS('',1,(#7064,#7065),.UNSPECIFIED.,.F.,
  .F.,(2,2),(-15.5,15.5),.PIECEWISE_BEZIER_KNOTS.);
#7064 = CARTESIAN_POINT('',(1.000152328044E-02,-15.5));
#7065 = CARTESIAN_POINT('',(1.000152328044E-02,15.5));
#7066 = ( GEOMETRIC_REPRESENTATION_CONTEXT(2) 
PARAMETRIC_REPRESENTATION_CONTEXT() REPRESENTATION_CONTEXT('2D SPACE',''
  ) );
#7067 = ORIENTED_EDGE('',*,*,#7068,.F.);
#7068 = EDGE_CURVE('',#7069,#7043,#7071,.T.);
#7069 = VERTEX_POINT('',#7070);
#7070 = CARTESIAN_POINT('',(18.649825449351,28.,1.E-02));
#7071 = SURFACE_CURVE('',#7072,(#7077,#7084),.PCURVE_S1.);
#7072 = CIRCLE('',#7073,3.149825449351);
#7073 = AXIS2_PLACEMENT_3D('',#7074,#7075,#7076);
#7074 = CARTESIAN_POINT('',(15.5,28.,1.E-02));
#7075 = DIRECTION('',(0.,0.,1.));
#7076 = DIRECTION('',(1.,0.,-0.));
#7077 = PCURVE('',#4505,#7078);
#7078 = DEFINITIONAL_REPRESENTATION('',(#7079),#7083);
#7079 = CIRCLE('',#7080,3.149825449351);
#7080 = AXIS2_PLACEMENT_2D('',#7081,#7082);
#7081 = CARTESIAN_POINT('',(15.5,19.));
#7082 = DIRECTION('',(1.,0.));
#7083 = ( GEOMETRIC_REPRESENTATION_CONTEXT(2) 
PARAMETRIC_REPRESENTATION_CONTEXT() REPRESENTATION_CONTEXT('2D SPACE',''
  ) );
#7084 = PCURVE('',#7085,#7090);
#7085 = CONICAL_SURFACE('',#7086,3.15,1.745329251994E-02);
#7086 = AXIS2_PLACEMENT_3D('',#7087,#7088,#7089);
#7087 = CARTESIAN_POINT('',(15.5,28.,0.));
#7088 = DIRECTION('',(0.,0.,-1.));
#7089 = DIRECTION('',(1.,0.,0.));
#7090 = DEFINITIONAL_REPRESENTATION('',(#7091),#7095);
#7091 = LINE('',#7092,#7093);
#7092 = CARTESIAN_POINT('',(-0.,-1.E-02));
#7093 = VECTOR('',#7094,1.);
#7094 = DIRECTION('',(-1.,-0.));
#7095 = ( GEOMETRIC_REPRESENTATION_CONTEXT(2) 
PARAMETRIC_REPRESENTATION_CONTEXT() REPRESENTATION_CONTEXT('2D SPACE',''
  ) );
#7096 = ORIENTED_EDGE('',*,*,#7097,.F.);
#7097 = EDGE_CURVE('',#7098,#7069,#7100,.T.);
#7098 = VERTEX_POINT('',#7099);
#7099 = CARTESIAN_POINT('',(18.649825449351,-10.,1.E-02));
#7100 = SURFACE_CURVE('',#7101,(#7105,#7111),.PCURVE_S1.);
#7101 = LINE('',#7102,#7103);
#7102 = CARTESIAN_POINT('',(18.649825449351,9.,1.E-02));
#7103 = VECTOR('',#7104,1.);
#7104 = DIRECTION('',(0.,1.,-0.));
#7105 = PCURVE('',#4505,#7106);
#7106 = DEFINITIONAL_REPRESENTATION('',(#7107),#7110);
#7107 = B_SPLINE_CURVE_WITH_KNOTS('',1,(#7108,#7109),.UNSPECIFIED.,.F.,
  .F.,(2,2),(-19.,19.),.PIECEWISE_BEZIER_KNOTS.);
#7108 = CARTESIAN_POINT('',(18.649825449351,-19.));
#7109 = CARTESIAN_POINT('',(18.649825449351,19.));
#7110 = ( GEOMETRIC_REPRESENTATION_CONTEXT(2) 
PARAMETRIC_REPRESENTATION_CONTEXT() REPRESENTATION_CONTEXT('2D SPACE',''
  ) );
#7111 = PCURVE('',#7112,#7117);
#7112 = PLANE('',#7113);
#7113 = AXIS2_PLACEMENT_3D('',#7114,#7115,#7116);
#7114 = CARTESIAN_POINT('',(18.65,9.,0.));
#7115 = DIRECTION('',(-0.999847695156,0.,-1.745240643728E-02));
#7116 = DIRECTION('',(-1.745240643728E-02,0.,0.999847695156));
#7117 = DEFINITIONAL_REPRESENTATION('',(#7118),#7121);
#7118 = B_SPLINE_CURVE_WITH_KNOTS('',1,(#7119,#7120),.UNSPECIFIED.,.F.,
  .F.,(2,2),(-19.,19.),.PIECEWISE_BEZIER_KNOTS.);
#7119 = CARTESIAN_POINT('',(1.000152328044E-02,-19.));
#7120 = CARTESIAN_POINT('',(1.000152328044E-02,19.));
#7121 = ( GEOMETRIC_REPRESENTATION_CONTEXT(2) 
PARAMETRIC_REPRESENTATION_CONTEXT() REPRESENTATION_CONTEXT('2D SPACE',''
  ) );
#7122 = ORIENTED_EDGE('',*,*,#7123,.F.);
#7123 = EDGE_CURVE('',#7124,#7098,#7126,.T.);
#7124 = VERTEX_POINT('',#7125);
#7125 = CARTESIAN_POINT('',(15.5,-13.14982544935,1.E-02));
#7126 = SURFACE_CURVE('',#7127,(#7132,#7139),.PCURVE_S1.);
#7127 = CIRCLE('',#7128,3.149825449351);
#7128 = AXIS2_PLACEMENT_3D('',#7129,#7130,#7131);
#7129 = CARTESIAN_POINT('',(15.5,-10.,1.E-02));
#7130 = DIRECTION('',(0.,0.,1.));
#7131 = DIRECTION('',(1.,0.,-0.));
#7132 = PCURVE('',#4505,#7133);
#7133 = DEFINITIONAL_REPRESENTATION('',(#7134),#7138);
#7134 = CIRCLE('',#7135,3.149825449351);
#7135 = AXIS2_PLACEMENT_2D('',#7136,#7137);
#7136 = CARTESIAN_POINT('',(15.5,-19.));
#7137 = DIRECTION('',(1.,0.));
#7138 = ( GEOMETRIC_REPRESENTATION_CONTEXT(2) 
PARAMETRIC_REPRESENTATION_CONTEXT() REPRESENTATION_CONTEXT('2D SPACE',''
  ) );
#7139 = PCURVE('',#7140,#7145);
#7140 = CONICAL_SURFACE('',#7141,3.15,1.745329251994E-02);
#7141 = AXIS2_PLACEMENT_3D('',#7142,#7143,#7144);
#7142 = CARTESIAN_POINT('',(15.5,-10.,0.));
#7143 = DIRECTION('',(0.,0.,-1.));
#7144 = DIRECTION('',(1.,0.,0.));
#7145 = DEFINITIONAL_REPRESENTATION('',(#7146),#7150);
#7146 = LINE('',#7147,#7148);
#7147 = CARTESIAN_POINT('',(-0.,-1.E-02));
#7148 = VECTOR('',#7149,1.);
#7149 = DIRECTION('',(-1.,-0.));
#7150 = ( GEOMETRIC_REPRESENTATION_CONTEXT(2) 
PARAMETRIC_REPRESENTATION_CONTEXT() REPRESENTATION_CONTEXT('2D SPACE',''
  ) );
#7151 = ORIENTED_EDGE('',*,*,#7152,.F.);
#7152 = EDGE_CURVE('',#7153,#7124,#7155,.T.);
#7153 = VERTEX_POINT('',#7154);
#7154 = CARTESIAN_POINT('',(-15.5,-13.14982544935,1.E-02));
#7155 = SURFACE_CURVE('',#7156,(#7160,#7166),.PCURVE_S1.);
#7156 = LINE('',#7157,#7158);
#7157 = CARTESIAN_POINT('',(0.,-13.14982544935,1.E-02));
#7158 = VECTOR('',#7159,1.);
#7159 = DIRECTION('',(1.,-0.,0.));
#7160 = PCURVE('',#4505,#7161);
#7161 = DEFINITIONAL_REPRESENTATION('',(#7162),#7165);
#7162 = B_SPLINE_CURVE_WITH_KNOTS('',1,(#7163,#7164),.UNSPECIFIED.,.F.,
  .F.,(2,2),(-15.5,15.5),.PIECEWISE_BEZIER_KNOTS.);
#7163 = CARTESIAN_POINT('',(-15.5,-22.14982544935));
#7164 = CARTESIAN_POINT('',(15.5,-22.14982544935));
#7165 = ( GEOMETRIC_REPRESENTATION_CONTEXT(2) 
PARAMETRIC_REPRESENTATION_CONTEXT() REPRESENTATION_CONTEXT('2D SPACE',''
  ) );
#7166 = PCURVE('',#7167,#7172);
#7167 = PLANE('',#7168);
#7168 = AXIS2_PLACEMENT_3D('',#7169,#7170,#7171);
#7169 = CARTESIAN_POINT('',(0.,-13.15,0.));
#7170 = DIRECTION('',(0.,0.999847695156,-1.745240643728E-02));
#7171 = DIRECTION('',(0.,1.745240643728E-02,0.999847695156));
#7172 = DEFINITIONAL_REPRESENTATION('',(#7173),#7176);
#7173 = B_SPLINE_CURVE_WITH_KNOTS('',1,(#7174,#7175),.UNSPECIFIED.,.F.,
  .F.,(2,2),(-15.5,15.5),.PIECEWISE_BEZIER_KNOTS.);
#7174 = CARTESIAN_POINT('',(1.000152328044E-02,-15.5));
#7175 = CARTESIAN_POINT('',(1.000152328044E-02,15.5));
#7176 = ( GEOMETRIC_REPRESENTATION_CONTEXT(2) 
PARAMETRIC_REPRESENTATION_CONTEXT() REPRESENTATION_CONTEXT('2D SPACE',''
  ) );
#7177 = ORIENTED_EDGE('',*,*,#7178,.F.);
#7178 = EDGE_CURVE('',#6988,#7153,#7179,.T.);
#7179 = SURFACE_CURVE('',#7180,(#7185,#7192),.PCURVE_S1.);
#7180 = CIRCLE('',#7181,3.149825449351);
#7181 = AXIS2_PLACEMENT_3D('',#7182,#7183,#7184);
#7182 = CARTESIAN_POINT('',(-15.5,-10.,1.E-02));
#7183 = DIRECTION('',(0.,0.,1.));
#7184 = DIRECTION('',(1.,0.,-0.));
#7185 = PCURVE('',#4505,#7186);
#7186 = DEFINITIONAL_REPRESENTATION('',(#7187),#7191);
#7187 = CIRCLE('',#7188,3.149825449351);
#7188 = AXIS2_PLACEMENT_2D('',#7189,#7190);
#7189 = CARTESIAN_POINT('',(-15.5,-19.));
#7190 = DIRECTION('',(1.,0.));
#7191 = ( GEOMETRIC_REPRESENTATION_CONTEXT(2) 
PARAMETRIC_REPRESENTATION_CONTEXT() REPRESENTATION_CONTEXT('2D SPACE',''
  ) );
#7192 = PCURVE('',#7193,#7198);
#7193 = CONICAL_SURFACE('',#7194,3.15,1.745329251994E-02);
#7194 = AXIS2_PLACEMENT_3D('',#7195,#7196,#7197);
#7195 = CARTESIAN_POINT('',(-15.5,-10.,0.));
#7196 = DIRECTION('',(0.,0.,-1.));
#7197 = DIRECTION('',(1.,0.,0.));
#7198 = DEFINITIONAL_REPRESENTATION('',(#7199),#7203);
#7199 = LINE('',#7200,#7201);
#7200 = CARTESIAN_POINT('',(-0.,-1.E-02));
#7201 = VECTOR('',#7202,1.);
#7202 = DIRECTION('',(-1.,-0.));
#7203 = ( GEOMETRIC_REPRESENTATION_CONTEXT(2) 
PARAMETRIC_REPRESENTATION_CONTEXT() REPRESENTATION_CONTEXT('2D SPACE',''
  ) );
#7204 = ADVANCED_FACE('',(#7205),#4904,.F.);
#7205 = FACE_BOUND('',#7206,.F.);
#7206 = EDGE_LOOP('',(#7207));
#7207 = ORIENTED_EDGE('',*,*,#4889,.T.);
#7208 = ADVANCED_FACE('',(#7209,#7212),#4959,.F.);
#7209 = FACE_BOUND('',#7210,.F.);
#7210 = EDGE_LOOP('',(#7211));
#7211 = ORIENTED_EDGE('',*,*,#4944,.T.);
#7212 = FACE_BOUND('',#7213,.F.);
#7213 = EDGE_LOOP('',(#7214));
#7214 = ORIENTED_EDGE('',*,*,#7215,.F.);
#7215 = EDGE_CURVE('',#7216,#7216,#7218,.T.);
#7216 = VERTEX_POINT('',#7217);
#7217 = CARTESIAN_POINT('',(23.07155887927,54.19,2.2));
#7218 = SURFACE_CURVE('',#7219,(#7224,#7231),.PCURVE_S1.);
#7219 = CIRCLE('',#7220,1.41155887927);
#7220 = AXIS2_PLACEMENT_3D('',#7221,#7222,#7223);
#7221 = CARTESIAN_POINT('',(21.66,54.19,2.2));
#7222 = DIRECTION('',(0.,0.,1.));
#7223 = DIRECTION('',(1.,0.,-0.));
#7224 = PCURVE('',#4959,#7225);
#7225 = DEFINITIONAL_REPRESENTATION('',(#7226),#7230);
#7226 = CIRCLE('',#7227,1.41155887927);
#7227 = AXIS2_PLACEMENT_2D('',#7228,#7229);
#7228 = CARTESIAN_POINT('',(0.,0.));
#7229 = DIRECTION('',(1.,0.));
#7230 = ( GEOMETRIC_REPRESENTATION_CONTEXT(2) 
PARAMETRIC_REPRESENTATION_CONTEXT() REPRESENTATION_CONTEXT('2D SPACE',''
  ) );
#7231 = PCURVE('',#7232,#7237);
#7232 = CONICAL_SURFACE('',#7233,1.410686209105,4.363323129986E-03);
#7233 = AXIS2_PLACEMENT_3D('',#7234,#7235,#7236);
#7234 = CARTESIAN_POINT('',(21.66,54.19,2.));
#7235 = DIRECTION('',(0.,0.,1.));
#7236 = DIRECTION('',(1.,0.,0.));
#7237 = DEFINITIONAL_REPRESENTATION('',(#7238),#7242);
#7238 = LINE('',#7239,#7240);
#7239 = CARTESIAN_POINT('',(0.,0.2));
#7240 = VECTOR('',#7241,1.);
#7241 = DIRECTION('',(1.,0.));
#7242 = ( GEOMETRIC_REPRESENTATION_CONTEXT(2) 
PARAMETRIC_REPRESENTATION_CONTEXT() REPRESENTATION_CONTEXT('2D SPACE',''
  ) );
#7243 = ADVANCED_FACE('',(#7244),#5103,.F.);
#7244 = FACE_BOUND('',#7245,.F.);
#7245 = EDGE_LOOP('',(#7246,#7264,#7265,#7266));
#7246 = ORIENTED_EDGE('',*,*,#7247,.F.);
#7247 = EDGE_CURVE('',#6640,#6421,#7248,.T.);
#7248 = SURFACE_CURVE('',#7249,(#7252,#7258),.PCURVE_S1.);
#7249 = B_SPLINE_CURVE_WITH_KNOTS('',1,(#7250,#7251),.UNSPECIFIED.,.F.,
  .F.,(2,2),(0.,1.),.PIECEWISE_BEZIER_KNOTS.);
#7250 = CARTESIAN_POINT('',(19.,59.,14.18));
#7251 = CARTESIAN_POINT('',(19.,59.026357148042,15.71));
#7252 = PCURVE('',#5103,#7253);
#7253 = DEFINITIONAL_REPRESENTATION('',(#7254),#7257);
#7254 = B_SPLINE_CURVE_WITH_KNOTS('',1,(#7255,#7256),.UNSPECIFIED.,.F.,
  .F.,(2,2),(0.,1.),.PIECEWISE_BEZIER_KNOTS.);
#7255 = CARTESIAN_POINT('',(-19.,-1.530227009059));
#7256 = CARTESIAN_POINT('',(-19.,0.));
#7257 = ( GEOMETRIC_REPRESENTATION_CONTEXT(2) 
PARAMETRIC_REPRESENTATION_CONTEXT() REPRESENTATION_CONTEXT('2D SPACE',''
  ) );
#7258 = PCURVE('',#6458,#7259);
#7259 = DEFINITIONAL_REPRESENTATION('',(#7260),#7263);
#7260 = B_SPLINE_CURVE_WITH_KNOTS('',1,(#7261,#7262),.UNSPECIFIED.,.F.,
  .F.,(2,2),(0.,1.),.PIECEWISE_BEZIER_KNOTS.);
#7261 = CARTESIAN_POINT('',(1.570796326795,0.));
#7262 = CARTESIAN_POINT('',(1.570796326795,1.53));
#7263 = ( GEOMETRIC_REPRESENTATION_CONTEXT(2) 
PARAMETRIC_REPRESENTATION_CONTEXT() REPRESENTATION_CONTEXT('2D SPACE',''
  ) );
#7264 = ORIENTED_EDGE('',*,*,#6663,.T.);
#7265 = ORIENTED_EDGE('',*,*,#5088,.F.);
#7266 = ORIENTED_EDGE('',*,*,#6420,.F.);
#7267 = ADVANCED_FACE('',(#7268),#5460,.F.);
#7268 = FACE_BOUND('',#7269,.F.);
#7269 = EDGE_LOOP('',(#7270,#7271,#7272,#7290));
#7270 = ORIENTED_EDGE('',*,*,#5519,.F.);
#7271 = ORIENTED_EDGE('',*,*,#5595,.T.);
#7272 = ORIENTED_EDGE('',*,*,#7273,.T.);
#7273 = EDGE_CURVE('',#5596,#5418,#7274,.T.);
#7274 = SURFACE_CURVE('',#7275,(#7278,#7284),.PCURVE_S1.);
#7275 = B_SPLINE_CURVE_WITH_KNOTS('',1,(#7276,#7277),.UNSPECIFIED.,.F.,
  .F.,(2,2),(0.,1.),.PIECEWISE_BEZIER_KNOTS.);
#7276 = CARTESIAN_POINT('',(-29.,49.,14.18));
#7277 = CARTESIAN_POINT('',(-29.02635714804,49.,15.71));
#7278 = PCURVE('',#5460,#7279);
#7279 = DEFINITIONAL_REPRESENTATION('',(#7280),#7283);
#7280 = B_SPLINE_CURVE_WITH_KNOTS('',1,(#7281,#7282),.UNSPECIFIED.,.F.,
  .F.,(2,2),(0.,1.),.PIECEWISE_BEZIER_KNOTS.);
#7281 = CARTESIAN_POINT('',(3.14159265359,0.));
#7282 = CARTESIAN_POINT('',(3.14159265359,1.53));
#7283 = ( GEOMETRIC_REPRESENTATION_CONTEXT(2) 
PARAMETRIC_REPRESENTATION_CONTEXT() REPRESENTATION_CONTEXT('2D SPACE',''
  ) );
#7284 = PCURVE('',#5432,#7285);
#7285 = DEFINITIONAL_REPRESENTATION('',(#7286),#7289);
#7286 = B_SPLINE_CURVE_WITH_KNOTS('',1,(#7287,#7288),.UNSPECIFIED.,.F.,
  .F.,(2,2),(0.,1.),.PIECEWISE_BEZIER_KNOTS.);
#7287 = CARTESIAN_POINT('',(-49.,-1.530227009059));
#7288 = CARTESIAN_POINT('',(-49.,0.));
#7289 = ( GEOMETRIC_REPRESENTATION_CONTEXT(2) 
PARAMETRIC_REPRESENTATION_CONTEXT() REPRESENTATION_CONTEXT('2D SPACE',''
  ) );
#7290 = ORIENTED_EDGE('',*,*,#5443,.F.);
#7291 = ADVANCED_FACE('',(#7292),#5432,.F.);
#7292 = FACE_BOUND('',#7293,.F.);
#7293 = EDGE_LOOP('',(#7294,#7295,#7296,#7314));
#7294 = ORIENTED_EDGE('',*,*,#7273,.F.);
#7295 = ORIENTED_EDGE('',*,*,#5619,.T.);
#7296 = ORIENTED_EDGE('',*,*,#7297,.T.);
#7297 = EDGE_CURVE('',#5620,#5389,#7298,.T.);
#7298 = SURFACE_CURVE('',#7299,(#7302,#7308),.PCURVE_S1.);
#7299 = B_SPLINE_CURVE_WITH_KNOTS('',1,(#7300,#7301),.UNSPECIFIED.,.F.,
  .F.,(2,2),(0.,1.),.PIECEWISE_BEZIER_KNOTS.);
#7300 = CARTESIAN_POINT('',(-29.,-49.,14.18));
#7301 = CARTESIAN_POINT('',(-29.02635714804,-49.,15.71));
#7302 = PCURVE('',#5432,#7303);
#7303 = DEFINITIONAL_REPRESENTATION('',(#7304),#7307);
#7304 = B_SPLINE_CURVE_WITH_KNOTS('',1,(#7305,#7306),.UNSPECIFIED.,.F.,
  .F.,(2,2),(0.,1.),.PIECEWISE_BEZIER_KNOTS.);
#7305 = CARTESIAN_POINT('',(49.,-1.530227009059));
#7306 = CARTESIAN_POINT('',(49.,0.));
#7307 = ( GEOMETRIC_REPRESENTATION_CONTEXT(2) 
PARAMETRIC_REPRESENTATION_CONTEXT() REPRESENTATION_CONTEXT('2D SPACE',''
  ) );
#7308 = PCURVE('',#5405,#7309);
#7309 = DEFINITIONAL_REPRESENTATION('',(#7310),#7313);
#7310 = B_SPLINE_CURVE_WITH_KNOTS('',1,(#7311,#7312),.UNSPECIFIED.,.F.,
  .F.,(2,2),(0.,1.),.PIECEWISE_BEZIER_KNOTS.);
#7311 = CARTESIAN_POINT('',(3.14159265359,0.));
#7312 = CARTESIAN_POINT('',(3.14159265359,1.53));
#7313 = ( GEOMETRIC_REPRESENTATION_CONTEXT(2) 
PARAMETRIC_REPRESENTATION_CONTEXT() REPRESENTATION_CONTEXT('2D SPACE',''
  ) );
#7314 = ORIENTED_EDGE('',*,*,#5417,.F.);
#7315 = ADVANCED_FACE('',(#7316),#5405,.F.);
#7316 = FACE_BOUND('',#7317,.F.);
#7317 = EDGE_LOOP('',(#7318,#7319,#7320,#7321));
#7318 = ORIENTED_EDGE('',*,*,#7297,.F.);
#7319 = ORIENTED_EDGE('',*,*,#5640,.T.);
#7320 = ORIENTED_EDGE('',*,*,#6255,.T.);
#7321 = ORIENTED_EDGE('',*,*,#5388,.F.);
#7322 = ADVANCED_FACE('',(#7323),#5560,.F.);
#7323 = FACE_BOUND('',#7324,.F.);
#7324 = EDGE_LOOP('',(#7325,#7345,#7346,#7347));
#7325 = ORIENTED_EDGE('',*,*,#7326,.T.);
#7326 = EDGE_CURVE('',#7327,#5544,#7329,.T.);
#7327 = VERTEX_POINT('',#7328);
#7328 = CARTESIAN_POINT('',(-28.80419863991,49.,2.982547593563));
#7329 = SURFACE_CURVE('',#7330,(#7333,#7339),.PCURVE_S1.);
#7330 = B_SPLINE_CURVE_WITH_KNOTS('',1,(#7331,#7332),.UNSPECIFIED.,.F.,
  .F.,(2,2),(0.,1.),.PIECEWISE_BEZIER_KNOTS.);
#7331 = CARTESIAN_POINT('',(-28.78704820787,49.,2.));
#7332 = CARTESIAN_POINT('',(-29.,49.,14.2));
#7333 = PCURVE('',#5560,#7334);
#7334 = DEFINITIONAL_REPRESENTATION('',(#7335),#7338);
#7335 = B_SPLINE_CURVE_WITH_KNOTS('',1,(#7336,#7337),.UNSPECIFIED.,.F.,
  .F.,(2,2),(0.,1.),.PIECEWISE_BEZIER_KNOTS.);
#7336 = CARTESIAN_POINT('',(3.14159265359,0.));
#7337 = CARTESIAN_POINT('',(3.14159265359,12.2));
#7338 = ( GEOMETRIC_REPRESENTATION_CONTEXT(2) 
PARAMETRIC_REPRESENTATION_CONTEXT() REPRESENTATION_CONTEXT('2D SPACE',''
  ) );
#7339 = PCURVE('',#5750,#7340);
#7340 = DEFINITIONAL_REPRESENTATION('',(#7341),#7344);
#7341 = B_SPLINE_CURVE_WITH_KNOTS('',1,(#7342,#7343),.UNSPECIFIED.,.F.,
  .F.,(2,2),(0.,1.),.PIECEWISE_BEZIER_KNOTS.);
#7342 = CARTESIAN_POINT('',(-49.,-12.20185840213));
#7343 = CARTESIAN_POINT('',(-49.,0.));
#7344 = ( GEOMETRIC_REPRESENTATION_CONTEXT(2) 
PARAMETRIC_REPRESENTATION_CONTEXT() REPRESENTATION_CONTEXT('2D SPACE',''
  ) );
#7345 = ORIENTED_EDGE('',*,*,#5541,.F.);
#7346 = ORIENTED_EDGE('',*,*,#5795,.F.);
#7347 = ORIENTED_EDGE('',*,*,#7348,.F.);
#7348 = EDGE_CURVE('',#7327,#5766,#7349,.T.);
#7349 = SURFACE_CURVE('',#7350,(#7355,#7362),.PCURVE_S1.);
#7350 = CIRCLE('',#7351,9.804198639916);
#7351 = AXIS2_PLACEMENT_3D('',#7352,#7353,#7354);
#7352 = CARTESIAN_POINT('',(-19.,49.,2.982547593563));
#7353 = DIRECTION('',(-0.,0.,-1.));
#7354 = DIRECTION('',(-1.,0.,0.));
#7355 = PCURVE('',#5560,#7356);
#7356 = DEFINITIONAL_REPRESENTATION('',(#7357),#7361);
#7357 = LINE('',#7358,#7359);
#7358 = CARTESIAN_POINT('',(3.14159265359,0.982547593563));
#7359 = VECTOR('',#7360,1.);
#7360 = DIRECTION('',(-1.,-0.));
#7361 = ( GEOMETRIC_REPRESENTATION_CONTEXT(2) 
PARAMETRIC_REPRESENTATION_CONTEXT() REPRESENTATION_CONTEXT('2D SPACE',''
  ) );
#7362 = PCURVE('',#7363,#7368);
#7363 = TOROIDAL_SURFACE('',#7364,8.80435094476,1.);
#7364 = AXIS2_PLACEMENT_3D('',#7365,#7366,#7367);
#7365 = CARTESIAN_POINT('',(-19.,49.,3.));
#7366 = DIRECTION('',(-0.,-0.,-1.));
#7367 = DIRECTION('',(-1.,0.,0.));
#7368 = DEFINITIONAL_REPRESENTATION('',(#7369),#7373);
#7369 = LINE('',#7370,#7371);
#7370 = CARTESIAN_POINT('',(0.,1.745329251994E-02));
#7371 = VECTOR('',#7372,1.);
#7372 = DIRECTION('',(1.,0.));
#7373 = ( GEOMETRIC_REPRESENTATION_CONTEXT(2) 
PARAMETRIC_REPRESENTATION_CONTEXT() REPRESENTATION_CONTEXT('2D SPACE',''
  ) );
#7374 = ADVANCED_FACE('',(#7375),#5750,.F.);
#7375 = FACE_BOUND('',#7376,.F.);
#7376 = EDGE_LOOP('',(#7377,#7407,#7425,#7426,#7427,#7455,#7489,#7515,
    #7549,#7577,#7611,#7637,#7671,#7699,#7733,#7759,#7793,#7821,#7855,
    #7881));
#7377 = ORIENTED_EDGE('',*,*,#7378,.F.);
#7378 = EDGE_CURVE('',#7379,#7381,#7383,.T.);
#7379 = VERTEX_POINT('',#7380);
#7380 = CARTESIAN_POINT('',(-28.80419863991,-49.,2.982547593563));
#7381 = VERTEX_POINT('',#7382);
#7382 = CARTESIAN_POINT('',(-28.80419863991,-45.57171262072,
    2.982547593563));
#7383 = SURFACE_CURVE('',#7384,(#7388,#7395),.PCURVE_S1.);
#7384 = LINE('',#7385,#7386);
#7385 = CARTESIAN_POINT('',(-28.80419863991,-49.,2.982547593563));
#7386 = VECTOR('',#7387,1.);
#7387 = DIRECTION('',(0.,1.,0.));
#7388 = PCURVE('',#5750,#7389);
#7389 = DEFINITIONAL_REPRESENTATION('',(#7390),#7394);
#7390 = LINE('',#7391,#7392);
#7391 = CARTESIAN_POINT('',(49.,-11.21916113902));
#7392 = VECTOR('',#7393,1.);
#7393 = DIRECTION('',(-1.,0.));
#7394 = ( GEOMETRIC_REPRESENTATION_CONTEXT(2) 
PARAMETRIC_REPRESENTATION_CONTEXT() REPRESENTATION_CONTEXT('2D SPACE',''
  ) );
#7395 = PCURVE('',#7396,#7401);
#7396 = CYLINDRICAL_SURFACE('',#7397,1.);
#7397 = AXIS2_PLACEMENT_3D('',#7398,#7399,#7400);
#7398 = CARTESIAN_POINT('',(-27.80435094476,-49.,3.));
#7399 = DIRECTION('',(0.,1.,0.));
#7400 = DIRECTION('',(-0.999847695156,0.,-1.745240643728E-02));
#7401 = DEFINITIONAL_REPRESENTATION('',(#7402),#7406);
#7402 = LINE('',#7403,#7404);
#7403 = CARTESIAN_POINT('',(-0.,0.));
#7404 = VECTOR('',#7405,1.);
#7405 = DIRECTION('',(-0.,1.));
#7406 = ( GEOMETRIC_REPRESENTATION_CONTEXT(2) 
PARAMETRIC_REPRESENTATION_CONTEXT() REPRESENTATION_CONTEXT('2D SPACE',''
  ) );
#7407 = ORIENTED_EDGE('',*,*,#7408,.T.);
#7408 = EDGE_CURVE('',#7379,#5708,#7409,.T.);
#7409 = SURFACE_CURVE('',#7410,(#7413,#7419),.PCURVE_S1.);
#7410 = B_SPLINE_CURVE_WITH_KNOTS('',1,(#7411,#7412),.UNSPECIFIED.,.F.,
  .F.,(2,2),(0.,1.),.PIECEWISE_BEZIER_KNOTS.);
#7411 = CARTESIAN_POINT('',(-28.78704820787,-49.,2.));
#7412 = CARTESIAN_POINT('',(-29.,-49.,14.2));
#7413 = PCURVE('',#5750,#7414);
#7414 = DEFINITIONAL_REPRESENTATION('',(#7415),#7418);
#7415 = B_SPLINE_CURVE_WITH_KNOTS('',1,(#7416,#7417),.UNSPECIFIED.,.F.,
  .F.,(2,2),(0.,1.),.PIECEWISE_BEZIER_KNOTS.);
#7416 = CARTESIAN_POINT('',(49.,-12.20185840213));
#7417 = CARTESIAN_POINT('',(49.,0.));
#7418 = ( GEOMETRIC_REPRESENTATION_CONTEXT(2) 
PARAMETRIC_REPRESENTATION_CONTEXT() REPRESENTATION_CONTEXT('2D SPACE',''
  ) );
#7419 = PCURVE('',#5724,#7420);
#7420 = DEFINITIONAL_REPRESENTATION('',(#7421),#7424);
#7421 = B_SPLINE_CURVE_WITH_KNOTS('',1,(#7422,#7423),.UNSPECIFIED.,.F.,
  .F.,(2,2),(0.,1.),.PIECEWISE_BEZIER_KNOTS.);
#7422 = CARTESIAN_POINT('',(3.14159265359,0.));
#7423 = CARTESIAN_POINT('',(3.14159265359,12.2));
#7424 = ( GEOMETRIC_REPRESENTATION_CONTEXT(2) 
PARAMETRIC_REPRESENTATION_CONTEXT() REPRESENTATION_CONTEXT('2D SPACE',''
  ) );
#7425 = ORIENTED_EDGE('',*,*,#5736,.T.);
#7426 = ORIENTED_EDGE('',*,*,#7326,.F.);
#7427 = ORIENTED_EDGE('',*,*,#7428,.F.);
#7428 = EDGE_CURVE('',#7429,#7327,#7431,.T.);
#7429 = VERTEX_POINT('',#7430);
#7430 = CARTESIAN_POINT('',(-28.80419863991,41.814166356309,
    2.982547593563));
#7431 = SURFACE_CURVE('',#7432,(#7436,#7443),.PCURVE_S1.);
#7432 = LINE('',#7433,#7434);
#7433 = CARTESIAN_POINT('',(-28.80419863991,-49.,2.982547593563));
#7434 = VECTOR('',#7435,1.);
#7435 = DIRECTION('',(0.,1.,0.));
#7436 = PCURVE('',#5750,#7437);
#7437 = DEFINITIONAL_REPRESENTATION('',(#7438),#7442);
#7438 = LINE('',#7439,#7440);
#7439 = CARTESIAN_POINT('',(49.,-11.21916113902));
#7440 = VECTOR('',#7441,1.);
#7441 = DIRECTION('',(-1.,0.));
#7442 = ( GEOMETRIC_REPRESENTATION_CONTEXT(2) 
PARAMETRIC_REPRESENTATION_CONTEXT() REPRESENTATION_CONTEXT('2D SPACE',''
  ) );
#7443 = PCURVE('',#7444,#7449);
#7444 = CYLINDRICAL_SURFACE('',#7445,1.);
#7445 = AXIS2_PLACEMENT_3D('',#7446,#7447,#7448);
#7446 = CARTESIAN_POINT('',(-27.80435094476,-49.,3.));
#7447 = DIRECTION('',(0.,1.,0.));
#7448 = DIRECTION('',(-0.999847695156,0.,-1.745240643728E-02));
#7449 = DEFINITIONAL_REPRESENTATION('',(#7450),#7454);
#7450 = LINE('',#7451,#7452);
#7451 = CARTESIAN_POINT('',(-0.,0.));
#7452 = VECTOR('',#7453,1.);
#7453 = DIRECTION('',(-0.,1.));
#7454 = ( GEOMETRIC_REPRESENTATION_CONTEXT(2) 
PARAMETRIC_REPRESENTATION_CONTEXT() REPRESENTATION_CONTEXT('2D SPACE',''
  ) );
#7455 = ORIENTED_EDGE('',*,*,#7456,.T.);
#7456 = EDGE_CURVE('',#7429,#7457,#7459,.T.);
#7457 = VERTEX_POINT('',#7458);
#7458 = CARTESIAN_POINT('',(-28.98254493507,41.725,13.2));
#7459 = SURFACE_CURVE('',#7460,(#7466,#7475),.PCURVE_S1.);
#7460 = B_SPLINE_CURVE_WITH_KNOTS('',4,(#7461,#7462,#7463,#7464,#7465),
  .UNSPECIFIED.,.F.,.F.,(5,5),(0.,1.),.PIECEWISE_BEZIER_KNOTS.);
#7461 = CARTESIAN_POINT('',(-28.80419863991,41.814166356309,
    2.982547593563));
#7462 = CARTESIAN_POINT('',(-28.8487863046,41.791874221826,
    5.536973192564));
#7463 = CARTESIAN_POINT('',(-28.89337329001,41.769582426951,
    8.091359876235));
#7464 = CARTESIAN_POINT('',(-28.93795952886,41.747291005331,
    10.645703789095));
#7465 = CARTESIAN_POINT('',(-28.98254493507,41.725,13.2));
#7466 = PCURVE('',#5750,#7467);
#7467 = DEFINITIONAL_REPRESENTATION('',(#7468),#7474);
#7468 = B_SPLINE_CURVE_WITH_KNOTS('',4,(#7469,#7470,#7471,#7472,#7473),
  .UNSPECIFIED.,.F.,.F.,(5,5),(0.,1.),.PIECEWISE_BEZIER_KNOTS.);
#7469 = CARTESIAN_POINT('',(-41.8141663563,-11.21916113902));
#7470 = CARTESIAN_POINT('',(-41.79187422182,-8.664346429364));
#7471 = CARTESIAN_POINT('',(-41.76958242695,-6.109570640966));
#7472 = CARTESIAN_POINT('',(-41.74729100533,-3.554837629894));
#7473 = CARTESIAN_POINT('',(-41.725,-1.000152328044));
#7474 = ( GEOMETRIC_REPRESENTATION_CONTEXT(2) 
PARAMETRIC_REPRESENTATION_CONTEXT() REPRESENTATION_CONTEXT('2D SPACE',''
  ) );
#7475 = PCURVE('',#7476,#7481);
#7476 = B_SPLINE_SURFACE_WITH_KNOTS('',1,1,(
    (#7477,#7478)
    ,(#7479,#7480
    )),.UNSPECIFIED.,.F.,.F.,.F.,(2,2),(2,2),(-2.239486292815,
    2.239486292815),(0.,1.),.PIECEWISE_BEZIER_KNOTS.);
#7477 = CARTESIAN_POINT('',(-24.92051370718,41.824486292815,1.8));
#7478 = CARTESIAN_POINT('',(-25.02,41.725,13.2));
#7479 = CARTESIAN_POINT('',(-29.39948629281,41.824486292815,1.8));
#7480 = CARTESIAN_POINT('',(-29.3,41.725,13.2));
#7481 = DEFINITIONAL_REPRESENTATION('',(#7482),#7488);
#7482 = B_SPLINE_CURVE_WITH_KNOTS('',4,(#7483,#7484,#7485,#7486,#7487),
  .UNSPECIFIED.,.F.,.F.,(5,5),(0.,1.),.PIECEWISE_BEZIER_KNOTS.);
#7483 = CARTESIAN_POINT('',(1.651810467922,0.103732245049));
#7484 = CARTESIAN_POINT('',(1.713123005048,0.327804666014));
#7485 = CARTESIAN_POINT('',(1.776069695727,0.551873673354));
#7486 = CARTESIAN_POINT('',(1.840748111955,0.775938928868));
#7487 = CARTESIAN_POINT('',(1.907273084174,1.));
#7488 = ( GEOMETRIC_REPRESENTATION_CONTEXT(2) 
PARAMETRIC_REPRESENTATION_CONTEXT() REPRESENTATION_CONTEXT('2D SPACE',''
  ) );
#7489 = ORIENTED_EDGE('',*,*,#7490,.F.);
#7490 = EDGE_CURVE('',#7491,#7457,#7493,.T.);
#7491 = VERTEX_POINT('',#7492);
#7492 = CARTESIAN_POINT('',(-28.98254493507,40.525,13.2));
#7493 = SURFACE_CURVE('',#7494,(#7498,#7504),.PCURVE_S1.);
#7494 = LINE('',#7495,#7496);
#7495 = CARTESIAN_POINT('',(-28.98254493507,20.2625,13.2));
#7496 = VECTOR('',#7497,1.);
#7497 = DIRECTION('',(0.,1.,-0.));
#7498 = PCURVE('',#5750,#7499);
#7499 = DEFINITIONAL_REPRESENTATION('',(#7500),#7503);
#7500 = B_SPLINE_CURVE_WITH_KNOTS('',1,(#7501,#7502),.UNSPECIFIED.,.F.,
  .F.,(2,2),(19.151506092971,21.551506092971),.PIECEWISE_BEZIER_KNOTS.);
#7501 = CARTESIAN_POINT('',(-39.41400609297,-1.000152328044));
#7502 = CARTESIAN_POINT('',(-41.81400609297,-1.000152328044));
#7503 = ( GEOMETRIC_REPRESENTATION_CONTEXT(2) 
PARAMETRIC_REPRESENTATION_CONTEXT() REPRESENTATION_CONTEXT('2D SPACE',''
  ) );
#7504 = PCURVE('',#7505,#7510);
#7505 = PLANE('',#7506);
#7506 = AXIS2_PLACEMENT_3D('',#7507,#7508,#7509);
#7507 = CARTESIAN_POINT('',(-29.3,40.525,13.2));
#7508 = DIRECTION('',(0.,0.,1.));
#7509 = DIRECTION('',(0.962870502626,0.269963692325,-0.));
#7510 = DEFINITIONAL_REPRESENTATION('',(#7511),#7514);
#7511 = B_SPLINE_CURVE_WITH_KNOTS('',1,(#7512,#7513),.UNSPECIFIED.,.F.,
  .F.,(2,2),(19.151506092971,21.551506092971),.PIECEWISE_BEZIER_KNOTS.);
#7512 = CARTESIAN_POINT('',(5.740100636299E-03,-1.155444603151));
#7513 = CARTESIAN_POINT('',(0.653652962216,1.155444603151));
#7514 = ( GEOMETRIC_REPRESENTATION_CONTEXT(2) 
PARAMETRIC_REPRESENTATION_CONTEXT() REPRESENTATION_CONTEXT('2D SPACE',''
  ) );
#7515 = ORIENTED_EDGE('',*,*,#7516,.F.);
#7516 = EDGE_CURVE('',#7517,#7491,#7519,.T.);
#7517 = VERTEX_POINT('',#7518);
#7518 = CARTESIAN_POINT('',(-28.80419863991,40.435833643691,
    2.982547593563));
#7519 = SURFACE_CURVE('',#7520,(#7526,#7535),.PCURVE_S1.);
#7520 = B_SPLINE_CURVE_WITH_KNOTS('',4,(#7521,#7522,#7523,#7524,#7525),
  .UNSPECIFIED.,.F.,.F.,(5,5),(0.,1.),.PIECEWISE_BEZIER_KNOTS.);
#7521 = CARTESIAN_POINT('',(-28.80419863991,40.435833643691,
    2.982547593563));
#7522 = CARTESIAN_POINT('',(-28.8487863046,40.458125778174,
    5.536973192564));
#7523 = CARTESIAN_POINT('',(-28.89337329001,40.480417573049,
    8.091359876235));
#7524 = CARTESIAN_POINT('',(-28.93795952886,40.502708994669,
    10.645703789095));
#7525 = CARTESIAN_POINT('',(-28.98254493507,40.525,13.2));
#7526 = PCURVE('',#5750,#7527);
#7527 = DEFINITIONAL_REPRESENTATION('',(#7528),#7534);
#7528 = B_SPLINE_CURVE_WITH_KNOTS('',4,(#7529,#7530,#7531,#7532,#7533),
  .UNSPECIFIED.,.F.,.F.,(5,5),(0.,1.),.PIECEWISE_BEZIER_KNOTS.);
#7529 = CARTESIAN_POINT('',(-40.43583364369,-11.21916113902));
#7530 = CARTESIAN_POINT('',(-40.45812577817,-8.664346429364));
#7531 = CARTESIAN_POINT('',(-40.48041757304,-6.109570640966));
#7532 = CARTESIAN_POINT('',(-40.50270899466,-3.554837629894));
#7533 = CARTESIAN_POINT('',(-40.525,-1.000152328044));
#7534 = ( GEOMETRIC_REPRESENTATION_CONTEXT(2) 
PARAMETRIC_REPRESENTATION_CONTEXT() REPRESENTATION_CONTEXT('2D SPACE',''
  ) );
#7535 = PCURVE('',#7536,#7541);
#7536 = B_SPLINE_SURFACE_WITH_KNOTS('',1,1,(
    (#7537,#7538)
    ,(#7539,#7540
    )),.UNSPECIFIED.,.F.,.F.,.F.,(2,2),(2,2),(-2.239486292815,
    2.239486292815),(0.,1.),.PIECEWISE_BEZIER_KNOTS.);
#7537 = CARTESIAN_POINT('',(-29.39948629281,40.425513707185,1.8));
#7538 = CARTESIAN_POINT('',(-29.3,40.525,13.2));
#7539 = CARTESIAN_POINT('',(-24.92051370718,40.425513707185,1.8));
#7540 = CARTESIAN_POINT('',(-25.02,40.525,13.2));
#7541 = DEFINITIONAL_REPRESENTATION('',(#7542),#7548);
#7542 = B_SPLINE_CURVE_WITH_KNOTS('',4,(#7543,#7544,#7545,#7546,#7547),
  .UNSPECIFIED.,.F.,.F.,(5,5),(0.,1.),.PIECEWISE_BEZIER_KNOTS.);
#7543 = CARTESIAN_POINT('',(-1.651810467922,0.103732245049));
#7544 = CARTESIAN_POINT('',(-1.713123005048,0.327804666014));
#7545 = CARTESIAN_POINT('',(-1.776069695727,0.551873673354));
#7546 = CARTESIAN_POINT('',(-1.840748111955,0.775938928868));
#7547 = CARTESIAN_POINT('',(-1.907273084174,1.));
#7548 = ( GEOMETRIC_REPRESENTATION_CONTEXT(2) 
PARAMETRIC_REPRESENTATION_CONTEXT() REPRESENTATION_CONTEXT('2D SPACE',''
  ) );
#7549 = ORIENTED_EDGE('',*,*,#7550,.F.);
#7550 = EDGE_CURVE('',#7551,#7517,#7553,.T.);
#7551 = VERTEX_POINT('',#7552);
#7552 = CARTESIAN_POINT('',(-28.80419863991,-2.185833643691,
    2.982547593563));
#7553 = SURFACE_CURVE('',#7554,(#7558,#7565),.PCURVE_S1.);
#7554 = LINE('',#7555,#7556);
#7555 = CARTESIAN_POINT('',(-28.80419863991,-49.,2.982547593563));
#7556 = VECTOR('',#7557,1.);
#7557 = DIRECTION('',(0.,1.,0.));
#7558 = PCURVE('',#5750,#7559);
#7559 = DEFINITIONAL_REPRESENTATION('',(#7560),#7564);
#7560 = LINE('',#7561,#7562);
#7561 = CARTESIAN_POINT('',(49.,-11.21916113902));
#7562 = VECTOR('',#7563,1.);
#7563 = DIRECTION('',(-1.,0.));
#7564 = ( GEOMETRIC_REPRESENTATION_CONTEXT(2) 
PARAMETRIC_REPRESENTATION_CONTEXT() REPRESENTATION_CONTEXT('2D SPACE',''
  ) );
#7565 = PCURVE('',#7566,#7571);
#7566 = CYLINDRICAL_SURFACE('',#7567,1.);
#7567 = AXIS2_PLACEMENT_3D('',#7568,#7569,#7570);
#7568 = CARTESIAN_POINT('',(-27.80435094476,-49.,3.));
#7569 = DIRECTION('',(0.,1.,0.));
#7570 = DIRECTION('',(-0.999847695156,0.,-1.745240643728E-02));
#7571 = DEFINITIONAL_REPRESENTATION('',(#7572),#7576);
#7572 = LINE('',#7573,#7574);
#7573 = CARTESIAN_POINT('',(-0.,0.));
#7574 = VECTOR('',#7575,1.);
#7575 = DIRECTION('',(-0.,1.));
#7576 = ( GEOMETRIC_REPRESENTATION_CONTEXT(2) 
PARAMETRIC_REPRESENTATION_CONTEXT() REPRESENTATION_CONTEXT('2D SPACE',''
  ) );
#7577 = ORIENTED_EDGE('',*,*,#7578,.T.);
#7578 = EDGE_CURVE('',#7551,#7579,#7581,.T.);
#7579 = VERTEX_POINT('',#7580);
#7580 = CARTESIAN_POINT('',(-28.98254493507,-2.275,13.2));
#7581 = SURFACE_CURVE('',#7582,(#7588,#7597),.PCURVE_S1.);
#7582 = B_SPLINE_CURVE_WITH_KNOTS('',4,(#7583,#7584,#7585,#7586,#7587),
  .UNSPECIFIED.,.F.,.F.,(5,5),(0.,1.),.PIECEWISE_BEZIER_KNOTS.);
#7583 = CARTESIAN_POINT('',(-28.80419863991,-2.185833643691,
    2.982547593563));
#7584 = CARTESIAN_POINT('',(-28.8487863046,-2.208125778174,
    5.536973192564));
#7585 = CARTESIAN_POINT('',(-28.89337329001,-2.230417573049,
    8.091359876235));
#7586 = CARTESIAN_POINT('',(-28.93795952886,-2.252708994669,
    10.645703789095));
#7587 = CARTESIAN_POINT('',(-28.98254493507,-2.275,13.2));
#7588 = PCURVE('',#5750,#7589);
#7589 = DEFINITIONAL_REPRESENTATION('',(#7590),#7596);
#7590 = B_SPLINE_CURVE_WITH_KNOTS('',4,(#7591,#7592,#7593,#7594,#7595),
  .UNSPECIFIED.,.F.,.F.,(5,5),(0.,1.),.PIECEWISE_BEZIER_KNOTS.);
#7591 = CARTESIAN_POINT('',(2.185833643691,-11.21916113902));
#7592 = CARTESIAN_POINT('',(2.208125778174,-8.664346429364));
#7593 = CARTESIAN_POINT('',(2.230417573049,-6.109570640966));
#7594 = CARTESIAN_POINT('',(2.252708994669,-3.554837629894));
#7595 = CARTESIAN_POINT('',(2.275,-1.000152328044));
#7596 = ( GEOMETRIC_REPRESENTATION_CONTEXT(2) 
PARAMETRIC_REPRESENTATION_CONTEXT() REPRESENTATION_CONTEXT('2D SPACE',''
  ) );
#7597 = PCURVE('',#7598,#7603);
#7598 = B_SPLINE_SURFACE_WITH_KNOTS('',1,1,(
    (#7599,#7600)
    ,(#7601,#7602
    )),.UNSPECIFIED.,.F.,.F.,.F.,(2,2),(2,2),(-2.239486292815,
    2.239486292815),(0.,1.),.PIECEWISE_BEZIER_KNOTS.);
#7599 = CARTESIAN_POINT('',(-24.92051370718,-2.175513707185,1.8));
#7600 = CARTESIAN_POINT('',(-25.02,-2.275,13.2));
#7601 = CARTESIAN_POINT('',(-29.39948629281,-2.175513707185,1.8));
#7602 = CARTESIAN_POINT('',(-29.3,-2.275,13.2));
#7603 = DEFINITIONAL_REPRESENTATION('',(#7604),#7610);
#7604 = B_SPLINE_CURVE_WITH_KNOTS('',4,(#7605,#7606,#7607,#7608,#7609),
  .UNSPECIFIED.,.F.,.F.,(5,5),(0.,1.),.PIECEWISE_BEZIER_KNOTS.);
#7605 = CARTESIAN_POINT('',(1.651810467922,0.103732245049));
#7606 = CARTESIAN_POINT('',(1.713123005048,0.327804666014));
#7607 = CARTESIAN_POINT('',(1.776069695727,0.551873673354));
#7608 = CARTESIAN_POINT('',(1.840748111955,0.775938928868));
#7609 = CARTESIAN_POINT('',(1.907273084174,1.));
#7610 = ( GEOMETRIC_REPRESENTATION_CONTEXT(2) 
PARAMETRIC_REPRESENTATION_CONTEXT() REPRESENTATION_CONTEXT('2D SPACE',''
  ) );
#7611 = ORIENTED_EDGE('',*,*,#7612,.F.);
#7612 = EDGE_CURVE('',#7613,#7579,#7615,.T.);
#7613 = VERTEX_POINT('',#7614);
#7614 = CARTESIAN_POINT('',(-28.98254493507,-3.475,13.2));
#7615 = SURFACE_CURVE('',#7616,(#7620,#7626),.PCURVE_S1.);
#7616 = LINE('',#7617,#7618);
#7617 = CARTESIAN_POINT('',(-28.98254493507,-1.7375,13.2));
#7618 = VECTOR('',#7619,1.);
#7619 = DIRECTION('',(0.,1.,-0.));
#7620 = PCURVE('',#5750,#7621);
#7621 = DEFINITIONAL_REPRESENTATION('',(#7622),#7625);
#7622 = B_SPLINE_CURVE_WITH_KNOTS('',1,(#7623,#7624),.UNSPECIFIED.,.F.,
  .F.,(2,2),(-2.848493907029,-0.448493907029),.PIECEWISE_BEZIER_KNOTS.);
#7623 = CARTESIAN_POINT('',(4.585993907029,-1.000152328044));
#7624 = CARTESIAN_POINT('',(2.185993907029,-1.000152328044));
#7625 = ( GEOMETRIC_REPRESENTATION_CONTEXT(2) 
PARAMETRIC_REPRESENTATION_CONTEXT() REPRESENTATION_CONTEXT('2D SPACE',''
  ) );
#7626 = PCURVE('',#7627,#7632);
#7627 = PLANE('',#7628);
#7628 = AXIS2_PLACEMENT_3D('',#7629,#7630,#7631);
#7629 = CARTESIAN_POINT('',(-29.3,-3.475,13.2));
#7630 = DIRECTION('',(0.,0.,1.));
#7631 = DIRECTION('',(0.962870502626,0.269963692325,-0.));
#7632 = DEFINITIONAL_REPRESENTATION('',(#7633),#7636);
#7633 = B_SPLINE_CURVE_WITH_KNOTS('',1,(#7634,#7635),.UNSPECIFIED.,.F.,
  .F.,(2,2),(-2.848493907029,-0.448493907029),.PIECEWISE_BEZIER_KNOTS.);
#7634 = CARTESIAN_POINT('',(5.740100636298E-03,-1.155444603151));
#7635 = CARTESIAN_POINT('',(0.653652962216,1.155444603151));
#7636 = ( GEOMETRIC_REPRESENTATION_CONTEXT(2) 
PARAMETRIC_REPRESENTATION_CONTEXT() REPRESENTATION_CONTEXT('2D SPACE',''
  ) );
#7637 = ORIENTED_EDGE('',*,*,#7638,.F.);
#7638 = EDGE_CURVE('',#7639,#7613,#7641,.T.);
#7639 = VERTEX_POINT('',#7640);
#7640 = CARTESIAN_POINT('',(-28.80419863991,-3.564166356309,
    2.982547593563));
#7641 = SURFACE_CURVE('',#7642,(#7648,#7657),.PCURVE_S1.);
#7642 = B_SPLINE_CURVE_WITH_KNOTS('',4,(#7643,#7644,#7645,#7646,#7647),
  .UNSPECIFIED.,.F.,.F.,(5,5),(0.,1.),.PIECEWISE_BEZIER_KNOTS.);
#7643 = CARTESIAN_POINT('',(-28.80419863991,-3.564166356309,
    2.982547593563));
#7644 = CARTESIAN_POINT('',(-28.8487863046,-3.541874221826,
    5.536973192564));
#7645 = CARTESIAN_POINT('',(-28.89337329001,-3.519582426951,
    8.091359876235));
#7646 = CARTESIAN_POINT('',(-28.93795952886,-3.497291005331,
    10.645703789095));
#7647 = CARTESIAN_POINT('',(-28.98254493507,-3.475,13.2));
#7648 = PCURVE('',#5750,#7649);
#7649 = DEFINITIONAL_REPRESENTATION('',(#7650),#7656);
#7650 = B_SPLINE_CURVE_WITH_KNOTS('',4,(#7651,#7652,#7653,#7654,#7655),
  .UNSPECIFIED.,.F.,.F.,(5,5),(0.,1.),.PIECEWISE_BEZIER_KNOTS.);
#7651 = CARTESIAN_POINT('',(3.564166356309,-11.21916113902));
#7652 = CARTESIAN_POINT('',(3.541874221826,-8.664346429364));
#7653 = CARTESIAN_POINT('',(3.519582426951,-6.109570640966));
#7654 = CARTESIAN_POINT('',(3.497291005331,-3.554837629894));
#7655 = CARTESIAN_POINT('',(3.475,-1.000152328044));
#7656 = ( GEOMETRIC_REPRESENTATION_CONTEXT(2) 
PARAMETRIC_REPRESENTATION_CONTEXT() REPRESENTATION_CONTEXT('2D SPACE',''
  ) );
#7657 = PCURVE('',#7658,#7663);
#7658 = B_SPLINE_SURFACE_WITH_KNOTS('',1,1,(
    (#7659,#7660)
    ,(#7661,#7662
    )),.UNSPECIFIED.,.F.,.F.,.F.,(2,2),(2,2),(-2.239486292815,
    2.239486292815),(0.,1.),.PIECEWISE_BEZIER_KNOTS.);
#7659 = CARTESIAN_POINT('',(-29.39948629281,-3.574486292815,1.8));
#7660 = CARTESIAN_POINT('',(-29.3,-3.475,13.2));
#7661 = CARTESIAN_POINT('',(-24.92051370718,-3.574486292815,1.8));
#7662 = CARTESIAN_POINT('',(-25.02,-3.475,13.2));
#7663 = DEFINITIONAL_REPRESENTATION('',(#7664),#7670);
#7664 = B_SPLINE_CURVE_WITH_KNOTS('',4,(#7665,#7666,#7667,#7668,#7669),
  .UNSPECIFIED.,.F.,.F.,(5,5),(0.,1.),.PIECEWISE_BEZIER_KNOTS.);
#7665 = CARTESIAN_POINT('',(-1.651810467922,0.103732245049));
#7666 = CARTESIAN_POINT('',(-1.713123005048,0.327804666014));
#7667 = CARTESIAN_POINT('',(-1.776069695727,0.551873673354));
#7668 = CARTESIAN_POINT('',(-1.840748111955,0.775938928868));
#7669 = CARTESIAN_POINT('',(-1.907273084174,1.));
#7670 = ( GEOMETRIC_REPRESENTATION_CONTEXT(2) 
PARAMETRIC_REPRESENTATION_CONTEXT() REPRESENTATION_CONTEXT('2D SPACE',''
  ) );
#7671 = ORIENTED_EDGE('',*,*,#7672,.F.);
#7672 = EDGE_CURVE('',#7673,#7639,#7675,.T.);
#7673 = VERTEX_POINT('',#7674);
#7674 = CARTESIAN_POINT('',(-28.80419863991,-15.38748648841,
    2.982547593563));
#7675 = SURFACE_CURVE('',#7676,(#7680,#7687),.PCURVE_S1.);
#7676 = LINE('',#7677,#7678);
#7677 = CARTESIAN_POINT('',(-28.80419863991,-49.,2.982547593563));
#7678 = VECTOR('',#7679,1.);
#7679 = DIRECTION('',(0.,1.,0.));
#7680 = PCURVE('',#5750,#7681);
#7681 = DEFINITIONAL_REPRESENTATION('',(#7682),#7686);
#7682 = LINE('',#7683,#7684);
#7683 = CARTESIAN_POINT('',(49.,-11.21916113902));
#7684 = VECTOR('',#7685,1.);
#7685 = DIRECTION('',(-1.,0.));
#7686 = ( GEOMETRIC_REPRESENTATION_CONTEXT(2) 
PARAMETRIC_REPRESENTATION_CONTEXT() REPRESENTATION_CONTEXT('2D SPACE',''
  ) );
#7687 = PCURVE('',#7688,#7693);
#7688 = CYLINDRICAL_SURFACE('',#7689,1.);
#7689 = AXIS2_PLACEMENT_3D('',#7690,#7691,#7692);
#7690 = CARTESIAN_POINT('',(-27.80435094476,-49.,3.));
#7691 = DIRECTION('',(0.,1.,0.));
#7692 = DIRECTION('',(-0.999847695156,0.,-1.745240643728E-02));
#7693 = DEFINITIONAL_REPRESENTATION('',(#7694),#7698);
#7694 = LINE('',#7695,#7696);
#7695 = CARTESIAN_POINT('',(-0.,0.));
#7696 = VECTOR('',#7697,1.);
#7697 = DIRECTION('',(-0.,1.));
#7698 = ( GEOMETRIC_REPRESENTATION_CONTEXT(2) 
PARAMETRIC_REPRESENTATION_CONTEXT() REPRESENTATION_CONTEXT('2D SPACE',''
  ) );
#7699 = ORIENTED_EDGE('',*,*,#7700,.T.);
#7700 = EDGE_CURVE('',#7673,#7701,#7703,.T.);
#7701 = VERTEX_POINT('',#7702);
#7702 = CARTESIAN_POINT('',(-28.90923366237,-15.44,9.));
#7703 = SURFACE_CURVE('',#7704,(#7710,#7719),.PCURVE_S1.);
#7704 = B_SPLINE_CURVE_WITH_KNOTS('',4,(#7705,#7706,#7707,#7708,#7709),
  .UNSPECIFIED.,.F.,.F.,(5,5),(0.,1.),.PIECEWISE_BEZIER_KNOTS.);
#7705 = CARTESIAN_POINT('',(-28.80419863991,-15.38748648841,
    2.982547593563));
#7706 = CARTESIAN_POINT('',(-28.8304577038,-15.40061502043,
    4.486928355985));
#7707 = CARTESIAN_POINT('',(-28.85671656874,-15.41374345299,
    5.991297721281));
#7708 = CARTESIAN_POINT('',(-28.88297522519,-15.4268717813,
    7.495655141273));
#7709 = CARTESIAN_POINT('',(-28.90923366237,-15.44,9.));
#7710 = PCURVE('',#5750,#7711);
#7711 = DEFINITIONAL_REPRESENTATION('',(#7712),#7718);
#7712 = B_SPLINE_CURVE_WITH_KNOTS('',4,(#7713,#7714,#7715,#7716,#7717),
  .UNSPECIFIED.,.F.,.F.,(5,5),(0.,1.),.PIECEWISE_BEZIER_KNOTS.);
#7713 = CARTESIAN_POINT('',(15.387486488412,-11.21916113902));
#7714 = CARTESIAN_POINT('',(15.400615020432,-9.714551217219));
#7715 = CARTESIAN_POINT('',(15.413743452992,-8.20995269428));
#7716 = CARTESIAN_POINT('',(15.426871781306,-6.705366118465));
#7717 = CARTESIAN_POINT('',(15.44,-5.200792105828));
#7718 = ( GEOMETRIC_REPRESENTATION_CONTEXT(2) 
PARAMETRIC_REPRESENTATION_CONTEXT() REPRESENTATION_CONTEXT('2D SPACE',''
  ) );
#7719 = PCURVE('',#7720,#7725);
#7720 = B_SPLINE_SURFACE_WITH_KNOTS('',1,1,(
    (#7721,#7722)
    ,(#7723,#7724
    )),.UNSPECIFIED.,.F.,.F.,.F.,(2,2),(2,2),(-2.732833448093,
    2.732833448093),(0.,1.),.PIECEWISE_BEZIER_KNOTS.);
#7721 = CARTESIAN_POINT('',(-23.8971665519,-15.3771665519,1.8));
#7722 = CARTESIAN_POINT('',(-23.96,-15.44,9.));
#7723 = CARTESIAN_POINT('',(-29.36283344809,-15.3771665519,1.8));
#7724 = CARTESIAN_POINT('',(-29.3,-15.44,9.));
#7725 = DEFINITIONAL_REPRESENTATION('',(#7726),#7732);
#7726 = B_SPLINE_CURVE_WITH_KNOTS('',4,(#7727,#7728,#7729,#7730,#7731),
  .UNSPECIFIED.,.F.,.F.,(5,5),(0.,1.),.PIECEWISE_BEZIER_KNOTS.);
#7727 = CARTESIAN_POINT('',(2.182440139493,0.164242721328));
#7728 = CARTESIAN_POINT('',(2.219322925539,0.373184493887));
#7729 = CARTESIAN_POINT('',(2.25667971635,0.582124683511));
#7730 = CARTESIAN_POINT('',(2.294524198649,0.791063214066));
#7731 = CARTESIAN_POINT('',(2.332871156762,1.));
#7732 = ( GEOMETRIC_REPRESENTATION_CONTEXT(2) 
PARAMETRIC_REPRESENTATION_CONTEXT() REPRESENTATION_CONTEXT('2D SPACE',''
  ) );
#7733 = ORIENTED_EDGE('',*,*,#7734,.F.);
#7734 = EDGE_CURVE('',#7735,#7701,#7737,.T.);
#7735 = VERTEX_POINT('',#7736);
#7736 = CARTESIAN_POINT('',(-28.90923366237,-16.44,9.));
#7737 = SURFACE_CURVE('',#7738,(#7742,#7748),.PCURVE_S1.);
#7738 = LINE('',#7739,#7740);
#7739 = CARTESIAN_POINT('',(-28.90923366237,-8.22,9.));
#7740 = VECTOR('',#7741,1.);
#7741 = DIRECTION('',(0.,1.,-0.));
#7742 = PCURVE('',#5750,#7743);
#7743 = DEFINITIONAL_REPRESENTATION('',(#7744),#7747);
#7744 = B_SPLINE_CURVE_WITH_KNOTS('',1,(#7745,#7746),.UNSPECIFIED.,.F.,
  .F.,(2,2),(-9.146822783216,-7.146822783216),.PIECEWISE_BEZIER_KNOTS.);
#7745 = CARTESIAN_POINT('',(17.366822783216,-5.200792105828));
#7746 = CARTESIAN_POINT('',(15.366822783216,-5.200792105828));
#7747 = ( GEOMETRIC_REPRESENTATION_CONTEXT(2) 
PARAMETRIC_REPRESENTATION_CONTEXT() REPRESENTATION_CONTEXT('2D SPACE',''
  ) );
#7748 = PCURVE('',#7749,#7754);
#7749 = PLANE('',#7750);
#7750 = AXIS2_PLACEMENT_3D('',#7751,#7752,#7753);
#7751 = CARTESIAN_POINT('',(-29.3,-16.44,9.));
#7752 = DIRECTION('',(0.,0.,1.));
#7753 = DIRECTION('',(0.982913837182,0.184066261645,-0.));
#7754 = DEFINITIONAL_REPRESENTATION('',(#7755),#7758);
#7755 = B_SPLINE_CURVE_WITH_KNOTS('',1,(#7756,#7757),.UNSPECIFIED.,.F.,
  .F.,(2,2),(-9.146822783216,-7.146822783216),.PIECEWISE_BEZIER_KNOTS.);
#7756 = CARTESIAN_POINT('',(0.213492835445,-0.982913837182));
#7757 = CARTESIAN_POINT('',(0.581625358734,0.982913837182));
#7758 = ( GEOMETRIC_REPRESENTATION_CONTEXT(2) 
PARAMETRIC_REPRESENTATION_CONTEXT() REPRESENTATION_CONTEXT('2D SPACE',''
  ) );
#7759 = ORIENTED_EDGE('',*,*,#7760,.F.);
#7760 = EDGE_CURVE('',#7761,#7735,#7763,.T.);
#7761 = VERTEX_POINT('',#7762);
#7762 = CARTESIAN_POINT('',(-28.80419863991,-16.49251351158,
    2.982547593563));
#7763 = SURFACE_CURVE('',#7764,(#7770,#7779),.PCURVE_S1.);
#7764 = B_SPLINE_CURVE_WITH_KNOTS('',4,(#7765,#7766,#7767,#7768,#7769),
  .UNSPECIFIED.,.F.,.F.,(5,5),(0.,1.),.PIECEWISE_BEZIER_KNOTS.);
#7765 = CARTESIAN_POINT('',(-28.80419863991,-16.49251351158,
    2.982547593563));
#7766 = CARTESIAN_POINT('',(-28.8304577038,-16.47938497956,
    4.486928355985));
#7767 = CARTESIAN_POINT('',(-28.85671656874,-16.466256547,5.991297721281
    ));
#7768 = CARTESIAN_POINT('',(-28.88297522519,-16.45312821869,
    7.495655141273));
#7769 = CARTESIAN_POINT('',(-28.90923366237,-16.44,9.));
#7770 = PCURVE('',#5750,#7771);
#7771 = DEFINITIONAL_REPRESENTATION('',(#7772),#7778);
#7772 = B_SPLINE_CURVE_WITH_KNOTS('',4,(#7773,#7774,#7775,#7776,#7777),
  .UNSPECIFIED.,.F.,.F.,(5,5),(0.,1.),.PIECEWISE_BEZIER_KNOTS.);
#7773 = CARTESIAN_POINT('',(16.492513511588,-11.21916113902));
#7774 = CARTESIAN_POINT('',(16.479384979568,-9.714551217219));
#7775 = CARTESIAN_POINT('',(16.466256547008,-8.20995269428));
#7776 = CARTESIAN_POINT('',(16.453128218694,-6.705366118465));
#7777 = CARTESIAN_POINT('',(16.44,-5.200792105828));
#7778 = ( GEOMETRIC_REPRESENTATION_CONTEXT(2) 
PARAMETRIC_REPRESENTATION_CONTEXT() REPRESENTATION_CONTEXT('2D SPACE',''
  ) );
#7779 = PCURVE('',#7780,#7785);
#7780 = B_SPLINE_SURFACE_WITH_KNOTS('',1,1,(
    (#7781,#7782)
    ,(#7783,#7784
    )),.UNSPECIFIED.,.F.,.F.,.F.,(2,2),(2,2),(-2.732833448093,
    2.732833448093),(0.,1.),.PIECEWISE_BEZIER_KNOTS.);
#7781 = CARTESIAN_POINT('',(-29.36283344809,-16.50283344809,1.8));
#7782 = CARTESIAN_POINT('',(-29.3,-16.44,9.));
#7783 = CARTESIAN_POINT('',(-23.8971665519,-16.50283344809,1.8));
#7784 = CARTESIAN_POINT('',(-23.96,-16.44,9.));
#7785 = DEFINITIONAL_REPRESENTATION('',(#7786),#7792);
#7786 = B_SPLINE_CURVE_WITH_KNOTS('',4,(#7787,#7788,#7789,#7790,#7791),
  .UNSPECIFIED.,.F.,.F.,(5,5),(0.,1.),.PIECEWISE_BEZIER_KNOTS.);
#7787 = CARTESIAN_POINT('',(-2.182440139493,0.164242721328));
#7788 = CARTESIAN_POINT('',(-2.219322925539,0.373184493887));
#7789 = CARTESIAN_POINT('',(-2.25667971635,0.582124683511));
#7790 = CARTESIAN_POINT('',(-2.294524198649,0.791063214066));
#7791 = CARTESIAN_POINT('',(-2.332871156762,1.));
#7792 = ( GEOMETRIC_REPRESENTATION_CONTEXT(2) 
PARAMETRIC_REPRESENTATION_CONTEXT() REPRESENTATION_CONTEXT('2D SPACE',''
  ) );
#7793 = ORIENTED_EDGE('',*,*,#7794,.F.);
#7794 = EDGE_CURVE('',#7795,#7761,#7797,.T.);
#7795 = VERTEX_POINT('',#7796);
#7796 = CARTESIAN_POINT('',(-28.80419863991,-44.42828737927,
    2.982547593563));
#7797 = SURFACE_CURVE('',#7798,(#7802,#7809),.PCURVE_S1.);
#7798 = LINE('',#7799,#7800);
#7799 = CARTESIAN_POINT('',(-28.80419863991,-49.,2.982547593563));
#7800 = VECTOR('',#7801,1.);
#7801 = DIRECTION('',(0.,1.,0.));
#7802 = PCURVE('',#5750,#7803);
#7803 = DEFINITIONAL_REPRESENTATION('',(#7804),#7808);
#7804 = LINE('',#7805,#7806);
#7805 = CARTESIAN_POINT('',(49.,-11.21916113902));
#7806 = VECTOR('',#7807,1.);
#7807 = DIRECTION('',(-1.,0.));
#7808 = ( GEOMETRIC_REPRESENTATION_CONTEXT(2) 
PARAMETRIC_REPRESENTATION_CONTEXT() REPRESENTATION_CONTEXT('2D SPACE',''
  ) );
#7809 = PCURVE('',#7810,#7815);
#7810 = CYLINDRICAL_SURFACE('',#7811,1.);
#7811 = AXIS2_PLACEMENT_3D('',#7812,#7813,#7814);
#7812 = CARTESIAN_POINT('',(-27.80435094476,-49.,3.));
#7813 = DIRECTION('',(0.,1.,0.));
#7814 = DIRECTION('',(-0.999847695156,0.,-1.745240643728E-02));
#7815 = DEFINITIONAL_REPRESENTATION('',(#7816),#7820);
#7816 = LINE('',#7817,#7818);
#7817 = CARTESIAN_POINT('',(-0.,0.));
#7818 = VECTOR('',#7819,1.);
#7819 = DIRECTION('',(-0.,1.));
#7820 = ( GEOMETRIC_REPRESENTATION_CONTEXT(2) 
PARAMETRIC_REPRESENTATION_CONTEXT() REPRESENTATION_CONTEXT('2D SPACE',''
  ) );
#7821 = ORIENTED_EDGE('',*,*,#7822,.T.);
#7822 = EDGE_CURVE('',#7795,#7823,#7825,.T.);
#7823 = VERTEX_POINT('',#7824);
#7824 = CARTESIAN_POINT('',(-28.94763480521,-44.5,11.2));
#7825 = SURFACE_CURVE('',#7826,(#7832,#7841),.PCURVE_S1.);
#7826 = B_SPLINE_CURVE_WITH_KNOTS('',4,(#7827,#7828,#7829,#7830,#7831),
  .UNSPECIFIED.,.F.,.F.,(5,5),(0.,1.),.PIECEWISE_BEZIER_KNOTS.);
#7827 = CARTESIAN_POINT('',(-28.80419863991,-44.42828737927,
    2.982547593563));
#7828 = CARTESIAN_POINT('',(-28.84005815465,-44.44621577114,
    5.036937817034));
#7829 = CARTESIAN_POINT('',(-28.87591736475,-44.4641440107,
    7.091310587644));
#7830 = CARTESIAN_POINT('',(-28.91177625429,-44.48207209,9.145664993663)
  );
#7831 = CARTESIAN_POINT('',(-28.94763480521,-44.5,11.2));
#7832 = PCURVE('',#5750,#7833);
#7833 = DEFINITIONAL_REPRESENTATION('',(#7834),#7840);
#7834 = B_SPLINE_CURVE_WITH_KNOTS('',4,(#7835,#7836,#7837,#7838,#7839),
  .UNSPECIFIED.,.F.,.F.,(5,5),(0.,1.),.PIECEWISE_BEZIER_KNOTS.);
#7835 = CARTESIAN_POINT('',(44.428287379272,-11.21916113902));
#7836 = CARTESIAN_POINT('',(44.446215771143,-9.164457974305));
#7837 = CARTESIAN_POINT('',(44.464144010705,-7.109772265109));
#7838 = CARTESIAN_POINT('',(44.482072090002,-5.055104923301));
#7839 = CARTESIAN_POINT('',(44.5,-3.000456984132));
#7840 = ( GEOMETRIC_REPRESENTATION_CONTEXT(2) 
PARAMETRIC_REPRESENTATION_CONTEXT() REPRESENTATION_CONTEXT('2D SPACE',''
  ) );
#7841 = PCURVE('',#7842,#7847);
#7842 = B_SPLINE_SURFACE_WITH_KNOTS('',1,1,(
    (#7843,#7844)
    ,(#7845,#7846
    )),.UNSPECIFIED.,.F.,.F.,.F.,(2,2),(2,2),(-3.432032557233,
    3.432032557233),(0.,1.),.PIECEWISE_BEZIER_KNOTS.);
#7843 = CARTESIAN_POINT('',(-22.51796744276,-44.41796744276,1.8));
#7844 = CARTESIAN_POINT('',(-22.6,-44.5,11.2));
#7845 = CARTESIAN_POINT('',(-29.38203255723,-44.41796744276,1.8));
#7846 = CARTESIAN_POINT('',(-29.3,-44.5,11.2));
#7847 = DEFINITIONAL_REPRESENTATION('',(#7848),#7854);
#7848 = B_SPLINE_CURVE_WITH_KNOTS('',4,(#7849,#7850,#7851,#7852,#7853),
  .UNSPECIFIED.,.F.,.F.,(5,5),(0.,1.),.PIECEWISE_BEZIER_KNOTS.);
#7849 = CARTESIAN_POINT('',(2.862806946641,0.125802935485));
#7850 = CARTESIAN_POINT('',(2.913774566132,0.344355086918));
#7851 = CARTESIAN_POINT('',(2.96545388669,0.562905381664));
#7852 = CARTESIAN_POINT('',(3.017867230851,0.78145372273));
#7853 = CARTESIAN_POINT('',(3.071038879461,1.));
#7854 = ( GEOMETRIC_REPRESENTATION_CONTEXT(2) 
PARAMETRIC_REPRESENTATION_CONTEXT() REPRESENTATION_CONTEXT('2D SPACE',''
  ) );
#7855 = ORIENTED_EDGE('',*,*,#7856,.F.);
#7856 = EDGE_CURVE('',#7857,#7823,#7859,.T.);
#7857 = VERTEX_POINT('',#7858);
#7858 = CARTESIAN_POINT('',(-28.94763480521,-45.5,11.2));
#7859 = SURFACE_CURVE('',#7860,(#7864,#7870),.PCURVE_S1.);
#7860 = LINE('',#7861,#7862);
#7861 = CARTESIAN_POINT('',(-28.94763480521,-22.75,11.2));
#7862 = VECTOR('',#7863,1.);
#7863 = DIRECTION('',(0.,1.,-0.));
#7864 = PCURVE('',#5750,#7865);
#7865 = DEFINITIONAL_REPRESENTATION('',(#7866),#7869);
#7866 = B_SPLINE_CURVE_WITH_KNOTS('',1,(#7867,#7868),.UNSPECIFIED.,.F.,
  .F.,(2,2),(-23.69740817988,-21.69740817988),.PIECEWISE_BEZIER_KNOTS.);
#7867 = CARTESIAN_POINT('',(46.447408179883,-3.000456984132));
#7868 = CARTESIAN_POINT('',(44.447408179883,-3.000456984132));
#7869 = ( GEOMETRIC_REPRESENTATION_CONTEXT(2) 
PARAMETRIC_REPRESENTATION_CONTEXT() REPRESENTATION_CONTEXT('2D SPACE',''
  ) );
#7870 = PCURVE('',#7871,#7876);
#7871 = PLANE('',#7872);
#7872 = AXIS2_PLACEMENT_3D('',#7873,#7874,#7875);
#7873 = CARTESIAN_POINT('',(-29.3,-45.5,11.2));
#7874 = DIRECTION('',(0.,0.,1.));
#7875 = DIRECTION('',(0.989044367093,0.147618562253,-0.));
#7876 = DEFINITIONAL_REPRESENTATION('',(#7877),#7880);
#7877 = B_SPLINE_CURVE_WITH_KNOTS('',1,(#7878,#7879),.UNSPECIFIED.,.F.,
  .F.,(2,2),(-23.69740817988,-21.69740817988),.PIECEWISE_BEZIER_KNOTS.);
#7878 = CARTESIAN_POINT('',(0.208649777681,-0.989044367093));
#7879 = CARTESIAN_POINT('',(0.503886902186,0.989044367093));
#7880 = ( GEOMETRIC_REPRESENTATION_CONTEXT(2) 
PARAMETRIC_REPRESENTATION_CONTEXT() REPRESENTATION_CONTEXT('2D SPACE',''
  ) );
#7881 = ORIENTED_EDGE('',*,*,#7882,.F.);
#7882 = EDGE_CURVE('',#7381,#7857,#7883,.T.);
#7883 = SURFACE_CURVE('',#7884,(#7890,#7899),.PCURVE_S1.);
#7884 = B_SPLINE_CURVE_WITH_KNOTS('',4,(#7885,#7886,#7887,#7888,#7889),
  .UNSPECIFIED.,.F.,.F.,(5,5),(0.,1.),.PIECEWISE_BEZIER_KNOTS.);
#7885 = CARTESIAN_POINT('',(-28.80419863991,-45.57171262072,
    2.982547593563));
#7886 = CARTESIAN_POINT('',(-28.84005815465,-45.55378422885,
    5.036937817034));
#7887 = CARTESIAN_POINT('',(-28.87591736475,-45.53585598929,
    7.091310587643));
#7888 = CARTESIAN_POINT('',(-28.91177625429,-45.51792790999,
    9.145664993664));
#7889 = CARTESIAN_POINT('',(-28.94763480521,-45.5,11.2));
#7890 = PCURVE('',#5750,#7891);
#7891 = DEFINITIONAL_REPRESENTATION('',(#7892),#7898);
#7892 = B_SPLINE_CURVE_WITH_KNOTS('',4,(#7893,#7894,#7895,#7896,#7897),
  .UNSPECIFIED.,.F.,.F.,(5,5),(0.,1.),.PIECEWISE_BEZIER_KNOTS.);
#7893 = CARTESIAN_POINT('',(45.571712620728,-11.21916113902));
#7894 = CARTESIAN_POINT('',(45.553784228857,-9.164457974305));
#7895 = CARTESIAN_POINT('',(45.535855989295,-7.10977226511));
#7896 = CARTESIAN_POINT('',(45.517927909998,-5.055104923301));
#7897 = CARTESIAN_POINT('',(45.5,-3.000456984132));
#7898 = ( GEOMETRIC_REPRESENTATION_CONTEXT(2) 
PARAMETRIC_REPRESENTATION_CONTEXT() REPRESENTATION_CONTEXT('2D SPACE',''
  ) );
#7899 = PCURVE('',#7900,#7905);
#7900 = B_SPLINE_SURFACE_WITH_KNOTS('',1,1,(
    (#7901,#7902)
    ,(#7903,#7904
    )),.UNSPECIFIED.,.F.,.F.,.F.,(2,2),(2,2),(-3.432032557233,
    3.432032557233),(0.,1.),.PIECEWISE_BEZIER_KNOTS.);
#7901 = CARTESIAN_POINT('',(-29.38203255723,-45.58203255723,1.8));
#7902 = CARTESIAN_POINT('',(-29.3,-45.5,11.2));
#7903 = CARTESIAN_POINT('',(-22.51796744276,-45.58203255723,1.8));
#7904 = CARTESIAN_POINT('',(-22.6,-45.5,11.2));
#7905 = DEFINITIONAL_REPRESENTATION('',(#7906),#7912);
#7906 = B_SPLINE_CURVE_WITH_KNOTS('',4,(#7907,#7908,#7909,#7910,#7911),
  .UNSPECIFIED.,.F.,.F.,(5,5),(0.,1.),.PIECEWISE_BEZIER_KNOTS.);
#7907 = CARTESIAN_POINT('',(-2.862806946641,0.125802935485));
#7908 = CARTESIAN_POINT('',(-2.913774566132,0.344355086919));
#7909 = CARTESIAN_POINT('',(-2.96545388669,0.562905381664));
#7910 = CARTESIAN_POINT('',(-3.017867230851,0.78145372273));
#7911 = CARTESIAN_POINT('',(-3.071038879461,1.));
#7912 = ( GEOMETRIC_REPRESENTATION_CONTEXT(2) 
PARAMETRIC_REPRESENTATION_CONTEXT() REPRESENTATION_CONTEXT('2D SPACE',''
  ) );
#7913 = ADVANCED_FACE('',(#7914),#5724,.F.);
#7914 = FACE_BOUND('',#7915,.F.);
#7915 = EDGE_LOOP('',(#7916,#7917,#7918,#7919));
#7916 = ORIENTED_EDGE('',*,*,#6234,.T.);
#7917 = ORIENTED_EDGE('',*,*,#5707,.F.);
#7918 = ORIENTED_EDGE('',*,*,#7408,.F.);
#7919 = ORIENTED_EDGE('',*,*,#7920,.F.);
#7920 = EDGE_CURVE('',#6153,#7379,#7921,.T.);
#7921 = SURFACE_CURVE('',#7922,(#7927,#7934),.PCURVE_S1.);
#7922 = CIRCLE('',#7923,9.804198639916);
#7923 = AXIS2_PLACEMENT_3D('',#7924,#7925,#7926);
#7924 = CARTESIAN_POINT('',(-19.,-49.,2.982547593563));
#7925 = DIRECTION('',(-0.,0.,-1.));
#7926 = DIRECTION('',(-3.630015509622E-16,-1.,0.));
#7927 = PCURVE('',#5724,#7928);
#7928 = DEFINITIONAL_REPRESENTATION('',(#7929),#7933);
#7929 = LINE('',#7930,#7931);
#7930 = CARTESIAN_POINT('',(4.712388980385,0.982547593563));
#7931 = VECTOR('',#7932,1.);
#7932 = DIRECTION('',(-1.,-0.));
#7933 = ( GEOMETRIC_REPRESENTATION_CONTEXT(2) 
PARAMETRIC_REPRESENTATION_CONTEXT() REPRESENTATION_CONTEXT('2D SPACE',''
  ) );
#7934 = PCURVE('',#7935,#7940);
#7935 = TOROIDAL_SURFACE('',#7936,8.80435094476,1.);
#7936 = AXIS2_PLACEMENT_3D('',#7937,#7938,#7939);
#7937 = CARTESIAN_POINT('',(-19.,-49.,3.));
#7938 = DIRECTION('',(-0.,-0.,-1.));
#7939 = DIRECTION('',(-3.630015509622E-16,-1.,0.));
#7940 = DEFINITIONAL_REPRESENTATION('',(#7941),#7945);
#7941 = LINE('',#7942,#7943);
#7942 = CARTESIAN_POINT('',(0.,1.745329251994E-02));
#7943 = VECTOR('',#7944,1.);
#7944 = DIRECTION('',(1.,0.));
#7945 = ( GEOMETRIC_REPRESENTATION_CONTEXT(2) 
PARAMETRIC_REPRESENTATION_CONTEXT() REPRESENTATION_CONTEXT('2D SPACE',''
  ) );
#7946 = ADVANCED_FACE('',(#7947),#5783,.F.);
#7947 = FACE_BOUND('',#7948,.T.);
#7948 = EDGE_LOOP('',(#7949,#7950,#7972,#8000));
#7949 = ORIENTED_EDGE('',*,*,#5765,.F.);
#7950 = ORIENTED_EDGE('',*,*,#7951,.T.);
#7951 = EDGE_CURVE('',#5766,#7952,#7954,.T.);
#7952 = VERTEX_POINT('',#7953);
#7953 = CARTESIAN_POINT('',(-19.,57.80435094476,2.));
#7954 = SURFACE_CURVE('',#7955,(#7960,#7966),.PCURVE_S1.);
#7955 = CIRCLE('',#7956,1.);
#7956 = AXIS2_PLACEMENT_3D('',#7957,#7958,#7959);
#7957 = CARTESIAN_POINT('',(-19.,57.80435094476,3.));
#7958 = DIRECTION('',(-1.,-6.123233995737E-17,0.));
#7959 = DIRECTION('',(-6.123233995737E-17,1.,0.));
#7960 = PCURVE('',#5783,#7961);
#7961 = DEFINITIONAL_REPRESENTATION('',(#7962),#7965);
#7962 = B_SPLINE_CURVE_WITH_KNOTS('',1,(#7963,#7964),.UNSPECIFIED.,.F.,
  .F.,(2,2),(1.745329251994E-02,1.570796326795),
  .PIECEWISE_BEZIER_KNOTS.);
#7963 = CARTESIAN_POINT('',(0.,0.));
#7964 = CARTESIAN_POINT('',(-1.553343034275,0.));
#7965 = ( GEOMETRIC_REPRESENTATION_CONTEXT(2) 
PARAMETRIC_REPRESENTATION_CONTEXT() REPRESENTATION_CONTEXT('2D SPACE',''
  ) );
#7966 = PCURVE('',#7363,#7967);
#7967 = DEFINITIONAL_REPRESENTATION('',(#7968),#7971);
#7968 = B_SPLINE_CURVE_WITH_KNOTS('',1,(#7969,#7970),.UNSPECIFIED.,.F.,
  .F.,(2,2),(1.745329251994E-02,1.570796326795),
  .PIECEWISE_BEZIER_KNOTS.);
#7969 = CARTESIAN_POINT('',(1.570796326795,1.745329251994E-02));
#7970 = CARTESIAN_POINT('',(1.570796326795,1.570796326795));
#7971 = ( GEOMETRIC_REPRESENTATION_CONTEXT(2) 
PARAMETRIC_REPRESENTATION_CONTEXT() REPRESENTATION_CONTEXT('2D SPACE',''
  ) );
#7972 = ORIENTED_EDGE('',*,*,#7973,.T.);
#7973 = EDGE_CURVE('',#7952,#7974,#7976,.T.);
#7974 = VERTEX_POINT('',#7975);
#7975 = CARTESIAN_POINT('',(-12.69774091925,57.80435094476,2.));
#7976 = SURFACE_CURVE('',#7977,(#7981,#7988),.PCURVE_S1.);
#7977 = LINE('',#7978,#7979);
#7978 = CARTESIAN_POINT('',(-19.,57.80435094476,2.));
#7979 = VECTOR('',#7980,1.);
#7980 = DIRECTION('',(1.,0.,0.));
#7981 = PCURVE('',#5783,#7982);
#7982 = DEFINITIONAL_REPRESENTATION('',(#7983),#7987);
#7983 = LINE('',#7984,#7985);
#7984 = CARTESIAN_POINT('',(-1.553343034275,0.));
#7985 = VECTOR('',#7986,1.);
#7986 = DIRECTION('',(-0.,1.));
#7987 = ( GEOMETRIC_REPRESENTATION_CONTEXT(2) 
PARAMETRIC_REPRESENTATION_CONTEXT() REPRESENTATION_CONTEXT('2D SPACE',''
  ) );
#7988 = PCURVE('',#7989,#7994);
#7989 = PLANE('',#7990);
#7990 = AXIS2_PLACEMENT_3D('',#7991,#7992,#7993);
#7991 = CARTESIAN_POINT('',(-19.,49.,2.));
#7992 = DIRECTION('',(0.,0.,1.));
#7993 = DIRECTION('',(1.,0.,0.));
#7994 = DEFINITIONAL_REPRESENTATION('',(#7995),#7999);
#7995 = LINE('',#7996,#7997);
#7996 = CARTESIAN_POINT('',(0.,8.80435094476));
#7997 = VECTOR('',#7998,1.);
#7998 = DIRECTION('',(1.,0.));
#7999 = ( GEOMETRIC_REPRESENTATION_CONTEXT(2) 
PARAMETRIC_REPRESENTATION_CONTEXT() REPRESENTATION_CONTEXT('2D SPACE',''
  ) );
#8000 = ORIENTED_EDGE('',*,*,#8001,.T.);
#8001 = EDGE_CURVE('',#7974,#5768,#8002,.T.);
#8002 = SURFACE_CURVE('',#8003,(#8018,#8036),.PCURVE_S1.);
#8003 = B_SPLINE_CURVE_WITH_KNOTS('',7,(#8004,#8005,#8006,#8007,#8008,
    #8009,#8010,#8011,#8012,#8013,#8014,#8015,#8016,#8017),
  .UNSPECIFIED.,.F.,.F.,(8,6,8),(0.,0.623982343416,1.),.UNSPECIFIED.);
#8004 = CARTESIAN_POINT('',(-12.69774091925,57.80435094476,2.));
#8005 = CARTESIAN_POINT('',(-12.69774091925,57.930669247485,
    2.000000000001));
#8006 = CARTESIAN_POINT('',(-12.69757846929,58.056767697001,
    2.018614922015));
#8007 = CARTESIAN_POINT('',(-12.6972545356,58.180899788253,
    2.055734046079));
#8008 = CARTESIAN_POINT('',(-12.6967647586,58.300755656437,
    2.111856931133));
#8009 = CARTESIAN_POINT('',(-12.69610617917,58.413282414003,
    2.187322658833));
#8010 = CARTESIAN_POINT('',(-12.69527954741,58.514803833678,
    2.282045277406));
#8011 = CARTESIAN_POINT('',(-12.69369639377,58.652559366344,
    2.463456715506));
#8012 = CARTESIAN_POINT('',(-12.69304305019,58.698662060492,
    2.538322474732));
#8013 = CARTESIAN_POINT('',(-12.69233581089,58.73787078235,
    2.619364071301));
#8014 = CARTESIAN_POINT('',(-12.69158176489,58.768955071504,
    2.705769184431));
#8015 = CARTESIAN_POINT('',(-12.69079154885,58.790800973835,
    2.796318973116));
#8016 = CARTESIAN_POINT('',(-12.6899800341,58.802571160385,
    2.889309353643));
#8017 = CARTESIAN_POINT('',(-12.6891663563,58.804198639916,
    2.982547593563));
#8018 = PCURVE('',#5783,#8019);
#8019 = DEFINITIONAL_REPRESENTATION('',(#8020),#8035);
#8020 = B_SPLINE_CURVE_WITH_KNOTS('',7,(#8021,#8022,#8023,#8024,#8025,
    #8026,#8027,#8028,#8029,#8030,#8031,#8032,#8033,#8034),
  .UNSPECIFIED.,.F.,.F.,(8,6,8),(0.,0.623982343416,1.),.UNSPECIFIED.);
#8021 = CARTESIAN_POINT('',(-1.553343034275,6.302259080744));
#8022 = CARTESIAN_POINT('',(-1.42702473155,6.302259080745));
#8023 = CARTESIAN_POINT('',(-1.300926422544,6.302421530703));
#8024 = CARTESIAN_POINT('',(-1.173502097434,6.3027454644));
#8025 = CARTESIAN_POINT('',(-1.043818272537,6.303235241389));
#8026 = CARTESIAN_POINT('',(-0.910976325217,6.303893820822));
#8027 = CARTESIAN_POINT('',(-0.774142420564,6.30472045259));
#8028 = CARTESIAN_POINT('',(-0.546355905042,6.306303606226));
#8029 = CARTESIAN_POINT('',(-0.458850919927,6.306956949809));
#8030 = CARTESIAN_POINT('',(-0.369571728997,6.307664189108));
#8031 = CARTESIAN_POINT('',(-0.27867706632,6.308418235107));
#8032 = CARTESIAN_POINT('',(-0.186433791016,6.309208451141));
#8033 = CARTESIAN_POINT('',(-9.325244271847E-02,6.310019965898));
#8034 = CARTESIAN_POINT('',(0.,6.310833643691));
#8035 = ( GEOMETRIC_REPRESENTATION_CONTEXT(2) 
PARAMETRIC_REPRESENTATION_CONTEXT() REPRESENTATION_CONTEXT('2D SPACE',''
  ) );
#8036 = PCURVE('',#6130,#8037);
#8037 = DEFINITIONAL_REPRESENTATION('',(#8038),#8053);
#8038 = B_SPLINE_CURVE_WITH_KNOTS('',7,(#8039,#8040,#8041,#8042,#8043,
    #8044,#8045,#8046,#8047,#8048,#8049,#8050,#8051,#8052),
  .UNSPECIFIED.,.F.,.F.,(8,6,8),(0.,0.623982343416,1.),.UNSPECIFIED.);
#8039 = CARTESIAN_POINT('',(0.621762676161,1.7543863063E-02));
#8040 = CARTESIAN_POINT('',(0.49521772247,1.754386306313E-02));
#8041 = CARTESIAN_POINT('',(0.368996852461,1.917672827409E-02));
#8042 = CARTESIAN_POINT('',(0.244760321339,2.243284008253E-02));
#8043 = CARTESIAN_POINT('',(0.124737769557,2.735584991045E-02));
#8044 = CARTESIAN_POINT('',(1.190523271659E-02,3.397567858492E-02));
#8045 = CARTESIAN_POINT('',(-9.010502048888E-02,4.228467345668E-02));
#8046 = CARTESIAN_POINT('',(-0.228887419778,5.819795750054E-02));
#8047 = CARTESIAN_POINT('',(-0.275431072973,6.476512936248E-02));
#8048 = CARTESIAN_POINT('',(-0.315126994603,7.187404134219E-02));
#8049 = CARTESIAN_POINT('',(-0.346724378319,7.945343723077E-02));
#8050 = CARTESIAN_POINT('',(-0.369074179145,8.739640115054E-02));
#8051 = CARTESIAN_POINT('',(-0.381289048231,9.555345207394E-02));
#8052 = CARTESIAN_POINT('',(-0.383257385444,0.103732245049));
#8053 = ( GEOMETRIC_REPRESENTATION_CONTEXT(2) 
PARAMETRIC_REPRESENTATION_CONTEXT() REPRESENTATION_CONTEXT('2D SPACE',''
  ) );
#8054 = ADVANCED_FACE('',(#8055),#6130,.T.);
#8055 = FACE_BOUND('',#8056,.T.);
#8056 = EDGE_LOOP('',(#8057,#8077,#8104,#8124,#8125));
#8057 = ORIENTED_EDGE('',*,*,#8058,.F.);
#8058 = EDGE_CURVE('',#8059,#7974,#8061,.T.);
#8059 = VERTEX_POINT('',#8060);
#8060 = CARTESIAN_POINT('',(-12.69774091925,57.452259080743,2.));
#8061 = SURFACE_CURVE('',#8062,(#8065,#8071),.PCURVE_S1.);
#8062 = B_SPLINE_CURVE_WITH_KNOTS('',1,(#8063,#8064),.UNSPECIFIED.,.F.,
  .F.,(2,2),(0.,1.),.PIECEWISE_BEZIER_KNOTS.);
#8063 = CARTESIAN_POINT('',(-12.69774091925,57.452259080743,2.));
#8064 = CARTESIAN_POINT('',(-12.69774091925,57.80435094476,2.));
#8065 = PCURVE('',#6130,#8066);
#8066 = DEFINITIONAL_REPRESENTATION('',(#8067),#8070);
#8067 = B_SPLINE_CURVE_WITH_KNOTS('',1,(#8068,#8069),.UNSPECIFIED.,.F.,
  .F.,(2,2),(0.,1.),.PIECEWISE_BEZIER_KNOTS.);
#8068 = CARTESIAN_POINT('',(0.974486292815,1.754385964912E-02));
#8069 = CARTESIAN_POINT('',(0.621762675967,1.754385964912E-02));
#8070 = ( GEOMETRIC_REPRESENTATION_CONTEXT(2) 
PARAMETRIC_REPRESENTATION_CONTEXT() REPRESENTATION_CONTEXT('2D SPACE',''
  ) );
#8071 = PCURVE('',#7989,#8072);
#8072 = DEFINITIONAL_REPRESENTATION('',(#8073),#8076);
#8073 = B_SPLINE_CURVE_WITH_KNOTS('',1,(#8074,#8075),.UNSPECIFIED.,.F.,
  .F.,(2,2),(0.,1.),.PIECEWISE_BEZIER_KNOTS.);
#8074 = CARTESIAN_POINT('',(6.302259080744,8.452259080743));
#8075 = CARTESIAN_POINT('',(6.302259080744,8.80435094476));
#8076 = ( GEOMETRIC_REPRESENTATION_CONTEXT(2) 
PARAMETRIC_REPRESENTATION_CONTEXT() REPRESENTATION_CONTEXT('2D SPACE',''
  ) );
#8077 = ORIENTED_EDGE('',*,*,#8078,.T.);
#8078 = EDGE_CURVE('',#8059,#8079,#8081,.T.);
#8079 = VERTEX_POINT('',#8080);
#8080 = CARTESIAN_POINT('',(-12.6,57.55,13.2));
#8081 = SURFACE_CURVE('',#8082,(#8085,#8092),.PCURVE_S1.);
#8082 = B_SPLINE_CURVE_WITH_KNOTS('',1,(#8083,#8084),.UNSPECIFIED.,.F.,
  .F.,(2,2),(0.,1.),.PIECEWISE_BEZIER_KNOTS.);
#8083 = CARTESIAN_POINT('',(-12.69948629281,57.450513707185,1.8));
#8084 = CARTESIAN_POINT('',(-12.6,57.55,13.2));
#8085 = PCURVE('',#6130,#8086);
#8086 = DEFINITIONAL_REPRESENTATION('',(#8087),#8091);
#8087 = LINE('',#8088,#8089);
#8088 = CARTESIAN_POINT('',(0.974486292815,0.));
#8089 = VECTOR('',#8090,1.);
#8090 = DIRECTION('',(0.,1.));
#8091 = ( GEOMETRIC_REPRESENTATION_CONTEXT(2) 
PARAMETRIC_REPRESENTATION_CONTEXT() REPRESENTATION_CONTEXT('2D SPACE',''
  ) );
#8092 = PCURVE('',#8093,#8098);
#8093 = B_SPLINE_SURFACE_WITH_KNOTS('',1,1,(
    (#8094,#8095)
    ,(#8096,#8097
    )),.UNSPECIFIED.,.F.,.F.,.F.,(2,2),(2,2),(-0.699486292815,
    0.699486292815),(0.,1.),.PIECEWISE_BEZIER_KNOTS.);
#8094 = CARTESIAN_POINT('',(-12.69948629281,57.450513707185,1.8));
#8095 = CARTESIAN_POINT('',(-12.6,57.55,13.2));
#8096 = CARTESIAN_POINT('',(-11.30051370718,57.450513707185,1.8));
#8097 = CARTESIAN_POINT('',(-11.4,57.55,13.2));
#8098 = DEFINITIONAL_REPRESENTATION('',(#8099),#8103);
#8099 = LINE('',#8100,#8101);
#8100 = CARTESIAN_POINT('',(-0.699486292815,0.));
#8101 = VECTOR('',#8102,1.);
#8102 = DIRECTION('',(0.,1.));
#8103 = ( GEOMETRIC_REPRESENTATION_CONTEXT(2) 
PARAMETRIC_REPRESENTATION_CONTEXT() REPRESENTATION_CONTEXT('2D SPACE',''
  ) );
#8104 = ORIENTED_EDGE('',*,*,#8105,.T.);
#8105 = EDGE_CURVE('',#8079,#6081,#8106,.T.);
#8106 = SURFACE_CURVE('',#8107,(#8111,#8117),.PCURVE_S1.);
#8107 = LINE('',#8108,#8109);
#8108 = CARTESIAN_POINT('',(-12.6,58.425,13.2));
#8109 = VECTOR('',#8110,1.);
#8110 = DIRECTION('',(0.,1.,0.));
#8111 = PCURVE('',#6130,#8112);
#8112 = DEFINITIONAL_REPRESENTATION('',(#8113),#8116);
#8113 = B_SPLINE_CURVE_WITH_KNOTS('',1,(#8114,#8115),.UNSPECIFIED.,.F.,
  .F.,(2,2),(-0.875,0.875),.PIECEWISE_BEZIER_KNOTS.);
#8114 = CARTESIAN_POINT('',(0.974486292815,1.));
#8115 = CARTESIAN_POINT('',(-0.974486292815,1.));
#8116 = ( GEOMETRIC_REPRESENTATION_CONTEXT(2) 
PARAMETRIC_REPRESENTATION_CONTEXT() REPRESENTATION_CONTEXT('2D SPACE',''
  ) );
#8117 = PCURVE('',#6095,#8118);
#8118 = DEFINITIONAL_REPRESENTATION('',(#8119),#8123);
#8119 = LINE('',#8120,#8121);
#8120 = CARTESIAN_POINT('',(0.721637745365,0.494837311108));
#8121 = VECTOR('',#8122,1.);
#8122 = DIRECTION('',(0.824728851846,0.565528355552));
#8123 = ( GEOMETRIC_REPRESENTATION_CONTEXT(2) 
PARAMETRIC_REPRESENTATION_CONTEXT() REPRESENTATION_CONTEXT('2D SPACE',''
  ) );
#8124 = ORIENTED_EDGE('',*,*,#6106,.F.);
#8125 = ORIENTED_EDGE('',*,*,#8001,.F.);
#8126 = ADVANCED_FACE('',(#8127),#6095,.T.);
#8127 = FACE_BOUND('',#8128,.T.);
#8128 = EDGE_LOOP('',(#8129,#8130,#8152,#8172));
#8129 = ORIENTED_EDGE('',*,*,#8105,.F.);
#8130 = ORIENTED_EDGE('',*,*,#8131,.T.);
#8131 = EDGE_CURVE('',#8079,#8132,#8134,.T.);
#8132 = VERTEX_POINT('',#8133);
#8133 = CARTESIAN_POINT('',(-11.4,57.55,13.2));
#8134 = SURFACE_CURVE('',#8135,(#8139,#8146),.PCURVE_S1.);
#8135 = LINE('',#8136,#8137);
#8136 = CARTESIAN_POINT('',(-12.,57.55,13.2));
#8137 = VECTOR('',#8138,1.);
#8138 = DIRECTION('',(1.,0.,0.));
#8139 = PCURVE('',#6095,#8140);
#8140 = DEFINITIONAL_REPRESENTATION('',(#8141),#8145);
#8141 = LINE('',#8142,#8143);
#8142 = CARTESIAN_POINT('',(0.339317013331,-0.494837311108));
#8143 = VECTOR('',#8144,1.);
#8144 = DIRECTION('',(0.565528355552,-0.824728851846));
#8145 = ( GEOMETRIC_REPRESENTATION_CONTEXT(2) 
PARAMETRIC_REPRESENTATION_CONTEXT() REPRESENTATION_CONTEXT('2D SPACE',''
  ) );
#8146 = PCURVE('',#8093,#8147);
#8147 = DEFINITIONAL_REPRESENTATION('',(#8148),#8151);
#8148 = B_SPLINE_CURVE_WITH_KNOTS('',1,(#8149,#8150),.UNSPECIFIED.,.F.,
  .F.,(2,2),(-0.6,0.6),.PIECEWISE_BEZIER_KNOTS.);
#8149 = CARTESIAN_POINT('',(-0.699486292815,1.));
#8150 = CARTESIAN_POINT('',(0.699486292815,1.));
#8151 = ( GEOMETRIC_REPRESENTATION_CONTEXT(2) 
PARAMETRIC_REPRESENTATION_CONTEXT() REPRESENTATION_CONTEXT('2D SPACE',''
  ) );
#8152 = ORIENTED_EDGE('',*,*,#8153,.T.);
#8153 = EDGE_CURVE('',#8132,#6038,#8154,.T.);
#8154 = SURFACE_CURVE('',#8155,(#8159,#8166),.PCURVE_S1.);
#8155 = LINE('',#8156,#8157);
#8156 = CARTESIAN_POINT('',(-11.4,58.425,13.2));
#8157 = VECTOR('',#8158,1.);
#8158 = DIRECTION('',(0.,1.,0.));
#8159 = PCURVE('',#6095,#8160);
#8160 = DEFINITIONAL_REPRESENTATION('',(#8161),#8165);
#8161 = LINE('',#8162,#8163);
#8162 = CARTESIAN_POINT('',(1.400271772027,-0.494837311108));
#8163 = VECTOR('',#8164,1.);
#8164 = DIRECTION('',(0.824728851846,0.565528355552));
#8165 = ( GEOMETRIC_REPRESENTATION_CONTEXT(2) 
PARAMETRIC_REPRESENTATION_CONTEXT() REPRESENTATION_CONTEXT('2D SPACE',''
  ) );
#8166 = PCURVE('',#6063,#8167);
#8167 = DEFINITIONAL_REPRESENTATION('',(#8168),#8171);
#8168 = B_SPLINE_CURVE_WITH_KNOTS('',1,(#8169,#8170),.UNSPECIFIED.,.F.,
  .F.,(2,2),(-0.875,0.875),.PIECEWISE_BEZIER_KNOTS.);
#8169 = CARTESIAN_POINT('',(-0.974486292815,1.));
#8170 = CARTESIAN_POINT('',(0.974486292815,1.));
#8171 = ( GEOMETRIC_REPRESENTATION_CONTEXT(2) 
PARAMETRIC_REPRESENTATION_CONTEXT() REPRESENTATION_CONTEXT('2D SPACE',''
  ) );
#8172 = ORIENTED_EDGE('',*,*,#6080,.F.);
#8173 = ADVANCED_FACE('',(#8174),#6063,.T.);
#8174 = FACE_BOUND('',#8175,.T.);
#8175 = EDGE_LOOP('',(#8176,#8198,#8218,#8272,#8273));
#8176 = ORIENTED_EDGE('',*,*,#8177,.F.);
#8177 = EDGE_CURVE('',#8178,#8132,#8180,.T.);
#8178 = VERTEX_POINT('',#8179);
#8179 = CARTESIAN_POINT('',(-11.30225908074,57.452259080743,2.));
#8180 = SURFACE_CURVE('',#8181,(#8184,#8191),.PCURVE_S1.);
#8181 = B_SPLINE_CURVE_WITH_KNOTS('',1,(#8182,#8183),.UNSPECIFIED.,.F.,
  .F.,(2,2),(0.,1.),.PIECEWISE_BEZIER_KNOTS.);
#8182 = CARTESIAN_POINT('',(-11.30051370718,57.450513707185,1.8));
#8183 = CARTESIAN_POINT('',(-11.4,57.55,13.2));
#8184 = PCURVE('',#6063,#8185);
#8185 = DEFINITIONAL_REPRESENTATION('',(#8186),#8190);
#8186 = LINE('',#8187,#8188);
#8187 = CARTESIAN_POINT('',(-0.974486292815,0.));
#8188 = VECTOR('',#8189,1.);
#8189 = DIRECTION('',(0.,1.));
#8190 = ( GEOMETRIC_REPRESENTATION_CONTEXT(2) 
PARAMETRIC_REPRESENTATION_CONTEXT() REPRESENTATION_CONTEXT('2D SPACE',''
  ) );
#8191 = PCURVE('',#8093,#8192);
#8192 = DEFINITIONAL_REPRESENTATION('',(#8193),#8197);
#8193 = LINE('',#8194,#8195);
#8194 = CARTESIAN_POINT('',(0.699486292815,0.));
#8195 = VECTOR('',#8196,1.);
#8196 = DIRECTION('',(0.,1.));
#8197 = ( GEOMETRIC_REPRESENTATION_CONTEXT(2) 
PARAMETRIC_REPRESENTATION_CONTEXT() REPRESENTATION_CONTEXT('2D SPACE',''
  ) );
#8198 = ORIENTED_EDGE('',*,*,#8199,.F.);
#8199 = EDGE_CURVE('',#8200,#8178,#8202,.T.);
#8200 = VERTEX_POINT('',#8201);
#8201 = CARTESIAN_POINT('',(-11.30225908074,57.80435094476,2.));
#8202 = SURFACE_CURVE('',#8203,(#8206,#8212),.PCURVE_S1.);
#8203 = B_SPLINE_CURVE_WITH_KNOTS('',1,(#8204,#8205),.UNSPECIFIED.,.F.,
  .F.,(2,2),(0.,1.),.PIECEWISE_BEZIER_KNOTS.);
#8204 = CARTESIAN_POINT('',(-11.30225908074,57.80435094476,2.));
#8205 = CARTESIAN_POINT('',(-11.30225908074,57.452259080743,2.));
#8206 = PCURVE('',#6063,#8207);
#8207 = DEFINITIONAL_REPRESENTATION('',(#8208),#8211);
#8208 = B_SPLINE_CURVE_WITH_KNOTS('',1,(#8209,#8210),.UNSPECIFIED.,.F.,
  .F.,(2,2),(0.,1.),.PIECEWISE_BEZIER_KNOTS.);
#8209 = CARTESIAN_POINT('',(-0.621762675967,1.754385964912E-02));
#8210 = CARTESIAN_POINT('',(-0.974486292815,1.754385964912E-02));
#8211 = ( GEOMETRIC_REPRESENTATION_CONTEXT(2) 
PARAMETRIC_REPRESENTATION_CONTEXT() REPRESENTATION_CONTEXT('2D SPACE',''
  ) );
#8212 = PCURVE('',#7989,#8213);
#8213 = DEFINITIONAL_REPRESENTATION('',(#8214),#8217);
#8214 = B_SPLINE_CURVE_WITH_KNOTS('',1,(#8215,#8216),.UNSPECIFIED.,.F.,
  .F.,(2,2),(0.,1.),.PIECEWISE_BEZIER_KNOTS.);
#8215 = CARTESIAN_POINT('',(7.697740919256,8.80435094476));
#8216 = CARTESIAN_POINT('',(7.697740919256,8.452259080743));
#8217 = ( GEOMETRIC_REPRESENTATION_CONTEXT(2) 
PARAMETRIC_REPRESENTATION_CONTEXT() REPRESENTATION_CONTEXT('2D SPACE',''
  ) );
#8218 = ORIENTED_EDGE('',*,*,#8219,.F.);
#8219 = EDGE_CURVE('',#6010,#8200,#8220,.T.);
#8220 = SURFACE_CURVE('',#8221,(#8236,#8254),.PCURVE_S1.);
#8221 = B_SPLINE_CURVE_WITH_KNOTS('',7,(#8222,#8223,#8224,#8225,#8226,
    #8227,#8228,#8229,#8230,#8231,#8232,#8233,#8234,#8235),
  .UNSPECIFIED.,.F.,.F.,(8,6,8),(0.,0.376733871136,1.),.UNSPECIFIED.);
#8222 = CARTESIAN_POINT('',(-11.31083364369,58.804198639916,
    2.982547593563));
#8223 = CARTESIAN_POINT('',(-11.3100184262,58.802568080766,
    2.889132922382));
#8224 = CARTESIAN_POINT('',(-11.30920537278,58.790756379908,
    2.795966227826));
#8225 = CARTESIAN_POINT('',(-11.30841373383,58.768830591907,
    2.705253390032));
#8226 = CARTESIAN_POINT('',(-11.30765846301,58.737634423368,
    2.618707925719));
#8227 = CARTESIAN_POINT('',(-11.30695024086,58.698289662891,
    2.537553706024));
#8228 = CARTESIAN_POINT('',(-11.30629617031,58.652034225447,
    2.462604643855));
#8229 = CARTESIAN_POINT('',(-11.30471476107,58.514104790589,
    2.281393093811));
#8230 = CARTESIAN_POINT('',(-11.30389004515,58.412636521159,
    2.186890010388));
#8231 = CARTESIAN_POINT('',(-11.30323299846,58.300205937248,
    2.111599917115));
#8232 = CARTESIAN_POINT('',(-11.30274435253,58.180473294213,
    2.055606639278));
#8233 = CARTESIAN_POINT('',(-11.30242115782,58.056478854029,
    2.018572193775));
#8234 = CARTESIAN_POINT('',(-11.30225908074,57.930524178087,2.));
#8235 = CARTESIAN_POINT('',(-11.30225908074,57.80435094476,2.));
#8236 = PCURVE('',#6063,#8237);
#8237 = DEFINITIONAL_REPRESENTATION('',(#8238),#8253);
#8238 = B_SPLINE_CURVE_WITH_KNOTS('',7,(#8239,#8240,#8241,#8242,#8243,
    #8244,#8245,#8246,#8247,#8248,#8249,#8250,#8251,#8252),
  .UNSPECIFIED.,.F.,.F.,(8,6,8),(0.,0.376733871136,1.),.UNSPECIFIED.);
#8239 = CARTESIAN_POINT('',(0.383257385444,0.103732245049));
#8240 = CARTESIAN_POINT('',(0.38128532362,9.553797564756E-02));
#8241 = CARTESIAN_POINT('',(0.369027898975,8.736545858127E-02));
#8242 = CARTESIAN_POINT('',(0.346597027489,7.940819210806E-02));
#8243 = CARTESIAN_POINT('',(0.31488673832,7.181648471217E-02));
#8244 = CARTESIAN_POINT('',(0.275054053776,6.469769351085E-02));
#8245 = CARTESIAN_POINT('',(0.228357260473,5.812321437323E-02));
#8246 = CARTESIAN_POINT('',(8.940261235395E-02,4.222746436934E-02));
#8247 = CARTESIAN_POINT('',(-1.255287705452E-02,3.393772020949E-02));
#8248 = CARTESIAN_POINT('',(-0.125288251707,2.733332606272E-02));
#8249 = CARTESIAN_POINT('',(-0.245187174147,2.242163502434E-02));
#8250 = CARTESIAN_POINT('',(-0.369285976271,1.917299945399E-02));
#8251 = CARTESIAN_POINT('',(-0.495363052015,1.754385964912E-02));
#8252 = CARTESIAN_POINT('',(-0.621762675967,1.754385964912E-02));
#8253 = ( GEOMETRIC_REPRESENTATION_CONTEXT(2) 
PARAMETRIC_REPRESENTATION_CONTEXT() REPRESENTATION_CONTEXT('2D SPACE',''
  ) );
#8254 = PCURVE('',#6025,#8255);
#8255 = DEFINITIONAL_REPRESENTATION('',(#8256),#8271);
#8256 = B_SPLINE_CURVE_WITH_KNOTS('',7,(#8257,#8258,#8259,#8260,#8261,
    #8262,#8263,#8264,#8265,#8266,#8267,#8268,#8269,#8270),
  .UNSPECIFIED.,.F.,.F.,(8,6,8),(0.,0.376733871136,1.),.UNSPECIFIED.);
#8257 = CARTESIAN_POINT('',(0.,7.689166356309));
#8258 = CARTESIAN_POINT('',(-9.342890085472E-02,7.689981573794));
#8259 = CARTESIAN_POINT('',(-0.186787261128,7.69079462722));
#8260 = CARTESIAN_POINT('',(-0.279202496052,7.691586266163));
#8261 = CARTESIAN_POINT('',(-0.37026203839,7.692341536988));
#8262 = CARTESIAN_POINT('',(-0.45969804985,7.693049759134));
#8263 = CARTESIAN_POINT('',(-0.547352030678,7.69370382969));
#8264 = CARTESIAN_POINT('',(-0.775084669686,7.69528523893));
#8265 = CARTESIAN_POINT('',(-0.911738451673,7.696109954844));
#8266 = CARTESIAN_POINT('',(-1.044412949985,7.696767001534));
#8267 = CARTESIAN_POINT('',(-1.173939906827,7.697255647467));
#8268 = CARTESIAN_POINT('',(-1.301215267491,7.697578842177));
#8269 = CARTESIAN_POINT('',(-1.427169800948,7.697740919256));
#8270 = CARTESIAN_POINT('',(-1.553343034275,7.697740919256));
#8271 = ( GEOMETRIC_REPRESENTATION_CONTEXT(2) 
PARAMETRIC_REPRESENTATION_CONTEXT() REPRESENTATION_CONTEXT('2D SPACE',''
  ) );
#8272 = ORIENTED_EDGE('',*,*,#6037,.T.);
#8273 = ORIENTED_EDGE('',*,*,#8153,.F.);
#8274 = ADVANCED_FACE('',(#8275),#6025,.F.);
#8275 = FACE_BOUND('',#8276,.T.);
#8276 = EDGE_LOOP('',(#8277,#8278,#8279,#8302));
#8277 = ORIENTED_EDGE('',*,*,#6009,.F.);
#8278 = ORIENTED_EDGE('',*,*,#8219,.T.);
#8279 = ORIENTED_EDGE('',*,*,#8280,.T.);
#8280 = EDGE_CURVE('',#8200,#8281,#8283,.T.);
#8281 = VERTEX_POINT('',#8282);
#8282 = CARTESIAN_POINT('',(11.302259080744,57.80435094476,2.));
#8283 = SURFACE_CURVE('',#8284,(#8288,#8295),.PCURVE_S1.);
#8284 = LINE('',#8285,#8286);
#8285 = CARTESIAN_POINT('',(-19.,57.80435094476,2.));
#8286 = VECTOR('',#8287,1.);
#8287 = DIRECTION('',(1.,0.,0.));
#8288 = PCURVE('',#6025,#8289);
#8289 = DEFINITIONAL_REPRESENTATION('',(#8290),#8294);
#8290 = LINE('',#8291,#8292);
#8291 = CARTESIAN_POINT('',(-1.553343034275,0.));
#8292 = VECTOR('',#8293,1.);
#8293 = DIRECTION('',(-0.,1.));
#8294 = ( GEOMETRIC_REPRESENTATION_CONTEXT(2) 
PARAMETRIC_REPRESENTATION_CONTEXT() REPRESENTATION_CONTEXT('2D SPACE',''
  ) );
#8295 = PCURVE('',#7989,#8296);
#8296 = DEFINITIONAL_REPRESENTATION('',(#8297),#8301);
#8297 = LINE('',#8298,#8299);
#8298 = CARTESIAN_POINT('',(0.,8.80435094476));
#8299 = VECTOR('',#8300,1.);
#8300 = DIRECTION('',(1.,0.));
#8301 = ( GEOMETRIC_REPRESENTATION_CONTEXT(2) 
PARAMETRIC_REPRESENTATION_CONTEXT() REPRESENTATION_CONTEXT('2D SPACE',''
  ) );
#8302 = ORIENTED_EDGE('',*,*,#8303,.T.);
#8303 = EDGE_CURVE('',#8281,#5967,#8304,.T.);
#8304 = SURFACE_CURVE('',#8305,(#8320,#8338),.PCURVE_S1.);
#8305 = B_SPLINE_CURVE_WITH_KNOTS('',7,(#8306,#8307,#8308,#8309,#8310,
    #8311,#8312,#8313,#8314,#8315,#8316,#8317,#8318,#8319),
  .UNSPECIFIED.,.F.,.F.,(8,6,8),(0.,0.623982343416,1.),.UNSPECIFIED.);
#8306 = CARTESIAN_POINT('',(11.302259080744,57.80435094476,2.));
#8307 = CARTESIAN_POINT('',(11.302259080744,57.930669247485,
    2.000000000001));
#8308 = CARTESIAN_POINT('',(11.302421530707,58.056767697001,
    2.018614922015));
#8309 = CARTESIAN_POINT('',(11.302745464395,58.180899788253,
    2.055734046079));
#8310 = CARTESIAN_POINT('',(11.303235241393,58.300755656437,
    2.111856931133));
#8311 = CARTESIAN_POINT('',(11.303893820821,58.413282414003,
    2.187322658833));
#8312 = CARTESIAN_POINT('',(11.30472045259,58.514803833678,
    2.282045277406));
#8313 = CARTESIAN_POINT('',(11.306303606226,58.652559366344,
    2.463456715506));
#8314 = CARTESIAN_POINT('',(11.306956949809,58.698662060492,
    2.538322474732));
#8315 = CARTESIAN_POINT('',(11.307664189108,58.73787078235,
    2.619364071301));
#8316 = CARTESIAN_POINT('',(11.308418235107,58.768955071504,
    2.705769184431));
#8317 = CARTESIAN_POINT('',(11.309208451141,58.790800973835,
    2.796318973116));
#8318 = CARTESIAN_POINT('',(11.310019965898,58.802571160385,
    2.889309353643));
#8319 = CARTESIAN_POINT('',(11.310833643691,58.804198639916,
    2.982547593563));
#8320 = PCURVE('',#6025,#8321);
#8321 = DEFINITIONAL_REPRESENTATION('',(#8322),#8337);
#8322 = B_SPLINE_CURVE_WITH_KNOTS('',7,(#8323,#8324,#8325,#8326,#8327,
    #8328,#8329,#8330,#8331,#8332,#8333,#8334,#8335,#8336),
  .UNSPECIFIED.,.F.,.F.,(8,6,8),(0.,0.623982343416,1.),.UNSPECIFIED.);
#8323 = CARTESIAN_POINT('',(-1.553343034275,30.302259080744));
#8324 = CARTESIAN_POINT('',(-1.42702473155,30.302259080745));
#8325 = CARTESIAN_POINT('',(-1.300926422544,30.302421530703));
#8326 = CARTESIAN_POINT('',(-1.173502097435,30.3027454644));
#8327 = CARTESIAN_POINT('',(-1.043818272537,30.303235241389));
#8328 = CARTESIAN_POINT('',(-0.910976325218,30.303893820822));
#8329 = CARTESIAN_POINT('',(-0.774142420564,30.30472045259));
#8330 = CARTESIAN_POINT('',(-0.546355905042,30.306303606226));
#8331 = CARTESIAN_POINT('',(-0.458850919927,30.306956949809));
#8332 = CARTESIAN_POINT('',(-0.369571728997,30.307664189108));
#8333 = CARTESIAN_POINT('',(-0.27867706632,30.308418235107));
#8334 = CARTESIAN_POINT('',(-0.186433791016,30.309208451141));
#8335 = CARTESIAN_POINT('',(-9.325244271847E-02,30.310019965898));
#8336 = CARTESIAN_POINT('',(0.,30.310833643691));
#8337 = ( GEOMETRIC_REPRESENTATION_CONTEXT(2) 
PARAMETRIC_REPRESENTATION_CONTEXT() REPRESENTATION_CONTEXT('2D SPACE',''
  ) );
#8338 = PCURVE('',#5992,#8339);
#8339 = DEFINITIONAL_REPRESENTATION('',(#8340),#8355);
#8340 = B_SPLINE_CURVE_WITH_KNOTS('',7,(#8341,#8342,#8343,#8344,#8345,
    #8346,#8347,#8348,#8349,#8350,#8351,#8352,#8353,#8354),
  .UNSPECIFIED.,.F.,.F.,(8,6,8),(0.,0.623982343416,1.),.UNSPECIFIED.);
#8341 = CARTESIAN_POINT('',(0.621762676161,1.7543863063E-02));
#8342 = CARTESIAN_POINT('',(0.49521772247,1.754386306313E-02));
#8343 = CARTESIAN_POINT('',(0.368996852461,1.917672827409E-02));
#8344 = CARTESIAN_POINT('',(0.244760321339,2.243284008253E-02));
#8345 = CARTESIAN_POINT('',(0.124737769556,2.735584991045E-02));
#8346 = CARTESIAN_POINT('',(1.190523271672E-02,3.397567858492E-02));
#8347 = CARTESIAN_POINT('',(-9.010502048889E-02,4.228467345668E-02));
#8348 = CARTESIAN_POINT('',(-0.228887419778,5.819795750054E-02));
#8349 = CARTESIAN_POINT('',(-0.275431072973,6.476512936248E-02));
#8350 = CARTESIAN_POINT('',(-0.315126994603,7.187404134221E-02));
#8351 = CARTESIAN_POINT('',(-0.346724378319,7.945343723075E-02));
#8352 = CARTESIAN_POINT('',(-0.369074179145,8.739640115054E-02));
#8353 = CARTESIAN_POINT('',(-0.381289048231,9.555345207394E-02));
#8354 = CARTESIAN_POINT('',(-0.383257385444,0.103732245049));
#8355 = ( GEOMETRIC_REPRESENTATION_CONTEXT(2) 
PARAMETRIC_REPRESENTATION_CONTEXT() REPRESENTATION_CONTEXT('2D SPACE',''
  ) );
#8356 = ADVANCED_FACE('',(#8357),#5992,.T.);
#8357 = FACE_BOUND('',#8358,.T.);
#8358 = EDGE_LOOP('',(#8359,#8379,#8406,#8426,#8427));
#8359 = ORIENTED_EDGE('',*,*,#8360,.F.);
#8360 = EDGE_CURVE('',#8361,#8281,#8363,.T.);
#8361 = VERTEX_POINT('',#8362);
#8362 = CARTESIAN_POINT('',(11.302259080744,57.452259080743,2.));
#8363 = SURFACE_CURVE('',#8364,(#8367,#8373),.PCURVE_S1.);
#8364 = B_SPLINE_CURVE_WITH_KNOTS('',1,(#8365,#8366),.UNSPECIFIED.,.F.,
  .F.,(2,2),(0.,1.),.PIECEWISE_BEZIER_KNOTS.);
#8365 = CARTESIAN_POINT('',(11.302259080744,57.452259080743,2.));
#8366 = CARTESIAN_POINT('',(11.302259080744,57.80435094476,2.));
#8367 = PCURVE('',#5992,#8368);
#8368 = DEFINITIONAL_REPRESENTATION('',(#8369),#8372);
#8369 = B_SPLINE_CURVE_WITH_KNOTS('',1,(#8370,#8371),.UNSPECIFIED.,.F.,
  .F.,(2,2),(0.,1.),.PIECEWISE_BEZIER_KNOTS.);
#8370 = CARTESIAN_POINT('',(0.974486292815,1.754385964912E-02));
#8371 = CARTESIAN_POINT('',(0.621762675967,1.754385964912E-02));
#8372 = ( GEOMETRIC_REPRESENTATION_CONTEXT(2) 
PARAMETRIC_REPRESENTATION_CONTEXT() REPRESENTATION_CONTEXT('2D SPACE',''
  ) );
#8373 = PCURVE('',#7989,#8374);
#8374 = DEFINITIONAL_REPRESENTATION('',(#8375),#8378);
#8375 = B_SPLINE_CURVE_WITH_KNOTS('',1,(#8376,#8377),.UNSPECIFIED.,.F.,
  .F.,(2,2),(0.,1.),.PIECEWISE_BEZIER_KNOTS.);
#8376 = CARTESIAN_POINT('',(30.302259080744,8.452259080743));
#8377 = CARTESIAN_POINT('',(30.302259080744,8.80435094476));
#8378 = ( GEOMETRIC_REPRESENTATION_CONTEXT(2) 
PARAMETRIC_REPRESENTATION_CONTEXT() REPRESENTATION_CONTEXT('2D SPACE',''
  ) );
#8379 = ORIENTED_EDGE('',*,*,#8380,.T.);
#8380 = EDGE_CURVE('',#8361,#8381,#8383,.T.);
#8381 = VERTEX_POINT('',#8382);
#8382 = CARTESIAN_POINT('',(11.4,57.55,13.2));
#8383 = SURFACE_CURVE('',#8384,(#8387,#8394),.PCURVE_S1.);
#8384 = B_SPLINE_CURVE_WITH_KNOTS('',1,(#8385,#8386),.UNSPECIFIED.,.F.,
  .F.,(2,2),(0.,1.),.PIECEWISE_BEZIER_KNOTS.);
#8385 = CARTESIAN_POINT('',(11.300513707185,57.450513707185,1.8));
#8386 = CARTESIAN_POINT('',(11.4,57.55,13.2));
#8387 = PCURVE('',#5992,#8388);
#8388 = DEFINITIONAL_REPRESENTATION('',(#8389),#8393);
#8389 = LINE('',#8390,#8391);
#8390 = CARTESIAN_POINT('',(0.974486292815,0.));
#8391 = VECTOR('',#8392,1.);
#8392 = DIRECTION('',(0.,1.));
#8393 = ( GEOMETRIC_REPRESENTATION_CONTEXT(2) 
PARAMETRIC_REPRESENTATION_CONTEXT() REPRESENTATION_CONTEXT('2D SPACE',''
  ) );
#8394 = PCURVE('',#8395,#8400);
#8395 = B_SPLINE_SURFACE_WITH_KNOTS('',1,1,(
    (#8396,#8397)
    ,(#8398,#8399
    )),.UNSPECIFIED.,.F.,.F.,.F.,(2,2),(2,2),(-0.699486292815,
    0.699486292815),(0.,1.),.PIECEWISE_BEZIER_KNOTS.);
#8396 = CARTESIAN_POINT('',(11.300513707185,57.450513707185,1.8));
#8397 = CARTESIAN_POINT('',(11.4,57.55,13.2));
#8398 = CARTESIAN_POINT('',(12.699486292815,57.450513707185,1.8));
#8399 = CARTESIAN_POINT('',(12.6,57.55,13.2));
#8400 = DEFINITIONAL_REPRESENTATION('',(#8401),#8405);
#8401 = LINE('',#8402,#8403);
#8402 = CARTESIAN_POINT('',(-0.699486292815,0.));
#8403 = VECTOR('',#8404,1.);
#8404 = DIRECTION('',(0.,1.));
#8405 = ( GEOMETRIC_REPRESENTATION_CONTEXT(2) 
PARAMETRIC_REPRESENTATION_CONTEXT() REPRESENTATION_CONTEXT('2D SPACE',''
  ) );
#8406 = ORIENTED_EDGE('',*,*,#8407,.T.);
#8407 = EDGE_CURVE('',#8381,#5941,#8408,.T.);
#8408 = SURFACE_CURVE('',#8409,(#8413,#8419),.PCURVE_S1.);
#8409 = LINE('',#8410,#8411);
#8410 = CARTESIAN_POINT('',(11.4,58.425,13.2));
#8411 = VECTOR('',#8412,1.);
#8412 = DIRECTION('',(0.,1.,0.));
#8413 = PCURVE('',#5992,#8414);
#8414 = DEFINITIONAL_REPRESENTATION('',(#8415),#8418);
#8415 = B_SPLINE_CURVE_WITH_KNOTS('',1,(#8416,#8417),.UNSPECIFIED.,.F.,
  .F.,(2,2),(-0.875,0.875),.PIECEWISE_BEZIER_KNOTS.);
#8416 = CARTESIAN_POINT('',(0.974486292815,1.));
#8417 = CARTESIAN_POINT('',(-0.974486292815,1.));
#8418 = ( GEOMETRIC_REPRESENTATION_CONTEXT(2) 
PARAMETRIC_REPRESENTATION_CONTEXT() REPRESENTATION_CONTEXT('2D SPACE',''
  ) );
#8419 = PCURVE('',#5955,#8420);
#8420 = DEFINITIONAL_REPRESENTATION('',(#8421),#8425);
#8421 = LINE('',#8422,#8423);
#8422 = CARTESIAN_POINT('',(0.721637745365,0.494837311108));
#8423 = VECTOR('',#8424,1.);
#8424 = DIRECTION('',(0.824728851846,0.565528355552));
#8425 = ( GEOMETRIC_REPRESENTATION_CONTEXT(2) 
PARAMETRIC_REPRESENTATION_CONTEXT() REPRESENTATION_CONTEXT('2D SPACE',''
  ) );
#8426 = ORIENTED_EDGE('',*,*,#5966,.F.);
#8427 = ORIENTED_EDGE('',*,*,#8303,.F.);
#8428 = ADVANCED_FACE('',(#8429),#5955,.T.);
#8429 = FACE_BOUND('',#8430,.T.);
#8430 = EDGE_LOOP('',(#8431,#8432,#8454,#8474));
#8431 = ORIENTED_EDGE('',*,*,#8407,.F.);
#8432 = ORIENTED_EDGE('',*,*,#8433,.T.);
#8433 = EDGE_CURVE('',#8381,#8434,#8436,.T.);
#8434 = VERTEX_POINT('',#8435);
#8435 = CARTESIAN_POINT('',(12.6,57.55,13.2));
#8436 = SURFACE_CURVE('',#8437,(#8441,#8448),.PCURVE_S1.);
#8437 = LINE('',#8438,#8439);
#8438 = CARTESIAN_POINT('',(12.,57.55,13.2));
#8439 = VECTOR('',#8440,1.);
#8440 = DIRECTION('',(1.,0.,0.));
#8441 = PCURVE('',#5955,#8442);
#8442 = DEFINITIONAL_REPRESENTATION('',(#8443),#8447);
#8443 = LINE('',#8444,#8445);
#8444 = CARTESIAN_POINT('',(0.339317013331,-0.494837311108));
#8445 = VECTOR('',#8446,1.);
#8446 = DIRECTION('',(0.565528355552,-0.824728851846));
#8447 = ( GEOMETRIC_REPRESENTATION_CONTEXT(2) 
PARAMETRIC_REPRESENTATION_CONTEXT() REPRESENTATION_CONTEXT('2D SPACE',''
  ) );
#8448 = PCURVE('',#8395,#8449);
#8449 = DEFINITIONAL_REPRESENTATION('',(#8450),#8453);
#8450 = B_SPLINE_CURVE_WITH_KNOTS('',1,(#8451,#8452),.UNSPECIFIED.,.F.,
  .F.,(2,2),(-0.6,0.6),.PIECEWISE_BEZIER_KNOTS.);
#8451 = CARTESIAN_POINT('',(-0.699486292815,1.));
#8452 = CARTESIAN_POINT('',(0.699486292815,1.));
#8453 = ( GEOMETRIC_REPRESENTATION_CONTEXT(2) 
PARAMETRIC_REPRESENTATION_CONTEXT() REPRESENTATION_CONTEXT('2D SPACE',''
  ) );
#8454 = ORIENTED_EDGE('',*,*,#8455,.T.);
#8455 = EDGE_CURVE('',#8434,#5898,#8456,.T.);
#8456 = SURFACE_CURVE('',#8457,(#8461,#8468),.PCURVE_S1.);
#8457 = LINE('',#8458,#8459);
#8458 = CARTESIAN_POINT('',(12.6,58.425,13.2));
#8459 = VECTOR('',#8460,1.);
#8460 = DIRECTION('',(0.,1.,0.));
#8461 = PCURVE('',#5955,#8462);
#8462 = DEFINITIONAL_REPRESENTATION('',(#8463),#8467);
#8463 = LINE('',#8464,#8465);
#8464 = CARTESIAN_POINT('',(1.400271772027,-0.494837311108));
#8465 = VECTOR('',#8466,1.);
#8466 = DIRECTION('',(0.824728851846,0.565528355552));
#8467 = ( GEOMETRIC_REPRESENTATION_CONTEXT(2) 
PARAMETRIC_REPRESENTATION_CONTEXT() REPRESENTATION_CONTEXT('2D SPACE',''
  ) );
#8468 = PCURVE('',#5923,#8469);
#8469 = DEFINITIONAL_REPRESENTATION('',(#8470),#8473);
#8470 = B_SPLINE_CURVE_WITH_KNOTS('',1,(#8471,#8472),.UNSPECIFIED.,.F.,
  .F.,(2,2),(-0.875,0.875),.PIECEWISE_BEZIER_KNOTS.);
#8471 = CARTESIAN_POINT('',(-0.974486292815,1.));
#8472 = CARTESIAN_POINT('',(0.974486292815,1.));
#8473 = ( GEOMETRIC_REPRESENTATION_CONTEXT(2) 
PARAMETRIC_REPRESENTATION_CONTEXT() REPRESENTATION_CONTEXT('2D SPACE',''
  ) );
#8474 = ORIENTED_EDGE('',*,*,#5940,.F.);
#8475 = ADVANCED_FACE('',(#8476),#5923,.T.);
#8476 = FACE_BOUND('',#8477,.T.);
#8477 = EDGE_LOOP('',(#8478,#8500,#8520,#8574,#8575));
#8478 = ORIENTED_EDGE('',*,*,#8479,.F.);
#8479 = EDGE_CURVE('',#8480,#8434,#8482,.T.);
#8480 = VERTEX_POINT('',#8481);
#8481 = CARTESIAN_POINT('',(12.697740919256,57.452259080743,2.));
#8482 = SURFACE_CURVE('',#8483,(#8486,#8493),.PCURVE_S1.);
#8483 = B_SPLINE_CURVE_WITH_KNOTS('',1,(#8484,#8485),.UNSPECIFIED.,.F.,
  .F.,(2,2),(0.,1.),.PIECEWISE_BEZIER_KNOTS.);
#8484 = CARTESIAN_POINT('',(12.699486292815,57.450513707185,1.8));
#8485 = CARTESIAN_POINT('',(12.6,57.55,13.2));
#8486 = PCURVE('',#5923,#8487);
#8487 = DEFINITIONAL_REPRESENTATION('',(#8488),#8492);
#8488 = LINE('',#8489,#8490);
#8489 = CARTESIAN_POINT('',(-0.974486292815,0.));
#8490 = VECTOR('',#8491,1.);
#8491 = DIRECTION('',(0.,1.));
#8492 = ( GEOMETRIC_REPRESENTATION_CONTEXT(2) 
PARAMETRIC_REPRESENTATION_CONTEXT() REPRESENTATION_CONTEXT('2D SPACE',''
  ) );
#8493 = PCURVE('',#8395,#8494);
#8494 = DEFINITIONAL_REPRESENTATION('',(#8495),#8499);
#8495 = LINE('',#8496,#8497);
#8496 = CARTESIAN_POINT('',(0.699486292815,0.));
#8497 = VECTOR('',#8498,1.);
#8498 = DIRECTION('',(0.,1.));
#8499 = ( GEOMETRIC_REPRESENTATION_CONTEXT(2) 
PARAMETRIC_REPRESENTATION_CONTEXT() REPRESENTATION_CONTEXT('2D SPACE',''
  ) );
#8500 = ORIENTED_EDGE('',*,*,#8501,.F.);
#8501 = EDGE_CURVE('',#8502,#8480,#8504,.T.);
#8502 = VERTEX_POINT('',#8503);
#8503 = CARTESIAN_POINT('',(12.697740919256,57.80435094476,2.));
#8504 = SURFACE_CURVE('',#8505,(#8508,#8514),.PCURVE_S1.);
#8505 = B_SPLINE_CURVE_WITH_KNOTS('',1,(#8506,#8507),.UNSPECIFIED.,.F.,
  .F.,(2,2),(0.,1.),.PIECEWISE_BEZIER_KNOTS.);
#8506 = CARTESIAN_POINT('',(12.697740919256,57.80435094476,2.));
#8507 = CARTESIAN_POINT('',(12.697740919256,57.452259080743,2.));
#8508 = PCURVE('',#5923,#8509);
#8509 = DEFINITIONAL_REPRESENTATION('',(#8510),#8513);
#8510 = B_SPLINE_CURVE_WITH_KNOTS('',1,(#8511,#8512),.UNSPECIFIED.,.F.,
  .F.,(2,2),(0.,1.),.PIECEWISE_BEZIER_KNOTS.);
#8511 = CARTESIAN_POINT('',(-0.621762675967,1.754385964912E-02));
#8512 = CARTESIAN_POINT('',(-0.974486292815,1.754385964912E-02));
#8513 = ( GEOMETRIC_REPRESENTATION_CONTEXT(2) 
PARAMETRIC_REPRESENTATION_CONTEXT() REPRESENTATION_CONTEXT('2D SPACE',''
  ) );
#8514 = PCURVE('',#7989,#8515);
#8515 = DEFINITIONAL_REPRESENTATION('',(#8516),#8519);
#8516 = B_SPLINE_CURVE_WITH_KNOTS('',1,(#8517,#8518),.UNSPECIFIED.,.F.,
  .F.,(2,2),(0.,1.),.PIECEWISE_BEZIER_KNOTS.);
#8517 = CARTESIAN_POINT('',(31.697740919256,8.80435094476));
#8518 = CARTESIAN_POINT('',(31.697740919256,8.452259080743));
#8519 = ( GEOMETRIC_REPRESENTATION_CONTEXT(2) 
PARAMETRIC_REPRESENTATION_CONTEXT() REPRESENTATION_CONTEXT('2D SPACE',''
  ) );
#8520 = ORIENTED_EDGE('',*,*,#8521,.F.);
#8521 = EDGE_CURVE('',#5870,#8502,#8522,.T.);
#8522 = SURFACE_CURVE('',#8523,(#8538,#8556),.PCURVE_S1.);
#8523 = B_SPLINE_CURVE_WITH_KNOTS('',7,(#8524,#8525,#8526,#8527,#8528,
    #8529,#8530,#8531,#8532,#8533,#8534,#8535,#8536,#8537),
  .UNSPECIFIED.,.F.,.F.,(8,6,8),(0.,0.376733871137,1.),.UNSPECIFIED.);
#8524 = CARTESIAN_POINT('',(12.689166356309,58.804198639916,
    2.982547593563));
#8525 = CARTESIAN_POINT('',(12.689981573794,58.802568080766,
    2.889132922382));
#8526 = CARTESIAN_POINT('',(12.69079462722,58.790756379908,
    2.795966227826));
#8527 = CARTESIAN_POINT('',(12.691586266163,58.768830591907,
    2.705253390032));
#8528 = CARTESIAN_POINT('',(12.692341536988,58.737634423368,
    2.618707925719));
#8529 = CARTESIAN_POINT('',(12.693049759134,58.698289662891,
    2.537553706024));
#8530 = CARTESIAN_POINT('',(12.69370382969,58.652034225447,
    2.462604643855));
#8531 = CARTESIAN_POINT('',(12.69528523893,58.51410479059,2.281393093811
    ));
#8532 = CARTESIAN_POINT('',(12.696109954844,58.412636521159,
    2.186890010388));
#8533 = CARTESIAN_POINT('',(12.696767001534,58.300205937249,
    2.111599917116));
#8534 = CARTESIAN_POINT('',(12.697255647467,58.180473294212,
    2.055606639277));
#8535 = CARTESIAN_POINT('',(12.697578842177,58.056478854029,
    2.018572193776));
#8536 = CARTESIAN_POINT('',(12.697740919256,57.930524178086,2.));
#8537 = CARTESIAN_POINT('',(12.697740919256,57.80435094476,2.));
#8538 = PCURVE('',#5923,#8539);
#8539 = DEFINITIONAL_REPRESENTATION('',(#8540),#8555);
#8540 = B_SPLINE_CURVE_WITH_KNOTS('',7,(#8541,#8542,#8543,#8544,#8545,
    #8546,#8547,#8548,#8549,#8550,#8551,#8552,#8553,#8554),
  .UNSPECIFIED.,.F.,.F.,(8,6,8),(0.,0.376733871137,1.),.UNSPECIFIED.);
#8541 = CARTESIAN_POINT('',(0.383257385444,0.103732245049));
#8542 = CARTESIAN_POINT('',(0.38128532362,9.553797564755E-02));
#8543 = CARTESIAN_POINT('',(0.369027898975,8.736545858127E-02));
#8544 = CARTESIAN_POINT('',(0.346597027489,7.940819210806E-02));
#8545 = CARTESIAN_POINT('',(0.31488673832,7.181648471217E-02));
#8546 = CARTESIAN_POINT('',(0.275054053776,6.469769351085E-02));
#8547 = CARTESIAN_POINT('',(0.228357260473,5.812321437323E-02));
#8548 = CARTESIAN_POINT('',(8.940261235408E-02,4.222746436936E-02));
#8549 = CARTESIAN_POINT('',(-1.255287705506E-02,3.393772020945E-02));
#8550 = CARTESIAN_POINT('',(-0.125288251706,2.733332606277E-02));
#8551 = CARTESIAN_POINT('',(-0.245187174148,2.242163502431E-02));
#8552 = CARTESIAN_POINT('',(-0.36928597627,1.9172999454E-02));
#8553 = CARTESIAN_POINT('',(-0.495363052015,1.754385964912E-02));
#8554 = CARTESIAN_POINT('',(-0.621762675967,1.754385964912E-02));
#8555 = ( GEOMETRIC_REPRESENTATION_CONTEXT(2) 
PARAMETRIC_REPRESENTATION_CONTEXT() REPRESENTATION_CONTEXT('2D SPACE',''
  ) );
#8556 = PCURVE('',#5885,#8557);
#8557 = DEFINITIONAL_REPRESENTATION('',(#8558),#8573);
#8558 = B_SPLINE_CURVE_WITH_KNOTS('',7,(#8559,#8560,#8561,#8562,#8563,
    #8564,#8565,#8566,#8567,#8568,#8569,#8570,#8571,#8572),
  .UNSPECIFIED.,.F.,.F.,(8,6,8),(0.,0.376733871137,1.),.UNSPECIFIED.);
#8559 = CARTESIAN_POINT('',(0.,31.689166356309));
#8560 = CARTESIAN_POINT('',(-9.342890085476E-02,31.689981573794));
#8561 = CARTESIAN_POINT('',(-0.186787261128,31.69079462722));
#8562 = CARTESIAN_POINT('',(-0.279202496052,31.691586266163));
#8563 = CARTESIAN_POINT('',(-0.37026203839,31.692341536988));
#8564 = CARTESIAN_POINT('',(-0.45969804985,31.693049759134));
#8565 = CARTESIAN_POINT('',(-0.547352030678,31.69370382969));
#8566 = CARTESIAN_POINT('',(-0.775084669686,31.69528523893));
#8567 = CARTESIAN_POINT('',(-0.911738451673,31.696109954844));
#8568 = CARTESIAN_POINT('',(-1.044412949983,31.696767001534));
#8569 = CARTESIAN_POINT('',(-1.173939906828,31.697255647467));
#8570 = CARTESIAN_POINT('',(-1.30121526749,31.697578842177));
#8571 = CARTESIAN_POINT('',(-1.427169800949,31.697740919256));
#8572 = CARTESIAN_POINT('',(-1.553343034275,31.697740919256));
#8573 = ( GEOMETRIC_REPRESENTATION_CONTEXT(2) 
PARAMETRIC_REPRESENTATION_CONTEXT() REPRESENTATION_CONTEXT('2D SPACE',''
  ) );
#8574 = ORIENTED_EDGE('',*,*,#5897,.T.);
#8575 = ORIENTED_EDGE('',*,*,#8455,.F.);
#8576 = ADVANCED_FACE('',(#8577),#5885,.F.);
#8577 = FACE_BOUND('',#8578,.T.);
#8578 = EDGE_LOOP('',(#8579,#8580,#8581,#8604));
#8579 = ORIENTED_EDGE('',*,*,#5869,.F.);
#8580 = ORIENTED_EDGE('',*,*,#8521,.T.);
#8581 = ORIENTED_EDGE('',*,*,#8582,.T.);
#8582 = EDGE_CURVE('',#8502,#8583,#8585,.T.);
#8583 = VERTEX_POINT('',#8584);
#8584 = CARTESIAN_POINT('',(19.,57.80435094476,2.));
#8585 = SURFACE_CURVE('',#8586,(#8590,#8597),.PCURVE_S1.);
#8586 = LINE('',#8587,#8588);
#8587 = CARTESIAN_POINT('',(-19.,57.80435094476,2.));
#8588 = VECTOR('',#8589,1.);
#8589 = DIRECTION('',(1.,0.,0.));
#8590 = PCURVE('',#5885,#8591);
#8591 = DEFINITIONAL_REPRESENTATION('',(#8592),#8596);
#8592 = LINE('',#8593,#8594);
#8593 = CARTESIAN_POINT('',(-1.553343034275,0.));
#8594 = VECTOR('',#8595,1.);
#8595 = DIRECTION('',(-0.,1.));
#8596 = ( GEOMETRIC_REPRESENTATION_CONTEXT(2) 
PARAMETRIC_REPRESENTATION_CONTEXT() REPRESENTATION_CONTEXT('2D SPACE',''
  ) );
#8597 = PCURVE('',#7989,#8598);
#8598 = DEFINITIONAL_REPRESENTATION('',(#8599),#8603);
#8599 = LINE('',#8600,#8601);
#8600 = CARTESIAN_POINT('',(0.,8.80435094476));
#8601 = VECTOR('',#8602,1.);
#8602 = DIRECTION('',(1.,0.));
#8603 = ( GEOMETRIC_REPRESENTATION_CONTEXT(2) 
PARAMETRIC_REPRESENTATION_CONTEXT() REPRESENTATION_CONTEXT('2D SPACE',''
  ) );
#8604 = ORIENTED_EDGE('',*,*,#8605,.F.);
#8605 = EDGE_CURVE('',#5845,#8583,#8606,.T.);
#8606 = SURFACE_CURVE('',#8607,(#8612,#8618),.PCURVE_S1.);
#8607 = CIRCLE('',#8608,1.);
#8608 = AXIS2_PLACEMENT_3D('',#8609,#8610,#8611);
#8609 = CARTESIAN_POINT('',(19.,57.80435094476,3.));
#8610 = DIRECTION('',(-1.,0.,-0.));
#8611 = DIRECTION('',(0.,0.999847695156,-1.745240643728E-02));
#8612 = PCURVE('',#5885,#8613);
#8613 = DEFINITIONAL_REPRESENTATION('',(#8614),#8617);
#8614 = B_SPLINE_CURVE_WITH_KNOTS('',1,(#8615,#8616),.UNSPECIFIED.,.F.,
  .F.,(2,2),(0.,1.553343034275),.PIECEWISE_BEZIER_KNOTS.);
#8615 = CARTESIAN_POINT('',(0.,38.));
#8616 = CARTESIAN_POINT('',(-1.553343034275,38.));
#8617 = ( GEOMETRIC_REPRESENTATION_CONTEXT(2) 
PARAMETRIC_REPRESENTATION_CONTEXT() REPRESENTATION_CONTEXT('2D SPACE',''
  ) );
#8618 = PCURVE('',#8619,#8624);
#8619 = TOROIDAL_SURFACE('',#8620,8.80435094476,1.);
#8620 = AXIS2_PLACEMENT_3D('',#8621,#8622,#8623);
#8621 = CARTESIAN_POINT('',(19.,49.,3.));
#8622 = DIRECTION('',(-0.,-0.,-1.));
#8623 = DIRECTION('',(0.,1.,-0.));
#8624 = DEFINITIONAL_REPRESENTATION('',(#8625),#8628);
#8625 = B_SPLINE_CURVE_WITH_KNOTS('',1,(#8626,#8627),.UNSPECIFIED.,.F.,
  .F.,(2,2),(0.,1.553343034275),.PIECEWISE_BEZIER_KNOTS.);
#8626 = CARTESIAN_POINT('',(0.,1.745329251994E-02));
#8627 = CARTESIAN_POINT('',(0.,1.570796326795));
#8628 = ( GEOMETRIC_REPRESENTATION_CONTEXT(2) 
PARAMETRIC_REPRESENTATION_CONTEXT() REPRESENTATION_CONTEXT('2D SPACE',''
  ) );
#8629 = ADVANCED_FACE('',(#8630),#5858,.F.);
#8630 = FACE_BOUND('',#8631,.F.);
#8631 = EDGE_LOOP('',(#8632,#8633,#8634,#8654));
#8632 = ORIENTED_EDGE('',*,*,#5844,.T.);
#8633 = ORIENTED_EDGE('',*,*,#6684,.F.);
#8634 = ORIENTED_EDGE('',*,*,#8635,.F.);
#8635 = EDGE_CURVE('',#8636,#6685,#8638,.T.);
#8636 = VERTEX_POINT('',#8637);
#8637 = CARTESIAN_POINT('',(28.804198639916,49.,2.982547593563));
#8638 = SURFACE_CURVE('',#8639,(#8642,#8648),.PCURVE_S1.);
#8639 = B_SPLINE_CURVE_WITH_KNOTS('',1,(#8640,#8641),.UNSPECIFIED.,.F.,
  .F.,(2,2),(0.,1.),.PIECEWISE_BEZIER_KNOTS.);
#8640 = CARTESIAN_POINT('',(28.787048207876,49.,2.));
#8641 = CARTESIAN_POINT('',(29.,49.,14.2));
#8642 = PCURVE('',#5858,#8643);
#8643 = DEFINITIONAL_REPRESENTATION('',(#8644),#8647);
#8644 = B_SPLINE_CURVE_WITH_KNOTS('',1,(#8645,#8646),.UNSPECIFIED.,.F.,
  .F.,(2,2),(0.,1.),.PIECEWISE_BEZIER_KNOTS.);
#8645 = CARTESIAN_POINT('',(0.,0.));
#8646 = CARTESIAN_POINT('',(0.,12.2));
#8647 = ( GEOMETRIC_REPRESENTATION_CONTEXT(2) 
PARAMETRIC_REPRESENTATION_CONTEXT() REPRESENTATION_CONTEXT('2D SPACE',''
  ) );
#8648 = PCURVE('',#6724,#8649);
#8649 = DEFINITIONAL_REPRESENTATION('',(#8650),#8653);
#8650 = B_SPLINE_CURVE_WITH_KNOTS('',1,(#8651,#8652),.UNSPECIFIED.,.F.,
  .F.,(2,2),(0.,1.),.PIECEWISE_BEZIER_KNOTS.);
#8651 = CARTESIAN_POINT('',(49.,-12.20185840213));
#8652 = CARTESIAN_POINT('',(49.,0.));
#8653 = ( GEOMETRIC_REPRESENTATION_CONTEXT(2) 
PARAMETRIC_REPRESENTATION_CONTEXT() REPRESENTATION_CONTEXT('2D SPACE',''
  ) );
#8654 = ORIENTED_EDGE('',*,*,#8655,.F.);
#8655 = EDGE_CURVE('',#5845,#8636,#8656,.T.);
#8656 = SURFACE_CURVE('',#8657,(#8662,#8669),.PCURVE_S1.);
#8657 = CIRCLE('',#8658,9.804198639916);
#8658 = AXIS2_PLACEMENT_3D('',#8659,#8660,#8661);
#8659 = CARTESIAN_POINT('',(19.,49.,2.982547593563));
#8660 = DIRECTION('',(0.,-0.,-1.));
#8661 = DIRECTION('',(0.,1.,-0.));
#8662 = PCURVE('',#5858,#8663);
#8663 = DEFINITIONAL_REPRESENTATION('',(#8664),#8668);
#8664 = LINE('',#8665,#8666);
#8665 = CARTESIAN_POINT('',(1.570796326795,0.982547593563));
#8666 = VECTOR('',#8667,1.);
#8667 = DIRECTION('',(-1.,-0.));
#8668 = ( GEOMETRIC_REPRESENTATION_CONTEXT(2) 
PARAMETRIC_REPRESENTATION_CONTEXT() REPRESENTATION_CONTEXT('2D SPACE',''
  ) );
#8669 = PCURVE('',#8619,#8670);
#8670 = DEFINITIONAL_REPRESENTATION('',(#8671),#8675);
#8671 = LINE('',#8672,#8673);
#8672 = CARTESIAN_POINT('',(0.,1.745329251994E-02));
#8673 = VECTOR('',#8674,1.);
#8674 = DIRECTION('',(1.,0.));
#8675 = ( GEOMETRIC_REPRESENTATION_CONTEXT(2) 
PARAMETRIC_REPRESENTATION_CONTEXT() REPRESENTATION_CONTEXT('2D SPACE',''
  ) );
#8676 = ADVANCED_FACE('',(#8677),#6168,.F.);
#8677 = FACE_BOUND('',#8678,.T.);
#8678 = EDGE_LOOP('',(#8679,#8706,#8729,#8749));
#8679 = ORIENTED_EDGE('',*,*,#8680,.T.);
#8680 = EDGE_CURVE('',#6151,#8681,#8683,.T.);
#8681 = VERTEX_POINT('',#8682);
#8682 = CARTESIAN_POINT('',(19.,-57.80435094476,2.));
#8683 = SURFACE_CURVE('',#8684,(#8689,#8695),.PCURVE_S1.);
#8684 = CIRCLE('',#8685,1.);
#8685 = AXIS2_PLACEMENT_3D('',#8686,#8687,#8688);
#8686 = CARTESIAN_POINT('',(19.,-57.80435094476,3.));
#8687 = DIRECTION('',(1.,6.123233995737E-17,0.));
#8688 = DIRECTION('',(6.123233995737E-17,-1.,0.));
#8689 = PCURVE('',#6168,#8690);
#8690 = DEFINITIONAL_REPRESENTATION('',(#8691),#8694);
#8691 = B_SPLINE_CURVE_WITH_KNOTS('',1,(#8692,#8693),.UNSPECIFIED.,.F.,
  .F.,(2,2),(1.745329251994E-02,1.570796326795),
  .PIECEWISE_BEZIER_KNOTS.);
#8692 = CARTESIAN_POINT('',(0.,0.));
#8693 = CARTESIAN_POINT('',(-1.553343034275,0.));
#8694 = ( GEOMETRIC_REPRESENTATION_CONTEXT(2) 
PARAMETRIC_REPRESENTATION_CONTEXT() REPRESENTATION_CONTEXT('2D SPACE',''
  ) );
#8695 = PCURVE('',#8696,#8701);
#8696 = TOROIDAL_SURFACE('',#8697,8.80435094476,1.);
#8697 = AXIS2_PLACEMENT_3D('',#8698,#8699,#8700);
#8698 = CARTESIAN_POINT('',(19.,-49.,3.));
#8699 = DIRECTION('',(-0.,-0.,-1.));
#8700 = DIRECTION('',(1.,0.,0.));
#8701 = DEFINITIONAL_REPRESENTATION('',(#8702),#8705);
#8702 = B_SPLINE_CURVE_WITH_KNOTS('',1,(#8703,#8704),.UNSPECIFIED.,.F.,
  .F.,(2,2),(1.745329251994E-02,1.570796326795),
  .PIECEWISE_BEZIER_KNOTS.);
#8703 = CARTESIAN_POINT('',(1.570796326795,1.745329251994E-02));
#8704 = CARTESIAN_POINT('',(1.570796326795,1.570796326795));
#8705 = ( GEOMETRIC_REPRESENTATION_CONTEXT(2) 
PARAMETRIC_REPRESENTATION_CONTEXT() REPRESENTATION_CONTEXT('2D SPACE',''
  ) );
#8706 = ORIENTED_EDGE('',*,*,#8707,.T.);
#8707 = EDGE_CURVE('',#8681,#8708,#8710,.T.);
#8708 = VERTEX_POINT('',#8709);
#8709 = CARTESIAN_POINT('',(-19.,-57.80435094476,2.));
#8710 = SURFACE_CURVE('',#8711,(#8715,#8722),.PCURVE_S1.);
#8711 = LINE('',#8712,#8713);
#8712 = CARTESIAN_POINT('',(19.,-57.80435094476,2.));
#8713 = VECTOR('',#8714,1.);
#8714 = DIRECTION('',(-1.,-0.,-0.));
#8715 = PCURVE('',#6168,#8716);
#8716 = DEFINITIONAL_REPRESENTATION('',(#8717),#8721);
#8717 = LINE('',#8718,#8719);
#8718 = CARTESIAN_POINT('',(-1.553343034275,0.));
#8719 = VECTOR('',#8720,1.);
#8720 = DIRECTION('',(-0.,1.));
#8721 = ( GEOMETRIC_REPRESENTATION_CONTEXT(2) 
PARAMETRIC_REPRESENTATION_CONTEXT() REPRESENTATION_CONTEXT('2D SPACE',''
  ) );
#8722 = PCURVE('',#7989,#8723);
#8723 = DEFINITIONAL_REPRESENTATION('',(#8724),#8728);
#8724 = LINE('',#8725,#8726);
#8725 = CARTESIAN_POINT('',(38.,-106.8043509447));
#8726 = VECTOR('',#8727,1.);
#8727 = DIRECTION('',(-1.,-0.));
#8728 = ( GEOMETRIC_REPRESENTATION_CONTEXT(2) 
PARAMETRIC_REPRESENTATION_CONTEXT() REPRESENTATION_CONTEXT('2D SPACE',''
  ) );
#8729 = ORIENTED_EDGE('',*,*,#8730,.F.);
#8730 = EDGE_CURVE('',#6153,#8708,#8731,.T.);
#8731 = SURFACE_CURVE('',#8732,(#8737,#8743),.PCURVE_S1.);
#8732 = CIRCLE('',#8733,1.);
#8733 = AXIS2_PLACEMENT_3D('',#8734,#8735,#8736);
#8734 = CARTESIAN_POINT('',(-19.,-57.80435094476,3.));
#8735 = DIRECTION('',(1.,0.,0.));
#8736 = DIRECTION('',(0.,-0.999847695156,-1.745240643728E-02));
#8737 = PCURVE('',#6168,#8738);
#8738 = DEFINITIONAL_REPRESENTATION('',(#8739),#8742);
#8739 = B_SPLINE_CURVE_WITH_KNOTS('',1,(#8740,#8741),.UNSPECIFIED.,.F.,
  .F.,(2,2),(0.,1.553343034275),.PIECEWISE_BEZIER_KNOTS.);
#8740 = CARTESIAN_POINT('',(0.,38.));
#8741 = CARTESIAN_POINT('',(-1.553343034275,38.));
#8742 = ( GEOMETRIC_REPRESENTATION_CONTEXT(2) 
PARAMETRIC_REPRESENTATION_CONTEXT() REPRESENTATION_CONTEXT('2D SPACE',''
  ) );
#8743 = PCURVE('',#7935,#8744);
#8744 = DEFINITIONAL_REPRESENTATION('',(#8745),#8748);
#8745 = B_SPLINE_CURVE_WITH_KNOTS('',1,(#8746,#8747),.UNSPECIFIED.,.F.,
  .F.,(2,2),(0.,1.553343034275),.PIECEWISE_BEZIER_KNOTS.);
#8746 = CARTESIAN_POINT('',(0.,1.745329251994E-02));
#8747 = CARTESIAN_POINT('',(0.,1.570796326795));
#8748 = ( GEOMETRIC_REPRESENTATION_CONTEXT(2) 
PARAMETRIC_REPRESENTATION_CONTEXT() REPRESENTATION_CONTEXT('2D SPACE',''
  ) );
#8749 = ORIENTED_EDGE('',*,*,#6150,.F.);
#8750 = ADVANCED_FACE('',(#8751),#6194,.F.);
#8751 = FACE_BOUND('',#8752,.F.);
#8752 = EDGE_LOOP('',(#8753,#8773,#8774,#8775));
#8753 = ORIENTED_EDGE('',*,*,#8754,.T.);
#8754 = EDGE_CURVE('',#8755,#6709,#8757,.T.);
#8755 = VERTEX_POINT('',#8756);
#8756 = CARTESIAN_POINT('',(28.804198639916,-49.,2.982547593563));
#8757 = SURFACE_CURVE('',#8758,(#8761,#8767),.PCURVE_S1.);
#8758 = B_SPLINE_CURVE_WITH_KNOTS('',1,(#8759,#8760),.UNSPECIFIED.,.F.,
  .F.,(2,2),(0.,1.),.PIECEWISE_BEZIER_KNOTS.);
#8759 = CARTESIAN_POINT('',(28.787048207876,-49.,2.));
#8760 = CARTESIAN_POINT('',(29.,-49.,14.2));
#8761 = PCURVE('',#6194,#8762);
#8762 = DEFINITIONAL_REPRESENTATION('',(#8763),#8766);
#8763 = B_SPLINE_CURVE_WITH_KNOTS('',1,(#8764,#8765),.UNSPECIFIED.,.F.,
  .F.,(2,2),(0.,1.),.PIECEWISE_BEZIER_KNOTS.);
#8764 = CARTESIAN_POINT('',(6.28318530718,0.));
#8765 = CARTESIAN_POINT('',(6.28318530718,12.2));
#8766 = ( GEOMETRIC_REPRESENTATION_CONTEXT(2) 
PARAMETRIC_REPRESENTATION_CONTEXT() REPRESENTATION_CONTEXT('2D SPACE',''
  ) );
#8767 = PCURVE('',#6724,#8768);
#8768 = DEFINITIONAL_REPRESENTATION('',(#8769),#8772);
#8769 = B_SPLINE_CURVE_WITH_KNOTS('',1,(#8770,#8771),.UNSPECIFIED.,.F.,
  .F.,(2,2),(0.,1.),.PIECEWISE_BEZIER_KNOTS.);
#8770 = CARTESIAN_POINT('',(-49.,-12.20185840213));
#8771 = CARTESIAN_POINT('',(-49.,0.));
#8772 = ( GEOMETRIC_REPRESENTATION_CONTEXT(2) 
PARAMETRIC_REPRESENTATION_CONTEXT() REPRESENTATION_CONTEXT('2D SPACE',''
  ) );
#8773 = ORIENTED_EDGE('',*,*,#6736,.F.);
#8774 = ORIENTED_EDGE('',*,*,#6180,.F.);
#8775 = ORIENTED_EDGE('',*,*,#8776,.F.);
#8776 = EDGE_CURVE('',#8755,#6151,#8777,.T.);
#8777 = SURFACE_CURVE('',#8778,(#8783,#8790),.PCURVE_S1.);
#8778 = CIRCLE('',#8779,9.804198639916);
#8779 = AXIS2_PLACEMENT_3D('',#8780,#8781,#8782);
#8780 = CARTESIAN_POINT('',(19.,-49.,2.982547593563));
#8781 = DIRECTION('',(0.,0.,-1.));
#8782 = DIRECTION('',(1.,0.,0.));
#8783 = PCURVE('',#6194,#8784);
#8784 = DEFINITIONAL_REPRESENTATION('',(#8785),#8789);
#8785 = LINE('',#8786,#8787);
#8786 = CARTESIAN_POINT('',(6.28318530718,0.982547593563));
#8787 = VECTOR('',#8788,1.);
#8788 = DIRECTION('',(-1.,-0.));
#8789 = ( GEOMETRIC_REPRESENTATION_CONTEXT(2) 
PARAMETRIC_REPRESENTATION_CONTEXT() REPRESENTATION_CONTEXT('2D SPACE',''
  ) );
#8790 = PCURVE('',#8696,#8791);
#8791 = DEFINITIONAL_REPRESENTATION('',(#8792),#8796);
#8792 = LINE('',#8793,#8794);
#8793 = CARTESIAN_POINT('',(0.,1.745329251994E-02));
#8794 = VECTOR('',#8795,1.);
#8795 = DIRECTION('',(1.,0.));
#8796 = ( GEOMETRIC_REPRESENTATION_CONTEXT(2) 
PARAMETRIC_REPRESENTATION_CONTEXT() REPRESENTATION_CONTEXT('2D SPACE',''
  ) );
#8797 = ADVANCED_FACE('',(#8798),#6513,.F.);
#8798 = FACE_BOUND('',#8799,.F.);
#8799 = EDGE_LOOP('',(#8800,#8801,#8802,#8820));
#8800 = ORIENTED_EDGE('',*,*,#6569,.F.);
#8801 = ORIENTED_EDGE('',*,*,#6594,.T.);
#8802 = ORIENTED_EDGE('',*,*,#8803,.T.);
#8803 = EDGE_CURVE('',#6595,#6471,#8804,.T.);
#8804 = SURFACE_CURVE('',#8805,(#8808,#8814),.PCURVE_S1.);
#8805 = B_SPLINE_CURVE_WITH_KNOTS('',1,(#8806,#8807),.UNSPECIFIED.,.F.,
  .F.,(2,2),(0.,1.),.PIECEWISE_BEZIER_KNOTS.);
#8806 = CARTESIAN_POINT('',(29.,-49.,14.18));
#8807 = CARTESIAN_POINT('',(29.026357148042,-49.,15.71));
#8808 = PCURVE('',#6513,#8809);
#8809 = DEFINITIONAL_REPRESENTATION('',(#8810),#8813);
#8810 = B_SPLINE_CURVE_WITH_KNOTS('',1,(#8811,#8812),.UNSPECIFIED.,.F.,
  .F.,(2,2),(0.,1.),.PIECEWISE_BEZIER_KNOTS.);
#8811 = CARTESIAN_POINT('',(6.28318530718,0.));
#8812 = CARTESIAN_POINT('',(6.28318530718,1.53));
#8813 = ( GEOMETRIC_REPRESENTATION_CONTEXT(2) 
PARAMETRIC_REPRESENTATION_CONTEXT() REPRESENTATION_CONTEXT('2D SPACE',''
  ) );
#8814 = PCURVE('',#6485,#8815);
#8815 = DEFINITIONAL_REPRESENTATION('',(#8816),#8819);
#8816 = B_SPLINE_CURVE_WITH_KNOTS('',1,(#8817,#8818),.UNSPECIFIED.,.F.,
  .F.,(2,2),(0.,1.),.PIECEWISE_BEZIER_KNOTS.);
#8817 = CARTESIAN_POINT('',(-49.,-1.530227009059));
#8818 = CARTESIAN_POINT('',(-49.,0.));
#8819 = ( GEOMETRIC_REPRESENTATION_CONTEXT(2) 
PARAMETRIC_REPRESENTATION_CONTEXT() REPRESENTATION_CONTEXT('2D SPACE',''
  ) );
#8820 = ORIENTED_EDGE('',*,*,#6496,.F.);
#8821 = ADVANCED_FACE('',(#8822),#6485,.F.);
#8822 = FACE_BOUND('',#8823,.F.);
#8823 = EDGE_LOOP('',(#8824,#8825,#8826,#8844));
#8824 = ORIENTED_EDGE('',*,*,#8803,.F.);
#8825 = ORIENTED_EDGE('',*,*,#6618,.T.);
#8826 = ORIENTED_EDGE('',*,*,#8827,.T.);
#8827 = EDGE_CURVE('',#6619,#6442,#8828,.T.);
#8828 = SURFACE_CURVE('',#8829,(#8832,#8838),.PCURVE_S1.);
#8829 = B_SPLINE_CURVE_WITH_KNOTS('',1,(#8830,#8831),.UNSPECIFIED.,.F.,
  .F.,(2,2),(0.,1.),.PIECEWISE_BEZIER_KNOTS.);
#8830 = CARTESIAN_POINT('',(29.,49.,14.18));
#8831 = CARTESIAN_POINT('',(29.026357148042,49.,15.71));
#8832 = PCURVE('',#6485,#8833);
#8833 = DEFINITIONAL_REPRESENTATION('',(#8834),#8837);
#8834 = B_SPLINE_CURVE_WITH_KNOTS('',1,(#8835,#8836),.UNSPECIFIED.,.F.,
  .F.,(2,2),(0.,1.),.PIECEWISE_BEZIER_KNOTS.);
#8835 = CARTESIAN_POINT('',(49.,-1.530227009059));
#8836 = CARTESIAN_POINT('',(49.,0.));
#8837 = ( GEOMETRIC_REPRESENTATION_CONTEXT(2) 
PARAMETRIC_REPRESENTATION_CONTEXT() REPRESENTATION_CONTEXT('2D SPACE',''
  ) );
#8838 = PCURVE('',#6458,#8839);
#8839 = DEFINITIONAL_REPRESENTATION('',(#8840),#8843);
#8840 = B_SPLINE_CURVE_WITH_KNOTS('',1,(#8841,#8842),.UNSPECIFIED.,.F.,
  .F.,(2,2),(0.,1.),.PIECEWISE_BEZIER_KNOTS.);
#8841 = CARTESIAN_POINT('',(0.,0.));
#8842 = CARTESIAN_POINT('',(0.,1.53));
#8843 = ( GEOMETRIC_REPRESENTATION_CONTEXT(2) 
PARAMETRIC_REPRESENTATION_CONTEXT() REPRESENTATION_CONTEXT('2D SPACE',''
  ) );
#8844 = ORIENTED_EDGE('',*,*,#6470,.F.);
#8845 = ADVANCED_FACE('',(#8846),#6458,.F.);
#8846 = FACE_BOUND('',#8847,.F.);
#8847 = EDGE_LOOP('',(#8848,#8849,#8850,#8851));
#8848 = ORIENTED_EDGE('',*,*,#8827,.F.);
#8849 = ORIENTED_EDGE('',*,*,#6639,.T.);
#8850 = ORIENTED_EDGE('',*,*,#7247,.T.);
#8851 = ORIENTED_EDGE('',*,*,#6441,.F.);
#8852 = ADVANCED_FACE('',(#8853),#6724,.F.);
#8853 = FACE_BOUND('',#8854,.F.);
#8854 = EDGE_LOOP('',(#8855,#8883,#8884,#8885,#8886,#8914,#8948,#8974,
    #9008,#9036,#9070,#9096,#9130,#9158,#9192,#9218,#9252,#9280,#9314,
    #9340));
#8855 = ORIENTED_EDGE('',*,*,#8856,.F.);
#8856 = EDGE_CURVE('',#8636,#8857,#8859,.T.);
#8857 = VERTEX_POINT('',#8858);
#8858 = CARTESIAN_POINT('',(28.804198639916,41.814166356309,
    2.982547593563));
#8859 = SURFACE_CURVE('',#8860,(#8864,#8871),.PCURVE_S1.);
#8860 = LINE('',#8861,#8862);
#8861 = CARTESIAN_POINT('',(28.804198639916,49.,2.982547593563));
#8862 = VECTOR('',#8863,1.);
#8863 = DIRECTION('',(-0.,-1.,-0.));
#8864 = PCURVE('',#6724,#8865);
#8865 = DEFINITIONAL_REPRESENTATION('',(#8866),#8870);
#8866 = LINE('',#8867,#8868);
#8867 = CARTESIAN_POINT('',(49.,-11.21916113902));
#8868 = VECTOR('',#8869,1.);
#8869 = DIRECTION('',(-1.,0.));
#8870 = ( GEOMETRIC_REPRESENTATION_CONTEXT(2) 
PARAMETRIC_REPRESENTATION_CONTEXT() REPRESENTATION_CONTEXT('2D SPACE',''
  ) );
#8871 = PCURVE('',#8872,#8877);
#8872 = CYLINDRICAL_SURFACE('',#8873,1.);
#8873 = AXIS2_PLACEMENT_3D('',#8874,#8875,#8876);
#8874 = CARTESIAN_POINT('',(27.80435094476,49.,3.));
#8875 = DIRECTION('',(-0.,-1.,-0.));
#8876 = DIRECTION('',(0.999847695156,0.,-1.745240643728E-02));
#8877 = DEFINITIONAL_REPRESENTATION('',(#8878),#8882);
#8878 = LINE('',#8879,#8880);
#8879 = CARTESIAN_POINT('',(-0.,0.));
#8880 = VECTOR('',#8881,1.);
#8881 = DIRECTION('',(-0.,1.));
#8882 = ( GEOMETRIC_REPRESENTATION_CONTEXT(2) 
PARAMETRIC_REPRESENTATION_CONTEXT() REPRESENTATION_CONTEXT('2D SPACE',''
  ) );
#8883 = ORIENTED_EDGE('',*,*,#8635,.T.);
#8884 = ORIENTED_EDGE('',*,*,#6708,.F.);
#8885 = ORIENTED_EDGE('',*,*,#8754,.F.);
#8886 = ORIENTED_EDGE('',*,*,#8887,.F.);
#8887 = EDGE_CURVE('',#8888,#8755,#8890,.T.);
#8888 = VERTEX_POINT('',#8889);
#8889 = CARTESIAN_POINT('',(28.804198639916,-45.57171262072,
    2.982547593563));
#8890 = SURFACE_CURVE('',#8891,(#8895,#8902),.PCURVE_S1.);
#8891 = LINE('',#8892,#8893);
#8892 = CARTESIAN_POINT('',(28.804198639916,49.,2.982547593563));
#8893 = VECTOR('',#8894,1.);
#8894 = DIRECTION('',(-0.,-1.,-0.));
#8895 = PCURVE('',#6724,#8896);
#8896 = DEFINITIONAL_REPRESENTATION('',(#8897),#8901);
#8897 = LINE('',#8898,#8899);
#8898 = CARTESIAN_POINT('',(49.,-11.21916113902));
#8899 = VECTOR('',#8900,1.);
#8900 = DIRECTION('',(-1.,0.));
#8901 = ( GEOMETRIC_REPRESENTATION_CONTEXT(2) 
PARAMETRIC_REPRESENTATION_CONTEXT() REPRESENTATION_CONTEXT('2D SPACE',''
  ) );
#8902 = PCURVE('',#8903,#8908);
#8903 = CYLINDRICAL_SURFACE('',#8904,1.);
#8904 = AXIS2_PLACEMENT_3D('',#8905,#8906,#8907);
#8905 = CARTESIAN_POINT('',(27.80435094476,49.,3.));
#8906 = DIRECTION('',(-0.,-1.,-0.));
#8907 = DIRECTION('',(0.999847695156,0.,-1.745240643728E-02));
#8908 = DEFINITIONAL_REPRESENTATION('',(#8909),#8913);
#8909 = LINE('',#8910,#8911);
#8910 = CARTESIAN_POINT('',(-0.,0.));
#8911 = VECTOR('',#8912,1.);
#8912 = DIRECTION('',(-0.,1.));
#8913 = ( GEOMETRIC_REPRESENTATION_CONTEXT(2) 
PARAMETRIC_REPRESENTATION_CONTEXT() REPRESENTATION_CONTEXT('2D SPACE',''
  ) );
#8914 = ORIENTED_EDGE('',*,*,#8915,.T.);
#8915 = EDGE_CURVE('',#8888,#8916,#8918,.T.);
#8916 = VERTEX_POINT('',#8917);
#8917 = CARTESIAN_POINT('',(28.947634805215,-45.5,11.2));
#8918 = SURFACE_CURVE('',#8919,(#8925,#8934),.PCURVE_S1.);
#8919 = B_SPLINE_CURVE_WITH_KNOTS('',4,(#8920,#8921,#8922,#8923,#8924),
  .UNSPECIFIED.,.F.,.F.,(5,5),(0.,1.),.PIECEWISE_BEZIER_KNOTS.);
#8920 = CARTESIAN_POINT('',(28.804198639916,-45.57171262072,
    2.982547593563));
#8921 = CARTESIAN_POINT('',(28.840058154655,-45.55378422885,
    5.036937817034));
#8922 = CARTESIAN_POINT('',(28.875917364753,-45.53585598929,
    7.091310587644));
#8923 = CARTESIAN_POINT('',(28.911776254295,-45.51792790999,
    9.145664993663));
#8924 = CARTESIAN_POINT('',(28.947634805215,-45.5,11.2));
#8925 = PCURVE('',#6724,#8926);
#8926 = DEFINITIONAL_REPRESENTATION('',(#8927),#8933);
#8927 = B_SPLINE_CURVE_WITH_KNOTS('',4,(#8928,#8929,#8930,#8931,#8932),
  .UNSPECIFIED.,.F.,.F.,(5,5),(0.,1.),.PIECEWISE_BEZIER_KNOTS.);
#8928 = CARTESIAN_POINT('',(-45.57171262072,-11.21916113902));
#8929 = CARTESIAN_POINT('',(-45.55378422885,-9.164457974305));
#8930 = CARTESIAN_POINT('',(-45.53585598929,-7.109772265109));
#8931 = CARTESIAN_POINT('',(-45.51792790999,-5.055104923301));
#8932 = CARTESIAN_POINT('',(-45.5,-3.000456984132));
#8933 = ( GEOMETRIC_REPRESENTATION_CONTEXT(2) 
PARAMETRIC_REPRESENTATION_CONTEXT() REPRESENTATION_CONTEXT('2D SPACE',''
  ) );
#8934 = PCURVE('',#8935,#8940);
#8935 = B_SPLINE_SURFACE_WITH_KNOTS('',1,1,(
    (#8936,#8937)
    ,(#8938,#8939
    )),.UNSPECIFIED.,.F.,.F.,.F.,(2,2),(2,2),(-3.432032557233,
    3.432032557233),(0.,1.),.PIECEWISE_BEZIER_KNOTS.);
#8936 = CARTESIAN_POINT('',(22.517967442767,-45.58203255723,1.8));
#8937 = CARTESIAN_POINT('',(22.6,-45.5,11.2));
#8938 = CARTESIAN_POINT('',(29.382032557233,-45.58203255723,1.8));
#8939 = CARTESIAN_POINT('',(29.3,-45.5,11.2));
#8940 = DEFINITIONAL_REPRESENTATION('',(#8941),#8947);
#8941 = B_SPLINE_CURVE_WITH_KNOTS('',4,(#8942,#8943,#8944,#8945,#8946),
  .UNSPECIFIED.,.F.,.F.,(5,5),(0.,1.),.PIECEWISE_BEZIER_KNOTS.);
#8942 = CARTESIAN_POINT('',(2.862806946641,0.125802935485));
#8943 = CARTESIAN_POINT('',(2.913774566132,0.344355086918));
#8944 = CARTESIAN_POINT('',(2.96545388669,0.562905381664));
#8945 = CARTESIAN_POINT('',(3.017867230851,0.78145372273));
#8946 = CARTESIAN_POINT('',(3.071038879461,1.));
#8947 = ( GEOMETRIC_REPRESENTATION_CONTEXT(2) 
PARAMETRIC_REPRESENTATION_CONTEXT() REPRESENTATION_CONTEXT('2D SPACE',''
  ) );
#8948 = ORIENTED_EDGE('',*,*,#8949,.F.);
#8949 = EDGE_CURVE('',#8950,#8916,#8952,.T.);
#8950 = VERTEX_POINT('',#8951);
#8951 = CARTESIAN_POINT('',(28.947634805215,-44.5,11.2));
#8952 = SURFACE_CURVE('',#8953,(#8957,#8963),.PCURVE_S1.);
#8953 = LINE('',#8954,#8955);
#8954 = CARTESIAN_POINT('',(28.947634805215,-22.75,11.2));
#8955 = VECTOR('',#8956,1.);
#8956 = DIRECTION('',(0.,-1.,0.));
#8957 = PCURVE('',#6724,#8958);
#8958 = DEFINITIONAL_REPRESENTATION('',(#8959),#8962);
#8959 = B_SPLINE_CURVE_WITH_KNOTS('',1,(#8960,#8961),.UNSPECIFIED.,.F.,
  .F.,(2,2),(20.802591820117,22.802591820117),.PIECEWISE_BEZIER_KNOTS.);
#8960 = CARTESIAN_POINT('',(-43.55259182011,-3.000456984132));
#8961 = CARTESIAN_POINT('',(-45.55259182011,-3.000456984132));
#8962 = ( GEOMETRIC_REPRESENTATION_CONTEXT(2) 
PARAMETRIC_REPRESENTATION_CONTEXT() REPRESENTATION_CONTEXT('2D SPACE',''
  ) );
#8963 = PCURVE('',#8964,#8969);
#8964 = PLANE('',#8965);
#8965 = AXIS2_PLACEMENT_3D('',#8966,#8967,#8968);
#8966 = CARTESIAN_POINT('',(22.6,-45.5,11.2));
#8967 = DIRECTION('',(0.,0.,1.));
#8968 = DIRECTION('',(0.989044367093,0.147618562253,-0.));
#8969 = DEFINITIONAL_REPRESENTATION('',(#8970),#8973);
#8970 = B_SPLINE_CURVE_WITH_KNOTS('',1,(#8971,#8972),.UNSPECIFIED.,.F.,
  .F.,(2,2),(20.802591820117,22.802591820117),.PIECEWISE_BEZIER_KNOTS.);
#8971 = CARTESIAN_POINT('',(6.565566044095,0.989044367093));
#8972 = CARTESIAN_POINT('',(6.27032891959,-0.989044367093));
#8973 = ( GEOMETRIC_REPRESENTATION_CONTEXT(2) 
PARAMETRIC_REPRESENTATION_CONTEXT() REPRESENTATION_CONTEXT('2D SPACE',''
  ) );
#8974 = ORIENTED_EDGE('',*,*,#8975,.F.);
#8975 = EDGE_CURVE('',#8976,#8950,#8978,.T.);
#8976 = VERTEX_POINT('',#8977);
#8977 = CARTESIAN_POINT('',(28.804198639916,-44.42828737927,
    2.982547593563));
#8978 = SURFACE_CURVE('',#8979,(#8985,#8994),.PCURVE_S1.);
#8979 = B_SPLINE_CURVE_WITH_KNOTS('',4,(#8980,#8981,#8982,#8983,#8984),
  .UNSPECIFIED.,.F.,.F.,(5,5),(0.,1.),.PIECEWISE_BEZIER_KNOTS.);
#8980 = CARTESIAN_POINT('',(28.804198639916,-44.42828737927,
    2.982547593563));
#8981 = CARTESIAN_POINT('',(28.840058154655,-44.44621577114,
    5.036937817034));
#8982 = CARTESIAN_POINT('',(28.875917364753,-44.4641440107,
    7.091310587643));
#8983 = CARTESIAN_POINT('',(28.911776254295,-44.48207209,9.145664993664)
  );
#8984 = CARTESIAN_POINT('',(28.947634805215,-44.5,11.2));
#8985 = PCURVE('',#6724,#8986);
#8986 = DEFINITIONAL_REPRESENTATION('',(#8987),#8993);
#8987 = B_SPLINE_CURVE_WITH_KNOTS('',4,(#8988,#8989,#8990,#8991,#8992),
  .UNSPECIFIED.,.F.,.F.,(5,5),(0.,1.),.PIECEWISE_BEZIER_KNOTS.);
#8988 = CARTESIAN_POINT('',(-44.42828737927,-11.21916113902));
#8989 = CARTESIAN_POINT('',(-44.44621577114,-9.164457974305));
#8990 = CARTESIAN_POINT('',(-44.4641440107,-7.10977226511));
#8991 = CARTESIAN_POINT('',(-44.48207209,-5.055104923301));
#8992 = CARTESIAN_POINT('',(-44.5,-3.000456984132));
#8993 = ( GEOMETRIC_REPRESENTATION_CONTEXT(2) 
PARAMETRIC_REPRESENTATION_CONTEXT() REPRESENTATION_CONTEXT('2D SPACE',''
  ) );
#8994 = PCURVE('',#8995,#9000);
#8995 = B_SPLINE_SURFACE_WITH_KNOTS('',1,1,(
    (#8996,#8997)
    ,(#8998,#8999
    )),.UNSPECIFIED.,.F.,.F.,.F.,(2,2),(2,2),(-3.432032557233,
    3.432032557233),(0.,1.),.PIECEWISE_BEZIER_KNOTS.);
#8996 = CARTESIAN_POINT('',(29.382032557233,-44.41796744276,1.8));
#8997 = CARTESIAN_POINT('',(29.3,-44.5,11.2));
#8998 = CARTESIAN_POINT('',(22.517967442767,-44.41796744276,1.8));
#8999 = CARTESIAN_POINT('',(22.6,-44.5,11.2));
#9000 = DEFINITIONAL_REPRESENTATION('',(#9001),#9007);
#9001 = B_SPLINE_CURVE_WITH_KNOTS('',4,(#9002,#9003,#9004,#9005,#9006),
  .UNSPECIFIED.,.F.,.F.,(5,5),(0.,1.),.PIECEWISE_BEZIER_KNOTS.);
#9002 = CARTESIAN_POINT('',(-2.862806946641,0.125802935485));
#9003 = CARTESIAN_POINT('',(-2.913774566132,0.344355086919));
#9004 = CARTESIAN_POINT('',(-2.96545388669,0.562905381664));
#9005 = CARTESIAN_POINT('',(-3.017867230851,0.78145372273));
#9006 = CARTESIAN_POINT('',(-3.071038879461,1.));
#9007 = ( GEOMETRIC_REPRESENTATION_CONTEXT(2) 
PARAMETRIC_REPRESENTATION_CONTEXT() REPRESENTATION_CONTEXT('2D SPACE',''
  ) );
#9008 = ORIENTED_EDGE('',*,*,#9009,.F.);
#9009 = EDGE_CURVE('',#9010,#8976,#9012,.T.);
#9010 = VERTEX_POINT('',#9011);
#9011 = CARTESIAN_POINT('',(28.804198639916,-16.49251351158,
    2.982547593563));
#9012 = SURFACE_CURVE('',#9013,(#9017,#9024),.PCURVE_S1.);
#9013 = LINE('',#9014,#9015);
#9014 = CARTESIAN_POINT('',(28.804198639916,49.,2.982547593563));
#9015 = VECTOR('',#9016,1.);
#9016 = DIRECTION('',(-0.,-1.,-0.));
#9017 = PCURVE('',#6724,#9018);
#9018 = DEFINITIONAL_REPRESENTATION('',(#9019),#9023);
#9019 = LINE('',#9020,#9021);
#9020 = CARTESIAN_POINT('',(49.,-11.21916113902));
#9021 = VECTOR('',#9022,1.);
#9022 = DIRECTION('',(-1.,0.));
#9023 = ( GEOMETRIC_REPRESENTATION_CONTEXT(2) 
PARAMETRIC_REPRESENTATION_CONTEXT() REPRESENTATION_CONTEXT('2D SPACE',''
  ) );
#9024 = PCURVE('',#9025,#9030);
#9025 = CYLINDRICAL_SURFACE('',#9026,1.);
#9026 = AXIS2_PLACEMENT_3D('',#9027,#9028,#9029);
#9027 = CARTESIAN_POINT('',(27.80435094476,49.,3.));
#9028 = DIRECTION('',(-0.,-1.,-0.));
#9029 = DIRECTION('',(0.999847695156,0.,-1.745240643728E-02));
#9030 = DEFINITIONAL_REPRESENTATION('',(#9031),#9035);
#9031 = LINE('',#9032,#9033);
#9032 = CARTESIAN_POINT('',(-0.,0.));
#9033 = VECTOR('',#9034,1.);
#9034 = DIRECTION('',(-0.,1.));
#9035 = ( GEOMETRIC_REPRESENTATION_CONTEXT(2) 
PARAMETRIC_REPRESENTATION_CONTEXT() REPRESENTATION_CONTEXT('2D SPACE',''
  ) );
#9036 = ORIENTED_EDGE('',*,*,#9037,.T.);
#9037 = EDGE_CURVE('',#9010,#9038,#9040,.T.);
#9038 = VERTEX_POINT('',#9039);
#9039 = CARTESIAN_POINT('',(28.909233662373,-16.44,9.));
#9040 = SURFACE_CURVE('',#9041,(#9047,#9056),.PCURVE_S1.);
#9041 = B_SPLINE_CURVE_WITH_KNOTS('',4,(#9042,#9043,#9044,#9045,#9046),
  .UNSPECIFIED.,.F.,.F.,(5,5),(0.,1.),.PIECEWISE_BEZIER_KNOTS.);
#9042 = CARTESIAN_POINT('',(28.804198639916,-16.49251351158,
    2.982547593563));
#9043 = CARTESIAN_POINT('',(28.830457703801,-16.47938497956,
    4.486928355985));
#9044 = CARTESIAN_POINT('',(28.856716568749,-16.466256547,5.991297721281
    ));
#9045 = CARTESIAN_POINT('',(28.88297522519,-16.45312821869,
    7.495655141273));
#9046 = CARTESIAN_POINT('',(28.909233662373,-16.44,9.));
#9047 = PCURVE('',#6724,#9048);
#9048 = DEFINITIONAL_REPRESENTATION('',(#9049),#9055);
#9049 = B_SPLINE_CURVE_WITH_KNOTS('',4,(#9050,#9051,#9052,#9053,#9054),
  .UNSPECIFIED.,.F.,.F.,(5,5),(0.,1.),.PIECEWISE_BEZIER_KNOTS.);
#9050 = CARTESIAN_POINT('',(-16.49251351158,-11.21916113902));
#9051 = CARTESIAN_POINT('',(-16.47938497956,-9.714551217219));
#9052 = CARTESIAN_POINT('',(-16.466256547,-8.20995269428));
#9053 = CARTESIAN_POINT('',(-16.45312821869,-6.705366118465));
#9054 = CARTESIAN_POINT('',(-16.44,-5.200792105828));
#9055 = ( GEOMETRIC_REPRESENTATION_CONTEXT(2) 
PARAMETRIC_REPRESENTATION_CONTEXT() REPRESENTATION_CONTEXT('2D SPACE',''
  ) );
#9056 = PCURVE('',#9057,#9062);
#9057 = B_SPLINE_SURFACE_WITH_KNOTS('',1,1,(
    (#9058,#9059)
    ,(#9060,#9061
    )),.UNSPECIFIED.,.F.,.F.,.F.,(2,2),(2,2),(-2.732833448093,
    2.732833448093),(0.,1.),.PIECEWISE_BEZIER_KNOTS.);
#9058 = CARTESIAN_POINT('',(23.897166551907,-16.50283344809,1.8));
#9059 = CARTESIAN_POINT('',(23.96,-16.44,9.));
#9060 = CARTESIAN_POINT('',(29.362833448093,-16.50283344809,1.8));
#9061 = CARTESIAN_POINT('',(29.3,-16.44,9.));
#9062 = DEFINITIONAL_REPRESENTATION('',(#9063),#9069);
#9063 = B_SPLINE_CURVE_WITH_KNOTS('',4,(#9064,#9065,#9066,#9067,#9068),
  .UNSPECIFIED.,.F.,.F.,(5,5),(0.,1.),.PIECEWISE_BEZIER_KNOTS.);
#9064 = CARTESIAN_POINT('',(2.182440139493,0.164242721328));
#9065 = CARTESIAN_POINT('',(2.219322925539,0.373184493887));
#9066 = CARTESIAN_POINT('',(2.25667971635,0.582124683511));
#9067 = CARTESIAN_POINT('',(2.294524198649,0.791063214066));
#9068 = CARTESIAN_POINT('',(2.332871156762,1.));
#9069 = ( GEOMETRIC_REPRESENTATION_CONTEXT(2) 
PARAMETRIC_REPRESENTATION_CONTEXT() REPRESENTATION_CONTEXT('2D SPACE',''
  ) );
#9070 = ORIENTED_EDGE('',*,*,#9071,.F.);
#9071 = EDGE_CURVE('',#9072,#9038,#9074,.T.);
#9072 = VERTEX_POINT('',#9073);
#9073 = CARTESIAN_POINT('',(28.909233662373,-15.44,9.));
#9074 = SURFACE_CURVE('',#9075,(#9079,#9085),.PCURVE_S1.);
#9075 = LINE('',#9076,#9077);
#9076 = CARTESIAN_POINT('',(28.909233662373,-8.22,9.));
#9077 = VECTOR('',#9078,1.);
#9078 = DIRECTION('',(0.,-1.,0.));
#9079 = PCURVE('',#6724,#9080);
#9080 = DEFINITIONAL_REPRESENTATION('',(#9081),#9084);
#9081 = B_SPLINE_CURVE_WITH_KNOTS('',1,(#9082,#9083),.UNSPECIFIED.,.F.,
  .F.,(2,2),(6.293177216784,8.293177216784),.PIECEWISE_BEZIER_KNOTS.);
#9082 = CARTESIAN_POINT('',(-14.51317721678,-5.200792105828));
#9083 = CARTESIAN_POINT('',(-16.51317721678,-5.200792105828));
#9084 = ( GEOMETRIC_REPRESENTATION_CONTEXT(2) 
PARAMETRIC_REPRESENTATION_CONTEXT() REPRESENTATION_CONTEXT('2D SPACE',''
  ) );
#9085 = PCURVE('',#9086,#9091);
#9086 = PLANE('',#9087);
#9087 = AXIS2_PLACEMENT_3D('',#9088,#9089,#9090);
#9088 = CARTESIAN_POINT('',(23.96,-16.44,9.));
#9089 = DIRECTION('',(0.,0.,1.));
#9090 = DIRECTION('',(0.982913837182,0.184066261645,-0.));
#9091 = DEFINITIONAL_REPRESENTATION('',(#9092),#9095);
#9092 = B_SPLINE_CURVE_WITH_KNOTS('',1,(#9093,#9094),.UNSPECIFIED.,.F.,
  .F.,(2,2),(6.293177216784,8.293177216784),.PIECEWISE_BEZIER_KNOTS.);
#9093 = CARTESIAN_POINT('',(5.219333316753,0.982913837182));
#9094 = CARTESIAN_POINT('',(4.851200793463,-0.982913837182));
#9095 = ( GEOMETRIC_REPRESENTATION_CONTEXT(2) 
PARAMETRIC_REPRESENTATION_CONTEXT() REPRESENTATION_CONTEXT('2D SPACE',''
  ) );
#9096 = ORIENTED_EDGE('',*,*,#9097,.F.);
#9097 = EDGE_CURVE('',#9098,#9072,#9100,.T.);
#9098 = VERTEX_POINT('',#9099);
#9099 = CARTESIAN_POINT('',(28.804198639916,-15.38748648841,
    2.982547593563));
#9100 = SURFACE_CURVE('',#9101,(#9107,#9116),.PCURVE_S1.);
#9101 = B_SPLINE_CURVE_WITH_KNOTS('',4,(#9102,#9103,#9104,#9105,#9106),
  .UNSPECIFIED.,.F.,.F.,(5,5),(0.,1.),.PIECEWISE_BEZIER_KNOTS.);
#9102 = CARTESIAN_POINT('',(28.804198639916,-15.38748648841,
    2.982547593563));
#9103 = CARTESIAN_POINT('',(28.830457703801,-15.40061502043,
    4.486928355985));
#9104 = CARTESIAN_POINT('',(28.856716568749,-15.41374345299,
    5.991297721281));
#9105 = CARTESIAN_POINT('',(28.88297522519,-15.4268717813,7.495655141273
    ));
#9106 = CARTESIAN_POINT('',(28.909233662373,-15.44,9.));
#9107 = PCURVE('',#6724,#9108);
#9108 = DEFINITIONAL_REPRESENTATION('',(#9109),#9115);
#9109 = B_SPLINE_CURVE_WITH_KNOTS('',4,(#9110,#9111,#9112,#9113,#9114),
  .UNSPECIFIED.,.F.,.F.,(5,5),(0.,1.),.PIECEWISE_BEZIER_KNOTS.);
#9110 = CARTESIAN_POINT('',(-15.38748648841,-11.21916113902));
#9111 = CARTESIAN_POINT('',(-15.40061502043,-9.714551217219));
#9112 = CARTESIAN_POINT('',(-15.41374345299,-8.20995269428));
#9113 = CARTESIAN_POINT('',(-15.4268717813,-6.705366118465));
#9114 = CARTESIAN_POINT('',(-15.44,-5.200792105828));
#9115 = ( GEOMETRIC_REPRESENTATION_CONTEXT(2) 
PARAMETRIC_REPRESENTATION_CONTEXT() REPRESENTATION_CONTEXT('2D SPACE',''
  ) );
#9116 = PCURVE('',#9117,#9122);
#9117 = B_SPLINE_SURFACE_WITH_KNOTS('',1,1,(
    (#9118,#9119)
    ,(#9120,#9121
    )),.UNSPECIFIED.,.F.,.F.,.F.,(2,2),(2,2),(-2.732833448093,
    2.732833448093),(0.,1.),.PIECEWISE_BEZIER_KNOTS.);
#9118 = CARTESIAN_POINT('',(29.362833448093,-15.3771665519,1.8));
#9119 = CARTESIAN_POINT('',(29.3,-15.44,9.));
#9120 = CARTESIAN_POINT('',(23.897166551907,-15.3771665519,1.8));
#9121 = CARTESIAN_POINT('',(23.96,-15.44,9.));
#9122 = DEFINITIONAL_REPRESENTATION('',(#9123),#9129);
#9123 = B_SPLINE_CURVE_WITH_KNOTS('',4,(#9124,#9125,#9126,#9127,#9128),
  .UNSPECIFIED.,.F.,.F.,(5,5),(0.,1.),.PIECEWISE_BEZIER_KNOTS.);
#9124 = CARTESIAN_POINT('',(-2.182440139493,0.164242721328));
#9125 = CARTESIAN_POINT('',(-2.219322925539,0.373184493887));
#9126 = CARTESIAN_POINT('',(-2.25667971635,0.582124683511));
#9127 = CARTESIAN_POINT('',(-2.294524198649,0.791063214066));
#9128 = CARTESIAN_POINT('',(-2.332871156762,1.));
#9129 = ( GEOMETRIC_REPRESENTATION_CONTEXT(2) 
PARAMETRIC_REPRESENTATION_CONTEXT() REPRESENTATION_CONTEXT('2D SPACE',''
  ) );
#9130 = ORIENTED_EDGE('',*,*,#9131,.F.);
#9131 = EDGE_CURVE('',#9132,#9098,#9134,.T.);
#9132 = VERTEX_POINT('',#9133);
#9133 = CARTESIAN_POINT('',(28.804198639916,-3.564166356309,
    2.982547593563));
#9134 = SURFACE_CURVE('',#9135,(#9139,#9146),.PCURVE_S1.);
#9135 = LINE('',#9136,#9137);
#9136 = CARTESIAN_POINT('',(28.804198639916,49.,2.982547593563));
#9137 = VECTOR('',#9138,1.);
#9138 = DIRECTION('',(-0.,-1.,-0.));
#9139 = PCURVE('',#6724,#9140);
#9140 = DEFINITIONAL_REPRESENTATION('',(#9141),#9145);
#9141 = LINE('',#9142,#9143);
#9142 = CARTESIAN_POINT('',(49.,-11.21916113902));
#9143 = VECTOR('',#9144,1.);
#9144 = DIRECTION('',(-1.,0.));
#9145 = ( GEOMETRIC_REPRESENTATION_CONTEXT(2) 
PARAMETRIC_REPRESENTATION_CONTEXT() REPRESENTATION_CONTEXT('2D SPACE',''
  ) );
#9146 = PCURVE('',#9147,#9152);
#9147 = CYLINDRICAL_SURFACE('',#9148,1.);
#9148 = AXIS2_PLACEMENT_3D('',#9149,#9150,#9151);
#9149 = CARTESIAN_POINT('',(27.80435094476,49.,3.));
#9150 = DIRECTION('',(-0.,-1.,-0.));
#9151 = DIRECTION('',(0.999847695156,0.,-1.745240643728E-02));
#9152 = DEFINITIONAL_REPRESENTATION('',(#9153),#9157);
#9153 = LINE('',#9154,#9155);
#9154 = CARTESIAN_POINT('',(-0.,0.));
#9155 = VECTOR('',#9156,1.);
#9156 = DIRECTION('',(-0.,1.));
#9157 = ( GEOMETRIC_REPRESENTATION_CONTEXT(2) 
PARAMETRIC_REPRESENTATION_CONTEXT() REPRESENTATION_CONTEXT('2D SPACE',''
  ) );
#9158 = ORIENTED_EDGE('',*,*,#9159,.T.);
#9159 = EDGE_CURVE('',#9132,#9160,#9162,.T.);
#9160 = VERTEX_POINT('',#9161);
#9161 = CARTESIAN_POINT('',(28.982544935072,-3.475,13.2));
#9162 = SURFACE_CURVE('',#9163,(#9169,#9178),.PCURVE_S1.);
#9163 = B_SPLINE_CURVE_WITH_KNOTS('',4,(#9164,#9165,#9166,#9167,#9168),
  .UNSPECIFIED.,.F.,.F.,(5,5),(0.,1.),.PIECEWISE_BEZIER_KNOTS.);
#9164 = CARTESIAN_POINT('',(28.804198639916,-3.564166356309,
    2.982547593563));
#9165 = CARTESIAN_POINT('',(28.848786304601,-3.541874221826,
    5.536973192564));
#9166 = CARTESIAN_POINT('',(28.893373290017,-3.519582426951,
    8.091359876235));
#9167 = CARTESIAN_POINT('',(28.937959528865,-3.497291005331,
    10.645703789095));
#9168 = CARTESIAN_POINT('',(28.982544935072,-3.475,13.2));
#9169 = PCURVE('',#6724,#9170);
#9170 = DEFINITIONAL_REPRESENTATION('',(#9171),#9177);
#9171 = B_SPLINE_CURVE_WITH_KNOTS('',4,(#9172,#9173,#9174,#9175,#9176),
  .UNSPECIFIED.,.F.,.F.,(5,5),(0.,1.),.PIECEWISE_BEZIER_KNOTS.);
#9172 = CARTESIAN_POINT('',(-3.564166356309,-11.21916113902));
#9173 = CARTESIAN_POINT('',(-3.541874221826,-8.664346429364));
#9174 = CARTESIAN_POINT('',(-3.519582426951,-6.109570640966));
#9175 = CARTESIAN_POINT('',(-3.497291005331,-3.554837629894));
#9176 = CARTESIAN_POINT('',(-3.475,-1.000152328044));
#9177 = ( GEOMETRIC_REPRESENTATION_CONTEXT(2) 
PARAMETRIC_REPRESENTATION_CONTEXT() REPRESENTATION_CONTEXT('2D SPACE',''
  ) );
#9178 = PCURVE('',#9179,#9184);
#9179 = B_SPLINE_SURFACE_WITH_KNOTS('',1,1,(
    (#9180,#9181)
    ,(#9182,#9183
    )),.UNSPECIFIED.,.F.,.F.,.F.,(2,2),(2,2),(-2.239486292815,
    2.239486292815),(0.,1.),.PIECEWISE_BEZIER_KNOTS.);
#9180 = CARTESIAN_POINT('',(24.920513707185,-3.574486292815,1.8));
#9181 = CARTESIAN_POINT('',(25.02,-3.475,13.2));
#9182 = CARTESIAN_POINT('',(29.399486292815,-3.574486292815,1.8));
#9183 = CARTESIAN_POINT('',(29.3,-3.475,13.2));
#9184 = DEFINITIONAL_REPRESENTATION('',(#9185),#9191);
#9185 = B_SPLINE_CURVE_WITH_KNOTS('',4,(#9186,#9187,#9188,#9189,#9190),
  .UNSPECIFIED.,.F.,.F.,(5,5),(0.,1.),.PIECEWISE_BEZIER_KNOTS.);
#9186 = CARTESIAN_POINT('',(1.651810467922,0.103732245049));
#9187 = CARTESIAN_POINT('',(1.713123005048,0.327804666014));
#9188 = CARTESIAN_POINT('',(1.776069695727,0.551873673354));
#9189 = CARTESIAN_POINT('',(1.840748111955,0.775938928868));
#9190 = CARTESIAN_POINT('',(1.907273084174,1.));
#9191 = ( GEOMETRIC_REPRESENTATION_CONTEXT(2) 
PARAMETRIC_REPRESENTATION_CONTEXT() REPRESENTATION_CONTEXT('2D SPACE',''
  ) );
#9192 = ORIENTED_EDGE('',*,*,#9193,.F.);
#9193 = EDGE_CURVE('',#9194,#9160,#9196,.T.);
#9194 = VERTEX_POINT('',#9195);
#9195 = CARTESIAN_POINT('',(28.982544935072,-2.275,13.2));
#9196 = SURFACE_CURVE('',#9197,(#9201,#9207),.PCURVE_S1.);
#9197 = LINE('',#9198,#9199);
#9198 = CARTESIAN_POINT('',(28.982544935072,-1.7375,13.2));
#9199 = VECTOR('',#9200,1.);
#9200 = DIRECTION('',(0.,-1.,0.));
#9201 = PCURVE('',#6724,#9202);
#9202 = DEFINITIONAL_REPRESENTATION('',(#9203),#9206);
#9203 = B_SPLINE_CURVE_WITH_KNOTS('',1,(#9204,#9205),.UNSPECIFIED.,.F.,
  .F.,(2,2),(-0.573493907029,1.826506092971),.PIECEWISE_BEZIER_KNOTS.);
#9204 = CARTESIAN_POINT('',(-1.164006092971,-1.000152328044));
#9205 = CARTESIAN_POINT('',(-3.564006092971,-1.000152328044));
#9206 = ( GEOMETRIC_REPRESENTATION_CONTEXT(2) 
PARAMETRIC_REPRESENTATION_CONTEXT() REPRESENTATION_CONTEXT('2D SPACE',''
  ) );
#9207 = PCURVE('',#9208,#9213);
#9208 = PLANE('',#9209);
#9209 = AXIS2_PLACEMENT_3D('',#9210,#9211,#9212);
#9210 = CARTESIAN_POINT('',(25.02,-3.475,13.2));
#9211 = DIRECTION('',(0.,0.,1.));
#9212 = DIRECTION('',(0.962870502626,0.269963692325,-0.));
#9213 = DEFINITIONAL_REPRESENTATION('',(#9214),#9217);
#9214 = B_SPLINE_CURVE_WITH_KNOTS('',1,(#9215,#9216),.UNSPECIFIED.,.F.,
  .F.,(2,2),(-0.573493907029,1.826506092971),.PIECEWISE_BEZIER_KNOTS.);
#9215 = CARTESIAN_POINT('',(4.439302081391,1.155444603151));
#9216 = CARTESIAN_POINT('',(3.791389219811,-1.155444603151));
#9217 = ( GEOMETRIC_REPRESENTATION_CONTEXT(2) 
PARAMETRIC_REPRESENTATION_CONTEXT() REPRESENTATION_CONTEXT('2D SPACE',''
  ) );
#9218 = ORIENTED_EDGE('',*,*,#9219,.F.);
#9219 = EDGE_CURVE('',#9220,#9194,#9222,.T.);
#9220 = VERTEX_POINT('',#9221);
#9221 = CARTESIAN_POINT('',(28.804198639916,-2.185833643691,
    2.982547593563));
#9222 = SURFACE_CURVE('',#9223,(#9229,#9238),.PCURVE_S1.);
#9223 = B_SPLINE_CURVE_WITH_KNOTS('',4,(#9224,#9225,#9226,#9227,#9228),
  .UNSPECIFIED.,.F.,.F.,(5,5),(0.,1.),.PIECEWISE_BEZIER_KNOTS.);
#9224 = CARTESIAN_POINT('',(28.804198639916,-2.185833643691,
    2.982547593563));
#9225 = CARTESIAN_POINT('',(28.848786304601,-2.208125778174,
    5.536973192564));
#9226 = CARTESIAN_POINT('',(28.893373290017,-2.230417573049,
    8.091359876235));
#9227 = CARTESIAN_POINT('',(28.937959528865,-2.252708994669,
    10.645703789095));
#9228 = CARTESIAN_POINT('',(28.982544935072,-2.275,13.2));
#9229 = PCURVE('',#6724,#9230);
#9230 = DEFINITIONAL_REPRESENTATION('',(#9231),#9237);
#9231 = B_SPLINE_CURVE_WITH_KNOTS('',4,(#9232,#9233,#9234,#9235,#9236),
  .UNSPECIFIED.,.F.,.F.,(5,5),(0.,1.),.PIECEWISE_BEZIER_KNOTS.);
#9232 = CARTESIAN_POINT('',(-2.185833643691,-11.21916113902));
#9233 = CARTESIAN_POINT('',(-2.208125778174,-8.664346429364));
#9234 = CARTESIAN_POINT('',(-2.230417573049,-6.109570640966));
#9235 = CARTESIAN_POINT('',(-2.252708994669,-3.554837629894));
#9236 = CARTESIAN_POINT('',(-2.275,-1.000152328044));
#9237 = ( GEOMETRIC_REPRESENTATION_CONTEXT(2) 
PARAMETRIC_REPRESENTATION_CONTEXT() REPRESENTATION_CONTEXT('2D SPACE',''
  ) );
#9238 = PCURVE('',#9239,#9244);
#9239 = B_SPLINE_SURFACE_WITH_KNOTS('',1,1,(
    (#9240,#9241)
    ,(#9242,#9243
    )),.UNSPECIFIED.,.F.,.F.,.F.,(2,2),(2,2),(-2.239486292815,
    2.239486292815),(0.,1.),.PIECEWISE_BEZIER_KNOTS.);
#9240 = CARTESIAN_POINT('',(29.399486292815,-2.175513707185,1.8));
#9241 = CARTESIAN_POINT('',(29.3,-2.275,13.2));
#9242 = CARTESIAN_POINT('',(24.920513707185,-2.175513707185,1.8));
#9243 = CARTESIAN_POINT('',(25.02,-2.275,13.2));
#9244 = DEFINITIONAL_REPRESENTATION('',(#9245),#9251);
#9245 = B_SPLINE_CURVE_WITH_KNOTS('',4,(#9246,#9247,#9248,#9249,#9250),
  .UNSPECIFIED.,.F.,.F.,(5,5),(0.,1.),.PIECEWISE_BEZIER_KNOTS.);
#9246 = CARTESIAN_POINT('',(-1.651810467922,0.103732245049));
#9247 = CARTESIAN_POINT('',(-1.713123005048,0.327804666014));
#9248 = CARTESIAN_POINT('',(-1.776069695727,0.551873673354));
#9249 = CARTESIAN_POINT('',(-1.840748111955,0.775938928868));
#9250 = CARTESIAN_POINT('',(-1.907273084174,1.));
#9251 = ( GEOMETRIC_REPRESENTATION_CONTEXT(2) 
PARAMETRIC_REPRESENTATION_CONTEXT() REPRESENTATION_CONTEXT('2D SPACE',''
  ) );
#9252 = ORIENTED_EDGE('',*,*,#9253,.F.);
#9253 = EDGE_CURVE('',#9254,#9220,#9256,.T.);
#9254 = VERTEX_POINT('',#9255);
#9255 = CARTESIAN_POINT('',(28.804198639916,40.435833643691,
    2.982547593563));
#9256 = SURFACE_CURVE('',#9257,(#9261,#9268),.PCURVE_S1.);
#9257 = LINE('',#9258,#9259);
#9258 = CARTESIAN_POINT('',(28.804198639916,49.,2.982547593563));
#9259 = VECTOR('',#9260,1.);
#9260 = DIRECTION('',(-0.,-1.,-0.));
#9261 = PCURVE('',#6724,#9262);
#9262 = DEFINITIONAL_REPRESENTATION('',(#9263),#9267);
#9263 = LINE('',#9264,#9265);
#9264 = CARTESIAN_POINT('',(49.,-11.21916113902));
#9265 = VECTOR('',#9266,1.);
#9266 = DIRECTION('',(-1.,0.));
#9267 = ( GEOMETRIC_REPRESENTATION_CONTEXT(2) 
PARAMETRIC_REPRESENTATION_CONTEXT() REPRESENTATION_CONTEXT('2D SPACE',''
  ) );
#9268 = PCURVE('',#9269,#9274);
#9269 = CYLINDRICAL_SURFACE('',#9270,1.);
#9270 = AXIS2_PLACEMENT_3D('',#9271,#9272,#9273);
#9271 = CARTESIAN_POINT('',(27.80435094476,49.,3.));
#9272 = DIRECTION('',(-0.,-1.,-0.));
#9273 = DIRECTION('',(0.999847695156,0.,-1.745240643728E-02));
#9274 = DEFINITIONAL_REPRESENTATION('',(#9275),#9279);
#9275 = LINE('',#9276,#9277);
#9276 = CARTESIAN_POINT('',(-0.,0.));
#9277 = VECTOR('',#9278,1.);
#9278 = DIRECTION('',(-0.,1.));
#9279 = ( GEOMETRIC_REPRESENTATION_CONTEXT(2) 
PARAMETRIC_REPRESENTATION_CONTEXT() REPRESENTATION_CONTEXT('2D SPACE',''
  ) );
#9280 = ORIENTED_EDGE('',*,*,#9281,.T.);
#9281 = EDGE_CURVE('',#9254,#9282,#9284,.T.);
#9282 = VERTEX_POINT('',#9283);
#9283 = CARTESIAN_POINT('',(28.982544935072,40.525,13.2));
#9284 = SURFACE_CURVE('',#9285,(#9291,#9300),.PCURVE_S1.);
#9285 = B_SPLINE_CURVE_WITH_KNOTS('',4,(#9286,#9287,#9288,#9289,#9290),
  .UNSPECIFIED.,.F.,.F.,(5,5),(0.,1.),.PIECEWISE_BEZIER_KNOTS.);
#9286 = CARTESIAN_POINT('',(28.804198639916,40.435833643691,
    2.982547593563));
#9287 = CARTESIAN_POINT('',(28.848786304601,40.458125778174,
    5.536973192564));
#9288 = CARTESIAN_POINT('',(28.893373290017,40.480417573049,
    8.091359876235));
#9289 = CARTESIAN_POINT('',(28.937959528865,40.502708994669,
    10.645703789095));
#9290 = CARTESIAN_POINT('',(28.982544935072,40.525,13.2));
#9291 = PCURVE('',#6724,#9292);
#9292 = DEFINITIONAL_REPRESENTATION('',(#9293),#9299);
#9293 = B_SPLINE_CURVE_WITH_KNOTS('',4,(#9294,#9295,#9296,#9297,#9298),
  .UNSPECIFIED.,.F.,.F.,(5,5),(0.,1.),.PIECEWISE_BEZIER_KNOTS.);
#9294 = CARTESIAN_POINT('',(40.435833643691,-11.21916113902));
#9295 = CARTESIAN_POINT('',(40.458125778174,-8.664346429364));
#9296 = CARTESIAN_POINT('',(40.480417573049,-6.109570640966));
#9297 = CARTESIAN_POINT('',(40.502708994669,-3.554837629894));
#9298 = CARTESIAN_POINT('',(40.525,-1.000152328044));
#9299 = ( GEOMETRIC_REPRESENTATION_CONTEXT(2) 
PARAMETRIC_REPRESENTATION_CONTEXT() REPRESENTATION_CONTEXT('2D SPACE',''
  ) );
#9300 = PCURVE('',#9301,#9306);
#9301 = B_SPLINE_SURFACE_WITH_KNOTS('',1,1,(
    (#9302,#9303)
    ,(#9304,#9305
    )),.UNSPECIFIED.,.F.,.F.,.F.,(2,2),(2,2),(-2.239486292815,
    2.239486292815),(0.,1.),.PIECEWISE_BEZIER_KNOTS.);
#9302 = CARTESIAN_POINT('',(24.920513707185,40.425513707185,1.8));
#9303 = CARTESIAN_POINT('',(25.02,40.525,13.2));
#9304 = CARTESIAN_POINT('',(29.399486292815,40.425513707185,1.8));
#9305 = CARTESIAN_POINT('',(29.3,40.525,13.2));
#9306 = DEFINITIONAL_REPRESENTATION('',(#9307),#9313);
#9307 = B_SPLINE_CURVE_WITH_KNOTS('',4,(#9308,#9309,#9310,#9311,#9312),
  .UNSPECIFIED.,.F.,.F.,(5,5),(0.,1.),.PIECEWISE_BEZIER_KNOTS.);
#9308 = CARTESIAN_POINT('',(1.651810467922,0.103732245049));
#9309 = CARTESIAN_POINT('',(1.713123005048,0.327804666014));
#9310 = CARTESIAN_POINT('',(1.776069695727,0.551873673354));
#9311 = CARTESIAN_POINT('',(1.840748111955,0.775938928868));
#9312 = CARTESIAN_POINT('',(1.907273084174,1.));
#9313 = ( GEOMETRIC_REPRESENTATION_CONTEXT(2) 
PARAMETRIC_REPRESENTATION_CONTEXT() REPRESENTATION_CONTEXT('2D SPACE',''
  ) );
#9314 = ORIENTED_EDGE('',*,*,#9315,.F.);
#9315 = EDGE_CURVE('',#9316,#9282,#9318,.T.);
#9316 = VERTEX_POINT('',#9317);
#9317 = CARTESIAN_POINT('',(28.982544935072,41.725,13.2));
#9318 = SURFACE_CURVE('',#9319,(#9323,#9329),.PCURVE_S1.);
#9319 = LINE('',#9320,#9321);
#9320 = CARTESIAN_POINT('',(28.982544935072,20.2625,13.2));
#9321 = VECTOR('',#9322,1.);
#9322 = DIRECTION('',(0.,-1.,0.));
#9323 = PCURVE('',#6724,#9324);
#9324 = DEFINITIONAL_REPRESENTATION('',(#9325),#9328);
#9325 = B_SPLINE_CURVE_WITH_KNOTS('',1,(#9326,#9327),.UNSPECIFIED.,.F.,
  .F.,(2,2),(-22.57349390702,-20.17349390702),.PIECEWISE_BEZIER_KNOTS.);
#9326 = CARTESIAN_POINT('',(42.835993907029,-1.000152328044));
#9327 = CARTESIAN_POINT('',(40.435993907029,-1.000152328044));
#9328 = ( GEOMETRIC_REPRESENTATION_CONTEXT(2) 
PARAMETRIC_REPRESENTATION_CONTEXT() REPRESENTATION_CONTEXT('2D SPACE',''
  ) );
#9329 = PCURVE('',#9330,#9335);
#9330 = PLANE('',#9331);
#9331 = AXIS2_PLACEMENT_3D('',#9332,#9333,#9334);
#9332 = CARTESIAN_POINT('',(25.02,40.525,13.2));
#9333 = DIRECTION('',(0.,0.,1.));
#9334 = DIRECTION('',(0.962870502626,0.269963692325,-0.));
#9335 = DEFINITIONAL_REPRESENTATION('',(#9336),#9339);
#9336 = B_SPLINE_CURVE_WITH_KNOTS('',1,(#9337,#9338),.UNSPECIFIED.,.F.,
  .F.,(2,2),(-22.57349390702,-20.17349390702),.PIECEWISE_BEZIER_KNOTS.);
#9337 = CARTESIAN_POINT('',(4.439302081391,1.155444603151));
#9338 = CARTESIAN_POINT('',(3.791389219811,-1.155444603151));
#9339 = ( GEOMETRIC_REPRESENTATION_CONTEXT(2) 
PARAMETRIC_REPRESENTATION_CONTEXT() REPRESENTATION_CONTEXT('2D SPACE',''
  ) );
#9340 = ORIENTED_EDGE('',*,*,#9341,.F.);
#9341 = EDGE_CURVE('',#8857,#9316,#9342,.T.);
#9342 = SURFACE_CURVE('',#9343,(#9349,#9358),.PCURVE_S1.);
#9343 = B_SPLINE_CURVE_WITH_KNOTS('',4,(#9344,#9345,#9346,#9347,#9348),
  .UNSPECIFIED.,.F.,.F.,(5,5),(0.,1.),.PIECEWISE_BEZIER_KNOTS.);
#9344 = CARTESIAN_POINT('',(28.804198639916,41.814166356309,
    2.982547593563));
#9345 = CARTESIAN_POINT('',(28.848786304601,41.791874221826,
    5.536973192564));
#9346 = CARTESIAN_POINT('',(28.893373290017,41.769582426951,
    8.091359876235));
#9347 = CARTESIAN_POINT('',(28.937959528865,41.747291005331,
    10.645703789095));
#9348 = CARTESIAN_POINT('',(28.982544935072,41.725,13.2));
#9349 = PCURVE('',#6724,#9350);
#9350 = DEFINITIONAL_REPRESENTATION('',(#9351),#9357);
#9351 = B_SPLINE_CURVE_WITH_KNOTS('',4,(#9352,#9353,#9354,#9355,#9356),
  .UNSPECIFIED.,.F.,.F.,(5,5),(0.,1.),.PIECEWISE_BEZIER_KNOTS.);
#9352 = CARTESIAN_POINT('',(41.814166356309,-11.21916113902));
#9353 = CARTESIAN_POINT('',(41.791874221826,-8.664346429364));
#9354 = CARTESIAN_POINT('',(41.769582426951,-6.109570640966));
#9355 = CARTESIAN_POINT('',(41.747291005331,-3.554837629894));
#9356 = CARTESIAN_POINT('',(41.725,-1.000152328044));
#9357 = ( GEOMETRIC_REPRESENTATION_CONTEXT(2) 
PARAMETRIC_REPRESENTATION_CONTEXT() REPRESENTATION_CONTEXT('2D SPACE',''
  ) );
#9358 = PCURVE('',#9359,#9364);
#9359 = B_SPLINE_SURFACE_WITH_KNOTS('',1,1,(
    (#9360,#9361)
    ,(#9362,#9363
    )),.UNSPECIFIED.,.F.,.F.,.F.,(2,2),(2,2),(-2.239486292815,
    2.239486292815),(0.,1.),.PIECEWISE_BEZIER_KNOTS.);
#9360 = CARTESIAN_POINT('',(29.399486292815,41.824486292815,1.8));
#9361 = CARTESIAN_POINT('',(29.3,41.725,13.2));
#9362 = CARTESIAN_POINT('',(24.920513707185,41.824486292815,1.8));
#9363 = CARTESIAN_POINT('',(25.02,41.725,13.2));
#9364 = DEFINITIONAL_REPRESENTATION('',(#9365),#9371);
#9365 = B_SPLINE_CURVE_WITH_KNOTS('',4,(#9366,#9367,#9368,#9369,#9370),
  .UNSPECIFIED.,.F.,.F.,(5,5),(0.,1.),.PIECEWISE_BEZIER_KNOTS.);
#9366 = CARTESIAN_POINT('',(-1.651810467922,0.103732245049));
#9367 = CARTESIAN_POINT('',(-1.713123005048,0.327804666014));
#9368 = CARTESIAN_POINT('',(-1.776069695727,0.551873673354));
#9369 = CARTESIAN_POINT('',(-1.840748111955,0.775938928868));
#9370 = CARTESIAN_POINT('',(-1.907273084174,1.));
#9371 = ( GEOMETRIC_REPRESENTATION_CONTEXT(2) 
PARAMETRIC_REPRESENTATION_CONTEXT() REPRESENTATION_CONTEXT('2D SPACE',''
  ) );
#9372 = ADVANCED_FACE('',(#9373),#6867,.F.);
#9373 = FACE_BOUND('',#9374,.F.);
#9374 = EDGE_LOOP('',(#9375,#9404,#9425,#9426));
#9375 = ORIENTED_EDGE('',*,*,#9376,.F.);
#9376 = EDGE_CURVE('',#9377,#9377,#9379,.T.);
#9377 = VERTEX_POINT('',#9378);
#9378 = CARTESIAN_POINT('',(-18.5500436335,-45.,14.2));
#9379 = SURFACE_CURVE('',#9380,(#9385,#9392),.PCURVE_S1.);
#9380 = CIRCLE('',#9381,1.449956366492);
#9381 = AXIS2_PLACEMENT_3D('',#9382,#9383,#9384);
#9382 = CARTESIAN_POINT('',(-20.,-45.,14.2));
#9383 = DIRECTION('',(0.,0.,1.));
#9384 = DIRECTION('',(1.,0.,-0.));
#9385 = PCURVE('',#6867,#9386);
#9386 = DEFINITIONAL_REPRESENTATION('',(#9387),#9391);
#9387 = LINE('',#9388,#9389);
#9388 = CARTESIAN_POINT('',(0.,11.2));
#9389 = VECTOR('',#9390,1.);
#9390 = DIRECTION('',(1.,0.));
#9391 = ( GEOMETRIC_REPRESENTATION_CONTEXT(2) 
PARAMETRIC_REPRESENTATION_CONTEXT() REPRESENTATION_CONTEXT('2D SPACE',''
  ) );
#9392 = PCURVE('',#9393,#9398);
#9393 = PLANE('',#9394);
#9394 = AXIS2_PLACEMENT_3D('',#9395,#9396,#9397);
#9395 = CARTESIAN_POINT('',(-20.,-45.,14.2));
#9396 = DIRECTION('',(0.,0.,1.));
#9397 = DIRECTION('',(1.,0.,0.));
#9398 = DEFINITIONAL_REPRESENTATION('',(#9399),#9403);
#9399 = CIRCLE('',#9400,1.449956366492);
#9400 = AXIS2_PLACEMENT_2D('',#9401,#9402);
#9401 = CARTESIAN_POINT('',(0.,0.));
#9402 = DIRECTION('',(1.,0.));
#9403 = ( GEOMETRIC_REPRESENTATION_CONTEXT(2) 
PARAMETRIC_REPRESENTATION_CONTEXT() REPRESENTATION_CONTEXT('2D SPACE',''
  ) );
#9404 = ORIENTED_EDGE('',*,*,#9405,.F.);
#9405 = EDGE_CURVE('',#6851,#9377,#9406,.T.);
#9406 = SEAM_CURVE('',#9407,(#9411,#9418),.PCURVE_S1.);
#9407 = LINE('',#9408,#9409);
#9408 = CARTESIAN_POINT('',(-18.5989131627,-45.,3.));
#9409 = VECTOR('',#9410,1.);
#9410 = DIRECTION('',(4.363309284747E-03,-1.068702549851E-18,
    0.999990480721));
#9411 = PCURVE('',#6867,#9412);
#9412 = DEFINITIONAL_REPRESENTATION('',(#9413),#9417);
#9413 = LINE('',#9414,#9415);
#9414 = CARTESIAN_POINT('',(6.28318530718,-0.));
#9415 = VECTOR('',#9416,1.);
#9416 = DIRECTION('',(0.,1.));
#9417 = ( GEOMETRIC_REPRESENTATION_CONTEXT(2) 
PARAMETRIC_REPRESENTATION_CONTEXT() REPRESENTATION_CONTEXT('2D SPACE',''
  ) );
#9418 = PCURVE('',#6867,#9419);
#9419 = DEFINITIONAL_REPRESENTATION('',(#9420),#9424);
#9420 = LINE('',#9421,#9422);
#9421 = CARTESIAN_POINT('',(0.,-0.));
#9422 = VECTOR('',#9423,1.);
#9423 = DIRECTION('',(0.,1.));
#9424 = ( GEOMETRIC_REPRESENTATION_CONTEXT(2) 
PARAMETRIC_REPRESENTATION_CONTEXT() REPRESENTATION_CONTEXT('2D SPACE',''
  ) );
#9425 = ORIENTED_EDGE('',*,*,#6850,.T.);
#9426 = ORIENTED_EDGE('',*,*,#9405,.T.);
#9427 = ADVANCED_FACE('',(#9428),#6921,.F.);
#9428 = FACE_BOUND('',#9429,.F.);
#9429 = EDGE_LOOP('',(#9430,#9459,#9480,#9481));
#9430 = ORIENTED_EDGE('',*,*,#9431,.F.);
#9431 = EDGE_CURVE('',#9432,#9432,#9434,.T.);
#9432 = VERTEX_POINT('',#9433);
#9433 = CARTESIAN_POINT('',(21.449956366492,-45.,14.2));
#9434 = SURFACE_CURVE('',#9435,(#9440,#9447),.PCURVE_S1.);
#9435 = CIRCLE('',#9436,1.449956366492);
#9436 = AXIS2_PLACEMENT_3D('',#9437,#9438,#9439);
#9437 = CARTESIAN_POINT('',(20.,-45.,14.2));
#9438 = DIRECTION('',(0.,0.,1.));
#9439 = DIRECTION('',(1.,0.,-0.));
#9440 = PCURVE('',#6921,#9441);
#9441 = DEFINITIONAL_REPRESENTATION('',(#9442),#9446);
#9442 = LINE('',#9443,#9444);
#9443 = CARTESIAN_POINT('',(0.,11.2));
#9444 = VECTOR('',#9445,1.);
#9445 = DIRECTION('',(1.,0.));
#9446 = ( GEOMETRIC_REPRESENTATION_CONTEXT(2) 
PARAMETRIC_REPRESENTATION_CONTEXT() REPRESENTATION_CONTEXT('2D SPACE',''
  ) );
#9447 = PCURVE('',#9448,#9453);
#9448 = PLANE('',#9449);
#9449 = AXIS2_PLACEMENT_3D('',#9450,#9451,#9452);
#9450 = CARTESIAN_POINT('',(20.,-45.,14.2));
#9451 = DIRECTION('',(0.,0.,1.));
#9452 = DIRECTION('',(1.,0.,0.));
#9453 = DEFINITIONAL_REPRESENTATION('',(#9454),#9458);
#9454 = CIRCLE('',#9455,1.449956366492);
#9455 = AXIS2_PLACEMENT_2D('',#9456,#9457);
#9456 = CARTESIAN_POINT('',(0.,0.));
#9457 = DIRECTION('',(1.,0.));
#9458 = ( GEOMETRIC_REPRESENTATION_CONTEXT(2) 
PARAMETRIC_REPRESENTATION_CONTEXT() REPRESENTATION_CONTEXT('2D SPACE',''
  ) );
#9459 = ORIENTED_EDGE('',*,*,#9460,.F.);
#9460 = EDGE_CURVE('',#6905,#9432,#9461,.T.);
#9461 = SEAM_CURVE('',#9462,(#9466,#9473),.PCURVE_S1.);
#9462 = LINE('',#9463,#9464);
#9463 = CARTESIAN_POINT('',(21.4010868373,-45.,3.));
#9464 = VECTOR('',#9465,1.);
#9465 = DIRECTION('',(4.363309284747E-03,-1.068702549851E-18,
    0.999990480721));
#9466 = PCURVE('',#6921,#9467);
#9467 = DEFINITIONAL_REPRESENTATION('',(#9468),#9472);
#9468 = LINE('',#9469,#9470);
#9469 = CARTESIAN_POINT('',(6.28318530718,-0.));
#9470 = VECTOR('',#9471,1.);
#9471 = DIRECTION('',(0.,1.));
#9472 = ( GEOMETRIC_REPRESENTATION_CONTEXT(2) 
PARAMETRIC_REPRESENTATION_CONTEXT() REPRESENTATION_CONTEXT('2D SPACE',''
  ) );
#9473 = PCURVE('',#6921,#9474);
#9474 = DEFINITIONAL_REPRESENTATION('',(#9475),#9479);
#9475 = LINE('',#9476,#9477);
#9476 = CARTESIAN_POINT('',(0.,-0.));
#9477 = VECTOR('',#9478,1.);
#9478 = DIRECTION('',(0.,1.));
#9479 = ( GEOMETRIC_REPRESENTATION_CONTEXT(2) 
PARAMETRIC_REPRESENTATION_CONTEXT() REPRESENTATION_CONTEXT('2D SPACE',''
  ) );
#9480 = ORIENTED_EDGE('',*,*,#6904,.T.);
#9481 = ORIENTED_EDGE('',*,*,#9460,.T.);
#9482 = ADVANCED_FACE('',(#9483),#6956,.F.);
#9483 = FACE_BOUND('',#9484,.F.);
#9484 = EDGE_LOOP('',(#9485,#9514,#9535,#9536));
#9485 = ORIENTED_EDGE('',*,*,#9486,.F.);
#9486 = EDGE_CURVE('',#9487,#9487,#9489,.T.);
#9487 = VERTEX_POINT('',#9488);
#9488 = CARTESIAN_POINT('',(-20.2100436335,54.19,11.));
#9489 = SURFACE_CURVE('',#9490,(#9495,#9502),.PCURVE_S1.);
#9490 = CIRCLE('',#9491,1.449956366492);
#9491 = AXIS2_PLACEMENT_3D('',#9492,#9493,#9494);
#9492 = CARTESIAN_POINT('',(-21.66,54.19,11.));
#9493 = DIRECTION('',(0.,0.,1.));
#9494 = DIRECTION('',(1.,0.,-0.));
#9495 = PCURVE('',#6956,#9496);
#9496 = DEFINITIONAL_REPRESENTATION('',(#9497),#9501);
#9497 = LINE('',#9498,#9499);
#9498 = CARTESIAN_POINT('',(0.,9.));
#9499 = VECTOR('',#9500,1.);
#9500 = DIRECTION('',(1.,0.));
#9501 = ( GEOMETRIC_REPRESENTATION_CONTEXT(2) 
PARAMETRIC_REPRESENTATION_CONTEXT() REPRESENTATION_CONTEXT('2D SPACE',''
  ) );
#9502 = PCURVE('',#9503,#9508);
#9503 = PLANE('',#9504);
#9504 = AXIS2_PLACEMENT_3D('',#9505,#9506,#9507);
#9505 = CARTESIAN_POINT('',(-21.66,54.19,11.));
#9506 = DIRECTION('',(0.,0.,1.));
#9507 = DIRECTION('',(1.,0.,0.));
#9508 = DEFINITIONAL_REPRESENTATION('',(#9509),#9513);
#9509 = CIRCLE('',#9510,1.449956366492);
#9510 = AXIS2_PLACEMENT_2D('',#9511,#9512);
#9511 = CARTESIAN_POINT('',(0.,0.));
#9512 = DIRECTION('',(1.,0.));
#9513 = ( GEOMETRIC_REPRESENTATION_CONTEXT(2) 
PARAMETRIC_REPRESENTATION_CONTEXT() REPRESENTATION_CONTEXT('2D SPACE',''
  ) );
#9514 = ORIENTED_EDGE('',*,*,#9515,.F.);
#9515 = EDGE_CURVE('',#6940,#9487,#9516,.T.);
#9516 = SEAM_CURVE('',#9517,(#9521,#9528),.PCURVE_S1.);
#9517 = LINE('',#9518,#9519);
#9518 = CARTESIAN_POINT('',(-20.24931379089,54.19,2.));
#9519 = VECTOR('',#9520,1.);
#9520 = DIRECTION('',(4.363309284747E-03,-1.068702549851E-18,
    0.999990480721));
#9521 = PCURVE('',#6956,#9522);
#9522 = DEFINITIONAL_REPRESENTATION('',(#9523),#9527);
#9523 = LINE('',#9524,#9525);
#9524 = CARTESIAN_POINT('',(6.28318530718,-0.));
#9525 = VECTOR('',#9526,1.);
#9526 = DIRECTION('',(0.,1.));
#9527 = ( GEOMETRIC_REPRESENTATION_CONTEXT(2) 
PARAMETRIC_REPRESENTATION_CONTEXT() REPRESENTATION_CONTEXT('2D SPACE',''
  ) );
#9528 = PCURVE('',#6956,#9529);
#9529 = DEFINITIONAL_REPRESENTATION('',(#9530),#9534);
#9530 = LINE('',#9531,#9532);
#9531 = CARTESIAN_POINT('',(0.,-0.));
#9532 = VECTOR('',#9533,1.);
#9533 = DIRECTION('',(0.,1.));
#9534 = ( GEOMETRIC_REPRESENTATION_CONTEXT(2) 
PARAMETRIC_REPRESENTATION_CONTEXT() REPRESENTATION_CONTEXT('2D SPACE',''
  ) );
#9535 = ORIENTED_EDGE('',*,*,#6939,.T.);
#9536 = ORIENTED_EDGE('',*,*,#9515,.T.);
#9537 = ADVANCED_FACE('',(#9538),#7002,.T.);
#9538 = FACE_BOUND('',#9539,.T.);
#9539 = EDGE_LOOP('',(#9540,#9541,#9562,#9590));
#9540 = ORIENTED_EDGE('',*,*,#6985,.F.);
#9541 = ORIENTED_EDGE('',*,*,#9542,.T.);
#9542 = EDGE_CURVE('',#6986,#9543,#9545,.T.);
#9543 = VERTEX_POINT('',#9544);
#9544 = CARTESIAN_POINT('',(-18.62818116884,28.,1.25));
#9545 = SURFACE_CURVE('',#9546,(#9550,#9556),.PCURVE_S1.);
#9546 = LINE('',#9547,#9548);
#9547 = CARTESIAN_POINT('',(-18.65,28.,0.));
#9548 = VECTOR('',#9549,1.);
#9549 = DIRECTION('',(1.745240643728E-02,-2.137303368084E-18,
    0.999847695156));
#9550 = PCURVE('',#7002,#9551);
#9551 = DEFINITIONAL_REPRESENTATION('',(#9552),#9555);
#9552 = B_SPLINE_CURVE_WITH_KNOTS('',1,(#9553,#9554),.UNSPECIFIED.,.F.,
  .F.,(2,2),(0.,1.250190410055),.PIECEWISE_BEZIER_KNOTS.);
#9553 = CARTESIAN_POINT('',(0.,-19.));
#9554 = CARTESIAN_POINT('',(1.250190410055,-19.));
#9555 = ( GEOMETRIC_REPRESENTATION_CONTEXT(2) 
PARAMETRIC_REPRESENTATION_CONTEXT() REPRESENTATION_CONTEXT('2D SPACE',''
  ) );
#9556 = PCURVE('',#7030,#9557);
#9557 = DEFINITIONAL_REPRESENTATION('',(#9558),#9561);
#9558 = B_SPLINE_CURVE_WITH_KNOTS('',1,(#9559,#9560),.UNSPECIFIED.,.F.,
  .F.,(2,2),(0.,1.250190410055),.PIECEWISE_BEZIER_KNOTS.);
#9559 = CARTESIAN_POINT('',(-3.14159265359,0.));
#9560 = CARTESIAN_POINT('',(-3.14159265359,-1.25));
#9561 = ( GEOMETRIC_REPRESENTATION_CONTEXT(2) 
PARAMETRIC_REPRESENTATION_CONTEXT() REPRESENTATION_CONTEXT('2D SPACE',''
  ) );
#9562 = ORIENTED_EDGE('',*,*,#9563,.T.);
#9563 = EDGE_CURVE('',#9543,#9564,#9566,.T.);
#9564 = VERTEX_POINT('',#9565);
#9565 = CARTESIAN_POINT('',(-18.62818116884,-10.,1.25));
#9566 = SURFACE_CURVE('',#9567,(#9571,#9578),.PCURVE_S1.);
#9567 = LINE('',#9568,#9569);
#9568 = CARTESIAN_POINT('',(-18.62818116884,9.,1.25));
#9569 = VECTOR('',#9570,1.);
#9570 = DIRECTION('',(0.,-1.,0.));
#9571 = PCURVE('',#7002,#9572);
#9572 = DEFINITIONAL_REPRESENTATION('',(#9573),#9577);
#9573 = LINE('',#9574,#9575);
#9574 = CARTESIAN_POINT('',(1.250190410055,0.));
#9575 = VECTOR('',#9576,1.);
#9576 = DIRECTION('',(0.,1.));
#9577 = ( GEOMETRIC_REPRESENTATION_CONTEXT(2) 
PARAMETRIC_REPRESENTATION_CONTEXT() REPRESENTATION_CONTEXT('2D SPACE',''
  ) );
#9578 = PCURVE('',#9579,#9584);
#9579 = PLANE('',#9580);
#9580 = AXIS2_PLACEMENT_3D('',#9581,#9582,#9583);
#9581 = CARTESIAN_POINT('',(0.,9.,1.25));
#9582 = DIRECTION('',(0.,0.,1.));
#9583 = DIRECTION('',(1.,0.,0.));
#9584 = DEFINITIONAL_REPRESENTATION('',(#9585),#9589);
#9585 = LINE('',#9586,#9587);
#9586 = CARTESIAN_POINT('',(-18.62818116884,0.));
#9587 = VECTOR('',#9588,1.);
#9588 = DIRECTION('',(-0.,-1.));
#9589 = ( GEOMETRIC_REPRESENTATION_CONTEXT(2) 
PARAMETRIC_REPRESENTATION_CONTEXT() REPRESENTATION_CONTEXT('2D SPACE',''
  ) );
#9590 = ORIENTED_EDGE('',*,*,#9591,.F.);
#9591 = EDGE_CURVE('',#6988,#9564,#9592,.T.);
#9592 = SURFACE_CURVE('',#9593,(#9597,#9603),.PCURVE_S1.);
#9593 = LINE('',#9594,#9595);
#9594 = CARTESIAN_POINT('',(-18.65,-10.,0.));
#9595 = VECTOR('',#9596,1.);
#9596 = DIRECTION('',(1.745240643728E-02,0.,0.999847695156));
#9597 = PCURVE('',#7002,#9598);
#9598 = DEFINITIONAL_REPRESENTATION('',(#9599),#9602);
#9599 = B_SPLINE_CURVE_WITH_KNOTS('',1,(#9600,#9601),.UNSPECIFIED.,.F.,
  .F.,(2,2),(0.,1.250190410055),.PIECEWISE_BEZIER_KNOTS.);
#9600 = CARTESIAN_POINT('',(0.,19.));
#9601 = CARTESIAN_POINT('',(1.250190410055,19.));
#9602 = ( GEOMETRIC_REPRESENTATION_CONTEXT(2) 
PARAMETRIC_REPRESENTATION_CONTEXT() REPRESENTATION_CONTEXT('2D SPACE',''
  ) );
#9603 = PCURVE('',#7193,#9604);
#9604 = DEFINITIONAL_REPRESENTATION('',(#9605),#9608);
#9605 = B_SPLINE_CURVE_WITH_KNOTS('',1,(#9606,#9607),.UNSPECIFIED.,.F.,
  .F.,(2,2),(0.,1.250190410055),.PIECEWISE_BEZIER_KNOTS.);
#9606 = CARTESIAN_POINT('',(-3.14159265359,0.));
#9607 = CARTESIAN_POINT('',(-3.14159265359,-1.25));
#9608 = ( GEOMETRIC_REPRESENTATION_CONTEXT(2) 
PARAMETRIC_REPRESENTATION_CONTEXT() REPRESENTATION_CONTEXT('2D SPACE',''
  ) );
#9609 = ADVANCED_FACE('',(#9610),#7193,.F.);
#9610 = FACE_BOUND('',#9611,.F.);
#9611 = EDGE_LOOP('',(#9612,#9613,#9614,#9635));
#9612 = ORIENTED_EDGE('',*,*,#9591,.F.);
#9613 = ORIENTED_EDGE('',*,*,#7178,.T.);
#9614 = ORIENTED_EDGE('',*,*,#9615,.T.);
#9615 = EDGE_CURVE('',#7153,#9616,#9618,.T.);
#9616 = VERTEX_POINT('',#9617);
#9617 = CARTESIAN_POINT('',(-15.5,-13.12818116884,1.25));
#9618 = SURFACE_CURVE('',#9619,(#9623,#9629),.PCURVE_S1.);
#9619 = LINE('',#9620,#9621);
#9620 = CARTESIAN_POINT('',(-15.5,-13.15,0.));
#9621 = VECTOR('',#9622,1.);
#9622 = DIRECTION('',(3.205955052126E-18,1.745240643728E-02,
    0.999847695156));
#9623 = PCURVE('',#7193,#9624);
#9624 = DEFINITIONAL_REPRESENTATION('',(#9625),#9628);
#9625 = B_SPLINE_CURVE_WITH_KNOTS('',1,(#9626,#9627),.UNSPECIFIED.,.F.,
  .F.,(2,2),(0.,1.250190410055),.PIECEWISE_BEZIER_KNOTS.);
#9626 = CARTESIAN_POINT('',(-4.712388980385,0.));
#9627 = CARTESIAN_POINT('',(-4.712388980385,-1.25));
#9628 = ( GEOMETRIC_REPRESENTATION_CONTEXT(2) 
PARAMETRIC_REPRESENTATION_CONTEXT() REPRESENTATION_CONTEXT('2D SPACE',''
  ) );
#9629 = PCURVE('',#7167,#9630);
#9630 = DEFINITIONAL_REPRESENTATION('',(#9631),#9634);
#9631 = B_SPLINE_CURVE_WITH_KNOTS('',1,(#9632,#9633),.UNSPECIFIED.,.F.,
  .F.,(2,2),(0.,1.250190410055),.PIECEWISE_BEZIER_KNOTS.);
#9632 = CARTESIAN_POINT('',(0.,-15.5));
#9633 = CARTESIAN_POINT('',(1.250190410055,-15.5));
#9634 = ( GEOMETRIC_REPRESENTATION_CONTEXT(2) 
PARAMETRIC_REPRESENTATION_CONTEXT() REPRESENTATION_CONTEXT('2D SPACE',''
  ) );
#9635 = ORIENTED_EDGE('',*,*,#9636,.F.);
#9636 = EDGE_CURVE('',#9564,#9616,#9637,.T.);
#9637 = SURFACE_CURVE('',#9638,(#9643,#9650),.PCURVE_S1.);
#9638 = CIRCLE('',#9639,3.12818116884);
#9639 = AXIS2_PLACEMENT_3D('',#9640,#9641,#9642);
#9640 = CARTESIAN_POINT('',(-15.5,-10.,1.25));
#9641 = DIRECTION('',(0.,0.,1.));
#9642 = DIRECTION('',(1.,0.,0.));
#9643 = PCURVE('',#7193,#9644);
#9644 = DEFINITIONAL_REPRESENTATION('',(#9645),#9649);
#9645 = LINE('',#9646,#9647);
#9646 = CARTESIAN_POINT('',(-0.,-1.25));
#9647 = VECTOR('',#9648,1.);
#9648 = DIRECTION('',(-1.,-0.));
#9649 = ( GEOMETRIC_REPRESENTATION_CONTEXT(2) 
PARAMETRIC_REPRESENTATION_CONTEXT() REPRESENTATION_CONTEXT('2D SPACE',''
  ) );
#9650 = PCURVE('',#9579,#9651);
#9651 = DEFINITIONAL_REPRESENTATION('',(#9652),#9656);
#9652 = CIRCLE('',#9653,3.12818116884);
#9653 = AXIS2_PLACEMENT_2D('',#9654,#9655);
#9654 = CARTESIAN_POINT('',(-15.5,-19.));
#9655 = DIRECTION('',(1.,0.));
#9656 = ( GEOMETRIC_REPRESENTATION_CONTEXT(2) 
PARAMETRIC_REPRESENTATION_CONTEXT() REPRESENTATION_CONTEXT('2D SPACE',''
  ) );
#9657 = ADVANCED_FACE('',(#9658),#7167,.T.);
#9658 = FACE_BOUND('',#9659,.T.);
#9659 = EDGE_LOOP('',(#9660,#9661,#9662,#9685));
#9660 = ORIENTED_EDGE('',*,*,#7152,.F.);
#9661 = ORIENTED_EDGE('',*,*,#9615,.T.);
#9662 = ORIENTED_EDGE('',*,*,#9663,.T.);
#9663 = EDGE_CURVE('',#9616,#9664,#9666,.T.);
#9664 = VERTEX_POINT('',#9665);
#9665 = CARTESIAN_POINT('',(15.5,-13.12818116884,1.25));
#9666 = SURFACE_CURVE('',#9667,(#9671,#9678),.PCURVE_S1.);
#9667 = LINE('',#9668,#9669);
#9668 = CARTESIAN_POINT('',(0.,-13.12818116884,1.25));
#9669 = VECTOR('',#9670,1.);
#9670 = DIRECTION('',(1.,0.,0.));
#9671 = PCURVE('',#7167,#9672);
#9672 = DEFINITIONAL_REPRESENTATION('',(#9673),#9677);
#9673 = LINE('',#9674,#9675);
#9674 = CARTESIAN_POINT('',(1.250190410055,0.));
#9675 = VECTOR('',#9676,1.);
#9676 = DIRECTION('',(0.,1.));
#9677 = ( GEOMETRIC_REPRESENTATION_CONTEXT(2) 
PARAMETRIC_REPRESENTATION_CONTEXT() REPRESENTATION_CONTEXT('2D SPACE',''
  ) );
#9678 = PCURVE('',#9579,#9679);
#9679 = DEFINITIONAL_REPRESENTATION('',(#9680),#9684);
#9680 = LINE('',#9681,#9682);
#9681 = CARTESIAN_POINT('',(0.,-22.12818116884));
#9682 = VECTOR('',#9683,1.);
#9683 = DIRECTION('',(1.,0.));
#9684 = ( GEOMETRIC_REPRESENTATION_CONTEXT(2) 
PARAMETRIC_REPRESENTATION_CONTEXT() REPRESENTATION_CONTEXT('2D SPACE',''
  ) );
#9685 = ORIENTED_EDGE('',*,*,#9686,.F.);
#9686 = EDGE_CURVE('',#7124,#9664,#9687,.T.);
#9687 = SURFACE_CURVE('',#9688,(#9692,#9698),.PCURVE_S1.);
#9688 = LINE('',#9689,#9690);
#9689 = CARTESIAN_POINT('',(15.5,-13.15,0.));
#9690 = VECTOR('',#9691,1.);
#9691 = DIRECTION('',(0.,1.745240643728E-02,0.999847695156));
#9692 = PCURVE('',#7167,#9693);
#9693 = DEFINITIONAL_REPRESENTATION('',(#9694),#9697);
#9694 = B_SPLINE_CURVE_WITH_KNOTS('',1,(#9695,#9696),.UNSPECIFIED.,.F.,
  .F.,(2,2),(0.,1.250190410055),.PIECEWISE_BEZIER_KNOTS.);
#9695 = CARTESIAN_POINT('',(0.,15.5));
#9696 = CARTESIAN_POINT('',(1.250190410055,15.5));
#9697 = ( GEOMETRIC_REPRESENTATION_CONTEXT(2) 
PARAMETRIC_REPRESENTATION_CONTEXT() REPRESENTATION_CONTEXT('2D SPACE',''
  ) );
#9698 = PCURVE('',#7140,#9699);
#9699 = DEFINITIONAL_REPRESENTATION('',(#9700),#9703);
#9700 = B_SPLINE_CURVE_WITH_KNOTS('',1,(#9701,#9702),.UNSPECIFIED.,.F.,
  .F.,(2,2),(0.,1.250190410055),.PIECEWISE_BEZIER_KNOTS.);
#9701 = CARTESIAN_POINT('',(-4.712388980385,0.));
#9702 = CARTESIAN_POINT('',(-4.712388980385,-1.25));
#9703 = ( GEOMETRIC_REPRESENTATION_CONTEXT(2) 
PARAMETRIC_REPRESENTATION_CONTEXT() REPRESENTATION_CONTEXT('2D SPACE',''
  ) );
#9704 = ADVANCED_FACE('',(#9705),#7140,.F.);
#9705 = FACE_BOUND('',#9706,.F.);
#9706 = EDGE_LOOP('',(#9707,#9708,#9709,#9730));
#9707 = ORIENTED_EDGE('',*,*,#9686,.F.);
#9708 = ORIENTED_EDGE('',*,*,#7123,.T.);
#9709 = ORIENTED_EDGE('',*,*,#9710,.T.);
#9710 = EDGE_CURVE('',#7098,#9711,#9713,.T.);
#9711 = VERTEX_POINT('',#9712);
#9712 = CARTESIAN_POINT('',(18.62818116884,-10.,1.25));
#9713 = SURFACE_CURVE('',#9714,(#9718,#9724),.PCURVE_S1.);
#9714 = LINE('',#9715,#9716);
#9715 = CARTESIAN_POINT('',(18.65,-10.,0.));
#9716 = VECTOR('',#9717,1.);
#9717 = DIRECTION('',(-1.745240643728E-02,4.274606736168E-18,
    0.999847695156));
#9718 = PCURVE('',#7140,#9719);
#9719 = DEFINITIONAL_REPRESENTATION('',(#9720),#9723);
#9720 = B_SPLINE_CURVE_WITH_KNOTS('',1,(#9721,#9722),.UNSPECIFIED.,.F.,
  .F.,(2,2),(0.,1.250190410055),.PIECEWISE_BEZIER_KNOTS.);
#9721 = CARTESIAN_POINT('',(-6.28318530718,0.));
#9722 = CARTESIAN_POINT('',(-6.28318530718,-1.25));
#9723 = ( GEOMETRIC_REPRESENTATION_CONTEXT(2) 
PARAMETRIC_REPRESENTATION_CONTEXT() REPRESENTATION_CONTEXT('2D SPACE',''
  ) );
#9724 = PCURVE('',#7112,#9725);
#9725 = DEFINITIONAL_REPRESENTATION('',(#9726),#9729);
#9726 = B_SPLINE_CURVE_WITH_KNOTS('',1,(#9727,#9728),.UNSPECIFIED.,.F.,
  .F.,(2,2),(0.,1.250190410055),.PIECEWISE_BEZIER_KNOTS.);
#9727 = CARTESIAN_POINT('',(0.,-19.));
#9728 = CARTESIAN_POINT('',(1.250190410055,-19.));
#9729 = ( GEOMETRIC_REPRESENTATION_CONTEXT(2) 
PARAMETRIC_REPRESENTATION_CONTEXT() REPRESENTATION_CONTEXT('2D SPACE',''
  ) );
#9730 = ORIENTED_EDGE('',*,*,#9731,.F.);
#9731 = EDGE_CURVE('',#9664,#9711,#9732,.T.);
#9732 = SURFACE_CURVE('',#9733,(#9738,#9745),.PCURVE_S1.);
#9733 = CIRCLE('',#9734,3.12818116884);
#9734 = AXIS2_PLACEMENT_3D('',#9735,#9736,#9737);
#9735 = CARTESIAN_POINT('',(15.5,-10.,1.25));
#9736 = DIRECTION('',(0.,0.,1.));
#9737 = DIRECTION('',(1.,0.,0.));
#9738 = PCURVE('',#7140,#9739);
#9739 = DEFINITIONAL_REPRESENTATION('',(#9740),#9744);
#9740 = LINE('',#9741,#9742);
#9741 = CARTESIAN_POINT('',(-0.,-1.25));
#9742 = VECTOR('',#9743,1.);
#9743 = DIRECTION('',(-1.,-0.));
#9744 = ( GEOMETRIC_REPRESENTATION_CONTEXT(2) 
PARAMETRIC_REPRESENTATION_CONTEXT() REPRESENTATION_CONTEXT('2D SPACE',''
  ) );
#9745 = PCURVE('',#9579,#9746);
#9746 = DEFINITIONAL_REPRESENTATION('',(#9747),#9751);
#9747 = CIRCLE('',#9748,3.12818116884);
#9748 = AXIS2_PLACEMENT_2D('',#9749,#9750);
#9749 = CARTESIAN_POINT('',(15.5,-19.));
#9750 = DIRECTION('',(1.,0.));
#9751 = ( GEOMETRIC_REPRESENTATION_CONTEXT(2) 
PARAMETRIC_REPRESENTATION_CONTEXT() REPRESENTATION_CONTEXT('2D SPACE',''
  ) );
#9752 = ADVANCED_FACE('',(#9753),#7112,.T.);
#9753 = FACE_BOUND('',#9754,.T.);
#9754 = EDGE_LOOP('',(#9755,#9776,#9777,#9778));
#9755 = ORIENTED_EDGE('',*,*,#9756,.F.);
#9756 = EDGE_CURVE('',#7069,#9757,#9759,.T.);
#9757 = VERTEX_POINT('',#9758);
#9758 = CARTESIAN_POINT('',(18.62818116884,28.,1.25));
#9759 = SURFACE_CURVE('',#9760,(#9764,#9770),.PCURVE_S1.);
#9760 = LINE('',#9761,#9762);
#9761 = CARTESIAN_POINT('',(18.65,28.,0.));
#9762 = VECTOR('',#9763,1.);
#9763 = DIRECTION('',(-1.745240643728E-02,0.,0.999847695156));
#9764 = PCURVE('',#7112,#9765);
#9765 = DEFINITIONAL_REPRESENTATION('',(#9766),#9769);
#9766 = B_SPLINE_CURVE_WITH_KNOTS('',1,(#9767,#9768),.UNSPECIFIED.,.F.,
  .F.,(2,2),(0.,1.250190410055),.PIECEWISE_BEZIER_KNOTS.);
#9767 = CARTESIAN_POINT('',(0.,19.));
#9768 = CARTESIAN_POINT('',(1.250190410055,19.));
#9769 = ( GEOMETRIC_REPRESENTATION_CONTEXT(2) 
PARAMETRIC_REPRESENTATION_CONTEXT() REPRESENTATION_CONTEXT('2D SPACE',''
  ) );
#9770 = PCURVE('',#7085,#9771);
#9771 = DEFINITIONAL_REPRESENTATION('',(#9772),#9775);
#9772 = B_SPLINE_CURVE_WITH_KNOTS('',1,(#9773,#9774),.UNSPECIFIED.,.F.,
  .F.,(2,2),(0.,1.250190410055),.PIECEWISE_BEZIER_KNOTS.);
#9773 = CARTESIAN_POINT('',(0.,0.));
#9774 = CARTESIAN_POINT('',(0.,-1.25));
#9775 = ( GEOMETRIC_REPRESENTATION_CONTEXT(2) 
PARAMETRIC_REPRESENTATION_CONTEXT() REPRESENTATION_CONTEXT('2D SPACE',''
  ) );
#9776 = ORIENTED_EDGE('',*,*,#7097,.F.);
#9777 = ORIENTED_EDGE('',*,*,#9710,.T.);
#9778 = ORIENTED_EDGE('',*,*,#9779,.T.);
#9779 = EDGE_CURVE('',#9711,#9757,#9780,.T.);
#9780 = SURFACE_CURVE('',#9781,(#9785,#9792),.PCURVE_S1.);
#9781 = LINE('',#9782,#9783);
#9782 = CARTESIAN_POINT('',(18.62818116884,9.,1.25));
#9783 = VECTOR('',#9784,1.);
#9784 = DIRECTION('',(0.,1.,0.));
#9785 = PCURVE('',#7112,#9786);
#9786 = DEFINITIONAL_REPRESENTATION('',(#9787),#9791);
#9787 = LINE('',#9788,#9789);
#9788 = CARTESIAN_POINT('',(1.250190410055,0.));
#9789 = VECTOR('',#9790,1.);
#9790 = DIRECTION('',(0.,1.));
#9791 = ( GEOMETRIC_REPRESENTATION_CONTEXT(2) 
PARAMETRIC_REPRESENTATION_CONTEXT() REPRESENTATION_CONTEXT('2D SPACE',''
  ) );
#9792 = PCURVE('',#9579,#9793);
#9793 = DEFINITIONAL_REPRESENTATION('',(#9794),#9798);
#9794 = LINE('',#9795,#9796);
#9795 = CARTESIAN_POINT('',(18.62818116884,0.));
#9796 = VECTOR('',#9797,1.);
#9797 = DIRECTION('',(0.,1.));
#9798 = ( GEOMETRIC_REPRESENTATION_CONTEXT(2) 
PARAMETRIC_REPRESENTATION_CONTEXT() REPRESENTATION_CONTEXT('2D SPACE',''
  ) );
#9799 = ADVANCED_FACE('',(#9800),#7085,.F.);
#9800 = FACE_BOUND('',#9801,.F.);
#9801 = EDGE_LOOP('',(#9802,#9803,#9804,#9825));
#9802 = ORIENTED_EDGE('',*,*,#9756,.F.);
#9803 = ORIENTED_EDGE('',*,*,#7068,.T.);
#9804 = ORIENTED_EDGE('',*,*,#9805,.T.);
#9805 = EDGE_CURVE('',#7043,#9806,#9808,.T.);
#9806 = VERTEX_POINT('',#9807);
#9807 = CARTESIAN_POINT('',(15.5,31.12818116884,1.25));
#9808 = SURFACE_CURVE('',#9809,(#9813,#9819),.PCURVE_S1.);
#9809 = LINE('',#9810,#9811);
#9810 = CARTESIAN_POINT('',(15.5,31.15,0.));
#9811 = VECTOR('',#9812,1.);
#9812 = DIRECTION('',(-1.068651684042E-18,-1.745240643728E-02,
    0.999847695156));
#9813 = PCURVE('',#7085,#9814);
#9814 = DEFINITIONAL_REPRESENTATION('',(#9815),#9818);
#9815 = B_SPLINE_CURVE_WITH_KNOTS('',1,(#9816,#9817),.UNSPECIFIED.,.F.,
  .F.,(2,2),(0.,1.250190410055),.PIECEWISE_BEZIER_KNOTS.);
#9816 = CARTESIAN_POINT('',(-1.570796326795,0.));
#9817 = CARTESIAN_POINT('',(-1.570796326795,-1.25));
#9818 = ( GEOMETRIC_REPRESENTATION_CONTEXT(2) 
PARAMETRIC_REPRESENTATION_CONTEXT() REPRESENTATION_CONTEXT('2D SPACE',''
  ) );
#9819 = PCURVE('',#7057,#9820);
#9820 = DEFINITIONAL_REPRESENTATION('',(#9821),#9824);
#9821 = B_SPLINE_CURVE_WITH_KNOTS('',1,(#9822,#9823),.UNSPECIFIED.,.F.,
  .F.,(2,2),(0.,1.250190410055),.PIECEWISE_BEZIER_KNOTS.);
#9822 = CARTESIAN_POINT('',(0.,-15.5));
#9823 = CARTESIAN_POINT('',(1.250190410055,-15.5));
#9824 = ( GEOMETRIC_REPRESENTATION_CONTEXT(2) 
PARAMETRIC_REPRESENTATION_CONTEXT() REPRESENTATION_CONTEXT('2D SPACE',''
  ) );
#9825 = ORIENTED_EDGE('',*,*,#9826,.F.);
#9826 = EDGE_CURVE('',#9757,#9806,#9827,.T.);
#9827 = SURFACE_CURVE('',#9828,(#9833,#9840),.PCURVE_S1.);
#9828 = CIRCLE('',#9829,3.12818116884);
#9829 = AXIS2_PLACEMENT_3D('',#9830,#9831,#9832);
#9830 = CARTESIAN_POINT('',(15.5,28.,1.25));
#9831 = DIRECTION('',(0.,0.,1.));
#9832 = DIRECTION('',(1.,0.,0.));
#9833 = PCURVE('',#7085,#9834);
#9834 = DEFINITIONAL_REPRESENTATION('',(#9835),#9839);
#9835 = LINE('',#9836,#9837);
#9836 = CARTESIAN_POINT('',(-0.,-1.25));
#9837 = VECTOR('',#9838,1.);
#9838 = DIRECTION('',(-1.,-0.));
#9839 = ( GEOMETRIC_REPRESENTATION_CONTEXT(2) 
PARAMETRIC_REPRESENTATION_CONTEXT() REPRESENTATION_CONTEXT('2D SPACE',''
  ) );
#9840 = PCURVE('',#9579,#9841);
#9841 = DEFINITIONAL_REPRESENTATION('',(#9842),#9846);
#9842 = CIRCLE('',#9843,3.12818116884);
#9843 = AXIS2_PLACEMENT_2D('',#9844,#9845);
#9844 = CARTESIAN_POINT('',(15.5,19.));
#9845 = DIRECTION('',(1.,-2.449293598295E-16));
#9846 = ( GEOMETRIC_REPRESENTATION_CONTEXT(2) 
PARAMETRIC_REPRESENTATION_CONTEXT() REPRESENTATION_CONTEXT('2D SPACE',''
  ) );
#9847 = ADVANCED_FACE('',(#9848),#7057,.T.);
#9848 = FACE_BOUND('',#9849,.T.);
#9849 = EDGE_LOOP('',(#9850,#9851,#9852,#9875));
#9850 = ORIENTED_EDGE('',*,*,#7042,.F.);
#9851 = ORIENTED_EDGE('',*,*,#9805,.T.);
#9852 = ORIENTED_EDGE('',*,*,#9853,.T.);
#9853 = EDGE_CURVE('',#9806,#9854,#9856,.T.);
#9854 = VERTEX_POINT('',#9855);
#9855 = CARTESIAN_POINT('',(-15.5,31.12818116884,1.25));
#9856 = SURFACE_CURVE('',#9857,(#9861,#9868),.PCURVE_S1.);
#9857 = LINE('',#9858,#9859);
#9858 = CARTESIAN_POINT('',(0.,31.12818116884,1.25));
#9859 = VECTOR('',#9860,1.);
#9860 = DIRECTION('',(-1.,0.,0.));
#9861 = PCURVE('',#7057,#9862);
#9862 = DEFINITIONAL_REPRESENTATION('',(#9863),#9867);
#9863 = LINE('',#9864,#9865);
#9864 = CARTESIAN_POINT('',(1.250190410055,0.));
#9865 = VECTOR('',#9866,1.);
#9866 = DIRECTION('',(0.,1.));
#9867 = ( GEOMETRIC_REPRESENTATION_CONTEXT(2) 
PARAMETRIC_REPRESENTATION_CONTEXT() REPRESENTATION_CONTEXT('2D SPACE',''
  ) );
#9868 = PCURVE('',#9579,#9869);
#9869 = DEFINITIONAL_REPRESENTATION('',(#9870),#9874);
#9870 = LINE('',#9871,#9872);
#9871 = CARTESIAN_POINT('',(0.,22.12818116884));
#9872 = VECTOR('',#9873,1.);
#9873 = DIRECTION('',(-1.,-0.));
#9874 = ( GEOMETRIC_REPRESENTATION_CONTEXT(2) 
PARAMETRIC_REPRESENTATION_CONTEXT() REPRESENTATION_CONTEXT('2D SPACE',''
  ) );
#9875 = ORIENTED_EDGE('',*,*,#9876,.F.);
#9876 = EDGE_CURVE('',#7014,#9854,#9877,.T.);
#9877 = SURFACE_CURVE('',#9878,(#9882,#9888),.PCURVE_S1.);
#9878 = LINE('',#9879,#9880);
#9879 = CARTESIAN_POINT('',(-15.5,31.15,0.));
#9880 = VECTOR('',#9881,1.);
#9881 = DIRECTION('',(0.,-1.745240643728E-02,0.999847695156));
#9882 = PCURVE('',#7057,#9883);
#9883 = DEFINITIONAL_REPRESENTATION('',(#9884),#9887);
#9884 = B_SPLINE_CURVE_WITH_KNOTS('',1,(#9885,#9886),.UNSPECIFIED.,.F.,
  .F.,(2,2),(0.,1.250190410055),.PIECEWISE_BEZIER_KNOTS.);
#9885 = CARTESIAN_POINT('',(0.,15.5));
#9886 = CARTESIAN_POINT('',(1.250190410055,15.5));
#9887 = ( GEOMETRIC_REPRESENTATION_CONTEXT(2) 
PARAMETRIC_REPRESENTATION_CONTEXT() REPRESENTATION_CONTEXT('2D SPACE',''
  ) );
#9888 = PCURVE('',#7030,#9889);
#9889 = DEFINITIONAL_REPRESENTATION('',(#9890),#9893);
#9890 = B_SPLINE_CURVE_WITH_KNOTS('',1,(#9891,#9892),.UNSPECIFIED.,.F.,
  .F.,(2,2),(0.,1.250190410055),.PIECEWISE_BEZIER_KNOTS.);
#9891 = CARTESIAN_POINT('',(-1.570796326795,0.));
#9892 = CARTESIAN_POINT('',(-1.570796326795,-1.25));
#9893 = ( GEOMETRIC_REPRESENTATION_CONTEXT(2) 
PARAMETRIC_REPRESENTATION_CONTEXT() REPRESENTATION_CONTEXT('2D SPACE',''
  ) );
#9894 = ADVANCED_FACE('',(#9895),#7030,.F.);
#9895 = FACE_BOUND('',#9896,.F.);
#9896 = EDGE_LOOP('',(#9897,#9898,#9899,#9900));
#9897 = ORIENTED_EDGE('',*,*,#9876,.F.);
#9898 = ORIENTED_EDGE('',*,*,#7013,.T.);
#9899 = ORIENTED_EDGE('',*,*,#9542,.T.);
#9900 = ORIENTED_EDGE('',*,*,#9901,.F.);
#9901 = EDGE_CURVE('',#9854,#9543,#9902,.T.);
#9902 = SURFACE_CURVE('',#9903,(#9908,#9915),.PCURVE_S1.);
#9903 = CIRCLE('',#9904,3.12818116884);
#9904 = AXIS2_PLACEMENT_3D('',#9905,#9906,#9907);
#9905 = CARTESIAN_POINT('',(-15.5,28.,1.25));
#9906 = DIRECTION('',(0.,0.,1.));
#9907 = DIRECTION('',(1.,0.,0.));
#9908 = PCURVE('',#7030,#9909);
#9909 = DEFINITIONAL_REPRESENTATION('',(#9910),#9914);
#9910 = LINE('',#9911,#9912);
#9911 = CARTESIAN_POINT('',(-0.,-1.25));
#9912 = VECTOR('',#9913,1.);
#9913 = DIRECTION('',(-1.,-0.));
#9914 = ( GEOMETRIC_REPRESENTATION_CONTEXT(2) 
PARAMETRIC_REPRESENTATION_CONTEXT() REPRESENTATION_CONTEXT('2D SPACE',''
  ) );
#9915 = PCURVE('',#9579,#9916);
#9916 = DEFINITIONAL_REPRESENTATION('',(#9917),#9921);
#9917 = CIRCLE('',#9918,3.12818116884);
#9918 = AXIS2_PLACEMENT_2D('',#9919,#9920);
#9919 = CARTESIAN_POINT('',(-15.5,19.));
#9920 = DIRECTION('',(1.,0.));
#9921 = ( GEOMETRIC_REPRESENTATION_CONTEXT(2) 
PARAMETRIC_REPRESENTATION_CONTEXT() REPRESENTATION_CONTEXT('2D SPACE',''
  ) );
#9922 = ADVANCED_FACE('',(#9923),#7232,.F.);
#9923 = FACE_BOUND('',#9924,.F.);
#9924 = EDGE_LOOP('',(#9925,#9954,#9975,#9976));
#9925 = ORIENTED_EDGE('',*,*,#9926,.F.);
#9926 = EDGE_CURVE('',#9927,#9927,#9929,.T.);
#9927 = VERTEX_POINT('',#9928);
#9928 = CARTESIAN_POINT('',(23.109956366492,54.19,11.));
#9929 = SURFACE_CURVE('',#9930,(#9935,#9942),.PCURVE_S1.);
#9930 = CIRCLE('',#9931,1.449956366492);
#9931 = AXIS2_PLACEMENT_3D('',#9932,#9933,#9934);
#9932 = CARTESIAN_POINT('',(21.66,54.19,11.));
#9933 = DIRECTION('',(0.,0.,1.));
#9934 = DIRECTION('',(1.,0.,-0.));
#9935 = PCURVE('',#7232,#9936);
#9936 = DEFINITIONAL_REPRESENTATION('',(#9937),#9941);
#9937 = LINE('',#9938,#9939);
#9938 = CARTESIAN_POINT('',(0.,9.));
#9939 = VECTOR('',#9940,1.);
#9940 = DIRECTION('',(1.,0.));
#9941 = ( GEOMETRIC_REPRESENTATION_CONTEXT(2) 
PARAMETRIC_REPRESENTATION_CONTEXT() REPRESENTATION_CONTEXT('2D SPACE',''
  ) );
#9942 = PCURVE('',#9943,#9948);
#9943 = PLANE('',#9944);
#9944 = AXIS2_PLACEMENT_3D('',#9945,#9946,#9947);
#9945 = CARTESIAN_POINT('',(21.66,54.19,11.));
#9946 = DIRECTION('',(0.,0.,1.));
#9947 = DIRECTION('',(1.,0.,0.));
#9948 = DEFINITIONAL_REPRESENTATION('',(#9949),#9953);
#9949 = CIRCLE('',#9950,1.449956366492);
#9950 = AXIS2_PLACEMENT_2D('',#9951,#9952);
#9951 = CARTESIAN_POINT('',(0.,0.));
#9952 = DIRECTION('',(1.,0.));
#9953 = ( GEOMETRIC_REPRESENTATION_CONTEXT(2) 
PARAMETRIC_REPRESENTATION_CONTEXT() REPRESENTATION_CONTEXT('2D SPACE',''
  ) );
#9954 = ORIENTED_EDGE('',*,*,#9955,.F.);
#9955 = EDGE_CURVE('',#7216,#9927,#9956,.T.);
#9956 = SEAM_CURVE('',#9957,(#9961,#9968),.PCURVE_S1.);
#9957 = LINE('',#9958,#9959);
#9958 = CARTESIAN_POINT('',(23.070686209105,54.19,2.));
#9959 = VECTOR('',#9960,1.);
#9960 = DIRECTION('',(4.363309284747E-03,-1.068702549851E-18,
    0.999990480721));
#9961 = PCURVE('',#7232,#9962);
#9962 = DEFINITIONAL_REPRESENTATION('',(#9963),#9967);
#9963 = LINE('',#9964,#9965);
#9964 = CARTESIAN_POINT('',(6.28318530718,-0.));
#9965 = VECTOR('',#9966,1.);
#9966 = DIRECTION('',(0.,1.));
#9967 = ( GEOMETRIC_REPRESENTATION_CONTEXT(2) 
PARAMETRIC_REPRESENTATION_CONTEXT() REPRESENTATION_CONTEXT('2D SPACE',''
  ) );
#9968 = PCURVE('',#7232,#9969);
#9969 = DEFINITIONAL_REPRESENTATION('',(#9970),#9974);
#9970 = LINE('',#9971,#9972);
#9971 = CARTESIAN_POINT('',(0.,-0.));
#9972 = VECTOR('',#9973,1.);
#9973 = DIRECTION('',(0.,1.));
#9974 = ( GEOMETRIC_REPRESENTATION_CONTEXT(2) 
PARAMETRIC_REPRESENTATION_CONTEXT() REPRESENTATION_CONTEXT('2D SPACE',''
  ) );
#9975 = ORIENTED_EDGE('',*,*,#7215,.T.);
#9976 = ORIENTED_EDGE('',*,*,#9955,.T.);
#9977 = ADVANCED_FACE('',(#9978),#7363,.F.);
#9978 = FACE_BOUND('',#9979,.F.);
#9979 = EDGE_LOOP('',(#9980,#10002,#10003,#10004));
#9980 = ORIENTED_EDGE('',*,*,#9981,.F.);
#9981 = EDGE_CURVE('',#7327,#9982,#9984,.T.);
#9982 = VERTEX_POINT('',#9983);
#9983 = CARTESIAN_POINT('',(-27.80435094476,49.,2.));
#9984 = SURFACE_CURVE('',#9985,(#9990,#9996),.PCURVE_S1.);
#9985 = CIRCLE('',#9986,1.);
#9986 = AXIS2_PLACEMENT_3D('',#9987,#9988,#9989);
#9987 = CARTESIAN_POINT('',(-27.80435094476,49.,3.));
#9988 = DIRECTION('',(0.,-1.,-0.));
#9989 = DIRECTION('',(-0.999847695156,0.,-1.745240643728E-02));
#9990 = PCURVE('',#7363,#9991);
#9991 = DEFINITIONAL_REPRESENTATION('',(#9992),#9995);
#9992 = B_SPLINE_CURVE_WITH_KNOTS('',1,(#9993,#9994),.UNSPECIFIED.,.F.,
  .F.,(2,2),(0.,1.553343034275),.PIECEWISE_BEZIER_KNOTS.);
#9993 = CARTESIAN_POINT('',(0.,1.745329251994E-02));
#9994 = CARTESIAN_POINT('',(0.,1.570796326795));
#9995 = ( GEOMETRIC_REPRESENTATION_CONTEXT(2) 
PARAMETRIC_REPRESENTATION_CONTEXT() REPRESENTATION_CONTEXT('2D SPACE',''
  ) );
#9996 = PCURVE('',#7444,#9997);
#9997 = DEFINITIONAL_REPRESENTATION('',(#9998),#10001);
#9998 = B_SPLINE_CURVE_WITH_KNOTS('',1,(#9999,#10000),.UNSPECIFIED.,.F.,
  .F.,(2,2),(0.,1.553343034275),.PIECEWISE_BEZIER_KNOTS.);
#9999 = CARTESIAN_POINT('',(0.,98.));
#10000 = CARTESIAN_POINT('',(-1.553343034275,98.));
#10001 = ( GEOMETRIC_REPRESENTATION_CONTEXT(2) 
PARAMETRIC_REPRESENTATION_CONTEXT() REPRESENTATION_CONTEXT('2D SPACE',''
  ) );
#10002 = ORIENTED_EDGE('',*,*,#7348,.T.);
#10003 = ORIENTED_EDGE('',*,*,#7951,.T.);
#10004 = ORIENTED_EDGE('',*,*,#10005,.F.);
#10005 = EDGE_CURVE('',#9982,#7952,#10006,.T.);
#10006 = SURFACE_CURVE('',#10007,(#10012,#10019),.PCURVE_S1.);
#10007 = CIRCLE('',#10008,8.80435094476);
#10008 = AXIS2_PLACEMENT_3D('',#10009,#10010,#10011);
#10009 = CARTESIAN_POINT('',(-19.,49.,2.));
#10010 = DIRECTION('',(-0.,0.,-1.));
#10011 = DIRECTION('',(-1.,0.,0.));
#10012 = PCURVE('',#7363,#10013);
#10013 = DEFINITIONAL_REPRESENTATION('',(#10014),#10018);
#10014 = LINE('',#10015,#10016);
#10015 = CARTESIAN_POINT('',(0.,1.570796326795));
#10016 = VECTOR('',#10017,1.);
#10017 = DIRECTION('',(1.,0.));
#10018 = ( GEOMETRIC_REPRESENTATION_CONTEXT(2) 
PARAMETRIC_REPRESENTATION_CONTEXT() REPRESENTATION_CONTEXT('2D SPACE',''
  ) );
#10019 = PCURVE('',#7989,#10020);
#10020 = DEFINITIONAL_REPRESENTATION('',(#10021),#10029);
#10021 = ( BOUNDED_CURVE() B_SPLINE_CURVE(2,(#10022,#10023,#10024,#10025
    ,#10026,#10027,#10028),.UNSPECIFIED.,.T.,.F.) 
B_SPLINE_CURVE_WITH_KNOTS((1,2,2,2,2,1),(-2.094395102393,0.,
    2.094395102393,4.188790204786,6.28318530718,8.377580409573),
.UNSPECIFIED.) CURVE() GEOMETRIC_REPRESENTATION_ITEM() 
RATIONAL_B_SPLINE_CURVE((1.,0.5,1.,0.5,1.,0.5,1.)) REPRESENTATION_ITEM(
  '') );
#10022 = CARTESIAN_POINT('',(-8.80435094476,0.));
#10023 = CARTESIAN_POINT('',(-8.80435094476,15.249583163991));
#10024 = CARTESIAN_POINT('',(4.40217547238,7.624791581996));
#10025 = CARTESIAN_POINT('',(17.60870188952,2.156444040614E-15));
#10026 = CARTESIAN_POINT('',(4.40217547238,-7.624791581996));
#10027 = CARTESIAN_POINT('',(-8.80435094476,-15.24958316399));
#10028 = CARTESIAN_POINT('',(-8.80435094476,0.));
#10029 = ( GEOMETRIC_REPRESENTATION_CONTEXT(2) 
PARAMETRIC_REPRESENTATION_CONTEXT() REPRESENTATION_CONTEXT('2D SPACE',''
  ) );
#10030 = ADVANCED_FACE('',(#10031),#7396,.F.);
#10031 = FACE_BOUND('',#10032,.T.);
#10032 = EDGE_LOOP('',(#10033,#10034,#10056,#10079));
#10033 = ORIENTED_EDGE('',*,*,#7378,.F.);
#10034 = ORIENTED_EDGE('',*,*,#10035,.T.);
#10035 = EDGE_CURVE('',#7379,#10036,#10038,.T.);
#10036 = VERTEX_POINT('',#10037);
#10037 = CARTESIAN_POINT('',(-27.80435094476,-49.,2.));
#10038 = SURFACE_CURVE('',#10039,(#10044,#10050),.PCURVE_S1.);
#10039 = CIRCLE('',#10040,1.);
#10040 = AXIS2_PLACEMENT_3D('',#10041,#10042,#10043);
#10041 = CARTESIAN_POINT('',(-27.80435094476,-49.,3.));
#10042 = DIRECTION('',(0.,-1.,-0.));
#10043 = DIRECTION('',(-0.999847695156,0.,-1.745240643728E-02));
#10044 = PCURVE('',#7396,#10045);
#10045 = DEFINITIONAL_REPRESENTATION('',(#10046),#10049);
#10046 = B_SPLINE_CURVE_WITH_KNOTS('',1,(#10047,#10048),.UNSPECIFIED.,
  .F.,.F.,(2,2),(0.,1.553343034275),.PIECEWISE_BEZIER_KNOTS.);
#10047 = CARTESIAN_POINT('',(0.,0.));
#10048 = CARTESIAN_POINT('',(-1.553343034275,0.));
#10049 = ( GEOMETRIC_REPRESENTATION_CONTEXT(2) 
PARAMETRIC_REPRESENTATION_CONTEXT() REPRESENTATION_CONTEXT('2D SPACE',''
  ) );
#10050 = PCURVE('',#7935,#10051);
#10051 = DEFINITIONAL_REPRESENTATION('',(#10052),#10055);
#10052 = B_SPLINE_CURVE_WITH_KNOTS('',1,(#10053,#10054),.UNSPECIFIED.,
  .F.,.F.,(2,2),(0.,1.553343034275),.PIECEWISE_BEZIER_KNOTS.);
#10053 = CARTESIAN_POINT('',(1.570796326795,1.745329251994E-02));
#10054 = CARTESIAN_POINT('',(1.570796326795,1.570796326795));
#10055 = ( GEOMETRIC_REPRESENTATION_CONTEXT(2) 
PARAMETRIC_REPRESENTATION_CONTEXT() REPRESENTATION_CONTEXT('2D SPACE',''
  ) );
#10056 = ORIENTED_EDGE('',*,*,#10057,.T.);
#10057 = EDGE_CURVE('',#10036,#10058,#10060,.T.);
#10058 = VERTEX_POINT('',#10059);
#10059 = CARTESIAN_POINT('',(-27.80435094476,-45.58028718367,2.));
#10060 = SURFACE_CURVE('',#10061,(#10065,#10072),.PCURVE_S1.);
#10061 = LINE('',#10062,#10063);
#10062 = CARTESIAN_POINT('',(-27.80435094476,-49.,2.));
#10063 = VECTOR('',#10064,1.);
#10064 = DIRECTION('',(0.,1.,0.));
#10065 = PCURVE('',#7396,#10066);
#10066 = DEFINITIONAL_REPRESENTATION('',(#10067),#10071);
#10067 = LINE('',#10068,#10069);
#10068 = CARTESIAN_POINT('',(-1.553343034275,0.));
#10069 = VECTOR('',#10070,1.);
#10070 = DIRECTION('',(-0.,1.));
#10071 = ( GEOMETRIC_REPRESENTATION_CONTEXT(2) 
PARAMETRIC_REPRESENTATION_CONTEXT() REPRESENTATION_CONTEXT('2D SPACE',''
  ) );
#10072 = PCURVE('',#7989,#10073);
#10073 = DEFINITIONAL_REPRESENTATION('',(#10074),#10078);
#10074 = LINE('',#10075,#10076);
#10075 = CARTESIAN_POINT('',(-8.80435094476,-98.));
#10076 = VECTOR('',#10077,1.);
#10077 = DIRECTION('',(0.,1.));
#10078 = ( GEOMETRIC_REPRESENTATION_CONTEXT(2) 
PARAMETRIC_REPRESENTATION_CONTEXT() REPRESENTATION_CONTEXT('2D SPACE',''
  ) );
#10079 = ORIENTED_EDGE('',*,*,#10080,.T.);
#10080 = EDGE_CURVE('',#10058,#7381,#10081,.T.);
#10081 = SURFACE_CURVE('',#10082,(#10103,#10154),.PCURVE_S1.);
#10082 = B_SPLINE_CURVE_WITH_KNOTS('',7,(#10083,#10084,#10085,#10086,
    #10087,#10088,#10089,#10090,#10091,#10092,#10093,#10094,#10095,
    #10096,#10097,#10098,#10099,#10100,#10101,#10102),.UNSPECIFIED.,.F.,
  .F.,(8,6,6,8),(0.,1.,2.676442124078,4.176216729792),.UNSPECIFIED.);
#10083 = CARTESIAN_POINT('',(-27.80435094476,-45.58028718367,2.));
#10084 = CARTESIAN_POINT('',(-27.85287521212,-45.58028718367,2.));
#10085 = CARTESIAN_POINT('',(-27.90139322138,-45.58026321152,
    2.002746936415));
#10086 = CARTESIAN_POINT('',(-27.94978279649,-45.58021527492,
    2.008239926328));
#10087 = CARTESIAN_POINT('',(-27.99791802605,-45.5801433365,
    2.016483253644));
#10088 = CARTESIAN_POINT('',(-28.0456679017,-45.58004732087,
    2.02748555403));
#10089 = CARTESIAN_POINT('',(-28.09289495659,-45.57992712183,
    2.041258999861));
#10090 = CARTESIAN_POINT('',(-28.21750728392,-45.57954034265,
    2.085579503878));
#10091 = CARTESIAN_POINT('',(-28.29364477261,-45.57922986338,
    2.121156905404));
#10092 = CARTESIAN_POINT('',(-28.36723341657,-45.57885049343,
    2.164628395528));
#10093 = CARTESIAN_POINT('',(-28.437454944,-45.5784014776,2.216080513316
    ));
#10094 = CARTESIAN_POINT('',(-28.50330820186,-45.5778827547,
    2.275520270302));
#10095 = CARTESIAN_POINT('',(-28.56363171018,-45.57729574391,
    2.34278504409));
#10096 = CARTESIAN_POINT('',(-28.66502145643,-45.57606121576,
    2.4842479588));
#10097 = CARTESIAN_POINT('',(-28.70748090951,-45.57542618694,
    2.557015053103));
#10098 = CARTESIAN_POINT('',(-28.74346338644,-45.57474320793,
    2.635276696661));
#10099 = CARTESIAN_POINT('',(-28.77190456208,-45.57401898216,
    2.718264750062));
#10100 = CARTESIAN_POINT('',(-28.79186037358,-45.57326319529,
    2.804869347295));
#10101 = CARTESIAN_POINT('',(-28.80264585918,-45.57248895196,
    2.893588845277));
#10102 = CARTESIAN_POINT('',(-28.80419863991,-45.57171262072,
    2.982547593563));
#10103 = PCURVE('',#7396,#10104);
#10104 = DEFINITIONAL_REPRESENTATION('',(#10105),#10153);
#10105 = B_SPLINE_CURVE_WITH_KNOTS('',3,(#10106,#10107,#10108,#10109,
    #10110,#10111,#10112,#10113,#10114,#10115,#10116,#10117,#10118,
    #10119,#10120,#10121,#10122,#10123,#10124,#10125,#10126,#10127,
    #10128,#10129,#10130,#10131,#10132,#10133,#10134,#10135,#10136,
    #10137,#10138,#10139,#10140,#10141,#10142,#10143,#10144,#10145,
    #10146,#10147,#10148,#10149,#10150,#10151,#10152),.UNSPECIFIED.,.F.,
  .F.,(4,1,1,1,1,1,1,1,1,1,1,1,1,1,1,1,1,1,1,1,1,1,1,1,1,1,1,1,1,1,1,1,1
    ,1,1,1,1,1,1,1,1,1,1,1,4),(0.,9.491401658619E-02,0.189828033172,
    0.284742049759,0.379656066345,0.474570082931,0.569484099517,
    0.664398116103,0.759312132689,0.854226149276,0.949140165862,
    1.044054182448,1.138968199034,1.23388221562,1.328796232207,
    1.423710248793,1.518624265379,1.613538281965,1.708452298551,
    1.803366315138,1.898280331724,1.99319434831,2.088108364896,
    2.183022381482,2.277936398068,2.372850414655,2.467764431241,
    2.562678447827,2.657592464413,2.752506480999,2.847420497586,
    2.942334514172,3.037248530758,3.132162547344,3.22707656393,
    3.321990580517,3.416904597103,3.511818613689,3.606732630275,
    3.701646646861,3.796560663447,3.891474680034,3.98638869662,
    4.081302713206,4.176216729792),.QUASI_UNIFORM_KNOTS.);
#10106 = CARTESIAN_POINT('',(-1.553343034275,3.419712816325));
#10107 = CARTESIAN_POINT('',(-1.542596573691,3.419712816567));
#10108 = CARTESIAN_POINT('',(-1.521104377074,3.419715839529));
#10109 = CARTESIAN_POINT('',(-1.488857033215,3.419729444734));
#10110 = CARTESIAN_POINT('',(-1.456589350951,3.419752122925));
#10111 = CARTESIAN_POINT('',(-1.424290274895,3.419783880205));
#10112 = CARTESIAN_POINT('',(-1.391948837685,3.41982472505));
#10113 = CARTESIAN_POINT('',(-1.359554134431,3.419874668529));
#10114 = CARTESIAN_POINT('',(-1.327095258241,3.419933724089));
#10115 = CARTESIAN_POINT('',(-1.294561267531,3.420001907377));
#10116 = CARTESIAN_POINT('',(-1.261941062241,3.420079236333));
#10117 = CARTESIAN_POINT('',(-1.229223590233,3.420165730168));
#10118 = CARTESIAN_POINT('',(-1.19639682223,3.420261412533));
#10119 = CARTESIAN_POINT('',(-1.163454668938,3.420366288896));
#10120 = CARTESIAN_POINT('',(-1.130383501361,3.420480386916));
#10121 = CARTESIAN_POINT('',(-1.097171230513,3.420603731164));
#10122 = CARTESIAN_POINT('',(-1.063806146346,3.420736344645));
#10123 = CARTESIAN_POINT('',(-1.030277158685,3.420878246948));
#10124 = CARTESIAN_POINT('',(-0.996573667663,3.421029453296));
#10125 = CARTESIAN_POINT('',(-0.962685538849,3.421189973353));
#10126 = CARTESIAN_POINT('',(-0.928603055893,3.42135981009));
#10127 = CARTESIAN_POINT('',(-0.894316884931,3.421538958636));
#10128 = CARTESIAN_POINT('',(-0.859818041367,3.421727405127));
#10129 = CARTESIAN_POINT('',(-0.825097862339,3.42192512555));
#10130 = CARTESIAN_POINT('',(-0.790147980705,3.422132084602));
#10131 = CARTESIAN_POINT('',(-0.754960313053,3.422348234476));
#10132 = CARTESIAN_POINT('',(-0.719527014642,3.422573513908));
#10133 = CARTESIAN_POINT('',(-0.683840575355,3.422807846245));
#10134 = CARTESIAN_POINT('',(-0.647893405102,3.423051141142));
#10135 = CARTESIAN_POINT('',(-0.611679337832,3.42330328271));
#10136 = CARTESIAN_POINT('',(-0.575187985557,3.423564168223));
#10137 = CARTESIAN_POINT('',(-0.53841335294,3.423833647404));
#10138 = CARTESIAN_POINT('',(-0.501364669908,3.42411143444));
#10139 = CARTESIAN_POINT('',(-0.464048692858,3.424397231646));
#10140 = CARTESIAN_POINT('',(-0.426474189077,3.424690697308));
#10141 = CARTESIAN_POINT('',(-0.388650838961,3.424991452983));
#10142 = CARTESIAN_POINT('',(-0.350589663248,3.425299080269));
#10143 = CARTESIAN_POINT('',(-0.312303071358,3.425613120472));
#10144 = CARTESIAN_POINT('',(-0.273805042114,3.425933073581));
#10145 = CARTESIAN_POINT('',(-0.23511130345,3.426258397517));
#10146 = CARTESIAN_POINT('',(-0.196239546609,3.426588507454));
#10147 = CARTESIAN_POINT('',(-0.157209685014,3.42692277513));
#10148 = CARTESIAN_POINT('',(-0.118044106013,3.42726052878));
#10149 = CARTESIAN_POINT('',(-7.876814261163E-02,3.427601051285));
#10150 = CARTESIAN_POINT('',(-3.940994376163E-02,3.427943585596));
#10151 = CARTESIAN_POINT('',(-1.313854253528E-02,3.428172737686));
#10152 = CARTESIAN_POINT('',(0.,3.428287379272));
#10153 = ( GEOMETRIC_REPRESENTATION_CONTEXT(2) 
PARAMETRIC_REPRESENTATION_CONTEXT() REPRESENTATION_CONTEXT('2D SPACE',''
  ) );
#10154 = PCURVE('',#7900,#10155);
#10155 = DEFINITIONAL_REPRESENTATION('',(#10156),#10204);
#10156 = B_SPLINE_CURVE_WITH_KNOTS('',3,(#10157,#10158,#10159,#10160,
    #10161,#10162,#10163,#10164,#10165,#10166,#10167,#10168,#10169,
    #10170,#10171,#10172,#10173,#10174,#10175,#10176,#10177,#10178,
    #10179,#10180,#10181,#10182,#10183,#10184,#10185,#10186,#10187,
    #10188,#10189,#10190,#10191,#10192,#10193,#10194,#10195,#10196,
    #10197,#10198,#10199,#10200,#10201,#10202,#10203),.UNSPECIFIED.,.F.,
  .F.,(4,1,1,1,1,1,1,1,1,1,1,1,1,1,1,1,1,1,1,1,1,1,1,1,1,1,1,1,1,1,1,1,1
    ,1,1,1,1,1,1,1,1,1,1,1,4),(0.,9.491401658619E-02,0.189828033172,
    0.284742049759,0.379656066345,0.474570082931,0.569484099517,
    0.664398116103,0.759312132689,0.854226149276,0.949140165862,
    1.044054182448,1.138968199034,1.23388221562,1.328796232207,
    1.423710248793,1.518624265379,1.613538281965,1.708452298551,
    1.803366315138,1.898280331724,1.99319434831,2.088108364896,
    2.183022381482,2.277936398068,2.372850414655,2.467764431241,
    2.562678447827,2.657592464413,2.752506480999,2.847420497586,
    2.942334514172,3.037248530758,3.132162547344,3.22707656393,
    3.321990580517,3.416904597103,3.511818613689,3.606732630275,
    3.701646646861,3.796560663447,3.891474680034,3.98638869662,
    4.081302713206,4.176216729792),.QUASI_UNIFORM_KNOTS.);
#10157 = CARTESIAN_POINT('',(-1.855294462003,2.127659574468E-02));
#10158 = CARTESIAN_POINT('',(-1.866046383431,2.127659869896E-02));
#10159 = CARTESIAN_POINT('',(-1.887551161445,2.131344945338E-02));
#10160 = CARTESIAN_POINT('',(-1.919788996992,2.147930073926E-02));
#10161 = CARTESIAN_POINT('',(-1.95198548235,2.175575427789E-02));
#10162 = CARTESIAN_POINT('',(-1.984118184958,2.214288448126E-02));
#10163 = CARTESIAN_POINT('',(-2.01616436706,2.264079465481E-02));
#10164 = CARTESIAN_POINT('',(-2.048100921185,2.324961974724E-02));
#10165 = CARTESIAN_POINT('',(-2.079904357442,2.396952367263E-02));
#10166 = CARTESIAN_POINT('',(-2.111550756566,2.480069717349E-02));
#10167 = CARTESIAN_POINT('',(-2.143015807977,2.574335894775E-02));
#10168 = CARTESIAN_POINT('',(-2.174274541865,2.679774317916E-02));
#10169 = CARTESIAN_POINT('',(-2.205302199943,2.796413819E-02));
#10170 = CARTESIAN_POINT('',(-2.236067708919,2.924261062168E-02));
#10171 = CARTESIAN_POINT('',(-2.266546290331,3.063349764809E-02));
#10172 = CARTESIAN_POINT('',(-2.296710726914,3.213709880206E-02));
#10173 = CARTESIAN_POINT('',(-2.326532435169,3.375369452202E-02));
#10174 = CARTESIAN_POINT('',(-2.355981191716,3.548352360283E-02));
#10175 = CARTESIAN_POINT('',(-2.385025224454,3.732677161916E-02));
#10176 = CARTESIAN_POINT('',(-2.413631210059,3.928355636944E-02));
#10177 = CARTESIAN_POINT('',(-2.441764300674,4.135391408012E-02));
#10178 = CARTESIAN_POINT('',(-2.46938814686,4.353778536308E-02));
#10179 = CARTESIAN_POINT('',(-2.496464925766,4.583500121531E-02));
#10180 = CARTESIAN_POINT('',(-2.522955371633,4.824526891136E-02));
#10181 = CARTESIAN_POINT('',(-2.548818811274,5.07681580973E-02));
#10182 = CARTESIAN_POINT('',(-2.574013196926,5.340308600131E-02));
#10183 = CARTESIAN_POINT('',(-2.598495164291,5.6149305791E-02));
#10184 = CARTESIAN_POINT('',(-2.622220012203,5.900588304231E-02));
#10185 = CARTESIAN_POINT('',(-2.645141990436,6.197171643039E-02));
#10186 = CARTESIAN_POINT('',(-2.667213453242,6.504539323613E-02));
#10187 = CARTESIAN_POINT('',(-2.688388261875,6.822566118311E-02));
#10188 = CARTESIAN_POINT('',(-2.70861648805,7.15106883761E-02));
#10189 = CARTESIAN_POINT('',(-2.727839811406,7.489699065889E-02));
#10190 = CARTESIAN_POINT('',(-2.746002474344,7.83809391735E-02));
#10191 = CARTESIAN_POINT('',(-2.763048969002,8.195836834049E-02));
#10192 = CARTESIAN_POINT('',(-2.778925101911,8.562466480517E-02));
#10193 = CARTESIAN_POINT('',(-2.793578180172,8.937472814554E-02));
#10194 = CARTESIAN_POINT('',(-2.806957465257,9.320296675846E-02));
#10195 = CARTESIAN_POINT('',(-2.819014592337,9.710328536501E-02));
#10196 = CARTESIAN_POINT('',(-2.829704043532,0.101069075856));
#10197 = CARTESIAN_POINT('',(-2.838983649826,0.105093209056));
#10198 = CARTESIAN_POINT('',(-2.846815160432,0.109168026274));
#10199 = CARTESIAN_POINT('',(-2.853164775848,0.113285338483));
#10200 = CARTESIAN_POINT('',(-2.858004047031,0.117436403822));
#10201 = CARTESIAN_POINT('',(-2.861309660832,0.12161199365));
#10202 = CARTESIAN_POINT('',(-2.862481656781,0.124405422227));
#10203 = CARTESIAN_POINT('',(-2.862806945757,0.125802935485));
#10204 = ( GEOMETRIC_REPRESENTATION_CONTEXT(2) 
PARAMETRIC_REPRESENTATION_CONTEXT() REPRESENTATION_CONTEXT('2D SPACE',''
  ) );
#10205 = ADVANCED_FACE('',(#10206),#7900,.T.);
#10206 = FACE_BOUND('',#10207,.T.);
#10207 = EDGE_LOOP('',(#10208,#10230,#10231,#10232,#10252));
#10208 = ORIENTED_EDGE('',*,*,#10209,.F.);
#10209 = EDGE_CURVE('',#7857,#10210,#10212,.T.);
#10210 = VERTEX_POINT('',#10211);
#10211 = CARTESIAN_POINT('',(-22.78159968415,-45.5,11.2));
#10212 = SURFACE_CURVE('',#10213,(#10217,#10223),.PCURVE_S1.);
#10213 = LINE('',#10214,#10215);
#10214 = CARTESIAN_POINT('',(-25.95,-45.5,11.2));
#10215 = VECTOR('',#10216,1.);
#10216 = DIRECTION('',(1.,0.,0.));
#10217 = PCURVE('',#7900,#10218);
#10218 = DEFINITIONAL_REPRESENTATION('',(#10219),#10222);
#10219 = B_SPLINE_CURVE_WITH_KNOTS('',1,(#10220,#10221),.UNSPECIFIED.,
  .F.,.F.,(2,2),(-3.35,3.35),.PIECEWISE_BEZIER_KNOTS.);
#10220 = CARTESIAN_POINT('',(-3.432032557233,1.));
#10221 = CARTESIAN_POINT('',(3.432032557233,1.));
#10222 = ( GEOMETRIC_REPRESENTATION_CONTEXT(2) 
PARAMETRIC_REPRESENTATION_CONTEXT() REPRESENTATION_CONTEXT('2D SPACE',''
  ) );
#10223 = PCURVE('',#7871,#10224);
#10224 = DEFINITIONAL_REPRESENTATION('',(#10225),#10229);
#10225 = LINE('',#10226,#10227);
#10226 = CARTESIAN_POINT('',(3.313298629762,-0.494522183547));
#10227 = VECTOR('',#10228,1.);
#10228 = DIRECTION('',(0.989044367093,-0.147618562253));
#10229 = ( GEOMETRIC_REPRESENTATION_CONTEXT(2) 
PARAMETRIC_REPRESENTATION_CONTEXT() REPRESENTATION_CONTEXT('2D SPACE',''
  ) );
#10230 = ORIENTED_EDGE('',*,*,#7882,.F.);
#10231 = ORIENTED_EDGE('',*,*,#10080,.F.);
#10232 = ORIENTED_EDGE('',*,*,#10233,.F.);
#10233 = EDGE_CURVE('',#10234,#10058,#10236,.T.);
#10234 = VERTEX_POINT('',#10235);
#10235 = CARTESIAN_POINT('',(-22.8479504528,-45.58028718367,2.));
#10236 = SURFACE_CURVE('',#10237,(#10240,#10246),.PCURVE_S1.);
#10237 = B_SPLINE_CURVE_WITH_KNOTS('',1,(#10238,#10239),.UNSPECIFIED.,
  .F.,.F.,(2,2),(0.,1.),.PIECEWISE_BEZIER_KNOTS.);
#10238 = CARTESIAN_POINT('',(-22.51971281632,-45.58028718367,2.));
#10239 = CARTESIAN_POINT('',(-27.80435094476,-45.58028718367,2.));
#10240 = PCURVE('',#7900,#10241);
#10241 = DEFINITIONAL_REPRESENTATION('',(#10242),#10245);
#10242 = B_SPLINE_CURVE_WITH_KNOTS('',1,(#10243,#10244),.UNSPECIFIED.,
  .F.,.F.,(2,2),(0.,1.),.PIECEWISE_BEZIER_KNOTS.);
#10243 = CARTESIAN_POINT('',(3.432032557233,2.127659574468E-02));
#10244 = CARTESIAN_POINT('',(-1.855294462003,2.127659574468E-02));
#10245 = ( GEOMETRIC_REPRESENTATION_CONTEXT(2) 
PARAMETRIC_REPRESENTATION_CONTEXT() REPRESENTATION_CONTEXT('2D SPACE',''
  ) );
#10246 = PCURVE('',#7989,#10247);
#10247 = DEFINITIONAL_REPRESENTATION('',(#10248),#10251);
#10248 = B_SPLINE_CURVE_WITH_KNOTS('',1,(#10249,#10250),.UNSPECIFIED.,
  .F.,.F.,(2,2),(0.,1.),.PIECEWISE_BEZIER_KNOTS.);
#10249 = CARTESIAN_POINT('',(-3.519712816325,-94.58028718367));
#10250 = CARTESIAN_POINT('',(-8.80435094476,-94.58028718367));
#10251 = ( GEOMETRIC_REPRESENTATION_CONTEXT(2) 
PARAMETRIC_REPRESENTATION_CONTEXT() REPRESENTATION_CONTEXT('2D SPACE',''
  ) );
#10252 = ORIENTED_EDGE('',*,*,#10253,.T.);
#10253 = EDGE_CURVE('',#10234,#10210,#10254,.T.);
#10254 = SURFACE_CURVE('',#10255,(#10261,#10270),.PCURVE_S1.);
#10255 = B_SPLINE_CURVE_WITH_KNOTS('',4,(#10256,#10257,#10258,#10259,
    #10260),.UNSPECIFIED.,.F.,.F.,(5,5),(0.,1.),
  .PIECEWISE_BEZIER_KNOTS.);
#10256 = CARTESIAN_POINT('',(-22.8479504528,-45.58028718367,2.));
#10257 = CARTESIAN_POINT('',(-22.83155592643,-45.5602153119,
    4.300008691794));
#10258 = CARTESIAN_POINT('',(-22.81503560227,-45.5401434884,
    6.60001185225));
#10259 = CARTESIAN_POINT('',(-22.79838514677,-45.52007171646,
    8.900009104072));
#10260 = CARTESIAN_POINT('',(-22.78159968415,-45.5,11.2));
#10261 = PCURVE('',#7900,#10262);
#10262 = DEFINITIONAL_REPRESENTATION('',(#10263),#10269);
#10263 = B_SPLINE_CURVE_WITH_KNOTS('',4,(#10264,#10265,#10266,#10267,
    #10268),.UNSPECIFIED.,.F.,.F.,(5,5),(0.,1.),
  .PIECEWISE_BEZIER_KNOTS.);
#10264 = CARTESIAN_POINT('',(3.103627909292,2.12765957447E-02));
#10265 = CARTESIAN_POINT('',(3.13819124563,0.265958371467));
#10266 = CARTESIAN_POINT('',(3.173419720693,0.51063955875));
#10267 = CARTESIAN_POINT('',(3.209340977268,0.755320117454));
#10268 = CARTESIAN_POINT('',(3.245985981593,1.));
#10269 = ( GEOMETRIC_REPRESENTATION_CONTEXT(2) 
PARAMETRIC_REPRESENTATION_CONTEXT() REPRESENTATION_CONTEXT('2D SPACE',''
  ) );
#10270 = PCURVE('',#10271,#10276);
#10271 = CONICAL_SURFACE('',#10272,2.910831220943,8.726646259972E-03);
#10272 = AXIS2_PLACEMENT_3D('',#10273,#10274,#10275);
#10273 = CARTESIAN_POINT('',(-20.,-45.,1.5));
#10274 = DIRECTION('',(0.,0.,-1.));
#10275 = DIRECTION('',(1.,0.,0.));
#10276 = DEFINITIONAL_REPRESENTATION('',(#10277),#10283);
#10277 = B_SPLINE_CURVE_WITH_KNOTS('',4,(#10278,#10279,#10280,#10281,
    #10282),.UNSPECIFIED.,.F.,.F.,(5,5),(0.,1.),
  .PIECEWISE_BEZIER_KNOTS.);
#10278 = CARTESIAN_POINT('',(-3.342597193939,-0.5));
#10279 = CARTESIAN_POINT('',(-3.336956489287,-2.800008691794));
#10280 = CARTESIAN_POINT('',(-3.331220562479,-5.100011852277));
#10281 = CARTESIAN_POINT('',(-3.325385298493,-7.40000910405));
#10282 = CARTESIAN_POINT('',(-3.319446023911,-9.699999999978));
#10283 = ( GEOMETRIC_REPRESENTATION_CONTEXT(2) 
PARAMETRIC_REPRESENTATION_CONTEXT() REPRESENTATION_CONTEXT('2D SPACE',''
  ) );
#10284 = ADVANCED_FACE('',(#10285),#7871,.T.);
#10285 = FACE_BOUND('',#10286,.T.);
#10286 = EDGE_LOOP('',(#10287,#10288,#10289,#10313));
#10287 = ORIENTED_EDGE('',*,*,#7856,.F.);
#10288 = ORIENTED_EDGE('',*,*,#10209,.T.);
#10289 = ORIENTED_EDGE('',*,*,#10290,.F.);
#10290 = EDGE_CURVE('',#10291,#10210,#10293,.T.);
#10291 = VERTEX_POINT('',#10292);
#10292 = CARTESIAN_POINT('',(-22.78159968415,-44.5,11.2));
#10293 = SURFACE_CURVE('',#10294,(#10299,#10306),.PCURVE_S1.);
#10294 = CIRCLE('',#10295,2.826180603372);
#10295 = AXIS2_PLACEMENT_3D('',#10296,#10297,#10298);
#10296 = CARTESIAN_POINT('',(-20.,-45.,11.2));
#10297 = DIRECTION('',(0.,0.,1.));
#10298 = DIRECTION('',(1.,0.,-0.));
#10299 = PCURVE('',#7871,#10300);
#10300 = DEFINITIONAL_REPRESENTATION('',(#10301),#10305);
#10301 = CIRCLE('',#10302,2.826180603372);
#10302 = AXIS2_PLACEMENT_2D('',#10303,#10304);
#10303 = CARTESIAN_POINT('',(9.271921895092,-0.878330445404));
#10304 = DIRECTION('',(0.989044367093,-0.147618562253));
#10305 = ( GEOMETRIC_REPRESENTATION_CONTEXT(2) 
PARAMETRIC_REPRESENTATION_CONTEXT() REPRESENTATION_CONTEXT('2D SPACE',''
  ) );
#10306 = PCURVE('',#10271,#10307);
#10307 = DEFINITIONAL_REPRESENTATION('',(#10308),#10312);
#10308 = LINE('',#10309,#10310);
#10309 = CARTESIAN_POINT('',(-0.,-9.7));
#10310 = VECTOR('',#10311,1.);
#10311 = DIRECTION('',(-1.,-0.));
#10312 = ( GEOMETRIC_REPRESENTATION_CONTEXT(2) 
PARAMETRIC_REPRESENTATION_CONTEXT() REPRESENTATION_CONTEXT('2D SPACE',''
  ) );
#10313 = ORIENTED_EDGE('',*,*,#10314,.F.);
#10314 = EDGE_CURVE('',#7823,#10291,#10315,.T.);
#10315 = SURFACE_CURVE('',#10316,(#10320,#10327),.PCURVE_S1.);
#10316 = LINE('',#10317,#10318);
#10317 = CARTESIAN_POINT('',(-25.95,-44.5,11.2));
#10318 = VECTOR('',#10319,1.);
#10319 = DIRECTION('',(1.,0.,0.));
#10320 = PCURVE('',#7871,#10321);
#10321 = DEFINITIONAL_REPRESENTATION('',(#10322),#10326);
#10322 = LINE('',#10323,#10324);
#10323 = CARTESIAN_POINT('',(3.460917192014,0.494522183547));
#10324 = VECTOR('',#10325,1.);
#10325 = DIRECTION('',(0.989044367093,-0.147618562253));
#10326 = ( GEOMETRIC_REPRESENTATION_CONTEXT(2) 
PARAMETRIC_REPRESENTATION_CONTEXT() REPRESENTATION_CONTEXT('2D SPACE',''
  ) );
#10327 = PCURVE('',#7842,#10328);
#10328 = DEFINITIONAL_REPRESENTATION('',(#10329),#10332);
#10329 = B_SPLINE_CURVE_WITH_KNOTS('',1,(#10330,#10331),.UNSPECIFIED.,
  .F.,.F.,(2,2),(-3.35,3.35),.PIECEWISE_BEZIER_KNOTS.);
#10330 = CARTESIAN_POINT('',(3.432032557233,1.));
#10331 = CARTESIAN_POINT('',(-3.432032557233,1.));
#10332 = ( GEOMETRIC_REPRESENTATION_CONTEXT(2) 
PARAMETRIC_REPRESENTATION_CONTEXT() REPRESENTATION_CONTEXT('2D SPACE',''
  ) );
#10333 = ADVANCED_FACE('',(#10334),#7842,.T.);
#10334 = FACE_BOUND('',#10335,.T.);
#10335 = EDGE_LOOP('',(#10336,#10337,#10338,#10367,#10387));
#10336 = ORIENTED_EDGE('',*,*,#7822,.T.);
#10337 = ORIENTED_EDGE('',*,*,#10314,.T.);
#10338 = ORIENTED_EDGE('',*,*,#10339,.T.);
#10339 = EDGE_CURVE('',#10291,#10340,#10342,.T.);
#10340 = VERTEX_POINT('',#10341);
#10341 = CARTESIAN_POINT('',(-22.8479504528,-44.41971281632,2.));
#10342 = SURFACE_CURVE('',#10343,(#10349,#10358),.PCURVE_S1.);
#10343 = B_SPLINE_CURVE_WITH_KNOTS('',4,(#10344,#10345,#10346,#10347,
    #10348),.UNSPECIFIED.,.F.,.F.,(5,5),(0.,1.),
  .PIECEWISE_BEZIER_KNOTS.);
#10344 = CARTESIAN_POINT('',(-22.78159968415,-44.5,11.2));
#10345 = CARTESIAN_POINT('',(-22.79838514677,-44.47992828353,
    8.900009104102));
#10346 = CARTESIAN_POINT('',(-22.81503560227,-44.45985651159,
    6.600011852047));
#10347 = CARTESIAN_POINT('',(-22.83155592643,-44.43978468809,
    4.300008691764));
#10348 = CARTESIAN_POINT('',(-22.8479504528,-44.41971281632,2.));
#10349 = PCURVE('',#7842,#10350);
#10350 = DEFINITIONAL_REPRESENTATION('',(#10351),#10357);
#10351 = B_SPLINE_CURVE_WITH_KNOTS('',4,(#10352,#10353,#10354,#10355,
    #10356),.UNSPECIFIED.,.F.,.F.,(5,5),(0.,1.),
  .PIECEWISE_BEZIER_KNOTS.);
#10352 = CARTESIAN_POINT('',(-3.245985981593,1.));
#10353 = CARTESIAN_POINT('',(-3.209340977268,0.755320117458));
#10354 = CARTESIAN_POINT('',(-3.173419720681,0.510639558664));
#10355 = CARTESIAN_POINT('',(-3.138191245637,0.265958371516));
#10356 = CARTESIAN_POINT('',(-3.103627909299,2.12765957966E-02));
#10357 = ( GEOMETRIC_REPRESENTATION_CONTEXT(2) 
PARAMETRIC_REPRESENTATION_CONTEXT() REPRESENTATION_CONTEXT('2D SPACE',''
  ) );
#10358 = PCURVE('',#10271,#10359);
#10359 = DEFINITIONAL_REPRESENTATION('',(#10360),#10366);
#10360 = B_SPLINE_CURVE_WITH_KNOTS('',4,(#10361,#10362,#10363,#10364,
    #10365),.UNSPECIFIED.,.F.,.F.,(5,5),(0.,1.),
  .PIECEWISE_BEZIER_KNOTS.);
#10361 = CARTESIAN_POINT('',(-2.963739283268,-9.69999999974));
#10362 = CARTESIAN_POINT('',(-2.957800008686,-7.400009103842));
#10363 = CARTESIAN_POINT('',(-2.951964744701,-5.100011852372));
#10364 = CARTESIAN_POINT('',(-2.946228817892,-2.800008691764));
#10365 = CARTESIAN_POINT('',(-2.940588113241,-0.5));
#10366 = ( GEOMETRIC_REPRESENTATION_CONTEXT(2) 
PARAMETRIC_REPRESENTATION_CONTEXT() REPRESENTATION_CONTEXT('2D SPACE',''
  ) );
#10367 = ORIENTED_EDGE('',*,*,#10368,.F.);
#10368 = EDGE_CURVE('',#10369,#10340,#10371,.T.);
#10369 = VERTEX_POINT('',#10370);
#10370 = CARTESIAN_POINT('',(-27.80435094476,-44.41971281632,2.));
#10371 = SURFACE_CURVE('',#10372,(#10375,#10381),.PCURVE_S1.);
#10372 = B_SPLINE_CURVE_WITH_KNOTS('',1,(#10373,#10374),.UNSPECIFIED.,
  .F.,.F.,(2,2),(0.,1.),.PIECEWISE_BEZIER_KNOTS.);
#10373 = CARTESIAN_POINT('',(-27.80435094476,-44.41971281632,2.));
#10374 = CARTESIAN_POINT('',(-22.51971281632,-44.41971281632,2.));
#10375 = PCURVE('',#7842,#10376);
#10376 = DEFINITIONAL_REPRESENTATION('',(#10377),#10380);
#10377 = B_SPLINE_CURVE_WITH_KNOTS('',1,(#10378,#10379),.UNSPECIFIED.,
  .F.,.F.,(2,2),(0.,1.),.PIECEWISE_BEZIER_KNOTS.);
#10378 = CARTESIAN_POINT('',(1.855294462003,2.127659574468E-02));
#10379 = CARTESIAN_POINT('',(-3.432032557233,2.127659574468E-02));
#10380 = ( GEOMETRIC_REPRESENTATION_CONTEXT(2) 
PARAMETRIC_REPRESENTATION_CONTEXT() REPRESENTATION_CONTEXT('2D SPACE',''
  ) );
#10381 = PCURVE('',#7989,#10382);
#10382 = DEFINITIONAL_REPRESENTATION('',(#10383),#10386);
#10383 = B_SPLINE_CURVE_WITH_KNOTS('',1,(#10384,#10385),.UNSPECIFIED.,
  .F.,.F.,(2,2),(0.,1.),.PIECEWISE_BEZIER_KNOTS.);
#10384 = CARTESIAN_POINT('',(-8.80435094476,-93.41971281632));
#10385 = CARTESIAN_POINT('',(-3.519712816325,-93.41971281632));
#10386 = ( GEOMETRIC_REPRESENTATION_CONTEXT(2) 
PARAMETRIC_REPRESENTATION_CONTEXT() REPRESENTATION_CONTEXT('2D SPACE',''
  ) );
#10387 = ORIENTED_EDGE('',*,*,#10388,.F.);
#10388 = EDGE_CURVE('',#7795,#10369,#10389,.T.);
#10389 = SURFACE_CURVE('',#10390,(#10405,#10423),.PCURVE_S1.);
#10390 = B_SPLINE_CURVE_WITH_KNOTS('',7,(#10391,#10392,#10393,#10394,
    #10395,#10396,#10397,#10398,#10399,#10400,#10401,#10402,#10403,
    #10404),.UNSPECIFIED.,.F.,.F.,(8,6,8),(0.,0.379779707811,1.),
  .UNSPECIFIED.);
#10391 = CARTESIAN_POINT('',(-28.80419863991,-44.42828737927,
    2.982547593563));
#10392 = CARTESIAN_POINT('',(-28.8025552402,-44.42746574199,
    2.888397287337));
#10393 = CARTESIAN_POINT('',(-28.79057012868,-44.42664649267,
    2.794520613035));
#10394 = CARTESIAN_POINT('',(-28.76831979302,-44.4258490672,
    2.703144704729));
#10395 = CARTESIAN_POINT('',(-28.7366629574,-44.42508870532,
    2.616015863623));
#10396 = CARTESIAN_POINT('',(-28.69674966091,-44.42437633448,
    2.534386250997));
#10397 = CARTESIAN_POINT('',(-28.64985384222,-44.42371921522,
    2.459087842179));
#10398 = CARTESIAN_POINT('',(-28.51125134824,-44.4221454955,
    2.278757423868));
#10399 = CARTESIAN_POINT('',(-28.4100514609,-44.42132889828,
    2.185184650124));
#10400 = CARTESIAN_POINT('',(-28.2980655987,-44.42067822823,
    2.110625247621));
#10401 = CARTESIAN_POINT('',(-28.17887584743,-44.42019408944,
    2.055148437663));
#10402 = CARTESIAN_POINT('',(-28.05545000937,-44.41987364998,
    2.018429711723));
#10403 = CARTESIAN_POINT('',(-27.93003923392,-44.41971281632,2.));
#10404 = CARTESIAN_POINT('',(-27.80435094476,-44.41971281632,2.));
#10405 = PCURVE('',#7842,#10406);
#10406 = DEFINITIONAL_REPRESENTATION('',(#10407),#10422);
#10407 = B_SPLINE_CURVE_WITH_KNOTS('',7,(#10408,#10409,#10410,#10411,
    #10412,#10413,#10414,#10415,#10416,#10417,#10418,#10419,#10420,
    #10421),.UNSPECIFIED.,.F.,.F.,(8,6,8),(0.,0.379779707811,1.),
  .UNSPECIFIED.);
#10408 = CARTESIAN_POINT('',(2.862806945757,0.125802935485));
#10409 = CARTESIAN_POINT('',(2.860471159241,0.115786945461));
#10410 = CARTESIAN_POINT('',(2.847765777427,0.105800065216));
#10411 = CARTESIAN_POINT('',(2.824794225516,9.60792239073E-02));
#10412 = CARTESIAN_POINT('',(2.792440686295,8.681019825782E-02));
#10413 = CARTESIAN_POINT('',(2.751873240864,7.812619691457E-02));
#10414 = CARTESIAN_POINT('',(2.704376869393,7.011572789138E-02));
#10415 = CARTESIAN_POINT('',(2.56434840924,5.093164083701E-02));
#10416 = CARTESIAN_POINT('',(2.462422274965,4.097709043872E-02));
#10417 = CARTESIAN_POINT('',(2.349881092375,3.304523910858E-02));
#10418 = CARTESIAN_POINT('',(2.23029499312,2.714345081519E-02));
#10419 = CARTESIAN_POINT('',(2.106608276604,2.32372033748E-02));
#10420 = CARTESIAN_POINT('',(1.981046702962,2.127659574468E-02));
#10421 = CARTESIAN_POINT('',(1.855294462003,2.127659574468E-02));
#10422 = ( GEOMETRIC_REPRESENTATION_CONTEXT(2) 
PARAMETRIC_REPRESENTATION_CONTEXT() REPRESENTATION_CONTEXT('2D SPACE',''
  ) );
#10423 = PCURVE('',#7810,#10424);
#10424 = DEFINITIONAL_REPRESENTATION('',(#10425),#10440);
#10425 = B_SPLINE_CURVE_WITH_KNOTS('',7,(#10426,#10427,#10428,#10429,
    #10430,#10431,#10432,#10433,#10434,#10435,#10436,#10437,#10438,
    #10439),.UNSPECIFIED.,.F.,.F.,(8,6,8),(0.,0.379779707811,1.),
  .UNSPECIFIED.);
#10426 = CARTESIAN_POINT('',(0.,4.571712620728));
#10427 = CARTESIAN_POINT('',(-9.416464795784E-02,4.572534258003));
#10428 = CARTESIAN_POINT('',(-0.188235961859,4.573353507328));
#10429 = CARTESIAN_POINT('',(-0.281351342312,4.574150932799));
#10430 = CARTESIAN_POINT('',(-0.373094590946,4.574911294676));
#10431 = CARTESIAN_POINT('',(-0.463190146879,4.575623665513));
#10432 = CARTESIAN_POINT('',(-0.551470064362,4.576280784772));
#10433 = CARTESIAN_POINT('',(-0.778911729645,4.577854504491));
#10434 = CARTESIAN_POINT('',(-0.914773273332,4.578671101716));
#10435 = CARTESIAN_POINT('',(-1.046716807469,4.579321771765));
#10436 = CARTESIAN_POINT('',(-1.175575277283,4.579805910551));
#10437 = CARTESIAN_POINT('',(-1.302244053514,4.580126350017));
#10438 = CARTESIAN_POINT('',(-1.427654745109,4.580287183675));
#10439 = CARTESIAN_POINT('',(-1.553343034275,4.580287183675));
#10440 = ( GEOMETRIC_REPRESENTATION_CONTEXT(2) 
PARAMETRIC_REPRESENTATION_CONTEXT() REPRESENTATION_CONTEXT('2D SPACE',''
  ) );
#10441 = ADVANCED_FACE('',(#10442),#7810,.F.);
#10442 = FACE_BOUND('',#10443,.T.);
#10443 = EDGE_LOOP('',(#10444,#10445,#10446,#10469));
#10444 = ORIENTED_EDGE('',*,*,#7794,.F.);
#10445 = ORIENTED_EDGE('',*,*,#10388,.T.);
#10446 = ORIENTED_EDGE('',*,*,#10447,.T.);
#10447 = EDGE_CURVE('',#10369,#10448,#10450,.T.);
#10448 = VERTEX_POINT('',#10449);
#10449 = CARTESIAN_POINT('',(-27.80435094476,-16.50108807453,2.));
#10450 = SURFACE_CURVE('',#10451,(#10455,#10462),.PCURVE_S1.);
#10451 = LINE('',#10452,#10453);
#10452 = CARTESIAN_POINT('',(-27.80435094476,-49.,2.));
#10453 = VECTOR('',#10454,1.);
#10454 = DIRECTION('',(0.,1.,0.));
#10455 = PCURVE('',#7810,#10456);
#10456 = DEFINITIONAL_REPRESENTATION('',(#10457),#10461);
#10457 = LINE('',#10458,#10459);
#10458 = CARTESIAN_POINT('',(-1.553343034275,0.));
#10459 = VECTOR('',#10460,1.);
#10460 = DIRECTION('',(-0.,1.));
#10461 = ( GEOMETRIC_REPRESENTATION_CONTEXT(2) 
PARAMETRIC_REPRESENTATION_CONTEXT() REPRESENTATION_CONTEXT('2D SPACE',''
  ) );
#10462 = PCURVE('',#7989,#10463);
#10463 = DEFINITIONAL_REPRESENTATION('',(#10464),#10468);
#10464 = LINE('',#10465,#10466);
#10465 = CARTESIAN_POINT('',(-8.80435094476,-98.));
#10466 = VECTOR('',#10467,1.);
#10467 = DIRECTION('',(0.,1.));
#10468 = ( GEOMETRIC_REPRESENTATION_CONTEXT(2) 
PARAMETRIC_REPRESENTATION_CONTEXT() REPRESENTATION_CONTEXT('2D SPACE',''
  ) );
#10469 = ORIENTED_EDGE('',*,*,#10470,.T.);
#10470 = EDGE_CURVE('',#10448,#7761,#10471,.T.);
#10471 = SURFACE_CURVE('',#10472,(#10490,#10519),.PCURVE_S1.);
#10472 = B_SPLINE_CURVE_WITH_KNOTS('',6,(#10473,#10474,#10475,#10476,
    #10477,#10478,#10479,#10480,#10481,#10482,#10483,#10484,#10485,
    #10486,#10487,#10488,#10489),.UNSPECIFIED.,.F.,.F.,(7,5,5,7),(0.,1.,
    1.647176586552,2.39273673487),.UNSPECIFIED.);
#10473 = CARTESIAN_POINT('',(-27.80435094476,-16.50108807453,2.));
#10474 = CARTESIAN_POINT('',(-27.90325195482,-16.50108807453,2.));
#10475 = CARTESIAN_POINT('',(-28.0020899539,-16.50098564214,
    2.011737589046));
#10476 = CARTESIAN_POINT('',(-28.09979647689,-16.50078101316,
    2.035185747585));
#10477 = CARTESIAN_POINT('',(-28.19513426744,-16.50047284329,
    2.070498517799));
#10478 = CARTESIAN_POINT('',(-28.2866579707,-16.5000601318,
    2.117790569988));
#10479 = CARTESIAN_POINT('',(-28.42825053018,-16.49920676738,
    2.215576447402));
#10480 = CARTESIAN_POINT('',(-28.48152371757,-16.49882752141,
    2.25903373034));
#10481 = CARTESIAN_POINT('',(-28.53194999072,-16.49840427944,
    2.307532456713));
#10482 = CARTESIAN_POINT('',(-28.57892755607,-16.49793754542,
    2.361014878373));
#10483 = CARTESIAN_POINT('',(-28.62175946887,-16.49742891791,
    2.419297817567));
#10484 = CARTESIAN_POINT('',(-28.70346305289,-16.49625153528,
    2.554212504263));
#10485 = CARTESIAN_POINT('',(-28.74078113379,-16.4955696471,
    2.632349150033));
#10486 = CARTESIAN_POINT('',(-28.77045482876,-16.49484267625,
    2.715651757952));
#10487 = CARTESIAN_POINT('',(-28.79135772386,-16.49408070805,
    2.802964665458));
#10488 = CARTESIAN_POINT('',(-28.80262918654,-16.49329817851,
    2.892633670219));
#10489 = CARTESIAN_POINT('',(-28.80419863991,-16.49251351158,
    2.982547593563));
#10490 = PCURVE('',#7810,#10491);
#10491 = DEFINITIONAL_REPRESENTATION('',(#10492),#10518);
#10492 = B_SPLINE_CURVE_WITH_KNOTS('',3,(#10493,#10494,#10495,#10496,
    #10497,#10498,#10499,#10500,#10501,#10502,#10503,#10504,#10505,
    #10506,#10507,#10508,#10509,#10510,#10511,#10512,#10513,#10514,
    #10515,#10516,#10517),.UNSPECIFIED.,.F.,.F.,(4,1,1,1,1,1,1,1,1,1,1,1
    ,1,1,1,1,1,1,1,1,1,1,4),(0.,0.108760760676,0.217521521352,
    0.326282282028,0.435043042704,0.54380380338,0.652564564055,
    0.761325324731,0.870086085407,0.978846846083,1.087607606759,
    1.196368367435,1.305129128111,1.413889888787,1.522650649463,
    1.631411410139,1.740172170815,1.84893293149,1.957693692166,
    2.066454452842,2.175215213518,2.283975974194,2.39273673487),
  .QUASI_UNIFORM_KNOTS.);
#10493 = CARTESIAN_POINT('',(-1.553343034275,32.498911925465));
#10494 = CARTESIAN_POINT('',(-1.531830450589,32.498911930163));
#10495 = CARTESIAN_POINT('',(-1.488810721376,32.498924037839));
#10496 = CARTESIAN_POINT('',(-1.424204577476,32.498978557221));
#10497 = CARTESIAN_POINT('',(-1.359427077572,32.499069479422));
#10498 = CARTESIAN_POINT('',(-1.29439021051,32.49919691266));
#10499 = CARTESIAN_POINT('',(-1.229008085201,32.499360987172));
#10500 = CARTESIAN_POINT('',(-1.163196157444,32.49956184976));
#10501 = CARTESIAN_POINT('',(-1.096869309217,32.499799652714));
#10502 = CARTESIAN_POINT('',(-1.029940896757,32.500074544363));
#10503 = CARTESIAN_POINT('',(-0.962318540464,32.500386673689));
#10504 = CARTESIAN_POINT('',(-0.893910639608,32.500736152026));
#10505 = CARTESIAN_POINT('',(-0.824658239827,32.501122831152));
#10506 = CARTESIAN_POINT('',(-0.75448474156,32.501546514419));
#10507 = CARTESIAN_POINT('',(-0.683335356726,32.502006709129));
#10508 = CARTESIAN_POINT('',(-0.611164955651,32.502502630462));
#10509 = CARTESIAN_POINT('',(-0.537950410204,32.503033059316));
#10510 = CARTESIAN_POINT('',(-0.463658274559,32.503596532387));
#10511 = CARTESIAN_POINT('',(-0.388314007645,32.504190784445));
#10512 = CARTESIAN_POINT('',(-0.312021737768,32.504812472717));
#10513 = CARTESIAN_POINT('',(-0.234889718848,32.50545774201));
#10514 = CARTESIAN_POINT('',(-0.157057504635,32.506122032535));
#10515 = CARTESIAN_POINT('',(-7.869081859847E-02,32.506800193684));
#10516 = CARTESIAN_POINT('',(-2.624120847949E-02,32.507257501914));
#10517 = CARTESIAN_POINT('',(0.,32.507486488412));
#10518 = ( GEOMETRIC_REPRESENTATION_CONTEXT(2) 
PARAMETRIC_REPRESENTATION_CONTEXT() REPRESENTATION_CONTEXT('2D SPACE',''
  ) );
#10519 = PCURVE('',#7780,#10520);
#10520 = DEFINITIONAL_REPRESENTATION('',(#10521),#10547);
#10521 = B_SPLINE_CURVE_WITH_KNOTS('',3,(#10522,#10523,#10524,#10525,
    #10526,#10527,#10528,#10529,#10530,#10531,#10532,#10533,#10534,
    #10535,#10536,#10537,#10538,#10539,#10540,#10541,#10542,#10543,
    #10544,#10545,#10546),.UNSPECIFIED.,.F.,.F.,(4,1,1,1,1,1,1,1,1,1,1,1
    ,1,1,1,1,1,1,1,1,1,1,4),(0.,0.108760760676,0.217521521352,
    0.326282282028,0.435043042704,0.54380380338,0.652564564055,
    0.761325324731,0.870086085407,0.978846846083,1.087607606759,
    1.196368367435,1.305129128111,1.413889888787,1.522650649463,
    1.631411410139,1.740172170815,1.84893293149,1.957693692166,
    2.066454452842,2.175215213518,2.283975974194,2.39273673487),
  .QUASI_UNIFORM_KNOTS.);
#10522 = CARTESIAN_POINT('',(-1.175101444572,2.777777777778E-02));
#10523 = CARTESIAN_POINT('',(-1.196627534679,2.777785254655E-02));
#10524 = CARTESIAN_POINT('',(-1.239680329226,2.797054730682E-02));
#10525 = CARTESIAN_POINT('',(-1.304084612316,2.88382281983E-02));
#10526 = CARTESIAN_POINT('',(-1.368140925196,3.028526324034E-02));
#10527 = CARTESIAN_POINT('',(-1.431663290495,3.231337472455E-02));
#10528 = CARTESIAN_POINT('',(-1.49445649721,3.492463540232E-02));
#10529 = CARTESIAN_POINT('',(-1.556314210379,3.81213816265E-02));
#10530 = CARTESIAN_POINT('',(-1.617018662753,4.190603710108E-02));
#10531 = CARTESIAN_POINT('',(-1.676339172187,4.628096252081E-02));
#10532 = CARTESIAN_POINT('',(-1.734033356256,5.124852893871E-02));
#10533 = CARTESIAN_POINT('',(-1.789838315283,5.681050822831E-02));
#10534 = CARTESIAN_POINT('',(-1.843445275708,6.296454142335E-02));
#10535 = CARTESIAN_POINT('',(-1.894541062996,6.97074988769E-02));
#10536 = CARTESIAN_POINT('',(-1.942777130676,7.703153924557E-02));
#10537 = CARTESIAN_POINT('',(-1.987782674614,8.492417203712E-02));
#10538 = CARTESIAN_POINT('',(-2.029162311892,9.336599514277E-02));
#10539 = CARTESIAN_POINT('',(-2.066519328164,0.102333719944));
#10540 = CARTESIAN_POINT('',(-2.0994256043,0.111791295102));
#10541 = CARTESIAN_POINT('',(-2.127442387318,0.121685520086));
#10542 = CARTESIAN_POINT('',(-2.150172541154,0.131955039162));
#10543 = CARTESIAN_POINT('',(-2.16726704616,0.142527282845));
#10544 = CARTESIAN_POINT('',(-2.17843163676,0.153320278757));
#10545 = CARTESIAN_POINT('',(-2.18180535441,0.160598380545));
#10546 = CARTESIAN_POINT('',(-2.182440138744,0.164242721328));
#10547 = ( GEOMETRIC_REPRESENTATION_CONTEXT(2) 
PARAMETRIC_REPRESENTATION_CONTEXT() REPRESENTATION_CONTEXT('2D SPACE',''
  ) );
#10548 = ADVANCED_FACE('',(#10549),#7780,.T.);
#10549 = FACE_BOUND('',#10550,.T.);
#10550 = EDGE_LOOP('',(#10551,#10573,#10574,#10575,#10595));
#10551 = ORIENTED_EDGE('',*,*,#10552,.F.);
#10552 = EDGE_CURVE('',#7735,#10553,#10555,.T.);
#10553 = VERTEX_POINT('',#10554);
#10554 = CARTESIAN_POINT('',(-24.12730081481,-16.44,9.));
#10555 = SURFACE_CURVE('',#10556,(#10560,#10566),.PCURVE_S1.);
#10556 = LINE('',#10557,#10558);
#10557 = CARTESIAN_POINT('',(-26.63,-16.44,9.));
#10558 = VECTOR('',#10559,1.);
#10559 = DIRECTION('',(1.,0.,0.));
#10560 = PCURVE('',#7780,#10561);
#10561 = DEFINITIONAL_REPRESENTATION('',(#10562),#10565);
#10562 = B_SPLINE_CURVE_WITH_KNOTS('',1,(#10563,#10564),.UNSPECIFIED.,
  .F.,.F.,(2,2),(-2.67,2.67),.PIECEWISE_BEZIER_KNOTS.);
#10563 = CARTESIAN_POINT('',(-2.732833448093,1.));
#10564 = CARTESIAN_POINT('',(2.732833448093,1.));
#10565 = ( GEOMETRIC_REPRESENTATION_CONTEXT(2) 
PARAMETRIC_REPRESENTATION_CONTEXT() REPRESENTATION_CONTEXT('2D SPACE',''
  ) );
#10566 = PCURVE('',#7749,#10567);
#10567 = DEFINITIONAL_REPRESENTATION('',(#10568),#10572);
#10568 = LINE('',#10569,#10570);
#10569 = CARTESIAN_POINT('',(2.624379945276,-0.491456918591));
#10570 = VECTOR('',#10571,1.);
#10571 = DIRECTION('',(0.982913837182,-0.184066261645));
#10572 = ( GEOMETRIC_REPRESENTATION_CONTEXT(2) 
PARAMETRIC_REPRESENTATION_CONTEXT() REPRESENTATION_CONTEXT('2D SPACE',''
  ) );
#10573 = ORIENTED_EDGE('',*,*,#7760,.F.);
#10574 = ORIENTED_EDGE('',*,*,#10470,.F.);
#10575 = ORIENTED_EDGE('',*,*,#10576,.F.);
#10576 = EDGE_CURVE('',#10577,#10448,#10579,.T.);
#10577 = VERTEX_POINT('',#10578);
#10578 = CARTESIAN_POINT('',(-24.17675545874,-16.50108807453,2.));
#10579 = SURFACE_CURVE('',#10580,(#10583,#10589),.PCURVE_S1.);
#10580 = B_SPLINE_CURVE_WITH_KNOTS('',1,(#10581,#10582),.UNSPECIFIED.,
  .F.,.F.,(2,2),(0.,1.),.PIECEWISE_BEZIER_KNOTS.);
#10581 = CARTESIAN_POINT('',(-23.89891192546,-16.50108807453,2.));
#10582 = CARTESIAN_POINT('',(-27.80435094476,-16.50108807453,2.));
#10583 = PCURVE('',#7780,#10584);
#10584 = DEFINITIONAL_REPRESENTATION('',(#10585),#10588);
#10585 = B_SPLINE_CURVE_WITH_KNOTS('',1,(#10586,#10587),.UNSPECIFIED.,
  .F.,.F.,(2,2),(0.,1.),.PIECEWISE_BEZIER_KNOTS.);
#10586 = CARTESIAN_POINT('',(2.732833448093,2.777777777778E-02));
#10587 = CARTESIAN_POINT('',(-1.175101444572,2.777777777778E-02));
#10588 = ( GEOMETRIC_REPRESENTATION_CONTEXT(2) 
PARAMETRIC_REPRESENTATION_CONTEXT() REPRESENTATION_CONTEXT('2D SPACE',''
  ) );
#10589 = PCURVE('',#7989,#10590);
#10590 = DEFINITIONAL_REPRESENTATION('',(#10591),#10594);
#10591 = B_SPLINE_CURVE_WITH_KNOTS('',1,(#10592,#10593),.UNSPECIFIED.,
  .F.,.F.,(2,2),(0.,1.),.PIECEWISE_BEZIER_KNOTS.);
#10592 = CARTESIAN_POINT('',(-4.898911925465,-65.50108807453));
#10593 = CARTESIAN_POINT('',(-8.80435094476,-65.50108807453));
#10594 = ( GEOMETRIC_REPRESENTATION_CONTEXT(2) 
PARAMETRIC_REPRESENTATION_CONTEXT() REPRESENTATION_CONTEXT('2D SPACE',''
  ) );
#10595 = ORIENTED_EDGE('',*,*,#10596,.T.);
#10596 = EDGE_CURVE('',#10577,#10553,#10597,.T.);
#10597 = SURFACE_CURVE('',#10598,(#10604,#10613),.PCURVE_S1.);
#10598 = B_SPLINE_CURVE_WITH_KNOTS('',4,(#10599,#10600,#10601,#10602,
    #10603),.UNSPECIFIED.,.F.,.F.,(5,5),(0.,1.),
  .PIECEWISE_BEZIER_KNOTS.);
#10599 = CARTESIAN_POINT('',(-24.17675545874,-16.50108807453,2.));
#10600 = CARTESIAN_POINT('',(-24.16451323011,-16.485816004,3.75000594668
    ));
#10601 = CARTESIAN_POINT('',(-24.15219162783,-16.47054396662,
    5.500008095424));
#10602 = CARTESIAN_POINT('',(-24.13978834028,-16.45527196446,
    7.250006206813));
#10603 = CARTESIAN_POINT('',(-24.12730081481,-16.44,9.));
#10604 = PCURVE('',#7780,#10605);
#10605 = DEFINITIONAL_REPRESENTATION('',(#10606),#10612);
#10606 = B_SPLINE_CURVE_WITH_KNOTS('',4,(#10607,#10608,#10609,#10610,
    #10611),.UNSPECIFIED.,.F.,.F.,(5,5),(0.,1.),
  .PIECEWISE_BEZIER_KNOTS.);
#10607 = CARTESIAN_POINT('',(2.454812351604,2.77777777778E-02));
#10608 = CARTESIAN_POINT('',(2.480789558242,0.270834159261));
#10609 = CARTESIAN_POINT('',(2.507233530805,0.513890013253));
#10610 = CARTESIAN_POINT('',(2.534162217493,0.756945306502));
#10611 = CARTESIAN_POINT('',(2.561595522017,1.));
#10612 = ( GEOMETRIC_REPRESENTATION_CONTEXT(2) 
PARAMETRIC_REPRESENTATION_CONTEXT() REPRESENTATION_CONTEXT('2D SPACE',''
  ) );
#10613 = PCURVE('',#10614,#10619);
#10614 = CONICAL_SURFACE('',#10615,2.582905244012,8.726646259972E-03);
#10615 = AXIS2_PLACEMENT_3D('',#10616,#10617,#10618);
#10616 = CARTESIAN_POINT('',(-21.66,-15.94,1.5));
#10617 = DIRECTION('',(0.,0.,-1.));
#10618 = DIRECTION('',(1.,0.,0.));
#10619 = DEFINITIONAL_REPRESENTATION('',(#10620),#10626);
#10620 = B_SPLINE_CURVE_WITH_KNOTS('',4,(#10621,#10622,#10623,#10624,
    #10625),.UNSPECIFIED.,.F.,.F.,(5,5),(0.,1.),
  .PIECEWISE_BEZIER_KNOTS.);
#10621 = CARTESIAN_POINT('',(-3.360946484321,-0.5));
#10622 = CARTESIAN_POINT('',(-3.356198751092,-2.25000594668));
#10623 = CARTESIAN_POINT('',(-3.351382742153,-4.000008095667));
#10624 = CARTESIAN_POINT('',(-3.346495946336,-5.750006206619));
#10625 = CARTESIAN_POINT('',(-3.341535567008,-7.499999999806));
#10626 = ( GEOMETRIC_REPRESENTATION_CONTEXT(2) 
PARAMETRIC_REPRESENTATION_CONTEXT() REPRESENTATION_CONTEXT('2D SPACE',''
  ) );
#10627 = ADVANCED_FACE('',(#10628),#7749,.T.);
#10628 = FACE_BOUND('',#10629,.T.);
#10629 = EDGE_LOOP('',(#10630,#10631,#10632,#10656));
#10630 = ORIENTED_EDGE('',*,*,#7734,.F.);
#10631 = ORIENTED_EDGE('',*,*,#10552,.T.);
#10632 = ORIENTED_EDGE('',*,*,#10633,.F.);
#10633 = EDGE_CURVE('',#10634,#10553,#10636,.T.);
#10634 = VERTEX_POINT('',#10635);
#10635 = CARTESIAN_POINT('',(-24.12730081481,-15.44,9.));
#10636 = SURFACE_CURVE('',#10637,(#10642,#10649),.PCURVE_S1.);
#10637 = CIRCLE('',#10638,2.517453735582);
#10638 = AXIS2_PLACEMENT_3D('',#10639,#10640,#10641);
#10639 = CARTESIAN_POINT('',(-21.66,-15.94,9.));
#10640 = DIRECTION('',(0.,0.,1.));
#10641 = DIRECTION('',(1.,0.,-0.));
#10642 = PCURVE('',#7749,#10643);
#10643 = DEFINITIONAL_REPRESENTATION('',(#10644),#10648);
#10644 = CIRCLE('',#10645,2.517453735582);
#10645 = AXIS2_PLACEMENT_2D('',#10646,#10647);
#10646 = CARTESIAN_POINT('',(7.601494846894,-0.914809320374));
#10647 = DIRECTION('',(0.982913837182,-0.184066261645));
#10648 = ( GEOMETRIC_REPRESENTATION_CONTEXT(2) 
PARAMETRIC_REPRESENTATION_CONTEXT() REPRESENTATION_CONTEXT('2D SPACE',''
  ) );
#10649 = PCURVE('',#10614,#10650);
#10650 = DEFINITIONAL_REPRESENTATION('',(#10651),#10655);
#10651 = LINE('',#10652,#10653);
#10652 = CARTESIAN_POINT('',(-0.,-7.5));
#10653 = VECTOR('',#10654,1.);
#10654 = DIRECTION('',(-1.,-0.));
#10655 = ( GEOMETRIC_REPRESENTATION_CONTEXT(2) 
PARAMETRIC_REPRESENTATION_CONTEXT() REPRESENTATION_CONTEXT('2D SPACE',''
  ) );
#10656 = ORIENTED_EDGE('',*,*,#10657,.F.);
#10657 = EDGE_CURVE('',#7701,#10634,#10658,.T.);
#10658 = SURFACE_CURVE('',#10659,(#10663,#10670),.PCURVE_S1.);
#10659 = LINE('',#10660,#10661);
#10660 = CARTESIAN_POINT('',(-26.63,-15.44,9.));
#10661 = VECTOR('',#10662,1.);
#10662 = DIRECTION('',(1.,0.,0.));
#10663 = PCURVE('',#7749,#10664);
#10664 = DEFINITIONAL_REPRESENTATION('',(#10665),#10669);
#10665 = LINE('',#10666,#10667);
#10666 = CARTESIAN_POINT('',(2.808446206921,0.491456918591));
#10667 = VECTOR('',#10668,1.);
#10668 = DIRECTION('',(0.982913837182,-0.184066261645));
#10669 = ( GEOMETRIC_REPRESENTATION_CONTEXT(2) 
PARAMETRIC_REPRESENTATION_CONTEXT() REPRESENTATION_CONTEXT('2D SPACE',''
  ) );
#10670 = PCURVE('',#7720,#10671);
#10671 = DEFINITIONAL_REPRESENTATION('',(#10672),#10675);
#10672 = B_SPLINE_CURVE_WITH_KNOTS('',1,(#10673,#10674),.UNSPECIFIED.,
  .F.,.F.,(2,2),(-2.67,2.67),.PIECEWISE_BEZIER_KNOTS.);
#10673 = CARTESIAN_POINT('',(2.732833448093,1.));
#10674 = CARTESIAN_POINT('',(-2.732833448093,1.));
#10675 = ( GEOMETRIC_REPRESENTATION_CONTEXT(2) 
PARAMETRIC_REPRESENTATION_CONTEXT() REPRESENTATION_CONTEXT('2D SPACE',''
  ) );
#10676 = ADVANCED_FACE('',(#10677),#7720,.T.);
#10677 = FACE_BOUND('',#10678,.T.);
#10678 = EDGE_LOOP('',(#10679,#10680,#10681,#10710,#10730));
#10679 = ORIENTED_EDGE('',*,*,#7700,.T.);
#10680 = ORIENTED_EDGE('',*,*,#10657,.T.);
#10681 = ORIENTED_EDGE('',*,*,#10682,.T.);
#10682 = EDGE_CURVE('',#10634,#10683,#10685,.T.);
#10683 = VERTEX_POINT('',#10684);
#10684 = CARTESIAN_POINT('',(-24.17675545874,-15.37891192546,2.));
#10685 = SURFACE_CURVE('',#10686,(#10692,#10701),.PCURVE_S1.);
#10686 = B_SPLINE_CURVE_WITH_KNOTS('',4,(#10687,#10688,#10689,#10690,
    #10691),.UNSPECIFIED.,.F.,.F.,(5,5),(0.,1.),
  .PIECEWISE_BEZIER_KNOTS.);
#10687 = CARTESIAN_POINT('',(-24.12730081481,-15.44,9.));
#10688 = CARTESIAN_POINT('',(-24.13978834028,-15.42472803553,
    7.250006206803));
#10689 = CARTESIAN_POINT('',(-24.15219162782,-15.40945603338,
    5.500008095507));
#10690 = CARTESIAN_POINT('',(-24.16451323011,-15.39418399599,
    3.75000594669));
#10691 = CARTESIAN_POINT('',(-24.17675545874,-15.37891192546,2.));
#10692 = PCURVE('',#7720,#10693);
#10693 = DEFINITIONAL_REPRESENTATION('',(#10694),#10700);
#10694 = B_SPLINE_CURVE_WITH_KNOTS('',4,(#10695,#10696,#10697,#10698,
    #10699),.UNSPECIFIED.,.F.,.F.,(5,5),(0.,1.),
  .PIECEWISE_BEZIER_KNOTS.);
#10695 = CARTESIAN_POINT('',(-2.561595522017,1.));
#10696 = CARTESIAN_POINT('',(-2.534162217493,0.7569453065));
#10697 = CARTESIAN_POINT('',(-2.5072335308,0.513890013202));
#10698 = CARTESIAN_POINT('',(-2.480789558248,0.270834159313));
#10699 = CARTESIAN_POINT('',(-2.454812351609,2.777777782778E-02));
#10700 = ( GEOMETRIC_REPRESENTATION_CONTEXT(2) 
PARAMETRIC_REPRESENTATION_CONTEXT() REPRESENTATION_CONTEXT('2D SPACE',''
  ) );
#10701 = PCURVE('',#10614,#10702);
#10702 = DEFINITIONAL_REPRESENTATION('',(#10703),#10709);
#10703 = B_SPLINE_CURVE_WITH_KNOTS('',4,(#10704,#10705,#10706,#10707,
    #10708),.UNSPECIFIED.,.F.,.F.,(5,5),(0.,1.),
  .PIECEWISE_BEZIER_KNOTS.);
#10704 = CARTESIAN_POINT('',(-2.941649740172,-7.499999999894));
#10705 = CARTESIAN_POINT('',(-2.936689360843,-5.750006206697));
#10706 = CARTESIAN_POINT('',(-2.931802565027,-4.000008095639));
#10707 = CARTESIAN_POINT('',(-2.926986556087,-2.25000594669));
#10708 = CARTESIAN_POINT('',(-2.922238822859,-0.5));
#10709 = ( GEOMETRIC_REPRESENTATION_CONTEXT(2) 
PARAMETRIC_REPRESENTATION_CONTEXT() REPRESENTATION_CONTEXT('2D SPACE',''
  ) );
#10710 = ORIENTED_EDGE('',*,*,#10711,.F.);
#10711 = EDGE_CURVE('',#10712,#10683,#10714,.T.);
#10712 = VERTEX_POINT('',#10713);
#10713 = CARTESIAN_POINT('',(-27.80435094476,-15.37891192546,2.));
#10714 = SURFACE_CURVE('',#10715,(#10718,#10724),.PCURVE_S1.);
#10715 = B_SPLINE_CURVE_WITH_KNOTS('',1,(#10716,#10717),.UNSPECIFIED.,
  .F.,.F.,(2,2),(0.,1.),.PIECEWISE_BEZIER_KNOTS.);
#10716 = CARTESIAN_POINT('',(-27.80435094476,-15.37891192546,2.));
#10717 = CARTESIAN_POINT('',(-23.89891192546,-15.37891192546,2.));
#10718 = PCURVE('',#7720,#10719);
#10719 = DEFINITIONAL_REPRESENTATION('',(#10720),#10723);
#10720 = B_SPLINE_CURVE_WITH_KNOTS('',1,(#10721,#10722),.UNSPECIFIED.,
  .F.,.F.,(2,2),(0.,1.),.PIECEWISE_BEZIER_KNOTS.);
#10721 = CARTESIAN_POINT('',(1.175101444572,2.777777777778E-02));
#10722 = CARTESIAN_POINT('',(-2.732833448093,2.777777777778E-02));
#10723 = ( GEOMETRIC_REPRESENTATION_CONTEXT(2) 
PARAMETRIC_REPRESENTATION_CONTEXT() REPRESENTATION_CONTEXT('2D SPACE',''
  ) );
#10724 = PCURVE('',#7989,#10725);
#10725 = DEFINITIONAL_REPRESENTATION('',(#10726),#10729);
#10726 = B_SPLINE_CURVE_WITH_KNOTS('',1,(#10727,#10728),.UNSPECIFIED.,
  .F.,.F.,(2,2),(0.,1.),.PIECEWISE_BEZIER_KNOTS.);
#10727 = CARTESIAN_POINT('',(-8.80435094476,-64.37891192546));
#10728 = CARTESIAN_POINT('',(-4.898911925465,-64.37891192546));
#10729 = ( GEOMETRIC_REPRESENTATION_CONTEXT(2) 
PARAMETRIC_REPRESENTATION_CONTEXT() REPRESENTATION_CONTEXT('2D SPACE',''
  ) );
#10730 = ORIENTED_EDGE('',*,*,#10731,.F.);
#10731 = EDGE_CURVE('',#7673,#10712,#10732,.T.);
#10732 = SURFACE_CURVE('',#10733,(#10748,#10766),.PCURVE_S1.);
#10733 = B_SPLINE_CURVE_WITH_KNOTS('',7,(#10734,#10735,#10736,#10737,
    #10738,#10739,#10740,#10741,#10742,#10743,#10744,#10745,#10746,
    #10747),.UNSPECIFIED.,.F.,.F.,(8,6,8),(0.,0.379127031716,1.),
  .UNSPECIFIED.);
#10734 = CARTESIAN_POINT('',(-28.80419863991,-15.38748648841,
    2.982547593563));
#10735 = CARTESIAN_POINT('',(-28.80256000367,-15.38666723268,
    2.888670186131));
#10736 = CARTESIAN_POINT('',(-28.79063946606,-15.38585032289,
    2.795061595495));
#10737 = CARTESIAN_POINT('',(-28.76851141803,-15.38505495335,
    2.703921274127));
#10738 = CARTESIAN_POINT('',(-28.73701809207,-15.38429621902,
    2.616978930549));
#10739 = CARTESIAN_POINT('',(-28.69729131348,-15.38358499603,
    2.535480848579));
#10740 = CARTESIAN_POINT('',(-28.65058875104,-15.38292855949,
    2.460260671003));
#10741 = CARTESIAN_POINT('',(-28.51224635291,-15.38135284914,
    2.279702149343));
#10742 = CARTESIAN_POINT('',(-28.41102373427,-15.38053380304,
    2.185848762544));
#10743 = CARTESIAN_POINT('',(-28.29892693066,-15.37988090754,
    2.111034348884));
#10744 = CARTESIAN_POINT('',(-28.17955995373,-15.37939498607,
    2.055353263548));
#10745 = CARTESIAN_POINT('',(-28.05591422498,-15.37907334306,
    2.018496625078));
#10746 = CARTESIAN_POINT('',(-27.93026713921,-15.37891192546,2.));
#10747 = CARTESIAN_POINT('',(-27.80435094476,-15.37891192546,2.));
#10748 = PCURVE('',#7720,#10749);
#10749 = DEFINITIONAL_REPRESENTATION('',(#10750),#10765);
#10750 = B_SPLINE_CURVE_WITH_KNOTS('',7,(#10751,#10752,#10753,#10754,
    #10755,#10756,#10757,#10758,#10759,#10760,#10761,#10762,#10763,
    #10764),.UNSPECIFIED.,.F.,.F.,(8,6,8),(0.,0.379127031716,1.),
  .UNSPECIFIED.);
#10751 = CARTESIAN_POINT('',(2.182440138744,0.164242721328));
#10752 = CARTESIAN_POINT('',(2.180138553654,0.151204192518));
#10753 = CARTESIAN_POINT('',(2.167519590116,0.138202999374));
#10754 = CARTESIAN_POINT('',(2.144686332381,0.125544621406));
#10755 = CARTESIAN_POINT('',(2.11250892517,0.11346929591));
#10756 = CARTESIAN_POINT('',(2.07213904183,0.102150117858));
#10757 = CARTESIAN_POINT('',(2.024846431017,9.170287097266E-02));
#10758 = CARTESIAN_POINT('',(1.885102992381,6.66252985198E-02));
#10759 = CARTESIAN_POINT('',(1.783169229083,5.359010590882E-02));
#10760 = CARTESIAN_POINT('',(1.67053498784,4.319921512284E-02));
#10761 = CARTESIAN_POINT('',(1.550789366549,3.546573104837E-02));
#10762 = CARTESIAN_POINT('',(1.426894945224,3.034675348299E-02));
#10763 = CARTESIAN_POINT('',(1.301098109081,2.777777777778E-02));
#10764 = CARTESIAN_POINT('',(1.175101444572,2.777777777778E-02));
#10765 = ( GEOMETRIC_REPRESENTATION_CONTEXT(2) 
PARAMETRIC_REPRESENTATION_CONTEXT() REPRESENTATION_CONTEXT('2D SPACE',''
  ) );
#10766 = PCURVE('',#7688,#10767);
#10767 = DEFINITIONAL_REPRESENTATION('',(#10768),#10783);
#10768 = B_SPLINE_CURVE_WITH_KNOTS('',7,(#10769,#10770,#10771,#10772,
    #10773,#10774,#10775,#10776,#10777,#10778,#10779,#10780,#10781,
    #10782),.UNSPECIFIED.,.F.,.F.,(8,6,8),(0.,0.379127031716,1.),
  .UNSPECIFIED.);
#10769 = CARTESIAN_POINT('',(0.,33.612513511588));
#10770 = CARTESIAN_POINT('',(-9.38917075935E-02,33.613332767311));
#10771 = CARTESIAN_POINT('',(-0.187693858546,33.614149677106));
#10772 = CARTESIAN_POINT('',(-0.280559689971,33.614945046641));
#10773 = CARTESIAN_POINT('',(-0.372078821842,33.615703780979));
#10774 = CARTESIAN_POINT('',(-0.461978835853,33.616415003965));
#10775 = CARTESIAN_POINT('',(-0.550092218176,33.61707144051));
#10776 = CARTESIAN_POINT('',(-0.777556498595,33.618647150857));
#10777 = CARTESIAN_POINT('',(-0.913619192395,33.619466196956));
#10778 = CARTESIAN_POINT('',(-1.04578273512,33.620119092452));
#10779 = CARTESIAN_POINT('',(-1.174873644777,33.620605013923));
#10780 = CARTESIAN_POINT('',(-1.301779802057,33.620926656934));
#10781 = CARTESIAN_POINT('',(-1.427426839817,33.621088074535));
#10782 = CARTESIAN_POINT('',(-1.553343034275,33.621088074535));
#10783 = ( GEOMETRIC_REPRESENTATION_CONTEXT(2) 
PARAMETRIC_REPRESENTATION_CONTEXT() REPRESENTATION_CONTEXT('2D SPACE',''
  ) );
#10784 = ADVANCED_FACE('',(#10785),#7688,.F.);
#10785 = FACE_BOUND('',#10786,.T.);
#10786 = EDGE_LOOP('',(#10787,#10788,#10789,#10812));
#10787 = ORIENTED_EDGE('',*,*,#7672,.F.);
#10788 = ORIENTED_EDGE('',*,*,#10731,.T.);
#10789 = ORIENTED_EDGE('',*,*,#10790,.T.);
#10790 = EDGE_CURVE('',#10712,#10791,#10793,.T.);
#10791 = VERTEX_POINT('',#10792);
#10792 = CARTESIAN_POINT('',(-27.80435094476,-3.572740919256,2.));
#10793 = SURFACE_CURVE('',#10794,(#10798,#10805),.PCURVE_S1.);
#10794 = LINE('',#10795,#10796);
#10795 = CARTESIAN_POINT('',(-27.80435094476,-49.,2.));
#10796 = VECTOR('',#10797,1.);
#10797 = DIRECTION('',(0.,1.,0.));
#10798 = PCURVE('',#7688,#10799);
#10799 = DEFINITIONAL_REPRESENTATION('',(#10800),#10804);
#10800 = LINE('',#10801,#10802);
#10801 = CARTESIAN_POINT('',(-1.553343034275,0.));
#10802 = VECTOR('',#10803,1.);
#10803 = DIRECTION('',(-0.,1.));
#10804 = ( GEOMETRIC_REPRESENTATION_CONTEXT(2) 
PARAMETRIC_REPRESENTATION_CONTEXT() REPRESENTATION_CONTEXT('2D SPACE',''
  ) );
#10805 = PCURVE('',#7989,#10806);
#10806 = DEFINITIONAL_REPRESENTATION('',(#10807),#10811);
#10807 = LINE('',#10808,#10809);
#10808 = CARTESIAN_POINT('',(-8.80435094476,-98.));
#10809 = VECTOR('',#10810,1.);
#10810 = DIRECTION('',(0.,1.));
#10811 = ( GEOMETRIC_REPRESENTATION_CONTEXT(2) 
PARAMETRIC_REPRESENTATION_CONTEXT() REPRESENTATION_CONTEXT('2D SPACE',''
  ) );
#10812 = ORIENTED_EDGE('',*,*,#10813,.T.);
#10813 = EDGE_CURVE('',#10791,#7639,#10814,.T.);
#10814 = SURFACE_CURVE('',#10815,(#10836,#10887),.PCURVE_S1.);
#10815 = B_SPLINE_CURVE_WITH_KNOTS('',7,(#10816,#10817,#10818,#10819,
    #10820,#10821,#10822,#10823,#10824,#10825,#10826,#10827,#10828,
    #10829,#10830,#10831,#10832,#10833,#10834,#10835),.UNSPECIFIED.,.F.,
  .F.,(8,6,6,8),(0.,0.713416911845,1.,1.611838365518),.UNSPECIFIED.);
#10816 = CARTESIAN_POINT('',(-27.80435094476,-3.572740919256,2.));
#10817 = CARTESIAN_POINT('',(-27.89400007508,-3.572740919256,2.));
#10818 = CARTESIAN_POINT('',(-27.98359464793,-3.572659093145,
    2.00937634365));
#10819 = CARTESIAN_POINT('',(-28.07242716965,-3.572495612048,
    2.028109421911));
#10820 = CARTESIAN_POINT('',(-28.15969136681,-3.572249728882,
    2.056284841965));
#10821 = CARTESIAN_POINT('',(-28.24446872632,-3.5719205561,
    2.094004306678));
#10822 = CARTESIAN_POINT('',(-28.32570306437,-3.571507424715,
    2.141344474447));
#10823 = CARTESIAN_POINT('',(-28.43287750703,-3.570809936188,
    2.221268743228));
#10824 = CARTESIAN_POINT('',(-28.46281196922,-3.570596478387,
    2.24572858451));
#10825 = CARTESIAN_POINT('',(-28.49188255061,-3.570369465658,
    2.271741666648));
#10826 = CARTESIAN_POINT('',(-28.51999627112,-3.570128960778,
    2.29930079625));
#10827 = CARTESIAN_POINT('',(-28.54705241897,-3.569875096126,
    2.32839080401));
#10828 = CARTESIAN_POINT('',(-28.57294383877,-3.569608094975,
    2.358986105534));
#10829 = CARTESIAN_POINT('',(-28.65010850333,-3.568730931208,
    2.459499117464));
#10830 = CARTESIAN_POINT('',(-28.69692131825,-3.568074278637,
    2.534744049214));
#10831 = CARTESIAN_POINT('',(-28.7367652124,-3.567362492822,
    2.616306624933));
#10832 = CARTESIAN_POINT('',(-28.76837125115,-3.566602768488,
    2.703362410838));
#10833 = CARTESIAN_POINT('',(-28.79058962824,-3.565805969681,
    2.794666510596));
#10834 = CARTESIAN_POINT('',(-28.80255658829,-3.564987319593,
    2.888474519137));
#10835 = CARTESIAN_POINT('',(-28.80419863991,-3.564166356309,
    2.982547593563));
#10836 = PCURVE('',#7688,#10837);
#10837 = DEFINITIONAL_REPRESENTATION('',(#10838),#10886);
#10838 = B_SPLINE_CURVE_WITH_KNOTS('',3,(#10839,#10840,#10841,#10842,
    #10843,#10844,#10845,#10846,#10847,#10848,#10849,#10850,#10851,
    #10852,#10853,#10854,#10855,#10856,#10857,#10858,#10859,#10860,
    #10861,#10862,#10863,#10864,#10865,#10866,#10867,#10868,#10869,
    #10870,#10871,#10872,#10873,#10874,#10875,#10876,#10877,#10878,
    #10879,#10880,#10881,#10882,#10883,#10884,#10885),.UNSPECIFIED.,.F.,
  .F.,(4,1,1,1,1,1,1,1,1,1,1,1,1,1,1,1,1,1,1,1,1,1,1,1,1,1,1,1,1,1,1,1,1
    ,1,1,1,1,1,1,1,1,1,1,1,4),(0.,3.663269012541E-02,7.326538025083E-02,
    0.109898070376,0.146530760502,0.183163450627,0.219796140752,
    0.256428830878,0.293061521003,0.329694211129,0.366326901254,
    0.40295959138,0.439592281505,0.47622497163,0.512857661756,
    0.549490351881,0.586123042007,0.622755732132,0.659388422257,
    0.696021112383,0.732653802508,0.769286492634,0.805919182759,
    0.842551872885,0.87918456301,0.915817253135,0.952449943261,
    0.989082633386,1.025715323512,1.062348013637,1.098980703762,
    1.135613393888,1.172246084013,1.208878774139,1.245511464264,
    1.282144154389,1.318776844515,1.35540953464,1.392042224766,
    1.428674914891,1.465307605017,1.501940295142,1.538572985267,
    1.575205675393,1.611838365518),.QUASI_UNIFORM_KNOTS.);
#10839 = CARTESIAN_POINT('',(-1.553343034275,45.427259080744));
#10840 = CARTESIAN_POINT('',(-1.542601988875,45.427259081123));
#10841 = CARTESIAN_POINT('',(-1.521121747674,45.427262100867));
#10842 = CARTESIAN_POINT('',(-1.488894450775,45.427275690178));
#10843 = CARTESIAN_POINT('',(-1.456647551747,45.427298340288));
#10844 = CARTESIAN_POINT('',(-1.424369024553,45.427330058035));
#10845 = CARTESIAN_POINT('',(-1.392047172437,45.427370853238));
#10846 = CARTESIAN_POINT('',(-1.359670628066,45.427420738712));
#10847 = CARTESIAN_POINT('',(-1.327228276708,45.427479729586));
#10848 = CARTESIAN_POINT('',(-1.2947092056,45.427547842861));
#10849 = CARTESIAN_POINT('',(-1.262102650737,45.427625096943));
#10850 = CARTESIAN_POINT('',(-1.229397947565,45.427711511246));
#10851 = CARTESIAN_POINT('',(-1.196584482584,45.427807105814));
#10852 = CARTESIAN_POINT('',(-1.163651645257,45.42791190099));
#10853 = CARTESIAN_POINT('',(-1.13058877927,45.428025917123));
#10854 = CARTESIAN_POINT('',(-1.097385131061,45.428149174318));
#10855 = CARTESIAN_POINT('',(-1.064029798387,45.428281692203));
#10856 = CARTESIAN_POINT('',(-1.030511663378,45.428423489806));
#10857 = CARTESIAN_POINT('',(-0.996819363185,45.428574585221));
#10858 = CARTESIAN_POINT('',(-0.962941095202,45.428734996229));
#10859 = CARTESIAN_POINT('',(-0.928865010047,45.428904737546));
#10860 = CARTESIAN_POINT('',(-0.89457737737,45.429083830862));
#10861 = CARTESIAN_POINT('',(-0.860076176028,45.429272229397));
#10862 = CARTESIAN_POINT('',(-0.825351122293,45.429469918574));
#10863 = CARTESIAN_POINT('',(-0.7903938077,45.4296768654));
#10864 = CARTESIAN_POINT('',(-0.755196309339,45.429893022821));
#10865 = CARTESIAN_POINT('',(-0.719751626278,45.430118325688));
#10866 = CARTESIAN_POINT('',(-0.684053255168,45.430352691561));
#10867 = CARTESIAN_POINT('',(-0.648096485401,45.430596010539));
#10868 = CARTESIAN_POINT('',(-0.611873770609,45.430848174155));
#10869 = CARTESIAN_POINT('',(-0.575364362251,45.43110915473));
#10870 = CARTESIAN_POINT('',(-0.538578004606,45.431378690484));
#10871 = CARTESIAN_POINT('',(-0.501519064789,45.431656528042));
#10872 = CARTESIAN_POINT('',(-0.464194676488,45.431942366319));
#10873 = CARTESIAN_POINT('',(-0.426612641187,45.43223587002));
#10874 = CARTESIAN_POINT('',(-0.3887821034,45.432536664511));
#10875 = CARTESIAN_POINT('',(-0.35071351186,45.432844335732));
#10876 = CARTESIAN_POINT('',(-0.312418802193,45.433158428814));
#10877 = CARTESIAN_POINT('',(-0.273911552053,45.433478447122));
#10878 = CARTESIAN_POINT('',(-0.235207179766,45.433803851259));
#10879 = CARTESIAN_POINT('',(-0.19632316772,45.434134058226));
#10880 = CARTESIAN_POINT('',(-0.157279336928,45.434468440509));
#10881 = CARTESIAN_POINT('',(-0.118098114165,45.434806325826));
#10882 = CARTESIAN_POINT('',(-7.88050338412E-02,45.435146994971));
#10883 = CARTESIAN_POINT('',(-3.942860397984E-02,45.435489687274));
#10884 = CARTESIAN_POINT('',(-1.314474855732E-02,45.435718947944));
#10885 = CARTESIAN_POINT('',(0.,45.435833643691));
#10886 = ( GEOMETRIC_REPRESENTATION_CONTEXT(2) 
PARAMETRIC_REPRESENTATION_CONTEXT() REPRESENTATION_CONTEXT('2D SPACE',''
  ) );
#10887 = PCURVE('',#7658,#10888);
#10888 = DEFINITIONAL_REPRESENTATION('',(#10889),#10937);
#10889 = B_SPLINE_CURVE_WITH_KNOTS('',3,(#10890,#10891,#10892,#10893,
    #10894,#10895,#10896,#10897,#10898,#10899,#10900,#10901,#10902,
    #10903,#10904,#10905,#10906,#10907,#10908,#10909,#10910,#10911,
    #10912,#10913,#10914,#10915,#10916,#10917,#10918,#10919,#10920,
    #10921,#10922,#10923,#10924,#10925,#10926,#10927,#10928,#10929,
    #10930,#10931,#10932,#10933,#10934,#10935,#10936),.UNSPECIFIED.,.F.,
  .F.,(4,1,1,1,1,1,1,1,1,1,1,1,1,1,1,1,1,1,1,1,1,1,1,1,1,1,1,1,1,1,1,1,1
    ,1,1,1,1,1,1,1,1,1,1,1,4),(0.,3.663269012541E-02,7.326538025083E-02,
    0.109898070376,0.146530760502,0.183163450627,0.219796140752,
    0.256428830878,0.293061521003,0.329694211129,0.366326901254,
    0.40295959138,0.439592281505,0.47622497163,0.512857661756,
    0.549490351881,0.586123042007,0.622755732132,0.659388422257,
    0.696021112383,0.732653802508,0.769286492634,0.805919182759,
    0.842551872885,0.87918456301,0.915817253135,0.952449943261,
    0.989082633386,1.025715323512,1.062348013637,1.098980703762,
    1.135613393888,1.172246084013,1.208878774139,1.245511464264,
    1.282144154389,1.318776844515,1.35540953464,1.392042224766,
    1.428674914891,1.465307605017,1.501940295142,1.538572985267,
    1.575205675393,1.611838365518),.QUASI_UNIFORM_KNOTS.);
#10890 = CARTESIAN_POINT('',(-0.644853519965,1.754385964912E-02));
#10891 = CARTESIAN_POINT('',(-0.655602936427,1.754386346425E-02));
#10892 = CARTESIAN_POINT('',(-0.677100811396,1.757421682935E-02));
#10893 = CARTESIAN_POINT('',(-0.709324069842,1.771081163936E-02));
#10894 = CARTESIAN_POINT('',(-0.741503329871,1.793848230363E-02));
#10895 = CARTESIAN_POINT('',(-0.77361732203,1.825729754452E-02));
#10896 = CARTESIAN_POINT('',(-0.805644216463,1.866735607248E-02));
#10897 = CARTESIAN_POINT('',(-0.837561530903,1.916878669737E-02));
#10898 = CARTESIAN_POINT('',(-0.869346132725,1.976174149634E-02));
#10899 = CARTESIAN_POINT('',(-0.900974214298,2.044639133509E-02));
#10900 = CARTESIAN_POINT('',(-0.932421273986,2.122292125154E-02));
#10901 = CARTESIAN_POINT('',(-0.963662094149,2.209152636957E-02));
#10902 = CARTESIAN_POINT('',(-0.994670718439,2.305240816291E-02));
#10903 = CARTESIAN_POINT('',(-1.025420427834,2.410577112133E-02));
#10904 = CARTESIAN_POINT('',(-1.055883715367,2.525181979021E-02));
#10905 = CARTESIAN_POINT('',(-1.086032260297,2.649075624719E-02));
#10906 = CARTESIAN_POINT('',(-1.115836898777,2.782277779017E-02));
#10907 = CARTESIAN_POINT('',(-1.145267602055,2.924807567565E-02));
#10908 = CARTESIAN_POINT('',(-1.174293421035,3.0766831777E-02));
#10909 = CARTESIAN_POINT('',(-1.202882550845,3.237922484596E-02));
#10910 = CARTESIAN_POINT('',(-1.231001942014,3.408540277393E-02));
#10911 = CARTESIAN_POINT('',(-1.258618598204,3.588558358368E-02));
#10912 = CARTESIAN_POINT('',(-1.28568886226,3.777929707719E-02));
#10913 = CARTESIAN_POINT('',(-1.312174728253,3.976639672646E-02));
#10914 = CARTESIAN_POINT('',(-1.338035382324,4.184655088835E-02));
#10915 = CARTESIAN_POINT('',(-1.363228479508,4.401928659917E-02));
#10916 = CARTESIAN_POINT('',(-1.387709881258,4.628394899992E-02));
#10917 = CARTESIAN_POINT('',(-1.411434067711,4.863970943767E-02));
#10918 = CARTESIAN_POINT('',(-1.43435338991,5.108546323146E-02));
#10919 = CARTESIAN_POINT('',(-1.456421287234,5.362012010412E-02));
#10920 = CARTESIAN_POINT('',(-1.477597386929,5.624340183884E-02));
#10921 = CARTESIAN_POINT('',(-1.497822336364,5.895267712877E-02));
#10922 = CARTESIAN_POINT('',(-1.517040887403,6.174539911606E-02));
#10923 = CARTESIAN_POINT('',(-1.535197059299,6.46185414243E-02));
#10924 = CARTESIAN_POINT('',(-1.55223585291,6.75687337828E-02));
#10925 = CARTESIAN_POINT('',(-1.568103233553,7.059221051486E-02));
#10926 = CARTESIAN_POINT('',(-1.582746607702,7.368480963045E-02));
#10927 = CARTESIAN_POINT('',(-1.596115203323,7.68419589526E-02));
#10928 = CARTESIAN_POINT('',(-1.608160517391,8.005866648407E-02));
#10929 = CARTESIAN_POINT('',(-1.618836794611,8.332951042191E-02));
#10930 = CARTESIAN_POINT('',(-1.628101545692,8.664863064677E-02));
#10931 = CARTESIAN_POINT('',(-1.635916135709,9.000971963536E-02));
#10932 = CARTESIAN_POINT('',(-1.642246340068,9.340601983939E-02));
#10933 = CARTESIAN_POINT('',(-1.647063275406,9.683030207278E-02));
#10934 = CARTESIAN_POINT('',(-1.650343206526,0.10027492036));
#10935 = CARTESIAN_POINT('',(-1.651495632462,0.102579365158));
#10936 = CARTESIAN_POINT('',(-1.651810465529,0.103732245049));
#10937 = ( GEOMETRIC_REPRESENTATION_CONTEXT(2) 
PARAMETRIC_REPRESENTATION_CONTEXT() REPRESENTATION_CONTEXT('2D SPACE',''
  ) );
#10938 = ADVANCED_FACE('',(#10939),#7658,.T.);
#10939 = FACE_BOUND('',#10940,.T.);
#10940 = EDGE_LOOP('',(#10941,#10961,#10988,#11008,#11009));
#10941 = ORIENTED_EDGE('',*,*,#10942,.F.);
#10942 = EDGE_CURVE('',#10943,#10791,#10945,.T.);
#10943 = VERTEX_POINT('',#10944);
#10944 = CARTESIAN_POINT('',(-24.92225908074,-3.572740919256,2.));
#10945 = SURFACE_CURVE('',#10946,(#10949,#10955),.PCURVE_S1.);
#10946 = B_SPLINE_CURVE_WITH_KNOTS('',1,(#10947,#10948),.UNSPECIFIED.,
  .F.,.F.,(2,2),(0.,1.),.PIECEWISE_BEZIER_KNOTS.);
#10947 = CARTESIAN_POINT('',(-24.92225908074,-3.572740919256,2.));
#10948 = CARTESIAN_POINT('',(-27.80435094476,-3.572740919256,2.));
#10949 = PCURVE('',#7658,#10950);
#10950 = DEFINITIONAL_REPRESENTATION('',(#10951),#10954);
#10951 = B_SPLINE_CURVE_WITH_KNOTS('',1,(#10952,#10953),.UNSPECIFIED.,
  .F.,.F.,(2,2),(0.,1.),.PIECEWISE_BEZIER_KNOTS.);
#10952 = CARTESIAN_POINT('',(2.239486292815,1.754385964912E-02));
#10953 = CARTESIAN_POINT('',(-0.644853519965,1.754385964912E-02));
#10954 = ( GEOMETRIC_REPRESENTATION_CONTEXT(2) 
PARAMETRIC_REPRESENTATION_CONTEXT() REPRESENTATION_CONTEXT('2D SPACE',''
  ) );
#10955 = PCURVE('',#7989,#10956);
#10956 = DEFINITIONAL_REPRESENTATION('',(#10957),#10960);
#10957 = B_SPLINE_CURVE_WITH_KNOTS('',1,(#10958,#10959),.UNSPECIFIED.,
  .F.,.F.,(2,2),(0.,1.),.PIECEWISE_BEZIER_KNOTS.);
#10958 = CARTESIAN_POINT('',(-5.922259080744,-52.57274091925));
#10959 = CARTESIAN_POINT('',(-8.80435094476,-52.57274091925));
#10960 = ( GEOMETRIC_REPRESENTATION_CONTEXT(2) 
PARAMETRIC_REPRESENTATION_CONTEXT() REPRESENTATION_CONTEXT('2D SPACE',''
  ) );
#10961 = ORIENTED_EDGE('',*,*,#10962,.T.);
#10962 = EDGE_CURVE('',#10943,#10963,#10965,.T.);
#10963 = VERTEX_POINT('',#10964);
#10964 = CARTESIAN_POINT('',(-25.02,-3.475,13.2));
#10965 = SURFACE_CURVE('',#10966,(#10969,#10976),.PCURVE_S1.);
#10966 = B_SPLINE_CURVE_WITH_KNOTS('',1,(#10967,#10968),.UNSPECIFIED.,
  .F.,.F.,(2,2),(0.,1.),.PIECEWISE_BEZIER_KNOTS.);
#10967 = CARTESIAN_POINT('',(-24.92051370718,-3.574486292815,1.8));
#10968 = CARTESIAN_POINT('',(-25.02,-3.475,13.2));
#10969 = PCURVE('',#7658,#10970);
#10970 = DEFINITIONAL_REPRESENTATION('',(#10971),#10975);
#10971 = LINE('',#10972,#10973);
#10972 = CARTESIAN_POINT('',(2.239486292815,0.));
#10973 = VECTOR('',#10974,1.);
#10974 = DIRECTION('',(0.,1.));
#10975 = ( GEOMETRIC_REPRESENTATION_CONTEXT(2) 
PARAMETRIC_REPRESENTATION_CONTEXT() REPRESENTATION_CONTEXT('2D SPACE',''
  ) );
#10976 = PCURVE('',#10977,#10982);
#10977 = B_SPLINE_SURFACE_WITH_KNOTS('',1,1,(
    (#10978,#10979)
    ,(#10980,#10981
    )),.UNSPECIFIED.,.F.,.F.,.F.,(2,2),(2,2),(-0.699486292815,
    0.699486292815),(0.,1.),.PIECEWISE_BEZIER_KNOTS.);
#10978 = CARTESIAN_POINT('',(-24.92051370718,-3.574486292815,1.8));
#10979 = CARTESIAN_POINT('',(-25.02,-3.475,13.2));
#10980 = CARTESIAN_POINT('',(-24.92051370718,-2.175513707185,1.8));
#10981 = CARTESIAN_POINT('',(-25.02,-2.275,13.2));
#10982 = DEFINITIONAL_REPRESENTATION('',(#10983),#10987);
#10983 = LINE('',#10984,#10985);
#10984 = CARTESIAN_POINT('',(-0.699486292815,0.));
#10985 = VECTOR('',#10986,1.);
#10986 = DIRECTION('',(0.,1.));
#10987 = ( GEOMETRIC_REPRESENTATION_CONTEXT(2) 
PARAMETRIC_REPRESENTATION_CONTEXT() REPRESENTATION_CONTEXT('2D SPACE',''
  ) );
#10988 = ORIENTED_EDGE('',*,*,#10989,.F.);
#10989 = EDGE_CURVE('',#7613,#10963,#10990,.T.);
#10990 = SURFACE_CURVE('',#10991,(#10995,#11001),.PCURVE_S1.);
#10991 = LINE('',#10992,#10993);
#10992 = CARTESIAN_POINT('',(-27.16,-3.475,13.2));
#10993 = VECTOR('',#10994,1.);
#10994 = DIRECTION('',(1.,0.,0.));
#10995 = PCURVE('',#7658,#10996);
#10996 = DEFINITIONAL_REPRESENTATION('',(#10997),#11000);
#10997 = B_SPLINE_CURVE_WITH_KNOTS('',1,(#10998,#10999),.UNSPECIFIED.,
  .F.,.F.,(2,2),(-2.14,2.14),.PIECEWISE_BEZIER_KNOTS.);
#10998 = CARTESIAN_POINT('',(-2.239486292815,1.));
#10999 = CARTESIAN_POINT('',(2.239486292815,1.));
#11000 = ( GEOMETRIC_REPRESENTATION_CONTEXT(2) 
PARAMETRIC_REPRESENTATION_CONTEXT() REPRESENTATION_CONTEXT('2D SPACE',''
  ) );
#11001 = PCURVE('',#7627,#11002);
#11002 = DEFINITIONAL_REPRESENTATION('',(#11003),#11007);
#11003 = LINE('',#11004,#11005);
#11004 = CARTESIAN_POINT('',(2.060542875619,-0.577722301575));
#11005 = VECTOR('',#11006,1.);
#11006 = DIRECTION('',(0.962870502626,-0.269963692325));
#11007 = ( GEOMETRIC_REPRESENTATION_CONTEXT(2) 
PARAMETRIC_REPRESENTATION_CONTEXT() REPRESENTATION_CONTEXT('2D SPACE',''
  ) );
#11008 = ORIENTED_EDGE('',*,*,#7638,.F.);
#11009 = ORIENTED_EDGE('',*,*,#10813,.F.);
#11010 = ADVANCED_FACE('',(#11011),#7627,.T.);
#11011 = FACE_BOUND('',#11012,.T.);
#11012 = EDGE_LOOP('',(#11013,#11014,#11015,#11037));
#11013 = ORIENTED_EDGE('',*,*,#7612,.F.);
#11014 = ORIENTED_EDGE('',*,*,#10989,.T.);
#11015 = ORIENTED_EDGE('',*,*,#11016,.T.);
#11016 = EDGE_CURVE('',#10963,#11017,#11019,.T.);
#11017 = VERTEX_POINT('',#11018);
#11018 = CARTESIAN_POINT('',(-25.02,-2.275,13.2));
#11019 = SURFACE_CURVE('',#11020,(#11024,#11031),.PCURVE_S1.);
#11020 = LINE('',#11021,#11022);
#11021 = CARTESIAN_POINT('',(-25.02,-2.875,13.2));
#11022 = VECTOR('',#11023,1.);
#11023 = DIRECTION('',(0.,1.,0.));
#11024 = PCURVE('',#7627,#11025);
#11025 = DEFINITIONAL_REPRESENTATION('',(#11026),#11030);
#11026 = LINE('',#11027,#11028);
#11027 = CARTESIAN_POINT('',(4.283063966632,-0.577722301575));
#11028 = VECTOR('',#11029,1.);
#11029 = DIRECTION('',(0.269963692325,0.962870502626));
#11030 = ( GEOMETRIC_REPRESENTATION_CONTEXT(2) 
PARAMETRIC_REPRESENTATION_CONTEXT() REPRESENTATION_CONTEXT('2D SPACE',''
  ) );
#11031 = PCURVE('',#10977,#11032);
#11032 = DEFINITIONAL_REPRESENTATION('',(#11033),#11036);
#11033 = B_SPLINE_CURVE_WITH_KNOTS('',1,(#11034,#11035),.UNSPECIFIED.,
  .F.,.F.,(2,2),(-0.6,0.6),.PIECEWISE_BEZIER_KNOTS.);
#11034 = CARTESIAN_POINT('',(-0.699486292815,1.));
#11035 = CARTESIAN_POINT('',(0.699486292815,1.));
#11036 = ( GEOMETRIC_REPRESENTATION_CONTEXT(2) 
PARAMETRIC_REPRESENTATION_CONTEXT() REPRESENTATION_CONTEXT('2D SPACE',''
  ) );
#11037 = ORIENTED_EDGE('',*,*,#11038,.F.);
#11038 = EDGE_CURVE('',#7579,#11017,#11039,.T.);
#11039 = SURFACE_CURVE('',#11040,(#11044,#11051),.PCURVE_S1.);
#11040 = LINE('',#11041,#11042);
#11041 = CARTESIAN_POINT('',(-27.16,-2.275,13.2));
#11042 = VECTOR('',#11043,1.);
#11043 = DIRECTION('',(1.,0.,0.));
#11044 = PCURVE('',#7627,#11045);
#11045 = DEFINITIONAL_REPRESENTATION('',(#11046),#11050);
#11046 = LINE('',#11047,#11048);
#11047 = CARTESIAN_POINT('',(2.384499306408,0.577722301575));
#11048 = VECTOR('',#11049,1.);
#11049 = DIRECTION('',(0.962870502626,-0.269963692325));
#11050 = ( GEOMETRIC_REPRESENTATION_CONTEXT(2) 
PARAMETRIC_REPRESENTATION_CONTEXT() REPRESENTATION_CONTEXT('2D SPACE',''
  ) );
#11051 = PCURVE('',#7598,#11052);
#11052 = DEFINITIONAL_REPRESENTATION('',(#11053),#11056);
#11053 = B_SPLINE_CURVE_WITH_KNOTS('',1,(#11054,#11055),.UNSPECIFIED.,
  .F.,.F.,(2,2),(-2.14,2.14),.PIECEWISE_BEZIER_KNOTS.);
#11054 = CARTESIAN_POINT('',(2.239486292815,1.));
#11055 = CARTESIAN_POINT('',(-2.239486292815,1.));
#11056 = ( GEOMETRIC_REPRESENTATION_CONTEXT(2) 
PARAMETRIC_REPRESENTATION_CONTEXT() REPRESENTATION_CONTEXT('2D SPACE',''
  ) );
#11057 = ADVANCED_FACE('',(#11058),#7598,.T.);
#11058 = FACE_BOUND('',#11059,.T.);
#11059 = EDGE_LOOP('',(#11060,#11082,#11102,#11156,#11157));
#11060 = ORIENTED_EDGE('',*,*,#11061,.F.);
#11061 = EDGE_CURVE('',#11062,#11017,#11064,.T.);
#11062 = VERTEX_POINT('',#11063);
#11063 = CARTESIAN_POINT('',(-24.92225908074,-2.177259080744,2.));
#11064 = SURFACE_CURVE('',#11065,(#11068,#11075),.PCURVE_S1.);
#11065 = B_SPLINE_CURVE_WITH_KNOTS('',1,(#11066,#11067),.UNSPECIFIED.,
  .F.,.F.,(2,2),(0.,1.),.PIECEWISE_BEZIER_KNOTS.);
#11066 = CARTESIAN_POINT('',(-24.92051370718,-2.175513707185,1.8));
#11067 = CARTESIAN_POINT('',(-25.02,-2.275,13.2));
#11068 = PCURVE('',#7598,#11069);
#11069 = DEFINITIONAL_REPRESENTATION('',(#11070),#11074);
#11070 = LINE('',#11071,#11072);
#11071 = CARTESIAN_POINT('',(-2.239486292815,0.));
#11072 = VECTOR('',#11073,1.);
#11073 = DIRECTION('',(0.,1.));
#11074 = ( GEOMETRIC_REPRESENTATION_CONTEXT(2) 
PARAMETRIC_REPRESENTATION_CONTEXT() REPRESENTATION_CONTEXT('2D SPACE',''
  ) );
#11075 = PCURVE('',#10977,#11076);
#11076 = DEFINITIONAL_REPRESENTATION('',(#11077),#11081);
#11077 = LINE('',#11078,#11079);
#11078 = CARTESIAN_POINT('',(0.699486292815,0.));
#11079 = VECTOR('',#11080,1.);
#11080 = DIRECTION('',(0.,1.));
#11081 = ( GEOMETRIC_REPRESENTATION_CONTEXT(2) 
PARAMETRIC_REPRESENTATION_CONTEXT() REPRESENTATION_CONTEXT('2D SPACE',''
  ) );
#11082 = ORIENTED_EDGE('',*,*,#11083,.F.);
#11083 = EDGE_CURVE('',#11084,#11062,#11086,.T.);
#11084 = VERTEX_POINT('',#11085);
#11085 = CARTESIAN_POINT('',(-27.80435094476,-2.177259080744,2.));
#11086 = SURFACE_CURVE('',#11087,(#11090,#11096),.PCURVE_S1.);
#11087 = B_SPLINE_CURVE_WITH_KNOTS('',1,(#11088,#11089),.UNSPECIFIED.,
  .F.,.F.,(2,2),(0.,1.),.PIECEWISE_BEZIER_KNOTS.);
#11088 = CARTESIAN_POINT('',(-27.80435094476,-2.177259080744,2.));
#11089 = CARTESIAN_POINT('',(-24.92225908074,-2.177259080744,2.));
#11090 = PCURVE('',#7598,#11091);
#11091 = DEFINITIONAL_REPRESENTATION('',(#11092),#11095);
#11092 = B_SPLINE_CURVE_WITH_KNOTS('',1,(#11093,#11094),.UNSPECIFIED.,
  .F.,.F.,(2,2),(0.,1.),.PIECEWISE_BEZIER_KNOTS.);
#11093 = CARTESIAN_POINT('',(0.644853519965,1.754385964912E-02));
#11094 = CARTESIAN_POINT('',(-2.239486292815,1.754385964912E-02));
#11095 = ( GEOMETRIC_REPRESENTATION_CONTEXT(2) 
PARAMETRIC_REPRESENTATION_CONTEXT() REPRESENTATION_CONTEXT('2D SPACE',''
  ) );
#11096 = PCURVE('',#7989,#11097);
#11097 = DEFINITIONAL_REPRESENTATION('',(#11098),#11101);
#11098 = B_SPLINE_CURVE_WITH_KNOTS('',1,(#11099,#11100),.UNSPECIFIED.,
  .F.,.F.,(2,2),(0.,1.),.PIECEWISE_BEZIER_KNOTS.);
#11099 = CARTESIAN_POINT('',(-8.80435094476,-51.17725908074));
#11100 = CARTESIAN_POINT('',(-5.922259080744,-51.17725908074));
#11101 = ( GEOMETRIC_REPRESENTATION_CONTEXT(2) 
PARAMETRIC_REPRESENTATION_CONTEXT() REPRESENTATION_CONTEXT('2D SPACE',''
  ) );
#11102 = ORIENTED_EDGE('',*,*,#11103,.F.);
#11103 = EDGE_CURVE('',#7551,#11084,#11104,.T.);
#11104 = SURFACE_CURVE('',#11105,(#11120,#11138),.PCURVE_S1.);
#11105 = B_SPLINE_CURVE_WITH_KNOTS('',7,(#11106,#11107,#11108,#11109,
    #11110,#11111,#11112,#11113,#11114,#11115,#11116,#11117,#11118,
    #11119),.UNSPECIFIED.,.F.,.F.,(8,6,8),(0.,0.377449189115,1.),
  .UNSPECIFIED.);
#11106 = CARTESIAN_POINT('',(-28.80419863991,-2.185833643691,
    2.982547593563));
#11107 = CARTESIAN_POINT('',(-28.80256465633,-2.185016714122,
    2.888936737048));
#11108 = CARTESIAN_POINT('',(-28.79070697062,-2.184202069479,
    2.795587707056));
#11109 = CARTESIAN_POINT('',(-28.76869769033,-2.183408954472,
    2.704705728987));
#11110 = CARTESIAN_POINT('',(-28.73738345704,-2.182652399059,
    2.618013065463));
#11111 = CARTESIAN_POINT('',(-28.6978948339,-2.181943160614,
    2.536742389475));
#11112 = CARTESIAN_POINT('',(-28.65148164074,-2.18128839035,
    2.461713148817));
#11113 = CARTESIAN_POINT('',(-28.51339125197,-2.179708988748,
    2.280731651232));
#11114 = CARTESIAN_POINT('',(-28.41199595647,-2.178886388554,
    2.186471005392));
#11115 = CARTESIAN_POINT('',(-28.29969356165,-2.178231037934,
    2.111375262486));
#11116 = CARTESIAN_POINT('',(-28.18011791634,-2.177743540791,
    2.055513622898));
#11117 = CARTESIAN_POINT('',(-28.05627805442,-2.177420965322,
    2.018550135375));
#11118 = CARTESIAN_POINT('',(-27.93044925785,-2.177259080744,2.));
#11119 = CARTESIAN_POINT('',(-27.80435094476,-2.177259080744,2.));
#11120 = PCURVE('',#7598,#11121);
#11121 = DEFINITIONAL_REPRESENTATION('',(#11122),#11137);
#11122 = B_SPLINE_CURVE_WITH_KNOTS('',7,(#11123,#11124,#11125,#11126,
    #11127,#11128,#11129,#11130,#11131,#11132,#11133,#11134,#11135,
    #11136),.UNSPECIFIED.,.F.,.F.,(8,6,8),(0.,0.377449189115,1.),
  .UNSPECIFIED.);
#11123 = CARTESIAN_POINT('',(1.651810465529,0.103732245049));
#11124 = CARTESIAN_POINT('',(1.649563573267,9.552076640773E-02));
#11125 = CARTESIAN_POINT('',(1.637049263542,8.733225500494E-02));
#11126 = CARTESIAN_POINT('',(1.614370024212,7.936015166556E-02));
#11127 = CARTESIAN_POINT('',(1.582402851192,7.175553205811E-02));
#11128 = CARTESIAN_POINT('',(1.542299752002,6.462652539255E-02));
#11129 = CARTESIAN_POINT('',(1.495323434875,5.804501305413E-02));
#11130 = CARTESIAN_POINT('',(1.35589316702,4.216944309054E-02));
#11131 = CARTESIAN_POINT('',(1.253820842228,3.39009653853E-02));
#11132 = CARTESIAN_POINT('',(1.141015268324,2.731361951629E-02));
#11133 = CARTESIAN_POINT('',(1.021091533408,2.241347569282E-02));
#11134 = CARTESIAN_POINT('',(0.897023775488,1.917106450655E-02));
#11135 = CARTESIAN_POINT('',(0.771050186117,1.754385964912E-02));
#11136 = CARTESIAN_POINT('',(0.644853519965,1.754385964912E-02));
#11137 = ( GEOMETRIC_REPRESENTATION_CONTEXT(2) 
PARAMETRIC_REPRESENTATION_CONTEXT() REPRESENTATION_CONTEXT('2D SPACE',''
  ) );
#11138 = PCURVE('',#7566,#11139);
#11139 = DEFINITIONAL_REPRESENTATION('',(#11140),#11155);
#11140 = B_SPLINE_CURVE_WITH_KNOTS('',7,(#11141,#11142,#11143,#11144,
    #11145,#11146,#11147,#11148,#11149,#11150,#11151,#11152,#11153,
    #11154),.UNSPECIFIED.,.F.,.F.,(8,6,8),(0.,0.377449189115,1.),
  .UNSPECIFIED.);
#11141 = CARTESIAN_POINT('',(0.,46.814166356309));
#11142 = CARTESIAN_POINT('',(-9.362511607327E-02,46.814983285878));
#11143 = CARTESIAN_POINT('',(-0.187166630181,46.815797930521));
#11144 = CARTESIAN_POINT('',(-0.279760686718,46.816591045528));
#11145 = CARTESIAN_POINT('',(-0.370993251034,46.817347600941));
#11146 = CARTESIAN_POINT('',(-0.460592744145,46.818056839386));
#11147 = CARTESIAN_POINT('',(-0.548396033225,46.81871160965));
#11148 = CARTESIAN_POINT('',(-0.776043255781,46.820291011252));
#11149 = CARTESIAN_POINT('',(-0.912487506086,46.821113611446));
#11150 = CARTESIAN_POINT('',(-1.044960092538,46.821768962066));
#11151 = CARTESIAN_POINT('',(-1.174301296471,46.822256459209));
#11152 = CARTESIAN_POINT('',(-1.30141602896,46.822579034678));
#11153 = CARTESIAN_POINT('',(-1.42724472118,46.822740919256));
#11154 = CARTESIAN_POINT('',(-1.553343034275,46.822740919256));
#11155 = ( GEOMETRIC_REPRESENTATION_CONTEXT(2) 
PARAMETRIC_REPRESENTATION_CONTEXT() REPRESENTATION_CONTEXT('2D SPACE',''
  ) );
#11156 = ORIENTED_EDGE('',*,*,#7578,.T.);
#11157 = ORIENTED_EDGE('',*,*,#11038,.T.);
#11158 = ADVANCED_FACE('',(#11159),#7566,.F.);
#11159 = FACE_BOUND('',#11160,.T.);
#11160 = EDGE_LOOP('',(#11161,#11162,#11163,#11186));
#11161 = ORIENTED_EDGE('',*,*,#7550,.F.);
#11162 = ORIENTED_EDGE('',*,*,#11103,.T.);
#11163 = ORIENTED_EDGE('',*,*,#11164,.T.);
#11164 = EDGE_CURVE('',#11084,#11165,#11167,.T.);
#11165 = VERTEX_POINT('',#11166);
#11166 = CARTESIAN_POINT('',(-27.80435094476,40.427259080743,2.));
#11167 = SURFACE_CURVE('',#11168,(#11172,#11179),.PCURVE_S1.);
#11168 = LINE('',#11169,#11170);
#11169 = CARTESIAN_POINT('',(-27.80435094476,-49.,2.));
#11170 = VECTOR('',#11171,1.);
#11171 = DIRECTION('',(0.,1.,0.));
#11172 = PCURVE('',#7566,#11173);
#11173 = DEFINITIONAL_REPRESENTATION('',(#11174),#11178);
#11174 = LINE('',#11175,#11176);
#11175 = CARTESIAN_POINT('',(-1.553343034275,0.));
#11176 = VECTOR('',#11177,1.);
#11177 = DIRECTION('',(-0.,1.));
#11178 = ( GEOMETRIC_REPRESENTATION_CONTEXT(2) 
PARAMETRIC_REPRESENTATION_CONTEXT() REPRESENTATION_CONTEXT('2D SPACE',''
  ) );
#11179 = PCURVE('',#7989,#11180);
#11180 = DEFINITIONAL_REPRESENTATION('',(#11181),#11185);
#11181 = LINE('',#11182,#11183);
#11182 = CARTESIAN_POINT('',(-8.80435094476,-98.));
#11183 = VECTOR('',#11184,1.);
#11184 = DIRECTION('',(0.,1.));
#11185 = ( GEOMETRIC_REPRESENTATION_CONTEXT(2) 
PARAMETRIC_REPRESENTATION_CONTEXT() REPRESENTATION_CONTEXT('2D SPACE',''
  ) );
#11186 = ORIENTED_EDGE('',*,*,#11187,.T.);
#11187 = EDGE_CURVE('',#11165,#7517,#11188,.T.);
#11188 = SURFACE_CURVE('',#11189,(#11210,#11261),.PCURVE_S1.);
#11189 = B_SPLINE_CURVE_WITH_KNOTS('',7,(#11190,#11191,#11192,#11193,
    #11194,#11195,#11196,#11197,#11198,#11199,#11200,#11201,#11202,
    #11203,#11204,#11205,#11206,#11207,#11208,#11209),.UNSPECIFIED.,.F.,
  .F.,(8,6,6,8),(0.,0.713416911845,1.,1.611838365518),.UNSPECIFIED.);
#11190 = CARTESIAN_POINT('',(-27.80435094476,40.427259080744,2.));
#11191 = CARTESIAN_POINT('',(-27.89400007508,40.427259080744,2.));
#11192 = CARTESIAN_POINT('',(-27.98359464793,40.427340906855,
    2.00937634365));
#11193 = CARTESIAN_POINT('',(-28.07242716965,40.427504387952,
    2.028109421911));
#11194 = CARTESIAN_POINT('',(-28.15969136681,40.427750271118,
    2.056284841965));
#11195 = CARTESIAN_POINT('',(-28.24446872632,40.4280794439,
    2.094004306678));
#11196 = CARTESIAN_POINT('',(-28.32570306437,40.428492575285,
    2.141344474447));
#11197 = CARTESIAN_POINT('',(-28.43287750703,40.429190063812,
    2.221268743228));
#11198 = CARTESIAN_POINT('',(-28.46281196922,40.429403521613,
    2.24572858451));
#11199 = CARTESIAN_POINT('',(-28.49188255061,40.429630534342,
    2.271741666648));
#11200 = CARTESIAN_POINT('',(-28.51999627112,40.429871039222,
    2.29930079625));
#11201 = CARTESIAN_POINT('',(-28.54705241897,40.430124903874,
    2.32839080401));
#11202 = CARTESIAN_POINT('',(-28.57294383877,40.430391905025,
    2.358986105534));
#11203 = CARTESIAN_POINT('',(-28.65010850333,40.431269068792,
    2.459499117464));
#11204 = CARTESIAN_POINT('',(-28.69692131825,40.431925721363,
    2.534744049214));
#11205 = CARTESIAN_POINT('',(-28.7367652124,40.432637507178,
    2.616306624933));
#11206 = CARTESIAN_POINT('',(-28.76837125115,40.433397231512,
    2.703362410838));
#11207 = CARTESIAN_POINT('',(-28.79058962824,40.434194030319,
    2.794666510596));
#11208 = CARTESIAN_POINT('',(-28.80255658829,40.435012680407,
    2.888474519137));
#11209 = CARTESIAN_POINT('',(-28.80419863991,40.435833643691,
    2.982547593563));
#11210 = PCURVE('',#7566,#11211);
#11211 = DEFINITIONAL_REPRESENTATION('',(#11212),#11260);
#11212 = B_SPLINE_CURVE_WITH_KNOTS('',3,(#11213,#11214,#11215,#11216,
    #11217,#11218,#11219,#11220,#11221,#11222,#11223,#11224,#11225,
    #11226,#11227,#11228,#11229,#11230,#11231,#11232,#11233,#11234,
    #11235,#11236,#11237,#11238,#11239,#11240,#11241,#11242,#11243,
    #11244,#11245,#11246,#11247,#11248,#11249,#11250,#11251,#11252,
    #11253,#11254,#11255,#11256,#11257,#11258,#11259),.UNSPECIFIED.,.F.,
  .F.,(4,1,1,1,1,1,1,1,1,1,1,1,1,1,1,1,1,1,1,1,1,1,1,1,1,1,1,1,1,1,1,1,1
    ,1,1,1,1,1,1,1,1,1,1,1,4),(0.,3.663269012541E-02,7.326538025083E-02,
    0.109898070376,0.146530760502,0.183163450627,0.219796140752,
    0.256428830878,0.293061521003,0.329694211129,0.366326901254,
    0.40295959138,0.439592281505,0.47622497163,0.512857661756,
    0.549490351881,0.586123042007,0.622755732132,0.659388422257,
    0.696021112383,0.732653802508,0.769286492634,0.805919182759,
    0.842551872885,0.87918456301,0.915817253135,0.952449943261,
    0.989082633386,1.025715323512,1.062348013637,1.098980703762,
    1.135613393888,1.172246084013,1.208878774139,1.245511464264,
    1.282144154389,1.318776844515,1.35540953464,1.392042224766,
    1.428674914891,1.465307605017,1.501940295142,1.538572985267,
    1.575205675393,1.611838365518),.QUASI_UNIFORM_KNOTS.);
#11213 = CARTESIAN_POINT('',(-1.553343034275,89.427259080744));
#11214 = CARTESIAN_POINT('',(-1.542601988875,89.427259081123));
#11215 = CARTESIAN_POINT('',(-1.521121747674,89.427262100867));
#11216 = CARTESIAN_POINT('',(-1.488894450775,89.427275690178));
#11217 = CARTESIAN_POINT('',(-1.456647551747,89.427298340288));
#11218 = CARTESIAN_POINT('',(-1.424369024553,89.427330058035));
#11219 = CARTESIAN_POINT('',(-1.392047172437,89.427370853238));
#11220 = CARTESIAN_POINT('',(-1.359670628066,89.427420738712));
#11221 = CARTESIAN_POINT('',(-1.327228276708,89.427479729586));
#11222 = CARTESIAN_POINT('',(-1.2947092056,89.427547842861));
#11223 = CARTESIAN_POINT('',(-1.262102650737,89.427625096943));
#11224 = CARTESIAN_POINT('',(-1.229397947565,89.427711511246));
#11225 = CARTESIAN_POINT('',(-1.196584482584,89.427807105814));
#11226 = CARTESIAN_POINT('',(-1.163651645257,89.42791190099));
#11227 = CARTESIAN_POINT('',(-1.13058877927,89.428025917123));
#11228 = CARTESIAN_POINT('',(-1.097385131061,89.428149174318));
#11229 = CARTESIAN_POINT('',(-1.064029798387,89.428281692203));
#11230 = CARTESIAN_POINT('',(-1.030511663378,89.428423489806));
#11231 = CARTESIAN_POINT('',(-0.996819363185,89.428574585221));
#11232 = CARTESIAN_POINT('',(-0.962941095202,89.428734996229));
#11233 = CARTESIAN_POINT('',(-0.928865010047,89.428904737546));
#11234 = CARTESIAN_POINT('',(-0.89457737737,89.429083830862));
#11235 = CARTESIAN_POINT('',(-0.860076176028,89.429272229397));
#11236 = CARTESIAN_POINT('',(-0.825351122293,89.429469918574));
#11237 = CARTESIAN_POINT('',(-0.7903938077,89.4296768654));
#11238 = CARTESIAN_POINT('',(-0.755196309339,89.429893022821));
#11239 = CARTESIAN_POINT('',(-0.719751626278,89.430118325688));
#11240 = CARTESIAN_POINT('',(-0.684053255168,89.430352691561));
#11241 = CARTESIAN_POINT('',(-0.648096485401,89.430596010539));
#11242 = CARTESIAN_POINT('',(-0.611873770609,89.430848174155));
#11243 = CARTESIAN_POINT('',(-0.575364362251,89.43110915473));
#11244 = CARTESIAN_POINT('',(-0.538578004606,89.431378690484));
#11245 = CARTESIAN_POINT('',(-0.501519064789,89.431656528042));
#11246 = CARTESIAN_POINT('',(-0.464194676488,89.431942366319));
#11247 = CARTESIAN_POINT('',(-0.426612641187,89.43223587002));
#11248 = CARTESIAN_POINT('',(-0.3887821034,89.432536664511));
#11249 = CARTESIAN_POINT('',(-0.35071351186,89.432844335732));
#11250 = CARTESIAN_POINT('',(-0.312418802193,89.433158428814));
#11251 = CARTESIAN_POINT('',(-0.273911552053,89.433478447122));
#11252 = CARTESIAN_POINT('',(-0.235207179766,89.433803851259));
#11253 = CARTESIAN_POINT('',(-0.19632316772,89.434134058226));
#11254 = CARTESIAN_POINT('',(-0.157279336928,89.434468440509));
#11255 = CARTESIAN_POINT('',(-0.118098114165,89.434806325826));
#11256 = CARTESIAN_POINT('',(-7.88050338412E-02,89.435146994971));
#11257 = CARTESIAN_POINT('',(-3.942860397983E-02,89.435489687274));
#11258 = CARTESIAN_POINT('',(-1.314474855732E-02,89.435718947944));
#11259 = CARTESIAN_POINT('',(0.,89.435833643691));
#11260 = ( GEOMETRIC_REPRESENTATION_CONTEXT(2) 
PARAMETRIC_REPRESENTATION_CONTEXT() REPRESENTATION_CONTEXT('2D SPACE',''
  ) );
#11261 = PCURVE('',#7536,#11262);
#11262 = DEFINITIONAL_REPRESENTATION('',(#11263),#11311);
#11263 = B_SPLINE_CURVE_WITH_KNOTS('',3,(#11264,#11265,#11266,#11267,
    #11268,#11269,#11270,#11271,#11272,#11273,#11274,#11275,#11276,
    #11277,#11278,#11279,#11280,#11281,#11282,#11283,#11284,#11285,
    #11286,#11287,#11288,#11289,#11290,#11291,#11292,#11293,#11294,
    #11295,#11296,#11297,#11298,#11299,#11300,#11301,#11302,#11303,
    #11304,#11305,#11306,#11307,#11308,#11309,#11310),.UNSPECIFIED.,.F.,
  .F.,(4,1,1,1,1,1,1,1,1,1,1,1,1,1,1,1,1,1,1,1,1,1,1,1,1,1,1,1,1,1,1,1,1
    ,1,1,1,1,1,1,1,1,1,1,1,4),(0.,3.663269012541E-02,7.326538025083E-02,
    0.109898070376,0.146530760502,0.183163450627,0.219796140752,
    0.256428830878,0.293061521003,0.329694211129,0.366326901254,
    0.40295959138,0.439592281505,0.47622497163,0.512857661756,
    0.549490351881,0.586123042007,0.622755732132,0.659388422257,
    0.696021112383,0.732653802508,0.769286492634,0.805919182759,
    0.842551872885,0.87918456301,0.915817253135,0.952449943261,
    0.989082633386,1.025715323512,1.062348013637,1.098980703762,
    1.135613393888,1.172246084013,1.208878774139,1.245511464264,
    1.282144154389,1.318776844515,1.35540953464,1.392042224766,
    1.428674914891,1.465307605017,1.501940295142,1.538572985267,
    1.575205675393,1.611838365518),.QUASI_UNIFORM_KNOTS.);
#11264 = CARTESIAN_POINT('',(-0.644853519965,1.754385964912E-02));
#11265 = CARTESIAN_POINT('',(-0.655602936427,1.754386346425E-02));
#11266 = CARTESIAN_POINT('',(-0.677100811396,1.757421682935E-02));
#11267 = CARTESIAN_POINT('',(-0.709324069842,1.771081163936E-02));
#11268 = CARTESIAN_POINT('',(-0.741503329871,1.793848230363E-02));
#11269 = CARTESIAN_POINT('',(-0.77361732203,1.825729754452E-02));
#11270 = CARTESIAN_POINT('',(-0.805644216463,1.866735607248E-02));
#11271 = CARTESIAN_POINT('',(-0.837561530903,1.916878669737E-02));
#11272 = CARTESIAN_POINT('',(-0.869346132725,1.976174149634E-02));
#11273 = CARTESIAN_POINT('',(-0.900974214298,2.044639133509E-02));
#11274 = CARTESIAN_POINT('',(-0.932421273986,2.122292125154E-02));
#11275 = CARTESIAN_POINT('',(-0.963662094149,2.209152636957E-02));
#11276 = CARTESIAN_POINT('',(-0.994670718439,2.305240816291E-02));
#11277 = CARTESIAN_POINT('',(-1.025420427834,2.410577112133E-02));
#11278 = CARTESIAN_POINT('',(-1.055883715367,2.525181979021E-02));
#11279 = CARTESIAN_POINT('',(-1.086032260297,2.649075624719E-02));
#11280 = CARTESIAN_POINT('',(-1.115836898777,2.782277779017E-02));
#11281 = CARTESIAN_POINT('',(-1.145267602055,2.924807567565E-02));
#11282 = CARTESIAN_POINT('',(-1.174293421035,3.0766831777E-02));
#11283 = CARTESIAN_POINT('',(-1.202882550845,3.237922484596E-02));
#11284 = CARTESIAN_POINT('',(-1.231001942014,3.408540277393E-02));
#11285 = CARTESIAN_POINT('',(-1.258618598204,3.588558358368E-02));
#11286 = CARTESIAN_POINT('',(-1.285688862261,3.777929707718E-02));
#11287 = CARTESIAN_POINT('',(-1.312174728253,3.976639672646E-02));
#11288 = CARTESIAN_POINT('',(-1.338035382324,4.184655088835E-02));
#11289 = CARTESIAN_POINT('',(-1.363228479508,4.401928659917E-02));
#11290 = CARTESIAN_POINT('',(-1.387709881258,4.628394899992E-02));
#11291 = CARTESIAN_POINT('',(-1.411434067711,4.863970943767E-02));
#11292 = CARTESIAN_POINT('',(-1.43435338991,5.108546323146E-02));
#11293 = CARTESIAN_POINT('',(-1.456421287234,5.362012010412E-02));
#11294 = CARTESIAN_POINT('',(-1.477597386929,5.624340183884E-02));
#11295 = CARTESIAN_POINT('',(-1.497822336364,5.895267712877E-02));
#11296 = CARTESIAN_POINT('',(-1.517040887403,6.174539911606E-02));
#11297 = CARTESIAN_POINT('',(-1.535197059299,6.46185414243E-02));
#11298 = CARTESIAN_POINT('',(-1.55223585291,6.75687337828E-02));
#11299 = CARTESIAN_POINT('',(-1.568103233553,7.059221051486E-02));
#11300 = CARTESIAN_POINT('',(-1.582746607702,7.368480963045E-02));
#11301 = CARTESIAN_POINT('',(-1.596115203323,7.68419589526E-02));
#11302 = CARTESIAN_POINT('',(-1.608160517391,8.005866648407E-02));
#11303 = CARTESIAN_POINT('',(-1.618836794611,8.332951042191E-02));
#11304 = CARTESIAN_POINT('',(-1.628101545692,8.664863064677E-02));
#11305 = CARTESIAN_POINT('',(-1.635916135709,9.000971963537E-02));
#11306 = CARTESIAN_POINT('',(-1.642246340068,9.340601983939E-02));
#11307 = CARTESIAN_POINT('',(-1.647063275406,9.683030207278E-02));
#11308 = CARTESIAN_POINT('',(-1.650343206526,0.10027492036));
#11309 = CARTESIAN_POINT('',(-1.651495632462,0.102579365158));
#11310 = CARTESIAN_POINT('',(-1.651810465529,0.103732245049));
#11311 = ( GEOMETRIC_REPRESENTATION_CONTEXT(2) 
PARAMETRIC_REPRESENTATION_CONTEXT() REPRESENTATION_CONTEXT('2D SPACE',''
  ) );
#11312 = ADVANCED_FACE('',(#11313),#7536,.T.);
#11313 = FACE_BOUND('',#11314,.T.);
#11314 = EDGE_LOOP('',(#11315,#11335,#11362,#11382,#11383));
#11315 = ORIENTED_EDGE('',*,*,#11316,.F.);
#11316 = EDGE_CURVE('',#11317,#11165,#11319,.T.);
#11317 = VERTEX_POINT('',#11318);
#11318 = CARTESIAN_POINT('',(-24.92225908074,40.427259080743,2.));
#11319 = SURFACE_CURVE('',#11320,(#11323,#11329),.PCURVE_S1.);
#11320 = B_SPLINE_CURVE_WITH_KNOTS('',1,(#11321,#11322),.UNSPECIFIED.,
  .F.,.F.,(2,2),(0.,1.),.PIECEWISE_BEZIER_KNOTS.);
#11321 = CARTESIAN_POINT('',(-24.92225908074,40.427259080743,2.));
#11322 = CARTESIAN_POINT('',(-27.80435094476,40.427259080743,2.));
#11323 = PCURVE('',#7536,#11324);
#11324 = DEFINITIONAL_REPRESENTATION('',(#11325),#11328);
#11325 = B_SPLINE_CURVE_WITH_KNOTS('',1,(#11326,#11327),.UNSPECIFIED.,
  .F.,.F.,(2,2),(0.,1.),.PIECEWISE_BEZIER_KNOTS.);
#11326 = CARTESIAN_POINT('',(2.239486292815,1.754385964912E-02));
#11327 = CARTESIAN_POINT('',(-0.644853519965,1.754385964912E-02));
#11328 = ( GEOMETRIC_REPRESENTATION_CONTEXT(2) 
PARAMETRIC_REPRESENTATION_CONTEXT() REPRESENTATION_CONTEXT('2D SPACE',''
  ) );
#11329 = PCURVE('',#7989,#11330);
#11330 = DEFINITIONAL_REPRESENTATION('',(#11331),#11334);
#11331 = B_SPLINE_CURVE_WITH_KNOTS('',1,(#11332,#11333),.UNSPECIFIED.,
  .F.,.F.,(2,2),(0.,1.),.PIECEWISE_BEZIER_KNOTS.);
#11332 = CARTESIAN_POINT('',(-5.922259080744,-8.572740919257));
#11333 = CARTESIAN_POINT('',(-8.80435094476,-8.572740919257));
#11334 = ( GEOMETRIC_REPRESENTATION_CONTEXT(2) 
PARAMETRIC_REPRESENTATION_CONTEXT() REPRESENTATION_CONTEXT('2D SPACE',''
  ) );
#11335 = ORIENTED_EDGE('',*,*,#11336,.T.);
#11336 = EDGE_CURVE('',#11317,#11337,#11339,.T.);
#11337 = VERTEX_POINT('',#11338);
#11338 = CARTESIAN_POINT('',(-25.02,40.525,13.2));
#11339 = SURFACE_CURVE('',#11340,(#11343,#11350),.PCURVE_S1.);
#11340 = B_SPLINE_CURVE_WITH_KNOTS('',1,(#11341,#11342),.UNSPECIFIED.,
  .F.,.F.,(2,2),(0.,1.),.PIECEWISE_BEZIER_KNOTS.);
#11341 = CARTESIAN_POINT('',(-24.92051370718,40.425513707185,1.8));
#11342 = CARTESIAN_POINT('',(-25.02,40.525,13.2));
#11343 = PCURVE('',#7536,#11344);
#11344 = DEFINITIONAL_REPRESENTATION('',(#11345),#11349);
#11345 = LINE('',#11346,#11347);
#11346 = CARTESIAN_POINT('',(2.239486292815,0.));
#11347 = VECTOR('',#11348,1.);
#11348 = DIRECTION('',(0.,1.));
#11349 = ( GEOMETRIC_REPRESENTATION_CONTEXT(2) 
PARAMETRIC_REPRESENTATION_CONTEXT() REPRESENTATION_CONTEXT('2D SPACE',''
  ) );
#11350 = PCURVE('',#11351,#11356);
#11351 = B_SPLINE_SURFACE_WITH_KNOTS('',1,1,(
    (#11352,#11353)
    ,(#11354,#11355
    )),.UNSPECIFIED.,.F.,.F.,.F.,(2,2),(2,2),(-0.699486292815,
    0.699486292815),(0.,1.),.PIECEWISE_BEZIER_KNOTS.);
#11352 = CARTESIAN_POINT('',(-24.92051370718,40.425513707185,1.8));
#11353 = CARTESIAN_POINT('',(-25.02,40.525,13.2));
#11354 = CARTESIAN_POINT('',(-24.92051370718,41.824486292815,1.8));
#11355 = CARTESIAN_POINT('',(-25.02,41.725,13.2));
#11356 = DEFINITIONAL_REPRESENTATION('',(#11357),#11361);
#11357 = LINE('',#11358,#11359);
#11358 = CARTESIAN_POINT('',(-0.699486292815,0.));
#11359 = VECTOR('',#11360,1.);
#11360 = DIRECTION('',(0.,1.));
#11361 = ( GEOMETRIC_REPRESENTATION_CONTEXT(2) 
PARAMETRIC_REPRESENTATION_CONTEXT() REPRESENTATION_CONTEXT('2D SPACE',''
  ) );
#11362 = ORIENTED_EDGE('',*,*,#11363,.F.);
#11363 = EDGE_CURVE('',#7491,#11337,#11364,.T.);
#11364 = SURFACE_CURVE('',#11365,(#11369,#11375),.PCURVE_S1.);
#11365 = LINE('',#11366,#11367);
#11366 = CARTESIAN_POINT('',(-27.16,40.525,13.2));
#11367 = VECTOR('',#11368,1.);
#11368 = DIRECTION('',(1.,0.,0.));
#11369 = PCURVE('',#7536,#11370);
#11370 = DEFINITIONAL_REPRESENTATION('',(#11371),#11374);
#11371 = B_SPLINE_CURVE_WITH_KNOTS('',1,(#11372,#11373),.UNSPECIFIED.,
  .F.,.F.,(2,2),(-2.14,2.14),.PIECEWISE_BEZIER_KNOTS.);
#11372 = CARTESIAN_POINT('',(-2.239486292815,1.));
#11373 = CARTESIAN_POINT('',(2.239486292815,1.));
#11374 = ( GEOMETRIC_REPRESENTATION_CONTEXT(2) 
PARAMETRIC_REPRESENTATION_CONTEXT() REPRESENTATION_CONTEXT('2D SPACE',''
  ) );
#11375 = PCURVE('',#7505,#11376);
#11376 = DEFINITIONAL_REPRESENTATION('',(#11377),#11381);
#11377 = LINE('',#11378,#11379);
#11378 = CARTESIAN_POINT('',(2.060542875619,-0.577722301575));
#11379 = VECTOR('',#11380,1.);
#11380 = DIRECTION('',(0.962870502626,-0.269963692325));
#11381 = ( GEOMETRIC_REPRESENTATION_CONTEXT(2) 
PARAMETRIC_REPRESENTATION_CONTEXT() REPRESENTATION_CONTEXT('2D SPACE',''
  ) );
#11382 = ORIENTED_EDGE('',*,*,#7516,.F.);
#11383 = ORIENTED_EDGE('',*,*,#11187,.F.);
#11384 = ADVANCED_FACE('',(#11385),#7505,.T.);
#11385 = FACE_BOUND('',#11386,.T.);
#11386 = EDGE_LOOP('',(#11387,#11388,#11389,#11411));
#11387 = ORIENTED_EDGE('',*,*,#7490,.F.);
#11388 = ORIENTED_EDGE('',*,*,#11363,.T.);
#11389 = ORIENTED_EDGE('',*,*,#11390,.T.);
#11390 = EDGE_CURVE('',#11337,#11391,#11393,.T.);
#11391 = VERTEX_POINT('',#11392);
#11392 = CARTESIAN_POINT('',(-25.02,41.725,13.2));
#11393 = SURFACE_CURVE('',#11394,(#11398,#11405),.PCURVE_S1.);
#11394 = LINE('',#11395,#11396);
#11395 = CARTESIAN_POINT('',(-25.02,41.125,13.2));
#11396 = VECTOR('',#11397,1.);
#11397 = DIRECTION('',(0.,1.,0.));
#11398 = PCURVE('',#7505,#11399);
#11399 = DEFINITIONAL_REPRESENTATION('',(#11400),#11404);
#11400 = LINE('',#11401,#11402);
#11401 = CARTESIAN_POINT('',(4.283063966632,-0.577722301575));
#11402 = VECTOR('',#11403,1.);
#11403 = DIRECTION('',(0.269963692325,0.962870502626));
#11404 = ( GEOMETRIC_REPRESENTATION_CONTEXT(2) 
PARAMETRIC_REPRESENTATION_CONTEXT() REPRESENTATION_CONTEXT('2D SPACE',''
  ) );
#11405 = PCURVE('',#11351,#11406);
#11406 = DEFINITIONAL_REPRESENTATION('',(#11407),#11410);
#11407 = B_SPLINE_CURVE_WITH_KNOTS('',1,(#11408,#11409),.UNSPECIFIED.,
  .F.,.F.,(2,2),(-0.6,0.6),.PIECEWISE_BEZIER_KNOTS.);
#11408 = CARTESIAN_POINT('',(-0.699486292815,1.));
#11409 = CARTESIAN_POINT('',(0.699486292815,1.));
#11410 = ( GEOMETRIC_REPRESENTATION_CONTEXT(2) 
PARAMETRIC_REPRESENTATION_CONTEXT() REPRESENTATION_CONTEXT('2D SPACE',''
  ) );
#11411 = ORIENTED_EDGE('',*,*,#11412,.F.);
#11412 = EDGE_CURVE('',#7457,#11391,#11413,.T.);
#11413 = SURFACE_CURVE('',#11414,(#11418,#11425),.PCURVE_S1.);
#11414 = LINE('',#11415,#11416);
#11415 = CARTESIAN_POINT('',(-27.16,41.725,13.2));
#11416 = VECTOR('',#11417,1.);
#11417 = DIRECTION('',(1.,0.,0.));
#11418 = PCURVE('',#7505,#11419);
#11419 = DEFINITIONAL_REPRESENTATION('',(#11420),#11424);
#11420 = LINE('',#11421,#11422);
#11421 = CARTESIAN_POINT('',(2.384499306408,0.577722301575));
#11422 = VECTOR('',#11423,1.);
#11423 = DIRECTION('',(0.962870502626,-0.269963692325));
#11424 = ( GEOMETRIC_REPRESENTATION_CONTEXT(2) 
PARAMETRIC_REPRESENTATION_CONTEXT() REPRESENTATION_CONTEXT('2D SPACE',''
  ) );
#11425 = PCURVE('',#7476,#11426);
#11426 = DEFINITIONAL_REPRESENTATION('',(#11427),#11430);
#11427 = B_SPLINE_CURVE_WITH_KNOTS('',1,(#11428,#11429),.UNSPECIFIED.,
  .F.,.F.,(2,2),(-2.14,2.14),.PIECEWISE_BEZIER_KNOTS.);
#11428 = CARTESIAN_POINT('',(2.239486292815,1.));
#11429 = CARTESIAN_POINT('',(-2.239486292815,1.));
#11430 = ( GEOMETRIC_REPRESENTATION_CONTEXT(2) 
PARAMETRIC_REPRESENTATION_CONTEXT() REPRESENTATION_CONTEXT('2D SPACE',''
  ) );
#11431 = ADVANCED_FACE('',(#11432),#7476,.T.);
#11432 = FACE_BOUND('',#11433,.T.);
#11433 = EDGE_LOOP('',(#11434,#11456,#11476,#11530,#11531));
#11434 = ORIENTED_EDGE('',*,*,#11435,.F.);
#11435 = EDGE_CURVE('',#11436,#11391,#11438,.T.);
#11436 = VERTEX_POINT('',#11437);
#11437 = CARTESIAN_POINT('',(-24.92225908074,41.822740919256,2.));
#11438 = SURFACE_CURVE('',#11439,(#11442,#11449),.PCURVE_S1.);
#11439 = B_SPLINE_CURVE_WITH_KNOTS('',1,(#11440,#11441),.UNSPECIFIED.,
  .F.,.F.,(2,2),(0.,1.),.PIECEWISE_BEZIER_KNOTS.);
#11440 = CARTESIAN_POINT('',(-24.92051370718,41.824486292815,1.8));
#11441 = CARTESIAN_POINT('',(-25.02,41.725,13.2));
#11442 = PCURVE('',#7476,#11443);
#11443 = DEFINITIONAL_REPRESENTATION('',(#11444),#11448);
#11444 = LINE('',#11445,#11446);
#11445 = CARTESIAN_POINT('',(-2.239486292815,0.));
#11446 = VECTOR('',#11447,1.);
#11447 = DIRECTION('',(0.,1.));
#11448 = ( GEOMETRIC_REPRESENTATION_CONTEXT(2) 
PARAMETRIC_REPRESENTATION_CONTEXT() REPRESENTATION_CONTEXT('2D SPACE',''
  ) );
#11449 = PCURVE('',#11351,#11450);
#11450 = DEFINITIONAL_REPRESENTATION('',(#11451),#11455);
#11451 = LINE('',#11452,#11453);
#11452 = CARTESIAN_POINT('',(0.699486292815,0.));
#11453 = VECTOR('',#11454,1.);
#11454 = DIRECTION('',(0.,1.));
#11455 = ( GEOMETRIC_REPRESENTATION_CONTEXT(2) 
PARAMETRIC_REPRESENTATION_CONTEXT() REPRESENTATION_CONTEXT('2D SPACE',''
  ) );
#11456 = ORIENTED_EDGE('',*,*,#11457,.F.);
#11457 = EDGE_CURVE('',#11458,#11436,#11460,.T.);
#11458 = VERTEX_POINT('',#11459);
#11459 = CARTESIAN_POINT('',(-27.80435094476,41.822740919257,2.));
#11460 = SURFACE_CURVE('',#11461,(#11464,#11470),.PCURVE_S1.);
#11461 = B_SPLINE_CURVE_WITH_KNOTS('',1,(#11462,#11463),.UNSPECIFIED.,
  .F.,.F.,(2,2),(0.,1.),.PIECEWISE_BEZIER_KNOTS.);
#11462 = CARTESIAN_POINT('',(-27.80435094476,41.822740919257,2.));
#11463 = CARTESIAN_POINT('',(-24.92225908074,41.822740919257,2.));
#11464 = PCURVE('',#7476,#11465);
#11465 = DEFINITIONAL_REPRESENTATION('',(#11466),#11469);
#11466 = B_SPLINE_CURVE_WITH_KNOTS('',1,(#11467,#11468),.UNSPECIFIED.,
  .F.,.F.,(2,2),(0.,1.),.PIECEWISE_BEZIER_KNOTS.);
#11467 = CARTESIAN_POINT('',(0.644853519965,1.754385964912E-02));
#11468 = CARTESIAN_POINT('',(-2.239486292815,1.754385964912E-02));
#11469 = ( GEOMETRIC_REPRESENTATION_CONTEXT(2) 
PARAMETRIC_REPRESENTATION_CONTEXT() REPRESENTATION_CONTEXT('2D SPACE',''
  ) );
#11470 = PCURVE('',#7989,#11471);
#11471 = DEFINITIONAL_REPRESENTATION('',(#11472),#11475);
#11472 = B_SPLINE_CURVE_WITH_KNOTS('',1,(#11473,#11474),.UNSPECIFIED.,
  .F.,.F.,(2,2),(0.,1.),.PIECEWISE_BEZIER_KNOTS.);
#11473 = CARTESIAN_POINT('',(-8.80435094476,-7.177259080743));
#11474 = CARTESIAN_POINT('',(-5.922259080744,-7.177259080743));
#11475 = ( GEOMETRIC_REPRESENTATION_CONTEXT(2) 
PARAMETRIC_REPRESENTATION_CONTEXT() REPRESENTATION_CONTEXT('2D SPACE',''
  ) );
#11476 = ORIENTED_EDGE('',*,*,#11477,.F.);
#11477 = EDGE_CURVE('',#7429,#11458,#11478,.T.);
#11478 = SURFACE_CURVE('',#11479,(#11494,#11512),.PCURVE_S1.);
#11479 = B_SPLINE_CURVE_WITH_KNOTS('',7,(#11480,#11481,#11482,#11483,
    #11484,#11485,#11486,#11487,#11488,#11489,#11490,#11491,#11492,
    #11493),.UNSPECIFIED.,.F.,.F.,(8,6,8),(0.,0.377274841657,1.),
  .UNSPECIFIED.);
#11480 = CARTESIAN_POINT('',(-28.80419863991,41.814166356309,
    2.982547593563));
#11481 = CARTESIAN_POINT('',(-28.80256541072,41.814982908714,
    2.888979955764));
#11482 = CARTESIAN_POINT('',(-28.79071791706,41.815797178728,
    2.795673853997));
#11483 = CARTESIAN_POINT('',(-28.76872814365,41.816589948696,
    2.70483141356));
#11484 = CARTESIAN_POINT('',(-28.73744116404,41.817346206795,
    2.618172818823));
#11485 = CARTESIAN_POINT('',(-28.69798575005,41.818055205882,
    2.536929570534));
#11486 = CARTESIAN_POINT('',(-28.65160991793,41.818709799083,
    2.461920619166));
#11487 = CARTESIAN_POINT('',(-28.5135617346,41.820289626714,
    2.280890303561));
#11488 = CARTESIAN_POINT('',(-28.41215339062,41.821112692977,
    2.186576251512));
#11489 = CARTESIAN_POINT('',(-28.29982752297,41.821768416318,
    2.111437798981));
#11490 = CARTESIAN_POINT('',(-28.1802218523,41.822256188552,
    2.055544637063));
#11491 = CARTESIAN_POINT('',(-28.05634846149,41.822578943843,
    2.018560543936));
#11492 = CARTESIAN_POINT('',(-27.9304846329,41.822740919257,2.));
#11493 = CARTESIAN_POINT('',(-27.80435094476,41.822740919257,2.));
#11494 = PCURVE('',#7476,#11495);
#11495 = DEFINITIONAL_REPRESENTATION('',(#11496),#11511);
#11496 = B_SPLINE_CURVE_WITH_KNOTS('',7,(#11497,#11498,#11499,#11500,
    #11501,#11502,#11503,#11504,#11505,#11506,#11507,#11508,#11509,
    #11510),.UNSPECIFIED.,.F.,.F.,(8,6,8),(0.,0.377274841657,1.),
  .UNSPECIFIED.);
#11497 = CARTESIAN_POINT('',(1.651810465529,0.103732245049));
#11498 = CARTESIAN_POINT('',(1.649564610623,9.552455752313E-02));
#11499 = CARTESIAN_POINT('',(1.637060815964,8.733981175409E-02));
#11500 = CARTESIAN_POINT('',(1.614401404083,7.937117662803E-02));
#11501 = CARTESIAN_POINT('',(1.582461761354,7.176954551077E-02));
#11502 = CARTESIAN_POINT('',(1.542392083398,6.464294478366E-02));
#11503 = CARTESIAN_POINT('',(1.495453269254,5.806321220755E-02));
#11504 = CARTESIAN_POINT('',(1.356064789317,4.218335996147E-02));
#11505 = CARTESIAN_POINT('',(1.25397898156,3.391019750108E-02));
#11506 = CARTESIAN_POINT('',(1.141149619178,2.731910517376E-02));
#11507 = CARTESIAN_POINT('',(1.021195660743,2.241619623359E-02));
#11508 = CARTESIAN_POINT('',(0.897094263642,1.917197753827E-02));
#11509 = CARTESIAN_POINT('',(0.771085588755,1.754385964912E-02));
#11510 = CARTESIAN_POINT('',(0.644853519965,1.754385964912E-02));
#11511 = ( GEOMETRIC_REPRESENTATION_CONTEXT(2) 
PARAMETRIC_REPRESENTATION_CONTEXT() REPRESENTATION_CONTEXT('2D SPACE',''
  ) );
#11512 = PCURVE('',#7444,#11513);
#11513 = DEFINITIONAL_REPRESENTATION('',(#11514),#11529);
#11514 = B_SPLINE_CURVE_WITH_KNOTS('',7,(#11515,#11516,#11517,#11518,
    #11519,#11520,#11521,#11522,#11523,#11524,#11525,#11526,#11527,
    #11528),.UNSPECIFIED.,.F.,.F.,(8,6,8),(0.,0.377274841657,1.),
  .UNSPECIFIED.);
#11515 = CARTESIAN_POINT('',(0.,90.814166356309));
#11516 = CARTESIAN_POINT('',(-9.358189077422E-02,90.814982908714));
#11517 = CARTESIAN_POINT('',(-0.18708030627,90.815797178728));
#11518 = CARTESIAN_POINT('',(-0.279632629702,90.816589948696));
#11519 = CARTESIAN_POINT('',(-0.370825129707,90.817346206795));
#11520 = CARTESIAN_POINT('',(-0.460386390243,90.818055205882));
#11521 = CARTESIAN_POINT('',(-0.548153276493,90.818709799083));
#11522 = CARTESIAN_POINT('',(-0.775813716822,90.820289626714));
#11523 = CARTESIAN_POINT('',(-0.91230183961,90.821112692977));
#11524 = CARTESIAN_POINT('',(-1.044815202776,90.821768416318));
#11525 = CARTESIAN_POINT('',(-1.174194607316,90.822256188552));
#11526 = CARTESIAN_POINT('',(-1.301345621321,90.822578943843));
#11527 = CARTESIAN_POINT('',(-1.427209346134,90.822740919257));
#11528 = CARTESIAN_POINT('',(-1.553343034275,90.822740919257));
#11529 = ( GEOMETRIC_REPRESENTATION_CONTEXT(2) 
PARAMETRIC_REPRESENTATION_CONTEXT() REPRESENTATION_CONTEXT('2D SPACE',''
  ) );
#11530 = ORIENTED_EDGE('',*,*,#7456,.T.);
#11531 = ORIENTED_EDGE('',*,*,#11412,.T.);
#11532 = ADVANCED_FACE('',(#11533),#7444,.F.);
#11533 = FACE_BOUND('',#11534,.T.);
#11534 = EDGE_LOOP('',(#11535,#11536,#11537,#11558));
#11535 = ORIENTED_EDGE('',*,*,#7428,.F.);
#11536 = ORIENTED_EDGE('',*,*,#11477,.T.);
#11537 = ORIENTED_EDGE('',*,*,#11538,.T.);
#11538 = EDGE_CURVE('',#11458,#9982,#11539,.T.);
#11539 = SURFACE_CURVE('',#11540,(#11544,#11551),.PCURVE_S1.);
#11540 = LINE('',#11541,#11542);
#11541 = CARTESIAN_POINT('',(-27.80435094476,-49.,2.));
#11542 = VECTOR('',#11543,1.);
#11543 = DIRECTION('',(0.,1.,0.));
#11544 = PCURVE('',#7444,#11545);
#11545 = DEFINITIONAL_REPRESENTATION('',(#11546),#11550);
#11546 = LINE('',#11547,#11548);
#11547 = CARTESIAN_POINT('',(-1.553343034275,0.));
#11548 = VECTOR('',#11549,1.);
#11549 = DIRECTION('',(-0.,1.));
#11550 = ( GEOMETRIC_REPRESENTATION_CONTEXT(2) 
PARAMETRIC_REPRESENTATION_CONTEXT() REPRESENTATION_CONTEXT('2D SPACE',''
  ) );
#11551 = PCURVE('',#7989,#11552);
#11552 = DEFINITIONAL_REPRESENTATION('',(#11553),#11557);
#11553 = LINE('',#11554,#11555);
#11554 = CARTESIAN_POINT('',(-8.80435094476,-98.));
#11555 = VECTOR('',#11556,1.);
#11556 = DIRECTION('',(0.,1.));
#11557 = ( GEOMETRIC_REPRESENTATION_CONTEXT(2) 
PARAMETRIC_REPRESENTATION_CONTEXT() REPRESENTATION_CONTEXT('2D SPACE',''
  ) );
#11558 = ORIENTED_EDGE('',*,*,#9981,.F.);
#11559 = ADVANCED_FACE('',(#11560),#7935,.F.);
#11560 = FACE_BOUND('',#11561,.F.);
#11561 = EDGE_LOOP('',(#11562,#11563,#11564,#11565));
#11562 = ORIENTED_EDGE('',*,*,#8730,.F.);
#11563 = ORIENTED_EDGE('',*,*,#7920,.T.);
#11564 = ORIENTED_EDGE('',*,*,#10035,.T.);
#11565 = ORIENTED_EDGE('',*,*,#11566,.F.);
#11566 = EDGE_CURVE('',#8708,#10036,#11567,.T.);
#11567 = SURFACE_CURVE('',#11568,(#11573,#11580),.PCURVE_S1.);
#11568 = CIRCLE('',#11569,8.80435094476);
#11569 = AXIS2_PLACEMENT_3D('',#11570,#11571,#11572);
#11570 = CARTESIAN_POINT('',(-19.,-49.,2.));
#11571 = DIRECTION('',(-0.,0.,-1.));
#11572 = DIRECTION('',(-3.630015509622E-16,-1.,0.));
#11573 = PCURVE('',#7935,#11574);
#11574 = DEFINITIONAL_REPRESENTATION('',(#11575),#11579);
#11575 = LINE('',#11576,#11577);
#11576 = CARTESIAN_POINT('',(0.,1.570796326795));
#11577 = VECTOR('',#11578,1.);
#11578 = DIRECTION('',(1.,0.));
#11579 = ( GEOMETRIC_REPRESENTATION_CONTEXT(2) 
PARAMETRIC_REPRESENTATION_CONTEXT() REPRESENTATION_CONTEXT('2D SPACE',''
  ) );
#11580 = PCURVE('',#7989,#11581);
#11581 = DEFINITIONAL_REPRESENTATION('',(#11582),#11590);
#11582 = ( BOUNDED_CURVE() B_SPLINE_CURVE(2,(#11583,#11584,#11585,#11586
    ,#11587,#11588,#11589),.UNSPECIFIED.,.T.,.F.) 
B_SPLINE_CURVE_WITH_KNOTS((1,2,2,2,2,1),(-2.094395102393,0.,
    2.094395102393,4.188790204786,6.28318530718,8.377580409573),
.UNSPECIFIED.) CURVE() GEOMETRIC_REPRESENTATION_ITEM() 
RATIONAL_B_SPLINE_CURVE((1.,0.5,1.,0.5,1.,0.5,1.)) REPRESENTATION_ITEM(
  '') );
#11583 = CARTESIAN_POINT('',(-3.552713678801E-15,-106.8043509447));
#11584 = CARTESIAN_POINT('',(-15.24958316399,-106.8043509447));
#11585 = CARTESIAN_POINT('',(-7.624791581996,-93.59782452762));
#11586 = CARTESIAN_POINT('',(4.948983316987E-15,-80.39129811048));
#11587 = CARTESIAN_POINT('',(7.624791581996,-93.59782452762));
#11588 = CARTESIAN_POINT('',(15.249583163991,-106.8043509447));
#11589 = CARTESIAN_POINT('',(-3.552713678801E-15,-106.8043509447));
#11590 = ( GEOMETRIC_REPRESENTATION_CONTEXT(2) 
PARAMETRIC_REPRESENTATION_CONTEXT() REPRESENTATION_CONTEXT('2D SPACE',''
  ) );
#11591 = ADVANCED_FACE('',(#11592,#12218,#12249,#12351,#12382,#12484,
    #12515,#12929),#7989,.T.);
#11592 = FACE_BOUND('',#11593,.T.);
#11593 = EDGE_LOOP('',(#11594,#11595,#11596,#11597,#11625,#11648,#11668,
    #11697,#11717,#11740,#11760,#11789,#11809,#11832,#11852,#11877,
    #11897,#11920,#11940,#11965,#11985,#12008,#12034,#12035,#12036,
    #12054,#12055,#12056,#12057,#12075,#12076,#12077,#12078,#12079,
    #12080,#12098,#12099,#12100,#12101,#12119,#12120,#12121,#12122,
    #12146,#12168,#12169,#12170,#12171,#12195,#12217));
#11594 = ORIENTED_EDGE('',*,*,#10057,.F.);
#11595 = ORIENTED_EDGE('',*,*,#11566,.F.);
#11596 = ORIENTED_EDGE('',*,*,#8707,.F.);
#11597 = ORIENTED_EDGE('',*,*,#11598,.F.);
#11598 = EDGE_CURVE('',#11599,#8681,#11601,.T.);
#11599 = VERTEX_POINT('',#11600);
#11600 = CARTESIAN_POINT('',(27.80435094476,-49.,2.));
#11601 = SURFACE_CURVE('',#11602,(#11607,#11618),.PCURVE_S1.);
#11602 = CIRCLE('',#11603,8.80435094476);
#11603 = AXIS2_PLACEMENT_3D('',#11604,#11605,#11606);
#11604 = CARTESIAN_POINT('',(19.,-49.,2.));
#11605 = DIRECTION('',(0.,0.,-1.));
#11606 = DIRECTION('',(1.,0.,0.));
#11607 = PCURVE('',#7989,#11608);
#11608 = DEFINITIONAL_REPRESENTATION('',(#11609),#11617);
#11609 = ( BOUNDED_CURVE() B_SPLINE_CURVE(2,(#11610,#11611,#11612,#11613
    ,#11614,#11615,#11616),.UNSPECIFIED.,.T.,.F.) 
B_SPLINE_CURVE_WITH_KNOTS((1,2,2,2,2,1),(-2.094395102393,0.,
    2.094395102393,4.188790204786,6.28318530718,8.377580409573),
.UNSPECIFIED.) CURVE() GEOMETRIC_REPRESENTATION_ITEM() 
RATIONAL_B_SPLINE_CURVE((1.,0.5,1.,0.5,1.,0.5,1.)) REPRESENTATION_ITEM(
  '') );
#11610 = CARTESIAN_POINT('',(46.80435094476,-98.));
#11611 = CARTESIAN_POINT('',(46.80435094476,-113.2495831639));
#11612 = CARTESIAN_POINT('',(33.59782452762,-105.6247915819));
#11613 = CARTESIAN_POINT('',(20.39129811048,-98.));
#11614 = CARTESIAN_POINT('',(33.59782452762,-90.375208418));
#11615 = CARTESIAN_POINT('',(46.80435094476,-82.750416836));
#11616 = CARTESIAN_POINT('',(46.80435094476,-98.));
#11617 = ( GEOMETRIC_REPRESENTATION_CONTEXT(2) 
PARAMETRIC_REPRESENTATION_CONTEXT() REPRESENTATION_CONTEXT('2D SPACE',''
  ) );
#11618 = PCURVE('',#8696,#11619);
#11619 = DEFINITIONAL_REPRESENTATION('',(#11620),#11624);
#11620 = LINE('',#11621,#11622);
#11621 = CARTESIAN_POINT('',(0.,1.570796326795));
#11622 = VECTOR('',#11623,1.);
#11623 = DIRECTION('',(1.,0.));
#11624 = ( GEOMETRIC_REPRESENTATION_CONTEXT(2) 
PARAMETRIC_REPRESENTATION_CONTEXT() REPRESENTATION_CONTEXT('2D SPACE',''
  ) );
#11625 = ORIENTED_EDGE('',*,*,#11626,.F.);
#11626 = EDGE_CURVE('',#11627,#11599,#11629,.T.);
#11627 = VERTEX_POINT('',#11628);
#11628 = CARTESIAN_POINT('',(27.80435094476,-45.58028718367,2.));
#11629 = SURFACE_CURVE('',#11630,(#11634,#11641),.PCURVE_S1.);
#11630 = LINE('',#11631,#11632);
#11631 = CARTESIAN_POINT('',(27.80435094476,49.,2.));
#11632 = VECTOR('',#11633,1.);
#11633 = DIRECTION('',(-0.,-1.,-0.));
#11634 = PCURVE('',#7989,#11635);
#11635 = DEFINITIONAL_REPRESENTATION('',(#11636),#11640);
#11636 = LINE('',#11637,#11638);
#11637 = CARTESIAN_POINT('',(46.80435094476,0.));
#11638 = VECTOR('',#11639,1.);
#11639 = DIRECTION('',(-0.,-1.));
#11640 = ( GEOMETRIC_REPRESENTATION_CONTEXT(2) 
PARAMETRIC_REPRESENTATION_CONTEXT() REPRESENTATION_CONTEXT('2D SPACE',''
  ) );
#11641 = PCURVE('',#8903,#11642);
#11642 = DEFINITIONAL_REPRESENTATION('',(#11643),#11647);
#11643 = LINE('',#11644,#11645);
#11644 = CARTESIAN_POINT('',(-1.553343034275,0.));
#11645 = VECTOR('',#11646,1.);
#11646 = DIRECTION('',(-0.,1.));
#11647 = ( GEOMETRIC_REPRESENTATION_CONTEXT(2) 
PARAMETRIC_REPRESENTATION_CONTEXT() REPRESENTATION_CONTEXT('2D SPACE',''
  ) );
#11648 = ORIENTED_EDGE('',*,*,#11649,.T.);
#11649 = EDGE_CURVE('',#11627,#11650,#11652,.T.);
#11650 = VERTEX_POINT('',#11651);
#11651 = CARTESIAN_POINT('',(22.8479504528,-45.58028718367,2.));
#11652 = SURFACE_CURVE('',#11653,(#11656,#11662),.PCURVE_S1.);
#11653 = B_SPLINE_CURVE_WITH_KNOTS('',1,(#11654,#11655),.UNSPECIFIED.,
  .F.,.F.,(2,2),(0.,1.),.PIECEWISE_BEZIER_KNOTS.);
#11654 = CARTESIAN_POINT('',(27.80435094476,-45.58028718367,2.));
#11655 = CARTESIAN_POINT('',(22.519712816325,-45.58028718367,2.));
#11656 = PCURVE('',#7989,#11657);
#11657 = DEFINITIONAL_REPRESENTATION('',(#11658),#11661);
#11658 = B_SPLINE_CURVE_WITH_KNOTS('',1,(#11659,#11660),.UNSPECIFIED.,
  .F.,.F.,(2,2),(0.,1.),.PIECEWISE_BEZIER_KNOTS.);
#11659 = CARTESIAN_POINT('',(46.80435094476,-94.58028718367));
#11660 = CARTESIAN_POINT('',(41.519712816325,-94.58028718367));
#11661 = ( GEOMETRIC_REPRESENTATION_CONTEXT(2) 
PARAMETRIC_REPRESENTATION_CONTEXT() REPRESENTATION_CONTEXT('2D SPACE',''
  ) );
#11662 = PCURVE('',#8935,#11663);
#11663 = DEFINITIONAL_REPRESENTATION('',(#11664),#11667);
#11664 = B_SPLINE_CURVE_WITH_KNOTS('',1,(#11665,#11666),.UNSPECIFIED.,
  .F.,.F.,(2,2),(0.,1.),.PIECEWISE_BEZIER_KNOTS.);
#11665 = CARTESIAN_POINT('',(1.855294462003,2.127659574468E-02));
#11666 = CARTESIAN_POINT('',(-3.432032557233,2.127659574468E-02));
#11667 = ( GEOMETRIC_REPRESENTATION_CONTEXT(2) 
PARAMETRIC_REPRESENTATION_CONTEXT() REPRESENTATION_CONTEXT('2D SPACE',''
  ) );
#11668 = ORIENTED_EDGE('',*,*,#11669,.F.);
#11669 = EDGE_CURVE('',#11670,#11650,#11672,.T.);
#11670 = VERTEX_POINT('',#11671);
#11671 = CARTESIAN_POINT('',(22.8479504528,-44.41971281632,2.));
#11672 = SURFACE_CURVE('',#11673,(#11678,#11685),.PCURVE_S1.);
#11673 = CIRCLE('',#11674,2.906467787047);
#11674 = AXIS2_PLACEMENT_3D('',#11675,#11676,#11677);
#11675 = CARTESIAN_POINT('',(20.,-45.,2.));
#11676 = DIRECTION('',(0.,0.,1.));
#11677 = DIRECTION('',(1.,0.,-0.));
#11678 = PCURVE('',#7989,#11679);
#11679 = DEFINITIONAL_REPRESENTATION('',(#11680),#11684);
#11680 = CIRCLE('',#11681,2.906467787047);
#11681 = AXIS2_PLACEMENT_2D('',#11682,#11683);
#11682 = CARTESIAN_POINT('',(39.,-94.));
#11683 = DIRECTION('',(1.,0.));
#11684 = ( GEOMETRIC_REPRESENTATION_CONTEXT(2) 
PARAMETRIC_REPRESENTATION_CONTEXT() REPRESENTATION_CONTEXT('2D SPACE',''
  ) );
#11685 = PCURVE('',#11686,#11691);
#11686 = CONICAL_SURFACE('',#11687,2.910831220943,8.726646259972E-03);
#11687 = AXIS2_PLACEMENT_3D('',#11688,#11689,#11690);
#11688 = CARTESIAN_POINT('',(20.,-45.,1.5));
#11689 = DIRECTION('',(0.,0.,-1.));
#11690 = DIRECTION('',(1.,0.,0.));
#11691 = DEFINITIONAL_REPRESENTATION('',(#11692),#11696);
#11692 = LINE('',#11693,#11694);
#11693 = CARTESIAN_POINT('',(-0.,-0.5));
#11694 = VECTOR('',#11695,1.);
#11695 = DIRECTION('',(-1.,-0.));
#11696 = ( GEOMETRIC_REPRESENTATION_CONTEXT(2) 
PARAMETRIC_REPRESENTATION_CONTEXT() REPRESENTATION_CONTEXT('2D SPACE',''
  ) );
#11697 = ORIENTED_EDGE('',*,*,#11698,.T.);
#11698 = EDGE_CURVE('',#11670,#11699,#11701,.T.);
#11699 = VERTEX_POINT('',#11700);
#11700 = CARTESIAN_POINT('',(27.80435094476,-44.41971281632,2.));
#11701 = SURFACE_CURVE('',#11702,(#11705,#11711),.PCURVE_S1.);
#11702 = B_SPLINE_CURVE_WITH_KNOTS('',1,(#11703,#11704),.UNSPECIFIED.,
  .F.,.F.,(2,2),(0.,1.),.PIECEWISE_BEZIER_KNOTS.);
#11703 = CARTESIAN_POINT('',(22.519712816325,-44.41971281632,2.));
#11704 = CARTESIAN_POINT('',(27.80435094476,-44.41971281632,2.));
#11705 = PCURVE('',#7989,#11706);
#11706 = DEFINITIONAL_REPRESENTATION('',(#11707),#11710);
#11707 = B_SPLINE_CURVE_WITH_KNOTS('',1,(#11708,#11709),.UNSPECIFIED.,
  .F.,.F.,(2,2),(0.,1.),.PIECEWISE_BEZIER_KNOTS.);
#11708 = CARTESIAN_POINT('',(41.519712816325,-93.41971281632));
#11709 = CARTESIAN_POINT('',(46.80435094476,-93.41971281632));
#11710 = ( GEOMETRIC_REPRESENTATION_CONTEXT(2) 
PARAMETRIC_REPRESENTATION_CONTEXT() REPRESENTATION_CONTEXT('2D SPACE',''
  ) );
#11711 = PCURVE('',#8995,#11712);
#11712 = DEFINITIONAL_REPRESENTATION('',(#11713),#11716);
#11713 = B_SPLINE_CURVE_WITH_KNOTS('',1,(#11714,#11715),.UNSPECIFIED.,
  .F.,.F.,(2,2),(0.,1.),.PIECEWISE_BEZIER_KNOTS.);
#11714 = CARTESIAN_POINT('',(3.432032557233,2.127659574468E-02));
#11715 = CARTESIAN_POINT('',(-1.855294462003,2.127659574468E-02));
#11716 = ( GEOMETRIC_REPRESENTATION_CONTEXT(2) 
PARAMETRIC_REPRESENTATION_CONTEXT() REPRESENTATION_CONTEXT('2D SPACE',''
  ) );
#11717 = ORIENTED_EDGE('',*,*,#11718,.F.);
#11718 = EDGE_CURVE('',#11719,#11699,#11721,.T.);
#11719 = VERTEX_POINT('',#11720);
#11720 = CARTESIAN_POINT('',(27.80435094476,-16.50108807453,2.));
#11721 = SURFACE_CURVE('',#11722,(#11726,#11733),.PCURVE_S1.);
#11722 = LINE('',#11723,#11724);
#11723 = CARTESIAN_POINT('',(27.80435094476,49.,2.));
#11724 = VECTOR('',#11725,1.);
#11725 = DIRECTION('',(-0.,-1.,-0.));
#11726 = PCURVE('',#7989,#11727);
#11727 = DEFINITIONAL_REPRESENTATION('',(#11728),#11732);
#11728 = LINE('',#11729,#11730);
#11729 = CARTESIAN_POINT('',(46.80435094476,0.));
#11730 = VECTOR('',#11731,1.);
#11731 = DIRECTION('',(-0.,-1.));
#11732 = ( GEOMETRIC_REPRESENTATION_CONTEXT(2) 
PARAMETRIC_REPRESENTATION_CONTEXT() REPRESENTATION_CONTEXT('2D SPACE',''
  ) );
#11733 = PCURVE('',#9025,#11734);
#11734 = DEFINITIONAL_REPRESENTATION('',(#11735),#11739);
#11735 = LINE('',#11736,#11737);
#11736 = CARTESIAN_POINT('',(-1.553343034275,0.));
#11737 = VECTOR('',#11738,1.);
#11738 = DIRECTION('',(-0.,1.));
#11739 = ( GEOMETRIC_REPRESENTATION_CONTEXT(2) 
PARAMETRIC_REPRESENTATION_CONTEXT() REPRESENTATION_CONTEXT('2D SPACE',''
  ) );
#11740 = ORIENTED_EDGE('',*,*,#11741,.T.);
#11741 = EDGE_CURVE('',#11719,#11742,#11744,.T.);
#11742 = VERTEX_POINT('',#11743);
#11743 = CARTESIAN_POINT('',(24.176755458747,-16.50108807453,2.));
#11744 = SURFACE_CURVE('',#11745,(#11748,#11754),.PCURVE_S1.);
#11745 = B_SPLINE_CURVE_WITH_KNOTS('',1,(#11746,#11747),.UNSPECIFIED.,
  .F.,.F.,(2,2),(0.,1.),.PIECEWISE_BEZIER_KNOTS.);
#11746 = CARTESIAN_POINT('',(27.80435094476,-16.50108807453,2.));
#11747 = CARTESIAN_POINT('',(23.898911925465,-16.50108807453,2.));
#11748 = PCURVE('',#7989,#11749);
#11749 = DEFINITIONAL_REPRESENTATION('',(#11750),#11753);
#11750 = B_SPLINE_CURVE_WITH_KNOTS('',1,(#11751,#11752),.UNSPECIFIED.,
  .F.,.F.,(2,2),(0.,1.),.PIECEWISE_BEZIER_KNOTS.);
#11751 = CARTESIAN_POINT('',(46.80435094476,-65.50108807453));
#11752 = CARTESIAN_POINT('',(42.898911925465,-65.50108807453));
#11753 = ( GEOMETRIC_REPRESENTATION_CONTEXT(2) 
PARAMETRIC_REPRESENTATION_CONTEXT() REPRESENTATION_CONTEXT('2D SPACE',''
  ) );
#11754 = PCURVE('',#9057,#11755);
#11755 = DEFINITIONAL_REPRESENTATION('',(#11756),#11759);
#11756 = B_SPLINE_CURVE_WITH_KNOTS('',1,(#11757,#11758),.UNSPECIFIED.,
  .F.,.F.,(2,2),(0.,1.),.PIECEWISE_BEZIER_KNOTS.);
#11757 = CARTESIAN_POINT('',(1.175101444572,2.777777777778E-02));
#11758 = CARTESIAN_POINT('',(-2.732833448093,2.777777777778E-02));
#11759 = ( GEOMETRIC_REPRESENTATION_CONTEXT(2) 
PARAMETRIC_REPRESENTATION_CONTEXT() REPRESENTATION_CONTEXT('2D SPACE',''
  ) );
#11760 = ORIENTED_EDGE('',*,*,#11761,.F.);
#11761 = EDGE_CURVE('',#11762,#11742,#11764,.T.);
#11762 = VERTEX_POINT('',#11763);
#11763 = CARTESIAN_POINT('',(24.176755458747,-15.37891192546,2.));
#11764 = SURFACE_CURVE('',#11765,(#11770,#11777),.PCURVE_S1.);
#11765 = CIRCLE('',#11766,2.578541810117);
#11766 = AXIS2_PLACEMENT_3D('',#11767,#11768,#11769);
#11767 = CARTESIAN_POINT('',(21.66,-15.94,2.));
#11768 = DIRECTION('',(0.,0.,1.));
#11769 = DIRECTION('',(1.,0.,-0.));
#11770 = PCURVE('',#7989,#11771);
#11771 = DEFINITIONAL_REPRESENTATION('',(#11772),#11776);
#11772 = CIRCLE('',#11773,2.578541810117);
#11773 = AXIS2_PLACEMENT_2D('',#11774,#11775);
#11774 = CARTESIAN_POINT('',(40.66,-64.94));
#11775 = DIRECTION('',(1.,0.));
#11776 = ( GEOMETRIC_REPRESENTATION_CONTEXT(2) 
PARAMETRIC_REPRESENTATION_CONTEXT() REPRESENTATION_CONTEXT('2D SPACE',''
  ) );
#11777 = PCURVE('',#11778,#11783);
#11778 = CONICAL_SURFACE('',#11779,2.582905244012,8.726646259972E-03);
#11779 = AXIS2_PLACEMENT_3D('',#11780,#11781,#11782);
#11780 = CARTESIAN_POINT('',(21.66,-15.94,1.5));
#11781 = DIRECTION('',(0.,0.,-1.));
#11782 = DIRECTION('',(1.,0.,0.));
#11783 = DEFINITIONAL_REPRESENTATION('',(#11784),#11788);
#11784 = LINE('',#11785,#11786);
#11785 = CARTESIAN_POINT('',(-0.,-0.5));
#11786 = VECTOR('',#11787,1.);
#11787 = DIRECTION('',(-1.,-0.));
#11788 = ( GEOMETRIC_REPRESENTATION_CONTEXT(2) 
PARAMETRIC_REPRESENTATION_CONTEXT() REPRESENTATION_CONTEXT('2D SPACE',''
  ) );
#11789 = ORIENTED_EDGE('',*,*,#11790,.T.);
#11790 = EDGE_CURVE('',#11762,#11791,#11793,.T.);
#11791 = VERTEX_POINT('',#11792);
#11792 = CARTESIAN_POINT('',(27.80435094476,-15.37891192546,2.));
#11793 = SURFACE_CURVE('',#11794,(#11797,#11803),.PCURVE_S1.);
#11794 = B_SPLINE_CURVE_WITH_KNOTS('',1,(#11795,#11796),.UNSPECIFIED.,
  .F.,.F.,(2,2),(0.,1.),.PIECEWISE_BEZIER_KNOTS.);
#11795 = CARTESIAN_POINT('',(23.898911925465,-15.37891192546,2.));
#11796 = CARTESIAN_POINT('',(27.80435094476,-15.37891192546,2.));
#11797 = PCURVE('',#7989,#11798);
#11798 = DEFINITIONAL_REPRESENTATION('',(#11799),#11802);
#11799 = B_SPLINE_CURVE_WITH_KNOTS('',1,(#11800,#11801),.UNSPECIFIED.,
  .F.,.F.,(2,2),(0.,1.),.PIECEWISE_BEZIER_KNOTS.);
#11800 = CARTESIAN_POINT('',(42.898911925465,-64.37891192546));
#11801 = CARTESIAN_POINT('',(46.80435094476,-64.37891192546));
#11802 = ( GEOMETRIC_REPRESENTATION_CONTEXT(2) 
PARAMETRIC_REPRESENTATION_CONTEXT() REPRESENTATION_CONTEXT('2D SPACE',''
  ) );
#11803 = PCURVE('',#9117,#11804);
#11804 = DEFINITIONAL_REPRESENTATION('',(#11805),#11808);
#11805 = B_SPLINE_CURVE_WITH_KNOTS('',1,(#11806,#11807),.UNSPECIFIED.,
  .F.,.F.,(2,2),(0.,1.),.PIECEWISE_BEZIER_KNOTS.);
#11806 = CARTESIAN_POINT('',(2.732833448093,2.777777777778E-02));
#11807 = CARTESIAN_POINT('',(-1.175101444572,2.777777777778E-02));
#11808 = ( GEOMETRIC_REPRESENTATION_CONTEXT(2) 
PARAMETRIC_REPRESENTATION_CONTEXT() REPRESENTATION_CONTEXT('2D SPACE',''
  ) );
#11809 = ORIENTED_EDGE('',*,*,#11810,.F.);
#11810 = EDGE_CURVE('',#11811,#11791,#11813,.T.);
#11811 = VERTEX_POINT('',#11812);
#11812 = CARTESIAN_POINT('',(27.80435094476,-3.572740919256,2.));
#11813 = SURFACE_CURVE('',#11814,(#11818,#11825),.PCURVE_S1.);
#11814 = LINE('',#11815,#11816);
#11815 = CARTESIAN_POINT('',(27.80435094476,49.,2.));
#11816 = VECTOR('',#11817,1.);
#11817 = DIRECTION('',(-0.,-1.,-0.));
#11818 = PCURVE('',#7989,#11819);
#11819 = DEFINITIONAL_REPRESENTATION('',(#11820),#11824);
#11820 = LINE('',#11821,#11822);
#11821 = CARTESIAN_POINT('',(46.80435094476,0.));
#11822 = VECTOR('',#11823,1.);
#11823 = DIRECTION('',(-0.,-1.));
#11824 = ( GEOMETRIC_REPRESENTATION_CONTEXT(2) 
PARAMETRIC_REPRESENTATION_CONTEXT() REPRESENTATION_CONTEXT('2D SPACE',''
  ) );
#11825 = PCURVE('',#9147,#11826);
#11826 = DEFINITIONAL_REPRESENTATION('',(#11827),#11831);
#11827 = LINE('',#11828,#11829);
#11828 = CARTESIAN_POINT('',(-1.553343034275,0.));
#11829 = VECTOR('',#11830,1.);
#11830 = DIRECTION('',(-0.,1.));
#11831 = ( GEOMETRIC_REPRESENTATION_CONTEXT(2) 
PARAMETRIC_REPRESENTATION_CONTEXT() REPRESENTATION_CONTEXT('2D SPACE',''
  ) );
#11832 = ORIENTED_EDGE('',*,*,#11833,.T.);
#11833 = EDGE_CURVE('',#11811,#11834,#11836,.T.);
#11834 = VERTEX_POINT('',#11835);
#11835 = CARTESIAN_POINT('',(24.922259080744,-3.572740919256,2.));
#11836 = SURFACE_CURVE('',#11837,(#11840,#11846),.PCURVE_S1.);
#11837 = B_SPLINE_CURVE_WITH_KNOTS('',1,(#11838,#11839),.UNSPECIFIED.,
  .F.,.F.,(2,2),(0.,1.),.PIECEWISE_BEZIER_KNOTS.);
#11838 = CARTESIAN_POINT('',(27.80435094476,-3.572740919256,2.));
#11839 = CARTESIAN_POINT('',(24.922259080744,-3.572740919256,2.));
#11840 = PCURVE('',#7989,#11841);
#11841 = DEFINITIONAL_REPRESENTATION('',(#11842),#11845);
#11842 = B_SPLINE_CURVE_WITH_KNOTS('',1,(#11843,#11844),.UNSPECIFIED.,
  .F.,.F.,(2,2),(0.,1.),.PIECEWISE_BEZIER_KNOTS.);
#11843 = CARTESIAN_POINT('',(46.80435094476,-52.57274091925));
#11844 = CARTESIAN_POINT('',(43.922259080744,-52.57274091925));
#11845 = ( GEOMETRIC_REPRESENTATION_CONTEXT(2) 
PARAMETRIC_REPRESENTATION_CONTEXT() REPRESENTATION_CONTEXT('2D SPACE',''
  ) );
#11846 = PCURVE('',#9179,#11847);
#11847 = DEFINITIONAL_REPRESENTATION('',(#11848),#11851);
#11848 = B_SPLINE_CURVE_WITH_KNOTS('',1,(#11849,#11850),.UNSPECIFIED.,
  .F.,.F.,(2,2),(0.,1.),.PIECEWISE_BEZIER_KNOTS.);
#11849 = CARTESIAN_POINT('',(0.644853519965,1.754385964912E-02));
#11850 = CARTESIAN_POINT('',(-2.239486292815,1.754385964912E-02));
#11851 = ( GEOMETRIC_REPRESENTATION_CONTEXT(2) 
PARAMETRIC_REPRESENTATION_CONTEXT() REPRESENTATION_CONTEXT('2D SPACE',''
  ) );
#11852 = ORIENTED_EDGE('',*,*,#11853,.T.);
#11853 = EDGE_CURVE('',#11834,#11854,#11856,.T.);
#11854 = VERTEX_POINT('',#11855);
#11855 = CARTESIAN_POINT('',(24.922259080744,-2.177259080744,2.));
#11856 = SURFACE_CURVE('',#11857,(#11860,#11866),.PCURVE_S1.);
#11857 = B_SPLINE_CURVE_WITH_KNOTS('',1,(#11858,#11859),.UNSPECIFIED.,
  .F.,.F.,(2,2),(0.,1.),.PIECEWISE_BEZIER_KNOTS.);
#11858 = CARTESIAN_POINT('',(24.922259080744,-3.572740919256,2.));
#11859 = CARTESIAN_POINT('',(24.922259080744,-2.177259080744,2.));
#11860 = PCURVE('',#7989,#11861);
#11861 = DEFINITIONAL_REPRESENTATION('',(#11862),#11865);
#11862 = B_SPLINE_CURVE_WITH_KNOTS('',1,(#11863,#11864),.UNSPECIFIED.,
  .F.,.F.,(2,2),(0.,1.),.PIECEWISE_BEZIER_KNOTS.);
#11863 = CARTESIAN_POINT('',(43.922259080744,-52.57274091925));
#11864 = CARTESIAN_POINT('',(43.922259080744,-51.17725908074));
#11865 = ( GEOMETRIC_REPRESENTATION_CONTEXT(2) 
PARAMETRIC_REPRESENTATION_CONTEXT() REPRESENTATION_CONTEXT('2D SPACE',''
  ) );
#11866 = PCURVE('',#11867,#11872);
#11867 = B_SPLINE_SURFACE_WITH_KNOTS('',1,1,(
    (#11868,#11869)
    ,(#11870,#11871
    )),.UNSPECIFIED.,.F.,.F.,.F.,(2,2),(2,2),(-0.699486292815,
    0.699486292815),(0.,1.),.PIECEWISE_BEZIER_KNOTS.);
#11868 = CARTESIAN_POINT('',(24.920513707185,-2.175513707185,1.8));
#11869 = CARTESIAN_POINT('',(25.02,-2.275,13.2));
#11870 = CARTESIAN_POINT('',(24.920513707185,-3.574486292815,1.8));
#11871 = CARTESIAN_POINT('',(25.02,-3.475,13.2));
#11872 = DEFINITIONAL_REPRESENTATION('',(#11873),#11876);
#11873 = B_SPLINE_CURVE_WITH_KNOTS('',1,(#11874,#11875),.UNSPECIFIED.,
  .F.,.F.,(2,2),(0.,1.),.PIECEWISE_BEZIER_KNOTS.);
#11874 = CARTESIAN_POINT('',(0.699486292815,1.754385964912E-02));
#11875 = CARTESIAN_POINT('',(-0.699486292815,1.754385964912E-02));
#11876 = ( GEOMETRIC_REPRESENTATION_CONTEXT(2) 
PARAMETRIC_REPRESENTATION_CONTEXT() REPRESENTATION_CONTEXT('2D SPACE',''
  ) );
#11877 = ORIENTED_EDGE('',*,*,#11878,.T.);
#11878 = EDGE_CURVE('',#11854,#11879,#11881,.T.);
#11879 = VERTEX_POINT('',#11880);
#11880 = CARTESIAN_POINT('',(27.80435094476,-2.177259080744,2.));
#11881 = SURFACE_CURVE('',#11882,(#11885,#11891),.PCURVE_S1.);
#11882 = B_SPLINE_CURVE_WITH_KNOTS('',1,(#11883,#11884),.UNSPECIFIED.,
  .F.,.F.,(2,2),(0.,1.),.PIECEWISE_BEZIER_KNOTS.);
#11883 = CARTESIAN_POINT('',(24.922259080744,-2.177259080744,2.));
#11884 = CARTESIAN_POINT('',(27.80435094476,-2.177259080744,2.));
#11885 = PCURVE('',#7989,#11886);
#11886 = DEFINITIONAL_REPRESENTATION('',(#11887),#11890);
#11887 = B_SPLINE_CURVE_WITH_KNOTS('',1,(#11888,#11889),.UNSPECIFIED.,
  .F.,.F.,(2,2),(0.,1.),.PIECEWISE_BEZIER_KNOTS.);
#11888 = CARTESIAN_POINT('',(43.922259080744,-51.17725908074));
#11889 = CARTESIAN_POINT('',(46.80435094476,-51.17725908074));
#11890 = ( GEOMETRIC_REPRESENTATION_CONTEXT(2) 
PARAMETRIC_REPRESENTATION_CONTEXT() REPRESENTATION_CONTEXT('2D SPACE',''
  ) );
#11891 = PCURVE('',#9239,#11892);
#11892 = DEFINITIONAL_REPRESENTATION('',(#11893),#11896);
#11893 = B_SPLINE_CURVE_WITH_KNOTS('',1,(#11894,#11895),.UNSPECIFIED.,
  .F.,.F.,(2,2),(0.,1.),.PIECEWISE_BEZIER_KNOTS.);
#11894 = CARTESIAN_POINT('',(2.239486292815,1.754385964912E-02));
#11895 = CARTESIAN_POINT('',(-0.644853519965,1.754385964912E-02));
#11896 = ( GEOMETRIC_REPRESENTATION_CONTEXT(2) 
PARAMETRIC_REPRESENTATION_CONTEXT() REPRESENTATION_CONTEXT('2D SPACE',''
  ) );
#11897 = ORIENTED_EDGE('',*,*,#11898,.F.);
#11898 = EDGE_CURVE('',#11899,#11879,#11901,.T.);
#11899 = VERTEX_POINT('',#11900);
#11900 = CARTESIAN_POINT('',(27.80435094476,40.427259080743,2.));
#11901 = SURFACE_CURVE('',#11902,(#11906,#11913),.PCURVE_S1.);
#11902 = LINE('',#11903,#11904);
#11903 = CARTESIAN_POINT('',(27.80435094476,49.,2.));
#11904 = VECTOR('',#11905,1.);
#11905 = DIRECTION('',(-0.,-1.,-0.));
#11906 = PCURVE('',#7989,#11907);
#11907 = DEFINITIONAL_REPRESENTATION('',(#11908),#11912);
#11908 = LINE('',#11909,#11910);
#11909 = CARTESIAN_POINT('',(46.80435094476,0.));
#11910 = VECTOR('',#11911,1.);
#11911 = DIRECTION('',(-0.,-1.));
#11912 = ( GEOMETRIC_REPRESENTATION_CONTEXT(2) 
PARAMETRIC_REPRESENTATION_CONTEXT() REPRESENTATION_CONTEXT('2D SPACE',''
  ) );
#11913 = PCURVE('',#9269,#11914);
#11914 = DEFINITIONAL_REPRESENTATION('',(#11915),#11919);
#11915 = LINE('',#11916,#11917);
#11916 = CARTESIAN_POINT('',(-1.553343034275,0.));
#11917 = VECTOR('',#11918,1.);
#11918 = DIRECTION('',(-0.,1.));
#11919 = ( GEOMETRIC_REPRESENTATION_CONTEXT(2) 
PARAMETRIC_REPRESENTATION_CONTEXT() REPRESENTATION_CONTEXT('2D SPACE',''
  ) );
#11920 = ORIENTED_EDGE('',*,*,#11921,.T.);
#11921 = EDGE_CURVE('',#11899,#11922,#11924,.T.);
#11922 = VERTEX_POINT('',#11923);
#11923 = CARTESIAN_POINT('',(24.922259080744,40.427259080743,2.));
#11924 = SURFACE_CURVE('',#11925,(#11928,#11934),.PCURVE_S1.);
#11925 = B_SPLINE_CURVE_WITH_KNOTS('',1,(#11926,#11927),.UNSPECIFIED.,
  .F.,.F.,(2,2),(0.,1.),.PIECEWISE_BEZIER_KNOTS.);
#11926 = CARTESIAN_POINT('',(27.80435094476,40.427259080743,2.));
#11927 = CARTESIAN_POINT('',(24.922259080744,40.427259080743,2.));
#11928 = PCURVE('',#7989,#11929);
#11929 = DEFINITIONAL_REPRESENTATION('',(#11930),#11933);
#11930 = B_SPLINE_CURVE_WITH_KNOTS('',1,(#11931,#11932),.UNSPECIFIED.,
  .F.,.F.,(2,2),(0.,1.),.PIECEWISE_BEZIER_KNOTS.);
#11931 = CARTESIAN_POINT('',(46.80435094476,-8.572740919257));
#11932 = CARTESIAN_POINT('',(43.922259080744,-8.572740919257));
#11933 = ( GEOMETRIC_REPRESENTATION_CONTEXT(2) 
PARAMETRIC_REPRESENTATION_CONTEXT() REPRESENTATION_CONTEXT('2D SPACE',''
  ) );
#11934 = PCURVE('',#9301,#11935);
#11935 = DEFINITIONAL_REPRESENTATION('',(#11936),#11939);
#11936 = B_SPLINE_CURVE_WITH_KNOTS('',1,(#11937,#11938),.UNSPECIFIED.,
  .F.,.F.,(2,2),(0.,1.),.PIECEWISE_BEZIER_KNOTS.);
#11937 = CARTESIAN_POINT('',(0.644853519965,1.754385964912E-02));
#11938 = CARTESIAN_POINT('',(-2.239486292815,1.754385964912E-02));
#11939 = ( GEOMETRIC_REPRESENTATION_CONTEXT(2) 
PARAMETRIC_REPRESENTATION_CONTEXT() REPRESENTATION_CONTEXT('2D SPACE',''
  ) );
#11940 = ORIENTED_EDGE('',*,*,#11941,.T.);
#11941 = EDGE_CURVE('',#11922,#11942,#11944,.T.);
#11942 = VERTEX_POINT('',#11943);
#11943 = CARTESIAN_POINT('',(24.922259080744,41.822740919256,2.));
#11944 = SURFACE_CURVE('',#11945,(#11948,#11954),.PCURVE_S1.);
#11945 = B_SPLINE_CURVE_WITH_KNOTS('',1,(#11946,#11947),.UNSPECIFIED.,
  .F.,.F.,(2,2),(0.,1.),.PIECEWISE_BEZIER_KNOTS.);
#11946 = CARTESIAN_POINT('',(24.922259080744,40.427259080743,2.));
#11947 = CARTESIAN_POINT('',(24.922259080744,41.822740919257,2.));
#11948 = PCURVE('',#7989,#11949);
#11949 = DEFINITIONAL_REPRESENTATION('',(#11950),#11953);
#11950 = B_SPLINE_CURVE_WITH_KNOTS('',1,(#11951,#11952),.UNSPECIFIED.,
  .F.,.F.,(2,2),(0.,1.),.PIECEWISE_BEZIER_KNOTS.);
#11951 = CARTESIAN_POINT('',(43.922259080744,-8.572740919257));
#11952 = CARTESIAN_POINT('',(43.922259080744,-7.177259080743));
#11953 = ( GEOMETRIC_REPRESENTATION_CONTEXT(2) 
PARAMETRIC_REPRESENTATION_CONTEXT() REPRESENTATION_CONTEXT('2D SPACE',''
  ) );
#11954 = PCURVE('',#11955,#11960);
#11955 = B_SPLINE_SURFACE_WITH_KNOTS('',1,1,(
    (#11956,#11957)
    ,(#11958,#11959
    )),.UNSPECIFIED.,.F.,.F.,.F.,(2,2),(2,2),(-0.699486292815,
    0.699486292815),(0.,1.),.PIECEWISE_BEZIER_KNOTS.);
#11956 = CARTESIAN_POINT('',(24.920513707185,41.824486292815,1.8));
#11957 = CARTESIAN_POINT('',(25.02,41.725,13.2));
#11958 = CARTESIAN_POINT('',(24.920513707185,40.425513707185,1.8));
#11959 = CARTESIAN_POINT('',(25.02,40.525,13.2));
#11960 = DEFINITIONAL_REPRESENTATION('',(#11961),#11964);
#11961 = B_SPLINE_CURVE_WITH_KNOTS('',1,(#11962,#11963),.UNSPECIFIED.,
  .F.,.F.,(2,2),(0.,1.),.PIECEWISE_BEZIER_KNOTS.);
#11962 = CARTESIAN_POINT('',(0.699486292815,1.754385964912E-02));
#11963 = CARTESIAN_POINT('',(-0.699486292815,1.754385964912E-02));
#11964 = ( GEOMETRIC_REPRESENTATION_CONTEXT(2) 
PARAMETRIC_REPRESENTATION_CONTEXT() REPRESENTATION_CONTEXT('2D SPACE',''
  ) );
#11965 = ORIENTED_EDGE('',*,*,#11966,.T.);
#11966 = EDGE_CURVE('',#11942,#11967,#11969,.T.);
#11967 = VERTEX_POINT('',#11968);
#11968 = CARTESIAN_POINT('',(27.80435094476,41.822740919257,2.));
#11969 = SURFACE_CURVE('',#11970,(#11973,#11979),.PCURVE_S1.);
#11970 = B_SPLINE_CURVE_WITH_KNOTS('',1,(#11971,#11972),.UNSPECIFIED.,
  .F.,.F.,(2,2),(0.,1.),.PIECEWISE_BEZIER_KNOTS.);
#11971 = CARTESIAN_POINT('',(24.922259080744,41.822740919257,2.));
#11972 = CARTESIAN_POINT('',(27.80435094476,41.822740919257,2.));
#11973 = PCURVE('',#7989,#11974);
#11974 = DEFINITIONAL_REPRESENTATION('',(#11975),#11978);
#11975 = B_SPLINE_CURVE_WITH_KNOTS('',1,(#11976,#11977),.UNSPECIFIED.,
  .F.,.F.,(2,2),(0.,1.),.PIECEWISE_BEZIER_KNOTS.);
#11976 = CARTESIAN_POINT('',(43.922259080744,-7.177259080743));
#11977 = CARTESIAN_POINT('',(46.80435094476,-7.177259080743));
#11978 = ( GEOMETRIC_REPRESENTATION_CONTEXT(2) 
PARAMETRIC_REPRESENTATION_CONTEXT() REPRESENTATION_CONTEXT('2D SPACE',''
  ) );
#11979 = PCURVE('',#9359,#11980);
#11980 = DEFINITIONAL_REPRESENTATION('',(#11981),#11984);
#11981 = B_SPLINE_CURVE_WITH_KNOTS('',1,(#11982,#11983),.UNSPECIFIED.,
  .F.,.F.,(2,2),(0.,1.),.PIECEWISE_BEZIER_KNOTS.);
#11982 = CARTESIAN_POINT('',(2.239486292815,1.754385964912E-02));
#11983 = CARTESIAN_POINT('',(-0.644853519965,1.754385964912E-02));
#11984 = ( GEOMETRIC_REPRESENTATION_CONTEXT(2) 
PARAMETRIC_REPRESENTATION_CONTEXT() REPRESENTATION_CONTEXT('2D SPACE',''
  ) );
#11985 = ORIENTED_EDGE('',*,*,#11986,.F.);
#11986 = EDGE_CURVE('',#11987,#11967,#11989,.T.);
#11987 = VERTEX_POINT('',#11988);
#11988 = CARTESIAN_POINT('',(27.80435094476,49.,2.));
#11989 = SURFACE_CURVE('',#11990,(#11994,#12001),.PCURVE_S1.);
#11990 = LINE('',#11991,#11992);
#11991 = CARTESIAN_POINT('',(27.80435094476,49.,2.));
#11992 = VECTOR('',#11993,1.);
#11993 = DIRECTION('',(-0.,-1.,-0.));
#11994 = PCURVE('',#7989,#11995);
#11995 = DEFINITIONAL_REPRESENTATION('',(#11996),#12000);
#11996 = LINE('',#11997,#11998);
#11997 = CARTESIAN_POINT('',(46.80435094476,0.));
#11998 = VECTOR('',#11999,1.);
#11999 = DIRECTION('',(-0.,-1.));
#12000 = ( GEOMETRIC_REPRESENTATION_CONTEXT(2) 
PARAMETRIC_REPRESENTATION_CONTEXT() REPRESENTATION_CONTEXT('2D SPACE',''
  ) );
#12001 = PCURVE('',#8872,#12002);
#12002 = DEFINITIONAL_REPRESENTATION('',(#12003),#12007);
#12003 = LINE('',#12004,#12005);
#12004 = CARTESIAN_POINT('',(-1.553343034275,0.));
#12005 = VECTOR('',#12006,1.);
#12006 = DIRECTION('',(-0.,1.));
#12007 = ( GEOMETRIC_REPRESENTATION_CONTEXT(2) 
PARAMETRIC_REPRESENTATION_CONTEXT() REPRESENTATION_CONTEXT('2D SPACE',''
  ) );
#12008 = ORIENTED_EDGE('',*,*,#12009,.F.);
#12009 = EDGE_CURVE('',#8583,#11987,#12010,.T.);
#12010 = SURFACE_CURVE('',#12011,(#12016,#12027),.PCURVE_S1.);
#12011 = CIRCLE('',#12012,8.80435094476);
#12012 = AXIS2_PLACEMENT_3D('',#12013,#12014,#12015);
#12013 = CARTESIAN_POINT('',(19.,49.,2.));
#12014 = DIRECTION('',(0.,-0.,-1.));
#12015 = DIRECTION('',(0.,1.,-0.));
#12016 = PCURVE('',#7989,#12017);
#12017 = DEFINITIONAL_REPRESENTATION('',(#12018),#12026);
#12018 = ( BOUNDED_CURVE() B_SPLINE_CURVE(2,(#12019,#12020,#12021,#12022
    ,#12023,#12024,#12025),.UNSPECIFIED.,.T.,.F.) 
B_SPLINE_CURVE_WITH_KNOTS((1,2,2,2,2,1),(-2.094395102393,0.,
    2.094395102393,4.188790204786,6.28318530718,8.377580409573),
.UNSPECIFIED.) CURVE() GEOMETRIC_REPRESENTATION_ITEM() 
RATIONAL_B_SPLINE_CURVE((1.,0.5,1.,0.5,1.,0.5,1.)) REPRESENTATION_ITEM(
  '') );
#12019 = CARTESIAN_POINT('',(38.,8.80435094476));
#12020 = CARTESIAN_POINT('',(53.249583163991,8.80435094476));
#12021 = CARTESIAN_POINT('',(45.624791581996,-4.40217547238));
#12022 = CARTESIAN_POINT('',(38.,-17.60870188952));
#12023 = CARTESIAN_POINT('',(30.375208418004,-4.40217547238));
#12024 = CARTESIAN_POINT('',(22.750416836009,8.80435094476));
#12025 = CARTESIAN_POINT('',(38.,8.80435094476));
#12026 = ( GEOMETRIC_REPRESENTATION_CONTEXT(2) 
PARAMETRIC_REPRESENTATION_CONTEXT() REPRESENTATION_CONTEXT('2D SPACE',''
  ) );
#12027 = PCURVE('',#8619,#12028);
#12028 = DEFINITIONAL_REPRESENTATION('',(#12029),#12033);
#12029 = LINE('',#12030,#12031);
#12030 = CARTESIAN_POINT('',(0.,1.570796326795));
#12031 = VECTOR('',#12032,1.);
#12032 = DIRECTION('',(1.,0.));
#12033 = ( GEOMETRIC_REPRESENTATION_CONTEXT(2) 
PARAMETRIC_REPRESENTATION_CONTEXT() REPRESENTATION_CONTEXT('2D SPACE',''
  ) );
#12034 = ORIENTED_EDGE('',*,*,#8582,.F.);
#12035 = ORIENTED_EDGE('',*,*,#8501,.T.);
#12036 = ORIENTED_EDGE('',*,*,#12037,.T.);
#12037 = EDGE_CURVE('',#8480,#8361,#12038,.T.);
#12038 = SURFACE_CURVE('',#12039,(#12042,#12048),.PCURVE_S1.);
#12039 = B_SPLINE_CURVE_WITH_KNOTS('',1,(#12040,#12041),.UNSPECIFIED.,
  .F.,.F.,(2,2),(0.,1.),.PIECEWISE_BEZIER_KNOTS.);
#12040 = CARTESIAN_POINT('',(12.697740919256,57.452259080744,2.));
#12041 = CARTESIAN_POINT('',(11.302259080744,57.452259080744,2.));
#12042 = PCURVE('',#7989,#12043);
#12043 = DEFINITIONAL_REPRESENTATION('',(#12044),#12047);
#12044 = B_SPLINE_CURVE_WITH_KNOTS('',1,(#12045,#12046),.UNSPECIFIED.,
  .F.,.F.,(2,2),(0.,1.),.PIECEWISE_BEZIER_KNOTS.);
#12045 = CARTESIAN_POINT('',(31.697740919256,8.452259080744));
#12046 = CARTESIAN_POINT('',(30.302259080744,8.452259080744));
#12047 = ( GEOMETRIC_REPRESENTATION_CONTEXT(2) 
PARAMETRIC_REPRESENTATION_CONTEXT() REPRESENTATION_CONTEXT('2D SPACE',''
  ) );
#12048 = PCURVE('',#8395,#12049);
#12049 = DEFINITIONAL_REPRESENTATION('',(#12050),#12053);
#12050 = B_SPLINE_CURVE_WITH_KNOTS('',1,(#12051,#12052),.UNSPECIFIED.,
  .F.,.F.,(2,2),(0.,1.),.PIECEWISE_BEZIER_KNOTS.);
#12051 = CARTESIAN_POINT('',(0.699486292815,1.754385964912E-02));
#12052 = CARTESIAN_POINT('',(-0.699486292815,1.754385964912E-02));
#12053 = ( GEOMETRIC_REPRESENTATION_CONTEXT(2) 
PARAMETRIC_REPRESENTATION_CONTEXT() REPRESENTATION_CONTEXT('2D SPACE',''
  ) );
#12054 = ORIENTED_EDGE('',*,*,#8360,.T.);
#12055 = ORIENTED_EDGE('',*,*,#8280,.F.);
#12056 = ORIENTED_EDGE('',*,*,#8199,.T.);
#12057 = ORIENTED_EDGE('',*,*,#12058,.T.);
#12058 = EDGE_CURVE('',#8178,#8059,#12059,.T.);
#12059 = SURFACE_CURVE('',#12060,(#12063,#12069),.PCURVE_S1.);
#12060 = B_SPLINE_CURVE_WITH_KNOTS('',1,(#12061,#12062),.UNSPECIFIED.,
  .F.,.F.,(2,2),(0.,1.),.PIECEWISE_BEZIER_KNOTS.);
#12061 = CARTESIAN_POINT('',(-11.30225908074,57.452259080744,2.));
#12062 = CARTESIAN_POINT('',(-12.69774091925,57.452259080744,2.));
#12063 = PCURVE('',#7989,#12064);
#12064 = DEFINITIONAL_REPRESENTATION('',(#12065),#12068);
#12065 = B_SPLINE_CURVE_WITH_KNOTS('',1,(#12066,#12067),.UNSPECIFIED.,
  .F.,.F.,(2,2),(0.,1.),.PIECEWISE_BEZIER_KNOTS.);
#12066 = CARTESIAN_POINT('',(7.697740919256,8.452259080744));
#12067 = CARTESIAN_POINT('',(6.302259080744,8.452259080744));
#12068 = ( GEOMETRIC_REPRESENTATION_CONTEXT(2) 
PARAMETRIC_REPRESENTATION_CONTEXT() REPRESENTATION_CONTEXT('2D SPACE',''
  ) );
#12069 = PCURVE('',#8093,#12070);
#12070 = DEFINITIONAL_REPRESENTATION('',(#12071),#12074);
#12071 = B_SPLINE_CURVE_WITH_KNOTS('',1,(#12072,#12073),.UNSPECIFIED.,
  .F.,.F.,(2,2),(0.,1.),.PIECEWISE_BEZIER_KNOTS.);
#12072 = CARTESIAN_POINT('',(0.699486292815,1.754385964912E-02));
#12073 = CARTESIAN_POINT('',(-0.699486292815,1.754385964912E-02));
#12074 = ( GEOMETRIC_REPRESENTATION_CONTEXT(2) 
PARAMETRIC_REPRESENTATION_CONTEXT() REPRESENTATION_CONTEXT('2D SPACE',''
  ) );
#12075 = ORIENTED_EDGE('',*,*,#8058,.T.);
#12076 = ORIENTED_EDGE('',*,*,#7973,.F.);
#12077 = ORIENTED_EDGE('',*,*,#10005,.F.);
#12078 = ORIENTED_EDGE('',*,*,#11538,.F.);
#12079 = ORIENTED_EDGE('',*,*,#11457,.T.);
#12080 = ORIENTED_EDGE('',*,*,#12081,.T.);
#12081 = EDGE_CURVE('',#11436,#11317,#12082,.T.);
#12082 = SURFACE_CURVE('',#12083,(#12086,#12092),.PCURVE_S1.);
#12083 = B_SPLINE_CURVE_WITH_KNOTS('',1,(#12084,#12085),.UNSPECIFIED.,
  .F.,.F.,(2,2),(0.,1.),.PIECEWISE_BEZIER_KNOTS.);
#12084 = CARTESIAN_POINT('',(-24.92225908074,41.822740919257,2.));
#12085 = CARTESIAN_POINT('',(-24.92225908074,40.427259080743,2.));
#12086 = PCURVE('',#7989,#12087);
#12087 = DEFINITIONAL_REPRESENTATION('',(#12088),#12091);
#12088 = B_SPLINE_CURVE_WITH_KNOTS('',1,(#12089,#12090),.UNSPECIFIED.,
  .F.,.F.,(2,2),(0.,1.),.PIECEWISE_BEZIER_KNOTS.);
#12089 = CARTESIAN_POINT('',(-5.922259080744,-7.177259080743));
#12090 = CARTESIAN_POINT('',(-5.922259080744,-8.572740919257));
#12091 = ( GEOMETRIC_REPRESENTATION_CONTEXT(2) 
PARAMETRIC_REPRESENTATION_CONTEXT() REPRESENTATION_CONTEXT('2D SPACE',''
  ) );
#12092 = PCURVE('',#11351,#12093);
#12093 = DEFINITIONAL_REPRESENTATION('',(#12094),#12097);
#12094 = B_SPLINE_CURVE_WITH_KNOTS('',1,(#12095,#12096),.UNSPECIFIED.,
  .F.,.F.,(2,2),(0.,1.),.PIECEWISE_BEZIER_KNOTS.);
#12095 = CARTESIAN_POINT('',(0.699486292815,1.754385964912E-02));
#12096 = CARTESIAN_POINT('',(-0.699486292815,1.754385964912E-02));
#12097 = ( GEOMETRIC_REPRESENTATION_CONTEXT(2) 
PARAMETRIC_REPRESENTATION_CONTEXT() REPRESENTATION_CONTEXT('2D SPACE',''
  ) );
#12098 = ORIENTED_EDGE('',*,*,#11316,.T.);
#12099 = ORIENTED_EDGE('',*,*,#11164,.F.);
#12100 = ORIENTED_EDGE('',*,*,#11083,.T.);
#12101 = ORIENTED_EDGE('',*,*,#12102,.T.);
#12102 = EDGE_CURVE('',#11062,#10943,#12103,.T.);
#12103 = SURFACE_CURVE('',#12104,(#12107,#12113),.PCURVE_S1.);
#12104 = B_SPLINE_CURVE_WITH_KNOTS('',1,(#12105,#12106),.UNSPECIFIED.,
  .F.,.F.,(2,2),(0.,1.),.PIECEWISE_BEZIER_KNOTS.);
#12105 = CARTESIAN_POINT('',(-24.92225908074,-2.177259080744,2.));
#12106 = CARTESIAN_POINT('',(-24.92225908074,-3.572740919256,2.));
#12107 = PCURVE('',#7989,#12108);
#12108 = DEFINITIONAL_REPRESENTATION('',(#12109),#12112);
#12109 = B_SPLINE_CURVE_WITH_KNOTS('',1,(#12110,#12111),.UNSPECIFIED.,
  .F.,.F.,(2,2),(0.,1.),.PIECEWISE_BEZIER_KNOTS.);
#12110 = CARTESIAN_POINT('',(-5.922259080744,-51.17725908074));
#12111 = CARTESIAN_POINT('',(-5.922259080744,-52.57274091925));
#12112 = ( GEOMETRIC_REPRESENTATION_CONTEXT(2) 
PARAMETRIC_REPRESENTATION_CONTEXT() REPRESENTATION_CONTEXT('2D SPACE',''
  ) );
#12113 = PCURVE('',#10977,#12114);
#12114 = DEFINITIONAL_REPRESENTATION('',(#12115),#12118);
#12115 = B_SPLINE_CURVE_WITH_KNOTS('',1,(#12116,#12117),.UNSPECIFIED.,
  .F.,.F.,(2,2),(0.,1.),.PIECEWISE_BEZIER_KNOTS.);
#12116 = CARTESIAN_POINT('',(0.699486292815,1.754385964912E-02));
#12117 = CARTESIAN_POINT('',(-0.699486292815,1.754385964912E-02));
#12118 = ( GEOMETRIC_REPRESENTATION_CONTEXT(2) 
PARAMETRIC_REPRESENTATION_CONTEXT() REPRESENTATION_CONTEXT('2D SPACE',''
  ) );
#12119 = ORIENTED_EDGE('',*,*,#10942,.T.);
#12120 = ORIENTED_EDGE('',*,*,#10790,.F.);
#12121 = ORIENTED_EDGE('',*,*,#10711,.T.);
#12122 = ORIENTED_EDGE('',*,*,#12123,.F.);
#12123 = EDGE_CURVE('',#12124,#10683,#12126,.T.);
#12124 = VERTEX_POINT('',#12125);
#12125 = CARTESIAN_POINT('',(-19.08145818988,-15.94,2.));
#12126 = SURFACE_CURVE('',#12127,(#12132,#12139),.PCURVE_S1.);
#12127 = CIRCLE('',#12128,2.578541810117);
#12128 = AXIS2_PLACEMENT_3D('',#12129,#12130,#12131);
#12129 = CARTESIAN_POINT('',(-21.66,-15.94,2.));
#12130 = DIRECTION('',(0.,0.,1.));
#12131 = DIRECTION('',(1.,0.,-0.));
#12132 = PCURVE('',#7989,#12133);
#12133 = DEFINITIONAL_REPRESENTATION('',(#12134),#12138);
#12134 = CIRCLE('',#12135,2.578541810117);
#12135 = AXIS2_PLACEMENT_2D('',#12136,#12137);
#12136 = CARTESIAN_POINT('',(-2.66,-64.94));
#12137 = DIRECTION('',(1.,0.));
#12138 = ( GEOMETRIC_REPRESENTATION_CONTEXT(2) 
PARAMETRIC_REPRESENTATION_CONTEXT() REPRESENTATION_CONTEXT('2D SPACE',''
  ) );
#12139 = PCURVE('',#10614,#12140);
#12140 = DEFINITIONAL_REPRESENTATION('',(#12141),#12145);
#12141 = LINE('',#12142,#12143);
#12142 = CARTESIAN_POINT('',(-0.,-0.5));
#12143 = VECTOR('',#12144,1.);
#12144 = DIRECTION('',(-1.,-0.));
#12145 = ( GEOMETRIC_REPRESENTATION_CONTEXT(2) 
PARAMETRIC_REPRESENTATION_CONTEXT() REPRESENTATION_CONTEXT('2D SPACE',''
  ) );
#12146 = ORIENTED_EDGE('',*,*,#12147,.F.);
#12147 = EDGE_CURVE('',#10577,#12124,#12148,.T.);
#12148 = SURFACE_CURVE('',#12149,(#12154,#12161),.PCURVE_S1.);
#12149 = CIRCLE('',#12150,2.578541810117);
#12150 = AXIS2_PLACEMENT_3D('',#12151,#12152,#12153);
#12151 = CARTESIAN_POINT('',(-21.66,-15.94,2.));
#12152 = DIRECTION('',(0.,0.,1.));
#12153 = DIRECTION('',(1.,0.,-0.));
#12154 = PCURVE('',#7989,#12155);
#12155 = DEFINITIONAL_REPRESENTATION('',(#12156),#12160);
#12156 = CIRCLE('',#12157,2.578541810117);
#12157 = AXIS2_PLACEMENT_2D('',#12158,#12159);
#12158 = CARTESIAN_POINT('',(-2.66,-64.94));
#12159 = DIRECTION('',(1.,0.));
#12160 = ( GEOMETRIC_REPRESENTATION_CONTEXT(2) 
PARAMETRIC_REPRESENTATION_CONTEXT() REPRESENTATION_CONTEXT('2D SPACE',''
  ) );
#12161 = PCURVE('',#10614,#12162);
#12162 = DEFINITIONAL_REPRESENTATION('',(#12163),#12167);
#12163 = LINE('',#12164,#12165);
#12164 = CARTESIAN_POINT('',(-0.,-0.5));
#12165 = VECTOR('',#12166,1.);
#12166 = DIRECTION('',(-1.,-0.));
#12167 = ( GEOMETRIC_REPRESENTATION_CONTEXT(2) 
PARAMETRIC_REPRESENTATION_CONTEXT() REPRESENTATION_CONTEXT('2D SPACE',''
  ) );
#12168 = ORIENTED_EDGE('',*,*,#10576,.T.);
#12169 = ORIENTED_EDGE('',*,*,#10447,.F.);
#12170 = ORIENTED_EDGE('',*,*,#10368,.T.);
#12171 = ORIENTED_EDGE('',*,*,#12172,.F.);
#12172 = EDGE_CURVE('',#12173,#10340,#12175,.T.);
#12173 = VERTEX_POINT('',#12174);
#12174 = CARTESIAN_POINT('',(-17.09353221295,-45.,2.));
#12175 = SURFACE_CURVE('',#12176,(#12181,#12188),.PCURVE_S1.);
#12176 = CIRCLE('',#12177,2.906467787047);
#12177 = AXIS2_PLACEMENT_3D('',#12178,#12179,#12180);
#12178 = CARTESIAN_POINT('',(-20.,-45.,2.));
#12179 = DIRECTION('',(0.,0.,1.));
#12180 = DIRECTION('',(1.,0.,-0.));
#12181 = PCURVE('',#7989,#12182);
#12182 = DEFINITIONAL_REPRESENTATION('',(#12183),#12187);
#12183 = CIRCLE('',#12184,2.906467787047);
#12184 = AXIS2_PLACEMENT_2D('',#12185,#12186);
#12185 = CARTESIAN_POINT('',(-1.,-94.));
#12186 = DIRECTION('',(1.,0.));
#12187 = ( GEOMETRIC_REPRESENTATION_CONTEXT(2) 
PARAMETRIC_REPRESENTATION_CONTEXT() REPRESENTATION_CONTEXT('2D SPACE',''
  ) );
#12188 = PCURVE('',#10271,#12189);
#12189 = DEFINITIONAL_REPRESENTATION('',(#12190),#12194);
#12190 = LINE('',#12191,#12192);
#12191 = CARTESIAN_POINT('',(-0.,-0.5));
#12192 = VECTOR('',#12193,1.);
#12193 = DIRECTION('',(-1.,-0.));
#12194 = ( GEOMETRIC_REPRESENTATION_CONTEXT(2) 
PARAMETRIC_REPRESENTATION_CONTEXT() REPRESENTATION_CONTEXT('2D SPACE',''
  ) );
#12195 = ORIENTED_EDGE('',*,*,#12196,.F.);
#12196 = EDGE_CURVE('',#10234,#12173,#12197,.T.);
#12197 = SURFACE_CURVE('',#12198,(#12203,#12210),.PCURVE_S1.);
#12198 = CIRCLE('',#12199,2.906467787047);
#12199 = AXIS2_PLACEMENT_3D('',#12200,#12201,#12202);
#12200 = CARTESIAN_POINT('',(-20.,-45.,2.));
#12201 = DIRECTION('',(0.,0.,1.));
#12202 = DIRECTION('',(1.,0.,-0.));
#12203 = PCURVE('',#7989,#12204);
#12204 = DEFINITIONAL_REPRESENTATION('',(#12205),#12209);
#12205 = CIRCLE('',#12206,2.906467787047);
#12206 = AXIS2_PLACEMENT_2D('',#12207,#12208);
#12207 = CARTESIAN_POINT('',(-1.,-94.));
#12208 = DIRECTION('',(1.,0.));
#12209 = ( GEOMETRIC_REPRESENTATION_CONTEXT(2) 
PARAMETRIC_REPRESENTATION_CONTEXT() REPRESENTATION_CONTEXT('2D SPACE',''
  ) );
#12210 = PCURVE('',#10271,#12211);
#12211 = DEFINITIONAL_REPRESENTATION('',(#12212),#12216);
#12212 = LINE('',#12213,#12214);
#12213 = CARTESIAN_POINT('',(-0.,-0.5));
#12214 = VECTOR('',#12215,1.);
#12215 = DIRECTION('',(-1.,-0.));
#12216 = ( GEOMETRIC_REPRESENTATION_CONTEXT(2) 
PARAMETRIC_REPRESENTATION_CONTEXT() REPRESENTATION_CONTEXT('2D SPACE',''
  ) );
#12217 = ORIENTED_EDGE('',*,*,#10233,.T.);
#12218 = FACE_BOUND('',#12219,.T.);
#12219 = EDGE_LOOP('',(#12220));
#12220 = ORIENTED_EDGE('',*,*,#12221,.F.);
#12221 = EDGE_CURVE('',#12222,#12222,#12224,.T.);
#12222 = VERTEX_POINT('',#12223);
#12223 = CARTESIAN_POINT('',(-9.456365661046,-40.,2.));
#12224 = SURFACE_CURVE('',#12225,(#12230,#12237),.PCURVE_S1.);
#12225 = CIRCLE('',#12226,2.543634338954);
#12226 = AXIS2_PLACEMENT_3D('',#12227,#12228,#12229);
#12227 = CARTESIAN_POINT('',(-12.,-40.,2.));
#12228 = DIRECTION('',(0.,0.,1.));
#12229 = DIRECTION('',(1.,0.,-0.));
#12230 = PCURVE('',#7989,#12231);
#12231 = DEFINITIONAL_REPRESENTATION('',(#12232),#12236);
#12232 = CIRCLE('',#12233,2.543634338954);
#12233 = AXIS2_PLACEMENT_2D('',#12234,#12235);
#12234 = CARTESIAN_POINT('',(7.,-89.));
#12235 = DIRECTION('',(1.,0.));
#12236 = ( GEOMETRIC_REPRESENTATION_CONTEXT(2) 
PARAMETRIC_REPRESENTATION_CONTEXT() REPRESENTATION_CONTEXT('2D SPACE',''
  ) );
#12237 = PCURVE('',#12238,#12243);
#12238 = CONICAL_SURFACE('',#12239,2.547997772849,8.726646259972E-03);
#12239 = AXIS2_PLACEMENT_3D('',#12240,#12241,#12242);
#12240 = CARTESIAN_POINT('',(-12.,-40.,1.5));
#12241 = DIRECTION('',(0.,0.,-1.));
#12242 = DIRECTION('',(1.,0.,0.));
#12243 = DEFINITIONAL_REPRESENTATION('',(#12244),#12248);
#12244 = LINE('',#12245,#12246);
#12245 = CARTESIAN_POINT('',(-0.,-0.5));
#12246 = VECTOR('',#12247,1.);
#12247 = DIRECTION('',(-1.,-0.));
#12248 = ( GEOMETRIC_REPRESENTATION_CONTEXT(2) 
PARAMETRIC_REPRESENTATION_CONTEXT() REPRESENTATION_CONTEXT('2D SPACE',''
  ) );
#12249 = FACE_BOUND('',#12250,.T.);
#12250 = EDGE_LOOP('',(#12251,#12278,#12303,#12328));
#12251 = ORIENTED_EDGE('',*,*,#12252,.T.);
#12252 = EDGE_CURVE('',#12253,#12255,#12257,.T.);
#12253 = VERTEX_POINT('',#12254);
#12254 = CARTESIAN_POINT('',(-9.902259080744,-20.59774091925,2.));
#12255 = VERTEX_POINT('',#12256);
#12256 = CARTESIAN_POINT('',(-14.09774091925,-20.59774091925,2.));
#12257 = SURFACE_CURVE('',#12258,(#12261,#12267),.PCURVE_S1.);
#12258 = B_SPLINE_CURVE_WITH_KNOTS('',1,(#12259,#12260),.UNSPECIFIED.,
  .F.,.F.,(2,2),(0.,1.),.PIECEWISE_BEZIER_KNOTS.);
#12259 = CARTESIAN_POINT('',(-9.902259080744,-20.59774091925,2.));
#12260 = CARTESIAN_POINT('',(-14.09774091925,-20.59774091925,2.));
#12261 = PCURVE('',#7989,#12262);
#12262 = DEFINITIONAL_REPRESENTATION('',(#12263),#12266);
#12263 = B_SPLINE_CURVE_WITH_KNOTS('',1,(#12264,#12265),.UNSPECIFIED.,
  .F.,.F.,(2,2),(0.,1.),.PIECEWISE_BEZIER_KNOTS.);
#12264 = CARTESIAN_POINT('',(9.097740919256,-69.59774091925));
#12265 = CARTESIAN_POINT('',(4.902259080744,-69.59774091925));
#12266 = ( GEOMETRIC_REPRESENTATION_CONTEXT(2) 
PARAMETRIC_REPRESENTATION_CONTEXT() REPRESENTATION_CONTEXT('2D SPACE',''
  ) );
#12267 = PCURVE('',#12268,#12273);
#12268 = B_SPLINE_SURFACE_WITH_KNOTS('',1,1,(
    (#12269,#12270)
    ,(#12271,#12272
    )),.UNSPECIFIED.,.F.,.F.,.F.,(2,2),(2,2),(-2.099486292815,
    2.099486292815),(0.,1.),.PIECEWISE_BEZIER_KNOTS.);
#12269 = CARTESIAN_POINT('',(-14.09948629281,-20.59948629281,1.8));
#12270 = CARTESIAN_POINT('',(-14.,-20.5,13.2));
#12271 = CARTESIAN_POINT('',(-9.900513707185,-20.59948629281,1.8));
#12272 = CARTESIAN_POINT('',(-10.,-20.5,13.2));
#12273 = DEFINITIONAL_REPRESENTATION('',(#12274),#12277);
#12274 = B_SPLINE_CURVE_WITH_KNOTS('',1,(#12275,#12276),.UNSPECIFIED.,
  .F.,.F.,(2,2),(0.,1.),.PIECEWISE_BEZIER_KNOTS.);
#12275 = CARTESIAN_POINT('',(2.099486292815,1.754385964912E-02));
#12276 = CARTESIAN_POINT('',(-2.099486292815,1.754385964912E-02));
#12277 = ( GEOMETRIC_REPRESENTATION_CONTEXT(2) 
PARAMETRIC_REPRESENTATION_CONTEXT() REPRESENTATION_CONTEXT('2D SPACE',''
  ) );
#12278 = ORIENTED_EDGE('',*,*,#12279,.T.);
#12279 = EDGE_CURVE('',#12255,#12280,#12282,.T.);
#12280 = VERTEX_POINT('',#12281);
#12281 = CARTESIAN_POINT('',(-14.09774091925,-19.20225908074,2.));
#12282 = SURFACE_CURVE('',#12283,(#12286,#12292),.PCURVE_S1.);
#12283 = B_SPLINE_CURVE_WITH_KNOTS('',1,(#12284,#12285),.UNSPECIFIED.,
  .F.,.F.,(2,2),(0.,1.),.PIECEWISE_BEZIER_KNOTS.);
#12284 = CARTESIAN_POINT('',(-14.09774091925,-20.59774091925,2.));
#12285 = CARTESIAN_POINT('',(-14.09774091925,-19.20225908074,2.));
#12286 = PCURVE('',#7989,#12287);
#12287 = DEFINITIONAL_REPRESENTATION('',(#12288),#12291);
#12288 = B_SPLINE_CURVE_WITH_KNOTS('',1,(#12289,#12290),.UNSPECIFIED.,
  .F.,.F.,(2,2),(0.,1.),.PIECEWISE_BEZIER_KNOTS.);
#12289 = CARTESIAN_POINT('',(4.902259080744,-69.59774091925));
#12290 = CARTESIAN_POINT('',(4.902259080744,-68.20225908074));
#12291 = ( GEOMETRIC_REPRESENTATION_CONTEXT(2) 
PARAMETRIC_REPRESENTATION_CONTEXT() REPRESENTATION_CONTEXT('2D SPACE',''
  ) );
#12292 = PCURVE('',#12293,#12298);
#12293 = B_SPLINE_SURFACE_WITH_KNOTS('',1,1,(
    (#12294,#12295)
    ,(#12296,#12297
    )),.UNSPECIFIED.,.F.,.F.,.F.,(2,2),(2,2),(-0.699486292815,
    0.699486292815),(0.,1.),.PIECEWISE_BEZIER_KNOTS.);
#12294 = CARTESIAN_POINT('',(-14.09948629281,-19.20051370718,1.8));
#12295 = CARTESIAN_POINT('',(-14.,-19.3,13.2));
#12296 = CARTESIAN_POINT('',(-14.09948629281,-20.59948629281,1.8));
#12297 = CARTESIAN_POINT('',(-14.,-20.5,13.2));
#12298 = DEFINITIONAL_REPRESENTATION('',(#12299),#12302);
#12299 = B_SPLINE_CURVE_WITH_KNOTS('',1,(#12300,#12301),.UNSPECIFIED.,
  .F.,.F.,(2,2),(0.,1.),.PIECEWISE_BEZIER_KNOTS.);
#12300 = CARTESIAN_POINT('',(0.699486292815,1.754385964912E-02));
#12301 = CARTESIAN_POINT('',(-0.699486292815,1.754385964912E-02));
#12302 = ( GEOMETRIC_REPRESENTATION_CONTEXT(2) 
PARAMETRIC_REPRESENTATION_CONTEXT() REPRESENTATION_CONTEXT('2D SPACE',''
  ) );
#12303 = ORIENTED_EDGE('',*,*,#12304,.T.);
#12304 = EDGE_CURVE('',#12280,#12305,#12307,.T.);
#12305 = VERTEX_POINT('',#12306);
#12306 = CARTESIAN_POINT('',(-9.902259080744,-19.20225908074,2.));
#12307 = SURFACE_CURVE('',#12308,(#12311,#12317),.PCURVE_S1.);
#12308 = B_SPLINE_CURVE_WITH_KNOTS('',1,(#12309,#12310),.UNSPECIFIED.,
  .F.,.F.,(2,2),(0.,1.),.PIECEWISE_BEZIER_KNOTS.);
#12309 = CARTESIAN_POINT('',(-14.09774091925,-19.20225908074,2.));
#12310 = CARTESIAN_POINT('',(-9.902259080744,-19.20225908074,2.));
#12311 = PCURVE('',#7989,#12312);
#12312 = DEFINITIONAL_REPRESENTATION('',(#12313),#12316);
#12313 = B_SPLINE_CURVE_WITH_KNOTS('',1,(#12314,#12315),.UNSPECIFIED.,
  .F.,.F.,(2,2),(0.,1.),.PIECEWISE_BEZIER_KNOTS.);
#12314 = CARTESIAN_POINT('',(4.902259080744,-68.20225908074));
#12315 = CARTESIAN_POINT('',(9.097740919256,-68.20225908074));
#12316 = ( GEOMETRIC_REPRESENTATION_CONTEXT(2) 
PARAMETRIC_REPRESENTATION_CONTEXT() REPRESENTATION_CONTEXT('2D SPACE',''
  ) );
#12317 = PCURVE('',#12318,#12323);
#12318 = B_SPLINE_SURFACE_WITH_KNOTS('',1,1,(
    (#12319,#12320)
    ,(#12321,#12322
    )),.UNSPECIFIED.,.F.,.F.,.F.,(2,2),(2,2),(-2.099486292815,
    2.099486292815),(0.,1.),.PIECEWISE_BEZIER_KNOTS.);
#12319 = CARTESIAN_POINT('',(-9.900513707185,-19.20051370718,1.8));
#12320 = CARTESIAN_POINT('',(-10.,-19.3,13.2));
#12321 = CARTESIAN_POINT('',(-14.09948629281,-19.20051370718,1.8));
#12322 = CARTESIAN_POINT('',(-14.,-19.3,13.2));
#12323 = DEFINITIONAL_REPRESENTATION('',(#12324),#12327);
#12324 = B_SPLINE_CURVE_WITH_KNOTS('',1,(#12325,#12326),.UNSPECIFIED.,
  .F.,.F.,(2,2),(0.,1.),.PIECEWISE_BEZIER_KNOTS.);
#12325 = CARTESIAN_POINT('',(2.099486292815,1.754385964912E-02));
#12326 = CARTESIAN_POINT('',(-2.099486292815,1.754385964912E-02));
#12327 = ( GEOMETRIC_REPRESENTATION_CONTEXT(2) 
PARAMETRIC_REPRESENTATION_CONTEXT() REPRESENTATION_CONTEXT('2D SPACE',''
  ) );
#12328 = ORIENTED_EDGE('',*,*,#12329,.T.);
#12329 = EDGE_CURVE('',#12305,#12253,#12330,.T.);
#12330 = SURFACE_CURVE('',#12331,(#12334,#12340),.PCURVE_S1.);
#12331 = B_SPLINE_CURVE_WITH_KNOTS('',1,(#12332,#12333),.UNSPECIFIED.,
  .F.,.F.,(2,2),(0.,1.),.PIECEWISE_BEZIER_KNOTS.);
#12332 = CARTESIAN_POINT('',(-9.902259080744,-19.20225908074,2.));
#12333 = CARTESIAN_POINT('',(-9.902259080744,-20.59774091925,2.));
#12334 = PCURVE('',#7989,#12335);
#12335 = DEFINITIONAL_REPRESENTATION('',(#12336),#12339);
#12336 = B_SPLINE_CURVE_WITH_KNOTS('',1,(#12337,#12338),.UNSPECIFIED.,
  .F.,.F.,(2,2),(0.,1.),.PIECEWISE_BEZIER_KNOTS.);
#12337 = CARTESIAN_POINT('',(9.097740919256,-68.20225908074));
#12338 = CARTESIAN_POINT('',(9.097740919256,-69.59774091925));
#12339 = ( GEOMETRIC_REPRESENTATION_CONTEXT(2) 
PARAMETRIC_REPRESENTATION_CONTEXT() REPRESENTATION_CONTEXT('2D SPACE',''
  ) );
#12340 = PCURVE('',#12341,#12346);
#12341 = B_SPLINE_SURFACE_WITH_KNOTS('',1,1,(
    (#12342,#12343)
    ,(#12344,#12345
    )),.UNSPECIFIED.,.F.,.F.,.F.,(2,2),(2,2),(-0.699486292815,
    0.699486292815),(0.,1.),.PIECEWISE_BEZIER_KNOTS.);
#12342 = CARTESIAN_POINT('',(-9.900513707185,-20.59948629281,1.8));
#12343 = CARTESIAN_POINT('',(-10.,-20.5,13.2));
#12344 = CARTESIAN_POINT('',(-9.900513707185,-19.20051370718,1.8));
#12345 = CARTESIAN_POINT('',(-10.,-19.3,13.2));
#12346 = DEFINITIONAL_REPRESENTATION('',(#12347),#12350);
#12347 = B_SPLINE_CURVE_WITH_KNOTS('',1,(#12348,#12349),.UNSPECIFIED.,
  .F.,.F.,(2,2),(0.,1.),.PIECEWISE_BEZIER_KNOTS.);
#12348 = CARTESIAN_POINT('',(0.699486292815,1.754385964912E-02));
#12349 = CARTESIAN_POINT('',(-0.699486292815,1.754385964912E-02));
#12350 = ( GEOMETRIC_REPRESENTATION_CONTEXT(2) 
PARAMETRIC_REPRESENTATION_CONTEXT() REPRESENTATION_CONTEXT('2D SPACE',''
  ) );
#12351 = FACE_BOUND('',#12352,.T.);
#12352 = EDGE_LOOP('',(#12353));
#12353 = ORIENTED_EDGE('',*,*,#12354,.F.);
#12354 = EDGE_CURVE('',#12355,#12355,#12357,.T.);
#12355 = VERTEX_POINT('',#12356);
#12356 = CARTESIAN_POINT('',(14.543634338954,-40.,2.));
#12357 = SURFACE_CURVE('',#12358,(#12363,#12370),.PCURVE_S1.);
#12358 = CIRCLE('',#12359,2.543634338954);
#12359 = AXIS2_PLACEMENT_3D('',#12360,#12361,#12362);
#12360 = CARTESIAN_POINT('',(12.,-40.,2.));
#12361 = DIRECTION('',(0.,0.,1.));
#12362 = DIRECTION('',(1.,0.,-0.));
#12363 = PCURVE('',#7989,#12364);
#12364 = DEFINITIONAL_REPRESENTATION('',(#12365),#12369);
#12365 = CIRCLE('',#12366,2.543634338954);
#12366 = AXIS2_PLACEMENT_2D('',#12367,#12368);
#12367 = CARTESIAN_POINT('',(31.,-89.));
#12368 = DIRECTION('',(1.,0.));
#12369 = ( GEOMETRIC_REPRESENTATION_CONTEXT(2) 
PARAMETRIC_REPRESENTATION_CONTEXT() REPRESENTATION_CONTEXT('2D SPACE',''
  ) );
#12370 = PCURVE('',#12371,#12376);
#12371 = CONICAL_SURFACE('',#12372,2.547997772849,8.726646259972E-03);
#12372 = AXIS2_PLACEMENT_3D('',#12373,#12374,#12375);
#12373 = CARTESIAN_POINT('',(12.,-40.,1.5));
#12374 = DIRECTION('',(0.,0.,-1.));
#12375 = DIRECTION('',(1.,0.,0.));
#12376 = DEFINITIONAL_REPRESENTATION('',(#12377),#12381);
#12377 = LINE('',#12378,#12379);
#12378 = CARTESIAN_POINT('',(-0.,-0.5));
#12379 = VECTOR('',#12380,1.);
#12380 = DIRECTION('',(-1.,-0.));
#12381 = ( GEOMETRIC_REPRESENTATION_CONTEXT(2) 
PARAMETRIC_REPRESENTATION_CONTEXT() REPRESENTATION_CONTEXT('2D SPACE',''
  ) );
#12382 = FACE_BOUND('',#12383,.T.);
#12383 = EDGE_LOOP('',(#12384,#12411,#12436,#12461));
#12384 = ORIENTED_EDGE('',*,*,#12385,.T.);
#12385 = EDGE_CURVE('',#12386,#12388,#12390,.T.);
#12386 = VERTEX_POINT('',#12387);
#12387 = CARTESIAN_POINT('',(14.097740919256,-20.59774091925,2.));
#12388 = VERTEX_POINT('',#12389);
#12389 = CARTESIAN_POINT('',(9.902259080744,-20.59774091925,2.));
#12390 = SURFACE_CURVE('',#12391,(#12394,#12400),.PCURVE_S1.);
#12391 = B_SPLINE_CURVE_WITH_KNOTS('',1,(#12392,#12393),.UNSPECIFIED.,
  .F.,.F.,(2,2),(0.,1.),.PIECEWISE_BEZIER_KNOTS.);
#12392 = CARTESIAN_POINT('',(14.097740919256,-20.59774091925,2.));
#12393 = CARTESIAN_POINT('',(9.902259080744,-20.59774091925,2.));
#12394 = PCURVE('',#7989,#12395);
#12395 = DEFINITIONAL_REPRESENTATION('',(#12396),#12399);
#12396 = B_SPLINE_CURVE_WITH_KNOTS('',1,(#12397,#12398),.UNSPECIFIED.,
  .F.,.F.,(2,2),(0.,1.),.PIECEWISE_BEZIER_KNOTS.);
#12397 = CARTESIAN_POINT('',(33.097740919256,-69.59774091925));
#12398 = CARTESIAN_POINT('',(28.902259080744,-69.59774091925));
#12399 = ( GEOMETRIC_REPRESENTATION_CONTEXT(2) 
PARAMETRIC_REPRESENTATION_CONTEXT() REPRESENTATION_CONTEXT('2D SPACE',''
  ) );
#12400 = PCURVE('',#12401,#12406);
#12401 = B_SPLINE_SURFACE_WITH_KNOTS('',1,1,(
    (#12402,#12403)
    ,(#12404,#12405
    )),.UNSPECIFIED.,.F.,.F.,.F.,(2,2),(2,2),(-2.099486292815,
    2.099486292815),(0.,1.),.PIECEWISE_BEZIER_KNOTS.);
#12402 = CARTESIAN_POINT('',(9.900513707185,-20.59948629281,1.8));
#12403 = CARTESIAN_POINT('',(10.,-20.5,13.2));
#12404 = CARTESIAN_POINT('',(14.099486292815,-20.59948629281,1.8));
#12405 = CARTESIAN_POINT('',(14.,-20.5,13.2));
#12406 = DEFINITIONAL_REPRESENTATION('',(#12407),#12410);
#12407 = B_SPLINE_CURVE_WITH_KNOTS('',1,(#12408,#12409),.UNSPECIFIED.,
  .F.,.F.,(2,2),(0.,1.),.PIECEWISE_BEZIER_KNOTS.);
#12408 = CARTESIAN_POINT('',(2.099486292815,1.754385964912E-02));
#12409 = CARTESIAN_POINT('',(-2.099486292815,1.754385964912E-02));
#12410 = ( GEOMETRIC_REPRESENTATION_CONTEXT(2) 
PARAMETRIC_REPRESENTATION_CONTEXT() REPRESENTATION_CONTEXT('2D SPACE',''
  ) );
#12411 = ORIENTED_EDGE('',*,*,#12412,.T.);
#12412 = EDGE_CURVE('',#12388,#12413,#12415,.T.);
#12413 = VERTEX_POINT('',#12414);
#12414 = CARTESIAN_POINT('',(9.902259080744,-19.20225908074,2.));
#12415 = SURFACE_CURVE('',#12416,(#12419,#12425),.PCURVE_S1.);
#12416 = B_SPLINE_CURVE_WITH_KNOTS('',1,(#12417,#12418),.UNSPECIFIED.,
  .F.,.F.,(2,2),(0.,1.),.PIECEWISE_BEZIER_KNOTS.);
#12417 = CARTESIAN_POINT('',(9.902259080744,-20.59774091925,2.));
#12418 = CARTESIAN_POINT('',(9.902259080744,-19.20225908074,2.));
#12419 = PCURVE('',#7989,#12420);
#12420 = DEFINITIONAL_REPRESENTATION('',(#12421),#12424);
#12421 = B_SPLINE_CURVE_WITH_KNOTS('',1,(#12422,#12423),.UNSPECIFIED.,
  .F.,.F.,(2,2),(0.,1.),.PIECEWISE_BEZIER_KNOTS.);
#12422 = CARTESIAN_POINT('',(28.902259080744,-69.59774091925));
#12423 = CARTESIAN_POINT('',(28.902259080744,-68.20225908074));
#12424 = ( GEOMETRIC_REPRESENTATION_CONTEXT(2) 
PARAMETRIC_REPRESENTATION_CONTEXT() REPRESENTATION_CONTEXT('2D SPACE',''
  ) );
#12425 = PCURVE('',#12426,#12431);
#12426 = B_SPLINE_SURFACE_WITH_KNOTS('',1,1,(
    (#12427,#12428)
    ,(#12429,#12430
    )),.UNSPECIFIED.,.F.,.F.,.F.,(2,2),(2,2),(-0.699486292815,
    0.699486292815),(0.,1.),.PIECEWISE_BEZIER_KNOTS.);
#12427 = CARTESIAN_POINT('',(9.900513707185,-19.20051370718,1.8));
#12428 = CARTESIAN_POINT('',(10.,-19.3,13.2));
#12429 = CARTESIAN_POINT('',(9.900513707185,-20.59948629281,1.8));
#12430 = CARTESIAN_POINT('',(10.,-20.5,13.2));
#12431 = DEFINITIONAL_REPRESENTATION('',(#12432),#12435);
#12432 = B_SPLINE_CURVE_WITH_KNOTS('',1,(#12433,#12434),.UNSPECIFIED.,
  .F.,.F.,(2,2),(0.,1.),.PIECEWISE_BEZIER_KNOTS.);
#12433 = CARTESIAN_POINT('',(0.699486292815,1.754385964912E-02));
#12434 = CARTESIAN_POINT('',(-0.699486292815,1.754385964912E-02));
#12435 = ( GEOMETRIC_REPRESENTATION_CONTEXT(2) 
PARAMETRIC_REPRESENTATION_CONTEXT() REPRESENTATION_CONTEXT('2D SPACE',''
  ) );
#12436 = ORIENTED_EDGE('',*,*,#12437,.T.);
#12437 = EDGE_CURVE('',#12413,#12438,#12440,.T.);
#12438 = VERTEX_POINT('',#12439);
#12439 = CARTESIAN_POINT('',(14.097740919256,-19.20225908074,2.));
#12440 = SURFACE_CURVE('',#12441,(#12444,#12450),.PCURVE_S1.);
#12441 = B_SPLINE_CURVE_WITH_KNOTS('',1,(#12442,#12443),.UNSPECIFIED.,
  .F.,.F.,(2,2),(0.,1.),.PIECEWISE_BEZIER_KNOTS.);
#12442 = CARTESIAN_POINT('',(9.902259080744,-19.20225908074,2.));
#12443 = CARTESIAN_POINT('',(14.097740919256,-19.20225908074,2.));
#12444 = PCURVE('',#7989,#12445);
#12445 = DEFINITIONAL_REPRESENTATION('',(#12446),#12449);
#12446 = B_SPLINE_CURVE_WITH_KNOTS('',1,(#12447,#12448),.UNSPECIFIED.,
  .F.,.F.,(2,2),(0.,1.),.PIECEWISE_BEZIER_KNOTS.);
#12447 = CARTESIAN_POINT('',(28.902259080744,-68.20225908074));
#12448 = CARTESIAN_POINT('',(33.097740919256,-68.20225908074));
#12449 = ( GEOMETRIC_REPRESENTATION_CONTEXT(2) 
PARAMETRIC_REPRESENTATION_CONTEXT() REPRESENTATION_CONTEXT('2D SPACE',''
  ) );
#12450 = PCURVE('',#12451,#12456);
#12451 = B_SPLINE_SURFACE_WITH_KNOTS('',1,1,(
    (#12452,#12453)
    ,(#12454,#12455
    )),.UNSPECIFIED.,.F.,.F.,.F.,(2,2),(2,2),(-2.099486292815,
    2.099486292815),(0.,1.),.PIECEWISE_BEZIER_KNOTS.);
#12452 = CARTESIAN_POINT('',(14.099486292815,-19.20051370718,1.8));
#12453 = CARTESIAN_POINT('',(14.,-19.3,13.2));
#12454 = CARTESIAN_POINT('',(9.900513707185,-19.20051370718,1.8));
#12455 = CARTESIAN_POINT('',(10.,-19.3,13.2));
#12456 = DEFINITIONAL_REPRESENTATION('',(#12457),#12460);
#12457 = B_SPLINE_CURVE_WITH_KNOTS('',1,(#12458,#12459),.UNSPECIFIED.,
  .F.,.F.,(2,2),(0.,1.),.PIECEWISE_BEZIER_KNOTS.);
#12458 = CARTESIAN_POINT('',(2.099486292815,1.754385964912E-02));
#12459 = CARTESIAN_POINT('',(-2.099486292815,1.754385964912E-02));
#12460 = ( GEOMETRIC_REPRESENTATION_CONTEXT(2) 
PARAMETRIC_REPRESENTATION_CONTEXT() REPRESENTATION_CONTEXT('2D SPACE',''
  ) );
#12461 = ORIENTED_EDGE('',*,*,#12462,.T.);
#12462 = EDGE_CURVE('',#12438,#12386,#12463,.T.);
#12463 = SURFACE_CURVE('',#12464,(#12467,#12473),.PCURVE_S1.);
#12464 = B_SPLINE_CURVE_WITH_KNOTS('',1,(#12465,#12466),.UNSPECIFIED.,
  .F.,.F.,(2,2),(0.,1.),.PIECEWISE_BEZIER_KNOTS.);
#12465 = CARTESIAN_POINT('',(14.097740919256,-19.20225908074,2.));
#12466 = CARTESIAN_POINT('',(14.097740919256,-20.59774091925,2.));
#12467 = PCURVE('',#7989,#12468);
#12468 = DEFINITIONAL_REPRESENTATION('',(#12469),#12472);
#12469 = B_SPLINE_CURVE_WITH_KNOTS('',1,(#12470,#12471),.UNSPECIFIED.,
  .F.,.F.,(2,2),(0.,1.),.PIECEWISE_BEZIER_KNOTS.);
#12470 = CARTESIAN_POINT('',(33.097740919256,-68.20225908074));
#12471 = CARTESIAN_POINT('',(33.097740919256,-69.59774091925));
#12472 = ( GEOMETRIC_REPRESENTATION_CONTEXT(2) 
PARAMETRIC_REPRESENTATION_CONTEXT() REPRESENTATION_CONTEXT('2D SPACE',''
  ) );
#12473 = PCURVE('',#12474,#12479);
#12474 = B_SPLINE_SURFACE_WITH_KNOTS('',1,1,(
    (#12475,#12476)
    ,(#12477,#12478
    )),.UNSPECIFIED.,.F.,.F.,.F.,(2,2),(2,2),(-0.699486292815,
    0.699486292815),(0.,1.),.PIECEWISE_BEZIER_KNOTS.);
#12475 = CARTESIAN_POINT('',(14.099486292815,-20.59948629281,1.8));
#12476 = CARTESIAN_POINT('',(14.,-20.5,13.2));
#12477 = CARTESIAN_POINT('',(14.099486292815,-19.20051370718,1.8));
#12478 = CARTESIAN_POINT('',(14.,-19.3,13.2));
#12479 = DEFINITIONAL_REPRESENTATION('',(#12480),#12483);
#12480 = B_SPLINE_CURVE_WITH_KNOTS('',1,(#12481,#12482),.UNSPECIFIED.,
  .F.,.F.,(2,2),(0.,1.),.PIECEWISE_BEZIER_KNOTS.);
#12481 = CARTESIAN_POINT('',(0.699486292815,1.754385964912E-02));
#12482 = CARTESIAN_POINT('',(-0.699486292815,1.754385964912E-02));
#12483 = ( GEOMETRIC_REPRESENTATION_CONTEXT(2) 
PARAMETRIC_REPRESENTATION_CONTEXT() REPRESENTATION_CONTEXT('2D SPACE',''
  ) );
#12484 = FACE_BOUND('',#12485,.T.);
#12485 = EDGE_LOOP('',(#12486));
#12486 = ORIENTED_EDGE('',*,*,#12487,.F.);
#12487 = EDGE_CURVE('',#12488,#12488,#12490,.T.);
#12488 = VERTEX_POINT('',#12489);
#12489 = CARTESIAN_POINT('',(-18.78145818988,54.19,2.));
#12490 = SURFACE_CURVE('',#12491,(#12496,#12503),.PCURVE_S1.);
#12491 = CIRCLE('',#12492,2.878541810117);
#12492 = AXIS2_PLACEMENT_3D('',#12493,#12494,#12495);
#12493 = CARTESIAN_POINT('',(-21.66,54.19,2.));
#12494 = DIRECTION('',(0.,0.,1.));
#12495 = DIRECTION('',(1.,0.,-0.));
#12496 = PCURVE('',#7989,#12497);
#12497 = DEFINITIONAL_REPRESENTATION('',(#12498),#12502);
#12498 = CIRCLE('',#12499,2.878541810117);
#12499 = AXIS2_PLACEMENT_2D('',#12500,#12501);
#12500 = CARTESIAN_POINT('',(-2.66,5.19));
#12501 = DIRECTION('',(1.,0.));
#12502 = ( GEOMETRIC_REPRESENTATION_CONTEXT(2) 
PARAMETRIC_REPRESENTATION_CONTEXT() REPRESENTATION_CONTEXT('2D SPACE',''
  ) );
#12503 = PCURVE('',#12504,#12509);
#12504 = CONICAL_SURFACE('',#12505,2.882905244012,8.726646259972E-03);
#12505 = AXIS2_PLACEMENT_3D('',#12506,#12507,#12508);
#12506 = CARTESIAN_POINT('',(-21.66,54.19,1.5));
#12507 = DIRECTION('',(0.,0.,-1.));
#12508 = DIRECTION('',(1.,0.,0.));
#12509 = DEFINITIONAL_REPRESENTATION('',(#12510),#12514);
#12510 = LINE('',#12511,#12512);
#12511 = CARTESIAN_POINT('',(-0.,-0.5));
#12512 = VECTOR('',#12513,1.);
#12513 = DIRECTION('',(-1.,-0.));
#12514 = ( GEOMETRIC_REPRESENTATION_CONTEXT(2) 
PARAMETRIC_REPRESENTATION_CONTEXT() REPRESENTATION_CONTEXT('2D SPACE',''
  ) );
#12515 = FACE_BOUND('',#12516,.T.);
#12516 = EDGE_LOOP('',(#12517,#12545,#12570,#12595,#12620,#12641,#12670,
    #12696,#12725,#12751,#12776,#12801,#12826,#12847,#12876,#12902));
#12517 = ORIENTED_EDGE('',*,*,#12518,.T.);
#12518 = EDGE_CURVE('',#12519,#12521,#12523,.T.);
#12519 = VERTEX_POINT('',#12520);
#12520 = CARTESIAN_POINT('',(-15.95636233767,-9.,2.));
#12521 = VERTEX_POINT('',#12522);
#12522 = CARTESIAN_POINT('',(-15.95636233767,-5.052361206745,2.));
#12523 = SURFACE_CURVE('',#12524,(#12528,#12534),.PCURVE_S1.);
#12524 = LINE('',#12525,#12526);
#12525 = CARTESIAN_POINT('',(-15.95636233767,29.,2.));
#12526 = VECTOR('',#12527,1.);
#12527 = DIRECTION('',(-0.,1.,0.));
#12528 = PCURVE('',#7989,#12529);
#12529 = DEFINITIONAL_REPRESENTATION('',(#12530),#12533);
#12530 = B_SPLINE_CURVE_WITH_KNOTS('',1,(#12531,#12532),.UNSPECIFIED.,
  .F.,.F.,(2,2),(-38.,-2.),.PIECEWISE_BEZIER_KNOTS.);
#12531 = CARTESIAN_POINT('',(3.043637662321,-58.));
#12532 = CARTESIAN_POINT('',(3.043637662321,-22.));
#12533 = ( GEOMETRIC_REPRESENTATION_CONTEXT(2) 
PARAMETRIC_REPRESENTATION_CONTEXT() REPRESENTATION_CONTEXT('2D SPACE',''
  ) );
#12534 = PCURVE('',#12535,#12540);
#12535 = PLANE('',#12536);
#12536 = AXIS2_PLACEMENT_3D('',#12537,#12538,#12539);
#12537 = CARTESIAN_POINT('',(-16.,9.,-0.5));
#12538 = DIRECTION('',(0.999847695156,0.,-1.745240643728E-02));
#12539 = DIRECTION('',(1.745240643728E-02,0.,0.999847695156));
#12540 = DEFINITIONAL_REPRESENTATION('',(#12541),#12544);
#12541 = B_SPLINE_CURVE_WITH_KNOTS('',1,(#12542,#12543),.UNSPECIFIED.,
  .F.,.F.,(2,2),(-38.,-2.),.PIECEWISE_BEZIER_KNOTS.);
#12542 = CARTESIAN_POINT('',(2.50038082011,18.));
#12543 = CARTESIAN_POINT('',(2.50038082011,-18.));
#12544 = ( GEOMETRIC_REPRESENTATION_CONTEXT(2) 
PARAMETRIC_REPRESENTATION_CONTEXT() REPRESENTATION_CONTEXT('2D SPACE',''
  ) );
#12545 = ORIENTED_EDGE('',*,*,#12546,.T.);
#12546 = EDGE_CURVE('',#12521,#12547,#12549,.T.);
#12547 = VERTEX_POINT('',#12548);
#12548 = CARTESIAN_POINT('',(-17.05236120674,-5.052361206745,2.));
#12549 = SURFACE_CURVE('',#12550,(#12553,#12559),.PCURVE_S1.);
#12550 = B_SPLINE_CURVE_WITH_KNOTS('',1,(#12551,#12552),.UNSPECIFIED.,
  .F.,.F.,(2,2),(0.,1.),.PIECEWISE_BEZIER_KNOTS.);
#12551 = CARTESIAN_POINT('',(-15.94763879325,-5.052361206745,2.));
#12552 = CARTESIAN_POINT('',(-17.05236120674,-5.052361206745,2.));
#12553 = PCURVE('',#7989,#12554);
#12554 = DEFINITIONAL_REPRESENTATION('',(#12555),#12558);
#12555 = B_SPLINE_CURVE_WITH_KNOTS('',1,(#12556,#12557),.UNSPECIFIED.,
  .F.,.F.,(2,2),(0.,1.),.PIECEWISE_BEZIER_KNOTS.);
#12556 = CARTESIAN_POINT('',(3.052361206745,-54.05236120674));
#12557 = CARTESIAN_POINT('',(1.947638793255,-54.05236120674));
#12558 = ( GEOMETRIC_REPRESENTATION_CONTEXT(2) 
PARAMETRIC_REPRESENTATION_CONTEXT() REPRESENTATION_CONTEXT('2D SPACE',''
  ) );
#12559 = PCURVE('',#12560,#12565);
#12560 = B_SPLINE_SURFACE_WITH_KNOTS('',1,1,(
    (#12561,#12562)
    ,(#12563,#12564
    )),.UNSPECIFIED.,.F.,.F.,.F.,(2,2),(2,2),(-0.554106580303,
    0.554106580303),(0.,1.),.PIECEWISE_BEZIER_KNOTS.);
#12561 = CARTESIAN_POINT('',(-17.0541065803,-5.054106580303,1.8));
#12562 = CARTESIAN_POINT('',(-17.,-5.,8.));
#12563 = CARTESIAN_POINT('',(-15.94589341969,-5.054106580303,1.8));
#12564 = CARTESIAN_POINT('',(-16.,-5.,8.));
#12565 = DEFINITIONAL_REPRESENTATION('',(#12566),#12569);
#12566 = B_SPLINE_CURVE_WITH_KNOTS('',1,(#12567,#12568),.UNSPECIFIED.,
  .F.,.F.,(2,2),(0.,1.),.PIECEWISE_BEZIER_KNOTS.);
#12567 = CARTESIAN_POINT('',(0.554106580303,3.225806451613E-02));
#12568 = CARTESIAN_POINT('',(-0.554106580303,3.225806451613E-02));
#12569 = ( GEOMETRIC_REPRESENTATION_CONTEXT(2) 
PARAMETRIC_REPRESENTATION_CONTEXT() REPRESENTATION_CONTEXT('2D SPACE',''
  ) );
#12570 = ORIENTED_EDGE('',*,*,#12571,.T.);
#12571 = EDGE_CURVE('',#12547,#12572,#12574,.T.);
#12572 = VERTEX_POINT('',#12573);
#12573 = CARTESIAN_POINT('',(-17.05236120674,23.052361206745,2.));
#12574 = SURFACE_CURVE('',#12575,(#12578,#12584),.PCURVE_S1.);
#12575 = B_SPLINE_CURVE_WITH_KNOTS('',1,(#12576,#12577),.UNSPECIFIED.,
  .F.,.F.,(2,2),(0.,1.),.PIECEWISE_BEZIER_KNOTS.);
#12576 = CARTESIAN_POINT('',(-17.05236120674,-5.052361206745,2.));
#12577 = CARTESIAN_POINT('',(-17.05236120674,23.052361206745,2.));
#12578 = PCURVE('',#7989,#12579);
#12579 = DEFINITIONAL_REPRESENTATION('',(#12580),#12583);
#12580 = B_SPLINE_CURVE_WITH_KNOTS('',1,(#12581,#12582),.UNSPECIFIED.,
  .F.,.F.,(2,2),(0.,1.),.PIECEWISE_BEZIER_KNOTS.);
#12581 = CARTESIAN_POINT('',(1.947638793255,-54.05236120674));
#12582 = CARTESIAN_POINT('',(1.947638793255,-25.94763879325));
#12583 = ( GEOMETRIC_REPRESENTATION_CONTEXT(2) 
PARAMETRIC_REPRESENTATION_CONTEXT() REPRESENTATION_CONTEXT('2D SPACE',''
  ) );
#12584 = PCURVE('',#12585,#12590);
#12585 = B_SPLINE_SURFACE_WITH_KNOTS('',1,1,(
    (#12586,#12587)
    ,(#12588,#12589
    )),.UNSPECIFIED.,.F.,.F.,.F.,(2,2),(2,2),(-14.0541065803,
    14.054106580303),(0.,1.),.PIECEWISE_BEZIER_KNOTS.);
#12586 = CARTESIAN_POINT('',(-17.0541065803,23.054106580303,1.8));
#12587 = CARTESIAN_POINT('',(-17.,23.,8.));
#12588 = CARTESIAN_POINT('',(-17.0541065803,-5.054106580303,1.8));
#12589 = CARTESIAN_POINT('',(-17.,-5.,8.));
#12590 = DEFINITIONAL_REPRESENTATION('',(#12591),#12594);
#12591 = B_SPLINE_CURVE_WITH_KNOTS('',1,(#12592,#12593),.UNSPECIFIED.,
  .F.,.F.,(2,2),(0.,1.),.PIECEWISE_BEZIER_KNOTS.);
#12592 = CARTESIAN_POINT('',(14.054106580303,3.225806451613E-02));
#12593 = CARTESIAN_POINT('',(-14.0541065803,3.225806451613E-02));
#12594 = ( GEOMETRIC_REPRESENTATION_CONTEXT(2) 
PARAMETRIC_REPRESENTATION_CONTEXT() REPRESENTATION_CONTEXT('2D SPACE',''
  ) );
#12595 = ORIENTED_EDGE('',*,*,#12596,.T.);
#12596 = EDGE_CURVE('',#12572,#12597,#12599,.T.);
#12597 = VERTEX_POINT('',#12598);
#12598 = CARTESIAN_POINT('',(-15.95636233767,23.052361206745,2.));
#12599 = SURFACE_CURVE('',#12600,(#12603,#12609),.PCURVE_S1.);
#12600 = B_SPLINE_CURVE_WITH_KNOTS('',1,(#12601,#12602),.UNSPECIFIED.,
  .F.,.F.,(2,2),(0.,1.),.PIECEWISE_BEZIER_KNOTS.);
#12601 = CARTESIAN_POINT('',(-17.05236120674,23.052361206745,2.));
#12602 = CARTESIAN_POINT('',(-15.94763879325,23.052361206745,2.));
#12603 = PCURVE('',#7989,#12604);
#12604 = DEFINITIONAL_REPRESENTATION('',(#12605),#12608);
#12605 = B_SPLINE_CURVE_WITH_KNOTS('',1,(#12606,#12607),.UNSPECIFIED.,
  .F.,.F.,(2,2),(0.,1.),.PIECEWISE_BEZIER_KNOTS.);
#12606 = CARTESIAN_POINT('',(1.947638793255,-25.94763879325));
#12607 = CARTESIAN_POINT('',(3.052361206745,-25.94763879325));
#12608 = ( GEOMETRIC_REPRESENTATION_CONTEXT(2) 
PARAMETRIC_REPRESENTATION_CONTEXT() REPRESENTATION_CONTEXT('2D SPACE',''
  ) );
#12609 = PCURVE('',#12610,#12615);
#12610 = B_SPLINE_SURFACE_WITH_KNOTS('',1,1,(
    (#12611,#12612)
    ,(#12613,#12614
    )),.UNSPECIFIED.,.F.,.F.,.F.,(2,2),(2,2),(-0.554106580303,
    0.554106580303),(0.,1.),.PIECEWISE_BEZIER_KNOTS.);
#12611 = CARTESIAN_POINT('',(-15.94589341969,23.054106580303,1.8));
#12612 = CARTESIAN_POINT('',(-16.,23.,8.));
#12613 = CARTESIAN_POINT('',(-17.0541065803,23.054106580303,1.8));
#12614 = CARTESIAN_POINT('',(-17.,23.,8.));
#12615 = DEFINITIONAL_REPRESENTATION('',(#12616),#12619);
#12616 = B_SPLINE_CURVE_WITH_KNOTS('',1,(#12617,#12618),.UNSPECIFIED.,
  .F.,.F.,(2,2),(0.,1.),.PIECEWISE_BEZIER_KNOTS.);
#12617 = CARTESIAN_POINT('',(0.554106580303,3.225806451613E-02));
#12618 = CARTESIAN_POINT('',(-0.554106580303,3.225806451613E-02));
#12619 = ( GEOMETRIC_REPRESENTATION_CONTEXT(2) 
PARAMETRIC_REPRESENTATION_CONTEXT() REPRESENTATION_CONTEXT('2D SPACE',''
  ) );
#12620 = ORIENTED_EDGE('',*,*,#12621,.T.);
#12621 = EDGE_CURVE('',#12597,#12622,#12624,.T.);
#12622 = VERTEX_POINT('',#12623);
#12623 = CARTESIAN_POINT('',(-15.95636233767,27.,2.));
#12624 = SURFACE_CURVE('',#12625,(#12629,#12635),.PCURVE_S1.);
#12625 = LINE('',#12626,#12627);
#12626 = CARTESIAN_POINT('',(-15.95636233767,29.,2.));
#12627 = VECTOR('',#12628,1.);
#12628 = DIRECTION('',(-0.,1.,0.));
#12629 = PCURVE('',#7989,#12630);
#12630 = DEFINITIONAL_REPRESENTATION('',(#12631),#12634);
#12631 = B_SPLINE_CURVE_WITH_KNOTS('',1,(#12632,#12633),.UNSPECIFIED.,
  .F.,.F.,(2,2),(-38.,-2.),.PIECEWISE_BEZIER_KNOTS.);
#12632 = CARTESIAN_POINT('',(3.043637662321,-58.));
#12633 = CARTESIAN_POINT('',(3.043637662321,-22.));
#12634 = ( GEOMETRIC_REPRESENTATION_CONTEXT(2) 
PARAMETRIC_REPRESENTATION_CONTEXT() REPRESENTATION_CONTEXT('2D SPACE',''
  ) );
#12635 = PCURVE('',#12535,#12636);
#12636 = DEFINITIONAL_REPRESENTATION('',(#12637),#12640);
#12637 = B_SPLINE_CURVE_WITH_KNOTS('',1,(#12638,#12639),.UNSPECIFIED.,
  .F.,.F.,(2,2),(-38.,-2.),.PIECEWISE_BEZIER_KNOTS.);
#12638 = CARTESIAN_POINT('',(2.50038082011,18.));
#12639 = CARTESIAN_POINT('',(2.50038082011,-18.));
#12640 = ( GEOMETRIC_REPRESENTATION_CONTEXT(2) 
PARAMETRIC_REPRESENTATION_CONTEXT() REPRESENTATION_CONTEXT('2D SPACE',''
  ) );
#12641 = ORIENTED_EDGE('',*,*,#12642,.F.);
#12642 = EDGE_CURVE('',#12643,#12622,#12645,.T.);
#12643 = VERTEX_POINT('',#12644);
#12644 = CARTESIAN_POINT('',(-14.5,28.456362337679,2.));
#12645 = SURFACE_CURVE('',#12646,(#12651,#12658),.PCURVE_S1.);
#12646 = CIRCLE('',#12647,1.456362337679);
#12647 = AXIS2_PLACEMENT_3D('',#12648,#12649,#12650);
#12648 = CARTESIAN_POINT('',(-14.5,27.,2.));
#12649 = DIRECTION('',(0.,0.,1.));
#12650 = DIRECTION('',(1.,0.,-0.));
#12651 = PCURVE('',#7989,#12652);
#12652 = DEFINITIONAL_REPRESENTATION('',(#12653),#12657);
#12653 = CIRCLE('',#12654,1.456362337679);
#12654 = AXIS2_PLACEMENT_2D('',#12655,#12656);
#12655 = CARTESIAN_POINT('',(4.5,-22.));
#12656 = DIRECTION('',(1.,0.));
#12657 = ( GEOMETRIC_REPRESENTATION_CONTEXT(2) 
PARAMETRIC_REPRESENTATION_CONTEXT() REPRESENTATION_CONTEXT('2D SPACE',''
  ) );
#12658 = PCURVE('',#12659,#12664);
#12659 = CONICAL_SURFACE('',#12660,1.5,1.745329251994E-02);
#12660 = AXIS2_PLACEMENT_3D('',#12661,#12662,#12663);
#12661 = CARTESIAN_POINT('',(-14.5,27.,-0.5));
#12662 = DIRECTION('',(0.,0.,-1.));
#12663 = DIRECTION('',(1.,0.,0.));
#12664 = DEFINITIONAL_REPRESENTATION('',(#12665),#12669);
#12665 = LINE('',#12666,#12667);
#12666 = CARTESIAN_POINT('',(-0.,-2.5));
#12667 = VECTOR('',#12668,1.);
#12668 = DIRECTION('',(-1.,-0.));
#12669 = ( GEOMETRIC_REPRESENTATION_CONTEXT(2) 
PARAMETRIC_REPRESENTATION_CONTEXT() REPRESENTATION_CONTEXT('2D SPACE',''
  ) );
#12670 = ORIENTED_EDGE('',*,*,#12671,.T.);
#12671 = EDGE_CURVE('',#12643,#12672,#12674,.T.);
#12672 = VERTEX_POINT('',#12673);
#12673 = CARTESIAN_POINT('',(14.5,28.456362337679,2.));
#12674 = SURFACE_CURVE('',#12675,(#12679,#12685),.PCURVE_S1.);
#12675 = LINE('',#12676,#12677);
#12676 = CARTESIAN_POINT('',(-9.5,28.456362337679,2.));
#12677 = VECTOR('',#12678,1.);
#12678 = DIRECTION('',(1.,0.,0.));
#12679 = PCURVE('',#7989,#12680);
#12680 = DEFINITIONAL_REPRESENTATION('',(#12681),#12684);
#12681 = B_SPLINE_CURVE_WITH_KNOTS('',1,(#12682,#12683),.UNSPECIFIED.,
  .F.,.F.,(2,2),(-5.,24.),.PIECEWISE_BEZIER_KNOTS.);
#12682 = CARTESIAN_POINT('',(4.5,-20.54363766232));
#12683 = CARTESIAN_POINT('',(33.5,-20.54363766232));
#12684 = ( GEOMETRIC_REPRESENTATION_CONTEXT(2) 
PARAMETRIC_REPRESENTATION_CONTEXT() REPRESENTATION_CONTEXT('2D SPACE',''
  ) );
#12685 = PCURVE('',#12686,#12691);
#12686 = PLANE('',#12687);
#12687 = AXIS2_PLACEMENT_3D('',#12688,#12689,#12690);
#12688 = CARTESIAN_POINT('',(0.,28.5,-0.5));
#12689 = DIRECTION('',(-0.,-0.999847695156,-1.745240643728E-02));
#12690 = DIRECTION('',(0.,-1.745240643728E-02,0.999847695156));
#12691 = DEFINITIONAL_REPRESENTATION('',(#12692),#12695);
#12692 = B_SPLINE_CURVE_WITH_KNOTS('',1,(#12693,#12694),.UNSPECIFIED.,
  .F.,.F.,(2,2),(-5.,24.),.PIECEWISE_BEZIER_KNOTS.);
#12693 = CARTESIAN_POINT('',(2.50038082011,14.5));
#12694 = CARTESIAN_POINT('',(2.50038082011,-14.5));
#12695 = ( GEOMETRIC_REPRESENTATION_CONTEXT(2) 
PARAMETRIC_REPRESENTATION_CONTEXT() REPRESENTATION_CONTEXT('2D SPACE',''
  ) );
#12696 = ORIENTED_EDGE('',*,*,#12697,.F.);
#12697 = EDGE_CURVE('',#12698,#12672,#12700,.T.);
#12698 = VERTEX_POINT('',#12699);
#12699 = CARTESIAN_POINT('',(15.956362337679,27.,2.));
#12700 = SURFACE_CURVE('',#12701,(#12706,#12713),.PCURVE_S1.);
#12701 = CIRCLE('',#12702,1.456362337679);
#12702 = AXIS2_PLACEMENT_3D('',#12703,#12704,#12705);
#12703 = CARTESIAN_POINT('',(14.5,27.,2.));
#12704 = DIRECTION('',(0.,0.,1.));
#12705 = DIRECTION('',(1.,0.,-0.));
#12706 = PCURVE('',#7989,#12707);
#12707 = DEFINITIONAL_REPRESENTATION('',(#12708),#12712);
#12708 = CIRCLE('',#12709,1.456362337679);
#12709 = AXIS2_PLACEMENT_2D('',#12710,#12711);
#12710 = CARTESIAN_POINT('',(33.5,-22.));
#12711 = DIRECTION('',(1.,0.));
#12712 = ( GEOMETRIC_REPRESENTATION_CONTEXT(2) 
PARAMETRIC_REPRESENTATION_CONTEXT() REPRESENTATION_CONTEXT('2D SPACE',''
  ) );
#12713 = PCURVE('',#12714,#12719);
#12714 = CONICAL_SURFACE('',#12715,1.5,1.745329251994E-02);
#12715 = AXIS2_PLACEMENT_3D('',#12716,#12717,#12718);
#12716 = CARTESIAN_POINT('',(14.5,27.,-0.5));
#12717 = DIRECTION('',(0.,0.,-1.));
#12718 = DIRECTION('',(1.,0.,0.));
#12719 = DEFINITIONAL_REPRESENTATION('',(#12720),#12724);
#12720 = LINE('',#12721,#12722);
#12721 = CARTESIAN_POINT('',(-0.,-2.5));
#12722 = VECTOR('',#12723,1.);
#12723 = DIRECTION('',(-1.,-0.));
#12724 = ( GEOMETRIC_REPRESENTATION_CONTEXT(2) 
PARAMETRIC_REPRESENTATION_CONTEXT() REPRESENTATION_CONTEXT('2D SPACE',''
  ) );
#12725 = ORIENTED_EDGE('',*,*,#12726,.T.);
#12726 = EDGE_CURVE('',#12698,#12727,#12729,.T.);
#12727 = VERTEX_POINT('',#12728);
#12728 = CARTESIAN_POINT('',(15.956362337679,23.052361206745,2.));
#12729 = SURFACE_CURVE('',#12730,(#12734,#12740),.PCURVE_S1.);
#12730 = LINE('',#12731,#12732);
#12731 = CARTESIAN_POINT('',(15.956362337679,29.,2.));
#12732 = VECTOR('',#12733,1.);
#12733 = DIRECTION('',(-0.,-1.,0.));
#12734 = PCURVE('',#7989,#12735);
#12735 = DEFINITIONAL_REPRESENTATION('',(#12736),#12739);
#12736 = B_SPLINE_CURVE_WITH_KNOTS('',1,(#12737,#12738),.UNSPECIFIED.,
  .F.,.F.,(2,2),(2.,38.),.PIECEWISE_BEZIER_KNOTS.);
#12737 = CARTESIAN_POINT('',(34.956362337679,-22.));
#12738 = CARTESIAN_POINT('',(34.956362337679,-58.));
#12739 = ( GEOMETRIC_REPRESENTATION_CONTEXT(2) 
PARAMETRIC_REPRESENTATION_CONTEXT() REPRESENTATION_CONTEXT('2D SPACE',''
  ) );
#12740 = PCURVE('',#12741,#12746);
#12741 = PLANE('',#12742);
#12742 = AXIS2_PLACEMENT_3D('',#12743,#12744,#12745);
#12743 = CARTESIAN_POINT('',(16.,9.,-0.5));
#12744 = DIRECTION('',(-0.999847695156,0.,-1.745240643728E-02));
#12745 = DIRECTION('',(-1.745240643728E-02,0.,0.999847695156));
#12746 = DEFINITIONAL_REPRESENTATION('',(#12747),#12750);
#12747 = B_SPLINE_CURVE_WITH_KNOTS('',1,(#12748,#12749),.UNSPECIFIED.,
  .F.,.F.,(2,2),(2.,38.),.PIECEWISE_BEZIER_KNOTS.);
#12748 = CARTESIAN_POINT('',(2.50038082011,18.));
#12749 = CARTESIAN_POINT('',(2.50038082011,-18.));
#12750 = ( GEOMETRIC_REPRESENTATION_CONTEXT(2) 
PARAMETRIC_REPRESENTATION_CONTEXT() REPRESENTATION_CONTEXT('2D SPACE',''
  ) );
#12751 = ORIENTED_EDGE('',*,*,#12752,.T.);
#12752 = EDGE_CURVE('',#12727,#12753,#12755,.T.);
#12753 = VERTEX_POINT('',#12754);
#12754 = CARTESIAN_POINT('',(17.052361206745,23.052361206745,2.));
#12755 = SURFACE_CURVE('',#12756,(#12759,#12765),.PCURVE_S1.);
#12756 = B_SPLINE_CURVE_WITH_KNOTS('',1,(#12757,#12758),.UNSPECIFIED.,
  .F.,.F.,(2,2),(0.,1.),.PIECEWISE_BEZIER_KNOTS.);
#12757 = CARTESIAN_POINT('',(15.947638793255,23.052361206745,2.));
#12758 = CARTESIAN_POINT('',(17.052361206745,23.052361206745,2.));
#12759 = PCURVE('',#7989,#12760);
#12760 = DEFINITIONAL_REPRESENTATION('',(#12761),#12764);
#12761 = B_SPLINE_CURVE_WITH_KNOTS('',1,(#12762,#12763),.UNSPECIFIED.,
  .F.,.F.,(2,2),(0.,1.),.PIECEWISE_BEZIER_KNOTS.);
#12762 = CARTESIAN_POINT('',(34.947638793255,-25.94763879325));
#12763 = CARTESIAN_POINT('',(36.052361206745,-25.94763879325));
#12764 = ( GEOMETRIC_REPRESENTATION_CONTEXT(2) 
PARAMETRIC_REPRESENTATION_CONTEXT() REPRESENTATION_CONTEXT('2D SPACE',''
  ) );
#12765 = PCURVE('',#12766,#12771);
#12766 = B_SPLINE_SURFACE_WITH_KNOTS('',1,1,(
    (#12767,#12768)
    ,(#12769,#12770
    )),.UNSPECIFIED.,.F.,.F.,.F.,(2,2),(2,2),(-0.554106580303,
    0.554106580303),(0.,1.),.PIECEWISE_BEZIER_KNOTS.);
#12767 = CARTESIAN_POINT('',(17.054106580303,23.054106580303,1.8));
#12768 = CARTESIAN_POINT('',(17.,23.,8.));
#12769 = CARTESIAN_POINT('',(15.945893419697,23.054106580303,1.8));
#12770 = CARTESIAN_POINT('',(16.,23.,8.));
#12771 = DEFINITIONAL_REPRESENTATION('',(#12772),#12775);
#12772 = B_SPLINE_CURVE_WITH_KNOTS('',1,(#12773,#12774),.UNSPECIFIED.,
  .F.,.F.,(2,2),(0.,1.),.PIECEWISE_BEZIER_KNOTS.);
#12773 = CARTESIAN_POINT('',(0.554106580303,3.225806451613E-02));
#12774 = CARTESIAN_POINT('',(-0.554106580303,3.225806451613E-02));
#12775 = ( GEOMETRIC_REPRESENTATION_CONTEXT(2) 
PARAMETRIC_REPRESENTATION_CONTEXT() REPRESENTATION_CONTEXT('2D SPACE',''
  ) );
#12776 = ORIENTED_EDGE('',*,*,#12777,.T.);
#12777 = EDGE_CURVE('',#12753,#12778,#12780,.T.);
#12778 = VERTEX_POINT('',#12779);
#12779 = CARTESIAN_POINT('',(17.052361206745,-5.052361206745,2.));
#12780 = SURFACE_CURVE('',#12781,(#12784,#12790),.PCURVE_S1.);
#12781 = B_SPLINE_CURVE_WITH_KNOTS('',1,(#12782,#12783),.UNSPECIFIED.,
  .F.,.F.,(2,2),(0.,1.),.PIECEWISE_BEZIER_KNOTS.);
#12782 = CARTESIAN_POINT('',(17.052361206745,23.052361206745,2.));
#12783 = CARTESIAN_POINT('',(17.052361206745,-5.052361206745,2.));
#12784 = PCURVE('',#7989,#12785);
#12785 = DEFINITIONAL_REPRESENTATION('',(#12786),#12789);
#12786 = B_SPLINE_CURVE_WITH_KNOTS('',1,(#12787,#12788),.UNSPECIFIED.,
  .F.,.F.,(2,2),(0.,1.),.PIECEWISE_BEZIER_KNOTS.);
#12787 = CARTESIAN_POINT('',(36.052361206745,-25.94763879325));
#12788 = CARTESIAN_POINT('',(36.052361206745,-54.05236120674));
#12789 = ( GEOMETRIC_REPRESENTATION_CONTEXT(2) 
PARAMETRIC_REPRESENTATION_CONTEXT() REPRESENTATION_CONTEXT('2D SPACE',''
  ) );
#12790 = PCURVE('',#12791,#12796);
#12791 = B_SPLINE_SURFACE_WITH_KNOTS('',1,1,(
    (#12792,#12793)
    ,(#12794,#12795
    )),.UNSPECIFIED.,.F.,.F.,.F.,(2,2),(2,2),(-14.0541065803,
    14.054106580303),(0.,1.),.PIECEWISE_BEZIER_KNOTS.);
#12792 = CARTESIAN_POINT('',(17.054106580303,-5.054106580303,1.8));
#12793 = CARTESIAN_POINT('',(17.,-5.,8.));
#12794 = CARTESIAN_POINT('',(17.054106580303,23.054106580303,1.8));
#12795 = CARTESIAN_POINT('',(17.,23.,8.));
#12796 = DEFINITIONAL_REPRESENTATION('',(#12797),#12800);
#12797 = B_SPLINE_CURVE_WITH_KNOTS('',1,(#12798,#12799),.UNSPECIFIED.,
  .F.,.F.,(2,2),(0.,1.),.PIECEWISE_BEZIER_KNOTS.);
#12798 = CARTESIAN_POINT('',(14.054106580303,3.225806451613E-02));
#12799 = CARTESIAN_POINT('',(-14.0541065803,3.225806451613E-02));
#12800 = ( GEOMETRIC_REPRESENTATION_CONTEXT(2) 
PARAMETRIC_REPRESENTATION_CONTEXT() REPRESENTATION_CONTEXT('2D SPACE',''
  ) );
#12801 = ORIENTED_EDGE('',*,*,#12802,.T.);
#12802 = EDGE_CURVE('',#12778,#12803,#12805,.T.);
#12803 = VERTEX_POINT('',#12804);
#12804 = CARTESIAN_POINT('',(15.956362337679,-5.052361206745,2.));
#12805 = SURFACE_CURVE('',#12806,(#12809,#12815),.PCURVE_S1.);
#12806 = B_SPLINE_CURVE_WITH_KNOTS('',1,(#12807,#12808),.UNSPECIFIED.,
  .F.,.F.,(2,2),(0.,1.),.PIECEWISE_BEZIER_KNOTS.);
#12807 = CARTESIAN_POINT('',(17.052361206745,-5.052361206745,2.));
#12808 = CARTESIAN_POINT('',(15.947638793255,-5.052361206745,2.));
#12809 = PCURVE('',#7989,#12810);
#12810 = DEFINITIONAL_REPRESENTATION('',(#12811),#12814);
#12811 = B_SPLINE_CURVE_WITH_KNOTS('',1,(#12812,#12813),.UNSPECIFIED.,
  .F.,.F.,(2,2),(0.,1.),.PIECEWISE_BEZIER_KNOTS.);
#12812 = CARTESIAN_POINT('',(36.052361206745,-54.05236120674));
#12813 = CARTESIAN_POINT('',(34.947638793255,-54.05236120674));
#12814 = ( GEOMETRIC_REPRESENTATION_CONTEXT(2) 
PARAMETRIC_REPRESENTATION_CONTEXT() REPRESENTATION_CONTEXT('2D SPACE',''
  ) );
#12815 = PCURVE('',#12816,#12821);
#12816 = B_SPLINE_SURFACE_WITH_KNOTS('',1,1,(
    (#12817,#12818)
    ,(#12819,#12820
    )),.UNSPECIFIED.,.F.,.F.,.F.,(2,2),(2,2),(-0.554106580303,
    0.554106580303),(0.,1.),.PIECEWISE_BEZIER_KNOTS.);
#12817 = CARTESIAN_POINT('',(15.945893419697,-5.054106580303,1.8));
#12818 = CARTESIAN_POINT('',(16.,-5.,8.));
#12819 = CARTESIAN_POINT('',(17.054106580303,-5.054106580303,1.8));
#12820 = CARTESIAN_POINT('',(17.,-5.,8.));
#12821 = DEFINITIONAL_REPRESENTATION('',(#12822),#12825);
#12822 = B_SPLINE_CURVE_WITH_KNOTS('',1,(#12823,#12824),.UNSPECIFIED.,
  .F.,.F.,(2,2),(0.,1.),.PIECEWISE_BEZIER_KNOTS.);
#12823 = CARTESIAN_POINT('',(0.554106580303,3.225806451613E-02));
#12824 = CARTESIAN_POINT('',(-0.554106580303,3.225806451613E-02));
#12825 = ( GEOMETRIC_REPRESENTATION_CONTEXT(2) 
PARAMETRIC_REPRESENTATION_CONTEXT() REPRESENTATION_CONTEXT('2D SPACE',''
  ) );
#12826 = ORIENTED_EDGE('',*,*,#12827,.T.);
#12827 = EDGE_CURVE('',#12803,#12828,#12830,.T.);
#12828 = VERTEX_POINT('',#12829);
#12829 = CARTESIAN_POINT('',(15.956362337679,-9.,2.));
#12830 = SURFACE_CURVE('',#12831,(#12835,#12841),.PCURVE_S1.);
#12831 = LINE('',#12832,#12833);
#12832 = CARTESIAN_POINT('',(15.956362337679,29.,2.));
#12833 = VECTOR('',#12834,1.);
#12834 = DIRECTION('',(-0.,-1.,0.));
#12835 = PCURVE('',#7989,#12836);
#12836 = DEFINITIONAL_REPRESENTATION('',(#12837),#12840);
#12837 = B_SPLINE_CURVE_WITH_KNOTS('',1,(#12838,#12839),.UNSPECIFIED.,
  .F.,.F.,(2,2),(2.,38.),.PIECEWISE_BEZIER_KNOTS.);
#12838 = CARTESIAN_POINT('',(34.956362337679,-22.));
#12839 = CARTESIAN_POINT('',(34.956362337679,-58.));
#12840 = ( GEOMETRIC_REPRESENTATION_CONTEXT(2) 
PARAMETRIC_REPRESENTATION_CONTEXT() REPRESENTATION_CONTEXT('2D SPACE',''
  ) );
#12841 = PCURVE('',#12741,#12842);
#12842 = DEFINITIONAL_REPRESENTATION('',(#12843),#12846);
#12843 = B_SPLINE_CURVE_WITH_KNOTS('',1,(#12844,#12845),.UNSPECIFIED.,
  .F.,.F.,(2,2),(2.,38.),.PIECEWISE_BEZIER_KNOTS.);
#12844 = CARTESIAN_POINT('',(2.50038082011,18.));
#12845 = CARTESIAN_POINT('',(2.50038082011,-18.));
#12846 = ( GEOMETRIC_REPRESENTATION_CONTEXT(2) 
PARAMETRIC_REPRESENTATION_CONTEXT() REPRESENTATION_CONTEXT('2D SPACE',''
  ) );
#12847 = ORIENTED_EDGE('',*,*,#12848,.F.);
#12848 = EDGE_CURVE('',#12849,#12828,#12851,.T.);
#12849 = VERTEX_POINT('',#12850);
#12850 = CARTESIAN_POINT('',(14.5,-10.45636233767,2.));
#12851 = SURFACE_CURVE('',#12852,(#12857,#12864),.PCURVE_S1.);
#12852 = CIRCLE('',#12853,1.456362337679);
#12853 = AXIS2_PLACEMENT_3D('',#12854,#12855,#12856);
#12854 = CARTESIAN_POINT('',(14.5,-9.,2.));
#12855 = DIRECTION('',(0.,0.,1.));
#12856 = DIRECTION('',(1.,0.,-0.));
#12857 = PCURVE('',#7989,#12858);
#12858 = DEFINITIONAL_REPRESENTATION('',(#12859),#12863);
#12859 = CIRCLE('',#12860,1.456362337679);
#12860 = AXIS2_PLACEMENT_2D('',#12861,#12862);
#12861 = CARTESIAN_POINT('',(33.5,-58.));
#12862 = DIRECTION('',(1.,0.));
#12863 = ( GEOMETRIC_REPRESENTATION_CONTEXT(2) 
PARAMETRIC_REPRESENTATION_CONTEXT() REPRESENTATION_CONTEXT('2D SPACE',''
  ) );
#12864 = PCURVE('',#12865,#12870);
#12865 = CONICAL_SURFACE('',#12866,1.5,1.745329251994E-02);
#12866 = AXIS2_PLACEMENT_3D('',#12867,#12868,#12869);
#12867 = CARTESIAN_POINT('',(14.5,-9.,-0.5));
#12868 = DIRECTION('',(0.,0.,-1.));
#12869 = DIRECTION('',(1.,0.,0.));
#12870 = DEFINITIONAL_REPRESENTATION('',(#12871),#12875);
#12871 = LINE('',#12872,#12873);
#12872 = CARTESIAN_POINT('',(-0.,-2.5));
#12873 = VECTOR('',#12874,1.);
#12874 = DIRECTION('',(-1.,-0.));
#12875 = ( GEOMETRIC_REPRESENTATION_CONTEXT(2) 
PARAMETRIC_REPRESENTATION_CONTEXT() REPRESENTATION_CONTEXT('2D SPACE',''
  ) );
#12876 = ORIENTED_EDGE('',*,*,#12877,.T.);
#12877 = EDGE_CURVE('',#12849,#12878,#12880,.T.);
#12878 = VERTEX_POINT('',#12879);
#12879 = CARTESIAN_POINT('',(-14.5,-10.45636233767,2.));
#12880 = SURFACE_CURVE('',#12881,(#12885,#12891),.PCURVE_S1.);
#12881 = LINE('',#12882,#12883);
#12882 = CARTESIAN_POINT('',(-9.5,-10.45636233767,2.));
#12883 = VECTOR('',#12884,1.);
#12884 = DIRECTION('',(-1.,0.,0.));
#12885 = PCURVE('',#7989,#12886);
#12886 = DEFINITIONAL_REPRESENTATION('',(#12887),#12890);
#12887 = B_SPLINE_CURVE_WITH_KNOTS('',1,(#12888,#12889),.UNSPECIFIED.,
  .F.,.F.,(2,2),(-24.,5.),.PIECEWISE_BEZIER_KNOTS.);
#12888 = CARTESIAN_POINT('',(33.5,-59.45636233767));
#12889 = CARTESIAN_POINT('',(4.5,-59.45636233767));
#12890 = ( GEOMETRIC_REPRESENTATION_CONTEXT(2) 
PARAMETRIC_REPRESENTATION_CONTEXT() REPRESENTATION_CONTEXT('2D SPACE',''
  ) );
#12891 = PCURVE('',#12892,#12897);
#12892 = PLANE('',#12893);
#12893 = AXIS2_PLACEMENT_3D('',#12894,#12895,#12896);
#12894 = CARTESIAN_POINT('',(0.,-10.5,-0.5));
#12895 = DIRECTION('',(0.,0.999847695156,-1.745240643728E-02));
#12896 = DIRECTION('',(0.,1.745240643728E-02,0.999847695156));
#12897 = DEFINITIONAL_REPRESENTATION('',(#12898),#12901);
#12898 = B_SPLINE_CURVE_WITH_KNOTS('',1,(#12899,#12900),.UNSPECIFIED.,
  .F.,.F.,(2,2),(-24.,5.),.PIECEWISE_BEZIER_KNOTS.);
#12899 = CARTESIAN_POINT('',(2.50038082011,14.5));
#12900 = CARTESIAN_POINT('',(2.50038082011,-14.5));
#12901 = ( GEOMETRIC_REPRESENTATION_CONTEXT(2) 
PARAMETRIC_REPRESENTATION_CONTEXT() REPRESENTATION_CONTEXT('2D SPACE',''
  ) );
#12902 = ORIENTED_EDGE('',*,*,#12903,.F.);
#12903 = EDGE_CURVE('',#12519,#12878,#12904,.T.);
#12904 = SURFACE_CURVE('',#12905,(#12910,#12917),.PCURVE_S1.);
#12905 = CIRCLE('',#12906,1.456362337679);
#12906 = AXIS2_PLACEMENT_3D('',#12907,#12908,#12909);
#12907 = CARTESIAN_POINT('',(-14.5,-9.,2.));
#12908 = DIRECTION('',(0.,0.,1.));
#12909 = DIRECTION('',(1.,0.,-0.));
#12910 = PCURVE('',#7989,#12911);
#12911 = DEFINITIONAL_REPRESENTATION('',(#12912),#12916);
#12912 = CIRCLE('',#12913,1.456362337679);
#12913 = AXIS2_PLACEMENT_2D('',#12914,#12915);
#12914 = CARTESIAN_POINT('',(4.5,-58.));
#12915 = DIRECTION('',(1.,0.));
#12916 = ( GEOMETRIC_REPRESENTATION_CONTEXT(2) 
PARAMETRIC_REPRESENTATION_CONTEXT() REPRESENTATION_CONTEXT('2D SPACE',''
  ) );
#12917 = PCURVE('',#12918,#12923);
#12918 = CONICAL_SURFACE('',#12919,1.5,1.745329251994E-02);
#12919 = AXIS2_PLACEMENT_3D('',#12920,#12921,#12922);
#12920 = CARTESIAN_POINT('',(-14.5,-9.,-0.5));
#12921 = DIRECTION('',(0.,0.,-1.));
#12922 = DIRECTION('',(1.,0.,0.));
#12923 = DEFINITIONAL_REPRESENTATION('',(#12924),#12928);
#12924 = LINE('',#12925,#12926);
#12925 = CARTESIAN_POINT('',(-0.,-2.5));
#12926 = VECTOR('',#12927,1.);
#12927 = DIRECTION('',(-1.,-0.));
#12928 = ( GEOMETRIC_REPRESENTATION_CONTEXT(2) 
PARAMETRIC_REPRESENTATION_CONTEXT() REPRESENTATION_CONTEXT('2D SPACE',''
  ) );
#12929 = FACE_BOUND('',#12930,.T.);
#12930 = EDGE_LOOP('',(#12931));
#12931 = ORIENTED_EDGE('',*,*,#12932,.F.);
#12932 = EDGE_CURVE('',#12933,#12933,#12935,.T.);
#12933 = VERTEX_POINT('',#12934);
#12934 = CARTESIAN_POINT('',(24.538541810117,54.19,2.));
#12935 = SURFACE_CURVE('',#12936,(#12941,#12948),.PCURVE_S1.);
#12936 = CIRCLE('',#12937,2.878541810117);
#12937 = AXIS2_PLACEMENT_3D('',#12938,#12939,#12940);
#12938 = CARTESIAN_POINT('',(21.66,54.19,2.));
#12939 = DIRECTION('',(0.,0.,1.));
#12940 = DIRECTION('',(1.,0.,-0.));
#12941 = PCURVE('',#7989,#12942);
#12942 = DEFINITIONAL_REPRESENTATION('',(#12943),#12947);
#12943 = CIRCLE('',#12944,2.878541810117);
#12944 = AXIS2_PLACEMENT_2D('',#12945,#12946);
#12945 = CARTESIAN_POINT('',(40.66,5.19));
#12946 = DIRECTION('',(1.,0.));
#12947 = ( GEOMETRIC_REPRESENTATION_CONTEXT(2) 
PARAMETRIC_REPRESENTATION_CONTEXT() REPRESENTATION_CONTEXT('2D SPACE',''
  ) );
#12948 = PCURVE('',#12949,#12954);
#12949 = CONICAL_SURFACE('',#12950,2.882905244012,8.726646259972E-03);
#12950 = AXIS2_PLACEMENT_3D('',#12951,#12952,#12953);
#12951 = CARTESIAN_POINT('',(21.66,54.19,1.5));
#12952 = DIRECTION('',(0.,0.,-1.));
#12953 = DIRECTION('',(1.,0.,0.));
#12954 = DEFINITIONAL_REPRESENTATION('',(#12955),#12959);
#12955 = LINE('',#12956,#12957);
#12956 = CARTESIAN_POINT('',(-0.,-0.5));
#12957 = VECTOR('',#12958,1.);
#12958 = DIRECTION('',(-1.,-0.));
#12959 = ( GEOMETRIC_REPRESENTATION_CONTEXT(2) 
PARAMETRIC_REPRESENTATION_CONTEXT() REPRESENTATION_CONTEXT('2D SPACE',''
  ) );
#12960 = ADVANCED_FACE('',(#12961),#8093,.T.);
#12961 = FACE_BOUND('',#12962,.T.);
#12962 = EDGE_LOOP('',(#12963,#12964,#12965,#12966));
#12963 = ORIENTED_EDGE('',*,*,#8078,.F.);
#12964 = ORIENTED_EDGE('',*,*,#12058,.F.);
#12965 = ORIENTED_EDGE('',*,*,#8177,.T.);
#12966 = ORIENTED_EDGE('',*,*,#8131,.F.);
#12967 = ADVANCED_FACE('',(#12968),#8395,.T.);
#12968 = FACE_BOUND('',#12969,.T.);
#12969 = EDGE_LOOP('',(#12970,#12971,#12972,#12973));
#12970 = ORIENTED_EDGE('',*,*,#8380,.F.);
#12971 = ORIENTED_EDGE('',*,*,#12037,.F.);
#12972 = ORIENTED_EDGE('',*,*,#8479,.T.);
#12973 = ORIENTED_EDGE('',*,*,#8433,.F.);
#12974 = ADVANCED_FACE('',(#12975),#8619,.F.);
#12975 = FACE_BOUND('',#12976,.F.);
#12976 = EDGE_LOOP('',(#12977,#12978,#12979,#12999));
#12977 = ORIENTED_EDGE('',*,*,#8605,.F.);
#12978 = ORIENTED_EDGE('',*,*,#8655,.T.);
#12979 = ORIENTED_EDGE('',*,*,#12980,.T.);
#12980 = EDGE_CURVE('',#8636,#11987,#12981,.T.);
#12981 = SURFACE_CURVE('',#12982,(#12987,#12993),.PCURVE_S1.);
#12982 = CIRCLE('',#12983,1.);
#12983 = AXIS2_PLACEMENT_3D('',#12984,#12985,#12986);
#12984 = CARTESIAN_POINT('',(27.80435094476,49.,3.));
#12985 = DIRECTION('',(-6.123233995737E-17,1.,0.));
#12986 = DIRECTION('',(1.,6.123233995737E-17,0.));
#12987 = PCURVE('',#8619,#12988);
#12988 = DEFINITIONAL_REPRESENTATION('',(#12989),#12992);
#12989 = B_SPLINE_CURVE_WITH_KNOTS('',1,(#12990,#12991),.UNSPECIFIED.,
  .F.,.F.,(2,2),(1.745329251994E-02,1.570796326795),
  .PIECEWISE_BEZIER_KNOTS.);
#12990 = CARTESIAN_POINT('',(1.570796326795,1.745329251994E-02));
#12991 = CARTESIAN_POINT('',(1.570796326795,1.570796326795));
#12992 = ( GEOMETRIC_REPRESENTATION_CONTEXT(2) 
PARAMETRIC_REPRESENTATION_CONTEXT() REPRESENTATION_CONTEXT('2D SPACE',''
  ) );
#12993 = PCURVE('',#8872,#12994);
#12994 = DEFINITIONAL_REPRESENTATION('',(#12995),#12998);
#12995 = B_SPLINE_CURVE_WITH_KNOTS('',1,(#12996,#12997),.UNSPECIFIED.,
  .F.,.F.,(2,2),(1.745329251994E-02,1.570796326795),
  .PIECEWISE_BEZIER_KNOTS.);
#12996 = CARTESIAN_POINT('',(0.,0.));
#12997 = CARTESIAN_POINT('',(-1.553343034275,0.));
#12998 = ( GEOMETRIC_REPRESENTATION_CONTEXT(2) 
PARAMETRIC_REPRESENTATION_CONTEXT() REPRESENTATION_CONTEXT('2D SPACE',''
  ) );
#12999 = ORIENTED_EDGE('',*,*,#12009,.F.);
#13000 = ADVANCED_FACE('',(#13001),#8696,.F.);
#13001 = FACE_BOUND('',#13002,.F.);
#13002 = EDGE_LOOP('',(#13003,#13023,#13024,#13025));
#13003 = ORIENTED_EDGE('',*,*,#13004,.F.);
#13004 = EDGE_CURVE('',#8755,#11599,#13005,.T.);
#13005 = SURFACE_CURVE('',#13006,(#13011,#13017),.PCURVE_S1.);
#13006 = CIRCLE('',#13007,1.);
#13007 = AXIS2_PLACEMENT_3D('',#13008,#13009,#13010);
#13008 = CARTESIAN_POINT('',(27.80435094476,-49.,3.));
#13009 = DIRECTION('',(0.,1.,0.));
#13010 = DIRECTION('',(0.999847695156,0.,-1.745240643728E-02));
#13011 = PCURVE('',#8696,#13012);
#13012 = DEFINITIONAL_REPRESENTATION('',(#13013),#13016);
#13013 = B_SPLINE_CURVE_WITH_KNOTS('',1,(#13014,#13015),.UNSPECIFIED.,
  .F.,.F.,(2,2),(0.,1.553343034275),.PIECEWISE_BEZIER_KNOTS.);
#13014 = CARTESIAN_POINT('',(0.,1.745329251994E-02));
#13015 = CARTESIAN_POINT('',(0.,1.570796326795));
#13016 = ( GEOMETRIC_REPRESENTATION_CONTEXT(2) 
PARAMETRIC_REPRESENTATION_CONTEXT() REPRESENTATION_CONTEXT('2D SPACE',''
  ) );
#13017 = PCURVE('',#8903,#13018);
#13018 = DEFINITIONAL_REPRESENTATION('',(#13019),#13022);
#13019 = B_SPLINE_CURVE_WITH_KNOTS('',1,(#13020,#13021),.UNSPECIFIED.,
  .F.,.F.,(2,2),(0.,1.553343034275),.PIECEWISE_BEZIER_KNOTS.);
#13020 = CARTESIAN_POINT('',(0.,98.));
#13021 = CARTESIAN_POINT('',(-1.553343034275,98.));
#13022 = ( GEOMETRIC_REPRESENTATION_CONTEXT(2) 
PARAMETRIC_REPRESENTATION_CONTEXT() REPRESENTATION_CONTEXT('2D SPACE',''
  ) );
#13023 = ORIENTED_EDGE('',*,*,#8776,.T.);
#13024 = ORIENTED_EDGE('',*,*,#8680,.T.);
#13025 = ORIENTED_EDGE('',*,*,#11598,.F.);
#13026 = ADVANCED_FACE('',(#13027),#8872,.F.);
#13027 = FACE_BOUND('',#13028,.T.);
#13028 = EDGE_LOOP('',(#13029,#13030,#13031,#13032));
#13029 = ORIENTED_EDGE('',*,*,#8856,.F.);
#13030 = ORIENTED_EDGE('',*,*,#12980,.T.);
#13031 = ORIENTED_EDGE('',*,*,#11986,.T.);
#13032 = ORIENTED_EDGE('',*,*,#13033,.T.);
#13033 = EDGE_CURVE('',#11967,#8857,#13034,.T.);
#13034 = SURFACE_CURVE('',#13035,(#13056,#13107),.PCURVE_S1.);
#13035 = B_SPLINE_CURVE_WITH_KNOTS('',7,(#13036,#13037,#13038,#13039,
    #13040,#13041,#13042,#13043,#13044,#13045,#13046,#13047,#13048,
    #13049,#13050,#13051,#13052,#13053,#13054,#13055),.UNSPECIFIED.,.F.,
  .F.,(8,6,6,8),(0.,0.713416911673,1.,1.611838365518),.UNSPECIFIED.);
#13036 = CARTESIAN_POINT('',(27.80435094476,41.822740919256,2.));
#13037 = CARTESIAN_POINT('',(27.894000075062,41.822740919256,2.));
#13038 = CARTESIAN_POINT('',(27.983594647891,41.822659093145,
    2.009376343646));
#13039 = CARTESIAN_POINT('',(28.072427169593,41.822495612048,
    2.028109421897));
#13040 = CARTESIAN_POINT('',(28.159691366733,41.822249728882,
    2.056284841938));
#13041 = CARTESIAN_POINT('',(28.244468726218,41.821920556101,
    2.094004306632));
#13042 = CARTESIAN_POINT('',(28.325703064255,41.821507424716,
    2.141344474379));
#13043 = CARTESIAN_POINT('',(28.432877506926,41.820809936189,
    2.22126874314));
#13044 = CARTESIAN_POINT('',(28.462811969137,41.820596478388,
    2.245728584432));
#13045 = CARTESIAN_POINT('',(28.491882550544,41.820369465659,
    2.271741666582));
#13046 = CARTESIAN_POINT('',(28.519996271074,41.820128960778,
    2.299300796198));
#13047 = CARTESIAN_POINT('',(28.547052418942,41.819875096127,
    2.328390803974));
#13048 = CARTESIAN_POINT('',(28.572943838763,41.819608094975,
    2.358986105514));
#13049 = CARTESIAN_POINT('',(28.650108503333,41.818730931208,
    2.459499117464));
#13050 = CARTESIAN_POINT('',(28.69692131825,41.818074278637,
    2.534744049214));
#13051 = CARTESIAN_POINT('',(28.736765212408,41.817362492822,
    2.616306624933));
#13052 = CARTESIAN_POINT('',(28.768371251158,41.816602768488,
    2.703362410838));
#13053 = CARTESIAN_POINT('',(28.790589628244,41.815805969681,
    2.794666510596));
#13054 = CARTESIAN_POINT('',(28.802556588294,41.814987319593,
    2.888474519137));
#13055 = CARTESIAN_POINT('',(28.804198639916,41.814166356309,
    2.982547593563));
#13056 = PCURVE('',#8872,#13057);
#13057 = DEFINITIONAL_REPRESENTATION('',(#13058),#13106);
#13058 = B_SPLINE_CURVE_WITH_KNOTS('',3,(#13059,#13060,#13061,#13062,
    #13063,#13064,#13065,#13066,#13067,#13068,#13069,#13070,#13071,
    #13072,#13073,#13074,#13075,#13076,#13077,#13078,#13079,#13080,
    #13081,#13082,#13083,#13084,#13085,#13086,#13087,#13088,#13089,
    #13090,#13091,#13092,#13093,#13094,#13095,#13096,#13097,#13098,
    #13099,#13100,#13101,#13102,#13103,#13104,#13105),.UNSPECIFIED.,.F.,
  .F.,(4,1,1,1,1,1,1,1,1,1,1,1,1,1,1,1,1,1,1,1,1,1,1,1,1,1,1,1,1,1,1,1,1
    ,1,1,1,1,1,1,1,1,1,1,1,4),(0.,3.663269012542E-02,7.326538025084E-02,
    0.109898070376,0.146530760502,0.183163450627,0.219796140753,
    0.256428830878,0.293061521003,0.329694211129,0.366326901254,
    0.40295959138,0.439592281505,0.47622497163,0.512857661756,
    0.549490351881,0.586123042007,0.622755732132,0.659388422258,
    0.696021112383,0.732653802508,0.769286492634,0.805919182759,
    0.842551872885,0.87918456301,0.915817253135,0.952449943261,
    0.989082633386,1.025715323512,1.062348013637,1.098980703763,
    1.135613393888,1.172246084013,1.208878774139,1.245511464264,
    1.28214415439,1.318776844515,1.35540953464,1.392042224766,
    1.428674914891,1.465307605017,1.501940295142,1.538572985268,
    1.575205675393,1.611838365518),.QUASI_UNIFORM_KNOTS.);
#13059 = CARTESIAN_POINT('',(-1.553343034275,7.177259080744));
#13060 = CARTESIAN_POINT('',(-1.542601988875,7.177259081123));
#13061 = CARTESIAN_POINT('',(-1.521121747674,7.177262100867));
#13062 = CARTESIAN_POINT('',(-1.488894450775,7.177275690178));
#13063 = CARTESIAN_POINT('',(-1.456647551747,7.177298340288));
#13064 = CARTESIAN_POINT('',(-1.424369024553,7.177330058035));
#13065 = CARTESIAN_POINT('',(-1.392047172437,7.177370853238));
#13066 = CARTESIAN_POINT('',(-1.359670628066,7.177420738712));
#13067 = CARTESIAN_POINT('',(-1.327228276708,7.177479729586));
#13068 = CARTESIAN_POINT('',(-1.2947092056,7.177547842861));
#13069 = CARTESIAN_POINT('',(-1.262102650737,7.177625096943));
#13070 = CARTESIAN_POINT('',(-1.229397947565,7.177711511246));
#13071 = CARTESIAN_POINT('',(-1.196584482584,7.177807105814));
#13072 = CARTESIAN_POINT('',(-1.163651645257,7.17791190099));
#13073 = CARTESIAN_POINT('',(-1.13058877927,7.178025917123));
#13074 = CARTESIAN_POINT('',(-1.097385131061,7.178149174318));
#13075 = CARTESIAN_POINT('',(-1.064029798387,7.178281692203));
#13076 = CARTESIAN_POINT('',(-1.030511663378,7.178423489806));
#13077 = CARTESIAN_POINT('',(-0.996819363185,7.17857458522));
#13078 = CARTESIAN_POINT('',(-0.962941095201,7.178734996229));
#13079 = CARTESIAN_POINT('',(-0.928865010047,7.178904737546));
#13080 = CARTESIAN_POINT('',(-0.89457737737,7.179083830862));
#13081 = CARTESIAN_POINT('',(-0.860076176028,7.179272229397));
#13082 = CARTESIAN_POINT('',(-0.825351122293,7.179469918574));
#13083 = CARTESIAN_POINT('',(-0.7903938077,7.1796768654));
#13084 = CARTESIAN_POINT('',(-0.755196309339,7.179893022821));
#13085 = CARTESIAN_POINT('',(-0.719751626278,7.180118325688));
#13086 = CARTESIAN_POINT('',(-0.684053255168,7.180352691561));
#13087 = CARTESIAN_POINT('',(-0.648096485401,7.180596010539));
#13088 = CARTESIAN_POINT('',(-0.611873770608,7.180848174155));
#13089 = CARTESIAN_POINT('',(-0.575364362251,7.18110915473));
#13090 = CARTESIAN_POINT('',(-0.538578004605,7.181378690484));
#13091 = CARTESIAN_POINT('',(-0.501519064789,7.181656528042));
#13092 = CARTESIAN_POINT('',(-0.464194676488,7.181942366319));
#13093 = CARTESIAN_POINT('',(-0.426612641187,7.18223587002));
#13094 = CARTESIAN_POINT('',(-0.3887821034,7.182536664511));
#13095 = CARTESIAN_POINT('',(-0.35071351186,7.182844335732));
#13096 = CARTESIAN_POINT('',(-0.312418802193,7.183158428814));
#13097 = CARTESIAN_POINT('',(-0.273911552053,7.183478447122));
#13098 = CARTESIAN_POINT('',(-0.235207179766,7.183803851259));
#13099 = CARTESIAN_POINT('',(-0.19632316772,7.184134058226));
#13100 = CARTESIAN_POINT('',(-0.157279336928,7.184468440509));
#13101 = CARTESIAN_POINT('',(-0.118098114165,7.184806325826));
#13102 = CARTESIAN_POINT('',(-7.880503384119E-02,7.185146994971));
#13103 = CARTESIAN_POINT('',(-3.942860397983E-02,7.185489687274));
#13104 = CARTESIAN_POINT('',(-1.314474855732E-02,7.185718947944));
#13105 = CARTESIAN_POINT('',(0.,7.185833643691));
#13106 = ( GEOMETRIC_REPRESENTATION_CONTEXT(2) 
PARAMETRIC_REPRESENTATION_CONTEXT() REPRESENTATION_CONTEXT('2D SPACE',''
  ) );
#13107 = PCURVE('',#9359,#13108);
#13108 = DEFINITIONAL_REPRESENTATION('',(#13109),#13157);
#13109 = B_SPLINE_CURVE_WITH_KNOTS('',3,(#13110,#13111,#13112,#13113,
    #13114,#13115,#13116,#13117,#13118,#13119,#13120,#13121,#13122,
    #13123,#13124,#13125,#13126,#13127,#13128,#13129,#13130,#13131,
    #13132,#13133,#13134,#13135,#13136,#13137,#13138,#13139,#13140,
    #13141,#13142,#13143,#13144,#13145,#13146,#13147,#13148,#13149,
    #13150,#13151,#13152,#13153,#13154,#13155,#13156),.UNSPECIFIED.,.F.,
  .F.,(4,1,1,1,1,1,1,1,1,1,1,1,1,1,1,1,1,1,1,1,1,1,1,1,1,1,1,1,1,1,1,1,1
    ,1,1,1,1,1,1,1,1,1,1,1,4),(0.,3.663269012542E-02,7.326538025084E-02,
    0.109898070376,0.146530760502,0.183163450627,0.219796140753,
    0.256428830878,0.293061521003,0.329694211129,0.366326901254,
    0.40295959138,0.439592281505,0.47622497163,0.512857661756,
    0.549490351881,0.586123042007,0.622755732132,0.659388422258,
    0.696021112383,0.732653802508,0.769286492634,0.805919182759,
    0.842551872885,0.87918456301,0.915817253135,0.952449943261,
    0.989082633386,1.025715323512,1.062348013637,1.098980703763,
    1.135613393888,1.172246084013,1.208878774139,1.245511464264,
    1.28214415439,1.318776844515,1.35540953464,1.392042224766,
    1.428674914891,1.465307605017,1.501940295142,1.538572985268,
    1.575205675393,1.611838365518),.QUASI_UNIFORM_KNOTS.);
#13110 = CARTESIAN_POINT('',(-0.644853519965,1.754385964912E-02));
#13111 = CARTESIAN_POINT('',(-0.655602936427,1.754386346425E-02));
#13112 = CARTESIAN_POINT('',(-0.677100811396,1.757421682935E-02));
#13113 = CARTESIAN_POINT('',(-0.709324069842,1.771081163936E-02));
#13114 = CARTESIAN_POINT('',(-0.741503329871,1.793848230363E-02));
#13115 = CARTESIAN_POINT('',(-0.77361732203,1.825729754452E-02));
#13116 = CARTESIAN_POINT('',(-0.805644216463,1.866735607248E-02));
#13117 = CARTESIAN_POINT('',(-0.837561530903,1.916878669737E-02));
#13118 = CARTESIAN_POINT('',(-0.869346132725,1.976174149634E-02));
#13119 = CARTESIAN_POINT('',(-0.900974214298,2.044639133509E-02));
#13120 = CARTESIAN_POINT('',(-0.932421273986,2.122292125154E-02));
#13121 = CARTESIAN_POINT('',(-0.963662094149,2.209152636957E-02));
#13122 = CARTESIAN_POINT('',(-0.994670718439,2.305240816292E-02));
#13123 = CARTESIAN_POINT('',(-1.025420427834,2.410577112133E-02));
#13124 = CARTESIAN_POINT('',(-1.055883715367,2.525181979021E-02));
#13125 = CARTESIAN_POINT('',(-1.086032260297,2.64907562472E-02));
#13126 = CARTESIAN_POINT('',(-1.115836898777,2.782277779017E-02));
#13127 = CARTESIAN_POINT('',(-1.145267602055,2.924807567565E-02));
#13128 = CARTESIAN_POINT('',(-1.174293421035,3.076683177701E-02));
#13129 = CARTESIAN_POINT('',(-1.202882550845,3.237922484597E-02));
#13130 = CARTESIAN_POINT('',(-1.231001942014,3.408540277394E-02));
#13131 = CARTESIAN_POINT('',(-1.258618598204,3.588558358369E-02));
#13132 = CARTESIAN_POINT('',(-1.285688862261,3.777929707719E-02));
#13133 = CARTESIAN_POINT('',(-1.312174728253,3.976639672647E-02));
#13134 = CARTESIAN_POINT('',(-1.338035382324,4.184655088835E-02));
#13135 = CARTESIAN_POINT('',(-1.363228479508,4.401928659918E-02));
#13136 = CARTESIAN_POINT('',(-1.387709881258,4.628394899993E-02));
#13137 = CARTESIAN_POINT('',(-1.411434067711,4.863970943768E-02));
#13138 = CARTESIAN_POINT('',(-1.43435338991,5.108546323146E-02));
#13139 = CARTESIAN_POINT('',(-1.456421287234,5.362012010413E-02));
#13140 = CARTESIAN_POINT('',(-1.477597386929,5.624340183885E-02));
#13141 = CARTESIAN_POINT('',(-1.497822336364,5.895267712878E-02));
#13142 = CARTESIAN_POINT('',(-1.517040887403,6.174539911607E-02));
#13143 = CARTESIAN_POINT('',(-1.535197059299,6.46185414243E-02));
#13144 = CARTESIAN_POINT('',(-1.55223585291,6.756873378281E-02));
#13145 = CARTESIAN_POINT('',(-1.568103233553,7.059221051487E-02));
#13146 = CARTESIAN_POINT('',(-1.582746607702,7.368480963046E-02));
#13147 = CARTESIAN_POINT('',(-1.596115203323,7.684195895261E-02));
#13148 = CARTESIAN_POINT('',(-1.608160517391,8.005866648408E-02));
#13149 = CARTESIAN_POINT('',(-1.618836794611,8.332951042191E-02));
#13150 = CARTESIAN_POINT('',(-1.628101545692,8.664863064677E-02));
#13151 = CARTESIAN_POINT('',(-1.635916135709,9.000971963537E-02));
#13152 = CARTESIAN_POINT('',(-1.642246340068,9.340601983939E-02));
#13153 = CARTESIAN_POINT('',(-1.647063275406,9.683030207278E-02));
#13154 = CARTESIAN_POINT('',(-1.650343206526,0.10027492036));
#13155 = CARTESIAN_POINT('',(-1.651495632462,0.102579365158));
#13156 = CARTESIAN_POINT('',(-1.651810465529,0.103732245049));
#13157 = ( GEOMETRIC_REPRESENTATION_CONTEXT(2) 
PARAMETRIC_REPRESENTATION_CONTEXT() REPRESENTATION_CONTEXT('2D SPACE',''
  ) );
#13158 = ADVANCED_FACE('',(#13159),#9359,.T.);
#13159 = FACE_BOUND('',#13160,.T.);
#13160 = EDGE_LOOP('',(#13161,#13162,#13184,#13204,#13205));
#13161 = ORIENTED_EDGE('',*,*,#11966,.F.);
#13162 = ORIENTED_EDGE('',*,*,#13163,.T.);
#13163 = EDGE_CURVE('',#11942,#13164,#13166,.T.);
#13164 = VERTEX_POINT('',#13165);
#13165 = CARTESIAN_POINT('',(25.02,41.725,13.2));
#13166 = SURFACE_CURVE('',#13167,(#13170,#13177),.PCURVE_S1.);
#13167 = B_SPLINE_CURVE_WITH_KNOTS('',1,(#13168,#13169),.UNSPECIFIED.,
  .F.,.F.,(2,2),(0.,1.),.PIECEWISE_BEZIER_KNOTS.);
#13168 = CARTESIAN_POINT('',(24.920513707185,41.824486292815,1.8));
#13169 = CARTESIAN_POINT('',(25.02,41.725,13.2));
#13170 = PCURVE('',#9359,#13171);
#13171 = DEFINITIONAL_REPRESENTATION('',(#13172),#13176);
#13172 = LINE('',#13173,#13174);
#13173 = CARTESIAN_POINT('',(2.239486292815,0.));
#13174 = VECTOR('',#13175,1.);
#13175 = DIRECTION('',(0.,1.));
#13176 = ( GEOMETRIC_REPRESENTATION_CONTEXT(2) 
PARAMETRIC_REPRESENTATION_CONTEXT() REPRESENTATION_CONTEXT('2D SPACE',''
  ) );
#13177 = PCURVE('',#11955,#13178);
#13178 = DEFINITIONAL_REPRESENTATION('',(#13179),#13183);
#13179 = LINE('',#13180,#13181);
#13180 = CARTESIAN_POINT('',(-0.699486292815,0.));
#13181 = VECTOR('',#13182,1.);
#13182 = DIRECTION('',(0.,1.));
#13183 = ( GEOMETRIC_REPRESENTATION_CONTEXT(2) 
PARAMETRIC_REPRESENTATION_CONTEXT() REPRESENTATION_CONTEXT('2D SPACE',''
  ) );
#13184 = ORIENTED_EDGE('',*,*,#13185,.T.);
#13185 = EDGE_CURVE('',#13164,#9316,#13186,.T.);
#13186 = SURFACE_CURVE('',#13187,(#13191,#13197),.PCURVE_S1.);
#13187 = LINE('',#13188,#13189);
#13188 = CARTESIAN_POINT('',(27.16,41.725,13.2));
#13189 = VECTOR('',#13190,1.);
#13190 = DIRECTION('',(1.,0.,0.));
#13191 = PCURVE('',#9359,#13192);
#13192 = DEFINITIONAL_REPRESENTATION('',(#13193),#13196);
#13193 = B_SPLINE_CURVE_WITH_KNOTS('',1,(#13194,#13195),.UNSPECIFIED.,
  .F.,.F.,(2,2),(-2.14,2.14),.PIECEWISE_BEZIER_KNOTS.);
#13194 = CARTESIAN_POINT('',(2.239486292815,1.));
#13195 = CARTESIAN_POINT('',(-2.239486292815,1.));
#13196 = ( GEOMETRIC_REPRESENTATION_CONTEXT(2) 
PARAMETRIC_REPRESENTATION_CONTEXT() REPRESENTATION_CONTEXT('2D SPACE',''
  ) );
#13197 = PCURVE('',#9330,#13198);
#13198 = DEFINITIONAL_REPRESENTATION('',(#13199),#13203);
#13199 = LINE('',#13200,#13201);
#13200 = CARTESIAN_POINT('',(2.384499306408,0.577722301575));
#13201 = VECTOR('',#13202,1.);
#13202 = DIRECTION('',(0.962870502626,-0.269963692325));
#13203 = ( GEOMETRIC_REPRESENTATION_CONTEXT(2) 
PARAMETRIC_REPRESENTATION_CONTEXT() REPRESENTATION_CONTEXT('2D SPACE',''
  ) );
#13204 = ORIENTED_EDGE('',*,*,#9341,.F.);
#13205 = ORIENTED_EDGE('',*,*,#13033,.F.);
#13206 = ADVANCED_FACE('',(#13207),#9330,.T.);
#13207 = FACE_BOUND('',#13208,.T.);
#13208 = EDGE_LOOP('',(#13209,#13231,#13251,#13252));
#13209 = ORIENTED_EDGE('',*,*,#13210,.F.);
#13210 = EDGE_CURVE('',#13211,#13164,#13213,.T.);
#13211 = VERTEX_POINT('',#13212);
#13212 = CARTESIAN_POINT('',(25.02,40.525,13.2));
#13213 = SURFACE_CURVE('',#13214,(#13218,#13225),.PCURVE_S1.);
#13214 = LINE('',#13215,#13216);
#13215 = CARTESIAN_POINT('',(25.02,41.125,13.2));
#13216 = VECTOR('',#13217,1.);
#13217 = DIRECTION('',(0.,1.,0.));
#13218 = PCURVE('',#9330,#13219);
#13219 = DEFINITIONAL_REPRESENTATION('',(#13220),#13224);
#13220 = LINE('',#13221,#13222);
#13221 = CARTESIAN_POINT('',(0.161978215395,0.577722301575));
#13222 = VECTOR('',#13223,1.);
#13223 = DIRECTION('',(0.269963692325,0.962870502626));
#13224 = ( GEOMETRIC_REPRESENTATION_CONTEXT(2) 
PARAMETRIC_REPRESENTATION_CONTEXT() REPRESENTATION_CONTEXT('2D SPACE',''
  ) );
#13225 = PCURVE('',#11955,#13226);
#13226 = DEFINITIONAL_REPRESENTATION('',(#13227),#13230);
#13227 = B_SPLINE_CURVE_WITH_KNOTS('',1,(#13228,#13229),.UNSPECIFIED.,
  .F.,.F.,(2,2),(-0.6,0.6),.PIECEWISE_BEZIER_KNOTS.);
#13228 = CARTESIAN_POINT('',(0.699486292815,1.));
#13229 = CARTESIAN_POINT('',(-0.699486292815,1.));
#13230 = ( GEOMETRIC_REPRESENTATION_CONTEXT(2) 
PARAMETRIC_REPRESENTATION_CONTEXT() REPRESENTATION_CONTEXT('2D SPACE',''
  ) );
#13231 = ORIENTED_EDGE('',*,*,#13232,.T.);
#13232 = EDGE_CURVE('',#13211,#9282,#13233,.T.);
#13233 = SURFACE_CURVE('',#13234,(#13238,#13245),.PCURVE_S1.);
#13234 = LINE('',#13235,#13236);
#13235 = CARTESIAN_POINT('',(27.16,40.525,13.2));
#13236 = VECTOR('',#13237,1.);
#13237 = DIRECTION('',(1.,0.,0.));
#13238 = PCURVE('',#9330,#13239);
#13239 = DEFINITIONAL_REPRESENTATION('',(#13240),#13244);
#13240 = LINE('',#13241,#13242);
#13241 = CARTESIAN_POINT('',(2.060542875619,-0.577722301575));
#13242 = VECTOR('',#13243,1.);
#13243 = DIRECTION('',(0.962870502626,-0.269963692325));
#13244 = ( GEOMETRIC_REPRESENTATION_CONTEXT(2) 
PARAMETRIC_REPRESENTATION_CONTEXT() REPRESENTATION_CONTEXT('2D SPACE',''
  ) );
#13245 = PCURVE('',#9301,#13246);
#13246 = DEFINITIONAL_REPRESENTATION('',(#13247),#13250);
#13247 = B_SPLINE_CURVE_WITH_KNOTS('',1,(#13248,#13249),.UNSPECIFIED.,
  .F.,.F.,(2,2),(-2.14,2.14),.PIECEWISE_BEZIER_KNOTS.);
#13248 = CARTESIAN_POINT('',(-2.239486292815,1.));
#13249 = CARTESIAN_POINT('',(2.239486292815,1.));
#13250 = ( GEOMETRIC_REPRESENTATION_CONTEXT(2) 
PARAMETRIC_REPRESENTATION_CONTEXT() REPRESENTATION_CONTEXT('2D SPACE',''
  ) );
#13251 = ORIENTED_EDGE('',*,*,#9315,.F.);
#13252 = ORIENTED_EDGE('',*,*,#13185,.F.);
#13253 = ADVANCED_FACE('',(#13254),#9301,.T.);
#13254 = FACE_BOUND('',#13255,.T.);
#13255 = EDGE_LOOP('',(#13256,#13276,#13277,#13331,#13332));
#13256 = ORIENTED_EDGE('',*,*,#13257,.F.);
#13257 = EDGE_CURVE('',#11922,#13211,#13258,.T.);
#13258 = SURFACE_CURVE('',#13259,(#13262,#13269),.PCURVE_S1.);
#13259 = B_SPLINE_CURVE_WITH_KNOTS('',1,(#13260,#13261),.UNSPECIFIED.,
  .F.,.F.,(2,2),(0.,1.),.PIECEWISE_BEZIER_KNOTS.);
#13260 = CARTESIAN_POINT('',(24.920513707185,40.425513707185,1.8));
#13261 = CARTESIAN_POINT('',(25.02,40.525,13.2));
#13262 = PCURVE('',#9301,#13263);
#13263 = DEFINITIONAL_REPRESENTATION('',(#13264),#13268);
#13264 = LINE('',#13265,#13266);
#13265 = CARTESIAN_POINT('',(-2.239486292815,0.));
#13266 = VECTOR('',#13267,1.);
#13267 = DIRECTION('',(0.,1.));
#13268 = ( GEOMETRIC_REPRESENTATION_CONTEXT(2) 
PARAMETRIC_REPRESENTATION_CONTEXT() REPRESENTATION_CONTEXT('2D SPACE',''
  ) );
#13269 = PCURVE('',#11955,#13270);
#13270 = DEFINITIONAL_REPRESENTATION('',(#13271),#13275);
#13271 = LINE('',#13272,#13273);
#13272 = CARTESIAN_POINT('',(0.699486292815,0.));
#13273 = VECTOR('',#13274,1.);
#13274 = DIRECTION('',(0.,1.));
#13275 = ( GEOMETRIC_REPRESENTATION_CONTEXT(2) 
PARAMETRIC_REPRESENTATION_CONTEXT() REPRESENTATION_CONTEXT('2D SPACE',''
  ) );
#13276 = ORIENTED_EDGE('',*,*,#11921,.F.);
#13277 = ORIENTED_EDGE('',*,*,#13278,.F.);
#13278 = EDGE_CURVE('',#9254,#11899,#13279,.T.);
#13279 = SURFACE_CURVE('',#13280,(#13295,#13313),.PCURVE_S1.);
#13280 = B_SPLINE_CURVE_WITH_KNOTS('',7,(#13281,#13282,#13283,#13284,
    #13285,#13286,#13287,#13288,#13289,#13290,#13291,#13292,#13293,
    #13294),.UNSPECIFIED.,.F.,.F.,(8,6,8),(0.,0.378627714292,1.),
  .UNSPECIFIED.);
#13281 = CARTESIAN_POINT('',(28.804198639916,40.435833643691,
    2.982547593563));
#13282 = CARTESIAN_POINT('',(28.802559557225,40.43501416476,
    2.888644609054));
#13283 = CARTESIAN_POINT('',(28.790632866987,40.434196988177,
    2.795005447547));
#13284 = CARTESIAN_POINT('',(28.768491517641,40.433401541345,
    2.703856268813));
#13285 = CARTESIAN_POINT('',(28.736992766386,40.432642977833,
    2.61693349992));
#13286 = CARTESIAN_POINT('',(28.697279382044,40.431932124377,
    2.535477762008));
#13287 = CARTESIAN_POINT('',(28.650613419592,40.431276161194,
    2.460311826242));
#13288 = CARTESIAN_POINT('',(28.512238215271,40.429699640547,
    2.27966045347));
#13289 = CARTESIAN_POINT('',(28.410931508396,40.428880187224,
    2.185760403306));
#13290 = CARTESIAN_POINT('',(28.298787962472,40.428227353063,
    2.110953018006));
#13291 = CARTESIAN_POINT('',(28.17941534268,40.427741713266,
    2.055304209251));
#13292 = CARTESIAN_POINT('',(28.055802137581,40.427420352005,
    2.018479856132));
#13293 = CARTESIAN_POINT('',(27.930210143249,40.427259080743,2.));
#13294 = CARTESIAN_POINT('',(27.80435094476,40.427259080743,2.));
#13295 = PCURVE('',#9301,#13296);
#13296 = DEFINITIONAL_REPRESENTATION('',(#13297),#13312);
#13297 = B_SPLINE_CURVE_WITH_KNOTS('',7,(#13298,#13299,#13300,#13301,
    #13302,#13303,#13304,#13305,#13306,#13307,#13308,#13309,#13310,
    #13311),.UNSPECIFIED.,.F.,.F.,(8,6,8),(0.,0.378627714292,1.),
  .UNSPECIFIED.);
#13298 = CARTESIAN_POINT('',(1.651810465529,0.103732245049));
#13299 = CARTESIAN_POINT('',(1.649556561472,9.549514114513E-02));
#13300 = CARTESIAN_POINT('',(1.636971063617,8.728117960942E-02));
#13301 = CARTESIAN_POINT('',(1.614157588213,7.928563761516E-02));
#13302 = CARTESIAN_POINT('',(1.582004028917,7.166083332627E-02));
#13303 = CARTESIAN_POINT('',(1.541674738253,6.451559315859E-02));
#13304 = CARTESIAN_POINT('',(1.494444696758,5.792209002122E-02));
#13305 = CARTESIAN_POINT('',(1.354732437652,4.207547837455E-02));
#13306 = CARTESIAN_POINT('',(1.252751633999,3.383863186892E-02));
#13307 = CARTESIAN_POINT('',(1.140107039055,2.727658052686E-02));
#13308 = CARTESIAN_POINT('',(1.020387667235,2.239510607469E-02));
#13309 = CARTESIAN_POINT('',(0.896547310739,1.916489966069E-02));
#13310 = CARTESIAN_POINT('',(0.770810885009,1.754385964912E-02));
#13311 = CARTESIAN_POINT('',(0.644853519965,1.754385964912E-02));
#13312 = ( GEOMETRIC_REPRESENTATION_CONTEXT(2) 
PARAMETRIC_REPRESENTATION_CONTEXT() REPRESENTATION_CONTEXT('2D SPACE',''
  ) );
#13313 = PCURVE('',#9269,#13314);
#13314 = DEFINITIONAL_REPRESENTATION('',(#13315),#13330);
#13315 = B_SPLINE_CURVE_WITH_KNOTS('',7,(#13316,#13317,#13318,#13319,
    #13320,#13321,#13322,#13323,#13324,#13325,#13326,#13327,#13328,
    #13329),.UNSPECIFIED.,.F.,.F.,(8,6,8),(0.,0.378627714292,1.),
  .UNSPECIFIED.);
#13316 = CARTESIAN_POINT('',(0.,8.564166356309));
#13317 = CARTESIAN_POINT('',(-9.391728856618E-02,8.56498583524));
#13318 = CARTESIAN_POINT('',(-0.187750088024,8.565803011823));
#13319 = CARTESIAN_POINT('',(-0.280626232947,8.566598458655));
#13320 = CARTESIAN_POINT('',(-0.372129566539,8.567357022167));
#13321 = CARTESIAN_POINT('',(-0.461987394039,8.568067875623));
#13322 = CARTESIAN_POINT('',(-0.550036607708,8.568723838806));
#13323 = CARTESIAN_POINT('',(-0.777594546825,8.570300359453));
#13324 = CARTESIAN_POINT('',(-0.913742361288,8.571119812776));
#13325 = CARTESIAN_POINT('',(-1.045939402098,8.571772646937));
#13326 = CARTESIAN_POINT('',(-1.175022440007,8.572258286734));
#13327 = CARTESIAN_POINT('',(-1.301891949565,8.572579647995));
#13328 = CARTESIAN_POINT('',(-1.427483835786,8.572740919257));
#13329 = CARTESIAN_POINT('',(-1.553343034275,8.572740919257));
#13330 = ( GEOMETRIC_REPRESENTATION_CONTEXT(2) 
PARAMETRIC_REPRESENTATION_CONTEXT() REPRESENTATION_CONTEXT('2D SPACE',''
  ) );
#13331 = ORIENTED_EDGE('',*,*,#9281,.T.);
#13332 = ORIENTED_EDGE('',*,*,#13232,.F.);
#13333 = ADVANCED_FACE('',(#13334),#9269,.F.);
#13334 = FACE_BOUND('',#13335,.T.);
#13335 = EDGE_LOOP('',(#13336,#13337,#13338,#13339));
#13336 = ORIENTED_EDGE('',*,*,#9253,.F.);
#13337 = ORIENTED_EDGE('',*,*,#13278,.T.);
#13338 = ORIENTED_EDGE('',*,*,#11898,.T.);
#13339 = ORIENTED_EDGE('',*,*,#13340,.T.);
#13340 = EDGE_CURVE('',#11879,#9220,#13341,.T.);
#13341 = SURFACE_CURVE('',#13342,(#13363,#13414),.PCURVE_S1.);
#13342 = B_SPLINE_CURVE_WITH_KNOTS('',7,(#13343,#13344,#13345,#13346,
    #13347,#13348,#13349,#13350,#13351,#13352,#13353,#13354,#13355,
    #13356,#13357,#13358,#13359,#13360,#13361,#13362),.UNSPECIFIED.,.F.,
  .F.,(8,6,6,8),(0.,0.713416911674,1.,1.611838365518),.UNSPECIFIED.);
#13343 = CARTESIAN_POINT('',(27.80435094476,-2.177259080744,2.));
#13344 = CARTESIAN_POINT('',(27.894000075062,-2.177259080744,2.));
#13345 = CARTESIAN_POINT('',(27.983594647891,-2.177340906855,
    2.009376343646));
#13346 = CARTESIAN_POINT('',(28.072427169593,-2.177504387952,
    2.028109421897));
#13347 = CARTESIAN_POINT('',(28.159691366734,-2.177750271118,
    2.056284841938));
#13348 = CARTESIAN_POINT('',(28.244468726218,-2.178079443899,
    2.094004306633));
#13349 = CARTESIAN_POINT('',(28.325703064256,-2.178492575284,
    2.141344474379));
#13350 = CARTESIAN_POINT('',(28.432877506926,-2.179190063811,
    2.221268743141));
#13351 = CARTESIAN_POINT('',(28.462811969137,-2.179403521612,
    2.245728584432));
#13352 = CARTESIAN_POINT('',(28.491882550544,-2.179630534341,
    2.271741666582));
#13353 = CARTESIAN_POINT('',(28.519996271074,-2.179871039222,
    2.299300796198));
#13354 = CARTESIAN_POINT('',(28.547052418942,-2.180124903873,
    2.328390803974));
#13355 = CARTESIAN_POINT('',(28.572943838763,-2.180391905025,
    2.358986105514));
#13356 = CARTESIAN_POINT('',(28.650108503333,-2.181269068792,
    2.459499117464));
#13357 = CARTESIAN_POINT('',(28.69692131825,-2.181925721363,
    2.534744049214));
#13358 = CARTESIAN_POINT('',(28.736765212408,-2.182637507178,
    2.616306624933));
#13359 = CARTESIAN_POINT('',(28.768371251158,-2.183397231512,
    2.703362410838));
#13360 = CARTESIAN_POINT('',(28.790589628244,-2.184194030319,
    2.794666510596));
#13361 = CARTESIAN_POINT('',(28.802556588294,-2.185012680407,
    2.888474519137));
#13362 = CARTESIAN_POINT('',(28.804198639916,-2.185833643691,
    2.982547593563));
#13363 = PCURVE('',#9269,#13364);
#13364 = DEFINITIONAL_REPRESENTATION('',(#13365),#13413);
#13365 = B_SPLINE_CURVE_WITH_KNOTS('',3,(#13366,#13367,#13368,#13369,
    #13370,#13371,#13372,#13373,#13374,#13375,#13376,#13377,#13378,
    #13379,#13380,#13381,#13382,#13383,#13384,#13385,#13386,#13387,
    #13388,#13389,#13390,#13391,#13392,#13393,#13394,#13395,#13396,
    #13397,#13398,#13399,#13400,#13401,#13402,#13403,#13404,#13405,
    #13406,#13407,#13408,#13409,#13410,#13411,#13412),.UNSPECIFIED.,.F.,
  .F.,(4,1,1,1,1,1,1,1,1,1,1,1,1,1,1,1,1,1,1,1,1,1,1,1,1,1,1,1,1,1,1,1,1
    ,1,1,1,1,1,1,1,1,1,1,1,4),(0.,3.663269012542E-02,7.326538025084E-02,
    0.109898070376,0.146530760502,0.183163450627,0.219796140753,
    0.256428830878,0.293061521003,0.329694211129,0.366326901254,
    0.40295959138,0.439592281505,0.47622497163,0.512857661756,
    0.549490351881,0.586123042007,0.622755732132,0.659388422258,
    0.696021112383,0.732653802508,0.769286492634,0.805919182759,
    0.842551872885,0.87918456301,0.915817253135,0.952449943261,
    0.989082633386,1.025715323512,1.062348013637,1.098980703763,
    1.135613393888,1.172246084013,1.208878774139,1.245511464264,
    1.28214415439,1.318776844515,1.35540953464,1.392042224766,
    1.428674914891,1.465307605017,1.501940295142,1.538572985268,
    1.575205675393,1.611838365518),.QUASI_UNIFORM_KNOTS.);
#13366 = CARTESIAN_POINT('',(-1.553343034275,51.177259080744));
#13367 = CARTESIAN_POINT('',(-1.542601988875,51.177259081123));
#13368 = CARTESIAN_POINT('',(-1.521121747674,51.177262100867));
#13369 = CARTESIAN_POINT('',(-1.488894450775,51.177275690178));
#13370 = CARTESIAN_POINT('',(-1.456647551747,51.177298340288));
#13371 = CARTESIAN_POINT('',(-1.424369024553,51.177330058035));
#13372 = CARTESIAN_POINT('',(-1.392047172437,51.177370853238));
#13373 = CARTESIAN_POINT('',(-1.359670628066,51.177420738712));
#13374 = CARTESIAN_POINT('',(-1.327228276708,51.177479729586));
#13375 = CARTESIAN_POINT('',(-1.2947092056,51.177547842861));
#13376 = CARTESIAN_POINT('',(-1.262102650737,51.177625096943));
#13377 = CARTESIAN_POINT('',(-1.229397947565,51.177711511246));
#13378 = CARTESIAN_POINT('',(-1.196584482584,51.177807105814));
#13379 = CARTESIAN_POINT('',(-1.163651645257,51.17791190099));
#13380 = CARTESIAN_POINT('',(-1.13058877927,51.178025917123));
#13381 = CARTESIAN_POINT('',(-1.097385131061,51.178149174318));
#13382 = CARTESIAN_POINT('',(-1.064029798387,51.178281692203));
#13383 = CARTESIAN_POINT('',(-1.030511663378,51.178423489806));
#13384 = CARTESIAN_POINT('',(-0.996819363185,51.178574585221));
#13385 = CARTESIAN_POINT('',(-0.962941095201,51.178734996229));
#13386 = CARTESIAN_POINT('',(-0.928865010046,51.178904737546));
#13387 = CARTESIAN_POINT('',(-0.89457737737,51.179083830862));
#13388 = CARTESIAN_POINT('',(-0.860076176028,51.179272229397));
#13389 = CARTESIAN_POINT('',(-0.825351122293,51.179469918574));
#13390 = CARTESIAN_POINT('',(-0.7903938077,51.1796768654));
#13391 = CARTESIAN_POINT('',(-0.755196309339,51.179893022821));
#13392 = CARTESIAN_POINT('',(-0.719751626278,51.180118325688));
#13393 = CARTESIAN_POINT('',(-0.684053255168,51.180352691561));
#13394 = CARTESIAN_POINT('',(-0.648096485401,51.180596010539));
#13395 = CARTESIAN_POINT('',(-0.611873770608,51.180848174155));
#13396 = CARTESIAN_POINT('',(-0.575364362251,51.18110915473));
#13397 = CARTESIAN_POINT('',(-0.538578004605,51.181378690484));
#13398 = CARTESIAN_POINT('',(-0.501519064789,51.181656528042));
#13399 = CARTESIAN_POINT('',(-0.464194676488,51.181942366319));
#13400 = CARTESIAN_POINT('',(-0.426612641187,51.18223587002));
#13401 = CARTESIAN_POINT('',(-0.3887821034,51.182536664511));
#13402 = CARTESIAN_POINT('',(-0.35071351186,51.182844335732));
#13403 = CARTESIAN_POINT('',(-0.312418802193,51.183158428814));
#13404 = CARTESIAN_POINT('',(-0.273911552053,51.183478447122));
#13405 = CARTESIAN_POINT('',(-0.235207179766,51.183803851259));
#13406 = CARTESIAN_POINT('',(-0.19632316772,51.184134058226));
#13407 = CARTESIAN_POINT('',(-0.157279336928,51.184468440509));
#13408 = CARTESIAN_POINT('',(-0.118098114165,51.184806325826));
#13409 = CARTESIAN_POINT('',(-7.880503384119E-02,51.185146994971));
#13410 = CARTESIAN_POINT('',(-3.942860397983E-02,51.185489687274));
#13411 = CARTESIAN_POINT('',(-1.314474855732E-02,51.185718947944));
#13412 = CARTESIAN_POINT('',(0.,51.185833643691));
#13413 = ( GEOMETRIC_REPRESENTATION_CONTEXT(2) 
PARAMETRIC_REPRESENTATION_CONTEXT() REPRESENTATION_CONTEXT('2D SPACE',''
  ) );
#13414 = PCURVE('',#9239,#13415);
#13415 = DEFINITIONAL_REPRESENTATION('',(#13416),#13464);
#13416 = B_SPLINE_CURVE_WITH_KNOTS('',3,(#13417,#13418,#13419,#13420,
    #13421,#13422,#13423,#13424,#13425,#13426,#13427,#13428,#13429,
    #13430,#13431,#13432,#13433,#13434,#13435,#13436,#13437,#13438,
    #13439,#13440,#13441,#13442,#13443,#13444,#13445,#13446,#13447,
    #13448,#13449,#13450,#13451,#13452,#13453,#13454,#13455,#13456,
    #13457,#13458,#13459,#13460,#13461,#13462,#13463),.UNSPECIFIED.,.F.,
  .F.,(4,1,1,1,1,1,1,1,1,1,1,1,1,1,1,1,1,1,1,1,1,1,1,1,1,1,1,1,1,1,1,1,1
    ,1,1,1,1,1,1,1,1,1,1,1,4),(0.,3.663269012542E-02,7.326538025084E-02,
    0.109898070376,0.146530760502,0.183163450627,0.219796140753,
    0.256428830878,0.293061521003,0.329694211129,0.366326901254,
    0.40295959138,0.439592281505,0.47622497163,0.512857661756,
    0.549490351881,0.586123042007,0.622755732132,0.659388422258,
    0.696021112383,0.732653802508,0.769286492634,0.805919182759,
    0.842551872885,0.87918456301,0.915817253135,0.952449943261,
    0.989082633386,1.025715323512,1.062348013637,1.098980703763,
    1.135613393888,1.172246084013,1.208878774139,1.245511464264,
    1.28214415439,1.318776844515,1.35540953464,1.392042224766,
    1.428674914891,1.465307605017,1.501940295142,1.538572985268,
    1.575205675393,1.611838365518),.QUASI_UNIFORM_KNOTS.);
#13417 = CARTESIAN_POINT('',(-0.644853519965,1.754385964912E-02));
#13418 = CARTESIAN_POINT('',(-0.655602936427,1.754386346425E-02));
#13419 = CARTESIAN_POINT('',(-0.677100811396,1.757421682935E-02));
#13420 = CARTESIAN_POINT('',(-0.709324069842,1.771081163936E-02));
#13421 = CARTESIAN_POINT('',(-0.741503329871,1.793848230363E-02));
#13422 = CARTESIAN_POINT('',(-0.77361732203,1.825729754452E-02));
#13423 = CARTESIAN_POINT('',(-0.805644216463,1.866735607248E-02));
#13424 = CARTESIAN_POINT('',(-0.837561530903,1.916878669737E-02));
#13425 = CARTESIAN_POINT('',(-0.869346132725,1.976174149635E-02));
#13426 = CARTESIAN_POINT('',(-0.900974214298,2.044639133509E-02));
#13427 = CARTESIAN_POINT('',(-0.932421273986,2.122292125154E-02));
#13428 = CARTESIAN_POINT('',(-0.963662094149,2.209152636957E-02));
#13429 = CARTESIAN_POINT('',(-0.994670718439,2.305240816292E-02));
#13430 = CARTESIAN_POINT('',(-1.025420427834,2.410577112133E-02));
#13431 = CARTESIAN_POINT('',(-1.055883715367,2.525181979021E-02));
#13432 = CARTESIAN_POINT('',(-1.086032260297,2.64907562472E-02));
#13433 = CARTESIAN_POINT('',(-1.115836898777,2.782277779017E-02));
#13434 = CARTESIAN_POINT('',(-1.145267602055,2.924807567565E-02));
#13435 = CARTESIAN_POINT('',(-1.174293421035,3.076683177701E-02));
#13436 = CARTESIAN_POINT('',(-1.202882550845,3.237922484597E-02));
#13437 = CARTESIAN_POINT('',(-1.231001942014,3.408540277394E-02));
#13438 = CARTESIAN_POINT('',(-1.258618598204,3.588558358369E-02));
#13439 = CARTESIAN_POINT('',(-1.285688862261,3.77792970772E-02));
#13440 = CARTESIAN_POINT('',(-1.312174728253,3.976639672647E-02));
#13441 = CARTESIAN_POINT('',(-1.338035382324,4.184655088835E-02));
#13442 = CARTESIAN_POINT('',(-1.363228479508,4.401928659918E-02));
#13443 = CARTESIAN_POINT('',(-1.387709881258,4.628394899993E-02));
#13444 = CARTESIAN_POINT('',(-1.411434067711,4.863970943768E-02));
#13445 = CARTESIAN_POINT('',(-1.43435338991,5.108546323146E-02));
#13446 = CARTESIAN_POINT('',(-1.456421287234,5.362012010413E-02));
#13447 = CARTESIAN_POINT('',(-1.477597386929,5.624340183885E-02));
#13448 = CARTESIAN_POINT('',(-1.497822336364,5.895267712878E-02));
#13449 = CARTESIAN_POINT('',(-1.517040887403,6.174539911607E-02));
#13450 = CARTESIAN_POINT('',(-1.535197059299,6.46185414243E-02));
#13451 = CARTESIAN_POINT('',(-1.55223585291,6.756873378281E-02));
#13452 = CARTESIAN_POINT('',(-1.568103233553,7.059221051487E-02));
#13453 = CARTESIAN_POINT('',(-1.582746607702,7.368480963046E-02));
#13454 = CARTESIAN_POINT('',(-1.596115203323,7.684195895261E-02));
#13455 = CARTESIAN_POINT('',(-1.608160517391,8.005866648408E-02));
#13456 = CARTESIAN_POINT('',(-1.618836794611,8.332951042191E-02));
#13457 = CARTESIAN_POINT('',(-1.628101545692,8.664863064677E-02));
#13458 = CARTESIAN_POINT('',(-1.635916135709,9.000971963537E-02));
#13459 = CARTESIAN_POINT('',(-1.642246340068,9.340601983939E-02));
#13460 = CARTESIAN_POINT('',(-1.647063275406,9.683030207278E-02));
#13461 = CARTESIAN_POINT('',(-1.650343206526,0.10027492036));
#13462 = CARTESIAN_POINT('',(-1.651495632462,0.102579365158));
#13463 = CARTESIAN_POINT('',(-1.651810465529,0.103732245049));
#13464 = ( GEOMETRIC_REPRESENTATION_CONTEXT(2) 
PARAMETRIC_REPRESENTATION_CONTEXT() REPRESENTATION_CONTEXT('2D SPACE',''
  ) );
#13465 = ADVANCED_FACE('',(#13466),#9239,.T.);
#13466 = FACE_BOUND('',#13467,.T.);
#13467 = EDGE_LOOP('',(#13468,#13469,#13491,#13511,#13512));
#13468 = ORIENTED_EDGE('',*,*,#11878,.F.);
#13469 = ORIENTED_EDGE('',*,*,#13470,.T.);
#13470 = EDGE_CURVE('',#11854,#13471,#13473,.T.);
#13471 = VERTEX_POINT('',#13472);
#13472 = CARTESIAN_POINT('',(25.02,-2.275,13.2));
#13473 = SURFACE_CURVE('',#13474,(#13477,#13484),.PCURVE_S1.);
#13474 = B_SPLINE_CURVE_WITH_KNOTS('',1,(#13475,#13476),.UNSPECIFIED.,
  .F.,.F.,(2,2),(0.,1.),.PIECEWISE_BEZIER_KNOTS.);
#13475 = CARTESIAN_POINT('',(24.920513707185,-2.175513707185,1.8));
#13476 = CARTESIAN_POINT('',(25.02,-2.275,13.2));
#13477 = PCURVE('',#9239,#13478);
#13478 = DEFINITIONAL_REPRESENTATION('',(#13479),#13483);
#13479 = LINE('',#13480,#13481);
#13480 = CARTESIAN_POINT('',(2.239486292815,0.));
#13481 = VECTOR('',#13482,1.);
#13482 = DIRECTION('',(0.,1.));
#13483 = ( GEOMETRIC_REPRESENTATION_CONTEXT(2) 
PARAMETRIC_REPRESENTATION_CONTEXT() REPRESENTATION_CONTEXT('2D SPACE',''
  ) );
#13484 = PCURVE('',#11867,#13485);
#13485 = DEFINITIONAL_REPRESENTATION('',(#13486),#13490);
#13486 = LINE('',#13487,#13488);
#13487 = CARTESIAN_POINT('',(-0.699486292815,0.));
#13488 = VECTOR('',#13489,1.);
#13489 = DIRECTION('',(0.,1.));
#13490 = ( GEOMETRIC_REPRESENTATION_CONTEXT(2) 
PARAMETRIC_REPRESENTATION_CONTEXT() REPRESENTATION_CONTEXT('2D SPACE',''
  ) );
#13491 = ORIENTED_EDGE('',*,*,#13492,.T.);
#13492 = EDGE_CURVE('',#13471,#9194,#13493,.T.);
#13493 = SURFACE_CURVE('',#13494,(#13498,#13504),.PCURVE_S1.);
#13494 = LINE('',#13495,#13496);
#13495 = CARTESIAN_POINT('',(27.16,-2.275,13.2));
#13496 = VECTOR('',#13497,1.);
#13497 = DIRECTION('',(1.,0.,0.));
#13498 = PCURVE('',#9239,#13499);
#13499 = DEFINITIONAL_REPRESENTATION('',(#13500),#13503);
#13500 = B_SPLINE_CURVE_WITH_KNOTS('',1,(#13501,#13502),.UNSPECIFIED.,
  .F.,.F.,(2,2),(-2.14,2.14),.PIECEWISE_BEZIER_KNOTS.);
#13501 = CARTESIAN_POINT('',(2.239486292815,1.));
#13502 = CARTESIAN_POINT('',(-2.239486292815,1.));
#13503 = ( GEOMETRIC_REPRESENTATION_CONTEXT(2) 
PARAMETRIC_REPRESENTATION_CONTEXT() REPRESENTATION_CONTEXT('2D SPACE',''
  ) );
#13504 = PCURVE('',#9208,#13505);
#13505 = DEFINITIONAL_REPRESENTATION('',(#13506),#13510);
#13506 = LINE('',#13507,#13508);
#13507 = CARTESIAN_POINT('',(2.384499306408,0.577722301575));
#13508 = VECTOR('',#13509,1.);
#13509 = DIRECTION('',(0.962870502626,-0.269963692325));
#13510 = ( GEOMETRIC_REPRESENTATION_CONTEXT(2) 
PARAMETRIC_REPRESENTATION_CONTEXT() REPRESENTATION_CONTEXT('2D SPACE',''
  ) );
#13511 = ORIENTED_EDGE('',*,*,#9219,.F.);
#13512 = ORIENTED_EDGE('',*,*,#13340,.F.);
#13513 = ADVANCED_FACE('',(#13514),#9208,.T.);
#13514 = FACE_BOUND('',#13515,.T.);
#13515 = EDGE_LOOP('',(#13516,#13538,#13558,#13559));
#13516 = ORIENTED_EDGE('',*,*,#13517,.F.);
#13517 = EDGE_CURVE('',#13518,#13471,#13520,.T.);
#13518 = VERTEX_POINT('',#13519);
#13519 = CARTESIAN_POINT('',(25.02,-3.475,13.2));
#13520 = SURFACE_CURVE('',#13521,(#13525,#13532),.PCURVE_S1.);
#13521 = LINE('',#13522,#13523);
#13522 = CARTESIAN_POINT('',(25.02,-2.875,13.2));
#13523 = VECTOR('',#13524,1.);
#13524 = DIRECTION('',(0.,1.,0.));
#13525 = PCURVE('',#9208,#13526);
#13526 = DEFINITIONAL_REPRESENTATION('',(#13527),#13531);
#13527 = LINE('',#13528,#13529);
#13528 = CARTESIAN_POINT('',(0.161978215395,0.577722301575));
#13529 = VECTOR('',#13530,1.);
#13530 = DIRECTION('',(0.269963692325,0.962870502626));
#13531 = ( GEOMETRIC_REPRESENTATION_CONTEXT(2) 
PARAMETRIC_REPRESENTATION_CONTEXT() REPRESENTATION_CONTEXT('2D SPACE',''
  ) );
#13532 = PCURVE('',#11867,#13533);
#13533 = DEFINITIONAL_REPRESENTATION('',(#13534),#13537);
#13534 = B_SPLINE_CURVE_WITH_KNOTS('',1,(#13535,#13536),.UNSPECIFIED.,
  .F.,.F.,(2,2),(-0.6,0.6),.PIECEWISE_BEZIER_KNOTS.);
#13535 = CARTESIAN_POINT('',(0.699486292815,1.));
#13536 = CARTESIAN_POINT('',(-0.699486292815,1.));
#13537 = ( GEOMETRIC_REPRESENTATION_CONTEXT(2) 
PARAMETRIC_REPRESENTATION_CONTEXT() REPRESENTATION_CONTEXT('2D SPACE',''
  ) );
#13538 = ORIENTED_EDGE('',*,*,#13539,.T.);
#13539 = EDGE_CURVE('',#13518,#9160,#13540,.T.);
#13540 = SURFACE_CURVE('',#13541,(#13545,#13552),.PCURVE_S1.);
#13541 = LINE('',#13542,#13543);
#13542 = CARTESIAN_POINT('',(27.16,-3.475,13.2));
#13543 = VECTOR('',#13544,1.);
#13544 = DIRECTION('',(1.,0.,0.));
#13545 = PCURVE('',#9208,#13546);
#13546 = DEFINITIONAL_REPRESENTATION('',(#13547),#13551);
#13547 = LINE('',#13548,#13549);
#13548 = CARTESIAN_POINT('',(2.060542875619,-0.577722301575));
#13549 = VECTOR('',#13550,1.);
#13550 = DIRECTION('',(0.962870502626,-0.269963692325));
#13551 = ( GEOMETRIC_REPRESENTATION_CONTEXT(2) 
PARAMETRIC_REPRESENTATION_CONTEXT() REPRESENTATION_CONTEXT('2D SPACE',''
  ) );
#13552 = PCURVE('',#9179,#13553);
#13553 = DEFINITIONAL_REPRESENTATION('',(#13554),#13557);
#13554 = B_SPLINE_CURVE_WITH_KNOTS('',1,(#13555,#13556),.UNSPECIFIED.,
  .F.,.F.,(2,2),(-2.14,2.14),.PIECEWISE_BEZIER_KNOTS.);
#13555 = CARTESIAN_POINT('',(-2.239486292815,1.));
#13556 = CARTESIAN_POINT('',(2.239486292815,1.));
#13557 = ( GEOMETRIC_REPRESENTATION_CONTEXT(2) 
PARAMETRIC_REPRESENTATION_CONTEXT() REPRESENTATION_CONTEXT('2D SPACE',''
  ) );
#13558 = ORIENTED_EDGE('',*,*,#9193,.F.);
#13559 = ORIENTED_EDGE('',*,*,#13492,.F.);
#13560 = ADVANCED_FACE('',(#13561),#9179,.T.);
#13561 = FACE_BOUND('',#13562,.T.);
#13562 = EDGE_LOOP('',(#13563,#13583,#13584,#13638,#13639));
#13563 = ORIENTED_EDGE('',*,*,#13564,.F.);
#13564 = EDGE_CURVE('',#11834,#13518,#13565,.T.);
#13565 = SURFACE_CURVE('',#13566,(#13569,#13576),.PCURVE_S1.);
#13566 = B_SPLINE_CURVE_WITH_KNOTS('',1,(#13567,#13568),.UNSPECIFIED.,
  .F.,.F.,(2,2),(0.,1.),.PIECEWISE_BEZIER_KNOTS.);
#13567 = CARTESIAN_POINT('',(24.920513707185,-3.574486292815,1.8));
#13568 = CARTESIAN_POINT('',(25.02,-3.475,13.2));
#13569 = PCURVE('',#9179,#13570);
#13570 = DEFINITIONAL_REPRESENTATION('',(#13571),#13575);
#13571 = LINE('',#13572,#13573);
#13572 = CARTESIAN_POINT('',(-2.239486292815,0.));
#13573 = VECTOR('',#13574,1.);
#13574 = DIRECTION('',(0.,1.));
#13575 = ( GEOMETRIC_REPRESENTATION_CONTEXT(2) 
PARAMETRIC_REPRESENTATION_CONTEXT() REPRESENTATION_CONTEXT('2D SPACE',''
  ) );
#13576 = PCURVE('',#11867,#13577);
#13577 = DEFINITIONAL_REPRESENTATION('',(#13578),#13582);
#13578 = LINE('',#13579,#13580);
#13579 = CARTESIAN_POINT('',(0.699486292815,0.));
#13580 = VECTOR('',#13581,1.);
#13581 = DIRECTION('',(0.,1.));
#13582 = ( GEOMETRIC_REPRESENTATION_CONTEXT(2) 
PARAMETRIC_REPRESENTATION_CONTEXT() REPRESENTATION_CONTEXT('2D SPACE',''
  ) );
#13583 = ORIENTED_EDGE('',*,*,#11833,.F.);
#13584 = ORIENTED_EDGE('',*,*,#13585,.F.);
#13585 = EDGE_CURVE('',#9132,#11811,#13586,.T.);
#13586 = SURFACE_CURVE('',#13587,(#13602,#13620),.PCURVE_S1.);
#13587 = B_SPLINE_CURVE_WITH_KNOTS('',7,(#13588,#13589,#13590,#13591,
    #13592,#13593,#13594,#13595,#13596,#13597,#13598,#13599,#13600,
    #13601),.UNSPECIFIED.,.F.,.F.,(8,6,8),(0.,0.379302115876,1.),
  .UNSPECIFIED.);
#13588 = CARTESIAN_POINT('',(28.804198639916,-3.564166356309,
    2.982547593563));
#13589 = CARTESIAN_POINT('',(28.802556639196,-3.564987294144,
    2.88847743528));
#13590 = CARTESIAN_POINT('',(28.79059037101,-3.565805919508,
    2.794672259805));
#13591 = CARTESIAN_POINT('',(28.768373272451,-3.566602700169,
    2.703370239435));
#13592 = CARTESIAN_POINT('',(28.736768709883,-3.567362411455,
    2.616315948725));
#13593 = CARTESIAN_POINT('',(28.696926484037,-3.568074186868,
    2.534754564882));
#13594 = CARTESIAN_POINT('',(28.650115682949,-3.568730829737,
    2.459510744975));
#13595 = CARTESIAN_POINT('',(28.511577868884,-3.570305700709,
    2.279048406165));
#13596 = CARTESIAN_POINT('',(28.410322160295,-3.571123355983,
    2.185354391959));
#13597 = CARTESIAN_POINT('',(28.298269660483,-3.571774752402,
    2.110711755708));
#13598 = CARTESIAN_POINT('',(28.179013277109,-3.572259330994,
    2.055184548946));
#13599 = CARTESIAN_POINT('',(28.055529792022,-3.572579998438,
    2.018439699388));
#13600 = CARTESIAN_POINT('',(27.93007331183,-3.572740919256,2.));
#13601 = CARTESIAN_POINT('',(27.80435094476,-3.572740919256,2.));
#13602 = PCURVE('',#9179,#13603);
#13603 = DEFINITIONAL_REPRESENTATION('',(#13604),#13619);
#13604 = B_SPLINE_CURVE_WITH_KNOTS('',7,(#13605,#13606,#13607,#13608,
    #13609,#13610,#13611,#13612,#13613,#13614,#13615,#13616,#13617,
    #13618),.UNSPECIFIED.,.F.,.F.,(8,6,8),(0.,0.379302115876,1.),
  .UNSPECIFIED.);
#13605 = CARTESIAN_POINT('',(1.651810465529,0.103732245049));
#13606 = CARTESIAN_POINT('',(1.649552548888,9.548047677897E-02));
#13607 = CARTESIAN_POINT('',(1.636926223205,8.725195261444E-02));
#13608 = CARTESIAN_POINT('',(1.614035758575,7.924300345924E-02));
#13609 = CARTESIAN_POINT('',(1.581775320073,7.160666216882E-02));
#13610 = CARTESIAN_POINT('',(1.541316371916,6.445215481418E-02));
#13611 = CARTESIAN_POINT('',(1.493940948573,5.785181973464E-02));
#13612 = CARTESIAN_POINT('',(1.354067697684,4.202179001445E-02));
#13613 = CARTESIAN_POINT('',(1.252139566973,3.380301683849E-02));
#13614 = CARTESIAN_POINT('',(1.139587234314,2.725541716735E-02));
#13615 = CARTESIAN_POINT('',(1.01998486283,2.23846095567E-02));
#13616 = CARTESIAN_POINT('',(0.896274651795,1.916137713931E-02));
#13617 = CARTESIAN_POINT('',(0.770673946866,1.754385964912E-02));
#13618 = CARTESIAN_POINT('',(0.644853519965,1.754385964912E-02));
#13619 = ( GEOMETRIC_REPRESENTATION_CONTEXT(2) 
PARAMETRIC_REPRESENTATION_CONTEXT() REPRESENTATION_CONTEXT('2D SPACE',''
  ) );
#13620 = PCURVE('',#9147,#13621);
#13621 = DEFINITIONAL_REPRESENTATION('',(#13622),#13637);
#13622 = B_SPLINE_CURVE_WITH_KNOTS('',7,(#13623,#13624,#13625,#13626,
    #13627,#13628,#13629,#13630,#13631,#13632,#13633,#13634,#13635,
    #13636),.UNSPECIFIED.,.F.,.F.,(8,6,8),(0.,0.379302115876,1.),
  .UNSPECIFIED.);
#13623 = CARTESIAN_POINT('',(0.,52.564166356309));
#13624 = CARTESIAN_POINT('',(-9.408448780562E-02,52.564987294144));
#13625 = CARTESIAN_POINT('',(-0.188083963087,52.565805919508));
#13626 = CARTESIAN_POINT('',(-0.281121507669,52.566602700169));
#13627 = CARTESIAN_POINT('',(-0.372779740495,52.567362411455));
#13628 = CARTESIAN_POINT('',(-0.462785326825,52.568074186868));
#13629 = CARTESIAN_POINT('',(-0.550975180058,52.568730829737));
#13630 = CARTESIAN_POINT('',(-0.778482062712,52.570305700709));
#13631 = CARTESIAN_POINT('',(-0.914460334768,52.571123355983));
#13632 = CARTESIAN_POINT('',(-1.04649975958,52.571774752402));
#13633 = CARTESIAN_POINT('',(-1.175435100693,52.572259330994));
#13634 = CARTESIAN_POINT('',(-1.302164297194,52.572579998438));
#13635 = CARTESIAN_POINT('',(-1.427620667205,52.572740919256));
#13636 = CARTESIAN_POINT('',(-1.553343034275,52.572740919256));
#13637 = ( GEOMETRIC_REPRESENTATION_CONTEXT(2) 
PARAMETRIC_REPRESENTATION_CONTEXT() REPRESENTATION_CONTEXT('2D SPACE',''
  ) );
#13638 = ORIENTED_EDGE('',*,*,#9159,.T.);
#13639 = ORIENTED_EDGE('',*,*,#13539,.F.);
#13640 = ADVANCED_FACE('',(#13641),#9147,.F.);
#13641 = FACE_BOUND('',#13642,.T.);
#13642 = EDGE_LOOP('',(#13643,#13644,#13645,#13646));
#13643 = ORIENTED_EDGE('',*,*,#9131,.F.);
#13644 = ORIENTED_EDGE('',*,*,#13585,.T.);
#13645 = ORIENTED_EDGE('',*,*,#11810,.T.);
#13646 = ORIENTED_EDGE('',*,*,#13647,.T.);
#13647 = EDGE_CURVE('',#11791,#9098,#13648,.T.);
#13648 = SURFACE_CURVE('',#13649,(#13667,#13696),.PCURVE_S1.);
#13649 = B_SPLINE_CURVE_WITH_KNOTS('',6,(#13650,#13651,#13652,#13653,
    #13654,#13655,#13656,#13657,#13658,#13659,#13660,#13661,#13662,
    #13663,#13664,#13665,#13666),.UNSPECIFIED.,.F.,.F.,(7,5,5,7),(0.,1.,
    1.647176586552,2.39273673487),.UNSPECIFIED.);
#13650 = CARTESIAN_POINT('',(27.80435094476,-15.37891192546,2.));
#13651 = CARTESIAN_POINT('',(27.903251954828,-15.37891192546,2.));
#13652 = CARTESIAN_POINT('',(28.002089953909,-15.37901435785,
    2.011737589046));
#13653 = CARTESIAN_POINT('',(28.099796476894,-15.37921898683,
    2.035185747585));
#13654 = CARTESIAN_POINT('',(28.195134267447,-15.3795271567,
    2.070498517799));
#13655 = CARTESIAN_POINT('',(28.286657970707,-15.37993986819,
    2.117790569988));
#13656 = CARTESIAN_POINT('',(28.428250530182,-15.38079323262,
    2.215576447402));
#13657 = CARTESIAN_POINT('',(28.481523717579,-15.38117247858,
    2.25903373034));
#13658 = CARTESIAN_POINT('',(28.531949990729,-15.38159572055,
    2.307532456713));
#13659 = CARTESIAN_POINT('',(28.578927556078,-15.38206245457,
    2.361014878373));
#13660 = CARTESIAN_POINT('',(28.621759468877,-15.38257108208,
    2.419297817567));
#13661 = CARTESIAN_POINT('',(28.70346305289,-15.38374846471,
    2.554212504263));
#13662 = CARTESIAN_POINT('',(28.740781133798,-15.38443035289,
    2.632349150033));
#13663 = CARTESIAN_POINT('',(28.770454828769,-15.38515732374,
    2.715651757952));
#13664 = CARTESIAN_POINT('',(28.79135772386,-15.38591929194,
    2.802964665458));
#13665 = CARTESIAN_POINT('',(28.802629186547,-15.38670182149,
    2.892633670219));
#13666 = CARTESIAN_POINT('',(28.804198639916,-15.38748648841,
    2.982547593563));
#13667 = PCURVE('',#9147,#13668);
#13668 = DEFINITIONAL_REPRESENTATION('',(#13669),#13695);
#13669 = B_SPLINE_CURVE_WITH_KNOTS('',3,(#13670,#13671,#13672,#13673,
    #13674,#13675,#13676,#13677,#13678,#13679,#13680,#13681,#13682,
    #13683,#13684,#13685,#13686,#13687,#13688,#13689,#13690,#13691,
    #13692,#13693,#13694),.UNSPECIFIED.,.F.,.F.,(4,1,1,1,1,1,1,1,1,1,1,1
    ,1,1,1,1,1,1,1,1,1,1,4),(0.,0.108760760676,0.217521521352,
    0.326282282028,0.435043042704,0.54380380338,0.652564564056,
    0.761325324731,0.870086085407,0.978846846083,1.087607606759,
    1.196368367435,1.305129128111,1.413889888787,1.522650649463,
    1.631411410139,1.740172170815,1.848932931491,1.957693692167,
    2.066454452842,2.175215213518,2.283975974194,2.39273673487),
  .QUASI_UNIFORM_KNOTS.);
#13670 = CARTESIAN_POINT('',(-1.553343034275,64.378911925465));
#13671 = CARTESIAN_POINT('',(-1.531830450589,64.378911930163));
#13672 = CARTESIAN_POINT('',(-1.488810721376,64.378924037839));
#13673 = CARTESIAN_POINT('',(-1.424204577476,64.378978557221));
#13674 = CARTESIAN_POINT('',(-1.359427077572,64.379069479422));
#13675 = CARTESIAN_POINT('',(-1.29439021051,64.37919691266));
#13676 = CARTESIAN_POINT('',(-1.229008085201,64.379360987172));
#13677 = CARTESIAN_POINT('',(-1.163196157444,64.37956184976));
#13678 = CARTESIAN_POINT('',(-1.096869309217,64.379799652714));
#13679 = CARTESIAN_POINT('',(-1.029940896756,64.380074544363));
#13680 = CARTESIAN_POINT('',(-0.962318540464,64.380386673689));
#13681 = CARTESIAN_POINT('',(-0.893910639608,64.380736152026));
#13682 = CARTESIAN_POINT('',(-0.824658239827,64.381122831152));
#13683 = CARTESIAN_POINT('',(-0.75448474156,64.381546514419));
#13684 = CARTESIAN_POINT('',(-0.683335356726,64.382006709129));
#13685 = CARTESIAN_POINT('',(-0.611164955651,64.382502630462));
#13686 = CARTESIAN_POINT('',(-0.537950410204,64.383033059316));
#13687 = CARTESIAN_POINT('',(-0.463658274559,64.383596532387));
#13688 = CARTESIAN_POINT('',(-0.388314007645,64.384190784445));
#13689 = CARTESIAN_POINT('',(-0.312021737768,64.384812472717));
#13690 = CARTESIAN_POINT('',(-0.234889718848,64.38545774201));
#13691 = CARTESIAN_POINT('',(-0.157057504635,64.386122032535));
#13692 = CARTESIAN_POINT('',(-7.869081859848E-02,64.386800193684));
#13693 = CARTESIAN_POINT('',(-2.624120847949E-02,64.387257501914));
#13694 = CARTESIAN_POINT('',(0.,64.387486488412));
#13695 = ( GEOMETRIC_REPRESENTATION_CONTEXT(2) 
PARAMETRIC_REPRESENTATION_CONTEXT() REPRESENTATION_CONTEXT('2D SPACE',''
  ) );
#13696 = PCURVE('',#9117,#13697);
#13697 = DEFINITIONAL_REPRESENTATION('',(#13698),#13724);
#13698 = B_SPLINE_CURVE_WITH_KNOTS('',3,(#13699,#13700,#13701,#13702,
    #13703,#13704,#13705,#13706,#13707,#13708,#13709,#13710,#13711,
    #13712,#13713,#13714,#13715,#13716,#13717,#13718,#13719,#13720,
    #13721,#13722,#13723),.UNSPECIFIED.,.F.,.F.,(4,1,1,1,1,1,1,1,1,1,1,1
    ,1,1,1,1,1,1,1,1,1,1,4),(0.,0.108760760676,0.217521521352,
    0.326282282028,0.435043042704,0.54380380338,0.652564564056,
    0.761325324731,0.870086085407,0.978846846083,1.087607606759,
    1.196368367435,1.305129128111,1.413889888787,1.522650649463,
    1.631411410139,1.740172170815,1.848932931491,1.957693692167,
    2.066454452842,2.175215213518,2.283975974194,2.39273673487),
  .QUASI_UNIFORM_KNOTS.);
#13699 = CARTESIAN_POINT('',(-1.175101444572,2.777777777778E-02));
#13700 = CARTESIAN_POINT('',(-1.196627534679,2.777785254655E-02));
#13701 = CARTESIAN_POINT('',(-1.239680329226,2.797054730682E-02));
#13702 = CARTESIAN_POINT('',(-1.304084612316,2.88382281983E-02));
#13703 = CARTESIAN_POINT('',(-1.368140925196,3.028526324034E-02));
#13704 = CARTESIAN_POINT('',(-1.431663290495,3.231337472455E-02));
#13705 = CARTESIAN_POINT('',(-1.49445649721,3.492463540232E-02));
#13706 = CARTESIAN_POINT('',(-1.556314210379,3.812138162651E-02));
#13707 = CARTESIAN_POINT('',(-1.617018662753,4.190603710109E-02));
#13708 = CARTESIAN_POINT('',(-1.676339172187,4.628096252081E-02));
#13709 = CARTESIAN_POINT('',(-1.734033356256,5.124852893871E-02));
#13710 = CARTESIAN_POINT('',(-1.789838315283,5.681050822832E-02));
#13711 = CARTESIAN_POINT('',(-1.843445275708,6.296454142336E-02));
#13712 = CARTESIAN_POINT('',(-1.894541062996,6.970749887691E-02));
#13713 = CARTESIAN_POINT('',(-1.942777130676,7.703153924558E-02));
#13714 = CARTESIAN_POINT('',(-1.987782674614,8.492417203712E-02));
#13715 = CARTESIAN_POINT('',(-2.029162311892,9.336599514277E-02));
#13716 = CARTESIAN_POINT('',(-2.066519328164,0.102333719944));
#13717 = CARTESIAN_POINT('',(-2.0994256043,0.111791295102));
#13718 = CARTESIAN_POINT('',(-2.127442387318,0.121685520086));
#13719 = CARTESIAN_POINT('',(-2.150172541154,0.131955039162));
#13720 = CARTESIAN_POINT('',(-2.16726704616,0.142527282845));
#13721 = CARTESIAN_POINT('',(-2.17843163676,0.153320278757));
#13722 = CARTESIAN_POINT('',(-2.18180535441,0.160598380545));
#13723 = CARTESIAN_POINT('',(-2.182440138744,0.164242721328));
#13724 = ( GEOMETRIC_REPRESENTATION_CONTEXT(2) 
PARAMETRIC_REPRESENTATION_CONTEXT() REPRESENTATION_CONTEXT('2D SPACE',''
  ) );
#13725 = ADVANCED_FACE('',(#13726),#9117,.T.);
#13726 = FACE_BOUND('',#13727,.T.);
#13727 = EDGE_LOOP('',(#13728,#13757,#13777,#13778,#13779));
#13728 = ORIENTED_EDGE('',*,*,#13729,.T.);
#13729 = EDGE_CURVE('',#11762,#13730,#13732,.T.);
#13730 = VERTEX_POINT('',#13731);
#13731 = CARTESIAN_POINT('',(24.127300814816,-15.44,9.));
#13732 = SURFACE_CURVE('',#13733,(#13739,#13748),.PCURVE_S1.);
#13733 = B_SPLINE_CURVE_WITH_KNOTS('',4,(#13734,#13735,#13736,#13737,
    #13738),.UNSPECIFIED.,.F.,.F.,(5,5),(0.,1.),
  .PIECEWISE_BEZIER_KNOTS.);
#13734 = CARTESIAN_POINT('',(24.176755458747,-15.37891192546,2.));
#13735 = CARTESIAN_POINT('',(24.164513230114,-15.39418399599,
    3.75000594668));
#13736 = CARTESIAN_POINT('',(24.15219162783,-15.40945603338,
    5.500008095424));
#13737 = CARTESIAN_POINT('',(24.139788340286,-15.42472803553,
    7.250006206813));
#13738 = CARTESIAN_POINT('',(24.127300814816,-15.44,9.));
#13739 = PCURVE('',#9117,#13740);
#13740 = DEFINITIONAL_REPRESENTATION('',(#13741),#13747);
#13741 = B_SPLINE_CURVE_WITH_KNOTS('',4,(#13742,#13743,#13744,#13745,
    #13746),.UNSPECIFIED.,.F.,.F.,(5,5),(0.,1.),
  .PIECEWISE_BEZIER_KNOTS.);
#13742 = CARTESIAN_POINT('',(2.454812351604,2.77777777778E-02));
#13743 = CARTESIAN_POINT('',(2.480789558242,0.270834159261));
#13744 = CARTESIAN_POINT('',(2.507233530805,0.513890013253));
#13745 = CARTESIAN_POINT('',(2.534162217493,0.756945306502));
#13746 = CARTESIAN_POINT('',(2.561595522017,1.));
#13747 = ( GEOMETRIC_REPRESENTATION_CONTEXT(2) 
PARAMETRIC_REPRESENTATION_CONTEXT() REPRESENTATION_CONTEXT('2D SPACE',''
  ) );
#13748 = PCURVE('',#11778,#13749);
#13749 = DEFINITIONAL_REPRESENTATION('',(#13750),#13756);
#13750 = B_SPLINE_CURVE_WITH_KNOTS('',4,(#13751,#13752,#13753,#13754,
    #13755),.UNSPECIFIED.,.F.,.F.,(5,5),(0.,1.),
  .PIECEWISE_BEZIER_KNOTS.);
#13751 = CARTESIAN_POINT('',(-0.219353830731,-0.5));
#13752 = CARTESIAN_POINT('',(-0.214606097502,-2.25000594668));
#13753 = CARTESIAN_POINT('',(-0.209790088563,-4.000008095667));
#13754 = CARTESIAN_POINT('',(-0.204903292747,-5.750006206619));
#13755 = CARTESIAN_POINT('',(-0.199942913419,-7.499999999806));
#13756 = ( GEOMETRIC_REPRESENTATION_CONTEXT(2) 
PARAMETRIC_REPRESENTATION_CONTEXT() REPRESENTATION_CONTEXT('2D SPACE',''
  ) );
#13757 = ORIENTED_EDGE('',*,*,#13758,.T.);
#13758 = EDGE_CURVE('',#13730,#9072,#13759,.T.);
#13759 = SURFACE_CURVE('',#13760,(#13764,#13770),.PCURVE_S1.);
#13760 = LINE('',#13761,#13762);
#13761 = CARTESIAN_POINT('',(26.63,-15.44,9.));
#13762 = VECTOR('',#13763,1.);
#13763 = DIRECTION('',(1.,0.,0.));
#13764 = PCURVE('',#9117,#13765);
#13765 = DEFINITIONAL_REPRESENTATION('',(#13766),#13769);
#13766 = B_SPLINE_CURVE_WITH_KNOTS('',1,(#13767,#13768),.UNSPECIFIED.,
  .F.,.F.,(2,2),(-2.67,2.67),.PIECEWISE_BEZIER_KNOTS.);
#13767 = CARTESIAN_POINT('',(2.732833448093,1.));
#13768 = CARTESIAN_POINT('',(-2.732833448093,1.));
#13769 = ( GEOMETRIC_REPRESENTATION_CONTEXT(2) 
PARAMETRIC_REPRESENTATION_CONTEXT() REPRESENTATION_CONTEXT('2D SPACE',''
  ) );
#13770 = PCURVE('',#9086,#13771);
#13771 = DEFINITIONAL_REPRESENTATION('',(#13772),#13776);
#13772 = LINE('',#13773,#13774);
#13773 = CARTESIAN_POINT('',(2.808446206921,0.491456918591));
#13774 = VECTOR('',#13775,1.);
#13775 = DIRECTION('',(0.982913837182,-0.184066261645));
#13776 = ( GEOMETRIC_REPRESENTATION_CONTEXT(2) 
PARAMETRIC_REPRESENTATION_CONTEXT() REPRESENTATION_CONTEXT('2D SPACE',''
  ) );
#13777 = ORIENTED_EDGE('',*,*,#9097,.F.);
#13778 = ORIENTED_EDGE('',*,*,#13647,.F.);
#13779 = ORIENTED_EDGE('',*,*,#11790,.F.);
#13780 = ADVANCED_FACE('',(#13781),#9086,.T.);
#13781 = FACE_BOUND('',#13782,.T.);
#13782 = EDGE_LOOP('',(#13783,#13809,#13829,#13830,#13831));
#13783 = ORIENTED_EDGE('',*,*,#13784,.F.);
#13784 = EDGE_CURVE('',#13785,#13787,#13789,.T.);
#13785 = VERTEX_POINT('',#13786);
#13786 = CARTESIAN_POINT('',(24.127300814816,-16.44,9.));
#13787 = VERTEX_POINT('',#13788);
#13788 = CARTESIAN_POINT('',(24.177453735582,-15.94,9.));
#13789 = SURFACE_CURVE('',#13790,(#13795,#13802),.PCURVE_S1.);
#13790 = CIRCLE('',#13791,2.517453735582);
#13791 = AXIS2_PLACEMENT_3D('',#13792,#13793,#13794);
#13792 = CARTESIAN_POINT('',(21.66,-15.94,9.));
#13793 = DIRECTION('',(0.,0.,1.));
#13794 = DIRECTION('',(1.,0.,-0.));
#13795 = PCURVE('',#9086,#13796);
#13796 = DEFINITIONAL_REPRESENTATION('',(#13797),#13801);
#13797 = CIRCLE('',#13798,2.517453735582);
#13798 = AXIS2_PLACEMENT_2D('',#13799,#13800);
#13799 = CARTESIAN_POINT('',(-2.168668694697,0.914809320374));
#13800 = DIRECTION('',(0.982913837182,-0.184066261645));
#13801 = ( GEOMETRIC_REPRESENTATION_CONTEXT(2) 
PARAMETRIC_REPRESENTATION_CONTEXT() REPRESENTATION_CONTEXT('2D SPACE',''
  ) );
#13802 = PCURVE('',#11778,#13803);
#13803 = DEFINITIONAL_REPRESENTATION('',(#13804),#13808);
#13804 = LINE('',#13805,#13806);
#13805 = CARTESIAN_POINT('',(-0.,-7.5));
#13806 = VECTOR('',#13807,1.);
#13807 = DIRECTION('',(-1.,-0.));
#13808 = ( GEOMETRIC_REPRESENTATION_CONTEXT(2) 
PARAMETRIC_REPRESENTATION_CONTEXT() REPRESENTATION_CONTEXT('2D SPACE',''
  ) );
#13809 = ORIENTED_EDGE('',*,*,#13810,.T.);
#13810 = EDGE_CURVE('',#13785,#9038,#13811,.T.);
#13811 = SURFACE_CURVE('',#13812,(#13816,#13823),.PCURVE_S1.);
#13812 = LINE('',#13813,#13814);
#13813 = CARTESIAN_POINT('',(26.63,-16.44,9.));
#13814 = VECTOR('',#13815,1.);
#13815 = DIRECTION('',(1.,0.,0.));
#13816 = PCURVE('',#9086,#13817);
#13817 = DEFINITIONAL_REPRESENTATION('',(#13818),#13822);
#13818 = LINE('',#13819,#13820);
#13819 = CARTESIAN_POINT('',(2.624379945276,-0.491456918591));
#13820 = VECTOR('',#13821,1.);
#13821 = DIRECTION('',(0.982913837182,-0.184066261645));
#13822 = ( GEOMETRIC_REPRESENTATION_CONTEXT(2) 
PARAMETRIC_REPRESENTATION_CONTEXT() REPRESENTATION_CONTEXT('2D SPACE',''
  ) );
#13823 = PCURVE('',#9057,#13824);
#13824 = DEFINITIONAL_REPRESENTATION('',(#13825),#13828);
#13825 = B_SPLINE_CURVE_WITH_KNOTS('',1,(#13826,#13827),.UNSPECIFIED.,
  .F.,.F.,(2,2),(-2.67,2.67),.PIECEWISE_BEZIER_KNOTS.);
#13826 = CARTESIAN_POINT('',(-2.732833448093,1.));
#13827 = CARTESIAN_POINT('',(2.732833448093,1.));
#13828 = ( GEOMETRIC_REPRESENTATION_CONTEXT(2) 
PARAMETRIC_REPRESENTATION_CONTEXT() REPRESENTATION_CONTEXT('2D SPACE',''
  ) );
#13829 = ORIENTED_EDGE('',*,*,#9071,.F.);
#13830 = ORIENTED_EDGE('',*,*,#13758,.F.);
#13831 = ORIENTED_EDGE('',*,*,#13832,.F.);
#13832 = EDGE_CURVE('',#13787,#13730,#13833,.T.);
#13833 = SURFACE_CURVE('',#13834,(#13839,#13846),.PCURVE_S1.);
#13834 = CIRCLE('',#13835,2.517453735582);
#13835 = AXIS2_PLACEMENT_3D('',#13836,#13837,#13838);
#13836 = CARTESIAN_POINT('',(21.66,-15.94,9.));
#13837 = DIRECTION('',(0.,0.,1.));
#13838 = DIRECTION('',(1.,0.,-0.));
#13839 = PCURVE('',#9086,#13840);
#13840 = DEFINITIONAL_REPRESENTATION('',(#13841),#13845);
#13841 = CIRCLE('',#13842,2.517453735582);
#13842 = AXIS2_PLACEMENT_2D('',#13843,#13844);
#13843 = CARTESIAN_POINT('',(-2.168668694697,0.914809320374));
#13844 = DIRECTION('',(0.982913837182,-0.184066261645));
#13845 = ( GEOMETRIC_REPRESENTATION_CONTEXT(2) 
PARAMETRIC_REPRESENTATION_CONTEXT() REPRESENTATION_CONTEXT('2D SPACE',''
  ) );
#13846 = PCURVE('',#11778,#13847);
#13847 = DEFINITIONAL_REPRESENTATION('',(#13848),#13852);
#13848 = LINE('',#13849,#13850);
#13849 = CARTESIAN_POINT('',(-0.,-7.5));
#13850 = VECTOR('',#13851,1.);
#13851 = DIRECTION('',(-1.,-0.));
#13852 = ( GEOMETRIC_REPRESENTATION_CONTEXT(2) 
PARAMETRIC_REPRESENTATION_CONTEXT() REPRESENTATION_CONTEXT('2D SPACE',''
  ) );
#13853 = ADVANCED_FACE('',(#13854),#9057,.T.);
#13854 = FACE_BOUND('',#13855,.T.);
#13855 = EDGE_LOOP('',(#13856,#13857,#13884,#13885,#13939));
#13856 = ORIENTED_EDGE('',*,*,#13810,.F.);
#13857 = ORIENTED_EDGE('',*,*,#13858,.T.);
#13858 = EDGE_CURVE('',#13785,#11742,#13859,.T.);
#13859 = SURFACE_CURVE('',#13860,(#13866,#13875),.PCURVE_S1.);
#13860 = B_SPLINE_CURVE_WITH_KNOTS('',4,(#13861,#13862,#13863,#13864,
    #13865),.UNSPECIFIED.,.F.,.F.,(5,5),(0.,1.),
  .PIECEWISE_BEZIER_KNOTS.);
#13861 = CARTESIAN_POINT('',(24.127300814816,-16.44,9.));
#13862 = CARTESIAN_POINT('',(24.139788340286,-16.45527196446,
    7.250006206803));
#13863 = CARTESIAN_POINT('',(24.152191627829,-16.47054396661,
    5.500008095507));
#13864 = CARTESIAN_POINT('',(24.164513230114,-16.485816004,3.75000594669
    ));
#13865 = CARTESIAN_POINT('',(24.176755458747,-16.50108807453,2.));
#13866 = PCURVE('',#9057,#13867);
#13867 = DEFINITIONAL_REPRESENTATION('',(#13868),#13874);
#13868 = B_SPLINE_CURVE_WITH_KNOTS('',4,(#13869,#13870,#13871,#13872,
    #13873),.UNSPECIFIED.,.F.,.F.,(5,5),(0.,1.),
  .PIECEWISE_BEZIER_KNOTS.);
#13869 = CARTESIAN_POINT('',(-2.561595522017,1.));
#13870 = CARTESIAN_POINT('',(-2.534162217493,0.7569453065));
#13871 = CARTESIAN_POINT('',(-2.5072335308,0.513890013202));
#13872 = CARTESIAN_POINT('',(-2.480789558248,0.270834159313));
#13873 = CARTESIAN_POINT('',(-2.454812351609,2.777777782778E-02));
#13874 = ( GEOMETRIC_REPRESENTATION_CONTEXT(2) 
PARAMETRIC_REPRESENTATION_CONTEXT() REPRESENTATION_CONTEXT('2D SPACE',''
  ) );
#13875 = PCURVE('',#11778,#13876);
#13876 = DEFINITIONAL_REPRESENTATION('',(#13877),#13883);
#13877 = B_SPLINE_CURVE_WITH_KNOTS('',4,(#13878,#13879,#13880,#13881,
    #13882),.UNSPECIFIED.,.F.,.F.,(5,5),(0.,1.),
  .PIECEWISE_BEZIER_KNOTS.);
#13878 = CARTESIAN_POINT('',(-6.083242393761,-7.499999999894));
#13879 = CARTESIAN_POINT('',(-6.078282014433,-5.750006206697));
#13880 = CARTESIAN_POINT('',(-6.073395218617,-4.000008095639));
#13881 = CARTESIAN_POINT('',(-6.068579209677,-2.25000594669));
#13882 = CARTESIAN_POINT('',(-6.063831476448,-0.5));
#13883 = ( GEOMETRIC_REPRESENTATION_CONTEXT(2) 
PARAMETRIC_REPRESENTATION_CONTEXT() REPRESENTATION_CONTEXT('2D SPACE',''
  ) );
#13884 = ORIENTED_EDGE('',*,*,#11741,.F.);
#13885 = ORIENTED_EDGE('',*,*,#13886,.F.);
#13886 = EDGE_CURVE('',#9010,#11719,#13887,.T.);
#13887 = SURFACE_CURVE('',#13888,(#13903,#13921),.PCURVE_S1.);
#13888 = B_SPLINE_CURVE_WITH_KNOTS('',7,(#13889,#13890,#13891,#13892,
    #13893,#13894,#13895,#13896,#13897,#13898,#13899,#13900,#13901,
    #13902),.UNSPECIFIED.,.F.,.F.,(8,6,8),(0.,0.379127031716,1.),
  .UNSPECIFIED.);
#13889 = CARTESIAN_POINT('',(28.804198639916,-16.49251351158,
    2.982547593563));
#13890 = CARTESIAN_POINT('',(28.802560003674,-16.49333276731,
    2.888670186131));
#13891 = CARTESIAN_POINT('',(28.790639466067,-16.4941496771,
    2.795061595495));
#13892 = CARTESIAN_POINT('',(28.768511418031,-16.49494504664,
    2.703921274127));
#13893 = CARTESIAN_POINT('',(28.737018092079,-16.49570378097,
    2.616978930548));
#13894 = CARTESIAN_POINT('',(28.697291313489,-16.49641500396,
    2.535480848578));
#13895 = CARTESIAN_POINT('',(28.650588751049,-16.49707144051,
    2.460260671003));
#13896 = CARTESIAN_POINT('',(28.512246352911,-16.49864715085,
    2.279702149342));
#13897 = CARTESIAN_POINT('',(28.411023734273,-16.49946619695,
    2.185848762543));
#13898 = CARTESIAN_POINT('',(28.298926930661,-16.50011909245,
    2.111034348885));
#13899 = CARTESIAN_POINT('',(28.179559953731,-16.50060501392,
    2.055353263548));
#13900 = CARTESIAN_POINT('',(28.055914224987,-16.50092665693,
    2.018496625078));
#13901 = CARTESIAN_POINT('',(27.930267139217,-16.50108807453,2.));
#13902 = CARTESIAN_POINT('',(27.80435094476,-16.50108807453,2.));
#13903 = PCURVE('',#9057,#13904);
#13904 = DEFINITIONAL_REPRESENTATION('',(#13905),#13920);
#13905 = B_SPLINE_CURVE_WITH_KNOTS('',7,(#13906,#13907,#13908,#13909,
    #13910,#13911,#13912,#13913,#13914,#13915,#13916,#13917,#13918,
    #13919),.UNSPECIFIED.,.F.,.F.,(8,6,8),(0.,0.379127031716,1.),
  .UNSPECIFIED.);
#13906 = CARTESIAN_POINT('',(2.182440138744,0.164242721328));
#13907 = CARTESIAN_POINT('',(2.180138553654,0.151204192518));
#13908 = CARTESIAN_POINT('',(2.167519590116,0.138202999374));
#13909 = CARTESIAN_POINT('',(2.144686332381,0.125544621406));
#13910 = CARTESIAN_POINT('',(2.11250892517,0.113469295909));
#13911 = CARTESIAN_POINT('',(2.07213904183,0.102150117858));
#13912 = CARTESIAN_POINT('',(2.024846431017,9.170287097262E-02));
#13913 = CARTESIAN_POINT('',(1.885102992381,6.662529851978E-02));
#13914 = CARTESIAN_POINT('',(1.783169229083,5.359010590877E-02));
#13915 = CARTESIAN_POINT('',(1.67053498784,4.319921512287E-02));
#13916 = CARTESIAN_POINT('',(1.550789366548,3.546573104834E-02));
#13917 = CARTESIAN_POINT('',(1.426894945225,3.0346753483E-02));
#13918 = CARTESIAN_POINT('',(1.301098109081,2.777777777778E-02));
#13919 = CARTESIAN_POINT('',(1.175101444572,2.777777777778E-02));
#13920 = ( GEOMETRIC_REPRESENTATION_CONTEXT(2) 
PARAMETRIC_REPRESENTATION_CONTEXT() REPRESENTATION_CONTEXT('2D SPACE',''
  ) );
#13921 = PCURVE('',#9025,#13922);
#13922 = DEFINITIONAL_REPRESENTATION('',(#13923),#13938);
#13923 = B_SPLINE_CURVE_WITH_KNOTS('',7,(#13924,#13925,#13926,#13927,
    #13928,#13929,#13930,#13931,#13932,#13933,#13934,#13935,#13936,
    #13937),.UNSPECIFIED.,.F.,.F.,(8,6,8),(0.,0.379127031716,1.),
  .UNSPECIFIED.);
#13924 = CARTESIAN_POINT('',(0.,65.492513511588));
#13925 = CARTESIAN_POINT('',(-9.389170759354E-02,65.493332767311));
#13926 = CARTESIAN_POINT('',(-0.187693858546,65.494149677106));
#13927 = CARTESIAN_POINT('',(-0.280559689971,65.494945046641));
#13928 = CARTESIAN_POINT('',(-0.372078821842,65.495703780979));
#13929 = CARTESIAN_POINT('',(-0.461978835854,65.496415003965));
#13930 = CARTESIAN_POINT('',(-0.550092218176,65.49707144051));
#13931 = CARTESIAN_POINT('',(-0.777556498596,65.498647150857));
#13932 = CARTESIAN_POINT('',(-0.913619192396,65.499466196955));
#13933 = CARTESIAN_POINT('',(-1.045782735119,65.500119092452));
#13934 = CARTESIAN_POINT('',(-1.174873644777,65.500605013922));
#13935 = CARTESIAN_POINT('',(-1.301779802057,65.500926656934));
#13936 = CARTESIAN_POINT('',(-1.427426839818,65.501088074535));
#13937 = CARTESIAN_POINT('',(-1.553343034275,65.501088074535));
#13938 = ( GEOMETRIC_REPRESENTATION_CONTEXT(2) 
PARAMETRIC_REPRESENTATION_CONTEXT() REPRESENTATION_CONTEXT('2D SPACE',''
  ) );
#13939 = ORIENTED_EDGE('',*,*,#9037,.T.);
#13940 = ADVANCED_FACE('',(#13941),#9025,.F.);
#13941 = FACE_BOUND('',#13942,.T.);
#13942 = EDGE_LOOP('',(#13943,#13944,#13945,#13946));
#13943 = ORIENTED_EDGE('',*,*,#9009,.F.);
#13944 = ORIENTED_EDGE('',*,*,#13886,.T.);
#13945 = ORIENTED_EDGE('',*,*,#11718,.T.);
#13946 = ORIENTED_EDGE('',*,*,#13947,.T.);
#13947 = EDGE_CURVE('',#11699,#8976,#13948,.T.);
#13948 = SURFACE_CURVE('',#13949,(#13970,#14021),.PCURVE_S1.);
#13949 = B_SPLINE_CURVE_WITH_KNOTS('',7,(#13950,#13951,#13952,#13953,
    #13954,#13955,#13956,#13957,#13958,#13959,#13960,#13961,#13962,
    #13963,#13964,#13965,#13966,#13967,#13968,#13969),.UNSPECIFIED.,.F.,
  .F.,(8,6,6,8),(0.,1.,2.676442124077,4.176216729792),.UNSPECIFIED.);
#13950 = CARTESIAN_POINT('',(27.80435094476,-44.41971281632,2.));
#13951 = CARTESIAN_POINT('',(27.852875212121,-44.41971281632,2.));
#13952 = CARTESIAN_POINT('',(27.901393221386,-44.41973678847,
    2.002746936415));
#13953 = CARTESIAN_POINT('',(27.949782796497,-44.41978472507,
    2.008239926328));
#13954 = CARTESIAN_POINT('',(27.99791802605,-44.4198566635,
    2.016483253644));
#13955 = CARTESIAN_POINT('',(28.045667901705,-44.41995267912,
    2.02748555403));
#13956 = CARTESIAN_POINT('',(28.092894956592,-44.42007287816,
    2.041258999861));
#13957 = CARTESIAN_POINT('',(28.217507283927,-44.42045965734,
    2.085579503878));
#13958 = CARTESIAN_POINT('',(28.293644772618,-44.42077013662,
    2.121156905404));
#13959 = CARTESIAN_POINT('',(28.36723341657,-44.42114950656,
    2.164628395528));
#13960 = CARTESIAN_POINT('',(28.437454944004,-44.42159852239,
    2.216080513316));
#13961 = CARTESIAN_POINT('',(28.503308201869,-44.42211724529,
    2.275520270302));
#13962 = CARTESIAN_POINT('',(28.563631710181,-44.42270425608,
    2.34278504409));
#13963 = CARTESIAN_POINT('',(28.665021456433,-44.42393878423,
    2.4842479588));
#13964 = CARTESIAN_POINT('',(28.707480909516,-44.42457381305,
    2.557015053103));
#13965 = CARTESIAN_POINT('',(28.743463386444,-44.42525679206,
    2.635276696662));
#13966 = CARTESIAN_POINT('',(28.771904562083,-44.42598101783,
    2.718264750062));
#13967 = CARTESIAN_POINT('',(28.791860373589,-44.4267368047,
    2.804869347295));
#13968 = CARTESIAN_POINT('',(28.802645859189,-44.42751104803,
    2.893588845277));
#13969 = CARTESIAN_POINT('',(28.804198639916,-44.42828737927,
    2.982547593563));
#13970 = PCURVE('',#9025,#13971);
#13971 = DEFINITIONAL_REPRESENTATION('',(#13972),#14020);
#13972 = B_SPLINE_CURVE_WITH_KNOTS('',3,(#13973,#13974,#13975,#13976,
    #13977,#13978,#13979,#13980,#13981,#13982,#13983,#13984,#13985,
    #13986,#13987,#13988,#13989,#13990,#13991,#13992,#13993,#13994,
    #13995,#13996,#13997,#13998,#13999,#14000,#14001,#14002,#14003,
    #14004,#14005,#14006,#14007,#14008,#14009,#14010,#14011,#14012,
    #14013,#14014,#14015,#14016,#14017,#14018,#14019),.UNSPECIFIED.,.F.,
  .F.,(4,1,1,1,1,1,1,1,1,1,1,1,1,1,1,1,1,1,1,1,1,1,1,1,1,1,1,1,1,1,1,1,1
    ,1,1,1,1,1,1,1,1,1,1,1,4),(0.,9.491401658618E-02,0.189828033172,
    0.284742049759,0.379656066345,0.474570082931,0.569484099517,
    0.664398116103,0.759312132689,0.854226149276,0.949140165862,
    1.044054182448,1.138968199034,1.23388221562,1.328796232206,
    1.423710248793,1.518624265379,1.613538281965,1.708452298551,
    1.803366315137,1.898280331724,1.99319434831,2.088108364896,
    2.183022381482,2.277936398068,2.372850414654,2.467764431241,
    2.562678447827,2.657592464413,2.752506480999,2.847420497585,
    2.942334514171,3.037248530758,3.132162547344,3.22707656393,
    3.321990580516,3.416904597102,3.511818613688,3.606732630275,
    3.701646646861,3.796560663447,3.891474680033,3.986388696619,
    4.081302713206,4.176216729792),.QUASI_UNIFORM_KNOTS.);
#13973 = CARTESIAN_POINT('',(-1.553343034275,93.419712816325));
#13974 = CARTESIAN_POINT('',(-1.542596573691,93.419712816567));
#13975 = CARTESIAN_POINT('',(-1.521104377074,93.419715839529));
#13976 = CARTESIAN_POINT('',(-1.488857033215,93.419729444734));
#13977 = CARTESIAN_POINT('',(-1.456589350951,93.419752122925));
#13978 = CARTESIAN_POINT('',(-1.424290274895,93.419783880205));
#13979 = CARTESIAN_POINT('',(-1.391948837685,93.41982472505));
#13980 = CARTESIAN_POINT('',(-1.359554134431,93.419874668529));
#13981 = CARTESIAN_POINT('',(-1.327095258241,93.419933724089));
#13982 = CARTESIAN_POINT('',(-1.294561267531,93.420001907377));
#13983 = CARTESIAN_POINT('',(-1.261941062241,93.420079236333));
#13984 = CARTESIAN_POINT('',(-1.229223590233,93.420165730168));
#13985 = CARTESIAN_POINT('',(-1.19639682223,93.420261412533));
#13986 = CARTESIAN_POINT('',(-1.163454668938,93.420366288896));
#13987 = CARTESIAN_POINT('',(-1.130383501361,93.420480386916));
#13988 = CARTESIAN_POINT('',(-1.097171230513,93.420603731164));
#13989 = CARTESIAN_POINT('',(-1.063806146346,93.420736344645));
#13990 = CARTESIAN_POINT('',(-1.030277158685,93.420878246948));
#13991 = CARTESIAN_POINT('',(-0.996573667663,93.421029453296));
#13992 = CARTESIAN_POINT('',(-0.962685538849,93.421189973353));
#13993 = CARTESIAN_POINT('',(-0.928603055893,93.42135981009));
#13994 = CARTESIAN_POINT('',(-0.894316884931,93.421538958636));
#13995 = CARTESIAN_POINT('',(-0.859818041367,93.421727405127));
#13996 = CARTESIAN_POINT('',(-0.82509786234,93.42192512555));
#13997 = CARTESIAN_POINT('',(-0.790147980705,93.422132084602));
#13998 = CARTESIAN_POINT('',(-0.754960313053,93.422348234476));
#13999 = CARTESIAN_POINT('',(-0.719527014642,93.422573513908));
#14000 = CARTESIAN_POINT('',(-0.683840575355,93.422807846245));
#14001 = CARTESIAN_POINT('',(-0.647893405102,93.423051141142));
#14002 = CARTESIAN_POINT('',(-0.611679337832,93.42330328271));
#14003 = CARTESIAN_POINT('',(-0.575187985556,93.423564168223));
#14004 = CARTESIAN_POINT('',(-0.53841335294,93.423833647404));
#14005 = CARTESIAN_POINT('',(-0.501364669908,93.42411143444));
#14006 = CARTESIAN_POINT('',(-0.464048692858,93.424397231646));
#14007 = CARTESIAN_POINT('',(-0.426474189077,93.424690697309));
#14008 = CARTESIAN_POINT('',(-0.388650838961,93.424991452983));
#14009 = CARTESIAN_POINT('',(-0.350589663248,93.425299080269));
#14010 = CARTESIAN_POINT('',(-0.312303071358,93.425613120472));
#14011 = CARTESIAN_POINT('',(-0.273805042114,93.425933073581));
#14012 = CARTESIAN_POINT('',(-0.23511130345,93.426258397517));
#14013 = CARTESIAN_POINT('',(-0.196239546609,93.426588507454));
#14014 = CARTESIAN_POINT('',(-0.157209685014,93.42692277513));
#14015 = CARTESIAN_POINT('',(-0.118044106013,93.42726052878));
#14016 = CARTESIAN_POINT('',(-7.876814261162E-02,93.427601051285));
#14017 = CARTESIAN_POINT('',(-3.940994376163E-02,93.427943585596));
#14018 = CARTESIAN_POINT('',(-1.313854253528E-02,93.428172737686));
#14019 = CARTESIAN_POINT('',(0.,93.428287379272));
#14020 = ( GEOMETRIC_REPRESENTATION_CONTEXT(2) 
PARAMETRIC_REPRESENTATION_CONTEXT() REPRESENTATION_CONTEXT('2D SPACE',''
  ) );
#14021 = PCURVE('',#8995,#14022);
#14022 = DEFINITIONAL_REPRESENTATION('',(#14023),#14071);
#14023 = B_SPLINE_CURVE_WITH_KNOTS('',3,(#14024,#14025,#14026,#14027,
    #14028,#14029,#14030,#14031,#14032,#14033,#14034,#14035,#14036,
    #14037,#14038,#14039,#14040,#14041,#14042,#14043,#14044,#14045,
    #14046,#14047,#14048,#14049,#14050,#14051,#14052,#14053,#14054,
    #14055,#14056,#14057,#14058,#14059,#14060,#14061,#14062,#14063,
    #14064,#14065,#14066,#14067,#14068,#14069,#14070),.UNSPECIFIED.,.F.,
  .F.,(4,1,1,1,1,1,1,1,1,1,1,1,1,1,1,1,1,1,1,1,1,1,1,1,1,1,1,1,1,1,1,1,1
    ,1,1,1,1,1,1,1,1,1,1,1,4),(0.,9.491401658618E-02,0.189828033172,
    0.284742049759,0.379656066345,0.474570082931,0.569484099517,
    0.664398116103,0.759312132689,0.854226149276,0.949140165862,
    1.044054182448,1.138968199034,1.23388221562,1.328796232206,
    1.423710248793,1.518624265379,1.613538281965,1.708452298551,
    1.803366315137,1.898280331724,1.99319434831,2.088108364896,
    2.183022381482,2.277936398068,2.372850414654,2.467764431241,
    2.562678447827,2.657592464413,2.752506480999,2.847420497585,
    2.942334514171,3.037248530758,3.132162547344,3.22707656393,
    3.321990580516,3.416904597102,3.511818613688,3.606732630275,
    3.701646646861,3.796560663447,3.891474680033,3.986388696619,
    4.081302713206,4.176216729792),.QUASI_UNIFORM_KNOTS.);
#14024 = CARTESIAN_POINT('',(-1.855294462003,2.127659574468E-02));
#14025 = CARTESIAN_POINT('',(-1.866046383431,2.127659869896E-02));
#14026 = CARTESIAN_POINT('',(-1.887551161445,2.131344945338E-02));
#14027 = CARTESIAN_POINT('',(-1.919788996992,2.147930073926E-02));
#14028 = CARTESIAN_POINT('',(-1.95198548235,2.175575427789E-02));
#14029 = CARTESIAN_POINT('',(-1.984118184958,2.214288448126E-02));
#14030 = CARTESIAN_POINT('',(-2.01616436706,2.264079465481E-02));
#14031 = CARTESIAN_POINT('',(-2.048100921185,2.324961974724E-02));
#14032 = CARTESIAN_POINT('',(-2.079904357442,2.396952367263E-02));
#14033 = CARTESIAN_POINT('',(-2.111550756566,2.480069717349E-02));
#14034 = CARTESIAN_POINT('',(-2.143015807977,2.574335894775E-02));
#14035 = CARTESIAN_POINT('',(-2.174274541865,2.679774317916E-02));
#14036 = CARTESIAN_POINT('',(-2.205302199943,2.796413819E-02));
#14037 = CARTESIAN_POINT('',(-2.236067708919,2.924261062168E-02));
#14038 = CARTESIAN_POINT('',(-2.266546290331,3.063349764809E-02));
#14039 = CARTESIAN_POINT('',(-2.296710726914,3.213709880206E-02));
#14040 = CARTESIAN_POINT('',(-2.326532435169,3.375369452202E-02));
#14041 = CARTESIAN_POINT('',(-2.355981191716,3.548352360283E-02));
#14042 = CARTESIAN_POINT('',(-2.385025224454,3.732677161916E-02));
#14043 = CARTESIAN_POINT('',(-2.413631210059,3.928355636944E-02));
#14044 = CARTESIAN_POINT('',(-2.441764300674,4.135391408012E-02));
#14045 = CARTESIAN_POINT('',(-2.46938814686,4.353778536308E-02));
#14046 = CARTESIAN_POINT('',(-2.496464925766,4.58350012153E-02));
#14047 = CARTESIAN_POINT('',(-2.522955371633,4.824526891136E-02));
#14048 = CARTESIAN_POINT('',(-2.548818811274,5.07681580973E-02));
#14049 = CARTESIAN_POINT('',(-2.574013196926,5.340308600131E-02));
#14050 = CARTESIAN_POINT('',(-2.598495164292,5.6149305791E-02));
#14051 = CARTESIAN_POINT('',(-2.622220012203,5.900588304231E-02));
#14052 = CARTESIAN_POINT('',(-2.645141990436,6.19717164304E-02));
#14053 = CARTESIAN_POINT('',(-2.667213453242,6.504539323613E-02));
#14054 = CARTESIAN_POINT('',(-2.688388261875,6.822566118311E-02));
#14055 = CARTESIAN_POINT('',(-2.70861648805,7.15106883761E-02));
#14056 = CARTESIAN_POINT('',(-2.727839811406,7.489699065889E-02));
#14057 = CARTESIAN_POINT('',(-2.746002474344,7.83809391735E-02));
#14058 = CARTESIAN_POINT('',(-2.763048969002,8.195836834049E-02));
#14059 = CARTESIAN_POINT('',(-2.778925101911,8.562466480517E-02));
#14060 = CARTESIAN_POINT('',(-2.793578180172,8.937472814554E-02));
#14061 = CARTESIAN_POINT('',(-2.806957465257,9.320296675846E-02));
#14062 = CARTESIAN_POINT('',(-2.819014592337,9.710328536501E-02));
#14063 = CARTESIAN_POINT('',(-2.829704043532,0.101069075856));
#14064 = CARTESIAN_POINT('',(-2.838983649826,0.105093209056));
#14065 = CARTESIAN_POINT('',(-2.846815160432,0.109168026274));
#14066 = CARTESIAN_POINT('',(-2.853164775848,0.113285338483));
#14067 = CARTESIAN_POINT('',(-2.858004047031,0.117436403822));
#14068 = CARTESIAN_POINT('',(-2.861309660832,0.12161199365));
#14069 = CARTESIAN_POINT('',(-2.862481656781,0.124405422227));
#14070 = CARTESIAN_POINT('',(-2.862806945757,0.125802935485));
#14071 = ( GEOMETRIC_REPRESENTATION_CONTEXT(2) 
PARAMETRIC_REPRESENTATION_CONTEXT() REPRESENTATION_CONTEXT('2D SPACE',''
  ) );
#14072 = ADVANCED_FACE('',(#14073),#8995,.T.);
#14073 = FACE_BOUND('',#14074,.T.);
#14074 = EDGE_LOOP('',(#14075,#14104,#14124,#14125,#14126));
#14075 = ORIENTED_EDGE('',*,*,#14076,.T.);
#14076 = EDGE_CURVE('',#11670,#14077,#14079,.T.);
#14077 = VERTEX_POINT('',#14078);
#14078 = CARTESIAN_POINT('',(22.781599684153,-44.5,11.2));
#14079 = SURFACE_CURVE('',#14080,(#14086,#14095),.PCURVE_S1.);
#14080 = B_SPLINE_CURVE_WITH_KNOTS('',4,(#14081,#14082,#14083,#14084,
    #14085),.UNSPECIFIED.,.F.,.F.,(5,5),(0.,1.),
  .PIECEWISE_BEZIER_KNOTS.);
#14081 = CARTESIAN_POINT('',(22.8479504528,-44.41971281632,2.));
#14082 = CARTESIAN_POINT('',(22.831555926435,-44.43978468809,
    4.300008691794));
#14083 = CARTESIAN_POINT('',(22.815035602274,-44.45985651159,
    6.60001185225));
#14084 = CARTESIAN_POINT('',(22.798385146774,-44.47992828353,
    8.900009104072));
#14085 = CARTESIAN_POINT('',(22.781599684153,-44.5,11.2));
#14086 = PCURVE('',#8995,#14087);
#14087 = DEFINITIONAL_REPRESENTATION('',(#14088),#14094);
#14088 = B_SPLINE_CURVE_WITH_KNOTS('',4,(#14089,#14090,#14091,#14092,
    #14093),.UNSPECIFIED.,.F.,.F.,(5,5),(0.,1.),
  .PIECEWISE_BEZIER_KNOTS.);
#14089 = CARTESIAN_POINT('',(3.103627909292,2.12765957447E-02));
#14090 = CARTESIAN_POINT('',(3.13819124563,0.265958371467));
#14091 = CARTESIAN_POINT('',(3.173419720693,0.51063955875));
#14092 = CARTESIAN_POINT('',(3.209340977268,0.755320117454));
#14093 = CARTESIAN_POINT('',(3.245985981593,1.));
#14094 = ( GEOMETRIC_REPRESENTATION_CONTEXT(2) 
PARAMETRIC_REPRESENTATION_CONTEXT() REPRESENTATION_CONTEXT('2D SPACE',''
  ) );
#14095 = PCURVE('',#11686,#14096);
#14096 = DEFINITIONAL_REPRESENTATION('',(#14097),#14103);
#14097 = B_SPLINE_CURVE_WITH_KNOTS('',4,(#14098,#14099,#14100,#14101,
    #14102),.UNSPECIFIED.,.F.,.F.,(5,5),(0.,1.),
  .PIECEWISE_BEZIER_KNOTS.);
#14098 = CARTESIAN_POINT('',(-0.201004540349,-0.5));
#14099 = CARTESIAN_POINT('',(-0.195363835698,-2.800008691794));
#14100 = CARTESIAN_POINT('',(-0.189627908889,-5.100011852277));
#14101 = CARTESIAN_POINT('',(-0.183792644903,-7.40000910405));
#14102 = CARTESIAN_POINT('',(-0.177853370321,-9.699999999978));
#14103 = ( GEOMETRIC_REPRESENTATION_CONTEXT(2) 
PARAMETRIC_REPRESENTATION_CONTEXT() REPRESENTATION_CONTEXT('2D SPACE',''
  ) );
#14104 = ORIENTED_EDGE('',*,*,#14105,.T.);
#14105 = EDGE_CURVE('',#14077,#8950,#14106,.T.);
#14106 = SURFACE_CURVE('',#14107,(#14111,#14117),.PCURVE_S1.);
#14107 = LINE('',#14108,#14109);
#14108 = CARTESIAN_POINT('',(25.95,-44.5,11.2));
#14109 = VECTOR('',#14110,1.);
#14110 = DIRECTION('',(1.,0.,0.));
#14111 = PCURVE('',#8995,#14112);
#14112 = DEFINITIONAL_REPRESENTATION('',(#14113),#14116);
#14113 = B_SPLINE_CURVE_WITH_KNOTS('',1,(#14114,#14115),.UNSPECIFIED.,
  .F.,.F.,(2,2),(-3.35,3.35),.PIECEWISE_BEZIER_KNOTS.);
#14114 = CARTESIAN_POINT('',(3.432032557233,1.));
#14115 = CARTESIAN_POINT('',(-3.432032557233,1.));
#14116 = ( GEOMETRIC_REPRESENTATION_CONTEXT(2) 
PARAMETRIC_REPRESENTATION_CONTEXT() REPRESENTATION_CONTEXT('2D SPACE',''
  ) );
#14117 = PCURVE('',#8964,#14118);
#14118 = DEFINITIONAL_REPRESENTATION('',(#14119),#14123);
#14119 = LINE('',#14120,#14121);
#14120 = CARTESIAN_POINT('',(3.460917192014,0.494522183547));
#14121 = VECTOR('',#14122,1.);
#14122 = DIRECTION('',(0.989044367093,-0.147618562253));
#14123 = ( GEOMETRIC_REPRESENTATION_CONTEXT(2) 
PARAMETRIC_REPRESENTATION_CONTEXT() REPRESENTATION_CONTEXT('2D SPACE',''
  ) );
#14124 = ORIENTED_EDGE('',*,*,#8975,.F.);
#14125 = ORIENTED_EDGE('',*,*,#13947,.F.);
#14126 = ORIENTED_EDGE('',*,*,#11698,.F.);
#14127 = ADVANCED_FACE('',(#14128),#8964,.T.);
#14128 = FACE_BOUND('',#14129,.T.);
#14129 = EDGE_LOOP('',(#14130,#14156,#14176,#14177,#14178));
#14130 = ORIENTED_EDGE('',*,*,#14131,.F.);
#14131 = EDGE_CURVE('',#14132,#14134,#14136,.T.);
#14132 = VERTEX_POINT('',#14133);
#14133 = CARTESIAN_POINT('',(22.781599684153,-45.5,11.2));
#14134 = VERTEX_POINT('',#14135);
#14135 = CARTESIAN_POINT('',(22.826180603372,-45.,11.2));
#14136 = SURFACE_CURVE('',#14137,(#14142,#14149),.PCURVE_S1.);
#14137 = CIRCLE('',#14138,2.826180603372);
#14138 = AXIS2_PLACEMENT_3D('',#14139,#14140,#14141);
#14139 = CARTESIAN_POINT('',(20.,-45.,11.2));
#14140 = DIRECTION('',(0.,0.,1.));
#14141 = DIRECTION('',(1.,0.,-0.));
#14142 = PCURVE('',#8964,#14143);
#14143 = DEFINITIONAL_REPRESENTATION('',(#14144),#14148);
#14144 = CIRCLE('',#14145,2.826180603372);
#14145 = AXIS2_PLACEMENT_2D('',#14146,#14147);
#14146 = CARTESIAN_POINT('',(-2.497706073316,0.878330445404));
#14147 = DIRECTION('',(0.989044367093,-0.147618562253));
#14148 = ( GEOMETRIC_REPRESENTATION_CONTEXT(2) 
PARAMETRIC_REPRESENTATION_CONTEXT() REPRESENTATION_CONTEXT('2D SPACE',''
  ) );
#14149 = PCURVE('',#11686,#14150);
#14150 = DEFINITIONAL_REPRESENTATION('',(#14151),#14155);
#14151 = LINE('',#14152,#14153);
#14152 = CARTESIAN_POINT('',(-0.,-9.7));
#14153 = VECTOR('',#14154,1.);
#14154 = DIRECTION('',(-1.,-0.));
#14155 = ( GEOMETRIC_REPRESENTATION_CONTEXT(2) 
PARAMETRIC_REPRESENTATION_CONTEXT() REPRESENTATION_CONTEXT('2D SPACE',''
  ) );
#14156 = ORIENTED_EDGE('',*,*,#14157,.T.);
#14157 = EDGE_CURVE('',#14132,#8916,#14158,.T.);
#14158 = SURFACE_CURVE('',#14159,(#14163,#14170),.PCURVE_S1.);
#14159 = LINE('',#14160,#14161);
#14160 = CARTESIAN_POINT('',(25.95,-45.5,11.2));
#14161 = VECTOR('',#14162,1.);
#14162 = DIRECTION('',(1.,0.,0.));
#14163 = PCURVE('',#8964,#14164);
#14164 = DEFINITIONAL_REPRESENTATION('',(#14165),#14169);
#14165 = LINE('',#14166,#14167);
#14166 = CARTESIAN_POINT('',(3.313298629762,-0.494522183547));
#14167 = VECTOR('',#14168,1.);
#14168 = DIRECTION('',(0.989044367093,-0.147618562253));
#14169 = ( GEOMETRIC_REPRESENTATION_CONTEXT(2) 
PARAMETRIC_REPRESENTATION_CONTEXT() REPRESENTATION_CONTEXT('2D SPACE',''
  ) );
#14170 = PCURVE('',#8935,#14171);
#14171 = DEFINITIONAL_REPRESENTATION('',(#14172),#14175);
#14172 = B_SPLINE_CURVE_WITH_KNOTS('',1,(#14173,#14174),.UNSPECIFIED.,
  .F.,.F.,(2,2),(-3.35,3.35),.PIECEWISE_BEZIER_KNOTS.);
#14173 = CARTESIAN_POINT('',(-3.432032557233,1.));
#14174 = CARTESIAN_POINT('',(3.432032557233,1.));
#14175 = ( GEOMETRIC_REPRESENTATION_CONTEXT(2) 
PARAMETRIC_REPRESENTATION_CONTEXT() REPRESENTATION_CONTEXT('2D SPACE',''
  ) );
#14176 = ORIENTED_EDGE('',*,*,#8949,.F.);
#14177 = ORIENTED_EDGE('',*,*,#14105,.F.);
#14178 = ORIENTED_EDGE('',*,*,#14179,.F.);
#14179 = EDGE_CURVE('',#14134,#14077,#14180,.T.);
#14180 = SURFACE_CURVE('',#14181,(#14186,#14193),.PCURVE_S1.);
#14181 = CIRCLE('',#14182,2.826180603372);
#14182 = AXIS2_PLACEMENT_3D('',#14183,#14184,#14185);
#14183 = CARTESIAN_POINT('',(20.,-45.,11.2));
#14184 = DIRECTION('',(0.,0.,1.));
#14185 = DIRECTION('',(1.,0.,-0.));
#14186 = PCURVE('',#8964,#14187);
#14187 = DEFINITIONAL_REPRESENTATION('',(#14188),#14192);
#14188 = CIRCLE('',#14189,2.826180603372);
#14189 = AXIS2_PLACEMENT_2D('',#14190,#14191);
#14190 = CARTESIAN_POINT('',(-2.497706073316,0.878330445404));
#14191 = DIRECTION('',(0.989044367093,-0.147618562253));
#14192 = ( GEOMETRIC_REPRESENTATION_CONTEXT(2) 
PARAMETRIC_REPRESENTATION_CONTEXT() REPRESENTATION_CONTEXT('2D SPACE',''
  ) );
#14193 = PCURVE('',#11686,#14194);
#14194 = DEFINITIONAL_REPRESENTATION('',(#14195),#14199);
#14195 = LINE('',#14196,#14197);
#14196 = CARTESIAN_POINT('',(-0.,-9.7));
#14197 = VECTOR('',#14198,1.);
#14198 = DIRECTION('',(-1.,-0.));
#14199 = ( GEOMETRIC_REPRESENTATION_CONTEXT(2) 
PARAMETRIC_REPRESENTATION_CONTEXT() REPRESENTATION_CONTEXT('2D SPACE',''
  ) );
#14200 = ADVANCED_FACE('',(#14201),#8935,.T.);
#14201 = FACE_BOUND('',#14202,.T.);
#14202 = EDGE_LOOP('',(#14203,#14204,#14231,#14232,#14286));
#14203 = ORIENTED_EDGE('',*,*,#14157,.F.);
#14204 = ORIENTED_EDGE('',*,*,#14205,.T.);
#14205 = EDGE_CURVE('',#14132,#11650,#14206,.T.);
#14206 = SURFACE_CURVE('',#14207,(#14213,#14222),.PCURVE_S1.);
#14207 = B_SPLINE_CURVE_WITH_KNOTS('',4,(#14208,#14209,#14210,#14211,
    #14212),.UNSPECIFIED.,.F.,.F.,(5,5),(0.,1.),
  .PIECEWISE_BEZIER_KNOTS.);
#14208 = CARTESIAN_POINT('',(22.781599684153,-45.5,11.2));
#14209 = CARTESIAN_POINT('',(22.798385146774,-45.52007171646,
    8.900009104102));
#14210 = CARTESIAN_POINT('',(22.815035602276,-45.5401434884,
    6.600011852047));
#14211 = CARTESIAN_POINT('',(22.831555926435,-45.5602153119,
    4.300008691764));
#14212 = CARTESIAN_POINT('',(22.8479504528,-45.58028718367,2.));
#14213 = PCURVE('',#8935,#14214);
#14214 = DEFINITIONAL_REPRESENTATION('',(#14215),#14221);
#14215 = B_SPLINE_CURVE_WITH_KNOTS('',4,(#14216,#14217,#14218,#14219,
    #14220),.UNSPECIFIED.,.F.,.F.,(5,5),(0.,1.),
  .PIECEWISE_BEZIER_KNOTS.);
#14216 = CARTESIAN_POINT('',(-3.245985981593,1.));
#14217 = CARTESIAN_POINT('',(-3.209340977268,0.755320117458));
#14218 = CARTESIAN_POINT('',(-3.173419720681,0.510639558664));
#14219 = CARTESIAN_POINT('',(-3.138191245637,0.265958371516));
#14220 = CARTESIAN_POINT('',(-3.103627909299,2.12765957966E-02));
#14221 = ( GEOMETRIC_REPRESENTATION_CONTEXT(2) 
PARAMETRIC_REPRESENTATION_CONTEXT() REPRESENTATION_CONTEXT('2D SPACE',''
  ) );
#14222 = PCURVE('',#11686,#14223);
#14223 = DEFINITIONAL_REPRESENTATION('',(#14224),#14230);
#14224 = B_SPLINE_CURVE_WITH_KNOTS('',4,(#14225,#14226,#14227,#14228,
    #14229),.UNSPECIFIED.,.F.,.F.,(5,5),(0.,1.),
  .PIECEWISE_BEZIER_KNOTS.);
#14225 = CARTESIAN_POINT('',(-6.105331936858,-9.69999999974));
#14226 = CARTESIAN_POINT('',(-6.099392662276,-7.400009103842));
#14227 = CARTESIAN_POINT('',(-6.093557398291,-5.100011852372));
#14228 = CARTESIAN_POINT('',(-6.087821471482,-2.800008691764));
#14229 = CARTESIAN_POINT('',(-6.082180766831,-0.5));
#14230 = ( GEOMETRIC_REPRESENTATION_CONTEXT(2) 
PARAMETRIC_REPRESENTATION_CONTEXT() REPRESENTATION_CONTEXT('2D SPACE',''
  ) );
#14231 = ORIENTED_EDGE('',*,*,#11649,.F.);
#14232 = ORIENTED_EDGE('',*,*,#14233,.F.);
#14233 = EDGE_CURVE('',#8888,#11627,#14234,.T.);
#14234 = SURFACE_CURVE('',#14235,(#14250,#14268),.PCURVE_S1.);
#14235 = B_SPLINE_CURVE_WITH_KNOTS('',7,(#14236,#14237,#14238,#14239,
    #14240,#14241,#14242,#14243,#14244,#14245,#14246,#14247,#14248,
    #14249),.UNSPECIFIED.,.F.,.F.,(8,6,8),(0.,0.379777569718,1.),
  .UNSPECIFIED.);
#14236 = CARTESIAN_POINT('',(28.804198639916,-45.57171262072,
    2.982547593563));
#14237 = CARTESIAN_POINT('',(28.802555249457,-45.57253425337,
    2.888397817195));
#14238 = CARTESIAN_POINT('',(28.790570263579,-45.57335349811,
    2.794521669015));
#14239 = CARTESIAN_POINT('',(28.768320168363,-45.57415091935,
    2.703146245161));
#14240 = CARTESIAN_POINT('',(28.736663668742,-45.57491127759,
    2.616017820932));
#14241 = CARTESIAN_POINT('',(28.696750781448,-45.57562364551,
    2.534388542979));
#14242 = CARTESIAN_POINT('',(28.649855422692,-45.57628076262,
    2.459090380491));
#14243 = CARTESIAN_POINT('',(28.511253443584,-45.57785448757,
    2.278759362858));
#14244 = CARTESIAN_POINT('',(28.410053394045,-45.57867109048,
    2.185185936628));
#14245 = CARTESIAN_POINT('',(28.298067242945,-45.57932176509,
    2.11062601227));
#14246 = CARTESIAN_POINT('',(28.178877123015,-45.57980590724,
    2.05514881699));
#14247 = CARTESIAN_POINT('',(28.05545087348,-45.5801263489,
    2.018429839037));
#14248 = CARTESIAN_POINT('',(27.930039668092,-45.58028718367,2.));
#14249 = CARTESIAN_POINT('',(27.80435094476,-45.58028718367,2.));
#14250 = PCURVE('',#8935,#14251);
#14251 = DEFINITIONAL_REPRESENTATION('',(#14252),#14267);
#14252 = B_SPLINE_CURVE_WITH_KNOTS('',7,(#14253,#14254,#14255,#14256,
    #14257,#14258,#14259,#14260,#14261,#14262,#14263,#14264,#14265,
    #14266),.UNSPECIFIED.,.F.,.F.,(8,6,8),(0.,0.379777569718,1.),
  .UNSPECIFIED.);
#14253 = CARTESIAN_POINT('',(2.862806945757,0.125802935485));
#14254 = CARTESIAN_POINT('',(2.860471172386,0.115787001829));
#14255 = CARTESIAN_POINT('',(2.847765920421,0.105800177555));
#14256 = CARTESIAN_POINT('',(2.824794613019,9.607938778307E-02));
#14257 = CARTESIAN_POINT('',(2.79244141328,8.681040648215E-02));
#14258 = CARTESIAN_POINT('',(2.751874379767,7.812644074245E-02));
#14259 = CARTESIAN_POINT('',(2.704378470106,7.011599792461E-02));
#14260 = CARTESIAN_POINT('',(2.564350519633,5.093184711254E-02));
#14261 = CARTESIAN_POINT('',(2.462424217684,4.097722730085E-02));
#14262 = CARTESIAN_POINT('',(2.34988274208,3.304532045427E-02));
#14263 = CARTESIAN_POINT('',(2.230296271398,2.714349116915E-02));
#14264 = CARTESIAN_POINT('',(2.106609141749,2.323721691882E-02));
#14265 = CARTESIAN_POINT('',(1.981047137349,2.127659574468E-02));
#14266 = CARTESIAN_POINT('',(1.855294462003,2.127659574468E-02));
#14267 = ( GEOMETRIC_REPRESENTATION_CONTEXT(2) 
PARAMETRIC_REPRESENTATION_CONTEXT() REPRESENTATION_CONTEXT('2D SPACE',''
  ) );
#14268 = PCURVE('',#8903,#14269);
#14269 = DEFINITIONAL_REPRESENTATION('',(#14270),#14285);
#14270 = B_SPLINE_CURVE_WITH_KNOTS('',7,(#14271,#14272,#14273,#14274,
    #14275,#14276,#14277,#14278,#14279,#14280,#14281,#14282,#14283,
    #14284),.UNSPECIFIED.,.F.,.F.,(8,6,8),(0.,0.379777569718,1.),
  .UNSPECIFIED.);
#14271 = CARTESIAN_POINT('',(0.,94.571712620728));
#14272 = CARTESIAN_POINT('',(-9.416411801852E-02,94.572534253379));
#14273 = CARTESIAN_POINT('',(-0.188234903696,94.573353498113));
#14274 = CARTESIAN_POINT('',(-0.28134977249,94.574150919356));
#14275 = CARTESIAN_POINT('',(-0.373092529915,94.574911277595));
#14276 = CARTESIAN_POINT('',(-0.463187617206,94.575623645511));
#14277 = CARTESIAN_POINT('',(-0.55146708869,94.57628076262));
#14278 = CARTESIAN_POINT('',(-0.778908915392,94.57785448757));
#14279 = CARTESIAN_POINT('',(-0.914770996307,94.578671090489));
#14280 = CARTESIAN_POINT('',(-1.046715030025,94.579321765092));
#14281 = CARTESIAN_POINT('',(-1.175573968139,94.57980590724));
#14282 = CARTESIAN_POINT('',(-1.302243189402,94.580126348906));
#14283 = CARTESIAN_POINT('',(-1.427654310943,94.580287183675));
#14284 = CARTESIAN_POINT('',(-1.553343034275,94.580287183675));
#14285 = ( GEOMETRIC_REPRESENTATION_CONTEXT(2) 
PARAMETRIC_REPRESENTATION_CONTEXT() REPRESENTATION_CONTEXT('2D SPACE',''
  ) );
#14286 = ORIENTED_EDGE('',*,*,#8915,.T.);
#14287 = ADVANCED_FACE('',(#14288),#8903,.F.);
#14288 = FACE_BOUND('',#14289,.T.);
#14289 = EDGE_LOOP('',(#14290,#14291,#14292,#14293));
#14290 = ORIENTED_EDGE('',*,*,#8887,.F.);
#14291 = ORIENTED_EDGE('',*,*,#14233,.T.);
#14292 = ORIENTED_EDGE('',*,*,#11626,.T.);
#14293 = ORIENTED_EDGE('',*,*,#13004,.F.);
#14294 = ADVANCED_FACE('',(#14295,#14321),#9393,.T.);
#14295 = FACE_BOUND('',#14296,.T.);
#14296 = EDGE_LOOP('',(#14297));
#14297 = ORIENTED_EDGE('',*,*,#14298,.T.);
#14298 = EDGE_CURVE('',#14299,#14299,#14301,.T.);
#14299 = VERTEX_POINT('',#14300);
#14300 = CARTESIAN_POINT('',(-17.2,-45.,14.2));
#14301 = SURFACE_CURVE('',#14302,(#14307,#14314),.PCURVE_S1.);
#14302 = CIRCLE('',#14303,2.8);
#14303 = AXIS2_PLACEMENT_3D('',#14304,#14305,#14306);
#14304 = CARTESIAN_POINT('',(-20.,-45.,14.2));
#14305 = DIRECTION('',(0.,0.,1.));
#14306 = DIRECTION('',(1.,0.,0.));
#14307 = PCURVE('',#9393,#14308);
#14308 = DEFINITIONAL_REPRESENTATION('',(#14309),#14313);
#14309 = CIRCLE('',#14310,2.8);
#14310 = AXIS2_PLACEMENT_2D('',#14311,#14312);
#14311 = CARTESIAN_POINT('',(0.,0.));
#14312 = DIRECTION('',(1.,0.));
#14313 = ( GEOMETRIC_REPRESENTATION_CONTEXT(2) 
PARAMETRIC_REPRESENTATION_CONTEXT() REPRESENTATION_CONTEXT('2D SPACE',''
  ) );
#14314 = PCURVE('',#10271,#14315);
#14315 = DEFINITIONAL_REPRESENTATION('',(#14316),#14320);
#14316 = LINE('',#14317,#14318);
#14317 = CARTESIAN_POINT('',(-0.,-12.7));
#14318 = VECTOR('',#14319,1.);
#14319 = DIRECTION('',(-1.,-0.));
#14320 = ( GEOMETRIC_REPRESENTATION_CONTEXT(2) 
PARAMETRIC_REPRESENTATION_CONTEXT() REPRESENTATION_CONTEXT('2D SPACE',''
  ) );
#14321 = FACE_BOUND('',#14322,.T.);
#14322 = EDGE_LOOP('',(#14323));
#14323 = ORIENTED_EDGE('',*,*,#9376,.F.);
#14324 = ADVANCED_FACE('',(#14325,#14351),#9448,.T.);
#14325 = FACE_BOUND('',#14326,.T.);
#14326 = EDGE_LOOP('',(#14327));
#14327 = ORIENTED_EDGE('',*,*,#14328,.T.);
#14328 = EDGE_CURVE('',#14329,#14329,#14331,.T.);
#14329 = VERTEX_POINT('',#14330);
#14330 = CARTESIAN_POINT('',(22.8,-45.,14.2));
#14331 = SURFACE_CURVE('',#14332,(#14337,#14344),.PCURVE_S1.);
#14332 = CIRCLE('',#14333,2.8);
#14333 = AXIS2_PLACEMENT_3D('',#14334,#14335,#14336);
#14334 = CARTESIAN_POINT('',(20.,-45.,14.2));
#14335 = DIRECTION('',(0.,0.,1.));
#14336 = DIRECTION('',(1.,0.,0.));
#14337 = PCURVE('',#9448,#14338);
#14338 = DEFINITIONAL_REPRESENTATION('',(#14339),#14343);
#14339 = CIRCLE('',#14340,2.8);
#14340 = AXIS2_PLACEMENT_2D('',#14341,#14342);
#14341 = CARTESIAN_POINT('',(0.,0.));
#14342 = DIRECTION('',(1.,0.));
#14343 = ( GEOMETRIC_REPRESENTATION_CONTEXT(2) 
PARAMETRIC_REPRESENTATION_CONTEXT() REPRESENTATION_CONTEXT('2D SPACE',''
  ) );
#14344 = PCURVE('',#11686,#14345);
#14345 = DEFINITIONAL_REPRESENTATION('',(#14346),#14350);
#14346 = LINE('',#14347,#14348);
#14347 = CARTESIAN_POINT('',(-0.,-12.7));
#14348 = VECTOR('',#14349,1.);
#14349 = DIRECTION('',(-1.,-0.));
#14350 = ( GEOMETRIC_REPRESENTATION_CONTEXT(2) 
PARAMETRIC_REPRESENTATION_CONTEXT() REPRESENTATION_CONTEXT('2D SPACE',''
  ) );
#14351 = FACE_BOUND('',#14352,.T.);
#14352 = EDGE_LOOP('',(#14353));
#14353 = ORIENTED_EDGE('',*,*,#9431,.F.);
#14354 = ADVANCED_FACE('',(#14355,#14381),#9503,.T.);
#14355 = FACE_BOUND('',#14356,.T.);
#14356 = EDGE_LOOP('',(#14357));
#14357 = ORIENTED_EDGE('',*,*,#14358,.T.);
#14358 = EDGE_CURVE('',#14359,#14359,#14361,.T.);
#14359 = VERTEX_POINT('',#14360);
#14360 = CARTESIAN_POINT('',(-18.86,54.19,11.));
#14361 = SURFACE_CURVE('',#14362,(#14367,#14374),.PCURVE_S1.);
#14362 = CIRCLE('',#14363,2.8);
#14363 = AXIS2_PLACEMENT_3D('',#14364,#14365,#14366);
#14364 = CARTESIAN_POINT('',(-21.66,54.19,11.));
#14365 = DIRECTION('',(0.,0.,1.));
#14366 = DIRECTION('',(1.,0.,0.));
#14367 = PCURVE('',#9503,#14368);
#14368 = DEFINITIONAL_REPRESENTATION('',(#14369),#14373);
#14369 = CIRCLE('',#14370,2.8);
#14370 = AXIS2_PLACEMENT_2D('',#14371,#14372);
#14371 = CARTESIAN_POINT('',(0.,0.));
#14372 = DIRECTION('',(1.,0.));
#14373 = ( GEOMETRIC_REPRESENTATION_CONTEXT(2) 
PARAMETRIC_REPRESENTATION_CONTEXT() REPRESENTATION_CONTEXT('2D SPACE',''
  ) );
#14374 = PCURVE('',#12504,#14375);
#14375 = DEFINITIONAL_REPRESENTATION('',(#14376),#14380);
#14376 = LINE('',#14377,#14378);
#14377 = CARTESIAN_POINT('',(-0.,-9.5));
#14378 = VECTOR('',#14379,1.);
#14379 = DIRECTION('',(-1.,-0.));
#14380 = ( GEOMETRIC_REPRESENTATION_CONTEXT(2) 
PARAMETRIC_REPRESENTATION_CONTEXT() REPRESENTATION_CONTEXT('2D SPACE',''
  ) );
#14381 = FACE_BOUND('',#14382,.T.);
#14382 = EDGE_LOOP('',(#14383));
#14383 = ORIENTED_EDGE('',*,*,#9486,.F.);
#14384 = ADVANCED_FACE('',(#14385,#14395),#9579,.F.);
#14385 = FACE_BOUND('',#14386,.F.);
#14386 = EDGE_LOOP('',(#14387,#14388,#14389,#14390,#14391,#14392,#14393,
    #14394));
#14387 = ORIENTED_EDGE('',*,*,#9563,.T.);
#14388 = ORIENTED_EDGE('',*,*,#9636,.T.);
#14389 = ORIENTED_EDGE('',*,*,#9663,.T.);
#14390 = ORIENTED_EDGE('',*,*,#9731,.T.);
#14391 = ORIENTED_EDGE('',*,*,#9779,.T.);
#14392 = ORIENTED_EDGE('',*,*,#9826,.T.);
#14393 = ORIENTED_EDGE('',*,*,#9853,.T.);
#14394 = ORIENTED_EDGE('',*,*,#9901,.T.);
#14395 = FACE_BOUND('',#14396,.F.);
#14396 = EDGE_LOOP('',(#14397,#14423,#14444,#14468,#14489,#14513,#14534,
    #14558));
#14397 = ORIENTED_EDGE('',*,*,#14398,.F.);
#14398 = EDGE_CURVE('',#14399,#14401,#14403,.T.);
#14399 = VERTEX_POINT('',#14400);
#14400 = CARTESIAN_POINT('',(-15.96945363637,-9.,1.25));
#14401 = VERTEX_POINT('',#14402);
#14402 = CARTESIAN_POINT('',(-14.5,-10.46945363637,1.25));
#14403 = SURFACE_CURVE('',#14404,(#14409,#14416),.PCURVE_S1.);
#14404 = CIRCLE('',#14405,1.469453636376);
#14405 = AXIS2_PLACEMENT_3D('',#14406,#14407,#14408);
#14406 = CARTESIAN_POINT('',(-14.5,-9.,1.25));
#14407 = DIRECTION('',(0.,0.,1.));
#14408 = DIRECTION('',(1.,0.,-0.));
#14409 = PCURVE('',#9579,#14410);
#14410 = DEFINITIONAL_REPRESENTATION('',(#14411),#14415);
#14411 = CIRCLE('',#14412,1.469453636376);
#14412 = AXIS2_PLACEMENT_2D('',#14413,#14414);
#14413 = CARTESIAN_POINT('',(-14.5,-18.));
#14414 = DIRECTION('',(1.,0.));
#14415 = ( GEOMETRIC_REPRESENTATION_CONTEXT(2) 
PARAMETRIC_REPRESENTATION_CONTEXT() REPRESENTATION_CONTEXT('2D SPACE',''
  ) );
#14416 = PCURVE('',#12918,#14417);
#14417 = DEFINITIONAL_REPRESENTATION('',(#14418),#14422);
#14418 = LINE('',#14419,#14420);
#14419 = CARTESIAN_POINT('',(-0.,-1.75));
#14420 = VECTOR('',#14421,1.);
#14421 = DIRECTION('',(-1.,-0.));
#14422 = ( GEOMETRIC_REPRESENTATION_CONTEXT(2) 
PARAMETRIC_REPRESENTATION_CONTEXT() REPRESENTATION_CONTEXT('2D SPACE',''
  ) );
#14423 = ORIENTED_EDGE('',*,*,#14424,.T.);
#14424 = EDGE_CURVE('',#14399,#14425,#14427,.T.);
#14425 = VERTEX_POINT('',#14426);
#14426 = CARTESIAN_POINT('',(-15.96945363637,27.,1.25));
#14427 = SURFACE_CURVE('',#14428,(#14432,#14438),.PCURVE_S1.);
#14428 = LINE('',#14429,#14430);
#14429 = CARTESIAN_POINT('',(-15.96945363637,9.,1.25));
#14430 = VECTOR('',#14431,1.);
#14431 = DIRECTION('',(-0.,1.,0.));
#14432 = PCURVE('',#9579,#14433);
#14433 = DEFINITIONAL_REPRESENTATION('',(#14434),#14437);
#14434 = B_SPLINE_CURVE_WITH_KNOTS('',1,(#14435,#14436),.UNSPECIFIED.,
  .F.,.F.,(2,2),(-18.,18.),.PIECEWISE_BEZIER_KNOTS.);
#14435 = CARTESIAN_POINT('',(-15.96945363637,-18.));
#14436 = CARTESIAN_POINT('',(-15.96945363637,18.));
#14437 = ( GEOMETRIC_REPRESENTATION_CONTEXT(2) 
PARAMETRIC_REPRESENTATION_CONTEXT() REPRESENTATION_CONTEXT('2D SPACE',''
  ) );
#14438 = PCURVE('',#12535,#14439);
#14439 = DEFINITIONAL_REPRESENTATION('',(#14440),#14443);
#14440 = B_SPLINE_CURVE_WITH_KNOTS('',1,(#14441,#14442),.UNSPECIFIED.,
  .F.,.F.,(2,2),(-18.,18.),.PIECEWISE_BEZIER_KNOTS.);
#14441 = CARTESIAN_POINT('',(1.750266574077,18.));
#14442 = CARTESIAN_POINT('',(1.750266574077,-18.));
#14443 = ( GEOMETRIC_REPRESENTATION_CONTEXT(2) 
PARAMETRIC_REPRESENTATION_CONTEXT() REPRESENTATION_CONTEXT('2D SPACE',''
  ) );
#14444 = ORIENTED_EDGE('',*,*,#14445,.F.);
#14445 = EDGE_CURVE('',#14446,#14425,#14448,.T.);
#14446 = VERTEX_POINT('',#14447);
#14447 = CARTESIAN_POINT('',(-14.5,28.469453636376,1.25));
#14448 = SURFACE_CURVE('',#14449,(#14454,#14461),.PCURVE_S1.);
#14449 = CIRCLE('',#14450,1.469453636376);
#14450 = AXIS2_PLACEMENT_3D('',#14451,#14452,#14453);
#14451 = CARTESIAN_POINT('',(-14.5,27.,1.25));
#14452 = DIRECTION('',(0.,0.,1.));
#14453 = DIRECTION('',(1.,0.,-0.));
#14454 = PCURVE('',#9579,#14455);
#14455 = DEFINITIONAL_REPRESENTATION('',(#14456),#14460);
#14456 = CIRCLE('',#14457,1.469453636376);
#14457 = AXIS2_PLACEMENT_2D('',#14458,#14459);
#14458 = CARTESIAN_POINT('',(-14.5,18.));
#14459 = DIRECTION('',(1.,0.));
#14460 = ( GEOMETRIC_REPRESENTATION_CONTEXT(2) 
PARAMETRIC_REPRESENTATION_CONTEXT() REPRESENTATION_CONTEXT('2D SPACE',''
  ) );
#14461 = PCURVE('',#12659,#14462);
#14462 = DEFINITIONAL_REPRESENTATION('',(#14463),#14467);
#14463 = LINE('',#14464,#14465);
#14464 = CARTESIAN_POINT('',(-0.,-1.75));
#14465 = VECTOR('',#14466,1.);
#14466 = DIRECTION('',(-1.,-0.));
#14467 = ( GEOMETRIC_REPRESENTATION_CONTEXT(2) 
PARAMETRIC_REPRESENTATION_CONTEXT() REPRESENTATION_CONTEXT('2D SPACE',''
  ) );
#14468 = ORIENTED_EDGE('',*,*,#14469,.T.);
#14469 = EDGE_CURVE('',#14446,#14470,#14472,.T.);
#14470 = VERTEX_POINT('',#14471);
#14471 = CARTESIAN_POINT('',(14.5,28.469453636376,1.25));
#14472 = SURFACE_CURVE('',#14473,(#14477,#14483),.PCURVE_S1.);
#14473 = LINE('',#14474,#14475);
#14474 = CARTESIAN_POINT('',(0.,28.469453636376,1.25));
#14475 = VECTOR('',#14476,1.);
#14476 = DIRECTION('',(1.,0.,0.));
#14477 = PCURVE('',#9579,#14478);
#14478 = DEFINITIONAL_REPRESENTATION('',(#14479),#14482);
#14479 = B_SPLINE_CURVE_WITH_KNOTS('',1,(#14480,#14481),.UNSPECIFIED.,
  .F.,.F.,(2,2),(-14.5,14.5),.PIECEWISE_BEZIER_KNOTS.);
#14480 = CARTESIAN_POINT('',(-14.5,19.469453636376));
#14481 = CARTESIAN_POINT('',(14.5,19.469453636376));
#14482 = ( GEOMETRIC_REPRESENTATION_CONTEXT(2) 
PARAMETRIC_REPRESENTATION_CONTEXT() REPRESENTATION_CONTEXT('2D SPACE',''
  ) );
#14483 = PCURVE('',#12686,#14484);
#14484 = DEFINITIONAL_REPRESENTATION('',(#14485),#14488);
#14485 = B_SPLINE_CURVE_WITH_KNOTS('',1,(#14486,#14487),.UNSPECIFIED.,
  .F.,.F.,(2,2),(-14.5,14.5),.PIECEWISE_BEZIER_KNOTS.);
#14486 = CARTESIAN_POINT('',(1.750266574077,14.5));
#14487 = CARTESIAN_POINT('',(1.750266574077,-14.5));
#14488 = ( GEOMETRIC_REPRESENTATION_CONTEXT(2) 
PARAMETRIC_REPRESENTATION_CONTEXT() REPRESENTATION_CONTEXT('2D SPACE',''
  ) );
#14489 = ORIENTED_EDGE('',*,*,#14490,.F.);
#14490 = EDGE_CURVE('',#14491,#14470,#14493,.T.);
#14491 = VERTEX_POINT('',#14492);
#14492 = CARTESIAN_POINT('',(15.969453636376,27.,1.25));
#14493 = SURFACE_CURVE('',#14494,(#14499,#14506),.PCURVE_S1.);
#14494 = CIRCLE('',#14495,1.469453636376);
#14495 = AXIS2_PLACEMENT_3D('',#14496,#14497,#14498);
#14496 = CARTESIAN_POINT('',(14.5,27.,1.25));
#14497 = DIRECTION('',(0.,0.,1.));
#14498 = DIRECTION('',(1.,0.,-0.));
#14499 = PCURVE('',#9579,#14500);
#14500 = DEFINITIONAL_REPRESENTATION('',(#14501),#14505);
#14501 = CIRCLE('',#14502,1.469453636376);
#14502 = AXIS2_PLACEMENT_2D('',#14503,#14504);
#14503 = CARTESIAN_POINT('',(14.5,18.));
#14504 = DIRECTION('',(1.,0.));
#14505 = ( GEOMETRIC_REPRESENTATION_CONTEXT(2) 
PARAMETRIC_REPRESENTATION_CONTEXT() REPRESENTATION_CONTEXT('2D SPACE',''
  ) );
#14506 = PCURVE('',#12714,#14507);
#14507 = DEFINITIONAL_REPRESENTATION('',(#14508),#14512);
#14508 = LINE('',#14509,#14510);
#14509 = CARTESIAN_POINT('',(-0.,-1.75));
#14510 = VECTOR('',#14511,1.);
#14511 = DIRECTION('',(-1.,-0.));
#14512 = ( GEOMETRIC_REPRESENTATION_CONTEXT(2) 
PARAMETRIC_REPRESENTATION_CONTEXT() REPRESENTATION_CONTEXT('2D SPACE',''
  ) );
#14513 = ORIENTED_EDGE('',*,*,#14514,.T.);
#14514 = EDGE_CURVE('',#14491,#14515,#14517,.T.);
#14515 = VERTEX_POINT('',#14516);
#14516 = CARTESIAN_POINT('',(15.969453636376,-9.,1.25));
#14517 = SURFACE_CURVE('',#14518,(#14522,#14528),.PCURVE_S1.);
#14518 = LINE('',#14519,#14520);
#14519 = CARTESIAN_POINT('',(15.969453636376,9.,1.25));
#14520 = VECTOR('',#14521,1.);
#14521 = DIRECTION('',(-0.,-1.,0.));
#14522 = PCURVE('',#9579,#14523);
#14523 = DEFINITIONAL_REPRESENTATION('',(#14524),#14527);
#14524 = B_SPLINE_CURVE_WITH_KNOTS('',1,(#14525,#14526),.UNSPECIFIED.,
  .F.,.F.,(2,2),(-18.,18.),.PIECEWISE_BEZIER_KNOTS.);
#14525 = CARTESIAN_POINT('',(15.969453636376,18.));
#14526 = CARTESIAN_POINT('',(15.969453636376,-18.));
#14527 = ( GEOMETRIC_REPRESENTATION_CONTEXT(2) 
PARAMETRIC_REPRESENTATION_CONTEXT() REPRESENTATION_CONTEXT('2D SPACE',''
  ) );
#14528 = PCURVE('',#12741,#14529);
#14529 = DEFINITIONAL_REPRESENTATION('',(#14530),#14533);
#14530 = B_SPLINE_CURVE_WITH_KNOTS('',1,(#14531,#14532),.UNSPECIFIED.,
  .F.,.F.,(2,2),(-18.,18.),.PIECEWISE_BEZIER_KNOTS.);
#14531 = CARTESIAN_POINT('',(1.750266574077,18.));
#14532 = CARTESIAN_POINT('',(1.750266574077,-18.));
#14533 = ( GEOMETRIC_REPRESENTATION_CONTEXT(2) 
PARAMETRIC_REPRESENTATION_CONTEXT() REPRESENTATION_CONTEXT('2D SPACE',''
  ) );
#14534 = ORIENTED_EDGE('',*,*,#14535,.F.);
#14535 = EDGE_CURVE('',#14536,#14515,#14538,.T.);
#14536 = VERTEX_POINT('',#14537);
#14537 = CARTESIAN_POINT('',(14.5,-10.46945363637,1.25));
#14538 = SURFACE_CURVE('',#14539,(#14544,#14551),.PCURVE_S1.);
#14539 = CIRCLE('',#14540,1.469453636376);
#14540 = AXIS2_PLACEMENT_3D('',#14541,#14542,#14543);
#14541 = CARTESIAN_POINT('',(14.5,-9.,1.25));
#14542 = DIRECTION('',(0.,0.,1.));
#14543 = DIRECTION('',(1.,0.,-0.));
#14544 = PCURVE('',#9579,#14545);
#14545 = DEFINITIONAL_REPRESENTATION('',(#14546),#14550);
#14546 = CIRCLE('',#14547,1.469453636376);
#14547 = AXIS2_PLACEMENT_2D('',#14548,#14549);
#14548 = CARTESIAN_POINT('',(14.5,-18.));
#14549 = DIRECTION('',(1.,0.));
#14550 = ( GEOMETRIC_REPRESENTATION_CONTEXT(2) 
PARAMETRIC_REPRESENTATION_CONTEXT() REPRESENTATION_CONTEXT('2D SPACE',''
  ) );
#14551 = PCURVE('',#12865,#14552);
#14552 = DEFINITIONAL_REPRESENTATION('',(#14553),#14557);
#14553 = LINE('',#14554,#14555);
#14554 = CARTESIAN_POINT('',(-0.,-1.75));
#14555 = VECTOR('',#14556,1.);
#14556 = DIRECTION('',(-1.,-0.));
#14557 = ( GEOMETRIC_REPRESENTATION_CONTEXT(2) 
PARAMETRIC_REPRESENTATION_CONTEXT() REPRESENTATION_CONTEXT('2D SPACE',''
  ) );
#14558 = ORIENTED_EDGE('',*,*,#14559,.T.);
#14559 = EDGE_CURVE('',#14536,#14401,#14560,.T.);
#14560 = SURFACE_CURVE('',#14561,(#14565,#14571),.PCURVE_S1.);
#14561 = LINE('',#14562,#14563);
#14562 = CARTESIAN_POINT('',(0.,-10.46945363637,1.25));
#14563 = VECTOR('',#14564,1.);
#14564 = DIRECTION('',(-1.,0.,0.));
#14565 = PCURVE('',#9579,#14566);
#14566 = DEFINITIONAL_REPRESENTATION('',(#14567),#14570);
#14567 = B_SPLINE_CURVE_WITH_KNOTS('',1,(#14568,#14569),.UNSPECIFIED.,
  .F.,.F.,(2,2),(-14.5,14.5),.PIECEWISE_BEZIER_KNOTS.);
#14568 = CARTESIAN_POINT('',(14.5,-19.46945363637));
#14569 = CARTESIAN_POINT('',(-14.5,-19.46945363637));
#14570 = ( GEOMETRIC_REPRESENTATION_CONTEXT(2) 
PARAMETRIC_REPRESENTATION_CONTEXT() REPRESENTATION_CONTEXT('2D SPACE',''
  ) );
#14571 = PCURVE('',#12892,#14572);
#14572 = DEFINITIONAL_REPRESENTATION('',(#14573),#14576);
#14573 = B_SPLINE_CURVE_WITH_KNOTS('',1,(#14574,#14575),.UNSPECIFIED.,
  .F.,.F.,(2,2),(-14.5,14.5),.PIECEWISE_BEZIER_KNOTS.);
#14574 = CARTESIAN_POINT('',(1.750266574077,14.5));
#14575 = CARTESIAN_POINT('',(1.750266574077,-14.5));
#14576 = ( GEOMETRIC_REPRESENTATION_CONTEXT(2) 
PARAMETRIC_REPRESENTATION_CONTEXT() REPRESENTATION_CONTEXT('2D SPACE',''
  ) );
#14577 = ADVANCED_FACE('',(#14578,#14604),#9943,.T.);
#14578 = FACE_BOUND('',#14579,.T.);
#14579 = EDGE_LOOP('',(#14580));
#14580 = ORIENTED_EDGE('',*,*,#14581,.T.);
#14581 = EDGE_CURVE('',#14582,#14582,#14584,.T.);
#14582 = VERTEX_POINT('',#14583);
#14583 = CARTESIAN_POINT('',(24.46,54.19,11.));
#14584 = SURFACE_CURVE('',#14585,(#14590,#14597),.PCURVE_S1.);
#14585 = CIRCLE('',#14586,2.8);
#14586 = AXIS2_PLACEMENT_3D('',#14587,#14588,#14589);
#14587 = CARTESIAN_POINT('',(21.66,54.19,11.));
#14588 = DIRECTION('',(0.,0.,1.));
#14589 = DIRECTION('',(1.,0.,0.));
#14590 = PCURVE('',#9943,#14591);
#14591 = DEFINITIONAL_REPRESENTATION('',(#14592),#14596);
#14592 = CIRCLE('',#14593,2.8);
#14593 = AXIS2_PLACEMENT_2D('',#14594,#14595);
#14594 = CARTESIAN_POINT('',(0.,0.));
#14595 = DIRECTION('',(1.,0.));
#14596 = ( GEOMETRIC_REPRESENTATION_CONTEXT(2) 
PARAMETRIC_REPRESENTATION_CONTEXT() REPRESENTATION_CONTEXT('2D SPACE',''
  ) );
#14597 = PCURVE('',#12949,#14598);
#14598 = DEFINITIONAL_REPRESENTATION('',(#14599),#14603);
#14599 = LINE('',#14600,#14601);
#14600 = CARTESIAN_POINT('',(-0.,-9.5));
#14601 = VECTOR('',#14602,1.);
#14602 = DIRECTION('',(-1.,-0.));
#14603 = ( GEOMETRIC_REPRESENTATION_CONTEXT(2) 
PARAMETRIC_REPRESENTATION_CONTEXT() REPRESENTATION_CONTEXT('2D SPACE',''
  ) );
#14604 = FACE_BOUND('',#14605,.T.);
#14605 = EDGE_LOOP('',(#14606));
#14606 = ORIENTED_EDGE('',*,*,#9926,.F.);
#14607 = ADVANCED_FACE('',(#14608),#10271,.T.);
#14608 = FACE_BOUND('',#14609,.T.);
#14609 = EDGE_LOOP('',(#14610,#14611,#14632,#14633,#14634,#14635,#14636,
    #14637));
#14610 = ORIENTED_EDGE('',*,*,#12196,.T.);
#14611 = ORIENTED_EDGE('',*,*,#14612,.T.);
#14612 = EDGE_CURVE('',#12173,#14299,#14613,.T.);
#14613 = SEAM_CURVE('',#14614,(#14618,#14625),.PCURVE_S1.);
#14614 = LINE('',#14615,#14616);
#14615 = CARTESIAN_POINT('',(-17.08916877905,-45.,1.5));
#14616 = VECTOR('',#14617,1.);
#14617 = DIRECTION('',(-8.726535498374E-03,2.137384753146E-18,
    0.999961923064));
#14618 = PCURVE('',#10271,#14619);
#14619 = DEFINITIONAL_REPRESENTATION('',(#14620),#14624);
#14620 = LINE('',#14621,#14622);
#14621 = CARTESIAN_POINT('',(0.,-0.));
#14622 = VECTOR('',#14623,1.);
#14623 = DIRECTION('',(-0.,-1.));
#14624 = ( GEOMETRIC_REPRESENTATION_CONTEXT(2) 
PARAMETRIC_REPRESENTATION_CONTEXT() REPRESENTATION_CONTEXT('2D SPACE',''
  ) );
#14625 = PCURVE('',#10271,#14626);
#14626 = DEFINITIONAL_REPRESENTATION('',(#14627),#14631);
#14627 = LINE('',#14628,#14629);
#14628 = CARTESIAN_POINT('',(-6.28318530718,0.));
#14629 = VECTOR('',#14630,1.);
#14630 = DIRECTION('',(-0.,-1.));
#14631 = ( GEOMETRIC_REPRESENTATION_CONTEXT(2) 
PARAMETRIC_REPRESENTATION_CONTEXT() REPRESENTATION_CONTEXT('2D SPACE',''
  ) );
#14632 = ORIENTED_EDGE('',*,*,#14298,.F.);
#14633 = ORIENTED_EDGE('',*,*,#14612,.F.);
#14634 = ORIENTED_EDGE('',*,*,#12172,.T.);
#14635 = ORIENTED_EDGE('',*,*,#10339,.F.);
#14636 = ORIENTED_EDGE('',*,*,#10290,.T.);
#14637 = ORIENTED_EDGE('',*,*,#10253,.F.);
#14638 = ADVANCED_FACE('',(#14639),#10614,.T.);
#14639 = FACE_BOUND('',#14640,.T.);
#14640 = EDGE_LOOP('',(#14641,#14642,#14665,#14692,#14693,#14694,#14695,
    #14696));
#14641 = ORIENTED_EDGE('',*,*,#12147,.T.);
#14642 = ORIENTED_EDGE('',*,*,#14643,.T.);
#14643 = EDGE_CURVE('',#12124,#14644,#14646,.T.);
#14644 = VERTEX_POINT('',#14645);
#14645 = CARTESIAN_POINT('',(-19.16,-15.94,11.));
#14646 = SEAM_CURVE('',#14647,(#14651,#14658),.PCURVE_S1.);
#14647 = LINE('',#14648,#14649);
#14648 = CARTESIAN_POINT('',(-19.07709475598,-15.94,1.5));
#14649 = VECTOR('',#14650,1.);
#14650 = DIRECTION('',(-8.726535498374E-03,2.137384753146E-18,
    0.999961923064));
#14651 = PCURVE('',#10614,#14652);
#14652 = DEFINITIONAL_REPRESENTATION('',(#14653),#14657);
#14653 = LINE('',#14654,#14655);
#14654 = CARTESIAN_POINT('',(0.,-0.));
#14655 = VECTOR('',#14656,1.);
#14656 = DIRECTION('',(-0.,-1.));
#14657 = ( GEOMETRIC_REPRESENTATION_CONTEXT(2) 
PARAMETRIC_REPRESENTATION_CONTEXT() REPRESENTATION_CONTEXT('2D SPACE',''
  ) );
#14658 = PCURVE('',#10614,#14659);
#14659 = DEFINITIONAL_REPRESENTATION('',(#14660),#14664);
#14660 = LINE('',#14661,#14662);
#14661 = CARTESIAN_POINT('',(-6.28318530718,0.));
#14662 = VECTOR('',#14663,1.);
#14663 = DIRECTION('',(-0.,-1.));
#14664 = ( GEOMETRIC_REPRESENTATION_CONTEXT(2) 
PARAMETRIC_REPRESENTATION_CONTEXT() REPRESENTATION_CONTEXT('2D SPACE',''
  ) );
#14665 = ORIENTED_EDGE('',*,*,#14666,.F.);
#14666 = EDGE_CURVE('',#14644,#14644,#14667,.T.);
#14667 = SURFACE_CURVE('',#14668,(#14673,#14680),.PCURVE_S1.);
#14668 = CIRCLE('',#14669,2.5);
#14669 = AXIS2_PLACEMENT_3D('',#14670,#14671,#14672);
#14670 = CARTESIAN_POINT('',(-21.66,-15.94,11.));
#14671 = DIRECTION('',(0.,0.,1.));
#14672 = DIRECTION('',(1.,0.,0.));
#14673 = PCURVE('',#10614,#14674);
#14674 = DEFINITIONAL_REPRESENTATION('',(#14675),#14679);
#14675 = LINE('',#14676,#14677);
#14676 = CARTESIAN_POINT('',(-0.,-9.5));
#14677 = VECTOR('',#14678,1.);
#14678 = DIRECTION('',(-1.,-0.));
#14679 = ( GEOMETRIC_REPRESENTATION_CONTEXT(2) 
PARAMETRIC_REPRESENTATION_CONTEXT() REPRESENTATION_CONTEXT('2D SPACE',''
  ) );
#14680 = PCURVE('',#14681,#14686);
#14681 = PLANE('',#14682);
#14682 = AXIS2_PLACEMENT_3D('',#14683,#14684,#14685);
#14683 = CARTESIAN_POINT('',(-21.66,-15.94,11.));
#14684 = DIRECTION('',(0.,0.,1.));
#14685 = DIRECTION('',(1.,0.,0.));
#14686 = DEFINITIONAL_REPRESENTATION('',(#14687),#14691);
#14687 = CIRCLE('',#14688,2.5);
#14688 = AXIS2_PLACEMENT_2D('',#14689,#14690);
#14689 = CARTESIAN_POINT('',(0.,0.));
#14690 = DIRECTION('',(1.,0.));
#14691 = ( GEOMETRIC_REPRESENTATION_CONTEXT(2) 
PARAMETRIC_REPRESENTATION_CONTEXT() REPRESENTATION_CONTEXT('2D SPACE',''
  ) );
#14692 = ORIENTED_EDGE('',*,*,#14643,.F.);
#14693 = ORIENTED_EDGE('',*,*,#12123,.T.);
#14694 = ORIENTED_EDGE('',*,*,#10682,.F.);
#14695 = ORIENTED_EDGE('',*,*,#10633,.T.);
#14696 = ORIENTED_EDGE('',*,*,#10596,.F.);
#14697 = ADVANCED_FACE('',(#14698),#10977,.T.);
#14698 = FACE_BOUND('',#14699,.T.);
#14699 = EDGE_LOOP('',(#14700,#14701,#14702,#14703));
#14700 = ORIENTED_EDGE('',*,*,#10962,.F.);
#14701 = ORIENTED_EDGE('',*,*,#12102,.F.);
#14702 = ORIENTED_EDGE('',*,*,#11061,.T.);
#14703 = ORIENTED_EDGE('',*,*,#11016,.F.);
#14704 = ADVANCED_FACE('',(#14705),#11351,.T.);
#14705 = FACE_BOUND('',#14706,.T.);
#14706 = EDGE_LOOP('',(#14707,#14708,#14709,#14710));
#14707 = ORIENTED_EDGE('',*,*,#11336,.F.);
#14708 = ORIENTED_EDGE('',*,*,#12081,.F.);
#14709 = ORIENTED_EDGE('',*,*,#11435,.T.);
#14710 = ORIENTED_EDGE('',*,*,#11390,.F.);
#14711 = ADVANCED_FACE('',(#14712),#11686,.T.);
#14712 = FACE_BOUND('',#14713,.T.);
#14713 = EDGE_LOOP('',(#14714,#14715,#14736,#14737,#14738,#14739,#14740,
    #14741));
#14714 = ORIENTED_EDGE('',*,*,#14131,.T.);
#14715 = ORIENTED_EDGE('',*,*,#14716,.T.);
#14716 = EDGE_CURVE('',#14134,#14329,#14717,.T.);
#14717 = SEAM_CURVE('',#14718,(#14722,#14729),.PCURVE_S1.);
#14718 = LINE('',#14719,#14720);
#14719 = CARTESIAN_POINT('',(22.910831220943,-45.,1.5));
#14720 = VECTOR('',#14721,1.);
#14721 = DIRECTION('',(-8.726535498374E-03,2.137384753146E-18,
    0.999961923064));
#14722 = PCURVE('',#11686,#14723);
#14723 = DEFINITIONAL_REPRESENTATION('',(#14724),#14728);
#14724 = LINE('',#14725,#14726);
#14725 = CARTESIAN_POINT('',(0.,-0.));
#14726 = VECTOR('',#14727,1.);
#14727 = DIRECTION('',(-0.,-1.));
#14728 = ( GEOMETRIC_REPRESENTATION_CONTEXT(2) 
PARAMETRIC_REPRESENTATION_CONTEXT() REPRESENTATION_CONTEXT('2D SPACE',''
  ) );
#14729 = PCURVE('',#11686,#14730);
#14730 = DEFINITIONAL_REPRESENTATION('',(#14731),#14735);
#14731 = LINE('',#14732,#14733);
#14732 = CARTESIAN_POINT('',(-6.28318530718,0.));
#14733 = VECTOR('',#14734,1.);
#14734 = DIRECTION('',(-0.,-1.));
#14735 = ( GEOMETRIC_REPRESENTATION_CONTEXT(2) 
PARAMETRIC_REPRESENTATION_CONTEXT() REPRESENTATION_CONTEXT('2D SPACE',''
  ) );
#14736 = ORIENTED_EDGE('',*,*,#14328,.F.);
#14737 = ORIENTED_EDGE('',*,*,#14716,.F.);
#14738 = ORIENTED_EDGE('',*,*,#14179,.T.);
#14739 = ORIENTED_EDGE('',*,*,#14076,.F.);
#14740 = ORIENTED_EDGE('',*,*,#11669,.T.);
#14741 = ORIENTED_EDGE('',*,*,#14205,.F.);
#14742 = ADVANCED_FACE('',(#14743),#11778,.T.);
#14743 = FACE_BOUND('',#14744,.T.);
#14744 = EDGE_LOOP('',(#14745,#14746,#14769,#14796,#14797,#14798,#14799,
    #14800));
#14745 = ORIENTED_EDGE('',*,*,#13784,.T.);
#14746 = ORIENTED_EDGE('',*,*,#14747,.T.);
#14747 = EDGE_CURVE('',#13787,#14748,#14750,.T.);
#14748 = VERTEX_POINT('',#14749);
#14749 = CARTESIAN_POINT('',(24.16,-15.94,11.));
#14750 = SEAM_CURVE('',#14751,(#14755,#14762),.PCURVE_S1.);
#14751 = LINE('',#14752,#14753);
#14752 = CARTESIAN_POINT('',(24.242905244012,-15.94,1.5));
#14753 = VECTOR('',#14754,1.);
#14754 = DIRECTION('',(-8.726535498374E-03,2.137384753146E-18,
    0.999961923064));
#14755 = PCURVE('',#11778,#14756);
#14756 = DEFINITIONAL_REPRESENTATION('',(#14757),#14761);
#14757 = LINE('',#14758,#14759);
#14758 = CARTESIAN_POINT('',(0.,-0.));
#14759 = VECTOR('',#14760,1.);
#14760 = DIRECTION('',(-0.,-1.));
#14761 = ( GEOMETRIC_REPRESENTATION_CONTEXT(2) 
PARAMETRIC_REPRESENTATION_CONTEXT() REPRESENTATION_CONTEXT('2D SPACE',''
  ) );
#14762 = PCURVE('',#11778,#14763);
#14763 = DEFINITIONAL_REPRESENTATION('',(#14764),#14768);
#14764 = LINE('',#14765,#14766);
#14765 = CARTESIAN_POINT('',(-6.28318530718,0.));
#14766 = VECTOR('',#14767,1.);
#14767 = DIRECTION('',(-0.,-1.));
#14768 = ( GEOMETRIC_REPRESENTATION_CONTEXT(2) 
PARAMETRIC_REPRESENTATION_CONTEXT() REPRESENTATION_CONTEXT('2D SPACE',''
  ) );
#14769 = ORIENTED_EDGE('',*,*,#14770,.F.);
#14770 = EDGE_CURVE('',#14748,#14748,#14771,.T.);
#14771 = SURFACE_CURVE('',#14772,(#14777,#14784),.PCURVE_S1.);
#14772 = CIRCLE('',#14773,2.5);
#14773 = AXIS2_PLACEMENT_3D('',#14774,#14775,#14776);
#14774 = CARTESIAN_POINT('',(21.66,-15.94,11.));
#14775 = DIRECTION('',(0.,0.,1.));
#14776 = DIRECTION('',(1.,0.,0.));
#14777 = PCURVE('',#11778,#14778);
#14778 = DEFINITIONAL_REPRESENTATION('',(#14779),#14783);
#14779 = LINE('',#14780,#14781);
#14780 = CARTESIAN_POINT('',(-0.,-9.5));
#14781 = VECTOR('',#14782,1.);
#14782 = DIRECTION('',(-1.,-0.));
#14783 = ( GEOMETRIC_REPRESENTATION_CONTEXT(2) 
PARAMETRIC_REPRESENTATION_CONTEXT() REPRESENTATION_CONTEXT('2D SPACE',''
  ) );
#14784 = PCURVE('',#14785,#14790);
#14785 = PLANE('',#14786);
#14786 = AXIS2_PLACEMENT_3D('',#14787,#14788,#14789);
#14787 = CARTESIAN_POINT('',(21.66,-15.94,11.));
#14788 = DIRECTION('',(0.,0.,1.));
#14789 = DIRECTION('',(1.,0.,0.));
#14790 = DEFINITIONAL_REPRESENTATION('',(#14791),#14795);
#14791 = CIRCLE('',#14792,2.5);
#14792 = AXIS2_PLACEMENT_2D('',#14793,#14794);
#14793 = CARTESIAN_POINT('',(0.,0.));
#14794 = DIRECTION('',(1.,0.));
#14795 = ( GEOMETRIC_REPRESENTATION_CONTEXT(2) 
PARAMETRIC_REPRESENTATION_CONTEXT() REPRESENTATION_CONTEXT('2D SPACE',''
  ) );
#14796 = ORIENTED_EDGE('',*,*,#14747,.F.);
#14797 = ORIENTED_EDGE('',*,*,#13832,.T.);
#14798 = ORIENTED_EDGE('',*,*,#13729,.F.);
#14799 = ORIENTED_EDGE('',*,*,#11761,.T.);
#14800 = ORIENTED_EDGE('',*,*,#13858,.F.);
#14801 = ADVANCED_FACE('',(#14802),#11867,.T.);
#14802 = FACE_BOUND('',#14803,.T.);
#14803 = EDGE_LOOP('',(#14804,#14805,#14806,#14807));
#14804 = ORIENTED_EDGE('',*,*,#11853,.F.);
#14805 = ORIENTED_EDGE('',*,*,#13564,.T.);
#14806 = ORIENTED_EDGE('',*,*,#13517,.T.);
#14807 = ORIENTED_EDGE('',*,*,#13470,.F.);
#14808 = ADVANCED_FACE('',(#14809),#11955,.T.);
#14809 = FACE_BOUND('',#14810,.T.);
#14810 = EDGE_LOOP('',(#14811,#14812,#14813,#14814));
#14811 = ORIENTED_EDGE('',*,*,#11941,.F.);
#14812 = ORIENTED_EDGE('',*,*,#13257,.T.);
#14813 = ORIENTED_EDGE('',*,*,#13210,.T.);
#14814 = ORIENTED_EDGE('',*,*,#13163,.F.);
#14815 = ADVANCED_FACE('',(#14816),#12238,.T.);
#14816 = FACE_BOUND('',#14817,.T.);
#14817 = EDGE_LOOP('',(#14818,#14841,#14868,#14869));
#14818 = ORIENTED_EDGE('',*,*,#14819,.T.);
#14819 = EDGE_CURVE('',#12222,#14820,#14822,.T.);
#14820 = VERTEX_POINT('',#14821);
#14821 = CARTESIAN_POINT('',(-9.5,-40.,7.));
#14822 = SEAM_CURVE('',#14823,(#14827,#14834),.PCURVE_S1.);
#14823 = LINE('',#14824,#14825);
#14824 = CARTESIAN_POINT('',(-9.452002227151,-40.,1.5));
#14825 = VECTOR('',#14826,1.);
#14826 = DIRECTION('',(-8.726535498374E-03,2.137384753146E-18,
    0.999961923064));
#14827 = PCURVE('',#12238,#14828);
#14828 = DEFINITIONAL_REPRESENTATION('',(#14829),#14833);
#14829 = LINE('',#14830,#14831);
#14830 = CARTESIAN_POINT('',(-6.28318530718,0.));
#14831 = VECTOR('',#14832,1.);
#14832 = DIRECTION('',(-0.,-1.));
#14833 = ( GEOMETRIC_REPRESENTATION_CONTEXT(2) 
PARAMETRIC_REPRESENTATION_CONTEXT() REPRESENTATION_CONTEXT('2D SPACE',''
  ) );
#14834 = PCURVE('',#12238,#14835);
#14835 = DEFINITIONAL_REPRESENTATION('',(#14836),#14840);
#14836 = LINE('',#14837,#14838);
#14837 = CARTESIAN_POINT('',(0.,-0.));
#14838 = VECTOR('',#14839,1.);
#14839 = DIRECTION('',(-0.,-1.));
#14840 = ( GEOMETRIC_REPRESENTATION_CONTEXT(2) 
PARAMETRIC_REPRESENTATION_CONTEXT() REPRESENTATION_CONTEXT('2D SPACE',''
  ) );
#14841 = ORIENTED_EDGE('',*,*,#14842,.F.);
#14842 = EDGE_CURVE('',#14820,#14820,#14843,.T.);
#14843 = SURFACE_CURVE('',#14844,(#14849,#14856),.PCURVE_S1.);
#14844 = CIRCLE('',#14845,2.5);
#14845 = AXIS2_PLACEMENT_3D('',#14846,#14847,#14848);
#14846 = CARTESIAN_POINT('',(-12.,-40.,7.));
#14847 = DIRECTION('',(0.,0.,1.));
#14848 = DIRECTION('',(1.,0.,0.));
#14849 = PCURVE('',#12238,#14850);
#14850 = DEFINITIONAL_REPRESENTATION('',(#14851),#14855);
#14851 = LINE('',#14852,#14853);
#14852 = CARTESIAN_POINT('',(-0.,-5.5));
#14853 = VECTOR('',#14854,1.);
#14854 = DIRECTION('',(-1.,-0.));
#14855 = ( GEOMETRIC_REPRESENTATION_CONTEXT(2) 
PARAMETRIC_REPRESENTATION_CONTEXT() REPRESENTATION_CONTEXT('2D SPACE',''
  ) );
#14856 = PCURVE('',#14857,#14862);
#14857 = PLANE('',#14858);
#14858 = AXIS2_PLACEMENT_3D('',#14859,#14860,#14861);
#14859 = CARTESIAN_POINT('',(-12.,-40.,7.));
#14860 = DIRECTION('',(0.,0.,1.));
#14861 = DIRECTION('',(1.,0.,0.));
#14862 = DEFINITIONAL_REPRESENTATION('',(#14863),#14867);
#14863 = CIRCLE('',#14864,2.5);
#14864 = AXIS2_PLACEMENT_2D('',#14865,#14866);
#14865 = CARTESIAN_POINT('',(0.,0.));
#14866 = DIRECTION('',(1.,0.));
#14867 = ( GEOMETRIC_REPRESENTATION_CONTEXT(2) 
PARAMETRIC_REPRESENTATION_CONTEXT() REPRESENTATION_CONTEXT('2D SPACE',''
  ) );
#14868 = ORIENTED_EDGE('',*,*,#14819,.F.);
#14869 = ORIENTED_EDGE('',*,*,#12221,.T.);
#14870 = ADVANCED_FACE('',(#14871),#12268,.T.);
#14871 = FACE_BOUND('',#14872,.T.);
#14872 = EDGE_LOOP('',(#14873,#14895,#14896,#14918));
#14873 = ORIENTED_EDGE('',*,*,#14874,.F.);
#14874 = EDGE_CURVE('',#12255,#14875,#14877,.T.);
#14875 = VERTEX_POINT('',#14876);
#14876 = CARTESIAN_POINT('',(-14.,-20.5,13.2));
#14877 = SURFACE_CURVE('',#14878,(#14881,#14888),.PCURVE_S1.);
#14878 = B_SPLINE_CURVE_WITH_KNOTS('',1,(#14879,#14880),.UNSPECIFIED.,
  .F.,.F.,(2,2),(0.,1.),.PIECEWISE_BEZIER_KNOTS.);
#14879 = CARTESIAN_POINT('',(-14.09948629281,-20.59948629281,1.8));
#14880 = CARTESIAN_POINT('',(-14.,-20.5,13.2));
#14881 = PCURVE('',#12268,#14882);
#14882 = DEFINITIONAL_REPRESENTATION('',(#14883),#14887);
#14883 = LINE('',#14884,#14885);
#14884 = CARTESIAN_POINT('',(-2.099486292815,0.));
#14885 = VECTOR('',#14886,1.);
#14886 = DIRECTION('',(0.,1.));
#14887 = ( GEOMETRIC_REPRESENTATION_CONTEXT(2) 
PARAMETRIC_REPRESENTATION_CONTEXT() REPRESENTATION_CONTEXT('2D SPACE',''
  ) );
#14888 = PCURVE('',#12293,#14889);
#14889 = DEFINITIONAL_REPRESENTATION('',(#14890),#14894);
#14890 = LINE('',#14891,#14892);
#14891 = CARTESIAN_POINT('',(0.699486292815,0.));
#14892 = VECTOR('',#14893,1.);
#14893 = DIRECTION('',(0.,1.));
#14894 = ( GEOMETRIC_REPRESENTATION_CONTEXT(2) 
PARAMETRIC_REPRESENTATION_CONTEXT() REPRESENTATION_CONTEXT('2D SPACE',''
  ) );
#14895 = ORIENTED_EDGE('',*,*,#12252,.F.);
#14896 = ORIENTED_EDGE('',*,*,#14897,.T.);
#14897 = EDGE_CURVE('',#12253,#14898,#14900,.T.);
#14898 = VERTEX_POINT('',#14899);
#14899 = CARTESIAN_POINT('',(-10.,-20.5,13.2));
#14900 = SURFACE_CURVE('',#14901,(#14904,#14911),.PCURVE_S1.);
#14901 = B_SPLINE_CURVE_WITH_KNOTS('',1,(#14902,#14903),.UNSPECIFIED.,
  .F.,.F.,(2,2),(0.,1.),.PIECEWISE_BEZIER_KNOTS.);
#14902 = CARTESIAN_POINT('',(-9.900513707185,-20.59948629281,1.8));
#14903 = CARTESIAN_POINT('',(-10.,-20.5,13.2));
#14904 = PCURVE('',#12268,#14905);
#14905 = DEFINITIONAL_REPRESENTATION('',(#14906),#14910);
#14906 = LINE('',#14907,#14908);
#14907 = CARTESIAN_POINT('',(2.099486292815,0.));
#14908 = VECTOR('',#14909,1.);
#14909 = DIRECTION('',(0.,1.));
#14910 = ( GEOMETRIC_REPRESENTATION_CONTEXT(2) 
PARAMETRIC_REPRESENTATION_CONTEXT() REPRESENTATION_CONTEXT('2D SPACE',''
  ) );
#14911 = PCURVE('',#12341,#14912);
#14912 = DEFINITIONAL_REPRESENTATION('',(#14913),#14917);
#14913 = LINE('',#14914,#14915);
#14914 = CARTESIAN_POINT('',(-0.699486292815,0.));
#14915 = VECTOR('',#14916,1.);
#14916 = DIRECTION('',(0.,1.));
#14917 = ( GEOMETRIC_REPRESENTATION_CONTEXT(2) 
PARAMETRIC_REPRESENTATION_CONTEXT() REPRESENTATION_CONTEXT('2D SPACE',''
  ) );
#14918 = ORIENTED_EDGE('',*,*,#14919,.F.);
#14919 = EDGE_CURVE('',#14875,#14898,#14920,.T.);
#14920 = SURFACE_CURVE('',#14921,(#14925,#14931),.PCURVE_S1.);
#14921 = LINE('',#14922,#14923);
#14922 = CARTESIAN_POINT('',(-12.,-20.5,13.2));
#14923 = VECTOR('',#14924,1.);
#14924 = DIRECTION('',(1.,0.,0.));
#14925 = PCURVE('',#12268,#14926);
#14926 = DEFINITIONAL_REPRESENTATION('',(#14927),#14930);
#14927 = B_SPLINE_CURVE_WITH_KNOTS('',1,(#14928,#14929),.UNSPECIFIED.,
  .F.,.F.,(2,2),(-2.,2.),.PIECEWISE_BEZIER_KNOTS.);
#14928 = CARTESIAN_POINT('',(-2.099486292815,1.));
#14929 = CARTESIAN_POINT('',(2.099486292815,1.));
#14930 = ( GEOMETRIC_REPRESENTATION_CONTEXT(2) 
PARAMETRIC_REPRESENTATION_CONTEXT() REPRESENTATION_CONTEXT('2D SPACE',''
  ) );
#14931 = PCURVE('',#14932,#14937);
#14932 = PLANE('',#14933);
#14933 = AXIS2_PLACEMENT_3D('',#14934,#14935,#14936);
#14934 = CARTESIAN_POINT('',(-14.,-20.5,13.2));
#14935 = DIRECTION('',(0.,0.,1.));
#14936 = DIRECTION('',(0.957826285221,0.287347885566,-0.));
#14937 = DEFINITIONAL_REPRESENTATION('',(#14938),#14942);
#14938 = LINE('',#14939,#14940);
#14939 = CARTESIAN_POINT('',(1.915652570442,-0.574695771133));
#14940 = VECTOR('',#14941,1.);
#14941 = DIRECTION('',(0.957826285221,-0.287347885566));
#14942 = ( GEOMETRIC_REPRESENTATION_CONTEXT(2) 
PARAMETRIC_REPRESENTATION_CONTEXT() REPRESENTATION_CONTEXT('2D SPACE',''
  ) );
#14943 = ADVANCED_FACE('',(#14944),#12341,.T.);
#14944 = FACE_BOUND('',#14945,.T.);
#14945 = EDGE_LOOP('',(#14946,#14947,#14948,#14970));
#14946 = ORIENTED_EDGE('',*,*,#14897,.F.);
#14947 = ORIENTED_EDGE('',*,*,#12329,.F.);
#14948 = ORIENTED_EDGE('',*,*,#14949,.T.);
#14949 = EDGE_CURVE('',#12305,#14950,#14952,.T.);
#14950 = VERTEX_POINT('',#14951);
#14951 = CARTESIAN_POINT('',(-10.,-19.3,13.2));
#14952 = SURFACE_CURVE('',#14953,(#14956,#14963),.PCURVE_S1.);
#14953 = B_SPLINE_CURVE_WITH_KNOTS('',1,(#14954,#14955),.UNSPECIFIED.,
  .F.,.F.,(2,2),(0.,1.),.PIECEWISE_BEZIER_KNOTS.);
#14954 = CARTESIAN_POINT('',(-9.900513707185,-19.20051370718,1.8));
#14955 = CARTESIAN_POINT('',(-10.,-19.3,13.2));
#14956 = PCURVE('',#12341,#14957);
#14957 = DEFINITIONAL_REPRESENTATION('',(#14958),#14962);
#14958 = LINE('',#14959,#14960);
#14959 = CARTESIAN_POINT('',(0.699486292815,0.));
#14960 = VECTOR('',#14961,1.);
#14961 = DIRECTION('',(0.,1.));
#14962 = ( GEOMETRIC_REPRESENTATION_CONTEXT(2) 
PARAMETRIC_REPRESENTATION_CONTEXT() REPRESENTATION_CONTEXT('2D SPACE',''
  ) );
#14963 = PCURVE('',#12318,#14964);
#14964 = DEFINITIONAL_REPRESENTATION('',(#14965),#14969);
#14965 = LINE('',#14966,#14967);
#14966 = CARTESIAN_POINT('',(-2.099486292815,0.));
#14967 = VECTOR('',#14968,1.);
#14968 = DIRECTION('',(0.,1.));
#14969 = ( GEOMETRIC_REPRESENTATION_CONTEXT(2) 
PARAMETRIC_REPRESENTATION_CONTEXT() REPRESENTATION_CONTEXT('2D SPACE',''
  ) );
#14970 = ORIENTED_EDGE('',*,*,#14971,.F.);
#14971 = EDGE_CURVE('',#14898,#14950,#14972,.T.);
#14972 = SURFACE_CURVE('',#14973,(#14977,#14983),.PCURVE_S1.);
#14973 = LINE('',#14974,#14975);
#14974 = CARTESIAN_POINT('',(-10.,-19.9,13.2));
#14975 = VECTOR('',#14976,1.);
#14976 = DIRECTION('',(0.,1.,0.));
#14977 = PCURVE('',#12341,#14978);
#14978 = DEFINITIONAL_REPRESENTATION('',(#14979),#14982);
#14979 = B_SPLINE_CURVE_WITH_KNOTS('',1,(#14980,#14981),.UNSPECIFIED.,
  .F.,.F.,(2,2),(-0.6,0.6),.PIECEWISE_BEZIER_KNOTS.);
#14980 = CARTESIAN_POINT('',(-0.699486292815,1.));
#14981 = CARTESIAN_POINT('',(0.699486292815,1.));
#14982 = ( GEOMETRIC_REPRESENTATION_CONTEXT(2) 
PARAMETRIC_REPRESENTATION_CONTEXT() REPRESENTATION_CONTEXT('2D SPACE',''
  ) );
#14983 = PCURVE('',#14932,#14984);
#14984 = DEFINITIONAL_REPRESENTATION('',(#14985),#14989);
#14985 = LINE('',#14986,#14987);
#14986 = CARTESIAN_POINT('',(4.003713872224,-0.574695771133));
#14987 = VECTOR('',#14988,1.);
#14988 = DIRECTION('',(0.287347885566,0.957826285221));
#14989 = ( GEOMETRIC_REPRESENTATION_CONTEXT(2) 
PARAMETRIC_REPRESENTATION_CONTEXT() REPRESENTATION_CONTEXT('2D SPACE',''
  ) );
#14990 = ADVANCED_FACE('',(#14991),#12293,.T.);
#14991 = FACE_BOUND('',#14992,.T.);
#14992 = EDGE_LOOP('',(#14993,#14994,#14995,#15017));
#14993 = ORIENTED_EDGE('',*,*,#12279,.F.);
#14994 = ORIENTED_EDGE('',*,*,#14874,.T.);
#14995 = ORIENTED_EDGE('',*,*,#14996,.T.);
#14996 = EDGE_CURVE('',#14875,#14997,#14999,.T.);
#14997 = VERTEX_POINT('',#14998);
#14998 = CARTESIAN_POINT('',(-14.,-19.3,13.2));
#14999 = SURFACE_CURVE('',#15000,(#15004,#15010),.PCURVE_S1.);
#15000 = LINE('',#15001,#15002);
#15001 = CARTESIAN_POINT('',(-14.,-19.9,13.2));
#15002 = VECTOR('',#15003,1.);
#15003 = DIRECTION('',(0.,1.,0.));
#15004 = PCURVE('',#12293,#15005);
#15005 = DEFINITIONAL_REPRESENTATION('',(#15006),#15009);
#15006 = B_SPLINE_CURVE_WITH_KNOTS('',1,(#15007,#15008),.UNSPECIFIED.,
  .F.,.F.,(2,2),(-0.6,0.6),.PIECEWISE_BEZIER_KNOTS.);
#15007 = CARTESIAN_POINT('',(0.699486292815,1.));
#15008 = CARTESIAN_POINT('',(-0.699486292815,1.));
#15009 = ( GEOMETRIC_REPRESENTATION_CONTEXT(2) 
PARAMETRIC_REPRESENTATION_CONTEXT() REPRESENTATION_CONTEXT('2D SPACE',''
  ) );
#15010 = PCURVE('',#14932,#15011);
#15011 = DEFINITIONAL_REPRESENTATION('',(#15012),#15016);
#15012 = LINE('',#15013,#15014);
#15013 = CARTESIAN_POINT('',(0.17240873134,0.574695771133));
#15014 = VECTOR('',#15015,1.);
#15015 = DIRECTION('',(0.287347885566,0.957826285221));
#15016 = ( GEOMETRIC_REPRESENTATION_CONTEXT(2) 
PARAMETRIC_REPRESENTATION_CONTEXT() REPRESENTATION_CONTEXT('2D SPACE',''
  ) );
#15017 = ORIENTED_EDGE('',*,*,#15018,.F.);
#15018 = EDGE_CURVE('',#12280,#14997,#15019,.T.);
#15019 = SURFACE_CURVE('',#15020,(#15023,#15030),.PCURVE_S1.);
#15020 = B_SPLINE_CURVE_WITH_KNOTS('',1,(#15021,#15022),.UNSPECIFIED.,
  .F.,.F.,(2,2),(0.,1.),.PIECEWISE_BEZIER_KNOTS.);
#15021 = CARTESIAN_POINT('',(-14.09948629281,-19.20051370718,1.8));
#15022 = CARTESIAN_POINT('',(-14.,-19.3,13.2));
#15023 = PCURVE('',#12293,#15024);
#15024 = DEFINITIONAL_REPRESENTATION('',(#15025),#15029);
#15025 = LINE('',#15026,#15027);
#15026 = CARTESIAN_POINT('',(-0.699486292815,0.));
#15027 = VECTOR('',#15028,1.);
#15028 = DIRECTION('',(0.,1.));
#15029 = ( GEOMETRIC_REPRESENTATION_CONTEXT(2) 
PARAMETRIC_REPRESENTATION_CONTEXT() REPRESENTATION_CONTEXT('2D SPACE',''
  ) );
#15030 = PCURVE('',#12318,#15031);
#15031 = DEFINITIONAL_REPRESENTATION('',(#15032),#15036);
#15032 = LINE('',#15033,#15034);
#15033 = CARTESIAN_POINT('',(2.099486292815,0.));
#15034 = VECTOR('',#15035,1.);
#15035 = DIRECTION('',(0.,1.));
#15036 = ( GEOMETRIC_REPRESENTATION_CONTEXT(2) 
PARAMETRIC_REPRESENTATION_CONTEXT() REPRESENTATION_CONTEXT('2D SPACE',''
  ) );
#15037 = ADVANCED_FACE('',(#15038),#12318,.T.);
#15038 = FACE_BOUND('',#15039,.T.);
#15039 = EDGE_LOOP('',(#15040,#15041,#15042,#15062));
#15040 = ORIENTED_EDGE('',*,*,#12304,.F.);
#15041 = ORIENTED_EDGE('',*,*,#15018,.T.);
#15042 = ORIENTED_EDGE('',*,*,#15043,.T.);
#15043 = EDGE_CURVE('',#14997,#14950,#15044,.T.);
#15044 = SURFACE_CURVE('',#15045,(#15049,#15055),.PCURVE_S1.);
#15045 = LINE('',#15046,#15047);
#15046 = CARTESIAN_POINT('',(-12.,-19.3,13.2));
#15047 = VECTOR('',#15048,1.);
#15048 = DIRECTION('',(1.,0.,0.));
#15049 = PCURVE('',#12318,#15050);
#15050 = DEFINITIONAL_REPRESENTATION('',(#15051),#15054);
#15051 = B_SPLINE_CURVE_WITH_KNOTS('',1,(#15052,#15053),.UNSPECIFIED.,
  .F.,.F.,(2,2),(-2.,2.),.PIECEWISE_BEZIER_KNOTS.);
#15052 = CARTESIAN_POINT('',(2.099486292815,1.));
#15053 = CARTESIAN_POINT('',(-2.099486292815,1.));
#15054 = ( GEOMETRIC_REPRESENTATION_CONTEXT(2) 
PARAMETRIC_REPRESENTATION_CONTEXT() REPRESENTATION_CONTEXT('2D SPACE',''
  ) );
#15055 = PCURVE('',#14932,#15056);
#15056 = DEFINITIONAL_REPRESENTATION('',(#15057),#15061);
#15057 = LINE('',#15058,#15059);
#15058 = CARTESIAN_POINT('',(2.260470033122,0.574695771133));
#15059 = VECTOR('',#15060,1.);
#15060 = DIRECTION('',(0.957826285221,-0.287347885566));
#15061 = ( GEOMETRIC_REPRESENTATION_CONTEXT(2) 
PARAMETRIC_REPRESENTATION_CONTEXT() REPRESENTATION_CONTEXT('2D SPACE',''
  ) );
#15062 = ORIENTED_EDGE('',*,*,#14949,.F.);
#15063 = ADVANCED_FACE('',(#15064),#12371,.T.);
#15064 = FACE_BOUND('',#15065,.T.);
#15065 = EDGE_LOOP('',(#15066,#15089,#15116,#15117));
#15066 = ORIENTED_EDGE('',*,*,#15067,.T.);
#15067 = EDGE_CURVE('',#12355,#15068,#15070,.T.);
#15068 = VERTEX_POINT('',#15069);
#15069 = CARTESIAN_POINT('',(14.5,-40.,7.));
#15070 = SEAM_CURVE('',#15071,(#15075,#15082),.PCURVE_S1.);
#15071 = LINE('',#15072,#15073);
#15072 = CARTESIAN_POINT('',(14.547997772849,-40.,1.5));
#15073 = VECTOR('',#15074,1.);
#15074 = DIRECTION('',(-8.726535498374E-03,2.137384753146E-18,
    0.999961923064));
#15075 = PCURVE('',#12371,#15076);
#15076 = DEFINITIONAL_REPRESENTATION('',(#15077),#15081);
#15077 = LINE('',#15078,#15079);
#15078 = CARTESIAN_POINT('',(-6.28318530718,0.));
#15079 = VECTOR('',#15080,1.);
#15080 = DIRECTION('',(-0.,-1.));
#15081 = ( GEOMETRIC_REPRESENTATION_CONTEXT(2) 
PARAMETRIC_REPRESENTATION_CONTEXT() REPRESENTATION_CONTEXT('2D SPACE',''
  ) );
#15082 = PCURVE('',#12371,#15083);
#15083 = DEFINITIONAL_REPRESENTATION('',(#15084),#15088);
#15084 = LINE('',#15085,#15086);
#15085 = CARTESIAN_POINT('',(0.,-0.));
#15086 = VECTOR('',#15087,1.);
#15087 = DIRECTION('',(-0.,-1.));
#15088 = ( GEOMETRIC_REPRESENTATION_CONTEXT(2) 
PARAMETRIC_REPRESENTATION_CONTEXT() REPRESENTATION_CONTEXT('2D SPACE',''
  ) );
#15089 = ORIENTED_EDGE('',*,*,#15090,.F.);
#15090 = EDGE_CURVE('',#15068,#15068,#15091,.T.);
#15091 = SURFACE_CURVE('',#15092,(#15097,#15104),.PCURVE_S1.);
#15092 = CIRCLE('',#15093,2.5);
#15093 = AXIS2_PLACEMENT_3D('',#15094,#15095,#15096);
#15094 = CARTESIAN_POINT('',(12.,-40.,7.));
#15095 = DIRECTION('',(0.,0.,1.));
#15096 = DIRECTION('',(1.,0.,0.));
#15097 = PCURVE('',#12371,#15098);
#15098 = DEFINITIONAL_REPRESENTATION('',(#15099),#15103);
#15099 = LINE('',#15100,#15101);
#15100 = CARTESIAN_POINT('',(-0.,-5.5));
#15101 = VECTOR('',#15102,1.);
#15102 = DIRECTION('',(-1.,-0.));
#15103 = ( GEOMETRIC_REPRESENTATION_CONTEXT(2) 
PARAMETRIC_REPRESENTATION_CONTEXT() REPRESENTATION_CONTEXT('2D SPACE',''
  ) );
#15104 = PCURVE('',#15105,#15110);
#15105 = PLANE('',#15106);
#15106 = AXIS2_PLACEMENT_3D('',#15107,#15108,#15109);
#15107 = CARTESIAN_POINT('',(12.,-40.,7.));
#15108 = DIRECTION('',(0.,0.,1.));
#15109 = DIRECTION('',(1.,0.,0.));
#15110 = DEFINITIONAL_REPRESENTATION('',(#15111),#15115);
#15111 = CIRCLE('',#15112,2.5);
#15112 = AXIS2_PLACEMENT_2D('',#15113,#15114);
#15113 = CARTESIAN_POINT('',(0.,0.));
#15114 = DIRECTION('',(1.,0.));
#15115 = ( GEOMETRIC_REPRESENTATION_CONTEXT(2) 
PARAMETRIC_REPRESENTATION_CONTEXT() REPRESENTATION_CONTEXT('2D SPACE',''
  ) );
#15116 = ORIENTED_EDGE('',*,*,#15067,.F.);
#15117 = ORIENTED_EDGE('',*,*,#12354,.T.);
#15118 = ADVANCED_FACE('',(#15119),#12401,.T.);
#15119 = FACE_BOUND('',#15120,.T.);
#15120 = EDGE_LOOP('',(#15121,#15143,#15144,#15166));
#15121 = ORIENTED_EDGE('',*,*,#15122,.F.);
#15122 = EDGE_CURVE('',#12388,#15123,#15125,.T.);
#15123 = VERTEX_POINT('',#15124);
#15124 = CARTESIAN_POINT('',(10.,-20.5,13.2));
#15125 = SURFACE_CURVE('',#15126,(#15129,#15136),.PCURVE_S1.);
#15126 = B_SPLINE_CURVE_WITH_KNOTS('',1,(#15127,#15128),.UNSPECIFIED.,
  .F.,.F.,(2,2),(0.,1.),.PIECEWISE_BEZIER_KNOTS.);
#15127 = CARTESIAN_POINT('',(9.900513707185,-20.59948629281,1.8));
#15128 = CARTESIAN_POINT('',(10.,-20.5,13.2));
#15129 = PCURVE('',#12401,#15130);
#15130 = DEFINITIONAL_REPRESENTATION('',(#15131),#15135);
#15131 = LINE('',#15132,#15133);
#15132 = CARTESIAN_POINT('',(-2.099486292815,0.));
#15133 = VECTOR('',#15134,1.);
#15134 = DIRECTION('',(0.,1.));
#15135 = ( GEOMETRIC_REPRESENTATION_CONTEXT(2) 
PARAMETRIC_REPRESENTATION_CONTEXT() REPRESENTATION_CONTEXT('2D SPACE',''
  ) );
#15136 = PCURVE('',#12426,#15137);
#15137 = DEFINITIONAL_REPRESENTATION('',(#15138),#15142);
#15138 = LINE('',#15139,#15140);
#15139 = CARTESIAN_POINT('',(0.699486292815,0.));
#15140 = VECTOR('',#15141,1.);
#15141 = DIRECTION('',(0.,1.));
#15142 = ( GEOMETRIC_REPRESENTATION_CONTEXT(2) 
PARAMETRIC_REPRESENTATION_CONTEXT() REPRESENTATION_CONTEXT('2D SPACE',''
  ) );
#15143 = ORIENTED_EDGE('',*,*,#12385,.F.);
#15144 = ORIENTED_EDGE('',*,*,#15145,.T.);
#15145 = EDGE_CURVE('',#12386,#15146,#15148,.T.);
#15146 = VERTEX_POINT('',#15147);
#15147 = CARTESIAN_POINT('',(14.,-20.5,13.2));
#15148 = SURFACE_CURVE('',#15149,(#15152,#15159),.PCURVE_S1.);
#15149 = B_SPLINE_CURVE_WITH_KNOTS('',1,(#15150,#15151),.UNSPECIFIED.,
  .F.,.F.,(2,2),(0.,1.),.PIECEWISE_BEZIER_KNOTS.);
#15150 = CARTESIAN_POINT('',(14.099486292815,-20.59948629281,1.8));
#15151 = CARTESIAN_POINT('',(14.,-20.5,13.2));
#15152 = PCURVE('',#12401,#15153);
#15153 = DEFINITIONAL_REPRESENTATION('',(#15154),#15158);
#15154 = LINE('',#15155,#15156);
#15155 = CARTESIAN_POINT('',(2.099486292815,0.));
#15156 = VECTOR('',#15157,1.);
#15157 = DIRECTION('',(0.,1.));
#15158 = ( GEOMETRIC_REPRESENTATION_CONTEXT(2) 
PARAMETRIC_REPRESENTATION_CONTEXT() REPRESENTATION_CONTEXT('2D SPACE',''
  ) );
#15159 = PCURVE('',#12474,#15160);
#15160 = DEFINITIONAL_REPRESENTATION('',(#15161),#15165);
#15161 = LINE('',#15162,#15163);
#15162 = CARTESIAN_POINT('',(-0.699486292815,0.));
#15163 = VECTOR('',#15164,1.);
#15164 = DIRECTION('',(0.,1.));
#15165 = ( GEOMETRIC_REPRESENTATION_CONTEXT(2) 
PARAMETRIC_REPRESENTATION_CONTEXT() REPRESENTATION_CONTEXT('2D SPACE',''
  ) );
#15166 = ORIENTED_EDGE('',*,*,#15167,.F.);
#15167 = EDGE_CURVE('',#15123,#15146,#15168,.T.);
#15168 = SURFACE_CURVE('',#15169,(#15173,#15179),.PCURVE_S1.);
#15169 = LINE('',#15170,#15171);
#15170 = CARTESIAN_POINT('',(12.,-20.5,13.2));
#15171 = VECTOR('',#15172,1.);
#15172 = DIRECTION('',(1.,0.,0.));
#15173 = PCURVE('',#12401,#15174);
#15174 = DEFINITIONAL_REPRESENTATION('',(#15175),#15178);
#15175 = B_SPLINE_CURVE_WITH_KNOTS('',1,(#15176,#15177),.UNSPECIFIED.,
  .F.,.F.,(2,2),(-2.,2.),.PIECEWISE_BEZIER_KNOTS.);
#15176 = CARTESIAN_POINT('',(-2.099486292815,1.));
#15177 = CARTESIAN_POINT('',(2.099486292815,1.));
#15178 = ( GEOMETRIC_REPRESENTATION_CONTEXT(2) 
PARAMETRIC_REPRESENTATION_CONTEXT() REPRESENTATION_CONTEXT('2D SPACE',''
  ) );
#15179 = PCURVE('',#15180,#15185);
#15180 = PLANE('',#15181);
#15181 = AXIS2_PLACEMENT_3D('',#15182,#15183,#15184);
#15182 = CARTESIAN_POINT('',(10.,-20.5,13.2));
#15183 = DIRECTION('',(0.,0.,1.));
#15184 = DIRECTION('',(0.957826285221,0.287347885566,-0.));
#15185 = DEFINITIONAL_REPRESENTATION('',(#15186),#15190);
#15186 = LINE('',#15187,#15188);
#15187 = CARTESIAN_POINT('',(1.915652570442,-0.574695771133));
#15188 = VECTOR('',#15189,1.);
#15189 = DIRECTION('',(0.957826285221,-0.287347885566));
#15190 = ( GEOMETRIC_REPRESENTATION_CONTEXT(2) 
PARAMETRIC_REPRESENTATION_CONTEXT() REPRESENTATION_CONTEXT('2D SPACE',''
  ) );
#15191 = ADVANCED_FACE('',(#15192),#12474,.T.);
#15192 = FACE_BOUND('',#15193,.T.);
#15193 = EDGE_LOOP('',(#15194,#15195,#15196,#15218));
#15194 = ORIENTED_EDGE('',*,*,#15145,.F.);
#15195 = ORIENTED_EDGE('',*,*,#12462,.F.);
#15196 = ORIENTED_EDGE('',*,*,#15197,.T.);
#15197 = EDGE_CURVE('',#12438,#15198,#15200,.T.);
#15198 = VERTEX_POINT('',#15199);
#15199 = CARTESIAN_POINT('',(14.,-19.3,13.2));
#15200 = SURFACE_CURVE('',#15201,(#15204,#15211),.PCURVE_S1.);
#15201 = B_SPLINE_CURVE_WITH_KNOTS('',1,(#15202,#15203),.UNSPECIFIED.,
  .F.,.F.,(2,2),(0.,1.),.PIECEWISE_BEZIER_KNOTS.);
#15202 = CARTESIAN_POINT('',(14.099486292815,-19.20051370718,1.8));
#15203 = CARTESIAN_POINT('',(14.,-19.3,13.2));
#15204 = PCURVE('',#12474,#15205);
#15205 = DEFINITIONAL_REPRESENTATION('',(#15206),#15210);
#15206 = LINE('',#15207,#15208);
#15207 = CARTESIAN_POINT('',(0.699486292815,0.));
#15208 = VECTOR('',#15209,1.);
#15209 = DIRECTION('',(0.,1.));
#15210 = ( GEOMETRIC_REPRESENTATION_CONTEXT(2) 
PARAMETRIC_REPRESENTATION_CONTEXT() REPRESENTATION_CONTEXT('2D SPACE',''
  ) );
#15211 = PCURVE('',#12451,#15212);
#15212 = DEFINITIONAL_REPRESENTATION('',(#15213),#15217);
#15213 = LINE('',#15214,#15215);
#15214 = CARTESIAN_POINT('',(-2.099486292815,0.));
#15215 = VECTOR('',#15216,1.);
#15216 = DIRECTION('',(0.,1.));
#15217 = ( GEOMETRIC_REPRESENTATION_CONTEXT(2) 
PARAMETRIC_REPRESENTATION_CONTEXT() REPRESENTATION_CONTEXT('2D SPACE',''
  ) );
#15218 = ORIENTED_EDGE('',*,*,#15219,.F.);
#15219 = EDGE_CURVE('',#15146,#15198,#15220,.T.);
#15220 = SURFACE_CURVE('',#15221,(#15225,#15231),.PCURVE_S1.);
#15221 = LINE('',#15222,#15223);
#15222 = CARTESIAN_POINT('',(14.,-19.9,13.2));
#15223 = VECTOR('',#15224,1.);
#15224 = DIRECTION('',(0.,1.,0.));
#15225 = PCURVE('',#12474,#15226);
#15226 = DEFINITIONAL_REPRESENTATION('',(#15227),#15230);
#15227 = B_SPLINE_CURVE_WITH_KNOTS('',1,(#15228,#15229),.UNSPECIFIED.,
  .F.,.F.,(2,2),(-0.6,0.6),.PIECEWISE_BEZIER_KNOTS.);
#15228 = CARTESIAN_POINT('',(-0.699486292815,1.));
#15229 = CARTESIAN_POINT('',(0.699486292815,1.));
#15230 = ( GEOMETRIC_REPRESENTATION_CONTEXT(2) 
PARAMETRIC_REPRESENTATION_CONTEXT() REPRESENTATION_CONTEXT('2D SPACE',''
  ) );
#15231 = PCURVE('',#15180,#15232);
#15232 = DEFINITIONAL_REPRESENTATION('',(#15233),#15237);
#15233 = LINE('',#15234,#15235);
#15234 = CARTESIAN_POINT('',(4.003713872224,-0.574695771133));
#15235 = VECTOR('',#15236,1.);
#15236 = DIRECTION('',(0.287347885566,0.957826285221));
#15237 = ( GEOMETRIC_REPRESENTATION_CONTEXT(2) 
PARAMETRIC_REPRESENTATION_CONTEXT() REPRESENTATION_CONTEXT('2D SPACE',''
  ) );
#15238 = ADVANCED_FACE('',(#15239),#12426,.T.);
#15239 = FACE_BOUND('',#15240,.T.);
#15240 = EDGE_LOOP('',(#15241,#15242,#15243,#15265));
#15241 = ORIENTED_EDGE('',*,*,#12412,.F.);
#15242 = ORIENTED_EDGE('',*,*,#15122,.T.);
#15243 = ORIENTED_EDGE('',*,*,#15244,.T.);
#15244 = EDGE_CURVE('',#15123,#15245,#15247,.T.);
#15245 = VERTEX_POINT('',#15246);
#15246 = CARTESIAN_POINT('',(10.,-19.3,13.2));
#15247 = SURFACE_CURVE('',#15248,(#15252,#15258),.PCURVE_S1.);
#15248 = LINE('',#15249,#15250);
#15249 = CARTESIAN_POINT('',(10.,-19.9,13.2));
#15250 = VECTOR('',#15251,1.);
#15251 = DIRECTION('',(0.,1.,0.));
#15252 = PCURVE('',#12426,#15253);
#15253 = DEFINITIONAL_REPRESENTATION('',(#15254),#15257);
#15254 = B_SPLINE_CURVE_WITH_KNOTS('',1,(#15255,#15256),.UNSPECIFIED.,
  .F.,.F.,(2,2),(-0.6,0.6),.PIECEWISE_BEZIER_KNOTS.);
#15255 = CARTESIAN_POINT('',(0.699486292815,1.));
#15256 = CARTESIAN_POINT('',(-0.699486292815,1.));
#15257 = ( GEOMETRIC_REPRESENTATION_CONTEXT(2) 
PARAMETRIC_REPRESENTATION_CONTEXT() REPRESENTATION_CONTEXT('2D SPACE',''
  ) );
#15258 = PCURVE('',#15180,#15259);
#15259 = DEFINITIONAL_REPRESENTATION('',(#15260),#15264);
#15260 = LINE('',#15261,#15262);
#15261 = CARTESIAN_POINT('',(0.17240873134,0.574695771133));
#15262 = VECTOR('',#15263,1.);
#15263 = DIRECTION('',(0.287347885566,0.957826285221));
#15264 = ( GEOMETRIC_REPRESENTATION_CONTEXT(2) 
PARAMETRIC_REPRESENTATION_CONTEXT() REPRESENTATION_CONTEXT('2D SPACE',''
  ) );
#15265 = ORIENTED_EDGE('',*,*,#15266,.F.);
#15266 = EDGE_CURVE('',#12413,#15245,#15267,.T.);
#15267 = SURFACE_CURVE('',#15268,(#15271,#15278),.PCURVE_S1.);
#15268 = B_SPLINE_CURVE_WITH_KNOTS('',1,(#15269,#15270),.UNSPECIFIED.,
  .F.,.F.,(2,2),(0.,1.),.PIECEWISE_BEZIER_KNOTS.);
#15269 = CARTESIAN_POINT('',(9.900513707185,-19.20051370718,1.8));
#15270 = CARTESIAN_POINT('',(10.,-19.3,13.2));
#15271 = PCURVE('',#12426,#15272);
#15272 = DEFINITIONAL_REPRESENTATION('',(#15273),#15277);
#15273 = LINE('',#15274,#15275);
#15274 = CARTESIAN_POINT('',(-0.699486292815,0.));
#15275 = VECTOR('',#15276,1.);
#15276 = DIRECTION('',(0.,1.));
#15277 = ( GEOMETRIC_REPRESENTATION_CONTEXT(2) 
PARAMETRIC_REPRESENTATION_CONTEXT() REPRESENTATION_CONTEXT('2D SPACE',''
  ) );
#15278 = PCURVE('',#12451,#15279);
#15279 = DEFINITIONAL_REPRESENTATION('',(#15280),#15284);
#15280 = LINE('',#15281,#15282);
#15281 = CARTESIAN_POINT('',(2.099486292815,0.));
#15282 = VECTOR('',#15283,1.);
#15283 = DIRECTION('',(0.,1.));
#15284 = ( GEOMETRIC_REPRESENTATION_CONTEXT(2) 
PARAMETRIC_REPRESENTATION_CONTEXT() REPRESENTATION_CONTEXT('2D SPACE',''
  ) );
#15285 = ADVANCED_FACE('',(#15286),#12451,.T.);
#15286 = FACE_BOUND('',#15287,.T.);
#15287 = EDGE_LOOP('',(#15288,#15289,#15290,#15310));
#15288 = ORIENTED_EDGE('',*,*,#12437,.F.);
#15289 = ORIENTED_EDGE('',*,*,#15266,.T.);
#15290 = ORIENTED_EDGE('',*,*,#15291,.T.);
#15291 = EDGE_CURVE('',#15245,#15198,#15292,.T.);
#15292 = SURFACE_CURVE('',#15293,(#15297,#15303),.PCURVE_S1.);
#15293 = LINE('',#15294,#15295);
#15294 = CARTESIAN_POINT('',(12.,-19.3,13.2));
#15295 = VECTOR('',#15296,1.);
#15296 = DIRECTION('',(1.,0.,0.));
#15297 = PCURVE('',#12451,#15298);
#15298 = DEFINITIONAL_REPRESENTATION('',(#15299),#15302);
#15299 = B_SPLINE_CURVE_WITH_KNOTS('',1,(#15300,#15301),.UNSPECIFIED.,
  .F.,.F.,(2,2),(-2.,2.),.PIECEWISE_BEZIER_KNOTS.);
#15300 = CARTESIAN_POINT('',(2.099486292815,1.));
#15301 = CARTESIAN_POINT('',(-2.099486292815,1.));
#15302 = ( GEOMETRIC_REPRESENTATION_CONTEXT(2) 
PARAMETRIC_REPRESENTATION_CONTEXT() REPRESENTATION_CONTEXT('2D SPACE',''
  ) );
#15303 = PCURVE('',#15180,#15304);
#15304 = DEFINITIONAL_REPRESENTATION('',(#15305),#15309);
#15305 = LINE('',#15306,#15307);
#15306 = CARTESIAN_POINT('',(2.260470033122,0.574695771133));
#15307 = VECTOR('',#15308,1.);
#15308 = DIRECTION('',(0.957826285221,-0.287347885566));
#15309 = ( GEOMETRIC_REPRESENTATION_CONTEXT(2) 
PARAMETRIC_REPRESENTATION_CONTEXT() REPRESENTATION_CONTEXT('2D SPACE',''
  ) );
#15310 = ORIENTED_EDGE('',*,*,#15197,.F.);
#15311 = ADVANCED_FACE('',(#15312),#12504,.T.);
#15312 = FACE_BOUND('',#15313,.T.);
#15313 = EDGE_LOOP('',(#15314,#15335,#15336,#15337));
#15314 = ORIENTED_EDGE('',*,*,#15315,.T.);
#15315 = EDGE_CURVE('',#12488,#14359,#15316,.T.);
#15316 = SEAM_CURVE('',#15317,(#15321,#15328),.PCURVE_S1.);
#15317 = LINE('',#15318,#15319);
#15318 = CARTESIAN_POINT('',(-18.77709475598,54.19,1.5));
#15319 = VECTOR('',#15320,1.);
#15320 = DIRECTION('',(-8.726535498374E-03,2.137384753146E-18,
    0.999961923064));
#15321 = PCURVE('',#12504,#15322);
#15322 = DEFINITIONAL_REPRESENTATION('',(#15323),#15327);
#15323 = LINE('',#15324,#15325);
#15324 = CARTESIAN_POINT('',(-6.28318530718,0.));
#15325 = VECTOR('',#15326,1.);
#15326 = DIRECTION('',(-0.,-1.));
#15327 = ( GEOMETRIC_REPRESENTATION_CONTEXT(2) 
PARAMETRIC_REPRESENTATION_CONTEXT() REPRESENTATION_CONTEXT('2D SPACE',''
  ) );
#15328 = PCURVE('',#12504,#15329);
#15329 = DEFINITIONAL_REPRESENTATION('',(#15330),#15334);
#15330 = LINE('',#15331,#15332);
#15331 = CARTESIAN_POINT('',(0.,-0.));
#15332 = VECTOR('',#15333,1.);
#15333 = DIRECTION('',(-0.,-1.));
#15334 = ( GEOMETRIC_REPRESENTATION_CONTEXT(2) 
PARAMETRIC_REPRESENTATION_CONTEXT() REPRESENTATION_CONTEXT('2D SPACE',''
  ) );
#15335 = ORIENTED_EDGE('',*,*,#14358,.F.);
#15336 = ORIENTED_EDGE('',*,*,#15315,.F.);
#15337 = ORIENTED_EDGE('',*,*,#12487,.T.);
#15338 = ADVANCED_FACE('',(#15339),#12535,.T.);
#15339 = FACE_BOUND('',#15340,.T.);
#15340 = EDGE_LOOP('',(#15341,#15342,#15361,#15362,#15391,#15419,#15446,
    #15447));
#15341 = ORIENTED_EDGE('',*,*,#14424,.T.);
#15342 = ORIENTED_EDGE('',*,*,#15343,.T.);
#15343 = EDGE_CURVE('',#14425,#12622,#15344,.T.);
#15344 = SURFACE_CURVE('',#15345,(#15349,#15355),.PCURVE_S1.);
#15345 = LINE('',#15346,#15347);
#15346 = CARTESIAN_POINT('',(-16.,27.,-0.5));
#15347 = VECTOR('',#15348,1.);
#15348 = DIRECTION('',(1.745240643728E-02,-2.137303368084E-18,
    0.999847695156));
#15349 = PCURVE('',#12535,#15350);
#15350 = DEFINITIONAL_REPRESENTATION('',(#15351),#15354);
#15351 = B_SPLINE_CURVE_WITH_KNOTS('',1,(#15352,#15353),.UNSPECIFIED.,
  .F.,.F.,(2,2),(0.,2.600396052914),.PIECEWISE_BEZIER_KNOTS.);
#15352 = CARTESIAN_POINT('',(0.,-18.));
#15353 = CARTESIAN_POINT('',(2.600396052914,-18.));
#15354 = ( GEOMETRIC_REPRESENTATION_CONTEXT(2) 
PARAMETRIC_REPRESENTATION_CONTEXT() REPRESENTATION_CONTEXT('2D SPACE',''
  ) );
#15355 = PCURVE('',#12659,#15356);
#15356 = DEFINITIONAL_REPRESENTATION('',(#15357),#15360);
#15357 = B_SPLINE_CURVE_WITH_KNOTS('',1,(#15358,#15359),.UNSPECIFIED.,
  .F.,.F.,(2,2),(0.,2.600396052914),.PIECEWISE_BEZIER_KNOTS.);
#15358 = CARTESIAN_POINT('',(-3.14159265359,0.));
#15359 = CARTESIAN_POINT('',(-3.14159265359,-2.6));
#15360 = ( GEOMETRIC_REPRESENTATION_CONTEXT(2) 
PARAMETRIC_REPRESENTATION_CONTEXT() REPRESENTATION_CONTEXT('2D SPACE',''
  ) );
#15361 = ORIENTED_EDGE('',*,*,#12621,.F.);
#15362 = ORIENTED_EDGE('',*,*,#15363,.T.);
#15363 = EDGE_CURVE('',#12597,#15364,#15366,.T.);
#15364 = VERTEX_POINT('',#15365);
#15365 = CARTESIAN_POINT('',(-15.95461683118,23.051488519965,2.1));
#15366 = SURFACE_CURVE('',#15367,(#15373,#15382),.PCURVE_S1.);
#15367 = B_SPLINE_CURVE_WITH_KNOTS('',4,(#15368,#15369,#15370,#15371,
    #15372),.UNSPECIFIED.,.F.,.F.,(5,5),(0.,1.),
  .PIECEWISE_BEZIER_KNOTS.);
#15368 = CARTESIAN_POINT('',(-15.95636240261,23.052361239208,1.99999628)
  );
#15369 = CARTESIAN_POINT('',(-15.95592600929,23.052143059168,
    2.024997236342));
#15370 = CARTESIAN_POINT('',(-15.95548961628,23.051924879279,
    2.049998175291));
#15371 = CARTESIAN_POINT('',(-15.95505322358,23.051706699546,
    2.074999096369));
#15372 = CARTESIAN_POINT('',(-15.95461683118,23.051488519965,2.1));
#15373 = PCURVE('',#12535,#15374);
#15374 = DEFINITIONAL_REPRESENTATION('',(#15375),#15381);
#15375 = B_SPLINE_CURVE_WITH_KNOTS('',4,(#15376,#15377,#15378,#15379,
    #15380),.UNSPECIFIED.,.F.,.F.,(5,5),(0.,1.),
  .PIECEWISE_BEZIER_KNOTS.);
#15376 = CARTESIAN_POINT('',(2.500377099543,-14.0523612392));
#15377 = CARTESIAN_POINT('',(2.525381864231,-14.05214305916));
#15378 = CARTESIAN_POINT('',(2.550386611525,-14.05192487927));
#15379 = CARTESIAN_POINT('',(2.575391340944,-14.05170669954));
#15380 = CARTESIAN_POINT('',(2.600396052914,-14.05148851996));
#15381 = ( GEOMETRIC_REPRESENTATION_CONTEXT(2) 
PARAMETRIC_REPRESENTATION_CONTEXT() REPRESENTATION_CONTEXT('2D SPACE',''
  ) );
#15382 = PCURVE('',#12610,#15383);
#15383 = DEFINITIONAL_REPRESENTATION('',(#15384),#15390);
#15384 = B_SPLINE_CURVE_WITH_KNOTS('',4,(#15385,#15386,#15387,#15388,
    #15389),.UNSPECIFIED.,.F.,.F.,(5,5),(0.,1.),
  .PIECEWISE_BEZIER_KNOTS.);
#15385 = CARTESIAN_POINT('',(-0.545355373676,3.225746451613E-02));
#15386 = CARTESIAN_POINT('',(-0.546008558657,3.628987682929E-02));
#15387 = CARTESIAN_POINT('',(-0.546662427039,4.032228633725E-02));
#15388 = CARTESIAN_POINT('',(-0.547316996225,4.435469296275E-02));
#15389 = CARTESIAN_POINT('',(-0.547972248765,4.838709677419E-02));
#15390 = ( GEOMETRIC_REPRESENTATION_CONTEXT(2) 
PARAMETRIC_REPRESENTATION_CONTEXT() REPRESENTATION_CONTEXT('2D SPACE',''
  ) );
#15391 = ORIENTED_EDGE('',*,*,#15392,.T.);
#15392 = EDGE_CURVE('',#15364,#15393,#15395,.T.);
#15393 = VERTEX_POINT('',#15394);
#15394 = CARTESIAN_POINT('',(-15.95461683118,-5.051488519965,2.1));
#15395 = SURFACE_CURVE('',#15396,(#15400,#15407),.PCURVE_S1.);
#15396 = LINE('',#15397,#15398);
#15397 = CARTESIAN_POINT('',(-15.95461683118,9.,2.1));
#15398 = VECTOR('',#15399,1.);
#15399 = DIRECTION('',(0.,-1.,0.));
#15400 = PCURVE('',#12535,#15401);
#15401 = DEFINITIONAL_REPRESENTATION('',(#15402),#15406);
#15402 = LINE('',#15403,#15404);
#15403 = CARTESIAN_POINT('',(2.600396052914,0.));
#15404 = VECTOR('',#15405,1.);
#15405 = DIRECTION('',(0.,1.));
#15406 = ( GEOMETRIC_REPRESENTATION_CONTEXT(2) 
PARAMETRIC_REPRESENTATION_CONTEXT() REPRESENTATION_CONTEXT('2D SPACE',''
  ) );
#15407 = PCURVE('',#15408,#15413);
#15408 = PLANE('',#15409);
#15409 = AXIS2_PLACEMENT_3D('',#15410,#15411,#15412);
#15410 = CARTESIAN_POINT('',(0.,9.,2.1));
#15411 = DIRECTION('',(0.,0.,1.));
#15412 = DIRECTION('',(1.,0.,0.));
#15413 = DEFINITIONAL_REPRESENTATION('',(#15414),#15418);
#15414 = LINE('',#15415,#15416);
#15415 = CARTESIAN_POINT('',(-15.95461683118,0.));
#15416 = VECTOR('',#15417,1.);
#15417 = DIRECTION('',(-0.,-1.));
#15418 = ( GEOMETRIC_REPRESENTATION_CONTEXT(2) 
PARAMETRIC_REPRESENTATION_CONTEXT() REPRESENTATION_CONTEXT('2D SPACE',''
  ) );
#15419 = ORIENTED_EDGE('',*,*,#15420,.F.);
#15420 = EDGE_CURVE('',#12521,#15393,#15421,.T.);
#15421 = SURFACE_CURVE('',#15422,(#15428,#15437),.PCURVE_S1.);
#15422 = B_SPLINE_CURVE_WITH_KNOTS('',4,(#15423,#15424,#15425,#15426,
    #15427),.UNSPECIFIED.,.F.,.F.,(5,5),(0.,1.),
  .PIECEWISE_BEZIER_KNOTS.);
#15423 = CARTESIAN_POINT('',(-15.95636240261,-5.052361239209,1.99999628)
  );
#15424 = CARTESIAN_POINT('',(-15.95592600929,-5.052143059168,
    2.024997236342));
#15425 = CARTESIAN_POINT('',(-15.95548961628,-5.051924879279,
    2.049998175291));
#15426 = CARTESIAN_POINT('',(-15.95505322358,-5.051706699546,
    2.074999096369));
#15427 = CARTESIAN_POINT('',(-15.95461683118,-5.051488519965,2.1));
#15428 = PCURVE('',#12535,#15429);
#15429 = DEFINITIONAL_REPRESENTATION('',(#15430),#15436);
#15430 = B_SPLINE_CURVE_WITH_KNOTS('',4,(#15431,#15432,#15433,#15434,
    #15435),.UNSPECIFIED.,.F.,.F.,(5,5),(0.,1.),
  .PIECEWISE_BEZIER_KNOTS.);
#15431 = CARTESIAN_POINT('',(2.500377099543,14.052361239209));
#15432 = CARTESIAN_POINT('',(2.525381864231,14.052143059168));
#15433 = CARTESIAN_POINT('',(2.550386611525,14.051924879279));
#15434 = CARTESIAN_POINT('',(2.575391340944,14.051706699546));
#15435 = CARTESIAN_POINT('',(2.600396052914,14.051488519965));
#15436 = ( GEOMETRIC_REPRESENTATION_CONTEXT(2) 
PARAMETRIC_REPRESENTATION_CONTEXT() REPRESENTATION_CONTEXT('2D SPACE',''
  ) );
#15437 = PCURVE('',#12560,#15438);
#15438 = DEFINITIONAL_REPRESENTATION('',(#15439),#15445);
#15439 = B_SPLINE_CURVE_WITH_KNOTS('',4,(#15440,#15441,#15442,#15443,
    #15444),.UNSPECIFIED.,.F.,.F.,(5,5),(0.,1.),
  .PIECEWISE_BEZIER_KNOTS.);
#15440 = CARTESIAN_POINT('',(0.545355373676,3.225746451613E-02));
#15441 = CARTESIAN_POINT('',(0.546008558657,3.628987682929E-02));
#15442 = CARTESIAN_POINT('',(0.546662427039,4.032228633725E-02));
#15443 = CARTESIAN_POINT('',(0.547316996225,4.435469296275E-02));
#15444 = CARTESIAN_POINT('',(0.547972248765,4.838709677419E-02));
#15445 = ( GEOMETRIC_REPRESENTATION_CONTEXT(2) 
PARAMETRIC_REPRESENTATION_CONTEXT() REPRESENTATION_CONTEXT('2D SPACE',''
  ) );
#15446 = ORIENTED_EDGE('',*,*,#12518,.F.);
#15447 = ORIENTED_EDGE('',*,*,#15448,.F.);
#15448 = EDGE_CURVE('',#14399,#12519,#15449,.T.);
#15449 = SURFACE_CURVE('',#15450,(#15454,#15460),.PCURVE_S1.);
#15450 = LINE('',#15451,#15452);
#15451 = CARTESIAN_POINT('',(-16.,-9.,-0.5));
#15452 = VECTOR('',#15453,1.);
#15453 = DIRECTION('',(1.745240643728E-02,0.,0.999847695156));
#15454 = PCURVE('',#12535,#15455);
#15455 = DEFINITIONAL_REPRESENTATION('',(#15456),#15459);
#15456 = B_SPLINE_CURVE_WITH_KNOTS('',1,(#15457,#15458),.UNSPECIFIED.,
  .F.,.F.,(2,2),(0.,2.600396052914),.PIECEWISE_BEZIER_KNOTS.);
#15457 = CARTESIAN_POINT('',(0.,18.));
#15458 = CARTESIAN_POINT('',(2.600396052914,18.));
#15459 = ( GEOMETRIC_REPRESENTATION_CONTEXT(2) 
PARAMETRIC_REPRESENTATION_CONTEXT() REPRESENTATION_CONTEXT('2D SPACE',''
  ) );
#15460 = PCURVE('',#12918,#15461);
#15461 = DEFINITIONAL_REPRESENTATION('',(#15462),#15465);
#15462 = B_SPLINE_CURVE_WITH_KNOTS('',1,(#15463,#15464),.UNSPECIFIED.,
  .F.,.F.,(2,2),(0.,2.600396052914),.PIECEWISE_BEZIER_KNOTS.);
#15463 = CARTESIAN_POINT('',(-3.14159265359,0.));
#15464 = CARTESIAN_POINT('',(-3.14159265359,-2.6));
#15465 = ( GEOMETRIC_REPRESENTATION_CONTEXT(2) 
PARAMETRIC_REPRESENTATION_CONTEXT() REPRESENTATION_CONTEXT('2D SPACE',''
  ) );
#15466 = ADVANCED_FACE('',(#15467),#12918,.F.);
#15467 = FACE_BOUND('',#15468,.F.);
#15468 = EDGE_LOOP('',(#15469,#15470,#15471,#15490));
#15469 = ORIENTED_EDGE('',*,*,#15448,.F.);
#15470 = ORIENTED_EDGE('',*,*,#14398,.T.);
#15471 = ORIENTED_EDGE('',*,*,#15472,.T.);
#15472 = EDGE_CURVE('',#14401,#12878,#15473,.T.);
#15473 = SURFACE_CURVE('',#15474,(#15478,#15484),.PCURVE_S1.);
#15474 = LINE('',#15475,#15476);
#15475 = CARTESIAN_POINT('',(-14.5,-10.5,-0.5));
#15476 = VECTOR('',#15477,1.);
#15477 = DIRECTION('',(3.205955052126E-18,1.745240643728E-02,
    0.999847695156));
#15478 = PCURVE('',#12918,#15479);
#15479 = DEFINITIONAL_REPRESENTATION('',(#15480),#15483);
#15480 = B_SPLINE_CURVE_WITH_KNOTS('',1,(#15481,#15482),.UNSPECIFIED.,
  .F.,.F.,(2,2),(0.,2.600396052914),.PIECEWISE_BEZIER_KNOTS.);
#15481 = CARTESIAN_POINT('',(-4.712388980385,0.));
#15482 = CARTESIAN_POINT('',(-4.712388980385,-2.6));
#15483 = ( GEOMETRIC_REPRESENTATION_CONTEXT(2) 
PARAMETRIC_REPRESENTATION_CONTEXT() REPRESENTATION_CONTEXT('2D SPACE',''
  ) );
#15484 = PCURVE('',#12892,#15485);
#15485 = DEFINITIONAL_REPRESENTATION('',(#15486),#15489);
#15486 = B_SPLINE_CURVE_WITH_KNOTS('',1,(#15487,#15488),.UNSPECIFIED.,
  .F.,.F.,(2,2),(0.,2.600396052914),.PIECEWISE_BEZIER_KNOTS.);
#15487 = CARTESIAN_POINT('',(0.,-14.5));
#15488 = CARTESIAN_POINT('',(2.600396052914,-14.5));
#15489 = ( GEOMETRIC_REPRESENTATION_CONTEXT(2) 
PARAMETRIC_REPRESENTATION_CONTEXT() REPRESENTATION_CONTEXT('2D SPACE',''
  ) );
#15490 = ORIENTED_EDGE('',*,*,#12903,.F.);
#15491 = ADVANCED_FACE('',(#15492),#12892,.T.);
#15492 = FACE_BOUND('',#15493,.T.);
#15493 = EDGE_LOOP('',(#15494,#15495,#15496,#15497));
#15494 = ORIENTED_EDGE('',*,*,#14559,.T.);
#15495 = ORIENTED_EDGE('',*,*,#15472,.T.);
#15496 = ORIENTED_EDGE('',*,*,#12877,.F.);
#15497 = ORIENTED_EDGE('',*,*,#15498,.F.);
#15498 = EDGE_CURVE('',#14536,#12849,#15499,.T.);
#15499 = SURFACE_CURVE('',#15500,(#15504,#15510),.PCURVE_S1.);
#15500 = LINE('',#15501,#15502);
#15501 = CARTESIAN_POINT('',(14.5,-10.5,-0.5));
#15502 = VECTOR('',#15503,1.);
#15503 = DIRECTION('',(0.,1.745240643728E-02,0.999847695156));
#15504 = PCURVE('',#12892,#15505);
#15505 = DEFINITIONAL_REPRESENTATION('',(#15506),#15509);
#15506 = B_SPLINE_CURVE_WITH_KNOTS('',1,(#15507,#15508),.UNSPECIFIED.,
  .F.,.F.,(2,2),(0.,2.600396052914),.PIECEWISE_BEZIER_KNOTS.);
#15507 = CARTESIAN_POINT('',(0.,14.5));
#15508 = CARTESIAN_POINT('',(2.600396052914,14.5));
#15509 = ( GEOMETRIC_REPRESENTATION_CONTEXT(2) 
PARAMETRIC_REPRESENTATION_CONTEXT() REPRESENTATION_CONTEXT('2D SPACE',''
  ) );
#15510 = PCURVE('',#12865,#15511);
#15511 = DEFINITIONAL_REPRESENTATION('',(#15512),#15515);
#15512 = B_SPLINE_CURVE_WITH_KNOTS('',1,(#15513,#15514),.UNSPECIFIED.,
  .F.,.F.,(2,2),(0.,2.600396052914),.PIECEWISE_BEZIER_KNOTS.);
#15513 = CARTESIAN_POINT('',(-4.712388980385,0.));
#15514 = CARTESIAN_POINT('',(-4.712388980385,-2.6));
#15515 = ( GEOMETRIC_REPRESENTATION_CONTEXT(2) 
PARAMETRIC_REPRESENTATION_CONTEXT() REPRESENTATION_CONTEXT('2D SPACE',''
  ) );
#15516 = ADVANCED_FACE('',(#15517),#12865,.F.);
#15517 = FACE_BOUND('',#15518,.F.);
#15518 = EDGE_LOOP('',(#15519,#15520,#15521,#15540));
#15519 = ORIENTED_EDGE('',*,*,#15498,.F.);
#15520 = ORIENTED_EDGE('',*,*,#14535,.T.);
#15521 = ORIENTED_EDGE('',*,*,#15522,.T.);
#15522 = EDGE_CURVE('',#14515,#12828,#15523,.T.);
#15523 = SURFACE_CURVE('',#15524,(#15528,#15534),.PCURVE_S1.);
#15524 = LINE('',#15525,#15526);
#15525 = CARTESIAN_POINT('',(16.,-9.,-0.5));
#15526 = VECTOR('',#15527,1.);
#15527 = DIRECTION('',(-1.745240643728E-02,4.274606736168E-18,
    0.999847695156));
#15528 = PCURVE('',#12865,#15529);
#15529 = DEFINITIONAL_REPRESENTATION('',(#15530),#15533);
#15530 = B_SPLINE_CURVE_WITH_KNOTS('',1,(#15531,#15532),.UNSPECIFIED.,
  .F.,.F.,(2,2),(0.,2.600396052914),.PIECEWISE_BEZIER_KNOTS.);
#15531 = CARTESIAN_POINT('',(-6.28318530718,0.));
#15532 = CARTESIAN_POINT('',(-6.28318530718,-2.6));
#15533 = ( GEOMETRIC_REPRESENTATION_CONTEXT(2) 
PARAMETRIC_REPRESENTATION_CONTEXT() REPRESENTATION_CONTEXT('2D SPACE',''
  ) );
#15534 = PCURVE('',#12741,#15535);
#15535 = DEFINITIONAL_REPRESENTATION('',(#15536),#15539);
#15536 = B_SPLINE_CURVE_WITH_KNOTS('',1,(#15537,#15538),.UNSPECIFIED.,
  .F.,.F.,(2,2),(0.,2.600396052914),.PIECEWISE_BEZIER_KNOTS.);
#15537 = CARTESIAN_POINT('',(0.,-18.));
#15538 = CARTESIAN_POINT('',(2.600396052914,-18.));
#15539 = ( GEOMETRIC_REPRESENTATION_CONTEXT(2) 
PARAMETRIC_REPRESENTATION_CONTEXT() REPRESENTATION_CONTEXT('2D SPACE',''
  ) );
#15540 = ORIENTED_EDGE('',*,*,#12848,.F.);
#15541 = ADVANCED_FACE('',(#15542),#12741,.T.);
#15542 = FACE_BOUND('',#15543,.T.);
#15543 = EDGE_LOOP('',(#15544,#15563,#15564,#15565,#15566,#15595,#15623,
    #15650));
#15544 = ORIENTED_EDGE('',*,*,#15545,.F.);
#15545 = EDGE_CURVE('',#14491,#12698,#15546,.T.);
#15546 = SURFACE_CURVE('',#15547,(#15551,#15557),.PCURVE_S1.);
#15547 = LINE('',#15548,#15549);
#15548 = CARTESIAN_POINT('',(16.,27.,-0.5));
#15549 = VECTOR('',#15550,1.);
#15550 = DIRECTION('',(-1.745240643728E-02,0.,0.999847695156));
#15551 = PCURVE('',#12741,#15552);
#15552 = DEFINITIONAL_REPRESENTATION('',(#15553),#15556);
#15553 = B_SPLINE_CURVE_WITH_KNOTS('',1,(#15554,#15555),.UNSPECIFIED.,
  .F.,.F.,(2,2),(0.,2.600396052914),.PIECEWISE_BEZIER_KNOTS.);
#15554 = CARTESIAN_POINT('',(0.,18.));
#15555 = CARTESIAN_POINT('',(2.600396052914,18.));
#15556 = ( GEOMETRIC_REPRESENTATION_CONTEXT(2) 
PARAMETRIC_REPRESENTATION_CONTEXT() REPRESENTATION_CONTEXT('2D SPACE',''
  ) );
#15557 = PCURVE('',#12714,#15558);
#15558 = DEFINITIONAL_REPRESENTATION('',(#15559),#15562);
#15559 = B_SPLINE_CURVE_WITH_KNOTS('',1,(#15560,#15561),.UNSPECIFIED.,
  .F.,.F.,(2,2),(0.,2.600396052914),.PIECEWISE_BEZIER_KNOTS.);
#15560 = CARTESIAN_POINT('',(0.,0.));
#15561 = CARTESIAN_POINT('',(0.,-2.6));
#15562 = ( GEOMETRIC_REPRESENTATION_CONTEXT(2) 
PARAMETRIC_REPRESENTATION_CONTEXT() REPRESENTATION_CONTEXT('2D SPACE',''
  ) );
#15563 = ORIENTED_EDGE('',*,*,#14514,.T.);
#15564 = ORIENTED_EDGE('',*,*,#15522,.T.);
#15565 = ORIENTED_EDGE('',*,*,#12827,.F.);
#15566 = ORIENTED_EDGE('',*,*,#15567,.T.);
#15567 = EDGE_CURVE('',#12803,#15568,#15570,.T.);
#15568 = VERTEX_POINT('',#15569);
#15569 = CARTESIAN_POINT('',(15.954616831187,-5.051488519965,2.1));
#15570 = SURFACE_CURVE('',#15571,(#15577,#15586),.PCURVE_S1.);
#15571 = B_SPLINE_CURVE_WITH_KNOTS('',4,(#15572,#15573,#15574,#15575,
    #15576),.UNSPECIFIED.,.F.,.F.,(5,5),(0.,1.),
  .PIECEWISE_BEZIER_KNOTS.);
#15572 = CARTESIAN_POINT('',(15.956362402612,-5.052361239209,1.99999628)
  );
#15573 = CARTESIAN_POINT('',(15.955926009296,-5.052143059168,
    2.024997236342));
#15574 = CARTESIAN_POINT('',(15.955489616283,-5.051924879279,
    2.049998175291));
#15575 = CARTESIAN_POINT('',(15.955053223583,-5.051706699546,
    2.074999096369));
#15576 = CARTESIAN_POINT('',(15.954616831187,-5.051488519965,2.1));
#15577 = PCURVE('',#12741,#15578);
#15578 = DEFINITIONAL_REPRESENTATION('',(#15579),#15585);
#15579 = B_SPLINE_CURVE_WITH_KNOTS('',4,(#15580,#15581,#15582,#15583,
    #15584),.UNSPECIFIED.,.F.,.F.,(5,5),(0.,1.),
  .PIECEWISE_BEZIER_KNOTS.);
#15580 = CARTESIAN_POINT('',(2.500377099543,-14.0523612392));
#15581 = CARTESIAN_POINT('',(2.525381864231,-14.05214305916));
#15582 = CARTESIAN_POINT('',(2.550386611525,-14.05192487927));
#15583 = CARTESIAN_POINT('',(2.575391340944,-14.05170669954));
#15584 = CARTESIAN_POINT('',(2.600396052914,-14.05148851996));
#15585 = ( GEOMETRIC_REPRESENTATION_CONTEXT(2) 
PARAMETRIC_REPRESENTATION_CONTEXT() REPRESENTATION_CONTEXT('2D SPACE',''
  ) );
#15586 = PCURVE('',#12816,#15587);
#15587 = DEFINITIONAL_REPRESENTATION('',(#15588),#15594);
#15588 = B_SPLINE_CURVE_WITH_KNOTS('',4,(#15589,#15590,#15591,#15592,
    #15593),.UNSPECIFIED.,.F.,.F.,(5,5),(0.,1.),
  .PIECEWISE_BEZIER_KNOTS.);
#15589 = CARTESIAN_POINT('',(-0.545355373676,3.225746451613E-02));
#15590 = CARTESIAN_POINT('',(-0.546008558657,3.628987682929E-02));
#15591 = CARTESIAN_POINT('',(-0.546662427039,4.032228633725E-02));
#15592 = CARTESIAN_POINT('',(-0.547316996225,4.435469296275E-02));
#15593 = CARTESIAN_POINT('',(-0.547972248765,4.838709677419E-02));
#15594 = ( GEOMETRIC_REPRESENTATION_CONTEXT(2) 
PARAMETRIC_REPRESENTATION_CONTEXT() REPRESENTATION_CONTEXT('2D SPACE',''
  ) );
#15595 = ORIENTED_EDGE('',*,*,#15596,.T.);
#15596 = EDGE_CURVE('',#15568,#15597,#15599,.T.);
#15597 = VERTEX_POINT('',#15598);
#15598 = CARTESIAN_POINT('',(15.954616831187,23.051488519965,2.1));
#15599 = SURFACE_CURVE('',#15600,(#15604,#15611),.PCURVE_S1.);
#15600 = LINE('',#15601,#15602);
#15601 = CARTESIAN_POINT('',(15.954616831187,9.,2.1));
#15602 = VECTOR('',#15603,1.);
#15603 = DIRECTION('',(0.,1.,0.));
#15604 = PCURVE('',#12741,#15605);
#15605 = DEFINITIONAL_REPRESENTATION('',(#15606),#15610);
#15606 = LINE('',#15607,#15608);
#15607 = CARTESIAN_POINT('',(2.600396052914,0.));
#15608 = VECTOR('',#15609,1.);
#15609 = DIRECTION('',(0.,1.));
#15610 = ( GEOMETRIC_REPRESENTATION_CONTEXT(2) 
PARAMETRIC_REPRESENTATION_CONTEXT() REPRESENTATION_CONTEXT('2D SPACE',''
  ) );
#15611 = PCURVE('',#15612,#15617);
#15612 = PLANE('',#15613);
#15613 = AXIS2_PLACEMENT_3D('',#15614,#15615,#15616);
#15614 = CARTESIAN_POINT('',(0.,9.,2.1));
#15615 = DIRECTION('',(0.,0.,1.));
#15616 = DIRECTION('',(1.,0.,0.));
#15617 = DEFINITIONAL_REPRESENTATION('',(#15618),#15622);
#15618 = LINE('',#15619,#15620);
#15619 = CARTESIAN_POINT('',(15.954616831187,0.));
#15620 = VECTOR('',#15621,1.);
#15621 = DIRECTION('',(0.,1.));
#15622 = ( GEOMETRIC_REPRESENTATION_CONTEXT(2) 
PARAMETRIC_REPRESENTATION_CONTEXT() REPRESENTATION_CONTEXT('2D SPACE',''
  ) );
#15623 = ORIENTED_EDGE('',*,*,#15624,.F.);
#15624 = EDGE_CURVE('',#12727,#15597,#15625,.T.);
#15625 = SURFACE_CURVE('',#15626,(#15632,#15641),.PCURVE_S1.);
#15626 = B_SPLINE_CURVE_WITH_KNOTS('',4,(#15627,#15628,#15629,#15630,
    #15631),.UNSPECIFIED.,.F.,.F.,(5,5),(0.,1.),
  .PIECEWISE_BEZIER_KNOTS.);
#15627 = CARTESIAN_POINT('',(15.956362402612,23.052361239208,1.99999628)
  );
#15628 = CARTESIAN_POINT('',(15.955926009296,23.052143059168,
    2.024997236342));
#15629 = CARTESIAN_POINT('',(15.955489616283,23.051924879279,
    2.049998175291));
#15630 = CARTESIAN_POINT('',(15.955053223583,23.051706699546,
    2.074999096369));
#15631 = CARTESIAN_POINT('',(15.954616831187,23.051488519965,2.1));
#15632 = PCURVE('',#12741,#15633);
#15633 = DEFINITIONAL_REPRESENTATION('',(#15634),#15640);
#15634 = B_SPLINE_CURVE_WITH_KNOTS('',4,(#15635,#15636,#15637,#15638,
    #15639),.UNSPECIFIED.,.F.,.F.,(5,5),(0.,1.),
  .PIECEWISE_BEZIER_KNOTS.);
#15635 = CARTESIAN_POINT('',(2.500377099543,14.052361239208));
#15636 = CARTESIAN_POINT('',(2.525381864231,14.052143059168));
#15637 = CARTESIAN_POINT('',(2.550386611525,14.051924879279));
#15638 = CARTESIAN_POINT('',(2.575391340944,14.051706699546));
#15639 = CARTESIAN_POINT('',(2.600396052914,14.051488519965));
#15640 = ( GEOMETRIC_REPRESENTATION_CONTEXT(2) 
PARAMETRIC_REPRESENTATION_CONTEXT() REPRESENTATION_CONTEXT('2D SPACE',''
  ) );
#15641 = PCURVE('',#12766,#15642);
#15642 = DEFINITIONAL_REPRESENTATION('',(#15643),#15649);
#15643 = B_SPLINE_CURVE_WITH_KNOTS('',4,(#15644,#15645,#15646,#15647,
    #15648),.UNSPECIFIED.,.F.,.F.,(5,5),(0.,1.),
  .PIECEWISE_BEZIER_KNOTS.);
#15644 = CARTESIAN_POINT('',(0.545355373676,3.225746451613E-02));
#15645 = CARTESIAN_POINT('',(0.546008558657,3.628987682929E-02));
#15646 = CARTESIAN_POINT('',(0.546662427039,4.032228633725E-02));
#15647 = CARTESIAN_POINT('',(0.547316996225,4.435469296275E-02));
#15648 = CARTESIAN_POINT('',(0.547972248765,4.838709677419E-02));
#15649 = ( GEOMETRIC_REPRESENTATION_CONTEXT(2) 
PARAMETRIC_REPRESENTATION_CONTEXT() REPRESENTATION_CONTEXT('2D SPACE',''
  ) );
#15650 = ORIENTED_EDGE('',*,*,#12726,.F.);
#15651 = ADVANCED_FACE('',(#15652),#12816,.T.);
#15652 = FACE_BOUND('',#15653,.T.);
#15653 = EDGE_LOOP('',(#15654,#15683,#15701,#15702,#15703,#15725));
#15654 = ORIENTED_EDGE('',*,*,#15655,.F.);
#15655 = EDGE_CURVE('',#15656,#15658,#15660,.T.);
#15656 = VERTEX_POINT('',#15657);
#15657 = CARTESIAN_POINT('',(15.948511480035,-5.051488519965,2.1));
#15658 = VERTEX_POINT('',#15659);
#15659 = CARTESIAN_POINT('',(16.,-5.,8.));
#15660 = SURFACE_CURVE('',#15661,(#15664,#15671),.PCURVE_S1.);
#15661 = B_SPLINE_CURVE_WITH_KNOTS('',1,(#15662,#15663),.UNSPECIFIED.,
  .F.,.F.,(2,2),(0.,1.),.PIECEWISE_BEZIER_KNOTS.);
#15662 = CARTESIAN_POINT('',(15.945893419697,-5.054106580303,1.8));
#15663 = CARTESIAN_POINT('',(16.,-5.,8.));
#15664 = PCURVE('',#12816,#15665);
#15665 = DEFINITIONAL_REPRESENTATION('',(#15666),#15670);
#15666 = LINE('',#15667,#15668);
#15667 = CARTESIAN_POINT('',(-0.554106580303,0.));
#15668 = VECTOR('',#15669,1.);
#15669 = DIRECTION('',(0.,1.));
#15670 = ( GEOMETRIC_REPRESENTATION_CONTEXT(2) 
PARAMETRIC_REPRESENTATION_CONTEXT() REPRESENTATION_CONTEXT('2D SPACE',''
  ) );
#15671 = PCURVE('',#15672,#15677);
#15672 = B_SPLINE_SURFACE_WITH_KNOTS('',1,1,(
    (#15673,#15674)
    ,(#15675,#15676
    )),.UNSPECIFIED.,.F.,.F.,.F.,(2,2),(2,2),(-14.0541065803,
    14.054106580303),(0.,1.),.PIECEWISE_BEZIER_KNOTS.);
#15673 = CARTESIAN_POINT('',(15.945893419697,23.054106580303,1.8));
#15674 = CARTESIAN_POINT('',(16.,23.,8.));
#15675 = CARTESIAN_POINT('',(15.945893419697,-5.054106580303,1.8));
#15676 = CARTESIAN_POINT('',(16.,-5.,8.));
#15677 = DEFINITIONAL_REPRESENTATION('',(#15678),#15682);
#15678 = LINE('',#15679,#15680);
#15679 = CARTESIAN_POINT('',(14.054106580303,0.));
#15680 = VECTOR('',#15681,1.);
#15681 = DIRECTION('',(0.,1.));
#15682 = ( GEOMETRIC_REPRESENTATION_CONTEXT(2) 
PARAMETRIC_REPRESENTATION_CONTEXT() REPRESENTATION_CONTEXT('2D SPACE',''
  ) );
#15683 = ORIENTED_EDGE('',*,*,#15684,.F.);
#15684 = EDGE_CURVE('',#15568,#15656,#15685,.T.);
#15685 = SURFACE_CURVE('',#15686,(#15689,#15695),.PCURVE_S1.);
#15686 = B_SPLINE_CURVE_WITH_KNOTS('',1,(#15687,#15688),.UNSPECIFIED.,
  .F.,.F.,(2,2),(0.,1.),.PIECEWISE_BEZIER_KNOTS.);
#15687 = CARTESIAN_POINT('',(15.954616831187,-5.051488519965,2.1));
#15688 = CARTESIAN_POINT('',(15.948511480035,-5.051488519965,2.1));
#15689 = PCURVE('',#12816,#15690);
#15690 = DEFINITIONAL_REPRESENTATION('',(#15691),#15694);
#15691 = B_SPLINE_CURVE_WITH_KNOTS('',1,(#15692,#15693),.UNSPECIFIED.,
  .F.,.F.,(2,2),(0.,1.),.PIECEWISE_BEZIER_KNOTS.);
#15692 = CARTESIAN_POINT('',(-0.547972245451,4.838709677419E-02));
#15693 = CARTESIAN_POINT('',(-0.554106580303,4.838709677419E-02));
#15694 = ( GEOMETRIC_REPRESENTATION_CONTEXT(2) 
PARAMETRIC_REPRESENTATION_CONTEXT() REPRESENTATION_CONTEXT('2D SPACE',''
  ) );
#15695 = PCURVE('',#15612,#15696);
#15696 = DEFINITIONAL_REPRESENTATION('',(#15697),#15700);
#15697 = B_SPLINE_CURVE_WITH_KNOTS('',1,(#15698,#15699),.UNSPECIFIED.,
  .F.,.F.,(2,2),(0.,1.),.PIECEWISE_BEZIER_KNOTS.);
#15698 = CARTESIAN_POINT('',(15.954616831187,-14.05148851996));
#15699 = CARTESIAN_POINT('',(15.948511480035,-14.05148851996));
#15700 = ( GEOMETRIC_REPRESENTATION_CONTEXT(2) 
PARAMETRIC_REPRESENTATION_CONTEXT() REPRESENTATION_CONTEXT('2D SPACE',''
  ) );
#15701 = ORIENTED_EDGE('',*,*,#15567,.F.);
#15702 = ORIENTED_EDGE('',*,*,#12802,.F.);
#15703 = ORIENTED_EDGE('',*,*,#15704,.T.);
#15704 = EDGE_CURVE('',#12778,#15705,#15707,.T.);
#15705 = VERTEX_POINT('',#15706);
#15706 = CARTESIAN_POINT('',(17.,-5.,8.));
#15707 = SURFACE_CURVE('',#15708,(#15711,#15718),.PCURVE_S1.);
#15708 = B_SPLINE_CURVE_WITH_KNOTS('',1,(#15709,#15710),.UNSPECIFIED.,
  .F.,.F.,(2,2),(0.,1.),.PIECEWISE_BEZIER_KNOTS.);
#15709 = CARTESIAN_POINT('',(17.054106580303,-5.054106580303,1.8));
#15710 = CARTESIAN_POINT('',(17.,-5.,8.));
#15711 = PCURVE('',#12816,#15712);
#15712 = DEFINITIONAL_REPRESENTATION('',(#15713),#15717);
#15713 = LINE('',#15714,#15715);
#15714 = CARTESIAN_POINT('',(0.554106580303,0.));
#15715 = VECTOR('',#15716,1.);
#15716 = DIRECTION('',(0.,1.));
#15717 = ( GEOMETRIC_REPRESENTATION_CONTEXT(2) 
PARAMETRIC_REPRESENTATION_CONTEXT() REPRESENTATION_CONTEXT('2D SPACE',''
  ) );
#15718 = PCURVE('',#12791,#15719);
#15719 = DEFINITIONAL_REPRESENTATION('',(#15720),#15724);
#15720 = LINE('',#15721,#15722);
#15721 = CARTESIAN_POINT('',(-14.0541065803,0.));
#15722 = VECTOR('',#15723,1.);
#15723 = DIRECTION('',(0.,1.));
#15724 = ( GEOMETRIC_REPRESENTATION_CONTEXT(2) 
PARAMETRIC_REPRESENTATION_CONTEXT() REPRESENTATION_CONTEXT('2D SPACE',''
  ) );
#15725 = ORIENTED_EDGE('',*,*,#15726,.F.);
#15726 = EDGE_CURVE('',#15658,#15705,#15727,.T.);
#15727 = SURFACE_CURVE('',#15728,(#15732,#15738),.PCURVE_S1.);
#15728 = LINE('',#15729,#15730);
#15729 = CARTESIAN_POINT('',(16.5,-5.,8.));
#15730 = VECTOR('',#15731,1.);
#15731 = DIRECTION('',(1.,0.,0.));
#15732 = PCURVE('',#12816,#15733);
#15733 = DEFINITIONAL_REPRESENTATION('',(#15734),#15737);
#15734 = B_SPLINE_CURVE_WITH_KNOTS('',1,(#15735,#15736),.UNSPECIFIED.,
  .F.,.F.,(2,2),(-0.5,0.5),.PIECEWISE_BEZIER_KNOTS.);
#15735 = CARTESIAN_POINT('',(-0.554106580303,1.));
#15736 = CARTESIAN_POINT('',(0.554106580303,1.));
#15737 = ( GEOMETRIC_REPRESENTATION_CONTEXT(2) 
PARAMETRIC_REPRESENTATION_CONTEXT() REPRESENTATION_CONTEXT('2D SPACE',''
  ) );
#15738 = PCURVE('',#15739,#15744);
#15739 = PLANE('',#15740);
#15740 = AXIS2_PLACEMENT_3D('',#15741,#15742,#15743);
#15741 = CARTESIAN_POINT('',(16.,-5.,8.));
#15742 = DIRECTION('',(0.,0.,1.));
#15743 = DIRECTION('',(3.569153051241E-02,0.999362854348,-0.));
#15744 = DEFINITIONAL_REPRESENTATION('',(#15745),#15749);
#15745 = LINE('',#15746,#15747);
#15746 = CARTESIAN_POINT('',(1.784576525621E-02,-0.499681427174));
#15747 = VECTOR('',#15748,1.);
#15748 = DIRECTION('',(3.569153051241E-02,-0.999362854348));
#15749 = ( GEOMETRIC_REPRESENTATION_CONTEXT(2) 
PARAMETRIC_REPRESENTATION_CONTEXT() REPRESENTATION_CONTEXT('2D SPACE',''
  ) );
#15750 = ADVANCED_FACE('',(#15751),#12791,.T.);
#15751 = FACE_BOUND('',#15752,.T.);
#15752 = EDGE_LOOP('',(#15753,#15754,#15755,#15777));
#15753 = ORIENTED_EDGE('',*,*,#15704,.F.);
#15754 = ORIENTED_EDGE('',*,*,#12777,.F.);
#15755 = ORIENTED_EDGE('',*,*,#15756,.T.);
#15756 = EDGE_CURVE('',#12753,#15757,#15759,.T.);
#15757 = VERTEX_POINT('',#15758);
#15758 = CARTESIAN_POINT('',(17.,23.,8.));
#15759 = SURFACE_CURVE('',#15760,(#15763,#15770),.PCURVE_S1.);
#15760 = B_SPLINE_CURVE_WITH_KNOTS('',1,(#15761,#15762),.UNSPECIFIED.,
  .F.,.F.,(2,2),(0.,1.),.PIECEWISE_BEZIER_KNOTS.);
#15761 = CARTESIAN_POINT('',(17.054106580303,23.054106580303,1.8));
#15762 = CARTESIAN_POINT('',(17.,23.,8.));
#15763 = PCURVE('',#12791,#15764);
#15764 = DEFINITIONAL_REPRESENTATION('',(#15765),#15769);
#15765 = LINE('',#15766,#15767);
#15766 = CARTESIAN_POINT('',(14.054106580303,0.));
#15767 = VECTOR('',#15768,1.);
#15768 = DIRECTION('',(0.,1.));
#15769 = ( GEOMETRIC_REPRESENTATION_CONTEXT(2) 
PARAMETRIC_REPRESENTATION_CONTEXT() REPRESENTATION_CONTEXT('2D SPACE',''
  ) );
#15770 = PCURVE('',#12766,#15771);
#15771 = DEFINITIONAL_REPRESENTATION('',(#15772),#15776);
#15772 = LINE('',#15773,#15774);
#15773 = CARTESIAN_POINT('',(-0.554106580303,0.));
#15774 = VECTOR('',#15775,1.);
#15775 = DIRECTION('',(0.,1.));
#15776 = ( GEOMETRIC_REPRESENTATION_CONTEXT(2) 
PARAMETRIC_REPRESENTATION_CONTEXT() REPRESENTATION_CONTEXT('2D SPACE',''
  ) );
#15777 = ORIENTED_EDGE('',*,*,#15778,.F.);
#15778 = EDGE_CURVE('',#15705,#15757,#15779,.T.);
#15779 = SURFACE_CURVE('',#15780,(#15784,#15790),.PCURVE_S1.);
#15780 = LINE('',#15781,#15782);
#15781 = CARTESIAN_POINT('',(17.,9.,8.));
#15782 = VECTOR('',#15783,1.);
#15783 = DIRECTION('',(0.,1.,0.));
#15784 = PCURVE('',#12791,#15785);
#15785 = DEFINITIONAL_REPRESENTATION('',(#15786),#15789);
#15786 = B_SPLINE_CURVE_WITH_KNOTS('',1,(#15787,#15788),.UNSPECIFIED.,
  .F.,.F.,(2,2),(-14.,14.),.PIECEWISE_BEZIER_KNOTS.);
#15787 = CARTESIAN_POINT('',(-14.0541065803,1.));
#15788 = CARTESIAN_POINT('',(14.054106580303,1.));
#15789 = ( GEOMETRIC_REPRESENTATION_CONTEXT(2) 
PARAMETRIC_REPRESENTATION_CONTEXT() REPRESENTATION_CONTEXT('2D SPACE',''
  ) );
#15790 = PCURVE('',#15739,#15791);
#15791 = DEFINITIONAL_REPRESENTATION('',(#15792),#15796);
#15792 = LINE('',#15793,#15794);
#15793 = CARTESIAN_POINT('',(14.026771491378,-0.499681427174));
#15794 = VECTOR('',#15795,1.);
#15795 = DIRECTION('',(0.999362854348,3.569153051241E-02));
#15796 = ( GEOMETRIC_REPRESENTATION_CONTEXT(2) 
PARAMETRIC_REPRESENTATION_CONTEXT() REPRESENTATION_CONTEXT('2D SPACE',''
  ) );
#15797 = ADVANCED_FACE('',(#15798),#12766,.T.);
#15798 = FACE_BOUND('',#15799,.T.);
#15799 = EDGE_LOOP('',(#15800,#15801,#15802,#15822,#15844,#15864));
#15800 = ORIENTED_EDGE('',*,*,#12752,.F.);
#15801 = ORIENTED_EDGE('',*,*,#15624,.T.);
#15802 = ORIENTED_EDGE('',*,*,#15803,.F.);
#15803 = EDGE_CURVE('',#15804,#15597,#15806,.T.);
#15804 = VERTEX_POINT('',#15805);
#15805 = CARTESIAN_POINT('',(15.948511480035,23.051488519965,2.1));
#15806 = SURFACE_CURVE('',#15807,(#15810,#15816),.PCURVE_S1.);
#15807 = B_SPLINE_CURVE_WITH_KNOTS('',1,(#15808,#15809),.UNSPECIFIED.,
  .F.,.F.,(2,2),(0.,1.),.PIECEWISE_BEZIER_KNOTS.);
#15808 = CARTESIAN_POINT('',(15.948511480035,23.051488519965,2.1));
#15809 = CARTESIAN_POINT('',(15.954616831187,23.051488519965,2.1));
#15810 = PCURVE('',#12766,#15811);
#15811 = DEFINITIONAL_REPRESENTATION('',(#15812),#15815);
#15812 = B_SPLINE_CURVE_WITH_KNOTS('',1,(#15813,#15814),.UNSPECIFIED.,
  .F.,.F.,(2,2),(0.,1.),.PIECEWISE_BEZIER_KNOTS.);
#15813 = CARTESIAN_POINT('',(0.554106580303,4.838709677419E-02));
#15814 = CARTESIAN_POINT('',(0.547972245451,4.838709677419E-02));
#15815 = ( GEOMETRIC_REPRESENTATION_CONTEXT(2) 
PARAMETRIC_REPRESENTATION_CONTEXT() REPRESENTATION_CONTEXT('2D SPACE',''
  ) );
#15816 = PCURVE('',#15612,#15817);
#15817 = DEFINITIONAL_REPRESENTATION('',(#15818),#15821);
#15818 = B_SPLINE_CURVE_WITH_KNOTS('',1,(#15819,#15820),.UNSPECIFIED.,
  .F.,.F.,(2,2),(0.,1.),.PIECEWISE_BEZIER_KNOTS.);
#15819 = CARTESIAN_POINT('',(15.948511480035,14.051488519965));
#15820 = CARTESIAN_POINT('',(15.954616831187,14.051488519965));
#15821 = ( GEOMETRIC_REPRESENTATION_CONTEXT(2) 
PARAMETRIC_REPRESENTATION_CONTEXT() REPRESENTATION_CONTEXT('2D SPACE',''
  ) );
#15822 = ORIENTED_EDGE('',*,*,#15823,.T.);
#15823 = EDGE_CURVE('',#15804,#15824,#15826,.T.);
#15824 = VERTEX_POINT('',#15825);
#15825 = CARTESIAN_POINT('',(16.,23.,8.));
#15826 = SURFACE_CURVE('',#15827,(#15830,#15837),.PCURVE_S1.);
#15827 = B_SPLINE_CURVE_WITH_KNOTS('',1,(#15828,#15829),.UNSPECIFIED.,
  .F.,.F.,(2,2),(0.,1.),.PIECEWISE_BEZIER_KNOTS.);
#15828 = CARTESIAN_POINT('',(15.945893419697,23.054106580303,1.8));
#15829 = CARTESIAN_POINT('',(16.,23.,8.));
#15830 = PCURVE('',#12766,#15831);
#15831 = DEFINITIONAL_REPRESENTATION('',(#15832),#15836);
#15832 = LINE('',#15833,#15834);
#15833 = CARTESIAN_POINT('',(0.554106580303,0.));
#15834 = VECTOR('',#15835,1.);
#15835 = DIRECTION('',(0.,1.));
#15836 = ( GEOMETRIC_REPRESENTATION_CONTEXT(2) 
PARAMETRIC_REPRESENTATION_CONTEXT() REPRESENTATION_CONTEXT('2D SPACE',''
  ) );
#15837 = PCURVE('',#15672,#15838);
#15838 = DEFINITIONAL_REPRESENTATION('',(#15839),#15843);
#15839 = LINE('',#15840,#15841);
#15840 = CARTESIAN_POINT('',(-14.0541065803,0.));
#15841 = VECTOR('',#15842,1.);
#15842 = DIRECTION('',(0.,1.));
#15843 = ( GEOMETRIC_REPRESENTATION_CONTEXT(2) 
PARAMETRIC_REPRESENTATION_CONTEXT() REPRESENTATION_CONTEXT('2D SPACE',''
  ) );
#15844 = ORIENTED_EDGE('',*,*,#15845,.T.);
#15845 = EDGE_CURVE('',#15824,#15757,#15846,.T.);
#15846 = SURFACE_CURVE('',#15847,(#15851,#15857),.PCURVE_S1.);
#15847 = LINE('',#15848,#15849);
#15848 = CARTESIAN_POINT('',(16.5,23.,8.));
#15849 = VECTOR('',#15850,1.);
#15850 = DIRECTION('',(1.,0.,0.));
#15851 = PCURVE('',#12766,#15852);
#15852 = DEFINITIONAL_REPRESENTATION('',(#15853),#15856);
#15853 = B_SPLINE_CURVE_WITH_KNOTS('',1,(#15854,#15855),.UNSPECIFIED.,
  .F.,.F.,(2,2),(-0.5,0.5),.PIECEWISE_BEZIER_KNOTS.);
#15854 = CARTESIAN_POINT('',(0.554106580303,1.));
#15855 = CARTESIAN_POINT('',(-0.554106580303,1.));
#15856 = ( GEOMETRIC_REPRESENTATION_CONTEXT(2) 
PARAMETRIC_REPRESENTATION_CONTEXT() REPRESENTATION_CONTEXT('2D SPACE',''
  ) );
#15857 = PCURVE('',#15739,#15858);
#15858 = DEFINITIONAL_REPRESENTATION('',(#15859),#15863);
#15859 = LINE('',#15860,#15861);
#15860 = CARTESIAN_POINT('',(28.000005686988,0.499681427174));
#15861 = VECTOR('',#15862,1.);
#15862 = DIRECTION('',(3.569153051241E-02,-0.999362854348));
#15863 = ( GEOMETRIC_REPRESENTATION_CONTEXT(2) 
PARAMETRIC_REPRESENTATION_CONTEXT() REPRESENTATION_CONTEXT('2D SPACE',''
  ) );
#15864 = ORIENTED_EDGE('',*,*,#15756,.F.);
#15865 = ADVANCED_FACE('',(#15866),#12714,.F.);
#15866 = FACE_BOUND('',#15867,.F.);
#15867 = EDGE_LOOP('',(#15868,#15869,#15870,#15889));
#15868 = ORIENTED_EDGE('',*,*,#15545,.F.);
#15869 = ORIENTED_EDGE('',*,*,#14490,.T.);
#15870 = ORIENTED_EDGE('',*,*,#15871,.T.);
#15871 = EDGE_CURVE('',#14470,#12672,#15872,.T.);
#15872 = SURFACE_CURVE('',#15873,(#15877,#15883),.PCURVE_S1.);
#15873 = LINE('',#15874,#15875);
#15874 = CARTESIAN_POINT('',(14.5,28.5,-0.5));
#15875 = VECTOR('',#15876,1.);
#15876 = DIRECTION('',(-1.068651684042E-18,-1.745240643728E-02,
    0.999847695156));
#15877 = PCURVE('',#12714,#15878);
#15878 = DEFINITIONAL_REPRESENTATION('',(#15879),#15882);
#15879 = B_SPLINE_CURVE_WITH_KNOTS('',1,(#15880,#15881),.UNSPECIFIED.,
  .F.,.F.,(2,2),(0.,2.600396052914),.PIECEWISE_BEZIER_KNOTS.);
#15880 = CARTESIAN_POINT('',(-1.570796326795,0.));
#15881 = CARTESIAN_POINT('',(-1.570796326795,-2.6));
#15882 = ( GEOMETRIC_REPRESENTATION_CONTEXT(2) 
PARAMETRIC_REPRESENTATION_CONTEXT() REPRESENTATION_CONTEXT('2D SPACE',''
  ) );
#15883 = PCURVE('',#12686,#15884);
#15884 = DEFINITIONAL_REPRESENTATION('',(#15885),#15888);
#15885 = B_SPLINE_CURVE_WITH_KNOTS('',1,(#15886,#15887),.UNSPECIFIED.,
  .F.,.F.,(2,2),(0.,2.600396052914),.PIECEWISE_BEZIER_KNOTS.);
#15886 = CARTESIAN_POINT('',(0.,-14.5));
#15887 = CARTESIAN_POINT('',(2.600396052914,-14.5));
#15888 = ( GEOMETRIC_REPRESENTATION_CONTEXT(2) 
PARAMETRIC_REPRESENTATION_CONTEXT() REPRESENTATION_CONTEXT('2D SPACE',''
  ) );
#15889 = ORIENTED_EDGE('',*,*,#12697,.F.);
#15890 = ADVANCED_FACE('',(#15891),#12686,.T.);
#15891 = FACE_BOUND('',#15892,.T.);
#15892 = EDGE_LOOP('',(#15893,#15894,#15895,#15896));
#15893 = ORIENTED_EDGE('',*,*,#14469,.T.);
#15894 = ORIENTED_EDGE('',*,*,#15871,.T.);
#15895 = ORIENTED_EDGE('',*,*,#12671,.F.);
#15896 = ORIENTED_EDGE('',*,*,#15897,.F.);
#15897 = EDGE_CURVE('',#14446,#12643,#15898,.T.);
#15898 = SURFACE_CURVE('',#15899,(#15903,#15909),.PCURVE_S1.);
#15899 = LINE('',#15900,#15901);
#15900 = CARTESIAN_POINT('',(-14.5,28.5,-0.5));
#15901 = VECTOR('',#15902,1.);
#15902 = DIRECTION('',(0.,-1.745240643728E-02,0.999847695156));
#15903 = PCURVE('',#12686,#15904);
#15904 = DEFINITIONAL_REPRESENTATION('',(#15905),#15908);
#15905 = B_SPLINE_CURVE_WITH_KNOTS('',1,(#15906,#15907),.UNSPECIFIED.,
  .F.,.F.,(2,2),(0.,2.600396052914),.PIECEWISE_BEZIER_KNOTS.);
#15906 = CARTESIAN_POINT('',(0.,14.5));
#15907 = CARTESIAN_POINT('',(2.600396052914,14.5));
#15908 = ( GEOMETRIC_REPRESENTATION_CONTEXT(2) 
PARAMETRIC_REPRESENTATION_CONTEXT() REPRESENTATION_CONTEXT('2D SPACE',''
  ) );
#15909 = PCURVE('',#12659,#15910);
#15910 = DEFINITIONAL_REPRESENTATION('',(#15911),#15914);
#15911 = B_SPLINE_CURVE_WITH_KNOTS('',1,(#15912,#15913),.UNSPECIFIED.,
  .F.,.F.,(2,2),(0.,2.600396052914),.PIECEWISE_BEZIER_KNOTS.);
#15912 = CARTESIAN_POINT('',(-1.570796326795,0.));
#15913 = CARTESIAN_POINT('',(-1.570796326795,-2.6));
#15914 = ( GEOMETRIC_REPRESENTATION_CONTEXT(2) 
PARAMETRIC_REPRESENTATION_CONTEXT() REPRESENTATION_CONTEXT('2D SPACE',''
  ) );
#15915 = ADVANCED_FACE('',(#15916),#12659,.F.);
#15916 = FACE_BOUND('',#15917,.F.);
#15917 = EDGE_LOOP('',(#15918,#15919,#15920,#15921));
#15918 = ORIENTED_EDGE('',*,*,#15897,.F.);
#15919 = ORIENTED_EDGE('',*,*,#14445,.T.);
#15920 = ORIENTED_EDGE('',*,*,#15343,.T.);
#15921 = ORIENTED_EDGE('',*,*,#12642,.F.);
#15922 = ADVANCED_FACE('',(#15923),#12610,.T.);
#15923 = FACE_BOUND('',#15924,.T.);
#15924 = EDGE_LOOP('',(#15925,#15926,#15948,#15975,#16002,#16020));
#15925 = ORIENTED_EDGE('',*,*,#12596,.F.);
#15926 = ORIENTED_EDGE('',*,*,#15927,.T.);
#15927 = EDGE_CURVE('',#12572,#15928,#15930,.T.);
#15928 = VERTEX_POINT('',#15929);
#15929 = CARTESIAN_POINT('',(-17.,23.,8.));
#15930 = SURFACE_CURVE('',#15931,(#15934,#15941),.PCURVE_S1.);
#15931 = B_SPLINE_CURVE_WITH_KNOTS('',1,(#15932,#15933),.UNSPECIFIED.,
  .F.,.F.,(2,2),(0.,1.),.PIECEWISE_BEZIER_KNOTS.);
#15932 = CARTESIAN_POINT('',(-17.0541065803,23.054106580303,1.8));
#15933 = CARTESIAN_POINT('',(-17.,23.,8.));
#15934 = PCURVE('',#12610,#15935);
#15935 = DEFINITIONAL_REPRESENTATION('',(#15936),#15940);
#15936 = LINE('',#15937,#15938);
#15937 = CARTESIAN_POINT('',(0.554106580303,0.));
#15938 = VECTOR('',#15939,1.);
#15939 = DIRECTION('',(0.,1.));
#15940 = ( GEOMETRIC_REPRESENTATION_CONTEXT(2) 
PARAMETRIC_REPRESENTATION_CONTEXT() REPRESENTATION_CONTEXT('2D SPACE',''
  ) );
#15941 = PCURVE('',#12585,#15942);
#15942 = DEFINITIONAL_REPRESENTATION('',(#15943),#15947);
#15943 = LINE('',#15944,#15945);
#15944 = CARTESIAN_POINT('',(-14.0541065803,0.));
#15945 = VECTOR('',#15946,1.);
#15946 = DIRECTION('',(0.,1.));
#15947 = ( GEOMETRIC_REPRESENTATION_CONTEXT(2) 
PARAMETRIC_REPRESENTATION_CONTEXT() REPRESENTATION_CONTEXT('2D SPACE',''
  ) );
#15948 = ORIENTED_EDGE('',*,*,#15949,.T.);
#15949 = EDGE_CURVE('',#15928,#15950,#15952,.T.);
#15950 = VERTEX_POINT('',#15951);
#15951 = CARTESIAN_POINT('',(-16.,23.,8.));
#15952 = SURFACE_CURVE('',#15953,(#15957,#15963),.PCURVE_S1.);
#15953 = LINE('',#15954,#15955);
#15954 = CARTESIAN_POINT('',(-16.5,23.,8.));
#15955 = VECTOR('',#15956,1.);
#15956 = DIRECTION('',(1.,0.,0.));
#15957 = PCURVE('',#12610,#15958);
#15958 = DEFINITIONAL_REPRESENTATION('',(#15959),#15962);
#15959 = B_SPLINE_CURVE_WITH_KNOTS('',1,(#15960,#15961),.UNSPECIFIED.,
  .F.,.F.,(2,2),(-0.5,0.5),.PIECEWISE_BEZIER_KNOTS.);
#15960 = CARTESIAN_POINT('',(0.554106580303,1.));
#15961 = CARTESIAN_POINT('',(-0.554106580303,1.));
#15962 = ( GEOMETRIC_REPRESENTATION_CONTEXT(2) 
PARAMETRIC_REPRESENTATION_CONTEXT() REPRESENTATION_CONTEXT('2D SPACE',''
  ) );
#15963 = PCURVE('',#15964,#15969);
#15964 = PLANE('',#15965);
#15965 = AXIS2_PLACEMENT_3D('',#15966,#15967,#15968);
#15966 = CARTESIAN_POINT('',(-17.,-5.,8.));
#15967 = DIRECTION('',(0.,0.,1.));
#15968 = DIRECTION('',(3.569153051241E-02,0.999362854348,-0.));
#15969 = DEFINITIONAL_REPRESENTATION('',(#15970),#15974);
#15970 = LINE('',#15971,#15972);
#15971 = CARTESIAN_POINT('',(28.000005686988,0.499681427174));
#15972 = VECTOR('',#15973,1.);
#15973 = DIRECTION('',(3.569153051241E-02,-0.999362854348));
#15974 = ( GEOMETRIC_REPRESENTATION_CONTEXT(2) 
PARAMETRIC_REPRESENTATION_CONTEXT() REPRESENTATION_CONTEXT('2D SPACE',''
  ) );
#15975 = ORIENTED_EDGE('',*,*,#15976,.F.);
#15976 = EDGE_CURVE('',#15977,#15950,#15979,.T.);
#15977 = VERTEX_POINT('',#15978);
#15978 = CARTESIAN_POINT('',(-15.94851148003,23.051488519965,2.1));
#15979 = SURFACE_CURVE('',#15980,(#15983,#15990),.PCURVE_S1.);
#15980 = B_SPLINE_CURVE_WITH_KNOTS('',1,(#15981,#15982),.UNSPECIFIED.,
  .F.,.F.,(2,2),(0.,1.),.PIECEWISE_BEZIER_KNOTS.);
#15981 = CARTESIAN_POINT('',(-15.94589341969,23.054106580303,1.8));
#15982 = CARTESIAN_POINT('',(-16.,23.,8.));
#15983 = PCURVE('',#12610,#15984);
#15984 = DEFINITIONAL_REPRESENTATION('',(#15985),#15989);
#15985 = LINE('',#15986,#15987);
#15986 = CARTESIAN_POINT('',(-0.554106580303,0.));
#15987 = VECTOR('',#15988,1.);
#15988 = DIRECTION('',(0.,1.));
#15989 = ( GEOMETRIC_REPRESENTATION_CONTEXT(2) 
PARAMETRIC_REPRESENTATION_CONTEXT() REPRESENTATION_CONTEXT('2D SPACE',''
  ) );
#15990 = PCURVE('',#15991,#15996);
#15991 = B_SPLINE_SURFACE_WITH_KNOTS('',1,1,(
    (#15992,#15993)
    ,(#15994,#15995
    )),.UNSPECIFIED.,.F.,.F.,.F.,(2,2),(2,2),(-14.0541065803,
    14.054106580303),(0.,1.),.PIECEWISE_BEZIER_KNOTS.);
#15992 = CARTESIAN_POINT('',(-15.94589341969,-5.054106580303,1.8));
#15993 = CARTESIAN_POINT('',(-16.,-5.,8.));
#15994 = CARTESIAN_POINT('',(-15.94589341969,23.054106580303,1.8));
#15995 = CARTESIAN_POINT('',(-16.,23.,8.));
#15996 = DEFINITIONAL_REPRESENTATION('',(#15997),#16001);
#15997 = LINE('',#15998,#15999);
#15998 = CARTESIAN_POINT('',(14.054106580303,0.));
#15999 = VECTOR('',#16000,1.);
#16000 = DIRECTION('',(0.,1.));
#16001 = ( GEOMETRIC_REPRESENTATION_CONTEXT(2) 
PARAMETRIC_REPRESENTATION_CONTEXT() REPRESENTATION_CONTEXT('2D SPACE',''
  ) );
#16002 = ORIENTED_EDGE('',*,*,#16003,.F.);
#16003 = EDGE_CURVE('',#15364,#15977,#16004,.T.);
#16004 = SURFACE_CURVE('',#16005,(#16008,#16014),.PCURVE_S1.);
#16005 = B_SPLINE_CURVE_WITH_KNOTS('',1,(#16006,#16007),.UNSPECIFIED.,
  .F.,.F.,(2,2),(0.,1.),.PIECEWISE_BEZIER_KNOTS.);
#16006 = CARTESIAN_POINT('',(-15.95461683118,23.051488519965,2.1));
#16007 = CARTESIAN_POINT('',(-15.94851148003,23.051488519965,2.1));
#16008 = PCURVE('',#12610,#16009);
#16009 = DEFINITIONAL_REPRESENTATION('',(#16010),#16013);
#16010 = B_SPLINE_CURVE_WITH_KNOTS('',1,(#16011,#16012),.UNSPECIFIED.,
  .F.,.F.,(2,2),(0.,1.),.PIECEWISE_BEZIER_KNOTS.);
#16011 = CARTESIAN_POINT('',(-0.547972245451,4.838709677419E-02));
#16012 = CARTESIAN_POINT('',(-0.554106580303,4.838709677419E-02));
#16013 = ( GEOMETRIC_REPRESENTATION_CONTEXT(2) 
PARAMETRIC_REPRESENTATION_CONTEXT() REPRESENTATION_CONTEXT('2D SPACE',''
  ) );
#16014 = PCURVE('',#15408,#16015);
#16015 = DEFINITIONAL_REPRESENTATION('',(#16016),#16019);
#16016 = B_SPLINE_CURVE_WITH_KNOTS('',1,(#16017,#16018),.UNSPECIFIED.,
  .F.,.F.,(2,2),(0.,1.),.PIECEWISE_BEZIER_KNOTS.);
#16017 = CARTESIAN_POINT('',(-15.95461683118,14.051488519965));
#16018 = CARTESIAN_POINT('',(-15.94851148003,14.051488519965));
#16019 = ( GEOMETRIC_REPRESENTATION_CONTEXT(2) 
PARAMETRIC_REPRESENTATION_CONTEXT() REPRESENTATION_CONTEXT('2D SPACE',''
  ) );
#16020 = ORIENTED_EDGE('',*,*,#15363,.F.);
#16021 = ADVANCED_FACE('',(#16022),#12585,.T.);
#16022 = FACE_BOUND('',#16023,.T.);
#16023 = EDGE_LOOP('',(#16024,#16025,#16047,#16067));
#16024 = ORIENTED_EDGE('',*,*,#12571,.F.);
#16025 = ORIENTED_EDGE('',*,*,#16026,.T.);
#16026 = EDGE_CURVE('',#12547,#16027,#16029,.T.);
#16027 = VERTEX_POINT('',#16028);
#16028 = CARTESIAN_POINT('',(-17.,-5.,8.));
#16029 = SURFACE_CURVE('',#16030,(#16033,#16040),.PCURVE_S1.);
#16030 = B_SPLINE_CURVE_WITH_KNOTS('',1,(#16031,#16032),.UNSPECIFIED.,
  .F.,.F.,(2,2),(0.,1.),.PIECEWISE_BEZIER_KNOTS.);
#16031 = CARTESIAN_POINT('',(-17.0541065803,-5.054106580303,1.8));
#16032 = CARTESIAN_POINT('',(-17.,-5.,8.));
#16033 = PCURVE('',#12585,#16034);
#16034 = DEFINITIONAL_REPRESENTATION('',(#16035),#16039);
#16035 = LINE('',#16036,#16037);
#16036 = CARTESIAN_POINT('',(14.054106580303,0.));
#16037 = VECTOR('',#16038,1.);
#16038 = DIRECTION('',(0.,1.));
#16039 = ( GEOMETRIC_REPRESENTATION_CONTEXT(2) 
PARAMETRIC_REPRESENTATION_CONTEXT() REPRESENTATION_CONTEXT('2D SPACE',''
  ) );
#16040 = PCURVE('',#12560,#16041);
#16041 = DEFINITIONAL_REPRESENTATION('',(#16042),#16046);
#16042 = LINE('',#16043,#16044);
#16043 = CARTESIAN_POINT('',(-0.554106580303,0.));
#16044 = VECTOR('',#16045,1.);
#16045 = DIRECTION('',(0.,1.));
#16046 = ( GEOMETRIC_REPRESENTATION_CONTEXT(2) 
PARAMETRIC_REPRESENTATION_CONTEXT() REPRESENTATION_CONTEXT('2D SPACE',''
  ) );
#16047 = ORIENTED_EDGE('',*,*,#16048,.T.);
#16048 = EDGE_CURVE('',#16027,#15928,#16049,.T.);
#16049 = SURFACE_CURVE('',#16050,(#16054,#16060),.PCURVE_S1.);
#16050 = LINE('',#16051,#16052);
#16051 = CARTESIAN_POINT('',(-17.,9.,8.));
#16052 = VECTOR('',#16053,1.);
#16053 = DIRECTION('',(0.,1.,0.));
#16054 = PCURVE('',#12585,#16055);
#16055 = DEFINITIONAL_REPRESENTATION('',(#16056),#16059);
#16056 = B_SPLINE_CURVE_WITH_KNOTS('',1,(#16057,#16058),.UNSPECIFIED.,
  .F.,.F.,(2,2),(-14.,14.),.PIECEWISE_BEZIER_KNOTS.);
#16057 = CARTESIAN_POINT('',(14.054106580303,1.));
#16058 = CARTESIAN_POINT('',(-14.0541065803,1.));
#16059 = ( GEOMETRIC_REPRESENTATION_CONTEXT(2) 
PARAMETRIC_REPRESENTATION_CONTEXT() REPRESENTATION_CONTEXT('2D SPACE',''
  ) );
#16060 = PCURVE('',#15964,#16061);
#16061 = DEFINITIONAL_REPRESENTATION('',(#16062),#16066);
#16062 = LINE('',#16063,#16064);
#16063 = CARTESIAN_POINT('',(13.991079960866,0.499681427174));
#16064 = VECTOR('',#16065,1.);
#16065 = DIRECTION('',(0.999362854348,3.569153051241E-02));
#16066 = ( GEOMETRIC_REPRESENTATION_CONTEXT(2) 
PARAMETRIC_REPRESENTATION_CONTEXT() REPRESENTATION_CONTEXT('2D SPACE',''
  ) );
#16067 = ORIENTED_EDGE('',*,*,#15927,.F.);
#16068 = ADVANCED_FACE('',(#16069),#12560,.T.);
#16069 = FACE_BOUND('',#16070,.T.);
#16070 = EDGE_LOOP('',(#16071,#16072,#16073,#16074,#16094,#16116));
#16071 = ORIENTED_EDGE('',*,*,#16026,.F.);
#16072 = ORIENTED_EDGE('',*,*,#12546,.F.);
#16073 = ORIENTED_EDGE('',*,*,#15420,.T.);
#16074 = ORIENTED_EDGE('',*,*,#16075,.F.);
#16075 = EDGE_CURVE('',#16076,#15393,#16078,.T.);
#16076 = VERTEX_POINT('',#16077);
#16077 = CARTESIAN_POINT('',(-15.94851148003,-5.051488519965,2.1));
#16078 = SURFACE_CURVE('',#16079,(#16082,#16088),.PCURVE_S1.);
#16079 = B_SPLINE_CURVE_WITH_KNOTS('',1,(#16080,#16081),.UNSPECIFIED.,
  .F.,.F.,(2,2),(0.,1.),.PIECEWISE_BEZIER_KNOTS.);
#16080 = CARTESIAN_POINT('',(-15.94851148003,-5.051488519965,2.1));
#16081 = CARTESIAN_POINT('',(-15.95461683118,-5.051488519965,2.1));
#16082 = PCURVE('',#12560,#16083);
#16083 = DEFINITIONAL_REPRESENTATION('',(#16084),#16087);
#16084 = B_SPLINE_CURVE_WITH_KNOTS('',1,(#16085,#16086),.UNSPECIFIED.,
  .F.,.F.,(2,2),(0.,1.),.PIECEWISE_BEZIER_KNOTS.);
#16085 = CARTESIAN_POINT('',(0.554106580303,4.838709677419E-02));
#16086 = CARTESIAN_POINT('',(0.547972245451,4.838709677419E-02));
#16087 = ( GEOMETRIC_REPRESENTATION_CONTEXT(2) 
PARAMETRIC_REPRESENTATION_CONTEXT() REPRESENTATION_CONTEXT('2D SPACE',''
  ) );
#16088 = PCURVE('',#15408,#16089);
#16089 = DEFINITIONAL_REPRESENTATION('',(#16090),#16093);
#16090 = B_SPLINE_CURVE_WITH_KNOTS('',1,(#16091,#16092),.UNSPECIFIED.,
  .F.,.F.,(2,2),(0.,1.),.PIECEWISE_BEZIER_KNOTS.);
#16091 = CARTESIAN_POINT('',(-15.94851148003,-14.05148851996));
#16092 = CARTESIAN_POINT('',(-15.95461683118,-14.05148851996));
#16093 = ( GEOMETRIC_REPRESENTATION_CONTEXT(2) 
PARAMETRIC_REPRESENTATION_CONTEXT() REPRESENTATION_CONTEXT('2D SPACE',''
  ) );
#16094 = ORIENTED_EDGE('',*,*,#16095,.T.);
#16095 = EDGE_CURVE('',#16076,#16096,#16098,.T.);
#16096 = VERTEX_POINT('',#16097);
#16097 = CARTESIAN_POINT('',(-16.,-5.,8.));
#16098 = SURFACE_CURVE('',#16099,(#16102,#16109),.PCURVE_S1.);
#16099 = B_SPLINE_CURVE_WITH_KNOTS('',1,(#16100,#16101),.UNSPECIFIED.,
  .F.,.F.,(2,2),(0.,1.),.PIECEWISE_BEZIER_KNOTS.);
#16100 = CARTESIAN_POINT('',(-15.94589341969,-5.054106580303,1.8));
#16101 = CARTESIAN_POINT('',(-16.,-5.,8.));
#16102 = PCURVE('',#12560,#16103);
#16103 = DEFINITIONAL_REPRESENTATION('',(#16104),#16108);
#16104 = LINE('',#16105,#16106);
#16105 = CARTESIAN_POINT('',(0.554106580303,0.));
#16106 = VECTOR('',#16107,1.);
#16107 = DIRECTION('',(0.,1.));
#16108 = ( GEOMETRIC_REPRESENTATION_CONTEXT(2) 
PARAMETRIC_REPRESENTATION_CONTEXT() REPRESENTATION_CONTEXT('2D SPACE',''
  ) );
#16109 = PCURVE('',#15991,#16110);
#16110 = DEFINITIONAL_REPRESENTATION('',(#16111),#16115);
#16111 = LINE('',#16112,#16113);
#16112 = CARTESIAN_POINT('',(-14.0541065803,0.));
#16113 = VECTOR('',#16114,1.);
#16114 = DIRECTION('',(0.,1.));
#16115 = ( GEOMETRIC_REPRESENTATION_CONTEXT(2) 
PARAMETRIC_REPRESENTATION_CONTEXT() REPRESENTATION_CONTEXT('2D SPACE',''
  ) );
#16116 = ORIENTED_EDGE('',*,*,#16117,.F.);
#16117 = EDGE_CURVE('',#16027,#16096,#16118,.T.);
#16118 = SURFACE_CURVE('',#16119,(#16123,#16129),.PCURVE_S1.);
#16119 = LINE('',#16120,#16121);
#16120 = CARTESIAN_POINT('',(-16.5,-5.,8.));
#16121 = VECTOR('',#16122,1.);
#16122 = DIRECTION('',(1.,0.,0.));
#16123 = PCURVE('',#12560,#16124);
#16124 = DEFINITIONAL_REPRESENTATION('',(#16125),#16128);
#16125 = B_SPLINE_CURVE_WITH_KNOTS('',1,(#16126,#16127),.UNSPECIFIED.,
  .F.,.F.,(2,2),(-0.5,0.5),.PIECEWISE_BEZIER_KNOTS.);
#16126 = CARTESIAN_POINT('',(-0.554106580303,1.));
#16127 = CARTESIAN_POINT('',(0.554106580303,1.));
#16128 = ( GEOMETRIC_REPRESENTATION_CONTEXT(2) 
PARAMETRIC_REPRESENTATION_CONTEXT() REPRESENTATION_CONTEXT('2D SPACE',''
  ) );
#16129 = PCURVE('',#15964,#16130);
#16130 = DEFINITIONAL_REPRESENTATION('',(#16131),#16135);
#16131 = LINE('',#16132,#16133);
#16132 = CARTESIAN_POINT('',(1.784576525621E-02,-0.499681427174));
#16133 = VECTOR('',#16134,1.);
#16134 = DIRECTION('',(3.569153051241E-02,-0.999362854348));
#16135 = ( GEOMETRIC_REPRESENTATION_CONTEXT(2) 
PARAMETRIC_REPRESENTATION_CONTEXT() REPRESENTATION_CONTEXT('2D SPACE',''
  ) );
#16136 = ADVANCED_FACE('',(#16137),#12949,.T.);
#16137 = FACE_BOUND('',#16138,.T.);
#16138 = EDGE_LOOP('',(#16139,#16160,#16161,#16162));
#16139 = ORIENTED_EDGE('',*,*,#16140,.T.);
#16140 = EDGE_CURVE('',#12933,#14582,#16141,.T.);
#16141 = SEAM_CURVE('',#16142,(#16146,#16153),.PCURVE_S1.);
#16142 = LINE('',#16143,#16144);
#16143 = CARTESIAN_POINT('',(24.542905244012,54.19,1.5));
#16144 = VECTOR('',#16145,1.);
#16145 = DIRECTION('',(-8.726535498374E-03,2.137384753146E-18,
    0.999961923064));
#16146 = PCURVE('',#12949,#16147);
#16147 = DEFINITIONAL_REPRESENTATION('',(#16148),#16152);
#16148 = LINE('',#16149,#16150);
#16149 = CARTESIAN_POINT('',(-6.28318530718,0.));
#16150 = VECTOR('',#16151,1.);
#16151 = DIRECTION('',(-0.,-1.));
#16152 = ( GEOMETRIC_REPRESENTATION_CONTEXT(2) 
PARAMETRIC_REPRESENTATION_CONTEXT() REPRESENTATION_CONTEXT('2D SPACE',''
  ) );
#16153 = PCURVE('',#12949,#16154);
#16154 = DEFINITIONAL_REPRESENTATION('',(#16155),#16159);
#16155 = LINE('',#16156,#16157);
#16156 = CARTESIAN_POINT('',(0.,-0.));
#16157 = VECTOR('',#16158,1.);
#16158 = DIRECTION('',(-0.,-1.));
#16159 = ( GEOMETRIC_REPRESENTATION_CONTEXT(2) 
PARAMETRIC_REPRESENTATION_CONTEXT() REPRESENTATION_CONTEXT('2D SPACE',''
  ) );
#16160 = ORIENTED_EDGE('',*,*,#14581,.F.);
#16161 = ORIENTED_EDGE('',*,*,#16140,.F.);
#16162 = ORIENTED_EDGE('',*,*,#12932,.T.);
#16163 = ADVANCED_FACE('',(#16164,#16167),#14681,.T.);
#16164 = FACE_BOUND('',#16165,.T.);
#16165 = EDGE_LOOP('',(#16166));
#16166 = ORIENTED_EDGE('',*,*,#14666,.T.);
#16167 = FACE_BOUND('',#16168,.T.);
#16168 = EDGE_LOOP('',(#16169));
#16169 = ORIENTED_EDGE('',*,*,#16170,.F.);
#16170 = EDGE_CURVE('',#16171,#16171,#16173,.T.);
#16171 = VERTEX_POINT('',#16172);
#16172 = CARTESIAN_POINT('',(-20.6600436335,-15.94,11.));
#16173 = SURFACE_CURVE('',#16174,(#16179,#16186),.PCURVE_S1.);
#16174 = CIRCLE('',#16175,0.999956366492);
#16175 = AXIS2_PLACEMENT_3D('',#16176,#16177,#16178);
#16176 = CARTESIAN_POINT('',(-21.66,-15.94,11.));
#16177 = DIRECTION('',(0.,0.,1.));
#16178 = DIRECTION('',(1.,0.,-0.));
#16179 = PCURVE('',#14681,#16180);
#16180 = DEFINITIONAL_REPRESENTATION('',(#16181),#16185);
#16181 = CIRCLE('',#16182,0.999956366492);
#16182 = AXIS2_PLACEMENT_2D('',#16183,#16184);
#16183 = CARTESIAN_POINT('',(0.,0.));
#16184 = DIRECTION('',(1.,0.));
#16185 = ( GEOMETRIC_REPRESENTATION_CONTEXT(2) 
PARAMETRIC_REPRESENTATION_CONTEXT() REPRESENTATION_CONTEXT('2D SPACE',''
  ) );
#16186 = PCURVE('',#16187,#16192);
#16187 = CONICAL_SURFACE('',#16188,0.971594586157,4.363323129986E-03);
#16188 = AXIS2_PLACEMENT_3D('',#16189,#16190,#16191);
#16189 = CARTESIAN_POINT('',(-21.66,-15.94,4.5));
#16190 = DIRECTION('',(0.,0.,1.));
#16191 = DIRECTION('',(1.,0.,0.));
#16192 = DEFINITIONAL_REPRESENTATION('',(#16193),#16197);
#16193 = LINE('',#16194,#16195);
#16194 = CARTESIAN_POINT('',(0.,6.5));
#16195 = VECTOR('',#16196,1.);
#16196 = DIRECTION('',(1.,0.));
#16197 = ( GEOMETRIC_REPRESENTATION_CONTEXT(2) 
PARAMETRIC_REPRESENTATION_CONTEXT() REPRESENTATION_CONTEXT('2D SPACE',''
  ) );
#16198 = ADVANCED_FACE('',(#16199,#16202),#14785,.T.);
#16199 = FACE_BOUND('',#16200,.T.);
#16200 = EDGE_LOOP('',(#16201));
#16201 = ORIENTED_EDGE('',*,*,#14770,.T.);
#16202 = FACE_BOUND('',#16203,.T.);
#16203 = EDGE_LOOP('',(#16204));
#16204 = ORIENTED_EDGE('',*,*,#16205,.F.);
#16205 = EDGE_CURVE('',#16206,#16206,#16208,.T.);
#16206 = VERTEX_POINT('',#16207);
#16207 = CARTESIAN_POINT('',(22.659956366492,-15.94,11.));
#16208 = SURFACE_CURVE('',#16209,(#16214,#16221),.PCURVE_S1.);
#16209 = CIRCLE('',#16210,0.999956366492);
#16210 = AXIS2_PLACEMENT_3D('',#16211,#16212,#16213);
#16211 = CARTESIAN_POINT('',(21.66,-15.94,11.));
#16212 = DIRECTION('',(0.,0.,1.));
#16213 = DIRECTION('',(1.,0.,-0.));
#16214 = PCURVE('',#14785,#16215);
#16215 = DEFINITIONAL_REPRESENTATION('',(#16216),#16220);
#16216 = CIRCLE('',#16217,0.999956366492);
#16217 = AXIS2_PLACEMENT_2D('',#16218,#16219);
#16218 = CARTESIAN_POINT('',(0.,0.));
#16219 = DIRECTION('',(1.,0.));
#16220 = ( GEOMETRIC_REPRESENTATION_CONTEXT(2) 
PARAMETRIC_REPRESENTATION_CONTEXT() REPRESENTATION_CONTEXT('2D SPACE',''
  ) );
#16221 = PCURVE('',#16222,#16227);
#16222 = CONICAL_SURFACE('',#16223,0.971594586157,4.363323129986E-03);
#16223 = AXIS2_PLACEMENT_3D('',#16224,#16225,#16226);
#16224 = CARTESIAN_POINT('',(21.66,-15.94,4.5));
#16225 = DIRECTION('',(0.,0.,1.));
#16226 = DIRECTION('',(1.,0.,0.));
#16227 = DEFINITIONAL_REPRESENTATION('',(#16228),#16232);
#16228 = LINE('',#16229,#16230);
#16229 = CARTESIAN_POINT('',(0.,6.5));
#16230 = VECTOR('',#16231,1.);
#16231 = DIRECTION('',(1.,0.));
#16232 = ( GEOMETRIC_REPRESENTATION_CONTEXT(2) 
PARAMETRIC_REPRESENTATION_CONTEXT() REPRESENTATION_CONTEXT('2D SPACE',''
  ) );
#16233 = ADVANCED_FACE('',(#16234,#16237),#14857,.T.);
#16234 = FACE_BOUND('',#16235,.T.);
#16235 = EDGE_LOOP('',(#16236));
#16236 = ORIENTED_EDGE('',*,*,#14842,.T.);
#16237 = FACE_BOUND('',#16238,.T.);
#16238 = EDGE_LOOP('',(#16239));
#16239 = ORIENTED_EDGE('',*,*,#16240,.F.);
#16240 = EDGE_CURVE('',#16241,#16241,#16243,.T.);
#16241 = VERTEX_POINT('',#16242);
#16242 = CARTESIAN_POINT('',(-11.0000436335,-40.,7.));
#16243 = SURFACE_CURVE('',#16244,(#16249,#16256),.PCURVE_S1.);
#16244 = CIRCLE('',#16245,0.999956366492);
#16245 = AXIS2_PLACEMENT_3D('',#16246,#16247,#16248);
#16246 = CARTESIAN_POINT('',(-12.,-40.,7.));
#16247 = DIRECTION('',(0.,0.,1.));
#16248 = DIRECTION('',(1.,0.,-0.));
#16249 = PCURVE('',#14857,#16250);
#16250 = DEFINITIONAL_REPRESENTATION('',(#16251),#16255);
#16251 = CIRCLE('',#16252,0.999956366492);
#16252 = AXIS2_PLACEMENT_2D('',#16253,#16254);
#16253 = CARTESIAN_POINT('',(0.,0.));
#16254 = DIRECTION('',(1.,0.));
#16255 = ( GEOMETRIC_REPRESENTATION_CONTEXT(2) 
PARAMETRIC_REPRESENTATION_CONTEXT() REPRESENTATION_CONTEXT('2D SPACE',''
  ) );
#16256 = PCURVE('',#16257,#16262);
#16257 = CONICAL_SURFACE('',#16258,0.980321287799,4.363323129986E-03);
#16258 = AXIS2_PLACEMENT_3D('',#16259,#16260,#16261);
#16259 = CARTESIAN_POINT('',(-12.,-40.,2.5));
#16260 = DIRECTION('',(0.,0.,1.));
#16261 = DIRECTION('',(1.,0.,0.));
#16262 = DEFINITIONAL_REPRESENTATION('',(#16263),#16267);
#16263 = LINE('',#16264,#16265);
#16264 = CARTESIAN_POINT('',(0.,4.5));
#16265 = VECTOR('',#16266,1.);
#16266 = DIRECTION('',(1.,0.));
#16267 = ( GEOMETRIC_REPRESENTATION_CONTEXT(2) 
PARAMETRIC_REPRESENTATION_CONTEXT() REPRESENTATION_CONTEXT('2D SPACE',''
  ) );
#16268 = ADVANCED_FACE('',(#16269),#14932,.T.);
#16269 = FACE_BOUND('',#16270,.T.);
#16270 = EDGE_LOOP('',(#16271,#16272,#16273,#16274));
#16271 = ORIENTED_EDGE('',*,*,#14996,.F.);
#16272 = ORIENTED_EDGE('',*,*,#14919,.T.);
#16273 = ORIENTED_EDGE('',*,*,#14971,.T.);
#16274 = ORIENTED_EDGE('',*,*,#15043,.F.);
#16275 = ADVANCED_FACE('',(#16276,#16279),#15105,.T.);
#16276 = FACE_BOUND('',#16277,.T.);
#16277 = EDGE_LOOP('',(#16278));
#16278 = ORIENTED_EDGE('',*,*,#15090,.T.);
#16279 = FACE_BOUND('',#16280,.T.);
#16280 = EDGE_LOOP('',(#16281));
#16281 = ORIENTED_EDGE('',*,*,#16282,.F.);
#16282 = EDGE_CURVE('',#16283,#16283,#16285,.T.);
#16283 = VERTEX_POINT('',#16284);
#16284 = CARTESIAN_POINT('',(12.999956366492,-40.,7.));
#16285 = SURFACE_CURVE('',#16286,(#16291,#16298),.PCURVE_S1.);
#16286 = CIRCLE('',#16287,0.999956366492);
#16287 = AXIS2_PLACEMENT_3D('',#16288,#16289,#16290);
#16288 = CARTESIAN_POINT('',(12.,-40.,7.));
#16289 = DIRECTION('',(0.,0.,1.));
#16290 = DIRECTION('',(1.,0.,-0.));
#16291 = PCURVE('',#15105,#16292);
#16292 = DEFINITIONAL_REPRESENTATION('',(#16293),#16297);
#16293 = CIRCLE('',#16294,0.999956366492);
#16294 = AXIS2_PLACEMENT_2D('',#16295,#16296);
#16295 = CARTESIAN_POINT('',(0.,0.));
#16296 = DIRECTION('',(1.,0.));
#16297 = ( GEOMETRIC_REPRESENTATION_CONTEXT(2) 
PARAMETRIC_REPRESENTATION_CONTEXT() REPRESENTATION_CONTEXT('2D SPACE',''
  ) );
#16298 = PCURVE('',#16299,#16304);
#16299 = CONICAL_SURFACE('',#16300,0.980321287799,4.363323129986E-03);
#16300 = AXIS2_PLACEMENT_3D('',#16301,#16302,#16303);
#16301 = CARTESIAN_POINT('',(12.,-40.,2.5));
#16302 = DIRECTION('',(0.,0.,1.));
#16303 = DIRECTION('',(1.,0.,0.));
#16304 = DEFINITIONAL_REPRESENTATION('',(#16305),#16309);
#16305 = LINE('',#16306,#16307);
#16306 = CARTESIAN_POINT('',(0.,4.5));
#16307 = VECTOR('',#16308,1.);
#16308 = DIRECTION('',(1.,0.));
#16309 = ( GEOMETRIC_REPRESENTATION_CONTEXT(2) 
PARAMETRIC_REPRESENTATION_CONTEXT() REPRESENTATION_CONTEXT('2D SPACE',''
  ) );
#16310 = ADVANCED_FACE('',(#16311),#15180,.T.);
#16311 = FACE_BOUND('',#16312,.T.);
#16312 = EDGE_LOOP('',(#16313,#16314,#16315,#16316));
#16313 = ORIENTED_EDGE('',*,*,#15244,.F.);
#16314 = ORIENTED_EDGE('',*,*,#15167,.T.);
#16315 = ORIENTED_EDGE('',*,*,#15219,.T.);
#16316 = ORIENTED_EDGE('',*,*,#15291,.F.);
#16317 = ADVANCED_FACE('',(#16318),#15408,.F.);
#16318 = FACE_BOUND('',#16319,.F.);
#16319 = EDGE_LOOP('',(#16320,#16321,#16322,#16323));
#16320 = ORIENTED_EDGE('',*,*,#16003,.F.);
#16321 = ORIENTED_EDGE('',*,*,#15392,.T.);
#16322 = ORIENTED_EDGE('',*,*,#16075,.F.);
#16323 = ORIENTED_EDGE('',*,*,#16324,.F.);
#16324 = EDGE_CURVE('',#15977,#16076,#16325,.T.);
#16325 = SURFACE_CURVE('',#16326,(#16329,#16335),.PCURVE_S1.);
#16326 = B_SPLINE_CURVE_WITH_KNOTS('',1,(#16327,#16328),.UNSPECIFIED.,
  .F.,.F.,(2,2),(0.,1.),.PIECEWISE_BEZIER_KNOTS.);
#16327 = CARTESIAN_POINT('',(-15.94851148003,23.051488519965,2.1));
#16328 = CARTESIAN_POINT('',(-15.94851148003,-5.051488519965,2.1));
#16329 = PCURVE('',#15408,#16330);
#16330 = DEFINITIONAL_REPRESENTATION('',(#16331),#16334);
#16331 = B_SPLINE_CURVE_WITH_KNOTS('',1,(#16332,#16333),.UNSPECIFIED.,
  .F.,.F.,(2,2),(0.,1.),.PIECEWISE_BEZIER_KNOTS.);
#16332 = CARTESIAN_POINT('',(-15.94851148003,14.051488519965));
#16333 = CARTESIAN_POINT('',(-15.94851148003,-14.05148851996));
#16334 = ( GEOMETRIC_REPRESENTATION_CONTEXT(2) 
PARAMETRIC_REPRESENTATION_CONTEXT() REPRESENTATION_CONTEXT('2D SPACE',''
  ) );
#16335 = PCURVE('',#15991,#16336);
#16336 = DEFINITIONAL_REPRESENTATION('',(#16337),#16340);
#16337 = B_SPLINE_CURVE_WITH_KNOTS('',1,(#16338,#16339),.UNSPECIFIED.,
  .F.,.F.,(2,2),(0.,1.),.PIECEWISE_BEZIER_KNOTS.);
#16338 = CARTESIAN_POINT('',(14.054106580303,4.838709677419E-02));
#16339 = CARTESIAN_POINT('',(-14.0541065803,4.838709677419E-02));
#16340 = ( GEOMETRIC_REPRESENTATION_CONTEXT(2) 
PARAMETRIC_REPRESENTATION_CONTEXT() REPRESENTATION_CONTEXT('2D SPACE',''
  ) );
#16341 = ADVANCED_FACE('',(#16342),#15612,.F.);
#16342 = FACE_BOUND('',#16343,.F.);
#16343 = EDGE_LOOP('',(#16344,#16345,#16346,#16364));
#16344 = ORIENTED_EDGE('',*,*,#15596,.T.);
#16345 = ORIENTED_EDGE('',*,*,#15803,.F.);
#16346 = ORIENTED_EDGE('',*,*,#16347,.F.);
#16347 = EDGE_CURVE('',#15656,#15804,#16348,.T.);
#16348 = SURFACE_CURVE('',#16349,(#16352,#16358),.PCURVE_S1.);
#16349 = B_SPLINE_CURVE_WITH_KNOTS('',1,(#16350,#16351),.UNSPECIFIED.,
  .F.,.F.,(2,2),(0.,1.),.PIECEWISE_BEZIER_KNOTS.);
#16350 = CARTESIAN_POINT('',(15.948511480035,-5.051488519965,2.1));
#16351 = CARTESIAN_POINT('',(15.948511480035,23.051488519965,2.1));
#16352 = PCURVE('',#15612,#16353);
#16353 = DEFINITIONAL_REPRESENTATION('',(#16354),#16357);
#16354 = B_SPLINE_CURVE_WITH_KNOTS('',1,(#16355,#16356),.UNSPECIFIED.,
  .F.,.F.,(2,2),(0.,1.),.PIECEWISE_BEZIER_KNOTS.);
#16355 = CARTESIAN_POINT('',(15.948511480035,-14.05148851996));
#16356 = CARTESIAN_POINT('',(15.948511480035,14.051488519965));
#16357 = ( GEOMETRIC_REPRESENTATION_CONTEXT(2) 
PARAMETRIC_REPRESENTATION_CONTEXT() REPRESENTATION_CONTEXT('2D SPACE',''
  ) );
#16358 = PCURVE('',#15672,#16359);
#16359 = DEFINITIONAL_REPRESENTATION('',(#16360),#16363);
#16360 = B_SPLINE_CURVE_WITH_KNOTS('',1,(#16361,#16362),.UNSPECIFIED.,
  .F.,.F.,(2,2),(0.,1.),.PIECEWISE_BEZIER_KNOTS.);
#16361 = CARTESIAN_POINT('',(14.054106580303,4.838709677419E-02));
#16362 = CARTESIAN_POINT('',(-14.0541065803,4.838709677419E-02));
#16363 = ( GEOMETRIC_REPRESENTATION_CONTEXT(2) 
PARAMETRIC_REPRESENTATION_CONTEXT() REPRESENTATION_CONTEXT('2D SPACE',''
  ) );
#16364 = ORIENTED_EDGE('',*,*,#15684,.F.);
#16365 = ADVANCED_FACE('',(#16366),#15672,.T.);
#16366 = FACE_BOUND('',#16367,.T.);
#16367 = EDGE_LOOP('',(#16368,#16369,#16370,#16390));
#16368 = ORIENTED_EDGE('',*,*,#16347,.F.);
#16369 = ORIENTED_EDGE('',*,*,#15655,.T.);
#16370 = ORIENTED_EDGE('',*,*,#16371,.T.);
#16371 = EDGE_CURVE('',#15658,#15824,#16372,.T.);
#16372 = SURFACE_CURVE('',#16373,(#16377,#16383),.PCURVE_S1.);
#16373 = LINE('',#16374,#16375);
#16374 = CARTESIAN_POINT('',(16.,9.,8.));
#16375 = VECTOR('',#16376,1.);
#16376 = DIRECTION('',(0.,1.,0.));
#16377 = PCURVE('',#15672,#16378);
#16378 = DEFINITIONAL_REPRESENTATION('',(#16379),#16382);
#16379 = B_SPLINE_CURVE_WITH_KNOTS('',1,(#16380,#16381),.UNSPECIFIED.,
  .F.,.F.,(2,2),(-14.,14.),.PIECEWISE_BEZIER_KNOTS.);
#16380 = CARTESIAN_POINT('',(14.054106580303,1.));
#16381 = CARTESIAN_POINT('',(-14.0541065803,1.));
#16382 = ( GEOMETRIC_REPRESENTATION_CONTEXT(2) 
PARAMETRIC_REPRESENTATION_CONTEXT() REPRESENTATION_CONTEXT('2D SPACE',''
  ) );
#16383 = PCURVE('',#15739,#16384);
#16384 = DEFINITIONAL_REPRESENTATION('',(#16385),#16389);
#16385 = LINE('',#16386,#16387);
#16386 = CARTESIAN_POINT('',(13.991079960866,0.499681427174));
#16387 = VECTOR('',#16388,1.);
#16388 = DIRECTION('',(0.999362854348,3.569153051241E-02));
#16389 = ( GEOMETRIC_REPRESENTATION_CONTEXT(2) 
PARAMETRIC_REPRESENTATION_CONTEXT() REPRESENTATION_CONTEXT('2D SPACE',''
  ) );
#16390 = ORIENTED_EDGE('',*,*,#15823,.F.);
#16391 = ADVANCED_FACE('',(#16392),#15739,.T.);
#16392 = FACE_BOUND('',#16393,.T.);
#16393 = EDGE_LOOP('',(#16394,#16395,#16396,#16397));
#16394 = ORIENTED_EDGE('',*,*,#16371,.F.);
#16395 = ORIENTED_EDGE('',*,*,#15726,.T.);
#16396 = ORIENTED_EDGE('',*,*,#15778,.T.);
#16397 = ORIENTED_EDGE('',*,*,#15845,.F.);
#16398 = ADVANCED_FACE('',(#16399),#15991,.T.);
#16399 = FACE_BOUND('',#16400,.T.);
#16400 = EDGE_LOOP('',(#16401,#16402,#16403,#16404));
#16401 = ORIENTED_EDGE('',*,*,#16095,.F.);
#16402 = ORIENTED_EDGE('',*,*,#16324,.F.);
#16403 = ORIENTED_EDGE('',*,*,#15976,.T.);
#16404 = ORIENTED_EDGE('',*,*,#16405,.F.);
#16405 = EDGE_CURVE('',#16096,#15950,#16406,.T.);
#16406 = SURFACE_CURVE('',#16407,(#16411,#16417),.PCURVE_S1.);
#16407 = LINE('',#16408,#16409);
#16408 = CARTESIAN_POINT('',(-16.,9.,8.));
#16409 = VECTOR('',#16410,1.);
#16410 = DIRECTION('',(0.,1.,0.));
#16411 = PCURVE('',#15991,#16412);
#16412 = DEFINITIONAL_REPRESENTATION('',(#16413),#16416);
#16413 = B_SPLINE_CURVE_WITH_KNOTS('',1,(#16414,#16415),.UNSPECIFIED.,
  .F.,.F.,(2,2),(-14.,14.),.PIECEWISE_BEZIER_KNOTS.);
#16414 = CARTESIAN_POINT('',(-14.0541065803,1.));
#16415 = CARTESIAN_POINT('',(14.054106580303,1.));
#16416 = ( GEOMETRIC_REPRESENTATION_CONTEXT(2) 
PARAMETRIC_REPRESENTATION_CONTEXT() REPRESENTATION_CONTEXT('2D SPACE',''
  ) );
#16417 = PCURVE('',#15964,#16418);
#16418 = DEFINITIONAL_REPRESENTATION('',(#16419),#16423);
#16419 = LINE('',#16420,#16421);
#16420 = CARTESIAN_POINT('',(14.026771491378,-0.499681427174));
#16421 = VECTOR('',#16422,1.);
#16422 = DIRECTION('',(0.999362854348,3.569153051241E-02));
#16423 = ( GEOMETRIC_REPRESENTATION_CONTEXT(2) 
PARAMETRIC_REPRESENTATION_CONTEXT() REPRESENTATION_CONTEXT('2D SPACE',''
  ) );
#16424 = ADVANCED_FACE('',(#16425),#15964,.T.);
#16425 = FACE_BOUND('',#16426,.T.);
#16426 = EDGE_LOOP('',(#16427,#16428,#16429,#16430));
#16427 = ORIENTED_EDGE('',*,*,#16048,.F.);
#16428 = ORIENTED_EDGE('',*,*,#16117,.T.);
#16429 = ORIENTED_EDGE('',*,*,#16405,.T.);
#16430 = ORIENTED_EDGE('',*,*,#15949,.F.);
#16431 = ADVANCED_FACE('',(#16432),#16187,.F.);
#16432 = FACE_BOUND('',#16433,.F.);
#16433 = EDGE_LOOP('',(#16434,#16435,#16458,#16485));
#16434 = ORIENTED_EDGE('',*,*,#16170,.F.);
#16435 = ORIENTED_EDGE('',*,*,#16436,.F.);
#16436 = EDGE_CURVE('',#16437,#16171,#16439,.T.);
#16437 = VERTEX_POINT('',#16438);
#16438 = CARTESIAN_POINT('',(-20.68840541384,-15.94,4.5));
#16439 = SEAM_CURVE('',#16440,(#16444,#16451),.PCURVE_S1.);
#16440 = LINE('',#16441,#16442);
#16441 = CARTESIAN_POINT('',(-20.68840541384,-15.94,4.5));
#16442 = VECTOR('',#16443,1.);
#16443 = DIRECTION('',(4.363309284747E-03,-1.068702549851E-18,
    0.999990480721));
#16444 = PCURVE('',#16187,#16445);
#16445 = DEFINITIONAL_REPRESENTATION('',(#16446),#16450);
#16446 = LINE('',#16447,#16448);
#16447 = CARTESIAN_POINT('',(6.28318530718,-0.));
#16448 = VECTOR('',#16449,1.);
#16449 = DIRECTION('',(0.,1.));
#16450 = ( GEOMETRIC_REPRESENTATION_CONTEXT(2) 
PARAMETRIC_REPRESENTATION_CONTEXT() REPRESENTATION_CONTEXT('2D SPACE',''
  ) );
#16451 = PCURVE('',#16187,#16452);
#16452 = DEFINITIONAL_REPRESENTATION('',(#16453),#16457);
#16453 = LINE('',#16454,#16455);
#16454 = CARTESIAN_POINT('',(0.,-0.));
#16455 = VECTOR('',#16456,1.);
#16456 = DIRECTION('',(0.,1.));
#16457 = ( GEOMETRIC_REPRESENTATION_CONTEXT(2) 
PARAMETRIC_REPRESENTATION_CONTEXT() REPRESENTATION_CONTEXT('2D SPACE',''
  ) );
#16458 = ORIENTED_EDGE('',*,*,#16459,.T.);
#16459 = EDGE_CURVE('',#16437,#16437,#16460,.T.);
#16460 = SURFACE_CURVE('',#16461,(#16466,#16473),.PCURVE_S1.);
#16461 = CIRCLE('',#16462,0.971594586157);
#16462 = AXIS2_PLACEMENT_3D('',#16463,#16464,#16465);
#16463 = CARTESIAN_POINT('',(-21.66,-15.94,4.5));
#16464 = DIRECTION('',(0.,0.,1.));
#16465 = DIRECTION('',(1.,0.,0.));
#16466 = PCURVE('',#16187,#16467);
#16467 = DEFINITIONAL_REPRESENTATION('',(#16468),#16472);
#16468 = LINE('',#16469,#16470);
#16469 = CARTESIAN_POINT('',(0.,0.));
#16470 = VECTOR('',#16471,1.);
#16471 = DIRECTION('',(1.,0.));
#16472 = ( GEOMETRIC_REPRESENTATION_CONTEXT(2) 
PARAMETRIC_REPRESENTATION_CONTEXT() REPRESENTATION_CONTEXT('2D SPACE',''
  ) );
#16473 = PCURVE('',#16474,#16479);
#16474 = PLANE('',#16475);
#16475 = AXIS2_PLACEMENT_3D('',#16476,#16477,#16478);
#16476 = CARTESIAN_POINT('',(-21.66,-15.94,4.5));
#16477 = DIRECTION('',(0.,0.,1.));
#16478 = DIRECTION('',(1.,0.,0.));
#16479 = DEFINITIONAL_REPRESENTATION('',(#16480),#16484);
#16480 = CIRCLE('',#16481,0.971594586157);
#16481 = AXIS2_PLACEMENT_2D('',#16482,#16483);
#16482 = CARTESIAN_POINT('',(0.,0.));
#16483 = DIRECTION('',(1.,0.));
#16484 = ( GEOMETRIC_REPRESENTATION_CONTEXT(2) 
PARAMETRIC_REPRESENTATION_CONTEXT() REPRESENTATION_CONTEXT('2D SPACE',''
  ) );
#16485 = ORIENTED_EDGE('',*,*,#16436,.T.);
#16486 = ADVANCED_FACE('',(#16487),#16222,.F.);
#16487 = FACE_BOUND('',#16488,.F.);
#16488 = EDGE_LOOP('',(#16489,#16490,#16513,#16540));
#16489 = ORIENTED_EDGE('',*,*,#16205,.F.);
#16490 = ORIENTED_EDGE('',*,*,#16491,.F.);
#16491 = EDGE_CURVE('',#16492,#16206,#16494,.T.);
#16492 = VERTEX_POINT('',#16493);
#16493 = CARTESIAN_POINT('',(22.631594586157,-15.94,4.5));
#16494 = SEAM_CURVE('',#16495,(#16499,#16506),.PCURVE_S1.);
#16495 = LINE('',#16496,#16497);
#16496 = CARTESIAN_POINT('',(22.631594586157,-15.94,4.5));
#16497 = VECTOR('',#16498,1.);
#16498 = DIRECTION('',(4.363309284747E-03,-1.068702549851E-18,
    0.999990480721));
#16499 = PCURVE('',#16222,#16500);
#16500 = DEFINITIONAL_REPRESENTATION('',(#16501),#16505);
#16501 = LINE('',#16502,#16503);
#16502 = CARTESIAN_POINT('',(6.28318530718,-0.));
#16503 = VECTOR('',#16504,1.);
#16504 = DIRECTION('',(0.,1.));
#16505 = ( GEOMETRIC_REPRESENTATION_CONTEXT(2) 
PARAMETRIC_REPRESENTATION_CONTEXT() REPRESENTATION_CONTEXT('2D SPACE',''
  ) );
#16506 = PCURVE('',#16222,#16507);
#16507 = DEFINITIONAL_REPRESENTATION('',(#16508),#16512);
#16508 = LINE('',#16509,#16510);
#16509 = CARTESIAN_POINT('',(0.,-0.));
#16510 = VECTOR('',#16511,1.);
#16511 = DIRECTION('',(0.,1.));
#16512 = ( GEOMETRIC_REPRESENTATION_CONTEXT(2) 
PARAMETRIC_REPRESENTATION_CONTEXT() REPRESENTATION_CONTEXT('2D SPACE',''
  ) );
#16513 = ORIENTED_EDGE('',*,*,#16514,.T.);
#16514 = EDGE_CURVE('',#16492,#16492,#16515,.T.);
#16515 = SURFACE_CURVE('',#16516,(#16521,#16528),.PCURVE_S1.);
#16516 = CIRCLE('',#16517,0.971594586157);
#16517 = AXIS2_PLACEMENT_3D('',#16518,#16519,#16520);
#16518 = CARTESIAN_POINT('',(21.66,-15.94,4.5));
#16519 = DIRECTION('',(0.,0.,1.));
#16520 = DIRECTION('',(1.,0.,0.));
#16521 = PCURVE('',#16222,#16522);
#16522 = DEFINITIONAL_REPRESENTATION('',(#16523),#16527);
#16523 = LINE('',#16524,#16525);
#16524 = CARTESIAN_POINT('',(0.,0.));
#16525 = VECTOR('',#16526,1.);
#16526 = DIRECTION('',(1.,0.));
#16527 = ( GEOMETRIC_REPRESENTATION_CONTEXT(2) 
PARAMETRIC_REPRESENTATION_CONTEXT() REPRESENTATION_CONTEXT('2D SPACE',''
  ) );
#16528 = PCURVE('',#16529,#16534);
#16529 = PLANE('',#16530);
#16530 = AXIS2_PLACEMENT_3D('',#16531,#16532,#16533);
#16531 = CARTESIAN_POINT('',(21.66,-15.94,4.5));
#16532 = DIRECTION('',(0.,0.,1.));
#16533 = DIRECTION('',(1.,0.,0.));
#16534 = DEFINITIONAL_REPRESENTATION('',(#16535),#16539);
#16535 = CIRCLE('',#16536,0.971594586157);
#16536 = AXIS2_PLACEMENT_2D('',#16537,#16538);
#16537 = CARTESIAN_POINT('',(0.,0.));
#16538 = DIRECTION('',(1.,0.));
#16539 = ( GEOMETRIC_REPRESENTATION_CONTEXT(2) 
PARAMETRIC_REPRESENTATION_CONTEXT() REPRESENTATION_CONTEXT('2D SPACE',''
  ) );
#16540 = ORIENTED_EDGE('',*,*,#16491,.T.);
#16541 = ADVANCED_FACE('',(#16542),#16257,.F.);
#16542 = FACE_BOUND('',#16543,.F.);
#16543 = EDGE_LOOP('',(#16544,#16545,#16568,#16595));
#16544 = ORIENTED_EDGE('',*,*,#16240,.F.);
#16545 = ORIENTED_EDGE('',*,*,#16546,.F.);
#16546 = EDGE_CURVE('',#16547,#16241,#16549,.T.);
#16547 = VERTEX_POINT('',#16548);
#16548 = CARTESIAN_POINT('',(-11.0196787122,-40.,2.5));
#16549 = SEAM_CURVE('',#16550,(#16554,#16561),.PCURVE_S1.);
#16550 = LINE('',#16551,#16552);
#16551 = CARTESIAN_POINT('',(-11.0196787122,-40.,2.5));
#16552 = VECTOR('',#16553,1.);
#16553 = DIRECTION('',(4.363309284747E-03,-1.068702549851E-18,
    0.999990480721));
#16554 = PCURVE('',#16257,#16555);
#16555 = DEFINITIONAL_REPRESENTATION('',(#16556),#16560);
#16556 = LINE('',#16557,#16558);
#16557 = CARTESIAN_POINT('',(6.28318530718,-0.));
#16558 = VECTOR('',#16559,1.);
#16559 = DIRECTION('',(0.,1.));
#16560 = ( GEOMETRIC_REPRESENTATION_CONTEXT(2) 
PARAMETRIC_REPRESENTATION_CONTEXT() REPRESENTATION_CONTEXT('2D SPACE',''
  ) );
#16561 = PCURVE('',#16257,#16562);
#16562 = DEFINITIONAL_REPRESENTATION('',(#16563),#16567);
#16563 = LINE('',#16564,#16565);
#16564 = CARTESIAN_POINT('',(0.,-0.));
#16565 = VECTOR('',#16566,1.);
#16566 = DIRECTION('',(0.,1.));
#16567 = ( GEOMETRIC_REPRESENTATION_CONTEXT(2) 
PARAMETRIC_REPRESENTATION_CONTEXT() REPRESENTATION_CONTEXT('2D SPACE',''
  ) );
#16568 = ORIENTED_EDGE('',*,*,#16569,.T.);
#16569 = EDGE_CURVE('',#16547,#16547,#16570,.T.);
#16570 = SURFACE_CURVE('',#16571,(#16576,#16583),.PCURVE_S1.);
#16571 = CIRCLE('',#16572,0.980321287799);
#16572 = AXIS2_PLACEMENT_3D('',#16573,#16574,#16575);
#16573 = CARTESIAN_POINT('',(-12.,-40.,2.5));
#16574 = DIRECTION('',(0.,0.,1.));
#16575 = DIRECTION('',(1.,0.,0.));
#16576 = PCURVE('',#16257,#16577);
#16577 = DEFINITIONAL_REPRESENTATION('',(#16578),#16582);
#16578 = LINE('',#16579,#16580);
#16579 = CARTESIAN_POINT('',(0.,0.));
#16580 = VECTOR('',#16581,1.);
#16581 = DIRECTION('',(1.,0.));
#16582 = ( GEOMETRIC_REPRESENTATION_CONTEXT(2) 
PARAMETRIC_REPRESENTATION_CONTEXT() REPRESENTATION_CONTEXT('2D SPACE',''
  ) );
#16583 = PCURVE('',#16584,#16589);
#16584 = PLANE('',#16585);
#16585 = AXIS2_PLACEMENT_3D('',#16586,#16587,#16588);
#16586 = CARTESIAN_POINT('',(-12.,-40.,2.5));
#16587 = DIRECTION('',(0.,0.,1.));
#16588 = DIRECTION('',(1.,0.,0.));
#16589 = DEFINITIONAL_REPRESENTATION('',(#16590),#16594);
#16590 = CIRCLE('',#16591,0.980321287799);
#16591 = AXIS2_PLACEMENT_2D('',#16592,#16593);
#16592 = CARTESIAN_POINT('',(0.,0.));
#16593 = DIRECTION('',(1.,0.));
#16594 = ( GEOMETRIC_REPRESENTATION_CONTEXT(2) 
PARAMETRIC_REPRESENTATION_CONTEXT() REPRESENTATION_CONTEXT('2D SPACE',''
  ) );
#16595 = ORIENTED_EDGE('',*,*,#16546,.T.);
#16596 = ADVANCED_FACE('',(#16597),#16299,.F.);
#16597 = FACE_BOUND('',#16598,.F.);
#16598 = EDGE_LOOP('',(#16599,#16600,#16623,#16650));
#16599 = ORIENTED_EDGE('',*,*,#16282,.F.);
#16600 = ORIENTED_EDGE('',*,*,#16601,.F.);
#16601 = EDGE_CURVE('',#16602,#16283,#16604,.T.);
#16602 = VERTEX_POINT('',#16603);
#16603 = CARTESIAN_POINT('',(12.980321287799,-40.,2.5));
#16604 = SEAM_CURVE('',#16605,(#16609,#16616),.PCURVE_S1.);
#16605 = LINE('',#16606,#16607);
#16606 = CARTESIAN_POINT('',(12.980321287799,-40.,2.5));
#16607 = VECTOR('',#16608,1.);
#16608 = DIRECTION('',(4.363309284747E-03,-1.068702549851E-18,
    0.999990480721));
#16609 = PCURVE('',#16299,#16610);
#16610 = DEFINITIONAL_REPRESENTATION('',(#16611),#16615);
#16611 = LINE('',#16612,#16613);
#16612 = CARTESIAN_POINT('',(6.28318530718,-0.));
#16613 = VECTOR('',#16614,1.);
#16614 = DIRECTION('',(0.,1.));
#16615 = ( GEOMETRIC_REPRESENTATION_CONTEXT(2) 
PARAMETRIC_REPRESENTATION_CONTEXT() REPRESENTATION_CONTEXT('2D SPACE',''
  ) );
#16616 = PCURVE('',#16299,#16617);
#16617 = DEFINITIONAL_REPRESENTATION('',(#16618),#16622);
#16618 = LINE('',#16619,#16620);
#16619 = CARTESIAN_POINT('',(0.,-0.));
#16620 = VECTOR('',#16621,1.);
#16621 = DIRECTION('',(0.,1.));
#16622 = ( GEOMETRIC_REPRESENTATION_CONTEXT(2) 
PARAMETRIC_REPRESENTATION_CONTEXT() REPRESENTATION_CONTEXT('2D SPACE',''
  ) );
#16623 = ORIENTED_EDGE('',*,*,#16624,.T.);
#16624 = EDGE_CURVE('',#16602,#16602,#16625,.T.);
#16625 = SURFACE_CURVE('',#16626,(#16631,#16638),.PCURVE_S1.);
#16626 = CIRCLE('',#16627,0.980321287799);
#16627 = AXIS2_PLACEMENT_3D('',#16628,#16629,#16630);
#16628 = CARTESIAN_POINT('',(12.,-40.,2.5));
#16629 = DIRECTION('',(0.,0.,1.));
#16630 = DIRECTION('',(1.,0.,0.));
#16631 = PCURVE('',#16299,#16632);
#16632 = DEFINITIONAL_REPRESENTATION('',(#16633),#16637);
#16633 = LINE('',#16634,#16635);
#16634 = CARTESIAN_POINT('',(0.,0.));
#16635 = VECTOR('',#16636,1.);
#16636 = DIRECTION('',(1.,0.));
#16637 = ( GEOMETRIC_REPRESENTATION_CONTEXT(2) 
PARAMETRIC_REPRESENTATION_CONTEXT() REPRESENTATION_CONTEXT('2D SPACE',''
  ) );
#16638 = PCURVE('',#16639,#16644);
#16639 = PLANE('',#16640);
#16640 = AXIS2_PLACEMENT_3D('',#16641,#16642,#16643);
#16641 = CARTESIAN_POINT('',(12.,-40.,2.5));
#16642 = DIRECTION('',(0.,0.,1.));
#16643 = DIRECTION('',(1.,0.,0.));
#16644 = DEFINITIONAL_REPRESENTATION('',(#16645),#16649);
#16645 = CIRCLE('',#16646,0.980321287799);
#16646 = AXIS2_PLACEMENT_2D('',#16647,#16648);
#16647 = CARTESIAN_POINT('',(0.,0.));
#16648 = DIRECTION('',(1.,0.));
#16649 = ( GEOMETRIC_REPRESENTATION_CONTEXT(2) 
PARAMETRIC_REPRESENTATION_CONTEXT() REPRESENTATION_CONTEXT('2D SPACE',''
  ) );
#16650 = ORIENTED_EDGE('',*,*,#16601,.T.);
#16651 = ADVANCED_FACE('',(#16652),#16474,.T.);
#16652 = FACE_BOUND('',#16653,.F.);
#16653 = EDGE_LOOP('',(#16654));
#16654 = ORIENTED_EDGE('',*,*,#16459,.F.);
#16655 = ADVANCED_FACE('',(#16656),#16529,.T.);
#16656 = FACE_BOUND('',#16657,.F.);
#16657 = EDGE_LOOP('',(#16658));
#16658 = ORIENTED_EDGE('',*,*,#16514,.F.);
#16659 = ADVANCED_FACE('',(#16660),#16584,.T.);
#16660 = FACE_BOUND('',#16661,.F.);
#16661 = EDGE_LOOP('',(#16662));
#16662 = ORIENTED_EDGE('',*,*,#16569,.F.);
#16663 = ADVANCED_FACE('',(#16664),#16639,.T.);
#16664 = FACE_BOUND('',#16665,.F.);
#16665 = EDGE_LOOP('',(#16666));
#16666 = ORIENTED_EDGE('',*,*,#16624,.F.);
#16667 = ( GEOMETRIC_REPRESENTATION_CONTEXT(3) 
GLOBAL_UNCERTAINTY_ASSIGNED_CONTEXT((#16671)) 
GLOBAL_UNIT_ASSIGNED_CONTEXT((#16668,#16669,#16670)) 
REPRESENTATION_CONTEXT('Context #1',
  '3D Context with UNIT and UNCERTAINTY') );
#16668 = ( LENGTH_UNIT() NAMED_UNIT(*) SI_UNIT(.MILLI.,.METRE.) );
#16669 = ( NAMED_UNIT(*) PLANE_ANGLE_UNIT() SI_UNIT($,.RADIAN.) );
#16670 = ( NAMED_UNIT(*) SI_UNIT($,.STERADIAN.) SOLID_ANGLE_UNIT() );
#16671 = UNCERTAINTY_MEASURE_WITH_UNIT(LENGTH_MEASURE(2.E-06),#16668,
  'distance_accuracy_value','confusion accuracy');
#16672 = PRODUCT_RELATED_PRODUCT_CATEGORY('part',$,(#7));
#16673 = MECHANICAL_DESIGN_GEOMETRIC_PRESENTATION_REPRESENTATION('',(
    #16674),#16667);
#16674 = STYLED_ITEM('color',(#16675),#15);
#16675 = PRESENTATION_STYLE_ASSIGNMENT((#16676));
#16676 = SURFACE_STYLE_USAGE(.BOTH.,#16677);
#16677 = SURFACE_SIDE_STYLE('',(#16678));
#16678 = SURFACE_STYLE_FILL_AREA(#16679);
#16679 = FILL_AREA_STYLE('',(#16680));
#16680 = FILL_AREA_STYLE_COLOUR('',#16681);
#16681 = COLOUR_RGB('',0.977691556689,0.977691556689,0.9685766173);

#16682=DESCRIPTIVE_REPRESENTATION_ITEM('cadpy:generator','cadpy');
#16683=REPRESENTATION('cadpy:generator',(#16682),#16667);
#16684=PROPERTY_DEFINITION('cadpy metadata','cadpy:generator',#5);
#16685=PROPERTY_DEFINITION_REPRESENTATION(#16684,#16683);
#16686=DESCRIPTIVE_REPRESENTATION_ITEM('cadpy:entryKind','part');
#16687=REPRESENTATION('cadpy:entryKind',(#16686),#16667);
#16688=PROPERTY_DEFINITION('cadpy metadata','cadpy:entryKind',#5);
#16689=PROPERTY_DEFINITION_REPRESENTATION(#16688,#16687);
#16690=DESCRIPTIVE_REPRESENTATION_ITEM('cadpy:sourcePath','HemoSure_Rear_Housing.py');
#16691=REPRESENTATION('cadpy:sourcePath',(#16690),#16667);
#16692=PROPERTY_DEFINITION('cadpy metadata','cadpy:sourcePath',#5);
#16693=PROPERTY_DEFINITION_REPRESENTATION(#16692,#16691);
#16694=DESCRIPTIVE_REPRESENTATION_ITEM('cadpy:sourceHash','0ec25ce4f5c565a5cd7edd390c631487f0016b3a29866082c6ba80dbd4a0397c');
#16695=REPRESENTATION('cadpy:sourceHash',(#16694),#16667);
#16696=PROPERTY_DEFINITION('cadpy metadata','cadpy:sourceHash',#5);
#16697=PROPERTY_DEFINITION_REPRESENTATION(#16696,#16695);
ENDSEC;
END-ISO-10303-21;
