ISO-10303-21;
HEADER;
FILE_DESCRIPTION(('Open CASCADE Model'),'2;1');
FILE_NAME('Optical_Block_CORE_insert','2026-09-29T16:09:18',('Author'),(
    'Open CASCADE'),'Open CASCADE STEP processor 7.8','cadpy','Unknown'
  );
FILE_SCHEMA(('AUTOMOTIVE_DESIGN { 1 0 10303 214 1 1 1 1 }'));
ENDSEC;
DATA;
#1 = APPLICATION_PROTOCOL_DEFINITION('international standard',
  'automotive_design',2000,#2);
#2 = APPLICATION_CONTEXT(
  'core data for automotive mechanical design processes');
#3 = SHAPE_DEFINITION_REPRESENTATION(#4,#10);
#4 = PRODUCT_DEFINITION_SHAPE('','',#5);
#5 = PRODUCT_DEFINITION('design','',#6,#9);
#6 = PRODUCT_DEFINITION_FORMATION('','',#7);
#7 = PRODUCT('Optical_Block_CORE_insert','Optical_Block_CORE_insert','',
  (#8));
#8 = PRODUCT_CONTEXT('',#2,'mechanical');
#9 = PRODUCT_DEFINITION_CONTEXT('part definition',#2,'design');
#10 = ADVANCED_BREP_SHAPE_REPRESENTATION('',(#11,#15),#3243);
#11 = AXIS2_PLACEMENT_3D('',#12,#13,#14);
#12 = CARTESIAN_POINT('',(0.,0.,0.));
#13 = DIRECTION('',(0.,0.,1.));
#14 = DIRECTION('',(1.,0.,-0.));
#15 = MANIFOLD_SOLID_BREP('',#16);
#16 = CLOSED_SHELL('',(#17,#137,#213,#262,#311,#654,#661,#845,#1192,
    #1237,#1282,#1308,#1353,#1681,#1726,#1771,#1797,#2102,#2147,#2311,
    #2353,#2451,#2457,#2555,#2561,#2598,#2635,#2711,#2716,#2792,#2797,
    #2868,#2913,#2995,#3019,#3026,#3052,#3104,#3108,#3112,#3164,#3216,
    #3220,#3224,#3231,#3235,#3239));
#17 = ADVANCED_FACE('',(#18),#32,.F.);
#18 = FACE_BOUND('',#19,.F.);
#19 = EDGE_LOOP('',(#20,#55,#83,#111));
#20 = ORIENTED_EDGE('',*,*,#21,.F.);
#21 = EDGE_CURVE('',#22,#24,#26,.T.);
#22 = VERTEX_POINT('',#23);
#23 = CARTESIAN_POINT('',(-30.15,-75.375,7.035));
#24 = VERTEX_POINT('',#25);
#25 = CARTESIAN_POINT('',(-30.15,-75.375,36.02925));
#26 = SURFACE_CURVE('',#27,(#31,#43),.PCURVE_S1.);
#27 = LINE('',#28,#29);
#28 = CARTESIAN_POINT('',(-30.15,-75.375,-13.065));
#29 = VECTOR('',#30,1.);
#30 = DIRECTION('',(0.,0.,1.));
#31 = PCURVE('',#32,#37);
#32 = PLANE('',#33);
#33 = AXIS2_PLACEMENT_3D('',#34,#35,#36);
#34 = CARTESIAN_POINT('',(-30.15,-75.375,-13.065));
#35 = DIRECTION('',(1.,0.,0.));
#36 = DIRECTION('',(0.,0.,1.));
#37 = DEFINITIONAL_REPRESENTATION('',(#38),#42);
#38 = LINE('',#39,#40);
#39 = CARTESIAN_POINT('',(0.,0.));
#40 = VECTOR('',#41,1.);
#41 = DIRECTION('',(1.,0.));
#42 = ( GEOMETRIC_REPRESENTATION_CONTEXT(2) 
PARAMETRIC_REPRESENTATION_CONTEXT() REPRESENTATION_CONTEXT('2D SPACE',''
  ) );
#43 = PCURVE('',#44,#49);
#44 = PLANE('',#45);
#45 = AXIS2_PLACEMENT_3D('',#46,#47,#48);
#46 = CARTESIAN_POINT('',(-30.15,-75.375,-13.065));
#47 = DIRECTION('',(0.,1.,0.));
#48 = DIRECTION('',(0.,0.,1.));
#49 = DEFINITIONAL_REPRESENTATION('',(#50),#54);
#50 = LINE('',#51,#52);
#51 = CARTESIAN_POINT('',(0.,0.));
#52 = VECTOR('',#53,1.);
#53 = DIRECTION('',(1.,0.));
#54 = ( GEOMETRIC_REPRESENTATION_CONTEXT(2) 
PARAMETRIC_REPRESENTATION_CONTEXT() REPRESENTATION_CONTEXT('2D SPACE',''
  ) );
#55 = ORIENTED_EDGE('',*,*,#56,.F.);
#56 = EDGE_CURVE('',#57,#22,#59,.T.);
#57 = VERTEX_POINT('',#58);
#58 = CARTESIAN_POINT('',(-30.15,-8.04,7.035));
#59 = SURFACE_CURVE('',#60,(#64,#71),.PCURVE_S1.);
#60 = LINE('',#61,#62);
#61 = CARTESIAN_POINT('',(-30.15,-138.1875,7.035));
#62 = VECTOR('',#63,1.);
#63 = DIRECTION('',(0.,-1.,0.));
#64 = PCURVE('',#32,#65);
#65 = DEFINITIONAL_REPRESENTATION('',(#66),#70);
#66 = LINE('',#67,#68);
#67 = CARTESIAN_POINT('',(20.1,62.8125));
#68 = VECTOR('',#69,1.);
#69 = DIRECTION('',(0.,1.));
#70 = ( GEOMETRIC_REPRESENTATION_CONTEXT(2) 
PARAMETRIC_REPRESENTATION_CONTEXT() REPRESENTATION_CONTEXT('2D SPACE',''
  ) );
#71 = PCURVE('',#72,#77);
#72 = PLANE('',#73);
#73 = AXIS2_PLACEMENT_3D('',#74,#75,#76);
#74 = CARTESIAN_POINT('',(-201.,-201.,7.035));
#75 = DIRECTION('',(0.,0.,1.));
#76 = DIRECTION('',(1.,0.,0.));
#77 = DEFINITIONAL_REPRESENTATION('',(#78),#82);
#78 = LINE('',#79,#80);
#79 = CARTESIAN_POINT('',(170.85,62.8125));
#80 = VECTOR('',#81,1.);
#81 = DIRECTION('',(0.,-1.));
#82 = ( GEOMETRIC_REPRESENTATION_CONTEXT(2) 
PARAMETRIC_REPRESENTATION_CONTEXT() REPRESENTATION_CONTEXT('2D SPACE',''
  ) );
#83 = ORIENTED_EDGE('',*,*,#84,.T.);
#84 = EDGE_CURVE('',#57,#85,#87,.T.);
#85 = VERTEX_POINT('',#86);
#86 = CARTESIAN_POINT('',(-30.15,-8.04,36.02925));
#87 = SURFACE_CURVE('',#88,(#92,#99),.PCURVE_S1.);
#88 = LINE('',#89,#90);
#89 = CARTESIAN_POINT('',(-30.15,-8.04,-13.065));
#90 = VECTOR('',#91,1.);
#91 = DIRECTION('',(0.,0.,1.));
#92 = PCURVE('',#32,#93);
#93 = DEFINITIONAL_REPRESENTATION('',(#94),#98);
#94 = LINE('',#95,#96);
#95 = CARTESIAN_POINT('',(0.,-67.335));
#96 = VECTOR('',#97,1.);
#97 = DIRECTION('',(1.,0.));
#98 = ( GEOMETRIC_REPRESENTATION_CONTEXT(2) 
PARAMETRIC_REPRESENTATION_CONTEXT() REPRESENTATION_CONTEXT('2D SPACE',''
  ) );
#99 = PCURVE('',#100,#105);
#100 = PLANE('',#101);
#101 = AXIS2_PLACEMENT_3D('',#102,#103,#104);
#102 = CARTESIAN_POINT('',(-30.15,-8.04,-13.065));
#103 = DIRECTION('',(0.,1.,0.));
#104 = DIRECTION('',(0.,0.,1.));
#105 = DEFINITIONAL_REPRESENTATION('',(#106),#110);
#106 = LINE('',#107,#108);
#107 = CARTESIAN_POINT('',(0.,0.));
#108 = VECTOR('',#109,1.);
#109 = DIRECTION('',(1.,0.));
#110 = ( GEOMETRIC_REPRESENTATION_CONTEXT(2) 
PARAMETRIC_REPRESENTATION_CONTEXT() REPRESENTATION_CONTEXT('2D SPACE',''
  ) );
#111 = ORIENTED_EDGE('',*,*,#112,.F.);
#112 = EDGE_CURVE('',#24,#85,#113,.T.);
#113 = SURFACE_CURVE('',#114,(#118,#125),.PCURVE_S1.);
#114 = LINE('',#115,#116);
#115 = CARTESIAN_POINT('',(-30.15,-75.375,36.02925));
#116 = VECTOR('',#117,1.);
#117 = DIRECTION('',(0.,1.,0.));
#118 = PCURVE('',#32,#119);
#119 = DEFINITIONAL_REPRESENTATION('',(#120),#124);
#120 = LINE('',#121,#122);
#121 = CARTESIAN_POINT('',(49.09425,0.));
#122 = VECTOR('',#123,1.);
#123 = DIRECTION('',(0.,-1.));
#124 = ( GEOMETRIC_REPRESENTATION_CONTEXT(2) 
PARAMETRIC_REPRESENTATION_CONTEXT() REPRESENTATION_CONTEXT('2D SPACE',''
  ) );
#125 = PCURVE('',#126,#131);
#126 = PLANE('',#127);
#127 = AXIS2_PLACEMENT_3D('',#128,#129,#130);
#128 = CARTESIAN_POINT('',(-30.15,-75.375,36.02925));
#129 = DIRECTION('',(0.,0.,1.));
#130 = DIRECTION('',(1.,0.,0.));
#131 = DEFINITIONAL_REPRESENTATION('',(#132),#136);
#132 = LINE('',#133,#134);
#133 = CARTESIAN_POINT('',(0.,0.));
#134 = VECTOR('',#135,1.);
#135 = DIRECTION('',(0.,1.));
#136 = ( GEOMETRIC_REPRESENTATION_CONTEXT(2) 
PARAMETRIC_REPRESENTATION_CONTEXT() REPRESENTATION_CONTEXT('2D SPACE',''
  ) );
#137 = ADVANCED_FACE('',(#138),#44,.F.);
#138 = FACE_BOUND('',#139,.F.);
#139 = EDGE_LOOP('',(#140,#170,#191,#192));
#140 = ORIENTED_EDGE('',*,*,#141,.F.);
#141 = EDGE_CURVE('',#142,#144,#146,.T.);
#142 = VERTEX_POINT('',#143);
#143 = CARTESIAN_POINT('',(30.15,-75.375,7.035));
#144 = VERTEX_POINT('',#145);
#145 = CARTESIAN_POINT('',(30.15,-75.375,36.02925));
#146 = SURFACE_CURVE('',#147,(#151,#158),.PCURVE_S1.);
#147 = LINE('',#148,#149);
#148 = CARTESIAN_POINT('',(30.15,-75.375,-13.065));
#149 = VECTOR('',#150,1.);
#150 = DIRECTION('',(0.,0.,1.));
#151 = PCURVE('',#44,#152);
#152 = DEFINITIONAL_REPRESENTATION('',(#153),#157);
#153 = LINE('',#154,#155);
#154 = CARTESIAN_POINT('',(0.,60.3));
#155 = VECTOR('',#156,1.);
#156 = DIRECTION('',(1.,0.));
#157 = ( GEOMETRIC_REPRESENTATION_CONTEXT(2) 
PARAMETRIC_REPRESENTATION_CONTEXT() REPRESENTATION_CONTEXT('2D SPACE',''
  ) );
#158 = PCURVE('',#159,#164);
#159 = PLANE('',#160);
#160 = AXIS2_PLACEMENT_3D('',#161,#162,#163);
#161 = CARTESIAN_POINT('',(30.15,-75.375,-13.065));
#162 = DIRECTION('',(1.,0.,0.));
#163 = DIRECTION('',(0.,0.,1.));
#164 = DEFINITIONAL_REPRESENTATION('',(#165),#169);
#165 = LINE('',#166,#167);
#166 = CARTESIAN_POINT('',(0.,0.));
#167 = VECTOR('',#168,1.);
#168 = DIRECTION('',(1.,0.));
#169 = ( GEOMETRIC_REPRESENTATION_CONTEXT(2) 
PARAMETRIC_REPRESENTATION_CONTEXT() REPRESENTATION_CONTEXT('2D SPACE',''
  ) );
#170 = ORIENTED_EDGE('',*,*,#171,.F.);
#171 = EDGE_CURVE('',#22,#142,#172,.T.);
#172 = SURFACE_CURVE('',#173,(#177,#184),.PCURVE_S1.);
#173 = LINE('',#174,#175);
#174 = CARTESIAN_POINT('',(-115.575,-75.375,7.035));
#175 = VECTOR('',#176,1.);
#176 = DIRECTION('',(1.,0.,0.));
#177 = PCURVE('',#44,#178);
#178 = DEFINITIONAL_REPRESENTATION('',(#179),#183);
#179 = LINE('',#180,#181);
#180 = CARTESIAN_POINT('',(20.1,-85.425));
#181 = VECTOR('',#182,1.);
#182 = DIRECTION('',(0.,1.));
#183 = ( GEOMETRIC_REPRESENTATION_CONTEXT(2) 
PARAMETRIC_REPRESENTATION_CONTEXT() REPRESENTATION_CONTEXT('2D SPACE',''
  ) );
#184 = PCURVE('',#72,#185);
#185 = DEFINITIONAL_REPRESENTATION('',(#186),#190);
#186 = LINE('',#187,#188);
#187 = CARTESIAN_POINT('',(85.425,125.625));
#188 = VECTOR('',#189,1.);
#189 = DIRECTION('',(1.,0.));
#190 = ( GEOMETRIC_REPRESENTATION_CONTEXT(2) 
PARAMETRIC_REPRESENTATION_CONTEXT() REPRESENTATION_CONTEXT('2D SPACE',''
  ) );
#191 = ORIENTED_EDGE('',*,*,#21,.T.);
#192 = ORIENTED_EDGE('',*,*,#193,.T.);
#193 = EDGE_CURVE('',#24,#144,#194,.T.);
#194 = SURFACE_CURVE('',#195,(#199,#206),.PCURVE_S1.);
#195 = LINE('',#196,#197);
#196 = CARTESIAN_POINT('',(-30.15,-75.375,36.02925));
#197 = VECTOR('',#198,1.);
#198 = DIRECTION('',(1.,0.,0.));
#199 = PCURVE('',#44,#200);
#200 = DEFINITIONAL_REPRESENTATION('',(#201),#205);
#201 = LINE('',#202,#203);
#202 = CARTESIAN_POINT('',(49.09425,0.));
#203 = VECTOR('',#204,1.);
#204 = DIRECTION('',(0.,1.));
#205 = ( GEOMETRIC_REPRESENTATION_CONTEXT(2) 
PARAMETRIC_REPRESENTATION_CONTEXT() REPRESENTATION_CONTEXT('2D SPACE',''
  ) );
#206 = PCURVE('',#126,#207);
#207 = DEFINITIONAL_REPRESENTATION('',(#208),#212);
#208 = LINE('',#209,#210);
#209 = CARTESIAN_POINT('',(0.,0.));
#210 = VECTOR('',#211,1.);
#211 = DIRECTION('',(1.,0.));
#212 = ( GEOMETRIC_REPRESENTATION_CONTEXT(2) 
PARAMETRIC_REPRESENTATION_CONTEXT() REPRESENTATION_CONTEXT('2D SPACE',''
  ) );
#213 = ADVANCED_FACE('',(#214),#126,.T.);
#214 = FACE_BOUND('',#215,.T.);
#215 = EDGE_LOOP('',(#216,#217,#218,#241));
#216 = ORIENTED_EDGE('',*,*,#112,.F.);
#217 = ORIENTED_EDGE('',*,*,#193,.T.);
#218 = ORIENTED_EDGE('',*,*,#219,.T.);
#219 = EDGE_CURVE('',#144,#220,#222,.T.);
#220 = VERTEX_POINT('',#221);
#221 = CARTESIAN_POINT('',(30.15,-8.04,36.02925));
#222 = SURFACE_CURVE('',#223,(#227,#234),.PCURVE_S1.);
#223 = LINE('',#224,#225);
#224 = CARTESIAN_POINT('',(30.15,-75.375,36.02925));
#225 = VECTOR('',#226,1.);
#226 = DIRECTION('',(0.,1.,0.));
#227 = PCURVE('',#126,#228);
#228 = DEFINITIONAL_REPRESENTATION('',(#229),#233);
#229 = LINE('',#230,#231);
#230 = CARTESIAN_POINT('',(60.3,0.));
#231 = VECTOR('',#232,1.);
#232 = DIRECTION('',(0.,1.));
#233 = ( GEOMETRIC_REPRESENTATION_CONTEXT(2) 
PARAMETRIC_REPRESENTATION_CONTEXT() REPRESENTATION_CONTEXT('2D SPACE',''
  ) );
#234 = PCURVE('',#159,#235);
#235 = DEFINITIONAL_REPRESENTATION('',(#236),#240);
#236 = LINE('',#237,#238);
#237 = CARTESIAN_POINT('',(49.09425,0.));
#238 = VECTOR('',#239,1.);
#239 = DIRECTION('',(0.,-1.));
#240 = ( GEOMETRIC_REPRESENTATION_CONTEXT(2) 
PARAMETRIC_REPRESENTATION_CONTEXT() REPRESENTATION_CONTEXT('2D SPACE',''
  ) );
#241 = ORIENTED_EDGE('',*,*,#242,.F.);
#242 = EDGE_CURVE('',#85,#220,#243,.T.);
#243 = SURFACE_CURVE('',#244,(#248,#255),.PCURVE_S1.);
#244 = LINE('',#245,#246);
#245 = CARTESIAN_POINT('',(-30.15,-8.04,36.02925));
#246 = VECTOR('',#247,1.);
#247 = DIRECTION('',(1.,0.,0.));
#248 = PCURVE('',#126,#249);
#249 = DEFINITIONAL_REPRESENTATION('',(#250),#254);
#250 = LINE('',#251,#252);
#251 = CARTESIAN_POINT('',(0.,67.335));
#252 = VECTOR('',#253,1.);
#253 = DIRECTION('',(1.,0.));
#254 = ( GEOMETRIC_REPRESENTATION_CONTEXT(2) 
PARAMETRIC_REPRESENTATION_CONTEXT() REPRESENTATION_CONTEXT('2D SPACE',''
  ) );
#255 = PCURVE('',#100,#256);
#256 = DEFINITIONAL_REPRESENTATION('',(#257),#261);
#257 = LINE('',#258,#259);
#258 = CARTESIAN_POINT('',(49.09425,0.));
#259 = VECTOR('',#260,1.);
#260 = DIRECTION('',(0.,1.));
#261 = ( GEOMETRIC_REPRESENTATION_CONTEXT(2) 
PARAMETRIC_REPRESENTATION_CONTEXT() REPRESENTATION_CONTEXT('2D SPACE',''
  ) );
#262 = ADVANCED_FACE('',(#263),#100,.T.);
#263 = FACE_BOUND('',#264,.T.);
#264 = EDGE_LOOP('',(#265,#288,#309,#310));
#265 = ORIENTED_EDGE('',*,*,#266,.F.);
#266 = EDGE_CURVE('',#267,#220,#269,.T.);
#267 = VERTEX_POINT('',#268);
#268 = CARTESIAN_POINT('',(30.15,-8.04,7.035));
#269 = SURFACE_CURVE('',#270,(#274,#281),.PCURVE_S1.);
#270 = LINE('',#271,#272);
#271 = CARTESIAN_POINT('',(30.15,-8.04,-13.065));
#272 = VECTOR('',#273,1.);
#273 = DIRECTION('',(0.,0.,1.));
#274 = PCURVE('',#100,#275);
#275 = DEFINITIONAL_REPRESENTATION('',(#276),#280);
#276 = LINE('',#277,#278);
#277 = CARTESIAN_POINT('',(0.,60.3));
#278 = VECTOR('',#279,1.);
#279 = DIRECTION('',(1.,0.));
#280 = ( GEOMETRIC_REPRESENTATION_CONTEXT(2) 
PARAMETRIC_REPRESENTATION_CONTEXT() REPRESENTATION_CONTEXT('2D SPACE',''
  ) );
#281 = PCURVE('',#159,#282);
#282 = DEFINITIONAL_REPRESENTATION('',(#283),#287);
#283 = LINE('',#284,#285);
#284 = CARTESIAN_POINT('',(0.,-67.335));
#285 = VECTOR('',#286,1.);
#286 = DIRECTION('',(1.,0.));
#287 = ( GEOMETRIC_REPRESENTATION_CONTEXT(2) 
PARAMETRIC_REPRESENTATION_CONTEXT() REPRESENTATION_CONTEXT('2D SPACE',''
  ) );
#288 = ORIENTED_EDGE('',*,*,#289,.F.);
#289 = EDGE_CURVE('',#57,#267,#290,.T.);
#290 = SURFACE_CURVE('',#291,(#295,#302),.PCURVE_S1.);
#291 = LINE('',#292,#293);
#292 = CARTESIAN_POINT('',(-115.575,-8.04,7.035));
#293 = VECTOR('',#294,1.);
#294 = DIRECTION('',(1.,0.,0.));
#295 = PCURVE('',#100,#296);
#296 = DEFINITIONAL_REPRESENTATION('',(#297),#301);
#297 = LINE('',#298,#299);
#298 = CARTESIAN_POINT('',(20.1,-85.425));
#299 = VECTOR('',#300,1.);
#300 = DIRECTION('',(0.,1.));
#301 = ( GEOMETRIC_REPRESENTATION_CONTEXT(2) 
PARAMETRIC_REPRESENTATION_CONTEXT() REPRESENTATION_CONTEXT('2D SPACE',''
  ) );
#302 = PCURVE('',#72,#303);
#303 = DEFINITIONAL_REPRESENTATION('',(#304),#308);
#304 = LINE('',#305,#306);
#305 = CARTESIAN_POINT('',(85.425,192.96));
#306 = VECTOR('',#307,1.);
#307 = DIRECTION('',(1.,0.));
#308 = ( GEOMETRIC_REPRESENTATION_CONTEXT(2) 
PARAMETRIC_REPRESENTATION_CONTEXT() REPRESENTATION_CONTEXT('2D SPACE',''
  ) );
#309 = ORIENTED_EDGE('',*,*,#84,.T.);
#310 = ORIENTED_EDGE('',*,*,#242,.T.);
#311 = ADVANCED_FACE('',(#312,#338),#72,.F.);
#312 = FACE_BOUND('',#313,.F.);
#313 = EDGE_LOOP('',(#314,#315,#316,#317));
#314 = ORIENTED_EDGE('',*,*,#289,.F.);
#315 = ORIENTED_EDGE('',*,*,#56,.T.);
#316 = ORIENTED_EDGE('',*,*,#171,.T.);
#317 = ORIENTED_EDGE('',*,*,#318,.F.);
#318 = EDGE_CURVE('',#267,#142,#319,.T.);
#319 = SURFACE_CURVE('',#320,(#324,#331),.PCURVE_S1.);
#320 = LINE('',#321,#322);
#321 = CARTESIAN_POINT('',(30.15,-138.1875,7.035));
#322 = VECTOR('',#323,1.);
#323 = DIRECTION('',(0.,-1.,0.));
#324 = PCURVE('',#72,#325);
#325 = DEFINITIONAL_REPRESENTATION('',(#326),#330);
#326 = LINE('',#327,#328);
#327 = CARTESIAN_POINT('',(231.15,62.8125));
#328 = VECTOR('',#329,1.);
#329 = DIRECTION('',(0.,-1.));
#330 = ( GEOMETRIC_REPRESENTATION_CONTEXT(2) 
PARAMETRIC_REPRESENTATION_CONTEXT() REPRESENTATION_CONTEXT('2D SPACE',''
  ) );
#331 = PCURVE('',#159,#332);
#332 = DEFINITIONAL_REPRESENTATION('',(#333),#337);
#333 = LINE('',#334,#335);
#334 = CARTESIAN_POINT('',(20.1,62.8125));
#335 = VECTOR('',#336,1.);
#336 = DIRECTION('',(0.,1.));
#337 = ( GEOMETRIC_REPRESENTATION_CONTEXT(2) 
PARAMETRIC_REPRESENTATION_CONTEXT() REPRESENTATION_CONTEXT('2D SPACE',''
  ) );
#338 = FACE_BOUND('',#339,.F.);
#339 = EDGE_LOOP('',(#340,#369,#396,#423,#450,#477,#499,#526,#553,#580,
    #607,#634));
#340 = ORIENTED_EDGE('',*,*,#341,.F.);
#341 = EDGE_CURVE('',#342,#344,#346,.T.);
#342 = VERTEX_POINT('',#343);
#343 = CARTESIAN_POINT('',(-8.69325,-59.094,7.035));
#344 = VERTEX_POINT('',#345);
#345 = CARTESIAN_POINT('',(8.69325,-59.094,7.035));
#346 = SURFACE_CURVE('',#347,(#351,#358),.PCURVE_S1.);
#347 = LINE('',#348,#349);
#348 = CARTESIAN_POINT('',(0.,-59.094,7.035));
#349 = VECTOR('',#350,1.);
#350 = DIRECTION('',(1.,0.,0.));
#351 = PCURVE('',#72,#352);
#352 = DEFINITIONAL_REPRESENTATION('',(#353),#357);
#353 = LINE('',#354,#355);
#354 = CARTESIAN_POINT('',(201.,141.906));
#355 = VECTOR('',#356,1.);
#356 = DIRECTION('',(1.,0.));
#357 = ( GEOMETRIC_REPRESENTATION_CONTEXT(2) 
PARAMETRIC_REPRESENTATION_CONTEXT() REPRESENTATION_CONTEXT('2D SPACE',''
  ) );
#358 = PCURVE('',#359,#364);
#359 = B_SPLINE_SURFACE_WITH_KNOTS('',1,1,(
    (#360,#361)
    ,(#362,#363
    )),.UNSPECIFIED.,.F.,.F.,.F.,(2,2),(2,2),(-8.65,8.65),(0.,1.),
  .PIECEWISE_BEZIER_KNOTS.);
#360 = CARTESIAN_POINT('',(-8.69325,-59.094,7.035));
#361 = CARTESIAN_POINT('',(-8.538000288762,-58.93875028876,15.92925));
#362 = CARTESIAN_POINT('',(8.69325,-59.094,7.035));
#363 = CARTESIAN_POINT('',(8.538000288762,-58.93875028876,15.92925));
#364 = DEFINITIONAL_REPRESENTATION('',(#365),#368);
#365 = B_SPLINE_CURVE_WITH_KNOTS('',1,(#366,#367),.UNSPECIFIED.,.F.,.F.,
  (2,2),(-8.69325,8.69325),.PIECEWISE_BEZIER_KNOTS.);
#366 = CARTESIAN_POINT('',(-8.65,0.));
#367 = CARTESIAN_POINT('',(8.65,0.));
#368 = ( GEOMETRIC_REPRESENTATION_CONTEXT(2) 
PARAMETRIC_REPRESENTATION_CONTEXT() REPRESENTATION_CONTEXT('2D SPACE',''
  ) );
#369 = ORIENTED_EDGE('',*,*,#370,.T.);
#370 = EDGE_CURVE('',#342,#371,#373,.T.);
#371 = VERTEX_POINT('',#372);
#372 = CARTESIAN_POINT('',(-8.69325,-43.7175,7.035));
#373 = SURFACE_CURVE('',#374,(#378,#385),.PCURVE_S1.);
#374 = LINE('',#375,#376);
#375 = CARTESIAN_POINT('',(-8.69325,-41.5065,7.035));
#376 = VECTOR('',#377,1.);
#377 = DIRECTION('',(0.,1.,0.));
#378 = PCURVE('',#72,#379);
#379 = DEFINITIONAL_REPRESENTATION('',(#380),#384);
#380 = LINE('',#381,#382);
#381 = CARTESIAN_POINT('',(192.30675,159.4935));
#382 = VECTOR('',#383,1.);
#383 = DIRECTION('',(0.,1.));
#384 = ( GEOMETRIC_REPRESENTATION_CONTEXT(2) 
PARAMETRIC_REPRESENTATION_CONTEXT() REPRESENTATION_CONTEXT('2D SPACE',''
  ) );
#385 = PCURVE('',#386,#391);
#386 = B_SPLINE_SURFACE_WITH_KNOTS('',1,1,(
    (#387,#388)
    ,(#389,#390
    )),.UNSPECIFIED.,.F.,.F.,.F.,(2,2),(2,2),(-17.5,17.5),(0.,1.),
  .PIECEWISE_BEZIER_KNOTS.);
#387 = CARTESIAN_POINT('',(-8.69325,-23.919,7.035));
#388 = CARTESIAN_POINT('',(-8.538000288762,-24.07424971123,15.92925));
#389 = CARTESIAN_POINT('',(-8.69325,-59.094,7.035));
#390 = CARTESIAN_POINT('',(-8.538000288762,-58.93875028876,15.92925));
#391 = DEFINITIONAL_REPRESENTATION('',(#392),#395);
#392 = B_SPLINE_CURVE_WITH_KNOTS('',1,(#393,#394),.UNSPECIFIED.,.F.,.F.,
  (2,2),(-17.5875,-2.211),.PIECEWISE_BEZIER_KNOTS.);
#393 = CARTESIAN_POINT('',(17.5,0.));
#394 = CARTESIAN_POINT('',(2.2,0.));
#395 = ( GEOMETRIC_REPRESENTATION_CONTEXT(2) 
PARAMETRIC_REPRESENTATION_CONTEXT() REPRESENTATION_CONTEXT('2D SPACE',''
  ) );
#396 = ORIENTED_EDGE('',*,*,#397,.F.);
#397 = EDGE_CURVE('',#398,#371,#400,.T.);
#398 = VERTEX_POINT('',#399);
#399 = CARTESIAN_POINT('',(-14.874,-43.7175,7.035));
#400 = SURFACE_CURVE('',#401,(#405,#412),.PCURVE_S1.);
#401 = LINE('',#402,#403);
#402 = CARTESIAN_POINT('',(-11.532375,-43.7175,7.035));
#403 = VECTOR('',#404,1.);
#404 = DIRECTION('',(1.,0.,0.));
#405 = PCURVE('',#72,#406);
#406 = DEFINITIONAL_REPRESENTATION('',(#407),#411);
#407 = LINE('',#408,#409);
#408 = CARTESIAN_POINT('',(189.467625,157.2825));
#409 = VECTOR('',#410,1.);
#410 = DIRECTION('',(1.,0.));
#411 = ( GEOMETRIC_REPRESENTATION_CONTEXT(2) 
PARAMETRIC_REPRESENTATION_CONTEXT() REPRESENTATION_CONTEXT('2D SPACE',''
  ) );
#412 = PCURVE('',#413,#418);
#413 = B_SPLINE_SURFACE_WITH_KNOTS('',1,1,(
    (#414,#415)
    ,(#416,#417
    )),.UNSPECIFIED.,.F.,.F.,.F.,(2,2),(2,2),(-3.325,3.325),(0.,1.),
  .PIECEWISE_BEZIER_KNOTS.);
#414 = CARTESIAN_POINT('',(-14.874,-43.7175,7.035));
#415 = CARTESIAN_POINT('',(-14.83891531949,-43.68241531949,9.045));
#416 = CARTESIAN_POINT('',(-8.19075,-43.7175,7.035));
#417 = CARTESIAN_POINT('',(-8.225834680506,-43.68241531949,9.045));
#418 = DEFINITIONAL_REPRESENTATION('',(#419),#422);
#419 = B_SPLINE_CURVE_WITH_KNOTS('',1,(#420,#421),.UNSPECIFIED.,.F.,.F.,
  (2,2),(-3.341625,2.839125),.PIECEWISE_BEZIER_KNOTS.);
#420 = CARTESIAN_POINT('',(-3.325,0.));
#421 = CARTESIAN_POINT('',(2.825,0.));
#422 = ( GEOMETRIC_REPRESENTATION_CONTEXT(2) 
PARAMETRIC_REPRESENTATION_CONTEXT() REPRESENTATION_CONTEXT('2D SPACE',''
  ) );
#423 = ORIENTED_EDGE('',*,*,#424,.T.);
#424 = EDGE_CURVE('',#398,#425,#427,.T.);
#425 = VERTEX_POINT('',#426);
#426 = CARTESIAN_POINT('',(-14.874,-36.6825,7.035));
#427 = SURFACE_CURVE('',#428,(#432,#439),.PCURVE_S1.);
#428 = LINE('',#429,#430);
#429 = CARTESIAN_POINT('',(-14.874,-40.2,7.035));
#430 = VECTOR('',#431,1.);
#431 = DIRECTION('',(0.,1.,0.));
#432 = PCURVE('',#72,#433);
#433 = DEFINITIONAL_REPRESENTATION('',(#434),#438);
#434 = LINE('',#435,#436);
#435 = CARTESIAN_POINT('',(186.126,160.8));
#436 = VECTOR('',#437,1.);
#437 = DIRECTION('',(0.,1.));
#438 = ( GEOMETRIC_REPRESENTATION_CONTEXT(2) 
PARAMETRIC_REPRESENTATION_CONTEXT() REPRESENTATION_CONTEXT('2D SPACE',''
  ) );
#439 = PCURVE('',#440,#445);
#440 = B_SPLINE_SURFACE_WITH_KNOTS('',1,1,(
    (#441,#442)
    ,(#443,#444
    )),.UNSPECIFIED.,.F.,.F.,.F.,(2,2),(2,2),(-3.5,3.5),(0.,1.),
  .PIECEWISE_BEZIER_KNOTS.);
#441 = CARTESIAN_POINT('',(-14.874,-36.6825,7.035));
#442 = CARTESIAN_POINT('',(-14.83891531949,-36.7175846805,9.045));
#443 = CARTESIAN_POINT('',(-14.874,-43.7175,7.035));
#444 = CARTESIAN_POINT('',(-14.83891531949,-43.68241531949,9.045));
#445 = DEFINITIONAL_REPRESENTATION('',(#446),#449);
#446 = B_SPLINE_CURVE_WITH_KNOTS('',1,(#447,#448),.UNSPECIFIED.,.F.,.F.,
  (2,2),(-3.5175,3.5175),.PIECEWISE_BEZIER_KNOTS.);
#447 = CARTESIAN_POINT('',(3.5,0.));
#448 = CARTESIAN_POINT('',(-3.5,0.));
#449 = ( GEOMETRIC_REPRESENTATION_CONTEXT(2) 
PARAMETRIC_REPRESENTATION_CONTEXT() REPRESENTATION_CONTEXT('2D SPACE',''
  ) );
#450 = ORIENTED_EDGE('',*,*,#451,.T.);
#451 = EDGE_CURVE('',#425,#452,#454,.T.);
#452 = VERTEX_POINT('',#453);
#453 = CARTESIAN_POINT('',(-8.69325,-36.6825,7.035));
#454 = SURFACE_CURVE('',#455,(#459,#466),.PCURVE_S1.);
#455 = LINE('',#456,#457);
#456 = CARTESIAN_POINT('',(-11.532375,-36.6825,7.035));
#457 = VECTOR('',#458,1.);
#458 = DIRECTION('',(1.,0.,0.));
#459 = PCURVE('',#72,#460);
#460 = DEFINITIONAL_REPRESENTATION('',(#461),#465);
#461 = LINE('',#462,#463);
#462 = CARTESIAN_POINT('',(189.467625,164.3175));
#463 = VECTOR('',#464,1.);
#464 = DIRECTION('',(1.,0.));
#465 = ( GEOMETRIC_REPRESENTATION_CONTEXT(2) 
PARAMETRIC_REPRESENTATION_CONTEXT() REPRESENTATION_CONTEXT('2D SPACE',''
  ) );
#466 = PCURVE('',#467,#472);
#467 = B_SPLINE_SURFACE_WITH_KNOTS('',1,1,(
    (#468,#469)
    ,(#470,#471
    )),.UNSPECIFIED.,.F.,.F.,.F.,(2,2),(2,2),(-3.325,3.325),(0.,1.),
  .PIECEWISE_BEZIER_KNOTS.);
#468 = CARTESIAN_POINT('',(-8.19075,-36.6825,7.035));
#469 = CARTESIAN_POINT('',(-8.225834680506,-36.7175846805,9.045));
#470 = CARTESIAN_POINT('',(-14.874,-36.6825,7.035));
#471 = CARTESIAN_POINT('',(-14.83891531949,-36.7175846805,9.045));
#472 = DEFINITIONAL_REPRESENTATION('',(#473),#476);
#473 = B_SPLINE_CURVE_WITH_KNOTS('',1,(#474,#475),.UNSPECIFIED.,.F.,.F.,
  (2,2),(-3.341625,2.839125),.PIECEWISE_BEZIER_KNOTS.);
#474 = CARTESIAN_POINT('',(3.325,0.));
#475 = CARTESIAN_POINT('',(-2.825,0.));
#476 = ( GEOMETRIC_REPRESENTATION_CONTEXT(2) 
PARAMETRIC_REPRESENTATION_CONTEXT() REPRESENTATION_CONTEXT('2D SPACE',''
  ) );
#477 = ORIENTED_EDGE('',*,*,#478,.T.);
#478 = EDGE_CURVE('',#452,#479,#481,.T.);
#479 = VERTEX_POINT('',#480);
#480 = CARTESIAN_POINT('',(-8.69325,-23.919,7.035));
#481 = SURFACE_CURVE('',#482,(#486,#493),.PCURVE_S1.);
#482 = LINE('',#483,#484);
#483 = CARTESIAN_POINT('',(-8.69325,-41.5065,7.035));
#484 = VECTOR('',#485,1.);
#485 = DIRECTION('',(0.,1.,0.));
#486 = PCURVE('',#72,#487);
#487 = DEFINITIONAL_REPRESENTATION('',(#488),#492);
#488 = LINE('',#489,#490);
#489 = CARTESIAN_POINT('',(192.30675,159.4935));
#490 = VECTOR('',#491,1.);
#491 = DIRECTION('',(0.,1.));
#492 = ( GEOMETRIC_REPRESENTATION_CONTEXT(2) 
PARAMETRIC_REPRESENTATION_CONTEXT() REPRESENTATION_CONTEXT('2D SPACE',''
  ) );
#493 = PCURVE('',#386,#494);
#494 = DEFINITIONAL_REPRESENTATION('',(#495),#498);
#495 = B_SPLINE_CURVE_WITH_KNOTS('',1,(#496,#497),.UNSPECIFIED.,.F.,.F.,
  (2,2),(4.824,17.5875),.PIECEWISE_BEZIER_KNOTS.);
#496 = CARTESIAN_POINT('',(-4.8,0.));
#497 = CARTESIAN_POINT('',(-17.5,0.));
#498 = ( GEOMETRIC_REPRESENTATION_CONTEXT(2) 
PARAMETRIC_REPRESENTATION_CONTEXT() REPRESENTATION_CONTEXT('2D SPACE',''
  ) );
#499 = ORIENTED_EDGE('',*,*,#500,.T.);
#500 = EDGE_CURVE('',#479,#501,#503,.T.);
#501 = VERTEX_POINT('',#502);
#502 = CARTESIAN_POINT('',(8.69325,-23.919,7.035));
#503 = SURFACE_CURVE('',#504,(#508,#515),.PCURVE_S1.);
#504 = LINE('',#505,#506);
#505 = CARTESIAN_POINT('',(0.,-23.919,7.035));
#506 = VECTOR('',#507,1.);
#507 = DIRECTION('',(1.,0.,0.));
#508 = PCURVE('',#72,#509);
#509 = DEFINITIONAL_REPRESENTATION('',(#510),#514);
#510 = LINE('',#511,#512);
#511 = CARTESIAN_POINT('',(201.,177.081));
#512 = VECTOR('',#513,1.);
#513 = DIRECTION('',(1.,0.));
#514 = ( GEOMETRIC_REPRESENTATION_CONTEXT(2) 
PARAMETRIC_REPRESENTATION_CONTEXT() REPRESENTATION_CONTEXT('2D SPACE',''
  ) );
#515 = PCURVE('',#516,#521);
#516 = B_SPLINE_SURFACE_WITH_KNOTS('',1,1,(
    (#517,#518)
    ,(#519,#520
    )),.UNSPECIFIED.,.F.,.F.,.F.,(2,2),(2,2),(-8.65,8.65),(0.,1.),
  .PIECEWISE_BEZIER_KNOTS.);
#517 = CARTESIAN_POINT('',(8.69325,-23.919,7.035));
#518 = CARTESIAN_POINT('',(8.538000288762,-24.07424971123,15.92925));
#519 = CARTESIAN_POINT('',(-8.69325,-23.919,7.035));
#520 = CARTESIAN_POINT('',(-8.538000288762,-24.07424971123,15.92925));
#521 = DEFINITIONAL_REPRESENTATION('',(#522),#525);
#522 = B_SPLINE_CURVE_WITH_KNOTS('',1,(#523,#524),.UNSPECIFIED.,.F.,.F.,
  (2,2),(-8.69325,8.69325),.PIECEWISE_BEZIER_KNOTS.);
#523 = CARTESIAN_POINT('',(8.65,0.));
#524 = CARTESIAN_POINT('',(-8.65,0.));
#525 = ( GEOMETRIC_REPRESENTATION_CONTEXT(2) 
PARAMETRIC_REPRESENTATION_CONTEXT() REPRESENTATION_CONTEXT('2D SPACE',''
  ) );
#526 = ORIENTED_EDGE('',*,*,#527,.F.);
#527 = EDGE_CURVE('',#528,#501,#530,.T.);
#528 = VERTEX_POINT('',#529);
#529 = CARTESIAN_POINT('',(8.69325,-36.6825,7.035));
#530 = SURFACE_CURVE('',#531,(#535,#542),.PCURVE_S1.);
#531 = LINE('',#532,#533);
#532 = CARTESIAN_POINT('',(8.69325,-41.5065,7.035));
#533 = VECTOR('',#534,1.);
#534 = DIRECTION('',(0.,1.,0.));
#535 = PCURVE('',#72,#536);
#536 = DEFINITIONAL_REPRESENTATION('',(#537),#541);
#537 = LINE('',#538,#539);
#538 = CARTESIAN_POINT('',(209.69325,159.4935));
#539 = VECTOR('',#540,1.);
#540 = DIRECTION('',(0.,1.));
#541 = ( GEOMETRIC_REPRESENTATION_CONTEXT(2) 
PARAMETRIC_REPRESENTATION_CONTEXT() REPRESENTATION_CONTEXT('2D SPACE',''
  ) );
#542 = PCURVE('',#543,#548);
#543 = B_SPLINE_SURFACE_WITH_KNOTS('',1,1,(
    (#544,#545)
    ,(#546,#547
    )),.UNSPECIFIED.,.F.,.F.,.F.,(2,2),(2,2),(-17.5,17.5),(0.,1.),
  .PIECEWISE_BEZIER_KNOTS.);
#544 = CARTESIAN_POINT('',(8.69325,-59.094,7.035));
#545 = CARTESIAN_POINT('',(8.538000288762,-58.93875028876,15.92925));
#546 = CARTESIAN_POINT('',(8.69325,-23.919,7.035));
#547 = CARTESIAN_POINT('',(8.538000288762,-24.07424971123,15.92925));
#548 = DEFINITIONAL_REPRESENTATION('',(#549),#552);
#549 = B_SPLINE_CURVE_WITH_KNOTS('',1,(#550,#551),.UNSPECIFIED.,.F.,.F.,
  (2,2),(4.824,17.5875),.PIECEWISE_BEZIER_KNOTS.);
#550 = CARTESIAN_POINT('',(4.8,0.));
#551 = CARTESIAN_POINT('',(17.5,0.));
#552 = ( GEOMETRIC_REPRESENTATION_CONTEXT(2) 
PARAMETRIC_REPRESENTATION_CONTEXT() REPRESENTATION_CONTEXT('2D SPACE',''
  ) );
#553 = ORIENTED_EDGE('',*,*,#554,.T.);
#554 = EDGE_CURVE('',#528,#555,#557,.T.);
#555 = VERTEX_POINT('',#556);
#556 = CARTESIAN_POINT('',(14.874,-36.6825,7.035));
#557 = SURFACE_CURVE('',#558,(#562,#569),.PCURVE_S1.);
#558 = LINE('',#559,#560);
#559 = CARTESIAN_POINT('',(11.532375,-36.6825,7.035));
#560 = VECTOR('',#561,1.);
#561 = DIRECTION('',(1.,0.,0.));
#562 = PCURVE('',#72,#563);
#563 = DEFINITIONAL_REPRESENTATION('',(#564),#568);
#564 = LINE('',#565,#566);
#565 = CARTESIAN_POINT('',(212.532375,164.3175));
#566 = VECTOR('',#567,1.);
#567 = DIRECTION('',(1.,0.));
#568 = ( GEOMETRIC_REPRESENTATION_CONTEXT(2) 
PARAMETRIC_REPRESENTATION_CONTEXT() REPRESENTATION_CONTEXT('2D SPACE',''
  ) );
#569 = PCURVE('',#570,#575);
#570 = B_SPLINE_SURFACE_WITH_KNOTS('',1,1,(
    (#571,#572)
    ,(#573,#574
    )),.UNSPECIFIED.,.F.,.F.,.F.,(2,2),(2,2),(-3.325,3.325),(0.,1.),
  .PIECEWISE_BEZIER_KNOTS.);
#571 = CARTESIAN_POINT('',(14.874,-36.6825,7.035));
#572 = CARTESIAN_POINT('',(14.838915319494,-36.7175846805,9.045));
#573 = CARTESIAN_POINT('',(8.19075,-36.6825,7.035));
#574 = CARTESIAN_POINT('',(8.225834680506,-36.7175846805,9.045));
#575 = DEFINITIONAL_REPRESENTATION('',(#576),#579);
#576 = B_SPLINE_CURVE_WITH_KNOTS('',1,(#577,#578),.UNSPECIFIED.,.F.,.F.,
  (2,2),(-2.839125,3.341625),.PIECEWISE_BEZIER_KNOTS.);
#577 = CARTESIAN_POINT('',(2.825,0.));
#578 = CARTESIAN_POINT('',(-3.325,0.));
#579 = ( GEOMETRIC_REPRESENTATION_CONTEXT(2) 
PARAMETRIC_REPRESENTATION_CONTEXT() REPRESENTATION_CONTEXT('2D SPACE',''
  ) );
#580 = ORIENTED_EDGE('',*,*,#581,.F.);
#581 = EDGE_CURVE('',#582,#555,#584,.T.);
#582 = VERTEX_POINT('',#583);
#583 = CARTESIAN_POINT('',(14.874,-43.7175,7.035));
#584 = SURFACE_CURVE('',#585,(#589,#596),.PCURVE_S1.);
#585 = LINE('',#586,#587);
#586 = CARTESIAN_POINT('',(14.874,-40.2,7.035));
#587 = VECTOR('',#588,1.);
#588 = DIRECTION('',(0.,1.,0.));
#589 = PCURVE('',#72,#590);
#590 = DEFINITIONAL_REPRESENTATION('',(#591),#595);
#591 = LINE('',#592,#593);
#592 = CARTESIAN_POINT('',(215.874,160.8));
#593 = VECTOR('',#594,1.);
#594 = DIRECTION('',(0.,1.));
#595 = ( GEOMETRIC_REPRESENTATION_CONTEXT(2) 
PARAMETRIC_REPRESENTATION_CONTEXT() REPRESENTATION_CONTEXT('2D SPACE',''
  ) );
#596 = PCURVE('',#597,#602);
#597 = B_SPLINE_SURFACE_WITH_KNOTS('',1,1,(
    (#598,#599)
    ,(#600,#601
    )),.UNSPECIFIED.,.F.,.F.,.F.,(2,2),(2,2),(-3.5,3.5),(0.,1.),
  .PIECEWISE_BEZIER_KNOTS.);
#598 = CARTESIAN_POINT('',(14.874,-43.7175,7.035));
#599 = CARTESIAN_POINT('',(14.838915319494,-43.68241531949,9.045));
#600 = CARTESIAN_POINT('',(14.874,-36.6825,7.035));
#601 = CARTESIAN_POINT('',(14.838915319494,-36.7175846805,9.045));
#602 = DEFINITIONAL_REPRESENTATION('',(#603),#606);
#603 = B_SPLINE_CURVE_WITH_KNOTS('',1,(#604,#605),.UNSPECIFIED.,.F.,.F.,
  (2,2),(-3.5175,3.5175),.PIECEWISE_BEZIER_KNOTS.);
#604 = CARTESIAN_POINT('',(-3.5,0.));
#605 = CARTESIAN_POINT('',(3.5,0.));
#606 = ( GEOMETRIC_REPRESENTATION_CONTEXT(2) 
PARAMETRIC_REPRESENTATION_CONTEXT() REPRESENTATION_CONTEXT('2D SPACE',''
  ) );
#607 = ORIENTED_EDGE('',*,*,#608,.F.);
#608 = EDGE_CURVE('',#609,#582,#611,.T.);
#609 = VERTEX_POINT('',#610);
#610 = CARTESIAN_POINT('',(8.69325,-43.7175,7.035));
#611 = SURFACE_CURVE('',#612,(#616,#623),.PCURVE_S1.);
#612 = LINE('',#613,#614);
#613 = CARTESIAN_POINT('',(11.532375,-43.7175,7.035));
#614 = VECTOR('',#615,1.);
#615 = DIRECTION('',(1.,0.,0.));
#616 = PCURVE('',#72,#617);
#617 = DEFINITIONAL_REPRESENTATION('',(#618),#622);
#618 = LINE('',#619,#620);
#619 = CARTESIAN_POINT('',(212.532375,157.2825));
#620 = VECTOR('',#621,1.);
#621 = DIRECTION('',(1.,0.));
#622 = ( GEOMETRIC_REPRESENTATION_CONTEXT(2) 
PARAMETRIC_REPRESENTATION_CONTEXT() REPRESENTATION_CONTEXT('2D SPACE',''
  ) );
#623 = PCURVE('',#624,#629);
#624 = B_SPLINE_SURFACE_WITH_KNOTS('',1,1,(
    (#625,#626)
    ,(#627,#628
    )),.UNSPECIFIED.,.F.,.F.,.F.,(2,2),(2,2),(-3.325,3.325),(0.,1.),
  .PIECEWISE_BEZIER_KNOTS.);
#625 = CARTESIAN_POINT('',(8.19075,-43.7175,7.035));
#626 = CARTESIAN_POINT('',(8.225834680506,-43.68241531949,9.045));
#627 = CARTESIAN_POINT('',(14.874,-43.7175,7.035));
#628 = CARTESIAN_POINT('',(14.838915319494,-43.68241531949,9.045));
#629 = DEFINITIONAL_REPRESENTATION('',(#630),#633);
#630 = B_SPLINE_CURVE_WITH_KNOTS('',1,(#631,#632),.UNSPECIFIED.,.F.,.F.,
  (2,2),(-2.839125,3.341625),.PIECEWISE_BEZIER_KNOTS.);
#631 = CARTESIAN_POINT('',(-2.825,0.));
#632 = CARTESIAN_POINT('',(3.325,0.));
#633 = ( GEOMETRIC_REPRESENTATION_CONTEXT(2) 
PARAMETRIC_REPRESENTATION_CONTEXT() REPRESENTATION_CONTEXT('2D SPACE',''
  ) );
#634 = ORIENTED_EDGE('',*,*,#635,.F.);
#635 = EDGE_CURVE('',#344,#609,#636,.T.);
#636 = SURFACE_CURVE('',#637,(#641,#648),.PCURVE_S1.);
#637 = LINE('',#638,#639);
#638 = CARTESIAN_POINT('',(8.69325,-41.5065,7.035));
#639 = VECTOR('',#640,1.);
#640 = DIRECTION('',(0.,1.,0.));
#641 = PCURVE('',#72,#642);
#642 = DEFINITIONAL_REPRESENTATION('',(#643),#647);
#643 = LINE('',#644,#645);
#644 = CARTESIAN_POINT('',(209.69325,159.4935));
#645 = VECTOR('',#646,1.);
#646 = DIRECTION('',(0.,1.));
#647 = ( GEOMETRIC_REPRESENTATION_CONTEXT(2) 
PARAMETRIC_REPRESENTATION_CONTEXT() REPRESENTATION_CONTEXT('2D SPACE',''
  ) );
#648 = PCURVE('',#543,#649);
#649 = DEFINITIONAL_REPRESENTATION('',(#650),#653);
#650 = B_SPLINE_CURVE_WITH_KNOTS('',1,(#651,#652),.UNSPECIFIED.,.F.,.F.,
  (2,2),(-17.5875,-2.211),.PIECEWISE_BEZIER_KNOTS.);
#651 = CARTESIAN_POINT('',(-17.5,0.));
#652 = CARTESIAN_POINT('',(-2.2,0.));
#653 = ( GEOMETRIC_REPRESENTATION_CONTEXT(2) 
PARAMETRIC_REPRESENTATION_CONTEXT() REPRESENTATION_CONTEXT('2D SPACE',''
  ) );
#654 = ADVANCED_FACE('',(#655),#159,.T.);
#655 = FACE_BOUND('',#656,.T.);
#656 = EDGE_LOOP('',(#657,#658,#659,#660));
#657 = ORIENTED_EDGE('',*,*,#141,.F.);
#658 = ORIENTED_EDGE('',*,*,#318,.F.);
#659 = ORIENTED_EDGE('',*,*,#266,.T.);
#660 = ORIENTED_EDGE('',*,*,#219,.F.);
#661 = ADVANCED_FACE('',(#662),#359,.F.);
#662 = FACE_BOUND('',#663,.F.);
#663 = EDGE_LOOP('',(#664,#684,#685,#705,#732,#766,#791,#825));
#664 = ORIENTED_EDGE('',*,*,#665,.F.);
#665 = EDGE_CURVE('',#342,#666,#668,.T.);
#666 = VERTEX_POINT('',#667);
#667 = CARTESIAN_POINT('',(-8.538000288762,-58.93875028876,15.92925));
#668 = SURFACE_CURVE('',#669,(#672,#678),.PCURVE_S1.);
#669 = B_SPLINE_CURVE_WITH_KNOTS('',1,(#670,#671),.UNSPECIFIED.,.F.,.F.,
  (2,2),(0.,1.),.PIECEWISE_BEZIER_KNOTS.);
#670 = CARTESIAN_POINT('',(-8.69325,-59.094,7.035));
#671 = CARTESIAN_POINT('',(-8.538000288762,-58.93875028876,15.92925));
#672 = PCURVE('',#359,#673);
#673 = DEFINITIONAL_REPRESENTATION('',(#674),#677);
#674 = B_SPLINE_CURVE_WITH_KNOTS('',1,(#675,#676),.UNSPECIFIED.,.F.,.F.,
  (2,2),(0.,1.),.PIECEWISE_BEZIER_KNOTS.);
#675 = CARTESIAN_POINT('',(-8.65,0.));
#676 = CARTESIAN_POINT('',(-8.65,1.));
#677 = ( GEOMETRIC_REPRESENTATION_CONTEXT(2) 
PARAMETRIC_REPRESENTATION_CONTEXT() REPRESENTATION_CONTEXT('2D SPACE',''
  ) );
#678 = PCURVE('',#386,#679);
#679 = DEFINITIONAL_REPRESENTATION('',(#680),#683);
#680 = B_SPLINE_CURVE_WITH_KNOTS('',1,(#681,#682),.UNSPECIFIED.,.F.,.F.,
  (2,2),(0.,1.),.PIECEWISE_BEZIER_KNOTS.);
#681 = CARTESIAN_POINT('',(17.5,0.));
#682 = CARTESIAN_POINT('',(17.5,1.));
#683 = ( GEOMETRIC_REPRESENTATION_CONTEXT(2) 
PARAMETRIC_REPRESENTATION_CONTEXT() REPRESENTATION_CONTEXT('2D SPACE',''
  ) );
#684 = ORIENTED_EDGE('',*,*,#341,.T.);
#685 = ORIENTED_EDGE('',*,*,#686,.T.);
#686 = EDGE_CURVE('',#344,#687,#689,.T.);
#687 = VERTEX_POINT('',#688);
#688 = CARTESIAN_POINT('',(8.538000288762,-58.93875028876,15.92925));
#689 = SURFACE_CURVE('',#690,(#693,#699),.PCURVE_S1.);
#690 = B_SPLINE_CURVE_WITH_KNOTS('',1,(#691,#692),.UNSPECIFIED.,.F.,.F.,
  (2,2),(0.,1.),.PIECEWISE_BEZIER_KNOTS.);
#691 = CARTESIAN_POINT('',(8.69325,-59.094,7.035));
#692 = CARTESIAN_POINT('',(8.538000288762,-58.93875028876,15.92925));
#693 = PCURVE('',#359,#694);
#694 = DEFINITIONAL_REPRESENTATION('',(#695),#698);
#695 = B_SPLINE_CURVE_WITH_KNOTS('',1,(#696,#697),.UNSPECIFIED.,.F.,.F.,
  (2,2),(0.,1.),.PIECEWISE_BEZIER_KNOTS.);
#696 = CARTESIAN_POINT('',(8.65,0.));
#697 = CARTESIAN_POINT('',(8.65,1.));
#698 = ( GEOMETRIC_REPRESENTATION_CONTEXT(2) 
PARAMETRIC_REPRESENTATION_CONTEXT() REPRESENTATION_CONTEXT('2D SPACE',''
  ) );
#699 = PCURVE('',#543,#700);
#700 = DEFINITIONAL_REPRESENTATION('',(#701),#704);
#701 = B_SPLINE_CURVE_WITH_KNOTS('',1,(#702,#703),.UNSPECIFIED.,.F.,.F.,
  (2,2),(0.,1.),.PIECEWISE_BEZIER_KNOTS.);
#702 = CARTESIAN_POINT('',(-17.5,0.));
#703 = CARTESIAN_POINT('',(-17.5,1.));
#704 = ( GEOMETRIC_REPRESENTATION_CONTEXT(2) 
PARAMETRIC_REPRESENTATION_CONTEXT() REPRESENTATION_CONTEXT('2D SPACE',''
  ) );
#705 = ORIENTED_EDGE('',*,*,#706,.F.);
#706 = EDGE_CURVE('',#707,#687,#709,.T.);
#707 = VERTEX_POINT('',#708);
#708 = CARTESIAN_POINT('',(7.213489722834,-58.93875028876,15.92925));
#709 = SURFACE_CURVE('',#710,(#714,#720),.PCURVE_S1.);
#710 = LINE('',#711,#712);
#711 = CARTESIAN_POINT('',(0.,-58.93875028876,15.92925));
#712 = VECTOR('',#713,1.);
#713 = DIRECTION('',(1.,0.,0.));
#714 = PCURVE('',#359,#715);
#715 = DEFINITIONAL_REPRESENTATION('',(#716),#719);
#716 = B_SPLINE_CURVE_WITH_KNOTS('',1,(#717,#718),.UNSPECIFIED.,.F.,.F.,
  (2,2),(7.213489722834,8.538000288762),.PIECEWISE_BEZIER_KNOTS.);
#717 = CARTESIAN_POINT('',(7.308114780067,1.));
#718 = CARTESIAN_POINT('',(8.65,1.));
#719 = ( GEOMETRIC_REPRESENTATION_CONTEXT(2) 
PARAMETRIC_REPRESENTATION_CONTEXT() REPRESENTATION_CONTEXT('2D SPACE',''
  ) );
#720 = PCURVE('',#721,#726);
#721 = PLANE('',#722);
#722 = AXIS2_PLACEMENT_3D('',#723,#724,#725);
#723 = CARTESIAN_POINT('',(-8.538000288762,-58.93875028876,15.92925));
#724 = DIRECTION('',(0.,0.,1.));
#725 = DIRECTION('',(0.439857279442,0.898067688831,-0.));
#726 = DEFINITIONAL_REPRESENTATION('',(#727),#731);
#727 = LINE('',#728,#729);
#728 = CARTESIAN_POINT('',(3.755501578889,-7.667702186566));
#729 = VECTOR('',#730,1.);
#730 = DIRECTION('',(0.439857279442,-0.898067688831));
#731 = ( GEOMETRIC_REPRESENTATION_CONTEXT(2) 
PARAMETRIC_REPRESENTATION_CONTEXT() REPRESENTATION_CONTEXT('2D SPACE',''
  ) );
#732 = ORIENTED_EDGE('',*,*,#733,.T.);
#733 = EDGE_CURVE('',#707,#734,#736,.T.);
#734 = VERTEX_POINT('',#735);
#735 = CARTESIAN_POINT('',(7.1556,-58.99664001159,12.61275));
#736 = SURFACE_CURVE('',#737,(#743,#752),.PCURVE_S1.);
#737 = B_SPLINE_CURVE_WITH_KNOTS('',4,(#738,#739,#740,#741,#742),
  .UNSPECIFIED.,.F.,.F.,(5,5),(0.,1.),.PIECEWISE_BEZIER_KNOTS.);
#738 = CARTESIAN_POINT('',(7.213489722834,-58.93875028876,15.92925));
#739 = CARTESIAN_POINT('',(7.199017337329,-58.95322267426,
    15.100127589662));
#740 = CARTESIAN_POINT('',(7.184544920793,-58.9676950908,14.271003401637
    ));
#741 = CARTESIAN_POINT('',(7.170072474579,-58.98216753701,
    13.441877513327));
#742 = CARTESIAN_POINT('',(7.1556,-58.99664001159,12.61275));
#743 = PCURVE('',#359,#744);
#744 = DEFINITIONAL_REPRESENTATION('',(#745),#751);
#745 = B_SPLINE_CURVE_WITH_KNOTS('',4,(#746,#747,#748,#749,#750),
  .UNSPECIFIED.,.F.,.F.,(5,5),(0.,1.),.PIECEWISE_BEZIER_KNOTS.);
#746 = CARTESIAN_POINT('',(7.308114780067,1.));
#747 = CARTESIAN_POINT('',(7.281064887681,0.906779952178));
#748 = CARTESIAN_POINT('',(7.254137206797,0.813559704487));
#749 = CARTESIAN_POINT('',(7.227330497719,0.72033926563));
#750 = CARTESIAN_POINT('',(7.200643553663,0.627118644068));
#751 = ( GEOMETRIC_REPRESENTATION_CONTEXT(2) 
PARAMETRIC_REPRESENTATION_CONTEXT() REPRESENTATION_CONTEXT('2D SPACE',''
  ) );
#752 = PCURVE('',#753,#758);
#753 = B_SPLINE_SURFACE_WITH_KNOTS('',1,1,(
    (#754,#755)
    ,(#756,#757
    )),.UNSPECIFIED.,.F.,.F.,.F.,(2,2),(2,2),(-17.47434722075,
    17.474347220756),(0.,1.),.PIECEWISE_BEZIER_KNOTS.);
#754 = CARTESIAN_POINT('',(7.1556,-60.099,12.61275));
#755 = CARTESIAN_POINT('',(7.21524395686,-60.15864395686,16.02975));
#756 = CARTESIAN_POINT('',(7.1556,-25.09485,12.61275));
#757 = CARTESIAN_POINT('',(7.21524395686,-25.03520604314,16.02975));
#758 = DEFINITIONAL_REPRESENTATION('',(#759),#765);
#759 = B_SPLINE_CURVE_WITH_KNOTS('',4,(#760,#761,#762,#763,#764),
  .UNSPECIFIED.,.F.,.F.,(5,5),(0.,1.),.PIECEWISE_BEZIER_KNOTS.);
#760 = CARTESIAN_POINT('',(-16.26214709562,0.970588235292));
#761 = CARTESIAN_POINT('',(-16.28995168174,0.72794193435));
#762 = CARTESIAN_POINT('',(-16.31781743598,0.485295113148));
#763 = CARTESIAN_POINT('',(-16.34574465851,0.242647794361));
#764 = CARTESIAN_POINT('',(-16.37373365352,0.));
#765 = ( GEOMETRIC_REPRESENTATION_CONTEXT(2) 
PARAMETRIC_REPRESENTATION_CONTEXT() REPRESENTATION_CONTEXT('2D SPACE',''
  ) );
#766 = ORIENTED_EDGE('',*,*,#767,.T.);
#767 = EDGE_CURVE('',#734,#768,#770,.T.);
#768 = VERTEX_POINT('',#769);
#769 = CARTESIAN_POINT('',(-7.1556,-58.99664001159,12.61275));
#770 = SURFACE_CURVE('',#771,(#774,#780),.PCURVE_S1.);
#771 = B_SPLINE_CURVE_WITH_KNOTS('',1,(#772,#773),.UNSPECIFIED.,.F.,.F.,
  (2,2),(0.,1.),.PIECEWISE_BEZIER_KNOTS.);
#772 = CARTESIAN_POINT('',(7.606292111251,-58.99664001159,12.61275));
#773 = CARTESIAN_POINT('',(-8.595890011597,-58.99664001159,12.61275));
#774 = PCURVE('',#359,#775);
#775 = DEFINITIONAL_REPRESENTATION('',(#776),#779);
#776 = B_SPLINE_CURVE_WITH_KNOTS('',1,(#777,#778),.UNSPECIFIED.,.F.,.F.,
  (2,2),(2.781675380721E-02,0.911105183198),.PIECEWISE_BEZIER_KNOTS.);
#777 = CARTESIAN_POINT('',(7.200643553663,0.627118644068));
#778 = CARTESIAN_POINT('',(-7.200643553663,0.627118644068));
#779 = ( GEOMETRIC_REPRESENTATION_CONTEXT(2) 
PARAMETRIC_REPRESENTATION_CONTEXT() REPRESENTATION_CONTEXT('2D SPACE',''
  ) );
#780 = PCURVE('',#781,#786);
#781 = PLANE('',#782);
#782 = AXIS2_PLACEMENT_3D('',#783,#784,#785);
#783 = CARTESIAN_POINT('',(-7.1556,-60.099,12.61275));
#784 = DIRECTION('',(0.,0.,1.));
#785 = DIRECTION('',(0.37843622494,0.925627367602,-0.));
#786 = DEFINITIONAL_REPRESENTATION('',(#787),#790);
#787 = B_SPLINE_CURVE_WITH_KNOTS('',1,(#788,#789),.UNSPECIFIED.,.F.,.F.,
  (2,2),(0.,1.),.PIECEWISE_BEZIER_KNOTS.);
#788 = CARTESIAN_POINT('',(6.606809297764,-13.24683838322));
#789 = CARTESIAN_POINT('',(0.475316659408,1.750344804553));
#790 = ( GEOMETRIC_REPRESENTATION_CONTEXT(2) 
PARAMETRIC_REPRESENTATION_CONTEXT() REPRESENTATION_CONTEXT('2D SPACE',''
  ) );
#791 = ORIENTED_EDGE('',*,*,#792,.T.);
#792 = EDGE_CURVE('',#768,#793,#795,.T.);
#793 = VERTEX_POINT('',#794);
#794 = CARTESIAN_POINT('',(-7.213489722834,-58.93875028876,15.92925));
#795 = SURFACE_CURVE('',#796,(#802,#811),.PCURVE_S1.);
#796 = B_SPLINE_CURVE_WITH_KNOTS('',4,(#797,#798,#799,#800,#801),
  .UNSPECIFIED.,.F.,.F.,(5,5),(0.,1.),.PIECEWISE_BEZIER_KNOTS.);
#797 = CARTESIAN_POINT('',(-7.1556,-58.99664001159,12.61275));
#798 = CARTESIAN_POINT('',(-7.170072474578,-58.98216753701,
    13.441877513302));
#799 = CARTESIAN_POINT('',(-7.184544920794,-58.9676950908,
    14.271003401669));
#800 = CARTESIAN_POINT('',(-7.199017337327,-58.95322267426,
    15.100127589589));
#801 = CARTESIAN_POINT('',(-7.213489722834,-58.93875028876,15.92925));
#802 = PCURVE('',#359,#803);
#803 = DEFINITIONAL_REPRESENTATION('',(#804),#810);
#804 = B_SPLINE_CURVE_WITH_KNOTS('',4,(#805,#806,#807,#808,#809),
  .UNSPECIFIED.,.F.,.F.,(5,5),(0.,1.),.PIECEWISE_BEZIER_KNOTS.);
#805 = CARTESIAN_POINT('',(-7.200643553663,0.627118644068));
#806 = CARTESIAN_POINT('',(-7.227330497718,0.720339265627));
#807 = CARTESIAN_POINT('',(-7.254137206798,0.813559704491));
#808 = CARTESIAN_POINT('',(-7.281064887678,0.90677995217));
#809 = CARTESIAN_POINT('',(-7.308114780067,1.));
#810 = ( GEOMETRIC_REPRESENTATION_CONTEXT(2) 
PARAMETRIC_REPRESENTATION_CONTEXT() REPRESENTATION_CONTEXT('2D SPACE',''
  ) );
#811 = PCURVE('',#812,#817);
#812 = B_SPLINE_SURFACE_WITH_KNOTS('',1,1,(
    (#813,#814)
    ,(#815,#816
    )),.UNSPECIFIED.,.F.,.F.,.F.,(2,2),(2,2),(-17.47434722075,
    17.474347220756),(0.,1.),.PIECEWISE_BEZIER_KNOTS.);
#813 = CARTESIAN_POINT('',(-7.1556,-25.09485,12.61275));
#814 = CARTESIAN_POINT('',(-7.21524395686,-25.03520604314,16.02975));
#815 = CARTESIAN_POINT('',(-7.1556,-60.099,12.61275));
#816 = CARTESIAN_POINT('',(-7.21524395686,-60.15864395686,16.02975));
#817 = DEFINITIONAL_REPRESENTATION('',(#818),#824);
#818 = B_SPLINE_CURVE_WITH_KNOTS('',4,(#819,#820,#821,#822,#823),
  .UNSPECIFIED.,.F.,.F.,(5,5),(0.,1.),.PIECEWISE_BEZIER_KNOTS.);
#819 = CARTESIAN_POINT('',(16.373733653529,0.));
#820 = CARTESIAN_POINT('',(16.345744658503,0.242647794418));
#821 = CARTESIAN_POINT('',(16.317817436002,0.485295112987));
#822 = CARTESIAN_POINT('',(16.289951681725,0.72794193452));
#823 = CARTESIAN_POINT('',(16.262147095639,0.97058823519));
#824 = ( GEOMETRIC_REPRESENTATION_CONTEXT(2) 
PARAMETRIC_REPRESENTATION_CONTEXT() REPRESENTATION_CONTEXT('2D SPACE',''
  ) );
#825 = ORIENTED_EDGE('',*,*,#826,.F.);
#826 = EDGE_CURVE('',#666,#793,#827,.T.);
#827 = SURFACE_CURVE('',#828,(#832,#838),.PCURVE_S1.);
#828 = LINE('',#829,#830);
#829 = CARTESIAN_POINT('',(0.,-58.93875028876,15.92925));
#830 = VECTOR('',#831,1.);
#831 = DIRECTION('',(1.,0.,0.));
#832 = PCURVE('',#359,#833);
#833 = DEFINITIONAL_REPRESENTATION('',(#834),#837);
#834 = B_SPLINE_CURVE_WITH_KNOTS('',1,(#835,#836),.UNSPECIFIED.,.F.,.F.,
  (2,2),(-8.538000288762,-7.213489722834),.PIECEWISE_BEZIER_KNOTS.);
#835 = CARTESIAN_POINT('',(-8.65,1.));
#836 = CARTESIAN_POINT('',(-7.308114780067,1.));
#837 = ( GEOMETRIC_REPRESENTATION_CONTEXT(2) 
PARAMETRIC_REPRESENTATION_CONTEXT() REPRESENTATION_CONTEXT('2D SPACE',''
  ) );
#838 = PCURVE('',#721,#839);
#839 = DEFINITIONAL_REPRESENTATION('',(#840),#844);
#840 = LINE('',#841,#842);
#841 = CARTESIAN_POINT('',(3.755501578889,-7.667702186566));
#842 = VECTOR('',#843,1.);
#843 = DIRECTION('',(0.439857279442,-0.898067688831));
#844 = ( GEOMETRIC_REPRESENTATION_CONTEXT(2) 
PARAMETRIC_REPRESENTATION_CONTEXT() REPRESENTATION_CONTEXT('2D SPACE',''
  ) );
#845 = ADVANCED_FACE('',(#846),#543,.F.);
#846 = FACE_BOUND('',#847,.F.);
#847 = EDGE_LOOP('',(#848,#849,#850,#879,#904,#931,#932,#952,#974,#1008,
    #1033,#1062,#1084,#1118,#1143,#1172));
#848 = ORIENTED_EDGE('',*,*,#686,.F.);
#849 = ORIENTED_EDGE('',*,*,#635,.T.);
#850 = ORIENTED_EDGE('',*,*,#851,.T.);
#851 = EDGE_CURVE('',#609,#852,#854,.T.);
#852 = VERTEX_POINT('',#853);
#853 = CARTESIAN_POINT('',(8.658165319494,-43.68241531949,9.045));
#854 = SURFACE_CURVE('',#855,(#861,#870),.PCURVE_S1.);
#855 = B_SPLINE_CURVE_WITH_KNOTS('',4,(#856,#857,#858,#859,#860),
  .UNSPECIFIED.,.F.,.F.,(5,5),(0.,1.),.PIECEWISE_BEZIER_KNOTS.);
#856 = CARTESIAN_POINT('',(8.69325,-43.7175,7.035));
#857 = CARTESIAN_POINT('',(8.684478749389,-43.70872874938,7.537504610976
    ));
#858 = CARTESIAN_POINT('',(8.675707551529,-43.69995755152,8.040006199785
    ));
#859 = CARTESIAN_POINT('',(8.666936407756,-43.69118640775,8.542504689999
    ));
#860 = CARTESIAN_POINT('',(8.658165319494,-43.68241531949,9.045));
#861 = PCURVE('',#543,#862);
#862 = DEFINITIONAL_REPRESENTATION('',(#863),#869);
#863 = B_SPLINE_CURVE_WITH_KNOTS('',4,(#864,#865,#866,#867,#868),
  .UNSPECIFIED.,.F.,.F.,(5,5),(0.,1.),.PIECEWISE_BEZIER_KNOTS.);
#864 = CARTESIAN_POINT('',(-2.2,0.));
#865 = CARTESIAN_POINT('',(-2.192369573029,5.649769356332E-02));
#866 = CARTESIAN_POINT('',(-2.184729044077,0.112995047338));
#867 = CARTESIAN_POINT('',(-2.177078384213,0.169492052731));
#868 = CARTESIAN_POINT('',(-2.169417564366,0.225988700565));
#869 = ( GEOMETRIC_REPRESENTATION_CONTEXT(2) 
PARAMETRIC_REPRESENTATION_CONTEXT() REPRESENTATION_CONTEXT('2D SPACE',''
  ) );
#870 = PCURVE('',#624,#871);
#871 = DEFINITIONAL_REPRESENTATION('',(#872),#878);
#872 = B_SPLINE_CURVE_WITH_KNOTS('',4,(#873,#874,#875,#876,#877),
  .UNSPECIFIED.,.F.,.F.,(5,5),(0.,1.),.PIECEWISE_BEZIER_KNOTS.);
#873 = CARTESIAN_POINT('',(-2.825000000002,2.699999739567E-11));
#874 = CARTESIAN_POINT('',(-2.841142802138,0.250002293967));
#875 = CARTESIAN_POINT('',(-2.857398500279,0.500003084515));
#876 = CARTESIAN_POINT('',(-2.873768867995,0.750002333316));
#877 = CARTESIAN_POINT('',(-2.890255755037,1.));
#878 = ( GEOMETRIC_REPRESENTATION_CONTEXT(2) 
PARAMETRIC_REPRESENTATION_CONTEXT() REPRESENTATION_CONTEXT('2D SPACE',''
  ) );
#879 = ORIENTED_EDGE('',*,*,#880,.F.);
#880 = EDGE_CURVE('',#881,#852,#883,.T.);
#881 = VERTEX_POINT('',#882);
#882 = CARTESIAN_POINT('',(8.658165319494,-36.7175846805,9.045));
#883 = SURFACE_CURVE('',#884,(#887,#893),.PCURVE_S1.);
#884 = B_SPLINE_CURVE_WITH_KNOTS('',1,(#885,#886),.UNSPECIFIED.,.F.,.F.,
  (2,2),(0.,1.),.PIECEWISE_BEZIER_KNOTS.);
#885 = CARTESIAN_POINT('',(8.658165319494,-36.26225835908,9.045));
#886 = CARTESIAN_POINT('',(8.658165319494,-44.09291164403,9.045));
#887 = PCURVE('',#543,#888);
#888 = DEFINITIONAL_REPRESENTATION('',(#889),#892);
#889 = B_SPLINE_CURVE_WITH_KNOTS('',1,(#890,#891),.UNSPECIFIED.,.F.,.F.,
  (2,2),(5.814665837585E-02,0.947578278644),.PIECEWISE_BEZIER_KNOTS.);
#890 = CARTESIAN_POINT('',(4.774614579571,0.225988700565));
#891 = CARTESIAN_POINT('',(-2.169417564366,0.225988700565));
#892 = ( GEOMETRIC_REPRESENTATION_CONTEXT(2) 
PARAMETRIC_REPRESENTATION_CONTEXT() REPRESENTATION_CONTEXT('2D SPACE',''
  ) );
#893 = PCURVE('',#894,#899);
#894 = PLANE('',#895);
#895 = AXIS2_PLACEMENT_3D('',#896,#897,#898);
#896 = CARTESIAN_POINT('',(8.225834680506,-43.68241531949,9.045));
#897 = DIRECTION('',(0.,0.,1.));
#898 = DIRECTION('',(0.688557425389,0.725181819919,-0.));
#899 = DEFINITIONAL_REPRESENTATION('',(#900),#903);
#900 = B_SPLINE_CURVE_WITH_KNOTS('',1,(#901,#902),.UNSPECIFIED.,.F.,.F.,
  (2,2),(0.,1.),.PIECEWISE_BEZIER_KNOTS.);
#901 = CARTESIAN_POINT('',(5.678647400334,4.795685853054));
#902 = CARTESIAN_POINT('',(-3.552713678801E-15,-0.596168611944));
#903 = ( GEOMETRIC_REPRESENTATION_CONTEXT(2) 
PARAMETRIC_REPRESENTATION_CONTEXT() REPRESENTATION_CONTEXT('2D SPACE',''
  ) );
#904 = ORIENTED_EDGE('',*,*,#905,.T.);
#905 = EDGE_CURVE('',#881,#528,#906,.T.);
#906 = SURFACE_CURVE('',#907,(#913,#922),.PCURVE_S1.);
#907 = B_SPLINE_CURVE_WITH_KNOTS('',4,(#908,#909,#910,#911,#912),
  .UNSPECIFIED.,.F.,.F.,(5,5),(0.,1.),.PIECEWISE_BEZIER_KNOTS.);
#908 = CARTESIAN_POINT('',(8.658165319494,-36.7175846805,9.045));
#909 = CARTESIAN_POINT('',(8.666936408761,-36.70881359123,8.542504632475
    ));
#910 = CARTESIAN_POINT('',(8.675707552866,-36.70004244713,8.040006123211
    ));
#911 = CARTESIAN_POINT('',(8.68447875039,-36.69127124961,7.537504553635)
  );
#912 = CARTESIAN_POINT('',(8.69325,-36.6825,7.035));
#913 = PCURVE('',#543,#914);
#914 = DEFINITIONAL_REPRESENTATION('',(#915),#921);
#915 = B_SPLINE_CURVE_WITH_KNOTS('',4,(#916,#917,#918,#919,#920),
  .UNSPECIFIED.,.F.,.F.,(5,5),(0.,1.),.PIECEWISE_BEZIER_KNOTS.);
#916 = CARTESIAN_POINT('',(4.774614579571,0.225988700565));
#917 = CARTESIAN_POINT('',(4.78097356148,0.169492046263));
#918 = CARTESIAN_POINT('',(4.787324109449,0.112995038729));
#919 = CARTESIAN_POINT('',(4.793666247616,5.649768711642E-02));
#920 = CARTESIAN_POINT('',(4.8,0.));
#921 = ( GEOMETRIC_REPRESENTATION_CONTEXT(2) 
PARAMETRIC_REPRESENTATION_CONTEXT() REPRESENTATION_CONTEXT('2D SPACE',''
  ) );
#922 = PCURVE('',#570,#923);
#923 = DEFINITIONAL_REPRESENTATION('',(#924),#930);
#924 = B_SPLINE_CURVE_WITH_KNOTS('',4,(#925,#926,#927,#928,#929),
  .UNSPECIFIED.,.F.,.F.,(5,5),(0.,1.),.PIECEWISE_BEZIER_KNOTS.);
#925 = CARTESIAN_POINT('',(2.890255755037,1.));
#926 = CARTESIAN_POINT('',(2.873768866108,0.750002304698));
#927 = CARTESIAN_POINT('',(2.857398497793,0.500003046416));
#928 = CARTESIAN_POINT('',(2.841142800296,0.250002265443));
#929 = CARTESIAN_POINT('',(2.825000000002,2.544136867662E-11));
#930 = ( GEOMETRIC_REPRESENTATION_CONTEXT(2) 
PARAMETRIC_REPRESENTATION_CONTEXT() REPRESENTATION_CONTEXT('2D SPACE',''
  ) );
#931 = ORIENTED_EDGE('',*,*,#527,.T.);
#932 = ORIENTED_EDGE('',*,*,#933,.T.);
#933 = EDGE_CURVE('',#501,#934,#936,.T.);
#934 = VERTEX_POINT('',#935);
#935 = CARTESIAN_POINT('',(8.538000288762,-24.07424971123,15.92925));
#936 = SURFACE_CURVE('',#937,(#940,#946),.PCURVE_S1.);
#937 = B_SPLINE_CURVE_WITH_KNOTS('',1,(#938,#939),.UNSPECIFIED.,.F.,.F.,
  (2,2),(0.,1.),.PIECEWISE_BEZIER_KNOTS.);
#938 = CARTESIAN_POINT('',(8.69325,-23.919,7.035));
#939 = CARTESIAN_POINT('',(8.538000288762,-24.07424971123,15.92925));
#940 = PCURVE('',#543,#941);
#941 = DEFINITIONAL_REPRESENTATION('',(#942),#945);
#942 = B_SPLINE_CURVE_WITH_KNOTS('',1,(#943,#944),.UNSPECIFIED.,.F.,.F.,
  (2,2),(0.,1.),.PIECEWISE_BEZIER_KNOTS.);
#943 = CARTESIAN_POINT('',(17.5,0.));
#944 = CARTESIAN_POINT('',(17.5,1.));
#945 = ( GEOMETRIC_REPRESENTATION_CONTEXT(2) 
PARAMETRIC_REPRESENTATION_CONTEXT() REPRESENTATION_CONTEXT('2D SPACE',''
  ) );
#946 = PCURVE('',#516,#947);
#947 = DEFINITIONAL_REPRESENTATION('',(#948),#951);
#948 = B_SPLINE_CURVE_WITH_KNOTS('',1,(#949,#950),.UNSPECIFIED.,.F.,.F.,
  (2,2),(0.,1.),.PIECEWISE_BEZIER_KNOTS.);
#949 = CARTESIAN_POINT('',(-8.65,0.));
#950 = CARTESIAN_POINT('',(-8.65,1.));
#951 = ( GEOMETRIC_REPRESENTATION_CONTEXT(2) 
PARAMETRIC_REPRESENTATION_CONTEXT() REPRESENTATION_CONTEXT('2D SPACE',''
  ) );
#952 = ORIENTED_EDGE('',*,*,#953,.F.);
#953 = EDGE_CURVE('',#954,#934,#956,.T.);
#954 = VERTEX_POINT('',#955);
#955 = CARTESIAN_POINT('',(8.538000288762,-31.08495902646,15.92925));
#956 = SURFACE_CURVE('',#957,(#961,#967),.PCURVE_S1.);
#957 = LINE('',#958,#959);
#958 = CARTESIAN_POINT('',(8.538000288762,-41.5065,15.92925));
#959 = VECTOR('',#960,1.);
#960 = DIRECTION('',(0.,1.,0.));
#961 = PCURVE('',#543,#962);
#962 = DEFINITIONAL_REPRESENTATION('',(#963),#966);
#963 = B_SPLINE_CURVE_WITH_KNOTS('',1,(#964,#965),.UNSPECIFIED.,.F.,.F.,
  (2,2),(10.421540973535,17.432250288762),.PIECEWISE_BEZIER_KNOTS.);
#964 = CARTESIAN_POINT('',(10.462043856405,1.));
#965 = CARTESIAN_POINT('',(17.5,1.));
#966 = ( GEOMETRIC_REPRESENTATION_CONTEXT(2) 
PARAMETRIC_REPRESENTATION_CONTEXT() REPRESENTATION_CONTEXT('2D SPACE',''
  ) );
#967 = PCURVE('',#721,#968);
#968 = DEFINITIONAL_REPRESENTATION('',(#969),#973);
#969 = LINE('',#970,#971);
#970 = CARTESIAN_POINT('',(23.166343885728,-7.667702186566));
#971 = VECTOR('',#972,1.);
#972 = DIRECTION('',(0.898067688831,0.439857279442));
#973 = ( GEOMETRIC_REPRESENTATION_CONTEXT(2) 
PARAMETRIC_REPRESENTATION_CONTEXT() REPRESENTATION_CONTEXT('2D SPACE',''
  ) );
#974 = ORIENTED_EDGE('',*,*,#975,.F.);
#975 = EDGE_CURVE('',#976,#954,#978,.T.);
#976 = VERTEX_POINT('',#977);
#977 = CARTESIAN_POINT('',(8.538175712165,-31.08291399814,15.9192));
#978 = SURFACE_CURVE('',#979,(#985,#994),.PCURVE_S1.);
#979 = B_SPLINE_CURVE_WITH_KNOTS('',3,(#980,#981,#982,#983,#984),
  .UNSPECIFIED.,.F.,.F.,(4,1,4),(0.,0.711875617837,1.),.UNSPECIFIED.);
#980 = CARTESIAN_POINT('',(8.538175712165,-31.08291399814,15.9192));
#981 = CARTESIAN_POINT('',(8.538134054535,-31.08339297396,
    15.921586564006));
#982 = CARTESIAN_POINT('',(8.538075528575,-31.08407237752,
    15.924939514037));
#983 = CARTESIAN_POINT('',(8.538017118688,-31.08476006151,
    15.928285814205));
#984 = CARTESIAN_POINT('',(8.538000288762,-31.08495902646,15.92925));
#985 = PCURVE('',#543,#986);
#986 = DEFINITIONAL_REPRESENTATION('',(#987),#993);
#987 = B_SPLINE_CURVE_WITH_KNOTS('',3,(#988,#989,#990,#991,#992),
  .UNSPECIFIED.,.F.,.F.,(4,1,4),(0.,0.711875617837,1.),.UNSPECIFIED.);
#988 = CARTESIAN_POINT('',(10.463991531898,0.998870056497));
#989 = CARTESIAN_POINT('',(10.463535704808,0.999138383113));
#990 = CARTESIAN_POINT('',(10.46288879385,0.999515362626));
#991 = CARTESIAN_POINT('',(10.462233494066,0.99989159448));
#992 = CARTESIAN_POINT('',(10.462043856405,1.));
#993 = ( GEOMETRIC_REPRESENTATION_CONTEXT(2) 
PARAMETRIC_REPRESENTATION_CONTEXT() REPRESENTATION_CONTEXT('2D SPACE',''
  ) );
#994 = PCURVE('',#995,#1000);
#995 = CONICAL_SURFACE('',#996,0.603,4.129881836961E-02);
#996 = AXIS2_PLACEMENT_3D('',#997,#998,#999);
#997 = CARTESIAN_POINT('',(7.9395,-31.155,15.9192));
#998 = DIRECTION('',(0.,0.,-1.));
#999 = DIRECTION('',(1.,0.,0.));
#1000 = DEFINITIONAL_REPRESENTATION('',(#1001),#1007);
#1001 = B_SPLINE_CURVE_WITH_KNOTS('',3,(#1002,#1003,#1004,#1005,#1006),
  .UNSPECIFIED.,.F.,.F.,(4,1,4),(0.,0.711875617837,1.),.UNSPECIFIED.);
#1002 = CARTESIAN_POINT('',(-0.119832196047,0.));
#1003 = CARTESIAN_POINT('',(-0.119051829603,-2.386564006312E-03));
#1004 = CARTESIAN_POINT('',(-0.117944268287,-5.739514037083E-03));
#1005 = CARTESIAN_POINT('',(-0.11682227012,-9.085814205021E-03));
#1006 = CARTESIAN_POINT('',(-0.116497568692,-1.005E-02));
#1007 = ( GEOMETRIC_REPRESENTATION_CONTEXT(2) 
PARAMETRIC_REPRESENTATION_CONTEXT() REPRESENTATION_CONTEXT('2D SPACE',''
  ) );
#1008 = ORIENTED_EDGE('',*,*,#1009,.T.);
#1009 = EDGE_CURVE('',#976,#1010,#1012,.T.);
#1010 = VERTEX_POINT('',#1011);
#1011 = CARTESIAN_POINT('',(8.538175712165,-31.22708600185,15.9192));
#1012 = SURFACE_CURVE('',#1013,(#1016,#1022),.PCURVE_S1.);
#1013 = B_SPLINE_CURVE_WITH_KNOTS('',1,(#1014,#1015),.UNSPECIFIED.,.F.,
  .F.,(2,2),(0.,1.),.PIECEWISE_BEZIER_KNOTS.);
#1014 = CARTESIAN_POINT('',(8.538175712165,-30.552,15.9192));
#1015 = CARTESIAN_POINT('',(8.538175712165,-31.758,15.9192));
#1016 = PCURVE('',#543,#1017);
#1017 = DEFINITIONAL_REPRESENTATION('',(#1018),#1021);
#1018 = B_SPLINE_CURVE_WITH_KNOTS('',1,(#1019,#1020),.UNSPECIFIED.,.F.,
  .F.,(2,2),(0.440227195805,0.559772804195),.PIECEWISE_BEZIER_KNOTS.);
#1019 = CARTESIAN_POINT('',(10.463991531898,0.998870056497));
#1020 = CARTESIAN_POINT('',(10.319260666169,0.998870056497));
#1021 = ( GEOMETRIC_REPRESENTATION_CONTEXT(2) 
PARAMETRIC_REPRESENTATION_CONTEXT() REPRESENTATION_CONTEXT('2D SPACE',''
  ) );
#1022 = PCURVE('',#1023,#1028);
#1023 = PLANE('',#1024);
#1024 = AXIS2_PLACEMENT_3D('',#1025,#1026,#1027);
#1025 = CARTESIAN_POINT('',(7.9395,-31.155,15.9192));
#1026 = DIRECTION('',(0.,0.,1.));
#1027 = DIRECTION('',(1.,0.,0.));
#1028 = DEFINITIONAL_REPRESENTATION('',(#1029),#1032);
#1029 = B_SPLINE_CURVE_WITH_KNOTS('',1,(#1030,#1031),.UNSPECIFIED.,.F.,
  .F.,(2,2),(0.,1.),.PIECEWISE_BEZIER_KNOTS.);
#1030 = CARTESIAN_POINT('',(0.598675712165,0.603));
#1031 = CARTESIAN_POINT('',(0.598675712165,-0.603));
#1032 = ( GEOMETRIC_REPRESENTATION_CONTEXT(2) 
PARAMETRIC_REPRESENTATION_CONTEXT() REPRESENTATION_CONTEXT('2D SPACE',''
  ) );
#1033 = ORIENTED_EDGE('',*,*,#1034,.T.);
#1034 = EDGE_CURVE('',#1010,#1035,#1037,.T.);
#1035 = VERTEX_POINT('',#1036);
#1036 = CARTESIAN_POINT('',(8.538000288762,-31.22504097353,15.92925));
#1037 = SURFACE_CURVE('',#1038,(#1044,#1053),.PCURVE_S1.);
#1038 = B_SPLINE_CURVE_WITH_KNOTS('',3,(#1039,#1040,#1041,#1042,#1043),
  .UNSPECIFIED.,.F.,.F.,(4,1,4),(0.,0.704387753239,1.),.UNSPECIFIED.);
#1039 = CARTESIAN_POINT('',(8.538175712165,-31.22708600185,15.9192));
#1040 = CARTESIAN_POINT('',(8.538134492223,-31.22661205853,
    15.921561488856));
#1041 = CARTESIAN_POINT('',(8.53807596475,-31.22593270527,15.92491452558
    ));
#1042 = CARTESIAN_POINT('',(8.538017555893,-31.22524510716,
    15.928260766723));
#1043 = CARTESIAN_POINT('',(8.538000288762,-31.22504097353,15.92925));
#1044 = PCURVE('',#543,#1045);
#1045 = DEFINITIONAL_REPRESENTATION('',(#1046),#1052);
#1046 = B_SPLINE_CURVE_WITH_KNOTS('',3,(#1047,#1048,#1049,#1050,#1051),
  .UNSPECIFIED.,.F.,.F.,(4,1,4),(0.,0.704387753239,1.),.UNSPECIFIED.);
#1047 = CARTESIAN_POINT('',(10.319260666169,0.998870056497));
#1048 = CARTESIAN_POINT('',(10.319760847133,0.999135563859));
#1049 = CARTESIAN_POINT('',(10.320477484646,0.999512553119));
#1050 = CARTESIAN_POINT('',(10.32120233607,0.999888778337));
#1051 = CARTESIAN_POINT('',(10.32141748671,1.));
#1052 = ( GEOMETRIC_REPRESENTATION_CONTEXT(2) 
PARAMETRIC_REPRESENTATION_CONTEXT() REPRESENTATION_CONTEXT('2D SPACE',''
  ) );
#1053 = PCURVE('',#995,#1054);
#1054 = DEFINITIONAL_REPRESENTATION('',(#1055),#1061);
#1055 = B_SPLINE_CURVE_WITH_KNOTS('',3,(#1056,#1057,#1058,#1059,#1060),
  .UNSPECIFIED.,.F.,.F.,(4,1,4),(0.,0.704387753239,1.),.UNSPECIFIED.);
#1056 = CARTESIAN_POINT('',(-6.163353111133,0.));
#1057 = CARTESIAN_POINT('',(-6.164125278423,-2.361488856369E-03));
#1058 = CARTESIAN_POINT('',(-6.165232750994,-5.714525579659E-03));
#1059 = CARTESIAN_POINT('',(-6.166354602012,-9.060766723198E-03));
#1060 = CARTESIAN_POINT('',(-6.166687738487,-1.005E-02));
#1061 = ( GEOMETRIC_REPRESENTATION_CONTEXT(2) 
PARAMETRIC_REPRESENTATION_CONTEXT() REPRESENTATION_CONTEXT('2D SPACE',''
  ) );
#1062 = ORIENTED_EDGE('',*,*,#1063,.F.);
#1063 = EDGE_CURVE('',#1064,#1035,#1066,.T.);
#1064 = VERTEX_POINT('',#1065);
#1065 = CARTESIAN_POINT('',(8.538000288762,-49.17495902646,15.92925));
#1066 = SURFACE_CURVE('',#1067,(#1071,#1077),.PCURVE_S1.);
#1067 = LINE('',#1068,#1069);
#1068 = CARTESIAN_POINT('',(8.538000288762,-41.5065,15.92925));
#1069 = VECTOR('',#1070,1.);
#1070 = DIRECTION('',(0.,1.,0.));
#1071 = PCURVE('',#543,#1072);
#1072 = DEFINITIONAL_REPRESENTATION('',(#1073),#1076);
#1073 = B_SPLINE_CURVE_WITH_KNOTS('',1,(#1074,#1075),.UNSPECIFIED.,.F.,
  .F.,(2,2),(-7.668459026464,10.281459026465),.PIECEWISE_BEZIER_KNOTS.);
#1074 = CARTESIAN_POINT('',(-7.698262171559,1.));
#1075 = CARTESIAN_POINT('',(10.32141748671,1.));
#1076 = ( GEOMETRIC_REPRESENTATION_CONTEXT(2) 
PARAMETRIC_REPRESENTATION_CONTEXT() REPRESENTATION_CONTEXT('2D SPACE',''
  ) );
#1077 = PCURVE('',#721,#1078);
#1078 = DEFINITIONAL_REPRESENTATION('',(#1079),#1083);
#1079 = LINE('',#1080,#1081);
#1080 = CARTESIAN_POINT('',(23.166343885728,-7.667702186566));
#1081 = VECTOR('',#1082,1.);
#1082 = DIRECTION('',(0.898067688831,0.439857279442));
#1083 = ( GEOMETRIC_REPRESENTATION_CONTEXT(2) 
PARAMETRIC_REPRESENTATION_CONTEXT() REPRESENTATION_CONTEXT('2D SPACE',''
  ) );
#1084 = ORIENTED_EDGE('',*,*,#1085,.F.);
#1085 = EDGE_CURVE('',#1086,#1064,#1088,.T.);
#1086 = VERTEX_POINT('',#1087);
#1087 = CARTESIAN_POINT('',(8.538175712165,-49.17291399814,15.9192));
#1088 = SURFACE_CURVE('',#1089,(#1095,#1104),.PCURVE_S1.);
#1089 = B_SPLINE_CURVE_WITH_KNOTS('',3,(#1090,#1091,#1092,#1093,#1094),
  .UNSPECIFIED.,.F.,.F.,(4,1,4),(0.,0.704744933067,1.),.UNSPECIFIED.);
#1090 = CARTESIAN_POINT('',(8.538175712165,-49.17291399814,15.9192));
#1091 = CARTESIAN_POINT('',(8.538134471366,-49.17338818128,
    15.921562683776));
#1092 = CARTESIAN_POINT('',(8.538075944064,-49.17406753576,
    15.924915710648));
#1093 = CARTESIAN_POINT('',(8.538017535059,-49.17475513914,
    15.928261960324));
#1094 = CARTESIAN_POINT('',(8.538000288762,-49.17495902646,15.92925));
#1095 = PCURVE('',#543,#1096);
#1096 = DEFINITIONAL_REPRESENTATION('',(#1097),#1103);
#1097 = B_SPLINE_CURVE_WITH_KNOTS('',3,(#1098,#1099,#1100,#1101,#1102),
  .UNSPECIFIED.,.F.,.F.,(4,1,4),(0.,0.704744933067,1.),.UNSPECIFIED.);
#1098 = CARTESIAN_POINT('',(-7.696131747967,0.998870056497));
#1099 = CARTESIAN_POINT('',(-7.69662597635,0.999135698207));
#1100 = CARTESIAN_POINT('',(-7.697333808089,0.999512686359));
#1101 = CARTESIAN_POINT('',(-7.698049875692,0.999888912536));
#1102 = CARTESIAN_POINT('',(-7.698262171559,1.));
#1103 = ( GEOMETRIC_REPRESENTATION_CONTEXT(2) 
PARAMETRIC_REPRESENTATION_CONTEXT() REPRESENTATION_CONTEXT('2D SPACE',''
  ) );
#1104 = PCURVE('',#1105,#1110);
#1105 = CONICAL_SURFACE('',#1106,0.603,4.129881836961E-02);
#1106 = AXIS2_PLACEMENT_3D('',#1107,#1108,#1109);
#1107 = CARTESIAN_POINT('',(7.9395,-49.245,15.9192));
#1108 = DIRECTION('',(0.,0.,-1.));
#1109 = DIRECTION('',(1.,0.,0.));
#1110 = DEFINITIONAL_REPRESENTATION('',(#1111),#1117);
#1111 = B_SPLINE_CURVE_WITH_KNOTS('',3,(#1112,#1113,#1114,#1115,#1116),
  .UNSPECIFIED.,.F.,.F.,(4,1,4),(0.,0.704744933067,1.),.UNSPECIFIED.);
#1112 = CARTESIAN_POINT('',(-0.119832196047,0.));
#1113 = CARTESIAN_POINT('',(-0.119059638038,-2.362683775624E-03));
#1114 = CARTESIAN_POINT('',(-0.117952163147,-5.715710648045E-03));
#1115 = CARTESIAN_POINT('',(-0.116830303207,-9.061960323938E-03));
#1116 = CARTESIAN_POINT('',(-0.116497568692,-1.005E-02));
#1117 = ( GEOMETRIC_REPRESENTATION_CONTEXT(2) 
PARAMETRIC_REPRESENTATION_CONTEXT() REPRESENTATION_CONTEXT('2D SPACE',''
  ) );
#1118 = ORIENTED_EDGE('',*,*,#1119,.T.);
#1119 = EDGE_CURVE('',#1086,#1120,#1122,.T.);
#1120 = VERTEX_POINT('',#1121);
#1121 = CARTESIAN_POINT('',(8.538175712165,-49.31708600185,15.9192));
#1122 = SURFACE_CURVE('',#1123,(#1126,#1132),.PCURVE_S1.);
#1123 = B_SPLINE_CURVE_WITH_KNOTS('',1,(#1124,#1125),.UNSPECIFIED.,.F.,
  .F.,(2,2),(0.,1.),.PIECEWISE_BEZIER_KNOTS.);
#1124 = CARTESIAN_POINT('',(8.538175712165,-48.642,15.9192));
#1125 = CARTESIAN_POINT('',(8.538175712165,-49.848,15.9192));
#1126 = PCURVE('',#543,#1127);
#1127 = DEFINITIONAL_REPRESENTATION('',(#1128),#1131);
#1128 = B_SPLINE_CURVE_WITH_KNOTS('',1,(#1129,#1130),.UNSPECIFIED.,.F.,
  .F.,(2,2),(0.440227195805,0.559772804195),.PIECEWISE_BEZIER_KNOTS.);
#1129 = CARTESIAN_POINT('',(-7.696131747967,0.998870056497));
#1130 = CARTESIAN_POINT('',(-7.840862613696,0.998870056497));
#1131 = ( GEOMETRIC_REPRESENTATION_CONTEXT(2) 
PARAMETRIC_REPRESENTATION_CONTEXT() REPRESENTATION_CONTEXT('2D SPACE',''
  ) );
#1132 = PCURVE('',#1133,#1138);
#1133 = PLANE('',#1134);
#1134 = AXIS2_PLACEMENT_3D('',#1135,#1136,#1137);
#1135 = CARTESIAN_POINT('',(7.9395,-49.245,15.9192));
#1136 = DIRECTION('',(0.,0.,1.));
#1137 = DIRECTION('',(1.,0.,0.));
#1138 = DEFINITIONAL_REPRESENTATION('',(#1139),#1142);
#1139 = B_SPLINE_CURVE_WITH_KNOTS('',1,(#1140,#1141),.UNSPECIFIED.,.F.,
  .F.,(2,2),(0.,1.),.PIECEWISE_BEZIER_KNOTS.);
#1140 = CARTESIAN_POINT('',(0.598675712165,0.603));
#1141 = CARTESIAN_POINT('',(0.598675712165,-0.603));
#1142 = ( GEOMETRIC_REPRESENTATION_CONTEXT(2) 
PARAMETRIC_REPRESENTATION_CONTEXT() REPRESENTATION_CONTEXT('2D SPACE',''
  ) );
#1143 = ORIENTED_EDGE('',*,*,#1144,.T.);
#1144 = EDGE_CURVE('',#1120,#1145,#1147,.T.);
#1145 = VERTEX_POINT('',#1146);
#1146 = CARTESIAN_POINT('',(8.538000288762,-49.31504097353,15.92925));
#1147 = SURFACE_CURVE('',#1148,(#1154,#1163),.PCURVE_S1.);
#1148 = B_SPLINE_CURVE_WITH_KNOTS('',3,(#1149,#1150,#1151,#1152,#1153),
  .UNSPECIFIED.,.F.,.F.,(4,1,4),(0.,0.710290627049,1.),.UNSPECIFIED.);
#1149 = CARTESIAN_POINT('',(8.538175712165,-49.31708600185,15.9192));
#1150 = CARTESIAN_POINT('',(8.538134147205,-49.31660809154,
    15.921581254934));
#1151 = CARTESIAN_POINT('',(8.538075621033,-49.31592869991,
    15.924934217083));
#1152 = CARTESIAN_POINT('',(8.538017211256,-49.31524103282,
    15.928280510991));
#1153 = CARTESIAN_POINT('',(8.538000288762,-49.31504097353,15.92925));
#1154 = PCURVE('',#543,#1155);
#1155 = DEFINITIONAL_REPRESENTATION('',(#1156),#1162);
#1156 = B_SPLINE_CURVE_WITH_KNOTS('',3,(#1157,#1158,#1159,#1160,#1161),
  .UNSPECIFIED.,.F.,.F.,(4,1,4),(0.,0.710290627049,1.),.UNSPECIFIED.);
#1157 = CARTESIAN_POINT('',(-7.840862613696,0.998870056497));
#1158 = CARTESIAN_POINT('',(-7.840401546173,0.999137786203));
#1159 = CARTESIAN_POINT('',(-7.839745840586,0.999514767078));
#1160 = CARTESIAN_POINT('',(-7.839081768409,0.999890998228));
#1161 = CARTESIAN_POINT('',(-7.838888541255,1.));
#1162 = ( GEOMETRIC_REPRESENTATION_CONTEXT(2) 
PARAMETRIC_REPRESENTATION_CONTEXT() REPRESENTATION_CONTEXT('2D SPACE',''
  ) );
#1163 = PCURVE('',#1105,#1164);
#1164 = DEFINITIONAL_REPRESENTATION('',(#1165),#1171);
#1165 = B_SPLINE_CURVE_WITH_KNOTS('',3,(#1166,#1167,#1168,#1169,#1170),
  .UNSPECIFIED.,.F.,.F.,(4,1,4),(0.,0.710290627049,1.),.UNSPECIFIED.);
#1166 = CARTESIAN_POINT('',(-6.163353111133,0.));
#1167 = CARTESIAN_POINT('',(-6.164131741599,-2.381254934328E-03));
#1168 = CARTESIAN_POINT('',(-6.165239282045,-5.734217082899E-03));
#1169 = CARTESIAN_POINT('',(-6.166361251138,-9.08051099099E-03));
#1170 = CARTESIAN_POINT('',(-6.166687738487,-1.005E-02));
#1171 = ( GEOMETRIC_REPRESENTATION_CONTEXT(2) 
PARAMETRIC_REPRESENTATION_CONTEXT() REPRESENTATION_CONTEXT('2D SPACE',''
  ) );
#1172 = ORIENTED_EDGE('',*,*,#1173,.F.);
#1173 = EDGE_CURVE('',#687,#1145,#1174,.T.);
#1174 = SURFACE_CURVE('',#1175,(#1179,#1185),.PCURVE_S1.);
#1175 = LINE('',#1176,#1177);
#1176 = CARTESIAN_POINT('',(8.538000288762,-41.5065,15.92925));
#1177 = VECTOR('',#1178,1.);
#1178 = DIRECTION('',(0.,1.,0.));
#1179 = PCURVE('',#543,#1180);
#1180 = DEFINITIONAL_REPRESENTATION('',(#1181),#1184);
#1181 = B_SPLINE_CURVE_WITH_KNOTS('',1,(#1182,#1183),.UNSPECIFIED.,.F.,
  .F.,(2,2),(-17.43225028876,-7.808540973536),.PIECEWISE_BEZIER_KNOTS.);
#1182 = CARTESIAN_POINT('',(-17.5,1.));
#1183 = CARTESIAN_POINT('',(-7.838888541255,1.));
#1184 = ( GEOMETRIC_REPRESENTATION_CONTEXT(2) 
PARAMETRIC_REPRESENTATION_CONTEXT() REPRESENTATION_CONTEXT('2D SPACE',''
  ) );
#1185 = PCURVE('',#721,#1186);
#1186 = DEFINITIONAL_REPRESENTATION('',(#1187),#1191);
#1187 = LINE('',#1188,#1189);
#1188 = CARTESIAN_POINT('',(23.166343885728,-7.667702186566));
#1189 = VECTOR('',#1190,1.);
#1190 = DIRECTION('',(0.898067688831,0.439857279442));
#1191 = ( GEOMETRIC_REPRESENTATION_CONTEXT(2) 
PARAMETRIC_REPRESENTATION_CONTEXT() REPRESENTATION_CONTEXT('2D SPACE',''
  ) );
#1192 = ADVANCED_FACE('',(#1193),#624,.F.);
#1193 = FACE_BOUND('',#1194,.F.);
#1194 = EDGE_LOOP('',(#1195,#1196,#1197,#1217));
#1195 = ORIENTED_EDGE('',*,*,#851,.F.);
#1196 = ORIENTED_EDGE('',*,*,#608,.T.);
#1197 = ORIENTED_EDGE('',*,*,#1198,.T.);
#1198 = EDGE_CURVE('',#582,#1199,#1201,.T.);
#1199 = VERTEX_POINT('',#1200);
#1200 = CARTESIAN_POINT('',(14.838915319494,-43.68241531949,9.045));
#1201 = SURFACE_CURVE('',#1202,(#1205,#1211),.PCURVE_S1.);
#1202 = B_SPLINE_CURVE_WITH_KNOTS('',1,(#1203,#1204),.UNSPECIFIED.,.F.,
  .F.,(2,2),(0.,1.),.PIECEWISE_BEZIER_KNOTS.);
#1203 = CARTESIAN_POINT('',(14.874,-43.7175,7.035));
#1204 = CARTESIAN_POINT('',(14.838915319494,-43.68241531949,9.045));
#1205 = PCURVE('',#624,#1206);
#1206 = DEFINITIONAL_REPRESENTATION('',(#1207),#1210);
#1207 = B_SPLINE_CURVE_WITH_KNOTS('',1,(#1208,#1209),.UNSPECIFIED.,.F.,
  .F.,(2,2),(0.,1.),.PIECEWISE_BEZIER_KNOTS.);
#1208 = CARTESIAN_POINT('',(3.325,0.));
#1209 = CARTESIAN_POINT('',(3.325,1.));
#1210 = ( GEOMETRIC_REPRESENTATION_CONTEXT(2) 
PARAMETRIC_REPRESENTATION_CONTEXT() REPRESENTATION_CONTEXT('2D SPACE',''
  ) );
#1211 = PCURVE('',#597,#1212);
#1212 = DEFINITIONAL_REPRESENTATION('',(#1213),#1216);
#1213 = B_SPLINE_CURVE_WITH_KNOTS('',1,(#1214,#1215),.UNSPECIFIED.,.F.,
  .F.,(2,2),(0.,1.),.PIECEWISE_BEZIER_KNOTS.);
#1214 = CARTESIAN_POINT('',(-3.5,0.));
#1215 = CARTESIAN_POINT('',(-3.5,1.));
#1216 = ( GEOMETRIC_REPRESENTATION_CONTEXT(2) 
PARAMETRIC_REPRESENTATION_CONTEXT() REPRESENTATION_CONTEXT('2D SPACE',''
  ) );
#1217 = ORIENTED_EDGE('',*,*,#1218,.F.);
#1218 = EDGE_CURVE('',#852,#1199,#1219,.T.);
#1219 = SURFACE_CURVE('',#1220,(#1224,#1230),.PCURVE_S1.);
#1220 = LINE('',#1221,#1222);
#1221 = CARTESIAN_POINT('',(11.532375,-43.68241531949,9.045));
#1222 = VECTOR('',#1223,1.);
#1223 = DIRECTION('',(1.,0.,0.));
#1224 = PCURVE('',#624,#1225);
#1225 = DEFINITIONAL_REPRESENTATION('',(#1226),#1229);
#1226 = B_SPLINE_CURVE_WITH_KNOTS('',1,(#1227,#1228),.UNSPECIFIED.,.F.,
  .F.,(2,2),(-2.874209680506,3.306540319494),.PIECEWISE_BEZIER_KNOTS.);
#1227 = CARTESIAN_POINT('',(-2.890255755037,1.));
#1228 = CARTESIAN_POINT('',(3.325,1.));
#1229 = ( GEOMETRIC_REPRESENTATION_CONTEXT(2) 
PARAMETRIC_REPRESENTATION_CONTEXT() REPRESENTATION_CONTEXT('2D SPACE',''
  ) );
#1230 = PCURVE('',#894,#1231);
#1231 = DEFINITIONAL_REPRESENTATION('',(#1232),#1236);
#1232 = LINE('',#1233,#1234);
#1233 = CARTESIAN_POINT('',(2.276742889337,-2.397842926527));
#1234 = VECTOR('',#1235,1.);
#1235 = DIRECTION('',(0.688557425389,-0.725181819919));
#1236 = ( GEOMETRIC_REPRESENTATION_CONTEXT(2) 
PARAMETRIC_REPRESENTATION_CONTEXT() REPRESENTATION_CONTEXT('2D SPACE',''
  ) );
#1237 = ADVANCED_FACE('',(#1238),#597,.F.);
#1238 = FACE_BOUND('',#1239,.F.);
#1239 = EDGE_LOOP('',(#1240,#1241,#1261,#1281));
#1240 = ORIENTED_EDGE('',*,*,#581,.T.);
#1241 = ORIENTED_EDGE('',*,*,#1242,.T.);
#1242 = EDGE_CURVE('',#555,#1243,#1245,.T.);
#1243 = VERTEX_POINT('',#1244);
#1244 = CARTESIAN_POINT('',(14.838915319494,-36.7175846805,9.045));
#1245 = SURFACE_CURVE('',#1246,(#1249,#1255),.PCURVE_S1.);
#1246 = B_SPLINE_CURVE_WITH_KNOTS('',1,(#1247,#1248),.UNSPECIFIED.,.F.,
  .F.,(2,2),(0.,1.),.PIECEWISE_BEZIER_KNOTS.);
#1247 = CARTESIAN_POINT('',(14.874,-36.6825,7.035));
#1248 = CARTESIAN_POINT('',(14.838915319494,-36.7175846805,9.045));
#1249 = PCURVE('',#597,#1250);
#1250 = DEFINITIONAL_REPRESENTATION('',(#1251),#1254);
#1251 = B_SPLINE_CURVE_WITH_KNOTS('',1,(#1252,#1253),.UNSPECIFIED.,.F.,
  .F.,(2,2),(0.,1.),.PIECEWISE_BEZIER_KNOTS.);
#1252 = CARTESIAN_POINT('',(3.5,0.));
#1253 = CARTESIAN_POINT('',(3.5,1.));
#1254 = ( GEOMETRIC_REPRESENTATION_CONTEXT(2) 
PARAMETRIC_REPRESENTATION_CONTEXT() REPRESENTATION_CONTEXT('2D SPACE',''
  ) );
#1255 = PCURVE('',#570,#1256);
#1256 = DEFINITIONAL_REPRESENTATION('',(#1257),#1260);
#1257 = B_SPLINE_CURVE_WITH_KNOTS('',1,(#1258,#1259),.UNSPECIFIED.,.F.,
  .F.,(2,2),(0.,1.),.PIECEWISE_BEZIER_KNOTS.);
#1258 = CARTESIAN_POINT('',(-3.325,0.));
#1259 = CARTESIAN_POINT('',(-3.325,1.));
#1260 = ( GEOMETRIC_REPRESENTATION_CONTEXT(2) 
PARAMETRIC_REPRESENTATION_CONTEXT() REPRESENTATION_CONTEXT('2D SPACE',''
  ) );
#1261 = ORIENTED_EDGE('',*,*,#1262,.F.);
#1262 = EDGE_CURVE('',#1199,#1243,#1263,.T.);
#1263 = SURFACE_CURVE('',#1264,(#1268,#1274),.PCURVE_S1.);
#1264 = LINE('',#1265,#1266);
#1265 = CARTESIAN_POINT('',(14.838915319494,-40.2,9.045));
#1266 = VECTOR('',#1267,1.);
#1267 = DIRECTION('',(0.,1.,0.));
#1268 = PCURVE('',#597,#1269);
#1269 = DEFINITIONAL_REPRESENTATION('',(#1270),#1273);
#1270 = B_SPLINE_CURVE_WITH_KNOTS('',1,(#1271,#1272),.UNSPECIFIED.,.F.,
  .F.,(2,2),(-3.482415319494,3.482415319494),.PIECEWISE_BEZIER_KNOTS.);
#1271 = CARTESIAN_POINT('',(-3.5,1.));
#1272 = CARTESIAN_POINT('',(3.5,1.));
#1273 = ( GEOMETRIC_REPRESENTATION_CONTEXT(2) 
PARAMETRIC_REPRESENTATION_CONTEXT() REPRESENTATION_CONTEXT('2D SPACE',''
  ) );
#1274 = PCURVE('',#894,#1275);
#1275 = DEFINITIONAL_REPRESENTATION('',(#1276),#1280);
#1276 = LINE('',#1277,#1278);
#1277 = CARTESIAN_POINT('',(7.078870057779,-2.397842926527));
#1278 = VECTOR('',#1279,1.);
#1279 = DIRECTION('',(0.725181819919,0.688557425389));
#1280 = ( GEOMETRIC_REPRESENTATION_CONTEXT(2) 
PARAMETRIC_REPRESENTATION_CONTEXT() REPRESENTATION_CONTEXT('2D SPACE',''
  ) );
#1281 = ORIENTED_EDGE('',*,*,#1198,.F.);
#1282 = ADVANCED_FACE('',(#1283),#570,.F.);
#1283 = FACE_BOUND('',#1284,.F.);
#1284 = EDGE_LOOP('',(#1285,#1286,#1287,#1307));
#1285 = ORIENTED_EDGE('',*,*,#554,.F.);
#1286 = ORIENTED_EDGE('',*,*,#905,.F.);
#1287 = ORIENTED_EDGE('',*,*,#1288,.T.);
#1288 = EDGE_CURVE('',#881,#1243,#1289,.T.);
#1289 = SURFACE_CURVE('',#1290,(#1294,#1300),.PCURVE_S1.);
#1290 = LINE('',#1291,#1292);
#1291 = CARTESIAN_POINT('',(11.532375,-36.7175846805,9.045));
#1292 = VECTOR('',#1293,1.);
#1293 = DIRECTION('',(1.,0.,0.));
#1294 = PCURVE('',#570,#1295);
#1295 = DEFINITIONAL_REPRESENTATION('',(#1296),#1299);
#1296 = B_SPLINE_CURVE_WITH_KNOTS('',1,(#1297,#1298),.UNSPECIFIED.,.F.,
  .F.,(2,2),(-2.874209680506,3.306540319494),.PIECEWISE_BEZIER_KNOTS.);
#1297 = CARTESIAN_POINT('',(2.890255755037,1.));
#1298 = CARTESIAN_POINT('',(-3.325,1.));
#1299 = ( GEOMETRIC_REPRESENTATION_CONTEXT(2) 
PARAMETRIC_REPRESENTATION_CONTEXT() REPRESENTATION_CONTEXT('2D SPACE',''
  ) );
#1300 = PCURVE('',#894,#1301);
#1301 = DEFINITIONAL_REPRESENTATION('',(#1302),#1306);
#1302 = LINE('',#1303,#1304);
#1303 = CARTESIAN_POINT('',(7.327511447547,2.397842926527));
#1304 = VECTOR('',#1305,1.);
#1305 = DIRECTION('',(0.688557425389,-0.725181819919));
#1306 = ( GEOMETRIC_REPRESENTATION_CONTEXT(2) 
PARAMETRIC_REPRESENTATION_CONTEXT() REPRESENTATION_CONTEXT('2D SPACE',''
  ) );
#1307 = ORIENTED_EDGE('',*,*,#1242,.F.);
#1308 = ADVANCED_FACE('',(#1309),#516,.F.);
#1309 = FACE_BOUND('',#1310,.F.);
#1310 = EDGE_LOOP('',(#1311,#1312,#1332,#1352));
#1311 = ORIENTED_EDGE('',*,*,#500,.F.);
#1312 = ORIENTED_EDGE('',*,*,#1313,.T.);
#1313 = EDGE_CURVE('',#479,#1314,#1316,.T.);
#1314 = VERTEX_POINT('',#1315);
#1315 = CARTESIAN_POINT('',(-8.538000288762,-24.07424971123,15.92925));
#1316 = SURFACE_CURVE('',#1317,(#1320,#1326),.PCURVE_S1.);
#1317 = B_SPLINE_CURVE_WITH_KNOTS('',1,(#1318,#1319),.UNSPECIFIED.,.F.,
  .F.,(2,2),(0.,1.),.PIECEWISE_BEZIER_KNOTS.);
#1318 = CARTESIAN_POINT('',(-8.69325,-23.919,7.035));
#1319 = CARTESIAN_POINT('',(-8.538000288762,-24.07424971123,15.92925));
#1320 = PCURVE('',#516,#1321);
#1321 = DEFINITIONAL_REPRESENTATION('',(#1322),#1325);
#1322 = B_SPLINE_CURVE_WITH_KNOTS('',1,(#1323,#1324),.UNSPECIFIED.,.F.,
  .F.,(2,2),(0.,1.),.PIECEWISE_BEZIER_KNOTS.);
#1323 = CARTESIAN_POINT('',(8.65,0.));
#1324 = CARTESIAN_POINT('',(8.65,1.));
#1325 = ( GEOMETRIC_REPRESENTATION_CONTEXT(2) 
PARAMETRIC_REPRESENTATION_CONTEXT() REPRESENTATION_CONTEXT('2D SPACE',''
  ) );
#1326 = PCURVE('',#386,#1327);
#1327 = DEFINITIONAL_REPRESENTATION('',(#1328),#1331);
#1328 = B_SPLINE_CURVE_WITH_KNOTS('',1,(#1329,#1330),.UNSPECIFIED.,.F.,
  .F.,(2,2),(0.,1.),.PIECEWISE_BEZIER_KNOTS.);
#1329 = CARTESIAN_POINT('',(-17.5,0.));
#1330 = CARTESIAN_POINT('',(-17.5,1.));
#1331 = ( GEOMETRIC_REPRESENTATION_CONTEXT(2) 
PARAMETRIC_REPRESENTATION_CONTEXT() REPRESENTATION_CONTEXT('2D SPACE',''
  ) );
#1332 = ORIENTED_EDGE('',*,*,#1333,.T.);
#1333 = EDGE_CURVE('',#1314,#934,#1334,.T.);
#1334 = SURFACE_CURVE('',#1335,(#1339,#1345),.PCURVE_S1.);
#1335 = LINE('',#1336,#1337);
#1336 = CARTESIAN_POINT('',(0.,-24.07424971123,15.92925));
#1337 = VECTOR('',#1338,1.);
#1338 = DIRECTION('',(1.,0.,0.));
#1339 = PCURVE('',#516,#1340);
#1340 = DEFINITIONAL_REPRESENTATION('',(#1341),#1344);
#1341 = B_SPLINE_CURVE_WITH_KNOTS('',1,(#1342,#1343),.UNSPECIFIED.,.F.,
  .F.,(2,2),(-8.538000288762,8.538000288762),.PIECEWISE_BEZIER_KNOTS.);
#1342 = CARTESIAN_POINT('',(8.65,1.));
#1343 = CARTESIAN_POINT('',(-8.65,1.));
#1344 = ( GEOMETRIC_REPRESENTATION_CONTEXT(2) 
PARAMETRIC_REPRESENTATION_CONTEXT() REPRESENTATION_CONTEXT('2D SPACE',''
  ) );
#1345 = PCURVE('',#721,#1346);
#1346 = DEFINITIONAL_REPRESENTATION('',(#1347),#1351);
#1347 = LINE('',#1348,#1349);
#1348 = CARTESIAN_POINT('',(35.066183034788,7.667702186566));
#1349 = VECTOR('',#1350,1.);
#1350 = DIRECTION('',(0.439857279442,-0.898067688831));
#1351 = ( GEOMETRIC_REPRESENTATION_CONTEXT(2) 
PARAMETRIC_REPRESENTATION_CONTEXT() REPRESENTATION_CONTEXT('2D SPACE',''
  ) );
#1352 = ORIENTED_EDGE('',*,*,#933,.F.);
#1353 = ADVANCED_FACE('',(#1354),#386,.F.);
#1354 = FACE_BOUND('',#1355,.F.);
#1355 = EDGE_LOOP('',(#1356,#1357,#1358,#1380,#1414,#1439,#1468,#1490,
    #1524,#1549,#1578,#1598,#1599,#1600,#1629,#1654));
#1356 = ORIENTED_EDGE('',*,*,#370,.F.);
#1357 = ORIENTED_EDGE('',*,*,#665,.T.);
#1358 = ORIENTED_EDGE('',*,*,#1359,.T.);
#1359 = EDGE_CURVE('',#666,#1360,#1362,.T.);
#1360 = VERTEX_POINT('',#1361);
#1361 = CARTESIAN_POINT('',(-8.538000288762,-49.31504097353,15.92925));
#1362 = SURFACE_CURVE('',#1363,(#1367,#1373),.PCURVE_S1.);
#1363 = LINE('',#1364,#1365);
#1364 = CARTESIAN_POINT('',(-8.538000288762,-41.5065,15.92925));
#1365 = VECTOR('',#1366,1.);
#1366 = DIRECTION('',(0.,1.,0.));
#1367 = PCURVE('',#386,#1368);
#1368 = DEFINITIONAL_REPRESENTATION('',(#1369),#1372);
#1369 = B_SPLINE_CURVE_WITH_KNOTS('',1,(#1370,#1371),.UNSPECIFIED.,.F.,
  .F.,(2,2),(-17.43225028876,-7.808540973536),.PIECEWISE_BEZIER_KNOTS.);
#1370 = CARTESIAN_POINT('',(17.5,1.));
#1371 = CARTESIAN_POINT('',(7.838888541255,1.));
#1372 = ( GEOMETRIC_REPRESENTATION_CONTEXT(2) 
PARAMETRIC_REPRESENTATION_CONTEXT() REPRESENTATION_CONTEXT('2D SPACE',''
  ) );
#1373 = PCURVE('',#721,#1374);
#1374 = DEFINITIONAL_REPRESENTATION('',(#1375),#1379);
#1375 = LINE('',#1376,#1377);
#1376 = CARTESIAN_POINT('',(15.655340727949,7.667702186566));
#1377 = VECTOR('',#1378,1.);
#1378 = DIRECTION('',(0.898067688831,0.439857279442));
#1379 = ( GEOMETRIC_REPRESENTATION_CONTEXT(2) 
PARAMETRIC_REPRESENTATION_CONTEXT() REPRESENTATION_CONTEXT('2D SPACE',''
  ) );
#1380 = ORIENTED_EDGE('',*,*,#1381,.F.);
#1381 = EDGE_CURVE('',#1382,#1360,#1384,.T.);
#1382 = VERTEX_POINT('',#1383);
#1383 = CARTESIAN_POINT('',(-8.538175712165,-49.31708600185,15.9192));
#1384 = SURFACE_CURVE('',#1385,(#1391,#1400),.PCURVE_S1.);
#1385 = B_SPLINE_CURVE_WITH_KNOTS('',3,(#1386,#1387,#1388,#1389,#1390),
  .UNSPECIFIED.,.F.,.F.,(4,1,4),(0.,0.710290627049,1.),.UNSPECIFIED.);
#1386 = CARTESIAN_POINT('',(-8.538175712165,-49.31708600185,15.9192));
#1387 = CARTESIAN_POINT('',(-8.538134147205,-49.31660809154,
    15.921581254934));
#1388 = CARTESIAN_POINT('',(-8.538075621033,-49.31592869991,
    15.924934217083));
#1389 = CARTESIAN_POINT('',(-8.538017211256,-49.31524103282,
    15.928280510991));
#1390 = CARTESIAN_POINT('',(-8.538000288762,-49.31504097353,15.92925));
#1391 = PCURVE('',#386,#1392);
#1392 = DEFINITIONAL_REPRESENTATION('',(#1393),#1399);
#1393 = B_SPLINE_CURVE_WITH_KNOTS('',3,(#1394,#1395,#1396,#1397,#1398),
  .UNSPECIFIED.,.F.,.F.,(4,1,4),(0.,0.710290627049,1.),.UNSPECIFIED.);
#1394 = CARTESIAN_POINT('',(7.840862613696,0.998870056497));
#1395 = CARTESIAN_POINT('',(7.840401546173,0.999137786203));
#1396 = CARTESIAN_POINT('',(7.839745840586,0.999514767078));
#1397 = CARTESIAN_POINT('',(7.839081768409,0.999890998228));
#1398 = CARTESIAN_POINT('',(7.838888541255,1.));
#1399 = ( GEOMETRIC_REPRESENTATION_CONTEXT(2) 
PARAMETRIC_REPRESENTATION_CONTEXT() REPRESENTATION_CONTEXT('2D SPACE',''
  ) );
#1400 = PCURVE('',#1401,#1406);
#1401 = CONICAL_SURFACE('',#1402,0.603,4.129881836961E-02);
#1402 = AXIS2_PLACEMENT_3D('',#1403,#1404,#1405);
#1403 = CARTESIAN_POINT('',(-7.9395,-49.245,15.9192));
#1404 = DIRECTION('',(0.,0.,-1.));
#1405 = DIRECTION('',(1.,0.,0.));
#1406 = DEFINITIONAL_REPRESENTATION('',(#1407),#1413);
#1407 = B_SPLINE_CURVE_WITH_KNOTS('',3,(#1408,#1409,#1410,#1411,#1412),
  .UNSPECIFIED.,.F.,.F.,(4,1,4),(0.,0.710290627049,1.),.UNSPECIFIED.);
#1408 = CARTESIAN_POINT('',(-3.261424849636,0.));
#1409 = CARTESIAN_POINT('',(-3.26064621917,-2.38125493433E-03));
#1410 = CARTESIAN_POINT('',(-3.259538678725,-5.734217082903E-03));
#1411 = CARTESIAN_POINT('',(-3.258416709632,-9.080510990992E-03));
#1412 = CARTESIAN_POINT('',(-3.258090222282,-1.005E-02));
#1413 = ( GEOMETRIC_REPRESENTATION_CONTEXT(2) 
PARAMETRIC_REPRESENTATION_CONTEXT() REPRESENTATION_CONTEXT('2D SPACE',''
  ) );
#1414 = ORIENTED_EDGE('',*,*,#1415,.T.);
#1415 = EDGE_CURVE('',#1382,#1416,#1418,.T.);
#1416 = VERTEX_POINT('',#1417);
#1417 = CARTESIAN_POINT('',(-8.538175712165,-49.17291399814,15.9192));
#1418 = SURFACE_CURVE('',#1419,(#1422,#1428),.PCURVE_S1.);
#1419 = B_SPLINE_CURVE_WITH_KNOTS('',1,(#1420,#1421),.UNSPECIFIED.,.F.,
  .F.,(2,2),(0.,1.),.PIECEWISE_BEZIER_KNOTS.);
#1420 = CARTESIAN_POINT('',(-8.538175712165,-49.848,15.9192));
#1421 = CARTESIAN_POINT('',(-8.538175712165,-48.642,15.9192));
#1422 = PCURVE('',#386,#1423);
#1423 = DEFINITIONAL_REPRESENTATION('',(#1424),#1427);
#1424 = B_SPLINE_CURVE_WITH_KNOTS('',1,(#1425,#1426),.UNSPECIFIED.,.F.,
  .F.,(2,2),(0.440227195805,0.559772804195),.PIECEWISE_BEZIER_KNOTS.);
#1425 = CARTESIAN_POINT('',(7.840862613696,0.998870056497));
#1426 = CARTESIAN_POINT('',(7.696131747967,0.998870056497));
#1427 = ( GEOMETRIC_REPRESENTATION_CONTEXT(2) 
PARAMETRIC_REPRESENTATION_CONTEXT() REPRESENTATION_CONTEXT('2D SPACE',''
  ) );
#1428 = PCURVE('',#1429,#1434);
#1429 = PLANE('',#1430);
#1430 = AXIS2_PLACEMENT_3D('',#1431,#1432,#1433);
#1431 = CARTESIAN_POINT('',(-7.9395,-49.245,15.9192));
#1432 = DIRECTION('',(0.,0.,1.));
#1433 = DIRECTION('',(1.,0.,0.));
#1434 = DEFINITIONAL_REPRESENTATION('',(#1435),#1438);
#1435 = B_SPLINE_CURVE_WITH_KNOTS('',1,(#1436,#1437),.UNSPECIFIED.,.F.,
  .F.,(2,2),(0.,1.),.PIECEWISE_BEZIER_KNOTS.);
#1436 = CARTESIAN_POINT('',(-0.598675712165,-0.603));
#1437 = CARTESIAN_POINT('',(-0.598675712165,0.603));
#1438 = ( GEOMETRIC_REPRESENTATION_CONTEXT(2) 
PARAMETRIC_REPRESENTATION_CONTEXT() REPRESENTATION_CONTEXT('2D SPACE',''
  ) );
#1439 = ORIENTED_EDGE('',*,*,#1440,.T.);
#1440 = EDGE_CURVE('',#1416,#1441,#1443,.T.);
#1441 = VERTEX_POINT('',#1442);
#1442 = CARTESIAN_POINT('',(-8.538000288762,-49.17495902646,15.92925));
#1443 = SURFACE_CURVE('',#1444,(#1450,#1459),.PCURVE_S1.);
#1444 = B_SPLINE_CURVE_WITH_KNOTS('',3,(#1445,#1446,#1447,#1448,#1449),
  .UNSPECIFIED.,.F.,.F.,(4,1,4),(0.,0.704744933063,1.),.UNSPECIFIED.);
#1445 = CARTESIAN_POINT('',(-8.538175712165,-49.17291399814,15.9192));
#1446 = CARTESIAN_POINT('',(-8.538134471366,-49.17338818128,
    15.921562683776));
#1447 = CARTESIAN_POINT('',(-8.538075944064,-49.17406753576,
    15.924915710648));
#1448 = CARTESIAN_POINT('',(-8.538017535059,-49.17475513914,
    15.928261960324));
#1449 = CARTESIAN_POINT('',(-8.538000288762,-49.17495902646,15.92925));
#1450 = PCURVE('',#386,#1451);
#1451 = DEFINITIONAL_REPRESENTATION('',(#1452),#1458);
#1452 = B_SPLINE_CURVE_WITH_KNOTS('',3,(#1453,#1454,#1455,#1456,#1457),
  .UNSPECIFIED.,.F.,.F.,(4,1,4),(0.,0.704744933063,1.),.UNSPECIFIED.);
#1453 = CARTESIAN_POINT('',(7.696131747967,0.998870056497));
#1454 = CARTESIAN_POINT('',(7.69662597635,0.999135698207));
#1455 = CARTESIAN_POINT('',(7.697333808089,0.999512686359));
#1456 = CARTESIAN_POINT('',(7.698049875692,0.999888912536));
#1457 = CARTESIAN_POINT('',(7.698262171559,1.));
#1458 = ( GEOMETRIC_REPRESENTATION_CONTEXT(2) 
PARAMETRIC_REPRESENTATION_CONTEXT() REPRESENTATION_CONTEXT('2D SPACE',''
  ) );
#1459 = PCURVE('',#1401,#1460);
#1460 = DEFINITIONAL_REPRESENTATION('',(#1461),#1467);
#1461 = B_SPLINE_CURVE_WITH_KNOTS('',3,(#1462,#1463,#1464,#1465,#1466),
  .UNSPECIFIED.,.F.,.F.,(4,1,4),(0.,0.704744933063,1.),.UNSPECIFIED.);
#1462 = CARTESIAN_POINT('',(-3.021760457543,0.));
#1463 = CARTESIAN_POINT('',(-3.022533015552,-2.362683775609E-03));
#1464 = CARTESIAN_POINT('',(-3.023640490443,-5.715710648038E-03));
#1465 = CARTESIAN_POINT('',(-3.024762350382,-9.061960323924E-03));
#1466 = CARTESIAN_POINT('',(-3.025095084897,-1.005E-02));
#1467 = ( GEOMETRIC_REPRESENTATION_CONTEXT(2) 
PARAMETRIC_REPRESENTATION_CONTEXT() REPRESENTATION_CONTEXT('2D SPACE',''
  ) );
#1468 = ORIENTED_EDGE('',*,*,#1469,.T.);
#1469 = EDGE_CURVE('',#1441,#1470,#1472,.T.);
#1470 = VERTEX_POINT('',#1471);
#1471 = CARTESIAN_POINT('',(-8.538000288762,-31.22504097353,15.92925));
#1472 = SURFACE_CURVE('',#1473,(#1477,#1483),.PCURVE_S1.);
#1473 = LINE('',#1474,#1475);
#1474 = CARTESIAN_POINT('',(-8.538000288762,-41.5065,15.92925));
#1475 = VECTOR('',#1476,1.);
#1476 = DIRECTION('',(0.,1.,0.));
#1477 = PCURVE('',#386,#1478);
#1478 = DEFINITIONAL_REPRESENTATION('',(#1479),#1482);
#1479 = B_SPLINE_CURVE_WITH_KNOTS('',1,(#1480,#1481),.UNSPECIFIED.,.F.,
  .F.,(2,2),(-7.668459026464,10.281459026465),.PIECEWISE_BEZIER_KNOTS.);
#1480 = CARTESIAN_POINT('',(7.698262171559,1.));
#1481 = CARTESIAN_POINT('',(-10.32141748671,1.));
#1482 = ( GEOMETRIC_REPRESENTATION_CONTEXT(2) 
PARAMETRIC_REPRESENTATION_CONTEXT() REPRESENTATION_CONTEXT('2D SPACE',''
  ) );
#1483 = PCURVE('',#721,#1484);
#1484 = DEFINITIONAL_REPRESENTATION('',(#1485),#1489);
#1485 = LINE('',#1486,#1487);
#1486 = CARTESIAN_POINT('',(15.655340727949,7.667702186566));
#1487 = VECTOR('',#1488,1.);
#1488 = DIRECTION('',(0.898067688831,0.439857279442));
#1489 = ( GEOMETRIC_REPRESENTATION_CONTEXT(2) 
PARAMETRIC_REPRESENTATION_CONTEXT() REPRESENTATION_CONTEXT('2D SPACE',''
  ) );
#1490 = ORIENTED_EDGE('',*,*,#1491,.F.);
#1491 = EDGE_CURVE('',#1492,#1470,#1494,.T.);
#1492 = VERTEX_POINT('',#1493);
#1493 = CARTESIAN_POINT('',(-8.538175712165,-31.22708600185,15.9192));
#1494 = SURFACE_CURVE('',#1495,(#1501,#1510),.PCURVE_S1.);
#1495 = B_SPLINE_CURVE_WITH_KNOTS('',3,(#1496,#1497,#1498,#1499,#1500),
  .UNSPECIFIED.,.F.,.F.,(4,1,4),(0.,0.704387753262,1.),.UNSPECIFIED.);
#1496 = CARTESIAN_POINT('',(-8.538175712165,-31.22708600185,15.9192));
#1497 = CARTESIAN_POINT('',(-8.538134492223,-31.22661205853,
    15.921561488856));
#1498 = CARTESIAN_POINT('',(-8.53807596475,-31.22593270527,
    15.92491452558));
#1499 = CARTESIAN_POINT('',(-8.538017555893,-31.22524510716,
    15.928260766723));
#1500 = CARTESIAN_POINT('',(-8.538000288762,-31.22504097353,15.92925));
#1501 = PCURVE('',#386,#1502);
#1502 = DEFINITIONAL_REPRESENTATION('',(#1503),#1509);
#1503 = B_SPLINE_CURVE_WITH_KNOTS('',3,(#1504,#1505,#1506,#1507,#1508),
  .UNSPECIFIED.,.F.,.F.,(4,1,4),(0.,0.704387753262,1.),.UNSPECIFIED.);
#1504 = CARTESIAN_POINT('',(-10.31926066616,0.998870056497));
#1505 = CARTESIAN_POINT('',(-10.31976084713,0.999135563859));
#1506 = CARTESIAN_POINT('',(-10.32047748464,0.999512553119));
#1507 = CARTESIAN_POINT('',(-10.32120233607,0.999888778337));
#1508 = CARTESIAN_POINT('',(-10.32141748671,1.));
#1509 = ( GEOMETRIC_REPRESENTATION_CONTEXT(2) 
PARAMETRIC_REPRESENTATION_CONTEXT() REPRESENTATION_CONTEXT('2D SPACE',''
  ) );
#1510 = PCURVE('',#1511,#1516);
#1511 = CONICAL_SURFACE('',#1512,0.603,4.129881836961E-02);
#1512 = AXIS2_PLACEMENT_3D('',#1513,#1514,#1515);
#1513 = CARTESIAN_POINT('',(-7.9395,-31.155,15.9192));
#1514 = DIRECTION('',(0.,0.,-1.));
#1515 = DIRECTION('',(1.,0.,0.));
#1516 = DEFINITIONAL_REPRESENTATION('',(#1517),#1523);
#1517 = B_SPLINE_CURVE_WITH_KNOTS('',3,(#1518,#1519,#1520,#1521,#1522),
  .UNSPECIFIED.,.F.,.F.,(4,1,4),(0.,0.704387753262,1.),.UNSPECIFIED.);
#1518 = CARTESIAN_POINT('',(-3.261424849636,0.));
#1519 = CARTESIAN_POINT('',(-3.260652682346,-2.361488856444E-03));
#1520 = CARTESIAN_POINT('',(-3.259545209775,-5.714525579734E-03));
#1521 = CARTESIAN_POINT('',(-3.258423358757,-9.060766723275E-03));
#1522 = CARTESIAN_POINT('',(-3.258090222282,-1.005E-02));
#1523 = ( GEOMETRIC_REPRESENTATION_CONTEXT(2) 
PARAMETRIC_REPRESENTATION_CONTEXT() REPRESENTATION_CONTEXT('2D SPACE',''
  ) );
#1524 = ORIENTED_EDGE('',*,*,#1525,.T.);
#1525 = EDGE_CURVE('',#1492,#1526,#1528,.T.);
#1526 = VERTEX_POINT('',#1527);
#1527 = CARTESIAN_POINT('',(-8.538175712165,-31.08291399814,15.9192));
#1528 = SURFACE_CURVE('',#1529,(#1532,#1538),.PCURVE_S1.);
#1529 = B_SPLINE_CURVE_WITH_KNOTS('',1,(#1530,#1531),.UNSPECIFIED.,.F.,
  .F.,(2,2),(0.,1.),.PIECEWISE_BEZIER_KNOTS.);
#1530 = CARTESIAN_POINT('',(-8.538175712165,-31.758,15.9192));
#1531 = CARTESIAN_POINT('',(-8.538175712165,-30.552,15.9192));
#1532 = PCURVE('',#386,#1533);
#1533 = DEFINITIONAL_REPRESENTATION('',(#1534),#1537);
#1534 = B_SPLINE_CURVE_WITH_KNOTS('',1,(#1535,#1536),.UNSPECIFIED.,.F.,
  .F.,(2,2),(0.440227195805,0.559772804195),.PIECEWISE_BEZIER_KNOTS.);
#1535 = CARTESIAN_POINT('',(-10.31926066616,0.998870056497));
#1536 = CARTESIAN_POINT('',(-10.46399153189,0.998870056497));
#1537 = ( GEOMETRIC_REPRESENTATION_CONTEXT(2) 
PARAMETRIC_REPRESENTATION_CONTEXT() REPRESENTATION_CONTEXT('2D SPACE',''
  ) );
#1538 = PCURVE('',#1539,#1544);
#1539 = PLANE('',#1540);
#1540 = AXIS2_PLACEMENT_3D('',#1541,#1542,#1543);
#1541 = CARTESIAN_POINT('',(-7.9395,-31.155,15.9192));
#1542 = DIRECTION('',(0.,0.,1.));
#1543 = DIRECTION('',(1.,0.,0.));
#1544 = DEFINITIONAL_REPRESENTATION('',(#1545),#1548);
#1545 = B_SPLINE_CURVE_WITH_KNOTS('',1,(#1546,#1547),.UNSPECIFIED.,.F.,
  .F.,(2,2),(0.,1.),.PIECEWISE_BEZIER_KNOTS.);
#1546 = CARTESIAN_POINT('',(-0.598675712165,-0.603));
#1547 = CARTESIAN_POINT('',(-0.598675712165,0.603));
#1548 = ( GEOMETRIC_REPRESENTATION_CONTEXT(2) 
PARAMETRIC_REPRESENTATION_CONTEXT() REPRESENTATION_CONTEXT('2D SPACE',''
  ) );
#1549 = ORIENTED_EDGE('',*,*,#1550,.T.);
#1550 = EDGE_CURVE('',#1526,#1551,#1553,.T.);
#1551 = VERTEX_POINT('',#1552);
#1552 = CARTESIAN_POINT('',(-8.538000288762,-31.08495902646,15.92925));
#1553 = SURFACE_CURVE('',#1554,(#1560,#1569),.PCURVE_S1.);
#1554 = B_SPLINE_CURVE_WITH_KNOTS('',3,(#1555,#1556,#1557,#1558,#1559),
  .UNSPECIFIED.,.F.,.F.,(4,1,4),(0.,0.711875617849,1.),.UNSPECIFIED.);
#1555 = CARTESIAN_POINT('',(-8.538175712165,-31.08291399814,15.9192));
#1556 = CARTESIAN_POINT('',(-8.538134054535,-31.08339297396,
    15.921586564006));
#1557 = CARTESIAN_POINT('',(-8.538075528575,-31.08407237752,
    15.924939514037));
#1558 = CARTESIAN_POINT('',(-8.538017118688,-31.08476006151,
    15.928285814205));
#1559 = CARTESIAN_POINT('',(-8.538000288762,-31.08495902646,15.92925));
#1560 = PCURVE('',#386,#1561);
#1561 = DEFINITIONAL_REPRESENTATION('',(#1562),#1568);
#1562 = B_SPLINE_CURVE_WITH_KNOTS('',3,(#1563,#1564,#1565,#1566,#1567),
  .UNSPECIFIED.,.F.,.F.,(4,1,4),(0.,0.711875617849,1.),.UNSPECIFIED.);
#1563 = CARTESIAN_POINT('',(-10.46399153189,0.998870056497));
#1564 = CARTESIAN_POINT('',(-10.4635357048,0.999138383113));
#1565 = CARTESIAN_POINT('',(-10.46288879385,0.999515362626));
#1566 = CARTESIAN_POINT('',(-10.46223349406,0.99989159448));
#1567 = CARTESIAN_POINT('',(-10.4620438564,1.));
#1568 = ( GEOMETRIC_REPRESENTATION_CONTEXT(2) 
PARAMETRIC_REPRESENTATION_CONTEXT() REPRESENTATION_CONTEXT('2D SPACE',''
  ) );
#1569 = PCURVE('',#1511,#1570);
#1570 = DEFINITIONAL_REPRESENTATION('',(#1571),#1577);
#1571 = B_SPLINE_CURVE_WITH_KNOTS('',3,(#1572,#1573,#1574,#1575,#1576),
  .UNSPECIFIED.,.F.,.F.,(4,1,4),(0.,0.711875617849,1.),.UNSPECIFIED.);
#1572 = CARTESIAN_POINT('',(-3.021760457543,0.));
#1573 = CARTESIAN_POINT('',(-3.022540823987,-2.386564006355E-03));
#1574 = CARTESIAN_POINT('',(-3.023648385303,-5.739514037136E-03));
#1575 = CARTESIAN_POINT('',(-3.02477038347,-9.085814205064E-03));
#1576 = CARTESIAN_POINT('',(-3.025095084897,-1.005E-02));
#1577 = ( GEOMETRIC_REPRESENTATION_CONTEXT(2) 
PARAMETRIC_REPRESENTATION_CONTEXT() REPRESENTATION_CONTEXT('2D SPACE',''
  ) );
#1578 = ORIENTED_EDGE('',*,*,#1579,.T.);
#1579 = EDGE_CURVE('',#1551,#1314,#1580,.T.);
#1580 = SURFACE_CURVE('',#1581,(#1585,#1591),.PCURVE_S1.);
#1581 = LINE('',#1582,#1583);
#1582 = CARTESIAN_POINT('',(-8.538000288762,-41.5065,15.92925));
#1583 = VECTOR('',#1584,1.);
#1584 = DIRECTION('',(0.,1.,0.));
#1585 = PCURVE('',#386,#1586);
#1586 = DEFINITIONAL_REPRESENTATION('',(#1587),#1590);
#1587 = B_SPLINE_CURVE_WITH_KNOTS('',1,(#1588,#1589),.UNSPECIFIED.,.F.,
  .F.,(2,2),(10.421540973535,17.432250288762),.PIECEWISE_BEZIER_KNOTS.);
#1588 = CARTESIAN_POINT('',(-10.4620438564,1.));
#1589 = CARTESIAN_POINT('',(-17.5,1.));
#1590 = ( GEOMETRIC_REPRESENTATION_CONTEXT(2) 
PARAMETRIC_REPRESENTATION_CONTEXT() REPRESENTATION_CONTEXT('2D SPACE',''
  ) );
#1591 = PCURVE('',#721,#1592);
#1592 = DEFINITIONAL_REPRESENTATION('',(#1593),#1597);
#1593 = LINE('',#1594,#1595);
#1594 = CARTESIAN_POINT('',(15.655340727949,7.667702186566));
#1595 = VECTOR('',#1596,1.);
#1596 = DIRECTION('',(0.898067688831,0.439857279442));
#1597 = ( GEOMETRIC_REPRESENTATION_CONTEXT(2) 
PARAMETRIC_REPRESENTATION_CONTEXT() REPRESENTATION_CONTEXT('2D SPACE',''
  ) );
#1598 = ORIENTED_EDGE('',*,*,#1313,.F.);
#1599 = ORIENTED_EDGE('',*,*,#478,.F.);
#1600 = ORIENTED_EDGE('',*,*,#1601,.T.);
#1601 = EDGE_CURVE('',#452,#1602,#1604,.T.);
#1602 = VERTEX_POINT('',#1603);
#1603 = CARTESIAN_POINT('',(-8.658165319494,-36.7175846805,9.045));
#1604 = SURFACE_CURVE('',#1605,(#1611,#1620),.PCURVE_S1.);
#1605 = B_SPLINE_CURVE_WITH_KNOTS('',4,(#1606,#1607,#1608,#1609,#1610),
  .UNSPECIFIED.,.F.,.F.,(5,5),(0.,1.),.PIECEWISE_BEZIER_KNOTS.);
#1606 = CARTESIAN_POINT('',(-8.69325,-36.6825,7.035));
#1607 = CARTESIAN_POINT('',(-8.68447875039,-36.69127124961,
    7.537504553637));
#1608 = CARTESIAN_POINT('',(-8.675707552866,-36.70004244713,
    8.040006123211));
#1609 = CARTESIAN_POINT('',(-8.666936408761,-36.70881359123,
    8.542504632475));
#1610 = CARTESIAN_POINT('',(-8.658165319494,-36.7175846805,9.045));
#1611 = PCURVE('',#386,#1612);
#1612 = DEFINITIONAL_REPRESENTATION('',(#1613),#1619);
#1613 = B_SPLINE_CURVE_WITH_KNOTS('',4,(#1614,#1615,#1616,#1617,#1618),
  .UNSPECIFIED.,.F.,.F.,(5,5),(0.,1.),.PIECEWISE_BEZIER_KNOTS.);
#1614 = CARTESIAN_POINT('',(-4.8,0.));
#1615 = CARTESIAN_POINT('',(-4.793666247616,5.649768711663E-02));
#1616 = CARTESIAN_POINT('',(-4.787324109449,0.112995038728));
#1617 = CARTESIAN_POINT('',(-4.78097356148,0.169492046263));
#1618 = CARTESIAN_POINT('',(-4.774614579571,0.225988700565));
#1619 = ( GEOMETRIC_REPRESENTATION_CONTEXT(2) 
PARAMETRIC_REPRESENTATION_CONTEXT() REPRESENTATION_CONTEXT('2D SPACE',''
  ) );
#1620 = PCURVE('',#467,#1621);
#1621 = DEFINITIONAL_REPRESENTATION('',(#1622),#1628);
#1622 = B_SPLINE_CURVE_WITH_KNOTS('',4,(#1623,#1624,#1625,#1626,#1627),
  .UNSPECIFIED.,.F.,.F.,(5,5),(0.,1.),.PIECEWISE_BEZIER_KNOTS.);
#1623 = CARTESIAN_POINT('',(-2.825000000002,2.699999739591E-11));
#1624 = CARTESIAN_POINT('',(-2.841142800296,0.250002265441));
#1625 = CARTESIAN_POINT('',(-2.857398497793,0.500003046418));
#1626 = CARTESIAN_POINT('',(-2.873768866108,0.750002304698));
#1627 = CARTESIAN_POINT('',(-2.890255755037,1.));
#1628 = ( GEOMETRIC_REPRESENTATION_CONTEXT(2) 
PARAMETRIC_REPRESENTATION_CONTEXT() REPRESENTATION_CONTEXT('2D SPACE',''
  ) );
#1629 = ORIENTED_EDGE('',*,*,#1630,.F.);
#1630 = EDGE_CURVE('',#1631,#1602,#1633,.T.);
#1631 = VERTEX_POINT('',#1632);
#1632 = CARTESIAN_POINT('',(-8.658165319494,-43.68241531949,9.045));
#1633 = SURFACE_CURVE('',#1634,(#1637,#1643),.PCURVE_S1.);
#1634 = B_SPLINE_CURVE_WITH_KNOTS('',1,(#1635,#1636),.UNSPECIFIED.,.F.,
  .F.,(2,2),(0.,1.),.PIECEWISE_BEZIER_KNOTS.);
#1635 = CARTESIAN_POINT('',(-8.658165319494,-44.13774164091,9.045));
#1636 = CARTESIAN_POINT('',(-8.658165319494,-36.30708835596,9.045));
#1637 = PCURVE('',#386,#1638);
#1638 = DEFINITIONAL_REPRESENTATION('',(#1639),#1642);
#1639 = B_SPLINE_CURVE_WITH_KNOTS('',1,(#1640,#1641),.UNSPECIFIED.,.F.,
  .F.,(2,2),(5.814665837585E-02,0.947578278644),
  .PIECEWISE_BEZIER_KNOTS.);
#1640 = CARTESIAN_POINT('',(2.169417564366,0.225988700565));
#1641 = CARTESIAN_POINT('',(-4.774614579571,0.225988700565));
#1642 = ( GEOMETRIC_REPRESENTATION_CONTEXT(2) 
PARAMETRIC_REPRESENTATION_CONTEXT() REPRESENTATION_CONTEXT('2D SPACE',''
  ) );
#1643 = PCURVE('',#1644,#1649);
#1644 = PLANE('',#1645);
#1645 = AXIS2_PLACEMENT_3D('',#1646,#1647,#1648);
#1646 = CARTESIAN_POINT('',(-14.83891531949,-43.68241531949,9.045));
#1647 = DIRECTION('',(0.,0.,1.));
#1648 = DIRECTION('',(0.688557425389,0.725181819919,-0.));
#1649 = DEFINITIONAL_REPRESENTATION('',(#1650),#1653);
#1650 = B_SPLINE_CURVE_WITH_KNOTS('',1,(#1651,#1652),.UNSPECIFIED.,.F.,
  .F.,(2,2),(0.,1.),.PIECEWISE_BEZIER_KNOTS.);
#1651 = CARTESIAN_POINT('',(3.925606936551,-4.795685853054));
#1652 = CARTESIAN_POINT('',(9.604254336884,0.596168611944));
#1653 = ( GEOMETRIC_REPRESENTATION_CONTEXT(2) 
PARAMETRIC_REPRESENTATION_CONTEXT() REPRESENTATION_CONTEXT('2D SPACE',''
  ) );
#1654 = ORIENTED_EDGE('',*,*,#1655,.T.);
#1655 = EDGE_CURVE('',#1631,#371,#1656,.T.);
#1656 = SURFACE_CURVE('',#1657,(#1663,#1672),.PCURVE_S1.);
#1657 = B_SPLINE_CURVE_WITH_KNOTS('',4,(#1658,#1659,#1660,#1661,#1662),
  .UNSPECIFIED.,.F.,.F.,(5,5),(0.,1.),.PIECEWISE_BEZIER_KNOTS.);
#1658 = CARTESIAN_POINT('',(-8.658165319494,-43.68241531949,9.045));
#1659 = CARTESIAN_POINT('',(-8.666936407756,-43.69118640775,
    8.542504689998));
#1660 = CARTESIAN_POINT('',(-8.675707551529,-43.69995755152,
    8.040006199786));
#1661 = CARTESIAN_POINT('',(-8.684478749389,-43.70872874938,
    7.537504610974));
#1662 = CARTESIAN_POINT('',(-8.69325,-43.7175,7.035));
#1663 = PCURVE('',#386,#1664);
#1664 = DEFINITIONAL_REPRESENTATION('',(#1665),#1671);
#1665 = B_SPLINE_CURVE_WITH_KNOTS('',4,(#1666,#1667,#1668,#1669,#1670),
  .UNSPECIFIED.,.F.,.F.,(5,5),(0.,1.),.PIECEWISE_BEZIER_KNOTS.);
#1666 = CARTESIAN_POINT('',(2.169417564366,0.225988700565));
#1667 = CARTESIAN_POINT('',(2.177078384213,0.16949205273));
#1668 = CARTESIAN_POINT('',(2.184729044077,0.112995047338));
#1669 = CARTESIAN_POINT('',(2.192369573029,5.649769356312E-02));
#1670 = CARTESIAN_POINT('',(2.2,0.));
#1671 = ( GEOMETRIC_REPRESENTATION_CONTEXT(2) 
PARAMETRIC_REPRESENTATION_CONTEXT() REPRESENTATION_CONTEXT('2D SPACE',''
  ) );
#1672 = PCURVE('',#413,#1673);
#1673 = DEFINITIONAL_REPRESENTATION('',(#1674),#1680);
#1674 = B_SPLINE_CURVE_WITH_KNOTS('',4,(#1675,#1676,#1677,#1678,#1679),
  .UNSPECIFIED.,.F.,.F.,(5,5),(0.,1.),.PIECEWISE_BEZIER_KNOTS.);
#1675 = CARTESIAN_POINT('',(2.890255755037,1.));
#1676 = CARTESIAN_POINT('',(2.873768867995,0.750002333316));
#1677 = CARTESIAN_POINT('',(2.857398500279,0.500003084513));
#1678 = CARTESIAN_POINT('',(2.841142802138,0.250002293969));
#1679 = CARTESIAN_POINT('',(2.825000000002,2.544136866309E-11));
#1680 = ( GEOMETRIC_REPRESENTATION_CONTEXT(2) 
PARAMETRIC_REPRESENTATION_CONTEXT() REPRESENTATION_CONTEXT('2D SPACE',''
  ) );
#1681 = ADVANCED_FACE('',(#1682),#467,.F.);
#1682 = FACE_BOUND('',#1683,.F.);
#1683 = EDGE_LOOP('',(#1684,#1685,#1705,#1725));
#1684 = ORIENTED_EDGE('',*,*,#451,.F.);
#1685 = ORIENTED_EDGE('',*,*,#1686,.T.);
#1686 = EDGE_CURVE('',#425,#1687,#1689,.T.);
#1687 = VERTEX_POINT('',#1688);
#1688 = CARTESIAN_POINT('',(-14.83891531949,-36.7175846805,9.045));
#1689 = SURFACE_CURVE('',#1690,(#1693,#1699),.PCURVE_S1.);
#1690 = B_SPLINE_CURVE_WITH_KNOTS('',1,(#1691,#1692),.UNSPECIFIED.,.F.,
  .F.,(2,2),(0.,1.),.PIECEWISE_BEZIER_KNOTS.);
#1691 = CARTESIAN_POINT('',(-14.874,-36.6825,7.035));
#1692 = CARTESIAN_POINT('',(-14.83891531949,-36.7175846805,9.045));
#1693 = PCURVE('',#467,#1694);
#1694 = DEFINITIONAL_REPRESENTATION('',(#1695),#1698);
#1695 = B_SPLINE_CURVE_WITH_KNOTS('',1,(#1696,#1697),.UNSPECIFIED.,.F.,
  .F.,(2,2),(0.,1.),.PIECEWISE_BEZIER_KNOTS.);
#1696 = CARTESIAN_POINT('',(3.325,0.));
#1697 = CARTESIAN_POINT('',(3.325,1.));
#1698 = ( GEOMETRIC_REPRESENTATION_CONTEXT(2) 
PARAMETRIC_REPRESENTATION_CONTEXT() REPRESENTATION_CONTEXT('2D SPACE',''
  ) );
#1699 = PCURVE('',#440,#1700);
#1700 = DEFINITIONAL_REPRESENTATION('',(#1701),#1704);
#1701 = B_SPLINE_CURVE_WITH_KNOTS('',1,(#1702,#1703),.UNSPECIFIED.,.F.,
  .F.,(2,2),(0.,1.),.PIECEWISE_BEZIER_KNOTS.);
#1702 = CARTESIAN_POINT('',(-3.5,0.));
#1703 = CARTESIAN_POINT('',(-3.5,1.));
#1704 = ( GEOMETRIC_REPRESENTATION_CONTEXT(2) 
PARAMETRIC_REPRESENTATION_CONTEXT() REPRESENTATION_CONTEXT('2D SPACE',''
  ) );
#1705 = ORIENTED_EDGE('',*,*,#1706,.T.);
#1706 = EDGE_CURVE('',#1687,#1602,#1707,.T.);
#1707 = SURFACE_CURVE('',#1708,(#1712,#1718),.PCURVE_S1.);
#1708 = LINE('',#1709,#1710);
#1709 = CARTESIAN_POINT('',(-11.532375,-36.7175846805,9.045));
#1710 = VECTOR('',#1711,1.);
#1711 = DIRECTION('',(1.,0.,0.));
#1712 = PCURVE('',#467,#1713);
#1713 = DEFINITIONAL_REPRESENTATION('',(#1714),#1717);
#1714 = B_SPLINE_CURVE_WITH_KNOTS('',1,(#1715,#1716),.UNSPECIFIED.,.F.,
  .F.,(2,2),(-3.306540319494,2.874209680506),.PIECEWISE_BEZIER_KNOTS.);
#1715 = CARTESIAN_POINT('',(3.325,1.));
#1716 = CARTESIAN_POINT('',(-2.890255755037,1.));
#1717 = ( GEOMETRIC_REPRESENTATION_CONTEXT(2) 
PARAMETRIC_REPRESENTATION_CONTEXT() REPRESENTATION_CONTEXT('2D SPACE',''
  ) );
#1718 = PCURVE('',#1644,#1719);
#1719 = DEFINITIONAL_REPRESENTATION('',(#1720),#1724);
#1720 = LINE('',#1721,#1722);
#1721 = CARTESIAN_POINT('',(7.327511447547,2.397842926527));
#1722 = VECTOR('',#1723,1.);
#1723 = DIRECTION('',(0.688557425389,-0.725181819919));
#1724 = ( GEOMETRIC_REPRESENTATION_CONTEXT(2) 
PARAMETRIC_REPRESENTATION_CONTEXT() REPRESENTATION_CONTEXT('2D SPACE',''
  ) );
#1725 = ORIENTED_EDGE('',*,*,#1601,.F.);
#1726 = ADVANCED_FACE('',(#1727),#440,.F.);
#1727 = FACE_BOUND('',#1728,.F.);
#1728 = EDGE_LOOP('',(#1729,#1730,#1750,#1770));
#1729 = ORIENTED_EDGE('',*,*,#424,.F.);
#1730 = ORIENTED_EDGE('',*,*,#1731,.T.);
#1731 = EDGE_CURVE('',#398,#1732,#1734,.T.);
#1732 = VERTEX_POINT('',#1733);
#1733 = CARTESIAN_POINT('',(-14.83891531949,-43.68241531949,9.045));
#1734 = SURFACE_CURVE('',#1735,(#1738,#1744),.PCURVE_S1.);
#1735 = B_SPLINE_CURVE_WITH_KNOTS('',1,(#1736,#1737),.UNSPECIFIED.,.F.,
  .F.,(2,2),(0.,1.),.PIECEWISE_BEZIER_KNOTS.);
#1736 = CARTESIAN_POINT('',(-14.874,-43.7175,7.035));
#1737 = CARTESIAN_POINT('',(-14.83891531949,-43.68241531949,9.045));
#1738 = PCURVE('',#440,#1739);
#1739 = DEFINITIONAL_REPRESENTATION('',(#1740),#1743);
#1740 = B_SPLINE_CURVE_WITH_KNOTS('',1,(#1741,#1742),.UNSPECIFIED.,.F.,
  .F.,(2,2),(0.,1.),.PIECEWISE_BEZIER_KNOTS.);
#1741 = CARTESIAN_POINT('',(3.5,0.));
#1742 = CARTESIAN_POINT('',(3.5,1.));
#1743 = ( GEOMETRIC_REPRESENTATION_CONTEXT(2) 
PARAMETRIC_REPRESENTATION_CONTEXT() REPRESENTATION_CONTEXT('2D SPACE',''
  ) );
#1744 = PCURVE('',#413,#1745);
#1745 = DEFINITIONAL_REPRESENTATION('',(#1746),#1749);
#1746 = B_SPLINE_CURVE_WITH_KNOTS('',1,(#1747,#1748),.UNSPECIFIED.,.F.,
  .F.,(2,2),(0.,1.),.PIECEWISE_BEZIER_KNOTS.);
#1747 = CARTESIAN_POINT('',(-3.325,0.));
#1748 = CARTESIAN_POINT('',(-3.325,1.));
#1749 = ( GEOMETRIC_REPRESENTATION_CONTEXT(2) 
PARAMETRIC_REPRESENTATION_CONTEXT() REPRESENTATION_CONTEXT('2D SPACE',''
  ) );
#1750 = ORIENTED_EDGE('',*,*,#1751,.T.);
#1751 = EDGE_CURVE('',#1732,#1687,#1752,.T.);
#1752 = SURFACE_CURVE('',#1753,(#1757,#1763),.PCURVE_S1.);
#1753 = LINE('',#1754,#1755);
#1754 = CARTESIAN_POINT('',(-14.83891531949,-40.2,9.045));
#1755 = VECTOR('',#1756,1.);
#1756 = DIRECTION('',(0.,1.,0.));
#1757 = PCURVE('',#440,#1758);
#1758 = DEFINITIONAL_REPRESENTATION('',(#1759),#1762);
#1759 = B_SPLINE_CURVE_WITH_KNOTS('',1,(#1760,#1761),.UNSPECIFIED.,.F.,
  .F.,(2,2),(-3.482415319494,3.482415319494),.PIECEWISE_BEZIER_KNOTS.);
#1760 = CARTESIAN_POINT('',(3.5,1.));
#1761 = CARTESIAN_POINT('',(-3.5,1.));
#1762 = ( GEOMETRIC_REPRESENTATION_CONTEXT(2) 
PARAMETRIC_REPRESENTATION_CONTEXT() REPRESENTATION_CONTEXT('2D SPACE',''
  ) );
#1763 = PCURVE('',#1644,#1764);
#1764 = DEFINITIONAL_REPRESENTATION('',(#1765),#1769);
#1765 = LINE('',#1766,#1767);
#1766 = CARTESIAN_POINT('',(2.525384279105,2.397842926527));
#1767 = VECTOR('',#1768,1.);
#1768 = DIRECTION('',(0.725181819919,0.688557425389));
#1769 = ( GEOMETRIC_REPRESENTATION_CONTEXT(2) 
PARAMETRIC_REPRESENTATION_CONTEXT() REPRESENTATION_CONTEXT('2D SPACE',''
  ) );
#1770 = ORIENTED_EDGE('',*,*,#1686,.F.);
#1771 = ADVANCED_FACE('',(#1772),#413,.F.);
#1772 = FACE_BOUND('',#1773,.F.);
#1773 = EDGE_LOOP('',(#1774,#1775,#1776,#1777));
#1774 = ORIENTED_EDGE('',*,*,#1731,.F.);
#1775 = ORIENTED_EDGE('',*,*,#397,.T.);
#1776 = ORIENTED_EDGE('',*,*,#1655,.F.);
#1777 = ORIENTED_EDGE('',*,*,#1778,.F.);
#1778 = EDGE_CURVE('',#1732,#1631,#1779,.T.);
#1779 = SURFACE_CURVE('',#1780,(#1784,#1790),.PCURVE_S1.);
#1780 = LINE('',#1781,#1782);
#1781 = CARTESIAN_POINT('',(-11.532375,-43.68241531949,9.045));
#1782 = VECTOR('',#1783,1.);
#1783 = DIRECTION('',(1.,0.,0.));
#1784 = PCURVE('',#413,#1785);
#1785 = DEFINITIONAL_REPRESENTATION('',(#1786),#1789);
#1786 = B_SPLINE_CURVE_WITH_KNOTS('',1,(#1787,#1788),.UNSPECIFIED.,.F.,
  .F.,(2,2),(-3.306540319494,2.874209680506),.PIECEWISE_BEZIER_KNOTS.);
#1787 = CARTESIAN_POINT('',(-3.325,1.));
#1788 = CARTESIAN_POINT('',(2.890255755037,1.));
#1789 = ( GEOMETRIC_REPRESENTATION_CONTEXT(2) 
PARAMETRIC_REPRESENTATION_CONTEXT() REPRESENTATION_CONTEXT('2D SPACE',''
  ) );
#1790 = PCURVE('',#1644,#1791);
#1791 = DEFINITIONAL_REPRESENTATION('',(#1792),#1796);
#1792 = LINE('',#1793,#1794);
#1793 = CARTESIAN_POINT('',(2.276742889337,-2.397842926527));
#1794 = VECTOR('',#1795,1.);
#1795 = DIRECTION('',(0.688557425389,-0.725181819919));
#1796 = ( GEOMETRIC_REPRESENTATION_CONTEXT(2) 
PARAMETRIC_REPRESENTATION_CONTEXT() REPRESENTATION_CONTEXT('2D SPACE',''
  ) );
#1797 = ADVANCED_FACE('',(#1798),#721,.F.);
#1798 = FACE_BOUND('',#1799,.F.);
#1799 = EDGE_LOOP('',(#1800,#1801,#1802,#1822,#1847,#1872,#1897,#1922,
    #1947,#1965,#1966,#1967,#1988,#1989,#2010,#2011,#2012,#2013,#2036,
    #2057,#2058,#2081));
#1800 = ORIENTED_EDGE('',*,*,#1359,.F.);
#1801 = ORIENTED_EDGE('',*,*,#826,.T.);
#1802 = ORIENTED_EDGE('',*,*,#1803,.T.);
#1803 = EDGE_CURVE('',#793,#1804,#1806,.T.);
#1804 = VERTEX_POINT('',#1805);
#1805 = CARTESIAN_POINT('',(-7.213489722834,-25.03696027716,15.92925));
#1806 = SURFACE_CURVE('',#1807,(#1810,#1816),.PCURVE_S1.);
#1807 = B_SPLINE_CURVE_WITH_KNOTS('',1,(#1808,#1809),.UNSPECIFIED.,.F.,
  .F.,(2,2),(0.,1.),.PIECEWISE_BEZIER_KNOTS.);
#1808 = CARTESIAN_POINT('',(-7.213489722834,-59.58747156152,15.92925));
#1809 = CARTESIAN_POINT('',(-7.213489722834,-25.03696027716,15.92925));
#1810 = PCURVE('',#721,#1811);
#1811 = DEFINITIONAL_REPRESENTATION('',(#1812),#1815);
#1812 = B_SPLINE_CURVE_WITH_KNOTS('',1,(#1813,#1814),.UNSPECIFIED.,.F.,
  .F.,(2,2),(0.,1.),.PIECEWISE_BEZIER_KNOTS.);
#1813 = CARTESIAN_POINT('',(0.,-1.474844916926));
#1814 = CARTESIAN_POINT('',(31.028697817064,13.722448979938));
#1815 = ( GEOMETRIC_REPRESENTATION_CONTEXT(2) 
PARAMETRIC_REPRESENTATION_CONTEXT() REPRESENTATION_CONTEXT('2D SPACE',''
  ) );
#1816 = PCURVE('',#812,#1817);
#1817 = DEFINITIONAL_REPRESENTATION('',(#1818),#1821);
#1818 = B_SPLINE_CURVE_WITH_KNOTS('',1,(#1819,#1820),.UNSPECIFIED.,.F.,
  .F.,(2,2),(1.877602526396E-02,1.),.PIECEWISE_BEZIER_KNOTS.);
#1819 = CARTESIAN_POINT('',(16.262147095627,0.970588235294));
#1820 = CARTESIAN_POINT('',(-17.47434722075,0.970588235294));
#1821 = ( GEOMETRIC_REPRESENTATION_CONTEXT(2) 
PARAMETRIC_REPRESENTATION_CONTEXT() REPRESENTATION_CONTEXT('2D SPACE',''
  ) );
#1822 = ORIENTED_EDGE('',*,*,#1823,.T.);
#1823 = EDGE_CURVE('',#1804,#1824,#1826,.T.);
#1824 = VERTEX_POINT('',#1825);
#1825 = CARTESIAN_POINT('',(7.213489722834,-25.03696027716,15.92925));
#1826 = SURFACE_CURVE('',#1827,(#1830,#1836),.PCURVE_S1.);
#1827 = B_SPLINE_CURVE_WITH_KNOTS('',1,(#1828,#1829),.UNSPECIFIED.,.F.,
  .F.,(2,2),(0.,1.),.PIECEWISE_BEZIER_KNOTS.);
#1828 = CARTESIAN_POINT('',(-7.213489722834,-25.03696027716,15.92925));
#1829 = CARTESIAN_POINT('',(7.213489722834,-25.03696027716,15.92925));
#1830 = PCURVE('',#721,#1831);
#1831 = DEFINITIONAL_REPRESENTATION('',(#1832),#1835);
#1832 = B_SPLINE_CURVE_WITH_KNOTS('',1,(#1833,#1834),.UNSPECIFIED.,.F.,
  .F.,(2,2),(0.,1.),.PIECEWISE_BEZIER_KNOTS.);
#1833 = CARTESIAN_POINT('',(31.028697817064,13.722448979938));
#1834 = CARTESIAN_POINT('',(37.3745097466,0.766044892356));
#1835 = ( GEOMETRIC_REPRESENTATION_CONTEXT(2) 
PARAMETRIC_REPRESENTATION_CONTEXT() REPRESENTATION_CONTEXT('2D SPACE',''
  ) );
#1836 = PCURVE('',#1837,#1842);
#1837 = B_SPLINE_SURFACE_WITH_KNOTS('',1,1,(
    (#1838,#1839)
    ,(#1840,#1841
    )),.UNSPECIFIED.,.F.,.F.,.F.,(2,2),(2,2),(-7.179347220756,
    7.179347220756),(0.,1.),.PIECEWISE_BEZIER_KNOTS.);
#1838 = CARTESIAN_POINT('',(7.1556,-25.09485,12.61275));
#1839 = CARTESIAN_POINT('',(7.21524395686,-25.03520604314,16.02975));
#1840 = CARTESIAN_POINT('',(-7.1556,-25.09485,12.61275));
#1841 = CARTESIAN_POINT('',(-7.21524395686,-25.03520604314,16.02975));
#1842 = DEFINITIONAL_REPRESENTATION('',(#1843),#1846);
#1843 = B_SPLINE_CURVE_WITH_KNOTS('',1,(#1844,#1845),.UNSPECIFIED.,.F.,
  .F.,(2,2),(0.,1.),.PIECEWISE_BEZIER_KNOTS.);
#1844 = CARTESIAN_POINT('',(7.179347220756,0.970588235294));
#1845 = CARTESIAN_POINT('',(-7.179347220756,0.970588235294));
#1846 = ( GEOMETRIC_REPRESENTATION_CONTEXT(2) 
PARAMETRIC_REPRESENTATION_CONTEXT() REPRESENTATION_CONTEXT('2D SPACE',''
  ) );
#1847 = ORIENTED_EDGE('',*,*,#1848,.T.);
#1848 = EDGE_CURVE('',#1824,#1849,#1851,.T.);
#1849 = VERTEX_POINT('',#1850);
#1850 = CARTESIAN_POINT('',(7.213489722834,-34.95275610469,15.92925));
#1851 = SURFACE_CURVE('',#1852,(#1855,#1861),.PCURVE_S1.);
#1852 = B_SPLINE_CURVE_WITH_KNOTS('',1,(#1853,#1854),.UNSPECIFIED.,.F.,
  .F.,(2,2),(0.,1.),.PIECEWISE_BEZIER_KNOTS.);
#1853 = CARTESIAN_POINT('',(7.213489722834,-25.03696027716,15.92925));
#1854 = CARTESIAN_POINT('',(7.213489722834,-60.15688972283,15.92925));
#1855 = PCURVE('',#721,#1856);
#1856 = DEFINITIONAL_REPRESENTATION('',(#1857),#1860);
#1857 = B_SPLINE_CURVE_WITH_KNOTS('',1,(#1858,#1859),.UNSPECIFIED.,.F.,
  .F.,(2,2),(0.,1.),.PIECEWISE_BEZIER_KNOTS.);
#1858 = CARTESIAN_POINT('',(37.3745097466,0.766044892356));
#1859 = CARTESIAN_POINT('',(5.834435877427,-14.6817117278));
#1860 = ( GEOMETRIC_REPRESENTATION_CONTEXT(2) 
PARAMETRIC_REPRESENTATION_CONTEXT() REPRESENTATION_CONTEXT('2D SPACE',''
  ) );
#1861 = PCURVE('',#1862,#1867);
#1862 = B_SPLINE_SURFACE_WITH_KNOTS('',1,1,(
    (#1863,#1864)
    ,(#1865,#1866
    )),.UNSPECIFIED.,.F.,.F.,.F.,(2,2),(2,2),(-17.47434722075,
    17.474347220756),(0.,1.),.PIECEWISE_BEZIER_KNOTS.);
#1863 = CARTESIAN_POINT('',(7.1556,-60.099,12.61275));
#1864 = CARTESIAN_POINT('',(7.21524395686,-60.15864395686,16.02975));
#1865 = CARTESIAN_POINT('',(7.1556,-25.09485,12.61275));
#1866 = CARTESIAN_POINT('',(7.21524395686,-25.03520604314,16.02975));
#1867 = DEFINITIONAL_REPRESENTATION('',(#1868),#1871);
#1868 = B_SPLINE_CURVE_WITH_KNOTS('',1,(#1869,#1870),.UNSPECIFIED.,.F.,
  .F.,(2,2),(0.,0.2823409951),.PIECEWISE_BEZIER_KNOTS.);
#1869 = CARTESIAN_POINT('',(17.474347220756,0.970588235294));
#1870 = CARTESIAN_POINT('',(7.606898054698,0.970588235294));
#1871 = ( GEOMETRIC_REPRESENTATION_CONTEXT(2) 
PARAMETRIC_REPRESENTATION_CONTEXT() REPRESENTATION_CONTEXT('2D SPACE',''
  ) );
#1872 = ORIENTED_EDGE('',*,*,#1873,.T.);
#1873 = EDGE_CURVE('',#1849,#1874,#1876,.T.);
#1874 = VERTEX_POINT('',#1875);
#1875 = CARTESIAN_POINT('',(7.645815146237,-35.86544310965,15.92925));
#1876 = SURFACE_CURVE('',#1877,(#1880,#1886),.PCURVE_S1.);
#1877 = B_SPLINE_CURVE_WITH_KNOTS('',1,(#1878,#1879),.UNSPECIFIED.,.F.,
  .F.,(2,2),(0.,1.),.PIECEWISE_BEZIER_KNOTS.);
#1878 = CARTESIAN_POINT('',(7.077434853763,-34.66552915887,15.92925));
#1879 = CARTESIAN_POINT('',(7.645815146237,-35.86544310965,15.92925));
#1880 = PCURVE('',#721,#1881);
#1881 = DEFINITIONAL_REPRESENTATION('',(#1882),#1885);
#1882 = B_SPLINE_CURVE_WITH_KNOTS('',1,(#1883,#1884),.UNSPECIFIED.,.F.,
  .F.,(2,2),(0.,1.),.PIECEWISE_BEZIER_KNOTS.);
#1883 = CARTESIAN_POINT('',(28.667558419689,-3.346964739051));
#1884 = CARTESIAN_POINT('',(27.839960680254,-4.385199600644));
#1885 = ( GEOMETRIC_REPRESENTATION_CONTEXT(2) 
PARAMETRIC_REPRESENTATION_CONTEXT() REPRESENTATION_CONTEXT('2D SPACE',''
  ) );
#1886 = PCURVE('',#1887,#1892);
#1887 = B_SPLINE_SURFACE_WITH_KNOTS('',1,1,(
    (#1888,#1889)
    ,(#1890,#1891
    )),.UNSPECIFIED.,.F.,.F.,.F.,(2,2),(2,2),(-1.373769106426E-02,
    1.322874563752),(0.,1.),.PIECEWISE_BEZIER_KNOTS.);
#1888 = CARTESIAN_POINT('',(7.58775,-35.8785,12.6027));
#1889 = CARTESIAN_POINT('',(7.649148190885,-35.86469362048,16.1202));
#1890 = CARTESIAN_POINT('',(7.1355,-34.92375,12.6027));
#1891 = CARTESIAN_POINT('',(7.074101809115,-34.65070681452,16.1202));
#1892 = DEFINITIONAL_REPRESENTATION('',(#1893),#1896);
#1893 = B_SPLINE_CURVE_WITH_KNOTS('',1,(#1894,#1895),.UNSPECIFIED.,.F.,
  .F.,(2,2),(0.239372953061,1.),.PIECEWISE_BEZIER_KNOTS.);
#1894 = CARTESIAN_POINT('',(1.002925741218,0.945714285714));
#1895 = CARTESIAN_POINT('',(-1.373769106426E-02,0.945714285714));
#1896 = ( GEOMETRIC_REPRESENTATION_CONTEXT(2) 
PARAMETRIC_REPRESENTATION_CONTEXT() REPRESENTATION_CONTEXT('2D SPACE',''
  ) );
#1897 = ORIENTED_EDGE('',*,*,#1898,.T.);
#1898 = EDGE_CURVE('',#1874,#1899,#1901,.T.);
#1899 = VERTEX_POINT('',#1900);
#1900 = CARTESIAN_POINT('',(7.645815146237,-36.39470732163,15.92925));
#1901 = SURFACE_CURVE('',#1902,(#1905,#1911),.PCURVE_S1.);
#1902 = B_SPLINE_CURVE_WITH_KNOTS('',1,(#1903,#1904),.UNSPECIFIED.,.F.,
  .F.,(2,2),(0.,1.),.PIECEWISE_BEZIER_KNOTS.);
#1903 = CARTESIAN_POINT('',(7.645815146237,-35.86544310965,15.92925));
#1904 = CARTESIAN_POINT('',(7.645815146237,-36.39470732163,15.92925));
#1905 = PCURVE('',#721,#1906);
#1906 = DEFINITIONAL_REPRESENTATION('',(#1907),#1910);
#1907 = B_SPLINE_CURVE_WITH_KNOTS('',1,(#1908,#1909),.UNSPECIFIED.,.F.,
  .F.,(2,2),(0.,1.),.PIECEWISE_BEZIER_KNOTS.);
#1908 = CARTESIAN_POINT('',(27.839960680254,-4.385199600644));
#1909 = CARTESIAN_POINT('',(27.364645592619,-4.618000317032));
#1910 = ( GEOMETRIC_REPRESENTATION_CONTEXT(2) 
PARAMETRIC_REPRESENTATION_CONTEXT() REPRESENTATION_CONTEXT('2D SPACE',''
  ) );
#1911 = PCURVE('',#1912,#1917);
#1912 = B_SPLINE_SURFACE_WITH_KNOTS('',1,1,(
    (#1913,#1914)
    ,(#1915,#1916
    )),.UNSPECIFIED.,.F.,.F.,.F.,(2,2),(2,2),(-1.442203656156E-02,
    0.513737691064),(0.,1.),.PIECEWISE_BEZIER_KNOTS.);
#1913 = CARTESIAN_POINT('',(7.58775,-36.381,12.6027));
#1914 = CARTESIAN_POINT('',(7.649148190885,-36.39549414674,16.1202));
#1915 = CARTESIAN_POINT('',(7.58775,-35.8785,12.6027));
#1916 = CARTESIAN_POINT('',(7.649148190885,-35.86469362048,16.1202));
#1917 = DEFINITIONAL_REPRESENTATION('',(#1918),#1921);
#1918 = B_SPLINE_CURVE_WITH_KNOTS('',1,(#1919,#1920),.UNSPECIFIED.,.F.,
  .F.,(2,2),(0.,1.),.PIECEWISE_BEZIER_KNOTS.);
#1919 = CARTESIAN_POINT('',(0.513737691064,0.945714285714));
#1920 = CARTESIAN_POINT('',(-1.442203656156E-02,0.945714285714));
#1921 = ( GEOMETRIC_REPRESENTATION_CONTEXT(2) 
PARAMETRIC_REPRESENTATION_CONTEXT() REPRESENTATION_CONTEXT('2D SPACE',''
  ) );
#1922 = ORIENTED_EDGE('',*,*,#1923,.T.);
#1923 = EDGE_CURVE('',#1899,#1924,#1926,.T.);
#1924 = VERTEX_POINT('',#1925);
#1925 = CARTESIAN_POINT('',(7.213489722834,-37.25935816844,15.92925));
#1926 = SURFACE_CURVE('',#1927,(#1930,#1936),.PCURVE_S1.);
#1927 = B_SPLINE_CURVE_WITH_KNOTS('',1,(#1928,#1929),.UNSPECIFIED.,.F.,
  .F.,(2,2),(0.,1.),.PIECEWISE_BEZIER_KNOTS.);
#1928 = CARTESIAN_POINT('',(7.645815146237,-36.39470732163,15.92925));
#1929 = CARTESIAN_POINT('',(7.077434853763,-37.53146790658,15.92925));
#1930 = PCURVE('',#721,#1931);
#1931 = DEFINITIONAL_REPRESENTATION('',(#1932),#1935);
#1932 = B_SPLINE_CURVE_WITH_KNOTS('',1,(#1933,#1934),.UNSPECIFIED.,.F.,
  .F.,(2,2),(0.,1.),.PIECEWISE_BEZIER_KNOTS.);
#1933 = CARTESIAN_POINT('',(27.364645592619,-4.618000317032));
#1934 = CARTESIAN_POINT('',(26.093751432205,-4.607568759665));
#1935 = ( GEOMETRIC_REPRESENTATION_CONTEXT(2) 
PARAMETRIC_REPRESENTATION_CONTEXT() REPRESENTATION_CONTEXT('2D SPACE',''
  ) );
#1936 = PCURVE('',#1937,#1942);
#1937 = B_SPLINE_SURFACE_WITH_KNOTS('',1,1,(
    (#1938,#1939)
    ,(#1940,#1941
    )),.UNSPECIFIED.,.F.,.F.,.F.,(2,2),(2,2),(-0.258792945557,
    1.020652626436),(0.,1.),.PIECEWISE_BEZIER_KNOTS.);
#1938 = CARTESIAN_POINT('',(7.1355,-37.2855,12.6027));
#1939 = CARTESIAN_POINT('',(7.074101809115,-37.54558691028,16.1202));
#1940 = CARTESIAN_POINT('',(7.58775,-36.381,12.6027));
#1941 = CARTESIAN_POINT('',(7.649148190885,-36.39549414674,16.1202));
#1942 = DEFINITIONAL_REPRESENTATION('',(#1943),#1946);
#1943 = B_SPLINE_CURVE_WITH_KNOTS('',1,(#1944,#1945),.UNSPECIFIED.,.F.,
  .F.,(2,2),(0.,0.760627046939),.PIECEWISE_BEZIER_KNOTS.);
#1944 = CARTESIAN_POINT('',(1.020652626436,0.945714285714));
#1945 = CARTESIAN_POINT('',(4.747171929273E-02,0.945714285714));
#1946 = ( GEOMETRIC_REPRESENTATION_CONTEXT(2) 
PARAMETRIC_REPRESENTATION_CONTEXT() REPRESENTATION_CONTEXT('2D SPACE',''
  ) );
#1947 = ORIENTED_EDGE('',*,*,#1948,.T.);
#1948 = EDGE_CURVE('',#1924,#707,#1949,.T.);
#1949 = SURFACE_CURVE('',#1950,(#1953,#1959),.PCURVE_S1.);
#1950 = B_SPLINE_CURVE_WITH_KNOTS('',1,(#1951,#1952),.UNSPECIFIED.,.F.,
  .F.,(2,2),(0.,1.),.PIECEWISE_BEZIER_KNOTS.);
#1951 = CARTESIAN_POINT('',(7.213489722834,-25.03696027716,15.92925));
#1952 = CARTESIAN_POINT('',(7.213489722834,-60.15688972283,15.92925));
#1953 = PCURVE('',#721,#1954);
#1954 = DEFINITIONAL_REPRESENTATION('',(#1955),#1958);
#1955 = B_SPLINE_CURVE_WITH_KNOTS('',1,(#1956,#1957),.UNSPECIFIED.,.F.,
  .F.,(2,2),(0.,1.),.PIECEWISE_BEZIER_KNOTS.);
#1956 = CARTESIAN_POINT('',(37.3745097466,0.766044892356));
#1957 = CARTESIAN_POINT('',(5.834435877427,-14.6817117278));
#1958 = ( GEOMETRIC_REPRESENTATION_CONTEXT(2) 
PARAMETRIC_REPRESENTATION_CONTEXT() REPRESENTATION_CONTEXT('2D SPACE',''
  ) );
#1959 = PCURVE('',#753,#1960);
#1960 = DEFINITIONAL_REPRESENTATION('',(#1961),#1964);
#1961 = B_SPLINE_CURVE_WITH_KNOTS('',1,(#1962,#1963),.UNSPECIFIED.,.F.,
  .F.,(2,2),(0.348018862344,0.965314866707),.PIECEWISE_BEZIER_KNOTS.);
#1962 = CARTESIAN_POINT('',(5.311542340821,0.970588235294));
#1963 = CARTESIAN_POINT('',(-16.26214709562,0.970588235294));
#1964 = ( GEOMETRIC_REPRESENTATION_CONTEXT(2) 
PARAMETRIC_REPRESENTATION_CONTEXT() REPRESENTATION_CONTEXT('2D SPACE',''
  ) );
#1965 = ORIENTED_EDGE('',*,*,#706,.T.);
#1966 = ORIENTED_EDGE('',*,*,#1173,.T.);
#1967 = ORIENTED_EDGE('',*,*,#1968,.F.);
#1968 = EDGE_CURVE('',#1064,#1145,#1969,.T.);
#1969 = SURFACE_CURVE('',#1970,(#1975,#1982),.PCURVE_S1.);
#1970 = CIRCLE('',#1971,0.602584710744);
#1971 = AXIS2_PLACEMENT_3D('',#1972,#1973,#1974);
#1972 = CARTESIAN_POINT('',(7.9395,-49.245,15.92925));
#1973 = DIRECTION('',(0.,0.,1.));
#1974 = DIRECTION('',(1.,0.,-0.));
#1975 = PCURVE('',#721,#1976);
#1976 = DEFINITIONAL_REPRESENTATION('',(#1977),#1981);
#1977 = CIRCLE('',#1978,0.602584710744);
#1978 = AXIS2_PLACEMENT_2D('',#1979,#1980);
#1979 = CARTESIAN_POINT('',(15.95339236695,-10.53404397243));
#1980 = DIRECTION('',(0.439857279442,-0.898067688831));
#1981 = ( GEOMETRIC_REPRESENTATION_CONTEXT(2) 
PARAMETRIC_REPRESENTATION_CONTEXT() REPRESENTATION_CONTEXT('2D SPACE',''
  ) );
#1982 = PCURVE('',#1105,#1983);
#1983 = DEFINITIONAL_REPRESENTATION('',(#1984),#1987);
#1984 = B_SPLINE_CURVE_WITH_KNOTS('',1,(#1985,#1986),.UNSPECIFIED.,.F.,
  .F.,(2,2),(0.116497568693,6.166687738486),.PIECEWISE_BEZIER_KNOTS.);
#1985 = CARTESIAN_POINT('',(-0.116497568693,-1.005E-02));
#1986 = CARTESIAN_POINT('',(-6.166687738486,-1.005E-02));
#1987 = ( GEOMETRIC_REPRESENTATION_CONTEXT(2) 
PARAMETRIC_REPRESENTATION_CONTEXT() REPRESENTATION_CONTEXT('2D SPACE',''
  ) );
#1988 = ORIENTED_EDGE('',*,*,#1063,.T.);
#1989 = ORIENTED_EDGE('',*,*,#1990,.F.);
#1990 = EDGE_CURVE('',#954,#1035,#1991,.T.);
#1991 = SURFACE_CURVE('',#1992,(#1997,#2004),.PCURVE_S1.);
#1992 = CIRCLE('',#1993,0.602584710744);
#1993 = AXIS2_PLACEMENT_3D('',#1994,#1995,#1996);
#1994 = CARTESIAN_POINT('',(7.9395,-31.155,15.92925));
#1995 = DIRECTION('',(0.,0.,1.));
#1996 = DIRECTION('',(1.,0.,-0.));
#1997 = PCURVE('',#721,#1998);
#1998 = DEFINITIONAL_REPRESENTATION('',(#1999),#2003);
#1999 = CIRCLE('',#2000,0.602584710744);
#2000 = AXIS2_PLACEMENT_2D('',#2001,#2002);
#2001 = CARTESIAN_POINT('',(32.1994368579,-2.577025787329));
#2002 = DIRECTION('',(0.439857279442,-0.898067688831));
#2003 = ( GEOMETRIC_REPRESENTATION_CONTEXT(2) 
PARAMETRIC_REPRESENTATION_CONTEXT() REPRESENTATION_CONTEXT('2D SPACE',''
  ) );
#2004 = PCURVE('',#995,#2005);
#2005 = DEFINITIONAL_REPRESENTATION('',(#2006),#2009);
#2006 = B_SPLINE_CURVE_WITH_KNOTS('',1,(#2007,#2008),.UNSPECIFIED.,.F.,
  .F.,(2,2),(0.116497568692,6.166687738487),.PIECEWISE_BEZIER_KNOTS.);
#2007 = CARTESIAN_POINT('',(-0.116497568692,-1.005E-02));
#2008 = CARTESIAN_POINT('',(-6.166687738487,-1.005E-02));
#2009 = ( GEOMETRIC_REPRESENTATION_CONTEXT(2) 
PARAMETRIC_REPRESENTATION_CONTEXT() REPRESENTATION_CONTEXT('2D SPACE',''
  ) );
#2010 = ORIENTED_EDGE('',*,*,#953,.T.);
#2011 = ORIENTED_EDGE('',*,*,#1333,.F.);
#2012 = ORIENTED_EDGE('',*,*,#1579,.F.);
#2013 = ORIENTED_EDGE('',*,*,#2014,.F.);
#2014 = EDGE_CURVE('',#2015,#1551,#2017,.T.);
#2015 = VERTEX_POINT('',#2016);
#2016 = CARTESIAN_POINT('',(-7.336915289256,-31.155,15.92925));
#2017 = SURFACE_CURVE('',#2018,(#2023,#2030),.PCURVE_S1.);
#2018 = CIRCLE('',#2019,0.602584710744);
#2019 = AXIS2_PLACEMENT_3D('',#2020,#2021,#2022);
#2020 = CARTESIAN_POINT('',(-7.9395,-31.155,15.92925));
#2021 = DIRECTION('',(0.,0.,1.));
#2022 = DIRECTION('',(1.,0.,-0.));
#2023 = PCURVE('',#721,#2024);
#2024 = DEFINITIONAL_REPRESENTATION('',(#2025),#2029);
#2025 = CIRCLE('',#2026,0.602584710744);
#2026 = AXIS2_PLACEMENT_2D('',#2027,#2028);
#2027 = CARTESIAN_POINT('',(25.214943117642,11.683391043615));
#2028 = DIRECTION('',(0.439857279442,-0.898067688831));
#2029 = ( GEOMETRIC_REPRESENTATION_CONTEXT(2) 
PARAMETRIC_REPRESENTATION_CONTEXT() REPRESENTATION_CONTEXT('2D SPACE',''
  ) );
#2030 = PCURVE('',#1511,#2031);
#2031 = DEFINITIONAL_REPRESENTATION('',(#2032),#2035);
#2032 = B_SPLINE_CURVE_WITH_KNOTS('',1,(#2033,#2034),.UNSPECIFIED.,.F.,
  .F.,(2,2),(0.,3.025095084897),.PIECEWISE_BEZIER_KNOTS.);
#2033 = CARTESIAN_POINT('',(0.,-1.005E-02));
#2034 = CARTESIAN_POINT('',(-3.025095084897,-1.005E-02));
#2035 = ( GEOMETRIC_REPRESENTATION_CONTEXT(2) 
PARAMETRIC_REPRESENTATION_CONTEXT() REPRESENTATION_CONTEXT('2D SPACE',''
  ) );
#2036 = ORIENTED_EDGE('',*,*,#2037,.F.);
#2037 = EDGE_CURVE('',#1470,#2015,#2038,.T.);
#2038 = SURFACE_CURVE('',#2039,(#2044,#2051),.PCURVE_S1.);
#2039 = CIRCLE('',#2040,0.602584710744);
#2040 = AXIS2_PLACEMENT_3D('',#2041,#2042,#2043);
#2041 = CARTESIAN_POINT('',(-7.9395,-31.155,15.92925));
#2042 = DIRECTION('',(0.,0.,1.));
#2043 = DIRECTION('',(1.,0.,-0.));
#2044 = PCURVE('',#721,#2045);
#2045 = DEFINITIONAL_REPRESENTATION('',(#2046),#2050);
#2046 = CIRCLE('',#2047,0.602584710744);
#2047 = AXIS2_PLACEMENT_2D('',#2048,#2049);
#2048 = CARTESIAN_POINT('',(25.214943117642,11.683391043615));
#2049 = DIRECTION('',(0.439857279442,-0.898067688831));
#2050 = ( GEOMETRIC_REPRESENTATION_CONTEXT(2) 
PARAMETRIC_REPRESENTATION_CONTEXT() REPRESENTATION_CONTEXT('2D SPACE',''
  ) );
#2051 = PCURVE('',#1511,#2052);
#2052 = DEFINITIONAL_REPRESENTATION('',(#2053),#2056);
#2053 = B_SPLINE_CURVE_WITH_KNOTS('',1,(#2054,#2055),.UNSPECIFIED.,.F.,
  .F.,(2,2),(3.258090222282,6.28318530718),.PIECEWISE_BEZIER_KNOTS.);
#2054 = CARTESIAN_POINT('',(-3.258090222282,-1.005E-02));
#2055 = CARTESIAN_POINT('',(-6.28318530718,-1.005E-02));
#2056 = ( GEOMETRIC_REPRESENTATION_CONTEXT(2) 
PARAMETRIC_REPRESENTATION_CONTEXT() REPRESENTATION_CONTEXT('2D SPACE',''
  ) );
#2057 = ORIENTED_EDGE('',*,*,#1469,.F.);
#2058 = ORIENTED_EDGE('',*,*,#2059,.F.);
#2059 = EDGE_CURVE('',#2060,#1441,#2062,.T.);
#2060 = VERTEX_POINT('',#2061);
#2061 = CARTESIAN_POINT('',(-7.336915289256,-49.245,15.92925));
#2062 = SURFACE_CURVE('',#2063,(#2068,#2075),.PCURVE_S1.);
#2063 = CIRCLE('',#2064,0.602584710744);
#2064 = AXIS2_PLACEMENT_3D('',#2065,#2066,#2067);
#2065 = CARTESIAN_POINT('',(-7.9395,-49.245,15.92925));
#2066 = DIRECTION('',(0.,0.,1.));
#2067 = DIRECTION('',(1.,0.,-0.));
#2068 = PCURVE('',#721,#2069);
#2069 = DEFINITIONAL_REPRESENTATION('',(#2070),#2074);
#2070 = CIRCLE('',#2071,0.602584710744);
#2071 = AXIS2_PLACEMENT_2D('',#2072,#2073);
#2072 = CARTESIAN_POINT('',(8.968898626692,3.726372858511));
#2073 = DIRECTION('',(0.439857279442,-0.898067688831));
#2074 = ( GEOMETRIC_REPRESENTATION_CONTEXT(2) 
PARAMETRIC_REPRESENTATION_CONTEXT() REPRESENTATION_CONTEXT('2D SPACE',''
  ) );
#2075 = PCURVE('',#1401,#2076);
#2076 = DEFINITIONAL_REPRESENTATION('',(#2077),#2080);
#2077 = B_SPLINE_CURVE_WITH_KNOTS('',1,(#2078,#2079),.UNSPECIFIED.,.F.,
  .F.,(2,2),(0.,3.025095084897),.PIECEWISE_BEZIER_KNOTS.);
#2078 = CARTESIAN_POINT('',(0.,-1.005E-02));
#2079 = CARTESIAN_POINT('',(-3.025095084897,-1.005E-02));
#2080 = ( GEOMETRIC_REPRESENTATION_CONTEXT(2) 
PARAMETRIC_REPRESENTATION_CONTEXT() REPRESENTATION_CONTEXT('2D SPACE',''
  ) );
#2081 = ORIENTED_EDGE('',*,*,#2082,.F.);
#2082 = EDGE_CURVE('',#1360,#2060,#2083,.T.);
#2083 = SURFACE_CURVE('',#2084,(#2089,#2096),.PCURVE_S1.);
#2084 = CIRCLE('',#2085,0.602584710744);
#2085 = AXIS2_PLACEMENT_3D('',#2086,#2087,#2088);
#2086 = CARTESIAN_POINT('',(-7.9395,-49.245,15.92925));
#2087 = DIRECTION('',(0.,0.,1.));
#2088 = DIRECTION('',(1.,0.,-0.));
#2089 = PCURVE('',#721,#2090);
#2090 = DEFINITIONAL_REPRESENTATION('',(#2091),#2095);
#2091 = CIRCLE('',#2092,0.602584710744);
#2092 = AXIS2_PLACEMENT_2D('',#2093,#2094);
#2093 = CARTESIAN_POINT('',(8.968898626692,3.726372858511));
#2094 = DIRECTION('',(0.439857279442,-0.898067688831));
#2095 = ( GEOMETRIC_REPRESENTATION_CONTEXT(2) 
PARAMETRIC_REPRESENTATION_CONTEXT() REPRESENTATION_CONTEXT('2D SPACE',''
  ) );
#2096 = PCURVE('',#1401,#2097);
#2097 = DEFINITIONAL_REPRESENTATION('',(#2098),#2101);
#2098 = B_SPLINE_CURVE_WITH_KNOTS('',1,(#2099,#2100),.UNSPECIFIED.,.F.,
  .F.,(2,2),(3.258090222283,6.28318530718),.PIECEWISE_BEZIER_KNOTS.);
#2099 = CARTESIAN_POINT('',(-3.258090222283,-1.005E-02));
#2100 = CARTESIAN_POINT('',(-6.28318530718,-1.005E-02));
#2101 = ( GEOMETRIC_REPRESENTATION_CONTEXT(2) 
PARAMETRIC_REPRESENTATION_CONTEXT() REPRESENTATION_CONTEXT('2D SPACE',''
  ) );
#2102 = ADVANCED_FACE('',(#2103),#812,.T.);
#2103 = FACE_BOUND('',#2104,.T.);
#2104 = EDGE_LOOP('',(#2105,#2127,#2128,#2129));
#2105 = ORIENTED_EDGE('',*,*,#2106,.F.);
#2106 = EDGE_CURVE('',#768,#2107,#2109,.T.);
#2107 = VERTEX_POINT('',#2108);
#2108 = CARTESIAN_POINT('',(-7.1556,-25.09485,12.61275));
#2109 = SURFACE_CURVE('',#2110,(#2114,#2120),.PCURVE_S1.);
#2110 = LINE('',#2111,#2112);
#2111 = CARTESIAN_POINT('',(-7.1556,-42.596925,12.61275));
#2112 = VECTOR('',#2113,1.);
#2113 = DIRECTION('',(0.,1.,0.));
#2114 = PCURVE('',#812,#2115);
#2115 = DEFINITIONAL_REPRESENTATION('',(#2116),#2119);
#2116 = B_SPLINE_CURVE_WITH_KNOTS('',1,(#2117,#2118),.UNSPECIFIED.,.F.,
  .F.,(2,2),(-16.39971501159,17.502075),.PIECEWISE_BEZIER_KNOTS.);
#2117 = CARTESIAN_POINT('',(16.373733653529,0.));
#2118 = CARTESIAN_POINT('',(-17.47434722075,0.));
#2119 = ( GEOMETRIC_REPRESENTATION_CONTEXT(2) 
PARAMETRIC_REPRESENTATION_CONTEXT() REPRESENTATION_CONTEXT('2D SPACE',''
  ) );
#2120 = PCURVE('',#781,#2121);
#2121 = DEFINITIONAL_REPRESENTATION('',(#2122),#2126);
#2122 = LINE('',#2123,#2124);
#2123 = CARTESIAN_POINT('',(16.200399609819,6.623419191611));
#2124 = VECTOR('',#2125,1.);
#2125 = DIRECTION('',(0.925627367602,0.37843622494));
#2126 = ( GEOMETRIC_REPRESENTATION_CONTEXT(2) 
PARAMETRIC_REPRESENTATION_CONTEXT() REPRESENTATION_CONTEXT('2D SPACE',''
  ) );
#2127 = ORIENTED_EDGE('',*,*,#792,.T.);
#2128 = ORIENTED_EDGE('',*,*,#1803,.T.);
#2129 = ORIENTED_EDGE('',*,*,#2130,.F.);
#2130 = EDGE_CURVE('',#2107,#1804,#2131,.T.);
#2131 = SURFACE_CURVE('',#2132,(#2135,#2141),.PCURVE_S1.);
#2132 = B_SPLINE_CURVE_WITH_KNOTS('',1,(#2133,#2134),.UNSPECIFIED.,.F.,
  .F.,(2,2),(0.,1.),.PIECEWISE_BEZIER_KNOTS.);
#2133 = CARTESIAN_POINT('',(-7.1556,-25.09485,12.61275));
#2134 = CARTESIAN_POINT('',(-7.21524395686,-25.03520604314,16.02975));
#2135 = PCURVE('',#812,#2136);
#2136 = DEFINITIONAL_REPRESENTATION('',(#2137),#2140);
#2137 = B_SPLINE_CURVE_WITH_KNOTS('',1,(#2138,#2139),.UNSPECIFIED.,.F.,
  .F.,(2,2),(0.,0.970588235294),.PIECEWISE_BEZIER_KNOTS.);
#2138 = CARTESIAN_POINT('',(-17.47434722075,0.));
#2139 = CARTESIAN_POINT('',(-17.47434722075,0.970588235294));
#2140 = ( GEOMETRIC_REPRESENTATION_CONTEXT(2) 
PARAMETRIC_REPRESENTATION_CONTEXT() REPRESENTATION_CONTEXT('2D SPACE',''
  ) );
#2141 = PCURVE('',#1837,#2142);
#2142 = DEFINITIONAL_REPRESENTATION('',(#2143),#2146);
#2143 = B_SPLINE_CURVE_WITH_KNOTS('',1,(#2144,#2145),.UNSPECIFIED.,.F.,
  .F.,(2,2),(0.,0.970588235294),.PIECEWISE_BEZIER_KNOTS.);
#2144 = CARTESIAN_POINT('',(7.179347220756,0.));
#2145 = CARTESIAN_POINT('',(7.179347220756,0.970588235294));
#2146 = ( GEOMETRIC_REPRESENTATION_CONTEXT(2) 
PARAMETRIC_REPRESENTATION_CONTEXT() REPRESENTATION_CONTEXT('2D SPACE',''
  ) );
#2147 = ADVANCED_FACE('',(#2148,#2281),#781,.F.);
#2148 = FACE_BOUND('',#2149,.F.);
#2149 = EDGE_LOOP('',(#2150,#2151,#2152,#2174,#2194,#2219,#2239,#2261));
#2150 = ORIENTED_EDGE('',*,*,#2106,.F.);
#2151 = ORIENTED_EDGE('',*,*,#767,.F.);
#2152 = ORIENTED_EDGE('',*,*,#2153,.T.);
#2153 = EDGE_CURVE('',#734,#2154,#2156,.T.);
#2154 = VERTEX_POINT('',#2155);
#2155 = CARTESIAN_POINT('',(7.1556,-37.24569225865,12.61275));
#2156 = SURFACE_CURVE('',#2157,(#2161,#2168),.PCURVE_S1.);
#2157 = LINE('',#2158,#2159);
#2158 = CARTESIAN_POINT('',(7.1556,-42.596925,12.61275));
#2159 = VECTOR('',#2160,1.);
#2160 = DIRECTION('',(0.,1.,0.));
#2161 = PCURVE('',#781,#2162);
#2162 = DEFINITIONAL_REPRESENTATION('',(#2163),#2167);
#2163 = LINE('',#2164,#2165);
#2164 = CARTESIAN_POINT('',(21.616276112176,-6.623419191611));
#2165 = VECTOR('',#2166,1.);
#2166 = DIRECTION('',(0.925627367602,0.37843622494));
#2167 = ( GEOMETRIC_REPRESENTATION_CONTEXT(2) 
PARAMETRIC_REPRESENTATION_CONTEXT() REPRESENTATION_CONTEXT('2D SPACE',''
  ) );
#2168 = PCURVE('',#753,#2169);
#2169 = DEFINITIONAL_REPRESENTATION('',(#2170),#2173);
#2170 = B_SPLINE_CURVE_WITH_KNOTS('',1,(#2171,#2172),.UNSPECIFIED.,.F.,
  .F.,(2,2),(-16.39971501159,5.351232741347),.PIECEWISE_BEZIER_KNOTS.);
#2171 = CARTESIAN_POINT('',(-16.37373365352,0.));
#2172 = CARTESIAN_POINT('',(5.342755015127,0.));
#2173 = ( GEOMETRIC_REPRESENTATION_CONTEXT(2) 
PARAMETRIC_REPRESENTATION_CONTEXT() REPRESENTATION_CONTEXT('2D SPACE',''
  ) );
#2174 = ORIENTED_EDGE('',*,*,#2175,.T.);
#2175 = EDGE_CURVE('',#2154,#2176,#2178,.T.);
#2176 = VERTEX_POINT('',#2177);
#2177 = CARTESIAN_POINT('',(7.135324576597,-37.28624310545,12.61275));
#2178 = SURFACE_CURVE('',#2179,(#2182,#2188),.PCURVE_S1.);
#2179 = B_SPLINE_CURVE_WITH_KNOTS('',1,(#2180,#2181),.UNSPECIFIED.,.F.,
  .F.,(2,2),(0.,1.),.PIECEWISE_BEZIER_KNOTS.);
#2180 = CARTESIAN_POINT('',(7.587925423403,-36.38104141184,12.61275));
#2181 = CARTESIAN_POINT('',(7.135324576597,-37.28624310545,12.61275));
#2182 = PCURVE('',#781,#2183);
#2183 = DEFINITIONAL_REPRESENTATION('',(#2184),#2187);
#2184 = B_SPLINE_CURVE_WITH_KNOTS('',1,(#2185,#2186),.UNSPECIFIED.,.F.,
  .F.,(2,2),(0.,1.),.PIECEWISE_BEZIER_KNOTS.);
#2185 = CARTESIAN_POINT('',(27.533475676374,-4.671275915458));
#2186 = CARTESIAN_POINT('',(26.5243156597,-4.594897296794));
#2187 = ( GEOMETRIC_REPRESENTATION_CONTEXT(2) 
PARAMETRIC_REPRESENTATION_CONTEXT() REPRESENTATION_CONTEXT('2D SPACE',''
  ) );
#2188 = PCURVE('',#1937,#2189);
#2189 = DEFINITIONAL_REPRESENTATION('',(#2190),#2193);
#2190 = B_SPLINE_CURVE_WITH_KNOTS('',1,(#2191,#2192),.UNSPECIFIED.,.F.,
  .F.,(2,2),(0.955202418321,1.),.PIECEWISE_BEZIER_KNOTS.);
#2191 = CARTESIAN_POINT('',(-0.201476878042,2.857142857143E-03));
#2192 = CARTESIAN_POINT('',(-0.258792945557,2.857142857143E-03));
#2193 = ( GEOMETRIC_REPRESENTATION_CONTEXT(2) 
PARAMETRIC_REPRESENTATION_CONTEXT() REPRESENTATION_CONTEXT('2D SPACE',''
  ) );
#2194 = ORIENTED_EDGE('',*,*,#2195,.T.);
#2195 = EDGE_CURVE('',#2176,#2196,#2198,.T.);
#2196 = VERTEX_POINT('',#2197);
#2197 = CARTESIAN_POINT('',(7.135324576597,-34.92296987661,12.61275));
#2198 = SURFACE_CURVE('',#2199,(#2202,#2208),.PCURVE_S1.);
#2199 = B_SPLINE_CURVE_WITH_KNOTS('',1,(#2200,#2201),.UNSPECIFIED.,.F.,
  .F.,(2,2),(0.,1.),.PIECEWISE_BEZIER_KNOTS.);
#2200 = CARTESIAN_POINT('',(7.135324576597,-37.28624310545,12.61275));
#2201 = CARTESIAN_POINT('',(7.135324576597,-34.92296987661,12.61275));
#2202 = PCURVE('',#781,#2203);
#2203 = DEFINITIONAL_REPRESENTATION('',(#2204),#2207);
#2204 = B_SPLINE_CURVE_WITH_KNOTS('',1,(#2205,#2206),.UNSPECIFIED.,.F.,
  .F.,(2,2),(0.,1.),.PIECEWISE_BEZIER_KNOTS.);
#2205 = CARTESIAN_POINT('',(26.5243156597,-4.594897296794));
#2206 = CARTESIAN_POINT('',(28.711826037439,-3.700549097569));
#2207 = ( GEOMETRIC_REPRESENTATION_CONTEXT(2) 
PARAMETRIC_REPRESENTATION_CONTEXT() REPRESENTATION_CONTEXT('2D SPACE',''
  ) );
#2208 = PCURVE('',#2209,#2214);
#2209 = B_SPLINE_SURFACE_WITH_KNOTS('',1,1,(
    (#2210,#2211)
    ,(#2212,#2213
    )),.UNSPECIFIED.,.F.,.F.,.F.,(2,2),(2,2),(-0.27168476167,
    2.608792945557),(0.,1.),.PIECEWISE_BEZIER_KNOTS.);
#2210 = CARTESIAN_POINT('',(7.1355,-34.92375,12.6027));
#2211 = CARTESIAN_POINT('',(7.074101809115,-34.65070681452,16.1202));
#2212 = CARTESIAN_POINT('',(7.1355,-37.2855,12.6027));
#2213 = CARTESIAN_POINT('',(7.074101809115,-37.54558691028,16.1202));
#2214 = DEFINITIONAL_REPRESENTATION('',(#2215),#2218);
#2215 = B_SPLINE_CURVE_WITH_KNOTS('',1,(#2216,#2217),.UNSPECIFIED.,.F.,
  .F.,(2,2),(0.,1.),.PIECEWISE_BEZIER_KNOTS.);
#2216 = CARTESIAN_POINT('',(2.608792945557,2.857142857143E-03));
#2217 = CARTESIAN_POINT('',(-0.27168476167,2.857142857143E-03));
#2218 = ( GEOMETRIC_REPRESENTATION_CONTEXT(2) 
PARAMETRIC_REPRESENTATION_CONTEXT() REPRESENTATION_CONTEXT('2D SPACE',''
  ) );
#2219 = ORIENTED_EDGE('',*,*,#2220,.T.);
#2220 = EDGE_CURVE('',#2196,#2221,#2223,.T.);
#2221 = VERTEX_POINT('',#2222);
#2222 = CARTESIAN_POINT('',(7.1556,-34.96577354824,12.61275));
#2223 = SURFACE_CURVE('',#2224,(#2227,#2233),.PCURVE_S1.);
#2224 = B_SPLINE_CURVE_WITH_KNOTS('',1,(#2225,#2226),.UNSPECIFIED.,.F.,
  .F.,(2,2),(0.,1.),.PIECEWISE_BEZIER_KNOTS.);
#2225 = CARTESIAN_POINT('',(7.135324576597,-34.92296987661,12.61275));
#2226 = CARTESIAN_POINT('',(7.587925423403,-35.8784605532,12.61275));
#2227 = PCURVE('',#781,#2228);
#2228 = DEFINITIONAL_REPRESENTATION('',(#2229),#2232);
#2229 = B_SPLINE_CURVE_WITH_KNOTS('',1,(#2230,#2231),.UNSPECIFIED.,.F.,
  .F.,(2,2),(0.,1.),.PIECEWISE_BEZIER_KNOTS.);
#2230 = CARTESIAN_POINT('',(28.711826037439,-3.700549097569));
#2231 = CARTESIAN_POINT('',(27.99867827357,-4.481081112585));
#2232 = ( GEOMETRIC_REPRESENTATION_CONTEXT(2) 
PARAMETRIC_REPRESENTATION_CONTEXT() REPRESENTATION_CONTEXT('2D SPACE',''
  ) );
#2233 = PCURVE('',#1887,#2234);
#2234 = DEFINITIONAL_REPRESENTATION('',(#2235),#2238);
#2235 = B_SPLINE_CURVE_WITH_KNOTS('',1,(#2236,#2237),.UNSPECIFIED.,.F.,
  .F.,(2,2),(0.,4.479758167855E-02),.PIECEWISE_BEZIER_KNOTS.);
#2236 = CARTESIAN_POINT('',(1.322874563752,2.857142857143E-03));
#2237 = CARTESIAN_POINT('',(1.262997567094,2.857142857143E-03));
#2238 = ( GEOMETRIC_REPRESENTATION_CONTEXT(2) 
PARAMETRIC_REPRESENTATION_CONTEXT() REPRESENTATION_CONTEXT('2D SPACE',''
  ) );
#2239 = ORIENTED_EDGE('',*,*,#2240,.T.);
#2240 = EDGE_CURVE('',#2221,#2241,#2243,.T.);
#2241 = VERTEX_POINT('',#2242);
#2242 = CARTESIAN_POINT('',(7.1556,-25.09485,12.61275));
#2243 = SURFACE_CURVE('',#2244,(#2248,#2255),.PCURVE_S1.);
#2244 = LINE('',#2245,#2246);
#2245 = CARTESIAN_POINT('',(7.1556,-42.596925,12.61275));
#2246 = VECTOR('',#2247,1.);
#2247 = DIRECTION('',(0.,1.,0.));
#2248 = PCURVE('',#781,#2249);
#2249 = DEFINITIONAL_REPRESENTATION('',(#2250),#2254);
#2250 = LINE('',#2251,#2252);
#2251 = CARTESIAN_POINT('',(21.616276112176,-6.623419191611));
#2252 = VECTOR('',#2253,1.);
#2253 = DIRECTION('',(0.925627367602,0.37843622494));
#2254 = ( GEOMETRIC_REPRESENTATION_CONTEXT(2) 
PARAMETRIC_REPRESENTATION_CONTEXT() REPRESENTATION_CONTEXT('2D SPACE',''
  ) );
#2255 = PCURVE('',#1862,#2256);
#2256 = DEFINITIONAL_REPRESENTATION('',(#2257),#2260);
#2257 = B_SPLINE_CURVE_WITH_KNOTS('',1,(#2258,#2259),.UNSPECIFIED.,.F.,
  .F.,(2,2),(7.63115145176,17.502075),.PIECEWISE_BEZIER_KNOTS.);
#2258 = CARTESIAN_POINT('',(7.619061749091,0.));
#2259 = CARTESIAN_POINT('',(17.474347220756,0.));
#2260 = ( GEOMETRIC_REPRESENTATION_CONTEXT(2) 
PARAMETRIC_REPRESENTATION_CONTEXT() REPRESENTATION_CONTEXT('2D SPACE',''
  ) );
#2261 = ORIENTED_EDGE('',*,*,#2262,.F.);
#2262 = EDGE_CURVE('',#2107,#2241,#2263,.T.);
#2263 = SURFACE_CURVE('',#2264,(#2268,#2275),.PCURVE_S1.);
#2264 = LINE('',#2265,#2266);
#2265 = CARTESIAN_POINT('',(0.,-25.09485,12.61275));
#2266 = VECTOR('',#2267,1.);
#2267 = DIRECTION('',(1.,0.,0.));
#2268 = PCURVE('',#781,#2269);
#2269 = DEFINITIONAL_REPRESENTATION('',(#2270),#2274);
#2270 = LINE('',#2271,#2272);
#2271 = CARTESIAN_POINT('',(35.108737470816,6.623419191611));
#2272 = VECTOR('',#2273,1.);
#2273 = DIRECTION('',(0.37843622494,-0.925627367602));
#2274 = ( GEOMETRIC_REPRESENTATION_CONTEXT(2) 
PARAMETRIC_REPRESENTATION_CONTEXT() REPRESENTATION_CONTEXT('2D SPACE',''
  ) );
#2275 = PCURVE('',#1837,#2276);
#2276 = DEFINITIONAL_REPRESENTATION('',(#2277),#2280);
#2277 = B_SPLINE_CURVE_WITH_KNOTS('',1,(#2278,#2279),.UNSPECIFIED.,.F.,
  .F.,(2,2),(-7.1556,7.1556),.PIECEWISE_BEZIER_KNOTS.);
#2278 = CARTESIAN_POINT('',(7.179347220756,0.));
#2279 = CARTESIAN_POINT('',(-7.179347220756,0.));
#2280 = ( GEOMETRIC_REPRESENTATION_CONTEXT(2) 
PARAMETRIC_REPRESENTATION_CONTEXT() REPRESENTATION_CONTEXT('2D SPACE',''
  ) );
#2281 = FACE_BOUND('',#2282,.F.);
#2282 = EDGE_LOOP('',(#2283));
#2283 = ORIENTED_EDGE('',*,*,#2284,.F.);
#2284 = EDGE_CURVE('',#2285,#2285,#2287,.T.);
#2285 = VERTEX_POINT('',#2286);
#2286 = CARTESIAN_POINT('',(0.976932255595,-40.2,12.61275));
#2287 = SURFACE_CURVE('',#2288,(#2293,#2300),.PCURVE_S1.);
#2288 = CIRCLE('',#2289,0.976932255595);
#2289 = AXIS2_PLACEMENT_3D('',#2290,#2291,#2292);
#2290 = CARTESIAN_POINT('',(0.,-40.2,12.61275));
#2291 = DIRECTION('',(0.,0.,1.));
#2292 = DIRECTION('',(1.,0.,-0.));
#2293 = PCURVE('',#781,#2294);
#2294 = DEFINITIONAL_REPRESENTATION('',(#2295),#2299);
#2295 = CIRCLE('',#2296,0.976932255595);
#2296 = AXIS2_PLACEMENT_2D('',#2297,#2298);
#2297 = CARTESIAN_POINT('',(21.126997239086,0.907083248464));
#2298 = DIRECTION('',(0.37843622494,-0.925627367602));
#2299 = ( GEOMETRIC_REPRESENTATION_CONTEXT(2) 
PARAMETRIC_REPRESENTATION_CONTEXT() REPRESENTATION_CONTEXT('2D SPACE',''
  ) );
#2300 = PCURVE('',#2301,#2306);
#2301 = CYLINDRICAL_SURFACE('',#2302,0.976932255595);
#2302 = AXIS2_PLACEMENT_3D('',#2303,#2304,#2305);
#2303 = CARTESIAN_POINT('',(0.,-40.2,12.61275));
#2304 = DIRECTION('',(0.,0.,1.));
#2305 = DIRECTION('',(1.,0.,-0.));
#2306 = DEFINITIONAL_REPRESENTATION('',(#2307),#2310);
#2307 = B_SPLINE_CURVE_WITH_KNOTS('',1,(#2308,#2309),.UNSPECIFIED.,.F.,
  .F.,(2,2),(0.,6.28318530718),.PIECEWISE_BEZIER_KNOTS.);
#2308 = CARTESIAN_POINT('',(0.,0.));
#2309 = CARTESIAN_POINT('',(6.28318530718,0.));
#2310 = ( GEOMETRIC_REPRESENTATION_CONTEXT(2) 
PARAMETRIC_REPRESENTATION_CONTEXT() REPRESENTATION_CONTEXT('2D SPACE',''
  ) );
#2311 = ADVANCED_FACE('',(#2312),#753,.T.);
#2312 = FACE_BOUND('',#2313,.T.);
#2313 = EDGE_LOOP('',(#2314,#2315,#2316,#2317));
#2314 = ORIENTED_EDGE('',*,*,#1948,.T.);
#2315 = ORIENTED_EDGE('',*,*,#733,.T.);
#2316 = ORIENTED_EDGE('',*,*,#2153,.T.);
#2317 = ORIENTED_EDGE('',*,*,#2318,.T.);
#2318 = EDGE_CURVE('',#2154,#1924,#2319,.T.);
#2319 = SURFACE_CURVE('',#2320,(#2329,#2341),.PCURVE_S1.);
#2320 = B_SPLINE_CURVE_WITH_KNOTS('',4,(#2321,#2322,#2323,#2324,#2325,
    #2326,#2327,#2328),.UNSPECIFIED.,.F.,.F.,(5,3,5),(0.,0.469868179244,
    1.),.UNSPECIFIED.);
#2321 = CARTESIAN_POINT('',(7.1556,-37.24569225865,12.61275));
#2322 = CARTESIAN_POINT('',(7.162390934012,-37.24729538071,
    13.001802348994));
#2323 = CARTESIAN_POINT('',(7.169185998344,-37.2488994778,
    13.391091323871));
#2324 = CARTESIAN_POINT('',(7.175984020541,-37.25050427315,
    13.780549754646));
#2325 = CARTESIAN_POINT('',(7.190457006208,-37.25392088161,
    14.609706548226));
#2326 = CARTESIAN_POINT('',(7.198132594966,-37.25573284232,
    15.049440733666));
#2327 = CARTESIAN_POINT('',(7.205810320525,-37.25754530746,
    15.489297336319));
#2328 = CARTESIAN_POINT('',(7.213489758621,-37.25935817688,15.9292520502
    ));
#2329 = PCURVE('',#753,#2330);
#2330 = DEFINITIONAL_REPRESENTATION('',(#2331),#2340);
#2331 = B_SPLINE_CURVE_WITH_KNOTS('',4,(#2332,#2333,#2334,#2335,#2336,
    #2337,#2338,#2339),.UNSPECIFIED.,.F.,.F.,(5,3,5),(0.,0.469868179244,
    1.),.UNSPECIFIED.);
#2332 = CARTESIAN_POINT('',(5.342755015127,0.));
#2333 = CARTESIAN_POINT('',(5.339081404507,0.113857872108));
#2334 = CARTESIAN_POINT('',(5.335409360716,0.227784993817));
#2335 = CARTESIAN_POINT('',(5.33173951902,0.341761707535));
#2336 = CARTESIAN_POINT('',(5.323934504995,0.584418070888));
#2337 = CARTESIAN_POINT('',(5.319800031289,0.713108204175));
#2338 = CARTESIAN_POINT('',(5.315669230241,0.841834163394));
#2339 = CARTESIAN_POINT('',(5.31154232159,0.970588835294));
#2340 = ( GEOMETRIC_REPRESENTATION_CONTEXT(2) 
PARAMETRIC_REPRESENTATION_CONTEXT() REPRESENTATION_CONTEXT('2D SPACE',''
  ) );
#2341 = PCURVE('',#1937,#2342);
#2342 = DEFINITIONAL_REPRESENTATION('',(#2343),#2352);
#2343 = B_SPLINE_CURVE_WITH_KNOTS('',4,(#2344,#2345,#2346,#2347,#2348,
    #2349,#2350,#2351),.UNSPECIFIED.,.F.,.F.,(5,3,5),(0.,0.469868179244,
    1.),.UNSPECIFIED.);
#2344 = CARTESIAN_POINT('',(-0.201476878039,2.857142867456E-03));
#2345 = CARTESIAN_POINT('',(-0.164803047699,0.113461932886));
#2346 = CARTESIAN_POINT('',(-0.131039050799,0.22413399401));
#2347 = CARTESIAN_POINT('',(-9.968260699942E-02,0.33485423017));
#2348 = CARTESIAN_POINT('',(-3.738789176922E-02,0.570577554577));
#2349 = CARTESIAN_POINT('',(-7.013713972142E-03,0.695590826913));
#2350 = CARTESIAN_POINT('',(2.117477233488E-02,0.820638901583));
#2351 = CARTESIAN_POINT('',(4.747184183958E-02,0.945714868571));
#2352 = ( GEOMETRIC_REPRESENTATION_CONTEXT(2) 
PARAMETRIC_REPRESENTATION_CONTEXT() REPRESENTATION_CONTEXT('2D SPACE',''
  ) );
#2353 = ADVANCED_FACE('',(#2354),#1105,.F.);
#2354 = FACE_BOUND('',#2355,.F.);
#2355 = EDGE_LOOP('',(#2356,#2379,#2405,#2406,#2427,#2428,#2429,#2430));
#2356 = ORIENTED_EDGE('',*,*,#2357,.T.);
#2357 = EDGE_CURVE('',#2358,#2360,#2362,.T.);
#2358 = VERTEX_POINT('',#2359);
#2359 = CARTESIAN_POINT('',(8.5425,-49.245,15.9192));
#2360 = VERTEX_POINT('',#2361);
#2361 = CARTESIAN_POINT('',(8.49225,-49.245,17.13525));
#2362 = SEAM_CURVE('',#2363,(#2367,#2373),.PCURVE_S1.);
#2363 = LINE('',#2364,#2365);
#2364 = CARTESIAN_POINT('',(8.5425,-49.245,15.9192));
#2365 = VECTOR('',#2366,1.);
#2366 = DIRECTION('',(-4.128707954562E-02,1.011241796234E-17,
    0.999147325004));
#2367 = PCURVE('',#1105,#2368);
#2368 = DEFINITIONAL_REPRESENTATION('',(#2369),#2372);
#2369 = B_SPLINE_CURVE_WITH_KNOTS('',1,(#2370,#2371),.UNSPECIFIED.,.F.,
  .F.,(2,2),(0.,1.217087780318),.PIECEWISE_BEZIER_KNOTS.);
#2370 = CARTESIAN_POINT('',(-6.28318530718,0.));
#2371 = CARTESIAN_POINT('',(-6.28318530718,-1.21605));
#2372 = ( GEOMETRIC_REPRESENTATION_CONTEXT(2) 
PARAMETRIC_REPRESENTATION_CONTEXT() REPRESENTATION_CONTEXT('2D SPACE',''
  ) );
#2373 = PCURVE('',#1105,#2374);
#2374 = DEFINITIONAL_REPRESENTATION('',(#2375),#2378);
#2375 = B_SPLINE_CURVE_WITH_KNOTS('',1,(#2376,#2377),.UNSPECIFIED.,.F.,
  .F.,(2,2),(0.,1.217087780318),.PIECEWISE_BEZIER_KNOTS.);
#2376 = CARTESIAN_POINT('',(0.,0.));
#2377 = CARTESIAN_POINT('',(0.,-1.21605));
#2378 = ( GEOMETRIC_REPRESENTATION_CONTEXT(2) 
PARAMETRIC_REPRESENTATION_CONTEXT() REPRESENTATION_CONTEXT('2D SPACE',''
  ) );
#2379 = ORIENTED_EDGE('',*,*,#2380,.F.);
#2380 = EDGE_CURVE('',#2360,#2360,#2381,.T.);
#2381 = SURFACE_CURVE('',#2382,(#2387,#2393),.PCURVE_S1.);
#2382 = CIRCLE('',#2383,0.55275);
#2383 = AXIS2_PLACEMENT_3D('',#2384,#2385,#2386);
#2384 = CARTESIAN_POINT('',(7.9395,-49.245,17.13525));
#2385 = DIRECTION('',(0.,0.,1.));
#2386 = DIRECTION('',(1.,0.,0.));
#2387 = PCURVE('',#1105,#2388);
#2388 = DEFINITIONAL_REPRESENTATION('',(#2389),#2392);
#2389 = B_SPLINE_CURVE_WITH_KNOTS('',1,(#2390,#2391),.UNSPECIFIED.,.F.,
  .F.,(2,2),(0.,6.28318530718),.PIECEWISE_BEZIER_KNOTS.);
#2390 = CARTESIAN_POINT('',(0.,-1.21605));
#2391 = CARTESIAN_POINT('',(-6.28318530718,-1.21605));
#2392 = ( GEOMETRIC_REPRESENTATION_CONTEXT(2) 
PARAMETRIC_REPRESENTATION_CONTEXT() REPRESENTATION_CONTEXT('2D SPACE',''
  ) );
#2393 = PCURVE('',#2394,#2399);
#2394 = PLANE('',#2395);
#2395 = AXIS2_PLACEMENT_3D('',#2396,#2397,#2398);
#2396 = CARTESIAN_POINT('',(7.9395,-49.245,17.13525));
#2397 = DIRECTION('',(0.,0.,1.));
#2398 = DIRECTION('',(1.,0.,0.));
#2399 = DEFINITIONAL_REPRESENTATION('',(#2400),#2404);
#2400 = CIRCLE('',#2401,0.55275);
#2401 = AXIS2_PLACEMENT_2D('',#2402,#2403);
#2402 = CARTESIAN_POINT('',(0.,0.));
#2403 = DIRECTION('',(1.,0.));
#2404 = ( GEOMETRIC_REPRESENTATION_CONTEXT(2) 
PARAMETRIC_REPRESENTATION_CONTEXT() REPRESENTATION_CONTEXT('2D SPACE',''
  ) );
#2405 = ORIENTED_EDGE('',*,*,#2357,.F.);
#2406 = ORIENTED_EDGE('',*,*,#2407,.T.);
#2407 = EDGE_CURVE('',#2358,#1086,#2408,.T.);
#2408 = SURFACE_CURVE('',#2409,(#2414,#2420),.PCURVE_S1.);
#2409 = CIRCLE('',#2410,0.603);
#2410 = AXIS2_PLACEMENT_3D('',#2411,#2412,#2413);
#2411 = CARTESIAN_POINT('',(7.9395,-49.245,15.9192));
#2412 = DIRECTION('',(0.,0.,1.));
#2413 = DIRECTION('',(1.,0.,0.));
#2414 = PCURVE('',#1105,#2415);
#2415 = DEFINITIONAL_REPRESENTATION('',(#2416),#2419);
#2416 = B_SPLINE_CURVE_WITH_KNOTS('',1,(#2417,#2418),.UNSPECIFIED.,.F.,
  .F.,(2,2),(0.,0.119832196047),.PIECEWISE_BEZIER_KNOTS.);
#2417 = CARTESIAN_POINT('',(0.,0.));
#2418 = CARTESIAN_POINT('',(-0.119832196047,0.));
#2419 = ( GEOMETRIC_REPRESENTATION_CONTEXT(2) 
PARAMETRIC_REPRESENTATION_CONTEXT() REPRESENTATION_CONTEXT('2D SPACE',''
  ) );
#2420 = PCURVE('',#1133,#2421);
#2421 = DEFINITIONAL_REPRESENTATION('',(#2422),#2426);
#2422 = CIRCLE('',#2423,0.603);
#2423 = AXIS2_PLACEMENT_2D('',#2424,#2425);
#2424 = CARTESIAN_POINT('',(0.,0.));
#2425 = DIRECTION('',(1.,0.));
#2426 = ( GEOMETRIC_REPRESENTATION_CONTEXT(2) 
PARAMETRIC_REPRESENTATION_CONTEXT() REPRESENTATION_CONTEXT('2D SPACE',''
  ) );
#2427 = ORIENTED_EDGE('',*,*,#1085,.T.);
#2428 = ORIENTED_EDGE('',*,*,#1968,.T.);
#2429 = ORIENTED_EDGE('',*,*,#1144,.F.);
#2430 = ORIENTED_EDGE('',*,*,#2431,.T.);
#2431 = EDGE_CURVE('',#1120,#2358,#2432,.T.);
#2432 = SURFACE_CURVE('',#2433,(#2438,#2444),.PCURVE_S1.);
#2433 = CIRCLE('',#2434,0.603);
#2434 = AXIS2_PLACEMENT_3D('',#2435,#2436,#2437);
#2435 = CARTESIAN_POINT('',(7.9395,-49.245,15.9192));
#2436 = DIRECTION('',(0.,0.,1.));
#2437 = DIRECTION('',(1.,0.,0.));
#2438 = PCURVE('',#1105,#2439);
#2439 = DEFINITIONAL_REPRESENTATION('',(#2440),#2443);
#2440 = B_SPLINE_CURVE_WITH_KNOTS('',1,(#2441,#2442),.UNSPECIFIED.,.F.,
  .F.,(2,2),(6.163353111133,6.28318530718),.PIECEWISE_BEZIER_KNOTS.);
#2441 = CARTESIAN_POINT('',(-6.163353111133,0.));
#2442 = CARTESIAN_POINT('',(-6.28318530718,0.));
#2443 = ( GEOMETRIC_REPRESENTATION_CONTEXT(2) 
PARAMETRIC_REPRESENTATION_CONTEXT() REPRESENTATION_CONTEXT('2D SPACE',''
  ) );
#2444 = PCURVE('',#1133,#2445);
#2445 = DEFINITIONAL_REPRESENTATION('',(#2446),#2450);
#2446 = CIRCLE('',#2447,0.603);
#2447 = AXIS2_PLACEMENT_2D('',#2448,#2449);
#2448 = CARTESIAN_POINT('',(0.,0.));
#2449 = DIRECTION('',(1.,0.));
#2450 = ( GEOMETRIC_REPRESENTATION_CONTEXT(2) 
PARAMETRIC_REPRESENTATION_CONTEXT() REPRESENTATION_CONTEXT('2D SPACE',''
  ) );
#2451 = ADVANCED_FACE('',(#2452),#1133,.T.);
#2452 = FACE_BOUND('',#2453,.T.);
#2453 = EDGE_LOOP('',(#2454,#2455,#2456));
#2454 = ORIENTED_EDGE('',*,*,#2431,.T.);
#2455 = ORIENTED_EDGE('',*,*,#2407,.T.);
#2456 = ORIENTED_EDGE('',*,*,#1119,.T.);
#2457 = ADVANCED_FACE('',(#2458),#995,.F.);
#2458 = FACE_BOUND('',#2459,.F.);
#2459 = EDGE_LOOP('',(#2460,#2483,#2509,#2510,#2531,#2532,#2533,#2534));
#2460 = ORIENTED_EDGE('',*,*,#2461,.T.);
#2461 = EDGE_CURVE('',#2462,#2464,#2466,.T.);
#2462 = VERTEX_POINT('',#2463);
#2463 = CARTESIAN_POINT('',(8.5425,-31.155,15.9192));
#2464 = VERTEX_POINT('',#2465);
#2465 = CARTESIAN_POINT('',(8.49225,-31.155,17.13525));
#2466 = SEAM_CURVE('',#2467,(#2471,#2477),.PCURVE_S1.);
#2467 = LINE('',#2468,#2469);
#2468 = CARTESIAN_POINT('',(8.5425,-31.155,15.9192));
#2469 = VECTOR('',#2470,1.);
#2470 = DIRECTION('',(-4.128707954562E-02,1.011241796234E-17,
    0.999147325004));
#2471 = PCURVE('',#995,#2472);
#2472 = DEFINITIONAL_REPRESENTATION('',(#2473),#2476);
#2473 = B_SPLINE_CURVE_WITH_KNOTS('',1,(#2474,#2475),.UNSPECIFIED.,.F.,
  .F.,(2,2),(0.,1.217087780318),.PIECEWISE_BEZIER_KNOTS.);
#2474 = CARTESIAN_POINT('',(-6.28318530718,0.));
#2475 = CARTESIAN_POINT('',(-6.28318530718,-1.21605));
#2476 = ( GEOMETRIC_REPRESENTATION_CONTEXT(2) 
PARAMETRIC_REPRESENTATION_CONTEXT() REPRESENTATION_CONTEXT('2D SPACE',''
  ) );
#2477 = PCURVE('',#995,#2478);
#2478 = DEFINITIONAL_REPRESENTATION('',(#2479),#2482);
#2479 = B_SPLINE_CURVE_WITH_KNOTS('',1,(#2480,#2481),.UNSPECIFIED.,.F.,
  .F.,(2,2),(0.,1.217087780318),.PIECEWISE_BEZIER_KNOTS.);
#2480 = CARTESIAN_POINT('',(0.,0.));
#2481 = CARTESIAN_POINT('',(0.,-1.21605));
#2482 = ( GEOMETRIC_REPRESENTATION_CONTEXT(2) 
PARAMETRIC_REPRESENTATION_CONTEXT() REPRESENTATION_CONTEXT('2D SPACE',''
  ) );
#2483 = ORIENTED_EDGE('',*,*,#2484,.F.);
#2484 = EDGE_CURVE('',#2464,#2464,#2485,.T.);
#2485 = SURFACE_CURVE('',#2486,(#2491,#2497),.PCURVE_S1.);
#2486 = CIRCLE('',#2487,0.55275);
#2487 = AXIS2_PLACEMENT_3D('',#2488,#2489,#2490);
#2488 = CARTESIAN_POINT('',(7.9395,-31.155,17.13525));
#2489 = DIRECTION('',(0.,0.,1.));
#2490 = DIRECTION('',(1.,0.,0.));
#2491 = PCURVE('',#995,#2492);
#2492 = DEFINITIONAL_REPRESENTATION('',(#2493),#2496);
#2493 = B_SPLINE_CURVE_WITH_KNOTS('',1,(#2494,#2495),.UNSPECIFIED.,.F.,
  .F.,(2,2),(0.,6.28318530718),.PIECEWISE_BEZIER_KNOTS.);
#2494 = CARTESIAN_POINT('',(0.,-1.21605));
#2495 = CARTESIAN_POINT('',(-6.28318530718,-1.21605));
#2496 = ( GEOMETRIC_REPRESENTATION_CONTEXT(2) 
PARAMETRIC_REPRESENTATION_CONTEXT() REPRESENTATION_CONTEXT('2D SPACE',''
  ) );
#2497 = PCURVE('',#2498,#2503);
#2498 = PLANE('',#2499);
#2499 = AXIS2_PLACEMENT_3D('',#2500,#2501,#2502);
#2500 = CARTESIAN_POINT('',(7.9395,-31.155,17.13525));
#2501 = DIRECTION('',(0.,0.,1.));
#2502 = DIRECTION('',(1.,0.,0.));
#2503 = DEFINITIONAL_REPRESENTATION('',(#2504),#2508);
#2504 = CIRCLE('',#2505,0.55275);
#2505 = AXIS2_PLACEMENT_2D('',#2506,#2507);
#2506 = CARTESIAN_POINT('',(0.,0.));
#2507 = DIRECTION('',(1.,0.));
#2508 = ( GEOMETRIC_REPRESENTATION_CONTEXT(2) 
PARAMETRIC_REPRESENTATION_CONTEXT() REPRESENTATION_CONTEXT('2D SPACE',''
  ) );
#2509 = ORIENTED_EDGE('',*,*,#2461,.F.);
#2510 = ORIENTED_EDGE('',*,*,#2511,.T.);
#2511 = EDGE_CURVE('',#2462,#976,#2512,.T.);
#2512 = SURFACE_CURVE('',#2513,(#2518,#2524),.PCURVE_S1.);
#2513 = CIRCLE('',#2514,0.603);
#2514 = AXIS2_PLACEMENT_3D('',#2515,#2516,#2517);
#2515 = CARTESIAN_POINT('',(7.9395,-31.155,15.9192));
#2516 = DIRECTION('',(0.,0.,1.));
#2517 = DIRECTION('',(1.,0.,0.));
#2518 = PCURVE('',#995,#2519);
#2519 = DEFINITIONAL_REPRESENTATION('',(#2520),#2523);
#2520 = B_SPLINE_CURVE_WITH_KNOTS('',1,(#2521,#2522),.UNSPECIFIED.,.F.,
  .F.,(2,2),(0.,0.119832196047),.PIECEWISE_BEZIER_KNOTS.);
#2521 = CARTESIAN_POINT('',(0.,0.));
#2522 = CARTESIAN_POINT('',(-0.119832196047,0.));
#2523 = ( GEOMETRIC_REPRESENTATION_CONTEXT(2) 
PARAMETRIC_REPRESENTATION_CONTEXT() REPRESENTATION_CONTEXT('2D SPACE',''
  ) );
#2524 = PCURVE('',#1023,#2525);
#2525 = DEFINITIONAL_REPRESENTATION('',(#2526),#2530);
#2526 = CIRCLE('',#2527,0.603);
#2527 = AXIS2_PLACEMENT_2D('',#2528,#2529);
#2528 = CARTESIAN_POINT('',(0.,0.));
#2529 = DIRECTION('',(1.,0.));
#2530 = ( GEOMETRIC_REPRESENTATION_CONTEXT(2) 
PARAMETRIC_REPRESENTATION_CONTEXT() REPRESENTATION_CONTEXT('2D SPACE',''
  ) );
#2531 = ORIENTED_EDGE('',*,*,#975,.T.);
#2532 = ORIENTED_EDGE('',*,*,#1990,.T.);
#2533 = ORIENTED_EDGE('',*,*,#1034,.F.);
#2534 = ORIENTED_EDGE('',*,*,#2535,.T.);
#2535 = EDGE_CURVE('',#1010,#2462,#2536,.T.);
#2536 = SURFACE_CURVE('',#2537,(#2542,#2548),.PCURVE_S1.);
#2537 = CIRCLE('',#2538,0.603);
#2538 = AXIS2_PLACEMENT_3D('',#2539,#2540,#2541);
#2539 = CARTESIAN_POINT('',(7.9395,-31.155,15.9192));
#2540 = DIRECTION('',(0.,0.,1.));
#2541 = DIRECTION('',(1.,0.,0.));
#2542 = PCURVE('',#995,#2543);
#2543 = DEFINITIONAL_REPRESENTATION('',(#2544),#2547);
#2544 = B_SPLINE_CURVE_WITH_KNOTS('',1,(#2545,#2546),.UNSPECIFIED.,.F.,
  .F.,(2,2),(6.163353111133,6.28318530718),.PIECEWISE_BEZIER_KNOTS.);
#2545 = CARTESIAN_POINT('',(-6.163353111133,0.));
#2546 = CARTESIAN_POINT('',(-6.28318530718,0.));
#2547 = ( GEOMETRIC_REPRESENTATION_CONTEXT(2) 
PARAMETRIC_REPRESENTATION_CONTEXT() REPRESENTATION_CONTEXT('2D SPACE',''
  ) );
#2548 = PCURVE('',#1023,#2549);
#2549 = DEFINITIONAL_REPRESENTATION('',(#2550),#2554);
#2550 = CIRCLE('',#2551,0.603);
#2551 = AXIS2_PLACEMENT_2D('',#2552,#2553);
#2552 = CARTESIAN_POINT('',(0.,0.));
#2553 = DIRECTION('',(1.,0.));
#2554 = ( GEOMETRIC_REPRESENTATION_CONTEXT(2) 
PARAMETRIC_REPRESENTATION_CONTEXT() REPRESENTATION_CONTEXT('2D SPACE',''
  ) );
#2555 = ADVANCED_FACE('',(#2556),#1023,.T.);
#2556 = FACE_BOUND('',#2557,.T.);
#2557 = EDGE_LOOP('',(#2558,#2559,#2560));
#2558 = ORIENTED_EDGE('',*,*,#2535,.T.);
#2559 = ORIENTED_EDGE('',*,*,#2511,.T.);
#2560 = ORIENTED_EDGE('',*,*,#1009,.T.);
#2561 = ADVANCED_FACE('',(#2562,#2568),#894,.F.);
#2562 = FACE_BOUND('',#2563,.F.);
#2563 = EDGE_LOOP('',(#2564,#2565,#2566,#2567));
#2564 = ORIENTED_EDGE('',*,*,#880,.T.);
#2565 = ORIENTED_EDGE('',*,*,#1218,.T.);
#2566 = ORIENTED_EDGE('',*,*,#1262,.T.);
#2567 = ORIENTED_EDGE('',*,*,#1288,.F.);
#2568 = FACE_BOUND('',#2569,.F.);
#2569 = EDGE_LOOP('',(#2570));
#2570 = ORIENTED_EDGE('',*,*,#2571,.F.);
#2571 = EDGE_CURVE('',#2572,#2572,#2574,.T.);
#2572 = VERTEX_POINT('',#2573);
#2573 = CARTESIAN_POINT('',(13.535595765975,-40.2,9.045));
#2574 = SURFACE_CURVE('',#2575,(#2580,#2587),.PCURVE_S1.);
#2575 = CIRCLE('',#2576,1.475595765975);
#2576 = AXIS2_PLACEMENT_3D('',#2577,#2578,#2579);
#2577 = CARTESIAN_POINT('',(12.06,-40.2,9.045));
#2578 = DIRECTION('',(0.,0.,1.));
#2579 = DIRECTION('',(1.,0.,-0.));
#2580 = PCURVE('',#894,#2581);
#2581 = DEFINITIONAL_REPRESENTATION('',(#2582),#2586);
#2582 = CIRCLE('',#2583,1.475595765975);
#2583 = AXIS2_PLACEMENT_2D('',#2584,#2585);
#2584 = CARTESIAN_POINT('',(5.165427280013,-0.382624057735));
#2585 = DIRECTION('',(0.688557425389,-0.725181819919));
#2586 = ( GEOMETRIC_REPRESENTATION_CONTEXT(2) 
PARAMETRIC_REPRESENTATION_CONTEXT() REPRESENTATION_CONTEXT('2D SPACE',''
  ) );
#2587 = PCURVE('',#2588,#2593);
#2588 = CONICAL_SURFACE('',#2589,1.438756851444,1.745329251994E-02);
#2589 = AXIS2_PLACEMENT_3D('',#2590,#2591,#2592);
#2590 = CARTESIAN_POINT('',(12.06,-40.2,6.9345));
#2591 = DIRECTION('',(0.,0.,1.));
#2592 = DIRECTION('',(1.,0.,0.));
#2593 = DEFINITIONAL_REPRESENTATION('',(#2594),#2597);
#2594 = B_SPLINE_CURVE_WITH_KNOTS('',1,(#2595,#2596),.UNSPECIFIED.,.F.,
  .F.,(2,2),(0.,6.28318530718),.PIECEWISE_BEZIER_KNOTS.);
#2595 = CARTESIAN_POINT('',(0.,2.1105));
#2596 = CARTESIAN_POINT('',(6.28318530718,2.1105));
#2597 = ( GEOMETRIC_REPRESENTATION_CONTEXT(2) 
PARAMETRIC_REPRESENTATION_CONTEXT() REPRESENTATION_CONTEXT('2D SPACE',''
  ) );
#2598 = ADVANCED_FACE('',(#2599,#2605),#1644,.F.);
#2599 = FACE_BOUND('',#2600,.F.);
#2600 = EDGE_LOOP('',(#2601,#2602,#2603,#2604));
#2601 = ORIENTED_EDGE('',*,*,#1751,.F.);
#2602 = ORIENTED_EDGE('',*,*,#1778,.T.);
#2603 = ORIENTED_EDGE('',*,*,#1630,.T.);
#2604 = ORIENTED_EDGE('',*,*,#1706,.F.);
#2605 = FACE_BOUND('',#2606,.F.);
#2606 = EDGE_LOOP('',(#2607));
#2607 = ORIENTED_EDGE('',*,*,#2608,.F.);
#2608 = EDGE_CURVE('',#2609,#2609,#2611,.T.);
#2609 = VERTEX_POINT('',#2610);
#2610 = CARTESIAN_POINT('',(-10.58440423402,-40.2,9.045));
#2611 = SURFACE_CURVE('',#2612,(#2617,#2624),.PCURVE_S1.);
#2612 = CIRCLE('',#2613,1.475595765975);
#2613 = AXIS2_PLACEMENT_3D('',#2614,#2615,#2616);
#2614 = CARTESIAN_POINT('',(-12.06,-40.2,9.045));
#2615 = DIRECTION('',(0.,0.,1.));
#2616 = DIRECTION('',(1.,0.,-0.));
#2617 = PCURVE('',#1644,#2618);
#2618 = DEFINITIONAL_REPRESENTATION('',(#2619),#2623);
#2619 = CIRCLE('',#2620,1.475595765975);
#2620 = AXIS2_PLACEMENT_2D('',#2621,#2622);
#2621 = CARTESIAN_POINT('',(4.438827056871,0.382624057735));
#2622 = DIRECTION('',(0.688557425389,-0.725181819919));
#2623 = ( GEOMETRIC_REPRESENTATION_CONTEXT(2) 
PARAMETRIC_REPRESENTATION_CONTEXT() REPRESENTATION_CONTEXT('2D SPACE',''
  ) );
#2624 = PCURVE('',#2625,#2630);
#2625 = CONICAL_SURFACE('',#2626,1.438756851444,1.745329251994E-02);
#2626 = AXIS2_PLACEMENT_3D('',#2627,#2628,#2629);
#2627 = CARTESIAN_POINT('',(-12.06,-40.2,6.9345));
#2628 = DIRECTION('',(0.,0.,1.));
#2629 = DIRECTION('',(1.,0.,0.));
#2630 = DEFINITIONAL_REPRESENTATION('',(#2631),#2634);
#2631 = B_SPLINE_CURVE_WITH_KNOTS('',1,(#2632,#2633),.UNSPECIFIED.,.F.,
  .F.,(2,2),(0.,6.28318530718),.PIECEWISE_BEZIER_KNOTS.);
#2632 = CARTESIAN_POINT('',(0.,2.1105));
#2633 = CARTESIAN_POINT('',(6.28318530718,2.1105));
#2634 = ( GEOMETRIC_REPRESENTATION_CONTEXT(2) 
PARAMETRIC_REPRESENTATION_CONTEXT() REPRESENTATION_CONTEXT('2D SPACE',''
  ) );
#2635 = ADVANCED_FACE('',(#2636),#1511,.F.);
#2636 = FACE_BOUND('',#2637,.F.);
#2637 = EDGE_LOOP('',(#2638,#2659,#2685,#2686,#2687,#2688,#2709,#2710));
#2638 = ORIENTED_EDGE('',*,*,#2639,.T.);
#2639 = EDGE_CURVE('',#2015,#2640,#2642,.T.);
#2640 = VERTEX_POINT('',#2641);
#2641 = CARTESIAN_POINT('',(-7.38675,-31.155,17.13525));
#2642 = SEAM_CURVE('',#2643,(#2647,#2653),.PCURVE_S1.);
#2643 = LINE('',#2644,#2645);
#2644 = CARTESIAN_POINT('',(-7.3365,-31.155,15.9192));
#2645 = VECTOR('',#2646,1.);
#2646 = DIRECTION('',(-4.128707954562E-02,1.011241796234E-17,
    0.999147325004));
#2647 = PCURVE('',#1511,#2648);
#2648 = DEFINITIONAL_REPRESENTATION('',(#2649),#2652);
#2649 = B_SPLINE_CURVE_WITH_KNOTS('',1,(#2650,#2651),.UNSPECIFIED.,.F.,
  .F.,(2,2),(1.005857669684E-02,1.217087780318),
  .PIECEWISE_BEZIER_KNOTS.);
#2650 = CARTESIAN_POINT('',(-6.28318530718,-1.005E-02));
#2651 = CARTESIAN_POINT('',(-6.28318530718,-1.21605));
#2652 = ( GEOMETRIC_REPRESENTATION_CONTEXT(2) 
PARAMETRIC_REPRESENTATION_CONTEXT() REPRESENTATION_CONTEXT('2D SPACE',''
  ) );
#2653 = PCURVE('',#1511,#2654);
#2654 = DEFINITIONAL_REPRESENTATION('',(#2655),#2658);
#2655 = B_SPLINE_CURVE_WITH_KNOTS('',1,(#2656,#2657),.UNSPECIFIED.,.F.,
  .F.,(2,2),(1.005857669684E-02,1.217087780318),
  .PIECEWISE_BEZIER_KNOTS.);
#2656 = CARTESIAN_POINT('',(0.,-1.005E-02));
#2657 = CARTESIAN_POINT('',(0.,-1.21605));
#2658 = ( GEOMETRIC_REPRESENTATION_CONTEXT(2) 
PARAMETRIC_REPRESENTATION_CONTEXT() REPRESENTATION_CONTEXT('2D SPACE',''
  ) );
#2659 = ORIENTED_EDGE('',*,*,#2660,.F.);
#2660 = EDGE_CURVE('',#2640,#2640,#2661,.T.);
#2661 = SURFACE_CURVE('',#2662,(#2667,#2673),.PCURVE_S1.);
#2662 = CIRCLE('',#2663,0.55275);
#2663 = AXIS2_PLACEMENT_3D('',#2664,#2665,#2666);
#2664 = CARTESIAN_POINT('',(-7.9395,-31.155,17.13525));
#2665 = DIRECTION('',(0.,0.,1.));
#2666 = DIRECTION('',(1.,0.,0.));
#2667 = PCURVE('',#1511,#2668);
#2668 = DEFINITIONAL_REPRESENTATION('',(#2669),#2672);
#2669 = B_SPLINE_CURVE_WITH_KNOTS('',1,(#2670,#2671),.UNSPECIFIED.,.F.,
  .F.,(2,2),(0.,6.28318530718),.PIECEWISE_BEZIER_KNOTS.);
#2670 = CARTESIAN_POINT('',(0.,-1.21605));
#2671 = CARTESIAN_POINT('',(-6.28318530718,-1.21605));
#2672 = ( GEOMETRIC_REPRESENTATION_CONTEXT(2) 
PARAMETRIC_REPRESENTATION_CONTEXT() REPRESENTATION_CONTEXT('2D SPACE',''
  ) );
#2673 = PCURVE('',#2674,#2679);
#2674 = PLANE('',#2675);
#2675 = AXIS2_PLACEMENT_3D('',#2676,#2677,#2678);
#2676 = CARTESIAN_POINT('',(-7.9395,-31.155,17.13525));
#2677 = DIRECTION('',(0.,0.,1.));
#2678 = DIRECTION('',(1.,0.,0.));
#2679 = DEFINITIONAL_REPRESENTATION('',(#2680),#2684);
#2680 = CIRCLE('',#2681,0.55275);
#2681 = AXIS2_PLACEMENT_2D('',#2682,#2683);
#2682 = CARTESIAN_POINT('',(0.,0.));
#2683 = DIRECTION('',(1.,0.));
#2684 = ( GEOMETRIC_REPRESENTATION_CONTEXT(2) 
PARAMETRIC_REPRESENTATION_CONTEXT() REPRESENTATION_CONTEXT('2D SPACE',''
  ) );
#2685 = ORIENTED_EDGE('',*,*,#2639,.F.);
#2686 = ORIENTED_EDGE('',*,*,#2014,.T.);
#2687 = ORIENTED_EDGE('',*,*,#1550,.F.);
#2688 = ORIENTED_EDGE('',*,*,#2689,.T.);
#2689 = EDGE_CURVE('',#1526,#1492,#2690,.T.);
#2690 = SURFACE_CURVE('',#2691,(#2696,#2702),.PCURVE_S1.);
#2691 = CIRCLE('',#2692,0.603);
#2692 = AXIS2_PLACEMENT_3D('',#2693,#2694,#2695);
#2693 = CARTESIAN_POINT('',(-7.9395,-31.155,15.9192));
#2694 = DIRECTION('',(0.,0.,1.));
#2695 = DIRECTION('',(1.,0.,0.));
#2696 = PCURVE('',#1511,#2697);
#2697 = DEFINITIONAL_REPRESENTATION('',(#2698),#2701);
#2698 = B_SPLINE_CURVE_WITH_KNOTS('',1,(#2699,#2700),.UNSPECIFIED.,.F.,
  .F.,(2,2),(3.021760457543,3.261424849636),.PIECEWISE_BEZIER_KNOTS.);
#2699 = CARTESIAN_POINT('',(-3.021760457543,0.));
#2700 = CARTESIAN_POINT('',(-3.261424849636,0.));
#2701 = ( GEOMETRIC_REPRESENTATION_CONTEXT(2) 
PARAMETRIC_REPRESENTATION_CONTEXT() REPRESENTATION_CONTEXT('2D SPACE',''
  ) );
#2702 = PCURVE('',#1539,#2703);
#2703 = DEFINITIONAL_REPRESENTATION('',(#2704),#2708);
#2704 = CIRCLE('',#2705,0.603);
#2705 = AXIS2_PLACEMENT_2D('',#2706,#2707);
#2706 = CARTESIAN_POINT('',(0.,0.));
#2707 = DIRECTION('',(1.,0.));
#2708 = ( GEOMETRIC_REPRESENTATION_CONTEXT(2) 
PARAMETRIC_REPRESENTATION_CONTEXT() REPRESENTATION_CONTEXT('2D SPACE',''
  ) );
#2709 = ORIENTED_EDGE('',*,*,#1491,.T.);
#2710 = ORIENTED_EDGE('',*,*,#2037,.T.);
#2711 = ADVANCED_FACE('',(#2712),#1539,.T.);
#2712 = FACE_BOUND('',#2713,.T.);
#2713 = EDGE_LOOP('',(#2714,#2715));
#2714 = ORIENTED_EDGE('',*,*,#1525,.T.);
#2715 = ORIENTED_EDGE('',*,*,#2689,.T.);
#2716 = ADVANCED_FACE('',(#2717),#1401,.F.);
#2717 = FACE_BOUND('',#2718,.F.);
#2718 = EDGE_LOOP('',(#2719,#2740,#2766,#2767,#2768,#2769,#2790,#2791));
#2719 = ORIENTED_EDGE('',*,*,#2720,.T.);
#2720 = EDGE_CURVE('',#2060,#2721,#2723,.T.);
#2721 = VERTEX_POINT('',#2722);
#2722 = CARTESIAN_POINT('',(-7.38675,-49.245,17.13525));
#2723 = SEAM_CURVE('',#2724,(#2728,#2734),.PCURVE_S1.);
#2724 = LINE('',#2725,#2726);
#2725 = CARTESIAN_POINT('',(-7.3365,-49.245,15.9192));
#2726 = VECTOR('',#2727,1.);
#2727 = DIRECTION('',(-4.128707954562E-02,1.011241796234E-17,
    0.999147325004));
#2728 = PCURVE('',#1401,#2729);
#2729 = DEFINITIONAL_REPRESENTATION('',(#2730),#2733);
#2730 = B_SPLINE_CURVE_WITH_KNOTS('',1,(#2731,#2732),.UNSPECIFIED.,.F.,
  .F.,(2,2),(1.005857669684E-02,1.217087780318),
  .PIECEWISE_BEZIER_KNOTS.);
#2731 = CARTESIAN_POINT('',(-6.28318530718,-1.005E-02));
#2732 = CARTESIAN_POINT('',(-6.28318530718,-1.21605));
#2733 = ( GEOMETRIC_REPRESENTATION_CONTEXT(2) 
PARAMETRIC_REPRESENTATION_CONTEXT() REPRESENTATION_CONTEXT('2D SPACE',''
  ) );
#2734 = PCURVE('',#1401,#2735);
#2735 = DEFINITIONAL_REPRESENTATION('',(#2736),#2739);
#2736 = B_SPLINE_CURVE_WITH_KNOTS('',1,(#2737,#2738),.UNSPECIFIED.,.F.,
  .F.,(2,2),(1.005857669684E-02,1.217087780318),
  .PIECEWISE_BEZIER_KNOTS.);
#2737 = CARTESIAN_POINT('',(0.,-1.005E-02));
#2738 = CARTESIAN_POINT('',(0.,-1.21605));
#2739 = ( GEOMETRIC_REPRESENTATION_CONTEXT(2) 
PARAMETRIC_REPRESENTATION_CONTEXT() REPRESENTATION_CONTEXT('2D SPACE',''
  ) );
#2740 = ORIENTED_EDGE('',*,*,#2741,.F.);
#2741 = EDGE_CURVE('',#2721,#2721,#2742,.T.);
#2742 = SURFACE_CURVE('',#2743,(#2748,#2754),.PCURVE_S1.);
#2743 = CIRCLE('',#2744,0.55275);
#2744 = AXIS2_PLACEMENT_3D('',#2745,#2746,#2747);
#2745 = CARTESIAN_POINT('',(-7.9395,-49.245,17.13525));
#2746 = DIRECTION('',(0.,0.,1.));
#2747 = DIRECTION('',(1.,0.,0.));
#2748 = PCURVE('',#1401,#2749);
#2749 = DEFINITIONAL_REPRESENTATION('',(#2750),#2753);
#2750 = B_SPLINE_CURVE_WITH_KNOTS('',1,(#2751,#2752),.UNSPECIFIED.,.F.,
  .F.,(2,2),(0.,6.28318530718),.PIECEWISE_BEZIER_KNOTS.);
#2751 = CARTESIAN_POINT('',(0.,-1.21605));
#2752 = CARTESIAN_POINT('',(-6.28318530718,-1.21605));
#2753 = ( GEOMETRIC_REPRESENTATION_CONTEXT(2) 
PARAMETRIC_REPRESENTATION_CONTEXT() REPRESENTATION_CONTEXT('2D SPACE',''
  ) );
#2754 = PCURVE('',#2755,#2760);
#2755 = PLANE('',#2756);
#2756 = AXIS2_PLACEMENT_3D('',#2757,#2758,#2759);
#2757 = CARTESIAN_POINT('',(-7.9395,-49.245,17.13525));
#2758 = DIRECTION('',(0.,0.,1.));
#2759 = DIRECTION('',(1.,0.,0.));
#2760 = DEFINITIONAL_REPRESENTATION('',(#2761),#2765);
#2761 = CIRCLE('',#2762,0.55275);
#2762 = AXIS2_PLACEMENT_2D('',#2763,#2764);
#2763 = CARTESIAN_POINT('',(0.,0.));
#2764 = DIRECTION('',(1.,0.));
#2765 = ( GEOMETRIC_REPRESENTATION_CONTEXT(2) 
PARAMETRIC_REPRESENTATION_CONTEXT() REPRESENTATION_CONTEXT('2D SPACE',''
  ) );
#2766 = ORIENTED_EDGE('',*,*,#2720,.F.);
#2767 = ORIENTED_EDGE('',*,*,#2059,.T.);
#2768 = ORIENTED_EDGE('',*,*,#1440,.F.);
#2769 = ORIENTED_EDGE('',*,*,#2770,.T.);
#2770 = EDGE_CURVE('',#1416,#1382,#2771,.T.);
#2771 = SURFACE_CURVE('',#2772,(#2777,#2783),.PCURVE_S1.);
#2772 = CIRCLE('',#2773,0.603);
#2773 = AXIS2_PLACEMENT_3D('',#2774,#2775,#2776);
#2774 = CARTESIAN_POINT('',(-7.9395,-49.245,15.9192));
#2775 = DIRECTION('',(0.,0.,1.));
#2776 = DIRECTION('',(1.,0.,0.));
#2777 = PCURVE('',#1401,#2778);
#2778 = DEFINITIONAL_REPRESENTATION('',(#2779),#2782);
#2779 = B_SPLINE_CURVE_WITH_KNOTS('',1,(#2780,#2781),.UNSPECIFIED.,.F.,
  .F.,(2,2),(3.021760457543,3.261424849636),.PIECEWISE_BEZIER_KNOTS.);
#2780 = CARTESIAN_POINT('',(-3.021760457543,0.));
#2781 = CARTESIAN_POINT('',(-3.261424849636,0.));
#2782 = ( GEOMETRIC_REPRESENTATION_CONTEXT(2) 
PARAMETRIC_REPRESENTATION_CONTEXT() REPRESENTATION_CONTEXT('2D SPACE',''
  ) );
#2783 = PCURVE('',#1429,#2784);
#2784 = DEFINITIONAL_REPRESENTATION('',(#2785),#2789);
#2785 = CIRCLE('',#2786,0.603);
#2786 = AXIS2_PLACEMENT_2D('',#2787,#2788);
#2787 = CARTESIAN_POINT('',(0.,0.));
#2788 = DIRECTION('',(1.,0.));
#2789 = ( GEOMETRIC_REPRESENTATION_CONTEXT(2) 
PARAMETRIC_REPRESENTATION_CONTEXT() REPRESENTATION_CONTEXT('2D SPACE',''
  ) );
#2790 = ORIENTED_EDGE('',*,*,#1381,.T.);
#2791 = ORIENTED_EDGE('',*,*,#2082,.T.);
#2792 = ADVANCED_FACE('',(#2793),#1429,.T.);
#2793 = FACE_BOUND('',#2794,.T.);
#2794 = EDGE_LOOP('',(#2795,#2796));
#2795 = ORIENTED_EDGE('',*,*,#1415,.T.);
#2796 = ORIENTED_EDGE('',*,*,#2770,.T.);
#2797 = ADVANCED_FACE('',(#2798),#1937,.T.);
#2798 = FACE_BOUND('',#2799,.T.);
#2799 = EDGE_LOOP('',(#2800,#2820,#2847,#2865,#2866,#2867));
#2800 = ORIENTED_EDGE('',*,*,#2801,.F.);
#2801 = EDGE_CURVE('',#2802,#2176,#2804,.T.);
#2802 = VERTEX_POINT('',#2803);
#2803 = CARTESIAN_POINT('',(7.1355,-37.2855,12.6027));
#2804 = SURFACE_CURVE('',#2805,(#2808,#2814),.PCURVE_S1.);
#2805 = B_SPLINE_CURVE_WITH_KNOTS('',1,(#2806,#2807),.UNSPECIFIED.,.F.,
  .F.,(2,2),(0.,1.),.PIECEWISE_BEZIER_KNOTS.);
#2806 = CARTESIAN_POINT('',(7.1355,-37.2855,12.6027));
#2807 = CARTESIAN_POINT('',(7.074101809115,-37.54558691028,16.1202));
#2808 = PCURVE('',#1937,#2809);
#2809 = DEFINITIONAL_REPRESENTATION('',(#2810),#2813);
#2810 = B_SPLINE_CURVE_WITH_KNOTS('',1,(#2811,#2812),.UNSPECIFIED.,.F.,
  .F.,(2,2),(0.,2.857142857143E-03),.PIECEWISE_BEZIER_KNOTS.);
#2811 = CARTESIAN_POINT('',(-0.258792945557,0.));
#2812 = CARTESIAN_POINT('',(-0.258792945557,2.857142857143E-03));
#2813 = ( GEOMETRIC_REPRESENTATION_CONTEXT(2) 
PARAMETRIC_REPRESENTATION_CONTEXT() REPRESENTATION_CONTEXT('2D SPACE',''
  ) );
#2814 = PCURVE('',#2209,#2815);
#2815 = DEFINITIONAL_REPRESENTATION('',(#2816),#2819);
#2816 = B_SPLINE_CURVE_WITH_KNOTS('',1,(#2817,#2818),.UNSPECIFIED.,.F.,
  .F.,(2,2),(0.,2.857142857143E-03),.PIECEWISE_BEZIER_KNOTS.);
#2817 = CARTESIAN_POINT('',(2.608792945557,0.));
#2818 = CARTESIAN_POINT('',(2.608792945557,2.857142857143E-03));
#2819 = ( GEOMETRIC_REPRESENTATION_CONTEXT(2) 
PARAMETRIC_REPRESENTATION_CONTEXT() REPRESENTATION_CONTEXT('2D SPACE',''
  ) );
#2820 = ORIENTED_EDGE('',*,*,#2821,.T.);
#2821 = EDGE_CURVE('',#2802,#2822,#2824,.T.);
#2822 = VERTEX_POINT('',#2823);
#2823 = CARTESIAN_POINT('',(7.58775,-36.381,12.6027));
#2824 = SURFACE_CURVE('',#2825,(#2829,#2835),.PCURVE_S1.);
#2825 = LINE('',#2826,#2827);
#2826 = CARTESIAN_POINT('',(7.1355,-37.2855,12.6027));
#2827 = VECTOR('',#2828,1.);
#2828 = DIRECTION('',(0.4472135955,0.894427191,0.));
#2829 = PCURVE('',#1937,#2830);
#2830 = DEFINITIONAL_REPRESENTATION('',(#2831),#2834);
#2831 = B_SPLINE_CURVE_WITH_KNOTS('',1,(#2832,#2833),.UNSPECIFIED.,.F.,
  .F.,(2,2),(0.,1.011261742824),.PIECEWISE_BEZIER_KNOTS.);
#2832 = CARTESIAN_POINT('',(-0.258792945557,0.));
#2833 = CARTESIAN_POINT('',(1.020652626436,0.));
#2834 = ( GEOMETRIC_REPRESENTATION_CONTEXT(2) 
PARAMETRIC_REPRESENTATION_CONTEXT() REPRESENTATION_CONTEXT('2D SPACE',''
  ) );
#2835 = PCURVE('',#2836,#2841);
#2836 = PLANE('',#2837);
#2837 = AXIS2_PLACEMENT_3D('',#2838,#2839,#2840);
#2838 = CARTESIAN_POINT('',(7.1355,-37.2855,12.6027));
#2839 = DIRECTION('',(0.,0.,-1.));
#2840 = DIRECTION('',(0.,1.,0.));
#2841 = DEFINITIONAL_REPRESENTATION('',(#2842),#2846);
#2842 = LINE('',#2843,#2844);
#2843 = CARTESIAN_POINT('',(0.,0.));
#2844 = VECTOR('',#2845,1.);
#2845 = DIRECTION('',(0.894427191,0.4472135955));
#2846 = ( GEOMETRIC_REPRESENTATION_CONTEXT(2) 
PARAMETRIC_REPRESENTATION_CONTEXT() REPRESENTATION_CONTEXT('2D SPACE',''
  ) );
#2847 = ORIENTED_EDGE('',*,*,#2848,.T.);
#2848 = EDGE_CURVE('',#2822,#1899,#2849,.T.);
#2849 = SURFACE_CURVE('',#2850,(#2853,#2859),.PCURVE_S1.);
#2850 = B_SPLINE_CURVE_WITH_KNOTS('',1,(#2851,#2852),.UNSPECIFIED.,.F.,
  .F.,(2,2),(0.,1.),.PIECEWISE_BEZIER_KNOTS.);
#2851 = CARTESIAN_POINT('',(7.58775,-36.381,12.6027));
#2852 = CARTESIAN_POINT('',(7.649148190885,-36.39549414674,16.1202));
#2853 = PCURVE('',#1937,#2854);
#2854 = DEFINITIONAL_REPRESENTATION('',(#2855),#2858);
#2855 = B_SPLINE_CURVE_WITH_KNOTS('',1,(#2856,#2857),.UNSPECIFIED.,.F.,
  .F.,(2,2),(0.,0.945714285714),.PIECEWISE_BEZIER_KNOTS.);
#2856 = CARTESIAN_POINT('',(1.020652626436,0.));
#2857 = CARTESIAN_POINT('',(1.020652626436,0.945714285714));
#2858 = ( GEOMETRIC_REPRESENTATION_CONTEXT(2) 
PARAMETRIC_REPRESENTATION_CONTEXT() REPRESENTATION_CONTEXT('2D SPACE',''
  ) );
#2859 = PCURVE('',#1912,#2860);
#2860 = DEFINITIONAL_REPRESENTATION('',(#2861),#2864);
#2861 = B_SPLINE_CURVE_WITH_KNOTS('',1,(#2862,#2863),.UNSPECIFIED.,.F.,
  .F.,(2,2),(0.,0.945714285714),.PIECEWISE_BEZIER_KNOTS.);
#2862 = CARTESIAN_POINT('',(-1.442203656156E-02,0.));
#2863 = CARTESIAN_POINT('',(-1.442203656156E-02,0.945714285714));
#2864 = ( GEOMETRIC_REPRESENTATION_CONTEXT(2) 
PARAMETRIC_REPRESENTATION_CONTEXT() REPRESENTATION_CONTEXT('2D SPACE',''
  ) );
#2865 = ORIENTED_EDGE('',*,*,#1923,.T.);
#2866 = ORIENTED_EDGE('',*,*,#2318,.F.);
#2867 = ORIENTED_EDGE('',*,*,#2175,.T.);
#2868 = ADVANCED_FACE('',(#2869),#1912,.T.);
#2869 = FACE_BOUND('',#2870,.T.);
#2870 = EDGE_LOOP('',(#2871,#2872,#2894,#2912));
#2871 = ORIENTED_EDGE('',*,*,#2848,.F.);
#2872 = ORIENTED_EDGE('',*,*,#2873,.T.);
#2873 = EDGE_CURVE('',#2822,#2874,#2876,.T.);
#2874 = VERTEX_POINT('',#2875);
#2875 = CARTESIAN_POINT('',(7.58775,-35.8785,12.6027));
#2876 = SURFACE_CURVE('',#2877,(#2881,#2887),.PCURVE_S1.);
#2877 = LINE('',#2878,#2879);
#2878 = CARTESIAN_POINT('',(7.58775,-36.381,12.6027));
#2879 = VECTOR('',#2880,1.);
#2880 = DIRECTION('',(0.,1.,0.));
#2881 = PCURVE('',#1912,#2882);
#2882 = DEFINITIONAL_REPRESENTATION('',(#2883),#2886);
#2883 = B_SPLINE_CURVE_WITH_KNOTS('',1,(#2884,#2885),.UNSPECIFIED.,.F.,
  .F.,(2,2),(0.,0.5025),.PIECEWISE_BEZIER_KNOTS.);
#2884 = CARTESIAN_POINT('',(-1.442203656156E-02,0.));
#2885 = CARTESIAN_POINT('',(0.513737691064,0.));
#2886 = ( GEOMETRIC_REPRESENTATION_CONTEXT(2) 
PARAMETRIC_REPRESENTATION_CONTEXT() REPRESENTATION_CONTEXT('2D SPACE',''
  ) );
#2887 = PCURVE('',#2836,#2888);
#2888 = DEFINITIONAL_REPRESENTATION('',(#2889),#2893);
#2889 = LINE('',#2890,#2891);
#2890 = CARTESIAN_POINT('',(0.9045,0.45225));
#2891 = VECTOR('',#2892,1.);
#2892 = DIRECTION('',(1.,0.));
#2893 = ( GEOMETRIC_REPRESENTATION_CONTEXT(2) 
PARAMETRIC_REPRESENTATION_CONTEXT() REPRESENTATION_CONTEXT('2D SPACE',''
  ) );
#2894 = ORIENTED_EDGE('',*,*,#2895,.T.);
#2895 = EDGE_CURVE('',#2874,#1874,#2896,.T.);
#2896 = SURFACE_CURVE('',#2897,(#2900,#2906),.PCURVE_S1.);
#2897 = B_SPLINE_CURVE_WITH_KNOTS('',1,(#2898,#2899),.UNSPECIFIED.,.F.,
  .F.,(2,2),(0.,1.),.PIECEWISE_BEZIER_KNOTS.);
#2898 = CARTESIAN_POINT('',(7.58775,-35.8785,12.6027));
#2899 = CARTESIAN_POINT('',(7.649148190885,-35.86469362048,16.1202));
#2900 = PCURVE('',#1912,#2901);
#2901 = DEFINITIONAL_REPRESENTATION('',(#2902),#2905);
#2902 = B_SPLINE_CURVE_WITH_KNOTS('',1,(#2903,#2904),.UNSPECIFIED.,.F.,
  .F.,(2,2),(0.,0.945714285714),.PIECEWISE_BEZIER_KNOTS.);
#2903 = CARTESIAN_POINT('',(0.513737691064,0.));
#2904 = CARTESIAN_POINT('',(0.513737691064,0.945714285714));
#2905 = ( GEOMETRIC_REPRESENTATION_CONTEXT(2) 
PARAMETRIC_REPRESENTATION_CONTEXT() REPRESENTATION_CONTEXT('2D SPACE',''
  ) );
#2906 = PCURVE('',#1887,#2907);
#2907 = DEFINITIONAL_REPRESENTATION('',(#2908),#2911);
#2908 = B_SPLINE_CURVE_WITH_KNOTS('',1,(#2909,#2910),.UNSPECIFIED.,.F.,
  .F.,(2,2),(0.,0.945714285714),.PIECEWISE_BEZIER_KNOTS.);
#2909 = CARTESIAN_POINT('',(-1.373769106426E-02,0.));
#2910 = CARTESIAN_POINT('',(-1.373769106426E-02,0.945714285714));
#2911 = ( GEOMETRIC_REPRESENTATION_CONTEXT(2) 
PARAMETRIC_REPRESENTATION_CONTEXT() REPRESENTATION_CONTEXT('2D SPACE',''
  ) );
#2912 = ORIENTED_EDGE('',*,*,#1898,.T.);
#2913 = ADVANCED_FACE('',(#2914),#1887,.T.);
#2914 = FACE_BOUND('',#2915,.T.);
#2915 = EDGE_LOOP('',(#2916,#2917,#2939,#2957,#2958,#2994));
#2916 = ORIENTED_EDGE('',*,*,#2895,.F.);
#2917 = ORIENTED_EDGE('',*,*,#2918,.T.);
#2918 = EDGE_CURVE('',#2874,#2919,#2921,.T.);
#2919 = VERTEX_POINT('',#2920);
#2920 = CARTESIAN_POINT('',(7.1355,-34.92375,12.6027));
#2921 = SURFACE_CURVE('',#2922,(#2926,#2932),.PCURVE_S1.);
#2922 = LINE('',#2923,#2924);
#2923 = CARTESIAN_POINT('',(7.58775,-35.8785,12.6027));
#2924 = VECTOR('',#2925,1.);
#2925 = DIRECTION('',(-0.428086344739,0.903737838894,0.));
#2926 = PCURVE('',#1887,#2927);
#2927 = DEFINITIONAL_REPRESENTATION('',(#2928),#2931);
#2928 = B_SPLINE_CURVE_WITH_KNOTS('',1,(#2929,#2930),.UNSPECIFIED.,.F.,
  .F.,(2,2),(0.,1.056445751092),.PIECEWISE_BEZIER_KNOTS.);
#2929 = CARTESIAN_POINT('',(-1.373769106426E-02,0.));
#2930 = CARTESIAN_POINT('',(1.322874563752,0.));
#2931 = ( GEOMETRIC_REPRESENTATION_CONTEXT(2) 
PARAMETRIC_REPRESENTATION_CONTEXT() REPRESENTATION_CONTEXT('2D SPACE',''
  ) );
#2932 = PCURVE('',#2836,#2933);
#2933 = DEFINITIONAL_REPRESENTATION('',(#2934),#2938);
#2934 = LINE('',#2935,#2936);
#2935 = CARTESIAN_POINT('',(1.407,0.45225));
#2936 = VECTOR('',#2937,1.);
#2937 = DIRECTION('',(0.903737838894,-0.428086344739));
#2938 = ( GEOMETRIC_REPRESENTATION_CONTEXT(2) 
PARAMETRIC_REPRESENTATION_CONTEXT() REPRESENTATION_CONTEXT('2D SPACE',''
  ) );
#2939 = ORIENTED_EDGE('',*,*,#2940,.T.);
#2940 = EDGE_CURVE('',#2919,#2196,#2941,.T.);
#2941 = SURFACE_CURVE('',#2942,(#2945,#2951),.PCURVE_S1.);
#2942 = B_SPLINE_CURVE_WITH_KNOTS('',1,(#2943,#2944),.UNSPECIFIED.,.F.,
  .F.,(2,2),(0.,1.),.PIECEWISE_BEZIER_KNOTS.);
#2943 = CARTESIAN_POINT('',(7.1355,-34.92375,12.6027));
#2944 = CARTESIAN_POINT('',(7.074101809115,-34.65070681452,16.1202));
#2945 = PCURVE('',#1887,#2946);
#2946 = DEFINITIONAL_REPRESENTATION('',(#2947),#2950);
#2947 = B_SPLINE_CURVE_WITH_KNOTS('',1,(#2948,#2949),.UNSPECIFIED.,.F.,
  .F.,(2,2),(0.,2.857142857143E-03),.PIECEWISE_BEZIER_KNOTS.);
#2948 = CARTESIAN_POINT('',(1.322874563752,0.));
#2949 = CARTESIAN_POINT('',(1.322874563752,2.857142857143E-03));
#2950 = ( GEOMETRIC_REPRESENTATION_CONTEXT(2) 
PARAMETRIC_REPRESENTATION_CONTEXT() REPRESENTATION_CONTEXT('2D SPACE',''
  ) );
#2951 = PCURVE('',#2209,#2952);
#2952 = DEFINITIONAL_REPRESENTATION('',(#2953),#2956);
#2953 = B_SPLINE_CURVE_WITH_KNOTS('',1,(#2954,#2955),.UNSPECIFIED.,.F.,
  .F.,(2,2),(0.,2.857142857143E-03),.PIECEWISE_BEZIER_KNOTS.);
#2954 = CARTESIAN_POINT('',(-0.27168476167,0.));
#2955 = CARTESIAN_POINT('',(-0.27168476167,2.857142857143E-03));
#2956 = ( GEOMETRIC_REPRESENTATION_CONTEXT(2) 
PARAMETRIC_REPRESENTATION_CONTEXT() REPRESENTATION_CONTEXT('2D SPACE',''
  ) );
#2957 = ORIENTED_EDGE('',*,*,#2220,.T.);
#2958 = ORIENTED_EDGE('',*,*,#2959,.F.);
#2959 = EDGE_CURVE('',#1849,#2221,#2960,.T.);
#2960 = SURFACE_CURVE('',#2961,(#2970,#2982),.PCURVE_S1.);
#2961 = B_SPLINE_CURVE_WITH_KNOTS('',4,(#2962,#2963,#2964,#2965,#2966,
    #2967,#2968,#2969),.UNSPECIFIED.,.F.,.F.,(5,3,5),(0.,0.523986817987,
    1.),.UNSPECIFIED.);
#2962 = CARTESIAN_POINT('',(7.213489758621,-34.95275609664,15.9292520502
    ));
#2963 = CARTESIAN_POINT('',(7.205898695869,-34.95446307028,
    15.494360356386));
#2964 = CARTESIAN_POINT('',(7.198309457967,-34.95616963357,
    15.059573208179));
#2965 = CARTESIAN_POINT('',(7.190722492867,-34.95787568579,
    14.624916268719));
#2966 = CARTESIAN_POINT('',(7.176249244076,-34.96113023063,
    13.795744400833));
#2967 = CARTESIAN_POINT('',(7.169362425677,-34.9626788435,
    13.401198838958));
#2968 = CARTESIAN_POINT('',(7.16247890216,-34.96422671546,
    13.006842040796));
#2969 = CARTESIAN_POINT('',(7.1556,-34.96577354824,12.61275));
#2970 = PCURVE('',#1887,#2971);
#2971 = DEFINITIONAL_REPRESENTATION('',(#2972),#2981);
#2972 = B_SPLINE_CURVE_WITH_KNOTS('',4,(#2973,#2974,#2975,#2976,#2977,
    #2978,#2979,#2980),.UNSPECIFIED.,.F.,.F.,(5,3,5),(0.,0.523986817987,
    1.),.UNSPECIFIED.);
#2973 = CARTESIAN_POINT('',(1.002925613196,0.945714868571));
#2974 = CARTESIAN_POINT('',(1.030081528835,0.822078281844));
#2975 = CARTESIAN_POINT('',(1.059167516445,0.698471416682));
#2976 = CARTESIAN_POINT('',(1.090480488153,0.574901568932));
#2977 = CARTESIAN_POINT('',(1.155378231839,0.33917395901));
#2978 = CARTESIAN_POINT('',(1.188497000317,0.227007487987));
#2979 = CARTESIAN_POINT('',(1.224188848059,0.114894681095));
#2980 = CARTESIAN_POINT('',(1.262997567092,2.857142863685E-03));
#2981 = ( GEOMETRIC_REPRESENTATION_CONTEXT(2) 
PARAMETRIC_REPRESENTATION_CONTEXT() REPRESENTATION_CONTEXT('2D SPACE',''
  ) );
#2982 = PCURVE('',#1862,#2983);
#2983 = DEFINITIONAL_REPRESENTATION('',(#2984),#2993);
#2984 = B_SPLINE_CURVE_WITH_KNOTS('',4,(#2985,#2986,#2987,#2988,#2989,
    #2990,#2991,#2992),.UNSPECIFIED.,.F.,.F.,(5,3,5),(0.,0.523986817987,
    1.),.UNSPECIFIED.);
#2985 = CARTESIAN_POINT('',(7.606898047203,0.970588835294));
#2986 = CARTESIAN_POINT('',(7.608487810672,0.843315878369));
#2987 = CARTESIAN_POINT('',(7.610079024581,0.716073517173));
#2988 = CARTESIAN_POINT('',(7.61167159807,0.588869262136));
#2989 = CARTESIAN_POINT('',(7.614713173197,0.346208487221));
#2990 = CARTESIAN_POINT('',(7.616161965843,0.230743002329));
#2991 = CARTESIAN_POINT('',(7.61761158461,0.115332759964));
#2992 = CARTESIAN_POINT('',(7.619061749091,0.));
#2993 = ( GEOMETRIC_REPRESENTATION_CONTEXT(2) 
PARAMETRIC_REPRESENTATION_CONTEXT() REPRESENTATION_CONTEXT('2D SPACE',''
  ) );
#2994 = ORIENTED_EDGE('',*,*,#1873,.T.);
#2995 = ADVANCED_FACE('',(#2996),#1862,.T.);
#2996 = FACE_BOUND('',#2997,.T.);
#2997 = EDGE_LOOP('',(#2998,#2999,#3000,#3001));
#2998 = ORIENTED_EDGE('',*,*,#1848,.T.);
#2999 = ORIENTED_EDGE('',*,*,#2959,.T.);
#3000 = ORIENTED_EDGE('',*,*,#2240,.T.);
#3001 = ORIENTED_EDGE('',*,*,#3002,.T.);
#3002 = EDGE_CURVE('',#2241,#1824,#3003,.T.);
#3003 = SURFACE_CURVE('',#3004,(#3007,#3013),.PCURVE_S1.);
#3004 = B_SPLINE_CURVE_WITH_KNOTS('',1,(#3005,#3006),.UNSPECIFIED.,.F.,
  .F.,(2,2),(0.,1.),.PIECEWISE_BEZIER_KNOTS.);
#3005 = CARTESIAN_POINT('',(7.1556,-25.09485,12.61275));
#3006 = CARTESIAN_POINT('',(7.21524395686,-25.03520604314,16.02975));
#3007 = PCURVE('',#1862,#3008);
#3008 = DEFINITIONAL_REPRESENTATION('',(#3009),#3012);
#3009 = B_SPLINE_CURVE_WITH_KNOTS('',1,(#3010,#3011),.UNSPECIFIED.,.F.,
  .F.,(2,2),(0.,0.970588235294),.PIECEWISE_BEZIER_KNOTS.);
#3010 = CARTESIAN_POINT('',(17.474347220756,0.));
#3011 = CARTESIAN_POINT('',(17.474347220756,0.970588235294));
#3012 = ( GEOMETRIC_REPRESENTATION_CONTEXT(2) 
PARAMETRIC_REPRESENTATION_CONTEXT() REPRESENTATION_CONTEXT('2D SPACE',''
  ) );
#3013 = PCURVE('',#1837,#3014);
#3014 = DEFINITIONAL_REPRESENTATION('',(#3015),#3018);
#3015 = B_SPLINE_CURVE_WITH_KNOTS('',1,(#3016,#3017),.UNSPECIFIED.,.F.,
  .F.,(2,2),(0.,0.970588235294),.PIECEWISE_BEZIER_KNOTS.);
#3016 = CARTESIAN_POINT('',(-7.179347220756,0.));
#3017 = CARTESIAN_POINT('',(-7.179347220756,0.970588235294));
#3018 = ( GEOMETRIC_REPRESENTATION_CONTEXT(2) 
PARAMETRIC_REPRESENTATION_CONTEXT() REPRESENTATION_CONTEXT('2D SPACE',''
  ) );
#3019 = ADVANCED_FACE('',(#3020),#1837,.T.);
#3020 = FACE_BOUND('',#3021,.T.);
#3021 = EDGE_LOOP('',(#3022,#3023,#3024,#3025));
#3022 = ORIENTED_EDGE('',*,*,#2262,.F.);
#3023 = ORIENTED_EDGE('',*,*,#2130,.T.);
#3024 = ORIENTED_EDGE('',*,*,#1823,.T.);
#3025 = ORIENTED_EDGE('',*,*,#3002,.F.);
#3026 = ADVANCED_FACE('',(#3027),#2209,.T.);
#3027 = FACE_BOUND('',#3028,.T.);
#3028 = EDGE_LOOP('',(#3029,#3030,#3050,#3051));
#3029 = ORIENTED_EDGE('',*,*,#2940,.F.);
#3030 = ORIENTED_EDGE('',*,*,#3031,.T.);
#3031 = EDGE_CURVE('',#2919,#2802,#3032,.T.);
#3032 = SURFACE_CURVE('',#3033,(#3037,#3043),.PCURVE_S1.);
#3033 = LINE('',#3034,#3035);
#3034 = CARTESIAN_POINT('',(7.1355,-34.92375,12.6027));
#3035 = VECTOR('',#3036,1.);
#3036 = DIRECTION('',(0.,-1.,0.));
#3037 = PCURVE('',#2209,#3038);
#3038 = DEFINITIONAL_REPRESENTATION('',(#3039),#3042);
#3039 = B_SPLINE_CURVE_WITH_KNOTS('',1,(#3040,#3041),.UNSPECIFIED.,.F.,
  .F.,(2,2),(0.,2.36175),.PIECEWISE_BEZIER_KNOTS.);
#3040 = CARTESIAN_POINT('',(-0.27168476167,0.));
#3041 = CARTESIAN_POINT('',(2.608792945557,0.));
#3042 = ( GEOMETRIC_REPRESENTATION_CONTEXT(2) 
PARAMETRIC_REPRESENTATION_CONTEXT() REPRESENTATION_CONTEXT('2D SPACE',''
  ) );
#3043 = PCURVE('',#2836,#3044);
#3044 = DEFINITIONAL_REPRESENTATION('',(#3045),#3049);
#3045 = LINE('',#3046,#3047);
#3046 = CARTESIAN_POINT('',(2.36175,0.));
#3047 = VECTOR('',#3048,1.);
#3048 = DIRECTION('',(-1.,0.));
#3049 = ( GEOMETRIC_REPRESENTATION_CONTEXT(2) 
PARAMETRIC_REPRESENTATION_CONTEXT() REPRESENTATION_CONTEXT('2D SPACE',''
  ) );
#3050 = ORIENTED_EDGE('',*,*,#2801,.T.);
#3051 = ORIENTED_EDGE('',*,*,#2195,.T.);
#3052 = ADVANCED_FACE('',(#3053),#2301,.T.);
#3053 = FACE_BOUND('',#3054,.T.);
#3054 = EDGE_LOOP('',(#3055,#3076,#3077,#3078));
#3055 = ORIENTED_EDGE('',*,*,#3056,.F.);
#3056 = EDGE_CURVE('',#2285,#3057,#3059,.T.);
#3057 = VERTEX_POINT('',#3058);
#3058 = CARTESIAN_POINT('',(0.976932255595,-40.2,7.035));
#3059 = SEAM_CURVE('',#3060,(#3064,#3070),.PCURVE_S1.);
#3060 = LINE('',#3061,#3062);
#3061 = CARTESIAN_POINT('',(0.976932255595,-40.2,12.61275));
#3062 = VECTOR('',#3063,1.);
#3063 = DIRECTION('',(0.,0.,-1.));
#3064 = PCURVE('',#2301,#3065);
#3065 = DEFINITIONAL_REPRESENTATION('',(#3066),#3069);
#3066 = B_SPLINE_CURVE_WITH_KNOTS('',1,(#3067,#3068),.UNSPECIFIED.,.F.,
  .F.,(2,2),(0.,5.57775),.PIECEWISE_BEZIER_KNOTS.);
#3067 = CARTESIAN_POINT('',(6.28318530718,0.));
#3068 = CARTESIAN_POINT('',(6.28318530718,-5.57775));
#3069 = ( GEOMETRIC_REPRESENTATION_CONTEXT(2) 
PARAMETRIC_REPRESENTATION_CONTEXT() REPRESENTATION_CONTEXT('2D SPACE',''
  ) );
#3070 = PCURVE('',#2301,#3071);
#3071 = DEFINITIONAL_REPRESENTATION('',(#3072),#3075);
#3072 = B_SPLINE_CURVE_WITH_KNOTS('',1,(#3073,#3074),.UNSPECIFIED.,.F.,
  .F.,(2,2),(0.,5.57775),.PIECEWISE_BEZIER_KNOTS.);
#3073 = CARTESIAN_POINT('',(0.,0.));
#3074 = CARTESIAN_POINT('',(0.,-5.57775));
#3075 = ( GEOMETRIC_REPRESENTATION_CONTEXT(2) 
PARAMETRIC_REPRESENTATION_CONTEXT() REPRESENTATION_CONTEXT('2D SPACE',''
  ) );
#3076 = ORIENTED_EDGE('',*,*,#2284,.F.);
#3077 = ORIENTED_EDGE('',*,*,#3056,.T.);
#3078 = ORIENTED_EDGE('',*,*,#3079,.T.);
#3079 = EDGE_CURVE('',#3057,#3057,#3080,.T.);
#3080 = SURFACE_CURVE('',#3081,(#3086,#3092),.PCURVE_S1.);
#3081 = CIRCLE('',#3082,0.976932255595);
#3082 = AXIS2_PLACEMENT_3D('',#3083,#3084,#3085);
#3083 = CARTESIAN_POINT('',(0.,-40.2,7.035));
#3084 = DIRECTION('',(0.,0.,1.));
#3085 = DIRECTION('',(1.,0.,-0.));
#3086 = PCURVE('',#2301,#3087);
#3087 = DEFINITIONAL_REPRESENTATION('',(#3088),#3091);
#3088 = B_SPLINE_CURVE_WITH_KNOTS('',1,(#3089,#3090),.UNSPECIFIED.,.F.,
  .F.,(2,2),(0.,6.28318530718),.PIECEWISE_BEZIER_KNOTS.);
#3089 = CARTESIAN_POINT('',(0.,-5.57775));
#3090 = CARTESIAN_POINT('',(6.28318530718,-5.57775));
#3091 = ( GEOMETRIC_REPRESENTATION_CONTEXT(2) 
PARAMETRIC_REPRESENTATION_CONTEXT() REPRESENTATION_CONTEXT('2D SPACE',''
  ) );
#3092 = PCURVE('',#3093,#3098);
#3093 = PLANE('',#3094);
#3094 = AXIS2_PLACEMENT_3D('',#3095,#3096,#3097);
#3095 = CARTESIAN_POINT('',(-201.,-201.,7.035));
#3096 = DIRECTION('',(0.,0.,1.));
#3097 = DIRECTION('',(1.,0.,0.));
#3098 = DEFINITIONAL_REPRESENTATION('',(#3099),#3103);
#3099 = CIRCLE('',#3100,0.976932255595);
#3100 = AXIS2_PLACEMENT_2D('',#3101,#3102);
#3101 = CARTESIAN_POINT('',(201.,160.8));
#3102 = DIRECTION('',(1.,0.));
#3103 = ( GEOMETRIC_REPRESENTATION_CONTEXT(2) 
PARAMETRIC_REPRESENTATION_CONTEXT() REPRESENTATION_CONTEXT('2D SPACE',''
  ) );
#3104 = ADVANCED_FACE('',(#3105),#2394,.F.);
#3105 = FACE_BOUND('',#3106,.F.);
#3106 = EDGE_LOOP('',(#3107));
#3107 = ORIENTED_EDGE('',*,*,#2380,.T.);
#3108 = ADVANCED_FACE('',(#3109),#2498,.F.);
#3109 = FACE_BOUND('',#3110,.F.);
#3110 = EDGE_LOOP('',(#3111));
#3111 = ORIENTED_EDGE('',*,*,#2484,.T.);
#3112 = ADVANCED_FACE('',(#3113),#2588,.T.);
#3113 = FACE_BOUND('',#3114,.T.);
#3114 = EDGE_LOOP('',(#3115,#3116,#3137,#3163));
#3115 = ORIENTED_EDGE('',*,*,#2571,.F.);
#3116 = ORIENTED_EDGE('',*,*,#3117,.F.);
#3117 = EDGE_CURVE('',#3118,#2572,#3120,.T.);
#3118 = VERTEX_POINT('',#3119);
#3119 = CARTESIAN_POINT('',(13.500511085469,-40.2,7.035));
#3120 = SEAM_CURVE('',#3121,(#3125,#3131),.PCURVE_S1.);
#3121 = LINE('',#3122,#3123);
#3122 = CARTESIAN_POINT('',(13.498756851444,-40.2,6.9345));
#3123 = VECTOR('',#3124,1.);
#3124 = DIRECTION('',(1.745240643728E-02,-4.274606736168E-18,
    0.999847695156));
#3125 = PCURVE('',#2588,#3126);
#3126 = DEFINITIONAL_REPRESENTATION('',(#3127),#3130);
#3127 = B_SPLINE_CURVE_WITH_KNOTS('',1,(#3128,#3129),.UNSPECIFIED.,.F.,
  .F.,(2,2),(0.100515308968,2.110821488337),.PIECEWISE_BEZIER_KNOTS.);
#3128 = CARTESIAN_POINT('',(6.28318530718,0.1005));
#3129 = CARTESIAN_POINT('',(6.28318530718,2.1105));
#3130 = ( GEOMETRIC_REPRESENTATION_CONTEXT(2) 
PARAMETRIC_REPRESENTATION_CONTEXT() REPRESENTATION_CONTEXT('2D SPACE',''
  ) );
#3131 = PCURVE('',#2588,#3132);
#3132 = DEFINITIONAL_REPRESENTATION('',(#3133),#3136);
#3133 = B_SPLINE_CURVE_WITH_KNOTS('',1,(#3134,#3135),.UNSPECIFIED.,.F.,
  .F.,(2,2),(0.100515308968,2.110821488337),.PIECEWISE_BEZIER_KNOTS.);
#3134 = CARTESIAN_POINT('',(0.,0.1005));
#3135 = CARTESIAN_POINT('',(0.,2.1105));
#3136 = ( GEOMETRIC_REPRESENTATION_CONTEXT(2) 
PARAMETRIC_REPRESENTATION_CONTEXT() REPRESENTATION_CONTEXT('2D SPACE',''
  ) );
#3137 = ORIENTED_EDGE('',*,*,#3138,.T.);
#3138 = EDGE_CURVE('',#3118,#3118,#3139,.T.);
#3139 = SURFACE_CURVE('',#3140,(#3145,#3151),.PCURVE_S1.);
#3140 = CIRCLE('',#3141,1.440511085469);
#3141 = AXIS2_PLACEMENT_3D('',#3142,#3143,#3144);
#3142 = CARTESIAN_POINT('',(12.06,-40.2,7.035));
#3143 = DIRECTION('',(0.,0.,1.));
#3144 = DIRECTION('',(1.,0.,-0.));
#3145 = PCURVE('',#2588,#3146);
#3146 = DEFINITIONAL_REPRESENTATION('',(#3147),#3150);
#3147 = B_SPLINE_CURVE_WITH_KNOTS('',1,(#3148,#3149),.UNSPECIFIED.,.F.,
  .F.,(2,2),(0.,6.28318530718),.PIECEWISE_BEZIER_KNOTS.);
#3148 = CARTESIAN_POINT('',(0.,0.1005));
#3149 = CARTESIAN_POINT('',(6.28318530718,0.1005));
#3150 = ( GEOMETRIC_REPRESENTATION_CONTEXT(2) 
PARAMETRIC_REPRESENTATION_CONTEXT() REPRESENTATION_CONTEXT('2D SPACE',''
  ) );
#3151 = PCURVE('',#3152,#3157);
#3152 = PLANE('',#3153);
#3153 = AXIS2_PLACEMENT_3D('',#3154,#3155,#3156);
#3154 = CARTESIAN_POINT('',(-201.,-201.,7.035));
#3155 = DIRECTION('',(0.,0.,1.));
#3156 = DIRECTION('',(1.,0.,0.));
#3157 = DEFINITIONAL_REPRESENTATION('',(#3158),#3162);
#3158 = CIRCLE('',#3159,1.440511085469);
#3159 = AXIS2_PLACEMENT_2D('',#3160,#3161);
#3160 = CARTESIAN_POINT('',(213.06,160.8));
#3161 = DIRECTION('',(1.,0.));
#3162 = ( GEOMETRIC_REPRESENTATION_CONTEXT(2) 
PARAMETRIC_REPRESENTATION_CONTEXT() REPRESENTATION_CONTEXT('2D SPACE',''
  ) );
#3163 = ORIENTED_EDGE('',*,*,#3117,.T.);
#3164 = ADVANCED_FACE('',(#3165),#2625,.T.);
#3165 = FACE_BOUND('',#3166,.T.);
#3166 = EDGE_LOOP('',(#3167,#3168,#3189,#3215));
#3167 = ORIENTED_EDGE('',*,*,#2608,.F.);
#3168 = ORIENTED_EDGE('',*,*,#3169,.F.);
#3169 = EDGE_CURVE('',#3170,#2609,#3172,.T.);
#3170 = VERTEX_POINT('',#3171);
#3171 = CARTESIAN_POINT('',(-10.61948891453,-40.2,7.035));
#3172 = SEAM_CURVE('',#3173,(#3177,#3183),.PCURVE_S1.);
#3173 = LINE('',#3174,#3175);
#3174 = CARTESIAN_POINT('',(-10.62124314855,-40.2,6.9345));
#3175 = VECTOR('',#3176,1.);
#3176 = DIRECTION('',(1.745240643728E-02,-4.274606736168E-18,
    0.999847695156));
#3177 = PCURVE('',#2625,#3178);
#3178 = DEFINITIONAL_REPRESENTATION('',(#3179),#3182);
#3179 = B_SPLINE_CURVE_WITH_KNOTS('',1,(#3180,#3181),.UNSPECIFIED.,.F.,
  .F.,(2,2),(0.100515308968,2.110821488337),.PIECEWISE_BEZIER_KNOTS.);
#3180 = CARTESIAN_POINT('',(6.28318530718,0.1005));
#3181 = CARTESIAN_POINT('',(6.28318530718,2.1105));
#3182 = ( GEOMETRIC_REPRESENTATION_CONTEXT(2) 
PARAMETRIC_REPRESENTATION_CONTEXT() REPRESENTATION_CONTEXT('2D SPACE',''
  ) );
#3183 = PCURVE('',#2625,#3184);
#3184 = DEFINITIONAL_REPRESENTATION('',(#3185),#3188);
#3185 = B_SPLINE_CURVE_WITH_KNOTS('',1,(#3186,#3187),.UNSPECIFIED.,.F.,
  .F.,(2,2),(0.100515308968,2.110821488337),.PIECEWISE_BEZIER_KNOTS.);
#3186 = CARTESIAN_POINT('',(0.,0.1005));
#3187 = CARTESIAN_POINT('',(0.,2.1105));
#3188 = ( GEOMETRIC_REPRESENTATION_CONTEXT(2) 
PARAMETRIC_REPRESENTATION_CONTEXT() REPRESENTATION_CONTEXT('2D SPACE',''
  ) );
#3189 = ORIENTED_EDGE('',*,*,#3190,.T.);
#3190 = EDGE_CURVE('',#3170,#3170,#3191,.T.);
#3191 = SURFACE_CURVE('',#3192,(#3197,#3203),.PCURVE_S1.);
#3192 = CIRCLE('',#3193,1.440511085469);
#3193 = AXIS2_PLACEMENT_3D('',#3194,#3195,#3196);
#3194 = CARTESIAN_POINT('',(-12.06,-40.2,7.035));
#3195 = DIRECTION('',(0.,0.,1.));
#3196 = DIRECTION('',(1.,0.,-0.));
#3197 = PCURVE('',#2625,#3198);
#3198 = DEFINITIONAL_REPRESENTATION('',(#3199),#3202);
#3199 = B_SPLINE_CURVE_WITH_KNOTS('',1,(#3200,#3201),.UNSPECIFIED.,.F.,
  .F.,(2,2),(0.,6.28318530718),.PIECEWISE_BEZIER_KNOTS.);
#3200 = CARTESIAN_POINT('',(0.,0.1005));
#3201 = CARTESIAN_POINT('',(6.28318530718,0.1005));
#3202 = ( GEOMETRIC_REPRESENTATION_CONTEXT(2) 
PARAMETRIC_REPRESENTATION_CONTEXT() REPRESENTATION_CONTEXT('2D SPACE',''
  ) );
#3203 = PCURVE('',#3204,#3209);
#3204 = PLANE('',#3205);
#3205 = AXIS2_PLACEMENT_3D('',#3206,#3207,#3208);
#3206 = CARTESIAN_POINT('',(-201.,-201.,7.035));
#3207 = DIRECTION('',(0.,0.,1.));
#3208 = DIRECTION('',(1.,0.,0.));
#3209 = DEFINITIONAL_REPRESENTATION('',(#3210),#3214);
#3210 = CIRCLE('',#3211,1.440511085469);
#3211 = AXIS2_PLACEMENT_2D('',#3212,#3213);
#3212 = CARTESIAN_POINT('',(188.94,160.8));
#3213 = DIRECTION('',(1.,0.));
#3214 = ( GEOMETRIC_REPRESENTATION_CONTEXT(2) 
PARAMETRIC_REPRESENTATION_CONTEXT() REPRESENTATION_CONTEXT('2D SPACE',''
  ) );
#3215 = ORIENTED_EDGE('',*,*,#3169,.T.);
#3216 = ADVANCED_FACE('',(#3217),#2674,.F.);
#3217 = FACE_BOUND('',#3218,.F.);
#3218 = EDGE_LOOP('',(#3219));
#3219 = ORIENTED_EDGE('',*,*,#2660,.T.);
#3220 = ADVANCED_FACE('',(#3221),#2755,.F.);
#3221 = FACE_BOUND('',#3222,.F.);
#3222 = EDGE_LOOP('',(#3223));
#3223 = ORIENTED_EDGE('',*,*,#2741,.T.);
#3224 = ADVANCED_FACE('',(#3225),#2836,.T.);
#3225 = FACE_BOUND('',#3226,.F.);
#3226 = EDGE_LOOP('',(#3227,#3228,#3229,#3230));
#3227 = ORIENTED_EDGE('',*,*,#2821,.T.);
#3228 = ORIENTED_EDGE('',*,*,#2873,.T.);
#3229 = ORIENTED_EDGE('',*,*,#2918,.T.);
#3230 = ORIENTED_EDGE('',*,*,#3031,.T.);
#3231 = ADVANCED_FACE('',(#3232),#3093,.F.);
#3232 = FACE_BOUND('',#3233,.F.);
#3233 = EDGE_LOOP('',(#3234));
#3234 = ORIENTED_EDGE('',*,*,#3079,.T.);
#3235 = ADVANCED_FACE('',(#3236),#3152,.F.);
#3236 = FACE_BOUND('',#3237,.F.);
#3237 = EDGE_LOOP('',(#3238));
#3238 = ORIENTED_EDGE('',*,*,#3138,.T.);
#3239 = ADVANCED_FACE('',(#3240),#3204,.F.);
#3240 = FACE_BOUND('',#3241,.F.);
#3241 = EDGE_LOOP('',(#3242));
#3242 = ORIENTED_EDGE('',*,*,#3190,.T.);
#3243 = ( GEOMETRIC_REPRESENTATION_CONTEXT(3) 
GLOBAL_UNCERTAINTY_ASSIGNED_CONTEXT((#3247)) 
GLOBAL_UNIT_ASSIGNED_CONTEXT((#3244,#3245,#3246)) REPRESENTATION_CONTEXT
('Context #1','3D Context with UNIT and UNCERTAINTY') );
#3244 = ( LENGTH_UNIT() NAMED_UNIT(*) SI_UNIT(.MILLI.,.METRE.) );
#3245 = ( NAMED_UNIT(*) PLANE_ANGLE_UNIT() SI_UNIT($,.RADIAN.) );
#3246 = ( NAMED_UNIT(*) SI_UNIT($,.STERADIAN.) SOLID_ANGLE_UNIT() );
#3247 = UNCERTAINTY_MEASURE_WITH_UNIT(LENGTH_MEASURE(1.E-05),#3244,
  'distance_accuracy_value','confusion accuracy');
#3248 = PRODUCT_RELATED_PRODUCT_CATEGORY('part',$,(#7));
#3249 = MECHANICAL_DESIGN_GEOMETRIC_PRESENTATION_REPRESENTATION('',(
    #3250),#3243);
#3250 = STYLED_ITEM('color',(#3251),#15);
#3251 = PRESENTATION_STYLE_ASSIGNMENT((#3252));
#3252 = SURFACE_STYLE_USAGE(.BOTH.,#3253);
#3253 = SURFACE_SIDE_STYLE('',(#3254));
#3254 = SURFACE_STYLE_FILL_AREA(#3255);
#3255 = FILL_AREA_STYLE('',(#3256));
#3256 = FILL_AREA_STYLE_COLOUR('',#3257);
#3257 = COLOUR_RGB('',0.767375665483,0.79773774715,0.843389171228);

#3258=DESCRIPTIVE_REPRESENTATION_ITEM('cadpy:generator','cadpy');
#3259=REPRESENTATION('cadpy:generator',(#3258),#3243);
#3260=PROPERTY_DEFINITION('cadpy metadata','cadpy:generator',#5);
#3261=PROPERTY_DEFINITION_REPRESENTATION(#3260,#3259);
#3262=DESCRIPTIVE_REPRESENTATION_ITEM('cadpy:entryKind','part');
#3263=REPRESENTATION('cadpy:entryKind',(#3262),#3243);
#3264=PROPERTY_DEFINITION('cadpy metadata','cadpy:entryKind',#5);
#3265=PROPERTY_DEFINITION_REPRESENTATION(#3264,#3263);
#3266=DESCRIPTIVE_REPRESENTATION_ITEM('cadpy:sourcePath','HemoSure_Optical_Block_CORE.py');
#3267=REPRESENTATION('cadpy:sourcePath',(#3266),#3243);
#3268=PROPERTY_DEFINITION('cadpy metadata','cadpy:sourcePath',#5);
#3269=PROPERTY_DEFINITION_REPRESENTATION(#3268,#3267);
#3270=DESCRIPTIVE_REPRESENTATION_ITEM('cadpy:sourceHash','600fc5fe03333af2b913da1d190569c06f0da39c1ef5ad8ba598eeabaecb325c');
#3271=REPRESENTATION('cadpy:sourceHash',(#3270),#3243);
#3272=PROPERTY_DEFINITION('cadpy metadata','cadpy:sourceHash',#5);
#3273=PROPERTY_DEFINITION_REPRESENTATION(#3272,#3271);
ENDSEC;
END-ISO-10303-21;
