ISO-10303-21;
HEADER;
FILE_DESCRIPTION(('Open CASCADE Model'),'2;1');
FILE_NAME('Rear_Housing_CORE_insert','2026-09-28T07:42:12',('Author'),(
    'Open CASCADE'),'Open CASCADE STEP processor 7.8','cadpy','Unknown'
  );
FILE_SCHEMA(('AUTOMOTIVE_DESIGN { 1 0 10303 214 1 1 1 1 }'));
ENDSEC;
DATA;
#1 = APPLICATION_PROTOCOL_DEFINITION('international standard',
  'automotive_design',2000,#2);
#2 = APPLICATION_CONTEXT(
  'core data for automotive mechanical design processes');
#3 = SHAPE_DEFINITION_REPRESENTATION(#4,#10);
#4 = PRODUCT_DEFINITION_SHAPE('','',#5);
#5 = PRODUCT_DEFINITION('design','',#6,#9);
#6 = PRODUCT_DEFINITION_FORMATION('','',#7);
#7 = PRODUCT('Rear_Housing_CORE_insert','Rear_Housing_CORE_insert','',(
    #8));
#8 = PRODUCT_CONTEXT('',#2,'mechanical');
#9 = PRODUCT_DEFINITION_CONTEXT('part definition',#2,'design');
#10 = ADVANCED_BREP_SHAPE_REPRESENTATION('',(#11,#15),#13315);
#11 = AXIS2_PLACEMENT_3D('',#12,#13,#14);
#12 = CARTESIAN_POINT('',(0.,0.,0.));
#13 = DIRECTION('',(0.,0.,1.));
#14 = DIRECTION('',(1.,0.,-0.));
#15 = MANIFOLD_SOLID_BREP('',#16);
#16 = CLOSED_SHELL('',(#17,#137,#213,#262,#311,#788,#795,#1161,#1359,
    #1520,#1566,#1612,#1658,#1704,#1753,#1882,#2038,#2084,#2202,#2245,
    #2372,#2399,#2445,#2491,#2537,#2583,#2632,#2756,#2804,#2857,#2905,
    #2958,#2985,#3123,#3169,#3393,#3779,#3883,#3907,#4045,#4091,#4261,
    #4285,#4309,#4333,#4340,#4390,#4932,#4963,#5070,#5140,#5187,#5286,
    #5367,#5437,#5484,#5583,#5635,#5680,#5753,#5798,#5822,#5846,#5853,
    #6376,#6428,#6602,#6681,#6729,#6837,#6943,#7022,#7070,#7178,#7331,
    #7401,#7448,#7547,#7700,#7770,#7817,#7916,#7942,#7973,#9343,#9350,
    #9357,#9383,#9409,#9541,#9587,#9634,#9712,#9844,#9890,#9937,#10015,
    #10100,#10155,#10226,#10313,#10445,#10500,#10571,#10658,#10665,
    #10721,#10777,#10784,#10791,#10847,#10903,#10910,#10917,#10969,
    #11038,#11083,#11128,#11154,#11206,#11275,#11320,#11365,#11391,
    #11443,#11524,#11572,#11620,#11668,#11723,#11818,#11863,#11957,
    #12005,#12053,#12101,#12149,#12204,#12299,#12344,#12410,#12462,
    #12496,#12530,#12564,#12598,#12632,#12639,#12673,#12680,#12714,
    #12767,#12793,#12800,#12826,#12833,#12867,#12919,#12971,#13023,
    #13075,#13127,#13179,#13231,#13283,#13287,#13291,#13295,#13299,
    #13303,#13307,#13311));
#17 = ADVANCED_FACE('',(#18),#32,.F.);
#18 = FACE_BOUND('',#19,.F.);
#19 = EDGE_LOOP('',(#20,#55,#83,#111));
#20 = ORIENTED_EDGE('',*,*,#21,.F.);
#21 = EDGE_CURVE('',#22,#24,#26,.T.);
#22 = VERTEX_POINT('',#23);
#23 = CARTESIAN_POINT('',(-60.3,-90.45,14.271));
#24 = VERTEX_POINT('',#25);
#25 = CARTESIAN_POINT('',(-60.3,-90.45,44.421));
#26 = SURFACE_CURVE('',#27,(#31,#43),.PCURVE_S1.);
#27 = LINE('',#28,#29);
#28 = CARTESIAN_POINT('',(-60.3,-90.45,-25.125));
#29 = VECTOR('',#30,1.);
#30 = DIRECTION('',(0.,0.,1.));
#31 = PCURVE('',#32,#37);
#32 = PLANE('',#33);
#33 = AXIS2_PLACEMENT_3D('',#34,#35,#36);
#34 = CARTESIAN_POINT('',(-60.3,-90.45,-25.125));
#35 = DIRECTION('',(1.,0.,0.));
#36 = DIRECTION('',(0.,0.,1.));
#37 = DEFINITIONAL_REPRESENTATION('',(#38),#42);
#38 = LINE('',#39,#40);
#39 = CARTESIAN_POINT('',(0.,0.));
#40 = VECTOR('',#41,1.);
#41 = DIRECTION('',(1.,0.));
#42 = ( GEOMETRIC_REPRESENTATION_CONTEXT(2) 
PARAMETRIC_REPRESENTATION_CONTEXT() REPRESENTATION_CONTEXT('2D SPACE',''
  ) );
#43 = PCURVE('',#44,#49);
#44 = PLANE('',#45);
#45 = AXIS2_PLACEMENT_3D('',#46,#47,#48);
#46 = CARTESIAN_POINT('',(-60.3,-90.45,-25.125));
#47 = DIRECTION('',(0.,1.,0.));
#48 = DIRECTION('',(0.,0.,1.));
#49 = DEFINITIONAL_REPRESENTATION('',(#50),#54);
#50 = LINE('',#51,#52);
#51 = CARTESIAN_POINT('',(0.,0.));
#52 = VECTOR('',#53,1.);
#53 = DIRECTION('',(1.,0.));
#54 = ( GEOMETRIC_REPRESENTATION_CONTEXT(2) 
PARAMETRIC_REPRESENTATION_CONTEXT() REPRESENTATION_CONTEXT('2D SPACE',''
  ) );
#55 = ORIENTED_EDGE('',*,*,#56,.F.);
#56 = EDGE_CURVE('',#57,#22,#59,.T.);
#57 = VERTEX_POINT('',#58);
#58 = CARTESIAN_POINT('',(-60.3,90.45,14.271));
#59 = SURFACE_CURVE('',#60,(#64,#71),.PCURVE_S1.);
#60 = LINE('',#61,#62);
#61 = CARTESIAN_POINT('',(-60.3,-145.725,14.271));
#62 = VECTOR('',#63,1.);
#63 = DIRECTION('',(0.,-1.,0.));
#64 = PCURVE('',#32,#65);
#65 = DEFINITIONAL_REPRESENTATION('',(#66),#70);
#66 = LINE('',#67,#68);
#67 = CARTESIAN_POINT('',(39.396,55.275));
#68 = VECTOR('',#69,1.);
#69 = DIRECTION('',(0.,1.));
#70 = ( GEOMETRIC_REPRESENTATION_CONTEXT(2) 
PARAMETRIC_REPRESENTATION_CONTEXT() REPRESENTATION_CONTEXT('2D SPACE',''
  ) );
#71 = PCURVE('',#72,#77);
#72 = PLANE('',#73);
#73 = AXIS2_PLACEMENT_3D('',#74,#75,#76);
#74 = CARTESIAN_POINT('',(-201.,-201.,14.271));
#75 = DIRECTION('',(0.,0.,1.));
#76 = DIRECTION('',(1.,0.,0.));
#77 = DEFINITIONAL_REPRESENTATION('',(#78),#82);
#78 = LINE('',#79,#80);
#79 = CARTESIAN_POINT('',(140.7,55.275));
#80 = VECTOR('',#81,1.);
#81 = DIRECTION('',(0.,-1.));
#82 = ( GEOMETRIC_REPRESENTATION_CONTEXT(2) 
PARAMETRIC_REPRESENTATION_CONTEXT() REPRESENTATION_CONTEXT('2D SPACE',''
  ) );
#83 = ORIENTED_EDGE('',*,*,#84,.T.);
#84 = EDGE_CURVE('',#57,#85,#87,.T.);
#85 = VERTEX_POINT('',#86);
#86 = CARTESIAN_POINT('',(-60.3,90.45,44.421));
#87 = SURFACE_CURVE('',#88,(#92,#99),.PCURVE_S1.);
#88 = LINE('',#89,#90);
#89 = CARTESIAN_POINT('',(-60.3,90.45,-25.125));
#90 = VECTOR('',#91,1.);
#91 = DIRECTION('',(0.,0.,1.));
#92 = PCURVE('',#32,#93);
#93 = DEFINITIONAL_REPRESENTATION('',(#94),#98);
#94 = LINE('',#95,#96);
#95 = CARTESIAN_POINT('',(0.,-180.9));
#96 = VECTOR('',#97,1.);
#97 = DIRECTION('',(1.,0.));
#98 = ( GEOMETRIC_REPRESENTATION_CONTEXT(2) 
PARAMETRIC_REPRESENTATION_CONTEXT() REPRESENTATION_CONTEXT('2D SPACE',''
  ) );
#99 = PCURVE('',#100,#105);
#100 = PLANE('',#101);
#101 = AXIS2_PLACEMENT_3D('',#102,#103,#104);
#102 = CARTESIAN_POINT('',(-60.3,90.45,-25.125));
#103 = DIRECTION('',(0.,1.,0.));
#104 = DIRECTION('',(0.,0.,1.));
#105 = DEFINITIONAL_REPRESENTATION('',(#106),#110);
#106 = LINE('',#107,#108);
#107 = CARTESIAN_POINT('',(0.,0.));
#108 = VECTOR('',#109,1.);
#109 = DIRECTION('',(1.,0.));
#110 = ( GEOMETRIC_REPRESENTATION_CONTEXT(2) 
PARAMETRIC_REPRESENTATION_CONTEXT() REPRESENTATION_CONTEXT('2D SPACE',''
  ) );
#111 = ORIENTED_EDGE('',*,*,#112,.F.);
#112 = EDGE_CURVE('',#24,#85,#113,.T.);
#113 = SURFACE_CURVE('',#114,(#118,#125),.PCURVE_S1.);
#114 = LINE('',#115,#116);
#115 = CARTESIAN_POINT('',(-60.3,-90.45,44.421));
#116 = VECTOR('',#117,1.);
#117 = DIRECTION('',(0.,1.,0.));
#118 = PCURVE('',#32,#119);
#119 = DEFINITIONAL_REPRESENTATION('',(#120),#124);
#120 = LINE('',#121,#122);
#121 = CARTESIAN_POINT('',(69.546,0.));
#122 = VECTOR('',#123,1.);
#123 = DIRECTION('',(0.,-1.));
#124 = ( GEOMETRIC_REPRESENTATION_CONTEXT(2) 
PARAMETRIC_REPRESENTATION_CONTEXT() REPRESENTATION_CONTEXT('2D SPACE',''
  ) );
#125 = PCURVE('',#126,#131);
#126 = PLANE('',#127);
#127 = AXIS2_PLACEMENT_3D('',#128,#129,#130);
#128 = CARTESIAN_POINT('',(-60.3,-90.45,44.421));
#129 = DIRECTION('',(0.,0.,1.));
#130 = DIRECTION('',(1.,0.,0.));
#131 = DEFINITIONAL_REPRESENTATION('',(#132),#136);
#132 = LINE('',#133,#134);
#133 = CARTESIAN_POINT('',(0.,0.));
#134 = VECTOR('',#135,1.);
#135 = DIRECTION('',(0.,1.));
#136 = ( GEOMETRIC_REPRESENTATION_CONTEXT(2) 
PARAMETRIC_REPRESENTATION_CONTEXT() REPRESENTATION_CONTEXT('2D SPACE',''
  ) );
#137 = ADVANCED_FACE('',(#138),#44,.F.);
#138 = FACE_BOUND('',#139,.F.);
#139 = EDGE_LOOP('',(#140,#170,#191,#192));
#140 = ORIENTED_EDGE('',*,*,#141,.F.);
#141 = EDGE_CURVE('',#142,#144,#146,.T.);
#142 = VERTEX_POINT('',#143);
#143 = CARTESIAN_POINT('',(60.3,-90.45,14.271));
#144 = VERTEX_POINT('',#145);
#145 = CARTESIAN_POINT('',(60.3,-90.45,44.421));
#146 = SURFACE_CURVE('',#147,(#151,#158),.PCURVE_S1.);
#147 = LINE('',#148,#149);
#148 = CARTESIAN_POINT('',(60.3,-90.45,-25.125));
#149 = VECTOR('',#150,1.);
#150 = DIRECTION('',(0.,0.,1.));
#151 = PCURVE('',#44,#152);
#152 = DEFINITIONAL_REPRESENTATION('',(#153),#157);
#153 = LINE('',#154,#155);
#154 = CARTESIAN_POINT('',(0.,120.6));
#155 = VECTOR('',#156,1.);
#156 = DIRECTION('',(1.,0.));
#157 = ( GEOMETRIC_REPRESENTATION_CONTEXT(2) 
PARAMETRIC_REPRESENTATION_CONTEXT() REPRESENTATION_CONTEXT('2D SPACE',''
  ) );
#158 = PCURVE('',#159,#164);
#159 = PLANE('',#160);
#160 = AXIS2_PLACEMENT_3D('',#161,#162,#163);
#161 = CARTESIAN_POINT('',(60.3,-90.45,-25.125));
#162 = DIRECTION('',(1.,0.,0.));
#163 = DIRECTION('',(0.,0.,1.));
#164 = DEFINITIONAL_REPRESENTATION('',(#165),#169);
#165 = LINE('',#166,#167);
#166 = CARTESIAN_POINT('',(0.,0.));
#167 = VECTOR('',#168,1.);
#168 = DIRECTION('',(1.,0.));
#169 = ( GEOMETRIC_REPRESENTATION_CONTEXT(2) 
PARAMETRIC_REPRESENTATION_CONTEXT() REPRESENTATION_CONTEXT('2D SPACE',''
  ) );
#170 = ORIENTED_EDGE('',*,*,#171,.F.);
#171 = EDGE_CURVE('',#22,#142,#172,.T.);
#172 = SURFACE_CURVE('',#173,(#177,#184),.PCURVE_S1.);
#173 = LINE('',#174,#175);
#174 = CARTESIAN_POINT('',(-130.65,-90.45,14.271));
#175 = VECTOR('',#176,1.);
#176 = DIRECTION('',(1.,0.,0.));
#177 = PCURVE('',#44,#178);
#178 = DEFINITIONAL_REPRESENTATION('',(#179),#183);
#179 = LINE('',#180,#181);
#180 = CARTESIAN_POINT('',(39.396,-70.35));
#181 = VECTOR('',#182,1.);
#182 = DIRECTION('',(0.,1.));
#183 = ( GEOMETRIC_REPRESENTATION_CONTEXT(2) 
PARAMETRIC_REPRESENTATION_CONTEXT() REPRESENTATION_CONTEXT('2D SPACE',''
  ) );
#184 = PCURVE('',#72,#185);
#185 = DEFINITIONAL_REPRESENTATION('',(#186),#190);
#186 = LINE('',#187,#188);
#187 = CARTESIAN_POINT('',(70.35,110.55));
#188 = VECTOR('',#189,1.);
#189 = DIRECTION('',(1.,0.));
#190 = ( GEOMETRIC_REPRESENTATION_CONTEXT(2) 
PARAMETRIC_REPRESENTATION_CONTEXT() REPRESENTATION_CONTEXT('2D SPACE',''
  ) );
#191 = ORIENTED_EDGE('',*,*,#21,.T.);
#192 = ORIENTED_EDGE('',*,*,#193,.T.);
#193 = EDGE_CURVE('',#24,#144,#194,.T.);
#194 = SURFACE_CURVE('',#195,(#199,#206),.PCURVE_S1.);
#195 = LINE('',#196,#197);
#196 = CARTESIAN_POINT('',(-60.3,-90.45,44.421));
#197 = VECTOR('',#198,1.);
#198 = DIRECTION('',(1.,0.,0.));
#199 = PCURVE('',#44,#200);
#200 = DEFINITIONAL_REPRESENTATION('',(#201),#205);
#201 = LINE('',#202,#203);
#202 = CARTESIAN_POINT('',(69.546,0.));
#203 = VECTOR('',#204,1.);
#204 = DIRECTION('',(0.,1.));
#205 = ( GEOMETRIC_REPRESENTATION_CONTEXT(2) 
PARAMETRIC_REPRESENTATION_CONTEXT() REPRESENTATION_CONTEXT('2D SPACE',''
  ) );
#206 = PCURVE('',#126,#207);
#207 = DEFINITIONAL_REPRESENTATION('',(#208),#212);
#208 = LINE('',#209,#210);
#209 = CARTESIAN_POINT('',(0.,0.));
#210 = VECTOR('',#211,1.);
#211 = DIRECTION('',(1.,0.));
#212 = ( GEOMETRIC_REPRESENTATION_CONTEXT(2) 
PARAMETRIC_REPRESENTATION_CONTEXT() REPRESENTATION_CONTEXT('2D SPACE',''
  ) );
#213 = ADVANCED_FACE('',(#214),#126,.T.);
#214 = FACE_BOUND('',#215,.T.);
#215 = EDGE_LOOP('',(#216,#217,#218,#241));
#216 = ORIENTED_EDGE('',*,*,#112,.F.);
#217 = ORIENTED_EDGE('',*,*,#193,.T.);
#218 = ORIENTED_EDGE('',*,*,#219,.T.);
#219 = EDGE_CURVE('',#144,#220,#222,.T.);
#220 = VERTEX_POINT('',#221);
#221 = CARTESIAN_POINT('',(60.3,90.45,44.421));
#222 = SURFACE_CURVE('',#223,(#227,#234),.PCURVE_S1.);
#223 = LINE('',#224,#225);
#224 = CARTESIAN_POINT('',(60.3,-90.45,44.421));
#225 = VECTOR('',#226,1.);
#226 = DIRECTION('',(0.,1.,0.));
#227 = PCURVE('',#126,#228);
#228 = DEFINITIONAL_REPRESENTATION('',(#229),#233);
#229 = LINE('',#230,#231);
#230 = CARTESIAN_POINT('',(120.6,0.));
#231 = VECTOR('',#232,1.);
#232 = DIRECTION('',(0.,1.));
#233 = ( GEOMETRIC_REPRESENTATION_CONTEXT(2) 
PARAMETRIC_REPRESENTATION_CONTEXT() REPRESENTATION_CONTEXT('2D SPACE',''
  ) );
#234 = PCURVE('',#159,#235);
#235 = DEFINITIONAL_REPRESENTATION('',(#236),#240);
#236 = LINE('',#237,#238);
#237 = CARTESIAN_POINT('',(69.546,0.));
#238 = VECTOR('',#239,1.);
#239 = DIRECTION('',(0.,-1.));
#240 = ( GEOMETRIC_REPRESENTATION_CONTEXT(2) 
PARAMETRIC_REPRESENTATION_CONTEXT() REPRESENTATION_CONTEXT('2D SPACE',''
  ) );
#241 = ORIENTED_EDGE('',*,*,#242,.F.);
#242 = EDGE_CURVE('',#85,#220,#243,.T.);
#243 = SURFACE_CURVE('',#244,(#248,#255),.PCURVE_S1.);
#244 = LINE('',#245,#246);
#245 = CARTESIAN_POINT('',(-60.3,90.45,44.421));
#246 = VECTOR('',#247,1.);
#247 = DIRECTION('',(1.,0.,0.));
#248 = PCURVE('',#126,#249);
#249 = DEFINITIONAL_REPRESENTATION('',(#250),#254);
#250 = LINE('',#251,#252);
#251 = CARTESIAN_POINT('',(0.,180.9));
#252 = VECTOR('',#253,1.);
#253 = DIRECTION('',(1.,0.));
#254 = ( GEOMETRIC_REPRESENTATION_CONTEXT(2) 
PARAMETRIC_REPRESENTATION_CONTEXT() REPRESENTATION_CONTEXT('2D SPACE',''
  ) );
#255 = PCURVE('',#100,#256);
#256 = DEFINITIONAL_REPRESENTATION('',(#257),#261);
#257 = LINE('',#258,#259);
#258 = CARTESIAN_POINT('',(69.546,0.));
#259 = VECTOR('',#260,1.);
#260 = DIRECTION('',(0.,1.));
#261 = ( GEOMETRIC_REPRESENTATION_CONTEXT(2) 
PARAMETRIC_REPRESENTATION_CONTEXT() REPRESENTATION_CONTEXT('2D SPACE',''
  ) );
#262 = ADVANCED_FACE('',(#263),#100,.T.);
#263 = FACE_BOUND('',#264,.T.);
#264 = EDGE_LOOP('',(#265,#288,#309,#310));
#265 = ORIENTED_EDGE('',*,*,#266,.F.);
#266 = EDGE_CURVE('',#267,#220,#269,.T.);
#267 = VERTEX_POINT('',#268);
#268 = CARTESIAN_POINT('',(60.3,90.45,14.271));
#269 = SURFACE_CURVE('',#270,(#274,#281),.PCURVE_S1.);
#270 = LINE('',#271,#272);
#271 = CARTESIAN_POINT('',(60.3,90.45,-25.125));
#272 = VECTOR('',#273,1.);
#273 = DIRECTION('',(0.,0.,1.));
#274 = PCURVE('',#100,#275);
#275 = DEFINITIONAL_REPRESENTATION('',(#276),#280);
#276 = LINE('',#277,#278);
#277 = CARTESIAN_POINT('',(0.,120.6));
#278 = VECTOR('',#279,1.);
#279 = DIRECTION('',(1.,0.));
#280 = ( GEOMETRIC_REPRESENTATION_CONTEXT(2) 
PARAMETRIC_REPRESENTATION_CONTEXT() REPRESENTATION_CONTEXT('2D SPACE',''
  ) );
#281 = PCURVE('',#159,#282);
#282 = DEFINITIONAL_REPRESENTATION('',(#283),#287);
#283 = LINE('',#284,#285);
#284 = CARTESIAN_POINT('',(0.,-180.9));
#285 = VECTOR('',#286,1.);
#286 = DIRECTION('',(1.,0.));
#287 = ( GEOMETRIC_REPRESENTATION_CONTEXT(2) 
PARAMETRIC_REPRESENTATION_CONTEXT() REPRESENTATION_CONTEXT('2D SPACE',''
  ) );
#288 = ORIENTED_EDGE('',*,*,#289,.F.);
#289 = EDGE_CURVE('',#57,#267,#290,.T.);
#290 = SURFACE_CURVE('',#291,(#295,#302),.PCURVE_S1.);
#291 = LINE('',#292,#293);
#292 = CARTESIAN_POINT('',(-130.65,90.45,14.271));
#293 = VECTOR('',#294,1.);
#294 = DIRECTION('',(1.,0.,0.));
#295 = PCURVE('',#100,#296);
#296 = DEFINITIONAL_REPRESENTATION('',(#297),#301);
#297 = LINE('',#298,#299);
#298 = CARTESIAN_POINT('',(39.396,-70.35));
#299 = VECTOR('',#300,1.);
#300 = DIRECTION('',(0.,1.));
#301 = ( GEOMETRIC_REPRESENTATION_CONTEXT(2) 
PARAMETRIC_REPRESENTATION_CONTEXT() REPRESENTATION_CONTEXT('2D SPACE',''
  ) );
#302 = PCURVE('',#72,#303);
#303 = DEFINITIONAL_REPRESENTATION('',(#304),#308);
#304 = LINE('',#305,#306);
#305 = CARTESIAN_POINT('',(70.35,291.45));
#306 = VECTOR('',#307,1.);
#307 = DIRECTION('',(1.,0.));
#308 = ( GEOMETRIC_REPRESENTATION_CONTEXT(2) 
PARAMETRIC_REPRESENTATION_CONTEXT() REPRESENTATION_CONTEXT('2D SPACE',''
  ) );
#309 = ORIENTED_EDGE('',*,*,#84,.T.);
#310 = ORIENTED_EDGE('',*,*,#242,.T.);
#311 = ADVANCED_FACE('',(#312,#338),#72,.F.);
#312 = FACE_BOUND('',#313,.F.);
#313 = EDGE_LOOP('',(#314,#315,#316,#317));
#314 = ORIENTED_EDGE('',*,*,#289,.F.);
#315 = ORIENTED_EDGE('',*,*,#56,.T.);
#316 = ORIENTED_EDGE('',*,*,#171,.T.);
#317 = ORIENTED_EDGE('',*,*,#318,.F.);
#318 = EDGE_CURVE('',#267,#142,#319,.T.);
#319 = SURFACE_CURVE('',#320,(#324,#331),.PCURVE_S1.);
#320 = LINE('',#321,#322);
#321 = CARTESIAN_POINT('',(60.3,-145.725,14.271));
#322 = VECTOR('',#323,1.);
#323 = DIRECTION('',(0.,-1.,0.));
#324 = PCURVE('',#72,#325);
#325 = DEFINITIONAL_REPRESENTATION('',(#326),#330);
#326 = LINE('',#327,#328);
#327 = CARTESIAN_POINT('',(261.3,55.275));
#328 = VECTOR('',#329,1.);
#329 = DIRECTION('',(0.,-1.));
#330 = ( GEOMETRIC_REPRESENTATION_CONTEXT(2) 
PARAMETRIC_REPRESENTATION_CONTEXT() REPRESENTATION_CONTEXT('2D SPACE',''
  ) );
#331 = PCURVE('',#159,#332);
#332 = DEFINITIONAL_REPRESENTATION('',(#333),#337);
#333 = LINE('',#334,#335);
#334 = CARTESIAN_POINT('',(39.396,55.275));
#335 = VECTOR('',#336,1.);
#336 = DIRECTION('',(0.,1.));
#337 = ( GEOMETRIC_REPRESENTATION_CONTEXT(2) 
PARAMETRIC_REPRESENTATION_CONTEXT() REPRESENTATION_CONTEXT('2D SPACE',''
  ) );
#338 = FACE_BOUND('',#339,.F.);
#339 = EDGE_LOOP('',(#340,#370,#398,#426,#454,#482,#510,#538,#566,#594,
    #622,#650,#678,#706,#734,#762));
#340 = ORIENTED_EDGE('',*,*,#341,.F.);
#341 = EDGE_CURVE('',#342,#344,#346,.T.);
#342 = VERTEX_POINT('',#343);
#343 = CARTESIAN_POINT('',(-11.2060621118,-61.305,14.271));
#344 = VERTEX_POINT('',#345);
#345 = CARTESIAN_POINT('',(11.206062111801,-61.305,14.271));
#346 = SURFACE_CURVE('',#347,(#351,#358),.PCURVE_S1.);
#347 = LINE('',#348,#349);
#348 = CARTESIAN_POINT('',(0.,-61.305,14.271));
#349 = VECTOR('',#350,1.);
#350 = DIRECTION('',(1.,0.,0.));
#351 = PCURVE('',#72,#352);
#352 = DEFINITIONAL_REPRESENTATION('',(#353),#357);
#353 = LINE('',#354,#355);
#354 = CARTESIAN_POINT('',(201.,139.695));
#355 = VECTOR('',#356,1.);
#356 = DIRECTION('',(1.,0.));
#357 = ( GEOMETRIC_REPRESENTATION_CONTEXT(2) 
PARAMETRIC_REPRESENTATION_CONTEXT() REPRESENTATION_CONTEXT('2D SPACE',''
  ) );
#358 = PCURVE('',#359,#364);
#359 = PLANE('',#360);
#360 = AXIS2_PLACEMENT_3D('',#361,#362,#363);
#361 = CARTESIAN_POINT('',(0.,-61.305,14.271));
#362 = DIRECTION('',(0.,-0.999657324976,-2.617694830787E-02));
#363 = DIRECTION('',(1.,0.,0.));
#364 = DEFINITIONAL_REPRESENTATION('',(#365),#369);
#365 = LINE('',#366,#367);
#366 = CARTESIAN_POINT('',(0.,0.));
#367 = VECTOR('',#368,1.);
#368 = DIRECTION('',(1.,0.));
#369 = ( GEOMETRIC_REPRESENTATION_CONTEXT(2) 
PARAMETRIC_REPRESENTATION_CONTEXT() REPRESENTATION_CONTEXT('2D SPACE',''
  ) );
#370 = ORIENTED_EDGE('',*,*,#371,.F.);
#371 = EDGE_CURVE('',#372,#342,#374,.T.);
#372 = VERTEX_POINT('',#373);
#373 = CARTESIAN_POINT('',(-11.2060621118,-60.19932457659,14.271));
#374 = SURFACE_CURVE('',#375,(#379,#386),.PCURVE_S1.);
#375 = LINE('',#376,#377);
#376 = CARTESIAN_POINT('',(-11.2060621118,-54.7725,14.271));
#377 = VECTOR('',#378,1.);
#378 = DIRECTION('',(-0.,-1.,0.));
#379 = PCURVE('',#72,#380);
#380 = DEFINITIONAL_REPRESENTATION('',(#381),#385);
#381 = LINE('',#382,#383);
#382 = CARTESIAN_POINT('',(189.79393788819,146.2275));
#383 = VECTOR('',#384,1.);
#384 = DIRECTION('',(0.,-1.));
#385 = ( GEOMETRIC_REPRESENTATION_CONTEXT(2) 
PARAMETRIC_REPRESENTATION_CONTEXT() REPRESENTATION_CONTEXT('2D SPACE',''
  ) );
#386 = PCURVE('',#387,#392);
#387 = PLANE('',#388);
#388 = AXIS2_PLACEMENT_3D('',#389,#390,#391);
#389 = CARTESIAN_POINT('',(-11.256,-60.3,15.879));
#390 = DIRECTION('',(-0.999518114063,0.,-3.104093521936E-02));
#391 = DIRECTION('',(0.,-1.,-0.));
#392 = DEFINITIONAL_REPRESENTATION('',(#393),#397);
#393 = LINE('',#394,#395);
#394 = CARTESIAN_POINT('',(-5.5275,-1.608775246166));
#395 = VECTOR('',#396,1.);
#396 = DIRECTION('',(1.,0.));
#397 = ( GEOMETRIC_REPRESENTATION_CONTEXT(2) 
PARAMETRIC_REPRESENTATION_CONTEXT() REPRESENTATION_CONTEXT('2D SPACE',''
  ) );
#398 = ORIENTED_EDGE('',*,*,#399,.F.);
#399 = EDGE_CURVE('',#400,#372,#402,.T.);
#400 = VERTEX_POINT('',#401);
#401 = CARTESIAN_POINT('',(-19.095,-60.19932457659,14.271));
#402 = SURFACE_CURVE('',#403,(#407,#414),.PCURVE_S1.);
#403 = LINE('',#404,#405);
#404 = CARTESIAN_POINT('',(-9.5475,-60.19932457659,14.271));
#405 = VECTOR('',#406,1.);
#406 = DIRECTION('',(1.,0.,-0.));
#407 = PCURVE('',#72,#408);
#408 = DEFINITIONAL_REPRESENTATION('',(#409),#413);
#409 = LINE('',#410,#411);
#410 = CARTESIAN_POINT('',(191.4525,140.8006754234));
#411 = VECTOR('',#412,1.);
#412 = DIRECTION('',(1.,0.));
#413 = ( GEOMETRIC_REPRESENTATION_CONTEXT(2) 
PARAMETRIC_REPRESENTATION_CONTEXT() REPRESENTATION_CONTEXT('2D SPACE',''
  ) );
#414 = PCURVE('',#415,#420);
#415 = PLANE('',#416);
#416 = AXIS2_PLACEMENT_3D('',#417,#418,#419);
#417 = CARTESIAN_POINT('',(0.,-60.17301106621,15.7785));
#418 = DIRECTION('',(0.,-0.999847695156,1.745240643728E-02));
#419 = DIRECTION('',(1.,0.,0.));
#420 = DEFINITIONAL_REPRESENTATION('',(#421),#425);
#421 = LINE('',#422,#423);
#422 = CARTESIAN_POINT('',(-9.5475,-1.507729634526));
#423 = VECTOR('',#424,1.);
#424 = DIRECTION('',(1.,0.));
#425 = ( GEOMETRIC_REPRESENTATION_CONTEXT(2) 
PARAMETRIC_REPRESENTATION_CONTEXT() REPRESENTATION_CONTEXT('2D SPACE',''
  ) );
#426 = ORIENTED_EDGE('',*,*,#427,.F.);
#427 = EDGE_CURVE('',#428,#400,#430,.T.);
#428 = VERTEX_POINT('',#429);
#429 = CARTESIAN_POINT('',(-30.04932457659,-49.245,14.271));
#430 = SURFACE_CURVE('',#431,(#436,#443),.PCURVE_S1.);
#431 = CIRCLE('',#432,10.954324576597);
#432 = AXIS2_PLACEMENT_3D('',#433,#434,#435);
#433 = CARTESIAN_POINT('',(-19.095,-49.245,14.271));
#434 = DIRECTION('',(0.,0.,1.));
#435 = DIRECTION('',(1.,0.,-0.));
#436 = PCURVE('',#72,#437);
#437 = DEFINITIONAL_REPRESENTATION('',(#438),#442);
#438 = CIRCLE('',#439,10.954324576597);
#439 = AXIS2_PLACEMENT_2D('',#440,#441);
#440 = CARTESIAN_POINT('',(181.905,151.755));
#441 = DIRECTION('',(1.,0.));
#442 = ( GEOMETRIC_REPRESENTATION_CONTEXT(2) 
PARAMETRIC_REPRESENTATION_CONTEXT() REPRESENTATION_CONTEXT('2D SPACE',''
  ) );
#443 = PCURVE('',#444,#449);
#444 = CONICAL_SURFACE('',#445,10.9545,1.745329251994E-02);
#445 = AXIS2_PLACEMENT_3D('',#446,#447,#448);
#446 = CARTESIAN_POINT('',(-19.095,-49.245,14.26095));
#447 = DIRECTION('',(-0.,-0.,-1.));
#448 = DIRECTION('',(1.,0.,0.));
#449 = DEFINITIONAL_REPRESENTATION('',(#450),#453);
#450 = B_SPLINE_CURVE_WITH_KNOTS('',1,(#451,#452),.UNSPECIFIED.,.F.,.F.,
  (2,2),(3.14159265359,4.712388980385),.PIECEWISE_BEZIER_KNOTS.);
#451 = CARTESIAN_POINT('',(-3.14159265359,-1.005E-02));
#452 = CARTESIAN_POINT('',(-4.712388980385,-1.005E-02));
#453 = ( GEOMETRIC_REPRESENTATION_CONTEXT(2) 
PARAMETRIC_REPRESENTATION_CONTEXT() REPRESENTATION_CONTEXT('2D SPACE',''
  ) );
#454 = ORIENTED_EDGE('',*,*,#455,.F.);
#455 = EDGE_CURVE('',#456,#428,#458,.T.);
#456 = VERTEX_POINT('',#457);
#457 = CARTESIAN_POINT('',(-30.04932457659,49.245,14.271));
#458 = SURFACE_CURVE('',#459,(#463,#470),.PCURVE_S1.);
#459 = LINE('',#460,#461);
#460 = CARTESIAN_POINT('',(-30.04932457659,-24.6225,14.271));
#461 = VECTOR('',#462,1.);
#462 = DIRECTION('',(0.,-1.,0.));
#463 = PCURVE('',#72,#464);
#464 = DEFINITIONAL_REPRESENTATION('',(#465),#469);
#465 = LINE('',#466,#467);
#466 = CARTESIAN_POINT('',(170.9506754234,176.3775));
#467 = VECTOR('',#468,1.);
#468 = DIRECTION('',(0.,-1.));
#469 = ( GEOMETRIC_REPRESENTATION_CONTEXT(2) 
PARAMETRIC_REPRESENTATION_CONTEXT() REPRESENTATION_CONTEXT('2D SPACE',''
  ) );
#470 = PCURVE('',#471,#476);
#471 = PLANE('',#472);
#472 = AXIS2_PLACEMENT_3D('',#473,#474,#475);
#473 = CARTESIAN_POINT('',(-30.02301106621,0.,15.7785));
#474 = DIRECTION('',(-0.999847695156,0.,1.745240643728E-02));
#475 = DIRECTION('',(-0.,-1.,0.));
#476 = DEFINITIONAL_REPRESENTATION('',(#477),#481);
#477 = LINE('',#478,#479);
#478 = CARTESIAN_POINT('',(24.6225,-1.507729634526));
#479 = VECTOR('',#480,1.);
#480 = DIRECTION('',(1.,0.));
#481 = ( GEOMETRIC_REPRESENTATION_CONTEXT(2) 
PARAMETRIC_REPRESENTATION_CONTEXT() REPRESENTATION_CONTEXT('2D SPACE',''
  ) );
#482 = ORIENTED_EDGE('',*,*,#483,.F.);
#483 = EDGE_CURVE('',#484,#456,#486,.T.);
#484 = VERTEX_POINT('',#485);
#485 = CARTESIAN_POINT('',(-19.095,60.199324576597,14.271));
#486 = SURFACE_CURVE('',#487,(#492,#499),.PCURVE_S1.);
#487 = CIRCLE('',#488,10.954324576597);
#488 = AXIS2_PLACEMENT_3D('',#489,#490,#491);
#489 = CARTESIAN_POINT('',(-19.095,49.245,14.271));
#490 = DIRECTION('',(0.,0.,1.));
#491 = DIRECTION('',(1.,0.,-0.));
#492 = PCURVE('',#72,#493);
#493 = DEFINITIONAL_REPRESENTATION('',(#494),#498);
#494 = CIRCLE('',#495,10.954324576597);
#495 = AXIS2_PLACEMENT_2D('',#496,#497);
#496 = CARTESIAN_POINT('',(181.905,250.245));
#497 = DIRECTION('',(1.,0.));
#498 = ( GEOMETRIC_REPRESENTATION_CONTEXT(2) 
PARAMETRIC_REPRESENTATION_CONTEXT() REPRESENTATION_CONTEXT('2D SPACE',''
  ) );
#499 = PCURVE('',#500,#505);
#500 = CONICAL_SURFACE('',#501,10.9545,1.745329251994E-02);
#501 = AXIS2_PLACEMENT_3D('',#502,#503,#504);
#502 = CARTESIAN_POINT('',(-19.095,49.245,14.26095));
#503 = DIRECTION('',(-0.,-0.,-1.));
#504 = DIRECTION('',(1.,0.,0.));
#505 = DEFINITIONAL_REPRESENTATION('',(#506),#509);
#506 = B_SPLINE_CURVE_WITH_KNOTS('',1,(#507,#508),.UNSPECIFIED.,.F.,.F.,
  (2,2),(1.570796326795,3.14159265359),.PIECEWISE_BEZIER_KNOTS.);
#507 = CARTESIAN_POINT('',(-1.570796326795,-1.005E-02));
#508 = CARTESIAN_POINT('',(-3.14159265359,-1.005E-02));
#509 = ( GEOMETRIC_REPRESENTATION_CONTEXT(2) 
PARAMETRIC_REPRESENTATION_CONTEXT() REPRESENTATION_CONTEXT('2D SPACE',''
  ) );
#510 = ORIENTED_EDGE('',*,*,#511,.F.);
#511 = EDGE_CURVE('',#512,#484,#514,.T.);
#512 = VERTEX_POINT('',#513);
#513 = CARTESIAN_POINT('',(-4.824312111801,60.199324576597,14.271));
#514 = SURFACE_CURVE('',#515,(#519,#526),.PCURVE_S1.);
#515 = LINE('',#516,#517);
#516 = CARTESIAN_POINT('',(-9.5475,60.199324576597,14.271));
#517 = VECTOR('',#518,1.);
#518 = DIRECTION('',(-1.,-0.,0.));
#519 = PCURVE('',#72,#520);
#520 = DEFINITIONAL_REPRESENTATION('',(#521),#525);
#521 = LINE('',#522,#523);
#522 = CARTESIAN_POINT('',(191.4525,261.19932457659));
#523 = VECTOR('',#524,1.);
#524 = DIRECTION('',(-1.,0.));
#525 = ( GEOMETRIC_REPRESENTATION_CONTEXT(2) 
PARAMETRIC_REPRESENTATION_CONTEXT() REPRESENTATION_CONTEXT('2D SPACE',''
  ) );
#526 = PCURVE('',#527,#532);
#527 = PLANE('',#528);
#528 = AXIS2_PLACEMENT_3D('',#529,#530,#531);
#529 = CARTESIAN_POINT('',(0.,60.173011066218,15.7785));
#530 = DIRECTION('',(-0.,0.999847695156,1.745240643728E-02));
#531 = DIRECTION('',(-1.,0.,-0.));
#532 = DEFINITIONAL_REPRESENTATION('',(#533),#537);
#533 = LINE('',#534,#535);
#534 = CARTESIAN_POINT('',(9.5475,-1.507729634526));
#535 = VECTOR('',#536,1.);
#536 = DIRECTION('',(1.,0.));
#537 = ( GEOMETRIC_REPRESENTATION_CONTEXT(2) 
PARAMETRIC_REPRESENTATION_CONTEXT() REPRESENTATION_CONTEXT('2D SPACE',''
  ) );
#538 = ORIENTED_EDGE('',*,*,#539,.F.);
#539 = EDGE_CURVE('',#540,#512,#542,.T.);
#540 = VERTEX_POINT('',#541);
#541 = CARTESIAN_POINT('',(-4.824312111801,61.305,14.271));
#542 = SURFACE_CURVE('',#543,(#547,#554),.PCURVE_S1.);
#543 = LINE('',#544,#545);
#544 = CARTESIAN_POINT('',(-4.824312111801,5.5275,14.271));
#545 = VECTOR('',#546,1.);
#546 = DIRECTION('',(-0.,-1.,0.));
#547 = PCURVE('',#72,#548);
#548 = DEFINITIONAL_REPRESENTATION('',(#549),#553);
#549 = LINE('',#550,#551);
#550 = CARTESIAN_POINT('',(196.17568788819,206.5275));
#551 = VECTOR('',#552,1.);
#552 = DIRECTION('',(0.,-1.));
#553 = ( GEOMETRIC_REPRESENTATION_CONTEXT(2) 
PARAMETRIC_REPRESENTATION_CONTEXT() REPRESENTATION_CONTEXT('2D SPACE',''
  ) );
#554 = PCURVE('',#555,#560);
#555 = PLANE('',#556);
#556 = AXIS2_PLACEMENT_3D('',#557,#558,#559);
#557 = CARTESIAN_POINT('',(-4.87425,60.3,15.879));
#558 = DIRECTION('',(-0.999518114063,0.,-3.104093521936E-02));
#559 = DIRECTION('',(0.,-1.,-0.));
#560 = DEFINITIONAL_REPRESENTATION('',(#561),#565);
#561 = LINE('',#562,#563);
#562 = CARTESIAN_POINT('',(54.7725,-1.608775246166));
#563 = VECTOR('',#564,1.);
#564 = DIRECTION('',(1.,0.));
#565 = ( GEOMETRIC_REPRESENTATION_CONTEXT(2) 
PARAMETRIC_REPRESENTATION_CONTEXT() REPRESENTATION_CONTEXT('2D SPACE',''
  ) );
#566 = ORIENTED_EDGE('',*,*,#567,.T.);
#567 = EDGE_CURVE('',#540,#568,#570,.T.);
#568 = VERTEX_POINT('',#569);
#569 = CARTESIAN_POINT('',(4.824312111801,61.305,14.271));
#570 = SURFACE_CURVE('',#571,(#575,#582),.PCURVE_S1.);
#571 = LINE('',#572,#573);
#572 = CARTESIAN_POINT('',(0.,61.305,14.271));
#573 = VECTOR('',#574,1.);
#574 = DIRECTION('',(1.,0.,0.));
#575 = PCURVE('',#72,#576);
#576 = DEFINITIONAL_REPRESENTATION('',(#577),#581);
#577 = LINE('',#578,#579);
#578 = CARTESIAN_POINT('',(201.,262.305));
#579 = VECTOR('',#580,1.);
#580 = DIRECTION('',(1.,0.));
#581 = ( GEOMETRIC_REPRESENTATION_CONTEXT(2) 
PARAMETRIC_REPRESENTATION_CONTEXT() REPRESENTATION_CONTEXT('2D SPACE',''
  ) );
#582 = PCURVE('',#583,#588);
#583 = PLANE('',#584);
#584 = AXIS2_PLACEMENT_3D('',#585,#586,#587);
#585 = CARTESIAN_POINT('',(0.,61.305,14.271));
#586 = DIRECTION('',(0.,0.999657324976,-2.617694830787E-02));
#587 = DIRECTION('',(-1.,0.,-0.));
#588 = DEFINITIONAL_REPRESENTATION('',(#589),#593);
#589 = LINE('',#590,#591);
#590 = CARTESIAN_POINT('',(0.,0.));
#591 = VECTOR('',#592,1.);
#592 = DIRECTION('',(-1.,0.));
#593 = ( GEOMETRIC_REPRESENTATION_CONTEXT(2) 
PARAMETRIC_REPRESENTATION_CONTEXT() REPRESENTATION_CONTEXT('2D SPACE',''
  ) );
#594 = ORIENTED_EDGE('',*,*,#595,.F.);
#595 = EDGE_CURVE('',#596,#568,#598,.T.);
#596 = VERTEX_POINT('',#597);
#597 = CARTESIAN_POINT('',(4.824312111801,60.199324576597,14.271));
#598 = SURFACE_CURVE('',#599,(#603,#610),.PCURVE_S1.);
#599 = LINE('',#600,#601);
#600 = CARTESIAN_POINT('',(4.824312111801,5.5275,14.271));
#601 = VECTOR('',#602,1.);
#602 = DIRECTION('',(-0.,1.,0.));
#603 = PCURVE('',#72,#604);
#604 = DEFINITIONAL_REPRESENTATION('',(#605),#609);
#605 = LINE('',#606,#607);
#606 = CARTESIAN_POINT('',(205.8243121118,206.5275));
#607 = VECTOR('',#608,1.);
#608 = DIRECTION('',(0.,1.));
#609 = ( GEOMETRIC_REPRESENTATION_CONTEXT(2) 
PARAMETRIC_REPRESENTATION_CONTEXT() REPRESENTATION_CONTEXT('2D SPACE',''
  ) );
#610 = PCURVE('',#611,#616);
#611 = PLANE('',#612);
#612 = AXIS2_PLACEMENT_3D('',#613,#614,#615);
#613 = CARTESIAN_POINT('',(4.87425,60.3,15.879));
#614 = DIRECTION('',(0.999518114063,0.,-3.104093521936E-02));
#615 = DIRECTION('',(0.,1.,0.));
#616 = DEFINITIONAL_REPRESENTATION('',(#617),#621);
#617 = LINE('',#618,#619);
#618 = CARTESIAN_POINT('',(-54.7725,-1.608775246166));
#619 = VECTOR('',#620,1.);
#620 = DIRECTION('',(1.,0.));
#621 = ( GEOMETRIC_REPRESENTATION_CONTEXT(2) 
PARAMETRIC_REPRESENTATION_CONTEXT() REPRESENTATION_CONTEXT('2D SPACE',''
  ) );
#622 = ORIENTED_EDGE('',*,*,#623,.F.);
#623 = EDGE_CURVE('',#624,#596,#626,.T.);
#624 = VERTEX_POINT('',#625);
#625 = CARTESIAN_POINT('',(19.095,60.199324576597,14.271));
#626 = SURFACE_CURVE('',#627,(#631,#638),.PCURVE_S1.);
#627 = LINE('',#628,#629);
#628 = CARTESIAN_POINT('',(-9.5475,60.199324576597,14.271));
#629 = VECTOR('',#630,1.);
#630 = DIRECTION('',(-1.,-0.,0.));
#631 = PCURVE('',#72,#632);
#632 = DEFINITIONAL_REPRESENTATION('',(#633),#637);
#633 = LINE('',#634,#635);
#634 = CARTESIAN_POINT('',(191.4525,261.19932457659));
#635 = VECTOR('',#636,1.);
#636 = DIRECTION('',(-1.,0.));
#637 = ( GEOMETRIC_REPRESENTATION_CONTEXT(2) 
PARAMETRIC_REPRESENTATION_CONTEXT() REPRESENTATION_CONTEXT('2D SPACE',''
  ) );
#638 = PCURVE('',#639,#644);
#639 = PLANE('',#640);
#640 = AXIS2_PLACEMENT_3D('',#641,#642,#643);
#641 = CARTESIAN_POINT('',(0.,60.173011066218,15.7785));
#642 = DIRECTION('',(-0.,0.999847695156,1.745240643728E-02));
#643 = DIRECTION('',(-1.,0.,-0.));
#644 = DEFINITIONAL_REPRESENTATION('',(#645),#649);
#645 = LINE('',#646,#647);
#646 = CARTESIAN_POINT('',(9.5475,-1.507729634526));
#647 = VECTOR('',#648,1.);
#648 = DIRECTION('',(1.,0.));
#649 = ( GEOMETRIC_REPRESENTATION_CONTEXT(2) 
PARAMETRIC_REPRESENTATION_CONTEXT() REPRESENTATION_CONTEXT('2D SPACE',''
  ) );
#650 = ORIENTED_EDGE('',*,*,#651,.F.);
#651 = EDGE_CURVE('',#652,#624,#654,.T.);
#652 = VERTEX_POINT('',#653);
#653 = CARTESIAN_POINT('',(30.049324576597,49.245,14.271));
#654 = SURFACE_CURVE('',#655,(#660,#667),.PCURVE_S1.);
#655 = CIRCLE('',#656,10.954324576597);
#656 = AXIS2_PLACEMENT_3D('',#657,#658,#659);
#657 = CARTESIAN_POINT('',(19.095,49.245,14.271));
#658 = DIRECTION('',(0.,0.,1.));
#659 = DIRECTION('',(1.,0.,-0.));
#660 = PCURVE('',#72,#661);
#661 = DEFINITIONAL_REPRESENTATION('',(#662),#666);
#662 = CIRCLE('',#663,10.954324576597);
#663 = AXIS2_PLACEMENT_2D('',#664,#665);
#664 = CARTESIAN_POINT('',(220.095,250.245));
#665 = DIRECTION('',(1.,0.));
#666 = ( GEOMETRIC_REPRESENTATION_CONTEXT(2) 
PARAMETRIC_REPRESENTATION_CONTEXT() REPRESENTATION_CONTEXT('2D SPACE',''
  ) );
#667 = PCURVE('',#668,#673);
#668 = CONICAL_SURFACE('',#669,10.9545,1.745329251994E-02);
#669 = AXIS2_PLACEMENT_3D('',#670,#671,#672);
#670 = CARTESIAN_POINT('',(19.095,49.245,14.26095));
#671 = DIRECTION('',(-0.,-0.,-1.));
#672 = DIRECTION('',(1.,0.,0.));
#673 = DEFINITIONAL_REPRESENTATION('',(#674),#677);
#674 = B_SPLINE_CURVE_WITH_KNOTS('',1,(#675,#676),.UNSPECIFIED.,.F.,.F.,
  (2,2),(0.,1.570796326795),.PIECEWISE_BEZIER_KNOTS.);
#675 = CARTESIAN_POINT('',(0.,-1.005E-02));
#676 = CARTESIAN_POINT('',(-1.570796326795,-1.005E-02));
#677 = ( GEOMETRIC_REPRESENTATION_CONTEXT(2) 
PARAMETRIC_REPRESENTATION_CONTEXT() REPRESENTATION_CONTEXT('2D SPACE',''
  ) );
#678 = ORIENTED_EDGE('',*,*,#679,.F.);
#679 = EDGE_CURVE('',#680,#652,#682,.T.);
#680 = VERTEX_POINT('',#681);
#681 = CARTESIAN_POINT('',(30.049324576597,-49.245,14.271));
#682 = SURFACE_CURVE('',#683,(#687,#694),.PCURVE_S1.);
#683 = LINE('',#684,#685);
#684 = CARTESIAN_POINT('',(30.049324576597,-24.6225,14.271));
#685 = VECTOR('',#686,1.);
#686 = DIRECTION('',(0.,1.,-0.));
#687 = PCURVE('',#72,#688);
#688 = DEFINITIONAL_REPRESENTATION('',(#689),#693);
#689 = LINE('',#690,#691);
#690 = CARTESIAN_POINT('',(231.04932457659,176.3775));
#691 = VECTOR('',#692,1.);
#692 = DIRECTION('',(0.,1.));
#693 = ( GEOMETRIC_REPRESENTATION_CONTEXT(2) 
PARAMETRIC_REPRESENTATION_CONTEXT() REPRESENTATION_CONTEXT('2D SPACE',''
  ) );
#694 = PCURVE('',#695,#700);
#695 = PLANE('',#696);
#696 = AXIS2_PLACEMENT_3D('',#697,#698,#699);
#697 = CARTESIAN_POINT('',(30.023011066218,0.,15.7785));
#698 = DIRECTION('',(0.999847695156,-0.,1.745240643728E-02));
#699 = DIRECTION('',(0.,1.,0.));
#700 = DEFINITIONAL_REPRESENTATION('',(#701),#705);
#701 = LINE('',#702,#703);
#702 = CARTESIAN_POINT('',(-24.6225,-1.507729634526));
#703 = VECTOR('',#704,1.);
#704 = DIRECTION('',(1.,0.));
#705 = ( GEOMETRIC_REPRESENTATION_CONTEXT(2) 
PARAMETRIC_REPRESENTATION_CONTEXT() REPRESENTATION_CONTEXT('2D SPACE',''
  ) );
#706 = ORIENTED_EDGE('',*,*,#707,.F.);
#707 = EDGE_CURVE('',#708,#680,#710,.T.);
#708 = VERTEX_POINT('',#709);
#709 = CARTESIAN_POINT('',(19.095,-60.19932457659,14.271));
#710 = SURFACE_CURVE('',#711,(#716,#723),.PCURVE_S1.);
#711 = CIRCLE('',#712,10.954324576597);
#712 = AXIS2_PLACEMENT_3D('',#713,#714,#715);
#713 = CARTESIAN_POINT('',(19.095,-49.245,14.271));
#714 = DIRECTION('',(0.,0.,1.));
#715 = DIRECTION('',(1.,0.,-0.));
#716 = PCURVE('',#72,#717);
#717 = DEFINITIONAL_REPRESENTATION('',(#718),#722);
#718 = CIRCLE('',#719,10.954324576597);
#719 = AXIS2_PLACEMENT_2D('',#720,#721);
#720 = CARTESIAN_POINT('',(220.095,151.755));
#721 = DIRECTION('',(1.,0.));
#722 = ( GEOMETRIC_REPRESENTATION_CONTEXT(2) 
PARAMETRIC_REPRESENTATION_CONTEXT() REPRESENTATION_CONTEXT('2D SPACE',''
  ) );
#723 = PCURVE('',#724,#729);
#724 = CONICAL_SURFACE('',#725,10.9545,1.745329251994E-02);
#725 = AXIS2_PLACEMENT_3D('',#726,#727,#728);
#726 = CARTESIAN_POINT('',(19.095,-49.245,14.26095));
#727 = DIRECTION('',(-0.,-0.,-1.));
#728 = DIRECTION('',(1.,0.,0.));
#729 = DEFINITIONAL_REPRESENTATION('',(#730),#733);
#730 = B_SPLINE_CURVE_WITH_KNOTS('',1,(#731,#732),.UNSPECIFIED.,.F.,.F.,
  (2,2),(4.712388980385,6.28318530718),.PIECEWISE_BEZIER_KNOTS.);
#731 = CARTESIAN_POINT('',(-4.712388980385,-1.005E-02));
#732 = CARTESIAN_POINT('',(-6.28318530718,-1.005E-02));
#733 = ( GEOMETRIC_REPRESENTATION_CONTEXT(2) 
PARAMETRIC_REPRESENTATION_CONTEXT() REPRESENTATION_CONTEXT('2D SPACE',''
  ) );
#734 = ORIENTED_EDGE('',*,*,#735,.F.);
#735 = EDGE_CURVE('',#736,#708,#738,.T.);
#736 = VERTEX_POINT('',#737);
#737 = CARTESIAN_POINT('',(11.206062111801,-60.19932457659,14.271));
#738 = SURFACE_CURVE('',#739,(#743,#750),.PCURVE_S1.);
#739 = LINE('',#740,#741);
#740 = CARTESIAN_POINT('',(-9.5475,-60.19932457659,14.271));
#741 = VECTOR('',#742,1.);
#742 = DIRECTION('',(1.,0.,-0.));
#743 = PCURVE('',#72,#744);
#744 = DEFINITIONAL_REPRESENTATION('',(#745),#749);
#745 = LINE('',#746,#747);
#746 = CARTESIAN_POINT('',(191.4525,140.8006754234));
#747 = VECTOR('',#748,1.);
#748 = DIRECTION('',(1.,0.));
#749 = ( GEOMETRIC_REPRESENTATION_CONTEXT(2) 
PARAMETRIC_REPRESENTATION_CONTEXT() REPRESENTATION_CONTEXT('2D SPACE',''
  ) );
#750 = PCURVE('',#751,#756);
#751 = PLANE('',#752);
#752 = AXIS2_PLACEMENT_3D('',#753,#754,#755);
#753 = CARTESIAN_POINT('',(0.,-60.17301106621,15.7785));
#754 = DIRECTION('',(0.,-0.999847695156,1.745240643728E-02));
#755 = DIRECTION('',(1.,0.,0.));
#756 = DEFINITIONAL_REPRESENTATION('',(#757),#761);
#757 = LINE('',#758,#759);
#758 = CARTESIAN_POINT('',(-9.5475,-1.507729634526));
#759 = VECTOR('',#760,1.);
#760 = DIRECTION('',(1.,0.));
#761 = ( GEOMETRIC_REPRESENTATION_CONTEXT(2) 
PARAMETRIC_REPRESENTATION_CONTEXT() REPRESENTATION_CONTEXT('2D SPACE',''
  ) );
#762 = ORIENTED_EDGE('',*,*,#763,.F.);
#763 = EDGE_CURVE('',#344,#736,#764,.T.);
#764 = SURFACE_CURVE('',#765,(#769,#776),.PCURVE_S1.);
#765 = LINE('',#766,#767);
#766 = CARTESIAN_POINT('',(11.206062111801,-54.7725,14.271));
#767 = VECTOR('',#768,1.);
#768 = DIRECTION('',(-0.,1.,0.));
#769 = PCURVE('',#72,#770);
#770 = DEFINITIONAL_REPRESENTATION('',(#771),#775);
#771 = LINE('',#772,#773);
#772 = CARTESIAN_POINT('',(212.2060621118,146.2275));
#773 = VECTOR('',#774,1.);
#774 = DIRECTION('',(0.,1.));
#775 = ( GEOMETRIC_REPRESENTATION_CONTEXT(2) 
PARAMETRIC_REPRESENTATION_CONTEXT() REPRESENTATION_CONTEXT('2D SPACE',''
  ) );
#776 = PCURVE('',#777,#782);
#777 = PLANE('',#778);
#778 = AXIS2_PLACEMENT_3D('',#779,#780,#781);
#779 = CARTESIAN_POINT('',(11.256,-60.3,15.879));
#780 = DIRECTION('',(0.999518114063,0.,-3.104093521936E-02));
#781 = DIRECTION('',(0.,1.,0.));
#782 = DEFINITIONAL_REPRESENTATION('',(#783),#787);
#783 = LINE('',#784,#785);
#784 = CARTESIAN_POINT('',(5.5275,-1.608775246166));
#785 = VECTOR('',#786,1.);
#786 = DIRECTION('',(1.,0.));
#787 = ( GEOMETRIC_REPRESENTATION_CONTEXT(2) 
PARAMETRIC_REPRESENTATION_CONTEXT() REPRESENTATION_CONTEXT('2D SPACE',''
  ) );
#788 = ADVANCED_FACE('',(#789),#159,.T.);
#789 = FACE_BOUND('',#790,.T.);
#790 = EDGE_LOOP('',(#791,#792,#793,#794));
#791 = ORIENTED_EDGE('',*,*,#141,.F.);
#792 = ORIENTED_EDGE('',*,*,#318,.F.);
#793 = ORIENTED_EDGE('',*,*,#266,.T.);
#794 = ORIENTED_EDGE('',*,*,#219,.F.);
#795 = ADVANCED_FACE('',(#796),#359,.T.);
#796 = FACE_BOUND('',#797,.T.);
#797 = EDGE_LOOP('',(#798,#821,#822,#845,#873,#996,#1021,#1135));
#798 = ORIENTED_EDGE('',*,*,#799,.T.);
#799 = EDGE_CURVE('',#800,#344,#802,.T.);
#800 = VERTEX_POINT('',#801);
#801 = CARTESIAN_POINT('',(11.20575,-61.30473683148,14.26095));
#802 = SURFACE_CURVE('',#803,(#807,#814),.PCURVE_S1.);
#803 = LINE('',#804,#805);
#804 = CARTESIAN_POINT('',(11.225210942507,-61.32114603888,
    14.887592348718));
#805 = VECTOR('',#806,1.);
#806 = DIRECTION('',(3.103030850999E-02,-2.616434264211E-02,
    0.999175934022));
#807 = PCURVE('',#359,#808);
#808 = DEFINITIONAL_REPRESENTATION('',(#809),#813);
#809 = LINE('',#810,#811);
#810 = CARTESIAN_POINT('',(11.225210942507,0.616803711945));
#811 = VECTOR('',#812,1.);
#812 = DIRECTION('',(3.103030850999E-02,0.999518444029));
#813 = ( GEOMETRIC_REPRESENTATION_CONTEXT(2) 
PARAMETRIC_REPRESENTATION_CONTEXT() REPRESENTATION_CONTEXT('2D SPACE',''
  ) );
#814 = PCURVE('',#777,#815);
#815 = DEFINITIONAL_REPRESENTATION('',(#816),#820);
#816 = LINE('',#817,#818);
#817 = CARTESIAN_POINT('',(-1.021146038884,-0.991885627017));
#818 = VECTOR('',#819,1.);
#819 = DIRECTION('',(-2.616434264211E-02,0.999657654987));
#820 = ( GEOMETRIC_REPRESENTATION_CONTEXT(2) 
PARAMETRIC_REPRESENTATION_CONTEXT() REPRESENTATION_CONTEXT('2D SPACE',''
  ) );
#821 = ORIENTED_EDGE('',*,*,#341,.F.);
#822 = ORIENTED_EDGE('',*,*,#823,.T.);
#823 = EDGE_CURVE('',#342,#824,#826,.T.);
#824 = VERTEX_POINT('',#825);
#825 = CARTESIAN_POINT('',(-11.20575,-61.30473683148,14.26095));
#826 = SURFACE_CURVE('',#827,(#831,#838),.PCURVE_S1.);
#827 = LINE('',#828,#829);
#828 = CARTESIAN_POINT('',(-11.2252109425,-61.32114603888,
    14.887592348718));
#829 = VECTOR('',#830,1.);
#830 = DIRECTION('',(3.103030850999E-02,2.616434264211E-02,
    -0.999175934022));
#831 = PCURVE('',#359,#832);
#832 = DEFINITIONAL_REPRESENTATION('',(#833),#837);
#833 = LINE('',#834,#835);
#834 = CARTESIAN_POINT('',(-11.2252109425,0.616803711945));
#835 = VECTOR('',#836,1.);
#836 = DIRECTION('',(3.103030850999E-02,-0.999518444029));
#837 = ( GEOMETRIC_REPRESENTATION_CONTEXT(2) 
PARAMETRIC_REPRESENTATION_CONTEXT() REPRESENTATION_CONTEXT('2D SPACE',''
  ) );
#838 = PCURVE('',#387,#839);
#839 = DEFINITIONAL_REPRESENTATION('',(#840),#844);
#840 = LINE('',#841,#842);
#841 = CARTESIAN_POINT('',(1.021146038884,-0.991885627017));
#842 = VECTOR('',#843,1.);
#843 = DIRECTION('',(-2.616434264211E-02,-0.999657654987));
#844 = ( GEOMETRIC_REPRESENTATION_CONTEXT(2) 
PARAMETRIC_REPRESENTATION_CONTEXT() REPRESENTATION_CONTEXT('2D SPACE',''
  ) );
#845 = ORIENTED_EDGE('',*,*,#846,.F.);
#846 = EDGE_CURVE('',#847,#824,#849,.T.);
#847 = VERTEX_POINT('',#848);
#848 = CARTESIAN_POINT('',(-10.81191885133,-61.30473683148,14.26095));
#849 = SURFACE_CURVE('',#850,(#854,#861),.PCURVE_S1.);
#850 = LINE('',#851,#852);
#851 = CARTESIAN_POINT('',(-5.602875,-61.30473683148,14.26095));
#852 = VECTOR('',#853,1.);
#853 = DIRECTION('',(-1.,-0.,0.));
#854 = PCURVE('',#359,#855);
#855 = DEFINITIONAL_REPRESENTATION('',(#856),#860);
#856 = LINE('',#857,#858);
#857 = CARTESIAN_POINT('',(-5.602875,-1.005344506453E-02));
#858 = VECTOR('',#859,1.);
#859 = DIRECTION('',(-1.,0.));
#860 = ( GEOMETRIC_REPRESENTATION_CONTEXT(2) 
PARAMETRIC_REPRESENTATION_CONTEXT() REPRESENTATION_CONTEXT('2D SPACE',''
  ) );
#861 = PCURVE('',#862,#867);
#862 = PLANE('',#863);
#863 = AXIS2_PLACEMENT_3D('',#864,#865,#866);
#864 = CARTESIAN_POINT('',(-11.20575,-62.31,14.26095));
#865 = DIRECTION('',(0.,0.,1.));
#866 = DIRECTION('',(0.98429088052,0.17655441803,-0.));
#867 = DEFINITIONAL_REPRESENTATION('',(#868),#872);
#868 = LINE('',#869,#870);
#869 = CARTESIAN_POINT('',(5.692342420875,2.590343661796E-04));
#870 = VECTOR('',#871,1.);
#871 = DIRECTION('',(-0.98429088052,0.17655441803));
#872 = ( GEOMETRIC_REPRESENTATION_CONTEXT(2) 
PARAMETRIC_REPRESENTATION_CONTEXT() REPRESENTATION_CONTEXT('2D SPACE',''
  ) );
#873 = ORIENTED_EDGE('',*,*,#874,.F.);
#874 = EDGE_CURVE('',#875,#847,#877,.T.);
#875 = VERTEX_POINT('',#876);
#876 = CARTESIAN_POINT('',(-8.009240422654,-61.23282126796,
    11.514605429418));
#877 = SURFACE_CURVE('',#878,(#909,#943),.PCURVE_S1.);
#878 = B_SPLINE_CURVE_WITH_KNOTS('',5,(#879,#880,#881,#882,#883,#884,
    #885,#886,#887,#888,#889,#890,#891,#892,#893,#894,#895,#896,#897,
    #898,#899,#900,#901,#902,#903,#904,#905,#906,#907,#908),
  .UNSPECIFIED.,.F.,.F.,(6,4,4,4,4,4,4,6),(0.,0.165747715696,
    0.268400530985,0.496183892127,0.661437059976,0.731624218812,
    0.835969271693,1.),.UNSPECIFIED.);
#879 = CARTESIAN_POINT('',(-8.009240422654,-61.23282126796,
    11.514605429418));
#880 = CARTESIAN_POINT('',(-8.153168216865,-61.23282126796,
    11.514605429417));
#881 = CARTESIAN_POINT('',(-8.297107146056,-61.23306529049,
    11.523924274156));
#882 = CARTESIAN_POINT('',(-8.440248742849,-61.233552841,11.542543076779
    ));
#883 = CARTESIAN_POINT('',(-8.581802622628,-61.23428072489,
    11.57033984115));
#884 = CARTESIAN_POINT('',(-8.807208676456,-61.23583930231,
    11.629859511528));
#885 = CARTESIAN_POINT('',(-8.892514479026,-61.23652538794,
    11.656060064493));
#886 = CARTESIAN_POINT('',(-8.976734954713,-61.23730010172,
    11.685645190252));
#887 = CARTESIAN_POINT('',(-9.05969360175,-61.23816172979,
    11.718549438805));
#888 = CARTESIAN_POINT('',(-9.322122751054,-61.24120840797,
    11.834897384286));
#889 = CARTESIAN_POINT('',(-9.495977295475,-61.2437264783,
    11.931058610627));
#890 = CARTESIAN_POINT('',(-9.660903628516,-61.24663968281,
    12.04230940262));
#891 = CARTESIAN_POINT('',(-9.81521562298,-61.24991768726,
    12.167491342207));
#892 = CARTESIAN_POINT('',(-10.06060684952,-61.25613870687,
    12.405062496161));
#893 = CARTESIAN_POINT('',(-10.15741942401,-61.25892673957,
    12.511533169593));
#894 = CARTESIAN_POINT('',(-10.2473056909,-61.2618729038,12.624042642309
    ));
#895 = CARTESIAN_POINT('',(-10.32977500256,-61.26496135492,
    12.741985832281));
#896 = CARTESIAN_POINT('',(-10.43610879077,-61.26953943396,
    12.916815617273));
#897 = CARTESIAN_POINT('',(-10.4663948359,-61.27092673466,
    12.969794493577));
#898 = CARTESIAN_POINT('',(-10.49523590594,-61.27233523401,
    13.023582913656));
#899 = CARTESIAN_POINT('',(-10.52260284713,-61.2737635601,
    13.078128486627));
#900 = CARTESIAN_POINT('',(-10.58692386545,-61.27736112097,
    13.215513793331));
#901 = CARTESIAN_POINT('',(-10.62206205192,-61.27955264379,
    13.299204673343));
#902 = CARTESIAN_POINT('',(-10.65379660537,-61.28178021574,
    13.384272213917));
#903 = CARTESIAN_POINT('',(-10.68205455983,-61.28403902073,
    13.470532496672));
#904 = CARTESIAN_POINT('',(-10.74564106858,-61.28991619619,
    13.694972772192));
#905 = CARTESIAN_POINT('',(-10.77576889083,-61.29357323866,
    13.834629589987));
#906 = CARTESIAN_POINT('',(-10.79693213816,-61.29727578951,
    13.976024302082));
#907 = CARTESIAN_POINT('',(-10.80899467013,-61.3010038342,
    14.118392585349));
#908 = CARTESIAN_POINT('',(-10.81191885133,-61.30473683148,14.26095));
#909 = PCURVE('',#359,#910);
#910 = DEFINITIONAL_REPRESENTATION('',(#911),#942);
#911 = B_SPLINE_CURVE_WITH_KNOTS('',5,(#912,#913,#914,#915,#916,#917,
    #918,#919,#920,#921,#922,#923,#924,#925,#926,#927,#928,#929,#930,
    #931,#932,#933,#934,#935,#936,#937,#938,#939,#940,#941),
  .UNSPECIFIED.,.F.,.F.,(6,4,4,4,4,4,4,6),(0.,0.165747715696,
    0.268400530985,0.496183892127,0.661437059976,0.731624218812,
    0.835969271693,1.),.UNSPECIFIED.);
#912 = CARTESIAN_POINT('',(-8.009240422654,-2.757339441943));
#913 = CARTESIAN_POINT('',(-8.153168216865,-2.757339441943));
#914 = CARTESIAN_POINT('',(-8.297107146056,-2.748017402775));
#915 = CARTESIAN_POINT('',(-8.440248742849,-2.729392217766));
#916 = CARTESIAN_POINT('',(-8.581802622628,-2.701585924873));
#917 = CARTESIAN_POINT('',(-8.807208676456,-2.642045851599));
#918 = CARTESIAN_POINT('',(-8.892514479026,-2.615836317281));
#919 = CARTESIAN_POINT('',(-8.976734954713,-2.586241049963));
#920 = CARTESIAN_POINT('',(-9.05969360175,-2.553325522081));
#921 = CARTESIAN_POINT('',(-9.322122751054,-2.436937693397));
#922 = CARTESIAN_POINT('',(-9.495977295475,-2.34074350371));
#923 = CARTESIAN_POINT('',(-9.660903628516,-2.229454575781));
#924 = CARTESIAN_POINT('',(-9.81521562298,-2.104229724765));
#925 = CARTESIAN_POINT('',(-10.06060684952,-1.866577133204));
#926 = CARTESIAN_POINT('',(-10.15741942401,-1.760069962425));
#927 = CARTESIAN_POINT('',(-10.2473056909,-1.647521922306));
#928 = CARTESIAN_POINT('',(-10.32977500256,-1.529538302295));
#929 = CARTESIAN_POINT('',(-10.43610879077,-1.354648586965));
#930 = CARTESIAN_POINT('',(-10.4663948359,-1.301651549899));
#931 = CARTESIAN_POINT('',(-10.49523590594,-1.247844691554));
#932 = CARTESIAN_POINT('',(-10.52260284713,-1.19328042077));
#933 = CARTESIAN_POINT('',(-10.58692386545,-1.055848019415));
#934 = CARTESIAN_POINT('',(-10.62206205192,-0.972128450798));
#935 = CARTESIAN_POINT('',(-10.65379660537,-0.887031749709));
#936 = CARTESIAN_POINT('',(-10.68205455983,-0.800741897577));
#937 = CARTESIAN_POINT('',(-10.74564106858,-0.576224685617));
#938 = CARTESIAN_POINT('',(-10.77576889083,-0.436519994513));
#939 = CARTESIAN_POINT('',(-10.79693213816,-0.295076813372));
#940 = CARTESIAN_POINT('',(-10.80899467013,-0.152659727327));
#941 = CARTESIAN_POINT('',(-10.81191885133,-1.005344506453E-02));
#942 = ( GEOMETRIC_REPRESENTATION_CONTEXT(2) 
PARAMETRIC_REPRESENTATION_CONTEXT() REPRESENTATION_CONTEXT('2D SPACE',''
  ) );
#943 = PCURVE('',#944,#963);
#944 = B_SPLINE_SURFACE_WITH_KNOTS('',8,1,(
    (#945,#946)
    ,(#947,#948)
    ,(#949,#950)
    ,(#951,#952)
    ,(#953,#954)
    ,(#955,#956)
    ,(#957,#958)
    ,(#959,#960)
    ,(#961,#962
    )),.UNSPECIFIED.,.F.,.F.,.F.,(9,9),(2,2),(3.14159265359,
    4.712388980385),(0.,1.),.PIECEWISE_BEZIER_KNOTS.);
#945 = CARTESIAN_POINT('',(-11.20575,-61.8075,14.26095));
#946 = CARTESIAN_POINT('',(-8.844,-58.7925,14.26095));
#947 = CARTESIAN_POINT('',(-11.20575,-61.80749999999,13.670929447225));
#948 = CARTESIAN_POINT('',(-8.844,-58.79249999999,13.937326686772));
#949 = CARTESIAN_POINT('',(-11.07334953221,-61.8075,13.080908708728));
#950 = CARTESIAN_POINT('',(-8.771379007634,-58.7925,13.613703271677));
#951 = CARTESIAN_POINT('',(-10.80854989704,-61.80749999999,
    12.525551606484));
#952 = CARTESIAN_POINT('',(-8.626137736169,-58.79249999999,
    13.309092687168));
#953 = CARTESIAN_POINT('',(-10.42223559818,-61.8075,12.03951440182));
#954 = CARTESIAN_POINT('',(-8.414246281277,-58.7925,13.042503718724));
#955 = CARTESIAN_POINT('',(-9.936198393515,-61.80749999999,
    11.653200102959));
#956 = CARTESIAN_POINT('',(-8.147657312831,-58.79249999999,
    12.83061226383));
#957 = CARTESIAN_POINT('',(-9.380841291273,-61.8075,11.388400467789));
#958 = CARTESIAN_POINT('',(-7.843046728324,-58.7925,12.685370992366));
#959 = CARTESIAN_POINT('',(-8.790820552775,-61.80749999999,11.256));
#960 = CARTESIAN_POINT('',(-7.519423313228,-58.7925,12.61275));
#961 = CARTESIAN_POINT('',(-8.2008,-61.8075,11.256));
#962 = CARTESIAN_POINT('',(-7.1958,-58.7925,12.61275));
#963 = DEFINITIONAL_REPRESENTATION('',(#964),#995);
#964 = B_SPLINE_CURVE_WITH_KNOTS('',5,(#965,#966,#967,#968,#969,#970,
    #971,#972,#973,#974,#975,#976,#977,#978,#979,#980,#981,#982,#983,
    #984,#985,#986,#987,#988,#989,#990,#991,#992,#993,#994),
  .UNSPECIFIED.,.F.,.F.,(6,4,4,4,4,4,4,6),(0.,0.165747715696,
    0.268400530985,0.496183892127,0.661437059976,0.731624218812,
    0.835969271693,1.),.UNSPECIFIED.);
#965 = CARTESIAN_POINT('',(4.712388980385,0.190606544623));
#966 = CARTESIAN_POINT('',(4.659981938765,0.190606544623));
#967 = CARTESIAN_POINT('',(4.607600467568,0.190525608458));
#968 = CARTESIAN_POINT('',(4.555249463135,0.190363900165));
#969 = CARTESIAN_POINT('',(4.50292877441,0.190122479305));
#970 = CARTESIAN_POINT('',(4.418257573786,0.189605538204));
#971 = CARTESIAN_POINT('',(4.385886505855,0.189377980783));
#972 = CARTESIAN_POINT('',(4.353528041489,0.189121027621));
#973 = CARTESIAN_POINT('',(4.321182245208,0.188835247166));
#974 = CARTESIAN_POINT('',(4.217102650491,0.187824740308));
#975 = CARTESIAN_POINT('',(4.145415896926,0.186989559436));
#976 = CARTESIAN_POINT('',(4.073794289991,0.186023322449));
#977 = CARTESIAN_POINT('',(4.002224538884,0.184936090459));
#978 = CARTESIAN_POINT('',(3.878823110343,0.182872734039));
#979 = CARTESIAN_POINT('',(3.826965037142,0.181948013408));
#980 = CARTESIAN_POINT('',(3.775131115493,0.18097084451));
#981 = CARTESIAN_POINT('',(3.723318999567,0.179946482612));
#982 = CARTESIAN_POINT('',(3.649528507739,0.178428048437));
#983 = CARTESIAN_POINT('',(3.627534271917,0.177967915535));
#984 = CARTESIAN_POINT('',(3.60554330893,0.177500751571));
#985 = CARTESIAN_POINT('',(3.583555437349,0.177027011573));
#986 = CARTESIAN_POINT('',(3.528886138467,0.175833790721));
#987 = CARTESIAN_POINT('',(3.496208217577,0.175106917481));
#988 = CARTESIAN_POINT('',(3.463536157373,0.174368087648));
#989 = CARTESIAN_POINT('',(3.430869459339,0.173618898594));
#990 = CARTESIAN_POINT('',(3.346863290681,0.17166958667));
#991 = CARTESIAN_POINT('',(3.295530467572,0.170456637258));
#992 = CARTESIAN_POINT('',(3.244209151103,0.169228593861));
#993 = CARTESIAN_POINT('',(3.192896168677,0.16799209479));
#994 = CARTESIAN_POINT('',(3.14159265359,0.166753953072));
#995 = ( GEOMETRIC_REPRESENTATION_CONTEXT(2) 
PARAMETRIC_REPRESENTATION_CONTEXT() REPRESENTATION_CONTEXT('2D SPACE',''
  ) );
#996 = ORIENTED_EDGE('',*,*,#997,.F.);
#997 = EDGE_CURVE('',#998,#875,#1000,.T.);
#998 = VERTEX_POINT('',#999);
#999 = CARTESIAN_POINT('',(8.009240422654,-61.23282126796,
    11.514605429418));
#1000 = SURFACE_CURVE('',#1001,(#1004,#1010),.PCURVE_S1.);
#1001 = B_SPLINE_CURVE_WITH_KNOTS('',1,(#1002,#1003),.UNSPECIFIED.,.F.,
  .F.,(2,2),(0.,1.),.PIECEWISE_BEZIER_KNOTS.);
#1002 = CARTESIAN_POINT('',(8.009240422654,-61.23282126796,
    11.514605429418));
#1003 = CARTESIAN_POINT('',(-8.009240422654,-61.23282126796,
    11.514605429418));
#1004 = PCURVE('',#359,#1005);
#1005 = DEFINITIONAL_REPRESENTATION('',(#1006),#1009);
#1006 = B_SPLINE_CURVE_WITH_KNOTS('',1,(#1007,#1008),.UNSPECIFIED.,.F.,
  .F.,(2,2),(0.,1.),.PIECEWISE_BEZIER_KNOTS.);
#1007 = CARTESIAN_POINT('',(8.009240422654,-2.757339441943));
#1008 = CARTESIAN_POINT('',(-8.009240422654,-2.757339441943));
#1009 = ( GEOMETRIC_REPRESENTATION_CONTEXT(2) 
PARAMETRIC_REPRESENTATION_CONTEXT() REPRESENTATION_CONTEXT('2D SPACE',''
  ) );
#1010 = PCURVE('',#1011,#1016);
#1011 = B_SPLINE_SURFACE_WITH_KNOTS('',1,1,(
    (#1012,#1013)
    ,(#1014,#1015
    )),.UNSPECIFIED.,.F.,.F.,.F.,(2,2),(2,2),(-8.16,8.16),(0.,1.),
  .PIECEWISE_BEZIER_KNOTS.);
#1012 = CARTESIAN_POINT('',(-8.2008,-61.8075,11.256));
#1013 = CARTESIAN_POINT('',(-7.1958,-58.7925,12.61275));
#1014 = CARTESIAN_POINT('',(8.2008,-61.8075,11.256));
#1015 = CARTESIAN_POINT('',(7.1958,-58.7925,12.61275));
#1016 = DEFINITIONAL_REPRESENTATION('',(#1017),#1020);
#1017 = B_SPLINE_CURVE_WITH_KNOTS('',1,(#1018,#1019),.UNSPECIFIED.,.F.,
  .F.,(2,2),(0.,1.),.PIECEWISE_BEZIER_KNOTS.);
#1018 = CARTESIAN_POINT('',(8.16,0.190606544623));
#1019 = CARTESIAN_POINT('',(-8.16,0.190606544623));
#1020 = ( GEOMETRIC_REPRESENTATION_CONTEXT(2) 
PARAMETRIC_REPRESENTATION_CONTEXT() REPRESENTATION_CONTEXT('2D SPACE',''
  ) );
#1021 = ORIENTED_EDGE('',*,*,#1022,.F.);
#1022 = EDGE_CURVE('',#1023,#998,#1025,.T.);
#1023 = VERTEX_POINT('',#1024);
#1024 = CARTESIAN_POINT('',(10.811918851332,-61.30473683148,14.26095));
#1025 = SURFACE_CURVE('',#1026,(#1054,#1085),.PCURVE_S1.);
#1026 = B_SPLINE_CURVE_WITH_KNOTS('',6,(#1027,#1028,#1029,#1030,#1031,
    #1032,#1033,#1034,#1035,#1036,#1037,#1038,#1039,#1040,#1041,#1042,
    #1043,#1044,#1045,#1046,#1047,#1048,#1049,#1050,#1051,#1052,#1053),
  .UNSPECIFIED.,.F.,.F.,(7,5,5,5,5,7),(0.,2.812303162535E-02,
    0.272019753895,0.515455611953,0.75815965615,1.),.UNSPECIFIED.);
#1027 = CARTESIAN_POINT('',(10.811918851332,-61.30473683148,14.26095));
#1028 = CARTESIAN_POINT('',(10.811501061751,-61.30420348308,
    14.240582246259));
#1029 = CARTESIAN_POINT('',(10.8109041952,-61.30367023246,
    14.220218226577));
#1030 = CARTESIAN_POINT('',(10.810128345731,-61.30313713111,
    14.199859907226));
#1031 = CARTESIAN_POINT('',(10.809173635832,-61.30260423042,
    14.179509251034));
#1032 = CARTESIAN_POINT('',(10.808040216431,-61.30207158171,
    14.159168217388));
#1033 = CARTESIAN_POINT('',(10.795350397105,-61.29692247478,
    13.962531757213));
#1034 = CARTESIAN_POINT('',(10.770544457362,-61.29232834338,
    13.787088957051));
#1035 = CARTESIAN_POINT('',(10.7324265877,-61.28779064977,
    13.613801429355));
#1036 = CARTESIAN_POINT('',(10.681278291817,-61.28334191765,
    13.443911203987));
#1037 = CARTESIAN_POINT('',(10.617517325685,-61.27901346145,
    13.278614130296));
#1038 = CARTESIAN_POINT('',(10.466052119449,-61.27066479729,
    12.959791508866));
#1039 = CARTESIAN_POINT('',(10.378387517121,-61.26664370146,
    12.806232054633));
#1040 = CARTESIAN_POINT('',(10.279281144231,-61.26280161531,
    12.659508704045));
#1041 = CARTESIAN_POINT('',(10.169424303707,-61.25916578196,
    12.520661829981));
#1042 = CARTESIAN_POINT('',(10.049616835329,-61.25576124118,
    12.390647663053));
#1043 = CARTESIAN_POINT('',(9.792331110683,-61.24946914974,
    12.150362385384));
#1044 = CARTESIAN_POINT('',(9.654897754222,-61.2465798481,
    12.040024407337));
#1045 = CARTESIAN_POINT('',(9.509391266454,-61.24396488925,
    11.940163157777));
#1046 = CARTESIAN_POINT('',(9.356811632779,-61.24164329583,
    11.851505081802));
#1047 = CARTESIAN_POINT('',(9.198235087443,-61.2396311333,11.77466369474
    ));
#1048 = CARTESIAN_POINT('',(8.871992992762,-61.23625675478,
    11.645801378123));
#1049 = CARTESIAN_POINT('',(8.70434928812,-61.23489212167,
    11.593688142164));
#1050 = CARTESIAN_POINT('',(8.533042233424,-61.23385955099,
    11.554255858644));
#1051 = CARTESIAN_POINT('',(8.359263959381,-61.2331675992,
    11.527831286067));
#1052 = CARTESIAN_POINT('',(8.184242067533,-61.23282126796,
    11.514605429417));
#1053 = CARTESIAN_POINT('',(8.009240422654,-61.23282126796,
    11.514605429418));
#1054 = PCURVE('',#359,#1055);
#1055 = DEFINITIONAL_REPRESENTATION('',(#1056),#1084);
#1056 = B_SPLINE_CURVE_WITH_KNOTS('',6,(#1057,#1058,#1059,#1060,#1061,
    #1062,#1063,#1064,#1065,#1066,#1067,#1068,#1069,#1070,#1071,#1072,
    #1073,#1074,#1075,#1076,#1077,#1078,#1079,#1080,#1081,#1082,#1083),
  .UNSPECIFIED.,.F.,.F.,(7,5,5,5,5,7),(0.,2.812303162535E-02,
    0.272019753895,0.515455611953,0.75815965615,1.),.UNSPECIFIED.);
#1057 = CARTESIAN_POINT('',(10.811918851332,-1.005344506453E-02));
#1058 = CARTESIAN_POINT('',(10.811501061751,-3.042818071894E-02));
#1059 = CARTESIAN_POINT('',(10.8109041952,-5.079918103335E-02));
#1060 = CARTESIAN_POINT('',(10.810128345731,-7.116447906342E-02));
#1061 = CARTESIAN_POINT('',(10.809173635832,-9.152211130772E-02));
#1062 = CARTESIAN_POINT('',(10.808040216431,-0.111870117708));
#1063 = CARTESIAN_POINT('',(10.795350397105,-0.308573983385));
#1064 = CARTESIAN_POINT('',(10.770544457362,-0.484076924021));
#1065 = CARTESIAN_POINT('',(10.7324265877,-0.65742385338));
#1066 = CARTESIAN_POINT('',(10.681278291817,-0.827372315842));
#1067 = CARTESIAN_POINT('',(10.617517325685,-0.992726052128));
#1068 = CARTESIAN_POINT('',(10.466052119449,-1.311657963559));
#1069 = CARTESIAN_POINT('',(10.378387517121,-1.465270056819));
#1070 = CARTESIAN_POINT('',(10.279281144231,-1.61204370307));
#1071 = CARTESIAN_POINT('',(10.169424303707,-1.7509381728));
#1072 = CARTESIAN_POINT('',(10.049616835329,-1.880996907609));
#1073 = CARTESIAN_POINT('',(9.792331110683,-2.121364553266));
#1074 = CARTESIAN_POINT('',(9.654897754222,-2.231740354344));
#1075 = CARTESIAN_POINT('',(9.509391266454,-2.331635835589));
#1076 = CARTESIAN_POINT('',(9.356811632779,-2.420324302888));
#1077 = CARTESIAN_POINT('',(9.198235087443,-2.4971920306));
#1078 = CARTESIAN_POINT('',(8.871992992762,-2.626098520252));
#1079 = CARTESIAN_POINT('',(8.70434928812,-2.678229620237));
#1080 = CARTESIAN_POINT('',(8.533042233424,-2.717675420847));
#1081 = CARTESIAN_POINT('',(8.359263959381,-2.744109051569));
#1082 = CARTESIAN_POINT('',(8.184242067533,-2.757339441943));
#1083 = CARTESIAN_POINT('',(8.009240422654,-2.757339441943));
#1084 = ( GEOMETRIC_REPRESENTATION_CONTEXT(2) 
PARAMETRIC_REPRESENTATION_CONTEXT() REPRESENTATION_CONTEXT('2D SPACE',''
  ) );
#1085 = PCURVE('',#1086,#1105);
#1086 = B_SPLINE_SURFACE_WITH_KNOTS('',8,1,(
    (#1087,#1088)
    ,(#1089,#1090)
    ,(#1091,#1092)
    ,(#1093,#1094)
    ,(#1095,#1096)
    ,(#1097,#1098)
    ,(#1099,#1100)
    ,(#1101,#1102)
    ,(#1103,#1104
    )),.UNSPECIFIED.,.F.,.F.,.F.,(9,9),(2,2),(4.712388980385,
    6.28318530718),(0.,1.),.PIECEWISE_BEZIER_KNOTS.);
#1087 = CARTESIAN_POINT('',(8.2008,-61.8075,11.256));
#1088 = CARTESIAN_POINT('',(7.1958,-58.7925,12.61275));
#1089 = CARTESIAN_POINT('',(8.790820552775,-61.80749999999,11.256));
#1090 = CARTESIAN_POINT('',(7.519423313228,-58.79249999999,12.61275));
#1091 = CARTESIAN_POINT('',(9.380841291273,-61.8075,11.38840046779));
#1092 = CARTESIAN_POINT('',(7.843046728324,-58.7925,12.685370992367));
#1093 = CARTESIAN_POINT('',(9.936198393515,-61.80749999999,
    11.653200102958));
#1094 = CARTESIAN_POINT('',(8.147657312831,-58.79249999999,
    12.830612263829));
#1095 = CARTESIAN_POINT('',(10.422235598181,-61.8075,12.039514401821));
#1096 = CARTESIAN_POINT('',(8.414246281277,-58.7925,13.042503718725));
#1097 = CARTESIAN_POINT('',(10.80854989704,-61.80749999999,
    12.525551606484));
#1098 = CARTESIAN_POINT('',(8.626137736169,-58.79249999999,
    13.309092687168));
#1099 = CARTESIAN_POINT('',(11.073349532211,-61.8075,13.080908708728));
#1100 = CARTESIAN_POINT('',(8.771379007634,-58.7925,13.613703271677));
#1101 = CARTESIAN_POINT('',(11.20575,-61.8075,13.670929447225));
#1102 = CARTESIAN_POINT('',(8.844,-58.7925,13.937326686772));
#1103 = CARTESIAN_POINT('',(11.20575,-61.8075,14.26095));
#1104 = CARTESIAN_POINT('',(8.844,-58.7925,14.26095));
#1105 = DEFINITIONAL_REPRESENTATION('',(#1106),#1134);
#1106 = B_SPLINE_CURVE_WITH_KNOTS('',6,(#1107,#1108,#1109,#1110,#1111,
    #1112,#1113,#1114,#1115,#1116,#1117,#1118,#1119,#1120,#1121,#1122,
    #1123,#1124,#1125,#1126,#1127,#1128,#1129,#1130,#1131,#1132,#1133),
  .UNSPECIFIED.,.F.,.F.,(7,5,5,5,5,7),(0.,2.812303162535E-02,
    0.272019753895,0.515455611953,0.75815965615,1.),.UNSPECIFIED.);
#1107 = CARTESIAN_POINT('',(6.28318530718,0.166753953072));
#1108 = CARTESIAN_POINT('',(6.275855366721,0.166930851381));
#1109 = CARTESIAN_POINT('',(6.268525250737,0.167107717259));
#1110 = CARTESIAN_POINT('',(6.261194958259,0.167284533628));
#1111 = CARTESIAN_POINT('',(6.253864488114,0.167461283442));
#1112 = CARTESIAN_POINT('',(6.246533838928,0.167637949681));
#1113 = CARTESIAN_POINT('',(6.17562645787,0.169345779507));
#1114 = CARTESIAN_POINT('',(6.112033954068,0.17086953785));
#1115 = CARTESIAN_POINT('',(6.04842985153,0.17237457719));
#1116 = CARTESIAN_POINT('',(5.984808649368,0.17385011023));
#1117 = CARTESIAN_POINT('',(5.921164549324,0.175285750763));
#1118 = CARTESIAN_POINT('',(5.793954671531,0.178054793602));
#1119 = CARTESIAN_POINT('',(5.730384126558,0.179388490393));
#1120 = CARTESIAN_POINT('',(5.666788929023,0.180662814158));
#1121 = CARTESIAN_POINT('',(5.603162235204,0.181868729035));
#1122 = CARTESIAN_POINT('',(5.539497433788,0.182997929956));
#1123 = CARTESIAN_POINT('',(5.412285809773,0.185084859122));
#1124 = CARTESIAN_POINT('',(5.348734649226,0.186043168123));
#1125 = CARTESIAN_POINT('',(5.285143773737,0.186910484491));
#1126 = CARTESIAN_POINT('',(5.221507889228,0.187680498894));
#1127 = CARTESIAN_POINT('',(5.157822504422,0.188347882819));
#1128 = CARTESIAN_POINT('',(5.030588869056,0.189467079674));
#1129 = CARTESIAN_POINT('',(4.967036100378,0.189919694304));
#1130 = CARTESIAN_POINT('',(4.90343941238,0.190262172142));
#1131 = CARTESIAN_POINT('',(4.839797615793,0.190491675222));
#1132 = CARTESIAN_POINT('',(4.776110643993,0.190606544623));
#1133 = CARTESIAN_POINT('',(4.712388980385,0.190606544623));
#1134 = ( GEOMETRIC_REPRESENTATION_CONTEXT(2) 
PARAMETRIC_REPRESENTATION_CONTEXT() REPRESENTATION_CONTEXT('2D SPACE',''
  ) );
#1135 = ORIENTED_EDGE('',*,*,#1136,.F.);
#1136 = EDGE_CURVE('',#800,#1023,#1137,.T.);
#1137 = SURFACE_CURVE('',#1138,(#1142,#1149),.PCURVE_S1.);
#1138 = LINE('',#1139,#1140);
#1139 = CARTESIAN_POINT('',(-5.602875,-61.30473683148,14.26095));
#1140 = VECTOR('',#1141,1.);
#1141 = DIRECTION('',(-1.,-0.,0.));
#1142 = PCURVE('',#359,#1143);
#1143 = DEFINITIONAL_REPRESENTATION('',(#1144),#1148);
#1144 = LINE('',#1145,#1146);
#1145 = CARTESIAN_POINT('',(-5.602875,-1.005344506453E-02));
#1146 = VECTOR('',#1147,1.);
#1147 = DIRECTION('',(-1.,0.));
#1148 = ( GEOMETRIC_REPRESENTATION_CONTEXT(2) 
PARAMETRIC_REPRESENTATION_CONTEXT() REPRESENTATION_CONTEXT('2D SPACE',''
  ) );
#1149 = PCURVE('',#1150,#1155);
#1150 = PLANE('',#1151);
#1151 = AXIS2_PLACEMENT_3D('',#1152,#1153,#1154);
#1152 = CARTESIAN_POINT('',(-11.20575,-62.31,14.26095));
#1153 = DIRECTION('',(0.,0.,1.));
#1154 = DIRECTION('',(0.98429088052,0.17655441803,-0.));
#1155 = DEFINITIONAL_REPRESENTATION('',(#1156),#1160);
#1156 = LINE('',#1157,#1158);
#1157 = CARTESIAN_POINT('',(5.692342420875,2.590343661796E-04));
#1158 = VECTOR('',#1159,1.);
#1159 = DIRECTION('',(-0.98429088052,0.17655441803));
#1160 = ( GEOMETRIC_REPRESENTATION_CONTEXT(2) 
PARAMETRIC_REPRESENTATION_CONTEXT() REPRESENTATION_CONTEXT('2D SPACE',''
  ) );
#1161 = ADVANCED_FACE('',(#1162),#583,.T.);
#1162 = FACE_BOUND('',#1163,.T.);
#1163 = EDGE_LOOP('',(#1164,#1187,#1188,#1211,#1239,#1272,#1300,#1333));
#1164 = ORIENTED_EDGE('',*,*,#1165,.T.);
#1165 = EDGE_CURVE('',#1166,#540,#1168,.T.);
#1166 = VERTEX_POINT('',#1167);
#1167 = CARTESIAN_POINT('',(-4.824,61.304736831488,14.26095));
#1168 = SURFACE_CURVE('',#1169,(#1173,#1180),.PCURVE_S1.);
#1169 = LINE('',#1170,#1171);
#1170 = CARTESIAN_POINT('',(-4.846533372374,61.323736670806,
    14.986524590451));
#1171 = VECTOR('',#1172,1.);
#1172 = DIRECTION('',(-3.103030850999E-02,2.616434264211E-02,
    0.999175934022));
#1173 = PCURVE('',#583,#1174);
#1174 = DEFINITIONAL_REPRESENTATION('',(#1175),#1179);
#1175 = LINE('',#1176,#1177);
#1176 = CARTESIAN_POINT('',(4.846533372374,0.715769866908));
#1177 = VECTOR('',#1178,1.);
#1178 = DIRECTION('',(3.103030850999E-02,0.999518444029));
#1179 = ( GEOMETRIC_REPRESENTATION_CONTEXT(2) 
PARAMETRIC_REPRESENTATION_CONTEXT() REPRESENTATION_CONTEXT('2D SPACE',''
  ) );
#1180 = PCURVE('',#555,#1181);
#1181 = DEFINITIONAL_REPRESENTATION('',(#1182),#1186);
#1182 = LINE('',#1183,#1184);
#1183 = CARTESIAN_POINT('',(-1.023736670806,-0.892905688243));
#1184 = VECTOR('',#1185,1.);
#1185 = DIRECTION('',(-2.616434264211E-02,0.999657654987));
#1186 = ( GEOMETRIC_REPRESENTATION_CONTEXT(2) 
PARAMETRIC_REPRESENTATION_CONTEXT() REPRESENTATION_CONTEXT('2D SPACE',''
  ) );
#1187 = ORIENTED_EDGE('',*,*,#567,.T.);
#1188 = ORIENTED_EDGE('',*,*,#1189,.T.);
#1189 = EDGE_CURVE('',#568,#1190,#1192,.T.);
#1190 = VERTEX_POINT('',#1191);
#1191 = CARTESIAN_POINT('',(4.824,61.304736831488,14.26095));
#1192 = SURFACE_CURVE('',#1193,(#1197,#1204),.PCURVE_S1.);
#1193 = LINE('',#1194,#1195);
#1194 = CARTESIAN_POINT('',(4.846533372374,61.323736670806,
    14.986524590451));
#1195 = VECTOR('',#1196,1.);
#1196 = DIRECTION('',(-3.103030850999E-02,-2.616434264211E-02,
    -0.999175934022));
#1197 = PCURVE('',#583,#1198);
#1198 = DEFINITIONAL_REPRESENTATION('',(#1199),#1203);
#1199 = LINE('',#1200,#1201);
#1200 = CARTESIAN_POINT('',(-4.846533372374,0.715769866908));
#1201 = VECTOR('',#1202,1.);
#1202 = DIRECTION('',(3.103030850999E-02,-0.999518444029));
#1203 = ( GEOMETRIC_REPRESENTATION_CONTEXT(2) 
PARAMETRIC_REPRESENTATION_CONTEXT() REPRESENTATION_CONTEXT('2D SPACE',''
  ) );
#1204 = PCURVE('',#611,#1205);
#1205 = DEFINITIONAL_REPRESENTATION('',(#1206),#1210);
#1206 = LINE('',#1207,#1208);
#1207 = CARTESIAN_POINT('',(1.023736670806,-0.892905688243));
#1208 = VECTOR('',#1209,1.);
#1209 = DIRECTION('',(-2.616434264211E-02,-0.999657654987));
#1210 = ( GEOMETRIC_REPRESENTATION_CONTEXT(2) 
PARAMETRIC_REPRESENTATION_CONTEXT() REPRESENTATION_CONTEXT('2D SPACE',''
  ) );
#1211 = ORIENTED_EDGE('',*,*,#1212,.T.);
#1212 = EDGE_CURVE('',#1190,#1213,#1215,.T.);
#1213 = VERTEX_POINT('',#1214);
#1214 = CARTESIAN_POINT('',(4.824,61.289209889294,13.668));
#1215 = SURFACE_CURVE('',#1216,(#1220,#1227),.PCURVE_S1.);
#1216 = LINE('',#1217,#1218);
#1217 = CARTESIAN_POINT('',(4.824,61.296077366418,13.930258370618));
#1218 = VECTOR('',#1219,1.);
#1219 = DIRECTION('',(0.,-2.617694830787E-02,-0.999657324976));
#1220 = PCURVE('',#583,#1221);
#1221 = DEFINITIONAL_REPRESENTATION('',(#1222),#1226);
#1222 = LINE('',#1223,#1224);
#1223 = CARTESIAN_POINT('',(-4.824,-0.340858433054));
#1224 = VECTOR('',#1225,1.);
#1225 = DIRECTION('',(0.,-1.));
#1226 = ( GEOMETRIC_REPRESENTATION_CONTEXT(2) 
PARAMETRIC_REPRESENTATION_CONTEXT() REPRESENTATION_CONTEXT('2D SPACE',''
  ) );
#1227 = PCURVE('',#1228,#1233);
#1228 = PLANE('',#1229);
#1229 = AXIS2_PLACEMENT_3D('',#1230,#1231,#1232);
#1230 = CARTESIAN_POINT('',(4.824,58.29,13.668));
#1231 = DIRECTION('',(1.,0.,-0.));
#1232 = DIRECTION('',(0.,0.,1.));
#1233 = DEFINITIONAL_REPRESENTATION('',(#1234),#1238);
#1234 = LINE('',#1235,#1236);
#1235 = CARTESIAN_POINT('',(0.262258370618,-3.006077366418));
#1236 = VECTOR('',#1237,1.);
#1237 = DIRECTION('',(-0.999657324976,2.617694830787E-02));
#1238 = ( GEOMETRIC_REPRESENTATION_CONTEXT(2) 
PARAMETRIC_REPRESENTATION_CONTEXT() REPRESENTATION_CONTEXT('2D SPACE',''
  ) );
#1239 = ORIENTED_EDGE('',*,*,#1240,.T.);
#1240 = EDGE_CURVE('',#1213,#1241,#1243,.T.);
#1241 = VERTEX_POINT('',#1242);
#1242 = CARTESIAN_POINT('',(3.417,61.252366297646,12.261));
#1243 = SURFACE_CURVE('',#1244,(#1249,#1256),.PCURVE_S1.);
#1244 = ELLIPSE('',#1245,1.407482309035,1.407);
#1245 = AXIS2_PLACEMENT_3D('',#1246,#1247,#1248);
#1246 = CARTESIAN_POINT('',(3.417,61.289209889294,13.668));
#1247 = DIRECTION('',(0.,0.999657324976,-2.617694830787E-02));
#1248 = DIRECTION('',(0.,-2.617694830787E-02,-0.999657324976));
#1249 = PCURVE('',#583,#1250);
#1250 = DEFINITIONAL_REPRESENTATION('',(#1251),#1255);
#1251 = ELLIPSE('',#1252,1.407482309035,1.407);
#1252 = AXIS2_PLACEMENT_2D('',#1253,#1254);
#1253 = CARTESIAN_POINT('',(-3.417,-0.603206703872));
#1254 = DIRECTION('',(0.,-1.));
#1255 = ( GEOMETRIC_REPRESENTATION_CONTEXT(2) 
PARAMETRIC_REPRESENTATION_CONTEXT() REPRESENTATION_CONTEXT('2D SPACE',''
  ) );
#1256 = PCURVE('',#1257,#1262);
#1257 = CYLINDRICAL_SURFACE('',#1258,1.407);
#1258 = AXIS2_PLACEMENT_3D('',#1259,#1260,#1261);
#1259 = CARTESIAN_POINT('',(3.417,58.29,13.668));
#1260 = DIRECTION('',(0.,-1.,0.));
#1261 = DIRECTION('',(1.,0.,0.));
#1262 = DEFINITIONAL_REPRESENTATION('',(#1263),#1271);
#1263 = B_SPLINE_CURVE_WITH_KNOTS('',6,(#1264,#1265,#1266,#1267,#1268,
    #1269,#1270),.UNSPECIFIED.,.F.,.F.,(7,7),(4.712388980385,
    6.28318530718),.PIECEWISE_BEZIER_KNOTS.);
#1264 = CARTESIAN_POINT('',(6.28318530718,-2.999209889294));
#1265 = CARTESIAN_POINT('',(6.02138591938,-2.989564259556));
#1266 = CARTESIAN_POINT('',(5.759586531581,-2.979919366593));
#1267 = CARTESIAN_POINT('',(5.497787143782,-2.971459678553));
#1268 = CARTESIAN_POINT('',(5.235987755983,-2.965395923415));
#1269 = CARTESIAN_POINT('',(4.974188368184,-2.962366297646));
#1270 = CARTESIAN_POINT('',(4.712388980385,-2.962366297646));
#1271 = ( GEOMETRIC_REPRESENTATION_CONTEXT(2) 
PARAMETRIC_REPRESENTATION_CONTEXT() REPRESENTATION_CONTEXT('2D SPACE',''
  ) );
#1272 = ORIENTED_EDGE('',*,*,#1273,.T.);
#1273 = EDGE_CURVE('',#1241,#1274,#1276,.T.);
#1274 = VERTEX_POINT('',#1275);
#1275 = CARTESIAN_POINT('',(-3.417,61.252366297646,12.261));
#1276 = SURFACE_CURVE('',#1277,(#1281,#1288),.PCURVE_S1.);
#1277 = LINE('',#1278,#1279);
#1278 = CARTESIAN_POINT('',(-1.7085,61.252366297646,12.261));
#1279 = VECTOR('',#1280,1.);
#1280 = DIRECTION('',(-1.,0.,0.));
#1281 = PCURVE('',#583,#1282);
#1282 = DEFINITIONAL_REPRESENTATION('',(#1283),#1287);
#1283 = LINE('',#1284,#1285);
#1284 = CARTESIAN_POINT('',(1.7085,-2.010689012907));
#1285 = VECTOR('',#1286,1.);
#1286 = DIRECTION('',(1.,0.));
#1287 = ( GEOMETRIC_REPRESENTATION_CONTEXT(2) 
PARAMETRIC_REPRESENTATION_CONTEXT() REPRESENTATION_CONTEXT('2D SPACE',''
  ) );
#1288 = PCURVE('',#1289,#1294);
#1289 = PLANE('',#1290);
#1290 = AXIS2_PLACEMENT_3D('',#1291,#1292,#1293);
#1291 = CARTESIAN_POINT('',(-3.417,58.29,12.261));
#1292 = DIRECTION('',(0.,0.,-1.));
#1293 = DIRECTION('',(1.,0.,0.));
#1294 = DEFINITIONAL_REPRESENTATION('',(#1295),#1299);
#1295 = LINE('',#1296,#1297);
#1296 = CARTESIAN_POINT('',(1.7085,-2.962366297646));
#1297 = VECTOR('',#1298,1.);
#1298 = DIRECTION('',(-1.,0.));
#1299 = ( GEOMETRIC_REPRESENTATION_CONTEXT(2) 
PARAMETRIC_REPRESENTATION_CONTEXT() REPRESENTATION_CONTEXT('2D SPACE',''
  ) );
#1300 = ORIENTED_EDGE('',*,*,#1301,.T.);
#1301 = EDGE_CURVE('',#1274,#1302,#1304,.T.);
#1302 = VERTEX_POINT('',#1303);
#1303 = CARTESIAN_POINT('',(-4.824,61.289209889294,13.668));
#1304 = SURFACE_CURVE('',#1305,(#1310,#1317),.PCURVE_S1.);
#1305 = ELLIPSE('',#1306,1.407482309035,1.407);
#1306 = AXIS2_PLACEMENT_3D('',#1307,#1308,#1309);
#1307 = CARTESIAN_POINT('',(-3.417,61.289209889294,13.668));
#1308 = DIRECTION('',(0.,0.999657324976,-2.617694830787E-02));
#1309 = DIRECTION('',(0.,-2.617694830787E-02,-0.999657324976));
#1310 = PCURVE('',#583,#1311);
#1311 = DEFINITIONAL_REPRESENTATION('',(#1312),#1316);
#1312 = ELLIPSE('',#1313,1.407482309035,1.407);
#1313 = AXIS2_PLACEMENT_2D('',#1314,#1315);
#1314 = CARTESIAN_POINT('',(3.417,-0.603206703872));
#1315 = DIRECTION('',(0.,-1.));
#1316 = ( GEOMETRIC_REPRESENTATION_CONTEXT(2) 
PARAMETRIC_REPRESENTATION_CONTEXT() REPRESENTATION_CONTEXT('2D SPACE',''
  ) );
#1317 = PCURVE('',#1318,#1323);
#1318 = CYLINDRICAL_SURFACE('',#1319,1.407);
#1319 = AXIS2_PLACEMENT_3D('',#1320,#1321,#1322);
#1320 = CARTESIAN_POINT('',(-3.417,58.29,13.668));
#1321 = DIRECTION('',(0.,-1.,0.));
#1322 = DIRECTION('',(1.,0.,0.));
#1323 = DEFINITIONAL_REPRESENTATION('',(#1324),#1332);
#1324 = B_SPLINE_CURVE_WITH_KNOTS('',6,(#1325,#1326,#1327,#1328,#1329,
    #1330,#1331),.UNSPECIFIED.,.F.,.F.,(7,7),(3.172435353493E-16,
    1.570796326795),.PIECEWISE_BEZIER_KNOTS.);
#1325 = CARTESIAN_POINT('',(4.712388980385,-2.962366297646));
#1326 = CARTESIAN_POINT('',(4.450589592586,-2.962366297646));
#1327 = CARTESIAN_POINT('',(4.188790204786,-2.965395923415));
#1328 = CARTESIAN_POINT('',(3.926990816987,-2.971459678553));
#1329 = CARTESIAN_POINT('',(3.665191429188,-2.979919366593));
#1330 = CARTESIAN_POINT('',(3.403392041389,-2.989564259556));
#1331 = CARTESIAN_POINT('',(3.14159265359,-2.999209889294));
#1332 = ( GEOMETRIC_REPRESENTATION_CONTEXT(2) 
PARAMETRIC_REPRESENTATION_CONTEXT() REPRESENTATION_CONTEXT('2D SPACE',''
  ) );
#1333 = ORIENTED_EDGE('',*,*,#1334,.F.);
#1334 = EDGE_CURVE('',#1166,#1302,#1335,.T.);
#1335 = SURFACE_CURVE('',#1336,(#1340,#1347),.PCURVE_S1.);
#1336 = LINE('',#1337,#1338);
#1337 = CARTESIAN_POINT('',(-4.824,61.296077366418,13.930258370618));
#1338 = VECTOR('',#1339,1.);
#1339 = DIRECTION('',(0.,-2.617694830787E-02,-0.999657324976));
#1340 = PCURVE('',#583,#1341);
#1341 = DEFINITIONAL_REPRESENTATION('',(#1342),#1346);
#1342 = LINE('',#1343,#1344);
#1343 = CARTESIAN_POINT('',(4.824,-0.340858433054));
#1344 = VECTOR('',#1345,1.);
#1345 = DIRECTION('',(0.,-1.));
#1346 = ( GEOMETRIC_REPRESENTATION_CONTEXT(2) 
PARAMETRIC_REPRESENTATION_CONTEXT() REPRESENTATION_CONTEXT('2D SPACE',''
  ) );
#1347 = PCURVE('',#1348,#1353);
#1348 = PLANE('',#1349);
#1349 = AXIS2_PLACEMENT_3D('',#1350,#1351,#1352);
#1350 = CARTESIAN_POINT('',(-4.824,58.29,13.668));
#1351 = DIRECTION('',(1.,0.,-0.));
#1352 = DIRECTION('',(0.,0.,1.));
#1353 = DEFINITIONAL_REPRESENTATION('',(#1354),#1358);
#1354 = LINE('',#1355,#1356);
#1355 = CARTESIAN_POINT('',(0.262258370618,-3.006077366418));
#1356 = VECTOR('',#1357,1.);
#1357 = DIRECTION('',(-0.999657324976,2.617694830787E-02));
#1358 = ( GEOMETRIC_REPRESENTATION_CONTEXT(2) 
PARAMETRIC_REPRESENTATION_CONTEXT() REPRESENTATION_CONTEXT('2D SPACE',''
  ) );
#1359 = ADVANCED_FACE('',(#1360),#555,.T.);
#1360 = FACE_BOUND('',#1361,.T.);
#1361 = EDGE_LOOP('',(#1362,#1385,#1413,#1441,#1469,#1497,#1518,#1519));
#1362 = ORIENTED_EDGE('',*,*,#1363,.F.);
#1363 = EDGE_CURVE('',#1364,#1166,#1366,.T.);
#1364 = VERTEX_POINT('',#1365);
#1365 = CARTESIAN_POINT('',(-4.824,59.294824576597,14.26095));
#1366 = SURFACE_CURVE('',#1367,(#1371,#1378),.PCURVE_S1.);
#1367 = LINE('',#1368,#1369);
#1368 = CARTESIAN_POINT('',(-4.824,60.3,14.26095));
#1369 = VECTOR('',#1370,1.);
#1370 = DIRECTION('',(0.,1.,0.));
#1371 = PCURVE('',#555,#1372);
#1372 = DEFINITIONAL_REPRESENTATION('',(#1373),#1377);
#1373 = LINE('',#1374,#1375);
#1374 = CARTESIAN_POINT('',(0.,-1.618830091455));
#1375 = VECTOR('',#1376,1.);
#1376 = DIRECTION('',(-1.,0.));
#1377 = ( GEOMETRIC_REPRESENTATION_CONTEXT(2) 
PARAMETRIC_REPRESENTATION_CONTEXT() REPRESENTATION_CONTEXT('2D SPACE',''
  ) );
#1378 = PCURVE('',#1348,#1379);
#1379 = DEFINITIONAL_REPRESENTATION('',(#1380),#1384);
#1380 = LINE('',#1381,#1382);
#1381 = CARTESIAN_POINT('',(0.59295,-2.01));
#1382 = VECTOR('',#1383,1.);
#1383 = DIRECTION('',(0.,-1.));
#1384 = ( GEOMETRIC_REPRESENTATION_CONTEXT(2) 
PARAMETRIC_REPRESENTATION_CONTEXT() REPRESENTATION_CONTEXT('2D SPACE',''
  ) );
#1385 = ORIENTED_EDGE('',*,*,#1386,.T.);
#1386 = EDGE_CURVE('',#1364,#1387,#1389,.T.);
#1387 = VERTEX_POINT('',#1388);
#1388 = CARTESIAN_POINT('',(-4.824312111801,59.295,14.271));
#1389 = SURFACE_CURVE('',#1390,(#1394,#1401),.PCURVE_S1.);
#1390 = LINE('',#1391,#1392);
#1391 = CARTESIAN_POINT('',(-4.847222008554,59.307876578277,
    15.008698675432));
#1392 = VECTOR('',#1393,1.);
#1393 = DIRECTION('',(-3.103621208885E-02,1.74439989278E-02,
    0.999366029261));
#1394 = PCURVE('',#555,#1395);
#1395 = DEFINITIONAL_REPRESENTATION('',(#1396),#1400);
#1396 = LINE('',#1397,#1398);
#1397 = CARTESIAN_POINT('',(0.992123421723,-0.870720912731));
#1398 = VECTOR('',#1399,1.);
#1399 = DIRECTION('',(-1.74439989278E-02,0.999847841875));
#1400 = ( GEOMETRIC_REPRESENTATION_CONTEXT(2) 
PARAMETRIC_REPRESENTATION_CONTEXT() REPRESENTATION_CONTEXT('2D SPACE',''
  ) );
#1401 = PCURVE('',#1402,#1407);
#1402 = PLANE('',#1403);
#1403 = AXIS2_PLACEMENT_3D('',#1404,#1405,#1406);
#1404 = CARTESIAN_POINT('',(0.,59.295,14.271));
#1405 = DIRECTION('',(0.,0.999847695156,-1.745240643728E-02));
#1406 = DIRECTION('',(-1.,0.,-0.));
#1407 = DEFINITIONAL_REPRESENTATION('',(#1408),#1412);
#1408 = LINE('',#1409,#1410);
#1409 = CARTESIAN_POINT('',(4.847222008554,0.737811047628));
#1410 = VECTOR('',#1411,1.);
#1411 = DIRECTION('',(3.103621208885E-02,0.999518260733));
#1412 = ( GEOMETRIC_REPRESENTATION_CONTEXT(2) 
PARAMETRIC_REPRESENTATION_CONTEXT() REPRESENTATION_CONTEXT('2D SPACE',''
  ) );
#1413 = ORIENTED_EDGE('',*,*,#1414,.F.);
#1414 = EDGE_CURVE('',#1415,#1387,#1417,.T.);
#1415 = VERTEX_POINT('',#1416);
#1416 = CARTESIAN_POINT('',(-4.824312111801,59.295346260572,14.271));
#1417 = SURFACE_CURVE('',#1418,(#1422,#1429),.PCURVE_S1.);
#1418 = LINE('',#1419,#1420);
#1419 = CARTESIAN_POINT('',(-4.824312111801,5.5275,14.271));
#1420 = VECTOR('',#1421,1.);
#1421 = DIRECTION('',(-0.,-1.,0.));
#1422 = PCURVE('',#555,#1423);
#1423 = DEFINITIONAL_REPRESENTATION('',(#1424),#1428);
#1424 = LINE('',#1425,#1426);
#1425 = CARTESIAN_POINT('',(54.7725,-1.608775246166));
#1426 = VECTOR('',#1427,1.);
#1427 = DIRECTION('',(1.,0.));
#1428 = ( GEOMETRIC_REPRESENTATION_CONTEXT(2) 
PARAMETRIC_REPRESENTATION_CONTEXT() REPRESENTATION_CONTEXT('2D SPACE',''
  ) );
#1429 = PCURVE('',#1430,#1435);
#1430 = PLANE('',#1431);
#1431 = AXIS2_PLACEMENT_3D('',#1432,#1433,#1434);
#1432 = CARTESIAN_POINT('',(-19.095,-49.245,14.271));
#1433 = DIRECTION('',(0.,0.,1.));
#1434 = DIRECTION('',(1.,0.,0.));
#1435 = DEFINITIONAL_REPRESENTATION('',(#1436),#1440);
#1436 = LINE('',#1437,#1438);
#1437 = CARTESIAN_POINT('',(14.270687888199,54.7725));
#1438 = VECTOR('',#1439,1.);
#1439 = DIRECTION('',(0.,-1.));
#1440 = ( GEOMETRIC_REPRESENTATION_CONTEXT(2) 
PARAMETRIC_REPRESENTATION_CONTEXT() REPRESENTATION_CONTEXT('2D SPACE',''
  ) );
#1441 = ORIENTED_EDGE('',*,*,#1442,.T.);
#1442 = EDGE_CURVE('',#1415,#1443,#1445,.T.);
#1443 = VERTEX_POINT('',#1444);
#1444 = CARTESIAN_POINT('',(-4.871128881988,59.321315803496,15.7785));
#1445 = SURFACE_CURVE('',#1446,(#1450,#1457),.PCURVE_S1.);
#1446 = LINE('',#1447,#1448);
#1447 = CARTESIAN_POINT('',(-4.870760283309,59.3211113396,
    15.766631122547));
#1448 = VECTOR('',#1449,1.);
#1449 = DIRECTION('',(-3.103633473505E-02,1.721604083061E-02,
    0.999369978469));
#1450 = PCURVE('',#555,#1451);
#1451 = DEFINITIONAL_REPRESENTATION('',(#1452),#1456);
#1452 = LINE('',#1453,#1454);
#1453 = CARTESIAN_POINT('',(0.9788886604,-0.112423052541));
#1454 = VECTOR('',#1455,1.);
#1455 = DIRECTION('',(-1.721604083061E-02,0.999851792986));
#1456 = ( GEOMETRIC_REPRESENTATION_CONTEXT(2) 
PARAMETRIC_REPRESENTATION_CONTEXT() REPRESENTATION_CONTEXT('2D SPACE',''
  ) );
#1457 = PCURVE('',#1458,#1463);
#1458 = PLANE('',#1459);
#1459 = AXIS2_PLACEMENT_3D('',#1460,#1461,#1462);
#1460 = CARTESIAN_POINT('',(0.,59.321488933782,15.78855));
#1461 = DIRECTION('',(0.,0.999851650077,-1.722433853643E-02));
#1462 = DIRECTION('',(-1.,0.,-0.));
#1463 = DEFINITIONAL_REPRESENTATION('',(#1464),#1468);
#1464 = LINE('',#1465,#1466);
#1465 = CARTESIAN_POINT('',(4.870760283309,-2.192212959908E-02));
#1466 = VECTOR('',#1467,1.);
#1467 = DIRECTION('',(3.103633473505E-02,0.999518256925));
#1468 = ( GEOMETRIC_REPRESENTATION_CONTEXT(2) 
PARAMETRIC_REPRESENTATION_CONTEXT() REPRESENTATION_CONTEXT('2D SPACE',''
  ) );
#1469 = ORIENTED_EDGE('',*,*,#1470,.F.);
#1470 = EDGE_CURVE('',#1471,#1443,#1473,.T.);
#1471 = VERTEX_POINT('',#1472);
#1472 = CARTESIAN_POINT('',(-4.871128881988,60.173011066218,15.7785));
#1473 = SURFACE_CURVE('',#1474,(#1478,#1485),.PCURVE_S1.);
#1474 = LINE('',#1475,#1476);
#1475 = CARTESIAN_POINT('',(-4.871128881988,5.5275,15.7785));
#1476 = VECTOR('',#1477,1.);
#1477 = DIRECTION('',(-0.,-1.,0.));
#1478 = PCURVE('',#555,#1479);
#1479 = DEFINITIONAL_REPRESENTATION('',(#1480),#1484);
#1480 = LINE('',#1481,#1482);
#1481 = CARTESIAN_POINT('',(54.7725,-0.100548452885));
#1482 = VECTOR('',#1483,1.);
#1483 = DIRECTION('',(1.,0.));
#1484 = ( GEOMETRIC_REPRESENTATION_CONTEXT(2) 
PARAMETRIC_REPRESENTATION_CONTEXT() REPRESENTATION_CONTEXT('2D SPACE',''
  ) );
#1485 = PCURVE('',#1486,#1491);
#1486 = PLANE('',#1487);
#1487 = AXIS2_PLACEMENT_3D('',#1488,#1489,#1490);
#1488 = CARTESIAN_POINT('',(-19.095,-49.245,15.7785));
#1489 = DIRECTION('',(0.,0.,1.));
#1490 = DIRECTION('',(1.,0.,0.));
#1491 = DEFINITIONAL_REPRESENTATION('',(#1492),#1496);
#1492 = LINE('',#1493,#1494);
#1493 = CARTESIAN_POINT('',(14.223871118012,54.7725));
#1494 = VECTOR('',#1495,1.);
#1495 = DIRECTION('',(0.,-1.));
#1496 = ( GEOMETRIC_REPRESENTATION_CONTEXT(2) 
PARAMETRIC_REPRESENTATION_CONTEXT() REPRESENTATION_CONTEXT('2D SPACE',''
  ) );
#1497 = ORIENTED_EDGE('',*,*,#1498,.F.);
#1498 = EDGE_CURVE('',#512,#1471,#1499,.T.);
#1499 = SURFACE_CURVE('',#1500,(#1504,#1511),.PCURVE_S1.);
#1500 = LINE('',#1501,#1502);
#1501 = CARTESIAN_POINT('',(-4.87030854167,60.173472141029,
    15.752085041786));
#1502 = VECTOR('',#1503,1.);
#1503 = DIRECTION('',(-3.103621208885E-02,-1.74439989278E-02,
    0.999366029261));
#1504 = PCURVE('',#555,#1505);
#1505 = DEFINITIONAL_REPRESENTATION('',(#1506),#1510);
#1506 = LINE('',#1507,#1508);
#1507 = CARTESIAN_POINT('',(0.126527858971,-0.126976146234));
#1508 = VECTOR('',#1509,1.);
#1509 = DIRECTION('',(1.74439989278E-02,0.999847841875));
#1510 = ( GEOMETRIC_REPRESENTATION_CONTEXT(2) 
PARAMETRIC_REPRESENTATION_CONTEXT() REPRESENTATION_CONTEXT('2D SPACE',''
  ) );
#1511 = PCURVE('',#527,#1512);
#1512 = DEFINITIONAL_REPRESENTATION('',(#1513),#1517);
#1513 = LINE('',#1514,#1515);
#1514 = CARTESIAN_POINT('',(4.87030854167,-2.641898195338E-02));
#1515 = VECTOR('',#1516,1.);
#1516 = DIRECTION('',(3.103621208885E-02,0.999518260733));
#1517 = ( GEOMETRIC_REPRESENTATION_CONTEXT(2) 
PARAMETRIC_REPRESENTATION_CONTEXT() REPRESENTATION_CONTEXT('2D SPACE',''
  ) );
#1518 = ORIENTED_EDGE('',*,*,#539,.F.);
#1519 = ORIENTED_EDGE('',*,*,#1165,.F.);
#1520 = ADVANCED_FACE('',(#1521),#527,.F.);
#1521 = FACE_BOUND('',#1522,.F.);
#1522 = EDGE_LOOP('',(#1523,#1524,#1525,#1545));
#1523 = ORIENTED_EDGE('',*,*,#1498,.F.);
#1524 = ORIENTED_EDGE('',*,*,#511,.T.);
#1525 = ORIENTED_EDGE('',*,*,#1526,.T.);
#1526 = EDGE_CURVE('',#484,#1527,#1529,.T.);
#1527 = VERTEX_POINT('',#1528);
#1528 = CARTESIAN_POINT('',(-19.095,60.173011066218,15.7785));
#1529 = SURFACE_CURVE('',#1530,(#1533,#1539),.PCURVE_S1.);
#1530 = B_SPLINE_CURVE_WITH_KNOTS('',1,(#1531,#1532),.UNSPECIFIED.,.F.,
  .F.,(2,2),(0.,1.),.PIECEWISE_BEZIER_KNOTS.);
#1531 = CARTESIAN_POINT('',(-19.095,60.1995,14.26095));
#1532 = CARTESIAN_POINT('',(-19.095,60.173011066218,15.7785));
#1533 = PCURVE('',#527,#1534);
#1534 = DEFINITIONAL_REPRESENTATION('',(#1535),#1538);
#1535 = B_SPLINE_CURVE_WITH_KNOTS('',1,(#1536,#1537),.UNSPECIFIED.,.F.,
  .F.,(2,2),(0.,1.),.PIECEWISE_BEZIER_KNOTS.);
#1536 = CARTESIAN_POINT('',(19.095,-1.517781165423));
#1537 = CARTESIAN_POINT('',(19.095,0.));
#1538 = ( GEOMETRIC_REPRESENTATION_CONTEXT(2) 
PARAMETRIC_REPRESENTATION_CONTEXT() REPRESENTATION_CONTEXT('2D SPACE',''
  ) );
#1539 = PCURVE('',#500,#1540);
#1540 = DEFINITIONAL_REPRESENTATION('',(#1541),#1544);
#1541 = B_SPLINE_CURVE_WITH_KNOTS('',1,(#1542,#1543),.UNSPECIFIED.,.F.,
  .F.,(2,2),(0.,1.),.PIECEWISE_BEZIER_KNOTS.);
#1542 = CARTESIAN_POINT('',(-1.570796326795,-1.005E-02));
#1543 = CARTESIAN_POINT('',(-1.570796326795,-1.51755));
#1544 = ( GEOMETRIC_REPRESENTATION_CONTEXT(2) 
PARAMETRIC_REPRESENTATION_CONTEXT() REPRESENTATION_CONTEXT('2D SPACE',''
  ) );
#1545 = ORIENTED_EDGE('',*,*,#1546,.T.);
#1546 = EDGE_CURVE('',#1527,#1471,#1547,.T.);
#1547 = SURFACE_CURVE('',#1548,(#1552,#1559),.PCURVE_S1.);
#1548 = LINE('',#1549,#1550);
#1549 = CARTESIAN_POINT('',(0.,60.173011066218,15.7785));
#1550 = VECTOR('',#1551,1.);
#1551 = DIRECTION('',(1.,0.,0.));
#1552 = PCURVE('',#527,#1553);
#1553 = DEFINITIONAL_REPRESENTATION('',(#1554),#1558);
#1554 = LINE('',#1555,#1556);
#1555 = CARTESIAN_POINT('',(0.,0.));
#1556 = VECTOR('',#1557,1.);
#1557 = DIRECTION('',(-1.,0.));
#1558 = ( GEOMETRIC_REPRESENTATION_CONTEXT(2) 
PARAMETRIC_REPRESENTATION_CONTEXT() REPRESENTATION_CONTEXT('2D SPACE',''
  ) );
#1559 = PCURVE('',#1486,#1560);
#1560 = DEFINITIONAL_REPRESENTATION('',(#1561),#1565);
#1561 = LINE('',#1562,#1563);
#1562 = CARTESIAN_POINT('',(19.095,109.41801106621));
#1563 = VECTOR('',#1564,1.);
#1564 = DIRECTION('',(1.,0.));
#1565 = ( GEOMETRIC_REPRESENTATION_CONTEXT(2) 
PARAMETRIC_REPRESENTATION_CONTEXT() REPRESENTATION_CONTEXT('2D SPACE',''
  ) );
#1566 = ADVANCED_FACE('',(#1567),#500,.F.);
#1567 = FACE_BOUND('',#1568,.F.);
#1568 = EDGE_LOOP('',(#1569,#1570,#1571,#1591));
#1569 = ORIENTED_EDGE('',*,*,#1526,.F.);
#1570 = ORIENTED_EDGE('',*,*,#483,.T.);
#1571 = ORIENTED_EDGE('',*,*,#1572,.T.);
#1572 = EDGE_CURVE('',#456,#1573,#1575,.T.);
#1573 = VERTEX_POINT('',#1574);
#1574 = CARTESIAN_POINT('',(-30.02301106621,49.245,15.7785));
#1575 = SURFACE_CURVE('',#1576,(#1579,#1585),.PCURVE_S1.);
#1576 = B_SPLINE_CURVE_WITH_KNOTS('',1,(#1577,#1578),.UNSPECIFIED.,.F.,
  .F.,(2,2),(0.,1.),.PIECEWISE_BEZIER_KNOTS.);
#1577 = CARTESIAN_POINT('',(-30.0495,49.245,14.26095));
#1578 = CARTESIAN_POINT('',(-30.02301106621,49.245,15.7785));
#1579 = PCURVE('',#500,#1580);
#1580 = DEFINITIONAL_REPRESENTATION('',(#1581),#1584);
#1581 = B_SPLINE_CURVE_WITH_KNOTS('',1,(#1582,#1583),.UNSPECIFIED.,.F.,
  .F.,(2,2),(0.,1.),.PIECEWISE_BEZIER_KNOTS.);
#1582 = CARTESIAN_POINT('',(-3.14159265359,-1.005E-02));
#1583 = CARTESIAN_POINT('',(-3.14159265359,-1.51755));
#1584 = ( GEOMETRIC_REPRESENTATION_CONTEXT(2) 
PARAMETRIC_REPRESENTATION_CONTEXT() REPRESENTATION_CONTEXT('2D SPACE',''
  ) );
#1585 = PCURVE('',#471,#1586);
#1586 = DEFINITIONAL_REPRESENTATION('',(#1587),#1590);
#1587 = B_SPLINE_CURVE_WITH_KNOTS('',1,(#1588,#1589),.UNSPECIFIED.,.F.,
  .F.,(2,2),(0.,1.),.PIECEWISE_BEZIER_KNOTS.);
#1588 = CARTESIAN_POINT('',(-49.245,-1.517781165423));
#1589 = CARTESIAN_POINT('',(-49.245,0.));
#1590 = ( GEOMETRIC_REPRESENTATION_CONTEXT(2) 
PARAMETRIC_REPRESENTATION_CONTEXT() REPRESENTATION_CONTEXT('2D SPACE',''
  ) );
#1591 = ORIENTED_EDGE('',*,*,#1592,.F.);
#1592 = EDGE_CURVE('',#1527,#1573,#1593,.T.);
#1593 = SURFACE_CURVE('',#1594,(#1599,#1605),.PCURVE_S1.);
#1594 = CIRCLE('',#1595,10.928011066218);
#1595 = AXIS2_PLACEMENT_3D('',#1596,#1597,#1598);
#1596 = CARTESIAN_POINT('',(-19.095,49.245,15.7785));
#1597 = DIRECTION('',(0.,0.,1.));
#1598 = DIRECTION('',(1.,0.,0.));
#1599 = PCURVE('',#500,#1600);
#1600 = DEFINITIONAL_REPRESENTATION('',(#1601),#1604);
#1601 = B_SPLINE_CURVE_WITH_KNOTS('',1,(#1602,#1603),.UNSPECIFIED.,.F.,
  .F.,(2,2),(1.570796326795,3.14159265359),.PIECEWISE_BEZIER_KNOTS.);
#1602 = CARTESIAN_POINT('',(-1.570796326795,-1.51755));
#1603 = CARTESIAN_POINT('',(-3.14159265359,-1.51755));
#1604 = ( GEOMETRIC_REPRESENTATION_CONTEXT(2) 
PARAMETRIC_REPRESENTATION_CONTEXT() REPRESENTATION_CONTEXT('2D SPACE',''
  ) );
#1605 = PCURVE('',#1486,#1606);
#1606 = DEFINITIONAL_REPRESENTATION('',(#1607),#1611);
#1607 = CIRCLE('',#1608,10.928011066218);
#1608 = AXIS2_PLACEMENT_2D('',#1609,#1610);
#1609 = CARTESIAN_POINT('',(0.,98.49));
#1610 = DIRECTION('',(1.,0.));
#1611 = ( GEOMETRIC_REPRESENTATION_CONTEXT(2) 
PARAMETRIC_REPRESENTATION_CONTEXT() REPRESENTATION_CONTEXT('2D SPACE',''
  ) );
#1612 = ADVANCED_FACE('',(#1613),#471,.F.);
#1613 = FACE_BOUND('',#1614,.F.);
#1614 = EDGE_LOOP('',(#1615,#1616,#1636,#1657));
#1615 = ORIENTED_EDGE('',*,*,#455,.T.);
#1616 = ORIENTED_EDGE('',*,*,#1617,.T.);
#1617 = EDGE_CURVE('',#428,#1618,#1620,.T.);
#1618 = VERTEX_POINT('',#1619);
#1619 = CARTESIAN_POINT('',(-30.02301106621,-49.245,15.7785));
#1620 = SURFACE_CURVE('',#1621,(#1624,#1630),.PCURVE_S1.);
#1621 = B_SPLINE_CURVE_WITH_KNOTS('',1,(#1622,#1623),.UNSPECIFIED.,.F.,
  .F.,(2,2),(0.,1.),.PIECEWISE_BEZIER_KNOTS.);
#1622 = CARTESIAN_POINT('',(-30.0495,-49.245,14.26095));
#1623 = CARTESIAN_POINT('',(-30.02301106621,-49.245,15.7785));
#1624 = PCURVE('',#471,#1625);
#1625 = DEFINITIONAL_REPRESENTATION('',(#1626),#1629);
#1626 = B_SPLINE_CURVE_WITH_KNOTS('',1,(#1627,#1628),.UNSPECIFIED.,.F.,
  .F.,(2,2),(0.,1.),.PIECEWISE_BEZIER_KNOTS.);
#1627 = CARTESIAN_POINT('',(49.245,-1.517781165423));
#1628 = CARTESIAN_POINT('',(49.245,0.));
#1629 = ( GEOMETRIC_REPRESENTATION_CONTEXT(2) 
PARAMETRIC_REPRESENTATION_CONTEXT() REPRESENTATION_CONTEXT('2D SPACE',''
  ) );
#1630 = PCURVE('',#444,#1631);
#1631 = DEFINITIONAL_REPRESENTATION('',(#1632),#1635);
#1632 = B_SPLINE_CURVE_WITH_KNOTS('',1,(#1633,#1634),.UNSPECIFIED.,.F.,
  .F.,(2,2),(0.,1.),.PIECEWISE_BEZIER_KNOTS.);
#1633 = CARTESIAN_POINT('',(-3.14159265359,-1.005E-02));
#1634 = CARTESIAN_POINT('',(-3.14159265359,-1.51755));
#1635 = ( GEOMETRIC_REPRESENTATION_CONTEXT(2) 
PARAMETRIC_REPRESENTATION_CONTEXT() REPRESENTATION_CONTEXT('2D SPACE',''
  ) );
#1636 = ORIENTED_EDGE('',*,*,#1637,.T.);
#1637 = EDGE_CURVE('',#1618,#1573,#1638,.T.);
#1638 = SURFACE_CURVE('',#1639,(#1643,#1650),.PCURVE_S1.);
#1639 = LINE('',#1640,#1641);
#1640 = CARTESIAN_POINT('',(-30.02301106621,0.,15.7785));
#1641 = VECTOR('',#1642,1.);
#1642 = DIRECTION('',(0.,1.,0.));
#1643 = PCURVE('',#471,#1644);
#1644 = DEFINITIONAL_REPRESENTATION('',(#1645),#1649);
#1645 = LINE('',#1646,#1647);
#1646 = CARTESIAN_POINT('',(0.,0.));
#1647 = VECTOR('',#1648,1.);
#1648 = DIRECTION('',(-1.,0.));
#1649 = ( GEOMETRIC_REPRESENTATION_CONTEXT(2) 
PARAMETRIC_REPRESENTATION_CONTEXT() REPRESENTATION_CONTEXT('2D SPACE',''
  ) );
#1650 = PCURVE('',#1486,#1651);
#1651 = DEFINITIONAL_REPRESENTATION('',(#1652),#1656);
#1652 = LINE('',#1653,#1654);
#1653 = CARTESIAN_POINT('',(-10.92801106621,49.245));
#1654 = VECTOR('',#1655,1.);
#1655 = DIRECTION('',(0.,1.));
#1656 = ( GEOMETRIC_REPRESENTATION_CONTEXT(2) 
PARAMETRIC_REPRESENTATION_CONTEXT() REPRESENTATION_CONTEXT('2D SPACE',''
  ) );
#1657 = ORIENTED_EDGE('',*,*,#1572,.F.);
#1658 = ADVANCED_FACE('',(#1659),#444,.F.);
#1659 = FACE_BOUND('',#1660,.F.);
#1660 = EDGE_LOOP('',(#1661,#1662,#1663,#1683));
#1661 = ORIENTED_EDGE('',*,*,#1617,.F.);
#1662 = ORIENTED_EDGE('',*,*,#427,.T.);
#1663 = ORIENTED_EDGE('',*,*,#1664,.T.);
#1664 = EDGE_CURVE('',#400,#1665,#1667,.T.);
#1665 = VERTEX_POINT('',#1666);
#1666 = CARTESIAN_POINT('',(-19.095,-60.17301106621,15.7785));
#1667 = SURFACE_CURVE('',#1668,(#1671,#1677),.PCURVE_S1.);
#1668 = B_SPLINE_CURVE_WITH_KNOTS('',1,(#1669,#1670),.UNSPECIFIED.,.F.,
  .F.,(2,2),(0.,1.),.PIECEWISE_BEZIER_KNOTS.);
#1669 = CARTESIAN_POINT('',(-19.095,-60.1995,14.26095));
#1670 = CARTESIAN_POINT('',(-19.095,-60.17301106621,15.7785));
#1671 = PCURVE('',#444,#1672);
#1672 = DEFINITIONAL_REPRESENTATION('',(#1673),#1676);
#1673 = B_SPLINE_CURVE_WITH_KNOTS('',1,(#1674,#1675),.UNSPECIFIED.,.F.,
  .F.,(2,2),(0.,1.),.PIECEWISE_BEZIER_KNOTS.);
#1674 = CARTESIAN_POINT('',(-4.712388980385,-1.005E-02));
#1675 = CARTESIAN_POINT('',(-4.712388980385,-1.51755));
#1676 = ( GEOMETRIC_REPRESENTATION_CONTEXT(2) 
PARAMETRIC_REPRESENTATION_CONTEXT() REPRESENTATION_CONTEXT('2D SPACE',''
  ) );
#1677 = PCURVE('',#415,#1678);
#1678 = DEFINITIONAL_REPRESENTATION('',(#1679),#1682);
#1679 = B_SPLINE_CURVE_WITH_KNOTS('',1,(#1680,#1681),.UNSPECIFIED.,.F.,
  .F.,(2,2),(0.,1.),.PIECEWISE_BEZIER_KNOTS.);
#1680 = CARTESIAN_POINT('',(-19.095,-1.517781165423));
#1681 = CARTESIAN_POINT('',(-19.095,0.));
#1682 = ( GEOMETRIC_REPRESENTATION_CONTEXT(2) 
PARAMETRIC_REPRESENTATION_CONTEXT() REPRESENTATION_CONTEXT('2D SPACE',''
  ) );
#1683 = ORIENTED_EDGE('',*,*,#1684,.F.);
#1684 = EDGE_CURVE('',#1618,#1665,#1685,.T.);
#1685 = SURFACE_CURVE('',#1686,(#1691,#1697),.PCURVE_S1.);
#1686 = CIRCLE('',#1687,10.928011066218);
#1687 = AXIS2_PLACEMENT_3D('',#1688,#1689,#1690);
#1688 = CARTESIAN_POINT('',(-19.095,-49.245,15.7785));
#1689 = DIRECTION('',(0.,0.,1.));
#1690 = DIRECTION('',(1.,0.,0.));
#1691 = PCURVE('',#444,#1692);
#1692 = DEFINITIONAL_REPRESENTATION('',(#1693),#1696);
#1693 = B_SPLINE_CURVE_WITH_KNOTS('',1,(#1694,#1695),.UNSPECIFIED.,.F.,
  .F.,(2,2),(3.14159265359,4.712388980385),.PIECEWISE_BEZIER_KNOTS.);
#1694 = CARTESIAN_POINT('',(-3.14159265359,-1.51755));
#1695 = CARTESIAN_POINT('',(-4.712388980385,-1.51755));
#1696 = ( GEOMETRIC_REPRESENTATION_CONTEXT(2) 
PARAMETRIC_REPRESENTATION_CONTEXT() REPRESENTATION_CONTEXT('2D SPACE',''
  ) );
#1697 = PCURVE('',#1486,#1698);
#1698 = DEFINITIONAL_REPRESENTATION('',(#1699),#1703);
#1699 = CIRCLE('',#1700,10.928011066218);
#1700 = AXIS2_PLACEMENT_2D('',#1701,#1702);
#1701 = CARTESIAN_POINT('',(0.,0.));
#1702 = DIRECTION('',(1.,0.));
#1703 = ( GEOMETRIC_REPRESENTATION_CONTEXT(2) 
PARAMETRIC_REPRESENTATION_CONTEXT() REPRESENTATION_CONTEXT('2D SPACE',''
  ) );
#1704 = ADVANCED_FACE('',(#1705),#415,.F.);
#1705 = FACE_BOUND('',#1706,.F.);
#1706 = EDGE_LOOP('',(#1707,#1708,#1709,#1732));
#1707 = ORIENTED_EDGE('',*,*,#1664,.F.);
#1708 = ORIENTED_EDGE('',*,*,#399,.T.);
#1709 = ORIENTED_EDGE('',*,*,#1710,.F.);
#1710 = EDGE_CURVE('',#1711,#372,#1713,.T.);
#1711 = VERTEX_POINT('',#1712);
#1712 = CARTESIAN_POINT('',(-11.25287888198,-60.17301106621,15.7785));
#1713 = SURFACE_CURVE('',#1714,(#1718,#1725),.PCURVE_S1.);
#1714 = LINE('',#1715,#1716);
#1715 = CARTESIAN_POINT('',(-11.24898494262,-60.17519966687,
    15.653115152354));
#1716 = VECTOR('',#1717,1.);
#1717 = DIRECTION('',(3.103621208885E-02,-1.74439989278E-02,
    -0.999366029261));
#1718 = PCURVE('',#415,#1719);
#1719 = DEFINITIONAL_REPRESENTATION('',(#1720),#1724);
#1720 = LINE('',#1721,#1722);
#1721 = CARTESIAN_POINT('',(-11.24898494262,-0.125403947275));
#1722 = VECTOR('',#1723,1.);
#1723 = DIRECTION('',(3.103621208885E-02,-0.999518260733));
#1724 = ( GEOMETRIC_REPRESENTATION_CONTEXT(2) 
PARAMETRIC_REPRESENTATION_CONTEXT() REPRESENTATION_CONTEXT('2D SPACE',''
  ) );
#1725 = PCURVE('',#387,#1726);
#1726 = DEFINITIONAL_REPRESENTATION('',(#1727),#1731);
#1727 = LINE('',#1728,#1729);
#1728 = CARTESIAN_POINT('',(-0.124800333125,-0.225993750857));
#1729 = VECTOR('',#1730,1.);
#1730 = DIRECTION('',(1.74439989278E-02,-0.999847841875));
#1731 = ( GEOMETRIC_REPRESENTATION_CONTEXT(2) 
PARAMETRIC_REPRESENTATION_CONTEXT() REPRESENTATION_CONTEXT('2D SPACE',''
  ) );
#1732 = ORIENTED_EDGE('',*,*,#1733,.F.);
#1733 = EDGE_CURVE('',#1665,#1711,#1734,.T.);
#1734 = SURFACE_CURVE('',#1735,(#1739,#1746),.PCURVE_S1.);
#1735 = LINE('',#1736,#1737);
#1736 = CARTESIAN_POINT('',(0.,-60.17301106621,15.7785));
#1737 = VECTOR('',#1738,1.);
#1738 = DIRECTION('',(1.,0.,0.));
#1739 = PCURVE('',#415,#1740);
#1740 = DEFINITIONAL_REPRESENTATION('',(#1741),#1745);
#1741 = LINE('',#1742,#1743);
#1742 = CARTESIAN_POINT('',(0.,0.));
#1743 = VECTOR('',#1744,1.);
#1744 = DIRECTION('',(1.,0.));
#1745 = ( GEOMETRIC_REPRESENTATION_CONTEXT(2) 
PARAMETRIC_REPRESENTATION_CONTEXT() REPRESENTATION_CONTEXT('2D SPACE',''
  ) );
#1746 = PCURVE('',#1486,#1747);
#1747 = DEFINITIONAL_REPRESENTATION('',(#1748),#1752);
#1748 = LINE('',#1749,#1750);
#1749 = CARTESIAN_POINT('',(19.095,-10.92801106621));
#1750 = VECTOR('',#1751,1.);
#1751 = DIRECTION('',(1.,0.));
#1752 = ( GEOMETRIC_REPRESENTATION_CONTEXT(2) 
PARAMETRIC_REPRESENTATION_CONTEXT() REPRESENTATION_CONTEXT('2D SPACE',''
  ) );
#1753 = ADVANCED_FACE('',(#1754),#387,.T.);
#1754 = FACE_BOUND('',#1755,.T.);
#1755 = EDGE_LOOP('',(#1756,#1779,#1780,#1781,#1782,#1805,#1833,#1856));
#1756 = ORIENTED_EDGE('',*,*,#1757,.F.);
#1757 = EDGE_CURVE('',#824,#1758,#1760,.T.);
#1758 = VERTEX_POINT('',#1759);
#1759 = CARTESIAN_POINT('',(-11.20575,-59.29482457659,14.26095));
#1760 = SURFACE_CURVE('',#1761,(#1765,#1772),.PCURVE_S1.);
#1761 = LINE('',#1762,#1763);
#1762 = CARTESIAN_POINT('',(-11.20575,-60.3,14.26095));
#1763 = VECTOR('',#1764,1.);
#1764 = DIRECTION('',(0.,1.,0.));
#1765 = PCURVE('',#387,#1766);
#1766 = DEFINITIONAL_REPRESENTATION('',(#1767),#1771);
#1767 = LINE('',#1768,#1769);
#1768 = CARTESIAN_POINT('',(0.,-1.618830091455));
#1769 = VECTOR('',#1770,1.);
#1770 = DIRECTION('',(-1.,0.));
#1771 = ( GEOMETRIC_REPRESENTATION_CONTEXT(2) 
PARAMETRIC_REPRESENTATION_CONTEXT() REPRESENTATION_CONTEXT('2D SPACE',''
  ) );
#1772 = PCURVE('',#862,#1773);
#1773 = DEFINITIONAL_REPRESENTATION('',(#1774),#1778);
#1774 = LINE('',#1775,#1776);
#1775 = CARTESIAN_POINT('',(0.354874380241,1.978424669844));
#1776 = VECTOR('',#1777,1.);
#1777 = DIRECTION('',(0.17655441803,0.98429088052));
#1778 = ( GEOMETRIC_REPRESENTATION_CONTEXT(2) 
PARAMETRIC_REPRESENTATION_CONTEXT() REPRESENTATION_CONTEXT('2D SPACE',''
  ) );
#1779 = ORIENTED_EDGE('',*,*,#823,.F.);
#1780 = ORIENTED_EDGE('',*,*,#371,.F.);
#1781 = ORIENTED_EDGE('',*,*,#1710,.F.);
#1782 = ORIENTED_EDGE('',*,*,#1783,.F.);
#1783 = EDGE_CURVE('',#1784,#1711,#1786,.T.);
#1784 = VERTEX_POINT('',#1785);
#1785 = CARTESIAN_POINT('',(-11.25287888198,-59.32131580349,15.7785));
#1786 = SURFACE_CURVE('',#1787,(#1791,#1798),.PCURVE_S1.);
#1787 = LINE('',#1788,#1789);
#1788 = CARTESIAN_POINT('',(-11.25287888198,-54.7725,15.7785));
#1789 = VECTOR('',#1790,1.);
#1790 = DIRECTION('',(-0.,-1.,0.));
#1791 = PCURVE('',#387,#1792);
#1792 = DEFINITIONAL_REPRESENTATION('',(#1793),#1797);
#1793 = LINE('',#1794,#1795);
#1794 = CARTESIAN_POINT('',(-5.5275,-0.100548452885));
#1795 = VECTOR('',#1796,1.);
#1796 = DIRECTION('',(1.,0.));
#1797 = ( GEOMETRIC_REPRESENTATION_CONTEXT(2) 
PARAMETRIC_REPRESENTATION_CONTEXT() REPRESENTATION_CONTEXT('2D SPACE',''
  ) );
#1798 = PCURVE('',#1486,#1799);
#1799 = DEFINITIONAL_REPRESENTATION('',(#1800),#1804);
#1800 = LINE('',#1801,#1802);
#1801 = CARTESIAN_POINT('',(7.842121118012,-5.5275));
#1802 = VECTOR('',#1803,1.);
#1803 = DIRECTION('',(0.,-1.));
#1804 = ( GEOMETRIC_REPRESENTATION_CONTEXT(2) 
PARAMETRIC_REPRESENTATION_CONTEXT() REPRESENTATION_CONTEXT('2D SPACE',''
  ) );
#1805 = ORIENTED_EDGE('',*,*,#1806,.T.);
#1806 = EDGE_CURVE('',#1784,#1807,#1809,.T.);
#1807 = VERTEX_POINT('',#1808);
#1808 = CARTESIAN_POINT('',(-11.2060621118,-59.29534626057,14.271));
#1809 = SURFACE_CURVE('',#1810,(#1814,#1821),.PCURVE_S1.);
#1810 = LINE('',#1811,#1812);
#1811 = CARTESIAN_POINT('',(-11.24943665996,-59.31940638231,
    15.667660450912));
#1812 = VECTOR('',#1813,1.);
#1813 = DIRECTION('',(3.103633473505E-02,1.721604083061E-02,
    -0.999369978469));
#1814 = PCURVE('',#387,#1815);
#1815 = DEFINITIONAL_REPRESENTATION('',(#1816),#1820);
#1816 = LINE('',#1817,#1818);
#1817 = CARTESIAN_POINT('',(-0.980593617684,-0.211441439744));
#1818 = VECTOR('',#1819,1.);
#1819 = DIRECTION('',(-1.721604083061E-02,-0.999851792986));
#1820 = ( GEOMETRIC_REPRESENTATION_CONTEXT(2) 
PARAMETRIC_REPRESENTATION_CONTEXT() REPRESENTATION_CONTEXT('2D SPACE',''
  ) );
#1821 = PCURVE('',#1822,#1827);
#1822 = PLANE('',#1823);
#1823 = AXIS2_PLACEMENT_3D('',#1824,#1825,#1826);
#1824 = CARTESIAN_POINT('',(0.,-59.32148893378,15.78855));
#1825 = DIRECTION('',(0.,-0.999851650077,-1.722433853643E-02));
#1826 = DIRECTION('',(1.,0.,0.));
#1827 = DEFINITIONAL_REPRESENTATION('',(#1828),#1832);
#1828 = LINE('',#1829,#1830);
#1829 = CARTESIAN_POINT('',(-11.24943665996,-0.120907485704));
#1830 = VECTOR('',#1831,1.);
#1831 = DIRECTION('',(3.103633473505E-02,-0.999518256925));
#1832 = ( GEOMETRIC_REPRESENTATION_CONTEXT(2) 
PARAMETRIC_REPRESENTATION_CONTEXT() REPRESENTATION_CONTEXT('2D SPACE',''
  ) );
#1833 = ORIENTED_EDGE('',*,*,#1834,.F.);
#1834 = EDGE_CURVE('',#1835,#1807,#1837,.T.);
#1835 = VERTEX_POINT('',#1836);
#1836 = CARTESIAN_POINT('',(-11.2060621118,-59.295,14.271));
#1837 = SURFACE_CURVE('',#1838,(#1842,#1849),.PCURVE_S1.);
#1838 = LINE('',#1839,#1840);
#1839 = CARTESIAN_POINT('',(-11.2060621118,-54.7725,14.271));
#1840 = VECTOR('',#1841,1.);
#1841 = DIRECTION('',(-0.,-1.,0.));
#1842 = PCURVE('',#387,#1843);
#1843 = DEFINITIONAL_REPRESENTATION('',(#1844),#1848);
#1844 = LINE('',#1845,#1846);
#1845 = CARTESIAN_POINT('',(-5.5275,-1.608775246166));
#1846 = VECTOR('',#1847,1.);
#1847 = DIRECTION('',(1.,0.));
#1848 = ( GEOMETRIC_REPRESENTATION_CONTEXT(2) 
PARAMETRIC_REPRESENTATION_CONTEXT() REPRESENTATION_CONTEXT('2D SPACE',''
  ) );
#1849 = PCURVE('',#1430,#1850);
#1850 = DEFINITIONAL_REPRESENTATION('',(#1851),#1855);
#1851 = LINE('',#1852,#1853);
#1852 = CARTESIAN_POINT('',(7.888937888199,-5.5275));
#1853 = VECTOR('',#1854,1.);
#1854 = DIRECTION('',(0.,-1.));
#1855 = ( GEOMETRIC_REPRESENTATION_CONTEXT(2) 
PARAMETRIC_REPRESENTATION_CONTEXT() REPRESENTATION_CONTEXT('2D SPACE',''
  ) );
#1856 = ORIENTED_EDGE('',*,*,#1857,.T.);
#1857 = EDGE_CURVE('',#1835,#1758,#1858,.T.);
#1858 = SURFACE_CURVE('',#1859,(#1863,#1870),.PCURVE_S1.);
#1859 = LINE('',#1860,#1861);
#1860 = CARTESIAN_POINT('',(-11.2258984095,-59.30614905243,14.909728786)
  );
#1861 = VECTOR('',#1862,1.);
#1862 = DIRECTION('',(3.103621208885E-02,1.74439989278E-02,
    -0.999366029261));
#1863 = PCURVE('',#387,#1864);
#1864 = DEFINITIONAL_REPRESENTATION('',(#1865),#1869);
#1865 = LINE('',#1866,#1867);
#1866 = CARTESIAN_POINT('',(-0.993850947569,-0.969738517354));
#1867 = VECTOR('',#1868,1.);
#1868 = DIRECTION('',(-1.74439989278E-02,-0.999847841875));
#1869 = ( GEOMETRIC_REPRESENTATION_CONTEXT(2) 
PARAMETRIC_REPRESENTATION_CONTEXT() REPRESENTATION_CONTEXT('2D SPACE',''
  ) );
#1870 = PCURVE('',#1871,#1876);
#1871 = PLANE('',#1872);
#1872 = AXIS2_PLACEMENT_3D('',#1873,#1874,#1875);
#1873 = CARTESIAN_POINT('',(0.,-59.295,14.271));
#1874 = DIRECTION('',(0.,-0.999847695156,-1.745240643728E-02));
#1875 = DIRECTION('',(1.,0.,0.));
#1876 = DEFINITIONAL_REPRESENTATION('',(#1877),#1881);
#1877 = LINE('',#1878,#1879);
#1878 = CARTESIAN_POINT('',(-11.2258984095,0.638826082306));
#1879 = VECTOR('',#1880,1.);
#1880 = DIRECTION('',(3.103621208885E-02,-0.999518260733));
#1881 = ( GEOMETRIC_REPRESENTATION_CONTEXT(2) 
PARAMETRIC_REPRESENTATION_CONTEXT() REPRESENTATION_CONTEXT('2D SPACE',''
  ) );
#1882 = ADVANCED_FACE('',(#1883),#777,.T.);
#1883 = FACE_BOUND('',#1884,.T.);
#1884 = EDGE_LOOP('',(#1885,#1886,#1909,#1932,#1960,#1988,#2016,#2037));
#1885 = ORIENTED_EDGE('',*,*,#799,.F.);
#1886 = ORIENTED_EDGE('',*,*,#1887,.T.);
#1887 = EDGE_CURVE('',#800,#1888,#1890,.T.);
#1888 = VERTEX_POINT('',#1889);
#1889 = CARTESIAN_POINT('',(11.20575,-59.29482457659,14.26095));
#1890 = SURFACE_CURVE('',#1891,(#1895,#1902),.PCURVE_S1.);
#1891 = LINE('',#1892,#1893);
#1892 = CARTESIAN_POINT('',(11.20575,-60.3,14.26095));
#1893 = VECTOR('',#1894,1.);
#1894 = DIRECTION('',(0.,1.,0.));
#1895 = PCURVE('',#777,#1896);
#1896 = DEFINITIONAL_REPRESENTATION('',(#1897),#1901);
#1897 = LINE('',#1898,#1899);
#1898 = CARTESIAN_POINT('',(0.,-1.618830091455));
#1899 = VECTOR('',#1900,1.);
#1900 = DIRECTION('',(1.,0.));
#1901 = ( GEOMETRIC_REPRESENTATION_CONTEXT(2) 
PARAMETRIC_REPRESENTATION_CONTEXT() REPRESENTATION_CONTEXT('2D SPACE',''
  ) );
#1902 = PCURVE('',#1150,#1903);
#1903 = DEFINITIONAL_REPRESENTATION('',(#1904),#1908);
#1904 = LINE('',#1905,#1906);
#1905 = CARTESIAN_POINT('',(22.414309449005,-1.978424669844));
#1906 = VECTOR('',#1907,1.);
#1907 = DIRECTION('',(0.17655441803,0.98429088052));
#1908 = ( GEOMETRIC_REPRESENTATION_CONTEXT(2) 
PARAMETRIC_REPRESENTATION_CONTEXT() REPRESENTATION_CONTEXT('2D SPACE',''
  ) );
#1909 = ORIENTED_EDGE('',*,*,#1910,.T.);
#1910 = EDGE_CURVE('',#1888,#1911,#1913,.T.);
#1911 = VERTEX_POINT('',#1912);
#1912 = CARTESIAN_POINT('',(11.206062111801,-59.295,14.271));
#1913 = SURFACE_CURVE('',#1914,(#1918,#1925),.PCURVE_S1.);
#1914 = LINE('',#1915,#1916);
#1915 = CARTESIAN_POINT('',(11.225898409503,-59.30614905243,14.909728786
    ));
#1916 = VECTOR('',#1917,1.);
#1917 = DIRECTION('',(3.103621208885E-02,-1.74439989278E-02,
    0.999366029261));
#1918 = PCURVE('',#777,#1919);
#1919 = DEFINITIONAL_REPRESENTATION('',(#1920),#1924);
#1920 = LINE('',#1921,#1922);
#1921 = CARTESIAN_POINT('',(0.993850947569,-0.969738517354));
#1922 = VECTOR('',#1923,1.);
#1923 = DIRECTION('',(-1.74439989278E-02,0.999847841875));
#1924 = ( GEOMETRIC_REPRESENTATION_CONTEXT(2) 
PARAMETRIC_REPRESENTATION_CONTEXT() REPRESENTATION_CONTEXT('2D SPACE',''
  ) );
#1925 = PCURVE('',#1871,#1926);
#1926 = DEFINITIONAL_REPRESENTATION('',(#1927),#1931);
#1927 = LINE('',#1928,#1929);
#1928 = CARTESIAN_POINT('',(11.225898409503,0.638826082306));
#1929 = VECTOR('',#1930,1.);
#1930 = DIRECTION('',(3.103621208885E-02,0.999518260733));
#1931 = ( GEOMETRIC_REPRESENTATION_CONTEXT(2) 
PARAMETRIC_REPRESENTATION_CONTEXT() REPRESENTATION_CONTEXT('2D SPACE',''
  ) );
#1932 = ORIENTED_EDGE('',*,*,#1933,.F.);
#1933 = EDGE_CURVE('',#1934,#1911,#1936,.T.);
#1934 = VERTEX_POINT('',#1935);
#1935 = CARTESIAN_POINT('',(11.206062111801,-59.29534626057,14.271));
#1936 = SURFACE_CURVE('',#1937,(#1941,#1948),.PCURVE_S1.);
#1937 = LINE('',#1938,#1939);
#1938 = CARTESIAN_POINT('',(11.206062111801,-54.7725,14.271));
#1939 = VECTOR('',#1940,1.);
#1940 = DIRECTION('',(-0.,1.,0.));
#1941 = PCURVE('',#777,#1942);
#1942 = DEFINITIONAL_REPRESENTATION('',(#1943),#1947);
#1943 = LINE('',#1944,#1945);
#1944 = CARTESIAN_POINT('',(5.5275,-1.608775246166));
#1945 = VECTOR('',#1946,1.);
#1946 = DIRECTION('',(1.,0.));
#1947 = ( GEOMETRIC_REPRESENTATION_CONTEXT(2) 
PARAMETRIC_REPRESENTATION_CONTEXT() REPRESENTATION_CONTEXT('2D SPACE',''
  ) );
#1948 = PCURVE('',#1949,#1954);
#1949 = PLANE('',#1950);
#1950 = AXIS2_PLACEMENT_3D('',#1951,#1952,#1953);
#1951 = CARTESIAN_POINT('',(-19.095,-49.245,14.271));
#1952 = DIRECTION('',(0.,0.,1.));
#1953 = DIRECTION('',(1.,0.,0.));
#1954 = DEFINITIONAL_REPRESENTATION('',(#1955),#1959);
#1955 = LINE('',#1956,#1957);
#1956 = CARTESIAN_POINT('',(30.301062111801,-5.5275));
#1957 = VECTOR('',#1958,1.);
#1958 = DIRECTION('',(0.,1.));
#1959 = ( GEOMETRIC_REPRESENTATION_CONTEXT(2) 
PARAMETRIC_REPRESENTATION_CONTEXT() REPRESENTATION_CONTEXT('2D SPACE',''
  ) );
#1960 = ORIENTED_EDGE('',*,*,#1961,.T.);
#1961 = EDGE_CURVE('',#1934,#1962,#1964,.T.);
#1962 = VERTEX_POINT('',#1963);
#1963 = CARTESIAN_POINT('',(11.252878881988,-59.32131580349,15.7785));
#1964 = SURFACE_CURVE('',#1965,(#1969,#1976),.PCURVE_S1.);
#1965 = LINE('',#1966,#1967);
#1966 = CARTESIAN_POINT('',(11.249436659966,-59.31940638231,
    15.667660450912));
#1967 = VECTOR('',#1968,1.);
#1968 = DIRECTION('',(3.103633473505E-02,-1.721604083061E-02,
    0.999369978469));
#1969 = PCURVE('',#777,#1970);
#1970 = DEFINITIONAL_REPRESENTATION('',(#1971),#1975);
#1971 = LINE('',#1972,#1973);
#1972 = CARTESIAN_POINT('',(0.980593617684,-0.211441439744));
#1973 = VECTOR('',#1974,1.);
#1974 = DIRECTION('',(-1.721604083061E-02,0.999851792986));
#1975 = ( GEOMETRIC_REPRESENTATION_CONTEXT(2) 
PARAMETRIC_REPRESENTATION_CONTEXT() REPRESENTATION_CONTEXT('2D SPACE',''
  ) );
#1976 = PCURVE('',#1977,#1982);
#1977 = PLANE('',#1978);
#1978 = AXIS2_PLACEMENT_3D('',#1979,#1980,#1981);
#1979 = CARTESIAN_POINT('',(0.,-59.32148893378,15.78855));
#1980 = DIRECTION('',(0.,-0.999851650077,-1.722433853643E-02));
#1981 = DIRECTION('',(1.,0.,0.));
#1982 = DEFINITIONAL_REPRESENTATION('',(#1983),#1987);
#1983 = LINE('',#1984,#1985);
#1984 = CARTESIAN_POINT('',(11.249436659966,-0.120907485704));
#1985 = VECTOR('',#1986,1.);
#1986 = DIRECTION('',(3.103633473505E-02,0.999518256925));
#1987 = ( GEOMETRIC_REPRESENTATION_CONTEXT(2) 
PARAMETRIC_REPRESENTATION_CONTEXT() REPRESENTATION_CONTEXT('2D SPACE',''
  ) );
#1988 = ORIENTED_EDGE('',*,*,#1989,.F.);
#1989 = EDGE_CURVE('',#1990,#1962,#1992,.T.);
#1990 = VERTEX_POINT('',#1991);
#1991 = CARTESIAN_POINT('',(11.252878881988,-60.17301106621,15.7785));
#1992 = SURFACE_CURVE('',#1993,(#1997,#2004),.PCURVE_S1.);
#1993 = LINE('',#1994,#1995);
#1994 = CARTESIAN_POINT('',(11.252878881988,-54.7725,15.7785));
#1995 = VECTOR('',#1996,1.);
#1996 = DIRECTION('',(-0.,1.,0.));
#1997 = PCURVE('',#777,#1998);
#1998 = DEFINITIONAL_REPRESENTATION('',(#1999),#2003);
#1999 = LINE('',#2000,#2001);
#2000 = CARTESIAN_POINT('',(5.5275,-0.100548452885));
#2001 = VECTOR('',#2002,1.);
#2002 = DIRECTION('',(1.,0.));
#2003 = ( GEOMETRIC_REPRESENTATION_CONTEXT(2) 
PARAMETRIC_REPRESENTATION_CONTEXT() REPRESENTATION_CONTEXT('2D SPACE',''
  ) );
#2004 = PCURVE('',#2005,#2010);
#2005 = PLANE('',#2006);
#2006 = AXIS2_PLACEMENT_3D('',#2007,#2008,#2009);
#2007 = CARTESIAN_POINT('',(-19.095,-49.245,15.7785));
#2008 = DIRECTION('',(0.,0.,1.));
#2009 = DIRECTION('',(1.,0.,0.));
#2010 = DEFINITIONAL_REPRESENTATION('',(#2011),#2015);
#2011 = LINE('',#2012,#2013);
#2012 = CARTESIAN_POINT('',(30.347878881988,-5.5275));
#2013 = VECTOR('',#2014,1.);
#2014 = DIRECTION('',(0.,1.));
#2015 = ( GEOMETRIC_REPRESENTATION_CONTEXT(2) 
PARAMETRIC_REPRESENTATION_CONTEXT() REPRESENTATION_CONTEXT('2D SPACE',''
  ) );
#2016 = ORIENTED_EDGE('',*,*,#2017,.F.);
#2017 = EDGE_CURVE('',#736,#1990,#2018,.T.);
#2018 = SURFACE_CURVE('',#2019,(#2023,#2030),.PCURVE_S1.);
#2019 = LINE('',#2020,#2021);
#2020 = CARTESIAN_POINT('',(11.24898494262,-60.17519966687,
    15.653115152354));
#2021 = VECTOR('',#2022,1.);
#2022 = DIRECTION('',(3.103621208885E-02,1.74439989278E-02,
    0.999366029261));
#2023 = PCURVE('',#777,#2024);
#2024 = DEFINITIONAL_REPRESENTATION('',(#2025),#2029);
#2025 = LINE('',#2026,#2027);
#2026 = CARTESIAN_POINT('',(0.124800333125,-0.225993750857));
#2027 = VECTOR('',#2028,1.);
#2028 = DIRECTION('',(1.74439989278E-02,0.999847841875));
#2029 = ( GEOMETRIC_REPRESENTATION_CONTEXT(2) 
PARAMETRIC_REPRESENTATION_CONTEXT() REPRESENTATION_CONTEXT('2D SPACE',''
  ) );
#2030 = PCURVE('',#751,#2031);
#2031 = DEFINITIONAL_REPRESENTATION('',(#2032),#2036);
#2032 = LINE('',#2033,#2034);
#2033 = CARTESIAN_POINT('',(11.24898494262,-0.125403947275));
#2034 = VECTOR('',#2035,1.);
#2035 = DIRECTION('',(3.103621208885E-02,0.999518260733));
#2036 = ( GEOMETRIC_REPRESENTATION_CONTEXT(2) 
PARAMETRIC_REPRESENTATION_CONTEXT() REPRESENTATION_CONTEXT('2D SPACE',''
  ) );
#2037 = ORIENTED_EDGE('',*,*,#763,.F.);
#2038 = ADVANCED_FACE('',(#2039),#1150,.F.);
#2039 = FACE_BOUND('',#2040,.F.);
#2040 = EDGE_LOOP('',(#2041,#2042,#2043,#2066));
#2041 = ORIENTED_EDGE('',*,*,#1136,.F.);
#2042 = ORIENTED_EDGE('',*,*,#1887,.T.);
#2043 = ORIENTED_EDGE('',*,*,#2044,.T.);
#2044 = EDGE_CURVE('',#1888,#2045,#2047,.T.);
#2045 = VERTEX_POINT('',#2046);
#2046 = CARTESIAN_POINT('',(9.237487585001,-59.29482457659,14.26095));
#2047 = SURFACE_CURVE('',#2048,(#2052,#2059),.PCURVE_S1.);
#2048 = LINE('',#2049,#2050);
#2049 = CARTESIAN_POINT('',(-5.602875,-59.29482457659,14.26095));
#2050 = VECTOR('',#2051,1.);
#2051 = DIRECTION('',(-1.,-0.,0.));
#2052 = PCURVE('',#1150,#2053);
#2053 = DEFINITIONAL_REPRESENTATION('',(#2054),#2058);
#2054 = LINE('',#2055,#2056);
#2055 = CARTESIAN_POINT('',(6.047201309329,1.9785973375));
#2056 = VECTOR('',#2057,1.);
#2057 = DIRECTION('',(-0.98429088052,0.17655441803));
#2058 = ( GEOMETRIC_REPRESENTATION_CONTEXT(2) 
PARAMETRIC_REPRESENTATION_CONTEXT() REPRESENTATION_CONTEXT('2D SPACE',''
  ) );
#2059 = PCURVE('',#1871,#2060);
#2060 = DEFINITIONAL_REPRESENTATION('',(#2061),#2065);
#2061 = LINE('',#2062,#2063);
#2062 = CARTESIAN_POINT('',(-5.602875,-1.005153089684E-02));
#2063 = VECTOR('',#2064,1.);
#2064 = DIRECTION('',(-1.,0.));
#2065 = ( GEOMETRIC_REPRESENTATION_CONTEXT(2) 
PARAMETRIC_REPRESENTATION_CONTEXT() REPRESENTATION_CONTEXT('2D SPACE',''
  ) );
#2066 = ORIENTED_EDGE('',*,*,#2067,.F.);
#2067 = EDGE_CURVE('',#1023,#2045,#2068,.T.);
#2068 = SURFACE_CURVE('',#2069,(#2072,#2078),.PCURVE_S1.);
#2069 = B_SPLINE_CURVE_WITH_KNOTS('',1,(#2070,#2071),.UNSPECIFIED.,.F.,
  .F.,(2,2),(0.,1.),.PIECEWISE_BEZIER_KNOTS.);
#2070 = CARTESIAN_POINT('',(11.20575,-61.8075,14.26095));
#2071 = CARTESIAN_POINT('',(8.844,-58.7925,14.26095));
#2072 = PCURVE('',#1150,#2073);
#2073 = DEFINITIONAL_REPRESENTATION('',(#2074),#2077);
#2074 = B_SPLINE_CURVE_WITH_KNOTS('',1,(#2075,#2076),.UNSPECIFIED.,.F.,
  .F.,(2,2),(0.,1.),.PIECEWISE_BEZIER_KNOTS.);
#2075 = CARTESIAN_POINT('',(22.148153663824,-3.462243172228));
#2076 = CARTESIAN_POINT('',(20.355816247119,-7.762877067776E-02));
#2077 = ( GEOMETRIC_REPRESENTATION_CONTEXT(2) 
PARAMETRIC_REPRESENTATION_CONTEXT() REPRESENTATION_CONTEXT('2D SPACE',''
  ) );
#2078 = PCURVE('',#1086,#2079);
#2079 = DEFINITIONAL_REPRESENTATION('',(#2080),#2083);
#2080 = B_SPLINE_CURVE_WITH_KNOTS('',1,(#2081,#2082),.UNSPECIFIED.,.F.,
  .F.,(2,2),(0.166753953072,0.833391516883),.PIECEWISE_BEZIER_KNOTS.);
#2081 = CARTESIAN_POINT('',(6.28318530718,0.166753953072));
#2082 = CARTESIAN_POINT('',(6.28318530718,0.833391516883));
#2083 = ( GEOMETRIC_REPRESENTATION_CONTEXT(2) 
PARAMETRIC_REPRESENTATION_CONTEXT() REPRESENTATION_CONTEXT('2D SPACE',''
  ) );
#2084 = ADVANCED_FACE('',(#2085),#1086,.F.);
#2085 = FACE_BOUND('',#2086,.F.);
#2086 = EDGE_LOOP('',(#2087,#2107,#2108,#2109));
#2087 = ORIENTED_EDGE('',*,*,#2088,.F.);
#2088 = EDGE_CURVE('',#998,#2089,#2091,.T.);
#2089 = VERTEX_POINT('',#2090);
#2090 = CARTESIAN_POINT('',(7.35242148567,-59.26236445701,
    12.401310994345));
#2091 = SURFACE_CURVE('',#2092,(#2095,#2101),.PCURVE_S1.);
#2092 = B_SPLINE_CURVE_WITH_KNOTS('',1,(#2093,#2094),.UNSPECIFIED.,.F.,
  .F.,(2,2),(0.,1.),.PIECEWISE_BEZIER_KNOTS.);
#2093 = CARTESIAN_POINT('',(8.2008,-61.8075,11.256));
#2094 = CARTESIAN_POINT('',(7.1958,-58.7925,12.61275));
#2095 = PCURVE('',#1086,#2096);
#2096 = DEFINITIONAL_REPRESENTATION('',(#2097),#2100);
#2097 = B_SPLINE_CURVE_WITH_KNOTS('',1,(#2098,#2099),.UNSPECIFIED.,.F.,
  .F.,(2,2),(0.190606544623,0.844157725701),.PIECEWISE_BEZIER_KNOTS.);
#2098 = CARTESIAN_POINT('',(4.712388980385,0.190606544623));
#2099 = CARTESIAN_POINT('',(4.712388980385,0.844157725701));
#2100 = ( GEOMETRIC_REPRESENTATION_CONTEXT(2) 
PARAMETRIC_REPRESENTATION_CONTEXT() REPRESENTATION_CONTEXT('2D SPACE',''
  ) );
#2101 = PCURVE('',#1011,#2102);
#2102 = DEFINITIONAL_REPRESENTATION('',(#2103),#2106);
#2103 = B_SPLINE_CURVE_WITH_KNOTS('',1,(#2104,#2105),.UNSPECIFIED.,.F.,
  .F.,(2,2),(0.190606544623,0.844157725701),.PIECEWISE_BEZIER_KNOTS.);
#2104 = CARTESIAN_POINT('',(8.16,0.190606544623));
#2105 = CARTESIAN_POINT('',(8.16,0.844157725701));
#2106 = ( GEOMETRIC_REPRESENTATION_CONTEXT(2) 
PARAMETRIC_REPRESENTATION_CONTEXT() REPRESENTATION_CONTEXT('2D SPACE',''
  ) );
#2107 = ORIENTED_EDGE('',*,*,#1022,.F.);
#2108 = ORIENTED_EDGE('',*,*,#2067,.T.);
#2109 = ORIENTED_EDGE('',*,*,#2110,.T.);
#2110 = EDGE_CURVE('',#2045,#2089,#2111,.T.);
#2111 = SURFACE_CURVE('',#2112,(#2140,#2171),.PCURVE_S1.);
#2112 = B_SPLINE_CURVE_WITH_KNOTS('',6,(#2113,#2114,#2115,#2116,#2117,
    #2118,#2119,#2120,#2121,#2122,#2123,#2124,#2125,#2126,#2127,#2128,
    #2129,#2130,#2131,#2132,#2133,#2134,#2135,#2136,#2137,#2138,#2139),
  .UNSPECIFIED.,.F.,.F.,(7,5,5,5,5,7),(0.,5.113131271227E-02,
    7.619321144829E-02,0.102255774429,0.551847701082,1.),.UNSPECIFIED.);
#2113 = CARTESIAN_POINT('',(9.237487585001,-59.29482457659,14.26095));
#2114 = CARTESIAN_POINT('',(9.237145443685,-59.29438780044,
    14.235927111216));
#2115 = CARTESIAN_POINT('',(9.236402484955,-59.29395112308,
    14.210909881531));
#2116 = CARTESIAN_POINT('',(9.235258970744,-59.2935146846,
    14.185906338182));
#2117 = CARTESIAN_POINT('',(9.233715374873,-59.29307862475,
    14.160924486051));
#2118 = CARTESIAN_POINT('',(9.231772383047,-59.29264308286,
    14.135972307675));
#2119 = CARTESIAN_POINT('',(9.22828321667,-59.29199503996,
    14.098845954921));
#2120 = CARTESIAN_POINT('',(9.227039803191,-59.29178203986,
    14.086643187336));
#2121 = CARTESIAN_POINT('',(9.225700758015,-59.29156921392,
    14.074450397353));
#2122 = CARTESIAN_POINT('',(9.224266198791,-59.29135657846,
    14.06226851985));
#2123 = CARTESIAN_POINT('',(9.222736255226,-59.29114414976,
    14.050098487706));
#2124 = CARTESIAN_POINT('',(9.219420992974,-59.29071126549,
    14.025298564516));
#2125 = CARTESIAN_POINT('',(9.217627916777,-59.29049082808,
    14.012669713946));
#2126 = CARTESIAN_POINT('',(9.215731999926,-59.29027065012,
    14.000055727011));
#2127 = CARTESIAN_POINT('',(9.213733415798,-59.29005074983,
    13.987457647752));
#2128 = CARTESIAN_POINT('',(9.211632351709,-59.28983114538,
    13.974876517339));
#2129 = CARTESIAN_POINT('',(9.171420270754,-59.28582898711,
    13.745593023562));
#2130 = CARTESIAN_POINT('',(9.102960140258,-59.28213808543,
    13.53414140813));
#2131 = CARTESIAN_POINT('',(9.005077788076,-59.27863578566,
    13.333494788589));
#2132 = CARTESIAN_POINT('',(8.880123418709,-59.27540726779,
    13.148533123733));
#2133 = CARTESIAN_POINT('',(8.731247691531,-59.2725289226,
    12.983632838188));
#2134 = CARTESIAN_POINT('',(8.394790535679,-59.26760413997,
    12.701492230153));
#2135 = CARTESIAN_POINT('',(8.20719256415,-59.26555298946,12.58398189649
    ));
#2136 = CARTESIAN_POINT('',(8.004158841744,-59.26397160077,
    12.493384198753));
#2137 = CARTESIAN_POINT('',(7.790505379237,-59.26290036439,
    12.432013107982));
#2138 = CARTESIAN_POINT('',(7.571400300964,-59.26236445701,
    12.401310994345));
#2139 = CARTESIAN_POINT('',(7.35242148567,-59.26236445701,
    12.401310994345));
#2140 = PCURVE('',#1086,#2141);
#2141 = DEFINITIONAL_REPRESENTATION('',(#2142),#2170);
#2142 = B_SPLINE_CURVE_WITH_KNOTS('',6,(#2143,#2144,#2145,#2146,#2147,
    #2148,#2149,#2150,#2151,#2152,#2153,#2154,#2155,#2156,#2157,#2158,
    #2159,#2160,#2161,#2162,#2163,#2164,#2165,#2166,#2167,#2168,#2169),
  .UNSPECIFIED.,.F.,.F.,(7,5,5,5,5,7),(0.,5.113131271227E-02,
    7.619321144829E-02,0.102255774429,0.551847701082,1.),.UNSPECIFIED.);
#2143 = CARTESIAN_POINT('',(6.28318530718,0.833391516883));
#2144 = CARTESIAN_POINT('',(6.269834398073,0.833536384594));
#2145 = CARTESIAN_POINT('',(6.256483149343,0.833681219542));
#2146 = CARTESIAN_POINT('',(6.243131558747,0.833825975254));
#2147 = CARTESIAN_POINT('',(6.229779622761,0.833970605387));
#2148 = CARTESIAN_POINT('',(6.216427336577,0.834115063727));
#2149 = CARTESIAN_POINT('',(6.196529926215,0.834330003328));
#2150 = CARTESIAN_POINT('',(6.189985072632,0.834400650128));
#2151 = CARTESIAN_POINT('',(6.183440132618,0.834471239163));
#2152 = CARTESIAN_POINT('',(6.176895105361,0.834541765021));
#2153 = CARTESIAN_POINT('',(6.170349989981,0.834612222302));
#2154 = CARTESIAN_POINT('',(6.156998246029,0.834755799174));
#2155 = CARTESIAN_POINT('',(6.15019161018,0.834828912742));
#2156 = CARTESIAN_POINT('',(6.143384876898,0.834901940258));
#2157 = CARTESIAN_POINT('',(6.136578045023,0.834974875678));
#2158 = CARTESIAN_POINT('',(6.129771113315,0.835047712974));
#2159 = CARTESIAN_POINT('',(6.005539442535,0.836375128653));
#2160 = CARTESIAN_POINT('',(5.888040606544,0.837599308313));
#2161 = CARTESIAN_POINT('',(5.770559550982,0.838760933445));
#2162 = CARTESIAN_POINT('',(5.653024132224,0.839831751975));
#2163 = CARTESIAN_POINT('',(5.535366594775,0.840786426997));
#2164 = CARTESIAN_POINT('',(5.300363265665,0.842419854072));
#2165 = CARTESIAN_POINT('',(5.182921297064,0.843100169331));
#2166 = CARTESIAN_POINT('',(5.065441069834,0.843624676361));
#2167 = CARTESIAN_POINT('',(4.947866216071,0.843979978641));
#2168 = CARTESIAN_POINT('',(4.830142380172,0.844157725701));
#2169 = CARTESIAN_POINT('',(4.712388980385,0.844157725701));
#2170 = ( GEOMETRIC_REPRESENTATION_CONTEXT(2) 
PARAMETRIC_REPRESENTATION_CONTEXT() REPRESENTATION_CONTEXT('2D SPACE',''
  ) );
#2171 = PCURVE('',#1871,#2172);
#2172 = DEFINITIONAL_REPRESENTATION('',(#2173),#2201);
#2173 = B_SPLINE_CURVE_WITH_KNOTS('',6,(#2174,#2175,#2176,#2177,#2178,
    #2179,#2180,#2181,#2182,#2183,#2184,#2185,#2186,#2187,#2188,#2189,
    #2190,#2191,#2192,#2193,#2194,#2195,#2196,#2197,#2198,#2199,#2200),
  .UNSPECIFIED.,.F.,.F.,(7,5,5,5,5,7),(0.,5.113131271227E-02,
    7.619321144829E-02,0.102255774429,0.551847701082,1.),.UNSPECIFIED.);
#2174 = CARTESIAN_POINT('',(9.237487585001,-1.005153089684E-02));
#2175 = CARTESIAN_POINT('',(9.237145443685,-3.507823136851E-02));
#2176 = CARTESIAN_POINT('',(9.236402484955,-6.00992718788E-02));
#2177 = CARTESIAN_POINT('',(9.235258970744,-8.510662396951E-02));
#2178 = CARTESIAN_POINT('',(9.233715374873,-0.110092281536));
#2179 = CARTESIAN_POINT('',(9.231772383047,-0.135048260829));
#2180 = CARTESIAN_POINT('',(9.22828321667,-0.172180268968));
#2181 = CARTESIAN_POINT('',(9.227039803191,-0.184384895377));
#2182 = CARTESIAN_POINT('',(9.225700758015,-0.196579542663));
#2183 = CARTESIAN_POINT('',(9.224266198791,-0.208763275809));
#2184 = CARTESIAN_POINT('',(9.222736255226,-0.220935161789));
#2185 = CARTESIAN_POINT('',(9.219420992974,-0.245738862703));
#2186 = CARTESIAN_POINT('',(9.217627916777,-0.258369637001));
#2187 = CARTESIAN_POINT('',(9.215731999926,-0.2709855454));
#2188 = CARTESIAN_POINT('',(9.213733415798,-0.2835855437));
#2189 = CARTESIAN_POINT('',(9.211632351709,-0.296168590571));
#2190 = CARTESIAN_POINT('',(9.171420270754,-0.525487010655));
#2191 = CARTESIAN_POINT('',(9.102960140258,-0.736970836098));
#2192 = CARTESIAN_POINT('',(9.005077788076,-0.937648019746));
#2193 = CARTESIAN_POINT('',(8.880123418709,-1.122637859451));
#2194 = CARTESIAN_POINT('',(8.731247691531,-1.287563263934));
#2195 = CARTESIAN_POINT('',(8.394790535679,-1.569746849896));
#2196 = CARTESIAN_POINT('',(8.20719256415,-1.687275083678));
#2197 = CARTESIAN_POINT('',(8.004158841744,-1.777886581985));
#2198 = CARTESIAN_POINT('',(7.790505379237,-1.839267021294));
#2199 = CARTESIAN_POINT('',(7.571400300964,-1.869973811724));
#2200 = CARTESIAN_POINT('',(7.35242148567,-1.869973811724));
#2201 = ( GEOMETRIC_REPRESENTATION_CONTEXT(2) 
PARAMETRIC_REPRESENTATION_CONTEXT() REPRESENTATION_CONTEXT('2D SPACE',''
  ) );
#2202 = ADVANCED_FACE('',(#2203),#1011,.F.);
#2203 = FACE_BOUND('',#2204,.F.);
#2204 = EDGE_LOOP('',(#2205,#2225,#2226,#2227));
#2205 = ORIENTED_EDGE('',*,*,#2206,.F.);
#2206 = EDGE_CURVE('',#875,#2207,#2209,.T.);
#2207 = VERTEX_POINT('',#2208);
#2208 = CARTESIAN_POINT('',(-7.35242148567,-59.26236445701,
    12.401310994345));
#2209 = SURFACE_CURVE('',#2210,(#2213,#2219),.PCURVE_S1.);
#2210 = B_SPLINE_CURVE_WITH_KNOTS('',1,(#2211,#2212),.UNSPECIFIED.,.F.,
  .F.,(2,2),(0.,1.),.PIECEWISE_BEZIER_KNOTS.);
#2211 = CARTESIAN_POINT('',(-8.2008,-61.8075,11.256));
#2212 = CARTESIAN_POINT('',(-7.1958,-58.7925,12.61275));
#2213 = PCURVE('',#1011,#2214);
#2214 = DEFINITIONAL_REPRESENTATION('',(#2215),#2218);
#2215 = B_SPLINE_CURVE_WITH_KNOTS('',1,(#2216,#2217),.UNSPECIFIED.,.F.,
  .F.,(2,2),(0.190606544623,0.844157725701),.PIECEWISE_BEZIER_KNOTS.);
#2216 = CARTESIAN_POINT('',(-8.16,0.190606544623));
#2217 = CARTESIAN_POINT('',(-8.16,0.844157725701));
#2218 = ( GEOMETRIC_REPRESENTATION_CONTEXT(2) 
PARAMETRIC_REPRESENTATION_CONTEXT() REPRESENTATION_CONTEXT('2D SPACE',''
  ) );
#2219 = PCURVE('',#944,#2220);
#2220 = DEFINITIONAL_REPRESENTATION('',(#2221),#2224);
#2221 = B_SPLINE_CURVE_WITH_KNOTS('',1,(#2222,#2223),.UNSPECIFIED.,.F.,
  .F.,(2,2),(0.190606544623,0.844157725701),.PIECEWISE_BEZIER_KNOTS.);
#2222 = CARTESIAN_POINT('',(4.712388980385,0.190606544623));
#2223 = CARTESIAN_POINT('',(4.712388980385,0.844157725701));
#2224 = ( GEOMETRIC_REPRESENTATION_CONTEXT(2) 
PARAMETRIC_REPRESENTATION_CONTEXT() REPRESENTATION_CONTEXT('2D SPACE',''
  ) );
#2225 = ORIENTED_EDGE('',*,*,#997,.F.);
#2226 = ORIENTED_EDGE('',*,*,#2088,.T.);
#2227 = ORIENTED_EDGE('',*,*,#2228,.T.);
#2228 = EDGE_CURVE('',#2089,#2207,#2229,.T.);
#2229 = SURFACE_CURVE('',#2230,(#2233,#2239),.PCURVE_S1.);
#2230 = B_SPLINE_CURVE_WITH_KNOTS('',1,(#2231,#2232),.UNSPECIFIED.,.F.,
  .F.,(2,2),(0.,1.),.PIECEWISE_BEZIER_KNOTS.);
#2231 = CARTESIAN_POINT('',(7.35242148567,-59.26236445701,
    12.401310994345));
#2232 = CARTESIAN_POINT('',(-7.35242148567,-59.26236445701,
    12.401310994345));
#2233 = PCURVE('',#1011,#2234);
#2234 = DEFINITIONAL_REPRESENTATION('',(#2235),#2238);
#2235 = B_SPLINE_CURVE_WITH_KNOTS('',1,(#2236,#2237),.UNSPECIFIED.,.F.,
  .F.,(2,2),(0.,1.),.PIECEWISE_BEZIER_KNOTS.);
#2236 = CARTESIAN_POINT('',(8.16,0.844157725701));
#2237 = CARTESIAN_POINT('',(-8.16,0.844157725701));
#2238 = ( GEOMETRIC_REPRESENTATION_CONTEXT(2) 
PARAMETRIC_REPRESENTATION_CONTEXT() REPRESENTATION_CONTEXT('2D SPACE',''
  ) );
#2239 = PCURVE('',#1871,#2240);
#2240 = DEFINITIONAL_REPRESENTATION('',(#2241),#2244);
#2241 = B_SPLINE_CURVE_WITH_KNOTS('',1,(#2242,#2243),.UNSPECIFIED.,.F.,
  .F.,(2,2),(0.,1.),.PIECEWISE_BEZIER_KNOTS.);
#2242 = CARTESIAN_POINT('',(7.35242148567,-1.869973811724));
#2243 = CARTESIAN_POINT('',(-7.35242148567,-1.869973811724));
#2244 = ( GEOMETRIC_REPRESENTATION_CONTEXT(2) 
PARAMETRIC_REPRESENTATION_CONTEXT() REPRESENTATION_CONTEXT('2D SPACE',''
  ) );
#2245 = ADVANCED_FACE('',(#2246),#944,.F.);
#2246 = FACE_BOUND('',#2247,.F.);
#2247 = EDGE_LOOP('',(#2248,#2268,#2269,#2270));
#2248 = ORIENTED_EDGE('',*,*,#2249,.F.);
#2249 = EDGE_CURVE('',#847,#2250,#2252,.T.);
#2250 = VERTEX_POINT('',#2251);
#2251 = CARTESIAN_POINT('',(-9.237487585001,-59.29482457659,14.26095));
#2252 = SURFACE_CURVE('',#2253,(#2256,#2262),.PCURVE_S1.);
#2253 = B_SPLINE_CURVE_WITH_KNOTS('',1,(#2254,#2255),.UNSPECIFIED.,.F.,
  .F.,(2,2),(0.,1.),.PIECEWISE_BEZIER_KNOTS.);
#2254 = CARTESIAN_POINT('',(-11.20575,-61.8075,14.26095));
#2255 = CARTESIAN_POINT('',(-8.844,-58.7925,14.26095));
#2256 = PCURVE('',#944,#2257);
#2257 = DEFINITIONAL_REPRESENTATION('',(#2258),#2261);
#2258 = B_SPLINE_CURVE_WITH_KNOTS('',1,(#2259,#2260),.UNSPECIFIED.,.F.,
  .F.,(2,2),(0.166753953072,0.833391516883),.PIECEWISE_BEZIER_KNOTS.);
#2259 = CARTESIAN_POINT('',(3.14159265359,0.166753953072));
#2260 = CARTESIAN_POINT('',(3.14159265359,0.833391516883));
#2261 = ( GEOMETRIC_REPRESENTATION_CONTEXT(2) 
PARAMETRIC_REPRESENTATION_CONTEXT() REPRESENTATION_CONTEXT('2D SPACE',''
  ) );
#2262 = PCURVE('',#862,#2263);
#2263 = DEFINITIONAL_REPRESENTATION('',(#2264),#2267);
#2264 = B_SPLINE_CURVE_WITH_KNOTS('',1,(#2265,#2266),.UNSPECIFIED.,.F.,
  .F.,(2,2),(0.,1.),.PIECEWISE_BEZIER_KNOTS.);
#2265 = CARTESIAN_POINT('',(8.871859506029E-02,0.494606167461));
#2266 = CARTESIAN_POINT('',(2.945679152489,3.045265775444));
#2267 = ( GEOMETRIC_REPRESENTATION_CONTEXT(2) 
PARAMETRIC_REPRESENTATION_CONTEXT() REPRESENTATION_CONTEXT('2D SPACE',''
  ) );
#2268 = ORIENTED_EDGE('',*,*,#874,.F.);
#2269 = ORIENTED_EDGE('',*,*,#2206,.T.);
#2270 = ORIENTED_EDGE('',*,*,#2271,.T.);
#2271 = EDGE_CURVE('',#2207,#2250,#2272,.T.);
#2272 = SURFACE_CURVE('',#2273,(#2304,#2338),.PCURVE_S1.);
#2273 = B_SPLINE_CURVE_WITH_KNOTS('',5,(#2274,#2275,#2276,#2277,#2278,
    #2279,#2280,#2281,#2282,#2283,#2284,#2285,#2286,#2287,#2288,#2289,
    #2290,#2291,#2292,#2293,#2294,#2295,#2296,#2297,#2298,#2299,#2300,
    #2301,#2302,#2303),.UNSPECIFIED.,.F.,.F.,(6,4,4,4,4,4,4,6),(0.,
    0.15315316859,0.248953368477,0.463792018265,0.638917036348,
    0.714025192497,0.824228402559,1.),.UNSPECIFIED.);
#2274 = CARTESIAN_POINT('',(-7.35242148567,-59.26236445701,
    12.401310994345));
#2275 = CARTESIAN_POINT('',(-7.442230787098,-59.26236445701,
    12.401310994345));
#2276 = CARTESIAN_POINT('',(-7.532047928904,-59.26245835543,
    12.40669043167));
#2277 = CARTESIAN_POINT('',(-7.62144154108,-59.26264604281,
    12.417443034363));
#2278 = CARTESIAN_POINT('',(-7.709988085354,-59.26292653658,
    12.433512511295));
#2279 = CARTESIAN_POINT('',(-7.851869501943,-59.26353032662,
    12.468103619699));
#2280 = CARTESIAN_POINT('',(-7.90597345118,-59.26379826077,
    12.483453556694));
#2281 = CARTESIAN_POINT('',(-7.959482353418,-59.26410133107,
    12.500816442814));
#2282 = CARTESIAN_POINT('',(-8.01229741889,-59.26443895981,
    12.520159180346));
#2283 = CARTESIAN_POINT('',(-8.180992116379,-59.26564352322,
    12.589168571803));
#2284 = CARTESIAN_POINT('',(-8.293691613749,-59.26664689322,
    12.646651600845));
#2285 = CARTESIAN_POINT('',(-8.401329777328,-59.26781257397,
    12.7134334063));
#2286 = CARTESIAN_POINT('',(-8.502911593263,-59.26912968844,
    12.788890843694));
#2287 = CARTESIAN_POINT('',(-8.674694660096,-59.27177066783,
    12.940192451754));
#2288 = CARTESIAN_POINT('',(-8.74722811672,-59.27304831478,
    13.013388796068));
#2289 = CARTESIAN_POINT('',(-8.814671894769,-59.27441025277,
    13.091414171554));
#2290 = CARTESIAN_POINT('',(-8.87660774962,-59.27584813555,
    13.173790421035));
#2291 = CARTESIAN_POINT('',(-8.956731426131,-59.27799795006,
    13.296953211518));
#2292 = CARTESIAN_POINT('',(-8.979702729817,-59.27865548719,
    13.334623488624));
#2293 = CARTESIAN_POINT('',(-9.001568223556,-59.27932455909,
    13.372954591695));
#2294 = CARTESIAN_POINT('',(-9.022302564311,-59.28000440996,
    13.411903222185));
#2295 = CARTESIAN_POINT('',(-9.070612209474,-59.28170644474,
    13.50941272929));
#2296 = CARTESIAN_POINT('',(-9.096857150101,-59.28274015701,
    13.568634065834));
#2297 = CARTESIAN_POINT('',(-9.120545178828,-59.2837929214,
    13.628946897526));
#2298 = CARTESIAN_POINT('',(-9.141616051131,-59.28486217062,
    13.690204144243));
#2299 = CARTESIAN_POINT('',(-9.189378457233,-59.2876727201,
    13.851220415945));
#2300 = CARTESIAN_POINT('',(-9.211955571529,-59.28943539241,
    13.952203844976));
#2301 = CARTESIAN_POINT('',(-9.227558236968,-59.29122242692,
    14.054582983498));
#2302 = CARTESIAN_POINT('',(-9.23607606554,-59.29302263685,
    14.157716941537));
#2303 = CARTESIAN_POINT('',(-9.237487585001,-59.29482457659,14.26095));
#2304 = PCURVE('',#944,#2305);
#2305 = DEFINITIONAL_REPRESENTATION('',(#2306),#2337);
#2306 = B_SPLINE_CURVE_WITH_KNOTS('',5,(#2307,#2308,#2309,#2310,#2311,
    #2312,#2313,#2314,#2315,#2316,#2317,#2318,#2319,#2320,#2321,#2322,
    #2323,#2324,#2325,#2326,#2327,#2328,#2329,#2330,#2331,#2332,#2333,
    #2334,#2335,#2336),.UNSPECIFIED.,.F.,.F.,(6,4,4,4,4,4,4,6),(0.,
    0.15315316859,0.248953368477,0.463792018265,0.638917036348,
    0.714025192497,0.824228402559,1.),.UNSPECIFIED.);
#2307 = CARTESIAN_POINT('',(4.712388980385,0.844157725701));
#2308 = CARTESIAN_POINT('',(4.664095036692,0.844157725701));
#2309 = CARTESIAN_POINT('',(4.615814023312,0.844126581944));
#2310 = CARTESIAN_POINT('',(4.567547452791,0.844064330741));
#2311 = CARTESIAN_POINT('',(4.519296373731,0.843971297983));
#2312 = CARTESIAN_POINT('',(4.440889465326,0.843771035946));
#2313 = CARTESIAN_POINT('',(4.410723784016,0.843682168899));
#2314 = CARTESIAN_POINT('',(4.380564445347,0.843581648068));
#2315 = CARTESIAN_POINT('',(4.350411499316,0.84346966507));
#2316 = CARTESIAN_POINT('',(4.252659131097,0.843070141551));
#2317 = CARTESIAN_POINT('',(4.18508365204,0.842737348847));
#2318 = CARTESIAN_POINT('',(4.11754310185,0.842350721732));
#2319 = CARTESIAN_POINT('',(4.050029043933,0.841913867845));
#2320 = CARTESIAN_POINT('',(3.927533299794,0.841037921115));
#2321 = CARTESIAN_POINT('',(3.872540194332,0.840614157618));
#2322 = CARTESIAN_POINT('',(3.817564730329,0.84016243689));
#2323 = CARTESIAN_POINT('',(3.762602779254,0.839685527178));
#2324 = CARTESIAN_POINT('',(3.684087949929,0.838972487541));
#2325 = CARTESIAN_POINT('',(3.660523892506,0.83875439894));
#2326 = CARTESIAN_POINT('',(3.636962078726,0.838532484547));
#2327 = CARTESIAN_POINT('',(3.6134023784,0.838306995037));
#2328 = CARTESIAN_POINT('',(3.555279371565,0.837742472723));
#2329 = CARTESIAN_POINT('',(3.520718327384,0.837399616247));
#2330 = CARTESIAN_POINT('',(3.486161148403,0.83705044066));
#2331 = CARTESIAN_POINT('',(3.451607495496,0.83669579747));
#2332 = CARTESIAN_POINT('',(3.361949946342,0.835763608589));
#2333 = CARTESIAN_POINT('',(3.306850265931,0.835178974323));
#2334 = CARTESIAN_POINT('',(3.251758904855,0.834586259726));
#2335 = CARTESIAN_POINT('',(3.196672432438,0.833989175171));
#2336 = CARTESIAN_POINT('',(3.14159265359,0.833391516883));
#2337 = ( GEOMETRIC_REPRESENTATION_CONTEXT(2) 
PARAMETRIC_REPRESENTATION_CONTEXT() REPRESENTATION_CONTEXT('2D SPACE',''
  ) );
#2338 = PCURVE('',#1871,#2339);
#2339 = DEFINITIONAL_REPRESENTATION('',(#2340),#2371);
#2340 = B_SPLINE_CURVE_WITH_KNOTS('',5,(#2341,#2342,#2343,#2344,#2345,
    #2346,#2347,#2348,#2349,#2350,#2351,#2352,#2353,#2354,#2355,#2356,
    #2357,#2358,#2359,#2360,#2361,#2362,#2363,#2364,#2365,#2366,#2367,
    #2368,#2369,#2370),.UNSPECIFIED.,.F.,.F.,(6,4,4,4,4,4,4,6),(0.,
    0.15315316859,0.248953368477,0.463792018265,0.638917036348,
    0.714025192497,0.824228402559,1.),.UNSPECIFIED.);
#2341 = CARTESIAN_POINT('',(-7.35242148567,-1.869973811724));
#2342 = CARTESIAN_POINT('',(-7.442230787098,-1.869973811724));
#2343 = CARTESIAN_POINT('',(-7.532047928904,-1.864593554959));
#2344 = CARTESIAN_POINT('',(-7.62144154108,-1.853839314344));
#2345 = CARTESIAN_POINT('',(-7.709988085354,-1.83776738958));
#2346 = CARTESIAN_POINT('',(-7.851869501943,-1.80317101198));
#2347 = CARTESIAN_POINT('',(-7.90597345118,-1.787818736759));
#2348 = CARTESIAN_POINT('',(-7.959482353418,-1.770453205785));
#2349 = CARTESIAN_POINT('',(-8.01229741889,-1.751107521811));
#2350 = CARTESIAN_POINT('',(-8.180992116379,-1.682087618288));
#2351 = CARTESIAN_POINT('',(-8.293691613749,-1.62459583297));
#2352 = CARTESIAN_POINT('',(-8.401329777328,-1.557803854773));
#2353 = CARTESIAN_POINT('',(-8.502911593263,-1.482334923095));
#2354 = CARTESIAN_POINT('',(-8.674694660096,-1.331010267557));
#2355 = CARTESIAN_POINT('',(-8.74722811672,-1.257802773386));
#2356 = CARTESIAN_POINT('',(-8.814671894769,-1.179765512448));
#2357 = CARTESIAN_POINT('',(-8.87660774962,-1.097376714754));
#2358 = CARTESIAN_POINT('',(-8.956731426131,-0.974195163124));
#2359 = CARTESIAN_POINT('',(-8.979702729817,-0.936519147778));
#2360 = CARTESIAN_POINT('',(-9.001568223556,-0.898182205805));
#2361 = CARTESIAN_POINT('',(-9.022302564311,-0.859227642346));
#2362 = CARTESIAN_POINT('',(-9.070612209474,-0.761703281809));
#2363 = CARTESIAN_POINT('',(-9.096857150101,-0.702472924195));
#2364 = CARTESIAN_POINT('',(-9.120545178828,-0.642150905167));
#2365 = CARTESIAN_POINT('',(-9.141616051131,-0.580884327253));
#2366 = CARTESIAN_POINT('',(-9.189378457233,-0.419843528258));
#2367 = CARTESIAN_POINT('',(-9.211955571529,-0.318844716619));
#2368 = CARTESIAN_POINT('',(-9.227558236968,-0.216449982883));
#2369 = CARTESIAN_POINT('',(-9.23607606554,-0.113300314649));
#2370 = CARTESIAN_POINT('',(-9.237487585001,-1.005153089684E-02));
#2371 = ( GEOMETRIC_REPRESENTATION_CONTEXT(2) 
PARAMETRIC_REPRESENTATION_CONTEXT() REPRESENTATION_CONTEXT('2D SPACE',''
  ) );
#2372 = ADVANCED_FACE('',(#2373),#862,.F.);
#2373 = FACE_BOUND('',#2374,.F.);
#2374 = EDGE_LOOP('',(#2375,#2376,#2377,#2378));
#2375 = ORIENTED_EDGE('',*,*,#1757,.F.);
#2376 = ORIENTED_EDGE('',*,*,#846,.F.);
#2377 = ORIENTED_EDGE('',*,*,#2249,.T.);
#2378 = ORIENTED_EDGE('',*,*,#2379,.T.);
#2379 = EDGE_CURVE('',#2250,#1758,#2380,.T.);
#2380 = SURFACE_CURVE('',#2381,(#2385,#2392),.PCURVE_S1.);
#2381 = LINE('',#2382,#2383);
#2382 = CARTESIAN_POINT('',(-5.602875,-59.29482457659,14.26095));
#2383 = VECTOR('',#2384,1.);
#2384 = DIRECTION('',(-1.,-0.,0.));
#2385 = PCURVE('',#862,#2386);
#2386 = DEFINITIONAL_REPRESENTATION('',(#2387),#2391);
#2387 = LINE('',#2388,#2389);
#2388 = CARTESIAN_POINT('',(6.047201309329,1.9785973375));
#2389 = VECTOR('',#2390,1.);
#2390 = DIRECTION('',(-0.98429088052,0.17655441803));
#2391 = ( GEOMETRIC_REPRESENTATION_CONTEXT(2) 
PARAMETRIC_REPRESENTATION_CONTEXT() REPRESENTATION_CONTEXT('2D SPACE',''
  ) );
#2392 = PCURVE('',#1871,#2393);
#2393 = DEFINITIONAL_REPRESENTATION('',(#2394),#2398);
#2394 = LINE('',#2395,#2396);
#2395 = CARTESIAN_POINT('',(-5.602875,-1.005153089684E-02));
#2396 = VECTOR('',#2397,1.);
#2397 = DIRECTION('',(-1.,0.));
#2398 = ( GEOMETRIC_REPRESENTATION_CONTEXT(2) 
PARAMETRIC_REPRESENTATION_CONTEXT() REPRESENTATION_CONTEXT('2D SPACE',''
  ) );
#2399 = ADVANCED_FACE('',(#2400),#751,.F.);
#2400 = FACE_BOUND('',#2401,.F.);
#2401 = EDGE_LOOP('',(#2402,#2403,#2404,#2424));
#2402 = ORIENTED_EDGE('',*,*,#2017,.F.);
#2403 = ORIENTED_EDGE('',*,*,#735,.T.);
#2404 = ORIENTED_EDGE('',*,*,#2405,.T.);
#2405 = EDGE_CURVE('',#708,#2406,#2408,.T.);
#2406 = VERTEX_POINT('',#2407);
#2407 = CARTESIAN_POINT('',(19.095,-60.17301106621,15.7785));
#2408 = SURFACE_CURVE('',#2409,(#2412,#2418),.PCURVE_S1.);
#2409 = B_SPLINE_CURVE_WITH_KNOTS('',1,(#2410,#2411),.UNSPECIFIED.,.F.,
  .F.,(2,2),(0.,1.),.PIECEWISE_BEZIER_KNOTS.);
#2410 = CARTESIAN_POINT('',(19.095,-60.1995,14.26095));
#2411 = CARTESIAN_POINT('',(19.095,-60.17301106621,15.7785));
#2412 = PCURVE('',#751,#2413);
#2413 = DEFINITIONAL_REPRESENTATION('',(#2414),#2417);
#2414 = B_SPLINE_CURVE_WITH_KNOTS('',1,(#2415,#2416),.UNSPECIFIED.,.F.,
  .F.,(2,2),(0.,1.),.PIECEWISE_BEZIER_KNOTS.);
#2415 = CARTESIAN_POINT('',(19.095,-1.517781165423));
#2416 = CARTESIAN_POINT('',(19.095,0.));
#2417 = ( GEOMETRIC_REPRESENTATION_CONTEXT(2) 
PARAMETRIC_REPRESENTATION_CONTEXT() REPRESENTATION_CONTEXT('2D SPACE',''
  ) );
#2418 = PCURVE('',#724,#2419);
#2419 = DEFINITIONAL_REPRESENTATION('',(#2420),#2423);
#2420 = B_SPLINE_CURVE_WITH_KNOTS('',1,(#2421,#2422),.UNSPECIFIED.,.F.,
  .F.,(2,2),(0.,1.),.PIECEWISE_BEZIER_KNOTS.);
#2421 = CARTESIAN_POINT('',(-4.712388980385,-1.005E-02));
#2422 = CARTESIAN_POINT('',(-4.712388980385,-1.51755));
#2423 = ( GEOMETRIC_REPRESENTATION_CONTEXT(2) 
PARAMETRIC_REPRESENTATION_CONTEXT() REPRESENTATION_CONTEXT('2D SPACE',''
  ) );
#2424 = ORIENTED_EDGE('',*,*,#2425,.F.);
#2425 = EDGE_CURVE('',#1990,#2406,#2426,.T.);
#2426 = SURFACE_CURVE('',#2427,(#2431,#2438),.PCURVE_S1.);
#2427 = LINE('',#2428,#2429);
#2428 = CARTESIAN_POINT('',(0.,-60.17301106621,15.7785));
#2429 = VECTOR('',#2430,1.);
#2430 = DIRECTION('',(1.,0.,0.));
#2431 = PCURVE('',#751,#2432);
#2432 = DEFINITIONAL_REPRESENTATION('',(#2433),#2437);
#2433 = LINE('',#2434,#2435);
#2434 = CARTESIAN_POINT('',(0.,0.));
#2435 = VECTOR('',#2436,1.);
#2436 = DIRECTION('',(1.,0.));
#2437 = ( GEOMETRIC_REPRESENTATION_CONTEXT(2) 
PARAMETRIC_REPRESENTATION_CONTEXT() REPRESENTATION_CONTEXT('2D SPACE',''
  ) );
#2438 = PCURVE('',#2005,#2439);
#2439 = DEFINITIONAL_REPRESENTATION('',(#2440),#2444);
#2440 = LINE('',#2441,#2442);
#2441 = CARTESIAN_POINT('',(19.095,-10.92801106621));
#2442 = VECTOR('',#2443,1.);
#2443 = DIRECTION('',(1.,0.));
#2444 = ( GEOMETRIC_REPRESENTATION_CONTEXT(2) 
PARAMETRIC_REPRESENTATION_CONTEXT() REPRESENTATION_CONTEXT('2D SPACE',''
  ) );
#2445 = ADVANCED_FACE('',(#2446),#724,.F.);
#2446 = FACE_BOUND('',#2447,.F.);
#2447 = EDGE_LOOP('',(#2448,#2449,#2450,#2470));
#2448 = ORIENTED_EDGE('',*,*,#2405,.F.);
#2449 = ORIENTED_EDGE('',*,*,#707,.T.);
#2450 = ORIENTED_EDGE('',*,*,#2451,.T.);
#2451 = EDGE_CURVE('',#680,#2452,#2454,.T.);
#2452 = VERTEX_POINT('',#2453);
#2453 = CARTESIAN_POINT('',(30.023011066218,-49.245,15.7785));
#2454 = SURFACE_CURVE('',#2455,(#2458,#2464),.PCURVE_S1.);
#2455 = B_SPLINE_CURVE_WITH_KNOTS('',1,(#2456,#2457),.UNSPECIFIED.,.F.,
  .F.,(2,2),(0.,1.),.PIECEWISE_BEZIER_KNOTS.);
#2456 = CARTESIAN_POINT('',(30.0495,-49.245,14.26095));
#2457 = CARTESIAN_POINT('',(30.023011066218,-49.245,15.7785));
#2458 = PCURVE('',#724,#2459);
#2459 = DEFINITIONAL_REPRESENTATION('',(#2460),#2463);
#2460 = B_SPLINE_CURVE_WITH_KNOTS('',1,(#2461,#2462),.UNSPECIFIED.,.F.,
  .F.,(2,2),(0.,1.),.PIECEWISE_BEZIER_KNOTS.);
#2461 = CARTESIAN_POINT('',(-6.28318530718,-1.005E-02));
#2462 = CARTESIAN_POINT('',(-6.28318530718,-1.51755));
#2463 = ( GEOMETRIC_REPRESENTATION_CONTEXT(2) 
PARAMETRIC_REPRESENTATION_CONTEXT() REPRESENTATION_CONTEXT('2D SPACE',''
  ) );
#2464 = PCURVE('',#695,#2465);
#2465 = DEFINITIONAL_REPRESENTATION('',(#2466),#2469);
#2466 = B_SPLINE_CURVE_WITH_KNOTS('',1,(#2467,#2468),.UNSPECIFIED.,.F.,
  .F.,(2,2),(0.,1.),.PIECEWISE_BEZIER_KNOTS.);
#2467 = CARTESIAN_POINT('',(-49.245,-1.517781165423));
#2468 = CARTESIAN_POINT('',(-49.245,0.));
#2469 = ( GEOMETRIC_REPRESENTATION_CONTEXT(2) 
PARAMETRIC_REPRESENTATION_CONTEXT() REPRESENTATION_CONTEXT('2D SPACE',''
  ) );
#2470 = ORIENTED_EDGE('',*,*,#2471,.F.);
#2471 = EDGE_CURVE('',#2406,#2452,#2472,.T.);
#2472 = SURFACE_CURVE('',#2473,(#2478,#2484),.PCURVE_S1.);
#2473 = CIRCLE('',#2474,10.928011066218);
#2474 = AXIS2_PLACEMENT_3D('',#2475,#2476,#2477);
#2475 = CARTESIAN_POINT('',(19.095,-49.245,15.7785));
#2476 = DIRECTION('',(0.,0.,1.));
#2477 = DIRECTION('',(1.,0.,0.));
#2478 = PCURVE('',#724,#2479);
#2479 = DEFINITIONAL_REPRESENTATION('',(#2480),#2483);
#2480 = B_SPLINE_CURVE_WITH_KNOTS('',1,(#2481,#2482),.UNSPECIFIED.,.F.,
  .F.,(2,2),(4.712388980385,6.28318530718),.PIECEWISE_BEZIER_KNOTS.);
#2481 = CARTESIAN_POINT('',(-4.712388980385,-1.51755));
#2482 = CARTESIAN_POINT('',(-6.28318530718,-1.51755));
#2483 = ( GEOMETRIC_REPRESENTATION_CONTEXT(2) 
PARAMETRIC_REPRESENTATION_CONTEXT() REPRESENTATION_CONTEXT('2D SPACE',''
  ) );
#2484 = PCURVE('',#2005,#2485);
#2485 = DEFINITIONAL_REPRESENTATION('',(#2486),#2490);
#2486 = CIRCLE('',#2487,10.928011066218);
#2487 = AXIS2_PLACEMENT_2D('',#2488,#2489);
#2488 = CARTESIAN_POINT('',(38.19,0.));
#2489 = DIRECTION('',(1.,0.));
#2490 = ( GEOMETRIC_REPRESENTATION_CONTEXT(2) 
PARAMETRIC_REPRESENTATION_CONTEXT() REPRESENTATION_CONTEXT('2D SPACE',''
  ) );
#2491 = ADVANCED_FACE('',(#2492),#695,.F.);
#2492 = FACE_BOUND('',#2493,.F.);
#2493 = EDGE_LOOP('',(#2494,#2495,#2496,#2516));
#2494 = ORIENTED_EDGE('',*,*,#2451,.F.);
#2495 = ORIENTED_EDGE('',*,*,#679,.T.);
#2496 = ORIENTED_EDGE('',*,*,#2497,.T.);
#2497 = EDGE_CURVE('',#652,#2498,#2500,.T.);
#2498 = VERTEX_POINT('',#2499);
#2499 = CARTESIAN_POINT('',(30.023011066218,49.245,15.7785));
#2500 = SURFACE_CURVE('',#2501,(#2504,#2510),.PCURVE_S1.);
#2501 = B_SPLINE_CURVE_WITH_KNOTS('',1,(#2502,#2503),.UNSPECIFIED.,.F.,
  .F.,(2,2),(0.,1.),.PIECEWISE_BEZIER_KNOTS.);
#2502 = CARTESIAN_POINT('',(30.0495,49.245,14.26095));
#2503 = CARTESIAN_POINT('',(30.023011066218,49.245,15.7785));
#2504 = PCURVE('',#695,#2505);
#2505 = DEFINITIONAL_REPRESENTATION('',(#2506),#2509);
#2506 = B_SPLINE_CURVE_WITH_KNOTS('',1,(#2507,#2508),.UNSPECIFIED.,.F.,
  .F.,(2,2),(0.,1.),.PIECEWISE_BEZIER_KNOTS.);
#2507 = CARTESIAN_POINT('',(49.245,-1.517781165423));
#2508 = CARTESIAN_POINT('',(49.245,0.));
#2509 = ( GEOMETRIC_REPRESENTATION_CONTEXT(2) 
PARAMETRIC_REPRESENTATION_CONTEXT() REPRESENTATION_CONTEXT('2D SPACE',''
  ) );
#2510 = PCURVE('',#668,#2511);
#2511 = DEFINITIONAL_REPRESENTATION('',(#2512),#2515);
#2512 = B_SPLINE_CURVE_WITH_KNOTS('',1,(#2513,#2514),.UNSPECIFIED.,.F.,
  .F.,(2,2),(0.,1.),.PIECEWISE_BEZIER_KNOTS.);
#2513 = CARTESIAN_POINT('',(0.,-1.005E-02));
#2514 = CARTESIAN_POINT('',(0.,-1.51755));
#2515 = ( GEOMETRIC_REPRESENTATION_CONTEXT(2) 
PARAMETRIC_REPRESENTATION_CONTEXT() REPRESENTATION_CONTEXT('2D SPACE',''
  ) );
#2516 = ORIENTED_EDGE('',*,*,#2517,.F.);
#2517 = EDGE_CURVE('',#2452,#2498,#2518,.T.);
#2518 = SURFACE_CURVE('',#2519,(#2523,#2530),.PCURVE_S1.);
#2519 = LINE('',#2520,#2521);
#2520 = CARTESIAN_POINT('',(30.023011066218,0.,15.7785));
#2521 = VECTOR('',#2522,1.);
#2522 = DIRECTION('',(0.,1.,0.));
#2523 = PCURVE('',#695,#2524);
#2524 = DEFINITIONAL_REPRESENTATION('',(#2525),#2529);
#2525 = LINE('',#2526,#2527);
#2526 = CARTESIAN_POINT('',(0.,0.));
#2527 = VECTOR('',#2528,1.);
#2528 = DIRECTION('',(1.,0.));
#2529 = ( GEOMETRIC_REPRESENTATION_CONTEXT(2) 
PARAMETRIC_REPRESENTATION_CONTEXT() REPRESENTATION_CONTEXT('2D SPACE',''
  ) );
#2530 = PCURVE('',#2005,#2531);
#2531 = DEFINITIONAL_REPRESENTATION('',(#2532),#2536);
#2532 = LINE('',#2533,#2534);
#2533 = CARTESIAN_POINT('',(49.118011066218,49.245));
#2534 = VECTOR('',#2535,1.);
#2535 = DIRECTION('',(0.,1.));
#2536 = ( GEOMETRIC_REPRESENTATION_CONTEXT(2) 
PARAMETRIC_REPRESENTATION_CONTEXT() REPRESENTATION_CONTEXT('2D SPACE',''
  ) );
#2537 = ADVANCED_FACE('',(#2538),#668,.F.);
#2538 = FACE_BOUND('',#2539,.F.);
#2539 = EDGE_LOOP('',(#2540,#2541,#2542,#2562));
#2540 = ORIENTED_EDGE('',*,*,#2497,.F.);
#2541 = ORIENTED_EDGE('',*,*,#651,.T.);
#2542 = ORIENTED_EDGE('',*,*,#2543,.T.);
#2543 = EDGE_CURVE('',#624,#2544,#2546,.T.);
#2544 = VERTEX_POINT('',#2545);
#2545 = CARTESIAN_POINT('',(19.095,60.173011066218,15.7785));
#2546 = SURFACE_CURVE('',#2547,(#2550,#2556),.PCURVE_S1.);
#2547 = B_SPLINE_CURVE_WITH_KNOTS('',1,(#2548,#2549),.UNSPECIFIED.,.F.,
  .F.,(2,2),(0.,1.),.PIECEWISE_BEZIER_KNOTS.);
#2548 = CARTESIAN_POINT('',(19.095,60.1995,14.26095));
#2549 = CARTESIAN_POINT('',(19.095,60.173011066218,15.7785));
#2550 = PCURVE('',#668,#2551);
#2551 = DEFINITIONAL_REPRESENTATION('',(#2552),#2555);
#2552 = B_SPLINE_CURVE_WITH_KNOTS('',1,(#2553,#2554),.UNSPECIFIED.,.F.,
  .F.,(2,2),(0.,1.),.PIECEWISE_BEZIER_KNOTS.);
#2553 = CARTESIAN_POINT('',(-1.570796326795,-1.005E-02));
#2554 = CARTESIAN_POINT('',(-1.570796326795,-1.51755));
#2555 = ( GEOMETRIC_REPRESENTATION_CONTEXT(2) 
PARAMETRIC_REPRESENTATION_CONTEXT() REPRESENTATION_CONTEXT('2D SPACE',''
  ) );
#2556 = PCURVE('',#639,#2557);
#2557 = DEFINITIONAL_REPRESENTATION('',(#2558),#2561);
#2558 = B_SPLINE_CURVE_WITH_KNOTS('',1,(#2559,#2560),.UNSPECIFIED.,.F.,
  .F.,(2,2),(0.,1.),.PIECEWISE_BEZIER_KNOTS.);
#2559 = CARTESIAN_POINT('',(-19.095,-1.517781165423));
#2560 = CARTESIAN_POINT('',(-19.095,0.));
#2561 = ( GEOMETRIC_REPRESENTATION_CONTEXT(2) 
PARAMETRIC_REPRESENTATION_CONTEXT() REPRESENTATION_CONTEXT('2D SPACE',''
  ) );
#2562 = ORIENTED_EDGE('',*,*,#2563,.F.);
#2563 = EDGE_CURVE('',#2498,#2544,#2564,.T.);
#2564 = SURFACE_CURVE('',#2565,(#2570,#2576),.PCURVE_S1.);
#2565 = CIRCLE('',#2566,10.928011066218);
#2566 = AXIS2_PLACEMENT_3D('',#2567,#2568,#2569);
#2567 = CARTESIAN_POINT('',(19.095,49.245,15.7785));
#2568 = DIRECTION('',(0.,0.,1.));
#2569 = DIRECTION('',(1.,0.,0.));
#2570 = PCURVE('',#668,#2571);
#2571 = DEFINITIONAL_REPRESENTATION('',(#2572),#2575);
#2572 = B_SPLINE_CURVE_WITH_KNOTS('',1,(#2573,#2574),.UNSPECIFIED.,.F.,
  .F.,(2,2),(0.,1.570796326795),.PIECEWISE_BEZIER_KNOTS.);
#2573 = CARTESIAN_POINT('',(0.,-1.51755));
#2574 = CARTESIAN_POINT('',(-1.570796326795,-1.51755));
#2575 = ( GEOMETRIC_REPRESENTATION_CONTEXT(2) 
PARAMETRIC_REPRESENTATION_CONTEXT() REPRESENTATION_CONTEXT('2D SPACE',''
  ) );
#2576 = PCURVE('',#2005,#2577);
#2577 = DEFINITIONAL_REPRESENTATION('',(#2578),#2582);
#2578 = CIRCLE('',#2579,10.928011066218);
#2579 = AXIS2_PLACEMENT_2D('',#2580,#2581);
#2580 = CARTESIAN_POINT('',(38.19,98.49));
#2581 = DIRECTION('',(1.,0.));
#2582 = ( GEOMETRIC_REPRESENTATION_CONTEXT(2) 
PARAMETRIC_REPRESENTATION_CONTEXT() REPRESENTATION_CONTEXT('2D SPACE',''
  ) );
#2583 = ADVANCED_FACE('',(#2584),#639,.F.);
#2584 = FACE_BOUND('',#2585,.F.);
#2585 = EDGE_LOOP('',(#2586,#2587,#2588,#2611));
#2586 = ORIENTED_EDGE('',*,*,#2543,.F.);
#2587 = ORIENTED_EDGE('',*,*,#623,.T.);
#2588 = ORIENTED_EDGE('',*,*,#2589,.F.);
#2589 = EDGE_CURVE('',#2590,#596,#2592,.T.);
#2590 = VERTEX_POINT('',#2591);
#2591 = CARTESIAN_POINT('',(4.871128881988,60.173011066218,15.7785));
#2592 = SURFACE_CURVE('',#2593,(#2597,#2604),.PCURVE_S1.);
#2593 = LINE('',#2594,#2595);
#2594 = CARTESIAN_POINT('',(4.87030854167,60.173472141029,
    15.752085041786));
#2595 = VECTOR('',#2596,1.);
#2596 = DIRECTION('',(-3.103621208885E-02,1.74439989278E-02,
    -0.999366029261));
#2597 = PCURVE('',#639,#2598);
#2598 = DEFINITIONAL_REPRESENTATION('',(#2599),#2603);
#2599 = LINE('',#2600,#2601);
#2600 = CARTESIAN_POINT('',(-4.87030854167,-2.641898195338E-02));
#2601 = VECTOR('',#2602,1.);
#2602 = DIRECTION('',(3.103621208885E-02,-0.999518260733));
#2603 = ( GEOMETRIC_REPRESENTATION_CONTEXT(2) 
PARAMETRIC_REPRESENTATION_CONTEXT() REPRESENTATION_CONTEXT('2D SPACE',''
  ) );
#2604 = PCURVE('',#611,#2605);
#2605 = DEFINITIONAL_REPRESENTATION('',(#2606),#2610);
#2606 = LINE('',#2607,#2608);
#2607 = CARTESIAN_POINT('',(-0.126527858971,-0.126976146234));
#2608 = VECTOR('',#2609,1.);
#2609 = DIRECTION('',(1.74439989278E-02,-0.999847841875));
#2610 = ( GEOMETRIC_REPRESENTATION_CONTEXT(2) 
PARAMETRIC_REPRESENTATION_CONTEXT() REPRESENTATION_CONTEXT('2D SPACE',''
  ) );
#2611 = ORIENTED_EDGE('',*,*,#2612,.T.);
#2612 = EDGE_CURVE('',#2590,#2544,#2613,.T.);
#2613 = SURFACE_CURVE('',#2614,(#2618,#2625),.PCURVE_S1.);
#2614 = LINE('',#2615,#2616);
#2615 = CARTESIAN_POINT('',(0.,60.173011066218,15.7785));
#2616 = VECTOR('',#2617,1.);
#2617 = DIRECTION('',(1.,0.,0.));
#2618 = PCURVE('',#639,#2619);
#2619 = DEFINITIONAL_REPRESENTATION('',(#2620),#2624);
#2620 = LINE('',#2621,#2622);
#2621 = CARTESIAN_POINT('',(0.,0.));
#2622 = VECTOR('',#2623,1.);
#2623 = DIRECTION('',(-1.,0.));
#2624 = ( GEOMETRIC_REPRESENTATION_CONTEXT(2) 
PARAMETRIC_REPRESENTATION_CONTEXT() REPRESENTATION_CONTEXT('2D SPACE',''
  ) );
#2625 = PCURVE('',#2005,#2626);
#2626 = DEFINITIONAL_REPRESENTATION('',(#2627),#2631);
#2627 = LINE('',#2628,#2629);
#2628 = CARTESIAN_POINT('',(19.095,109.41801106621));
#2629 = VECTOR('',#2630,1.);
#2630 = DIRECTION('',(1.,0.));
#2631 = ( GEOMETRIC_REPRESENTATION_CONTEXT(2) 
PARAMETRIC_REPRESENTATION_CONTEXT() REPRESENTATION_CONTEXT('2D SPACE',''
  ) );
#2632 = ADVANCED_FACE('',(#2633),#611,.T.);
#2633 = FACE_BOUND('',#2634,.T.);
#2634 = EDGE_LOOP('',(#2635,#2660,#2681,#2682,#2683,#2684,#2707,#2735));
#2635 = ORIENTED_EDGE('',*,*,#2636,.T.);
#2636 = EDGE_CURVE('',#2637,#2639,#2641,.T.);
#2637 = VERTEX_POINT('',#2638);
#2638 = CARTESIAN_POINT('',(4.824312111801,59.295,14.271));
#2639 = VERTEX_POINT('',#2640);
#2640 = CARTESIAN_POINT('',(4.824,59.294824576597,14.26095));
#2641 = SURFACE_CURVE('',#2642,(#2646,#2653),.PCURVE_S1.);
#2642 = LINE('',#2643,#2644);
#2643 = CARTESIAN_POINT('',(4.847222008554,59.307876578277,
    15.008698675432));
#2644 = VECTOR('',#2645,1.);
#2645 = DIRECTION('',(-3.103621208885E-02,-1.74439989278E-02,
    -0.999366029261));
#2646 = PCURVE('',#611,#2647);
#2647 = DEFINITIONAL_REPRESENTATION('',(#2648),#2652);
#2648 = LINE('',#2649,#2650);
#2649 = CARTESIAN_POINT('',(-0.992123421723,-0.870720912731));
#2650 = VECTOR('',#2651,1.);
#2651 = DIRECTION('',(-1.74439989278E-02,-0.999847841875));
#2652 = ( GEOMETRIC_REPRESENTATION_CONTEXT(2) 
PARAMETRIC_REPRESENTATION_CONTEXT() REPRESENTATION_CONTEXT('2D SPACE',''
  ) );
#2653 = PCURVE('',#1402,#2654);
#2654 = DEFINITIONAL_REPRESENTATION('',(#2655),#2659);
#2655 = LINE('',#2656,#2657);
#2656 = CARTESIAN_POINT('',(-4.847222008554,0.737811047628));
#2657 = VECTOR('',#2658,1.);
#2658 = DIRECTION('',(3.103621208885E-02,-0.999518260733));
#2659 = ( GEOMETRIC_REPRESENTATION_CONTEXT(2) 
PARAMETRIC_REPRESENTATION_CONTEXT() REPRESENTATION_CONTEXT('2D SPACE',''
  ) );
#2660 = ORIENTED_EDGE('',*,*,#2661,.T.);
#2661 = EDGE_CURVE('',#2639,#1190,#2662,.T.);
#2662 = SURFACE_CURVE('',#2663,(#2667,#2674),.PCURVE_S1.);
#2663 = LINE('',#2664,#2665);
#2664 = CARTESIAN_POINT('',(4.824,60.3,14.26095));
#2665 = VECTOR('',#2666,1.);
#2666 = DIRECTION('',(0.,1.,0.));
#2667 = PCURVE('',#611,#2668);
#2668 = DEFINITIONAL_REPRESENTATION('',(#2669),#2673);
#2669 = LINE('',#2670,#2671);
#2670 = CARTESIAN_POINT('',(0.,-1.618830091455));
#2671 = VECTOR('',#2672,1.);
#2672 = DIRECTION('',(1.,0.));
#2673 = ( GEOMETRIC_REPRESENTATION_CONTEXT(2) 
PARAMETRIC_REPRESENTATION_CONTEXT() REPRESENTATION_CONTEXT('2D SPACE',''
  ) );
#2674 = PCURVE('',#1228,#2675);
#2675 = DEFINITIONAL_REPRESENTATION('',(#2676),#2680);
#2676 = LINE('',#2677,#2678);
#2677 = CARTESIAN_POINT('',(0.59295,-2.01));
#2678 = VECTOR('',#2679,1.);
#2679 = DIRECTION('',(0.,-1.));
#2680 = ( GEOMETRIC_REPRESENTATION_CONTEXT(2) 
PARAMETRIC_REPRESENTATION_CONTEXT() REPRESENTATION_CONTEXT('2D SPACE',''
  ) );
#2681 = ORIENTED_EDGE('',*,*,#1189,.F.);
#2682 = ORIENTED_EDGE('',*,*,#595,.F.);
#2683 = ORIENTED_EDGE('',*,*,#2589,.F.);
#2684 = ORIENTED_EDGE('',*,*,#2685,.F.);
#2685 = EDGE_CURVE('',#2686,#2590,#2688,.T.);
#2686 = VERTEX_POINT('',#2687);
#2687 = CARTESIAN_POINT('',(4.871128881988,59.321315803496,15.7785));
#2688 = SURFACE_CURVE('',#2689,(#2693,#2700),.PCURVE_S1.);
#2689 = LINE('',#2690,#2691);
#2690 = CARTESIAN_POINT('',(4.871128881988,5.5275,15.7785));
#2691 = VECTOR('',#2692,1.);
#2692 = DIRECTION('',(-0.,1.,0.));
#2693 = PCURVE('',#611,#2694);
#2694 = DEFINITIONAL_REPRESENTATION('',(#2695),#2699);
#2695 = LINE('',#2696,#2697);
#2696 = CARTESIAN_POINT('',(-54.7725,-0.100548452885));
#2697 = VECTOR('',#2698,1.);
#2698 = DIRECTION('',(1.,0.));
#2699 = ( GEOMETRIC_REPRESENTATION_CONTEXT(2) 
PARAMETRIC_REPRESENTATION_CONTEXT() REPRESENTATION_CONTEXT('2D SPACE',''
  ) );
#2700 = PCURVE('',#2005,#2701);
#2701 = DEFINITIONAL_REPRESENTATION('',(#2702),#2706);
#2702 = LINE('',#2703,#2704);
#2703 = CARTESIAN_POINT('',(23.966128881988,54.7725));
#2704 = VECTOR('',#2705,1.);
#2705 = DIRECTION('',(0.,1.));
#2706 = ( GEOMETRIC_REPRESENTATION_CONTEXT(2) 
PARAMETRIC_REPRESENTATION_CONTEXT() REPRESENTATION_CONTEXT('2D SPACE',''
  ) );
#2707 = ORIENTED_EDGE('',*,*,#2708,.T.);
#2708 = EDGE_CURVE('',#2686,#2709,#2711,.T.);
#2709 = VERTEX_POINT('',#2710);
#2710 = CARTESIAN_POINT('',(4.824312111801,59.295346260572,14.271));
#2711 = SURFACE_CURVE('',#2712,(#2716,#2723),.PCURVE_S1.);
#2712 = LINE('',#2713,#2714);
#2713 = CARTESIAN_POINT('',(4.870760283309,59.3211113396,15.766631122547
    ));
#2714 = VECTOR('',#2715,1.);
#2715 = DIRECTION('',(-3.103633473505E-02,-1.721604083061E-02,
    -0.999369978469));
#2716 = PCURVE('',#611,#2717);
#2717 = DEFINITIONAL_REPRESENTATION('',(#2718),#2722);
#2718 = LINE('',#2719,#2720);
#2719 = CARTESIAN_POINT('',(-0.9788886604,-0.112423052541));
#2720 = VECTOR('',#2721,1.);
#2721 = DIRECTION('',(-1.721604083061E-02,-0.999851792986));
#2722 = ( GEOMETRIC_REPRESENTATION_CONTEXT(2) 
PARAMETRIC_REPRESENTATION_CONTEXT() REPRESENTATION_CONTEXT('2D SPACE',''
  ) );
#2723 = PCURVE('',#2724,#2729);
#2724 = PLANE('',#2725);
#2725 = AXIS2_PLACEMENT_3D('',#2726,#2727,#2728);
#2726 = CARTESIAN_POINT('',(0.,59.321488933782,15.78855));
#2727 = DIRECTION('',(0.,0.999851650077,-1.722433853643E-02));
#2728 = DIRECTION('',(-1.,0.,-0.));
#2729 = DEFINITIONAL_REPRESENTATION('',(#2730),#2734);
#2730 = LINE('',#2731,#2732);
#2731 = CARTESIAN_POINT('',(-4.870760283309,-2.192212959908E-02));
#2732 = VECTOR('',#2733,1.);
#2733 = DIRECTION('',(3.103633473505E-02,-0.999518256925));
#2734 = ( GEOMETRIC_REPRESENTATION_CONTEXT(2) 
PARAMETRIC_REPRESENTATION_CONTEXT() REPRESENTATION_CONTEXT('2D SPACE',''
  ) );
#2735 = ORIENTED_EDGE('',*,*,#2736,.F.);
#2736 = EDGE_CURVE('',#2637,#2709,#2737,.T.);
#2737 = SURFACE_CURVE('',#2738,(#2742,#2749),.PCURVE_S1.);
#2738 = LINE('',#2739,#2740);
#2739 = CARTESIAN_POINT('',(4.824312111801,5.5275,14.271));
#2740 = VECTOR('',#2741,1.);
#2741 = DIRECTION('',(-0.,1.,0.));
#2742 = PCURVE('',#611,#2743);
#2743 = DEFINITIONAL_REPRESENTATION('',(#2744),#2748);
#2744 = LINE('',#2745,#2746);
#2745 = CARTESIAN_POINT('',(-54.7725,-1.608775246166));
#2746 = VECTOR('',#2747,1.);
#2747 = DIRECTION('',(1.,0.));
#2748 = ( GEOMETRIC_REPRESENTATION_CONTEXT(2) 
PARAMETRIC_REPRESENTATION_CONTEXT() REPRESENTATION_CONTEXT('2D SPACE',''
  ) );
#2749 = PCURVE('',#1949,#2750);
#2750 = DEFINITIONAL_REPRESENTATION('',(#2751),#2755);
#2751 = LINE('',#2752,#2753);
#2752 = CARTESIAN_POINT('',(23.919312111801,54.7725));
#2753 = VECTOR('',#2754,1.);
#2754 = DIRECTION('',(0.,1.));
#2755 = ( GEOMETRIC_REPRESENTATION_CONTEXT(2) 
PARAMETRIC_REPRESENTATION_CONTEXT() REPRESENTATION_CONTEXT('2D SPACE',''
  ) );
#2756 = ADVANCED_FACE('',(#2757),#1348,.F.);
#2757 = FACE_BOUND('',#2758,.F.);
#2758 = EDGE_LOOP('',(#2759,#2760,#2783,#2803));
#2759 = ORIENTED_EDGE('',*,*,#1363,.F.);
#2760 = ORIENTED_EDGE('',*,*,#2761,.T.);
#2761 = EDGE_CURVE('',#1364,#2762,#2764,.T.);
#2762 = VERTEX_POINT('',#2763);
#2763 = CARTESIAN_POINT('',(-4.824,59.284474595848,13.668));
#2764 = SURFACE_CURVE('',#2765,(#2769,#2776),.PCURVE_S1.);
#2765 = LINE('',#2766,#2767);
#2766 = CARTESIAN_POINT('',(-4.824,59.289585846161,13.96082333428));
#2767 = VECTOR('',#2768,1.);
#2768 = DIRECTION('',(0.,-1.745240643728E-02,-0.999847695156));
#2769 = PCURVE('',#1348,#2770);
#2770 = DEFINITIONAL_REPRESENTATION('',(#2771),#2775);
#2771 = LINE('',#2772,#2773);
#2772 = CARTESIAN_POINT('',(0.29282333428,-0.999585846161));
#2773 = VECTOR('',#2774,1.);
#2774 = DIRECTION('',(-0.999847695156,1.745240643728E-02));
#2775 = ( GEOMETRIC_REPRESENTATION_CONTEXT(2) 
PARAMETRIC_REPRESENTATION_CONTEXT() REPRESENTATION_CONTEXT('2D SPACE',''
  ) );
#2776 = PCURVE('',#1402,#2777);
#2777 = DEFINITIONAL_REPRESENTATION('',(#2778),#2782);
#2778 = LINE('',#2779,#2780);
#2779 = CARTESIAN_POINT('',(4.824,-0.310223914324));
#2780 = VECTOR('',#2781,1.);
#2781 = DIRECTION('',(0.,-1.));
#2782 = ( GEOMETRIC_REPRESENTATION_CONTEXT(2) 
PARAMETRIC_REPRESENTATION_CONTEXT() REPRESENTATION_CONTEXT('2D SPACE',''
  ) );
#2783 = ORIENTED_EDGE('',*,*,#2784,.T.);
#2784 = EDGE_CURVE('',#2762,#1302,#2785,.T.);
#2785 = SURFACE_CURVE('',#2786,(#2790,#2797),.PCURVE_S1.);
#2786 = LINE('',#2787,#2788);
#2787 = CARTESIAN_POINT('',(-4.824,58.29,13.668));
#2788 = VECTOR('',#2789,1.);
#2789 = DIRECTION('',(-0.,1.,-0.));
#2790 = PCURVE('',#1348,#2791);
#2791 = DEFINITIONAL_REPRESENTATION('',(#2792),#2796);
#2792 = LINE('',#2793,#2794);
#2793 = CARTESIAN_POINT('',(0.,0.));
#2794 = VECTOR('',#2795,1.);
#2795 = DIRECTION('',(0.,-1.));
#2796 = ( GEOMETRIC_REPRESENTATION_CONTEXT(2) 
PARAMETRIC_REPRESENTATION_CONTEXT() REPRESENTATION_CONTEXT('2D SPACE',''
  ) );
#2797 = PCURVE('',#1318,#2798);
#2798 = DEFINITIONAL_REPRESENTATION('',(#2799),#2802);
#2799 = B_SPLINE_CURVE_WITH_KNOTS('',1,(#2800,#2801),.UNSPECIFIED.,.F.,
  .F.,(2,2),(0.994474595848,2.999209889294),.PIECEWISE_BEZIER_KNOTS.);
#2800 = CARTESIAN_POINT('',(3.14159265359,-0.994474595848));
#2801 = CARTESIAN_POINT('',(3.14159265359,-2.999209889294));
#2802 = ( GEOMETRIC_REPRESENTATION_CONTEXT(2) 
PARAMETRIC_REPRESENTATION_CONTEXT() REPRESENTATION_CONTEXT('2D SPACE',''
  ) );
#2803 = ORIENTED_EDGE('',*,*,#1334,.F.);
#2804 = ADVANCED_FACE('',(#2805),#1318,.T.);
#2805 = FACE_BOUND('',#2806,.T.);
#2806 = EDGE_LOOP('',(#2807,#2835,#2836,#2837));
#2807 = ORIENTED_EDGE('',*,*,#2808,.T.);
#2808 = EDGE_CURVE('',#2809,#2762,#2811,.T.);
#2809 = VERTEX_POINT('',#2810);
#2810 = CARTESIAN_POINT('',(-3.417,59.259915319494,12.261));
#2811 = SURFACE_CURVE('',#2812,(#2817,#2828),.PCURVE_S1.);
#2812 = ELLIPSE('',#2813,1.407214325558,1.407);
#2813 = AXIS2_PLACEMENT_3D('',#2814,#2815,#2816);
#2814 = CARTESIAN_POINT('',(-3.417,59.284474595848,13.668));
#2815 = DIRECTION('',(0.,0.999847695156,-1.745240643728E-02));
#2816 = DIRECTION('',(0.,-1.745240643728E-02,-0.999847695156));
#2817 = PCURVE('',#1318,#2818);
#2818 = DEFINITIONAL_REPRESENTATION('',(#2819),#2827);
#2819 = B_SPLINE_CURVE_WITH_KNOTS('',6,(#2820,#2821,#2822,#2823,#2824,
    #2825,#2826),.UNSPECIFIED.,.F.,.F.,(7,7),(3.172070510275E-16,
    1.570796326795),.PIECEWISE_BEZIER_KNOTS.);
#2820 = CARTESIAN_POINT('',(4.712388980385,-0.969915319494));
#2821 = CARTESIAN_POINT('',(4.450589592586,-0.969915319494));
#2822 = CARTESIAN_POINT('',(4.188790204786,-0.971934813609));
#2823 = CARTESIAN_POINT('',(3.926990816987,-0.975976803859));
#2824 = CARTESIAN_POINT('',(3.665191429188,-0.98161587994));
#2825 = CARTESIAN_POINT('',(3.403392041389,-0.988044992334));
#2826 = CARTESIAN_POINT('',(3.14159265359,-0.994474595848));
#2827 = ( GEOMETRIC_REPRESENTATION_CONTEXT(2) 
PARAMETRIC_REPRESENTATION_CONTEXT() REPRESENTATION_CONTEXT('2D SPACE',''
  ) );
#2828 = PCURVE('',#1402,#2829);
#2829 = DEFINITIONAL_REPRESENTATION('',(#2830),#2834);
#2830 = ELLIPSE('',#2831,1.407214325558,1.407);
#2831 = AXIS2_PLACEMENT_2D('',#2832,#2833);
#2832 = CARTESIAN_POINT('',(3.417,-0.60309185381));
#2833 = DIRECTION('',(0.,-1.));
#2834 = ( GEOMETRIC_REPRESENTATION_CONTEXT(2) 
PARAMETRIC_REPRESENTATION_CONTEXT() REPRESENTATION_CONTEXT('2D SPACE',''
  ) );
#2835 = ORIENTED_EDGE('',*,*,#2784,.T.);
#2836 = ORIENTED_EDGE('',*,*,#1301,.F.);
#2837 = ORIENTED_EDGE('',*,*,#2838,.F.);
#2838 = EDGE_CURVE('',#2809,#1274,#2839,.T.);
#2839 = SURFACE_CURVE('',#2840,(#2844,#2850),.PCURVE_S1.);
#2840 = LINE('',#2841,#2842);
#2841 = CARTESIAN_POINT('',(-3.417,58.29,12.261));
#2842 = VECTOR('',#2843,1.);
#2843 = DIRECTION('',(-0.,1.,-0.));
#2844 = PCURVE('',#1318,#2845);
#2845 = DEFINITIONAL_REPRESENTATION('',(#2846),#2849);
#2846 = B_SPLINE_CURVE_WITH_KNOTS('',1,(#2847,#2848),.UNSPECIFIED.,.F.,
  .F.,(2,2),(0.969915319494,2.962366297646),.PIECEWISE_BEZIER_KNOTS.);
#2847 = CARTESIAN_POINT('',(4.712388980385,-0.969915319494));
#2848 = CARTESIAN_POINT('',(4.712388980385,-2.962366297646));
#2849 = ( GEOMETRIC_REPRESENTATION_CONTEXT(2) 
PARAMETRIC_REPRESENTATION_CONTEXT() REPRESENTATION_CONTEXT('2D SPACE',''
  ) );
#2850 = PCURVE('',#1289,#2851);
#2851 = DEFINITIONAL_REPRESENTATION('',(#2852),#2856);
#2852 = LINE('',#2853,#2854);
#2853 = CARTESIAN_POINT('',(0.,0.));
#2854 = VECTOR('',#2855,1.);
#2855 = DIRECTION('',(0.,-1.));
#2856 = ( GEOMETRIC_REPRESENTATION_CONTEXT(2) 
PARAMETRIC_REPRESENTATION_CONTEXT() REPRESENTATION_CONTEXT('2D SPACE',''
  ) );
#2857 = ADVANCED_FACE('',(#2858),#1289,.T.);
#2858 = FACE_BOUND('',#2859,.T.);
#2859 = EDGE_LOOP('',(#2860,#2883,#2884,#2885));
#2860 = ORIENTED_EDGE('',*,*,#2861,.T.);
#2861 = EDGE_CURVE('',#2862,#2809,#2864,.T.);
#2862 = VERTEX_POINT('',#2863);
#2863 = CARTESIAN_POINT('',(3.417,59.259915319494,12.261));
#2864 = SURFACE_CURVE('',#2865,(#2869,#2876),.PCURVE_S1.);
#2865 = LINE('',#2866,#2867);
#2866 = CARTESIAN_POINT('',(-1.7085,59.259915319494,12.261));
#2867 = VECTOR('',#2868,1.);
#2868 = DIRECTION('',(-1.,0.,0.));
#2869 = PCURVE('',#1289,#2870);
#2870 = DEFINITIONAL_REPRESENTATION('',(#2871),#2875);
#2871 = LINE('',#2872,#2873);
#2872 = CARTESIAN_POINT('',(1.7085,-0.969915319494));
#2873 = VECTOR('',#2874,1.);
#2874 = DIRECTION('',(-1.,0.));
#2875 = ( GEOMETRIC_REPRESENTATION_CONTEXT(2) 
PARAMETRIC_REPRESENTATION_CONTEXT() REPRESENTATION_CONTEXT('2D SPACE',''
  ) );
#2876 = PCURVE('',#1402,#2877);
#2877 = DEFINITIONAL_REPRESENTATION('',(#2878),#2882);
#2878 = LINE('',#2879,#2880);
#2879 = CARTESIAN_POINT('',(1.7085,-2.010306179368));
#2880 = VECTOR('',#2881,1.);
#2881 = DIRECTION('',(1.,0.));
#2882 = ( GEOMETRIC_REPRESENTATION_CONTEXT(2) 
PARAMETRIC_REPRESENTATION_CONTEXT() REPRESENTATION_CONTEXT('2D SPACE',''
  ) );
#2883 = ORIENTED_EDGE('',*,*,#2838,.T.);
#2884 = ORIENTED_EDGE('',*,*,#1273,.F.);
#2885 = ORIENTED_EDGE('',*,*,#2886,.F.);
#2886 = EDGE_CURVE('',#2862,#1241,#2887,.T.);
#2887 = SURFACE_CURVE('',#2888,(#2892,#2899),.PCURVE_S1.);
#2888 = LINE('',#2889,#2890);
#2889 = CARTESIAN_POINT('',(3.417,58.29,12.261));
#2890 = VECTOR('',#2891,1.);
#2891 = DIRECTION('',(-0.,1.,-0.));
#2892 = PCURVE('',#1289,#2893);
#2893 = DEFINITIONAL_REPRESENTATION('',(#2894),#2898);
#2894 = LINE('',#2895,#2896);
#2895 = CARTESIAN_POINT('',(6.834,0.));
#2896 = VECTOR('',#2897,1.);
#2897 = DIRECTION('',(0.,-1.));
#2898 = ( GEOMETRIC_REPRESENTATION_CONTEXT(2) 
PARAMETRIC_REPRESENTATION_CONTEXT() REPRESENTATION_CONTEXT('2D SPACE',''
  ) );
#2899 = PCURVE('',#1257,#2900);
#2900 = DEFINITIONAL_REPRESENTATION('',(#2901),#2904);
#2901 = B_SPLINE_CURVE_WITH_KNOTS('',1,(#2902,#2903),.UNSPECIFIED.,.F.,
  .F.,(2,2),(0.969915319494,2.962366297646),.PIECEWISE_BEZIER_KNOTS.);
#2902 = CARTESIAN_POINT('',(4.712388980385,-0.969915319494));
#2903 = CARTESIAN_POINT('',(4.712388980385,-2.962366297646));
#2904 = ( GEOMETRIC_REPRESENTATION_CONTEXT(2) 
PARAMETRIC_REPRESENTATION_CONTEXT() REPRESENTATION_CONTEXT('2D SPACE',''
  ) );
#2905 = ADVANCED_FACE('',(#2906),#1257,.T.);
#2906 = FACE_BOUND('',#2907,.T.);
#2907 = EDGE_LOOP('',(#2908,#2936,#2937,#2938));
#2908 = ORIENTED_EDGE('',*,*,#2909,.T.);
#2909 = EDGE_CURVE('',#2910,#2862,#2912,.T.);
#2910 = VERTEX_POINT('',#2911);
#2911 = CARTESIAN_POINT('',(4.824,59.284474595848,13.668));
#2912 = SURFACE_CURVE('',#2913,(#2918,#2929),.PCURVE_S1.);
#2913 = ELLIPSE('',#2914,1.407214325558,1.407);
#2914 = AXIS2_PLACEMENT_3D('',#2915,#2916,#2917);
#2915 = CARTESIAN_POINT('',(3.417,59.284474595848,13.668));
#2916 = DIRECTION('',(0.,0.999847695156,-1.745240643728E-02));
#2917 = DIRECTION('',(0.,-1.745240643728E-02,-0.999847695156));
#2918 = PCURVE('',#1257,#2919);
#2919 = DEFINITIONAL_REPRESENTATION('',(#2920),#2928);
#2920 = B_SPLINE_CURVE_WITH_KNOTS('',6,(#2921,#2922,#2923,#2924,#2925,
    #2926,#2927),.UNSPECIFIED.,.F.,.F.,(7,7),(4.712388980385,
    6.28318530718),.PIECEWISE_BEZIER_KNOTS.);
#2921 = CARTESIAN_POINT('',(6.28318530718,-0.994474595848));
#2922 = CARTESIAN_POINT('',(6.02138591938,-0.988044992334));
#2923 = CARTESIAN_POINT('',(5.759586531581,-0.98161587994));
#2924 = CARTESIAN_POINT('',(5.497787143782,-0.975976803859));
#2925 = CARTESIAN_POINT('',(5.235987755983,-0.971934813609));
#2926 = CARTESIAN_POINT('',(4.974188368184,-0.969915319494));
#2927 = CARTESIAN_POINT('',(4.712388980385,-0.969915319494));
#2928 = ( GEOMETRIC_REPRESENTATION_CONTEXT(2) 
PARAMETRIC_REPRESENTATION_CONTEXT() REPRESENTATION_CONTEXT('2D SPACE',''
  ) );
#2929 = PCURVE('',#1402,#2930);
#2930 = DEFINITIONAL_REPRESENTATION('',(#2931),#2935);
#2931 = ELLIPSE('',#2932,1.407214325558,1.407);
#2932 = AXIS2_PLACEMENT_2D('',#2933,#2934);
#2933 = CARTESIAN_POINT('',(-3.417,-0.60309185381));
#2934 = DIRECTION('',(0.,-1.));
#2935 = ( GEOMETRIC_REPRESENTATION_CONTEXT(2) 
PARAMETRIC_REPRESENTATION_CONTEXT() REPRESENTATION_CONTEXT('2D SPACE',''
  ) );
#2936 = ORIENTED_EDGE('',*,*,#2886,.T.);
#2937 = ORIENTED_EDGE('',*,*,#1240,.F.);
#2938 = ORIENTED_EDGE('',*,*,#2939,.F.);
#2939 = EDGE_CURVE('',#2910,#1213,#2940,.T.);
#2940 = SURFACE_CURVE('',#2941,(#2945,#2951),.PCURVE_S1.);
#2941 = LINE('',#2942,#2943);
#2942 = CARTESIAN_POINT('',(4.824,58.29,13.668));
#2943 = VECTOR('',#2944,1.);
#2944 = DIRECTION('',(-0.,1.,-0.));
#2945 = PCURVE('',#1257,#2946);
#2946 = DEFINITIONAL_REPRESENTATION('',(#2947),#2950);
#2947 = B_SPLINE_CURVE_WITH_KNOTS('',1,(#2948,#2949),.UNSPECIFIED.,.F.,
  .F.,(2,2),(0.994474595848,2.999209889294),.PIECEWISE_BEZIER_KNOTS.);
#2948 = CARTESIAN_POINT('',(6.28318530718,-0.994474595848));
#2949 = CARTESIAN_POINT('',(6.28318530718,-2.999209889294));
#2950 = ( GEOMETRIC_REPRESENTATION_CONTEXT(2) 
PARAMETRIC_REPRESENTATION_CONTEXT() REPRESENTATION_CONTEXT('2D SPACE',''
  ) );
#2951 = PCURVE('',#1228,#2952);
#2952 = DEFINITIONAL_REPRESENTATION('',(#2953),#2957);
#2953 = LINE('',#2954,#2955);
#2954 = CARTESIAN_POINT('',(0.,0.));
#2955 = VECTOR('',#2956,1.);
#2956 = DIRECTION('',(0.,-1.));
#2957 = ( GEOMETRIC_REPRESENTATION_CONTEXT(2) 
PARAMETRIC_REPRESENTATION_CONTEXT() REPRESENTATION_CONTEXT('2D SPACE',''
  ) );
#2958 = ADVANCED_FACE('',(#2959),#1228,.T.);
#2959 = FACE_BOUND('',#2960,.T.);
#2960 = EDGE_LOOP('',(#2961,#2962,#2983,#2984));
#2961 = ORIENTED_EDGE('',*,*,#2661,.F.);
#2962 = ORIENTED_EDGE('',*,*,#2963,.T.);
#2963 = EDGE_CURVE('',#2639,#2910,#2964,.T.);
#2964 = SURFACE_CURVE('',#2965,(#2969,#2976),.PCURVE_S1.);
#2965 = LINE('',#2966,#2967);
#2966 = CARTESIAN_POINT('',(4.824,59.289585846161,13.96082333428));
#2967 = VECTOR('',#2968,1.);
#2968 = DIRECTION('',(0.,-1.745240643728E-02,-0.999847695156));
#2969 = PCURVE('',#1228,#2970);
#2970 = DEFINITIONAL_REPRESENTATION('',(#2971),#2975);
#2971 = LINE('',#2972,#2973);
#2972 = CARTESIAN_POINT('',(0.29282333428,-0.999585846161));
#2973 = VECTOR('',#2974,1.);
#2974 = DIRECTION('',(-0.999847695156,1.745240643728E-02));
#2975 = ( GEOMETRIC_REPRESENTATION_CONTEXT(2) 
PARAMETRIC_REPRESENTATION_CONTEXT() REPRESENTATION_CONTEXT('2D SPACE',''
  ) );
#2976 = PCURVE('',#1402,#2977);
#2977 = DEFINITIONAL_REPRESENTATION('',(#2978),#2982);
#2978 = LINE('',#2979,#2980);
#2979 = CARTESIAN_POINT('',(-4.824,-0.310223914324));
#2980 = VECTOR('',#2981,1.);
#2981 = DIRECTION('',(0.,-1.));
#2982 = ( GEOMETRIC_REPRESENTATION_CONTEXT(2) 
PARAMETRIC_REPRESENTATION_CONTEXT() REPRESENTATION_CONTEXT('2D SPACE',''
  ) );
#2983 = ORIENTED_EDGE('',*,*,#2939,.T.);
#2984 = ORIENTED_EDGE('',*,*,#1212,.F.);
#2985 = ADVANCED_FACE('',(#2986),#1486,.F.);
#2986 = FACE_BOUND('',#2987,.F.);
#2987 = EDGE_LOOP('',(#2988,#2989,#2990,#2991,#2992,#3015,#3043,#3071,
    #3099,#3120,#3121,#3122));
#2988 = ORIENTED_EDGE('',*,*,#1637,.F.);
#2989 = ORIENTED_EDGE('',*,*,#1684,.T.);
#2990 = ORIENTED_EDGE('',*,*,#1733,.T.);
#2991 = ORIENTED_EDGE('',*,*,#1783,.F.);
#2992 = ORIENTED_EDGE('',*,*,#2993,.F.);
#2993 = EDGE_CURVE('',#2994,#1784,#2996,.T.);
#2994 = VERTEX_POINT('',#2995);
#2995 = CARTESIAN_POINT('',(-19.095,-59.32131580349,15.7785));
#2996 = SURFACE_CURVE('',#2997,(#3001,#3008),.PCURVE_S1.);
#2997 = LINE('',#2998,#2999);
#2998 = CARTESIAN_POINT('',(-9.5475,-59.32131580349,15.7785));
#2999 = VECTOR('',#3000,1.);
#3000 = DIRECTION('',(1.,0.,-0.));
#3001 = PCURVE('',#1486,#3002);
#3002 = DEFINITIONAL_REPRESENTATION('',(#3003),#3007);
#3003 = LINE('',#3004,#3005);
#3004 = CARTESIAN_POINT('',(9.5475,-10.07631580349));
#3005 = VECTOR('',#3006,1.);
#3006 = DIRECTION('',(1.,0.));
#3007 = ( GEOMETRIC_REPRESENTATION_CONTEXT(2) 
PARAMETRIC_REPRESENTATION_CONTEXT() REPRESENTATION_CONTEXT('2D SPACE',''
  ) );
#3008 = PCURVE('',#1822,#3009);
#3009 = DEFINITIONAL_REPRESENTATION('',(#3010),#3014);
#3010 = LINE('',#3011,#3012);
#3011 = CARTESIAN_POINT('',(-9.5475,-1.005149113793E-02));
#3012 = VECTOR('',#3013,1.);
#3013 = DIRECTION('',(1.,0.));
#3014 = ( GEOMETRIC_REPRESENTATION_CONTEXT(2) 
PARAMETRIC_REPRESENTATION_CONTEXT() REPRESENTATION_CONTEXT('2D SPACE',''
  ) );
#3015 = ORIENTED_EDGE('',*,*,#3016,.F.);
#3016 = EDGE_CURVE('',#3017,#2994,#3019,.T.);
#3017 = VERTEX_POINT('',#3018);
#3018 = CARTESIAN_POINT('',(-29.17131580349,-49.245,15.7785));
#3019 = SURFACE_CURVE('',#3020,(#3025,#3032),.PCURVE_S1.);
#3020 = CIRCLE('',#3021,10.076315803496);
#3021 = AXIS2_PLACEMENT_3D('',#3022,#3023,#3024);
#3022 = CARTESIAN_POINT('',(-19.095,-49.245,15.7785));
#3023 = DIRECTION('',(0.,0.,1.));
#3024 = DIRECTION('',(1.,0.,-0.));
#3025 = PCURVE('',#1486,#3026);
#3026 = DEFINITIONAL_REPRESENTATION('',(#3027),#3031);
#3027 = CIRCLE('',#3028,10.076315803496);
#3028 = AXIS2_PLACEMENT_2D('',#3029,#3030);
#3029 = CARTESIAN_POINT('',(0.,0.));
#3030 = DIRECTION('',(1.,0.));
#3031 = ( GEOMETRIC_REPRESENTATION_CONTEXT(2) 
PARAMETRIC_REPRESENTATION_CONTEXT() REPRESENTATION_CONTEXT('2D SPACE',''
  ) );
#3032 = PCURVE('',#3033,#3038);
#3033 = CONICAL_SURFACE('',#3034,10.05,1.722519033007E-02);
#3034 = AXIS2_PLACEMENT_3D('',#3035,#3036,#3037);
#3035 = CARTESIAN_POINT('',(-19.095,-49.245,14.2509));
#3036 = DIRECTION('',(0.,0.,1.));
#3037 = DIRECTION('',(1.,0.,0.));
#3038 = DEFINITIONAL_REPRESENTATION('',(#3039),#3042);
#3039 = B_SPLINE_CURVE_WITH_KNOTS('',1,(#3040,#3041),.UNSPECIFIED.,.F.,
  .F.,(2,2),(3.14159265359,4.712388980385),.PIECEWISE_BEZIER_KNOTS.);
#3040 = CARTESIAN_POINT('',(3.14159265359,1.5276));
#3041 = CARTESIAN_POINT('',(4.712388980385,1.5276));
#3042 = ( GEOMETRIC_REPRESENTATION_CONTEXT(2) 
PARAMETRIC_REPRESENTATION_CONTEXT() REPRESENTATION_CONTEXT('2D SPACE',''
  ) );
#3043 = ORIENTED_EDGE('',*,*,#3044,.F.);
#3044 = EDGE_CURVE('',#3045,#3017,#3047,.T.);
#3045 = VERTEX_POINT('',#3046);
#3046 = CARTESIAN_POINT('',(-29.17131580349,49.245,15.7785));
#3047 = SURFACE_CURVE('',#3048,(#3052,#3059),.PCURVE_S1.);
#3048 = LINE('',#3049,#3050);
#3049 = CARTESIAN_POINT('',(-29.17131580349,-24.6225,15.7785));
#3050 = VECTOR('',#3051,1.);
#3051 = DIRECTION('',(-0.,-1.,0.));
#3052 = PCURVE('',#1486,#3053);
#3053 = DEFINITIONAL_REPRESENTATION('',(#3054),#3058);
#3054 = LINE('',#3055,#3056);
#3055 = CARTESIAN_POINT('',(-10.07631580349,24.6225));
#3056 = VECTOR('',#3057,1.);
#3057 = DIRECTION('',(0.,-1.));
#3058 = ( GEOMETRIC_REPRESENTATION_CONTEXT(2) 
PARAMETRIC_REPRESENTATION_CONTEXT() REPRESENTATION_CONTEXT('2D SPACE',''
  ) );
#3059 = PCURVE('',#3060,#3065);
#3060 = PLANE('',#3061);
#3061 = AXIS2_PLACEMENT_3D('',#3062,#3063,#3064);
#3062 = CARTESIAN_POINT('',(-29.17148893378,0.,15.78855));
#3063 = DIRECTION('',(-0.999851650077,0.,-1.722433853642E-02));
#3064 = DIRECTION('',(0.,-1.,-0.));
#3065 = DEFINITIONAL_REPRESENTATION('',(#3066),#3070);
#3066 = LINE('',#3067,#3068);
#3067 = CARTESIAN_POINT('',(24.6225,-1.005149113793E-02));
#3068 = VECTOR('',#3069,1.);
#3069 = DIRECTION('',(1.,0.));
#3070 = ( GEOMETRIC_REPRESENTATION_CONTEXT(2) 
PARAMETRIC_REPRESENTATION_CONTEXT() REPRESENTATION_CONTEXT('2D SPACE',''
  ) );
#3071 = ORIENTED_EDGE('',*,*,#3072,.F.);
#3072 = EDGE_CURVE('',#3073,#3045,#3075,.T.);
#3073 = VERTEX_POINT('',#3074);
#3074 = CARTESIAN_POINT('',(-19.095,59.321315803496,15.7785));
#3075 = SURFACE_CURVE('',#3076,(#3081,#3088),.PCURVE_S1.);
#3076 = CIRCLE('',#3077,10.076315803496);
#3077 = AXIS2_PLACEMENT_3D('',#3078,#3079,#3080);
#3078 = CARTESIAN_POINT('',(-19.095,49.245,15.7785));
#3079 = DIRECTION('',(0.,0.,1.));
#3080 = DIRECTION('',(1.,0.,-0.));
#3081 = PCURVE('',#1486,#3082);
#3082 = DEFINITIONAL_REPRESENTATION('',(#3083),#3087);
#3083 = CIRCLE('',#3084,10.076315803496);
#3084 = AXIS2_PLACEMENT_2D('',#3085,#3086);
#3085 = CARTESIAN_POINT('',(0.,98.49));
#3086 = DIRECTION('',(1.,0.));
#3087 = ( GEOMETRIC_REPRESENTATION_CONTEXT(2) 
PARAMETRIC_REPRESENTATION_CONTEXT() REPRESENTATION_CONTEXT('2D SPACE',''
  ) );
#3088 = PCURVE('',#3089,#3094);
#3089 = CONICAL_SURFACE('',#3090,10.05,1.722519033007E-02);
#3090 = AXIS2_PLACEMENT_3D('',#3091,#3092,#3093);
#3091 = CARTESIAN_POINT('',(-19.095,49.245,14.2509));
#3092 = DIRECTION('',(0.,0.,1.));
#3093 = DIRECTION('',(1.,0.,0.));
#3094 = DEFINITIONAL_REPRESENTATION('',(#3095),#3098);
#3095 = B_SPLINE_CURVE_WITH_KNOTS('',1,(#3096,#3097),.UNSPECIFIED.,.F.,
  .F.,(2,2),(1.570796326795,3.14159265359),.PIECEWISE_BEZIER_KNOTS.);
#3096 = CARTESIAN_POINT('',(1.570796326795,1.5276));
#3097 = CARTESIAN_POINT('',(3.14159265359,1.5276));
#3098 = ( GEOMETRIC_REPRESENTATION_CONTEXT(2) 
PARAMETRIC_REPRESENTATION_CONTEXT() REPRESENTATION_CONTEXT('2D SPACE',''
  ) );
#3099 = ORIENTED_EDGE('',*,*,#3100,.F.);
#3100 = EDGE_CURVE('',#1443,#3073,#3101,.T.);
#3101 = SURFACE_CURVE('',#3102,(#3106,#3113),.PCURVE_S1.);
#3102 = LINE('',#3103,#3104);
#3103 = CARTESIAN_POINT('',(-9.5475,59.321315803496,15.7785));
#3104 = VECTOR('',#3105,1.);
#3105 = DIRECTION('',(-1.,0.,0.));
#3106 = PCURVE('',#1486,#3107);
#3107 = DEFINITIONAL_REPRESENTATION('',(#3108),#3112);
#3108 = LINE('',#3109,#3110);
#3109 = CARTESIAN_POINT('',(9.5475,108.56631580349));
#3110 = VECTOR('',#3111,1.);
#3111 = DIRECTION('',(-1.,0.));
#3112 = ( GEOMETRIC_REPRESENTATION_CONTEXT(2) 
PARAMETRIC_REPRESENTATION_CONTEXT() REPRESENTATION_CONTEXT('2D SPACE',''
  ) );
#3113 = PCURVE('',#1458,#3114);
#3114 = DEFINITIONAL_REPRESENTATION('',(#3115),#3119);
#3115 = LINE('',#3116,#3117);
#3116 = CARTESIAN_POINT('',(9.5475,-1.005149113793E-02));
#3117 = VECTOR('',#3118,1.);
#3118 = DIRECTION('',(1.,0.));
#3119 = ( GEOMETRIC_REPRESENTATION_CONTEXT(2) 
PARAMETRIC_REPRESENTATION_CONTEXT() REPRESENTATION_CONTEXT('2D SPACE',''
  ) );
#3120 = ORIENTED_EDGE('',*,*,#1470,.F.);
#3121 = ORIENTED_EDGE('',*,*,#1546,.F.);
#3122 = ORIENTED_EDGE('',*,*,#1592,.T.);
#3123 = ADVANCED_FACE('',(#3124),#1458,.T.);
#3124 = FACE_BOUND('',#3125,.T.);
#3125 = EDGE_LOOP('',(#3126,#3127,#3150,#3168));
#3126 = ORIENTED_EDGE('',*,*,#1442,.F.);
#3127 = ORIENTED_EDGE('',*,*,#3128,.T.);
#3128 = EDGE_CURVE('',#1415,#3129,#3131,.T.);
#3129 = VERTEX_POINT('',#3130);
#3130 = CARTESIAN_POINT('',(-19.095,59.295346260572,14.271));
#3131 = SURFACE_CURVE('',#3132,(#3136,#3143),.PCURVE_S1.);
#3132 = LINE('',#3133,#3134);
#3133 = CARTESIAN_POINT('',(-9.5475,59.295346260572,14.271));
#3134 = VECTOR('',#3135,1.);
#3135 = DIRECTION('',(-1.,0.,0.));
#3136 = PCURVE('',#1458,#3137);
#3137 = DEFINITIONAL_REPRESENTATION('',(#3138),#3142);
#3138 = LINE('',#3139,#3140);
#3139 = CARTESIAN_POINT('',(9.5475,-1.517775161828));
#3140 = VECTOR('',#3141,1.);
#3141 = DIRECTION('',(1.,0.));
#3142 = ( GEOMETRIC_REPRESENTATION_CONTEXT(2) 
PARAMETRIC_REPRESENTATION_CONTEXT() REPRESENTATION_CONTEXT('2D SPACE',''
  ) );
#3143 = PCURVE('',#1430,#3144);
#3144 = DEFINITIONAL_REPRESENTATION('',(#3145),#3149);
#3145 = LINE('',#3146,#3147);
#3146 = CARTESIAN_POINT('',(9.5475,108.54034626057));
#3147 = VECTOR('',#3148,1.);
#3148 = DIRECTION('',(-1.,0.));
#3149 = ( GEOMETRIC_REPRESENTATION_CONTEXT(2) 
PARAMETRIC_REPRESENTATION_CONTEXT() REPRESENTATION_CONTEXT('2D SPACE',''
  ) );
#3150 = ORIENTED_EDGE('',*,*,#3151,.T.);
#3151 = EDGE_CURVE('',#3129,#3073,#3152,.T.);
#3152 = SURFACE_CURVE('',#3153,(#3156,#3162),.PCURVE_S1.);
#3153 = B_SPLINE_CURVE_WITH_KNOTS('',1,(#3154,#3155),.UNSPECIFIED.,.F.,
  .F.,(2,2),(0.,1.),.PIECEWISE_BEZIER_KNOTS.);
#3154 = CARTESIAN_POINT('',(-19.095,59.295,14.2509));
#3155 = CARTESIAN_POINT('',(-19.095,59.321488933782,15.78855));
#3156 = PCURVE('',#1458,#3157);
#3157 = DEFINITIONAL_REPRESENTATION('',(#3158),#3161);
#3158 = B_SPLINE_CURVE_WITH_KNOTS('',1,(#3159,#3160),.UNSPECIFIED.,.F.,
  .F.,(2,2),(0.,1.),.PIECEWISE_BEZIER_KNOTS.);
#3159 = CARTESIAN_POINT('',(19.095,-1.537878144104));
#3160 = CARTESIAN_POINT('',(19.095,0.));
#3161 = ( GEOMETRIC_REPRESENTATION_CONTEXT(2) 
PARAMETRIC_REPRESENTATION_CONTEXT() REPRESENTATION_CONTEXT('2D SPACE',''
  ) );
#3162 = PCURVE('',#3089,#3163);
#3163 = DEFINITIONAL_REPRESENTATION('',(#3164),#3167);
#3164 = B_SPLINE_CURVE_WITH_KNOTS('',1,(#3165,#3166),.UNSPECIFIED.,.F.,
  .F.,(2,2),(0.,1.),.PIECEWISE_BEZIER_KNOTS.);
#3165 = CARTESIAN_POINT('',(1.570796326795,2.01E-02));
#3166 = CARTESIAN_POINT('',(1.570796326795,1.5276));
#3167 = ( GEOMETRIC_REPRESENTATION_CONTEXT(2) 
PARAMETRIC_REPRESENTATION_CONTEXT() REPRESENTATION_CONTEXT('2D SPACE',''
  ) );
#3168 = ORIENTED_EDGE('',*,*,#3100,.F.);
#3169 = ADVANCED_FACE('',(#3170),#1430,.F.);
#3170 = FACE_BOUND('',#3171,.F.);
#3171 = EDGE_LOOP('',(#3172,#3202,#3223,#3224,#3225,#3248,#3271,#3294,
    #3315,#3316,#3339,#3367));
#3172 = ORIENTED_EDGE('',*,*,#3173,.F.);
#3173 = EDGE_CURVE('',#3174,#3176,#3178,.T.);
#3174 = VERTEX_POINT('',#3175);
#3175 = CARTESIAN_POINT('',(-19.095,59.295,14.271));
#3176 = VERTEX_POINT('',#3177);
#3177 = CARTESIAN_POINT('',(-29.145,49.245,14.271));
#3178 = SURFACE_CURVE('',#3179,(#3184,#3191),.PCURVE_S1.);
#3179 = CIRCLE('',#3180,10.05);
#3180 = AXIS2_PLACEMENT_3D('',#3181,#3182,#3183);
#3181 = CARTESIAN_POINT('',(-19.095,49.245,14.271));
#3182 = DIRECTION('',(0.,0.,1.));
#3183 = DIRECTION('',(1.,0.,0.));
#3184 = PCURVE('',#1430,#3185);
#3185 = DEFINITIONAL_REPRESENTATION('',(#3186),#3190);
#3186 = CIRCLE('',#3187,10.05);
#3187 = AXIS2_PLACEMENT_2D('',#3188,#3189);
#3188 = CARTESIAN_POINT('',(0.,98.49));
#3189 = DIRECTION('',(1.,0.));
#3190 = ( GEOMETRIC_REPRESENTATION_CONTEXT(2) 
PARAMETRIC_REPRESENTATION_CONTEXT() REPRESENTATION_CONTEXT('2D SPACE',''
  ) );
#3191 = PCURVE('',#3192,#3197);
#3192 = CONICAL_SURFACE('',#3193,9.835983448915,1.745329251994E-02);
#3193 = AXIS2_PLACEMENT_3D('',#3194,#3195,#3196);
#3194 = CARTESIAN_POINT('',(-19.095,49.245,2.01));
#3195 = DIRECTION('',(0.,0.,1.));
#3196 = DIRECTION('',(1.,0.,0.));
#3197 = DEFINITIONAL_REPRESENTATION('',(#3198),#3201);
#3198 = B_SPLINE_CURVE_WITH_KNOTS('',1,(#3199,#3200),.UNSPECIFIED.,.F.,
  .F.,(2,2),(1.570796326795,3.14159265359),.PIECEWISE_BEZIER_KNOTS.);
#3199 = CARTESIAN_POINT('',(1.570796326795,12.261));
#3200 = CARTESIAN_POINT('',(3.14159265359,12.261));
#3201 = ( GEOMETRIC_REPRESENTATION_CONTEXT(2) 
PARAMETRIC_REPRESENTATION_CONTEXT() REPRESENTATION_CONTEXT('2D SPACE',''
  ) );
#3202 = ORIENTED_EDGE('',*,*,#3203,.T.);
#3203 = EDGE_CURVE('',#3174,#1387,#3204,.T.);
#3204 = SURFACE_CURVE('',#3205,(#3209,#3216),.PCURVE_S1.);
#3205 = LINE('',#3206,#3207);
#3206 = CARTESIAN_POINT('',(0.,59.295,14.271));
#3207 = VECTOR('',#3208,1.);
#3208 = DIRECTION('',(1.,0.,0.));
#3209 = PCURVE('',#1430,#3210);
#3210 = DEFINITIONAL_REPRESENTATION('',(#3211),#3215);
#3211 = LINE('',#3212,#3213);
#3212 = CARTESIAN_POINT('',(19.095,108.54));
#3213 = VECTOR('',#3214,1.);
#3214 = DIRECTION('',(1.,0.));
#3215 = ( GEOMETRIC_REPRESENTATION_CONTEXT(2) 
PARAMETRIC_REPRESENTATION_CONTEXT() REPRESENTATION_CONTEXT('2D SPACE',''
  ) );
#3216 = PCURVE('',#1402,#3217);
#3217 = DEFINITIONAL_REPRESENTATION('',(#3218),#3222);
#3218 = LINE('',#3219,#3220);
#3219 = CARTESIAN_POINT('',(0.,0.));
#3220 = VECTOR('',#3221,1.);
#3221 = DIRECTION('',(-1.,0.));
#3222 = ( GEOMETRIC_REPRESENTATION_CONTEXT(2) 
PARAMETRIC_REPRESENTATION_CONTEXT() REPRESENTATION_CONTEXT('2D SPACE',''
  ) );
#3223 = ORIENTED_EDGE('',*,*,#1414,.F.);
#3224 = ORIENTED_EDGE('',*,*,#3128,.T.);
#3225 = ORIENTED_EDGE('',*,*,#3226,.T.);
#3226 = EDGE_CURVE('',#3129,#3227,#3229,.T.);
#3227 = VERTEX_POINT('',#3228);
#3228 = CARTESIAN_POINT('',(-29.14534626057,49.245,14.271));
#3229 = SURFACE_CURVE('',#3230,(#3235,#3242),.PCURVE_S1.);
#3230 = CIRCLE('',#3231,10.050346260572);
#3231 = AXIS2_PLACEMENT_3D('',#3232,#3233,#3234);
#3232 = CARTESIAN_POINT('',(-19.095,49.245,14.271));
#3233 = DIRECTION('',(0.,0.,1.));
#3234 = DIRECTION('',(1.,0.,-0.));
#3235 = PCURVE('',#1430,#3236);
#3236 = DEFINITIONAL_REPRESENTATION('',(#3237),#3241);
#3237 = CIRCLE('',#3238,10.050346260572);
#3238 = AXIS2_PLACEMENT_2D('',#3239,#3240);
#3239 = CARTESIAN_POINT('',(0.,98.49));
#3240 = DIRECTION('',(1.,0.));
#3241 = ( GEOMETRIC_REPRESENTATION_CONTEXT(2) 
PARAMETRIC_REPRESENTATION_CONTEXT() REPRESENTATION_CONTEXT('2D SPACE',''
  ) );
#3242 = PCURVE('',#3089,#3243);
#3243 = DEFINITIONAL_REPRESENTATION('',(#3244),#3247);
#3244 = B_SPLINE_CURVE_WITH_KNOTS('',1,(#3245,#3246),.UNSPECIFIED.,.F.,
  .F.,(2,2),(1.570796326795,3.14159265359),.PIECEWISE_BEZIER_KNOTS.);
#3245 = CARTESIAN_POINT('',(1.570796326795,2.01E-02));
#3246 = CARTESIAN_POINT('',(3.14159265359,2.01E-02));
#3247 = ( GEOMETRIC_REPRESENTATION_CONTEXT(2) 
PARAMETRIC_REPRESENTATION_CONTEXT() REPRESENTATION_CONTEXT('2D SPACE',''
  ) );
#3248 = ORIENTED_EDGE('',*,*,#3249,.T.);
#3249 = EDGE_CURVE('',#3227,#3250,#3252,.T.);
#3250 = VERTEX_POINT('',#3251);
#3251 = CARTESIAN_POINT('',(-29.14534626057,-49.245,14.271));
#3252 = SURFACE_CURVE('',#3253,(#3257,#3264),.PCURVE_S1.);
#3253 = LINE('',#3254,#3255);
#3254 = CARTESIAN_POINT('',(-29.14534626057,-24.6225,14.271));
#3255 = VECTOR('',#3256,1.);
#3256 = DIRECTION('',(-0.,-1.,0.));
#3257 = PCURVE('',#1430,#3258);
#3258 = DEFINITIONAL_REPRESENTATION('',(#3259),#3263);
#3259 = LINE('',#3260,#3261);
#3260 = CARTESIAN_POINT('',(-10.05034626057,24.6225));
#3261 = VECTOR('',#3262,1.);
#3262 = DIRECTION('',(0.,-1.));
#3263 = ( GEOMETRIC_REPRESENTATION_CONTEXT(2) 
PARAMETRIC_REPRESENTATION_CONTEXT() REPRESENTATION_CONTEXT('2D SPACE',''
  ) );
#3264 = PCURVE('',#3060,#3265);
#3265 = DEFINITIONAL_REPRESENTATION('',(#3266),#3270);
#3266 = LINE('',#3267,#3268);
#3267 = CARTESIAN_POINT('',(24.6225,-1.517775161828));
#3268 = VECTOR('',#3269,1.);
#3269 = DIRECTION('',(1.,0.));
#3270 = ( GEOMETRIC_REPRESENTATION_CONTEXT(2) 
PARAMETRIC_REPRESENTATION_CONTEXT() REPRESENTATION_CONTEXT('2D SPACE',''
  ) );
#3271 = ORIENTED_EDGE('',*,*,#3272,.T.);
#3272 = EDGE_CURVE('',#3250,#3273,#3275,.T.);
#3273 = VERTEX_POINT('',#3274);
#3274 = CARTESIAN_POINT('',(-19.095,-59.29534626057,14.271));
#3275 = SURFACE_CURVE('',#3276,(#3281,#3288),.PCURVE_S1.);
#3276 = CIRCLE('',#3277,10.050346260572);
#3277 = AXIS2_PLACEMENT_3D('',#3278,#3279,#3280);
#3278 = CARTESIAN_POINT('',(-19.095,-49.245,14.271));
#3279 = DIRECTION('',(0.,0.,1.));
#3280 = DIRECTION('',(1.,0.,-0.));
#3281 = PCURVE('',#1430,#3282);
#3282 = DEFINITIONAL_REPRESENTATION('',(#3283),#3287);
#3283 = CIRCLE('',#3284,10.050346260572);
#3284 = AXIS2_PLACEMENT_2D('',#3285,#3286);
#3285 = CARTESIAN_POINT('',(0.,0.));
#3286 = DIRECTION('',(1.,0.));
#3287 = ( GEOMETRIC_REPRESENTATION_CONTEXT(2) 
PARAMETRIC_REPRESENTATION_CONTEXT() REPRESENTATION_CONTEXT('2D SPACE',''
  ) );
#3288 = PCURVE('',#3033,#3289);
#3289 = DEFINITIONAL_REPRESENTATION('',(#3290),#3293);
#3290 = B_SPLINE_CURVE_WITH_KNOTS('',1,(#3291,#3292),.UNSPECIFIED.,.F.,
  .F.,(2,2),(3.14159265359,4.712388980385),.PIECEWISE_BEZIER_KNOTS.);
#3291 = CARTESIAN_POINT('',(3.14159265359,2.01E-02));
#3292 = CARTESIAN_POINT('',(4.712388980385,2.01E-02));
#3293 = ( GEOMETRIC_REPRESENTATION_CONTEXT(2) 
PARAMETRIC_REPRESENTATION_CONTEXT() REPRESENTATION_CONTEXT('2D SPACE',''
  ) );
#3294 = ORIENTED_EDGE('',*,*,#3295,.T.);
#3295 = EDGE_CURVE('',#3273,#1807,#3296,.T.);
#3296 = SURFACE_CURVE('',#3297,(#3301,#3308),.PCURVE_S1.);
#3297 = LINE('',#3298,#3299);
#3298 = CARTESIAN_POINT('',(-9.5475,-59.29534626057,14.271));
#3299 = VECTOR('',#3300,1.);
#3300 = DIRECTION('',(1.,0.,-0.));
#3301 = PCURVE('',#1430,#3302);
#3302 = DEFINITIONAL_REPRESENTATION('',(#3303),#3307);
#3303 = LINE('',#3304,#3305);
#3304 = CARTESIAN_POINT('',(9.5475,-10.05034626057));
#3305 = VECTOR('',#3306,1.);
#3306 = DIRECTION('',(1.,0.));
#3307 = ( GEOMETRIC_REPRESENTATION_CONTEXT(2) 
PARAMETRIC_REPRESENTATION_CONTEXT() REPRESENTATION_CONTEXT('2D SPACE',''
  ) );
#3308 = PCURVE('',#1822,#3309);
#3309 = DEFINITIONAL_REPRESENTATION('',(#3310),#3314);
#3310 = LINE('',#3311,#3312);
#3311 = CARTESIAN_POINT('',(-9.5475,-1.517775161828));
#3312 = VECTOR('',#3313,1.);
#3313 = DIRECTION('',(1.,0.));
#3314 = ( GEOMETRIC_REPRESENTATION_CONTEXT(2) 
PARAMETRIC_REPRESENTATION_CONTEXT() REPRESENTATION_CONTEXT('2D SPACE',''
  ) );
#3315 = ORIENTED_EDGE('',*,*,#1834,.F.);
#3316 = ORIENTED_EDGE('',*,*,#3317,.F.);
#3317 = EDGE_CURVE('',#3318,#1835,#3320,.T.);
#3318 = VERTEX_POINT('',#3319);
#3319 = CARTESIAN_POINT('',(-19.095,-59.295,14.271));
#3320 = SURFACE_CURVE('',#3321,(#3325,#3332),.PCURVE_S1.);
#3321 = LINE('',#3322,#3323);
#3322 = CARTESIAN_POINT('',(0.,-59.295,14.271));
#3323 = VECTOR('',#3324,1.);
#3324 = DIRECTION('',(1.,0.,0.));
#3325 = PCURVE('',#1430,#3326);
#3326 = DEFINITIONAL_REPRESENTATION('',(#3327),#3331);
#3327 = LINE('',#3328,#3329);
#3328 = CARTESIAN_POINT('',(19.095,-10.05));
#3329 = VECTOR('',#3330,1.);
#3330 = DIRECTION('',(1.,0.));
#3331 = ( GEOMETRIC_REPRESENTATION_CONTEXT(2) 
PARAMETRIC_REPRESENTATION_CONTEXT() REPRESENTATION_CONTEXT('2D SPACE',''
  ) );
#3332 = PCURVE('',#1871,#3333);
#3333 = DEFINITIONAL_REPRESENTATION('',(#3334),#3338);
#3334 = LINE('',#3335,#3336);
#3335 = CARTESIAN_POINT('',(0.,0.));
#3336 = VECTOR('',#3337,1.);
#3337 = DIRECTION('',(1.,0.));
#3338 = ( GEOMETRIC_REPRESENTATION_CONTEXT(2) 
PARAMETRIC_REPRESENTATION_CONTEXT() REPRESENTATION_CONTEXT('2D SPACE',''
  ) );
#3339 = ORIENTED_EDGE('',*,*,#3340,.F.);
#3340 = EDGE_CURVE('',#3341,#3318,#3343,.T.);
#3341 = VERTEX_POINT('',#3342);
#3342 = CARTESIAN_POINT('',(-29.145,-49.245,14.271));
#3343 = SURFACE_CURVE('',#3344,(#3349,#3356),.PCURVE_S1.);
#3344 = CIRCLE('',#3345,10.05);
#3345 = AXIS2_PLACEMENT_3D('',#3346,#3347,#3348);
#3346 = CARTESIAN_POINT('',(-19.095,-49.245,14.271));
#3347 = DIRECTION('',(0.,0.,1.));
#3348 = DIRECTION('',(1.,0.,0.));
#3349 = PCURVE('',#1430,#3350);
#3350 = DEFINITIONAL_REPRESENTATION('',(#3351),#3355);
#3351 = CIRCLE('',#3352,10.05);
#3352 = AXIS2_PLACEMENT_2D('',#3353,#3354);
#3353 = CARTESIAN_POINT('',(0.,0.));
#3354 = DIRECTION('',(1.,0.));
#3355 = ( GEOMETRIC_REPRESENTATION_CONTEXT(2) 
PARAMETRIC_REPRESENTATION_CONTEXT() REPRESENTATION_CONTEXT('2D SPACE',''
  ) );
#3356 = PCURVE('',#3357,#3362);
#3357 = CONICAL_SURFACE('',#3358,9.835983448915,1.745329251994E-02);
#3358 = AXIS2_PLACEMENT_3D('',#3359,#3360,#3361);
#3359 = CARTESIAN_POINT('',(-19.095,-49.245,2.01));
#3360 = DIRECTION('',(0.,0.,1.));
#3361 = DIRECTION('',(1.,0.,0.));
#3362 = DEFINITIONAL_REPRESENTATION('',(#3363),#3366);
#3363 = B_SPLINE_CURVE_WITH_KNOTS('',1,(#3364,#3365),.UNSPECIFIED.,.F.,
  .F.,(2,2),(3.14159265359,4.712388980385),.PIECEWISE_BEZIER_KNOTS.);
#3364 = CARTESIAN_POINT('',(3.14159265359,12.261));
#3365 = CARTESIAN_POINT('',(4.712388980385,12.261));
#3366 = ( GEOMETRIC_REPRESENTATION_CONTEXT(2) 
PARAMETRIC_REPRESENTATION_CONTEXT() REPRESENTATION_CONTEXT('2D SPACE',''
  ) );
#3367 = ORIENTED_EDGE('',*,*,#3368,.T.);
#3368 = EDGE_CURVE('',#3341,#3176,#3369,.T.);
#3369 = SURFACE_CURVE('',#3370,(#3374,#3381),.PCURVE_S1.);
#3370 = LINE('',#3371,#3372);
#3371 = CARTESIAN_POINT('',(-29.145,0.,14.271));
#3372 = VECTOR('',#3373,1.);
#3373 = DIRECTION('',(0.,1.,0.));
#3374 = PCURVE('',#1430,#3375);
#3375 = DEFINITIONAL_REPRESENTATION('',(#3376),#3380);
#3376 = LINE('',#3377,#3378);
#3377 = CARTESIAN_POINT('',(-10.05,49.245));
#3378 = VECTOR('',#3379,1.);
#3379 = DIRECTION('',(0.,1.));
#3380 = ( GEOMETRIC_REPRESENTATION_CONTEXT(2) 
PARAMETRIC_REPRESENTATION_CONTEXT() REPRESENTATION_CONTEXT('2D SPACE',''
  ) );
#3381 = PCURVE('',#3382,#3387);
#3382 = PLANE('',#3383);
#3383 = AXIS2_PLACEMENT_3D('',#3384,#3385,#3386);
#3384 = CARTESIAN_POINT('',(-29.145,0.,14.271));
#3385 = DIRECTION('',(-0.999847695156,0.,-1.745240643728E-02));
#3386 = DIRECTION('',(0.,-1.,-0.));
#3387 = DEFINITIONAL_REPRESENTATION('',(#3388),#3392);
#3388 = LINE('',#3389,#3390);
#3389 = CARTESIAN_POINT('',(0.,0.));
#3390 = VECTOR('',#3391,1.);
#3391 = DIRECTION('',(-1.,0.));
#3392 = ( GEOMETRIC_REPRESENTATION_CONTEXT(2) 
PARAMETRIC_REPRESENTATION_CONTEXT() REPRESENTATION_CONTEXT('2D SPACE',''
  ) );
#3393 = ADVANCED_FACE('',(#3394),#1402,.T.);
#3394 = FACE_BOUND('',#3395,.T.);
#3395 = EDGE_LOOP('',(#3396,#3425,#3443,#3444,#3445,#3446,#3447,#3448,
    #3449,#3450,#3451,#3474,#3499,#3526,#3569,#3597,#3640,#3667,#3710,
    #3738));
#3396 = ORIENTED_EDGE('',*,*,#3397,.F.);
#3397 = EDGE_CURVE('',#3398,#3400,#3402,.T.);
#3398 = VERTEX_POINT('',#3399);
#3399 = CARTESIAN_POINT('',(-19.095,59.098219633116,2.997460331531));
#3400 = VERTEX_POINT('',#3401);
#3401 = CARTESIAN_POINT('',(-12.75261218809,59.098219633116,
    2.997460331531));
#3402 = SURFACE_CURVE('',#3403,(#3407,#3414),.PCURVE_S1.);
#3403 = LINE('',#3404,#3405);
#3404 = CARTESIAN_POINT('',(-19.095,59.098219633116,2.997460331531));
#3405 = VECTOR('',#3406,1.);
#3406 = DIRECTION('',(1.,0.,0.));
#3407 = PCURVE('',#1402,#3408);
#3408 = DEFINITIONAL_REPRESENTATION('',(#3409),#3413);
#3409 = LINE('',#3410,#3411);
#3410 = CARTESIAN_POINT('',(19.095,-11.27525694471));
#3411 = VECTOR('',#3412,1.);
#3412 = DIRECTION('',(-1.,0.));
#3413 = ( GEOMETRIC_REPRESENTATION_CONTEXT(2) 
PARAMETRIC_REPRESENTATION_CONTEXT() REPRESENTATION_CONTEXT('2D SPACE',''
  ) );
#3414 = PCURVE('',#3415,#3420);
#3415 = CYLINDRICAL_SURFACE('',#3416,1.005);
#3416 = AXIS2_PLACEMENT_3D('',#3417,#3418,#3419);
#3417 = CARTESIAN_POINT('',(-19.095,58.093372699484,3.015));
#3418 = DIRECTION('',(1.,0.,0.));
#3419 = DIRECTION('',(0.,0.999847695156,-1.745240643728E-02));
#3420 = DEFINITIONAL_REPRESENTATION('',(#3421),#3424);
#3421 = B_SPLINE_CURVE_WITH_KNOTS('',1,(#3422,#3423),.UNSPECIFIED.,.F.,
  .F.,(2,2),(0.,6.342387811909),.PIECEWISE_BEZIER_KNOTS.);
#3422 = CARTESIAN_POINT('',(0.,0.));
#3423 = CARTESIAN_POINT('',(0.,6.342387811909));
#3424 = ( GEOMETRIC_REPRESENTATION_CONTEXT(2) 
PARAMETRIC_REPRESENTATION_CONTEXT() REPRESENTATION_CONTEXT('2D SPACE',''
  ) );
#3425 = ORIENTED_EDGE('',*,*,#3426,.T.);
#3426 = EDGE_CURVE('',#3398,#3174,#3427,.T.);
#3427 = SURFACE_CURVE('',#3428,(#3431,#3437),.PCURVE_S1.);
#3428 = B_SPLINE_CURVE_WITH_KNOTS('',1,(#3429,#3430),.UNSPECIFIED.,.F.,
  .F.,(2,2),(0.,1.),.PIECEWISE_BEZIER_KNOTS.);
#3429 = CARTESIAN_POINT('',(-19.095,59.080983448915,2.01));
#3430 = CARTESIAN_POINT('',(-19.095,59.295,14.271));
#3431 = PCURVE('',#1402,#3432);
#3432 = DEFINITIONAL_REPRESENTATION('',(#3433),#3436);
#3433 = B_SPLINE_CURVE_WITH_KNOTS('',1,(#3434,#3435),.UNSPECIFIED.,.F.,
  .F.,(2,2),(0.,1.),.PIECEWISE_BEZIER_KNOTS.);
#3434 = CARTESIAN_POINT('',(19.095,-12.26286769414));
#3435 = CARTESIAN_POINT('',(19.095,0.));
#3436 = ( GEOMETRIC_REPRESENTATION_CONTEXT(2) 
PARAMETRIC_REPRESENTATION_CONTEXT() REPRESENTATION_CONTEXT('2D SPACE',''
  ) );
#3437 = PCURVE('',#3192,#3438);
#3438 = DEFINITIONAL_REPRESENTATION('',(#3439),#3442);
#3439 = B_SPLINE_CURVE_WITH_KNOTS('',1,(#3440,#3441),.UNSPECIFIED.,.F.,
  .F.,(2,2),(0.,1.),.PIECEWISE_BEZIER_KNOTS.);
#3440 = CARTESIAN_POINT('',(1.570796326795,0.987460331531));
#3441 = CARTESIAN_POINT('',(1.570796326795,12.261));
#3442 = ( GEOMETRIC_REPRESENTATION_CONTEXT(2) 
PARAMETRIC_REPRESENTATION_CONTEXT() REPRESENTATION_CONTEXT('2D SPACE',''
  ) );
#3443 = ORIENTED_EDGE('',*,*,#3203,.T.);
#3444 = ORIENTED_EDGE('',*,*,#1386,.F.);
#3445 = ORIENTED_EDGE('',*,*,#2761,.T.);
#3446 = ORIENTED_EDGE('',*,*,#2808,.F.);
#3447 = ORIENTED_EDGE('',*,*,#2861,.F.);
#3448 = ORIENTED_EDGE('',*,*,#2909,.F.);
#3449 = ORIENTED_EDGE('',*,*,#2963,.F.);
#3450 = ORIENTED_EDGE('',*,*,#2636,.F.);
#3451 = ORIENTED_EDGE('',*,*,#3452,.T.);
#3452 = EDGE_CURVE('',#2637,#3453,#3455,.T.);
#3453 = VERTEX_POINT('',#3454);
#3454 = CARTESIAN_POINT('',(19.095,59.295,14.271));
#3455 = SURFACE_CURVE('',#3456,(#3460,#3467),.PCURVE_S1.);
#3456 = LINE('',#3457,#3458);
#3457 = CARTESIAN_POINT('',(0.,59.295,14.271));
#3458 = VECTOR('',#3459,1.);
#3459 = DIRECTION('',(1.,0.,0.));
#3460 = PCURVE('',#1402,#3461);
#3461 = DEFINITIONAL_REPRESENTATION('',(#3462),#3466);
#3462 = LINE('',#3463,#3464);
#3463 = CARTESIAN_POINT('',(0.,0.));
#3464 = VECTOR('',#3465,1.);
#3465 = DIRECTION('',(-1.,0.));
#3466 = ( GEOMETRIC_REPRESENTATION_CONTEXT(2) 
PARAMETRIC_REPRESENTATION_CONTEXT() REPRESENTATION_CONTEXT('2D SPACE',''
  ) );
#3467 = PCURVE('',#1949,#3468);
#3468 = DEFINITIONAL_REPRESENTATION('',(#3469),#3473);
#3469 = LINE('',#3470,#3471);
#3470 = CARTESIAN_POINT('',(19.095,108.54));
#3471 = VECTOR('',#3472,1.);
#3472 = DIRECTION('',(1.,0.));
#3473 = ( GEOMETRIC_REPRESENTATION_CONTEXT(2) 
PARAMETRIC_REPRESENTATION_CONTEXT() REPRESENTATION_CONTEXT('2D SPACE',''
  ) );
#3474 = ORIENTED_EDGE('',*,*,#3475,.F.);
#3475 = EDGE_CURVE('',#3476,#3453,#3478,.T.);
#3476 = VERTEX_POINT('',#3477);
#3477 = CARTESIAN_POINT('',(19.095,59.098219633116,2.997460331531));
#3478 = SURFACE_CURVE('',#3479,(#3482,#3488),.PCURVE_S1.);
#3479 = B_SPLINE_CURVE_WITH_KNOTS('',1,(#3480,#3481),.UNSPECIFIED.,.F.,
  .F.,(2,2),(0.,1.),.PIECEWISE_BEZIER_KNOTS.);
#3480 = CARTESIAN_POINT('',(19.095,59.080983448915,2.01));
#3481 = CARTESIAN_POINT('',(19.095,59.295,14.271));
#3482 = PCURVE('',#1402,#3483);
#3483 = DEFINITIONAL_REPRESENTATION('',(#3484),#3487);
#3484 = B_SPLINE_CURVE_WITH_KNOTS('',1,(#3485,#3486),.UNSPECIFIED.,.F.,
  .F.,(2,2),(0.,1.),.PIECEWISE_BEZIER_KNOTS.);
#3485 = CARTESIAN_POINT('',(-19.095,-12.26286769414));
#3486 = CARTESIAN_POINT('',(-19.095,0.));
#3487 = ( GEOMETRIC_REPRESENTATION_CONTEXT(2) 
PARAMETRIC_REPRESENTATION_CONTEXT() REPRESENTATION_CONTEXT('2D SPACE',''
  ) );
#3488 = PCURVE('',#3489,#3494);
#3489 = CONICAL_SURFACE('',#3490,9.835983448915,1.745329251994E-02);
#3490 = AXIS2_PLACEMENT_3D('',#3491,#3492,#3493);
#3491 = CARTESIAN_POINT('',(19.095,49.245,2.01));
#3492 = DIRECTION('',(0.,0.,1.));
#3493 = DIRECTION('',(1.,0.,0.));
#3494 = DEFINITIONAL_REPRESENTATION('',(#3495),#3498);
#3495 = B_SPLINE_CURVE_WITH_KNOTS('',1,(#3496,#3497),.UNSPECIFIED.,.F.,
  .F.,(2,2),(0.,1.),.PIECEWISE_BEZIER_KNOTS.);
#3496 = CARTESIAN_POINT('',(1.570796326795,0.987460331531));
#3497 = CARTESIAN_POINT('',(1.570796326795,12.261));
#3498 = ( GEOMETRIC_REPRESENTATION_CONTEXT(2) 
PARAMETRIC_REPRESENTATION_CONTEXT() REPRESENTATION_CONTEXT('2D SPACE',''
  ) );
#3499 = ORIENTED_EDGE('',*,*,#3500,.F.);
#3500 = EDGE_CURVE('',#3501,#3476,#3503,.T.);
#3501 = VERTEX_POINT('',#3502);
#3502 = CARTESIAN_POINT('',(12.752612188091,59.098219633116,
    2.997460331531));
#3503 = SURFACE_CURVE('',#3504,(#3508,#3515),.PCURVE_S1.);
#3504 = LINE('',#3505,#3506);
#3505 = CARTESIAN_POINT('',(-19.095,59.098219633116,2.997460331531));
#3506 = VECTOR('',#3507,1.);
#3507 = DIRECTION('',(1.,0.,0.));
#3508 = PCURVE('',#1402,#3509);
#3509 = DEFINITIONAL_REPRESENTATION('',(#3510),#3514);
#3510 = LINE('',#3511,#3512);
#3511 = CARTESIAN_POINT('',(19.095,-11.27525694471));
#3512 = VECTOR('',#3513,1.);
#3513 = DIRECTION('',(-1.,0.));
#3514 = ( GEOMETRIC_REPRESENTATION_CONTEXT(2) 
PARAMETRIC_REPRESENTATION_CONTEXT() REPRESENTATION_CONTEXT('2D SPACE',''
  ) );
#3515 = PCURVE('',#3516,#3521);
#3516 = CYLINDRICAL_SURFACE('',#3517,1.005);
#3517 = AXIS2_PLACEMENT_3D('',#3518,#3519,#3520);
#3518 = CARTESIAN_POINT('',(-19.095,58.093372699484,3.015));
#3519 = DIRECTION('',(1.,0.,0.));
#3520 = DIRECTION('',(0.,0.999847695156,-1.745240643728E-02));
#3521 = DEFINITIONAL_REPRESENTATION('',(#3522),#3525);
#3522 = B_SPLINE_CURVE_WITH_KNOTS('',1,(#3523,#3524),.UNSPECIFIED.,.F.,
  .F.,(2,2),(31.847612188091,38.19),.PIECEWISE_BEZIER_KNOTS.);
#3523 = CARTESIAN_POINT('',(0.,31.847612188091));
#3524 = CARTESIAN_POINT('',(0.,38.19));
#3525 = ( GEOMETRIC_REPRESENTATION_CONTEXT(2) 
PARAMETRIC_REPRESENTATION_CONTEXT() REPRESENTATION_CONTEXT('2D SPACE',''
  ) );
#3526 = ORIENTED_EDGE('',*,*,#3527,.T.);
#3527 = EDGE_CURVE('',#3501,#3528,#3530,.T.);
#3528 = VERTEX_POINT('',#3529);
#3529 = CARTESIAN_POINT('',(12.663,59.277457659747,13.266));
#3530 = SURFACE_CURVE('',#3531,(#3540,#3552),.PCURVE_S1.);
#3531 = B_SPLINE_CURVE_WITH_KNOTS('',4,(#3532,#3533,#3534,#3535,#3536,
    #3537,#3538,#3539),.UNSPECIFIED.,.F.,.F.,(5,3,5),(0.,0.581581012118,
    1.),.UNSPECIFIED.);
#3532 = CARTESIAN_POINT('',(12.752612188091,59.098219633116,
    2.997460331531));
#3533 = CARTESIAN_POINT('',(12.739582373735,59.124281246634,
    4.490529170011));
#3534 = CARTESIAN_POINT('',(12.726552765945,59.150342446989,
    5.983574338406));
#3535 = CARTESIAN_POINT('',(12.713523392029,59.176403179559,
    7.476592707426));
#3536 = CARTESIAN_POINT('',(12.691120491,59.221212394208,10.04371089534)
  );
#3537 = CARTESIAN_POINT('',(12.681746832724,59.239961138631,
    11.11782574396));
#3538 = CARTESIAN_POINT('',(12.672373329605,59.258709572716,
    12.191922813308));
#3539 = CARTESIAN_POINT('',(12.663,59.277457659747,13.266));
#3540 = PCURVE('',#1402,#3541);
#3541 = DEFINITIONAL_REPRESENTATION('',(#3542),#3551);
#3542 = B_SPLINE_CURVE_WITH_KNOTS('',4,(#3543,#3544,#3545,#3546,#3547,
    #3548,#3549,#3550),.UNSPECIFIED.,.F.,.F.,(5,3,5),(0.,0.581581012118,
    1.),.UNSPECIFIED.);
#3543 = CARTESIAN_POINT('',(-12.75261218809,-11.27525694471));
#3544 = CARTESIAN_POINT('',(-12.73958237373,-9.78196066998));
#3545 = CARTESIAN_POINT('',(-12.72655276594,-8.288688068934));
#3546 = CARTESIAN_POINT('',(-12.71352339202,-6.795442271346));
#3547 = CARTESIAN_POINT('',(-12.691120491,-4.227933039341));
#3548 = CARTESIAN_POINT('',(-12.68174683272,-3.153654572907));
#3549 = CARTESIAN_POINT('',(-12.6723733296,-2.079393888453));
#3550 = CARTESIAN_POINT('',(-12.663,-1.005153089684));
#3551 = ( GEOMETRIC_REPRESENTATION_CONTEXT(2) 
PARAMETRIC_REPRESENTATION_CONTEXT() REPRESENTATION_CONTEXT('2D SPACE',''
  ) );
#3552 = PCURVE('',#3553,#3558);
#3553 = B_SPLINE_SURFACE_WITH_KNOTS('',1,1,(
    (#3554,#3555)
    ,(#3556,#3557
    )),.UNSPECIFIED.,.F.,.F.,.F.,(2,2),(2,2),(-0.974486292815,
    0.974486292815),(0.,1.),.PIECEWISE_BEZIER_KNOTS.);
#3554 = CARTESIAN_POINT('',(12.762983724279,57.737766275721,1.809));
#3555 = CARTESIAN_POINT('',(12.663,57.83775,13.266));
#3556 = CARTESIAN_POINT('',(12.762983724279,59.696483724279,1.809));
#3557 = CARTESIAN_POINT('',(12.663,59.5965,13.266));
#3558 = DEFINITIONAL_REPRESENTATION('',(#3559),#3568);
#3559 = B_SPLINE_CURVE_WITH_KNOTS('',4,(#3560,#3561,#3562,#3563,#3564,
    #3565,#3566,#3567),.UNSPECIFIED.,.F.,.F.,(5,3,5),(0.,0.581581012118,
    1.),.UNSPECIFIED.);
#3560 = CARTESIAN_POINT('',(0.383257390306,0.103732245049));
#3561 = CARTESIAN_POINT('',(0.414620506518,0.234051599023));
#3562 = CARTESIAN_POINT('',(0.447107840418,0.364368887004));
#3563 = CARTESIAN_POINT('',(0.480809419203,0.494683835858));
#3564 = CARTESIAN_POINT('',(0.541038530502,0.718749314423));
#3565 = CARTESIAN_POINT('',(0.566926243546,0.812501155971));
#3566 = CARTESIAN_POINT('',(0.593542567291,0.906251445693));
#3567 = CARTESIAN_POINT('',(0.620937024978,1.));
#3568 = ( GEOMETRIC_REPRESENTATION_CONTEXT(2) 
PARAMETRIC_REPRESENTATION_CONTEXT() REPRESENTATION_CONTEXT('2D SPACE',''
  ) );
#3569 = ORIENTED_EDGE('',*,*,#3570,.F.);
#3570 = EDGE_CURVE('',#3571,#3528,#3573,.T.);
#3571 = VERTEX_POINT('',#3572);
#3572 = CARTESIAN_POINT('',(11.457,59.277457659747,13.266));
#3573 = SURFACE_CURVE('',#3574,(#3578,#3585),.PCURVE_S1.);
#3574 = LINE('',#3575,#3576);
#3575 = CARTESIAN_POINT('',(5.7285,59.277457659747,13.266));
#3576 = VECTOR('',#3577,1.);
#3577 = DIRECTION('',(1.,-0.,0.));
#3578 = PCURVE('',#1402,#3579);
#3579 = DEFINITIONAL_REPRESENTATION('',(#3580),#3584);
#3580 = LINE('',#3581,#3582);
#3581 = CARTESIAN_POINT('',(-5.7285,-1.005153089684));
#3582 = VECTOR('',#3583,1.);
#3583 = DIRECTION('',(-1.,0.));
#3584 = ( GEOMETRIC_REPRESENTATION_CONTEXT(2) 
PARAMETRIC_REPRESENTATION_CONTEXT() REPRESENTATION_CONTEXT('2D SPACE',''
  ) );
#3585 = PCURVE('',#3586,#3591);
#3586 = PLANE('',#3587);
#3587 = AXIS2_PLACEMENT_3D('',#3588,#3589,#3590);
#3588 = CARTESIAN_POINT('',(11.457,57.83775,13.266));
#3589 = DIRECTION('',(0.,0.,1.));
#3590 = DIRECTION('',(0.565528355552,0.824728851846,-0.));
#3591 = DEFINITIONAL_REPRESENTATION('',(#3592),#3596);
#3592 = LINE('',#3593,#3594);
#3593 = CARTESIAN_POINT('',(-2.05226073956,5.538654733091));
#3594 = VECTOR('',#3595,1.);
#3595 = DIRECTION('',(0.565528355552,-0.824728851846));
#3596 = ( GEOMETRIC_REPRESENTATION_CONTEXT(2) 
PARAMETRIC_REPRESENTATION_CONTEXT() REPRESENTATION_CONTEXT('2D SPACE',''
  ) );
#3597 = ORIENTED_EDGE('',*,*,#3598,.F.);
#3598 = EDGE_CURVE('',#3599,#3571,#3601,.T.);
#3599 = VERTEX_POINT('',#3600);
#3600 = CARTESIAN_POINT('',(11.367387811909,59.098219633116,
    2.997460331531));
#3601 = SURFACE_CURVE('',#3602,(#3611,#3623),.PCURVE_S1.);
#3602 = B_SPLINE_CURVE_WITH_KNOTS('',4,(#3603,#3604,#3605,#3606,#3607,
    #3608,#3609,#3610),.UNSPECIFIED.,.F.,.F.,(5,3,5),(0.,0.581581012118,
    1.),.UNSPECIFIED.);
#3603 = CARTESIAN_POINT('',(11.367387811909,59.098219633116,
    2.997460331531));
#3604 = CARTESIAN_POINT('',(11.380417626265,59.124281246634,
    4.490529170011));
#3605 = CARTESIAN_POINT('',(11.393447234055,59.150342446989,
    5.983574338406));
#3606 = CARTESIAN_POINT('',(11.406476607971,59.176403179559,
    7.476592707426));
#3607 = CARTESIAN_POINT('',(11.428879509,59.221212394208,10.04371089534)
  );
#3608 = CARTESIAN_POINT('',(11.438253167276,59.239961138631,
    11.11782574396));
#3609 = CARTESIAN_POINT('',(11.447626670395,59.258709572715,
    12.191922813308));
#3610 = CARTESIAN_POINT('',(11.457,59.277457659747,13.266));
#3611 = PCURVE('',#1402,#3612);
#3612 = DEFINITIONAL_REPRESENTATION('',(#3613),#3622);
#3613 = B_SPLINE_CURVE_WITH_KNOTS('',4,(#3614,#3615,#3616,#3617,#3618,
    #3619,#3620,#3621),.UNSPECIFIED.,.F.,.F.,(5,3,5),(0.,0.581581012118,
    1.),.UNSPECIFIED.);
#3614 = CARTESIAN_POINT('',(-11.3673878119,-11.27525694471));
#3615 = CARTESIAN_POINT('',(-11.38041762626,-9.781960669979));
#3616 = CARTESIAN_POINT('',(-11.39344723405,-8.288688068934));
#3617 = CARTESIAN_POINT('',(-11.40647660797,-6.795442271346));
#3618 = CARTESIAN_POINT('',(-11.428879509,-4.227933039341));
#3619 = CARTESIAN_POINT('',(-11.43825316727,-3.153654572907));
#3620 = CARTESIAN_POINT('',(-11.44762667039,-2.079393888453));
#3621 = CARTESIAN_POINT('',(-11.457,-1.005153089684));
#3622 = ( GEOMETRIC_REPRESENTATION_CONTEXT(2) 
PARAMETRIC_REPRESENTATION_CONTEXT() REPRESENTATION_CONTEXT('2D SPACE',''
  ) );
#3623 = PCURVE('',#3624,#3629);
#3624 = B_SPLINE_SURFACE_WITH_KNOTS('',1,1,(
    (#3625,#3626)
    ,(#3627,#3628
    )),.UNSPECIFIED.,.F.,.F.,.F.,(2,2),(2,2),(-0.974486292815,
    0.974486292815),(0.,1.),.PIECEWISE_BEZIER_KNOTS.);
#3625 = CARTESIAN_POINT('',(11.357016275721,59.696483724279,1.809));
#3626 = CARTESIAN_POINT('',(11.457,59.5965,13.266));
#3627 = CARTESIAN_POINT('',(11.357016275721,57.737766275721,1.809));
#3628 = CARTESIAN_POINT('',(11.457,57.83775,13.266));
#3629 = DEFINITIONAL_REPRESENTATION('',(#3630),#3639);
#3630 = B_SPLINE_CURVE_WITH_KNOTS('',4,(#3631,#3632,#3633,#3634,#3635,
    #3636,#3637,#3638),.UNSPECIFIED.,.F.,.F.,(5,3,5),(0.,0.581581012118,
    1.),.UNSPECIFIED.);
#3631 = CARTESIAN_POINT('',(-0.383257390306,0.103732245049));
#3632 = CARTESIAN_POINT('',(-0.414620506518,0.234051599023));
#3633 = CARTESIAN_POINT('',(-0.447107840418,0.364368887004));
#3634 = CARTESIAN_POINT('',(-0.480809419203,0.494683835858));
#3635 = CARTESIAN_POINT('',(-0.541038530502,0.718749314423));
#3636 = CARTESIAN_POINT('',(-0.566926243546,0.812501155971));
#3637 = CARTESIAN_POINT('',(-0.593542567291,0.906251445693));
#3638 = CARTESIAN_POINT('',(-0.620937024978,1.));
#3639 = ( GEOMETRIC_REPRESENTATION_CONTEXT(2) 
PARAMETRIC_REPRESENTATION_CONTEXT() REPRESENTATION_CONTEXT('2D SPACE',''
  ) );
#3640 = ORIENTED_EDGE('',*,*,#3641,.F.);
#3641 = EDGE_CURVE('',#3642,#3599,#3644,.T.);
#3642 = VERTEX_POINT('',#3643);
#3643 = CARTESIAN_POINT('',(-11.3673878119,59.098219633116,
    2.997460331531));
#3644 = SURFACE_CURVE('',#3645,(#3649,#3656),.PCURVE_S1.);
#3645 = LINE('',#3646,#3647);
#3646 = CARTESIAN_POINT('',(-19.095,59.098219633116,2.997460331531));
#3647 = VECTOR('',#3648,1.);
#3648 = DIRECTION('',(1.,0.,0.));
#3649 = PCURVE('',#1402,#3650);
#3650 = DEFINITIONAL_REPRESENTATION('',(#3651),#3655);
#3651 = LINE('',#3652,#3653);
#3652 = CARTESIAN_POINT('',(19.095,-11.27525694471));
#3653 = VECTOR('',#3654,1.);
#3654 = DIRECTION('',(-1.,0.));
#3655 = ( GEOMETRIC_REPRESENTATION_CONTEXT(2) 
PARAMETRIC_REPRESENTATION_CONTEXT() REPRESENTATION_CONTEXT('2D SPACE',''
  ) );
#3656 = PCURVE('',#3657,#3662);
#3657 = CYLINDRICAL_SURFACE('',#3658,1.005);
#3658 = AXIS2_PLACEMENT_3D('',#3659,#3660,#3661);
#3659 = CARTESIAN_POINT('',(-19.095,58.093372699484,3.015));
#3660 = DIRECTION('',(1.,0.,0.));
#3661 = DIRECTION('',(0.,0.999847695156,-1.745240643728E-02));
#3662 = DEFINITIONAL_REPRESENTATION('',(#3663),#3666);
#3663 = B_SPLINE_CURVE_WITH_KNOTS('',1,(#3664,#3665),.UNSPECIFIED.,.F.,
  .F.,(2,2),(7.727612188091,30.462387811909),.PIECEWISE_BEZIER_KNOTS.);
#3664 = CARTESIAN_POINT('',(0.,7.727612188091));
#3665 = CARTESIAN_POINT('',(0.,30.462387811909));
#3666 = ( GEOMETRIC_REPRESENTATION_CONTEXT(2) 
PARAMETRIC_REPRESENTATION_CONTEXT() REPRESENTATION_CONTEXT('2D SPACE',''
  ) );
#3667 = ORIENTED_EDGE('',*,*,#3668,.T.);
#3668 = EDGE_CURVE('',#3642,#3669,#3671,.T.);
#3669 = VERTEX_POINT('',#3670);
#3670 = CARTESIAN_POINT('',(-11.457,59.277457659747,13.266));
#3671 = SURFACE_CURVE('',#3672,(#3681,#3693),.PCURVE_S1.);
#3672 = B_SPLINE_CURVE_WITH_KNOTS('',4,(#3673,#3674,#3675,#3676,#3677,
    #3678,#3679,#3680),.UNSPECIFIED.,.F.,.F.,(5,3,5),(0.,0.581581012118,
    1.),.UNSPECIFIED.);
#3673 = CARTESIAN_POINT('',(-11.3673878119,59.098219633116,
    2.997460331531));
#3674 = CARTESIAN_POINT('',(-11.38041762626,59.124281246634,
    4.490529170011));
#3675 = CARTESIAN_POINT('',(-11.39344723405,59.150342446989,
    5.983574338406));
#3676 = CARTESIAN_POINT('',(-11.40647660797,59.176403179559,
    7.476592707426));
#3677 = CARTESIAN_POINT('',(-11.428879509,59.221212394208,10.04371089534
    ));
#3678 = CARTESIAN_POINT('',(-11.43825316727,59.239961138631,
    11.11782574396));
#3679 = CARTESIAN_POINT('',(-11.44762667039,59.258709572716,
    12.191922813308));
#3680 = CARTESIAN_POINT('',(-11.457,59.277457659747,13.266));
#3681 = PCURVE('',#1402,#3682);
#3682 = DEFINITIONAL_REPRESENTATION('',(#3683),#3692);
#3683 = B_SPLINE_CURVE_WITH_KNOTS('',4,(#3684,#3685,#3686,#3687,#3688,
    #3689,#3690,#3691),.UNSPECIFIED.,.F.,.F.,(5,3,5),(0.,0.581581012118,
    1.),.UNSPECIFIED.);
#3684 = CARTESIAN_POINT('',(11.367387811909,-11.27525694471));
#3685 = CARTESIAN_POINT('',(11.380417626265,-9.78196066998));
#3686 = CARTESIAN_POINT('',(11.393447234055,-8.288688068934));
#3687 = CARTESIAN_POINT('',(11.406476607971,-6.795442271346));
#3688 = CARTESIAN_POINT('',(11.428879509,-4.227933039341));
#3689 = CARTESIAN_POINT('',(11.438253167276,-3.153654572907));
#3690 = CARTESIAN_POINT('',(11.447626670395,-2.079393888453));
#3691 = CARTESIAN_POINT('',(11.457,-1.005153089684));
#3692 = ( GEOMETRIC_REPRESENTATION_CONTEXT(2) 
PARAMETRIC_REPRESENTATION_CONTEXT() REPRESENTATION_CONTEXT('2D SPACE',''
  ) );
#3693 = PCURVE('',#3694,#3699);
#3694 = B_SPLINE_SURFACE_WITH_KNOTS('',1,1,(
    (#3695,#3696)
    ,(#3697,#3698
    )),.UNSPECIFIED.,.F.,.F.,.F.,(2,2),(2,2),(-0.974486292815,
    0.974486292815),(0.,1.),.PIECEWISE_BEZIER_KNOTS.);
#3695 = CARTESIAN_POINT('',(-11.35701627572,57.737766275721,1.809));
#3696 = CARTESIAN_POINT('',(-11.457,57.83775,13.266));
#3697 = CARTESIAN_POINT('',(-11.35701627572,59.696483724279,1.809));
#3698 = CARTESIAN_POINT('',(-11.457,59.5965,13.266));
#3699 = DEFINITIONAL_REPRESENTATION('',(#3700),#3709);
#3700 = B_SPLINE_CURVE_WITH_KNOTS('',4,(#3701,#3702,#3703,#3704,#3705,
    #3706,#3707,#3708),.UNSPECIFIED.,.F.,.F.,(5,3,5),(0.,0.581581012118,
    1.),.UNSPECIFIED.);
#3701 = CARTESIAN_POINT('',(0.383257390306,0.103732245049));
#3702 = CARTESIAN_POINT('',(0.414620506518,0.234051599023));
#3703 = CARTESIAN_POINT('',(0.447107840418,0.364368887004));
#3704 = CARTESIAN_POINT('',(0.480809419203,0.494683835858));
#3705 = CARTESIAN_POINT('',(0.541038530502,0.718749314423));
#3706 = CARTESIAN_POINT('',(0.566926243546,0.812501155971));
#3707 = CARTESIAN_POINT('',(0.593542567291,0.906251445693));
#3708 = CARTESIAN_POINT('',(0.620937024978,1.));
#3709 = ( GEOMETRIC_REPRESENTATION_CONTEXT(2) 
PARAMETRIC_REPRESENTATION_CONTEXT() REPRESENTATION_CONTEXT('2D SPACE',''
  ) );
#3710 = ORIENTED_EDGE('',*,*,#3711,.F.);
#3711 = EDGE_CURVE('',#3712,#3669,#3714,.T.);
#3712 = VERTEX_POINT('',#3713);
#3713 = CARTESIAN_POINT('',(-12.663,59.277457659747,13.266));
#3714 = SURFACE_CURVE('',#3715,(#3719,#3726),.PCURVE_S1.);
#3715 = LINE('',#3716,#3717);
#3716 = CARTESIAN_POINT('',(-6.3315,59.277457659747,13.266));
#3717 = VECTOR('',#3718,1.);
#3718 = DIRECTION('',(1.,-0.,0.));
#3719 = PCURVE('',#1402,#3720);
#3720 = DEFINITIONAL_REPRESENTATION('',(#3721),#3725);
#3721 = LINE('',#3722,#3723);
#3722 = CARTESIAN_POINT('',(6.3315,-1.005153089684));
#3723 = VECTOR('',#3724,1.);
#3724 = DIRECTION('',(-1.,0.));
#3725 = ( GEOMETRIC_REPRESENTATION_CONTEXT(2) 
PARAMETRIC_REPRESENTATION_CONTEXT() REPRESENTATION_CONTEXT('2D SPACE',''
  ) );
#3726 = PCURVE('',#3727,#3732);
#3727 = PLANE('',#3728);
#3728 = AXIS2_PLACEMENT_3D('',#3729,#3730,#3731);
#3729 = CARTESIAN_POINT('',(-12.663,57.83775,13.266));
#3730 = DIRECTION('',(0.,0.,1.));
#3731 = DIRECTION('',(0.565528355552,0.824728851846,-0.));
#3732 = DEFINITIONAL_REPRESENTATION('',(#3733),#3737);
#3733 = LINE('',#3734,#3735);
#3734 = CARTESIAN_POINT('',(4.768011228392,-4.407575220171));
#3735 = VECTOR('',#3736,1.);
#3736 = DIRECTION('',(0.565528355552,-0.824728851846));
#3737 = ( GEOMETRIC_REPRESENTATION_CONTEXT(2) 
PARAMETRIC_REPRESENTATION_CONTEXT() REPRESENTATION_CONTEXT('2D SPACE',''
  ) );
#3738 = ORIENTED_EDGE('',*,*,#3739,.F.);
#3739 = EDGE_CURVE('',#3400,#3712,#3740,.T.);
#3740 = SURFACE_CURVE('',#3741,(#3750,#3762),.PCURVE_S1.);
#3741 = B_SPLINE_CURVE_WITH_KNOTS('',4,(#3742,#3743,#3744,#3745,#3746,
    #3747,#3748,#3749),.UNSPECIFIED.,.F.,.F.,(5,3,5),(0.,0.581581012118,
    1.),.UNSPECIFIED.);
#3742 = CARTESIAN_POINT('',(-12.75261218809,59.098219633116,
    2.997460331531));
#3743 = CARTESIAN_POINT('',(-12.73958237373,59.124281246634,
    4.490529170011));
#3744 = CARTESIAN_POINT('',(-12.72655276594,59.150342446989,
    5.983574338406));
#3745 = CARTESIAN_POINT('',(-12.71352339202,59.176403179559,
    7.476592707426));
#3746 = CARTESIAN_POINT('',(-12.691120491,59.221212394208,10.04371089534
    ));
#3747 = CARTESIAN_POINT('',(-12.68174683272,59.239961138631,
    11.11782574396));
#3748 = CARTESIAN_POINT('',(-12.6723733296,59.258709572715,
    12.191922813308));
#3749 = CARTESIAN_POINT('',(-12.663,59.277457659747,13.266));
#3750 = PCURVE('',#1402,#3751);
#3751 = DEFINITIONAL_REPRESENTATION('',(#3752),#3761);
#3752 = B_SPLINE_CURVE_WITH_KNOTS('',4,(#3753,#3754,#3755,#3756,#3757,
    #3758,#3759,#3760),.UNSPECIFIED.,.F.,.F.,(5,3,5),(0.,0.581581012118,
    1.),.UNSPECIFIED.);
#3753 = CARTESIAN_POINT('',(12.752612188091,-11.27525694471));
#3754 = CARTESIAN_POINT('',(12.739582373735,-9.781960669979));
#3755 = CARTESIAN_POINT('',(12.726552765945,-8.288688068934));
#3756 = CARTESIAN_POINT('',(12.713523392029,-6.795442271346));
#3757 = CARTESIAN_POINT('',(12.691120491,-4.227933039341));
#3758 = CARTESIAN_POINT('',(12.681746832724,-3.153654572907));
#3759 = CARTESIAN_POINT('',(12.672373329605,-2.079393888453));
#3760 = CARTESIAN_POINT('',(12.663,-1.005153089684));
#3761 = ( GEOMETRIC_REPRESENTATION_CONTEXT(2) 
PARAMETRIC_REPRESENTATION_CONTEXT() REPRESENTATION_CONTEXT('2D SPACE',''
  ) );
#3762 = PCURVE('',#3763,#3768);
#3763 = B_SPLINE_SURFACE_WITH_KNOTS('',1,1,(
    (#3764,#3765)
    ,(#3766,#3767
    )),.UNSPECIFIED.,.F.,.F.,.F.,(2,2),(2,2),(-0.974486292815,
    0.974486292815),(0.,1.),.PIECEWISE_BEZIER_KNOTS.);
#3764 = CARTESIAN_POINT('',(-12.76298372427,59.696483724279,1.809));
#3765 = CARTESIAN_POINT('',(-12.663,59.5965,13.266));
#3766 = CARTESIAN_POINT('',(-12.76298372427,57.737766275721,1.809));
#3767 = CARTESIAN_POINT('',(-12.663,57.83775,13.266));
#3768 = DEFINITIONAL_REPRESENTATION('',(#3769),#3778);
#3769 = B_SPLINE_CURVE_WITH_KNOTS('',4,(#3770,#3771,#3772,#3773,#3774,
    #3775,#3776,#3777),.UNSPECIFIED.,.F.,.F.,(5,3,5),(0.,0.581581012118,
    1.),.UNSPECIFIED.);
#3770 = CARTESIAN_POINT('',(-0.383257390306,0.103732245049));
#3771 = CARTESIAN_POINT('',(-0.414620506518,0.234051599023));
#3772 = CARTESIAN_POINT('',(-0.447107840418,0.364368887004));
#3773 = CARTESIAN_POINT('',(-0.480809419203,0.494683835858));
#3774 = CARTESIAN_POINT('',(-0.541038530502,0.718749314423));
#3775 = CARTESIAN_POINT('',(-0.566926243546,0.812501155971));
#3776 = CARTESIAN_POINT('',(-0.593542567291,0.906251445693));
#3777 = CARTESIAN_POINT('',(-0.620937024978,1.));
#3778 = ( GEOMETRIC_REPRESENTATION_CONTEXT(2) 
PARAMETRIC_REPRESENTATION_CONTEXT() REPRESENTATION_CONTEXT('2D SPACE',''
  ) );
#3779 = ADVANCED_FACE('',(#3780),#1871,.T.);
#3780 = FACE_BOUND('',#3781,.T.);
#3781 = EDGE_LOOP('',(#3782,#3811,#3836,#3857,#3858,#3859,#3860,#3861,
    #3862,#3863,#3864,#3865));
#3782 = ORIENTED_EDGE('',*,*,#3783,.F.);
#3783 = EDGE_CURVE('',#3784,#3786,#3788,.T.);
#3784 = VERTEX_POINT('',#3785);
#3785 = CARTESIAN_POINT('',(19.095,-59.09821963311,2.997460331531));
#3786 = VERTEX_POINT('',#3787);
#3787 = CARTESIAN_POINT('',(-19.095,-59.09821963311,2.997460331531));
#3788 = SURFACE_CURVE('',#3789,(#3793,#3800),.PCURVE_S1.);
#3789 = LINE('',#3790,#3791);
#3790 = CARTESIAN_POINT('',(19.095,-59.09821963311,2.997460331531));
#3791 = VECTOR('',#3792,1.);
#3792 = DIRECTION('',(-1.,-0.,-0.));
#3793 = PCURVE('',#1871,#3794);
#3794 = DEFINITIONAL_REPRESENTATION('',(#3795),#3799);
#3795 = LINE('',#3796,#3797);
#3796 = CARTESIAN_POINT('',(19.095,-11.27525694471));
#3797 = VECTOR('',#3798,1.);
#3798 = DIRECTION('',(-1.,0.));
#3799 = ( GEOMETRIC_REPRESENTATION_CONTEXT(2) 
PARAMETRIC_REPRESENTATION_CONTEXT() REPRESENTATION_CONTEXT('2D SPACE',''
  ) );
#3800 = PCURVE('',#3801,#3806);
#3801 = CYLINDRICAL_SURFACE('',#3802,1.005);
#3802 = AXIS2_PLACEMENT_3D('',#3803,#3804,#3805);
#3803 = CARTESIAN_POINT('',(19.095,-58.09337269948,3.015));
#3804 = DIRECTION('',(-1.,-0.,-0.));
#3805 = DIRECTION('',(0.,-0.999847695156,-1.745240643728E-02));
#3806 = DEFINITIONAL_REPRESENTATION('',(#3807),#3810);
#3807 = B_SPLINE_CURVE_WITH_KNOTS('',1,(#3808,#3809),.UNSPECIFIED.,.F.,
  .F.,(2,2),(0.,38.19),.PIECEWISE_BEZIER_KNOTS.);
#3808 = CARTESIAN_POINT('',(0.,0.));
#3809 = CARTESIAN_POINT('',(0.,38.19));
#3810 = ( GEOMETRIC_REPRESENTATION_CONTEXT(2) 
PARAMETRIC_REPRESENTATION_CONTEXT() REPRESENTATION_CONTEXT('2D SPACE',''
  ) );
#3811 = ORIENTED_EDGE('',*,*,#3812,.T.);
#3812 = EDGE_CURVE('',#3784,#3813,#3815,.T.);
#3813 = VERTEX_POINT('',#3814);
#3814 = CARTESIAN_POINT('',(19.095,-59.295,14.271));
#3815 = SURFACE_CURVE('',#3816,(#3819,#3825),.PCURVE_S1.);
#3816 = B_SPLINE_CURVE_WITH_KNOTS('',1,(#3817,#3818),.UNSPECIFIED.,.F.,
  .F.,(2,2),(0.,1.),.PIECEWISE_BEZIER_KNOTS.);
#3817 = CARTESIAN_POINT('',(19.095,-59.08098344891,2.01));
#3818 = CARTESIAN_POINT('',(19.095,-59.295,14.271));
#3819 = PCURVE('',#1871,#3820);
#3820 = DEFINITIONAL_REPRESENTATION('',(#3821),#3824);
#3821 = B_SPLINE_CURVE_WITH_KNOTS('',1,(#3822,#3823),.UNSPECIFIED.,.F.,
  .F.,(2,2),(0.,1.),.PIECEWISE_BEZIER_KNOTS.);
#3822 = CARTESIAN_POINT('',(19.095,-12.26286769414));
#3823 = CARTESIAN_POINT('',(19.095,0.));
#3824 = ( GEOMETRIC_REPRESENTATION_CONTEXT(2) 
PARAMETRIC_REPRESENTATION_CONTEXT() REPRESENTATION_CONTEXT('2D SPACE',''
  ) );
#3825 = PCURVE('',#3826,#3831);
#3826 = CONICAL_SURFACE('',#3827,9.835983448915,1.745329251994E-02);
#3827 = AXIS2_PLACEMENT_3D('',#3828,#3829,#3830);
#3828 = CARTESIAN_POINT('',(19.095,-49.245,2.01));
#3829 = DIRECTION('',(0.,0.,1.));
#3830 = DIRECTION('',(1.,0.,0.));
#3831 = DEFINITIONAL_REPRESENTATION('',(#3832),#3835);
#3832 = B_SPLINE_CURVE_WITH_KNOTS('',1,(#3833,#3834),.UNSPECIFIED.,.F.,
  .F.,(2,2),(0.,1.),.PIECEWISE_BEZIER_KNOTS.);
#3833 = CARTESIAN_POINT('',(4.712388980385,0.987460331531));
#3834 = CARTESIAN_POINT('',(4.712388980385,12.261));
#3835 = ( GEOMETRIC_REPRESENTATION_CONTEXT(2) 
PARAMETRIC_REPRESENTATION_CONTEXT() REPRESENTATION_CONTEXT('2D SPACE',''
  ) );
#3836 = ORIENTED_EDGE('',*,*,#3837,.F.);
#3837 = EDGE_CURVE('',#1911,#3813,#3838,.T.);
#3838 = SURFACE_CURVE('',#3839,(#3843,#3850),.PCURVE_S1.);
#3839 = LINE('',#3840,#3841);
#3840 = CARTESIAN_POINT('',(0.,-59.295,14.271));
#3841 = VECTOR('',#3842,1.);
#3842 = DIRECTION('',(1.,0.,0.));
#3843 = PCURVE('',#1871,#3844);
#3844 = DEFINITIONAL_REPRESENTATION('',(#3845),#3849);
#3845 = LINE('',#3846,#3847);
#3846 = CARTESIAN_POINT('',(0.,0.));
#3847 = VECTOR('',#3848,1.);
#3848 = DIRECTION('',(1.,0.));
#3849 = ( GEOMETRIC_REPRESENTATION_CONTEXT(2) 
PARAMETRIC_REPRESENTATION_CONTEXT() REPRESENTATION_CONTEXT('2D SPACE',''
  ) );
#3850 = PCURVE('',#1949,#3851);
#3851 = DEFINITIONAL_REPRESENTATION('',(#3852),#3856);
#3852 = LINE('',#3853,#3854);
#3853 = CARTESIAN_POINT('',(19.095,-10.05));
#3854 = VECTOR('',#3855,1.);
#3855 = DIRECTION('',(1.,0.));
#3856 = ( GEOMETRIC_REPRESENTATION_CONTEXT(2) 
PARAMETRIC_REPRESENTATION_CONTEXT() REPRESENTATION_CONTEXT('2D SPACE',''
  ) );
#3857 = ORIENTED_EDGE('',*,*,#1910,.F.);
#3858 = ORIENTED_EDGE('',*,*,#2044,.T.);
#3859 = ORIENTED_EDGE('',*,*,#2110,.T.);
#3860 = ORIENTED_EDGE('',*,*,#2228,.T.);
#3861 = ORIENTED_EDGE('',*,*,#2271,.T.);
#3862 = ORIENTED_EDGE('',*,*,#2379,.T.);
#3863 = ORIENTED_EDGE('',*,*,#1857,.F.);
#3864 = ORIENTED_EDGE('',*,*,#3317,.F.);
#3865 = ORIENTED_EDGE('',*,*,#3866,.F.);
#3866 = EDGE_CURVE('',#3786,#3318,#3867,.T.);
#3867 = SURFACE_CURVE('',#3868,(#3871,#3877),.PCURVE_S1.);
#3868 = B_SPLINE_CURVE_WITH_KNOTS('',1,(#3869,#3870),.UNSPECIFIED.,.F.,
  .F.,(2,2),(0.,1.),.PIECEWISE_BEZIER_KNOTS.);
#3869 = CARTESIAN_POINT('',(-19.095,-59.08098344891,2.01));
#3870 = CARTESIAN_POINT('',(-19.095,-59.295,14.271));
#3871 = PCURVE('',#1871,#3872);
#3872 = DEFINITIONAL_REPRESENTATION('',(#3873),#3876);
#3873 = B_SPLINE_CURVE_WITH_KNOTS('',1,(#3874,#3875),.UNSPECIFIED.,.F.,
  .F.,(2,2),(0.,1.),.PIECEWISE_BEZIER_KNOTS.);
#3874 = CARTESIAN_POINT('',(-19.095,-12.26286769414));
#3875 = CARTESIAN_POINT('',(-19.095,0.));
#3876 = ( GEOMETRIC_REPRESENTATION_CONTEXT(2) 
PARAMETRIC_REPRESENTATION_CONTEXT() REPRESENTATION_CONTEXT('2D SPACE',''
  ) );
#3877 = PCURVE('',#3357,#3878);
#3878 = DEFINITIONAL_REPRESENTATION('',(#3879),#3882);
#3879 = B_SPLINE_CURVE_WITH_KNOTS('',1,(#3880,#3881),.UNSPECIFIED.,.F.,
  .F.,(2,2),(0.,1.),.PIECEWISE_BEZIER_KNOTS.);
#3880 = CARTESIAN_POINT('',(4.712388980385,0.987460331531));
#3881 = CARTESIAN_POINT('',(4.712388980385,12.261));
#3882 = ( GEOMETRIC_REPRESENTATION_CONTEXT(2) 
PARAMETRIC_REPRESENTATION_CONTEXT() REPRESENTATION_CONTEXT('2D SPACE',''
  ) );
#3883 = ADVANCED_FACE('',(#3884),#1822,.T.);
#3884 = FACE_BOUND('',#3885,.T.);
#3885 = EDGE_LOOP('',(#3886,#3904,#3905,#3906));
#3886 = ORIENTED_EDGE('',*,*,#3887,.F.);
#3887 = EDGE_CURVE('',#3273,#2994,#3888,.T.);
#3888 = SURFACE_CURVE('',#3889,(#3892,#3898),.PCURVE_S1.);
#3889 = B_SPLINE_CURVE_WITH_KNOTS('',1,(#3890,#3891),.UNSPECIFIED.,.F.,
  .F.,(2,2),(0.,1.),.PIECEWISE_BEZIER_KNOTS.);
#3890 = CARTESIAN_POINT('',(-19.095,-59.295,14.2509));
#3891 = CARTESIAN_POINT('',(-19.095,-59.32148893378,15.78855));
#3892 = PCURVE('',#1822,#3893);
#3893 = DEFINITIONAL_REPRESENTATION('',(#3894),#3897);
#3894 = B_SPLINE_CURVE_WITH_KNOTS('',1,(#3895,#3896),.UNSPECIFIED.,.F.,
  .F.,(2,2),(0.,1.),.PIECEWISE_BEZIER_KNOTS.);
#3895 = CARTESIAN_POINT('',(-19.095,-1.537878144104));
#3896 = CARTESIAN_POINT('',(-19.095,0.));
#3897 = ( GEOMETRIC_REPRESENTATION_CONTEXT(2) 
PARAMETRIC_REPRESENTATION_CONTEXT() REPRESENTATION_CONTEXT('2D SPACE',''
  ) );
#3898 = PCURVE('',#3033,#3899);
#3899 = DEFINITIONAL_REPRESENTATION('',(#3900),#3903);
#3900 = B_SPLINE_CURVE_WITH_KNOTS('',1,(#3901,#3902),.UNSPECIFIED.,.F.,
  .F.,(2,2),(0.,1.),.PIECEWISE_BEZIER_KNOTS.);
#3901 = CARTESIAN_POINT('',(4.712388980385,2.01E-02));
#3902 = CARTESIAN_POINT('',(4.712388980385,1.5276));
#3903 = ( GEOMETRIC_REPRESENTATION_CONTEXT(2) 
PARAMETRIC_REPRESENTATION_CONTEXT() REPRESENTATION_CONTEXT('2D SPACE',''
  ) );
#3904 = ORIENTED_EDGE('',*,*,#3295,.T.);
#3905 = ORIENTED_EDGE('',*,*,#1806,.F.);
#3906 = ORIENTED_EDGE('',*,*,#2993,.F.);
#3907 = ADVANCED_FACE('',(#3908),#2005,.F.);
#3908 = FACE_BOUND('',#3909,.F.);
#3909 = EDGE_LOOP('',(#3910,#3911,#3912,#3913,#3914,#3915,#3916,#3917,
    #3940,#3968,#3996,#4024));
#3910 = ORIENTED_EDGE('',*,*,#1989,.F.);
#3911 = ORIENTED_EDGE('',*,*,#2425,.T.);
#3912 = ORIENTED_EDGE('',*,*,#2471,.T.);
#3913 = ORIENTED_EDGE('',*,*,#2517,.T.);
#3914 = ORIENTED_EDGE('',*,*,#2563,.T.);
#3915 = ORIENTED_EDGE('',*,*,#2612,.F.);
#3916 = ORIENTED_EDGE('',*,*,#2685,.F.);
#3917 = ORIENTED_EDGE('',*,*,#3918,.F.);
#3918 = EDGE_CURVE('',#3919,#2686,#3921,.T.);
#3919 = VERTEX_POINT('',#3920);
#3920 = CARTESIAN_POINT('',(19.095,59.321315803496,15.7785));
#3921 = SURFACE_CURVE('',#3922,(#3926,#3933),.PCURVE_S1.);
#3922 = LINE('',#3923,#3924);
#3923 = CARTESIAN_POINT('',(-9.5475,59.321315803496,15.7785));
#3924 = VECTOR('',#3925,1.);
#3925 = DIRECTION('',(-1.,0.,0.));
#3926 = PCURVE('',#2005,#3927);
#3927 = DEFINITIONAL_REPRESENTATION('',(#3928),#3932);
#3928 = LINE('',#3929,#3930);
#3929 = CARTESIAN_POINT('',(9.5475,108.56631580349));
#3930 = VECTOR('',#3931,1.);
#3931 = DIRECTION('',(-1.,0.));
#3932 = ( GEOMETRIC_REPRESENTATION_CONTEXT(2) 
PARAMETRIC_REPRESENTATION_CONTEXT() REPRESENTATION_CONTEXT('2D SPACE',''
  ) );
#3933 = PCURVE('',#2724,#3934);
#3934 = DEFINITIONAL_REPRESENTATION('',(#3935),#3939);
#3935 = LINE('',#3936,#3937);
#3936 = CARTESIAN_POINT('',(9.5475,-1.005149113793E-02));
#3937 = VECTOR('',#3938,1.);
#3938 = DIRECTION('',(1.,0.));
#3939 = ( GEOMETRIC_REPRESENTATION_CONTEXT(2) 
PARAMETRIC_REPRESENTATION_CONTEXT() REPRESENTATION_CONTEXT('2D SPACE',''
  ) );
#3940 = ORIENTED_EDGE('',*,*,#3941,.F.);
#3941 = EDGE_CURVE('',#3942,#3919,#3944,.T.);
#3942 = VERTEX_POINT('',#3943);
#3943 = CARTESIAN_POINT('',(29.171315803496,49.245,15.7785));
#3944 = SURFACE_CURVE('',#3945,(#3950,#3957),.PCURVE_S1.);
#3945 = CIRCLE('',#3946,10.076315803496);
#3946 = AXIS2_PLACEMENT_3D('',#3947,#3948,#3949);
#3947 = CARTESIAN_POINT('',(19.095,49.245,15.7785));
#3948 = DIRECTION('',(0.,0.,1.));
#3949 = DIRECTION('',(1.,0.,-0.));
#3950 = PCURVE('',#2005,#3951);
#3951 = DEFINITIONAL_REPRESENTATION('',(#3952),#3956);
#3952 = CIRCLE('',#3953,10.076315803496);
#3953 = AXIS2_PLACEMENT_2D('',#3954,#3955);
#3954 = CARTESIAN_POINT('',(38.19,98.49));
#3955 = DIRECTION('',(1.,0.));
#3956 = ( GEOMETRIC_REPRESENTATION_CONTEXT(2) 
PARAMETRIC_REPRESENTATION_CONTEXT() REPRESENTATION_CONTEXT('2D SPACE',''
  ) );
#3957 = PCURVE('',#3958,#3963);
#3958 = CONICAL_SURFACE('',#3959,10.05,1.722519033007E-02);
#3959 = AXIS2_PLACEMENT_3D('',#3960,#3961,#3962);
#3960 = CARTESIAN_POINT('',(19.095,49.245,14.2509));
#3961 = DIRECTION('',(0.,0.,1.));
#3962 = DIRECTION('',(1.,0.,0.));
#3963 = DEFINITIONAL_REPRESENTATION('',(#3964),#3967);
#3964 = B_SPLINE_CURVE_WITH_KNOTS('',1,(#3965,#3966),.UNSPECIFIED.,.F.,
  .F.,(2,2),(0.,1.570796326795),.PIECEWISE_BEZIER_KNOTS.);
#3965 = CARTESIAN_POINT('',(0.,1.5276));
#3966 = CARTESIAN_POINT('',(1.570796326795,1.5276));
#3967 = ( GEOMETRIC_REPRESENTATION_CONTEXT(2) 
PARAMETRIC_REPRESENTATION_CONTEXT() REPRESENTATION_CONTEXT('2D SPACE',''
  ) );
#3968 = ORIENTED_EDGE('',*,*,#3969,.F.);
#3969 = EDGE_CURVE('',#3970,#3942,#3972,.T.);
#3970 = VERTEX_POINT('',#3971);
#3971 = CARTESIAN_POINT('',(29.171315803496,-49.245,15.7785));
#3972 = SURFACE_CURVE('',#3973,(#3977,#3984),.PCURVE_S1.);
#3973 = LINE('',#3974,#3975);
#3974 = CARTESIAN_POINT('',(29.171315803496,-24.6225,15.7785));
#3975 = VECTOR('',#3976,1.);
#3976 = DIRECTION('',(-0.,1.,0.));
#3977 = PCURVE('',#2005,#3978);
#3978 = DEFINITIONAL_REPRESENTATION('',(#3979),#3983);
#3979 = LINE('',#3980,#3981);
#3980 = CARTESIAN_POINT('',(48.266315803496,24.6225));
#3981 = VECTOR('',#3982,1.);
#3982 = DIRECTION('',(0.,1.));
#3983 = ( GEOMETRIC_REPRESENTATION_CONTEXT(2) 
PARAMETRIC_REPRESENTATION_CONTEXT() REPRESENTATION_CONTEXT('2D SPACE',''
  ) );
#3984 = PCURVE('',#3985,#3990);
#3985 = PLANE('',#3986);
#3986 = AXIS2_PLACEMENT_3D('',#3987,#3988,#3989);
#3987 = CARTESIAN_POINT('',(29.171488933782,0.,15.78855));
#3988 = DIRECTION('',(0.999851650077,0.,-1.722433853642E-02));
#3989 = DIRECTION('',(0.,1.,0.));
#3990 = DEFINITIONAL_REPRESENTATION('',(#3991),#3995);
#3991 = LINE('',#3992,#3993);
#3992 = CARTESIAN_POINT('',(-24.6225,-1.005149113793E-02));
#3993 = VECTOR('',#3994,1.);
#3994 = DIRECTION('',(1.,0.));
#3995 = ( GEOMETRIC_REPRESENTATION_CONTEXT(2) 
PARAMETRIC_REPRESENTATION_CONTEXT() REPRESENTATION_CONTEXT('2D SPACE',''
  ) );
#3996 = ORIENTED_EDGE('',*,*,#3997,.F.);
#3997 = EDGE_CURVE('',#3998,#3970,#4000,.T.);
#3998 = VERTEX_POINT('',#3999);
#3999 = CARTESIAN_POINT('',(19.095,-59.32131580349,15.7785));
#4000 = SURFACE_CURVE('',#4001,(#4006,#4013),.PCURVE_S1.);
#4001 = CIRCLE('',#4002,10.076315803496);
#4002 = AXIS2_PLACEMENT_3D('',#4003,#4004,#4005);
#4003 = CARTESIAN_POINT('',(19.095,-49.245,15.7785));
#4004 = DIRECTION('',(0.,0.,1.));
#4005 = DIRECTION('',(1.,0.,-0.));
#4006 = PCURVE('',#2005,#4007);
#4007 = DEFINITIONAL_REPRESENTATION('',(#4008),#4012);
#4008 = CIRCLE('',#4009,10.076315803496);
#4009 = AXIS2_PLACEMENT_2D('',#4010,#4011);
#4010 = CARTESIAN_POINT('',(38.19,0.));
#4011 = DIRECTION('',(1.,0.));
#4012 = ( GEOMETRIC_REPRESENTATION_CONTEXT(2) 
PARAMETRIC_REPRESENTATION_CONTEXT() REPRESENTATION_CONTEXT('2D SPACE',''
  ) );
#4013 = PCURVE('',#4014,#4019);
#4014 = CONICAL_SURFACE('',#4015,10.05,1.722519033007E-02);
#4015 = AXIS2_PLACEMENT_3D('',#4016,#4017,#4018);
#4016 = CARTESIAN_POINT('',(19.095,-49.245,14.2509));
#4017 = DIRECTION('',(0.,0.,1.));
#4018 = DIRECTION('',(1.,0.,0.));
#4019 = DEFINITIONAL_REPRESENTATION('',(#4020),#4023);
#4020 = B_SPLINE_CURVE_WITH_KNOTS('',1,(#4021,#4022),.UNSPECIFIED.,.F.,
  .F.,(2,2),(4.712388980385,6.28318530718),.PIECEWISE_BEZIER_KNOTS.);
#4021 = CARTESIAN_POINT('',(4.712388980385,1.5276));
#4022 = CARTESIAN_POINT('',(6.28318530718,1.5276));
#4023 = ( GEOMETRIC_REPRESENTATION_CONTEXT(2) 
PARAMETRIC_REPRESENTATION_CONTEXT() REPRESENTATION_CONTEXT('2D SPACE',''
  ) );
#4024 = ORIENTED_EDGE('',*,*,#4025,.F.);
#4025 = EDGE_CURVE('',#1962,#3998,#4026,.T.);
#4026 = SURFACE_CURVE('',#4027,(#4031,#4038),.PCURVE_S1.);
#4027 = LINE('',#4028,#4029);
#4028 = CARTESIAN_POINT('',(-9.5475,-59.32131580349,15.7785));
#4029 = VECTOR('',#4030,1.);
#4030 = DIRECTION('',(1.,0.,-0.));
#4031 = PCURVE('',#2005,#4032);
#4032 = DEFINITIONAL_REPRESENTATION('',(#4033),#4037);
#4033 = LINE('',#4034,#4035);
#4034 = CARTESIAN_POINT('',(9.5475,-10.07631580349));
#4035 = VECTOR('',#4036,1.);
#4036 = DIRECTION('',(1.,0.));
#4037 = ( GEOMETRIC_REPRESENTATION_CONTEXT(2) 
PARAMETRIC_REPRESENTATION_CONTEXT() REPRESENTATION_CONTEXT('2D SPACE',''
  ) );
#4038 = PCURVE('',#1977,#4039);
#4039 = DEFINITIONAL_REPRESENTATION('',(#4040),#4044);
#4040 = LINE('',#4041,#4042);
#4041 = CARTESIAN_POINT('',(-9.5475,-1.005149113793E-02));
#4042 = VECTOR('',#4043,1.);
#4043 = DIRECTION('',(1.,0.));
#4044 = ( GEOMETRIC_REPRESENTATION_CONTEXT(2) 
PARAMETRIC_REPRESENTATION_CONTEXT() REPRESENTATION_CONTEXT('2D SPACE',''
  ) );
#4045 = ADVANCED_FACE('',(#4046),#1977,.T.);
#4046 = FACE_BOUND('',#4047,.T.);
#4047 = EDGE_LOOP('',(#4048,#4049,#4072,#4090));
#4048 = ORIENTED_EDGE('',*,*,#1961,.F.);
#4049 = ORIENTED_EDGE('',*,*,#4050,.T.);
#4050 = EDGE_CURVE('',#1934,#4051,#4053,.T.);
#4051 = VERTEX_POINT('',#4052);
#4052 = CARTESIAN_POINT('',(19.095,-59.29534626057,14.271));
#4053 = SURFACE_CURVE('',#4054,(#4058,#4065),.PCURVE_S1.);
#4054 = LINE('',#4055,#4056);
#4055 = CARTESIAN_POINT('',(-9.5475,-59.29534626057,14.271));
#4056 = VECTOR('',#4057,1.);
#4057 = DIRECTION('',(1.,0.,-0.));
#4058 = PCURVE('',#1977,#4059);
#4059 = DEFINITIONAL_REPRESENTATION('',(#4060),#4064);
#4060 = LINE('',#4061,#4062);
#4061 = CARTESIAN_POINT('',(-9.5475,-1.517775161828));
#4062 = VECTOR('',#4063,1.);
#4063 = DIRECTION('',(1.,0.));
#4064 = ( GEOMETRIC_REPRESENTATION_CONTEXT(2) 
PARAMETRIC_REPRESENTATION_CONTEXT() REPRESENTATION_CONTEXT('2D SPACE',''
  ) );
#4065 = PCURVE('',#1949,#4066);
#4066 = DEFINITIONAL_REPRESENTATION('',(#4067),#4071);
#4067 = LINE('',#4068,#4069);
#4068 = CARTESIAN_POINT('',(9.5475,-10.05034626057));
#4069 = VECTOR('',#4070,1.);
#4070 = DIRECTION('',(1.,0.));
#4071 = ( GEOMETRIC_REPRESENTATION_CONTEXT(2) 
PARAMETRIC_REPRESENTATION_CONTEXT() REPRESENTATION_CONTEXT('2D SPACE',''
  ) );
#4072 = ORIENTED_EDGE('',*,*,#4073,.T.);
#4073 = EDGE_CURVE('',#4051,#3998,#4074,.T.);
#4074 = SURFACE_CURVE('',#4075,(#4078,#4084),.PCURVE_S1.);
#4075 = B_SPLINE_CURVE_WITH_KNOTS('',1,(#4076,#4077),.UNSPECIFIED.,.F.,
  .F.,(2,2),(0.,1.),.PIECEWISE_BEZIER_KNOTS.);
#4076 = CARTESIAN_POINT('',(19.095,-59.295,14.2509));
#4077 = CARTESIAN_POINT('',(19.095,-59.32148893378,15.78855));
#4078 = PCURVE('',#1977,#4079);
#4079 = DEFINITIONAL_REPRESENTATION('',(#4080),#4083);
#4080 = B_SPLINE_CURVE_WITH_KNOTS('',1,(#4081,#4082),.UNSPECIFIED.,.F.,
  .F.,(2,2),(0.,1.),.PIECEWISE_BEZIER_KNOTS.);
#4081 = CARTESIAN_POINT('',(19.095,-1.537878144104));
#4082 = CARTESIAN_POINT('',(19.095,0.));
#4083 = ( GEOMETRIC_REPRESENTATION_CONTEXT(2) 
PARAMETRIC_REPRESENTATION_CONTEXT() REPRESENTATION_CONTEXT('2D SPACE',''
  ) );
#4084 = PCURVE('',#4014,#4085);
#4085 = DEFINITIONAL_REPRESENTATION('',(#4086),#4089);
#4086 = B_SPLINE_CURVE_WITH_KNOTS('',1,(#4087,#4088),.UNSPECIFIED.,.F.,
  .F.,(2,2),(0.,1.),.PIECEWISE_BEZIER_KNOTS.);
#4087 = CARTESIAN_POINT('',(4.712388980385,2.01E-02));
#4088 = CARTESIAN_POINT('',(4.712388980385,1.5276));
#4089 = ( GEOMETRIC_REPRESENTATION_CONTEXT(2) 
PARAMETRIC_REPRESENTATION_CONTEXT() REPRESENTATION_CONTEXT('2D SPACE',''
  ) );
#4090 = ORIENTED_EDGE('',*,*,#4025,.F.);
#4091 = ADVANCED_FACE('',(#4092),#1949,.F.);
#4092 = FACE_BOUND('',#4093,.F.);
#4093 = EDGE_LOOP('',(#4094,#4095,#4096,#4097,#4120,#4143,#4166,#4187,
    #4188,#4189,#4212,#4240));
#4094 = ORIENTED_EDGE('',*,*,#3837,.F.);
#4095 = ORIENTED_EDGE('',*,*,#1933,.F.);
#4096 = ORIENTED_EDGE('',*,*,#4050,.T.);
#4097 = ORIENTED_EDGE('',*,*,#4098,.T.);
#4098 = EDGE_CURVE('',#4051,#4099,#4101,.T.);
#4099 = VERTEX_POINT('',#4100);
#4100 = CARTESIAN_POINT('',(29.145346260572,-49.245,14.271));
#4101 = SURFACE_CURVE('',#4102,(#4107,#4114),.PCURVE_S1.);
#4102 = CIRCLE('',#4103,10.050346260572);
#4103 = AXIS2_PLACEMENT_3D('',#4104,#4105,#4106);
#4104 = CARTESIAN_POINT('',(19.095,-49.245,14.271));
#4105 = DIRECTION('',(0.,0.,1.));
#4106 = DIRECTION('',(1.,0.,-0.));
#4107 = PCURVE('',#1949,#4108);
#4108 = DEFINITIONAL_REPRESENTATION('',(#4109),#4113);
#4109 = CIRCLE('',#4110,10.050346260572);
#4110 = AXIS2_PLACEMENT_2D('',#4111,#4112);
#4111 = CARTESIAN_POINT('',(38.19,0.));
#4112 = DIRECTION('',(1.,0.));
#4113 = ( GEOMETRIC_REPRESENTATION_CONTEXT(2) 
PARAMETRIC_REPRESENTATION_CONTEXT() REPRESENTATION_CONTEXT('2D SPACE',''
  ) );
#4114 = PCURVE('',#4014,#4115);
#4115 = DEFINITIONAL_REPRESENTATION('',(#4116),#4119);
#4116 = B_SPLINE_CURVE_WITH_KNOTS('',1,(#4117,#4118),.UNSPECIFIED.,.F.,
  .F.,(2,2),(4.712388980385,6.28318530718),.PIECEWISE_BEZIER_KNOTS.);
#4117 = CARTESIAN_POINT('',(4.712388980385,2.01E-02));
#4118 = CARTESIAN_POINT('',(6.28318530718,2.01E-02));
#4119 = ( GEOMETRIC_REPRESENTATION_CONTEXT(2) 
PARAMETRIC_REPRESENTATION_CONTEXT() REPRESENTATION_CONTEXT('2D SPACE',''
  ) );
#4120 = ORIENTED_EDGE('',*,*,#4121,.T.);
#4121 = EDGE_CURVE('',#4099,#4122,#4124,.T.);
#4122 = VERTEX_POINT('',#4123);
#4123 = CARTESIAN_POINT('',(29.145346260572,49.245,14.271));
#4124 = SURFACE_CURVE('',#4125,(#4129,#4136),.PCURVE_S1.);
#4125 = LINE('',#4126,#4127);
#4126 = CARTESIAN_POINT('',(29.145346260572,-24.6225,14.271));
#4127 = VECTOR('',#4128,1.);
#4128 = DIRECTION('',(-0.,1.,0.));
#4129 = PCURVE('',#1949,#4130);
#4130 = DEFINITIONAL_REPRESENTATION('',(#4131),#4135);
#4131 = LINE('',#4132,#4133);
#4132 = CARTESIAN_POINT('',(48.240346260572,24.6225));
#4133 = VECTOR('',#4134,1.);
#4134 = DIRECTION('',(0.,1.));
#4135 = ( GEOMETRIC_REPRESENTATION_CONTEXT(2) 
PARAMETRIC_REPRESENTATION_CONTEXT() REPRESENTATION_CONTEXT('2D SPACE',''
  ) );
#4136 = PCURVE('',#3985,#4137);
#4137 = DEFINITIONAL_REPRESENTATION('',(#4138),#4142);
#4138 = LINE('',#4139,#4140);
#4139 = CARTESIAN_POINT('',(-24.6225,-1.517775161828));
#4140 = VECTOR('',#4141,1.);
#4141 = DIRECTION('',(1.,0.));
#4142 = ( GEOMETRIC_REPRESENTATION_CONTEXT(2) 
PARAMETRIC_REPRESENTATION_CONTEXT() REPRESENTATION_CONTEXT('2D SPACE',''
  ) );
#4143 = ORIENTED_EDGE('',*,*,#4144,.T.);
#4144 = EDGE_CURVE('',#4122,#4145,#4147,.T.);
#4145 = VERTEX_POINT('',#4146);
#4146 = CARTESIAN_POINT('',(19.095,59.295346260572,14.271));
#4147 = SURFACE_CURVE('',#4148,(#4153,#4160),.PCURVE_S1.);
#4148 = CIRCLE('',#4149,10.050346260572);
#4149 = AXIS2_PLACEMENT_3D('',#4150,#4151,#4152);
#4150 = CARTESIAN_POINT('',(19.095,49.245,14.271));
#4151 = DIRECTION('',(0.,0.,1.));
#4152 = DIRECTION('',(1.,0.,-0.));
#4153 = PCURVE('',#1949,#4154);
#4154 = DEFINITIONAL_REPRESENTATION('',(#4155),#4159);
#4155 = CIRCLE('',#4156,10.050346260572);
#4156 = AXIS2_PLACEMENT_2D('',#4157,#4158);
#4157 = CARTESIAN_POINT('',(38.19,98.49));
#4158 = DIRECTION('',(1.,0.));
#4159 = ( GEOMETRIC_REPRESENTATION_CONTEXT(2) 
PARAMETRIC_REPRESENTATION_CONTEXT() REPRESENTATION_CONTEXT('2D SPACE',''
  ) );
#4160 = PCURVE('',#3958,#4161);
#4161 = DEFINITIONAL_REPRESENTATION('',(#4162),#4165);
#4162 = B_SPLINE_CURVE_WITH_KNOTS('',1,(#4163,#4164),.UNSPECIFIED.,.F.,
  .F.,(2,2),(0.,1.570796326795),.PIECEWISE_BEZIER_KNOTS.);
#4163 = CARTESIAN_POINT('',(0.,2.01E-02));
#4164 = CARTESIAN_POINT('',(1.570796326795,2.01E-02));
#4165 = ( GEOMETRIC_REPRESENTATION_CONTEXT(2) 
PARAMETRIC_REPRESENTATION_CONTEXT() REPRESENTATION_CONTEXT('2D SPACE',''
  ) );
#4166 = ORIENTED_EDGE('',*,*,#4167,.T.);
#4167 = EDGE_CURVE('',#4145,#2709,#4168,.T.);
#4168 = SURFACE_CURVE('',#4169,(#4173,#4180),.PCURVE_S1.);
#4169 = LINE('',#4170,#4171);
#4170 = CARTESIAN_POINT('',(-9.5475,59.295346260572,14.271));
#4171 = VECTOR('',#4172,1.);
#4172 = DIRECTION('',(-1.,0.,0.));
#4173 = PCURVE('',#1949,#4174);
#4174 = DEFINITIONAL_REPRESENTATION('',(#4175),#4179);
#4175 = LINE('',#4176,#4177);
#4176 = CARTESIAN_POINT('',(9.5475,108.54034626057));
#4177 = VECTOR('',#4178,1.);
#4178 = DIRECTION('',(-1.,0.));
#4179 = ( GEOMETRIC_REPRESENTATION_CONTEXT(2) 
PARAMETRIC_REPRESENTATION_CONTEXT() REPRESENTATION_CONTEXT('2D SPACE',''
  ) );
#4180 = PCURVE('',#2724,#4181);
#4181 = DEFINITIONAL_REPRESENTATION('',(#4182),#4186);
#4182 = LINE('',#4183,#4184);
#4183 = CARTESIAN_POINT('',(9.5475,-1.517775161828));
#4184 = VECTOR('',#4185,1.);
#4185 = DIRECTION('',(1.,0.));
#4186 = ( GEOMETRIC_REPRESENTATION_CONTEXT(2) 
PARAMETRIC_REPRESENTATION_CONTEXT() REPRESENTATION_CONTEXT('2D SPACE',''
  ) );
#4187 = ORIENTED_EDGE('',*,*,#2736,.F.);
#4188 = ORIENTED_EDGE('',*,*,#3452,.T.);
#4189 = ORIENTED_EDGE('',*,*,#4190,.F.);
#4190 = EDGE_CURVE('',#4191,#3453,#4193,.T.);
#4191 = VERTEX_POINT('',#4192);
#4192 = CARTESIAN_POINT('',(29.145,49.245,14.271));
#4193 = SURFACE_CURVE('',#4194,(#4199,#4206),.PCURVE_S1.);
#4194 = CIRCLE('',#4195,10.05);
#4195 = AXIS2_PLACEMENT_3D('',#4196,#4197,#4198);
#4196 = CARTESIAN_POINT('',(19.095,49.245,14.271));
#4197 = DIRECTION('',(0.,0.,1.));
#4198 = DIRECTION('',(1.,0.,0.));
#4199 = PCURVE('',#1949,#4200);
#4200 = DEFINITIONAL_REPRESENTATION('',(#4201),#4205);
#4201 = CIRCLE('',#4202,10.05);
#4202 = AXIS2_PLACEMENT_2D('',#4203,#4204);
#4203 = CARTESIAN_POINT('',(38.19,98.49));
#4204 = DIRECTION('',(1.,0.));
#4205 = ( GEOMETRIC_REPRESENTATION_CONTEXT(2) 
PARAMETRIC_REPRESENTATION_CONTEXT() REPRESENTATION_CONTEXT('2D SPACE',''
  ) );
#4206 = PCURVE('',#3489,#4207);
#4207 = DEFINITIONAL_REPRESENTATION('',(#4208),#4211);
#4208 = B_SPLINE_CURVE_WITH_KNOTS('',1,(#4209,#4210),.UNSPECIFIED.,.F.,
  .F.,(2,2),(0.,1.570796326795),.PIECEWISE_BEZIER_KNOTS.);
#4209 = CARTESIAN_POINT('',(0.,12.261));
#4210 = CARTESIAN_POINT('',(1.570796326795,12.261));
#4211 = ( GEOMETRIC_REPRESENTATION_CONTEXT(2) 
PARAMETRIC_REPRESENTATION_CONTEXT() REPRESENTATION_CONTEXT('2D SPACE',''
  ) );
#4212 = ORIENTED_EDGE('',*,*,#4213,.F.);
#4213 = EDGE_CURVE('',#4214,#4191,#4216,.T.);
#4214 = VERTEX_POINT('',#4215);
#4215 = CARTESIAN_POINT('',(29.145,-49.245,14.271));
#4216 = SURFACE_CURVE('',#4217,(#4221,#4228),.PCURVE_S1.);
#4217 = LINE('',#4218,#4219);
#4218 = CARTESIAN_POINT('',(29.145,0.,14.271));
#4219 = VECTOR('',#4220,1.);
#4220 = DIRECTION('',(0.,1.,0.));
#4221 = PCURVE('',#1949,#4222);
#4222 = DEFINITIONAL_REPRESENTATION('',(#4223),#4227);
#4223 = LINE('',#4224,#4225);
#4224 = CARTESIAN_POINT('',(48.24,49.245));
#4225 = VECTOR('',#4226,1.);
#4226 = DIRECTION('',(0.,1.));
#4227 = ( GEOMETRIC_REPRESENTATION_CONTEXT(2) 
PARAMETRIC_REPRESENTATION_CONTEXT() REPRESENTATION_CONTEXT('2D SPACE',''
  ) );
#4228 = PCURVE('',#4229,#4234);
#4229 = PLANE('',#4230);
#4230 = AXIS2_PLACEMENT_3D('',#4231,#4232,#4233);
#4231 = CARTESIAN_POINT('',(29.145,0.,14.271));
#4232 = DIRECTION('',(0.999847695156,0.,-1.745240643728E-02));
#4233 = DIRECTION('',(0.,1.,0.));
#4234 = DEFINITIONAL_REPRESENTATION('',(#4235),#4239);
#4235 = LINE('',#4236,#4237);
#4236 = CARTESIAN_POINT('',(0.,0.));
#4237 = VECTOR('',#4238,1.);
#4238 = DIRECTION('',(1.,0.));
#4239 = ( GEOMETRIC_REPRESENTATION_CONTEXT(2) 
PARAMETRIC_REPRESENTATION_CONTEXT() REPRESENTATION_CONTEXT('2D SPACE',''
  ) );
#4240 = ORIENTED_EDGE('',*,*,#4241,.F.);
#4241 = EDGE_CURVE('',#3813,#4214,#4242,.T.);
#4242 = SURFACE_CURVE('',#4243,(#4248,#4255),.PCURVE_S1.);
#4243 = CIRCLE('',#4244,10.05);
#4244 = AXIS2_PLACEMENT_3D('',#4245,#4246,#4247);
#4245 = CARTESIAN_POINT('',(19.095,-49.245,14.271));
#4246 = DIRECTION('',(0.,0.,1.));
#4247 = DIRECTION('',(1.,0.,0.));
#4248 = PCURVE('',#1949,#4249);
#4249 = DEFINITIONAL_REPRESENTATION('',(#4250),#4254);
#4250 = CIRCLE('',#4251,10.05);
#4251 = AXIS2_PLACEMENT_2D('',#4252,#4253);
#4252 = CARTESIAN_POINT('',(38.19,0.));
#4253 = DIRECTION('',(1.,0.));
#4254 = ( GEOMETRIC_REPRESENTATION_CONTEXT(2) 
PARAMETRIC_REPRESENTATION_CONTEXT() REPRESENTATION_CONTEXT('2D SPACE',''
  ) );
#4255 = PCURVE('',#3826,#4256);
#4256 = DEFINITIONAL_REPRESENTATION('',(#4257),#4260);
#4257 = B_SPLINE_CURVE_WITH_KNOTS('',1,(#4258,#4259),.UNSPECIFIED.,.F.,
  .F.,(2,2),(4.712388980385,6.28318530718),.PIECEWISE_BEZIER_KNOTS.);
#4258 = CARTESIAN_POINT('',(4.712388980385,12.261));
#4259 = CARTESIAN_POINT('',(6.28318530718,12.261));
#4260 = ( GEOMETRIC_REPRESENTATION_CONTEXT(2) 
PARAMETRIC_REPRESENTATION_CONTEXT() REPRESENTATION_CONTEXT('2D SPACE',''
  ) );
#4261 = ADVANCED_FACE('',(#4262),#2724,.T.);
#4262 = FACE_BOUND('',#4263,.T.);
#4263 = EDGE_LOOP('',(#4264,#4282,#4283,#4284));
#4264 = ORIENTED_EDGE('',*,*,#4265,.F.);
#4265 = EDGE_CURVE('',#4145,#3919,#4266,.T.);
#4266 = SURFACE_CURVE('',#4267,(#4270,#4276),.PCURVE_S1.);
#4267 = B_SPLINE_CURVE_WITH_KNOTS('',1,(#4268,#4269),.UNSPECIFIED.,.F.,
  .F.,(2,2),(0.,1.),.PIECEWISE_BEZIER_KNOTS.);
#4268 = CARTESIAN_POINT('',(19.095,59.295,14.2509));
#4269 = CARTESIAN_POINT('',(19.095,59.321488933782,15.78855));
#4270 = PCURVE('',#2724,#4271);
#4271 = DEFINITIONAL_REPRESENTATION('',(#4272),#4275);
#4272 = B_SPLINE_CURVE_WITH_KNOTS('',1,(#4273,#4274),.UNSPECIFIED.,.F.,
  .F.,(2,2),(0.,1.),.PIECEWISE_BEZIER_KNOTS.);
#4273 = CARTESIAN_POINT('',(-19.095,-1.537878144104));
#4274 = CARTESIAN_POINT('',(-19.095,0.));
#4275 = ( GEOMETRIC_REPRESENTATION_CONTEXT(2) 
PARAMETRIC_REPRESENTATION_CONTEXT() REPRESENTATION_CONTEXT('2D SPACE',''
  ) );
#4276 = PCURVE('',#3958,#4277);
#4277 = DEFINITIONAL_REPRESENTATION('',(#4278),#4281);
#4278 = B_SPLINE_CURVE_WITH_KNOTS('',1,(#4279,#4280),.UNSPECIFIED.,.F.,
  .F.,(2,2),(0.,1.),.PIECEWISE_BEZIER_KNOTS.);
#4279 = CARTESIAN_POINT('',(1.570796326795,2.01E-02));
#4280 = CARTESIAN_POINT('',(1.570796326795,1.5276));
#4281 = ( GEOMETRIC_REPRESENTATION_CONTEXT(2) 
PARAMETRIC_REPRESENTATION_CONTEXT() REPRESENTATION_CONTEXT('2D SPACE',''
  ) );
#4282 = ORIENTED_EDGE('',*,*,#4167,.T.);
#4283 = ORIENTED_EDGE('',*,*,#2708,.F.);
#4284 = ORIENTED_EDGE('',*,*,#3918,.F.);
#4285 = ADVANCED_FACE('',(#4286),#3089,.T.);
#4286 = FACE_BOUND('',#4287,.T.);
#4287 = EDGE_LOOP('',(#4288,#4289,#4290,#4308));
#4288 = ORIENTED_EDGE('',*,*,#3151,.F.);
#4289 = ORIENTED_EDGE('',*,*,#3226,.T.);
#4290 = ORIENTED_EDGE('',*,*,#4291,.T.);
#4291 = EDGE_CURVE('',#3227,#3045,#4292,.T.);
#4292 = SURFACE_CURVE('',#4293,(#4296,#4302),.PCURVE_S1.);
#4293 = B_SPLINE_CURVE_WITH_KNOTS('',1,(#4294,#4295),.UNSPECIFIED.,.F.,
  .F.,(2,2),(0.,1.),.PIECEWISE_BEZIER_KNOTS.);
#4294 = CARTESIAN_POINT('',(-29.145,49.245,14.2509));
#4295 = CARTESIAN_POINT('',(-29.17148893378,49.245,15.78855));
#4296 = PCURVE('',#3089,#4297);
#4297 = DEFINITIONAL_REPRESENTATION('',(#4298),#4301);
#4298 = B_SPLINE_CURVE_WITH_KNOTS('',1,(#4299,#4300),.UNSPECIFIED.,.F.,
  .F.,(2,2),(0.,1.),.PIECEWISE_BEZIER_KNOTS.);
#4299 = CARTESIAN_POINT('',(3.14159265359,2.01E-02));
#4300 = CARTESIAN_POINT('',(3.14159265359,1.5276));
#4301 = ( GEOMETRIC_REPRESENTATION_CONTEXT(2) 
PARAMETRIC_REPRESENTATION_CONTEXT() REPRESENTATION_CONTEXT('2D SPACE',''
  ) );
#4302 = PCURVE('',#3060,#4303);
#4303 = DEFINITIONAL_REPRESENTATION('',(#4304),#4307);
#4304 = B_SPLINE_CURVE_WITH_KNOTS('',1,(#4305,#4306),.UNSPECIFIED.,.F.,
  .F.,(2,2),(0.,1.),.PIECEWISE_BEZIER_KNOTS.);
#4305 = CARTESIAN_POINT('',(-49.245,-1.537878144104));
#4306 = CARTESIAN_POINT('',(-49.245,0.));
#4307 = ( GEOMETRIC_REPRESENTATION_CONTEXT(2) 
PARAMETRIC_REPRESENTATION_CONTEXT() REPRESENTATION_CONTEXT('2D SPACE',''
  ) );
#4308 = ORIENTED_EDGE('',*,*,#3072,.F.);
#4309 = ADVANCED_FACE('',(#4310),#3060,.T.);
#4310 = FACE_BOUND('',#4311,.T.);
#4311 = EDGE_LOOP('',(#4312,#4313,#4314,#4332));
#4312 = ORIENTED_EDGE('',*,*,#4291,.F.);
#4313 = ORIENTED_EDGE('',*,*,#3249,.T.);
#4314 = ORIENTED_EDGE('',*,*,#4315,.T.);
#4315 = EDGE_CURVE('',#3250,#3017,#4316,.T.);
#4316 = SURFACE_CURVE('',#4317,(#4320,#4326),.PCURVE_S1.);
#4317 = B_SPLINE_CURVE_WITH_KNOTS('',1,(#4318,#4319),.UNSPECIFIED.,.F.,
  .F.,(2,2),(0.,1.),.PIECEWISE_BEZIER_KNOTS.);
#4318 = CARTESIAN_POINT('',(-29.145,-49.245,14.2509));
#4319 = CARTESIAN_POINT('',(-29.17148893378,-49.245,15.78855));
#4320 = PCURVE('',#3060,#4321);
#4321 = DEFINITIONAL_REPRESENTATION('',(#4322),#4325);
#4322 = B_SPLINE_CURVE_WITH_KNOTS('',1,(#4323,#4324),.UNSPECIFIED.,.F.,
  .F.,(2,2),(0.,1.),.PIECEWISE_BEZIER_KNOTS.);
#4323 = CARTESIAN_POINT('',(49.245,-1.537878144104));
#4324 = CARTESIAN_POINT('',(49.245,0.));
#4325 = ( GEOMETRIC_REPRESENTATION_CONTEXT(2) 
PARAMETRIC_REPRESENTATION_CONTEXT() REPRESENTATION_CONTEXT('2D SPACE',''
  ) );
#4326 = PCURVE('',#3033,#4327);
#4327 = DEFINITIONAL_REPRESENTATION('',(#4328),#4331);
#4328 = B_SPLINE_CURVE_WITH_KNOTS('',1,(#4329,#4330),.UNSPECIFIED.,.F.,
  .F.,(2,2),(0.,1.),.PIECEWISE_BEZIER_KNOTS.);
#4329 = CARTESIAN_POINT('',(3.14159265359,2.01E-02));
#4330 = CARTESIAN_POINT('',(3.14159265359,1.5276));
#4331 = ( GEOMETRIC_REPRESENTATION_CONTEXT(2) 
PARAMETRIC_REPRESENTATION_CONTEXT() REPRESENTATION_CONTEXT('2D SPACE',''
  ) );
#4332 = ORIENTED_EDGE('',*,*,#3044,.F.);
#4333 = ADVANCED_FACE('',(#4334),#3033,.T.);
#4334 = FACE_BOUND('',#4335,.T.);
#4335 = EDGE_LOOP('',(#4336,#4337,#4338,#4339));
#4336 = ORIENTED_EDGE('',*,*,#4315,.F.);
#4337 = ORIENTED_EDGE('',*,*,#3272,.T.);
#4338 = ORIENTED_EDGE('',*,*,#3887,.T.);
#4339 = ORIENTED_EDGE('',*,*,#3016,.F.);
#4340 = ADVANCED_FACE('',(#4341),#3192,.T.);
#4341 = FACE_BOUND('',#4342,.T.);
#4342 = EDGE_LOOP('',(#4343,#4363,#4364,#4365));
#4343 = ORIENTED_EDGE('',*,*,#4344,.T.);
#4344 = EDGE_CURVE('',#4345,#3176,#4347,.T.);
#4345 = VERTEX_POINT('',#4346);
#4346 = CARTESIAN_POINT('',(-28.94821963311,49.245,2.997460331531));
#4347 = SURFACE_CURVE('',#4348,(#4351,#4357),.PCURVE_S1.);
#4348 = B_SPLINE_CURVE_WITH_KNOTS('',1,(#4349,#4350),.UNSPECIFIED.,.F.,
  .F.,(2,2),(0.,1.),.PIECEWISE_BEZIER_KNOTS.);
#4349 = CARTESIAN_POINT('',(-28.93098344891,49.245,2.01));
#4350 = CARTESIAN_POINT('',(-29.145,49.245,14.271));
#4351 = PCURVE('',#3192,#4352);
#4352 = DEFINITIONAL_REPRESENTATION('',(#4353),#4356);
#4353 = B_SPLINE_CURVE_WITH_KNOTS('',1,(#4354,#4355),.UNSPECIFIED.,.F.,
  .F.,(2,2),(0.,1.),.PIECEWISE_BEZIER_KNOTS.);
#4354 = CARTESIAN_POINT('',(3.14159265359,0.987460331531));
#4355 = CARTESIAN_POINT('',(3.14159265359,12.261));
#4356 = ( GEOMETRIC_REPRESENTATION_CONTEXT(2) 
PARAMETRIC_REPRESENTATION_CONTEXT() REPRESENTATION_CONTEXT('2D SPACE',''
  ) );
#4357 = PCURVE('',#3382,#4358);
#4358 = DEFINITIONAL_REPRESENTATION('',(#4359),#4362);
#4359 = B_SPLINE_CURVE_WITH_KNOTS('',1,(#4360,#4361),.UNSPECIFIED.,.F.,
  .F.,(2,2),(0.,1.),.PIECEWISE_BEZIER_KNOTS.);
#4360 = CARTESIAN_POINT('',(-49.245,-12.26286769414));
#4361 = CARTESIAN_POINT('',(-49.245,0.));
#4362 = ( GEOMETRIC_REPRESENTATION_CONTEXT(2) 
PARAMETRIC_REPRESENTATION_CONTEXT() REPRESENTATION_CONTEXT('2D SPACE',''
  ) );
#4363 = ORIENTED_EDGE('',*,*,#3173,.F.);
#4364 = ORIENTED_EDGE('',*,*,#3426,.F.);
#4365 = ORIENTED_EDGE('',*,*,#4366,.F.);
#4366 = EDGE_CURVE('',#4345,#3398,#4367,.T.);
#4367 = SURFACE_CURVE('',#4368,(#4373,#4379),.PCURVE_S1.);
#4368 = CIRCLE('',#4369,9.853219633116);
#4369 = AXIS2_PLACEMENT_3D('',#4370,#4371,#4372);
#4370 = CARTESIAN_POINT('',(-19.095,49.245,2.997460331531));
#4371 = DIRECTION('',(-0.,0.,-1.));
#4372 = DIRECTION('',(-1.,0.,0.));
#4373 = PCURVE('',#3192,#4374);
#4374 = DEFINITIONAL_REPRESENTATION('',(#4375),#4378);
#4375 = B_SPLINE_CURVE_WITH_KNOTS('',1,(#4376,#4377),.UNSPECIFIED.,.F.,
  .F.,(2,2),(0.,1.570796326795),.PIECEWISE_BEZIER_KNOTS.);
#4376 = CARTESIAN_POINT('',(3.14159265359,0.987460331531));
#4377 = CARTESIAN_POINT('',(1.570796326795,0.987460331531));
#4378 = ( GEOMETRIC_REPRESENTATION_CONTEXT(2) 
PARAMETRIC_REPRESENTATION_CONTEXT() REPRESENTATION_CONTEXT('2D SPACE',''
  ) );
#4379 = PCURVE('',#4380,#4385);
#4380 = TOROIDAL_SURFACE('',#4381,8.848372699484,1.005);
#4381 = AXIS2_PLACEMENT_3D('',#4382,#4383,#4384);
#4382 = CARTESIAN_POINT('',(-19.095,49.245,3.015));
#4383 = DIRECTION('',(-0.,-0.,-1.));
#4384 = DIRECTION('',(-1.,0.,0.));
#4385 = DEFINITIONAL_REPRESENTATION('',(#4386),#4389);
#4386 = B_SPLINE_CURVE_WITH_KNOTS('',1,(#4387,#4388),.UNSPECIFIED.,.F.,
  .F.,(2,2),(-0.,1.570796326795),.PIECEWISE_BEZIER_KNOTS.);
#4387 = CARTESIAN_POINT('',(0.,1.745329251994E-02));
#4388 = CARTESIAN_POINT('',(1.570796326795,1.745329251994E-02));
#4389 = ( GEOMETRIC_REPRESENTATION_CONTEXT(2) 
PARAMETRIC_REPRESENTATION_CONTEXT() REPRESENTATION_CONTEXT('2D SPACE',''
  ) );
#4390 = ADVANCED_FACE('',(#4391),#3382,.T.);
#4391 = FACE_BOUND('',#4392,.T.);
#4392 = EDGE_LOOP('',(#4393,#4422,#4440,#4441,#4442,#4469,#4503,#4531,
    #4565,#4592,#4626,#4654,#4688,#4715,#4749,#4777,#4811,#4838,#4872,
    #4900));
#4393 = ORIENTED_EDGE('',*,*,#4394,.F.);
#4394 = EDGE_CURVE('',#4395,#4397,#4399,.T.);
#4395 = VERTEX_POINT('',#4396);
#4396 = CARTESIAN_POINT('',(-28.94821963311,-49.245,2.997460331531));
#4397 = VERTEX_POINT('',#4398);
#4398 = CARTESIAN_POINT('',(-28.94821963311,-45.79957118383,
    2.997460331531));
#4399 = SURFACE_CURVE('',#4400,(#4404,#4411),.PCURVE_S1.);
#4400 = LINE('',#4401,#4402);
#4401 = CARTESIAN_POINT('',(-28.94821963311,-49.245,2.997460331531));
#4402 = VECTOR('',#4403,1.);
#4403 = DIRECTION('',(0.,1.,0.));
#4404 = PCURVE('',#3382,#4405);
#4405 = DEFINITIONAL_REPRESENTATION('',(#4406),#4410);
#4406 = LINE('',#4407,#4408);
#4407 = CARTESIAN_POINT('',(49.245,-11.27525694471));
#4408 = VECTOR('',#4409,1.);
#4409 = DIRECTION('',(-1.,0.));
#4410 = ( GEOMETRIC_REPRESENTATION_CONTEXT(2) 
PARAMETRIC_REPRESENTATION_CONTEXT() REPRESENTATION_CONTEXT('2D SPACE',''
  ) );
#4411 = PCURVE('',#4412,#4417);
#4412 = CYLINDRICAL_SURFACE('',#4413,1.005);
#4413 = AXIS2_PLACEMENT_3D('',#4414,#4415,#4416);
#4414 = CARTESIAN_POINT('',(-27.94337269948,-49.245,3.015));
#4415 = DIRECTION('',(0.,1.,0.));
#4416 = DIRECTION('',(-0.999847695156,0.,-1.745240643728E-02));
#4417 = DEFINITIONAL_REPRESENTATION('',(#4418),#4421);
#4418 = B_SPLINE_CURVE_WITH_KNOTS('',1,(#4419,#4420),.UNSPECIFIED.,.F.,
  .F.,(2,2),(0.,3.445428816169),.PIECEWISE_BEZIER_KNOTS.);
#4419 = CARTESIAN_POINT('',(0.,0.));
#4420 = CARTESIAN_POINT('',(0.,3.445428816169));
#4421 = ( GEOMETRIC_REPRESENTATION_CONTEXT(2) 
PARAMETRIC_REPRESENTATION_CONTEXT() REPRESENTATION_CONTEXT('2D SPACE',''
  ) );
#4422 = ORIENTED_EDGE('',*,*,#4423,.T.);
#4423 = EDGE_CURVE('',#4395,#3341,#4424,.T.);
#4424 = SURFACE_CURVE('',#4425,(#4428,#4434),.PCURVE_S1.);
#4425 = B_SPLINE_CURVE_WITH_KNOTS('',1,(#4426,#4427),.UNSPECIFIED.,.F.,
  .F.,(2,2),(0.,1.),.PIECEWISE_BEZIER_KNOTS.);
#4426 = CARTESIAN_POINT('',(-28.93098344891,-49.245,2.01));
#4427 = CARTESIAN_POINT('',(-29.145,-49.245,14.271));
#4428 = PCURVE('',#3382,#4429);
#4429 = DEFINITIONAL_REPRESENTATION('',(#4430),#4433);
#4430 = B_SPLINE_CURVE_WITH_KNOTS('',1,(#4431,#4432),.UNSPECIFIED.,.F.,
  .F.,(2,2),(0.,1.),.PIECEWISE_BEZIER_KNOTS.);
#4431 = CARTESIAN_POINT('',(49.245,-12.26286769414));
#4432 = CARTESIAN_POINT('',(49.245,0.));
#4433 = ( GEOMETRIC_REPRESENTATION_CONTEXT(2) 
PARAMETRIC_REPRESENTATION_CONTEXT() REPRESENTATION_CONTEXT('2D SPACE',''
  ) );
#4434 = PCURVE('',#3357,#4435);
#4435 = DEFINITIONAL_REPRESENTATION('',(#4436),#4439);
#4436 = B_SPLINE_CURVE_WITH_KNOTS('',1,(#4437,#4438),.UNSPECIFIED.,.F.,
  .F.,(2,2),(0.,1.),.PIECEWISE_BEZIER_KNOTS.);
#4437 = CARTESIAN_POINT('',(3.14159265359,0.987460331531));
#4438 = CARTESIAN_POINT('',(3.14159265359,12.261));
#4439 = ( GEOMETRIC_REPRESENTATION_CONTEXT(2) 
PARAMETRIC_REPRESENTATION_CONTEXT() REPRESENTATION_CONTEXT('2D SPACE',''
  ) );
#4440 = ORIENTED_EDGE('',*,*,#3368,.T.);
#4441 = ORIENTED_EDGE('',*,*,#4344,.F.);
#4442 = ORIENTED_EDGE('',*,*,#4443,.F.);
#4443 = EDGE_CURVE('',#4444,#4345,#4446,.T.);
#4444 = VERTEX_POINT('',#4445);
#4445 = CARTESIAN_POINT('',(-28.94821963311,42.023237188091,
    2.997460331531));
#4446 = SURFACE_CURVE('',#4447,(#4451,#4458),.PCURVE_S1.);
#4447 = LINE('',#4448,#4449);
#4448 = CARTESIAN_POINT('',(-28.94821963311,-49.245,2.997460331531));
#4449 = VECTOR('',#4450,1.);
#4450 = DIRECTION('',(0.,1.,0.));
#4451 = PCURVE('',#3382,#4452);
#4452 = DEFINITIONAL_REPRESENTATION('',(#4453),#4457);
#4453 = LINE('',#4454,#4455);
#4454 = CARTESIAN_POINT('',(49.245,-11.27525694471));
#4455 = VECTOR('',#4456,1.);
#4456 = DIRECTION('',(-1.,0.));
#4457 = ( GEOMETRIC_REPRESENTATION_CONTEXT(2) 
PARAMETRIC_REPRESENTATION_CONTEXT() REPRESENTATION_CONTEXT('2D SPACE',''
  ) );
#4458 = PCURVE('',#4459,#4464);
#4459 = CYLINDRICAL_SURFACE('',#4460,1.005);
#4460 = AXIS2_PLACEMENT_3D('',#4461,#4462,#4463);
#4461 = CARTESIAN_POINT('',(-27.94337269948,-49.245,3.015));
#4462 = DIRECTION('',(0.,1.,0.));
#4463 = DIRECTION('',(-0.999847695156,0.,-1.745240643728E-02));
#4464 = DEFINITIONAL_REPRESENTATION('',(#4465),#4468);
#4465 = B_SPLINE_CURVE_WITH_KNOTS('',1,(#4466,#4467),.UNSPECIFIED.,.F.,
  .F.,(2,2),(91.268237188091,98.49),.PIECEWISE_BEZIER_KNOTS.);
#4466 = CARTESIAN_POINT('',(0.,91.268237188091));
#4467 = CARTESIAN_POINT('',(0.,98.49));
#4468 = ( GEOMETRIC_REPRESENTATION_CONTEXT(2) 
PARAMETRIC_REPRESENTATION_CONTEXT() REPRESENTATION_CONTEXT('2D SPACE',''
  ) );
#4469 = ORIENTED_EDGE('',*,*,#4470,.T.);
#4470 = EDGE_CURVE('',#4444,#4471,#4473,.T.);
#4471 = VERTEX_POINT('',#4472);
#4472 = CARTESIAN_POINT('',(-29.12745765974,41.933625,13.266));
#4473 = SURFACE_CURVE('',#4474,(#4480,#4489),.PCURVE_S1.);
#4474 = B_SPLINE_CURVE_WITH_KNOTS('',4,(#4475,#4476,#4477,#4478,#4479),
  .UNSPECIFIED.,.F.,.F.,(5,5),(0.,1.),.PIECEWISE_BEZIER_KNOTS.);
#4475 = CARTESIAN_POINT('',(-28.94821963311,42.023237188091,
    2.997460331531));
#4476 = CARTESIAN_POINT('',(-28.99303023612,42.000833592935,
    5.564658058527));
#4477 = CARTESIAN_POINT('',(-29.03784015646,41.978430339085,
    8.131816675617));
#4478 = CARTESIAN_POINT('',(-29.0826493265,41.956027460358,
    10.698932308041));
#4479 = CARTESIAN_POINT('',(-29.12745765974,41.933625,13.266));
#4480 = PCURVE('',#3382,#4481);
#4481 = DEFINITIONAL_REPRESENTATION('',(#4482),#4488);
#4482 = B_SPLINE_CURVE_WITH_KNOTS('',4,(#4483,#4484,#4485,#4486,#4487),
  .UNSPECIFIED.,.F.,.F.,(5,5),(0.,1.),.PIECEWISE_BEZIER_KNOTS.);
#4483 = CARTESIAN_POINT('',(-42.02323718809,-11.27525694471));
#4484 = CARTESIAN_POINT('',(-42.00083359293,-8.707668161511));
#4485 = CARTESIAN_POINT('',(-41.97843033908,-6.14011849417));
#4486 = CARTESIAN_POINT('',(-41.95602746035,-3.572611818043));
#4487 = CARTESIAN_POINT('',(-41.933625,-1.005153089684));
#4488 = ( GEOMETRIC_REPRESENTATION_CONTEXT(2) 
PARAMETRIC_REPRESENTATION_CONTEXT() REPRESENTATION_CONTEXT('2D SPACE',''
  ) );
#4489 = PCURVE('',#4490,#4495);
#4490 = B_SPLINE_SURFACE_WITH_KNOTS('',1,1,(
    (#4491,#4492)
    ,(#4493,#4494
    )),.UNSPECIFIED.,.F.,.F.,.F.,(2,2),(2,2),(-2.239486292815,
    2.239486292815),(0.,1.),.PIECEWISE_BEZIER_KNOTS.);
#4491 = CARTESIAN_POINT('',(-25.04511627572,42.033608724279,1.809));
#4492 = CARTESIAN_POINT('',(-25.1451,41.933625,13.266));
#4493 = CARTESIAN_POINT('',(-29.54648372427,42.033608724279,1.809));
#4494 = CARTESIAN_POINT('',(-29.4465,41.933625,13.266));
#4495 = DEFINITIONAL_REPRESENTATION('',(#4496),#4502);
#4496 = B_SPLINE_CURVE_WITH_KNOTS('',4,(#4497,#4498,#4499,#4500,#4501),
  .UNSPECIFIED.,.F.,.F.,(5,5),(0.,1.),.PIECEWISE_BEZIER_KNOTS.);
#4497 = CARTESIAN_POINT('',(1.651810467922,0.103732245049));
#4498 = CARTESIAN_POINT('',(1.713123005048,0.327804666014));
#4499 = CARTESIAN_POINT('',(1.776069695727,0.551873673354));
#4500 = CARTESIAN_POINT('',(1.840748111955,0.775938928868));
#4501 = CARTESIAN_POINT('',(1.907273084174,1.));
#4502 = ( GEOMETRIC_REPRESENTATION_CONTEXT(2) 
PARAMETRIC_REPRESENTATION_CONTEXT() REPRESENTATION_CONTEXT('2D SPACE',''
  ) );
#4503 = ORIENTED_EDGE('',*,*,#4504,.F.);
#4504 = EDGE_CURVE('',#4505,#4471,#4507,.T.);
#4505 = VERTEX_POINT('',#4506);
#4506 = CARTESIAN_POINT('',(-29.12745765974,40.727625,13.266));
#4507 = SURFACE_CURVE('',#4508,(#4512,#4519),.PCURVE_S1.);
#4508 = LINE('',#4509,#4510);
#4509 = CARTESIAN_POINT('',(-29.12745765974,20.3638125,13.266));
#4510 = VECTOR('',#4511,1.);
#4511 = DIRECTION('',(0.,1.,-0.));
#4512 = PCURVE('',#3382,#4513);
#4513 = DEFINITIONAL_REPRESENTATION('',(#4514),#4518);
#4514 = LINE('',#4515,#4516);
#4515 = CARTESIAN_POINT('',(-20.3638125,-1.005153089684));
#4516 = VECTOR('',#4517,1.);
#4517 = DIRECTION('',(-1.,0.));
#4518 = ( GEOMETRIC_REPRESENTATION_CONTEXT(2) 
PARAMETRIC_REPRESENTATION_CONTEXT() REPRESENTATION_CONTEXT('2D SPACE',''
  ) );
#4519 = PCURVE('',#4520,#4525);
#4520 = PLANE('',#4521);
#4521 = AXIS2_PLACEMENT_3D('',#4522,#4523,#4524);
#4522 = CARTESIAN_POINT('',(-29.4465,40.727625,13.266));
#4523 = DIRECTION('',(0.,0.,1.));
#4524 = DIRECTION('',(0.962870502626,0.269963692325,-0.));
#4525 = DEFINITIONAL_REPRESENTATION('',(#4526),#4530);
#4526 = LINE('',#4527,#4528);
#4527 = CARTESIAN_POINT('',(-5.190293553794,-19.69384422542));
#4528 = VECTOR('',#4529,1.);
#4529 = DIRECTION('',(0.269963692325,0.962870502626));
#4530 = ( GEOMETRIC_REPRESENTATION_CONTEXT(2) 
PARAMETRIC_REPRESENTATION_CONTEXT() REPRESENTATION_CONTEXT('2D SPACE',''
  ) );
#4531 = ORIENTED_EDGE('',*,*,#4532,.F.);
#4532 = EDGE_CURVE('',#4533,#4505,#4535,.T.);
#4533 = VERTEX_POINT('',#4534);
#4534 = CARTESIAN_POINT('',(-28.94821963311,40.638012811909,
    2.997460331531));
#4535 = SURFACE_CURVE('',#4536,(#4542,#4551),.PCURVE_S1.);
#4536 = B_SPLINE_CURVE_WITH_KNOTS('',4,(#4537,#4538,#4539,#4540,#4541),
  .UNSPECIFIED.,.F.,.F.,(5,5),(0.,1.),.PIECEWISE_BEZIER_KNOTS.);
#4537 = CARTESIAN_POINT('',(-28.94821963311,40.638012811909,
    2.997460331531));
#4538 = CARTESIAN_POINT('',(-28.99303023612,40.660416407065,
    5.564658058527));
#4539 = CARTESIAN_POINT('',(-29.03784015646,40.682819660915,
    8.131816675617));
#4540 = CARTESIAN_POINT('',(-29.0826493265,40.705222539642,
    10.698932308041));
#4541 = CARTESIAN_POINT('',(-29.12745765974,40.727625,13.266));
#4542 = PCURVE('',#3382,#4543);
#4543 = DEFINITIONAL_REPRESENTATION('',(#4544),#4550);
#4544 = B_SPLINE_CURVE_WITH_KNOTS('',4,(#4545,#4546,#4547,#4548,#4549),
  .UNSPECIFIED.,.F.,.F.,(5,5),(0.,1.),.PIECEWISE_BEZIER_KNOTS.);
#4545 = CARTESIAN_POINT('',(-40.6380128119,-11.27525694471));
#4546 = CARTESIAN_POINT('',(-40.66041640706,-8.707668161511));
#4547 = CARTESIAN_POINT('',(-40.68281966091,-6.14011849417));
#4548 = CARTESIAN_POINT('',(-40.70522253964,-3.572611818043));
#4549 = CARTESIAN_POINT('',(-40.727625,-1.005153089684));
#4550 = ( GEOMETRIC_REPRESENTATION_CONTEXT(2) 
PARAMETRIC_REPRESENTATION_CONTEXT() REPRESENTATION_CONTEXT('2D SPACE',''
  ) );
#4551 = PCURVE('',#4552,#4557);
#4552 = B_SPLINE_SURFACE_WITH_KNOTS('',1,1,(
    (#4553,#4554)
    ,(#4555,#4556
    )),.UNSPECIFIED.,.F.,.F.,.F.,(2,2),(2,2),(-2.239486292815,
    2.239486292815),(0.,1.),.PIECEWISE_BEZIER_KNOTS.);
#4553 = CARTESIAN_POINT('',(-29.54648372427,40.627641275721,1.809));
#4554 = CARTESIAN_POINT('',(-29.4465,40.727625,13.266));
#4555 = CARTESIAN_POINT('',(-25.04511627572,40.627641275721,1.809));
#4556 = CARTESIAN_POINT('',(-25.1451,40.727625,13.266));
#4557 = DEFINITIONAL_REPRESENTATION('',(#4558),#4564);
#4558 = B_SPLINE_CURVE_WITH_KNOTS('',4,(#4559,#4560,#4561,#4562,#4563),
  .UNSPECIFIED.,.F.,.F.,(5,5),(0.,1.),.PIECEWISE_BEZIER_KNOTS.);
#4559 = CARTESIAN_POINT('',(-1.651810467922,0.103732245049));
#4560 = CARTESIAN_POINT('',(-1.713123005048,0.327804666014));
#4561 = CARTESIAN_POINT('',(-1.776069695727,0.551873673354));
#4562 = CARTESIAN_POINT('',(-1.840748111955,0.775938928868));
#4563 = CARTESIAN_POINT('',(-1.907273084174,1.));
#4564 = ( GEOMETRIC_REPRESENTATION_CONTEXT(2) 
PARAMETRIC_REPRESENTATION_CONTEXT() REPRESENTATION_CONTEXT('2D SPACE',''
  ) );
#4565 = ORIENTED_EDGE('',*,*,#4566,.F.);
#4566 = EDGE_CURVE('',#4567,#4533,#4569,.T.);
#4567 = VERTEX_POINT('',#4568);
#4568 = CARTESIAN_POINT('',(-28.94821963311,-2.196762811909,
    2.997460331531));
#4569 = SURFACE_CURVE('',#4570,(#4574,#4581),.PCURVE_S1.);
#4570 = LINE('',#4571,#4572);
#4571 = CARTESIAN_POINT('',(-28.94821963311,-49.245,2.997460331531));
#4572 = VECTOR('',#4573,1.);
#4573 = DIRECTION('',(0.,1.,0.));
#4574 = PCURVE('',#3382,#4575);
#4575 = DEFINITIONAL_REPRESENTATION('',(#4576),#4580);
#4576 = LINE('',#4577,#4578);
#4577 = CARTESIAN_POINT('',(49.245,-11.27525694471));
#4578 = VECTOR('',#4579,1.);
#4579 = DIRECTION('',(-1.,0.));
#4580 = ( GEOMETRIC_REPRESENTATION_CONTEXT(2) 
PARAMETRIC_REPRESENTATION_CONTEXT() REPRESENTATION_CONTEXT('2D SPACE',''
  ) );
#4581 = PCURVE('',#4582,#4587);
#4582 = CYLINDRICAL_SURFACE('',#4583,1.005);
#4583 = AXIS2_PLACEMENT_3D('',#4584,#4585,#4586);
#4584 = CARTESIAN_POINT('',(-27.94337269948,-49.245,3.015));
#4585 = DIRECTION('',(0.,1.,0.));
#4586 = DIRECTION('',(-0.999847695156,0.,-1.745240643728E-02));
#4587 = DEFINITIONAL_REPRESENTATION('',(#4588),#4591);
#4588 = B_SPLINE_CURVE_WITH_KNOTS('',1,(#4589,#4590),.UNSPECIFIED.,.F.,
  .F.,(2,2),(47.048237188091,89.883012811909),.PIECEWISE_BEZIER_KNOTS.);
#4589 = CARTESIAN_POINT('',(0.,47.048237188091));
#4590 = CARTESIAN_POINT('',(0.,89.883012811909));
#4591 = ( GEOMETRIC_REPRESENTATION_CONTEXT(2) 
PARAMETRIC_REPRESENTATION_CONTEXT() REPRESENTATION_CONTEXT('2D SPACE',''
  ) );
#4592 = ORIENTED_EDGE('',*,*,#4593,.T.);
#4593 = EDGE_CURVE('',#4567,#4594,#4596,.T.);
#4594 = VERTEX_POINT('',#4595);
#4595 = CARTESIAN_POINT('',(-29.12745765974,-2.286375,13.266));
#4596 = SURFACE_CURVE('',#4597,(#4603,#4612),.PCURVE_S1.);
#4597 = B_SPLINE_CURVE_WITH_KNOTS('',4,(#4598,#4599,#4600,#4601,#4602),
  .UNSPECIFIED.,.F.,.F.,(5,5),(0.,1.),.PIECEWISE_BEZIER_KNOTS.);
#4598 = CARTESIAN_POINT('',(-28.94821963311,-2.196762811909,
    2.997460331531));
#4599 = CARTESIAN_POINT('',(-28.99303023612,-2.219166407065,
    5.564658058527));
#4600 = CARTESIAN_POINT('',(-29.03784015646,-2.241569660915,
    8.131816675617));
#4601 = CARTESIAN_POINT('',(-29.0826493265,-2.263972539642,
    10.698932308041));
#4602 = CARTESIAN_POINT('',(-29.12745765974,-2.286375,13.266));
#4603 = PCURVE('',#3382,#4604);
#4604 = DEFINITIONAL_REPRESENTATION('',(#4605),#4611);
#4605 = B_SPLINE_CURVE_WITH_KNOTS('',4,(#4606,#4607,#4608,#4609,#4610),
  .UNSPECIFIED.,.F.,.F.,(5,5),(0.,1.),.PIECEWISE_BEZIER_KNOTS.);
#4606 = CARTESIAN_POINT('',(2.196762811909,-11.27525694471));
#4607 = CARTESIAN_POINT('',(2.219166407065,-8.707668161511));
#4608 = CARTESIAN_POINT('',(2.241569660915,-6.14011849417));
#4609 = CARTESIAN_POINT('',(2.263972539642,-3.572611818043));
#4610 = CARTESIAN_POINT('',(2.286375,-1.005153089684));
#4611 = ( GEOMETRIC_REPRESENTATION_CONTEXT(2) 
PARAMETRIC_REPRESENTATION_CONTEXT() REPRESENTATION_CONTEXT('2D SPACE',''
  ) );
#4612 = PCURVE('',#4613,#4618);
#4613 = B_SPLINE_SURFACE_WITH_KNOTS('',1,1,(
    (#4614,#4615)
    ,(#4616,#4617
    )),.UNSPECIFIED.,.F.,.F.,.F.,(2,2),(2,2),(-2.239486292815,
    2.239486292815),(0.,1.),.PIECEWISE_BEZIER_KNOTS.);
#4614 = CARTESIAN_POINT('',(-25.04511627572,-2.186391275721,1.809));
#4615 = CARTESIAN_POINT('',(-25.1451,-2.286375,13.266));
#4616 = CARTESIAN_POINT('',(-29.54648372427,-2.186391275721,1.809));
#4617 = CARTESIAN_POINT('',(-29.4465,-2.286375,13.266));
#4618 = DEFINITIONAL_REPRESENTATION('',(#4619),#4625);
#4619 = B_SPLINE_CURVE_WITH_KNOTS('',4,(#4620,#4621,#4622,#4623,#4624),
  .UNSPECIFIED.,.F.,.F.,(5,5),(0.,1.),.PIECEWISE_BEZIER_KNOTS.);
#4620 = CARTESIAN_POINT('',(1.651810467922,0.103732245049));
#4621 = CARTESIAN_POINT('',(1.713123005048,0.327804666014));
#4622 = CARTESIAN_POINT('',(1.776069695727,0.551873673354));
#4623 = CARTESIAN_POINT('',(1.840748111955,0.775938928868));
#4624 = CARTESIAN_POINT('',(1.907273084174,1.));
#4625 = ( GEOMETRIC_REPRESENTATION_CONTEXT(2) 
PARAMETRIC_REPRESENTATION_CONTEXT() REPRESENTATION_CONTEXT('2D SPACE',''
  ) );
#4626 = ORIENTED_EDGE('',*,*,#4627,.F.);
#4627 = EDGE_CURVE('',#4628,#4594,#4630,.T.);
#4628 = VERTEX_POINT('',#4629);
#4629 = CARTESIAN_POINT('',(-29.12745765974,-3.492375,13.266));
#4630 = SURFACE_CURVE('',#4631,(#4635,#4642),.PCURVE_S1.);
#4631 = LINE('',#4632,#4633);
#4632 = CARTESIAN_POINT('',(-29.12745765974,-1.7461875,13.266));
#4633 = VECTOR('',#4634,1.);
#4634 = DIRECTION('',(0.,1.,-0.));
#4635 = PCURVE('',#3382,#4636);
#4636 = DEFINITIONAL_REPRESENTATION('',(#4637),#4641);
#4637 = LINE('',#4638,#4639);
#4638 = CARTESIAN_POINT('',(1.7461875,-1.005153089684));
#4639 = VECTOR('',#4640,1.);
#4640 = DIRECTION('',(-1.,0.));
#4641 = ( GEOMETRIC_REPRESENTATION_CONTEXT(2) 
PARAMETRIC_REPRESENTATION_CONTEXT() REPRESENTATION_CONTEXT('2D SPACE',''
  ) );
#4642 = PCURVE('',#4643,#4648);
#4643 = PLANE('',#4644);
#4644 = AXIS2_PLACEMENT_3D('',#4645,#4646,#4647);
#4645 = CARTESIAN_POINT('',(-29.4465,-3.492375,13.266));
#4646 = DIRECTION('',(0.,0.,1.));
#4647 = DIRECTION('',(0.962870502626,0.269963692325,-0.));
#4648 = DEFINITIONAL_REPRESENTATION('',(#4649),#4653);
#4649 = LINE('',#4650,#4651);
#4650 = CARTESIAN_POINT('',(0.77860368351,1.595222587621));
#4651 = VECTOR('',#4652,1.);
#4652 = DIRECTION('',(0.269963692325,0.962870502626));
#4653 = ( GEOMETRIC_REPRESENTATION_CONTEXT(2) 
PARAMETRIC_REPRESENTATION_CONTEXT() REPRESENTATION_CONTEXT('2D SPACE',''
  ) );
#4654 = ORIENTED_EDGE('',*,*,#4655,.F.);
#4655 = EDGE_CURVE('',#4656,#4628,#4658,.T.);
#4656 = VERTEX_POINT('',#4657);
#4657 = CARTESIAN_POINT('',(-28.94821963311,-3.581987188091,
    2.997460331531));
#4658 = SURFACE_CURVE('',#4659,(#4665,#4674),.PCURVE_S1.);
#4659 = B_SPLINE_CURVE_WITH_KNOTS('',4,(#4660,#4661,#4662,#4663,#4664),
  .UNSPECIFIED.,.F.,.F.,(5,5),(0.,1.),.PIECEWISE_BEZIER_KNOTS.);
#4660 = CARTESIAN_POINT('',(-28.94821963311,-3.581987188091,
    2.997460331531));
#4661 = CARTESIAN_POINT('',(-28.99303023612,-3.559583592935,
    5.564658058527));
#4662 = CARTESIAN_POINT('',(-29.03784015646,-3.537180339085,
    8.131816675616));
#4663 = CARTESIAN_POINT('',(-29.0826493265,-3.514777460358,
    10.698932308041));
#4664 = CARTESIAN_POINT('',(-29.12745765974,-3.492375,13.266));
#4665 = PCURVE('',#3382,#4666);
#4666 = DEFINITIONAL_REPRESENTATION('',(#4667),#4673);
#4667 = B_SPLINE_CURVE_WITH_KNOTS('',4,(#4668,#4669,#4670,#4671,#4672),
  .UNSPECIFIED.,.F.,.F.,(5,5),(0.,1.),.PIECEWISE_BEZIER_KNOTS.);
#4668 = CARTESIAN_POINT('',(3.581987188091,-11.27525694471));
#4669 = CARTESIAN_POINT('',(3.559583592935,-8.70766816151));
#4670 = CARTESIAN_POINT('',(3.537180339085,-6.140118494171));
#4671 = CARTESIAN_POINT('',(3.514777460358,-3.572611818043));
#4672 = CARTESIAN_POINT('',(3.492375,-1.005153089684));
#4673 = ( GEOMETRIC_REPRESENTATION_CONTEXT(2) 
PARAMETRIC_REPRESENTATION_CONTEXT() REPRESENTATION_CONTEXT('2D SPACE',''
  ) );
#4674 = PCURVE('',#4675,#4680);
#4675 = B_SPLINE_SURFACE_WITH_KNOTS('',1,1,(
    (#4676,#4677)
    ,(#4678,#4679
    )),.UNSPECIFIED.,.F.,.F.,.F.,(2,2),(2,2),(-2.239486292815,
    2.239486292815),(0.,1.),.PIECEWISE_BEZIER_KNOTS.);
#4676 = CARTESIAN_POINT('',(-29.54648372427,-3.592358724279,1.809));
#4677 = CARTESIAN_POINT('',(-29.4465,-3.492375,13.266));
#4678 = CARTESIAN_POINT('',(-25.04511627572,-3.592358724279,1.809));
#4679 = CARTESIAN_POINT('',(-25.1451,-3.492375,13.266));
#4680 = DEFINITIONAL_REPRESENTATION('',(#4681),#4687);
#4681 = B_SPLINE_CURVE_WITH_KNOTS('',4,(#4682,#4683,#4684,#4685,#4686),
  .UNSPECIFIED.,.F.,.F.,(5,5),(0.,1.),.PIECEWISE_BEZIER_KNOTS.);
#4682 = CARTESIAN_POINT('',(-1.651810467922,0.103732245049));
#4683 = CARTESIAN_POINT('',(-1.713123005048,0.327804666014));
#4684 = CARTESIAN_POINT('',(-1.776069695727,0.551873673354));
#4685 = CARTESIAN_POINT('',(-1.840748111955,0.775938928868));
#4686 = CARTESIAN_POINT('',(-1.907273084174,1.));
#4687 = ( GEOMETRIC_REPRESENTATION_CONTEXT(2) 
PARAMETRIC_REPRESENTATION_CONTEXT() REPRESENTATION_CONTEXT('2D SPACE',''
  ) );
#4688 = ORIENTED_EDGE('',*,*,#4689,.F.);
#4689 = EDGE_CURVE('',#4690,#4656,#4692,.T.);
#4690 = VERTEX_POINT('',#4691);
#4691 = CARTESIAN_POINT('',(-28.94821963311,-15.46442392085,
    2.997460331531));
#4692 = SURFACE_CURVE('',#4693,(#4697,#4704),.PCURVE_S1.);
#4693 = LINE('',#4694,#4695);
#4694 = CARTESIAN_POINT('',(-28.94821963311,-49.245,2.997460331531));
#4695 = VECTOR('',#4696,1.);
#4696 = DIRECTION('',(0.,1.,0.));
#4697 = PCURVE('',#3382,#4698);
#4698 = DEFINITIONAL_REPRESENTATION('',(#4699),#4703);
#4699 = LINE('',#4700,#4701);
#4700 = CARTESIAN_POINT('',(49.245,-11.27525694471));
#4701 = VECTOR('',#4702,1.);
#4702 = DIRECTION('',(-1.,0.));
#4703 = ( GEOMETRIC_REPRESENTATION_CONTEXT(2) 
PARAMETRIC_REPRESENTATION_CONTEXT() REPRESENTATION_CONTEXT('2D SPACE',''
  ) );
#4704 = PCURVE('',#4705,#4710);
#4705 = CYLINDRICAL_SURFACE('',#4706,1.005);
#4706 = AXIS2_PLACEMENT_3D('',#4707,#4708,#4709);
#4707 = CARTESIAN_POINT('',(-27.94337269948,-49.245,3.015));
#4708 = DIRECTION('',(0.,1.,0.));
#4709 = DIRECTION('',(-0.999847695156,0.,-1.745240643728E-02));
#4710 = DEFINITIONAL_REPRESENTATION('',(#4711),#4714);
#4711 = B_SPLINE_CURVE_WITH_KNOTS('',1,(#4712,#4713),.UNSPECIFIED.,.F.,
  .F.,(2,2),(33.780576079146,45.663012811909),.PIECEWISE_BEZIER_KNOTS.);
#4712 = CARTESIAN_POINT('',(0.,33.780576079146));
#4713 = CARTESIAN_POINT('',(0.,45.663012811909));
#4714 = ( GEOMETRIC_REPRESENTATION_CONTEXT(2) 
PARAMETRIC_REPRESENTATION_CONTEXT() REPRESENTATION_CONTEXT('2D SPACE',''
  ) );
#4715 = ORIENTED_EDGE('',*,*,#4716,.T.);
#4716 = EDGE_CURVE('',#4690,#4717,#4719,.T.);
#4717 = VERTEX_POINT('',#4718);
#4718 = CARTESIAN_POINT('',(-29.05377983068,-15.5172,9.045));
#4719 = SURFACE_CURVE('',#4720,(#4726,#4735),.PCURVE_S1.);
#4720 = B_SPLINE_CURVE_WITH_KNOTS('',4,(#4721,#4722,#4723,#4724,#4725),
  .UNSPECIFIED.,.F.,.F.,(5,5),(0.,1.),.PIECEWISE_BEZIER_KNOTS.);
#4721 = CARTESIAN_POINT('',(-28.94821963311,-15.46442392085,
    2.997460331531));
#4722 = CARTESIAN_POINT('',(-28.97460999232,-15.47761809553,
    4.509362997765));
#4723 = CARTESIAN_POINT('',(-29.00100015159,-15.49081217025,
    6.021254209888));
#4724 = CARTESIAN_POINT('',(-29.02739010131,-15.50400614021,
    7.533133416979));
#4725 = CARTESIAN_POINT('',(-29.05377983068,-15.5172,9.045));
#4726 = PCURVE('',#3382,#4727);
#4727 = DEFINITIONAL_REPRESENTATION('',(#4728),#4734);
#4728 = B_SPLINE_CURVE_WITH_KNOTS('',4,(#4729,#4730,#4731,#4732,#4733),
  .UNSPECIFIED.,.F.,.F.,(5,5),(0.,1.),.PIECEWISE_BEZIER_KNOTS.);
#4729 = CARTESIAN_POINT('',(15.464423920854,-11.27525694471));
#4730 = CARTESIAN_POINT('',(15.477618095535,-9.763123973305));
#4731 = CARTESIAN_POINT('',(15.490812170257,-8.251002457751));
#4732 = CARTESIAN_POINT('',(15.504006140213,-6.738892949057));
#4733 = CARTESIAN_POINT('',(15.5172,-5.226796066357));
#4734 = ( GEOMETRIC_REPRESENTATION_CONTEXT(2) 
PARAMETRIC_REPRESENTATION_CONTEXT() REPRESENTATION_CONTEXT('2D SPACE',''
  ) );
#4735 = PCURVE('',#4736,#4741);
#4736 = B_SPLINE_SURFACE_WITH_KNOTS('',1,1,(
    (#4737,#4738)
    ,(#4739,#4740
    )),.UNSPECIFIED.,.F.,.F.,.F.,(2,2),(2,2),(-2.732833448093,
    2.732833448093),(0.,1.),.PIECEWISE_BEZIER_KNOTS.);
#4737 = CARTESIAN_POINT('',(-24.01665238466,-15.45405238466,1.809));
#4738 = CARTESIAN_POINT('',(-24.0798,-15.5172,9.045));
#4739 = CARTESIAN_POINT('',(-29.50964761533,-15.45405238466,1.809));
#4740 = CARTESIAN_POINT('',(-29.4465,-15.5172,9.045));
#4741 = DEFINITIONAL_REPRESENTATION('',(#4742),#4748);
#4742 = B_SPLINE_CURVE_WITH_KNOTS('',4,(#4743,#4744,#4745,#4746,#4747),
  .UNSPECIFIED.,.F.,.F.,(5,5),(0.,1.),.PIECEWISE_BEZIER_KNOTS.);
#4743 = CARTESIAN_POINT('',(2.182440139493,0.164242721328));
#4744 = CARTESIAN_POINT('',(2.219322925539,0.373184493887));
#4745 = CARTESIAN_POINT('',(2.25667971635,0.582124683511));
#4746 = CARTESIAN_POINT('',(2.294524198649,0.791063214066));
#4747 = CARTESIAN_POINT('',(2.332871156762,1.));
#4748 = ( GEOMETRIC_REPRESENTATION_CONTEXT(2) 
PARAMETRIC_REPRESENTATION_CONTEXT() REPRESENTATION_CONTEXT('2D SPACE',''
  ) );
#4749 = ORIENTED_EDGE('',*,*,#4750,.F.);
#4750 = EDGE_CURVE('',#4751,#4717,#4753,.T.);
#4751 = VERTEX_POINT('',#4752);
#4752 = CARTESIAN_POINT('',(-29.05377983068,-16.5222,9.045));
#4753 = SURFACE_CURVE('',#4754,(#4758,#4765),.PCURVE_S1.);
#4754 = LINE('',#4755,#4756);
#4755 = CARTESIAN_POINT('',(-29.05377983068,-8.2611,9.045));
#4756 = VECTOR('',#4757,1.);
#4757 = DIRECTION('',(0.,1.,-0.));
#4758 = PCURVE('',#3382,#4759);
#4759 = DEFINITIONAL_REPRESENTATION('',(#4760),#4764);
#4760 = LINE('',#4761,#4762);
#4761 = CARTESIAN_POINT('',(8.2611,-5.226796066357));
#4762 = VECTOR('',#4763,1.);
#4763 = DIRECTION('',(-1.,0.));
#4764 = ( GEOMETRIC_REPRESENTATION_CONTEXT(2) 
PARAMETRIC_REPRESENTATION_CONTEXT() REPRESENTATION_CONTEXT('2D SPACE',''
  ) );
#4765 = PCURVE('',#4766,#4771);
#4766 = PLANE('',#4767);
#4767 = AXIS2_PLACEMENT_3D('',#4768,#4769,#4770);
#4768 = CARTESIAN_POINT('',(-29.4465,-16.5222,9.045));
#4769 = DIRECTION('',(0.,0.,1.));
#4770 = DIRECTION('',(0.982913837182,0.184066261645,-0.));
#4771 = DEFINITIONAL_REPRESENTATION('',(#4772),#4776);
#4772 = LINE('',#4773,#4774);
#4773 = CARTESIAN_POINT('',(1.906599882632,8.047662966907));
#4774 = VECTOR('',#4775,1.);
#4775 = DIRECTION('',(0.184066261645,0.982913837182));
#4776 = ( GEOMETRIC_REPRESENTATION_CONTEXT(2) 
PARAMETRIC_REPRESENTATION_CONTEXT() REPRESENTATION_CONTEXT('2D SPACE',''
  ) );
#4777 = ORIENTED_EDGE('',*,*,#4778,.F.);
#4778 = EDGE_CURVE('',#4779,#4751,#4781,.T.);
#4779 = VERTEX_POINT('',#4780);
#4780 = CARTESIAN_POINT('',(-28.94821963311,-16.57497607914,
    2.997460331531));
#4781 = SURFACE_CURVE('',#4782,(#4788,#4797),.PCURVE_S1.);
#4782 = B_SPLINE_CURVE_WITH_KNOTS('',4,(#4783,#4784,#4785,#4786,#4787),
  .UNSPECIFIED.,.F.,.F.,(5,5),(0.,1.),.PIECEWISE_BEZIER_KNOTS.);
#4783 = CARTESIAN_POINT('',(-28.94821963311,-16.57497607914,
    2.997460331531));
#4784 = CARTESIAN_POINT('',(-28.97460999232,-16.56178190446,
    4.509362997765));
#4785 = CARTESIAN_POINT('',(-29.00100015159,-16.54858782974,
    6.021254209887));
#4786 = CARTESIAN_POINT('',(-29.02739010131,-16.53539385978,
    7.533133416979));
#4787 = CARTESIAN_POINT('',(-29.05377983068,-16.5222,9.045));
#4788 = PCURVE('',#3382,#4789);
#4789 = DEFINITIONAL_REPRESENTATION('',(#4790),#4796);
#4790 = B_SPLINE_CURVE_WITH_KNOTS('',4,(#4791,#4792,#4793,#4794,#4795),
  .UNSPECIFIED.,.F.,.F.,(5,5),(0.,1.),.PIECEWISE_BEZIER_KNOTS.);
#4791 = CARTESIAN_POINT('',(16.574976079146,-11.27525694471));
#4792 = CARTESIAN_POINT('',(16.561781904465,-9.763123973305));
#4793 = CARTESIAN_POINT('',(16.548587829743,-8.251002457751));
#4794 = CARTESIAN_POINT('',(16.535393859787,-6.738892949057));
#4795 = CARTESIAN_POINT('',(16.5222,-5.226796066357));
#4796 = ( GEOMETRIC_REPRESENTATION_CONTEXT(2) 
PARAMETRIC_REPRESENTATION_CONTEXT() REPRESENTATION_CONTEXT('2D SPACE',''
  ) );
#4797 = PCURVE('',#4798,#4803);
#4798 = B_SPLINE_SURFACE_WITH_KNOTS('',1,1,(
    (#4799,#4800)
    ,(#4801,#4802
    )),.UNSPECIFIED.,.F.,.F.,.F.,(2,2),(2,2),(-2.732833448093,
    2.732833448093),(0.,1.),.PIECEWISE_BEZIER_KNOTS.);
#4799 = CARTESIAN_POINT('',(-29.50964761533,-16.58534761533,1.809));
#4800 = CARTESIAN_POINT('',(-29.4465,-16.5222,9.045));
#4801 = CARTESIAN_POINT('',(-24.01665238466,-16.58534761533,1.809));
#4802 = CARTESIAN_POINT('',(-24.0798,-16.5222,9.045));
#4803 = DEFINITIONAL_REPRESENTATION('',(#4804),#4810);
#4804 = B_SPLINE_CURVE_WITH_KNOTS('',4,(#4805,#4806,#4807,#4808,#4809),
  .UNSPECIFIED.,.F.,.F.,(5,5),(0.,1.),.PIECEWISE_BEZIER_KNOTS.);
#4805 = CARTESIAN_POINT('',(-2.182440139493,0.164242721328));
#4806 = CARTESIAN_POINT('',(-2.219322925539,0.373184493887));
#4807 = CARTESIAN_POINT('',(-2.25667971635,0.582124683511));
#4808 = CARTESIAN_POINT('',(-2.294524198649,0.791063214066));
#4809 = CARTESIAN_POINT('',(-2.332871156762,1.));
#4810 = ( GEOMETRIC_REPRESENTATION_CONTEXT(2) 
PARAMETRIC_REPRESENTATION_CONTEXT() REPRESENTATION_CONTEXT('2D SPACE',''
  ) );
#4811 = ORIENTED_EDGE('',*,*,#4812,.F.);
#4812 = EDGE_CURVE('',#4813,#4779,#4815,.T.);
#4813 = VERTEX_POINT('',#4814);
#4814 = CARTESIAN_POINT('',(-28.94821963311,-44.65042881616,
    2.997460331531));
#4815 = SURFACE_CURVE('',#4816,(#4820,#4827),.PCURVE_S1.);
#4816 = LINE('',#4817,#4818);
#4817 = CARTESIAN_POINT('',(-28.94821963311,-49.245,2.997460331531));
#4818 = VECTOR('',#4819,1.);
#4819 = DIRECTION('',(0.,1.,0.));
#4820 = PCURVE('',#3382,#4821);
#4821 = DEFINITIONAL_REPRESENTATION('',(#4822),#4826);
#4822 = LINE('',#4823,#4824);
#4823 = CARTESIAN_POINT('',(49.245,-11.27525694471));
#4824 = VECTOR('',#4825,1.);
#4825 = DIRECTION('',(-1.,0.));
#4826 = ( GEOMETRIC_REPRESENTATION_CONTEXT(2) 
PARAMETRIC_REPRESENTATION_CONTEXT() REPRESENTATION_CONTEXT('2D SPACE',''
  ) );
#4827 = PCURVE('',#4828,#4833);
#4828 = CYLINDRICAL_SURFACE('',#4829,1.005);
#4829 = AXIS2_PLACEMENT_3D('',#4830,#4831,#4832);
#4830 = CARTESIAN_POINT('',(-27.94337269948,-49.245,3.015));
#4831 = DIRECTION('',(0.,1.,0.));
#4832 = DIRECTION('',(-0.999847695156,0.,-1.745240643728E-02));
#4833 = DEFINITIONAL_REPRESENTATION('',(#4834),#4837);
#4834 = B_SPLINE_CURVE_WITH_KNOTS('',1,(#4835,#4836),.UNSPECIFIED.,.F.,
  .F.,(2,2),(4.594571183831,32.670023920854),.PIECEWISE_BEZIER_KNOTS.);
#4835 = CARTESIAN_POINT('',(0.,4.594571183831));
#4836 = CARTESIAN_POINT('',(0.,32.670023920854));
#4837 = ( GEOMETRIC_REPRESENTATION_CONTEXT(2) 
PARAMETRIC_REPRESENTATION_CONTEXT() REPRESENTATION_CONTEXT('2D SPACE',''
  ) );
#4838 = ORIENTED_EDGE('',*,*,#4839,.T.);
#4839 = EDGE_CURVE('',#4813,#4840,#4842,.T.);
#4840 = VERTEX_POINT('',#4841);
#4841 = CARTESIAN_POINT('',(-29.09237297924,-44.7225,11.256));
#4842 = SURFACE_CURVE('',#4843,(#4849,#4858),.PCURVE_S1.);
#4843 = B_SPLINE_CURVE_WITH_KNOTS('',4,(#4844,#4845,#4846,#4847,#4848),
  .UNSPECIFIED.,.F.,.F.,(5,5),(0.,1.),.PIECEWISE_BEZIER_KNOTS.);
#4844 = CARTESIAN_POINT('',(-28.94821963311,-44.65042881616,
    2.997460331531));
#4845 = CARTESIAN_POINT('',(-28.98425844542,-44.66844684999,
    5.062122506119));
#4846 = CARTESIAN_POINT('',(-29.02029695157,-44.68646473075,
    7.126767140582));
#4847 = CARTESIAN_POINT('',(-29.05633513556,-44.70448245045,
    9.191393318632));
#4848 = CARTESIAN_POINT('',(-29.09237297924,-44.7225,11.256));
#4849 = PCURVE('',#3382,#4850);
#4850 = DEFINITIONAL_REPRESENTATION('',(#4851),#4857);
#4851 = B_SPLINE_CURVE_WITH_KNOTS('',4,(#4852,#4853,#4854,#4855,#4856),
  .UNSPECIFIED.,.F.,.F.,(5,5),(0.,1.),.PIECEWISE_BEZIER_KNOTS.);
#4852 = CARTESIAN_POINT('',(44.650428816169,-11.27525694471));
#4853 = CARTESIAN_POINT('',(44.668446849999,-9.210280264176));
#4854 = CARTESIAN_POINT('',(44.686464730759,-7.145321126435));
#4855 = CARTESIAN_POINT('',(44.704482450452,-5.080380447918));
#4856 = CARTESIAN_POINT('',(44.7225,-3.015459269052));
#4857 = ( GEOMETRIC_REPRESENTATION_CONTEXT(2) 
PARAMETRIC_REPRESENTATION_CONTEXT() REPRESENTATION_CONTEXT('2D SPACE',''
  ) );
#4858 = PCURVE('',#4859,#4864);
#4859 = B_SPLINE_SURFACE_WITH_KNOTS('',1,1,(
    (#4860,#4861)
    ,(#4862,#4863
    )),.UNSPECIFIED.,.F.,.F.,.F.,(2,2),(2,2),(-3.432032557233,
    3.432032557233),(0.,1.),.PIECEWISE_BEZIER_KNOTS.);
#4860 = CARTESIAN_POINT('',(-22.63055727998,-44.64005727998,1.809));
#4861 = CARTESIAN_POINT('',(-22.713,-44.7225,11.256));
#4862 = CARTESIAN_POINT('',(-29.52894272001,-44.64005727998,1.809));
#4863 = CARTESIAN_POINT('',(-29.4465,-44.7225,11.256));
#4864 = DEFINITIONAL_REPRESENTATION('',(#4865),#4871);
#4865 = B_SPLINE_CURVE_WITH_KNOTS('',4,(#4866,#4867,#4868,#4869,#4870),
  .UNSPECIFIED.,.F.,.F.,(5,5),(0.,1.),.PIECEWISE_BEZIER_KNOTS.);
#4866 = CARTESIAN_POINT('',(2.862806946641,0.125802935485));
#4867 = CARTESIAN_POINT('',(2.913774566132,0.344355086918));
#4868 = CARTESIAN_POINT('',(2.96545388669,0.562905381664));
#4869 = CARTESIAN_POINT('',(3.017867230851,0.78145372273));
#4870 = CARTESIAN_POINT('',(3.071038879461,1.));
#4871 = ( GEOMETRIC_REPRESENTATION_CONTEXT(2) 
PARAMETRIC_REPRESENTATION_CONTEXT() REPRESENTATION_CONTEXT('2D SPACE',''
  ) );
#4872 = ORIENTED_EDGE('',*,*,#4873,.F.);
#4873 = EDGE_CURVE('',#4874,#4840,#4876,.T.);
#4874 = VERTEX_POINT('',#4875);
#4875 = CARTESIAN_POINT('',(-29.09237297924,-45.7275,11.256));
#4876 = SURFACE_CURVE('',#4877,(#4881,#4888),.PCURVE_S1.);
#4877 = LINE('',#4878,#4879);
#4878 = CARTESIAN_POINT('',(-29.09237297924,-22.86375,11.256));
#4879 = VECTOR('',#4880,1.);
#4880 = DIRECTION('',(0.,1.,-0.));
#4881 = PCURVE('',#3382,#4882);
#4882 = DEFINITIONAL_REPRESENTATION('',(#4883),#4887);
#4883 = LINE('',#4884,#4885);
#4884 = CARTESIAN_POINT('',(22.86375,-3.015459269052));
#4885 = VECTOR('',#4886,1.);
#4886 = DIRECTION('',(-1.,0.));
#4887 = ( GEOMETRIC_REPRESENTATION_CONTEXT(2) 
PARAMETRIC_REPRESENTATION_CONTEXT() REPRESENTATION_CONTEXT('2D SPACE',''
  ) );
#4888 = PCURVE('',#4889,#4894);
#4889 = PLANE('',#4890);
#4890 = AXIS2_PLACEMENT_3D('',#4891,#4892,#4893);
#4891 = CARTESIAN_POINT('',(-29.4465,-45.7275,11.256));
#4892 = DIRECTION('',(0.,0.,1.));
#4893 = DIRECTION('',(0.989044367093,0.147618562253,-0.));
#4894 = DEFINITIONAL_REPRESENTATION('',(#4895),#4899);
#4895 = LINE('',#4896,#4897);
#4896 = CARTESIAN_POINT('',(3.725361237822,22.560987426464));
#4897 = VECTOR('',#4898,1.);
#4898 = DIRECTION('',(0.147618562253,0.989044367093));
#4899 = ( GEOMETRIC_REPRESENTATION_CONTEXT(2) 
PARAMETRIC_REPRESENTATION_CONTEXT() REPRESENTATION_CONTEXT('2D SPACE',''
  ) );
#4900 = ORIENTED_EDGE('',*,*,#4901,.F.);
#4901 = EDGE_CURVE('',#4397,#4874,#4902,.T.);
#4902 = SURFACE_CURVE('',#4903,(#4909,#4918),.PCURVE_S1.);
#4903 = B_SPLINE_CURVE_WITH_KNOTS('',4,(#4904,#4905,#4906,#4907,#4908),
  .UNSPECIFIED.,.F.,.F.,(5,5),(0.,1.),.PIECEWISE_BEZIER_KNOTS.);
#4904 = CARTESIAN_POINT('',(-28.94821963311,-45.79957118383,
    2.997460331531));
#4905 = CARTESIAN_POINT('',(-28.98425844542,-45.78155315,5.062122506119)
  );
#4906 = CARTESIAN_POINT('',(-29.02029695157,-45.76353526924,
    7.126767140582));
#4907 = CARTESIAN_POINT('',(-29.05633513556,-45.74551754954,
    9.191393318632));
#4908 = CARTESIAN_POINT('',(-29.09237297924,-45.7275,11.256));
#4909 = PCURVE('',#3382,#4910);
#4910 = DEFINITIONAL_REPRESENTATION('',(#4911),#4917);
#4911 = B_SPLINE_CURVE_WITH_KNOTS('',4,(#4912,#4913,#4914,#4915,#4916),
  .UNSPECIFIED.,.F.,.F.,(5,5),(0.,1.),.PIECEWISE_BEZIER_KNOTS.);
#4912 = CARTESIAN_POINT('',(45.799571183831,-11.27525694471));
#4913 = CARTESIAN_POINT('',(45.781553150001,-9.210280264176));
#4914 = CARTESIAN_POINT('',(45.763535269241,-7.145321126435));
#4915 = CARTESIAN_POINT('',(45.745517549548,-5.080380447918));
#4916 = CARTESIAN_POINT('',(45.7275,-3.015459269052));
#4917 = ( GEOMETRIC_REPRESENTATION_CONTEXT(2) 
PARAMETRIC_REPRESENTATION_CONTEXT() REPRESENTATION_CONTEXT('2D SPACE',''
  ) );
#4918 = PCURVE('',#4919,#4924);
#4919 = B_SPLINE_SURFACE_WITH_KNOTS('',1,1,(
    (#4920,#4921)
    ,(#4922,#4923
    )),.UNSPECIFIED.,.F.,.F.,.F.,(2,2),(2,2),(-3.432032557233,
    3.432032557233),(0.,1.),.PIECEWISE_BEZIER_KNOTS.);
#4920 = CARTESIAN_POINT('',(-29.52894272001,-45.80994272001,1.809));
#4921 = CARTESIAN_POINT('',(-29.4465,-45.7275,11.256));
#4922 = CARTESIAN_POINT('',(-22.63055727998,-45.80994272001,1.809));
#4923 = CARTESIAN_POINT('',(-22.713,-45.7275,11.256));
#4924 = DEFINITIONAL_REPRESENTATION('',(#4925),#4931);
#4925 = B_SPLINE_CURVE_WITH_KNOTS('',4,(#4926,#4927,#4928,#4929,#4930),
  .UNSPECIFIED.,.F.,.F.,(5,5),(0.,1.),.PIECEWISE_BEZIER_KNOTS.);
#4926 = CARTESIAN_POINT('',(-2.862806946641,0.125802935485));
#4927 = CARTESIAN_POINT('',(-2.913774566132,0.344355086919));
#4928 = CARTESIAN_POINT('',(-2.96545388669,0.562905381664));
#4929 = CARTESIAN_POINT('',(-3.017867230851,0.78145372273));
#4930 = CARTESIAN_POINT('',(-3.071038879461,1.));
#4931 = ( GEOMETRIC_REPRESENTATION_CONTEXT(2) 
PARAMETRIC_REPRESENTATION_CONTEXT() REPRESENTATION_CONTEXT('2D SPACE',''
  ) );
#4932 = ADVANCED_FACE('',(#4933),#3357,.T.);
#4933 = FACE_BOUND('',#4934,.T.);
#4934 = EDGE_LOOP('',(#4935,#4936,#4937,#4938));
#4935 = ORIENTED_EDGE('',*,*,#3866,.T.);
#4936 = ORIENTED_EDGE('',*,*,#3340,.F.);
#4937 = ORIENTED_EDGE('',*,*,#4423,.F.);
#4938 = ORIENTED_EDGE('',*,*,#4939,.F.);
#4939 = EDGE_CURVE('',#3786,#4395,#4940,.T.);
#4940 = SURFACE_CURVE('',#4941,(#4946,#4952),.PCURVE_S1.);
#4941 = CIRCLE('',#4942,9.853219633116);
#4942 = AXIS2_PLACEMENT_3D('',#4943,#4944,#4945);
#4943 = CARTESIAN_POINT('',(-19.095,-49.245,2.997460331531));
#4944 = DIRECTION('',(-0.,0.,-1.));
#4945 = DIRECTION('',(-3.630015509622E-16,-1.,0.));
#4946 = PCURVE('',#3357,#4947);
#4947 = DEFINITIONAL_REPRESENTATION('',(#4948),#4951);
#4948 = B_SPLINE_CURVE_WITH_KNOTS('',1,(#4949,#4950),.UNSPECIFIED.,.F.,
  .F.,(2,2),(0.,1.570796326795),.PIECEWISE_BEZIER_KNOTS.);
#4949 = CARTESIAN_POINT('',(4.712388980385,0.987460331531));
#4950 = CARTESIAN_POINT('',(3.14159265359,0.987460331531));
#4951 = ( GEOMETRIC_REPRESENTATION_CONTEXT(2) 
PARAMETRIC_REPRESENTATION_CONTEXT() REPRESENTATION_CONTEXT('2D SPACE',''
  ) );
#4952 = PCURVE('',#4953,#4958);
#4953 = TOROIDAL_SURFACE('',#4954,8.848372699484,1.005);
#4954 = AXIS2_PLACEMENT_3D('',#4955,#4956,#4957);
#4955 = CARTESIAN_POINT('',(-19.095,-49.245,3.015));
#4956 = DIRECTION('',(-0.,-0.,-1.));
#4957 = DIRECTION('',(-3.630015509622E-16,-1.,0.));
#4958 = DEFINITIONAL_REPRESENTATION('',(#4959),#4962);
#4959 = B_SPLINE_CURVE_WITH_KNOTS('',1,(#4960,#4961),.UNSPECIFIED.,.F.,
  .F.,(2,2),(-0.,1.570796326795),.PIECEWISE_BEZIER_KNOTS.);
#4960 = CARTESIAN_POINT('',(0.,1.745329251994E-02));
#4961 = CARTESIAN_POINT('',(1.570796326795,1.745329251994E-02));
#4962 = ( GEOMETRIC_REPRESENTATION_CONTEXT(2) 
PARAMETRIC_REPRESENTATION_CONTEXT() REPRESENTATION_CONTEXT('2D SPACE',''
  ) );
#4963 = ADVANCED_FACE('',(#4964),#3415,.T.);
#4964 = FACE_BOUND('',#4965,.F.);
#4965 = EDGE_LOOP('',(#4966,#4967,#4989,#5016));
#4966 = ORIENTED_EDGE('',*,*,#3397,.F.);
#4967 = ORIENTED_EDGE('',*,*,#4968,.T.);
#4968 = EDGE_CURVE('',#3398,#4969,#4971,.T.);
#4969 = VERTEX_POINT('',#4970);
#4970 = CARTESIAN_POINT('',(-19.095,58.093372699484,2.01));
#4971 = SURFACE_CURVE('',#4972,(#4977,#4983),.PCURVE_S1.);
#4972 = CIRCLE('',#4973,1.005);
#4973 = AXIS2_PLACEMENT_3D('',#4974,#4975,#4976);
#4974 = CARTESIAN_POINT('',(-19.095,58.093372699484,3.015));
#4975 = DIRECTION('',(-1.,-6.123233995737E-17,0.));
#4976 = DIRECTION('',(-6.123233995737E-17,1.,0.));
#4977 = PCURVE('',#3415,#4978);
#4978 = DEFINITIONAL_REPRESENTATION('',(#4979),#4982);
#4979 = B_SPLINE_CURVE_WITH_KNOTS('',1,(#4980,#4981),.UNSPECIFIED.,.F.,
  .F.,(2,2),(1.745329251994E-02,1.570796326795),
  .PIECEWISE_BEZIER_KNOTS.);
#4980 = CARTESIAN_POINT('',(0.,0.));
#4981 = CARTESIAN_POINT('',(-1.553343034275,0.));
#4982 = ( GEOMETRIC_REPRESENTATION_CONTEXT(2) 
PARAMETRIC_REPRESENTATION_CONTEXT() REPRESENTATION_CONTEXT('2D SPACE',''
  ) );
#4983 = PCURVE('',#4380,#4984);
#4984 = DEFINITIONAL_REPRESENTATION('',(#4985),#4988);
#4985 = B_SPLINE_CURVE_WITH_KNOTS('',1,(#4986,#4987),.UNSPECIFIED.,.F.,
  .F.,(2,2),(1.745329251994E-02,1.570796326795),
  .PIECEWISE_BEZIER_KNOTS.);
#4986 = CARTESIAN_POINT('',(1.570796326795,1.745329251994E-02));
#4987 = CARTESIAN_POINT('',(1.570796326795,1.570796326795));
#4988 = ( GEOMETRIC_REPRESENTATION_CONTEXT(2) 
PARAMETRIC_REPRESENTATION_CONTEXT() REPRESENTATION_CONTEXT('2D SPACE',''
  ) );
#4989 = ORIENTED_EDGE('',*,*,#4990,.T.);
#4990 = EDGE_CURVE('',#4969,#4991,#4993,.T.);
#4991 = VERTEX_POINT('',#4992);
#4992 = CARTESIAN_POINT('',(-12.76122962385,58.093372699484,2.01));
#4993 = SURFACE_CURVE('',#4994,(#4998,#5004),.PCURVE_S1.);
#4994 = LINE('',#4995,#4996);
#4995 = CARTESIAN_POINT('',(-19.095,58.093372699484,2.01));
#4996 = VECTOR('',#4997,1.);
#4997 = DIRECTION('',(1.,0.,0.));
#4998 = PCURVE('',#3415,#4999);
#4999 = DEFINITIONAL_REPRESENTATION('',(#5000),#5003);
#5000 = B_SPLINE_CURVE_WITH_KNOTS('',1,(#5001,#5002),.UNSPECIFIED.,.F.,
  .F.,(2,2),(0.,6.333770376147),.PIECEWISE_BEZIER_KNOTS.);
#5001 = CARTESIAN_POINT('',(-1.553343034275,0.));
#5002 = CARTESIAN_POINT('',(-1.553343034275,6.333770376147));
#5003 = ( GEOMETRIC_REPRESENTATION_CONTEXT(2) 
PARAMETRIC_REPRESENTATION_CONTEXT() REPRESENTATION_CONTEXT('2D SPACE',''
  ) );
#5004 = PCURVE('',#5005,#5010);
#5005 = PLANE('',#5006);
#5006 = AXIS2_PLACEMENT_3D('',#5007,#5008,#5009);
#5007 = CARTESIAN_POINT('',(-19.095,49.245,2.01));
#5008 = DIRECTION('',(0.,0.,1.));
#5009 = DIRECTION('',(1.,0.,0.));
#5010 = DEFINITIONAL_REPRESENTATION('',(#5011),#5015);
#5011 = LINE('',#5012,#5013);
#5012 = CARTESIAN_POINT('',(0.,8.848372699484));
#5013 = VECTOR('',#5014,1.);
#5014 = DIRECTION('',(1.,0.));
#5015 = ( GEOMETRIC_REPRESENTATION_CONTEXT(2) 
PARAMETRIC_REPRESENTATION_CONTEXT() REPRESENTATION_CONTEXT('2D SPACE',''
  ) );
#5016 = ORIENTED_EDGE('',*,*,#5017,.T.);
#5017 = EDGE_CURVE('',#4991,#3400,#5018,.T.);
#5018 = SURFACE_CURVE('',#5019,(#5034,#5052),.PCURVE_S1.);
#5019 = B_SPLINE_CURVE_WITH_KNOTS('',7,(#5020,#5021,#5022,#5023,#5024,
    #5025,#5026,#5027,#5028,#5029,#5030,#5031,#5032,#5033),
  .UNSPECIFIED.,.F.,.F.,(8,6,8),(0.,0.623982343416,1.),.UNSPECIFIED.);
#5020 = CARTESIAN_POINT('',(-12.76122962385,58.093372699484,2.01));
#5021 = CARTESIAN_POINT('',(-12.76122962385,58.220322593723,
    2.010000000001));
#5022 = CARTESIAN_POINT('',(-12.76106636164,58.347051535486,
    2.028707996625));
#5023 = CARTESIAN_POINT('',(-12.76074080828,58.471804287194,
    2.066012716309));
#5024 = CARTESIAN_POINT('',(-12.7602485824,58.592259434719,
    2.122416215788));
#5025 = CARTESIAN_POINT('',(-12.75958671007,58.705348826073,
    2.198259272128));
#5026 = CARTESIAN_POINT('',(-12.75875594514,58.807377852847,
    2.293455503793));
#5027 = CARTESIAN_POINT('',(-12.75716487574,58.945822163175,
    2.475773999084));
#5028 = CARTESIAN_POINT('',(-12.75650826544,58.992155370794,
    2.551014087106));
#5029 = CARTESIAN_POINT('',(-12.75579748994,59.031560136262,
    2.632460891657));
#5030 = CARTESIAN_POINT('',(-12.75503967371,59.062799846861,
    2.719298030353));
#5031 = CARTESIAN_POINT('',(-12.7542455066,59.084754978704,
    2.810300567982));
#5032 = CARTESIAN_POINT('',(-12.75342993427,59.096584016187,
    2.903755900411));
#5033 = CARTESIAN_POINT('',(-12.75261218809,59.098219633116,
    2.997460331531));
#5034 = PCURVE('',#3415,#5035);
#5035 = DEFINITIONAL_REPRESENTATION('',(#5036),#5051);
#5036 = B_SPLINE_CURVE_WITH_KNOTS('',7,(#5037,#5038,#5039,#5040,#5041,
    #5042,#5043,#5044,#5045,#5046,#5047,#5048,#5049,#5050),
  .UNSPECIFIED.,.F.,.F.,(8,6,8),(0.,0.623982343416,1.),.UNSPECIFIED.);
#5037 = CARTESIAN_POINT('',(-1.553343034275,6.333770376147));
#5038 = CARTESIAN_POINT('',(-1.42702473155,6.333770376149));
#5039 = CARTESIAN_POINT('',(-1.300926422544,6.333933638356));
#5040 = CARTESIAN_POINT('',(-1.173502097434,6.334259191722));
#5041 = CARTESIAN_POINT('',(-1.043818272537,6.334751417596));
#5042 = CARTESIAN_POINT('',(-0.910976325217,6.335413289927));
#5043 = CARTESIAN_POINT('',(-0.774142420564,6.336244054853));
#5044 = CARTESIAN_POINT('',(-0.546355905042,6.337835124258));
#5045 = CARTESIAN_POINT('',(-0.458850919927,6.338491734558));
#5046 = CARTESIAN_POINT('',(-0.369571728997,6.339202510054));
#5047 = CARTESIAN_POINT('',(-0.27867706632,6.339960326282));
#5048 = CARTESIAN_POINT('',(-0.186433791016,6.340754493397));
#5049 = CARTESIAN_POINT('',(-9.325244271847E-02,6.341570065727));
#5050 = CARTESIAN_POINT('',(0.,6.342387811909));
#5051 = ( GEOMETRIC_REPRESENTATION_CONTEXT(2) 
PARAMETRIC_REPRESENTATION_CONTEXT() REPRESENTATION_CONTEXT('2D SPACE',''
  ) );
#5052 = PCURVE('',#3763,#5053);
#5053 = DEFINITIONAL_REPRESENTATION('',(#5054),#5069);
#5054 = B_SPLINE_CURVE_WITH_KNOTS('',7,(#5055,#5056,#5057,#5058,#5059,
    #5060,#5061,#5062,#5063,#5064,#5065,#5066,#5067,#5068),
  .UNSPECIFIED.,.F.,.F.,(8,6,8),(0.,0.623982343416,1.),.UNSPECIFIED.);
#5055 = CARTESIAN_POINT('',(0.621762676161,1.7543863063E-02));
#5056 = CARTESIAN_POINT('',(0.49521772247,1.754386306313E-02));
#5057 = CARTESIAN_POINT('',(0.368996852461,1.917672827409E-02));
#5058 = CARTESIAN_POINT('',(0.244760321339,2.243284008253E-02));
#5059 = CARTESIAN_POINT('',(0.124737769557,2.735584991045E-02));
#5060 = CARTESIAN_POINT('',(1.190523271659E-02,3.397567858492E-02));
#5061 = CARTESIAN_POINT('',(-9.010502048888E-02,4.228467345668E-02));
#5062 = CARTESIAN_POINT('',(-0.228887419778,5.819795750054E-02));
#5063 = CARTESIAN_POINT('',(-0.275431072973,6.476512936248E-02));
#5064 = CARTESIAN_POINT('',(-0.315126994603,7.187404134219E-02));
#5065 = CARTESIAN_POINT('',(-0.346724378319,7.945343723077E-02));
#5066 = CARTESIAN_POINT('',(-0.369074179145,8.739640115054E-02));
#5067 = CARTESIAN_POINT('',(-0.381289048231,9.555345207394E-02));
#5068 = CARTESIAN_POINT('',(-0.383257385444,0.103732245049));
#5069 = ( GEOMETRIC_REPRESENTATION_CONTEXT(2) 
PARAMETRIC_REPRESENTATION_CONTEXT() REPRESENTATION_CONTEXT('2D SPACE',''
  ) );
#5070 = ADVANCED_FACE('',(#5071),#3763,.F.);
#5071 = FACE_BOUND('',#5072,.F.);
#5072 = EDGE_LOOP('',(#5073,#5093,#5118,#5138,#5139));
#5073 = ORIENTED_EDGE('',*,*,#5074,.F.);
#5074 = EDGE_CURVE('',#5075,#4991,#5077,.T.);
#5075 = VERTEX_POINT('',#5076);
#5076 = CARTESIAN_POINT('',(-12.76122962385,57.739520376147,2.01));
#5077 = SURFACE_CURVE('',#5078,(#5081,#5087),.PCURVE_S1.);
#5078 = B_SPLINE_CURVE_WITH_KNOTS('',1,(#5079,#5080),.UNSPECIFIED.,.F.,
  .F.,(2,2),(0.,1.),.PIECEWISE_BEZIER_KNOTS.);
#5079 = CARTESIAN_POINT('',(-12.76122962385,57.739520376147,2.01));
#5080 = CARTESIAN_POINT('',(-12.76122962385,58.093372699484,2.01));
#5081 = PCURVE('',#3763,#5082);
#5082 = DEFINITIONAL_REPRESENTATION('',(#5083),#5086);
#5083 = B_SPLINE_CURVE_WITH_KNOTS('',1,(#5084,#5085),.UNSPECIFIED.,.F.,
  .F.,(2,2),(0.,1.),.PIECEWISE_BEZIER_KNOTS.);
#5084 = CARTESIAN_POINT('',(0.974486292815,1.754385964912E-02));
#5085 = CARTESIAN_POINT('',(0.621762675967,1.754385964912E-02));
#5086 = ( GEOMETRIC_REPRESENTATION_CONTEXT(2) 
PARAMETRIC_REPRESENTATION_CONTEXT() REPRESENTATION_CONTEXT('2D SPACE',''
  ) );
#5087 = PCURVE('',#5005,#5088);
#5088 = DEFINITIONAL_REPRESENTATION('',(#5089),#5092);
#5089 = B_SPLINE_CURVE_WITH_KNOTS('',1,(#5090,#5091),.UNSPECIFIED.,.F.,
  .F.,(2,2),(0.,1.),.PIECEWISE_BEZIER_KNOTS.);
#5090 = CARTESIAN_POINT('',(6.333770376147,8.494520376147));
#5091 = CARTESIAN_POINT('',(6.333770376147,8.848372699484));
#5092 = ( GEOMETRIC_REPRESENTATION_CONTEXT(2) 
PARAMETRIC_REPRESENTATION_CONTEXT() REPRESENTATION_CONTEXT('2D SPACE',''
  ) );
#5093 = ORIENTED_EDGE('',*,*,#5094,.T.);
#5094 = EDGE_CURVE('',#5075,#5095,#5097,.T.);
#5095 = VERTEX_POINT('',#5096);
#5096 = CARTESIAN_POINT('',(-12.663,57.83775,13.266));
#5097 = SURFACE_CURVE('',#5098,(#5101,#5107),.PCURVE_S1.);
#5098 = B_SPLINE_CURVE_WITH_KNOTS('',1,(#5099,#5100),.UNSPECIFIED.,.F.,
  .F.,(2,2),(0.,1.),.PIECEWISE_BEZIER_KNOTS.);
#5099 = CARTESIAN_POINT('',(-12.76298372427,57.737766275721,1.809));
#5100 = CARTESIAN_POINT('',(-12.663,57.83775,13.266));
#5101 = PCURVE('',#3763,#5102);
#5102 = DEFINITIONAL_REPRESENTATION('',(#5103),#5106);
#5103 = B_SPLINE_CURVE_WITH_KNOTS('',1,(#5104,#5105),.UNSPECIFIED.,.F.,
  .F.,(2,2),(1.754385964912E-02,1.),.PIECEWISE_BEZIER_KNOTS.);
#5104 = CARTESIAN_POINT('',(0.974486292815,1.754385964912E-02));
#5105 = CARTESIAN_POINT('',(0.974486292815,1.));
#5106 = ( GEOMETRIC_REPRESENTATION_CONTEXT(2) 
PARAMETRIC_REPRESENTATION_CONTEXT() REPRESENTATION_CONTEXT('2D SPACE',''
  ) );
#5107 = PCURVE('',#5108,#5113);
#5108 = B_SPLINE_SURFACE_WITH_KNOTS('',1,1,(
    (#5109,#5110)
    ,(#5111,#5112
    )),.UNSPECIFIED.,.F.,.F.,.F.,(2,2),(2,2),(-0.699486292815,
    0.699486292815),(0.,1.),.PIECEWISE_BEZIER_KNOTS.);
#5109 = CARTESIAN_POINT('',(-12.76298372427,57.737766275721,1.809));
#5110 = CARTESIAN_POINT('',(-12.663,57.83775,13.266));
#5111 = CARTESIAN_POINT('',(-11.35701627572,57.737766275721,1.809));
#5112 = CARTESIAN_POINT('',(-11.457,57.83775,13.266));
#5113 = DEFINITIONAL_REPRESENTATION('',(#5114),#5117);
#5114 = B_SPLINE_CURVE_WITH_KNOTS('',1,(#5115,#5116),.UNSPECIFIED.,.F.,
  .F.,(2,2),(1.754385964912E-02,1.),.PIECEWISE_BEZIER_KNOTS.);
#5115 = CARTESIAN_POINT('',(-0.699486292815,1.754385964912E-02));
#5116 = CARTESIAN_POINT('',(-0.699486292815,1.));
#5117 = ( GEOMETRIC_REPRESENTATION_CONTEXT(2) 
PARAMETRIC_REPRESENTATION_CONTEXT() REPRESENTATION_CONTEXT('2D SPACE',''
  ) );
#5118 = ORIENTED_EDGE('',*,*,#5119,.T.);
#5119 = EDGE_CURVE('',#5095,#3712,#5120,.T.);
#5120 = SURFACE_CURVE('',#5121,(#5125,#5131),.PCURVE_S1.);
#5121 = LINE('',#5122,#5123);
#5122 = CARTESIAN_POINT('',(-12.663,58.717125,13.266));
#5123 = VECTOR('',#5124,1.);
#5124 = DIRECTION('',(0.,1.,0.));
#5125 = PCURVE('',#3763,#5126);
#5126 = DEFINITIONAL_REPRESENTATION('',(#5127),#5130);
#5127 = B_SPLINE_CURVE_WITH_KNOTS('',1,(#5128,#5129),.UNSPECIFIED.,.F.,
  .F.,(2,2),(-0.879375,0.560332659747),.PIECEWISE_BEZIER_KNOTS.);
#5128 = CARTESIAN_POINT('',(0.974486292815,1.));
#5129 = CARTESIAN_POINT('',(-0.620937024978,1.));
#5130 = ( GEOMETRIC_REPRESENTATION_CONTEXT(2) 
PARAMETRIC_REPRESENTATION_CONTEXT() REPRESENTATION_CONTEXT('2D SPACE',''
  ) );
#5131 = PCURVE('',#3727,#5132);
#5132 = DEFINITIONAL_REPRESENTATION('',(#5133),#5137);
#5133 = LINE('',#5134,#5135);
#5134 = CARTESIAN_POINT('',(0.725245934092,0.497311497663));
#5135 = VECTOR('',#5136,1.);
#5136 = DIRECTION('',(0.824728851846,0.565528355552));
#5137 = ( GEOMETRIC_REPRESENTATION_CONTEXT(2) 
PARAMETRIC_REPRESENTATION_CONTEXT() REPRESENTATION_CONTEXT('2D SPACE',''
  ) );
#5138 = ORIENTED_EDGE('',*,*,#3739,.F.);
#5139 = ORIENTED_EDGE('',*,*,#5017,.F.);
#5140 = ADVANCED_FACE('',(#5141),#3727,.F.);
#5141 = FACE_BOUND('',#5142,.F.);
#5142 = EDGE_LOOP('',(#5143,#5144,#5166,#5186));
#5143 = ORIENTED_EDGE('',*,*,#5119,.F.);
#5144 = ORIENTED_EDGE('',*,*,#5145,.T.);
#5145 = EDGE_CURVE('',#5095,#5146,#5148,.T.);
#5146 = VERTEX_POINT('',#5147);
#5147 = CARTESIAN_POINT('',(-11.457,57.83775,13.266));
#5148 = SURFACE_CURVE('',#5149,(#5153,#5160),.PCURVE_S1.);
#5149 = LINE('',#5150,#5151);
#5150 = CARTESIAN_POINT('',(-12.06,57.83775,13.266));
#5151 = VECTOR('',#5152,1.);
#5152 = DIRECTION('',(1.,0.,0.));
#5153 = PCURVE('',#3727,#5154);
#5154 = DEFINITIONAL_REPRESENTATION('',(#5155),#5159);
#5155 = LINE('',#5156,#5157);
#5156 = CARTESIAN_POINT('',(0.341013598398,-0.497311497663));
#5157 = VECTOR('',#5158,1.);
#5158 = DIRECTION('',(0.565528355552,-0.824728851846));
#5159 = ( GEOMETRIC_REPRESENTATION_CONTEXT(2) 
PARAMETRIC_REPRESENTATION_CONTEXT() REPRESENTATION_CONTEXT('2D SPACE',''
  ) );
#5160 = PCURVE('',#5108,#5161);
#5161 = DEFINITIONAL_REPRESENTATION('',(#5162),#5165);
#5162 = B_SPLINE_CURVE_WITH_KNOTS('',1,(#5163,#5164),.UNSPECIFIED.,.F.,
  .F.,(2,2),(-0.603,0.603),.PIECEWISE_BEZIER_KNOTS.);
#5163 = CARTESIAN_POINT('',(-0.699486292815,1.));
#5164 = CARTESIAN_POINT('',(0.699486292815,1.));
#5165 = ( GEOMETRIC_REPRESENTATION_CONTEXT(2) 
PARAMETRIC_REPRESENTATION_CONTEXT() REPRESENTATION_CONTEXT('2D SPACE',''
  ) );
#5166 = ORIENTED_EDGE('',*,*,#5167,.T.);
#5167 = EDGE_CURVE('',#5146,#3669,#5168,.T.);
#5168 = SURFACE_CURVE('',#5169,(#5173,#5180),.PCURVE_S1.);
#5169 = LINE('',#5170,#5171);
#5170 = CARTESIAN_POINT('',(-11.457,58.717125,13.266));
#5171 = VECTOR('',#5172,1.);
#5172 = DIRECTION('',(0.,1.,0.));
#5173 = PCURVE('',#3727,#5174);
#5174 = DEFINITIONAL_REPRESENTATION('',(#5175),#5179);
#5175 = LINE('',#5176,#5177);
#5176 = CARTESIAN_POINT('',(1.407273130887,-0.497311497663));
#5177 = VECTOR('',#5178,1.);
#5178 = DIRECTION('',(0.824728851846,0.565528355552));
#5179 = ( GEOMETRIC_REPRESENTATION_CONTEXT(2) 
PARAMETRIC_REPRESENTATION_CONTEXT() REPRESENTATION_CONTEXT('2D SPACE',''
  ) );
#5180 = PCURVE('',#3694,#5181);
#5181 = DEFINITIONAL_REPRESENTATION('',(#5182),#5185);
#5182 = B_SPLINE_CURVE_WITH_KNOTS('',1,(#5183,#5184),.UNSPECIFIED.,.F.,
  .F.,(2,2),(-0.879375,0.560332659747),.PIECEWISE_BEZIER_KNOTS.);
#5183 = CARTESIAN_POINT('',(-0.974486292815,1.));
#5184 = CARTESIAN_POINT('',(0.620937024978,1.));
#5185 = ( GEOMETRIC_REPRESENTATION_CONTEXT(2) 
PARAMETRIC_REPRESENTATION_CONTEXT() REPRESENTATION_CONTEXT('2D SPACE',''
  ) );
#5186 = ORIENTED_EDGE('',*,*,#3711,.F.);
#5187 = ADVANCED_FACE('',(#5188),#3694,.F.);
#5188 = FACE_BOUND('',#5189,.F.);
#5189 = EDGE_LOOP('',(#5190,#5210,#5230,#5284,#5285));
#5190 = ORIENTED_EDGE('',*,*,#5191,.F.);
#5191 = EDGE_CURVE('',#5192,#5146,#5194,.T.);
#5192 = VERTEX_POINT('',#5193);
#5193 = CARTESIAN_POINT('',(-11.35877037614,57.739520376147,2.01));
#5194 = SURFACE_CURVE('',#5195,(#5198,#5204),.PCURVE_S1.);
#5195 = B_SPLINE_CURVE_WITH_KNOTS('',1,(#5196,#5197),.UNSPECIFIED.,.F.,
  .F.,(2,2),(0.,1.),.PIECEWISE_BEZIER_KNOTS.);
#5196 = CARTESIAN_POINT('',(-11.35701627572,57.737766275721,1.809));
#5197 = CARTESIAN_POINT('',(-11.457,57.83775,13.266));
#5198 = PCURVE('',#3694,#5199);
#5199 = DEFINITIONAL_REPRESENTATION('',(#5200),#5203);
#5200 = B_SPLINE_CURVE_WITH_KNOTS('',1,(#5201,#5202),.UNSPECIFIED.,.F.,
  .F.,(2,2),(1.754385964912E-02,1.),.PIECEWISE_BEZIER_KNOTS.);
#5201 = CARTESIAN_POINT('',(-0.974486292815,1.754385964912E-02));
#5202 = CARTESIAN_POINT('',(-0.974486292815,1.));
#5203 = ( GEOMETRIC_REPRESENTATION_CONTEXT(2) 
PARAMETRIC_REPRESENTATION_CONTEXT() REPRESENTATION_CONTEXT('2D SPACE',''
  ) );
#5204 = PCURVE('',#5108,#5205);
#5205 = DEFINITIONAL_REPRESENTATION('',(#5206),#5209);
#5206 = B_SPLINE_CURVE_WITH_KNOTS('',1,(#5207,#5208),.UNSPECIFIED.,.F.,
  .F.,(2,2),(1.754385964912E-02,1.),.PIECEWISE_BEZIER_KNOTS.);
#5207 = CARTESIAN_POINT('',(0.699486292815,1.754385964912E-02));
#5208 = CARTESIAN_POINT('',(0.699486292815,1.));
#5209 = ( GEOMETRIC_REPRESENTATION_CONTEXT(2) 
PARAMETRIC_REPRESENTATION_CONTEXT() REPRESENTATION_CONTEXT('2D SPACE',''
  ) );
#5210 = ORIENTED_EDGE('',*,*,#5211,.F.);
#5211 = EDGE_CURVE('',#5212,#5192,#5214,.T.);
#5212 = VERTEX_POINT('',#5213);
#5213 = CARTESIAN_POINT('',(-11.35877037614,58.093372699484,2.01));
#5214 = SURFACE_CURVE('',#5215,(#5218,#5224),.PCURVE_S1.);
#5215 = B_SPLINE_CURVE_WITH_KNOTS('',1,(#5216,#5217),.UNSPECIFIED.,.F.,
  .F.,(2,2),(0.,1.),.PIECEWISE_BEZIER_KNOTS.);
#5216 = CARTESIAN_POINT('',(-11.35877037614,58.093372699484,2.01));
#5217 = CARTESIAN_POINT('',(-11.35877037614,57.739520376147,2.01));
#5218 = PCURVE('',#3694,#5219);
#5219 = DEFINITIONAL_REPRESENTATION('',(#5220),#5223);
#5220 = B_SPLINE_CURVE_WITH_KNOTS('',1,(#5221,#5222),.UNSPECIFIED.,.F.,
  .F.,(2,2),(0.,1.),.PIECEWISE_BEZIER_KNOTS.);
#5221 = CARTESIAN_POINT('',(-0.621762675967,1.754385964912E-02));
#5222 = CARTESIAN_POINT('',(-0.974486292815,1.754385964912E-02));
#5223 = ( GEOMETRIC_REPRESENTATION_CONTEXT(2) 
PARAMETRIC_REPRESENTATION_CONTEXT() REPRESENTATION_CONTEXT('2D SPACE',''
  ) );
#5224 = PCURVE('',#5005,#5225);
#5225 = DEFINITIONAL_REPRESENTATION('',(#5226),#5229);
#5226 = B_SPLINE_CURVE_WITH_KNOTS('',1,(#5227,#5228),.UNSPECIFIED.,.F.,
  .F.,(2,2),(0.,1.),.PIECEWISE_BEZIER_KNOTS.);
#5227 = CARTESIAN_POINT('',(7.736229623853,8.848372699484));
#5228 = CARTESIAN_POINT('',(7.736229623853,8.494520376147));
#5229 = ( GEOMETRIC_REPRESENTATION_CONTEXT(2) 
PARAMETRIC_REPRESENTATION_CONTEXT() REPRESENTATION_CONTEXT('2D SPACE',''
  ) );
#5230 = ORIENTED_EDGE('',*,*,#5231,.F.);
#5231 = EDGE_CURVE('',#3642,#5212,#5232,.T.);
#5232 = SURFACE_CURVE('',#5233,(#5248,#5266),.PCURVE_S1.);
#5233 = B_SPLINE_CURVE_WITH_KNOTS('',7,(#5234,#5235,#5236,#5237,#5238,
    #5239,#5240,#5241,#5242,#5243,#5244,#5245,#5246,#5247),
  .UNSPECIFIED.,.F.,.F.,(8,6,8),(0.,0.376733871136,1.),.UNSPECIFIED.);
#5234 = CARTESIAN_POINT('',(-11.3673878119,59.098219633116,
    2.997460331531));
#5235 = CARTESIAN_POINT('',(-11.36656851833,59.09658092117,
    2.903578586994));
#5236 = CARTESIAN_POINT('',(-11.36575139964,59.084710161807,
    2.809946058966));
#5237 = CARTESIAN_POINT('',(-11.3649558025,59.062674744866,
    2.718779656982));
#5238 = CARTESIAN_POINT('',(-11.36419675532,59.031322595485,
    2.631801465347));
#5239 = CARTESIAN_POINT('',(-11.36348499207,58.991781111205,
    2.550241474554));
#5240 = CARTESIAN_POINT('',(-11.36282765116,58.945294396574,
    2.474917667074));
#5241 = CARTESIAN_POINT('',(-11.36123833487,58.806675314542,
    2.29280005928));
#5242 = CARTESIAN_POINT('',(-11.36040949538,58.704699703765,
    2.19782446044));
#5243 = CARTESIAN_POINT('',(-11.35974916345,58.591706966935,
    2.122157916701));
#5244 = CARTESIAN_POINT('',(-11.35925807429,58.471375660684,
    2.065884672474));
#5245 = CARTESIAN_POINT('',(-11.35893326361,58.346761248299,
    2.028665054744));
#5246 = CARTESIAN_POINT('',(-11.35877037614,58.220176798977,2.01));
#5247 = CARTESIAN_POINT('',(-11.35877037614,58.093372699484,2.01));
#5248 = PCURVE('',#3694,#5249);
#5249 = DEFINITIONAL_REPRESENTATION('',(#5250),#5265);
#5250 = B_SPLINE_CURVE_WITH_KNOTS('',7,(#5251,#5252,#5253,#5254,#5255,
    #5256,#5257,#5258,#5259,#5260,#5261,#5262,#5263,#5264),
  .UNSPECIFIED.,.F.,.F.,(8,6,8),(0.,0.376733871136,1.),.UNSPECIFIED.);
#5251 = CARTESIAN_POINT('',(0.383257385444,0.103732245049));
#5252 = CARTESIAN_POINT('',(0.38128532362,9.553797564756E-02));
#5253 = CARTESIAN_POINT('',(0.369027898975,8.736545858127E-02));
#5254 = CARTESIAN_POINT('',(0.346597027489,7.940819210806E-02));
#5255 = CARTESIAN_POINT('',(0.31488673832,7.181648471217E-02));
#5256 = CARTESIAN_POINT('',(0.275054053776,6.469769351085E-02));
#5257 = CARTESIAN_POINT('',(0.228357260473,5.812321437323E-02));
#5258 = CARTESIAN_POINT('',(8.940261235395E-02,4.222746436934E-02));
#5259 = CARTESIAN_POINT('',(-1.255287705452E-02,3.393772020949E-02));
#5260 = CARTESIAN_POINT('',(-0.125288251707,2.733332606272E-02));
#5261 = CARTESIAN_POINT('',(-0.245187174147,2.242163502434E-02));
#5262 = CARTESIAN_POINT('',(-0.369285976271,1.917299945399E-02));
#5263 = CARTESIAN_POINT('',(-0.495363052015,1.754385964912E-02));
#5264 = CARTESIAN_POINT('',(-0.621762675967,1.754385964912E-02));
#5265 = ( GEOMETRIC_REPRESENTATION_CONTEXT(2) 
PARAMETRIC_REPRESENTATION_CONTEXT() REPRESENTATION_CONTEXT('2D SPACE',''
  ) );
#5266 = PCURVE('',#3657,#5267);
#5267 = DEFINITIONAL_REPRESENTATION('',(#5268),#5283);
#5268 = B_SPLINE_CURVE_WITH_KNOTS('',7,(#5269,#5270,#5271,#5272,#5273,
    #5274,#5275,#5276,#5277,#5278,#5279,#5280,#5281,#5282),
  .UNSPECIFIED.,.F.,.F.,(8,6,8),(0.,0.376733871136,1.),.UNSPECIFIED.);
#5269 = CARTESIAN_POINT('',(0.,7.727612188091));
#5270 = CARTESIAN_POINT('',(-9.342890085472E-02,7.728431481663));
#5271 = CARTESIAN_POINT('',(-0.186787261128,7.729248600356));
#5272 = CARTESIAN_POINT('',(-0.279202496052,7.730044197494));
#5273 = CARTESIAN_POINT('',(-0.37026203839,7.730803244673));
#5274 = CARTESIAN_POINT('',(-0.45969804985,7.731515007929));
#5275 = CARTESIAN_POINT('',(-0.547352030678,7.732172348839));
#5276 = CARTESIAN_POINT('',(-0.775084669686,7.733761665124));
#5277 = CARTESIAN_POINT('',(-0.911738451673,7.734590504619));
#5278 = CARTESIAN_POINT('',(-1.044412949985,7.735250836542));
#5279 = CARTESIAN_POINT('',(-1.173939906827,7.735741925705));
#5280 = CARTESIAN_POINT('',(-1.301215267491,7.736066736388));
#5281 = CARTESIAN_POINT('',(-1.427169800948,7.736229623853));
#5282 = CARTESIAN_POINT('',(-1.553343034275,7.736229623853));
#5283 = ( GEOMETRIC_REPRESENTATION_CONTEXT(2) 
PARAMETRIC_REPRESENTATION_CONTEXT() REPRESENTATION_CONTEXT('2D SPACE',''
  ) );
#5284 = ORIENTED_EDGE('',*,*,#3668,.T.);
#5285 = ORIENTED_EDGE('',*,*,#5167,.F.);
#5286 = ADVANCED_FACE('',(#5287),#3657,.T.);
#5287 = FACE_BOUND('',#5288,.F.);
#5288 = EDGE_LOOP('',(#5289,#5290,#5291,#5313));
#5289 = ORIENTED_EDGE('',*,*,#3641,.F.);
#5290 = ORIENTED_EDGE('',*,*,#5231,.T.);
#5291 = ORIENTED_EDGE('',*,*,#5292,.T.);
#5292 = EDGE_CURVE('',#5212,#5293,#5295,.T.);
#5293 = VERTEX_POINT('',#5294);
#5294 = CARTESIAN_POINT('',(11.358770376147,58.093372699484,2.01));
#5295 = SURFACE_CURVE('',#5296,(#5300,#5306),.PCURVE_S1.);
#5296 = LINE('',#5297,#5298);
#5297 = CARTESIAN_POINT('',(-19.095,58.093372699484,2.01));
#5298 = VECTOR('',#5299,1.);
#5299 = DIRECTION('',(1.,0.,0.));
#5300 = PCURVE('',#3657,#5301);
#5301 = DEFINITIONAL_REPRESENTATION('',(#5302),#5305);
#5302 = B_SPLINE_CURVE_WITH_KNOTS('',1,(#5303,#5304),.UNSPECIFIED.,.F.,
  .F.,(2,2),(7.736229623853,30.453770376147),.PIECEWISE_BEZIER_KNOTS.);
#5303 = CARTESIAN_POINT('',(-1.553343034275,7.736229623853));
#5304 = CARTESIAN_POINT('',(-1.553343034275,30.453770376147));
#5305 = ( GEOMETRIC_REPRESENTATION_CONTEXT(2) 
PARAMETRIC_REPRESENTATION_CONTEXT() REPRESENTATION_CONTEXT('2D SPACE',''
  ) );
#5306 = PCURVE('',#5005,#5307);
#5307 = DEFINITIONAL_REPRESENTATION('',(#5308),#5312);
#5308 = LINE('',#5309,#5310);
#5309 = CARTESIAN_POINT('',(0.,8.848372699484));
#5310 = VECTOR('',#5311,1.);
#5311 = DIRECTION('',(1.,0.));
#5312 = ( GEOMETRIC_REPRESENTATION_CONTEXT(2) 
PARAMETRIC_REPRESENTATION_CONTEXT() REPRESENTATION_CONTEXT('2D SPACE',''
  ) );
#5313 = ORIENTED_EDGE('',*,*,#5314,.T.);
#5314 = EDGE_CURVE('',#5293,#3599,#5315,.T.);
#5315 = SURFACE_CURVE('',#5316,(#5331,#5349),.PCURVE_S1.);
#5316 = B_SPLINE_CURVE_WITH_KNOTS('',7,(#5317,#5318,#5319,#5320,#5321,
    #5322,#5323,#5324,#5325,#5326,#5327,#5328,#5329,#5330),
  .UNSPECIFIED.,.F.,.F.,(8,6,8),(0.,0.623982343416,1.),.UNSPECIFIED.);
#5317 = CARTESIAN_POINT('',(11.358770376147,58.093372699484,2.01));
#5318 = CARTESIAN_POINT('',(11.358770376147,58.220322593723,
    2.010000000001));
#5319 = CARTESIAN_POINT('',(11.35893363836,58.347051535486,
    2.028707996625));
#5320 = CARTESIAN_POINT('',(11.359259191717,58.471804287194,
    2.066012716309));
#5321 = CARTESIAN_POINT('',(11.3597514176,58.592259434719,2.122416215788
    ));
#5322 = CARTESIAN_POINT('',(11.360413289925,58.705348826073,
    2.198259272128));
#5323 = CARTESIAN_POINT('',(11.361244054853,58.807377852847,
    2.293455503793));
#5324 = CARTESIAN_POINT('',(11.362835124258,58.945822163175,
    2.475773999084));
#5325 = CARTESIAN_POINT('',(11.363491734558,58.992155370794,
    2.551014087106));
#5326 = CARTESIAN_POINT('',(11.364202510054,59.031560136262,
    2.632460891658));
#5327 = CARTESIAN_POINT('',(11.364960326282,59.062799846861,
    2.719298030353));
#5328 = CARTESIAN_POINT('',(11.365754493397,59.084754978704,
    2.810300567982));
#5329 = CARTESIAN_POINT('',(11.366570065727,59.096584016187,
    2.903755900411));
#5330 = CARTESIAN_POINT('',(11.367387811909,59.098219633116,
    2.997460331531));
#5331 = PCURVE('',#3657,#5332);
#5332 = DEFINITIONAL_REPRESENTATION('',(#5333),#5348);
#5333 = B_SPLINE_CURVE_WITH_KNOTS('',7,(#5334,#5335,#5336,#5337,#5338,
    #5339,#5340,#5341,#5342,#5343,#5344,#5345,#5346,#5347),
  .UNSPECIFIED.,.F.,.F.,(8,6,8),(0.,0.623982343416,1.),.UNSPECIFIED.);
#5334 = CARTESIAN_POINT('',(-1.553343034275,30.453770376147));
#5335 = CARTESIAN_POINT('',(-1.42702473155,30.453770376149));
#5336 = CARTESIAN_POINT('',(-1.300926422544,30.453933638356));
#5337 = CARTESIAN_POINT('',(-1.173502097435,30.454259191722));
#5338 = CARTESIAN_POINT('',(-1.043818272537,30.454751417596));
#5339 = CARTESIAN_POINT('',(-0.910976325218,30.455413289927));
#5340 = CARTESIAN_POINT('',(-0.774142420564,30.456244054853));
#5341 = CARTESIAN_POINT('',(-0.546355905042,30.457835124258));
#5342 = CARTESIAN_POINT('',(-0.458850919927,30.458491734558));
#5343 = CARTESIAN_POINT('',(-0.369571728997,30.459202510054));
#5344 = CARTESIAN_POINT('',(-0.27867706632,30.459960326282));
#5345 = CARTESIAN_POINT('',(-0.186433791016,30.460754493397));
#5346 = CARTESIAN_POINT('',(-9.325244271847E-02,30.461570065727));
#5347 = CARTESIAN_POINT('',(0.,30.462387811909));
#5348 = ( GEOMETRIC_REPRESENTATION_CONTEXT(2) 
PARAMETRIC_REPRESENTATION_CONTEXT() REPRESENTATION_CONTEXT('2D SPACE',''
  ) );
#5349 = PCURVE('',#3624,#5350);
#5350 = DEFINITIONAL_REPRESENTATION('',(#5351),#5366);
#5351 = B_SPLINE_CURVE_WITH_KNOTS('',7,(#5352,#5353,#5354,#5355,#5356,
    #5357,#5358,#5359,#5360,#5361,#5362,#5363,#5364,#5365),
  .UNSPECIFIED.,.F.,.F.,(8,6,8),(0.,0.623982343416,1.),.UNSPECIFIED.);
#5352 = CARTESIAN_POINT('',(0.621762676161,1.7543863063E-02));
#5353 = CARTESIAN_POINT('',(0.49521772247,1.754386306313E-02));
#5354 = CARTESIAN_POINT('',(0.368996852461,1.917672827409E-02));
#5355 = CARTESIAN_POINT('',(0.244760321339,2.243284008253E-02));
#5356 = CARTESIAN_POINT('',(0.124737769556,2.735584991045E-02));
#5357 = CARTESIAN_POINT('',(1.190523271672E-02,3.397567858492E-02));
#5358 = CARTESIAN_POINT('',(-9.010502048889E-02,4.228467345668E-02));
#5359 = CARTESIAN_POINT('',(-0.228887419778,5.819795750054E-02));
#5360 = CARTESIAN_POINT('',(-0.275431072973,6.476512936248E-02));
#5361 = CARTESIAN_POINT('',(-0.315126994603,7.187404134221E-02));
#5362 = CARTESIAN_POINT('',(-0.346724378319,7.945343723075E-02));
#5363 = CARTESIAN_POINT('',(-0.369074179145,8.739640115054E-02));
#5364 = CARTESIAN_POINT('',(-0.381289048231,9.555345207394E-02));
#5365 = CARTESIAN_POINT('',(-0.383257385444,0.103732245049));
#5366 = ( GEOMETRIC_REPRESENTATION_CONTEXT(2) 
PARAMETRIC_REPRESENTATION_CONTEXT() REPRESENTATION_CONTEXT('2D SPACE',''
  ) );
#5367 = ADVANCED_FACE('',(#5368),#3624,.F.);
#5368 = FACE_BOUND('',#5369,.F.);
#5369 = EDGE_LOOP('',(#5370,#5390,#5415,#5435,#5436));
#5370 = ORIENTED_EDGE('',*,*,#5371,.F.);
#5371 = EDGE_CURVE('',#5372,#5293,#5374,.T.);
#5372 = VERTEX_POINT('',#5373);
#5373 = CARTESIAN_POINT('',(11.358770376147,57.739520376147,2.01));
#5374 = SURFACE_CURVE('',#5375,(#5378,#5384),.PCURVE_S1.);
#5375 = B_SPLINE_CURVE_WITH_KNOTS('',1,(#5376,#5377),.UNSPECIFIED.,.F.,
  .F.,(2,2),(0.,1.),.PIECEWISE_BEZIER_KNOTS.);
#5376 = CARTESIAN_POINT('',(11.358770376147,57.739520376147,2.01));
#5377 = CARTESIAN_POINT('',(11.358770376147,58.093372699484,2.01));
#5378 = PCURVE('',#3624,#5379);
#5379 = DEFINITIONAL_REPRESENTATION('',(#5380),#5383);
#5380 = B_SPLINE_CURVE_WITH_KNOTS('',1,(#5381,#5382),.UNSPECIFIED.,.F.,
  .F.,(2,2),(0.,1.),.PIECEWISE_BEZIER_KNOTS.);
#5381 = CARTESIAN_POINT('',(0.974486292815,1.754385964912E-02));
#5382 = CARTESIAN_POINT('',(0.621762675967,1.754385964912E-02));
#5383 = ( GEOMETRIC_REPRESENTATION_CONTEXT(2) 
PARAMETRIC_REPRESENTATION_CONTEXT() REPRESENTATION_CONTEXT('2D SPACE',''
  ) );
#5384 = PCURVE('',#5005,#5385);
#5385 = DEFINITIONAL_REPRESENTATION('',(#5386),#5389);
#5386 = B_SPLINE_CURVE_WITH_KNOTS('',1,(#5387,#5388),.UNSPECIFIED.,.F.,
  .F.,(2,2),(0.,1.),.PIECEWISE_BEZIER_KNOTS.);
#5387 = CARTESIAN_POINT('',(30.453770376147,8.494520376147));
#5388 = CARTESIAN_POINT('',(30.453770376147,8.848372699484));
#5389 = ( GEOMETRIC_REPRESENTATION_CONTEXT(2) 
PARAMETRIC_REPRESENTATION_CONTEXT() REPRESENTATION_CONTEXT('2D SPACE',''
  ) );
#5390 = ORIENTED_EDGE('',*,*,#5391,.T.);
#5391 = EDGE_CURVE('',#5372,#5392,#5394,.T.);
#5392 = VERTEX_POINT('',#5393);
#5393 = CARTESIAN_POINT('',(11.457,57.83775,13.266));
#5394 = SURFACE_CURVE('',#5395,(#5398,#5404),.PCURVE_S1.);
#5395 = B_SPLINE_CURVE_WITH_KNOTS('',1,(#5396,#5397),.UNSPECIFIED.,.F.,
  .F.,(2,2),(0.,1.),.PIECEWISE_BEZIER_KNOTS.);
#5396 = CARTESIAN_POINT('',(11.357016275721,57.737766275721,1.809));
#5397 = CARTESIAN_POINT('',(11.457,57.83775,13.266));
#5398 = PCURVE('',#3624,#5399);
#5399 = DEFINITIONAL_REPRESENTATION('',(#5400),#5403);
#5400 = B_SPLINE_CURVE_WITH_KNOTS('',1,(#5401,#5402),.UNSPECIFIED.,.F.,
  .F.,(2,2),(1.754385964912E-02,1.),.PIECEWISE_BEZIER_KNOTS.);
#5401 = CARTESIAN_POINT('',(0.974486292815,1.754385964912E-02));
#5402 = CARTESIAN_POINT('',(0.974486292815,1.));
#5403 = ( GEOMETRIC_REPRESENTATION_CONTEXT(2) 
PARAMETRIC_REPRESENTATION_CONTEXT() REPRESENTATION_CONTEXT('2D SPACE',''
  ) );
#5404 = PCURVE('',#5405,#5410);
#5405 = B_SPLINE_SURFACE_WITH_KNOTS('',1,1,(
    (#5406,#5407)
    ,(#5408,#5409
    )),.UNSPECIFIED.,.F.,.F.,.F.,(2,2),(2,2),(-0.699486292815,
    0.699486292815),(0.,1.),.PIECEWISE_BEZIER_KNOTS.);
#5406 = CARTESIAN_POINT('',(11.357016275721,57.737766275721,1.809));
#5407 = CARTESIAN_POINT('',(11.457,57.83775,13.266));
#5408 = CARTESIAN_POINT('',(12.762983724279,57.737766275721,1.809));
#5409 = CARTESIAN_POINT('',(12.663,57.83775,13.266));
#5410 = DEFINITIONAL_REPRESENTATION('',(#5411),#5414);
#5411 = B_SPLINE_CURVE_WITH_KNOTS('',1,(#5412,#5413),.UNSPECIFIED.,.F.,
  .F.,(2,2),(1.754385964912E-02,1.),.PIECEWISE_BEZIER_KNOTS.);
#5412 = CARTESIAN_POINT('',(-0.699486292815,1.754385964912E-02));
#5413 = CARTESIAN_POINT('',(-0.699486292815,1.));
#5414 = ( GEOMETRIC_REPRESENTATION_CONTEXT(2) 
PARAMETRIC_REPRESENTATION_CONTEXT() REPRESENTATION_CONTEXT('2D SPACE',''
  ) );
#5415 = ORIENTED_EDGE('',*,*,#5416,.T.);
#5416 = EDGE_CURVE('',#5392,#3571,#5417,.T.);
#5417 = SURFACE_CURVE('',#5418,(#5422,#5428),.PCURVE_S1.);
#5418 = LINE('',#5419,#5420);
#5419 = CARTESIAN_POINT('',(11.457,58.717125,13.266));
#5420 = VECTOR('',#5421,1.);
#5421 = DIRECTION('',(0.,1.,0.));
#5422 = PCURVE('',#3624,#5423);
#5423 = DEFINITIONAL_REPRESENTATION('',(#5424),#5427);
#5424 = B_SPLINE_CURVE_WITH_KNOTS('',1,(#5425,#5426),.UNSPECIFIED.,.F.,
  .F.,(2,2),(-0.879375,0.560332659747),.PIECEWISE_BEZIER_KNOTS.);
#5425 = CARTESIAN_POINT('',(0.974486292815,1.));
#5426 = CARTESIAN_POINT('',(-0.620937024978,1.));
#5427 = ( GEOMETRIC_REPRESENTATION_CONTEXT(2) 
PARAMETRIC_REPRESENTATION_CONTEXT() REPRESENTATION_CONTEXT('2D SPACE',''
  ) );
#5428 = PCURVE('',#3586,#5429);
#5429 = DEFINITIONAL_REPRESENTATION('',(#5430),#5434);
#5430 = LINE('',#5431,#5432);
#5431 = CARTESIAN_POINT('',(0.725245934092,0.497311497663));
#5432 = VECTOR('',#5433,1.);
#5433 = DIRECTION('',(0.824728851846,0.565528355552));
#5434 = ( GEOMETRIC_REPRESENTATION_CONTEXT(2) 
PARAMETRIC_REPRESENTATION_CONTEXT() REPRESENTATION_CONTEXT('2D SPACE',''
  ) );
#5435 = ORIENTED_EDGE('',*,*,#3598,.F.);
#5436 = ORIENTED_EDGE('',*,*,#5314,.F.);
#5437 = ADVANCED_FACE('',(#5438),#3586,.F.);
#5438 = FACE_BOUND('',#5439,.F.);
#5439 = EDGE_LOOP('',(#5440,#5441,#5463,#5483));
#5440 = ORIENTED_EDGE('',*,*,#5416,.F.);
#5441 = ORIENTED_EDGE('',*,*,#5442,.T.);
#5442 = EDGE_CURVE('',#5392,#5443,#5445,.T.);
#5443 = VERTEX_POINT('',#5444);
#5444 = CARTESIAN_POINT('',(12.663,57.83775,13.266));
#5445 = SURFACE_CURVE('',#5446,(#5450,#5457),.PCURVE_S1.);
#5446 = LINE('',#5447,#5448);
#5447 = CARTESIAN_POINT('',(12.06,57.83775,13.266));
#5448 = VECTOR('',#5449,1.);
#5449 = DIRECTION('',(1.,0.,0.));
#5450 = PCURVE('',#3586,#5451);
#5451 = DEFINITIONAL_REPRESENTATION('',(#5452),#5456);
#5452 = LINE('',#5453,#5454);
#5453 = CARTESIAN_POINT('',(0.341013598398,-0.497311497663));
#5454 = VECTOR('',#5455,1.);
#5455 = DIRECTION('',(0.565528355552,-0.824728851846));
#5456 = ( GEOMETRIC_REPRESENTATION_CONTEXT(2) 
PARAMETRIC_REPRESENTATION_CONTEXT() REPRESENTATION_CONTEXT('2D SPACE',''
  ) );
#5457 = PCURVE('',#5405,#5458);
#5458 = DEFINITIONAL_REPRESENTATION('',(#5459),#5462);
#5459 = B_SPLINE_CURVE_WITH_KNOTS('',1,(#5460,#5461),.UNSPECIFIED.,.F.,
  .F.,(2,2),(-0.603,0.603),.PIECEWISE_BEZIER_KNOTS.);
#5460 = CARTESIAN_POINT('',(-0.699486292815,1.));
#5461 = CARTESIAN_POINT('',(0.699486292815,1.));
#5462 = ( GEOMETRIC_REPRESENTATION_CONTEXT(2) 
PARAMETRIC_REPRESENTATION_CONTEXT() REPRESENTATION_CONTEXT('2D SPACE',''
  ) );
#5463 = ORIENTED_EDGE('',*,*,#5464,.T.);
#5464 = EDGE_CURVE('',#5443,#3528,#5465,.T.);
#5465 = SURFACE_CURVE('',#5466,(#5470,#5477),.PCURVE_S1.);
#5466 = LINE('',#5467,#5468);
#5467 = CARTESIAN_POINT('',(12.663,58.717125,13.266));
#5468 = VECTOR('',#5469,1.);
#5469 = DIRECTION('',(0.,1.,0.));
#5470 = PCURVE('',#3586,#5471);
#5471 = DEFINITIONAL_REPRESENTATION('',(#5472),#5476);
#5472 = LINE('',#5473,#5474);
#5473 = CARTESIAN_POINT('',(1.407273130887,-0.497311497663));
#5474 = VECTOR('',#5475,1.);
#5475 = DIRECTION('',(0.824728851846,0.565528355552));
#5476 = ( GEOMETRIC_REPRESENTATION_CONTEXT(2) 
PARAMETRIC_REPRESENTATION_CONTEXT() REPRESENTATION_CONTEXT('2D SPACE',''
  ) );
#5477 = PCURVE('',#3553,#5478);
#5478 = DEFINITIONAL_REPRESENTATION('',(#5479),#5482);
#5479 = B_SPLINE_CURVE_WITH_KNOTS('',1,(#5480,#5481),.UNSPECIFIED.,.F.,
  .F.,(2,2),(-0.879375,0.560332659747),.PIECEWISE_BEZIER_KNOTS.);
#5480 = CARTESIAN_POINT('',(-0.974486292815,1.));
#5481 = CARTESIAN_POINT('',(0.620937024978,1.));
#5482 = ( GEOMETRIC_REPRESENTATION_CONTEXT(2) 
PARAMETRIC_REPRESENTATION_CONTEXT() REPRESENTATION_CONTEXT('2D SPACE',''
  ) );
#5483 = ORIENTED_EDGE('',*,*,#3570,.F.);
#5484 = ADVANCED_FACE('',(#5485),#3553,.F.);
#5485 = FACE_BOUND('',#5486,.F.);
#5486 = EDGE_LOOP('',(#5487,#5507,#5527,#5581,#5582));
#5487 = ORIENTED_EDGE('',*,*,#5488,.F.);
#5488 = EDGE_CURVE('',#5489,#5443,#5491,.T.);
#5489 = VERTEX_POINT('',#5490);
#5490 = CARTESIAN_POINT('',(12.761229623853,57.739520376147,2.01));
#5491 = SURFACE_CURVE('',#5492,(#5495,#5501),.PCURVE_S1.);
#5492 = B_SPLINE_CURVE_WITH_KNOTS('',1,(#5493,#5494),.UNSPECIFIED.,.F.,
  .F.,(2,2),(0.,1.),.PIECEWISE_BEZIER_KNOTS.);
#5493 = CARTESIAN_POINT('',(12.762983724279,57.737766275721,1.809));
#5494 = CARTESIAN_POINT('',(12.663,57.83775,13.266));
#5495 = PCURVE('',#3553,#5496);
#5496 = DEFINITIONAL_REPRESENTATION('',(#5497),#5500);
#5497 = B_SPLINE_CURVE_WITH_KNOTS('',1,(#5498,#5499),.UNSPECIFIED.,.F.,
  .F.,(2,2),(1.754385964912E-02,1.),.PIECEWISE_BEZIER_KNOTS.);
#5498 = CARTESIAN_POINT('',(-0.974486292815,1.754385964912E-02));
#5499 = CARTESIAN_POINT('',(-0.974486292815,1.));
#5500 = ( GEOMETRIC_REPRESENTATION_CONTEXT(2) 
PARAMETRIC_REPRESENTATION_CONTEXT() REPRESENTATION_CONTEXT('2D SPACE',''
  ) );
#5501 = PCURVE('',#5405,#5502);
#5502 = DEFINITIONAL_REPRESENTATION('',(#5503),#5506);
#5503 = B_SPLINE_CURVE_WITH_KNOTS('',1,(#5504,#5505),.UNSPECIFIED.,.F.,
  .F.,(2,2),(1.754385964912E-02,1.),.PIECEWISE_BEZIER_KNOTS.);
#5504 = CARTESIAN_POINT('',(0.699486292815,1.754385964912E-02));
#5505 = CARTESIAN_POINT('',(0.699486292815,1.));
#5506 = ( GEOMETRIC_REPRESENTATION_CONTEXT(2) 
PARAMETRIC_REPRESENTATION_CONTEXT() REPRESENTATION_CONTEXT('2D SPACE',''
  ) );
#5507 = ORIENTED_EDGE('',*,*,#5508,.F.);
#5508 = EDGE_CURVE('',#5509,#5489,#5511,.T.);
#5509 = VERTEX_POINT('',#5510);
#5510 = CARTESIAN_POINT('',(12.761229623853,58.093372699484,2.01));
#5511 = SURFACE_CURVE('',#5512,(#5515,#5521),.PCURVE_S1.);
#5512 = B_SPLINE_CURVE_WITH_KNOTS('',1,(#5513,#5514),.UNSPECIFIED.,.F.,
  .F.,(2,2),(0.,1.),.PIECEWISE_BEZIER_KNOTS.);
#5513 = CARTESIAN_POINT('',(12.761229623853,58.093372699484,2.01));
#5514 = CARTESIAN_POINT('',(12.761229623853,57.739520376147,2.01));
#5515 = PCURVE('',#3553,#5516);
#5516 = DEFINITIONAL_REPRESENTATION('',(#5517),#5520);
#5517 = B_SPLINE_CURVE_WITH_KNOTS('',1,(#5518,#5519),.UNSPECIFIED.,.F.,
  .F.,(2,2),(0.,1.),.PIECEWISE_BEZIER_KNOTS.);
#5518 = CARTESIAN_POINT('',(-0.621762675967,1.754385964912E-02));
#5519 = CARTESIAN_POINT('',(-0.974486292815,1.754385964912E-02));
#5520 = ( GEOMETRIC_REPRESENTATION_CONTEXT(2) 
PARAMETRIC_REPRESENTATION_CONTEXT() REPRESENTATION_CONTEXT('2D SPACE',''
  ) );
#5521 = PCURVE('',#5005,#5522);
#5522 = DEFINITIONAL_REPRESENTATION('',(#5523),#5526);
#5523 = B_SPLINE_CURVE_WITH_KNOTS('',1,(#5524,#5525),.UNSPECIFIED.,.F.,
  .F.,(2,2),(0.,1.),.PIECEWISE_BEZIER_KNOTS.);
#5524 = CARTESIAN_POINT('',(31.856229623853,8.848372699484));
#5525 = CARTESIAN_POINT('',(31.856229623853,8.494520376147));
#5526 = ( GEOMETRIC_REPRESENTATION_CONTEXT(2) 
PARAMETRIC_REPRESENTATION_CONTEXT() REPRESENTATION_CONTEXT('2D SPACE',''
  ) );
#5527 = ORIENTED_EDGE('',*,*,#5528,.F.);
#5528 = EDGE_CURVE('',#3501,#5509,#5529,.T.);
#5529 = SURFACE_CURVE('',#5530,(#5545,#5563),.PCURVE_S1.);
#5530 = B_SPLINE_CURVE_WITH_KNOTS('',7,(#5531,#5532,#5533,#5534,#5535,
    #5536,#5537,#5538,#5539,#5540,#5541,#5542,#5543,#5544),
  .UNSPECIFIED.,.F.,.F.,(8,6,8),(0.,0.376733871137,1.),.UNSPECIFIED.);
#5531 = CARTESIAN_POINT('',(12.752612188091,59.098219633116,
    2.997460331531));
#5532 = CARTESIAN_POINT('',(12.753431481663,59.09658092117,
    2.903578586994));
#5533 = CARTESIAN_POINT('',(12.754248600356,59.084710161807,
    2.809946058966));
#5534 = CARTESIAN_POINT('',(12.755044197494,59.062674744867,
    2.718779656982));
#5535 = CARTESIAN_POINT('',(12.755803244673,59.031322595485,
    2.631801465347));
#5536 = CARTESIAN_POINT('',(12.756515007929,58.991781111206,
    2.550241474554));
#5537 = CARTESIAN_POINT('',(12.757172348839,58.945294396574,
    2.474917667074));
#5538 = CARTESIAN_POINT('',(12.758761665124,58.806675314543,
    2.29280005928));
#5539 = CARTESIAN_POINT('',(12.759590504619,58.704699703765,
    2.19782446044));
#5540 = CARTESIAN_POINT('',(12.760250836542,58.591706966935,
    2.122157916701));
#5541 = CARTESIAN_POINT('',(12.760741925705,58.471375660683,
    2.065884672474));
#5542 = CARTESIAN_POINT('',(12.761066736388,58.3467612483,2.028665054744
    ));
#5543 = CARTESIAN_POINT('',(12.761229623853,58.220176798977,2.01));
#5544 = CARTESIAN_POINT('',(12.761229623853,58.093372699484,2.01));
#5545 = PCURVE('',#3553,#5546);
#5546 = DEFINITIONAL_REPRESENTATION('',(#5547),#5562);
#5547 = B_SPLINE_CURVE_WITH_KNOTS('',7,(#5548,#5549,#5550,#5551,#5552,
    #5553,#5554,#5555,#5556,#5557,#5558,#5559,#5560,#5561),
  .UNSPECIFIED.,.F.,.F.,(8,6,8),(0.,0.376733871137,1.),.UNSPECIFIED.);
#5548 = CARTESIAN_POINT('',(0.383257385444,0.103732245049));
#5549 = CARTESIAN_POINT('',(0.38128532362,9.553797564755E-02));
#5550 = CARTESIAN_POINT('',(0.369027898975,8.736545858127E-02));
#5551 = CARTESIAN_POINT('',(0.346597027489,7.940819210806E-02));
#5552 = CARTESIAN_POINT('',(0.31488673832,7.181648471217E-02));
#5553 = CARTESIAN_POINT('',(0.275054053776,6.469769351085E-02));
#5554 = CARTESIAN_POINT('',(0.228357260473,5.812321437323E-02));
#5555 = CARTESIAN_POINT('',(8.940261235408E-02,4.222746436936E-02));
#5556 = CARTESIAN_POINT('',(-1.255287705506E-02,3.393772020945E-02));
#5557 = CARTESIAN_POINT('',(-0.125288251706,2.733332606277E-02));
#5558 = CARTESIAN_POINT('',(-0.245187174148,2.242163502431E-02));
#5559 = CARTESIAN_POINT('',(-0.36928597627,1.9172999454E-02));
#5560 = CARTESIAN_POINT('',(-0.495363052015,1.754385964912E-02));
#5561 = CARTESIAN_POINT('',(-0.621762675967,1.754385964912E-02));
#5562 = ( GEOMETRIC_REPRESENTATION_CONTEXT(2) 
PARAMETRIC_REPRESENTATION_CONTEXT() REPRESENTATION_CONTEXT('2D SPACE',''
  ) );
#5563 = PCURVE('',#3516,#5564);
#5564 = DEFINITIONAL_REPRESENTATION('',(#5565),#5580);
#5565 = B_SPLINE_CURVE_WITH_KNOTS('',7,(#5566,#5567,#5568,#5569,#5570,
    #5571,#5572,#5573,#5574,#5575,#5576,#5577,#5578,#5579),
  .UNSPECIFIED.,.F.,.F.,(8,6,8),(0.,0.376733871137,1.),.UNSPECIFIED.);
#5566 = CARTESIAN_POINT('',(0.,31.847612188091));
#5567 = CARTESIAN_POINT('',(-9.342890085476E-02,31.848431481663));
#5568 = CARTESIAN_POINT('',(-0.186787261128,31.849248600356));
#5569 = CARTESIAN_POINT('',(-0.279202496052,31.850044197493));
#5570 = CARTESIAN_POINT('',(-0.37026203839,31.850803244673));
#5571 = CARTESIAN_POINT('',(-0.45969804985,31.851515007929));
#5572 = CARTESIAN_POINT('',(-0.547352030678,31.852172348839));
#5573 = CARTESIAN_POINT('',(-0.775084669686,31.853761665124));
#5574 = CARTESIAN_POINT('',(-0.911738451673,31.854590504619));
#5575 = CARTESIAN_POINT('',(-1.044412949983,31.855250836542));
#5576 = CARTESIAN_POINT('',(-1.173939906828,31.855741925705));
#5577 = CARTESIAN_POINT('',(-1.30121526749,31.856066736388));
#5578 = CARTESIAN_POINT('',(-1.427169800949,31.856229623853));
#5579 = CARTESIAN_POINT('',(-1.553343034275,31.856229623853));
#5580 = ( GEOMETRIC_REPRESENTATION_CONTEXT(2) 
PARAMETRIC_REPRESENTATION_CONTEXT() REPRESENTATION_CONTEXT('2D SPACE',''
  ) );
#5581 = ORIENTED_EDGE('',*,*,#3527,.T.);
#5582 = ORIENTED_EDGE('',*,*,#5464,.F.);
#5583 = ADVANCED_FACE('',(#5584),#3516,.T.);
#5584 = FACE_BOUND('',#5585,.F.);
#5585 = EDGE_LOOP('',(#5586,#5587,#5588,#5610));
#5586 = ORIENTED_EDGE('',*,*,#3500,.F.);
#5587 = ORIENTED_EDGE('',*,*,#5528,.T.);
#5588 = ORIENTED_EDGE('',*,*,#5589,.T.);
#5589 = EDGE_CURVE('',#5509,#5590,#5592,.T.);
#5590 = VERTEX_POINT('',#5591);
#5591 = CARTESIAN_POINT('',(19.095,58.093372699484,2.01));
#5592 = SURFACE_CURVE('',#5593,(#5597,#5603),.PCURVE_S1.);
#5593 = LINE('',#5594,#5595);
#5594 = CARTESIAN_POINT('',(-19.095,58.093372699484,2.01));
#5595 = VECTOR('',#5596,1.);
#5596 = DIRECTION('',(1.,0.,0.));
#5597 = PCURVE('',#3516,#5598);
#5598 = DEFINITIONAL_REPRESENTATION('',(#5599),#5602);
#5599 = B_SPLINE_CURVE_WITH_KNOTS('',1,(#5600,#5601),.UNSPECIFIED.,.F.,
  .F.,(2,2),(31.856229623853,38.19),.PIECEWISE_BEZIER_KNOTS.);
#5600 = CARTESIAN_POINT('',(-1.553343034275,31.856229623853));
#5601 = CARTESIAN_POINT('',(-1.553343034275,38.19));
#5602 = ( GEOMETRIC_REPRESENTATION_CONTEXT(2) 
PARAMETRIC_REPRESENTATION_CONTEXT() REPRESENTATION_CONTEXT('2D SPACE',''
  ) );
#5603 = PCURVE('',#5005,#5604);
#5604 = DEFINITIONAL_REPRESENTATION('',(#5605),#5609);
#5605 = LINE('',#5606,#5607);
#5606 = CARTESIAN_POINT('',(0.,8.848372699484));
#5607 = VECTOR('',#5608,1.);
#5608 = DIRECTION('',(1.,0.));
#5609 = ( GEOMETRIC_REPRESENTATION_CONTEXT(2) 
PARAMETRIC_REPRESENTATION_CONTEXT() REPRESENTATION_CONTEXT('2D SPACE',''
  ) );
#5610 = ORIENTED_EDGE('',*,*,#5611,.F.);
#5611 = EDGE_CURVE('',#3476,#5590,#5612,.T.);
#5612 = SURFACE_CURVE('',#5613,(#5618,#5624),.PCURVE_S1.);
#5613 = CIRCLE('',#5614,1.005);
#5614 = AXIS2_PLACEMENT_3D('',#5615,#5616,#5617);
#5615 = CARTESIAN_POINT('',(19.095,58.093372699484,3.015));
#5616 = DIRECTION('',(-1.,0.,-0.));
#5617 = DIRECTION('',(0.,0.999847695156,-1.745240643728E-02));
#5618 = PCURVE('',#3516,#5619);
#5619 = DEFINITIONAL_REPRESENTATION('',(#5620),#5623);
#5620 = B_SPLINE_CURVE_WITH_KNOTS('',1,(#5621,#5622),.UNSPECIFIED.,.F.,
  .F.,(2,2),(0.,1.553343034275),.PIECEWISE_BEZIER_KNOTS.);
#5621 = CARTESIAN_POINT('',(0.,38.19));
#5622 = CARTESIAN_POINT('',(-1.553343034275,38.19));
#5623 = ( GEOMETRIC_REPRESENTATION_CONTEXT(2) 
PARAMETRIC_REPRESENTATION_CONTEXT() REPRESENTATION_CONTEXT('2D SPACE',''
  ) );
#5624 = PCURVE('',#5625,#5630);
#5625 = TOROIDAL_SURFACE('',#5626,8.848372699484,1.005);
#5626 = AXIS2_PLACEMENT_3D('',#5627,#5628,#5629);
#5627 = CARTESIAN_POINT('',(19.095,49.245,3.015));
#5628 = DIRECTION('',(-0.,-0.,-1.));
#5629 = DIRECTION('',(0.,1.,-0.));
#5630 = DEFINITIONAL_REPRESENTATION('',(#5631),#5634);
#5631 = B_SPLINE_CURVE_WITH_KNOTS('',1,(#5632,#5633),.UNSPECIFIED.,.F.,
  .F.,(2,2),(0.,1.553343034275),.PIECEWISE_BEZIER_KNOTS.);
#5632 = CARTESIAN_POINT('',(0.,1.745329251994E-02));
#5633 = CARTESIAN_POINT('',(0.,1.570796326795));
#5634 = ( GEOMETRIC_REPRESENTATION_CONTEXT(2) 
PARAMETRIC_REPRESENTATION_CONTEXT() REPRESENTATION_CONTEXT('2D SPACE',''
  ) );
#5635 = ADVANCED_FACE('',(#5636),#3489,.T.);
#5636 = FACE_BOUND('',#5637,.T.);
#5637 = EDGE_LOOP('',(#5638,#5639,#5640,#5660));
#5638 = ORIENTED_EDGE('',*,*,#3475,.T.);
#5639 = ORIENTED_EDGE('',*,*,#4190,.F.);
#5640 = ORIENTED_EDGE('',*,*,#5641,.F.);
#5641 = EDGE_CURVE('',#5642,#4191,#5644,.T.);
#5642 = VERTEX_POINT('',#5643);
#5643 = CARTESIAN_POINT('',(28.948219633116,49.245,2.997460331531));
#5644 = SURFACE_CURVE('',#5645,(#5648,#5654),.PCURVE_S1.);
#5645 = B_SPLINE_CURVE_WITH_KNOTS('',1,(#5646,#5647),.UNSPECIFIED.,.F.,
  .F.,(2,2),(0.,1.),.PIECEWISE_BEZIER_KNOTS.);
#5646 = CARTESIAN_POINT('',(28.930983448915,49.245,2.01));
#5647 = CARTESIAN_POINT('',(29.145,49.245,14.271));
#5648 = PCURVE('',#3489,#5649);
#5649 = DEFINITIONAL_REPRESENTATION('',(#5650),#5653);
#5650 = B_SPLINE_CURVE_WITH_KNOTS('',1,(#5651,#5652),.UNSPECIFIED.,.F.,
  .F.,(2,2),(0.,1.),.PIECEWISE_BEZIER_KNOTS.);
#5651 = CARTESIAN_POINT('',(0.,0.987460331531));
#5652 = CARTESIAN_POINT('',(0.,12.261));
#5653 = ( GEOMETRIC_REPRESENTATION_CONTEXT(2) 
PARAMETRIC_REPRESENTATION_CONTEXT() REPRESENTATION_CONTEXT('2D SPACE',''
  ) );
#5654 = PCURVE('',#4229,#5655);
#5655 = DEFINITIONAL_REPRESENTATION('',(#5656),#5659);
#5656 = B_SPLINE_CURVE_WITH_KNOTS('',1,(#5657,#5658),.UNSPECIFIED.,.F.,
  .F.,(2,2),(0.,1.),.PIECEWISE_BEZIER_KNOTS.);
#5657 = CARTESIAN_POINT('',(49.245,-12.26286769414));
#5658 = CARTESIAN_POINT('',(49.245,0.));
#5659 = ( GEOMETRIC_REPRESENTATION_CONTEXT(2) 
PARAMETRIC_REPRESENTATION_CONTEXT() REPRESENTATION_CONTEXT('2D SPACE',''
  ) );
#5660 = ORIENTED_EDGE('',*,*,#5661,.F.);
#5661 = EDGE_CURVE('',#3476,#5642,#5662,.T.);
#5662 = SURFACE_CURVE('',#5663,(#5668,#5674),.PCURVE_S1.);
#5663 = CIRCLE('',#5664,9.853219633116);
#5664 = AXIS2_PLACEMENT_3D('',#5665,#5666,#5667);
#5665 = CARTESIAN_POINT('',(19.095,49.245,2.997460331531));
#5666 = DIRECTION('',(0.,-0.,-1.));
#5667 = DIRECTION('',(0.,1.,-0.));
#5668 = PCURVE('',#3489,#5669);
#5669 = DEFINITIONAL_REPRESENTATION('',(#5670),#5673);
#5670 = B_SPLINE_CURVE_WITH_KNOTS('',1,(#5671,#5672),.UNSPECIFIED.,.F.,
  .F.,(2,2),(0.,1.570796326795),.PIECEWISE_BEZIER_KNOTS.);
#5671 = CARTESIAN_POINT('',(1.570796326795,0.987460331531));
#5672 = CARTESIAN_POINT('',(0.,0.987460331531));
#5673 = ( GEOMETRIC_REPRESENTATION_CONTEXT(2) 
PARAMETRIC_REPRESENTATION_CONTEXT() REPRESENTATION_CONTEXT('2D SPACE',''
  ) );
#5674 = PCURVE('',#5625,#5675);
#5675 = DEFINITIONAL_REPRESENTATION('',(#5676),#5679);
#5676 = B_SPLINE_CURVE_WITH_KNOTS('',1,(#5677,#5678),.UNSPECIFIED.,.F.,
  .F.,(2,2),(-0.,1.570796326795),.PIECEWISE_BEZIER_KNOTS.);
#5677 = CARTESIAN_POINT('',(0.,1.745329251994E-02));
#5678 = CARTESIAN_POINT('',(1.570796326795,1.745329251994E-02));
#5679 = ( GEOMETRIC_REPRESENTATION_CONTEXT(2) 
PARAMETRIC_REPRESENTATION_CONTEXT() REPRESENTATION_CONTEXT('2D SPACE',''
  ) );
#5680 = ADVANCED_FACE('',(#5681),#3801,.T.);
#5681 = FACE_BOUND('',#5682,.F.);
#5682 = EDGE_LOOP('',(#5683,#5710,#5732,#5752));
#5683 = ORIENTED_EDGE('',*,*,#5684,.T.);
#5684 = EDGE_CURVE('',#3784,#5685,#5687,.T.);
#5685 = VERTEX_POINT('',#5686);
#5686 = CARTESIAN_POINT('',(19.095,-58.09337269948,2.01));
#5687 = SURFACE_CURVE('',#5688,(#5693,#5699),.PCURVE_S1.);
#5688 = CIRCLE('',#5689,1.005);
#5689 = AXIS2_PLACEMENT_3D('',#5690,#5691,#5692);
#5690 = CARTESIAN_POINT('',(19.095,-58.09337269948,3.015));
#5691 = DIRECTION('',(1.,6.123233995737E-17,0.));
#5692 = DIRECTION('',(6.123233995737E-17,-1.,0.));
#5693 = PCURVE('',#3801,#5694);
#5694 = DEFINITIONAL_REPRESENTATION('',(#5695),#5698);
#5695 = B_SPLINE_CURVE_WITH_KNOTS('',1,(#5696,#5697),.UNSPECIFIED.,.F.,
  .F.,(2,2),(1.745329251994E-02,1.570796326795),
  .PIECEWISE_BEZIER_KNOTS.);
#5696 = CARTESIAN_POINT('',(0.,0.));
#5697 = CARTESIAN_POINT('',(-1.553343034275,0.));
#5698 = ( GEOMETRIC_REPRESENTATION_CONTEXT(2) 
PARAMETRIC_REPRESENTATION_CONTEXT() REPRESENTATION_CONTEXT('2D SPACE',''
  ) );
#5699 = PCURVE('',#5700,#5705);
#5700 = TOROIDAL_SURFACE('',#5701,8.848372699484,1.005);
#5701 = AXIS2_PLACEMENT_3D('',#5702,#5703,#5704);
#5702 = CARTESIAN_POINT('',(19.095,-49.245,3.015));
#5703 = DIRECTION('',(-0.,-0.,-1.));
#5704 = DIRECTION('',(1.,0.,0.));
#5705 = DEFINITIONAL_REPRESENTATION('',(#5706),#5709);
#5706 = B_SPLINE_CURVE_WITH_KNOTS('',1,(#5707,#5708),.UNSPECIFIED.,.F.,
  .F.,(2,2),(1.745329251994E-02,1.570796326795),
  .PIECEWISE_BEZIER_KNOTS.);
#5707 = CARTESIAN_POINT('',(1.570796326795,1.745329251994E-02));
#5708 = CARTESIAN_POINT('',(1.570796326795,1.570796326795));
#5709 = ( GEOMETRIC_REPRESENTATION_CONTEXT(2) 
PARAMETRIC_REPRESENTATION_CONTEXT() REPRESENTATION_CONTEXT('2D SPACE',''
  ) );
#5710 = ORIENTED_EDGE('',*,*,#5711,.T.);
#5711 = EDGE_CURVE('',#5685,#5712,#5714,.T.);
#5712 = VERTEX_POINT('',#5713);
#5713 = CARTESIAN_POINT('',(-19.095,-58.09337269948,2.01));
#5714 = SURFACE_CURVE('',#5715,(#5719,#5725),.PCURVE_S1.);
#5715 = LINE('',#5716,#5717);
#5716 = CARTESIAN_POINT('',(19.095,-58.09337269948,2.01));
#5717 = VECTOR('',#5718,1.);
#5718 = DIRECTION('',(-1.,-0.,-0.));
#5719 = PCURVE('',#3801,#5720);
#5720 = DEFINITIONAL_REPRESENTATION('',(#5721),#5724);
#5721 = B_SPLINE_CURVE_WITH_KNOTS('',1,(#5722,#5723),.UNSPECIFIED.,.F.,
  .F.,(2,2),(0.,38.19),.PIECEWISE_BEZIER_KNOTS.);
#5722 = CARTESIAN_POINT('',(-1.553343034275,0.));
#5723 = CARTESIAN_POINT('',(-1.553343034275,38.19));
#5724 = ( GEOMETRIC_REPRESENTATION_CONTEXT(2) 
PARAMETRIC_REPRESENTATION_CONTEXT() REPRESENTATION_CONTEXT('2D SPACE',''
  ) );
#5725 = PCURVE('',#5005,#5726);
#5726 = DEFINITIONAL_REPRESENTATION('',(#5727),#5731);
#5727 = LINE('',#5728,#5729);
#5728 = CARTESIAN_POINT('',(38.19,-107.3383726994));
#5729 = VECTOR('',#5730,1.);
#5730 = DIRECTION('',(-1.,0.));
#5731 = ( GEOMETRIC_REPRESENTATION_CONTEXT(2) 
PARAMETRIC_REPRESENTATION_CONTEXT() REPRESENTATION_CONTEXT('2D SPACE',''
  ) );
#5732 = ORIENTED_EDGE('',*,*,#5733,.F.);
#5733 = EDGE_CURVE('',#3786,#5712,#5734,.T.);
#5734 = SURFACE_CURVE('',#5735,(#5740,#5746),.PCURVE_S1.);
#5735 = CIRCLE('',#5736,1.005);
#5736 = AXIS2_PLACEMENT_3D('',#5737,#5738,#5739);
#5737 = CARTESIAN_POINT('',(-19.095,-58.09337269948,3.015));
#5738 = DIRECTION('',(1.,0.,0.));
#5739 = DIRECTION('',(0.,-0.999847695156,-1.745240643728E-02));
#5740 = PCURVE('',#3801,#5741);
#5741 = DEFINITIONAL_REPRESENTATION('',(#5742),#5745);
#5742 = B_SPLINE_CURVE_WITH_KNOTS('',1,(#5743,#5744),.UNSPECIFIED.,.F.,
  .F.,(2,2),(0.,1.553343034275),.PIECEWISE_BEZIER_KNOTS.);
#5743 = CARTESIAN_POINT('',(0.,38.19));
#5744 = CARTESIAN_POINT('',(-1.553343034275,38.19));
#5745 = ( GEOMETRIC_REPRESENTATION_CONTEXT(2) 
PARAMETRIC_REPRESENTATION_CONTEXT() REPRESENTATION_CONTEXT('2D SPACE',''
  ) );
#5746 = PCURVE('',#4953,#5747);
#5747 = DEFINITIONAL_REPRESENTATION('',(#5748),#5751);
#5748 = B_SPLINE_CURVE_WITH_KNOTS('',1,(#5749,#5750),.UNSPECIFIED.,.F.,
  .F.,(2,2),(0.,1.553343034275),.PIECEWISE_BEZIER_KNOTS.);
#5749 = CARTESIAN_POINT('',(0.,1.745329251994E-02));
#5750 = CARTESIAN_POINT('',(0.,1.570796326795));
#5751 = ( GEOMETRIC_REPRESENTATION_CONTEXT(2) 
PARAMETRIC_REPRESENTATION_CONTEXT() REPRESENTATION_CONTEXT('2D SPACE',''
  ) );
#5752 = ORIENTED_EDGE('',*,*,#3783,.F.);
#5753 = ADVANCED_FACE('',(#5754),#3826,.T.);
#5754 = FACE_BOUND('',#5755,.T.);
#5755 = EDGE_LOOP('',(#5756,#5776,#5777,#5778));
#5756 = ORIENTED_EDGE('',*,*,#5757,.T.);
#5757 = EDGE_CURVE('',#5758,#4214,#5760,.T.);
#5758 = VERTEX_POINT('',#5759);
#5759 = CARTESIAN_POINT('',(28.948219633116,-49.245,2.997460331531));
#5760 = SURFACE_CURVE('',#5761,(#5764,#5770),.PCURVE_S1.);
#5761 = B_SPLINE_CURVE_WITH_KNOTS('',1,(#5762,#5763),.UNSPECIFIED.,.F.,
  .F.,(2,2),(0.,1.),.PIECEWISE_BEZIER_KNOTS.);
#5762 = CARTESIAN_POINT('',(28.930983448915,-49.245,2.01));
#5763 = CARTESIAN_POINT('',(29.145,-49.245,14.271));
#5764 = PCURVE('',#3826,#5765);
#5765 = DEFINITIONAL_REPRESENTATION('',(#5766),#5769);
#5766 = B_SPLINE_CURVE_WITH_KNOTS('',1,(#5767,#5768),.UNSPECIFIED.,.F.,
  .F.,(2,2),(0.,1.),.PIECEWISE_BEZIER_KNOTS.);
#5767 = CARTESIAN_POINT('',(6.28318530718,0.987460331531));
#5768 = CARTESIAN_POINT('',(6.28318530718,12.261));
#5769 = ( GEOMETRIC_REPRESENTATION_CONTEXT(2) 
PARAMETRIC_REPRESENTATION_CONTEXT() REPRESENTATION_CONTEXT('2D SPACE',''
  ) );
#5770 = PCURVE('',#4229,#5771);
#5771 = DEFINITIONAL_REPRESENTATION('',(#5772),#5775);
#5772 = B_SPLINE_CURVE_WITH_KNOTS('',1,(#5773,#5774),.UNSPECIFIED.,.F.,
  .F.,(2,2),(0.,1.),.PIECEWISE_BEZIER_KNOTS.);
#5773 = CARTESIAN_POINT('',(-49.245,-12.26286769414));
#5774 = CARTESIAN_POINT('',(-49.245,0.));
#5775 = ( GEOMETRIC_REPRESENTATION_CONTEXT(2) 
PARAMETRIC_REPRESENTATION_CONTEXT() REPRESENTATION_CONTEXT('2D SPACE',''
  ) );
#5776 = ORIENTED_EDGE('',*,*,#4241,.F.);
#5777 = ORIENTED_EDGE('',*,*,#3812,.F.);
#5778 = ORIENTED_EDGE('',*,*,#5779,.F.);
#5779 = EDGE_CURVE('',#5758,#3784,#5780,.T.);
#5780 = SURFACE_CURVE('',#5781,(#5786,#5792),.PCURVE_S1.);
#5781 = CIRCLE('',#5782,9.853219633116);
#5782 = AXIS2_PLACEMENT_3D('',#5783,#5784,#5785);
#5783 = CARTESIAN_POINT('',(19.095,-49.245,2.997460331531));
#5784 = DIRECTION('',(0.,0.,-1.));
#5785 = DIRECTION('',(1.,0.,0.));
#5786 = PCURVE('',#3826,#5787);
#5787 = DEFINITIONAL_REPRESENTATION('',(#5788),#5791);
#5788 = B_SPLINE_CURVE_WITH_KNOTS('',1,(#5789,#5790),.UNSPECIFIED.,.F.,
  .F.,(2,2),(0.,1.570796326795),.PIECEWISE_BEZIER_KNOTS.);
#5789 = CARTESIAN_POINT('',(6.28318530718,0.987460331531));
#5790 = CARTESIAN_POINT('',(4.712388980385,0.987460331531));
#5791 = ( GEOMETRIC_REPRESENTATION_CONTEXT(2) 
PARAMETRIC_REPRESENTATION_CONTEXT() REPRESENTATION_CONTEXT('2D SPACE',''
  ) );
#5792 = PCURVE('',#5700,#5793);
#5793 = DEFINITIONAL_REPRESENTATION('',(#5794),#5797);
#5794 = B_SPLINE_CURVE_WITH_KNOTS('',1,(#5795,#5796),.UNSPECIFIED.,.F.,
  .F.,(2,2),(-0.,1.570796326795),.PIECEWISE_BEZIER_KNOTS.);
#5795 = CARTESIAN_POINT('',(0.,1.745329251994E-02));
#5796 = CARTESIAN_POINT('',(1.570796326795,1.745329251994E-02));
#5797 = ( GEOMETRIC_REPRESENTATION_CONTEXT(2) 
PARAMETRIC_REPRESENTATION_CONTEXT() REPRESENTATION_CONTEXT('2D SPACE',''
  ) );
#5798 = ADVANCED_FACE('',(#5799),#4014,.T.);
#5799 = FACE_BOUND('',#5800,.T.);
#5800 = EDGE_LOOP('',(#5801,#5802,#5803,#5821));
#5801 = ORIENTED_EDGE('',*,*,#4073,.F.);
#5802 = ORIENTED_EDGE('',*,*,#4098,.T.);
#5803 = ORIENTED_EDGE('',*,*,#5804,.T.);
#5804 = EDGE_CURVE('',#4099,#3970,#5805,.T.);
#5805 = SURFACE_CURVE('',#5806,(#5809,#5815),.PCURVE_S1.);
#5806 = B_SPLINE_CURVE_WITH_KNOTS('',1,(#5807,#5808),.UNSPECIFIED.,.F.,
  .F.,(2,2),(0.,1.),.PIECEWISE_BEZIER_KNOTS.);
#5807 = CARTESIAN_POINT('',(29.145,-49.245,14.2509));
#5808 = CARTESIAN_POINT('',(29.171488933782,-49.245,15.78855));
#5809 = PCURVE('',#4014,#5810);
#5810 = DEFINITIONAL_REPRESENTATION('',(#5811),#5814);
#5811 = B_SPLINE_CURVE_WITH_KNOTS('',1,(#5812,#5813),.UNSPECIFIED.,.F.,
  .F.,(2,2),(0.,1.),.PIECEWISE_BEZIER_KNOTS.);
#5812 = CARTESIAN_POINT('',(6.28318530718,2.01E-02));
#5813 = CARTESIAN_POINT('',(6.28318530718,1.5276));
#5814 = ( GEOMETRIC_REPRESENTATION_CONTEXT(2) 
PARAMETRIC_REPRESENTATION_CONTEXT() REPRESENTATION_CONTEXT('2D SPACE',''
  ) );
#5815 = PCURVE('',#3985,#5816);
#5816 = DEFINITIONAL_REPRESENTATION('',(#5817),#5820);
#5817 = B_SPLINE_CURVE_WITH_KNOTS('',1,(#5818,#5819),.UNSPECIFIED.,.F.,
  .F.,(2,2),(0.,1.),.PIECEWISE_BEZIER_KNOTS.);
#5818 = CARTESIAN_POINT('',(-49.245,-1.537878144104));
#5819 = CARTESIAN_POINT('',(-49.245,0.));
#5820 = ( GEOMETRIC_REPRESENTATION_CONTEXT(2) 
PARAMETRIC_REPRESENTATION_CONTEXT() REPRESENTATION_CONTEXT('2D SPACE',''
  ) );
#5821 = ORIENTED_EDGE('',*,*,#3997,.F.);
#5822 = ADVANCED_FACE('',(#5823),#3985,.T.);
#5823 = FACE_BOUND('',#5824,.T.);
#5824 = EDGE_LOOP('',(#5825,#5826,#5827,#5845));
#5825 = ORIENTED_EDGE('',*,*,#5804,.F.);
#5826 = ORIENTED_EDGE('',*,*,#4121,.T.);
#5827 = ORIENTED_EDGE('',*,*,#5828,.T.);
#5828 = EDGE_CURVE('',#4122,#3942,#5829,.T.);
#5829 = SURFACE_CURVE('',#5830,(#5833,#5839),.PCURVE_S1.);
#5830 = B_SPLINE_CURVE_WITH_KNOTS('',1,(#5831,#5832),.UNSPECIFIED.,.F.,
  .F.,(2,2),(0.,1.),.PIECEWISE_BEZIER_KNOTS.);
#5831 = CARTESIAN_POINT('',(29.145,49.245,14.2509));
#5832 = CARTESIAN_POINT('',(29.171488933782,49.245,15.78855));
#5833 = PCURVE('',#3985,#5834);
#5834 = DEFINITIONAL_REPRESENTATION('',(#5835),#5838);
#5835 = B_SPLINE_CURVE_WITH_KNOTS('',1,(#5836,#5837),.UNSPECIFIED.,.F.,
  .F.,(2,2),(0.,1.),.PIECEWISE_BEZIER_KNOTS.);
#5836 = CARTESIAN_POINT('',(49.245,-1.537878144104));
#5837 = CARTESIAN_POINT('',(49.245,0.));
#5838 = ( GEOMETRIC_REPRESENTATION_CONTEXT(2) 
PARAMETRIC_REPRESENTATION_CONTEXT() REPRESENTATION_CONTEXT('2D SPACE',''
  ) );
#5839 = PCURVE('',#3958,#5840);
#5840 = DEFINITIONAL_REPRESENTATION('',(#5841),#5844);
#5841 = B_SPLINE_CURVE_WITH_KNOTS('',1,(#5842,#5843),.UNSPECIFIED.,.F.,
  .F.,(2,2),(0.,1.),.PIECEWISE_BEZIER_KNOTS.);
#5842 = CARTESIAN_POINT('',(0.,2.01E-02));
#5843 = CARTESIAN_POINT('',(0.,1.5276));
#5844 = ( GEOMETRIC_REPRESENTATION_CONTEXT(2) 
PARAMETRIC_REPRESENTATION_CONTEXT() REPRESENTATION_CONTEXT('2D SPACE',''
  ) );
#5845 = ORIENTED_EDGE('',*,*,#3969,.F.);
#5846 = ADVANCED_FACE('',(#5847),#3958,.T.);
#5847 = FACE_BOUND('',#5848,.T.);
#5848 = EDGE_LOOP('',(#5849,#5850,#5851,#5852));
#5849 = ORIENTED_EDGE('',*,*,#5828,.F.);
#5850 = ORIENTED_EDGE('',*,*,#4144,.T.);
#5851 = ORIENTED_EDGE('',*,*,#4265,.T.);
#5852 = ORIENTED_EDGE('',*,*,#3941,.F.);
#5853 = ADVANCED_FACE('',(#5854),#4229,.T.);
#5854 = FACE_BOUND('',#5855,.T.);
#5855 = EDGE_LOOP('',(#5856,#5883,#5884,#5885,#5886,#5913,#5947,#5975,
    #6009,#6036,#6070,#6098,#6132,#6159,#6193,#6221,#6255,#6282,#6316,
    #6344));
#5856 = ORIENTED_EDGE('',*,*,#5857,.F.);
#5857 = EDGE_CURVE('',#5642,#5858,#5860,.T.);
#5858 = VERTEX_POINT('',#5859);
#5859 = CARTESIAN_POINT('',(28.948219633116,42.023237188091,
    2.997460331531));
#5860 = SURFACE_CURVE('',#5861,(#5865,#5872),.PCURVE_S1.);
#5861 = LINE('',#5862,#5863);
#5862 = CARTESIAN_POINT('',(28.948219633116,49.245,2.997460331531));
#5863 = VECTOR('',#5864,1.);
#5864 = DIRECTION('',(-0.,-1.,-0.));
#5865 = PCURVE('',#4229,#5866);
#5866 = DEFINITIONAL_REPRESENTATION('',(#5867),#5871);
#5867 = LINE('',#5868,#5869);
#5868 = CARTESIAN_POINT('',(49.245,-11.27525694471));
#5869 = VECTOR('',#5870,1.);
#5870 = DIRECTION('',(-1.,0.));
#5871 = ( GEOMETRIC_REPRESENTATION_CONTEXT(2) 
PARAMETRIC_REPRESENTATION_CONTEXT() REPRESENTATION_CONTEXT('2D SPACE',''
  ) );
#5872 = PCURVE('',#5873,#5878);
#5873 = CYLINDRICAL_SURFACE('',#5874,1.005);
#5874 = AXIS2_PLACEMENT_3D('',#5875,#5876,#5877);
#5875 = CARTESIAN_POINT('',(27.943372699484,49.245,3.015));
#5876 = DIRECTION('',(-0.,-1.,-0.));
#5877 = DIRECTION('',(0.999847695156,0.,-1.745240643728E-02));
#5878 = DEFINITIONAL_REPRESENTATION('',(#5879),#5882);
#5879 = B_SPLINE_CURVE_WITH_KNOTS('',1,(#5880,#5881),.UNSPECIFIED.,.F.,
  .F.,(2,2),(0.,7.221762811909),.PIECEWISE_BEZIER_KNOTS.);
#5880 = CARTESIAN_POINT('',(0.,0.));
#5881 = CARTESIAN_POINT('',(0.,7.221762811909));
#5882 = ( GEOMETRIC_REPRESENTATION_CONTEXT(2) 
PARAMETRIC_REPRESENTATION_CONTEXT() REPRESENTATION_CONTEXT('2D SPACE',''
  ) );
#5883 = ORIENTED_EDGE('',*,*,#5641,.T.);
#5884 = ORIENTED_EDGE('',*,*,#4213,.F.);
#5885 = ORIENTED_EDGE('',*,*,#5757,.F.);
#5886 = ORIENTED_EDGE('',*,*,#5887,.F.);
#5887 = EDGE_CURVE('',#5888,#5758,#5890,.T.);
#5888 = VERTEX_POINT('',#5889);
#5889 = CARTESIAN_POINT('',(28.948219633116,-45.79957118383,
    2.997460331531));
#5890 = SURFACE_CURVE('',#5891,(#5895,#5902),.PCURVE_S1.);
#5891 = LINE('',#5892,#5893);
#5892 = CARTESIAN_POINT('',(28.948219633116,49.245,2.997460331531));
#5893 = VECTOR('',#5894,1.);
#5894 = DIRECTION('',(-0.,-1.,-0.));
#5895 = PCURVE('',#4229,#5896);
#5896 = DEFINITIONAL_REPRESENTATION('',(#5897),#5901);
#5897 = LINE('',#5898,#5899);
#5898 = CARTESIAN_POINT('',(49.245,-11.27525694471));
#5899 = VECTOR('',#5900,1.);
#5900 = DIRECTION('',(-1.,0.));
#5901 = ( GEOMETRIC_REPRESENTATION_CONTEXT(2) 
PARAMETRIC_REPRESENTATION_CONTEXT() REPRESENTATION_CONTEXT('2D SPACE',''
  ) );
#5902 = PCURVE('',#5903,#5908);
#5903 = CYLINDRICAL_SURFACE('',#5904,1.005);
#5904 = AXIS2_PLACEMENT_3D('',#5905,#5906,#5907);
#5905 = CARTESIAN_POINT('',(27.943372699484,49.245,3.015));
#5906 = DIRECTION('',(-0.,-1.,-0.));
#5907 = DIRECTION('',(0.999847695156,0.,-1.745240643728E-02));
#5908 = DEFINITIONAL_REPRESENTATION('',(#5909),#5912);
#5909 = B_SPLINE_CURVE_WITH_KNOTS('',1,(#5910,#5911),.UNSPECIFIED.,.F.,
  .F.,(2,2),(95.044571183831,98.49),.PIECEWISE_BEZIER_KNOTS.);
#5910 = CARTESIAN_POINT('',(0.,95.044571183831));
#5911 = CARTESIAN_POINT('',(0.,98.49));
#5912 = ( GEOMETRIC_REPRESENTATION_CONTEXT(2) 
PARAMETRIC_REPRESENTATION_CONTEXT() REPRESENTATION_CONTEXT('2D SPACE',''
  ) );
#5913 = ORIENTED_EDGE('',*,*,#5914,.T.);
#5914 = EDGE_CURVE('',#5888,#5915,#5917,.T.);
#5915 = VERTEX_POINT('',#5916);
#5916 = CARTESIAN_POINT('',(29.092372979241,-45.7275,11.256));
#5917 = SURFACE_CURVE('',#5918,(#5924,#5933),.PCURVE_S1.);
#5918 = B_SPLINE_CURVE_WITH_KNOTS('',4,(#5919,#5920,#5921,#5922,#5923),
  .UNSPECIFIED.,.F.,.F.,(5,5),(0.,1.),.PIECEWISE_BEZIER_KNOTS.);
#5919 = CARTESIAN_POINT('',(28.948219633116,-45.79957118383,
    2.997460331531));
#5920 = CARTESIAN_POINT('',(28.984258445428,-45.78155315,5.062122506119)
  );
#5921 = CARTESIAN_POINT('',(29.020296951577,-45.76353526924,
    7.126767140582));
#5922 = CARTESIAN_POINT('',(29.056335135567,-45.74551754954,
    9.191393318632));
#5923 = CARTESIAN_POINT('',(29.092372979241,-45.7275,11.256));
#5924 = PCURVE('',#4229,#5925);
#5925 = DEFINITIONAL_REPRESENTATION('',(#5926),#5932);
#5926 = B_SPLINE_CURVE_WITH_KNOTS('',4,(#5927,#5928,#5929,#5930,#5931),
  .UNSPECIFIED.,.F.,.F.,(5,5),(0.,1.),.PIECEWISE_BEZIER_KNOTS.);
#5927 = CARTESIAN_POINT('',(-45.79957118383,-11.27525694471));
#5928 = CARTESIAN_POINT('',(-45.78155315,-9.210280264176));
#5929 = CARTESIAN_POINT('',(-45.76353526924,-7.145321126435));
#5930 = CARTESIAN_POINT('',(-45.74551754954,-5.080380447918));
#5931 = CARTESIAN_POINT('',(-45.7275,-3.015459269052));
#5932 = ( GEOMETRIC_REPRESENTATION_CONTEXT(2) 
PARAMETRIC_REPRESENTATION_CONTEXT() REPRESENTATION_CONTEXT('2D SPACE',''
  ) );
#5933 = PCURVE('',#5934,#5939);
#5934 = B_SPLINE_SURFACE_WITH_KNOTS('',1,1,(
    (#5935,#5936)
    ,(#5937,#5938
    )),.UNSPECIFIED.,.F.,.F.,.F.,(2,2),(2,2),(-3.432032557233,
    3.432032557233),(0.,1.),.PIECEWISE_BEZIER_KNOTS.);
#5935 = CARTESIAN_POINT('',(22.630557279981,-45.80994272001,1.809));
#5936 = CARTESIAN_POINT('',(22.713,-45.7275,11.256));
#5937 = CARTESIAN_POINT('',(29.528942720019,-45.80994272001,1.809));
#5938 = CARTESIAN_POINT('',(29.4465,-45.7275,11.256));
#5939 = DEFINITIONAL_REPRESENTATION('',(#5940),#5946);
#5940 = B_SPLINE_CURVE_WITH_KNOTS('',4,(#5941,#5942,#5943,#5944,#5945),
  .UNSPECIFIED.,.F.,.F.,(5,5),(0.,1.),.PIECEWISE_BEZIER_KNOTS.);
#5941 = CARTESIAN_POINT('',(2.862806946641,0.125802935485));
#5942 = CARTESIAN_POINT('',(2.913774566132,0.344355086918));
#5943 = CARTESIAN_POINT('',(2.96545388669,0.562905381664));
#5944 = CARTESIAN_POINT('',(3.017867230851,0.78145372273));
#5945 = CARTESIAN_POINT('',(3.071038879461,1.));
#5946 = ( GEOMETRIC_REPRESENTATION_CONTEXT(2) 
PARAMETRIC_REPRESENTATION_CONTEXT() REPRESENTATION_CONTEXT('2D SPACE',''
  ) );
#5947 = ORIENTED_EDGE('',*,*,#5948,.F.);
#5948 = EDGE_CURVE('',#5949,#5915,#5951,.T.);
#5949 = VERTEX_POINT('',#5950);
#5950 = CARTESIAN_POINT('',(29.092372979241,-44.7225,11.256));
#5951 = SURFACE_CURVE('',#5952,(#5956,#5963),.PCURVE_S1.);
#5952 = LINE('',#5953,#5954);
#5953 = CARTESIAN_POINT('',(29.092372979241,-22.86375,11.256));
#5954 = VECTOR('',#5955,1.);
#5955 = DIRECTION('',(0.,-1.,0.));
#5956 = PCURVE('',#4229,#5957);
#5957 = DEFINITIONAL_REPRESENTATION('',(#5958),#5962);
#5958 = LINE('',#5959,#5960);
#5959 = CARTESIAN_POINT('',(-22.86375,-3.015459269052));
#5960 = VECTOR('',#5961,1.);
#5961 = DIRECTION('',(-1.,0.));
#5962 = ( GEOMETRIC_REPRESENTATION_CONTEXT(2) 
PARAMETRIC_REPRESENTATION_CONTEXT() REPRESENTATION_CONTEXT('2D SPACE',''
  ) );
#5963 = PCURVE('',#5964,#5969);
#5964 = PLANE('',#5965);
#5965 = AXIS2_PLACEMENT_3D('',#5966,#5967,#5968);
#5966 = CARTESIAN_POINT('',(22.713,-45.7275,11.256));
#5967 = DIRECTION('',(0.,0.,1.));
#5968 = DIRECTION('',(0.989044367093,0.147618562253,-0.));
#5969 = DEFINITIONAL_REPRESENTATION('',(#5970),#5974);
#5970 = LINE('',#5971,#5972);
#5971 = CARTESIAN_POINT('',(9.684596813409,21.671549280854));
#5972 = VECTOR('',#5973,1.);
#5973 = DIRECTION('',(-0.147618562253,-0.989044367093));
#5974 = ( GEOMETRIC_REPRESENTATION_CONTEXT(2) 
PARAMETRIC_REPRESENTATION_CONTEXT() REPRESENTATION_CONTEXT('2D SPACE',''
  ) );
#5975 = ORIENTED_EDGE('',*,*,#5976,.F.);
#5976 = EDGE_CURVE('',#5977,#5949,#5979,.T.);
#5977 = VERTEX_POINT('',#5978);
#5978 = CARTESIAN_POINT('',(28.948219633116,-44.65042881616,
    2.997460331531));
#5979 = SURFACE_CURVE('',#5980,(#5986,#5995),.PCURVE_S1.);
#5980 = B_SPLINE_CURVE_WITH_KNOTS('',4,(#5981,#5982,#5983,#5984,#5985),
  .UNSPECIFIED.,.F.,.F.,(5,5),(0.,1.),.PIECEWISE_BEZIER_KNOTS.);
#5981 = CARTESIAN_POINT('',(28.948219633116,-44.65042881616,
    2.997460331531));
#5982 = CARTESIAN_POINT('',(28.984258445428,-44.66844684999,
    5.062122506119));
#5983 = CARTESIAN_POINT('',(29.020296951577,-44.68646473075,
    7.126767140582));
#5984 = CARTESIAN_POINT('',(29.056335135567,-44.70448245045,
    9.191393318632));
#5985 = CARTESIAN_POINT('',(29.092372979241,-44.7225,11.256));
#5986 = PCURVE('',#4229,#5987);
#5987 = DEFINITIONAL_REPRESENTATION('',(#5988),#5994);
#5988 = B_SPLINE_CURVE_WITH_KNOTS('',4,(#5989,#5990,#5991,#5992,#5993),
  .UNSPECIFIED.,.F.,.F.,(5,5),(0.,1.),.PIECEWISE_BEZIER_KNOTS.);
#5989 = CARTESIAN_POINT('',(-44.65042881616,-11.27525694471));
#5990 = CARTESIAN_POINT('',(-44.66844684999,-9.210280264176));
#5991 = CARTESIAN_POINT('',(-44.68646473075,-7.145321126435));
#5992 = CARTESIAN_POINT('',(-44.70448245045,-5.080380447918));
#5993 = CARTESIAN_POINT('',(-44.7225,-3.015459269052));
#5994 = ( GEOMETRIC_REPRESENTATION_CONTEXT(2) 
PARAMETRIC_REPRESENTATION_CONTEXT() REPRESENTATION_CONTEXT('2D SPACE',''
  ) );
#5995 = PCURVE('',#5996,#6001);
#5996 = B_SPLINE_SURFACE_WITH_KNOTS('',1,1,(
    (#5997,#5998)
    ,(#5999,#6000
    )),.UNSPECIFIED.,.F.,.F.,.F.,(2,2),(2,2),(-3.432032557233,
    3.432032557233),(0.,1.),.PIECEWISE_BEZIER_KNOTS.);
#5997 = CARTESIAN_POINT('',(29.528942720019,-44.64005727998,1.809));
#5998 = CARTESIAN_POINT('',(29.4465,-44.7225,11.256));
#5999 = CARTESIAN_POINT('',(22.630557279981,-44.64005727998,1.809));
#6000 = CARTESIAN_POINT('',(22.713,-44.7225,11.256));
#6001 = DEFINITIONAL_REPRESENTATION('',(#6002),#6008);
#6002 = B_SPLINE_CURVE_WITH_KNOTS('',4,(#6003,#6004,#6005,#6006,#6007),
  .UNSPECIFIED.,.F.,.F.,(5,5),(0.,1.),.PIECEWISE_BEZIER_KNOTS.);
#6003 = CARTESIAN_POINT('',(-2.862806946641,0.125802935485));
#6004 = CARTESIAN_POINT('',(-2.913774566132,0.344355086919));
#6005 = CARTESIAN_POINT('',(-2.96545388669,0.562905381664));
#6006 = CARTESIAN_POINT('',(-3.017867230851,0.78145372273));
#6007 = CARTESIAN_POINT('',(-3.071038879461,1.));
#6008 = ( GEOMETRIC_REPRESENTATION_CONTEXT(2) 
PARAMETRIC_REPRESENTATION_CONTEXT() REPRESENTATION_CONTEXT('2D SPACE',''
  ) );
#6009 = ORIENTED_EDGE('',*,*,#6010,.F.);
#6010 = EDGE_CURVE('',#6011,#5977,#6013,.T.);
#6011 = VERTEX_POINT('',#6012);
#6012 = CARTESIAN_POINT('',(28.948219633116,-16.57497607914,
    2.997460331531));
#6013 = SURFACE_CURVE('',#6014,(#6018,#6025),.PCURVE_S1.);
#6014 = LINE('',#6015,#6016);
#6015 = CARTESIAN_POINT('',(28.948219633116,49.245,2.997460331531));
#6016 = VECTOR('',#6017,1.);
#6017 = DIRECTION('',(-0.,-1.,-0.));
#6018 = PCURVE('',#4229,#6019);
#6019 = DEFINITIONAL_REPRESENTATION('',(#6020),#6024);
#6020 = LINE('',#6021,#6022);
#6021 = CARTESIAN_POINT('',(49.245,-11.27525694471));
#6022 = VECTOR('',#6023,1.);
#6023 = DIRECTION('',(-1.,0.));
#6024 = ( GEOMETRIC_REPRESENTATION_CONTEXT(2) 
PARAMETRIC_REPRESENTATION_CONTEXT() REPRESENTATION_CONTEXT('2D SPACE',''
  ) );
#6025 = PCURVE('',#6026,#6031);
#6026 = CYLINDRICAL_SURFACE('',#6027,1.005);
#6027 = AXIS2_PLACEMENT_3D('',#6028,#6029,#6030);
#6028 = CARTESIAN_POINT('',(27.943372699484,49.245,3.015));
#6029 = DIRECTION('',(-0.,-1.,-0.));
#6030 = DIRECTION('',(0.999847695156,0.,-1.745240643728E-02));
#6031 = DEFINITIONAL_REPRESENTATION('',(#6032),#6035);
#6032 = B_SPLINE_CURVE_WITH_KNOTS('',1,(#6033,#6034),.UNSPECIFIED.,.F.,
  .F.,(2,2),(65.819976079146,93.895428816169),.PIECEWISE_BEZIER_KNOTS.);
#6033 = CARTESIAN_POINT('',(0.,65.819976079146));
#6034 = CARTESIAN_POINT('',(0.,93.895428816169));
#6035 = ( GEOMETRIC_REPRESENTATION_CONTEXT(2) 
PARAMETRIC_REPRESENTATION_CONTEXT() REPRESENTATION_CONTEXT('2D SPACE',''
  ) );
#6036 = ORIENTED_EDGE('',*,*,#6037,.T.);
#6037 = EDGE_CURVE('',#6011,#6038,#6040,.T.);
#6038 = VERTEX_POINT('',#6039);
#6039 = CARTESIAN_POINT('',(29.053779830685,-16.5222,9.045));
#6040 = SURFACE_CURVE('',#6041,(#6047,#6056),.PCURVE_S1.);
#6041 = B_SPLINE_CURVE_WITH_KNOTS('',4,(#6042,#6043,#6044,#6045,#6046),
  .UNSPECIFIED.,.F.,.F.,(5,5),(0.,1.),.PIECEWISE_BEZIER_KNOTS.);
#6042 = CARTESIAN_POINT('',(28.948219633116,-16.57497607914,
    2.997460331531));
#6043 = CARTESIAN_POINT('',(28.97460999232,-16.56178190446,
    4.509362997765));
#6044 = CARTESIAN_POINT('',(29.001000151592,-16.54858782974,
    6.021254209888));
#6045 = CARTESIAN_POINT('',(29.027390101316,-16.53539385978,
    7.533133416979));
#6046 = CARTESIAN_POINT('',(29.053779830685,-16.5222,9.045));
#6047 = PCURVE('',#4229,#6048);
#6048 = DEFINITIONAL_REPRESENTATION('',(#6049),#6055);
#6049 = B_SPLINE_CURVE_WITH_KNOTS('',4,(#6050,#6051,#6052,#6053,#6054),
  .UNSPECIFIED.,.F.,.F.,(5,5),(0.,1.),.PIECEWISE_BEZIER_KNOTS.);
#6050 = CARTESIAN_POINT('',(-16.57497607914,-11.27525694471));
#6051 = CARTESIAN_POINT('',(-16.56178190446,-9.763123973305));
#6052 = CARTESIAN_POINT('',(-16.54858782974,-8.251002457751));
#6053 = CARTESIAN_POINT('',(-16.53539385978,-6.738892949057));
#6054 = CARTESIAN_POINT('',(-16.5222,-5.226796066357));
#6055 = ( GEOMETRIC_REPRESENTATION_CONTEXT(2) 
PARAMETRIC_REPRESENTATION_CONTEXT() REPRESENTATION_CONTEXT('2D SPACE',''
  ) );
#6056 = PCURVE('',#6057,#6062);
#6057 = B_SPLINE_SURFACE_WITH_KNOTS('',1,1,(
    (#6058,#6059)
    ,(#6060,#6061
    )),.UNSPECIFIED.,.F.,.F.,.F.,(2,2),(2,2),(-2.732833448093,
    2.732833448093),(0.,1.),.PIECEWISE_BEZIER_KNOTS.);
#6058 = CARTESIAN_POINT('',(24.016652384666,-16.58534761533,1.809));
#6059 = CARTESIAN_POINT('',(24.0798,-16.5222,9.045));
#6060 = CARTESIAN_POINT('',(29.509647615334,-16.58534761533,1.809));
#6061 = CARTESIAN_POINT('',(29.4465,-16.5222,9.045));
#6062 = DEFINITIONAL_REPRESENTATION('',(#6063),#6069);
#6063 = B_SPLINE_CURVE_WITH_KNOTS('',4,(#6064,#6065,#6066,#6067,#6068),
  .UNSPECIFIED.,.F.,.F.,(5,5),(0.,1.),.PIECEWISE_BEZIER_KNOTS.);
#6064 = CARTESIAN_POINT('',(2.182440139493,0.164242721328));
#6065 = CARTESIAN_POINT('',(2.219322925539,0.373184493887));
#6066 = CARTESIAN_POINT('',(2.25667971635,0.582124683511));
#6067 = CARTESIAN_POINT('',(2.294524198649,0.791063214066));
#6068 = CARTESIAN_POINT('',(2.332871156762,1.));
#6069 = ( GEOMETRIC_REPRESENTATION_CONTEXT(2) 
PARAMETRIC_REPRESENTATION_CONTEXT() REPRESENTATION_CONTEXT('2D SPACE',''
  ) );
#6070 = ORIENTED_EDGE('',*,*,#6071,.F.);
#6071 = EDGE_CURVE('',#6072,#6038,#6074,.T.);
#6072 = VERTEX_POINT('',#6073);
#6073 = CARTESIAN_POINT('',(29.053779830685,-15.5172,9.045));
#6074 = SURFACE_CURVE('',#6075,(#6079,#6086),.PCURVE_S1.);
#6075 = LINE('',#6076,#6077);
#6076 = CARTESIAN_POINT('',(29.053779830685,-8.2611,9.045));
#6077 = VECTOR('',#6078,1.);
#6078 = DIRECTION('',(0.,-1.,0.));
#6079 = PCURVE('',#4229,#6080);
#6080 = DEFINITIONAL_REPRESENTATION('',(#6081),#6085);
#6081 = LINE('',#6082,#6083);
#6082 = CARTESIAN_POINT('',(-8.2611,-5.226796066357));
#6083 = VECTOR('',#6084,1.);
#6084 = DIRECTION('',(-1.,0.));
#6085 = ( GEOMETRIC_REPRESENTATION_CONTEXT(2) 
PARAMETRIC_REPRESENTATION_CONTEXT() REPRESENTATION_CONTEXT('2D SPACE',''
  ) );
#6086 = PCURVE('',#6087,#6092);
#6087 = PLANE('',#6088);
#6088 = AXIS2_PLACEMENT_3D('',#6089,#6090,#6091);
#6089 = CARTESIAN_POINT('',(24.0798,-16.5222,9.045));
#6090 = DIRECTION('',(0.,0.,1.));
#6091 = DIRECTION('',(0.982913837182,0.184066261645,-0.));
#6092 = DEFINITIONAL_REPRESENTATION('',(#6093),#6097);
#6093 = LINE('',#6094,#6095);
#6094 = CARTESIAN_POINT('',(6.409583395518,7.204407627416));
#6095 = VECTOR('',#6096,1.);
#6096 = DIRECTION('',(-0.184066261645,-0.982913837182));
#6097 = ( GEOMETRIC_REPRESENTATION_CONTEXT(2) 
PARAMETRIC_REPRESENTATION_CONTEXT() REPRESENTATION_CONTEXT('2D SPACE',''
  ) );
#6098 = ORIENTED_EDGE('',*,*,#6099,.F.);
#6099 = EDGE_CURVE('',#6100,#6072,#6102,.T.);
#6100 = VERTEX_POINT('',#6101);
#6101 = CARTESIAN_POINT('',(28.948219633116,-15.46442392085,
    2.997460331531));
#6102 = SURFACE_CURVE('',#6103,(#6109,#6118),.PCURVE_S1.);
#6103 = B_SPLINE_CURVE_WITH_KNOTS('',4,(#6104,#6105,#6106,#6107,#6108),
  .UNSPECIFIED.,.F.,.F.,(5,5),(0.,1.),.PIECEWISE_BEZIER_KNOTS.);
#6104 = CARTESIAN_POINT('',(28.948219633116,-15.46442392085,
    2.997460331531));
#6105 = CARTESIAN_POINT('',(28.97460999232,-15.47761809553,
    4.509362997765));
#6106 = CARTESIAN_POINT('',(29.001000151592,-15.49081217025,
    6.021254209887));
#6107 = CARTESIAN_POINT('',(29.027390101316,-15.50400614021,
    7.533133416979));
#6108 = CARTESIAN_POINT('',(29.053779830685,-15.5172,9.045));
#6109 = PCURVE('',#4229,#6110);
#6110 = DEFINITIONAL_REPRESENTATION('',(#6111),#6117);
#6111 = B_SPLINE_CURVE_WITH_KNOTS('',4,(#6112,#6113,#6114,#6115,#6116),
  .UNSPECIFIED.,.F.,.F.,(5,5),(0.,1.),.PIECEWISE_BEZIER_KNOTS.);
#6112 = CARTESIAN_POINT('',(-15.46442392085,-11.27525694471));
#6113 = CARTESIAN_POINT('',(-15.47761809553,-9.763123973305));
#6114 = CARTESIAN_POINT('',(-15.49081217025,-8.251002457751));
#6115 = CARTESIAN_POINT('',(-15.50400614021,-6.738892949057));
#6116 = CARTESIAN_POINT('',(-15.5172,-5.226796066357));
#6117 = ( GEOMETRIC_REPRESENTATION_CONTEXT(2) 
PARAMETRIC_REPRESENTATION_CONTEXT() REPRESENTATION_CONTEXT('2D SPACE',''
  ) );
#6118 = PCURVE('',#6119,#6124);
#6119 = B_SPLINE_SURFACE_WITH_KNOTS('',1,1,(
    (#6120,#6121)
    ,(#6122,#6123
    )),.UNSPECIFIED.,.F.,.F.,.F.,(2,2),(2,2),(-2.732833448093,
    2.732833448093),(0.,1.),.PIECEWISE_BEZIER_KNOTS.);
#6120 = CARTESIAN_POINT('',(29.509647615334,-15.45405238466,1.809));
#6121 = CARTESIAN_POINT('',(29.4465,-15.5172,9.045));
#6122 = CARTESIAN_POINT('',(24.016652384666,-15.45405238466,1.809));
#6123 = CARTESIAN_POINT('',(24.0798,-15.5172,9.045));
#6124 = DEFINITIONAL_REPRESENTATION('',(#6125),#6131);
#6125 = B_SPLINE_CURVE_WITH_KNOTS('',4,(#6126,#6127,#6128,#6129,#6130),
  .UNSPECIFIED.,.F.,.F.,(5,5),(0.,1.),.PIECEWISE_BEZIER_KNOTS.);
#6126 = CARTESIAN_POINT('',(-2.182440139493,0.164242721328));
#6127 = CARTESIAN_POINT('',(-2.219322925539,0.373184493887));
#6128 = CARTESIAN_POINT('',(-2.25667971635,0.582124683511));
#6129 = CARTESIAN_POINT('',(-2.294524198649,0.791063214066));
#6130 = CARTESIAN_POINT('',(-2.332871156762,1.));
#6131 = ( GEOMETRIC_REPRESENTATION_CONTEXT(2) 
PARAMETRIC_REPRESENTATION_CONTEXT() REPRESENTATION_CONTEXT('2D SPACE',''
  ) );
#6132 = ORIENTED_EDGE('',*,*,#6133,.F.);
#6133 = EDGE_CURVE('',#6134,#6100,#6136,.T.);
#6134 = VERTEX_POINT('',#6135);
#6135 = CARTESIAN_POINT('',(28.948219633116,-3.581987188091,
    2.997460331531));
#6136 = SURFACE_CURVE('',#6137,(#6141,#6148),.PCURVE_S1.);
#6137 = LINE('',#6138,#6139);
#6138 = CARTESIAN_POINT('',(28.948219633116,49.245,2.997460331531));
#6139 = VECTOR('',#6140,1.);
#6140 = DIRECTION('',(-0.,-1.,-0.));
#6141 = PCURVE('',#4229,#6142);
#6142 = DEFINITIONAL_REPRESENTATION('',(#6143),#6147);
#6143 = LINE('',#6144,#6145);
#6144 = CARTESIAN_POINT('',(49.245,-11.27525694471));
#6145 = VECTOR('',#6146,1.);
#6146 = DIRECTION('',(-1.,0.));
#6147 = ( GEOMETRIC_REPRESENTATION_CONTEXT(2) 
PARAMETRIC_REPRESENTATION_CONTEXT() REPRESENTATION_CONTEXT('2D SPACE',''
  ) );
#6148 = PCURVE('',#6149,#6154);
#6149 = CYLINDRICAL_SURFACE('',#6150,1.005);
#6150 = AXIS2_PLACEMENT_3D('',#6151,#6152,#6153);
#6151 = CARTESIAN_POINT('',(27.943372699484,49.245,3.015));
#6152 = DIRECTION('',(-0.,-1.,-0.));
#6153 = DIRECTION('',(0.999847695156,0.,-1.745240643728E-02));
#6154 = DEFINITIONAL_REPRESENTATION('',(#6155),#6158);
#6155 = B_SPLINE_CURVE_WITH_KNOTS('',1,(#6156,#6157),.UNSPECIFIED.,.F.,
  .F.,(2,2),(52.826987188091,64.709423920854),.PIECEWISE_BEZIER_KNOTS.);
#6156 = CARTESIAN_POINT('',(0.,52.826987188091));
#6157 = CARTESIAN_POINT('',(0.,64.709423920854));
#6158 = ( GEOMETRIC_REPRESENTATION_CONTEXT(2) 
PARAMETRIC_REPRESENTATION_CONTEXT() REPRESENTATION_CONTEXT('2D SPACE',''
  ) );
#6159 = ORIENTED_EDGE('',*,*,#6160,.T.);
#6160 = EDGE_CURVE('',#6134,#6161,#6163,.T.);
#6161 = VERTEX_POINT('',#6162);
#6162 = CARTESIAN_POINT('',(29.127457659747,-3.492375,13.266));
#6163 = SURFACE_CURVE('',#6164,(#6170,#6179),.PCURVE_S1.);
#6164 = B_SPLINE_CURVE_WITH_KNOTS('',4,(#6165,#6166,#6167,#6168,#6169),
  .UNSPECIFIED.,.F.,.F.,(5,5),(0.,1.),.PIECEWISE_BEZIER_KNOTS.);
#6165 = CARTESIAN_POINT('',(28.948219633116,-3.581987188091,
    2.997460331531));
#6166 = CARTESIAN_POINT('',(28.993030236124,-3.559583592935,
    5.564658058527));
#6167 = CARTESIAN_POINT('',(29.037840156467,-3.537180339085,
    8.131816675617));
#6168 = CARTESIAN_POINT('',(29.082649326509,-3.514777460358,
    10.698932308041));
#6169 = CARTESIAN_POINT('',(29.127457659747,-3.492375,13.266));
#6170 = PCURVE('',#4229,#6171);
#6171 = DEFINITIONAL_REPRESENTATION('',(#6172),#6178);
#6172 = B_SPLINE_CURVE_WITH_KNOTS('',4,(#6173,#6174,#6175,#6176,#6177),
  .UNSPECIFIED.,.F.,.F.,(5,5),(0.,1.),.PIECEWISE_BEZIER_KNOTS.);
#6173 = CARTESIAN_POINT('',(-3.581987188091,-11.27525694471));
#6174 = CARTESIAN_POINT('',(-3.559583592935,-8.707668161511));
#6175 = CARTESIAN_POINT('',(-3.537180339085,-6.14011849417));
#6176 = CARTESIAN_POINT('',(-3.514777460358,-3.572611818043));
#6177 = CARTESIAN_POINT('',(-3.492375,-1.005153089684));
#6178 = ( GEOMETRIC_REPRESENTATION_CONTEXT(2) 
PARAMETRIC_REPRESENTATION_CONTEXT() REPRESENTATION_CONTEXT('2D SPACE',''
  ) );
#6179 = PCURVE('',#6180,#6185);
#6180 = B_SPLINE_SURFACE_WITH_KNOTS('',1,1,(
    (#6181,#6182)
    ,(#6183,#6184
    )),.UNSPECIFIED.,.F.,.F.,.F.,(2,2),(2,2),(-2.239486292815,
    2.239486292815),(0.,1.),.PIECEWISE_BEZIER_KNOTS.);
#6181 = CARTESIAN_POINT('',(25.045116275721,-3.592358724279,1.809));
#6182 = CARTESIAN_POINT('',(25.1451,-3.492375,13.266));
#6183 = CARTESIAN_POINT('',(29.546483724279,-3.592358724279,1.809));
#6184 = CARTESIAN_POINT('',(29.4465,-3.492375,13.266));
#6185 = DEFINITIONAL_REPRESENTATION('',(#6186),#6192);
#6186 = B_SPLINE_CURVE_WITH_KNOTS('',4,(#6187,#6188,#6189,#6190,#6191),
  .UNSPECIFIED.,.F.,.F.,(5,5),(0.,1.),.PIECEWISE_BEZIER_KNOTS.);
#6187 = CARTESIAN_POINT('',(1.651810467922,0.103732245049));
#6188 = CARTESIAN_POINT('',(1.713123005048,0.327804666014));
#6189 = CARTESIAN_POINT('',(1.776069695727,0.551873673354));
#6190 = CARTESIAN_POINT('',(1.840748111955,0.775938928868));
#6191 = CARTESIAN_POINT('',(1.907273084174,1.));
#6192 = ( GEOMETRIC_REPRESENTATION_CONTEXT(2) 
PARAMETRIC_REPRESENTATION_CONTEXT() REPRESENTATION_CONTEXT('2D SPACE',''
  ) );
#6193 = ORIENTED_EDGE('',*,*,#6194,.F.);
#6194 = EDGE_CURVE('',#6195,#6161,#6197,.T.);
#6195 = VERTEX_POINT('',#6196);
#6196 = CARTESIAN_POINT('',(29.127457659747,-2.286375,13.266));
#6197 = SURFACE_CURVE('',#6198,(#6202,#6209),.PCURVE_S1.);
#6198 = LINE('',#6199,#6200);
#6199 = CARTESIAN_POINT('',(29.127457659747,-1.7461875,13.266));
#6200 = VECTOR('',#6201,1.);
#6201 = DIRECTION('',(0.,-1.,0.));
#6202 = PCURVE('',#4229,#6203);
#6203 = DEFINITIONAL_REPRESENTATION('',(#6204),#6208);
#6204 = LINE('',#6205,#6206);
#6205 = CARTESIAN_POINT('',(-1.7461875,-1.005153089684));
#6206 = VECTOR('',#6207,1.);
#6207 = DIRECTION('',(-1.,0.));
#6208 = ( GEOMETRIC_REPRESENTATION_CONTEXT(2) 
PARAMETRIC_REPRESENTATION_CONTEXT() REPRESENTATION_CONTEXT('2D SPACE',''
  ) );
#6209 = PCURVE('',#6210,#6215);
#6210 = PLANE('',#6211);
#6211 = AXIS2_PLACEMENT_3D('',#6212,#6213,#6214);
#6212 = CARTESIAN_POINT('',(25.1451,-3.492375,13.266));
#6213 = DIRECTION('',(0.,0.,1.));
#6214 = DIRECTION('',(0.962870502626,0.269963692325,-0.));
#6215 = DEFINITIONAL_REPRESENTATION('',(#6216),#6220);
#6216 = LINE('',#6217,#6218);
#6217 = CARTESIAN_POINT('',(4.305901946467,0.60626045782));
#6218 = VECTOR('',#6219,1.);
#6219 = DIRECTION('',(-0.269963692325,-0.962870502626));
#6220 = ( GEOMETRIC_REPRESENTATION_CONTEXT(2) 
PARAMETRIC_REPRESENTATION_CONTEXT() REPRESENTATION_CONTEXT('2D SPACE',''
  ) );
#6221 = ORIENTED_EDGE('',*,*,#6222,.F.);
#6222 = EDGE_CURVE('',#6223,#6195,#6225,.T.);
#6223 = VERTEX_POINT('',#6224);
#6224 = CARTESIAN_POINT('',(28.948219633116,-2.196762811909,
    2.997460331531));
#6225 = SURFACE_CURVE('',#6226,(#6232,#6241),.PCURVE_S1.);
#6226 = B_SPLINE_CURVE_WITH_KNOTS('',4,(#6227,#6228,#6229,#6230,#6231),
  .UNSPECIFIED.,.F.,.F.,(5,5),(0.,1.),.PIECEWISE_BEZIER_KNOTS.);
#6227 = CARTESIAN_POINT('',(28.948219633116,-2.196762811909,
    2.997460331531));
#6228 = CARTESIAN_POINT('',(28.993030236124,-2.219166407065,
    5.564658058527));
#6229 = CARTESIAN_POINT('',(29.037840156467,-2.241569660915,
    8.131816675616));
#6230 = CARTESIAN_POINT('',(29.082649326509,-2.263972539642,
    10.698932308041));
#6231 = CARTESIAN_POINT('',(29.127457659747,-2.286375,13.266));
#6232 = PCURVE('',#4229,#6233);
#6233 = DEFINITIONAL_REPRESENTATION('',(#6234),#6240);
#6234 = B_SPLINE_CURVE_WITH_KNOTS('',4,(#6235,#6236,#6237,#6238,#6239),
  .UNSPECIFIED.,.F.,.F.,(5,5),(0.,1.),.PIECEWISE_BEZIER_KNOTS.);
#6235 = CARTESIAN_POINT('',(-2.196762811909,-11.27525694471));
#6236 = CARTESIAN_POINT('',(-2.219166407065,-8.70766816151));
#6237 = CARTESIAN_POINT('',(-2.241569660915,-6.140118494171));
#6238 = CARTESIAN_POINT('',(-2.263972539642,-3.572611818043));
#6239 = CARTESIAN_POINT('',(-2.286375,-1.005153089684));
#6240 = ( GEOMETRIC_REPRESENTATION_CONTEXT(2) 
PARAMETRIC_REPRESENTATION_CONTEXT() REPRESENTATION_CONTEXT('2D SPACE',''
  ) );
#6241 = PCURVE('',#6242,#6247);
#6242 = B_SPLINE_SURFACE_WITH_KNOTS('',1,1,(
    (#6243,#6244)
    ,(#6245,#6246
    )),.UNSPECIFIED.,.F.,.F.,.F.,(2,2),(2,2),(-2.239486292815,
    2.239486292815),(0.,1.),.PIECEWISE_BEZIER_KNOTS.);
#6243 = CARTESIAN_POINT('',(29.546483724279,-2.186391275721,1.809));
#6244 = CARTESIAN_POINT('',(29.4465,-2.286375,13.266));
#6245 = CARTESIAN_POINT('',(25.045116275721,-2.186391275721,1.809));
#6246 = CARTESIAN_POINT('',(25.1451,-2.286375,13.266));
#6247 = DEFINITIONAL_REPRESENTATION('',(#6248),#6254);
#6248 = B_SPLINE_CURVE_WITH_KNOTS('',4,(#6249,#6250,#6251,#6252,#6253),
  .UNSPECIFIED.,.F.,.F.,(5,5),(0.,1.),.PIECEWISE_BEZIER_KNOTS.);
#6249 = CARTESIAN_POINT('',(-1.651810467922,0.103732245049));
#6250 = CARTESIAN_POINT('',(-1.713123005048,0.327804666014));
#6251 = CARTESIAN_POINT('',(-1.776069695727,0.551873673354));
#6252 = CARTESIAN_POINT('',(-1.840748111955,0.775938928868));
#6253 = CARTESIAN_POINT('',(-1.907273084174,1.));
#6254 = ( GEOMETRIC_REPRESENTATION_CONTEXT(2) 
PARAMETRIC_REPRESENTATION_CONTEXT() REPRESENTATION_CONTEXT('2D SPACE',''
  ) );
#6255 = ORIENTED_EDGE('',*,*,#6256,.F.);
#6256 = EDGE_CURVE('',#6257,#6223,#6259,.T.);
#6257 = VERTEX_POINT('',#6258);
#6258 = CARTESIAN_POINT('',(28.948219633116,40.638012811909,
    2.997460331531));
#6259 = SURFACE_CURVE('',#6260,(#6264,#6271),.PCURVE_S1.);
#6260 = LINE('',#6261,#6262);
#6261 = CARTESIAN_POINT('',(28.948219633116,49.245,2.997460331531));
#6262 = VECTOR('',#6263,1.);
#6263 = DIRECTION('',(-0.,-1.,-0.));
#6264 = PCURVE('',#4229,#6265);
#6265 = DEFINITIONAL_REPRESENTATION('',(#6266),#6270);
#6266 = LINE('',#6267,#6268);
#6267 = CARTESIAN_POINT('',(49.245,-11.27525694471));
#6268 = VECTOR('',#6269,1.);
#6269 = DIRECTION('',(-1.,0.));
#6270 = ( GEOMETRIC_REPRESENTATION_CONTEXT(2) 
PARAMETRIC_REPRESENTATION_CONTEXT() REPRESENTATION_CONTEXT('2D SPACE',''
  ) );
#6271 = PCURVE('',#6272,#6277);
#6272 = CYLINDRICAL_SURFACE('',#6273,1.005);
#6273 = AXIS2_PLACEMENT_3D('',#6274,#6275,#6276);
#6274 = CARTESIAN_POINT('',(27.943372699484,49.245,3.015));
#6275 = DIRECTION('',(-0.,-1.,-0.));
#6276 = DIRECTION('',(0.999847695156,0.,-1.745240643728E-02));
#6277 = DEFINITIONAL_REPRESENTATION('',(#6278),#6281);
#6278 = B_SPLINE_CURVE_WITH_KNOTS('',1,(#6279,#6280),.UNSPECIFIED.,.F.,
  .F.,(2,2),(8.606987188091,51.441762811909),.PIECEWISE_BEZIER_KNOTS.);
#6279 = CARTESIAN_POINT('',(0.,8.606987188091));
#6280 = CARTESIAN_POINT('',(0.,51.441762811909));
#6281 = ( GEOMETRIC_REPRESENTATION_CONTEXT(2) 
PARAMETRIC_REPRESENTATION_CONTEXT() REPRESENTATION_CONTEXT('2D SPACE',''
  ) );
#6282 = ORIENTED_EDGE('',*,*,#6283,.T.);
#6283 = EDGE_CURVE('',#6257,#6284,#6286,.T.);
#6284 = VERTEX_POINT('',#6285);
#6285 = CARTESIAN_POINT('',(29.127457659747,40.727625,13.266));
#6286 = SURFACE_CURVE('',#6287,(#6293,#6302),.PCURVE_S1.);
#6287 = B_SPLINE_CURVE_WITH_KNOTS('',4,(#6288,#6289,#6290,#6291,#6292),
  .UNSPECIFIED.,.F.,.F.,(5,5),(0.,1.),.PIECEWISE_BEZIER_KNOTS.);
#6288 = CARTESIAN_POINT('',(28.948219633116,40.638012811909,
    2.997460331531));
#6289 = CARTESIAN_POINT('',(28.993030236124,40.660416407065,
    5.564658058527));
#6290 = CARTESIAN_POINT('',(29.037840156467,40.682819660915,
    8.131816675617));
#6291 = CARTESIAN_POINT('',(29.082649326509,40.705222539642,
    10.698932308041));
#6292 = CARTESIAN_POINT('',(29.127457659747,40.727625,13.266));
#6293 = PCURVE('',#4229,#6294);
#6294 = DEFINITIONAL_REPRESENTATION('',(#6295),#6301);
#6295 = B_SPLINE_CURVE_WITH_KNOTS('',4,(#6296,#6297,#6298,#6299,#6300),
  .UNSPECIFIED.,.F.,.F.,(5,5),(0.,1.),.PIECEWISE_BEZIER_KNOTS.);
#6296 = CARTESIAN_POINT('',(40.638012811909,-11.27525694471));
#6297 = CARTESIAN_POINT('',(40.660416407065,-8.707668161511));
#6298 = CARTESIAN_POINT('',(40.682819660915,-6.14011849417));
#6299 = CARTESIAN_POINT('',(40.705222539642,-3.572611818043));
#6300 = CARTESIAN_POINT('',(40.727625,-1.005153089684));
#6301 = ( GEOMETRIC_REPRESENTATION_CONTEXT(2) 
PARAMETRIC_REPRESENTATION_CONTEXT() REPRESENTATION_CONTEXT('2D SPACE',''
  ) );
#6302 = PCURVE('',#6303,#6308);
#6303 = B_SPLINE_SURFACE_WITH_KNOTS('',1,1,(
    (#6304,#6305)
    ,(#6306,#6307
    )),.UNSPECIFIED.,.F.,.F.,.F.,(2,2),(2,2),(-2.239486292815,
    2.239486292815),(0.,1.),.PIECEWISE_BEZIER_KNOTS.);
#6304 = CARTESIAN_POINT('',(25.045116275721,40.627641275721,1.809));
#6305 = CARTESIAN_POINT('',(25.1451,40.727625,13.266));
#6306 = CARTESIAN_POINT('',(29.546483724279,40.627641275721,1.809));
#6307 = CARTESIAN_POINT('',(29.4465,40.727625,13.266));
#6308 = DEFINITIONAL_REPRESENTATION('',(#6309),#6315);
#6309 = B_SPLINE_CURVE_WITH_KNOTS('',4,(#6310,#6311,#6312,#6313,#6314),
  .UNSPECIFIED.,.F.,.F.,(5,5),(0.,1.),.PIECEWISE_BEZIER_KNOTS.);
#6310 = CARTESIAN_POINT('',(1.651810467922,0.103732245049));
#6311 = CARTESIAN_POINT('',(1.713123005048,0.327804666014));
#6312 = CARTESIAN_POINT('',(1.776069695727,0.551873673354));
#6313 = CARTESIAN_POINT('',(1.840748111955,0.775938928868));
#6314 = CARTESIAN_POINT('',(1.907273084174,1.));
#6315 = ( GEOMETRIC_REPRESENTATION_CONTEXT(2) 
PARAMETRIC_REPRESENTATION_CONTEXT() REPRESENTATION_CONTEXT('2D SPACE',''
  ) );
#6316 = ORIENTED_EDGE('',*,*,#6317,.F.);
#6317 = EDGE_CURVE('',#6318,#6284,#6320,.T.);
#6318 = VERTEX_POINT('',#6319);
#6319 = CARTESIAN_POINT('',(29.127457659747,41.933625,13.266));
#6320 = SURFACE_CURVE('',#6321,(#6325,#6332),.PCURVE_S1.);
#6321 = LINE('',#6322,#6323);
#6322 = CARTESIAN_POINT('',(29.127457659747,20.3638125,13.266));
#6323 = VECTOR('',#6324,1.);
#6324 = DIRECTION('',(0.,-1.,0.));
#6325 = PCURVE('',#4229,#6326);
#6326 = DEFINITIONAL_REPRESENTATION('',(#6327),#6331);
#6327 = LINE('',#6328,#6329);
#6328 = CARTESIAN_POINT('',(20.3638125,-1.005153089684));
#6329 = VECTOR('',#6330,1.);
#6330 = DIRECTION('',(-1.,0.));
#6331 = ( GEOMETRIC_REPRESENTATION_CONTEXT(2) 
PARAMETRIC_REPRESENTATION_CONTEXT() REPRESENTATION_CONTEXT('2D SPACE',''
  ) );
#6332 = PCURVE('',#6333,#6338);
#6333 = PLANE('',#6334);
#6334 = AXIS2_PLACEMENT_3D('',#6335,#6336,#6337);
#6335 = CARTESIAN_POINT('',(25.1451,40.727625,13.266));
#6336 = DIRECTION('',(0.,0.,1.));
#6337 = DIRECTION('',(0.962870502626,0.269963692325,-0.));
#6338 = DEFINITIONAL_REPRESENTATION('',(#6339),#6343);
#6339 = LINE('',#6340,#6341);
#6340 = CARTESIAN_POINT('',(-1.662995290837,-20.68280635523));
#6341 = VECTOR('',#6342,1.);
#6342 = DIRECTION('',(-0.269963692325,-0.962870502626));
#6343 = ( GEOMETRIC_REPRESENTATION_CONTEXT(2) 
PARAMETRIC_REPRESENTATION_CONTEXT() REPRESENTATION_CONTEXT('2D SPACE',''
  ) );
#6344 = ORIENTED_EDGE('',*,*,#6345,.F.);
#6345 = EDGE_CURVE('',#5858,#6318,#6346,.T.);
#6346 = SURFACE_CURVE('',#6347,(#6353,#6362),.PCURVE_S1.);
#6347 = B_SPLINE_CURVE_WITH_KNOTS('',4,(#6348,#6349,#6350,#6351,#6352),
  .UNSPECIFIED.,.F.,.F.,(5,5),(0.,1.),.PIECEWISE_BEZIER_KNOTS.);
#6348 = CARTESIAN_POINT('',(28.948219633116,42.023237188091,
    2.997460331531));
#6349 = CARTESIAN_POINT('',(28.993030236124,42.000833592935,
    5.564658058527));
#6350 = CARTESIAN_POINT('',(29.037840156467,41.978430339085,
    8.131816675617));
#6351 = CARTESIAN_POINT('',(29.082649326509,41.956027460358,
    10.698932308041));
#6352 = CARTESIAN_POINT('',(29.127457659747,41.933625,13.266));
#6353 = PCURVE('',#4229,#6354);
#6354 = DEFINITIONAL_REPRESENTATION('',(#6355),#6361);
#6355 = B_SPLINE_CURVE_WITH_KNOTS('',4,(#6356,#6357,#6358,#6359,#6360),
  .UNSPECIFIED.,.F.,.F.,(5,5),(0.,1.),.PIECEWISE_BEZIER_KNOTS.);
#6356 = CARTESIAN_POINT('',(42.023237188091,-11.27525694471));
#6357 = CARTESIAN_POINT('',(42.000833592935,-8.707668161511));
#6358 = CARTESIAN_POINT('',(41.978430339085,-6.14011849417));
#6359 = CARTESIAN_POINT('',(41.956027460358,-3.572611818043));
#6360 = CARTESIAN_POINT('',(41.933625,-1.005153089684));
#6361 = ( GEOMETRIC_REPRESENTATION_CONTEXT(2) 
PARAMETRIC_REPRESENTATION_CONTEXT() REPRESENTATION_CONTEXT('2D SPACE',''
  ) );
#6362 = PCURVE('',#6363,#6368);
#6363 = B_SPLINE_SURFACE_WITH_KNOTS('',1,1,(
    (#6364,#6365)
    ,(#6366,#6367
    )),.UNSPECIFIED.,.F.,.F.,.F.,(2,2),(2,2),(-2.239486292815,
    2.239486292815),(0.,1.),.PIECEWISE_BEZIER_KNOTS.);
#6364 = CARTESIAN_POINT('',(29.546483724279,42.033608724279,1.809));
#6365 = CARTESIAN_POINT('',(29.4465,41.933625,13.266));
#6366 = CARTESIAN_POINT('',(25.045116275721,42.033608724279,1.809));
#6367 = CARTESIAN_POINT('',(25.1451,41.933625,13.266));
#6368 = DEFINITIONAL_REPRESENTATION('',(#6369),#6375);
#6369 = B_SPLINE_CURVE_WITH_KNOTS('',4,(#6370,#6371,#6372,#6373,#6374),
  .UNSPECIFIED.,.F.,.F.,(5,5),(0.,1.),.PIECEWISE_BEZIER_KNOTS.);
#6370 = CARTESIAN_POINT('',(-1.651810467922,0.103732245049));
#6371 = CARTESIAN_POINT('',(-1.713123005048,0.327804666014));
#6372 = CARTESIAN_POINT('',(-1.776069695727,0.551873673354));
#6373 = CARTESIAN_POINT('',(-1.840748111955,0.775938928868));
#6374 = CARTESIAN_POINT('',(-1.907273084174,1.));
#6375 = ( GEOMETRIC_REPRESENTATION_CONTEXT(2) 
PARAMETRIC_REPRESENTATION_CONTEXT() REPRESENTATION_CONTEXT('2D SPACE',''
  ) );
#6376 = ADVANCED_FACE('',(#6377),#4380,.T.);
#6377 = FACE_BOUND('',#6378,.T.);
#6378 = EDGE_LOOP('',(#6379,#6401,#6402,#6403));
#6379 = ORIENTED_EDGE('',*,*,#6380,.F.);
#6380 = EDGE_CURVE('',#4345,#6381,#6383,.T.);
#6381 = VERTEX_POINT('',#6382);
#6382 = CARTESIAN_POINT('',(-27.94337269948,49.245,2.01));
#6383 = SURFACE_CURVE('',#6384,(#6389,#6395),.PCURVE_S1.);
#6384 = CIRCLE('',#6385,1.005);
#6385 = AXIS2_PLACEMENT_3D('',#6386,#6387,#6388);
#6386 = CARTESIAN_POINT('',(-27.94337269948,49.245,3.015));
#6387 = DIRECTION('',(0.,-1.,-0.));
#6388 = DIRECTION('',(-0.999847695156,0.,-1.745240643728E-02));
#6389 = PCURVE('',#4380,#6390);
#6390 = DEFINITIONAL_REPRESENTATION('',(#6391),#6394);
#6391 = B_SPLINE_CURVE_WITH_KNOTS('',1,(#6392,#6393),.UNSPECIFIED.,.F.,
  .F.,(2,2),(0.,1.553343034275),.PIECEWISE_BEZIER_KNOTS.);
#6392 = CARTESIAN_POINT('',(0.,1.745329251994E-02));
#6393 = CARTESIAN_POINT('',(0.,1.570796326795));
#6394 = ( GEOMETRIC_REPRESENTATION_CONTEXT(2) 
PARAMETRIC_REPRESENTATION_CONTEXT() REPRESENTATION_CONTEXT('2D SPACE',''
  ) );
#6395 = PCURVE('',#4459,#6396);
#6396 = DEFINITIONAL_REPRESENTATION('',(#6397),#6400);
#6397 = B_SPLINE_CURVE_WITH_KNOTS('',1,(#6398,#6399),.UNSPECIFIED.,.F.,
  .F.,(2,2),(0.,1.553343034275),.PIECEWISE_BEZIER_KNOTS.);
#6398 = CARTESIAN_POINT('',(0.,98.49));
#6399 = CARTESIAN_POINT('',(-1.553343034275,98.49));
#6400 = ( GEOMETRIC_REPRESENTATION_CONTEXT(2) 
PARAMETRIC_REPRESENTATION_CONTEXT() REPRESENTATION_CONTEXT('2D SPACE',''
  ) );
#6401 = ORIENTED_EDGE('',*,*,#4366,.T.);
#6402 = ORIENTED_EDGE('',*,*,#4968,.T.);
#6403 = ORIENTED_EDGE('',*,*,#6404,.F.);
#6404 = EDGE_CURVE('',#6381,#4969,#6405,.T.);
#6405 = SURFACE_CURVE('',#6406,(#6411,#6417),.PCURVE_S1.);
#6406 = CIRCLE('',#6407,8.848372699484);
#6407 = AXIS2_PLACEMENT_3D('',#6408,#6409,#6410);
#6408 = CARTESIAN_POINT('',(-19.095,49.245,2.01));
#6409 = DIRECTION('',(-0.,0.,-1.));
#6410 = DIRECTION('',(-1.,0.,0.));
#6411 = PCURVE('',#4380,#6412);
#6412 = DEFINITIONAL_REPRESENTATION('',(#6413),#6416);
#6413 = B_SPLINE_CURVE_WITH_KNOTS('',1,(#6414,#6415),.UNSPECIFIED.,.F.,
  .F.,(2,2),(-0.,1.570796326795),.PIECEWISE_BEZIER_KNOTS.);
#6414 = CARTESIAN_POINT('',(0.,1.570796326795));
#6415 = CARTESIAN_POINT('',(1.570796326795,1.570796326795));
#6416 = ( GEOMETRIC_REPRESENTATION_CONTEXT(2) 
PARAMETRIC_REPRESENTATION_CONTEXT() REPRESENTATION_CONTEXT('2D SPACE',''
  ) );
#6417 = PCURVE('',#5005,#6418);
#6418 = DEFINITIONAL_REPRESENTATION('',(#6419),#6427);
#6419 = ( BOUNDED_CURVE() B_SPLINE_CURVE(2,(#6420,#6421,#6422,#6423,
#6424,#6425,#6426),.UNSPECIFIED.,.T.,.F.) B_SPLINE_CURVE_WITH_KNOTS((1,2
    ,2,2,2,1),(-2.094395102393,0.,2.094395102393,4.188790204786,
6.28318530718,8.377580409573),.UNSPECIFIED.) CURVE() 
GEOMETRIC_REPRESENTATION_ITEM() RATIONAL_B_SPLINE_CURVE((1.,0.5,1.,0.5,
1.,0.5,1.)) REPRESENTATION_ITEM('') );
#6420 = CARTESIAN_POINT('',(-8.848372699484,0.));
#6421 = CARTESIAN_POINT('',(-8.848372699484,15.325831079811));
#6422 = CARTESIAN_POINT('',(4.424186349742,7.662915539906));
#6423 = CARTESIAN_POINT('',(17.696745398968,2.167226260817E-15));
#6424 = CARTESIAN_POINT('',(4.424186349742,-7.662915539906));
#6425 = CARTESIAN_POINT('',(-8.848372699484,-15.32583107981));
#6426 = CARTESIAN_POINT('',(-8.848372699484,0.));
#6427 = ( GEOMETRIC_REPRESENTATION_CONTEXT(2) 
PARAMETRIC_REPRESENTATION_CONTEXT() REPRESENTATION_CONTEXT('2D SPACE',''
  ) );
#6428 = ADVANCED_FACE('',(#6429),#4412,.T.);
#6429 = FACE_BOUND('',#6430,.F.);
#6430 = EDGE_LOOP('',(#6431,#6432,#6454,#6476));
#6431 = ORIENTED_EDGE('',*,*,#4394,.F.);
#6432 = ORIENTED_EDGE('',*,*,#6433,.T.);
#6433 = EDGE_CURVE('',#4395,#6434,#6436,.T.);
#6434 = VERTEX_POINT('',#6435);
#6435 = CARTESIAN_POINT('',(-27.94337269948,-49.245,2.01));
#6436 = SURFACE_CURVE('',#6437,(#6442,#6448),.PCURVE_S1.);
#6437 = CIRCLE('',#6438,1.005);
#6438 = AXIS2_PLACEMENT_3D('',#6439,#6440,#6441);
#6439 = CARTESIAN_POINT('',(-27.94337269948,-49.245,3.015));
#6440 = DIRECTION('',(0.,-1.,-0.));
#6441 = DIRECTION('',(-0.999847695156,0.,-1.745240643728E-02));
#6442 = PCURVE('',#4412,#6443);
#6443 = DEFINITIONAL_REPRESENTATION('',(#6444),#6447);
#6444 = B_SPLINE_CURVE_WITH_KNOTS('',1,(#6445,#6446),.UNSPECIFIED.,.F.,
  .F.,(2,2),(0.,1.553343034275),.PIECEWISE_BEZIER_KNOTS.);
#6445 = CARTESIAN_POINT('',(0.,0.));
#6446 = CARTESIAN_POINT('',(-1.553343034275,0.));
#6447 = ( GEOMETRIC_REPRESENTATION_CONTEXT(2) 
PARAMETRIC_REPRESENTATION_CONTEXT() REPRESENTATION_CONTEXT('2D SPACE',''
  ) );
#6448 = PCURVE('',#4953,#6449);
#6449 = DEFINITIONAL_REPRESENTATION('',(#6450),#6453);
#6450 = B_SPLINE_CURVE_WITH_KNOTS('',1,(#6451,#6452),.UNSPECIFIED.,.F.,
  .F.,(2,2),(0.,1.553343034275),.PIECEWISE_BEZIER_KNOTS.);
#6451 = CARTESIAN_POINT('',(1.570796326795,1.745329251994E-02));
#6452 = CARTESIAN_POINT('',(1.570796326795,1.570796326795));
#6453 = ( GEOMETRIC_REPRESENTATION_CONTEXT(2) 
PARAMETRIC_REPRESENTATION_CONTEXT() REPRESENTATION_CONTEXT('2D SPACE',''
  ) );
#6454 = ORIENTED_EDGE('',*,*,#6455,.T.);
#6455 = EDGE_CURVE('',#6434,#6456,#6458,.T.);
#6456 = VERTEX_POINT('',#6457);
#6457 = CARTESIAN_POINT('',(-27.94337269948,-45.80818861959,2.01));
#6458 = SURFACE_CURVE('',#6459,(#6463,#6469),.PCURVE_S1.);
#6459 = LINE('',#6460,#6461);
#6460 = CARTESIAN_POINT('',(-27.94337269948,-49.245,2.01));
#6461 = VECTOR('',#6462,1.);
#6462 = DIRECTION('',(0.,1.,0.));
#6463 = PCURVE('',#4412,#6464);
#6464 = DEFINITIONAL_REPRESENTATION('',(#6465),#6468);
#6465 = B_SPLINE_CURVE_WITH_KNOTS('',1,(#6466,#6467),.UNSPECIFIED.,.F.,
  .F.,(2,2),(0.,3.436811380407),.PIECEWISE_BEZIER_KNOTS.);
#6466 = CARTESIAN_POINT('',(-1.553343034275,0.));
#6467 = CARTESIAN_POINT('',(-1.553343034275,3.436811380407));
#6468 = ( GEOMETRIC_REPRESENTATION_CONTEXT(2) 
PARAMETRIC_REPRESENTATION_CONTEXT() REPRESENTATION_CONTEXT('2D SPACE',''
  ) );
#6469 = PCURVE('',#5005,#6470);
#6470 = DEFINITIONAL_REPRESENTATION('',(#6471),#6475);
#6471 = LINE('',#6472,#6473);
#6472 = CARTESIAN_POINT('',(-8.848372699484,-98.49));
#6473 = VECTOR('',#6474,1.);
#6474 = DIRECTION('',(0.,1.));
#6475 = ( GEOMETRIC_REPRESENTATION_CONTEXT(2) 
PARAMETRIC_REPRESENTATION_CONTEXT() REPRESENTATION_CONTEXT('2D SPACE',''
  ) );
#6476 = ORIENTED_EDGE('',*,*,#6477,.T.);
#6477 = EDGE_CURVE('',#6456,#4397,#6478,.T.);
#6478 = SURFACE_CURVE('',#6479,(#6500,#6551),.PCURVE_S1.);
#6479 = B_SPLINE_CURVE_WITH_KNOTS('',7,(#6480,#6481,#6482,#6483,#6484,
    #6485,#6486,#6487,#6488,#6489,#6490,#6491,#6492,#6493,#6494,#6495,
    #6496,#6497,#6498,#6499),.UNSPECIFIED.,.F.,.F.,(8,6,6,8),(0.,1.,
    2.676442124078,4.176216729792),.UNSPECIFIED.);
#6480 = CARTESIAN_POINT('',(-27.94337269948,-45.80818861959,2.01));
#6481 = CARTESIAN_POINT('',(-27.99213958818,-45.80818861959,2.01));
#6482 = CARTESIAN_POINT('',(-28.04090018749,-45.80816452758,
    2.012760671097));
#6483 = CARTESIAN_POINT('',(-28.08953171048,-45.8081163513,2.01828112596
    ));
#6484 = CARTESIAN_POINT('',(-28.13790761618,-45.80804405318,
    2.026565669912));
#6485 = CARTESIAN_POINT('',(-28.18589624121,-45.80794755748,2.0376229818
    ));
#6486 = CARTESIAN_POINT('',(-28.23335943137,-45.80782675744,
    2.051465294861));
#6487 = CARTESIAN_POINT('',(-28.35859482034,-45.80743804437,
    2.096007401397));
#6488 = CARTESIAN_POINT('',(-28.43511299648,-45.80712601269,
    2.131762689931));
#6489 = CARTESIAN_POINT('',(-28.50906958365,-45.8067447459,
    2.175451537506));
#6490 = CARTESIAN_POINT('',(-28.57964221872,-45.80629348499,
    2.227160915882));
#6491 = CARTESIAN_POINT('',(-28.64582474287,-45.80577216847,
    2.286897871653));
#6492 = CARTESIAN_POINT('',(-28.70644986873,-45.80518222263,
    2.354498969311));
#6493 = CARTESIAN_POINT('',(-28.80834656371,-45.80394152183,
    2.496669198594));
#6494 = CARTESIAN_POINT('',(-28.85101831406,-45.80330331788,
    2.569800128369));
#6495 = CARTESIAN_POINT('',(-28.88718070337,-45.80261692397,
    2.648453080145));
#6496 = CARTESIAN_POINT('',(-28.91576408489,-45.80188907707,
    2.731856073812));
#6497 = CARTESIAN_POINT('',(-28.93581967545,-45.80112951126,
    2.818893694031));
#6498 = CARTESIAN_POINT('',(-28.94665908848,-45.80035139672,
    2.908056789504));
#6499 = CARTESIAN_POINT('',(-28.94821963311,-45.79957118383,
    2.997460331531));
#6500 = PCURVE('',#4412,#6501);
#6501 = DEFINITIONAL_REPRESENTATION('',(#6502),#6550);
#6502 = B_SPLINE_CURVE_WITH_KNOTS('',3,(#6503,#6504,#6505,#6506,#6507,
    #6508,#6509,#6510,#6511,#6512,#6513,#6514,#6515,#6516,#6517,#6518,
    #6519,#6520,#6521,#6522,#6523,#6524,#6525,#6526,#6527,#6528,#6529,
    #6530,#6531,#6532,#6533,#6534,#6535,#6536,#6537,#6538,#6539,#6540,
    #6541,#6542,#6543,#6544,#6545,#6546,#6547,#6548,#6549),
  .UNSPECIFIED.,.F.,.F.,(4,1,1,1,1,1,1,1,1,1,1,1,1,1,1,1,1,1,1,1,1,1,1,1
    ,1,1,1,1,1,1,1,1,1,1,1,1,1,1,1,1,1,1,1,1,4),(0.,9.491401658619E-02,
    0.189828033172,0.284742049759,0.379656066345,0.474570082931,
    0.569484099517,0.664398116103,0.759312132689,0.854226149276,
    0.949140165862,1.044054182448,1.138968199034,1.23388221562,
    1.328796232207,1.423710248793,1.518624265379,1.613538281965,
    1.708452298551,1.803366315138,1.898280331724,1.99319434831,
    2.088108364896,2.183022381482,2.277936398068,2.372850414655,
    2.467764431241,2.562678447827,2.657592464413,2.752506480999,
    2.847420497586,2.942334514172,3.037248530758,3.132162547344,
    3.22707656393,3.321990580517,3.416904597103,3.511818613689,
    3.606732630275,3.701646646861,3.796560663447,3.891474680034,
    3.98638869662,4.081302713206,4.176216729792),.QUASI_UNIFORM_KNOTS.);
#6503 = CARTESIAN_POINT('',(-1.553343034275,3.436811380407));
#6504 = CARTESIAN_POINT('',(-1.542596573691,3.43681138065));
#6505 = CARTESIAN_POINT('',(-1.521104377074,3.436814418727));
#6506 = CARTESIAN_POINT('',(-1.488857033215,3.436828091958));
#6507 = CARTESIAN_POINT('',(-1.456589350951,3.436850883539));
#6508 = CARTESIAN_POINT('',(-1.424290274895,3.436882799606));
#6509 = CARTESIAN_POINT('',(-1.391948837685,3.436923848675));
#6510 = CARTESIAN_POINT('',(-1.359554134431,3.436974041872));
#6511 = CARTESIAN_POINT('',(-1.327095258241,3.43703339271));
#6512 = CARTESIAN_POINT('',(-1.294561267531,3.437101916914));
#6513 = CARTESIAN_POINT('',(-1.261941062241,3.437179632515));
#6514 = CARTESIAN_POINT('',(-1.229223590233,3.437266558819));
#6515 = CARTESIAN_POINT('',(-1.19639682223,3.437362719596));
#6516 = CARTESIAN_POINT('',(-1.163454668938,3.437468120341));
#6517 = CARTESIAN_POINT('',(-1.130383501361,3.437582788851));
#6518 = CARTESIAN_POINT('',(-1.097171230513,3.437706749819));
#6519 = CARTESIAN_POINT('',(-1.063806146346,3.437840026368));
#6520 = CARTESIAN_POINT('',(-1.030277158685,3.437982638182));
#6521 = CARTESIAN_POINT('',(-0.996573667663,3.438134600563));
#6522 = CARTESIAN_POINT('',(-0.962685538849,3.43829592322));
#6523 = CARTESIAN_POINT('',(-0.928603055893,3.438466609141));
#6524 = CARTESIAN_POINT('',(-0.894316884931,3.43864665343));
#6525 = CARTESIAN_POINT('',(-0.859818041367,3.438836042153));
#6526 = CARTESIAN_POINT('',(-0.825097862339,3.439034751178));
#6527 = CARTESIAN_POINT('',(-0.790147980705,3.439242745025));
#6528 = CARTESIAN_POINT('',(-0.754960313053,3.439459975648));
#6529 = CARTESIAN_POINT('',(-0.719527014642,3.439686381477));
#6530 = CARTESIAN_POINT('',(-0.683840575355,3.439921885476));
#6531 = CARTESIAN_POINT('',(-0.647893405102,3.440166396848));
#6532 = CARTESIAN_POINT('',(-0.611679337832,3.440419799124));
#6533 = CARTESIAN_POINT('',(-0.575187985557,3.440681989064));
#6534 = CARTESIAN_POINT('',(-0.53841335294,3.440952815641));
#6535 = CARTESIAN_POINT('',(-0.501364669908,3.441231991612));
#6536 = CARTESIAN_POINT('',(-0.464048692858,3.441519217804));
#6537 = CARTESIAN_POINT('',(-0.426474189077,3.441814150795));
#6538 = CARTESIAN_POINT('',(-0.388650838961,3.442116410248));
#6539 = CARTESIAN_POINT('',(-0.350589663248,3.44242557567));
#6540 = CARTESIAN_POINT('',(-0.312303071358,3.442741186074));
#6541 = CARTESIAN_POINT('',(-0.273805042114,3.443062738949));
#6542 = CARTESIAN_POINT('',(-0.23511130345,3.443389689504));
#6543 = CARTESIAN_POINT('',(-0.196239546609,3.443721449991));
#6544 = CARTESIAN_POINT('',(-0.157209685014,3.444057389006));
#6545 = CARTESIAN_POINT('',(-0.118044106013,3.444396831424));
#6546 = CARTESIAN_POINT('',(-7.876814261163E-02,3.444739056541));
#6547 = CARTESIAN_POINT('',(-3.940994376163E-02,3.445083303524));
#6548 = CARTESIAN_POINT('',(-1.313854253528E-02,3.445313601374));
#6549 = CARTESIAN_POINT('',(0.,3.445428816169));
#6550 = ( GEOMETRIC_REPRESENTATION_CONTEXT(2) 
PARAMETRIC_REPRESENTATION_CONTEXT() REPRESENTATION_CONTEXT('2D SPACE',''
  ) );
#6551 = PCURVE('',#4919,#6552);
#6552 = DEFINITIONAL_REPRESENTATION('',(#6553),#6601);
#6553 = B_SPLINE_CURVE_WITH_KNOTS('',3,(#6554,#6555,#6556,#6557,#6558,
    #6559,#6560,#6561,#6562,#6563,#6564,#6565,#6566,#6567,#6568,#6569,
    #6570,#6571,#6572,#6573,#6574,#6575,#6576,#6577,#6578,#6579,#6580,
    #6581,#6582,#6583,#6584,#6585,#6586,#6587,#6588,#6589,#6590,#6591,
    #6592,#6593,#6594,#6595,#6596,#6597,#6598,#6599,#6600),
  .UNSPECIFIED.,.F.,.F.,(4,1,1,1,1,1,1,1,1,1,1,1,1,1,1,1,1,1,1,1,1,1,1,1
    ,1,1,1,1,1,1,1,1,1,1,1,1,1,1,1,1,1,1,1,1,4),(0.,9.491401658619E-02,
    0.189828033172,0.284742049759,0.379656066345,0.474570082931,
    0.569484099517,0.664398116103,0.759312132689,0.854226149276,
    0.949140165862,1.044054182448,1.138968199034,1.23388221562,
    1.328796232207,1.423710248793,1.518624265379,1.613538281965,
    1.708452298551,1.803366315138,1.898280331724,1.99319434831,
    2.088108364896,2.183022381482,2.277936398068,2.372850414655,
    2.467764431241,2.562678447827,2.657592464413,2.752506480999,
    2.847420497586,2.942334514172,3.037248530758,3.132162547344,
    3.22707656393,3.321990580517,3.416904597103,3.511818613689,
    3.606732630275,3.701646646861,3.796560663447,3.891474680034,
    3.98638869662,4.081302713206,4.176216729792),.QUASI_UNIFORM_KNOTS.);
#6554 = CARTESIAN_POINT('',(-1.855294462003,2.127659574468E-02));
#6555 = CARTESIAN_POINT('',(-1.866046383431,2.127659869896E-02));
#6556 = CARTESIAN_POINT('',(-1.887551161445,2.131344945338E-02));
#6557 = CARTESIAN_POINT('',(-1.919788996992,2.147930073926E-02));
#6558 = CARTESIAN_POINT('',(-1.95198548235,2.175575427789E-02));
#6559 = CARTESIAN_POINT('',(-1.984118184958,2.214288448126E-02));
#6560 = CARTESIAN_POINT('',(-2.01616436706,2.264079465481E-02));
#6561 = CARTESIAN_POINT('',(-2.048100921185,2.324961974724E-02));
#6562 = CARTESIAN_POINT('',(-2.079904357442,2.396952367263E-02));
#6563 = CARTESIAN_POINT('',(-2.111550756566,2.480069717349E-02));
#6564 = CARTESIAN_POINT('',(-2.143015807977,2.574335894775E-02));
#6565 = CARTESIAN_POINT('',(-2.174274541865,2.679774317916E-02));
#6566 = CARTESIAN_POINT('',(-2.205302199943,2.796413819E-02));
#6567 = CARTESIAN_POINT('',(-2.236067708919,2.924261062168E-02));
#6568 = CARTESIAN_POINT('',(-2.266546290331,3.063349764809E-02));
#6569 = CARTESIAN_POINT('',(-2.296710726914,3.213709880206E-02));
#6570 = CARTESIAN_POINT('',(-2.326532435169,3.375369452202E-02));
#6571 = CARTESIAN_POINT('',(-2.355981191716,3.548352360283E-02));
#6572 = CARTESIAN_POINT('',(-2.385025224454,3.732677161916E-02));
#6573 = CARTESIAN_POINT('',(-2.413631210059,3.928355636944E-02));
#6574 = CARTESIAN_POINT('',(-2.441764300674,4.135391408012E-02));
#6575 = CARTESIAN_POINT('',(-2.46938814686,4.353778536308E-02));
#6576 = CARTESIAN_POINT('',(-2.496464925766,4.583500121531E-02));
#6577 = CARTESIAN_POINT('',(-2.522955371633,4.824526891136E-02));
#6578 = CARTESIAN_POINT('',(-2.548818811274,5.07681580973E-02));
#6579 = CARTESIAN_POINT('',(-2.574013196926,5.340308600131E-02));
#6580 = CARTESIAN_POINT('',(-2.598495164291,5.6149305791E-02));
#6581 = CARTESIAN_POINT('',(-2.622220012203,5.900588304231E-02));
#6582 = CARTESIAN_POINT('',(-2.645141990436,6.197171643039E-02));
#6583 = CARTESIAN_POINT('',(-2.667213453242,6.504539323613E-02));
#6584 = CARTESIAN_POINT('',(-2.688388261875,6.822566118311E-02));
#6585 = CARTESIAN_POINT('',(-2.70861648805,7.15106883761E-02));
#6586 = CARTESIAN_POINT('',(-2.727839811406,7.489699065889E-02));
#6587 = CARTESIAN_POINT('',(-2.746002474344,7.83809391735E-02));
#6588 = CARTESIAN_POINT('',(-2.763048969002,8.195836834049E-02));
#6589 = CARTESIAN_POINT('',(-2.778925101911,8.562466480517E-02));
#6590 = CARTESIAN_POINT('',(-2.793578180172,8.937472814554E-02));
#6591 = CARTESIAN_POINT('',(-2.806957465257,9.320296675846E-02));
#6592 = CARTESIAN_POINT('',(-2.819014592337,9.710328536501E-02));
#6593 = CARTESIAN_POINT('',(-2.829704043532,0.101069075856));
#6594 = CARTESIAN_POINT('',(-2.838983649826,0.105093209056));
#6595 = CARTESIAN_POINT('',(-2.846815160432,0.109168026274));
#6596 = CARTESIAN_POINT('',(-2.853164775848,0.113285338483));
#6597 = CARTESIAN_POINT('',(-2.858004047031,0.117436403822));
#6598 = CARTESIAN_POINT('',(-2.861309660832,0.12161199365));
#6599 = CARTESIAN_POINT('',(-2.862481656781,0.124405422227));
#6600 = CARTESIAN_POINT('',(-2.862806945757,0.125802935485));
#6601 = ( GEOMETRIC_REPRESENTATION_CONTEXT(2) 
PARAMETRIC_REPRESENTATION_CONTEXT() REPRESENTATION_CONTEXT('2D SPACE',''
  ) );
#6602 = ADVANCED_FACE('',(#6603),#4919,.F.);
#6603 = FACE_BOUND('',#6604,.F.);
#6604 = EDGE_LOOP('',(#6605,#6627,#6628,#6629,#6649));
#6605 = ORIENTED_EDGE('',*,*,#6606,.F.);
#6606 = EDGE_CURVE('',#4874,#6607,#6609,.T.);
#6607 = VERTEX_POINT('',#6608);
#6608 = CARTESIAN_POINT('',(-22.89550768257,-45.7275,11.256));
#6609 = SURFACE_CURVE('',#6610,(#6614,#6620),.PCURVE_S1.);
#6610 = LINE('',#6611,#6612);
#6611 = CARTESIAN_POINT('',(-26.07975,-45.7275,11.256));
#6612 = VECTOR('',#6613,1.);
#6613 = DIRECTION('',(1.,0.,0.));
#6614 = PCURVE('',#4919,#6615);
#6615 = DEFINITIONAL_REPRESENTATION('',(#6616),#6619);
#6616 = B_SPLINE_CURVE_WITH_KNOTS('',1,(#6617,#6618),.UNSPECIFIED.,.F.,
  .F.,(2,2),(-3.012622979241,3.184242317427),.PIECEWISE_BEZIER_KNOTS.);
#6617 = CARTESIAN_POINT('',(-3.071038879461,1.));
#6618 = CARTESIAN_POINT('',(3.245985981593,1.));
#6619 = ( GEOMETRIC_REPRESENTATION_CONTEXT(2) 
PARAMETRIC_REPRESENTATION_CONTEXT() REPRESENTATION_CONTEXT('2D SPACE',''
  ) );
#6620 = PCURVE('',#4889,#6621);
#6621 = DEFINITIONAL_REPRESENTATION('',(#6622),#6626);
#6622 = LINE('',#6623,#6624);
#6623 = CARTESIAN_POINT('',(3.32986512291,-0.496994794464));
#6624 = VECTOR('',#6625,1.);
#6625 = DIRECTION('',(0.989044367093,-0.147618562253));
#6626 = ( GEOMETRIC_REPRESENTATION_CONTEXT(2) 
PARAMETRIC_REPRESENTATION_CONTEXT() REPRESENTATION_CONTEXT('2D SPACE',''
  ) );
#6627 = ORIENTED_EDGE('',*,*,#4901,.F.);
#6628 = ORIENTED_EDGE('',*,*,#6477,.F.);
#6629 = ORIENTED_EDGE('',*,*,#6630,.F.);
#6630 = EDGE_CURVE('',#6631,#6456,#6633,.T.);
#6631 = VERTEX_POINT('',#6632);
#6632 = CARTESIAN_POINT('',(-22.96219020506,-45.80818861959,2.01));
#6633 = SURFACE_CURVE('',#6634,(#6637,#6643),.PCURVE_S1.);
#6634 = B_SPLINE_CURVE_WITH_KNOTS('',1,(#6635,#6636),.UNSPECIFIED.,.F.,
  .F.,(2,2),(0.,1.),.PIECEWISE_BEZIER_KNOTS.);
#6635 = CARTESIAN_POINT('',(-22.6323113804,-45.80818861959,2.01));
#6636 = CARTESIAN_POINT('',(-27.94337269948,-45.80818861959,2.01));
#6637 = PCURVE('',#4919,#6638);
#6638 = DEFINITIONAL_REPRESENTATION('',(#6639),#6642);
#6639 = B_SPLINE_CURVE_WITH_KNOTS('',1,(#6640,#6641),.UNSPECIFIED.,.F.,
  .F.,(2,2),(6.211165807347E-02,1.),.PIECEWISE_BEZIER_KNOTS.);
#6640 = CARTESIAN_POINT('',(3.103627909292,2.127659574468E-02));
#6641 = CARTESIAN_POINT('',(-1.855294462003,2.127659574468E-02));
#6642 = ( GEOMETRIC_REPRESENTATION_CONTEXT(2) 
PARAMETRIC_REPRESENTATION_CONTEXT() REPRESENTATION_CONTEXT('2D SPACE',''
  ) );
#6643 = PCURVE('',#5005,#6644);
#6644 = DEFINITIONAL_REPRESENTATION('',(#6645),#6648);
#6645 = B_SPLINE_CURVE_WITH_KNOTS('',1,(#6646,#6647),.UNSPECIFIED.,.F.,
  .F.,(2,2),(0.,1.),.PIECEWISE_BEZIER_KNOTS.);
#6646 = CARTESIAN_POINT('',(-3.537311380407,-95.05318861959));
#6647 = CARTESIAN_POINT('',(-8.848372699484,-95.05318861959));
#6648 = ( GEOMETRIC_REPRESENTATION_CONTEXT(2) 
PARAMETRIC_REPRESENTATION_CONTEXT() REPRESENTATION_CONTEXT('2D SPACE',''
  ) );
#6649 = ORIENTED_EDGE('',*,*,#6650,.T.);
#6650 = EDGE_CURVE('',#6631,#6607,#6651,.T.);
#6651 = SURFACE_CURVE('',#6652,(#6658,#6667),.PCURVE_S1.);
#6652 = B_SPLINE_CURVE_WITH_KNOTS('',4,(#6653,#6654,#6655,#6656,#6657),
  .UNSPECIFIED.,.F.,.F.,(5,5),(0.,1.),.PIECEWISE_BEZIER_KNOTS.);
#6653 = CARTESIAN_POINT('',(-22.96219020506,-45.80818861959,2.01));
#6654 = CARTESIAN_POINT('',(-22.94571370606,-45.78801638846,
    4.321508735253));
#6655 = CARTESIAN_POINT('',(-22.92911078028,-45.76784420584,
    6.633011911511));
#6656 = CARTESIAN_POINT('',(-22.9123770725,-45.74767207505,
    8.944509149592));
#6657 = CARTESIAN_POINT('',(-22.89550768257,-45.7275,11.256));
#6658 = PCURVE('',#4919,#6659);
#6659 = DEFINITIONAL_REPRESENTATION('',(#6660),#6666);
#6660 = B_SPLINE_CURVE_WITH_KNOTS('',4,(#6661,#6662,#6663,#6664,#6665),
  .UNSPECIFIED.,.F.,.F.,(5,5),(0.,1.),.PIECEWISE_BEZIER_KNOTS.);
#6661 = CARTESIAN_POINT('',(3.103627909292,2.12765957447E-02));
#6662 = CARTESIAN_POINT('',(3.13819124563,0.265958371467));
#6663 = CARTESIAN_POINT('',(3.173419720693,0.51063955875));
#6664 = CARTESIAN_POINT('',(3.209340977268,0.755320117454));
#6665 = CARTESIAN_POINT('',(3.245985981593,1.));
#6666 = ( GEOMETRIC_REPRESENTATION_CONTEXT(2) 
PARAMETRIC_REPRESENTATION_CONTEXT() REPRESENTATION_CONTEXT('2D SPACE',''
  ) );
#6667 = PCURVE('',#6668,#6673);
#6668 = CONICAL_SURFACE('',#6669,2.925385377047,8.726646259972E-03);
#6669 = AXIS2_PLACEMENT_3D('',#6670,#6671,#6672);
#6670 = CARTESIAN_POINT('',(-20.1,-45.225,1.5075));
#6671 = DIRECTION('',(0.,0.,-1.));
#6672 = DIRECTION('',(1.,0.,0.));
#6673 = DEFINITIONAL_REPRESENTATION('',(#6674),#6680);
#6674 = B_SPLINE_CURVE_WITH_KNOTS('',4,(#6675,#6676,#6677,#6678,#6679),
  .UNSPECIFIED.,.F.,.F.,(5,5),(0.,1.),.PIECEWISE_BEZIER_KNOTS.);
#6675 = CARTESIAN_POINT('',(-3.342597193939,-0.5025));
#6676 = CARTESIAN_POINT('',(-3.336956489287,-2.814008735253));
#6677 = CARTESIAN_POINT('',(-3.331220562479,-5.125511911539));
#6678 = CARTESIAN_POINT('',(-3.325385298493,-7.43700914957));
#6679 = CARTESIAN_POINT('',(-3.319446023911,-9.748499999978));
#6680 = ( GEOMETRIC_REPRESENTATION_CONTEXT(2) 
PARAMETRIC_REPRESENTATION_CONTEXT() REPRESENTATION_CONTEXT('2D SPACE',''
  ) );
#6681 = ADVANCED_FACE('',(#6682),#4889,.F.);
#6682 = FACE_BOUND('',#6683,.F.);
#6683 = EDGE_LOOP('',(#6684,#6685,#6686,#6709));
#6684 = ORIENTED_EDGE('',*,*,#4873,.F.);
#6685 = ORIENTED_EDGE('',*,*,#6606,.T.);
#6686 = ORIENTED_EDGE('',*,*,#6687,.F.);
#6687 = EDGE_CURVE('',#6688,#6607,#6690,.T.);
#6688 = VERTEX_POINT('',#6689);
#6689 = CARTESIAN_POINT('',(-22.89550768257,-44.7225,11.256));
#6690 = SURFACE_CURVE('',#6691,(#6696,#6703),.PCURVE_S1.);
#6691 = CIRCLE('',#6692,2.840311506389);
#6692 = AXIS2_PLACEMENT_3D('',#6693,#6694,#6695);
#6693 = CARTESIAN_POINT('',(-20.1,-45.225,11.256));
#6694 = DIRECTION('',(0.,0.,1.));
#6695 = DIRECTION('',(1.,0.,-0.));
#6696 = PCURVE('',#4889,#6697);
#6697 = DEFINITIONAL_REPRESENTATION('',(#6698),#6702);
#6698 = CIRCLE('',#6699,2.840311506389);
#6699 = AXIS2_PLACEMENT_2D('',#6700,#6701);
#6700 = CARTESIAN_POINT('',(9.318281504567,-0.882722097631));
#6701 = DIRECTION('',(0.989044367093,-0.147618562253));
#6702 = ( GEOMETRIC_REPRESENTATION_CONTEXT(2) 
PARAMETRIC_REPRESENTATION_CONTEXT() REPRESENTATION_CONTEXT('2D SPACE',''
  ) );
#6703 = PCURVE('',#6668,#6704);
#6704 = DEFINITIONAL_REPRESENTATION('',(#6705),#6708);
#6705 = B_SPLINE_CURVE_WITH_KNOTS('',1,(#6706,#6707),.UNSPECIFIED.,.F.,
  .F.,(2,2),(2.963739283268,3.319446023911),.PIECEWISE_BEZIER_KNOTS.);
#6706 = CARTESIAN_POINT('',(-2.963739283268,-9.7485));
#6707 = CARTESIAN_POINT('',(-3.319446023911,-9.7485));
#6708 = ( GEOMETRIC_REPRESENTATION_CONTEXT(2) 
PARAMETRIC_REPRESENTATION_CONTEXT() REPRESENTATION_CONTEXT('2D SPACE',''
  ) );
#6709 = ORIENTED_EDGE('',*,*,#6710,.F.);
#6710 = EDGE_CURVE('',#4840,#6688,#6711,.T.);
#6711 = SURFACE_CURVE('',#6712,(#6716,#6723),.PCURVE_S1.);
#6712 = LINE('',#6713,#6714);
#6713 = CARTESIAN_POINT('',(-26.07975,-44.7225,11.256));
#6714 = VECTOR('',#6715,1.);
#6715 = DIRECTION('',(1.,0.,0.));
#6716 = PCURVE('',#4889,#6717);
#6717 = DEFINITIONAL_REPRESENTATION('',(#6718),#6722);
#6718 = LINE('',#6719,#6720);
#6719 = CARTESIAN_POINT('',(3.478221777974,0.496994794464));
#6720 = VECTOR('',#6721,1.);
#6721 = DIRECTION('',(0.989044367093,-0.147618562253));
#6722 = ( GEOMETRIC_REPRESENTATION_CONTEXT(2) 
PARAMETRIC_REPRESENTATION_CONTEXT() REPRESENTATION_CONTEXT('2D SPACE',''
  ) );
#6723 = PCURVE('',#4859,#6724);
#6724 = DEFINITIONAL_REPRESENTATION('',(#6725),#6728);
#6725 = B_SPLINE_CURVE_WITH_KNOTS('',1,(#6726,#6727),.UNSPECIFIED.,.F.,
  .F.,(2,2),(-3.012622979241,3.184242317427),.PIECEWISE_BEZIER_KNOTS.);
#6726 = CARTESIAN_POINT('',(3.071038879461,1.));
#6727 = CARTESIAN_POINT('',(-3.245985981593,1.));
#6728 = ( GEOMETRIC_REPRESENTATION_CONTEXT(2) 
PARAMETRIC_REPRESENTATION_CONTEXT() REPRESENTATION_CONTEXT('2D SPACE',''
  ) );
#6729 = ADVANCED_FACE('',(#6730),#4859,.F.);
#6730 = FACE_BOUND('',#6731,.F.);
#6731 = EDGE_LOOP('',(#6732,#6733,#6734,#6763,#6783));
#6732 = ORIENTED_EDGE('',*,*,#4839,.T.);
#6733 = ORIENTED_EDGE('',*,*,#6710,.T.);
#6734 = ORIENTED_EDGE('',*,*,#6735,.T.);
#6735 = EDGE_CURVE('',#6688,#6736,#6738,.T.);
#6736 = VERTEX_POINT('',#6737);
#6737 = CARTESIAN_POINT('',(-22.96219020506,-44.6418113804,2.01));
#6738 = SURFACE_CURVE('',#6739,(#6745,#6754),.PCURVE_S1.);
#6739 = B_SPLINE_CURVE_WITH_KNOTS('',4,(#6740,#6741,#6742,#6743,#6744),
  .UNSPECIFIED.,.F.,.F.,(5,5),(0.,1.),.PIECEWISE_BEZIER_KNOTS.);
#6740 = CARTESIAN_POINT('',(-22.89550768257,-44.7225,11.256));
#6741 = CARTESIAN_POINT('',(-22.9123770725,-44.70232792494,
    8.944509149623));
#6742 = CARTESIAN_POINT('',(-22.92911078028,-44.68215579415,
    6.633011911308));
#6743 = CARTESIAN_POINT('',(-22.94571370606,-44.66198361153,
    4.321508735223));
#6744 = CARTESIAN_POINT('',(-22.96219020506,-44.6418113804,2.01));
#6745 = PCURVE('',#4859,#6746);
#6746 = DEFINITIONAL_REPRESENTATION('',(#6747),#6753);
#6747 = B_SPLINE_CURVE_WITH_KNOTS('',4,(#6748,#6749,#6750,#6751,#6752),
  .UNSPECIFIED.,.F.,.F.,(5,5),(0.,1.),.PIECEWISE_BEZIER_KNOTS.);
#6748 = CARTESIAN_POINT('',(-3.245985981593,1.));
#6749 = CARTESIAN_POINT('',(-3.209340977268,0.755320117458));
#6750 = CARTESIAN_POINT('',(-3.173419720681,0.510639558664));
#6751 = CARTESIAN_POINT('',(-3.138191245637,0.265958371516));
#6752 = CARTESIAN_POINT('',(-3.103627909299,2.12765957966E-02));
#6753 = ( GEOMETRIC_REPRESENTATION_CONTEXT(2) 
PARAMETRIC_REPRESENTATION_CONTEXT() REPRESENTATION_CONTEXT('2D SPACE',''
  ) );
#6754 = PCURVE('',#6668,#6755);
#6755 = DEFINITIONAL_REPRESENTATION('',(#6756),#6762);
#6756 = B_SPLINE_CURVE_WITH_KNOTS('',4,(#6757,#6758,#6759,#6760,#6761),
  .UNSPECIFIED.,.F.,.F.,(5,5),(0.,1.),.PIECEWISE_BEZIER_KNOTS.);
#6757 = CARTESIAN_POINT('',(-2.963739283268,-9.748499999739));
#6758 = CARTESIAN_POINT('',(-2.957800008686,-7.437009149362));
#6759 = CARTESIAN_POINT('',(-2.951964744701,-5.125511911634));
#6760 = CARTESIAN_POINT('',(-2.946228817892,-2.814008735223));
#6761 = CARTESIAN_POINT('',(-2.940588113241,-0.5025));
#6762 = ( GEOMETRIC_REPRESENTATION_CONTEXT(2) 
PARAMETRIC_REPRESENTATION_CONTEXT() REPRESENTATION_CONTEXT('2D SPACE',''
  ) );
#6763 = ORIENTED_EDGE('',*,*,#6764,.F.);
#6764 = EDGE_CURVE('',#6765,#6736,#6767,.T.);
#6765 = VERTEX_POINT('',#6766);
#6766 = CARTESIAN_POINT('',(-27.94337269948,-44.6418113804,2.01));
#6767 = SURFACE_CURVE('',#6768,(#6771,#6777),.PCURVE_S1.);
#6768 = B_SPLINE_CURVE_WITH_KNOTS('',1,(#6769,#6770),.UNSPECIFIED.,.F.,
  .F.,(2,2),(0.,1.),.PIECEWISE_BEZIER_KNOTS.);
#6769 = CARTESIAN_POINT('',(-27.94337269948,-44.6418113804,2.01));
#6770 = CARTESIAN_POINT('',(-22.6323113804,-44.6418113804,2.01));
#6771 = PCURVE('',#4859,#6772);
#6772 = DEFINITIONAL_REPRESENTATION('',(#6773),#6776);
#6773 = B_SPLINE_CURVE_WITH_KNOTS('',1,(#6774,#6775),.UNSPECIFIED.,.F.,
  .F.,(2,2),(0.,0.937888341927),.PIECEWISE_BEZIER_KNOTS.);
#6774 = CARTESIAN_POINT('',(1.855294462003,2.127659574468E-02));
#6775 = CARTESIAN_POINT('',(-3.103627909292,2.127659574468E-02));
#6776 = ( GEOMETRIC_REPRESENTATION_CONTEXT(2) 
PARAMETRIC_REPRESENTATION_CONTEXT() REPRESENTATION_CONTEXT('2D SPACE',''
  ) );
#6777 = PCURVE('',#5005,#6778);
#6778 = DEFINITIONAL_REPRESENTATION('',(#6779),#6782);
#6779 = B_SPLINE_CURVE_WITH_KNOTS('',1,(#6780,#6781),.UNSPECIFIED.,.F.,
  .F.,(2,2),(0.,1.),.PIECEWISE_BEZIER_KNOTS.);
#6780 = CARTESIAN_POINT('',(-8.848372699484,-93.8868113804));
#6781 = CARTESIAN_POINT('',(-3.537311380407,-93.8868113804));
#6782 = ( GEOMETRIC_REPRESENTATION_CONTEXT(2) 
PARAMETRIC_REPRESENTATION_CONTEXT() REPRESENTATION_CONTEXT('2D SPACE',''
  ) );
#6783 = ORIENTED_EDGE('',*,*,#6784,.F.);
#6784 = EDGE_CURVE('',#4813,#6765,#6785,.T.);
#6785 = SURFACE_CURVE('',#6786,(#6801,#6819),.PCURVE_S1.);
#6786 = B_SPLINE_CURVE_WITH_KNOTS('',7,(#6787,#6788,#6789,#6790,#6791,
    #6792,#6793,#6794,#6795,#6796,#6797,#6798,#6799,#6800),
  .UNSPECIFIED.,.F.,.F.,(8,6,8),(0.,0.379779707811,1.),.UNSPECIFIED.);
#6787 = CARTESIAN_POINT('',(-28.94821963311,-44.65042881616,
    2.997460331531));
#6788 = CARTESIAN_POINT('',(-28.9465680164,-44.6496030707,2.902839273774
    ));
#6789 = CARTESIAN_POINT('',(-28.93452297933,-44.64877972513,2.8084932161
    ));
#6790 = CARTESIAN_POINT('',(-28.91216139198,-44.64797831253,
    2.716660428252));
#6791 = CARTESIAN_POINT('',(-28.88034627219,-44.64721414885,
    2.629095942942));
#6792 = CARTESIAN_POINT('',(-28.84023340921,-44.64649821615,
    2.547058182252));
#6793 = CARTESIAN_POINT('',(-28.79310311143,-44.6458378113,2.47138328139
    ));
#6794 = CARTESIAN_POINT('',(-28.65380760498,-44.64425622298,
    2.290151210987));
#6795 = CARTESIAN_POINT('',(-28.55210171821,-44.64343554277,
    2.196110573375));
#6796 = CARTESIAN_POINT('',(-28.43955592669,-44.64278161937,
    2.121178373859));
#6797 = CARTESIAN_POINT('',(-28.31977022667,-44.64229505989,
    2.065424179851));
#6798 = CARTESIAN_POINT('',(-28.19572725942,-44.64197301823,
    2.028521860282));
#6799 = CARTESIAN_POINT('',(-28.06968943009,-44.6418113804,2.01));
#6800 = CARTESIAN_POINT('',(-27.94337269948,-44.6418113804,2.01));
#6801 = PCURVE('',#4859,#6802);
#6802 = DEFINITIONAL_REPRESENTATION('',(#6803),#6818);
#6803 = B_SPLINE_CURVE_WITH_KNOTS('',7,(#6804,#6805,#6806,#6807,#6808,
    #6809,#6810,#6811,#6812,#6813,#6814,#6815,#6816,#6817),
  .UNSPECIFIED.,.F.,.F.,(8,6,8),(0.,0.379779707811,1.),.UNSPECIFIED.);
#6804 = CARTESIAN_POINT('',(2.862806945757,0.125802935485));
#6805 = CARTESIAN_POINT('',(2.860471159241,0.115786945461));
#6806 = CARTESIAN_POINT('',(2.847765777427,0.105800065216));
#6807 = CARTESIAN_POINT('',(2.824794225516,9.60792239073E-02));
#6808 = CARTESIAN_POINT('',(2.792440686295,8.681019825782E-02));
#6809 = CARTESIAN_POINT('',(2.751873240864,7.812619691457E-02));
#6810 = CARTESIAN_POINT('',(2.704376869393,7.011572789138E-02));
#6811 = CARTESIAN_POINT('',(2.56434840924,5.093164083701E-02));
#6812 = CARTESIAN_POINT('',(2.462422274965,4.097709043872E-02));
#6813 = CARTESIAN_POINT('',(2.349881092375,3.304523910858E-02));
#6814 = CARTESIAN_POINT('',(2.23029499312,2.714345081519E-02));
#6815 = CARTESIAN_POINT('',(2.106608276604,2.32372033748E-02));
#6816 = CARTESIAN_POINT('',(1.981046702962,2.127659574468E-02));
#6817 = CARTESIAN_POINT('',(1.855294462003,2.127659574468E-02));
#6818 = ( GEOMETRIC_REPRESENTATION_CONTEXT(2) 
PARAMETRIC_REPRESENTATION_CONTEXT() REPRESENTATION_CONTEXT('2D SPACE',''
  ) );
#6819 = PCURVE('',#4828,#6820);
#6820 = DEFINITIONAL_REPRESENTATION('',(#6821),#6836);
#6821 = B_SPLINE_CURVE_WITH_KNOTS('',7,(#6822,#6823,#6824,#6825,#6826,
    #6827,#6828,#6829,#6830,#6831,#6832,#6833,#6834,#6835),
  .UNSPECIFIED.,.F.,.F.,(8,6,8),(0.,0.379779707811,1.),.UNSPECIFIED.);
#6822 = CARTESIAN_POINT('',(0.,4.594571183831));
#6823 = CARTESIAN_POINT('',(-9.416464795784E-02,4.595396929293));
#6824 = CARTESIAN_POINT('',(-0.188235961859,4.596220274865));
#6825 = CARTESIAN_POINT('',(-0.281351342312,4.597021687463));
#6826 = CARTESIAN_POINT('',(-0.373094590946,4.59778585115));
#6827 = CARTESIAN_POINT('',(-0.463190146879,4.598501783841));
#6828 = CARTESIAN_POINT('',(-0.551470064362,4.599162188696));
#6829 = CARTESIAN_POINT('',(-0.778911729645,4.600743777014));
#6830 = CARTESIAN_POINT('',(-0.914773273332,4.601564457225));
#6831 = CARTESIAN_POINT('',(-1.046716807469,4.602218380624));
#6832 = CARTESIAN_POINT('',(-1.175575277283,4.602704940103));
#6833 = CARTESIAN_POINT('',(-1.302244053514,4.603026981767));
#6834 = CARTESIAN_POINT('',(-1.427654745109,4.603188619593));
#6835 = CARTESIAN_POINT('',(-1.553343034275,4.603188619593));
#6836 = ( GEOMETRIC_REPRESENTATION_CONTEXT(2) 
PARAMETRIC_REPRESENTATION_CONTEXT() REPRESENTATION_CONTEXT('2D SPACE',''
  ) );
#6837 = ADVANCED_FACE('',(#6838),#4828,.T.);
#6838 = FACE_BOUND('',#6839,.F.);
#6839 = EDGE_LOOP('',(#6840,#6841,#6842,#6864));
#6840 = ORIENTED_EDGE('',*,*,#4812,.F.);
#6841 = ORIENTED_EDGE('',*,*,#6784,.T.);
#6842 = ORIENTED_EDGE('',*,*,#6843,.T.);
#6843 = EDGE_CURVE('',#6765,#6844,#6846,.T.);
#6844 = VERTEX_POINT('',#6845);
#6845 = CARTESIAN_POINT('',(-27.94337269948,-16.5835935149,2.01));
#6846 = SURFACE_CURVE('',#6847,(#6851,#6857),.PCURVE_S1.);
#6847 = LINE('',#6848,#6849);
#6848 = CARTESIAN_POINT('',(-27.94337269948,-49.245,2.01));
#6849 = VECTOR('',#6850,1.);
#6850 = DIRECTION('',(0.,1.,0.));
#6851 = PCURVE('',#4828,#6852);
#6852 = DEFINITIONAL_REPRESENTATION('',(#6853),#6856);
#6853 = B_SPLINE_CURVE_WITH_KNOTS('',1,(#6854,#6855),.UNSPECIFIED.,.F.,
  .F.,(2,2),(4.603188619593,32.661406485092),.PIECEWISE_BEZIER_KNOTS.);
#6854 = CARTESIAN_POINT('',(-1.553343034275,4.603188619593));
#6855 = CARTESIAN_POINT('',(-1.553343034275,32.661406485092));
#6856 = ( GEOMETRIC_REPRESENTATION_CONTEXT(2) 
PARAMETRIC_REPRESENTATION_CONTEXT() REPRESENTATION_CONTEXT('2D SPACE',''
  ) );
#6857 = PCURVE('',#5005,#6858);
#6858 = DEFINITIONAL_REPRESENTATION('',(#6859),#6863);
#6859 = LINE('',#6860,#6861);
#6860 = CARTESIAN_POINT('',(-8.848372699484,-98.49));
#6861 = VECTOR('',#6862,1.);
#6862 = DIRECTION('',(0.,1.));
#6863 = ( GEOMETRIC_REPRESENTATION_CONTEXT(2) 
PARAMETRIC_REPRESENTATION_CONTEXT() REPRESENTATION_CONTEXT('2D SPACE',''
  ) );
#6864 = ORIENTED_EDGE('',*,*,#6865,.T.);
#6865 = EDGE_CURVE('',#6844,#4779,#6866,.T.);
#6866 = SURFACE_CURVE('',#6867,(#6885,#6914),.PCURVE_S1.);
#6867 = B_SPLINE_CURVE_WITH_KNOTS('',6,(#6868,#6869,#6870,#6871,#6872,
    #6873,#6874,#6875,#6876,#6877,#6878,#6879,#6880,#6881,#6882,#6883,
    #6884),.UNSPECIFIED.,.F.,.F.,(7,5,5,7),(0.,1.,1.647176586552,
    2.39273673487),.UNSPECIFIED.);
#6868 = CARTESIAN_POINT('',(-27.94337269948,-16.5835935149,2.01));
#6869 = CARTESIAN_POINT('',(-28.0427682146,-16.5835935149,2.01));
#6870 = CARTESIAN_POINT('',(-28.14210040367,-16.58349057035,
    2.021796276991));
#6871 = CARTESIAN_POINT('',(-28.24029545927,-16.58328491823,
    2.045361676323));
#6872 = CARTESIAN_POINT('',(-28.33610993878,-16.5829752075,
    2.080851010388));
#6873 = CARTESIAN_POINT('',(-28.42809126056,-16.58256043246,
    2.128379522838));
#6874 = CARTESIAN_POINT('',(-28.57039178283,-16.58170280121,
    2.226654329639));
#6875 = CARTESIAN_POINT('',(-28.62393133616,-16.58132165902,
    2.270328898991));
#6876 = CARTESIAN_POINT('',(-28.67460974068,-16.58089630084,
    2.319070118996));
#6877 = CARTESIAN_POINT('',(-28.72182219385,-16.58042723314,
    2.372819952765));
#6878 = CARTESIAN_POINT('',(-28.76486826622,-16.5799160625,
    2.431394306655));
#6879 = CARTESIAN_POINT('',(-28.84698036815,-16.57873279295,
    2.566983566784));
#6880 = CARTESIAN_POINT('',(-28.88448503946,-16.57804749534,
    2.645510895783));
#6881 = CARTESIAN_POINT('',(-28.91430710291,-16.57731688964,
    2.729230016742));
#6882 = CARTESIAN_POINT('',(-28.93531451247,-16.5765511116,
    2.816979488785));
#6883 = CARTESIAN_POINT('',(-28.94664233247,-16.5757646694,2.90709683857
    ));
#6884 = CARTESIAN_POINT('',(-28.94821963311,-16.57497607914,
    2.997460331531));
#6885 = PCURVE('',#4828,#6886);
#6886 = DEFINITIONAL_REPRESENTATION('',(#6887),#6913);
#6887 = B_SPLINE_CURVE_WITH_KNOTS('',3,(#6888,#6889,#6890,#6891,#6892,
    #6893,#6894,#6895,#6896,#6897,#6898,#6899,#6900,#6901,#6902,#6903,
    #6904,#6905,#6906,#6907,#6908,#6909,#6910,#6911,#6912),
  .UNSPECIFIED.,.F.,.F.,(4,1,1,1,1,1,1,1,1,1,1,1,1,1,1,1,1,1,1,1,1,1,4),
  (0.,0.108760760676,0.217521521352,0.326282282028,0.435043042704,
    0.54380380338,0.652564564055,0.761325324731,0.870086085407,
    0.978846846083,1.087607606759,1.196368367435,1.305129128111,
    1.413889888787,1.522650649463,1.631411410139,1.740172170815,
    1.84893293149,1.957693692166,2.066454452842,2.175215213518,
    2.283975974194,2.39273673487),.QUASI_UNIFORM_KNOTS.);
#6888 = CARTESIAN_POINT('',(-1.553343034275,32.661406485092));
#6889 = CARTESIAN_POINT('',(-1.531830450589,32.661406489813));
#6890 = CARTESIAN_POINT('',(-1.488810721376,32.661418658028));
#6891 = CARTESIAN_POINT('',(-1.424204577476,32.661473450007));
#6892 = CARTESIAN_POINT('',(-1.359427077572,32.661564826819));
#6893 = CARTESIAN_POINT('',(-1.29439021051,32.661692897223));
#6894 = CARTESIAN_POINT('',(-1.229008085201,32.661857792108));
#6895 = CARTESIAN_POINT('',(-1.163196157444,32.662059659009));
#6896 = CARTESIAN_POINT('',(-1.096869309217,32.662298650977));
#6897 = CARTESIAN_POINT('',(-1.029940896757,32.662574917085));
#6898 = CARTESIAN_POINT('',(-0.962318540464,32.662888607058));
#6899 = CARTESIAN_POINT('',(-0.893910639608,32.663239832787));
#6900 = CARTESIAN_POINT('',(-0.824658239827,32.663628445308));
#6901 = CARTESIAN_POINT('',(-0.75448474156,32.664054246991));
#6902 = CARTESIAN_POINT('',(-0.683335356726,32.664516742675));
#6903 = CARTESIAN_POINT('',(-0.611164955651,32.665015143614));
#6904 = CARTESIAN_POINT('',(-0.537950410204,32.665548224613));
#6905 = CARTESIAN_POINT('',(-0.463658274559,32.666114515049));
#6906 = CARTESIAN_POINT('',(-0.388314007645,32.666711738367));
#6907 = CARTESIAN_POINT('',(-0.312021737768,32.66733653508));
#6908 = CARTESIAN_POINT('',(-0.234889718848,32.66798503072));
#6909 = CARTESIAN_POINT('',(-0.157057504635,32.668652642698));
#6910 = CARTESIAN_POINT('',(-7.869081859847E-02,32.669334194652));
#6911 = CARTESIAN_POINT('',(-2.624120847949E-02,32.669793789424));
#6912 = CARTESIAN_POINT('',(0.,32.670023920854));
#6913 = ( GEOMETRIC_REPRESENTATION_CONTEXT(2) 
PARAMETRIC_REPRESENTATION_CONTEXT() REPRESENTATION_CONTEXT('2D SPACE',''
  ) );
#6914 = PCURVE('',#4798,#6915);
#6915 = DEFINITIONAL_REPRESENTATION('',(#6916),#6942);
#6916 = B_SPLINE_CURVE_WITH_KNOTS('',3,(#6917,#6918,#6919,#6920,#6921,
    #6922,#6923,#6924,#6925,#6926,#6927,#6928,#6929,#6930,#6931,#6932,
    #6933,#6934,#6935,#6936,#6937,#6938,#6939,#6940,#6941),
  .UNSPECIFIED.,.F.,.F.,(4,1,1,1,1,1,1,1,1,1,1,1,1,1,1,1,1,1,1,1,1,1,4),
  (0.,0.108760760676,0.217521521352,0.326282282028,0.435043042704,
    0.54380380338,0.652564564055,0.761325324731,0.870086085407,
    0.978846846083,1.087607606759,1.196368367435,1.305129128111,
    1.413889888787,1.522650649463,1.631411410139,1.740172170815,
    1.84893293149,1.957693692166,2.066454452842,2.175215213518,
    2.283975974194,2.39273673487),.QUASI_UNIFORM_KNOTS.);
#6917 = CARTESIAN_POINT('',(-1.175101444572,2.777777777778E-02));
#6918 = CARTESIAN_POINT('',(-1.196627534679,2.777785254655E-02));
#6919 = CARTESIAN_POINT('',(-1.239680329226,2.797054730682E-02));
#6920 = CARTESIAN_POINT('',(-1.304084612316,2.88382281983E-02));
#6921 = CARTESIAN_POINT('',(-1.368140925196,3.028526324034E-02));
#6922 = CARTESIAN_POINT('',(-1.431663290495,3.231337472455E-02));
#6923 = CARTESIAN_POINT('',(-1.49445649721,3.492463540232E-02));
#6924 = CARTESIAN_POINT('',(-1.556314210379,3.81213816265E-02));
#6925 = CARTESIAN_POINT('',(-1.617018662753,4.190603710108E-02));
#6926 = CARTESIAN_POINT('',(-1.676339172187,4.628096252081E-02));
#6927 = CARTESIAN_POINT('',(-1.734033356256,5.124852893871E-02));
#6928 = CARTESIAN_POINT('',(-1.789838315283,5.681050822831E-02));
#6929 = CARTESIAN_POINT('',(-1.843445275708,6.296454142335E-02));
#6930 = CARTESIAN_POINT('',(-1.894541062996,6.97074988769E-02));
#6931 = CARTESIAN_POINT('',(-1.942777130676,7.703153924557E-02));
#6932 = CARTESIAN_POINT('',(-1.987782674614,8.492417203712E-02));
#6933 = CARTESIAN_POINT('',(-2.029162311892,9.336599514277E-02));
#6934 = CARTESIAN_POINT('',(-2.066519328164,0.102333719944));
#6935 = CARTESIAN_POINT('',(-2.0994256043,0.111791295102));
#6936 = CARTESIAN_POINT('',(-2.127442387318,0.121685520086));
#6937 = CARTESIAN_POINT('',(-2.150172541154,0.131955039162));
#6938 = CARTESIAN_POINT('',(-2.16726704616,0.142527282845));
#6939 = CARTESIAN_POINT('',(-2.17843163676,0.153320278757));
#6940 = CARTESIAN_POINT('',(-2.18180535441,0.160598380545));
#6941 = CARTESIAN_POINT('',(-2.182440138744,0.164242721328));
#6942 = ( GEOMETRIC_REPRESENTATION_CONTEXT(2) 
PARAMETRIC_REPRESENTATION_CONTEXT() REPRESENTATION_CONTEXT('2D SPACE',''
  ) );
#6943 = ADVANCED_FACE('',(#6944),#4798,.F.);
#6944 = FACE_BOUND('',#6945,.F.);
#6945 = EDGE_LOOP('',(#6946,#6968,#6969,#6970,#6990));
#6946 = ORIENTED_EDGE('',*,*,#6947,.F.);
#6947 = EDGE_CURVE('',#4751,#6948,#6950,.T.);
#6948 = VERTEX_POINT('',#6949);
#6949 = CARTESIAN_POINT('',(-24.24793731889,-16.5222,9.045));
#6950 = SURFACE_CURVE('',#6951,(#6955,#6961),.PCURVE_S1.);
#6951 = LINE('',#6952,#6953);
#6952 = CARTESIAN_POINT('',(-26.76315,-16.5222,9.045));
#6953 = VECTOR('',#6954,1.);
#6954 = DIRECTION('',(1.,0.,0.));
#6955 = PCURVE('',#4798,#6956);
#6956 = DEFINITIONAL_REPRESENTATION('',(#6957),#6960);
#6957 = B_SPLINE_CURVE_WITH_KNOTS('',1,(#6958,#6959),.UNSPECIFIED.,.F.,
  .F.,(2,2),(-2.290629830685,2.51521268111),.PIECEWISE_BEZIER_KNOTS.);
#6958 = CARTESIAN_POINT('',(-2.332871156762,1.));
#6959 = CARTESIAN_POINT('',(2.561595522017,1.));
#6960 = ( GEOMETRIC_REPRESENTATION_CONTEXT(2) 
PARAMETRIC_REPRESENTATION_CONTEXT() REPRESENTATION_CONTEXT('2D SPACE',''
  ) );
#6961 = PCURVE('',#4766,#6962);
#6962 = DEFINITIONAL_REPRESENTATION('',(#6963),#6967);
#6963 = LINE('',#6964,#6965);
#6964 = CARTESIAN_POINT('',(2.637501845003,-0.493914203184));
#6965 = VECTOR('',#6966,1.);
#6966 = DIRECTION('',(0.982913837182,-0.184066261645));
#6967 = ( GEOMETRIC_REPRESENTATION_CONTEXT(2) 
PARAMETRIC_REPRESENTATION_CONTEXT() REPRESENTATION_CONTEXT('2D SPACE',''
  ) );
#6968 = ORIENTED_EDGE('',*,*,#4778,.F.);
#6969 = ORIENTED_EDGE('',*,*,#6865,.F.);
#6970 = ORIENTED_EDGE('',*,*,#6971,.F.);
#6971 = EDGE_CURVE('',#6972,#6844,#6974,.T.);
#6972 = VERTEX_POINT('',#6973);
#6973 = CARTESIAN_POINT('',(-24.29763923604,-16.5835935149,2.01));
#6974 = SURFACE_CURVE('',#6975,(#6978,#6984),.PCURVE_S1.);
#6975 = B_SPLINE_CURVE_WITH_KNOTS('',1,(#6976,#6977),.UNSPECIFIED.,.F.,
  .F.,(2,2),(0.,1.),.PIECEWISE_BEZIER_KNOTS.);
#6976 = CARTESIAN_POINT('',(-24.01840648509,-16.5835935149,2.01));
#6977 = CARTESIAN_POINT('',(-27.94337269948,-16.5835935149,2.01));
#6978 = PCURVE('',#4798,#6979);
#6979 = DEFINITIONAL_REPRESENTATION('',(#6980),#6983);
#6980 = B_SPLINE_CURVE_WITH_KNOTS('',1,(#6981,#6982),.UNSPECIFIED.,.F.,
  .F.,(2,2),(7.114271453478E-02,1.),.PIECEWISE_BEZIER_KNOTS.);
#6981 = CARTESIAN_POINT('',(2.454812351604,2.777777777778E-02));
#6982 = CARTESIAN_POINT('',(-1.175101444572,2.777777777778E-02));
#6983 = ( GEOMETRIC_REPRESENTATION_CONTEXT(2) 
PARAMETRIC_REPRESENTATION_CONTEXT() REPRESENTATION_CONTEXT('2D SPACE',''
  ) );
#6984 = PCURVE('',#5005,#6985);
#6985 = DEFINITIONAL_REPRESENTATION('',(#6986),#6989);
#6986 = B_SPLINE_CURVE_WITH_KNOTS('',1,(#6987,#6988),.UNSPECIFIED.,.F.,
  .F.,(2,2),(0.,1.),.PIECEWISE_BEZIER_KNOTS.);
#6987 = CARTESIAN_POINT('',(-4.923406485092,-65.8285935149));
#6988 = CARTESIAN_POINT('',(-8.848372699484,-65.8285935149));
#6989 = ( GEOMETRIC_REPRESENTATION_CONTEXT(2) 
PARAMETRIC_REPRESENTATION_CONTEXT() REPRESENTATION_CONTEXT('2D SPACE',''
  ) );
#6990 = ORIENTED_EDGE('',*,*,#6991,.T.);
#6991 = EDGE_CURVE('',#6972,#6948,#6992,.T.);
#6992 = SURFACE_CURVE('',#6993,(#6999,#7008),.PCURVE_S1.);
#6993 = B_SPLINE_CURVE_WITH_KNOTS('',4,(#6994,#6995,#6996,#6997,#6998),
  .UNSPECIFIED.,.F.,.F.,(5,5),(0.,1.),.PIECEWISE_BEZIER_KNOTS.);
#6994 = CARTESIAN_POINT('',(-24.29763923604,-16.5835935149,2.01));
#6995 = CARTESIAN_POINT('',(-24.28533579626,-16.56824508402,
    3.768755976413));
#6996 = CARTESIAN_POINT('',(-24.27295258596,-16.55289668645,
    5.527508135901));
#6997 = CARTESIAN_POINT('',(-24.26048728198,-16.53754832429,
    7.286256237847));
#6998 = CARTESIAN_POINT('',(-24.24793731889,-16.5222,9.045));
#6999 = PCURVE('',#4798,#7000);
#7000 = DEFINITIONAL_REPRESENTATION('',(#7001),#7007);
#7001 = B_SPLINE_CURVE_WITH_KNOTS('',4,(#7002,#7003,#7004,#7005,#7006),
  .UNSPECIFIED.,.F.,.F.,(5,5),(0.,1.),.PIECEWISE_BEZIER_KNOTS.);
#7002 = CARTESIAN_POINT('',(2.454812351604,2.77777777778E-02));
#7003 = CARTESIAN_POINT('',(2.480789558242,0.270834159261));
#7004 = CARTESIAN_POINT('',(2.507233530805,0.513890013253));
#7005 = CARTESIAN_POINT('',(2.534162217493,0.756945306502));
#7006 = CARTESIAN_POINT('',(2.561595522017,1.));
#7007 = ( GEOMETRIC_REPRESENTATION_CONTEXT(2) 
PARAMETRIC_REPRESENTATION_CONTEXT() REPRESENTATION_CONTEXT('2D SPACE',''
  ) );
#7008 = PCURVE('',#7009,#7014);
#7009 = CONICAL_SURFACE('',#7010,2.595819770232,8.726646259972E-03);
#7010 = AXIS2_PLACEMENT_3D('',#7011,#7012,#7013);
#7011 = CARTESIAN_POINT('',(-21.7683,-16.0197,1.5075));
#7012 = DIRECTION('',(0.,0.,-1.));
#7013 = DIRECTION('',(1.,0.,0.));
#7014 = DEFINITIONAL_REPRESENTATION('',(#7015),#7021);
#7015 = B_SPLINE_CURVE_WITH_KNOTS('',4,(#7016,#7017,#7018,#7019,#7020),
  .UNSPECIFIED.,.F.,.F.,(5,5),(0.,1.),.PIECEWISE_BEZIER_KNOTS.);
#7016 = CARTESIAN_POINT('',(-3.360946484321,-0.5025));
#7017 = CARTESIAN_POINT('',(-3.356198751092,-2.261255976413));
#7018 = CARTESIAN_POINT('',(-3.351382742153,-4.020008136145));
#7019 = CARTESIAN_POINT('',(-3.346495946336,-5.778756237652));
#7020 = CARTESIAN_POINT('',(-3.341535567008,-7.537499999805));
#7021 = ( GEOMETRIC_REPRESENTATION_CONTEXT(2) 
PARAMETRIC_REPRESENTATION_CONTEXT() REPRESENTATION_CONTEXT('2D SPACE',''
  ) );
#7022 = ADVANCED_FACE('',(#7023),#4766,.F.);
#7023 = FACE_BOUND('',#7024,.F.);
#7024 = EDGE_LOOP('',(#7025,#7026,#7027,#7050));
#7025 = ORIENTED_EDGE('',*,*,#4750,.F.);
#7026 = ORIENTED_EDGE('',*,*,#6947,.T.);
#7027 = ORIENTED_EDGE('',*,*,#7028,.F.);
#7028 = EDGE_CURVE('',#7029,#6948,#7031,.T.);
#7029 = VERTEX_POINT('',#7030);
#7030 = CARTESIAN_POINT('',(-24.24793731889,-15.5172,9.045));
#7031 = SURFACE_CURVE('',#7032,(#7037,#7044),.PCURVE_S1.);
#7032 = CIRCLE('',#7033,2.530041004259);
#7033 = AXIS2_PLACEMENT_3D('',#7034,#7035,#7036);
#7034 = CARTESIAN_POINT('',(-21.7683,-16.0197,9.045));
#7035 = DIRECTION('',(0.,0.,1.));
#7036 = DIRECTION('',(1.,0.,-0.));
#7037 = PCURVE('',#4766,#7038);
#7038 = DEFINITIONAL_REPRESENTATION('',(#7039),#7043);
#7039 = CIRCLE('',#7040,2.530041004259);
#7040 = AXIS2_PLACEMENT_2D('',#7041,#7042);
#7041 = CARTESIAN_POINT('',(7.639502321129,-0.919383366976));
#7042 = DIRECTION('',(0.982913837182,-0.184066261645));
#7043 = ( GEOMETRIC_REPRESENTATION_CONTEXT(2) 
PARAMETRIC_REPRESENTATION_CONTEXT() REPRESENTATION_CONTEXT('2D SPACE',''
  ) );
#7044 = PCURVE('',#7009,#7045);
#7045 = DEFINITIONAL_REPRESENTATION('',(#7046),#7049);
#7046 = B_SPLINE_CURVE_WITH_KNOTS('',1,(#7047,#7048),.UNSPECIFIED.,.F.,
  .F.,(2,2),(2.941649740172,3.341535567008),.PIECEWISE_BEZIER_KNOTS.);
#7047 = CARTESIAN_POINT('',(-2.941649740172,-7.5375));
#7048 = CARTESIAN_POINT('',(-3.341535567008,-7.5375));
#7049 = ( GEOMETRIC_REPRESENTATION_CONTEXT(2) 
PARAMETRIC_REPRESENTATION_CONTEXT() REPRESENTATION_CONTEXT('2D SPACE',''
  ) );
#7050 = ORIENTED_EDGE('',*,*,#7051,.F.);
#7051 = EDGE_CURVE('',#4717,#7029,#7052,.T.);
#7052 = SURFACE_CURVE('',#7053,(#7057,#7064),.PCURVE_S1.);
#7053 = LINE('',#7054,#7055);
#7054 = CARTESIAN_POINT('',(-26.76315,-15.5172,9.045));
#7055 = VECTOR('',#7056,1.);
#7056 = DIRECTION('',(1.,0.,0.));
#7057 = PCURVE('',#4766,#7058);
#7058 = DEFINITIONAL_REPRESENTATION('',(#7059),#7063);
#7059 = LINE('',#7060,#7061);
#7060 = CARTESIAN_POINT('',(2.822488437956,0.493914203184));
#7061 = VECTOR('',#7062,1.);
#7062 = DIRECTION('',(0.982913837182,-0.184066261645));
#7063 = ( GEOMETRIC_REPRESENTATION_CONTEXT(2) 
PARAMETRIC_REPRESENTATION_CONTEXT() REPRESENTATION_CONTEXT('2D SPACE',''
  ) );
#7064 = PCURVE('',#4736,#7065);
#7065 = DEFINITIONAL_REPRESENTATION('',(#7066),#7069);
#7066 = B_SPLINE_CURVE_WITH_KNOTS('',1,(#7067,#7068),.UNSPECIFIED.,.F.,
  .F.,(2,2),(-2.290629830685,2.51521268111),.PIECEWISE_BEZIER_KNOTS.);
#7067 = CARTESIAN_POINT('',(2.332871156762,1.));
#7068 = CARTESIAN_POINT('',(-2.561595522017,1.));
#7069 = ( GEOMETRIC_REPRESENTATION_CONTEXT(2) 
PARAMETRIC_REPRESENTATION_CONTEXT() REPRESENTATION_CONTEXT('2D SPACE',''
  ) );
#7070 = ADVANCED_FACE('',(#7071),#4736,.F.);
#7071 = FACE_BOUND('',#7072,.F.);
#7072 = EDGE_LOOP('',(#7073,#7074,#7075,#7104,#7124));
#7073 = ORIENTED_EDGE('',*,*,#4716,.T.);
#7074 = ORIENTED_EDGE('',*,*,#7051,.T.);
#7075 = ORIENTED_EDGE('',*,*,#7076,.T.);
#7076 = EDGE_CURVE('',#7029,#7077,#7079,.T.);
#7077 = VERTEX_POINT('',#7078);
#7078 = CARTESIAN_POINT('',(-24.29763923604,-15.45580648509,2.01));
#7079 = SURFACE_CURVE('',#7080,(#7086,#7095),.PCURVE_S1.);
#7080 = B_SPLINE_CURVE_WITH_KNOTS('',4,(#7081,#7082,#7083,#7084,#7085),
  .UNSPECIFIED.,.F.,.F.,(5,5),(0.,1.),.PIECEWISE_BEZIER_KNOTS.);
#7081 = CARTESIAN_POINT('',(-24.24793731889,-15.5172,9.045));
#7082 = CARTESIAN_POINT('',(-24.26048728198,-15.50185167571,
    7.286256237837));
#7083 = CARTESIAN_POINT('',(-24.27295258596,-15.48650331354,
    5.527508135984));
#7084 = CARTESIAN_POINT('',(-24.28533579626,-15.47115491597,
    3.768755976424));
#7085 = CARTESIAN_POINT('',(-24.29763923604,-15.45580648509,2.01));
#7086 = PCURVE('',#4736,#7087);
#7087 = DEFINITIONAL_REPRESENTATION('',(#7088),#7094);
#7088 = B_SPLINE_CURVE_WITH_KNOTS('',4,(#7089,#7090,#7091,#7092,#7093),
  .UNSPECIFIED.,.F.,.F.,(5,5),(0.,1.),.PIECEWISE_BEZIER_KNOTS.);
#7089 = CARTESIAN_POINT('',(-2.561595522017,1.));
#7090 = CARTESIAN_POINT('',(-2.534162217493,0.7569453065));
#7091 = CARTESIAN_POINT('',(-2.5072335308,0.513890013202));
#7092 = CARTESIAN_POINT('',(-2.480789558248,0.270834159313));
#7093 = CARTESIAN_POINT('',(-2.454812351609,2.777777782778E-02));
#7094 = ( GEOMETRIC_REPRESENTATION_CONTEXT(2) 
PARAMETRIC_REPRESENTATION_CONTEXT() REPRESENTATION_CONTEXT('2D SPACE',''
  ) );
#7095 = PCURVE('',#7009,#7096);
#7096 = DEFINITIONAL_REPRESENTATION('',(#7097),#7103);
#7097 = B_SPLINE_CURVE_WITH_KNOTS('',4,(#7098,#7099,#7100,#7101,#7102),
  .UNSPECIFIED.,.F.,.F.,(5,5),(0.,1.),.PIECEWISE_BEZIER_KNOTS.);
#7098 = CARTESIAN_POINT('',(-2.941649740172,-7.537499999893));
#7099 = CARTESIAN_POINT('',(-2.936689360843,-5.77875623773));
#7100 = CARTESIAN_POINT('',(-2.931802565027,-4.020008136117));
#7101 = CARTESIAN_POINT('',(-2.926986556087,-2.261255976424));
#7102 = CARTESIAN_POINT('',(-2.922238822859,-0.5025));
#7103 = ( GEOMETRIC_REPRESENTATION_CONTEXT(2) 
PARAMETRIC_REPRESENTATION_CONTEXT() REPRESENTATION_CONTEXT('2D SPACE',''
  ) );
#7104 = ORIENTED_EDGE('',*,*,#7105,.F.);
#7105 = EDGE_CURVE('',#7106,#7077,#7108,.T.);
#7106 = VERTEX_POINT('',#7107);
#7107 = CARTESIAN_POINT('',(-27.94337269948,-15.45580648509,2.01));
#7108 = SURFACE_CURVE('',#7109,(#7112,#7118),.PCURVE_S1.);
#7109 = B_SPLINE_CURVE_WITH_KNOTS('',1,(#7110,#7111),.UNSPECIFIED.,.F.,
  .F.,(2,2),(0.,1.),.PIECEWISE_BEZIER_KNOTS.);
#7110 = CARTESIAN_POINT('',(-27.94337269948,-15.45580648509,2.01));
#7111 = CARTESIAN_POINT('',(-24.01840648509,-15.45580648509,2.01));
#7112 = PCURVE('',#4736,#7113);
#7113 = DEFINITIONAL_REPRESENTATION('',(#7114),#7117);
#7114 = B_SPLINE_CURVE_WITH_KNOTS('',1,(#7115,#7116),.UNSPECIFIED.,.F.,
  .F.,(2,2),(0.,0.928857285465),.PIECEWISE_BEZIER_KNOTS.);
#7115 = CARTESIAN_POINT('',(1.175101444572,2.777777777778E-02));
#7116 = CARTESIAN_POINT('',(-2.454812351604,2.777777777778E-02));
#7117 = ( GEOMETRIC_REPRESENTATION_CONTEXT(2) 
PARAMETRIC_REPRESENTATION_CONTEXT() REPRESENTATION_CONTEXT('2D SPACE',''
  ) );
#7118 = PCURVE('',#5005,#7119);
#7119 = DEFINITIONAL_REPRESENTATION('',(#7120),#7123);
#7120 = B_SPLINE_CURVE_WITH_KNOTS('',1,(#7121,#7122),.UNSPECIFIED.,.F.,
  .F.,(2,2),(0.,1.),.PIECEWISE_BEZIER_KNOTS.);
#7121 = CARTESIAN_POINT('',(-8.848372699484,-64.70080648509));
#7122 = CARTESIAN_POINT('',(-4.923406485092,-64.70080648509));
#7123 = ( GEOMETRIC_REPRESENTATION_CONTEXT(2) 
PARAMETRIC_REPRESENTATION_CONTEXT() REPRESENTATION_CONTEXT('2D SPACE',''
  ) );
#7124 = ORIENTED_EDGE('',*,*,#7125,.F.);
#7125 = EDGE_CURVE('',#4690,#7106,#7126,.T.);
#7126 = SURFACE_CURVE('',#7127,(#7142,#7160),.PCURVE_S1.);
#7127 = B_SPLINE_CURVE_WITH_KNOTS('',7,(#7128,#7129,#7130,#7131,#7132,
    #7133,#7134,#7135,#7136,#7137,#7138,#7139,#7140,#7141),
  .UNSPECIFIED.,.F.,.F.,(8,6,8),(0.,0.379127031716,1.),.UNSPECIFIED.);
#7128 = CARTESIAN_POINT('',(-28.94821963311,-15.46442392085,
    2.997460331531));
#7129 = CARTESIAN_POINT('',(-28.94657280369,-15.46360056885,
    2.903113537062));
#7130 = CARTESIAN_POINT('',(-28.93459266339,-15.4627795745,
    2.809036903472));
#7131 = CARTESIAN_POINT('',(-28.91235397512,-15.46198022812,
    2.717440880497));
#7132 = CARTESIAN_POINT('',(-28.88070318254,-15.46121770011,
    2.630063825201));
#7133 = CARTESIAN_POINT('',(-28.84077777005,-15.46050292101,
    2.548158252822));
#7134 = CARTESIAN_POINT('',(-28.7938416948,-15.45984320228,
    2.472561974358));
#7135 = CARTESIAN_POINT('',(-28.65480758467,-15.45825961338,
    2.291100660089));
#7136 = CARTESIAN_POINT('',(-28.55307885294,-15.45743647206,
    2.196778006356));
#7137 = CARTESIAN_POINT('',(-28.44042156531,-15.45678031208,
    2.121589520629));
#7138 = CARTESIAN_POINT('',(-28.3204577535,-15.456291961,2.065630029866)
  );
#7139 = CARTESIAN_POINT('',(-28.19619379611,-15.45596870978,
    2.028589108203));
#7140 = CARTESIAN_POINT('',(-28.06991847491,-15.45580648509,2.01));
#7141 = CARTESIAN_POINT('',(-27.94337269948,-15.45580648509,2.01));
#7142 = PCURVE('',#4736,#7143);
#7143 = DEFINITIONAL_REPRESENTATION('',(#7144),#7159);
#7144 = B_SPLINE_CURVE_WITH_KNOTS('',7,(#7145,#7146,#7147,#7148,#7149,
    #7150,#7151,#7152,#7153,#7154,#7155,#7156,#7157,#7158),
  .UNSPECIFIED.,.F.,.F.,(8,6,8),(0.,0.379127031716,1.),.UNSPECIFIED.);
#7145 = CARTESIAN_POINT('',(2.182440138744,0.164242721328));
#7146 = CARTESIAN_POINT('',(2.180138553654,0.151204192518));
#7147 = CARTESIAN_POINT('',(2.167519590116,0.138202999374));
#7148 = CARTESIAN_POINT('',(2.144686332381,0.125544621406));
#7149 = CARTESIAN_POINT('',(2.11250892517,0.11346929591));
#7150 = CARTESIAN_POINT('',(2.07213904183,0.102150117858));
#7151 = CARTESIAN_POINT('',(2.024846431017,9.170287097266E-02));
#7152 = CARTESIAN_POINT('',(1.885102992381,6.66252985198E-02));
#7153 = CARTESIAN_POINT('',(1.783169229083,5.359010590882E-02));
#7154 = CARTESIAN_POINT('',(1.67053498784,4.319921512284E-02));
#7155 = CARTESIAN_POINT('',(1.550789366549,3.546573104837E-02));
#7156 = CARTESIAN_POINT('',(1.426894945224,3.034675348299E-02));
#7157 = CARTESIAN_POINT('',(1.301098109081,2.777777777778E-02));
#7158 = CARTESIAN_POINT('',(1.175101444572,2.777777777778E-02));
#7159 = ( GEOMETRIC_REPRESENTATION_CONTEXT(2) 
PARAMETRIC_REPRESENTATION_CONTEXT() REPRESENTATION_CONTEXT('2D SPACE',''
  ) );
#7160 = PCURVE('',#4705,#7161);
#7161 = DEFINITIONAL_REPRESENTATION('',(#7162),#7177);
#7162 = B_SPLINE_CURVE_WITH_KNOTS('',7,(#7163,#7164,#7165,#7166,#7167,
    #7168,#7169,#7170,#7171,#7172,#7173,#7174,#7175,#7176),
  .UNSPECIFIED.,.F.,.F.,(8,6,8),(0.,0.379127031716,1.),.UNSPECIFIED.);
#7163 = CARTESIAN_POINT('',(0.,33.780576079146));
#7164 = CARTESIAN_POINT('',(-9.38917075935E-02,33.781399431148));
#7165 = CARTESIAN_POINT('',(-0.187693858546,33.782220425491));
#7166 = CARTESIAN_POINT('',(-0.280559689971,33.783019771874));
#7167 = CARTESIAN_POINT('',(-0.372078821842,33.783782299884));
#7168 = CARTESIAN_POINT('',(-0.461978835853,33.784497078985));
#7169 = CARTESIAN_POINT('',(-0.550092218176,33.785156797713));
#7170 = CARTESIAN_POINT('',(-0.777556498595,33.786740386611));
#7171 = CARTESIAN_POINT('',(-0.913619192395,33.78756352794));
#7172 = CARTESIAN_POINT('',(-1.04578273512,33.788219687915));
#7173 = CARTESIAN_POINT('',(-1.174873644777,33.788708038992));
#7174 = CARTESIAN_POINT('',(-1.301779802057,33.789031290218));
#7175 = CARTESIAN_POINT('',(-1.427426839817,33.789193514908));
#7176 = CARTESIAN_POINT('',(-1.553343034275,33.789193514908));
#7177 = ( GEOMETRIC_REPRESENTATION_CONTEXT(2) 
PARAMETRIC_REPRESENTATION_CONTEXT() REPRESENTATION_CONTEXT('2D SPACE',''
  ) );
#7178 = ADVANCED_FACE('',(#7179),#4705,.T.);
#7179 = FACE_BOUND('',#7180,.F.);
#7180 = EDGE_LOOP('',(#7181,#7182,#7183,#7205));
#7181 = ORIENTED_EDGE('',*,*,#4689,.F.);
#7182 = ORIENTED_EDGE('',*,*,#7125,.T.);
#7183 = ORIENTED_EDGE('',*,*,#7184,.T.);
#7184 = EDGE_CURVE('',#7106,#7185,#7187,.T.);
#7185 = VERTEX_POINT('',#7186);
#7186 = CARTESIAN_POINT('',(-27.94337269948,-3.590604623853,2.01));
#7187 = SURFACE_CURVE('',#7188,(#7192,#7198),.PCURVE_S1.);
#7188 = LINE('',#7189,#7190);
#7189 = CARTESIAN_POINT('',(-27.94337269948,-49.245,2.01));
#7190 = VECTOR('',#7191,1.);
#7191 = DIRECTION('',(0.,1.,0.));
#7192 = PCURVE('',#4705,#7193);
#7193 = DEFINITIONAL_REPRESENTATION('',(#7194),#7197);
#7194 = B_SPLINE_CURVE_WITH_KNOTS('',1,(#7195,#7196),.UNSPECIFIED.,.F.,
  .F.,(2,2),(33.789193514908,45.654395376147),.PIECEWISE_BEZIER_KNOTS.);
#7195 = CARTESIAN_POINT('',(-1.553343034275,33.789193514908));
#7196 = CARTESIAN_POINT('',(-1.553343034275,45.654395376147));
#7197 = ( GEOMETRIC_REPRESENTATION_CONTEXT(2) 
PARAMETRIC_REPRESENTATION_CONTEXT() REPRESENTATION_CONTEXT('2D SPACE',''
  ) );
#7198 = PCURVE('',#5005,#7199);
#7199 = DEFINITIONAL_REPRESENTATION('',(#7200),#7204);
#7200 = LINE('',#7201,#7202);
#7201 = CARTESIAN_POINT('',(-8.848372699484,-98.49));
#7202 = VECTOR('',#7203,1.);
#7203 = DIRECTION('',(0.,1.));
#7204 = ( GEOMETRIC_REPRESENTATION_CONTEXT(2) 
PARAMETRIC_REPRESENTATION_CONTEXT() REPRESENTATION_CONTEXT('2D SPACE',''
  ) );
#7205 = ORIENTED_EDGE('',*,*,#7206,.T.);
#7206 = EDGE_CURVE('',#7185,#4656,#7207,.T.);
#7207 = SURFACE_CURVE('',#7208,(#7229,#7280),.PCURVE_S1.);
#7208 = B_SPLINE_CURVE_WITH_KNOTS('',7,(#7209,#7210,#7211,#7212,#7213,
    #7214,#7215,#7216,#7217,#7218,#7219,#7220,#7221,#7222,#7223,#7224,
    #7225,#7226,#7227,#7228),.UNSPECIFIED.,.F.,.F.,(8,6,6,8),(0.,
    0.713416911845,1.,1.611838365518),.UNSPECIFIED.);
#7209 = CARTESIAN_POINT('',(-27.94337269948,-3.590604623853,2.01));
#7210 = CARTESIAN_POINT('',(-28.03347007545,-3.590604623853,2.01));
#7211 = CARTESIAN_POINT('',(-28.12351262117,-3.590522388611,
    2.019423225368));
#7212 = CARTESIAN_POINT('',(-28.2127893055,-3.590358090108,2.03824996902
    ));
#7213 = CARTESIAN_POINT('',(-28.30048982365,-3.590110977526,
    2.066566266175));
#7214 = CARTESIAN_POINT('',(-28.38569106995,-3.589780158881,
    2.104474328211));
#7215 = CARTESIAN_POINT('',(-28.46733157969,-3.589364961839,
    2.152051196819));
#7216 = CARTESIAN_POINT('',(-28.57504189456,-3.588663985869,
    2.232375086944));
#7217 = CARTESIAN_POINT('',(-28.60512602907,-3.588449460779,
    2.256957227432));
#7218 = CARTESIAN_POINT('',(-28.63434196336,-3.588221312987,
    2.283100374981));
#7219 = CARTESIAN_POINT('',(-28.66259625247,-3.587979605582,
    2.310797300231));
#7220 = CARTESIAN_POINT('',(-28.68978768106,-3.587724471607,
    2.34003275803));
#7221 = CARTESIAN_POINT('',(-28.71580855797,-3.58745613545,
    2.370781036061));
#7222 = CARTESIAN_POINT('',(-28.79335904585,-3.586574585864,
    2.471796613052));
#7223 = CARTESIAN_POINT('',(-28.84040592484,-3.58591465003,2.54741776946
    ));
#7224 = CARTESIAN_POINT('',(-28.88044903847,-3.585199305286,
    2.629388158058));
#7225 = CARTESIAN_POINT('',(-28.91221310741,-3.584435782331,
    2.716879222892));
#7226 = CARTESIAN_POINT('',(-28.93454257638,-3.583634999529,
    2.808639843149));
#7227 = CARTESIAN_POINT('',(-28.94656937123,-3.58281225619,
    2.902916891732));
#7228 = CARTESIAN_POINT('',(-28.94821963311,-3.581987188091,
    2.997460331531));
#7229 = PCURVE('',#4705,#7230);
#7230 = DEFINITIONAL_REPRESENTATION('',(#7231),#7279);
#7231 = B_SPLINE_CURVE_WITH_KNOTS('',3,(#7232,#7233,#7234,#7235,#7236,
    #7237,#7238,#7239,#7240,#7241,#7242,#7243,#7244,#7245,#7246,#7247,
    #7248,#7249,#7250,#7251,#7252,#7253,#7254,#7255,#7256,#7257,#7258,
    #7259,#7260,#7261,#7262,#7263,#7264,#7265,#7266,#7267,#7268,#7269,
    #7270,#7271,#7272,#7273,#7274,#7275,#7276,#7277,#7278),
  .UNSPECIFIED.,.F.,.F.,(4,1,1,1,1,1,1,1,1,1,1,1,1,1,1,1,1,1,1,1,1,1,1,1
    ,1,1,1,1,1,1,1,1,1,1,1,1,1,1,1,1,1,1,1,1,4),(0.,3.663269012541E-02,
    7.326538025083E-02,0.109898070376,0.146530760502,0.183163450627,
    0.219796140752,0.256428830878,0.293061521003,0.329694211129,
    0.366326901254,0.40295959138,0.439592281505,0.47622497163,
    0.512857661756,0.549490351881,0.586123042007,0.622755732132,
    0.659388422257,0.696021112383,0.732653802508,0.769286492634,
    0.805919182759,0.842551872885,0.87918456301,0.915817253135,
    0.952449943261,0.989082633386,1.025715323512,1.062348013637,
    1.098980703762,1.135613393888,1.172246084013,1.208878774139,
    1.245511464264,1.282144154389,1.318776844515,1.35540953464,
    1.392042224766,1.428674914891,1.465307605017,1.501940295142,
    1.538572985267,1.575205675393,1.611838365518),
  .QUASI_UNIFORM_KNOTS.);
#7232 = CARTESIAN_POINT('',(-1.553343034275,45.654395376147));
#7233 = CARTESIAN_POINT('',(-1.542601988875,45.654395376529));
#7234 = CARTESIAN_POINT('',(-1.521121747674,45.654398411371));
#7235 = CARTESIAN_POINT('',(-1.488894450775,45.654412068629));
#7236 = CARTESIAN_POINT('',(-1.456647551747,45.65443483199));
#7237 = CARTESIAN_POINT('',(-1.424369024553,45.654466708325));
#7238 = CARTESIAN_POINT('',(-1.392047172437,45.654507707504));
#7239 = CARTESIAN_POINT('',(-1.359670628066,45.654557842405));
#7240 = CARTESIAN_POINT('',(-1.327228276708,45.654617128234));
#7241 = CARTESIAN_POINT('',(-1.2947092056,45.654685582075));
#7242 = CARTESIAN_POINT('',(-1.262102650737,45.654763222428));
#7243 = CARTESIAN_POINT('',(-1.229397947565,45.654850068803));
#7244 = CARTESIAN_POINT('',(-1.196584482584,45.654946141343));
#7245 = CARTESIAN_POINT('',(-1.163651645257,45.655051460495));
#7246 = CARTESIAN_POINT('',(-1.13058877927,45.655166046709));
#7247 = CARTESIAN_POINT('',(-1.097385131061,45.65528992019));
#7248 = CARTESIAN_POINT('',(-1.064029798387,45.655423100665));
#7249 = CARTESIAN_POINT('',(-1.030511663378,45.655565607255));
#7250 = CARTESIAN_POINT('',(-0.996819363185,45.655717458147));
#7251 = CARTESIAN_POINT('',(-0.962941095202,45.655878671211));
#7252 = CARTESIAN_POINT('',(-0.928865010047,45.656049261234));
#7253 = CARTESIAN_POINT('',(-0.89457737737,45.656229250016));
#7254 = CARTESIAN_POINT('',(-0.860076176028,45.656418590544));
#7255 = CARTESIAN_POINT('',(-0.825351122293,45.656617268167));
#7256 = CARTESIAN_POINT('',(-0.7903938077,45.656825249727));
#7257 = CARTESIAN_POINT('',(-0.755196309339,45.657042487936));
#7258 = CARTESIAN_POINT('',(-0.719751626278,45.657268917317));
#7259 = CARTESIAN_POINT('',(-0.684053255168,45.657504455019));
#7260 = CARTESIAN_POINT('',(-0.648096485401,45.657748990592));
#7261 = CARTESIAN_POINT('',(-0.611873770609,45.658002415026));
#7262 = CARTESIAN_POINT('',(-0.575364362251,45.658264700503));
#7263 = CARTESIAN_POINT('',(-0.538578004606,45.658535583937));
#7264 = CARTESIAN_POINT('',(-0.501519064789,45.658814810682));
#7265 = CARTESIAN_POINT('',(-0.464194676488,45.65910207815));
#7266 = CARTESIAN_POINT('',(-0.426612641187,45.65939704937));
#7267 = CARTESIAN_POINT('',(-0.3887821034,45.659699347834));
#7268 = CARTESIAN_POINT('',(-0.35071351186,45.660008557411));
#7269 = CARTESIAN_POINT('',(-0.312418802193,45.660324220958));
#7270 = CARTESIAN_POINT('',(-0.273911552053,45.660645839357));
#7271 = CARTESIAN_POINT('',(-0.235207179766,45.660972870516));
#7272 = CARTESIAN_POINT('',(-0.19632316772,45.661304728517));
#7273 = CARTESIAN_POINT('',(-0.157279336928,45.661640782712));
#7274 = CARTESIAN_POINT('',(-0.118098114165,45.661980357455));
#7275 = CARTESIAN_POINT('',(-7.88050338412E-02,45.662322729946));
#7276 = CARTESIAN_POINT('',(-3.942860397984E-02,45.662667135711));
#7277 = CARTESIAN_POINT('',(-1.314474855732E-02,45.662897542684));
#7278 = CARTESIAN_POINT('',(0.,45.663012811909));
#7279 = ( GEOMETRIC_REPRESENTATION_CONTEXT(2) 
PARAMETRIC_REPRESENTATION_CONTEXT() REPRESENTATION_CONTEXT('2D SPACE',''
  ) );
#7280 = PCURVE('',#4675,#7281);
#7281 = DEFINITIONAL_REPRESENTATION('',(#7282),#7330);
#7282 = B_SPLINE_CURVE_WITH_KNOTS('',3,(#7283,#7284,#7285,#7286,#7287,
    #7288,#7289,#7290,#7291,#7292,#7293,#7294,#7295,#7296,#7297,#7298,
    #7299,#7300,#7301,#7302,#7303,#7304,#7305,#7306,#7307,#7308,#7309,
    #7310,#7311,#7312,#7313,#7314,#7315,#7316,#7317,#7318,#7319,#7320,
    #7321,#7322,#7323,#7324,#7325,#7326,#7327,#7328,#7329),
  .UNSPECIFIED.,.F.,.F.,(4,1,1,1,1,1,1,1,1,1,1,1,1,1,1,1,1,1,1,1,1,1,1,1
    ,1,1,1,1,1,1,1,1,1,1,1,1,1,1,1,1,1,1,1,1,4),(0.,3.663269012541E-02,
    7.326538025083E-02,0.109898070376,0.146530760502,0.183163450627,
    0.219796140752,0.256428830878,0.293061521003,0.329694211129,
    0.366326901254,0.40295959138,0.439592281505,0.47622497163,
    0.512857661756,0.549490351881,0.586123042007,0.622755732132,
    0.659388422257,0.696021112383,0.732653802508,0.769286492634,
    0.805919182759,0.842551872885,0.87918456301,0.915817253135,
    0.952449943261,0.989082633386,1.025715323512,1.062348013637,
    1.098980703762,1.135613393888,1.172246084013,1.208878774139,
    1.245511464264,1.282144154389,1.318776844515,1.35540953464,
    1.392042224766,1.428674914891,1.465307605017,1.501940295142,
    1.538572985267,1.575205675393,1.611838365518),
  .QUASI_UNIFORM_KNOTS.);
#7283 = CARTESIAN_POINT('',(-0.644853519965,1.754385964912E-02));
#7284 = CARTESIAN_POINT('',(-0.655602936427,1.754386346425E-02));
#7285 = CARTESIAN_POINT('',(-0.677100811396,1.757421682935E-02));
#7286 = CARTESIAN_POINT('',(-0.709324069842,1.771081163936E-02));
#7287 = CARTESIAN_POINT('',(-0.741503329871,1.793848230363E-02));
#7288 = CARTESIAN_POINT('',(-0.77361732203,1.825729754452E-02));
#7289 = CARTESIAN_POINT('',(-0.805644216463,1.866735607248E-02));
#7290 = CARTESIAN_POINT('',(-0.837561530903,1.916878669737E-02));
#7291 = CARTESIAN_POINT('',(-0.869346132725,1.976174149634E-02));
#7292 = CARTESIAN_POINT('',(-0.900974214298,2.044639133509E-02));
#7293 = CARTESIAN_POINT('',(-0.932421273986,2.122292125154E-02));
#7294 = CARTESIAN_POINT('',(-0.963662094149,2.209152636957E-02));
#7295 = CARTESIAN_POINT('',(-0.994670718439,2.305240816291E-02));
#7296 = CARTESIAN_POINT('',(-1.025420427834,2.410577112133E-02));
#7297 = CARTESIAN_POINT('',(-1.055883715367,2.525181979021E-02));
#7298 = CARTESIAN_POINT('',(-1.086032260297,2.649075624719E-02));
#7299 = CARTESIAN_POINT('',(-1.115836898777,2.782277779017E-02));
#7300 = CARTESIAN_POINT('',(-1.145267602055,2.924807567565E-02));
#7301 = CARTESIAN_POINT('',(-1.174293421035,3.0766831777E-02));
#7302 = CARTESIAN_POINT('',(-1.202882550845,3.237922484596E-02));
#7303 = CARTESIAN_POINT('',(-1.231001942014,3.408540277393E-02));
#7304 = CARTESIAN_POINT('',(-1.258618598204,3.588558358368E-02));
#7305 = CARTESIAN_POINT('',(-1.28568886226,3.777929707719E-02));
#7306 = CARTESIAN_POINT('',(-1.312174728253,3.976639672646E-02));
#7307 = CARTESIAN_POINT('',(-1.338035382324,4.184655088835E-02));
#7308 = CARTESIAN_POINT('',(-1.363228479508,4.401928659917E-02));
#7309 = CARTESIAN_POINT('',(-1.387709881258,4.628394899992E-02));
#7310 = CARTESIAN_POINT('',(-1.411434067711,4.863970943767E-02));
#7311 = CARTESIAN_POINT('',(-1.43435338991,5.108546323146E-02));
#7312 = CARTESIAN_POINT('',(-1.456421287234,5.362012010412E-02));
#7313 = CARTESIAN_POINT('',(-1.477597386929,5.624340183884E-02));
#7314 = CARTESIAN_POINT('',(-1.497822336364,5.895267712877E-02));
#7315 = CARTESIAN_POINT('',(-1.517040887403,6.174539911606E-02));
#7316 = CARTESIAN_POINT('',(-1.535197059299,6.46185414243E-02));
#7317 = CARTESIAN_POINT('',(-1.55223585291,6.75687337828E-02));
#7318 = CARTESIAN_POINT('',(-1.568103233553,7.059221051486E-02));
#7319 = CARTESIAN_POINT('',(-1.582746607702,7.368480963045E-02));
#7320 = CARTESIAN_POINT('',(-1.596115203323,7.68419589526E-02));
#7321 = CARTESIAN_POINT('',(-1.608160517391,8.005866648407E-02));
#7322 = CARTESIAN_POINT('',(-1.618836794611,8.332951042191E-02));
#7323 = CARTESIAN_POINT('',(-1.628101545692,8.664863064677E-02));
#7324 = CARTESIAN_POINT('',(-1.635916135709,9.000971963536E-02));
#7325 = CARTESIAN_POINT('',(-1.642246340068,9.340601983939E-02));
#7326 = CARTESIAN_POINT('',(-1.647063275406,9.683030207278E-02));
#7327 = CARTESIAN_POINT('',(-1.650343206526,0.10027492036));
#7328 = CARTESIAN_POINT('',(-1.651495632462,0.102579365158));
#7329 = CARTESIAN_POINT('',(-1.651810465529,0.103732245049));
#7330 = ( GEOMETRIC_REPRESENTATION_CONTEXT(2) 
PARAMETRIC_REPRESENTATION_CONTEXT() REPRESENTATION_CONTEXT('2D SPACE',''
  ) );
#7331 = ADVANCED_FACE('',(#7332),#4675,.F.);
#7332 = FACE_BOUND('',#7333,.F.);
#7333 = EDGE_LOOP('',(#7334,#7354,#7379,#7399,#7400));
#7334 = ORIENTED_EDGE('',*,*,#7335,.F.);
#7335 = EDGE_CURVE('',#7336,#7185,#7338,.T.);
#7336 = VERTEX_POINT('',#7337);
#7337 = CARTESIAN_POINT('',(-25.04687037614,-3.590604623853,2.01));
#7338 = SURFACE_CURVE('',#7339,(#7342,#7348),.PCURVE_S1.);
#7339 = B_SPLINE_CURVE_WITH_KNOTS('',1,(#7340,#7341),.UNSPECIFIED.,.F.,
  .F.,(2,2),(0.,1.),.PIECEWISE_BEZIER_KNOTS.);
#7340 = CARTESIAN_POINT('',(-25.04687037614,-3.590604623853,2.01));
#7341 = CARTESIAN_POINT('',(-27.94337269948,-3.590604623853,2.01));
#7342 = PCURVE('',#4675,#7343);
#7343 = DEFINITIONAL_REPRESENTATION('',(#7344),#7347);
#7344 = B_SPLINE_CURVE_WITH_KNOTS('',1,(#7345,#7346),.UNSPECIFIED.,.F.,
  .F.,(2,2),(0.,1.),.PIECEWISE_BEZIER_KNOTS.);
#7345 = CARTESIAN_POINT('',(2.239486292815,1.754385964912E-02));
#7346 = CARTESIAN_POINT('',(-0.644853519965,1.754385964912E-02));
#7347 = ( GEOMETRIC_REPRESENTATION_CONTEXT(2) 
PARAMETRIC_REPRESENTATION_CONTEXT() REPRESENTATION_CONTEXT('2D SPACE',''
  ) );
#7348 = PCURVE('',#5005,#7349);
#7349 = DEFINITIONAL_REPRESENTATION('',(#7350),#7353);
#7350 = B_SPLINE_CURVE_WITH_KNOTS('',1,(#7351,#7352),.UNSPECIFIED.,.F.,
  .F.,(2,2),(0.,1.),.PIECEWISE_BEZIER_KNOTS.);
#7351 = CARTESIAN_POINT('',(-5.951870376147,-52.83560462385));
#7352 = CARTESIAN_POINT('',(-8.848372699484,-52.83560462385));
#7353 = ( GEOMETRIC_REPRESENTATION_CONTEXT(2) 
PARAMETRIC_REPRESENTATION_CONTEXT() REPRESENTATION_CONTEXT('2D SPACE',''
  ) );
#7354 = ORIENTED_EDGE('',*,*,#7355,.T.);
#7355 = EDGE_CURVE('',#7336,#7356,#7358,.T.);
#7356 = VERTEX_POINT('',#7357);
#7357 = CARTESIAN_POINT('',(-25.1451,-3.492375,13.266));
#7358 = SURFACE_CURVE('',#7359,(#7362,#7368),.PCURVE_S1.);
#7359 = B_SPLINE_CURVE_WITH_KNOTS('',1,(#7360,#7361),.UNSPECIFIED.,.F.,
  .F.,(2,2),(0.,1.),.PIECEWISE_BEZIER_KNOTS.);
#7360 = CARTESIAN_POINT('',(-25.04511627572,-3.592358724279,1.809));
#7361 = CARTESIAN_POINT('',(-25.1451,-3.492375,13.266));
#7362 = PCURVE('',#4675,#7363);
#7363 = DEFINITIONAL_REPRESENTATION('',(#7364),#7367);
#7364 = B_SPLINE_CURVE_WITH_KNOTS('',1,(#7365,#7366),.UNSPECIFIED.,.F.,
  .F.,(2,2),(1.754385964912E-02,1.),.PIECEWISE_BEZIER_KNOTS.);
#7365 = CARTESIAN_POINT('',(2.239486292815,1.754385964912E-02));
#7366 = CARTESIAN_POINT('',(2.239486292815,1.));
#7367 = ( GEOMETRIC_REPRESENTATION_CONTEXT(2) 
PARAMETRIC_REPRESENTATION_CONTEXT() REPRESENTATION_CONTEXT('2D SPACE',''
  ) );
#7368 = PCURVE('',#7369,#7374);
#7369 = B_SPLINE_SURFACE_WITH_KNOTS('',1,1,(
    (#7370,#7371)
    ,(#7372,#7373
    )),.UNSPECIFIED.,.F.,.F.,.F.,(2,2),(2,2),(-0.699486292815,
    0.699486292815),(0.,1.),.PIECEWISE_BEZIER_KNOTS.);
#7370 = CARTESIAN_POINT('',(-25.04511627572,-3.592358724279,1.809));
#7371 = CARTESIAN_POINT('',(-25.1451,-3.492375,13.266));
#7372 = CARTESIAN_POINT('',(-25.04511627572,-2.186391275721,1.809));
#7373 = CARTESIAN_POINT('',(-25.1451,-2.286375,13.266));
#7374 = DEFINITIONAL_REPRESENTATION('',(#7375),#7378);
#7375 = B_SPLINE_CURVE_WITH_KNOTS('',1,(#7376,#7377),.UNSPECIFIED.,.F.,
  .F.,(2,2),(1.754385964912E-02,1.),.PIECEWISE_BEZIER_KNOTS.);
#7376 = CARTESIAN_POINT('',(-0.699486292815,1.754385964912E-02));
#7377 = CARTESIAN_POINT('',(-0.699486292815,1.));
#7378 = ( GEOMETRIC_REPRESENTATION_CONTEXT(2) 
PARAMETRIC_REPRESENTATION_CONTEXT() REPRESENTATION_CONTEXT('2D SPACE',''
  ) );
#7379 = ORIENTED_EDGE('',*,*,#7380,.F.);
#7380 = EDGE_CURVE('',#4628,#7356,#7381,.T.);
#7381 = SURFACE_CURVE('',#7382,(#7386,#7392),.PCURVE_S1.);
#7382 = LINE('',#7383,#7384);
#7383 = CARTESIAN_POINT('',(-27.2958,-3.492375,13.266));
#7384 = VECTOR('',#7385,1.);
#7385 = DIRECTION('',(1.,0.,0.));
#7386 = PCURVE('',#4675,#7387);
#7387 = DEFINITIONAL_REPRESENTATION('',(#7388),#7391);
#7388 = B_SPLINE_CURVE_WITH_KNOTS('',1,(#7389,#7390),.UNSPECIFIED.,.F.,
  .F.,(2,2),(-1.831657659747,2.1507),.PIECEWISE_BEZIER_KNOTS.);
#7389 = CARTESIAN_POINT('',(-1.907273084174,1.));
#7390 = CARTESIAN_POINT('',(2.239486292815,1.));
#7391 = ( GEOMETRIC_REPRESENTATION_CONTEXT(2) 
PARAMETRIC_REPRESENTATION_CONTEXT() REPRESENTATION_CONTEXT('2D SPACE',''
  ) );
#7392 = PCURVE('',#4643,#7393);
#7393 = DEFINITIONAL_REPRESENTATION('',(#7394),#7398);
#7394 = LINE('',#7395,#7396);
#7395 = CARTESIAN_POINT('',(2.070845589997,-0.580610913083));
#7396 = VECTOR('',#7397,1.);
#7397 = DIRECTION('',(0.962870502626,-0.269963692325));
#7398 = ( GEOMETRIC_REPRESENTATION_CONTEXT(2) 
PARAMETRIC_REPRESENTATION_CONTEXT() REPRESENTATION_CONTEXT('2D SPACE',''
  ) );
#7399 = ORIENTED_EDGE('',*,*,#4655,.F.);
#7400 = ORIENTED_EDGE('',*,*,#7206,.F.);
#7401 = ADVANCED_FACE('',(#7402),#4643,.F.);
#7402 = FACE_BOUND('',#7403,.F.);
#7403 = EDGE_LOOP('',(#7404,#7405,#7406,#7428));
#7404 = ORIENTED_EDGE('',*,*,#4627,.F.);
#7405 = ORIENTED_EDGE('',*,*,#7380,.T.);
#7406 = ORIENTED_EDGE('',*,*,#7407,.T.);
#7407 = EDGE_CURVE('',#7356,#7408,#7410,.T.);
#7408 = VERTEX_POINT('',#7409);
#7409 = CARTESIAN_POINT('',(-25.1451,-2.286375,13.266));
#7410 = SURFACE_CURVE('',#7411,(#7415,#7422),.PCURVE_S1.);
#7411 = LINE('',#7412,#7413);
#7412 = CARTESIAN_POINT('',(-25.1451,-2.889375,13.266));
#7413 = VECTOR('',#7414,1.);
#7414 = DIRECTION('',(0.,1.,0.));
#7415 = PCURVE('',#4643,#7416);
#7416 = DEFINITIONAL_REPRESENTATION('',(#7417),#7421);
#7417 = LINE('',#7418,#7419);
#7418 = CARTESIAN_POINT('',(4.304479286465,-0.580610913083));
#7419 = VECTOR('',#7420,1.);
#7420 = DIRECTION('',(0.269963692325,0.962870502626));
#7421 = ( GEOMETRIC_REPRESENTATION_CONTEXT(2) 
PARAMETRIC_REPRESENTATION_CONTEXT() REPRESENTATION_CONTEXT('2D SPACE',''
  ) );
#7422 = PCURVE('',#7369,#7423);
#7423 = DEFINITIONAL_REPRESENTATION('',(#7424),#7427);
#7424 = B_SPLINE_CURVE_WITH_KNOTS('',1,(#7425,#7426),.UNSPECIFIED.,.F.,
  .F.,(2,2),(-0.603,0.603),.PIECEWISE_BEZIER_KNOTS.);
#7425 = CARTESIAN_POINT('',(-0.699486292815,1.));
#7426 = CARTESIAN_POINT('',(0.699486292815,1.));
#7427 = ( GEOMETRIC_REPRESENTATION_CONTEXT(2) 
PARAMETRIC_REPRESENTATION_CONTEXT() REPRESENTATION_CONTEXT('2D SPACE',''
  ) );
#7428 = ORIENTED_EDGE('',*,*,#7429,.F.);
#7429 = EDGE_CURVE('',#4594,#7408,#7430,.T.);
#7430 = SURFACE_CURVE('',#7431,(#7435,#7442),.PCURVE_S1.);
#7431 = LINE('',#7432,#7433);
#7432 = CARTESIAN_POINT('',(-27.2958,-2.286375,13.266));
#7433 = VECTOR('',#7434,1.);
#7434 = DIRECTION('',(1.,0.,0.));
#7435 = PCURVE('',#4643,#7436);
#7436 = DEFINITIONAL_REPRESENTATION('',(#7437),#7441);
#7437 = LINE('',#7438,#7439);
#7438 = CARTESIAN_POINT('',(2.396421802941,0.580610913083));
#7439 = VECTOR('',#7440,1.);
#7440 = DIRECTION('',(0.962870502626,-0.269963692325));
#7441 = ( GEOMETRIC_REPRESENTATION_CONTEXT(2) 
PARAMETRIC_REPRESENTATION_CONTEXT() REPRESENTATION_CONTEXT('2D SPACE',''
  ) );
#7442 = PCURVE('',#4613,#7443);
#7443 = DEFINITIONAL_REPRESENTATION('',(#7444),#7447);
#7444 = B_SPLINE_CURVE_WITH_KNOTS('',1,(#7445,#7446),.UNSPECIFIED.,.F.,
  .F.,(2,2),(-1.831657659747,2.1507),.PIECEWISE_BEZIER_KNOTS.);
#7445 = CARTESIAN_POINT('',(1.907273084174,1.));
#7446 = CARTESIAN_POINT('',(-2.239486292815,1.));
#7447 = ( GEOMETRIC_REPRESENTATION_CONTEXT(2) 
PARAMETRIC_REPRESENTATION_CONTEXT() REPRESENTATION_CONTEXT('2D SPACE',''
  ) );
#7448 = ADVANCED_FACE('',(#7449),#4613,.F.);
#7449 = FACE_BOUND('',#7450,.F.);
#7450 = EDGE_LOOP('',(#7451,#7471,#7491,#7545,#7546));
#7451 = ORIENTED_EDGE('',*,*,#7452,.F.);
#7452 = EDGE_CURVE('',#7453,#7408,#7455,.T.);
#7453 = VERTEX_POINT('',#7454);
#7454 = CARTESIAN_POINT('',(-25.04687037614,-2.188145376147,2.01));
#7455 = SURFACE_CURVE('',#7456,(#7459,#7465),.PCURVE_S1.);
#7456 = B_SPLINE_CURVE_WITH_KNOTS('',1,(#7457,#7458),.UNSPECIFIED.,.F.,
  .F.,(2,2),(0.,1.),.PIECEWISE_BEZIER_KNOTS.);
#7457 = CARTESIAN_POINT('',(-25.04511627572,-2.186391275721,1.809));
#7458 = CARTESIAN_POINT('',(-25.1451,-2.286375,13.266));
#7459 = PCURVE('',#4613,#7460);
#7460 = DEFINITIONAL_REPRESENTATION('',(#7461),#7464);
#7461 = B_SPLINE_CURVE_WITH_KNOTS('',1,(#7462,#7463),.UNSPECIFIED.,.F.,
  .F.,(2,2),(1.754385964912E-02,1.),.PIECEWISE_BEZIER_KNOTS.);
#7462 = CARTESIAN_POINT('',(-2.239486292815,1.754385964912E-02));
#7463 = CARTESIAN_POINT('',(-2.239486292815,1.));
#7464 = ( GEOMETRIC_REPRESENTATION_CONTEXT(2) 
PARAMETRIC_REPRESENTATION_CONTEXT() REPRESENTATION_CONTEXT('2D SPACE',''
  ) );
#7465 = PCURVE('',#7369,#7466);
#7466 = DEFINITIONAL_REPRESENTATION('',(#7467),#7470);
#7467 = B_SPLINE_CURVE_WITH_KNOTS('',1,(#7468,#7469),.UNSPECIFIED.,.F.,
  .F.,(2,2),(1.754385964912E-02,1.),.PIECEWISE_BEZIER_KNOTS.);
#7468 = CARTESIAN_POINT('',(0.699486292815,1.754385964912E-02));
#7469 = CARTESIAN_POINT('',(0.699486292815,1.));
#7470 = ( GEOMETRIC_REPRESENTATION_CONTEXT(2) 
PARAMETRIC_REPRESENTATION_CONTEXT() REPRESENTATION_CONTEXT('2D SPACE',''
  ) );
#7471 = ORIENTED_EDGE('',*,*,#7472,.F.);
#7472 = EDGE_CURVE('',#7473,#7453,#7475,.T.);
#7473 = VERTEX_POINT('',#7474);
#7474 = CARTESIAN_POINT('',(-27.94337269948,-2.188145376147,2.01));
#7475 = SURFACE_CURVE('',#7476,(#7479,#7485),.PCURVE_S1.);
#7476 = B_SPLINE_CURVE_WITH_KNOTS('',1,(#7477,#7478),.UNSPECIFIED.,.F.,
  .F.,(2,2),(0.,1.),.PIECEWISE_BEZIER_KNOTS.);
#7477 = CARTESIAN_POINT('',(-27.94337269948,-2.188145376147,2.01));
#7478 = CARTESIAN_POINT('',(-25.04687037614,-2.188145376147,2.01));
#7479 = PCURVE('',#4613,#7480);
#7480 = DEFINITIONAL_REPRESENTATION('',(#7481),#7484);
#7481 = B_SPLINE_CURVE_WITH_KNOTS('',1,(#7482,#7483),.UNSPECIFIED.,.F.,
  .F.,(2,2),(0.,1.),.PIECEWISE_BEZIER_KNOTS.);
#7482 = CARTESIAN_POINT('',(0.644853519965,1.754385964912E-02));
#7483 = CARTESIAN_POINT('',(-2.239486292815,1.754385964912E-02));
#7484 = ( GEOMETRIC_REPRESENTATION_CONTEXT(2) 
PARAMETRIC_REPRESENTATION_CONTEXT() REPRESENTATION_CONTEXT('2D SPACE',''
  ) );
#7485 = PCURVE('',#5005,#7486);
#7486 = DEFINITIONAL_REPRESENTATION('',(#7487),#7490);
#7487 = B_SPLINE_CURVE_WITH_KNOTS('',1,(#7488,#7489),.UNSPECIFIED.,.F.,
  .F.,(2,2),(0.,1.),.PIECEWISE_BEZIER_KNOTS.);
#7488 = CARTESIAN_POINT('',(-8.848372699484,-51.43314537614));
#7489 = CARTESIAN_POINT('',(-5.951870376147,-51.43314537614));
#7490 = ( GEOMETRIC_REPRESENTATION_CONTEXT(2) 
PARAMETRIC_REPRESENTATION_CONTEXT() REPRESENTATION_CONTEXT('2D SPACE',''
  ) );
#7491 = ORIENTED_EDGE('',*,*,#7492,.F.);
#7492 = EDGE_CURVE('',#4567,#7473,#7493,.T.);
#7493 = SURFACE_CURVE('',#7494,(#7509,#7527),.PCURVE_S1.);
#7494 = B_SPLINE_CURVE_WITH_KNOTS('',7,(#7495,#7496,#7497,#7498,#7499,
    #7500,#7501,#7502,#7503,#7504,#7505,#7506,#7507,#7508),
  .UNSPECIFIED.,.F.,.F.,(8,6,8),(0.,0.377449189115,1.),.UNSPECIFIED.);
#7495 = CARTESIAN_POINT('',(-28.94821963311,-2.196762811909,
    2.997460331531));
#7496 = CARTESIAN_POINT('',(-28.94657747962,-2.195941797693,
    2.903381420733));
#7497 = CARTESIAN_POINT('',(-28.93466050547,-2.195123079826,
    2.809565645592));
#7498 = CARTESIAN_POINT('',(-28.91254117878,-2.194325999244,
    2.718229257632));
#7499 = CARTESIAN_POINT('',(-28.88107037432,-2.193565661054,
    2.63110313079));
#7500 = CARTESIAN_POINT('',(-28.84138430807,-2.192852876417,
    2.549426101422));
#7501 = CARTESIAN_POINT('',(-28.79473904894,-2.192194832302,
    2.474021714561));
#7502 = CARTESIAN_POINT('',(-28.65595820823,-2.190607533692,
    2.292135309488));
#7503 = CARTESIAN_POINT('',(-28.55405593625,-2.189780820497,
    2.197403360419));
#7504 = CARTESIAN_POINT('',(-28.44119202946,-2.189122193124,
    2.121932138798));
#7505 = CARTESIAN_POINT('',(-28.32101850592,-2.188632258495,
    2.065791191013));
#7506 = CARTESIAN_POINT('',(-28.1965594447,-2.188308070149,
    2.028642886052));
#7507 = CARTESIAN_POINT('',(-28.07010150414,-2.188145376147,2.01));
#7508 = CARTESIAN_POINT('',(-27.94337269948,-2.188145376147,2.01));
#7509 = PCURVE('',#4613,#7510);
#7510 = DEFINITIONAL_REPRESENTATION('',(#7511),#7526);
#7511 = B_SPLINE_CURVE_WITH_KNOTS('',7,(#7512,#7513,#7514,#7515,#7516,
    #7517,#7518,#7519,#7520,#7521,#7522,#7523,#7524,#7525),
  .UNSPECIFIED.,.F.,.F.,(8,6,8),(0.,0.377449189115,1.),.UNSPECIFIED.);
#7512 = CARTESIAN_POINT('',(1.651810465529,0.103732245049));
#7513 = CARTESIAN_POINT('',(1.649563573267,9.552076640773E-02));
#7514 = CARTESIAN_POINT('',(1.637049263542,8.733225500494E-02));
#7515 = CARTESIAN_POINT('',(1.614370024212,7.936015166556E-02));
#7516 = CARTESIAN_POINT('',(1.582402851192,7.175553205811E-02));
#7517 = CARTESIAN_POINT('',(1.542299752002,6.462652539255E-02));
#7518 = CARTESIAN_POINT('',(1.495323434875,5.804501305413E-02));
#7519 = CARTESIAN_POINT('',(1.35589316702,4.216944309054E-02));
#7520 = CARTESIAN_POINT('',(1.253820842228,3.39009653853E-02));
#7521 = CARTESIAN_POINT('',(1.141015268324,2.731361951629E-02));
#7522 = CARTESIAN_POINT('',(1.021091533408,2.241347569282E-02));
#7523 = CARTESIAN_POINT('',(0.897023775488,1.917106450655E-02));
#7524 = CARTESIAN_POINT('',(0.771050186117,1.754385964912E-02));
#7525 = CARTESIAN_POINT('',(0.644853519965,1.754385964912E-02));
#7526 = ( GEOMETRIC_REPRESENTATION_CONTEXT(2) 
PARAMETRIC_REPRESENTATION_CONTEXT() REPRESENTATION_CONTEXT('2D SPACE',''
  ) );
#7527 = PCURVE('',#4582,#7528);
#7528 = DEFINITIONAL_REPRESENTATION('',(#7529),#7544);
#7529 = B_SPLINE_CURVE_WITH_KNOTS('',7,(#7530,#7531,#7532,#7533,#7534,
    #7535,#7536,#7537,#7538,#7539,#7540,#7541,#7542,#7543),
  .UNSPECIFIED.,.F.,.F.,(8,6,8),(0.,0.377449189115,1.),.UNSPECIFIED.);
#7530 = CARTESIAN_POINT('',(0.,47.048237188091));
#7531 = CARTESIAN_POINT('',(-9.362511607327E-02,47.049058202307));
#7532 = CARTESIAN_POINT('',(-0.187166630181,47.049876920174));
#7533 = CARTESIAN_POINT('',(-0.279760686718,47.050674000756));
#7534 = CARTESIAN_POINT('',(-0.370993251034,47.051434338946));
#7535 = CARTESIAN_POINT('',(-0.460592744145,47.052147123583));
#7536 = CARTESIAN_POINT('',(-0.548396033225,47.052805167698));
#7537 = CARTESIAN_POINT('',(-0.776043255781,47.054392466308));
#7538 = CARTESIAN_POINT('',(-0.912487506086,47.055219179503));
#7539 = CARTESIAN_POINT('',(-1.044960092538,47.055877806876));
#7540 = CARTESIAN_POINT('',(-1.174301296471,47.056367741505));
#7541 = CARTESIAN_POINT('',(-1.30141602896,47.056691929851));
#7542 = CARTESIAN_POINT('',(-1.42724472118,47.056854623853));
#7543 = CARTESIAN_POINT('',(-1.553343034275,47.056854623853));
#7544 = ( GEOMETRIC_REPRESENTATION_CONTEXT(2) 
PARAMETRIC_REPRESENTATION_CONTEXT() REPRESENTATION_CONTEXT('2D SPACE',''
  ) );
#7545 = ORIENTED_EDGE('',*,*,#4593,.T.);
#7546 = ORIENTED_EDGE('',*,*,#7429,.T.);
#7547 = ADVANCED_FACE('',(#7548),#4582,.T.);
#7548 = FACE_BOUND('',#7549,.F.);
#7549 = EDGE_LOOP('',(#7550,#7551,#7552,#7574));
#7550 = ORIENTED_EDGE('',*,*,#4566,.F.);
#7551 = ORIENTED_EDGE('',*,*,#7492,.T.);
#7552 = ORIENTED_EDGE('',*,*,#7553,.T.);
#7553 = EDGE_CURVE('',#7473,#7554,#7556,.T.);
#7554 = VERTEX_POINT('',#7555);
#7555 = CARTESIAN_POINT('',(-27.94337269948,40.629395376147,2.01));
#7556 = SURFACE_CURVE('',#7557,(#7561,#7567),.PCURVE_S1.);
#7557 = LINE('',#7558,#7559);
#7558 = CARTESIAN_POINT('',(-27.94337269948,-49.245,2.01));
#7559 = VECTOR('',#7560,1.);
#7560 = DIRECTION('',(0.,1.,0.));
#7561 = PCURVE('',#4582,#7562);
#7562 = DEFINITIONAL_REPRESENTATION('',(#7563),#7566);
#7563 = B_SPLINE_CURVE_WITH_KNOTS('',1,(#7564,#7565),.UNSPECIFIED.,.F.,
  .F.,(2,2),(47.056854623853,89.874395376147),.PIECEWISE_BEZIER_KNOTS.);
#7564 = CARTESIAN_POINT('',(-1.553343034275,47.056854623853));
#7565 = CARTESIAN_POINT('',(-1.553343034275,89.874395376147));
#7566 = ( GEOMETRIC_REPRESENTATION_CONTEXT(2) 
PARAMETRIC_REPRESENTATION_CONTEXT() REPRESENTATION_CONTEXT('2D SPACE',''
  ) );
#7567 = PCURVE('',#5005,#7568);
#7568 = DEFINITIONAL_REPRESENTATION('',(#7569),#7573);
#7569 = LINE('',#7570,#7571);
#7570 = CARTESIAN_POINT('',(-8.848372699484,-98.49));
#7571 = VECTOR('',#7572,1.);
#7572 = DIRECTION('',(0.,1.));
#7573 = ( GEOMETRIC_REPRESENTATION_CONTEXT(2) 
PARAMETRIC_REPRESENTATION_CONTEXT() REPRESENTATION_CONTEXT('2D SPACE',''
  ) );
#7574 = ORIENTED_EDGE('',*,*,#7575,.T.);
#7575 = EDGE_CURVE('',#7554,#4533,#7576,.T.);
#7576 = SURFACE_CURVE('',#7577,(#7598,#7649),.PCURVE_S1.);
#7577 = B_SPLINE_CURVE_WITH_KNOTS('',7,(#7578,#7579,#7580,#7581,#7582,
    #7583,#7584,#7585,#7586,#7587,#7588,#7589,#7590,#7591,#7592,#7593,
    #7594,#7595,#7596,#7597),.UNSPECIFIED.,.F.,.F.,(8,6,6,8),(0.,
    0.713416911845,1.,1.611838365518),.UNSPECIFIED.);
#7578 = CARTESIAN_POINT('',(-27.94337269948,40.629395376147,2.01));
#7579 = CARTESIAN_POINT('',(-28.03347007545,40.629395376147,2.01));
#7580 = CARTESIAN_POINT('',(-28.12351262117,40.629477611389,
    2.019423225368));
#7581 = CARTESIAN_POINT('',(-28.2127893055,40.629641909892,2.03824996902
    ));
#7582 = CARTESIAN_POINT('',(-28.30048982365,40.629889022474,
    2.066566266175));
#7583 = CARTESIAN_POINT('',(-28.38569106995,40.630219841119,
    2.104474328211));
#7584 = CARTESIAN_POINT('',(-28.46733157969,40.630635038161,
    2.152051196819));
#7585 = CARTESIAN_POINT('',(-28.57504189456,40.631336014131,
    2.232375086944));
#7586 = CARTESIAN_POINT('',(-28.60512602907,40.631550539221,
    2.256957227432));
#7587 = CARTESIAN_POINT('',(-28.63434196336,40.631778687013,
    2.283100374981));
#7588 = CARTESIAN_POINT('',(-28.66259625247,40.632020394418,
    2.310797300231));
#7589 = CARTESIAN_POINT('',(-28.68978768106,40.632275528393,
    2.34003275803));
#7590 = CARTESIAN_POINT('',(-28.71580855797,40.63254386455,
    2.370781036061));
#7591 = CARTESIAN_POINT('',(-28.79335904585,40.633425414136,
    2.471796613052));
#7592 = CARTESIAN_POINT('',(-28.84040592484,40.63408534997,2.54741776946
    ));
#7593 = CARTESIAN_POINT('',(-28.88044903847,40.634800694714,
    2.629388158058));
#7594 = CARTESIAN_POINT('',(-28.91221310741,40.635564217669,
    2.716879222892));
#7595 = CARTESIAN_POINT('',(-28.93454257638,40.636365000471,
    2.808639843149));
#7596 = CARTESIAN_POINT('',(-28.94656937123,40.637187743809,
    2.902916891732));
#7597 = CARTESIAN_POINT('',(-28.94821963311,40.638012811909,
    2.997460331531));
#7598 = PCURVE('',#4582,#7599);
#7599 = DEFINITIONAL_REPRESENTATION('',(#7600),#7648);
#7600 = B_SPLINE_CURVE_WITH_KNOTS('',3,(#7601,#7602,#7603,#7604,#7605,
    #7606,#7607,#7608,#7609,#7610,#7611,#7612,#7613,#7614,#7615,#7616,
    #7617,#7618,#7619,#7620,#7621,#7622,#7623,#7624,#7625,#7626,#7627,
    #7628,#7629,#7630,#7631,#7632,#7633,#7634,#7635,#7636,#7637,#7638,
    #7639,#7640,#7641,#7642,#7643,#7644,#7645,#7646,#7647),
  .UNSPECIFIED.,.F.,.F.,(4,1,1,1,1,1,1,1,1,1,1,1,1,1,1,1,1,1,1,1,1,1,1,1
    ,1,1,1,1,1,1,1,1,1,1,1,1,1,1,1,1,1,1,1,1,4),(0.,3.663269012541E-02,
    7.326538025083E-02,0.109898070376,0.146530760502,0.183163450627,
    0.219796140752,0.256428830878,0.293061521003,0.329694211129,
    0.366326901254,0.40295959138,0.439592281505,0.47622497163,
    0.512857661756,0.549490351881,0.586123042007,0.622755732132,
    0.659388422257,0.696021112383,0.732653802508,0.769286492634,
    0.805919182759,0.842551872885,0.87918456301,0.915817253135,
    0.952449943261,0.989082633386,1.025715323512,1.062348013637,
    1.098980703762,1.135613393888,1.172246084013,1.208878774139,
    1.245511464264,1.282144154389,1.318776844515,1.35540953464,
    1.392042224766,1.428674914891,1.465307605017,1.501940295142,
    1.538572985267,1.575205675393,1.611838365518),
  .QUASI_UNIFORM_KNOTS.);
#7601 = CARTESIAN_POINT('',(-1.553343034275,89.874395376147));
#7602 = CARTESIAN_POINT('',(-1.542601988875,89.874395376529));
#7603 = CARTESIAN_POINT('',(-1.521121747674,89.874398411371));
#7604 = CARTESIAN_POINT('',(-1.488894450775,89.874412068629));
#7605 = CARTESIAN_POINT('',(-1.456647551747,89.87443483199));
#7606 = CARTESIAN_POINT('',(-1.424369024553,89.874466708325));
#7607 = CARTESIAN_POINT('',(-1.392047172437,89.874507707504));
#7608 = CARTESIAN_POINT('',(-1.359670628066,89.874557842405));
#7609 = CARTESIAN_POINT('',(-1.327228276708,89.874617128234));
#7610 = CARTESIAN_POINT('',(-1.2947092056,89.874685582075));
#7611 = CARTESIAN_POINT('',(-1.262102650737,89.874763222428));
#7612 = CARTESIAN_POINT('',(-1.229397947565,89.874850068803));
#7613 = CARTESIAN_POINT('',(-1.196584482584,89.874946141343));
#7614 = CARTESIAN_POINT('',(-1.163651645257,89.875051460495));
#7615 = CARTESIAN_POINT('',(-1.13058877927,89.875166046709));
#7616 = CARTESIAN_POINT('',(-1.097385131061,89.87528992019));
#7617 = CARTESIAN_POINT('',(-1.064029798387,89.875423100664));
#7618 = CARTESIAN_POINT('',(-1.030511663378,89.875565607255));
#7619 = CARTESIAN_POINT('',(-0.996819363185,89.875717458147));
#7620 = CARTESIAN_POINT('',(-0.962941095202,89.875878671211));
#7621 = CARTESIAN_POINT('',(-0.928865010047,89.876049261234));
#7622 = CARTESIAN_POINT('',(-0.89457737737,89.876229250016));
#7623 = CARTESIAN_POINT('',(-0.860076176028,89.876418590544));
#7624 = CARTESIAN_POINT('',(-0.825351122293,89.876617268167));
#7625 = CARTESIAN_POINT('',(-0.7903938077,89.876825249727));
#7626 = CARTESIAN_POINT('',(-0.755196309339,89.877042487936));
#7627 = CARTESIAN_POINT('',(-0.719751626278,89.877268917317));
#7628 = CARTESIAN_POINT('',(-0.684053255168,89.877504455019));
#7629 = CARTESIAN_POINT('',(-0.648096485401,89.877748990592));
#7630 = CARTESIAN_POINT('',(-0.611873770609,89.878002415026));
#7631 = CARTESIAN_POINT('',(-0.575364362251,89.878264700503));
#7632 = CARTESIAN_POINT('',(-0.538578004606,89.878535583937));
#7633 = CARTESIAN_POINT('',(-0.501519064789,89.878814810682));
#7634 = CARTESIAN_POINT('',(-0.464194676488,89.87910207815));
#7635 = CARTESIAN_POINT('',(-0.426612641187,89.87939704937));
#7636 = CARTESIAN_POINT('',(-0.3887821034,89.879699347834));
#7637 = CARTESIAN_POINT('',(-0.35071351186,89.880008557411));
#7638 = CARTESIAN_POINT('',(-0.312418802193,89.880324220958));
#7639 = CARTESIAN_POINT('',(-0.273911552053,89.880645839357));
#7640 = CARTESIAN_POINT('',(-0.235207179766,89.880972870516));
#7641 = CARTESIAN_POINT('',(-0.19632316772,89.881304728517));
#7642 = CARTESIAN_POINT('',(-0.157279336928,89.881640782712));
#7643 = CARTESIAN_POINT('',(-0.118098114165,89.881980357455));
#7644 = CARTESIAN_POINT('',(-7.88050338412E-02,89.882322729945));
#7645 = CARTESIAN_POINT('',(-3.942860397983E-02,89.882667135711));
#7646 = CARTESIAN_POINT('',(-1.314474855732E-02,89.882897542684));
#7647 = CARTESIAN_POINT('',(0.,89.883012811909));
#7648 = ( GEOMETRIC_REPRESENTATION_CONTEXT(2) 
PARAMETRIC_REPRESENTATION_CONTEXT() REPRESENTATION_CONTEXT('2D SPACE',''
  ) );
#7649 = PCURVE('',#4552,#7650);
#7650 = DEFINITIONAL_REPRESENTATION('',(#7651),#7699);
#7651 = B_SPLINE_CURVE_WITH_KNOTS('',3,(#7652,#7653,#7654,#7655,#7656,
    #7657,#7658,#7659,#7660,#7661,#7662,#7663,#7664,#7665,#7666,#7667,
    #7668,#7669,#7670,#7671,#7672,#7673,#7674,#7675,#7676,#7677,#7678,
    #7679,#7680,#7681,#7682,#7683,#7684,#7685,#7686,#7687,#7688,#7689,
    #7690,#7691,#7692,#7693,#7694,#7695,#7696,#7697,#7698),
  .UNSPECIFIED.,.F.,.F.,(4,1,1,1,1,1,1,1,1,1,1,1,1,1,1,1,1,1,1,1,1,1,1,1
    ,1,1,1,1,1,1,1,1,1,1,1,1,1,1,1,1,1,1,1,1,4),(0.,3.663269012541E-02,
    7.326538025083E-02,0.109898070376,0.146530760502,0.183163450627,
    0.219796140752,0.256428830878,0.293061521003,0.329694211129,
    0.366326901254,0.40295959138,0.439592281505,0.47622497163,
    0.512857661756,0.549490351881,0.586123042007,0.622755732132,
    0.659388422257,0.696021112383,0.732653802508,0.769286492634,
    0.805919182759,0.842551872885,0.87918456301,0.915817253135,
    0.952449943261,0.989082633386,1.025715323512,1.062348013637,
    1.098980703762,1.135613393888,1.172246084013,1.208878774139,
    1.245511464264,1.282144154389,1.318776844515,1.35540953464,
    1.392042224766,1.428674914891,1.465307605017,1.501940295142,
    1.538572985267,1.575205675393,1.611838365518),
  .QUASI_UNIFORM_KNOTS.);
#7652 = CARTESIAN_POINT('',(-0.644853519965,1.754385964912E-02));
#7653 = CARTESIAN_POINT('',(-0.655602936427,1.754386346425E-02));
#7654 = CARTESIAN_POINT('',(-0.677100811396,1.757421682935E-02));
#7655 = CARTESIAN_POINT('',(-0.709324069842,1.771081163936E-02));
#7656 = CARTESIAN_POINT('',(-0.741503329871,1.793848230363E-02));
#7657 = CARTESIAN_POINT('',(-0.77361732203,1.825729754452E-02));
#7658 = CARTESIAN_POINT('',(-0.805644216463,1.866735607248E-02));
#7659 = CARTESIAN_POINT('',(-0.837561530903,1.916878669737E-02));
#7660 = CARTESIAN_POINT('',(-0.869346132725,1.976174149634E-02));
#7661 = CARTESIAN_POINT('',(-0.900974214298,2.044639133509E-02));
#7662 = CARTESIAN_POINT('',(-0.932421273986,2.122292125154E-02));
#7663 = CARTESIAN_POINT('',(-0.963662094149,2.209152636957E-02));
#7664 = CARTESIAN_POINT('',(-0.994670718439,2.305240816291E-02));
#7665 = CARTESIAN_POINT('',(-1.025420427834,2.410577112133E-02));
#7666 = CARTESIAN_POINT('',(-1.055883715367,2.525181979021E-02));
#7667 = CARTESIAN_POINT('',(-1.086032260297,2.649075624719E-02));
#7668 = CARTESIAN_POINT('',(-1.115836898777,2.782277779017E-02));
#7669 = CARTESIAN_POINT('',(-1.145267602055,2.924807567565E-02));
#7670 = CARTESIAN_POINT('',(-1.174293421035,3.0766831777E-02));
#7671 = CARTESIAN_POINT('',(-1.202882550845,3.237922484596E-02));
#7672 = CARTESIAN_POINT('',(-1.231001942014,3.408540277393E-02));
#7673 = CARTESIAN_POINT('',(-1.258618598204,3.588558358368E-02));
#7674 = CARTESIAN_POINT('',(-1.285688862261,3.777929707718E-02));
#7675 = CARTESIAN_POINT('',(-1.312174728253,3.976639672646E-02));
#7676 = CARTESIAN_POINT('',(-1.338035382324,4.184655088835E-02));
#7677 = CARTESIAN_POINT('',(-1.363228479508,4.401928659917E-02));
#7678 = CARTESIAN_POINT('',(-1.387709881258,4.628394899992E-02));
#7679 = CARTESIAN_POINT('',(-1.411434067711,4.863970943767E-02));
#7680 = CARTESIAN_POINT('',(-1.43435338991,5.108546323146E-02));
#7681 = CARTESIAN_POINT('',(-1.456421287234,5.362012010412E-02));
#7682 = CARTESIAN_POINT('',(-1.477597386929,5.624340183884E-02));
#7683 = CARTESIAN_POINT('',(-1.497822336364,5.895267712877E-02));
#7684 = CARTESIAN_POINT('',(-1.517040887403,6.174539911606E-02));
#7685 = CARTESIAN_POINT('',(-1.535197059299,6.46185414243E-02));
#7686 = CARTESIAN_POINT('',(-1.55223585291,6.75687337828E-02));
#7687 = CARTESIAN_POINT('',(-1.568103233553,7.059221051486E-02));
#7688 = CARTESIAN_POINT('',(-1.582746607702,7.368480963045E-02));
#7689 = CARTESIAN_POINT('',(-1.596115203323,7.68419589526E-02));
#7690 = CARTESIAN_POINT('',(-1.608160517391,8.005866648407E-02));
#7691 = CARTESIAN_POINT('',(-1.618836794611,8.332951042191E-02));
#7692 = CARTESIAN_POINT('',(-1.628101545692,8.664863064677E-02));
#7693 = CARTESIAN_POINT('',(-1.635916135709,9.000971963537E-02));
#7694 = CARTESIAN_POINT('',(-1.642246340068,9.340601983939E-02));
#7695 = CARTESIAN_POINT('',(-1.647063275406,9.683030207278E-02));
#7696 = CARTESIAN_POINT('',(-1.650343206526,0.10027492036));
#7697 = CARTESIAN_POINT('',(-1.651495632462,0.102579365158));
#7698 = CARTESIAN_POINT('',(-1.651810465529,0.103732245049));
#7699 = ( GEOMETRIC_REPRESENTATION_CONTEXT(2) 
PARAMETRIC_REPRESENTATION_CONTEXT() REPRESENTATION_CONTEXT('2D SPACE',''
  ) );
#7700 = ADVANCED_FACE('',(#7701),#4552,.F.);
#7701 = FACE_BOUND('',#7702,.F.);
#7702 = EDGE_LOOP('',(#7703,#7723,#7748,#7768,#7769));
#7703 = ORIENTED_EDGE('',*,*,#7704,.F.);
#7704 = EDGE_CURVE('',#7705,#7554,#7707,.T.);
#7705 = VERTEX_POINT('',#7706);
#7706 = CARTESIAN_POINT('',(-25.04687037614,40.629395376147,2.01));
#7707 = SURFACE_CURVE('',#7708,(#7711,#7717),.PCURVE_S1.);
#7708 = B_SPLINE_CURVE_WITH_KNOTS('',1,(#7709,#7710),.UNSPECIFIED.,.F.,
  .F.,(2,2),(0.,1.),.PIECEWISE_BEZIER_KNOTS.);
#7709 = CARTESIAN_POINT('',(-25.04687037614,40.629395376147,2.01));
#7710 = CARTESIAN_POINT('',(-27.94337269948,40.629395376147,2.01));
#7711 = PCURVE('',#4552,#7712);
#7712 = DEFINITIONAL_REPRESENTATION('',(#7713),#7716);
#7713 = B_SPLINE_CURVE_WITH_KNOTS('',1,(#7714,#7715),.UNSPECIFIED.,.F.,
  .F.,(2,2),(0.,1.),.PIECEWISE_BEZIER_KNOTS.);
#7714 = CARTESIAN_POINT('',(2.239486292815,1.754385964912E-02));
#7715 = CARTESIAN_POINT('',(-0.644853519965,1.754385964912E-02));
#7716 = ( GEOMETRIC_REPRESENTATION_CONTEXT(2) 
PARAMETRIC_REPRESENTATION_CONTEXT() REPRESENTATION_CONTEXT('2D SPACE',''
  ) );
#7717 = PCURVE('',#5005,#7718);
#7718 = DEFINITIONAL_REPRESENTATION('',(#7719),#7722);
#7719 = B_SPLINE_CURVE_WITH_KNOTS('',1,(#7720,#7721),.UNSPECIFIED.,.F.,
  .F.,(2,2),(0.,1.),.PIECEWISE_BEZIER_KNOTS.);
#7720 = CARTESIAN_POINT('',(-5.951870376147,-8.615604623853));
#7721 = CARTESIAN_POINT('',(-8.848372699484,-8.615604623853));
#7722 = ( GEOMETRIC_REPRESENTATION_CONTEXT(2) 
PARAMETRIC_REPRESENTATION_CONTEXT() REPRESENTATION_CONTEXT('2D SPACE',''
  ) );
#7723 = ORIENTED_EDGE('',*,*,#7724,.T.);
#7724 = EDGE_CURVE('',#7705,#7725,#7727,.T.);
#7725 = VERTEX_POINT('',#7726);
#7726 = CARTESIAN_POINT('',(-25.1451,40.727625,13.266));
#7727 = SURFACE_CURVE('',#7728,(#7731,#7737),.PCURVE_S1.);
#7728 = B_SPLINE_CURVE_WITH_KNOTS('',1,(#7729,#7730),.UNSPECIFIED.,.F.,
  .F.,(2,2),(0.,1.),.PIECEWISE_BEZIER_KNOTS.);
#7729 = CARTESIAN_POINT('',(-25.04511627572,40.627641275721,1.809));
#7730 = CARTESIAN_POINT('',(-25.1451,40.727625,13.266));
#7731 = PCURVE('',#4552,#7732);
#7732 = DEFINITIONAL_REPRESENTATION('',(#7733),#7736);
#7733 = B_SPLINE_CURVE_WITH_KNOTS('',1,(#7734,#7735),.UNSPECIFIED.,.F.,
  .F.,(2,2),(1.754385964912E-02,1.),.PIECEWISE_BEZIER_KNOTS.);
#7734 = CARTESIAN_POINT('',(2.239486292815,1.754385964912E-02));
#7735 = CARTESIAN_POINT('',(2.239486292815,1.));
#7736 = ( GEOMETRIC_REPRESENTATION_CONTEXT(2) 
PARAMETRIC_REPRESENTATION_CONTEXT() REPRESENTATION_CONTEXT('2D SPACE',''
  ) );
#7737 = PCURVE('',#7738,#7743);
#7738 = B_SPLINE_SURFACE_WITH_KNOTS('',1,1,(
    (#7739,#7740)
    ,(#7741,#7742
    )),.UNSPECIFIED.,.F.,.F.,.F.,(2,2),(2,2),(-0.699486292815,
    0.699486292815),(0.,1.),.PIECEWISE_BEZIER_KNOTS.);
#7739 = CARTESIAN_POINT('',(-25.04511627572,40.627641275721,1.809));
#7740 = CARTESIAN_POINT('',(-25.1451,40.727625,13.266));
#7741 = CARTESIAN_POINT('',(-25.04511627572,42.033608724279,1.809));
#7742 = CARTESIAN_POINT('',(-25.1451,41.933625,13.266));
#7743 = DEFINITIONAL_REPRESENTATION('',(#7744),#7747);
#7744 = B_SPLINE_CURVE_WITH_KNOTS('',1,(#7745,#7746),.UNSPECIFIED.,.F.,
  .F.,(2,2),(1.754385964912E-02,1.),.PIECEWISE_BEZIER_KNOTS.);
#7745 = CARTESIAN_POINT('',(-0.699486292815,1.754385964912E-02));
#7746 = CARTESIAN_POINT('',(-0.699486292815,1.));
#7747 = ( GEOMETRIC_REPRESENTATION_CONTEXT(2) 
PARAMETRIC_REPRESENTATION_CONTEXT() REPRESENTATION_CONTEXT('2D SPACE',''
  ) );
#7748 = ORIENTED_EDGE('',*,*,#7749,.F.);
#7749 = EDGE_CURVE('',#4505,#7725,#7750,.T.);
#7750 = SURFACE_CURVE('',#7751,(#7755,#7761),.PCURVE_S1.);
#7751 = LINE('',#7752,#7753);
#7752 = CARTESIAN_POINT('',(-27.2958,40.727625,13.266));
#7753 = VECTOR('',#7754,1.);
#7754 = DIRECTION('',(1.,0.,0.));
#7755 = PCURVE('',#4552,#7756);
#7756 = DEFINITIONAL_REPRESENTATION('',(#7757),#7760);
#7757 = B_SPLINE_CURVE_WITH_KNOTS('',1,(#7758,#7759),.UNSPECIFIED.,.F.,
  .F.,(2,2),(-1.831657659747,2.1507),.PIECEWISE_BEZIER_KNOTS.);
#7758 = CARTESIAN_POINT('',(-1.907273084174,1.));
#7759 = CARTESIAN_POINT('',(2.239486292815,1.));
#7760 = ( GEOMETRIC_REPRESENTATION_CONTEXT(2) 
PARAMETRIC_REPRESENTATION_CONTEXT() REPRESENTATION_CONTEXT('2D SPACE',''
  ) );
#7761 = PCURVE('',#4520,#7762);
#7762 = DEFINITIONAL_REPRESENTATION('',(#7763),#7767);
#7763 = LINE('',#7764,#7765);
#7764 = CARTESIAN_POINT('',(2.070845589997,-0.580610913083));
#7765 = VECTOR('',#7766,1.);
#7766 = DIRECTION('',(0.962870502626,-0.269963692325));
#7767 = ( GEOMETRIC_REPRESENTATION_CONTEXT(2) 
PARAMETRIC_REPRESENTATION_CONTEXT() REPRESENTATION_CONTEXT('2D SPACE',''
  ) );
#7768 = ORIENTED_EDGE('',*,*,#4532,.F.);
#7769 = ORIENTED_EDGE('',*,*,#7575,.F.);
#7770 = ADVANCED_FACE('',(#7771),#4520,.F.);
#7771 = FACE_BOUND('',#7772,.F.);
#7772 = EDGE_LOOP('',(#7773,#7774,#7775,#7797));
#7773 = ORIENTED_EDGE('',*,*,#4504,.F.);
#7774 = ORIENTED_EDGE('',*,*,#7749,.T.);
#7775 = ORIENTED_EDGE('',*,*,#7776,.T.);
#7776 = EDGE_CURVE('',#7725,#7777,#7779,.T.);
#7777 = VERTEX_POINT('',#7778);
#7778 = CARTESIAN_POINT('',(-25.1451,41.933625,13.266));
#7779 = SURFACE_CURVE('',#7780,(#7784,#7791),.PCURVE_S1.);
#7780 = LINE('',#7781,#7782);
#7781 = CARTESIAN_POINT('',(-25.1451,41.330625,13.266));
#7782 = VECTOR('',#7783,1.);
#7783 = DIRECTION('',(0.,1.,0.));
#7784 = PCURVE('',#4520,#7785);
#7785 = DEFINITIONAL_REPRESENTATION('',(#7786),#7790);
#7786 = LINE('',#7787,#7788);
#7787 = CARTESIAN_POINT('',(4.304479286465,-0.580610913083));
#7788 = VECTOR('',#7789,1.);
#7789 = DIRECTION('',(0.269963692325,0.962870502626));
#7790 = ( GEOMETRIC_REPRESENTATION_CONTEXT(2) 
PARAMETRIC_REPRESENTATION_CONTEXT() REPRESENTATION_CONTEXT('2D SPACE',''
  ) );
#7791 = PCURVE('',#7738,#7792);
#7792 = DEFINITIONAL_REPRESENTATION('',(#7793),#7796);
#7793 = B_SPLINE_CURVE_WITH_KNOTS('',1,(#7794,#7795),.UNSPECIFIED.,.F.,
  .F.,(2,2),(-0.603,0.603),.PIECEWISE_BEZIER_KNOTS.);
#7794 = CARTESIAN_POINT('',(-0.699486292815,1.));
#7795 = CARTESIAN_POINT('',(0.699486292815,1.));
#7796 = ( GEOMETRIC_REPRESENTATION_CONTEXT(2) 
PARAMETRIC_REPRESENTATION_CONTEXT() REPRESENTATION_CONTEXT('2D SPACE',''
  ) );
#7797 = ORIENTED_EDGE('',*,*,#7798,.F.);
#7798 = EDGE_CURVE('',#4471,#7777,#7799,.T.);
#7799 = SURFACE_CURVE('',#7800,(#7804,#7811),.PCURVE_S1.);
#7800 = LINE('',#7801,#7802);
#7801 = CARTESIAN_POINT('',(-27.2958,41.933625,13.266));
#7802 = VECTOR('',#7803,1.);
#7803 = DIRECTION('',(1.,0.,0.));
#7804 = PCURVE('',#4520,#7805);
#7805 = DEFINITIONAL_REPRESENTATION('',(#7806),#7810);
#7806 = LINE('',#7807,#7808);
#7807 = CARTESIAN_POINT('',(2.396421802941,0.580610913083));
#7808 = VECTOR('',#7809,1.);
#7809 = DIRECTION('',(0.962870502626,-0.269963692325));
#7810 = ( GEOMETRIC_REPRESENTATION_CONTEXT(2) 
PARAMETRIC_REPRESENTATION_CONTEXT() REPRESENTATION_CONTEXT('2D SPACE',''
  ) );
#7811 = PCURVE('',#4490,#7812);
#7812 = DEFINITIONAL_REPRESENTATION('',(#7813),#7816);
#7813 = B_SPLINE_CURVE_WITH_KNOTS('',1,(#7814,#7815),.UNSPECIFIED.,.F.,
  .F.,(2,2),(-1.831657659747,2.1507),.PIECEWISE_BEZIER_KNOTS.);
#7814 = CARTESIAN_POINT('',(1.907273084174,1.));
#7815 = CARTESIAN_POINT('',(-2.239486292815,1.));
#7816 = ( GEOMETRIC_REPRESENTATION_CONTEXT(2) 
PARAMETRIC_REPRESENTATION_CONTEXT() REPRESENTATION_CONTEXT('2D SPACE',''
  ) );
#7817 = ADVANCED_FACE('',(#7818),#4490,.F.);
#7818 = FACE_BOUND('',#7819,.F.);
#7819 = EDGE_LOOP('',(#7820,#7840,#7860,#7914,#7915));
#7820 = ORIENTED_EDGE('',*,*,#7821,.F.);
#7821 = EDGE_CURVE('',#7822,#7777,#7824,.T.);
#7822 = VERTEX_POINT('',#7823);
#7823 = CARTESIAN_POINT('',(-25.04687037614,42.031854623853,2.01));
#7824 = SURFACE_CURVE('',#7825,(#7828,#7834),.PCURVE_S1.);
#7825 = B_SPLINE_CURVE_WITH_KNOTS('',1,(#7826,#7827),.UNSPECIFIED.,.F.,
  .F.,(2,2),(0.,1.),.PIECEWISE_BEZIER_KNOTS.);
#7826 = CARTESIAN_POINT('',(-25.04511627572,42.033608724279,1.809));
#7827 = CARTESIAN_POINT('',(-25.1451,41.933625,13.266));
#7828 = PCURVE('',#4490,#7829);
#7829 = DEFINITIONAL_REPRESENTATION('',(#7830),#7833);
#7830 = B_SPLINE_CURVE_WITH_KNOTS('',1,(#7831,#7832),.UNSPECIFIED.,.F.,
  .F.,(2,2),(1.754385964912E-02,1.),.PIECEWISE_BEZIER_KNOTS.);
#7831 = CARTESIAN_POINT('',(-2.239486292815,1.754385964912E-02));
#7832 = CARTESIAN_POINT('',(-2.239486292815,1.));
#7833 = ( GEOMETRIC_REPRESENTATION_CONTEXT(2) 
PARAMETRIC_REPRESENTATION_CONTEXT() REPRESENTATION_CONTEXT('2D SPACE',''
  ) );
#7834 = PCURVE('',#7738,#7835);
#7835 = DEFINITIONAL_REPRESENTATION('',(#7836),#7839);
#7836 = B_SPLINE_CURVE_WITH_KNOTS('',1,(#7837,#7838),.UNSPECIFIED.,.F.,
  .F.,(2,2),(1.754385964912E-02,1.),.PIECEWISE_BEZIER_KNOTS.);
#7837 = CARTESIAN_POINT('',(0.699486292815,1.754385964912E-02));
#7838 = CARTESIAN_POINT('',(0.699486292815,1.));
#7839 = ( GEOMETRIC_REPRESENTATION_CONTEXT(2) 
PARAMETRIC_REPRESENTATION_CONTEXT() REPRESENTATION_CONTEXT('2D SPACE',''
  ) );
#7840 = ORIENTED_EDGE('',*,*,#7841,.F.);
#7841 = EDGE_CURVE('',#7842,#7822,#7844,.T.);
#7842 = VERTEX_POINT('',#7843);
#7843 = CARTESIAN_POINT('',(-27.94337269948,42.031854623853,2.01));
#7844 = SURFACE_CURVE('',#7845,(#7848,#7854),.PCURVE_S1.);
#7845 = B_SPLINE_CURVE_WITH_KNOTS('',1,(#7846,#7847),.UNSPECIFIED.,.F.,
  .F.,(2,2),(0.,1.),.PIECEWISE_BEZIER_KNOTS.);
#7846 = CARTESIAN_POINT('',(-27.94337269948,42.031854623853,2.01));
#7847 = CARTESIAN_POINT('',(-25.04687037614,42.031854623853,2.01));
#7848 = PCURVE('',#4490,#7849);
#7849 = DEFINITIONAL_REPRESENTATION('',(#7850),#7853);
#7850 = B_SPLINE_CURVE_WITH_KNOTS('',1,(#7851,#7852),.UNSPECIFIED.,.F.,
  .F.,(2,2),(0.,1.),.PIECEWISE_BEZIER_KNOTS.);
#7851 = CARTESIAN_POINT('',(0.644853519965,1.754385964912E-02));
#7852 = CARTESIAN_POINT('',(-2.239486292815,1.754385964912E-02));
#7853 = ( GEOMETRIC_REPRESENTATION_CONTEXT(2) 
PARAMETRIC_REPRESENTATION_CONTEXT() REPRESENTATION_CONTEXT('2D SPACE',''
  ) );
#7854 = PCURVE('',#5005,#7855);
#7855 = DEFINITIONAL_REPRESENTATION('',(#7856),#7859);
#7856 = B_SPLINE_CURVE_WITH_KNOTS('',1,(#7857,#7858),.UNSPECIFIED.,.F.,
  .F.,(2,2),(0.,1.),.PIECEWISE_BEZIER_KNOTS.);
#7857 = CARTESIAN_POINT('',(-8.848372699484,-7.213145376147));
#7858 = CARTESIAN_POINT('',(-5.951870376147,-7.213145376147));
#7859 = ( GEOMETRIC_REPRESENTATION_CONTEXT(2) 
PARAMETRIC_REPRESENTATION_CONTEXT() REPRESENTATION_CONTEXT('2D SPACE',''
  ) );
#7860 = ORIENTED_EDGE('',*,*,#7861,.F.);
#7861 = EDGE_CURVE('',#4444,#7842,#7862,.T.);
#7862 = SURFACE_CURVE('',#7863,(#7878,#7896),.PCURVE_S1.);
#7863 = B_SPLINE_CURVE_WITH_KNOTS('',7,(#7864,#7865,#7866,#7867,#7868,
    #7869,#7870,#7871,#7872,#7873,#7874,#7875,#7876,#7877),
  .UNSPECIFIED.,.F.,.F.,(8,6,8),(0.,0.377274841657,1.),.UNSPECIFIED.);
#7864 = CARTESIAN_POINT('',(-28.94821963311,42.023237188091,
    2.997460331531));
#7865 = CARTESIAN_POINT('',(-28.94657823777,42.024057823257,
    2.903424855543));
#7866 = CARTESIAN_POINT('',(-28.93467150664,42.024876164622,
    2.809652223267));
#7867 = CARTESIAN_POINT('',(-28.91257178436,42.025672898439,
    2.718355570627));
#7868 = CARTESIAN_POINT('',(-28.88112836986,42.026432937829,
    2.631263682917));
#7869 = CARTESIAN_POINT('',(-28.8414756788,42.027145481911,
    2.549614218386));
#7870 = CARTESIAN_POINT('',(-28.79486796752,42.027803348079,
    2.474230222262));
#7871 = CARTESIAN_POINT('',(-28.65612954327,42.029391074847,
    2.292294755079));
#7872 = CARTESIAN_POINT('',(-28.55421415758,42.030218256442,
    2.19750913277));
#7873 = CARTESIAN_POINT('',(-28.44132666058,42.0308772584,2.121994987976
    ));
#7874 = CARTESIAN_POINT('',(-28.32112296157,42.031367469495,
    2.065822360248));
#7875 = CARTESIAN_POINT('',(-28.1966302038,42.031691838563,
    2.028653346656));
#7876 = CARTESIAN_POINT('',(-28.07013705606,42.031854623853,2.01));
#7877 = CARTESIAN_POINT('',(-27.94337269948,42.031854623853,2.01));
#7878 = PCURVE('',#4490,#7879);
#7879 = DEFINITIONAL_REPRESENTATION('',(#7880),#7895);
#7880 = B_SPLINE_CURVE_WITH_KNOTS('',7,(#7881,#7882,#7883,#7884,#7885,
    #7886,#7887,#7888,#7889,#7890,#7891,#7892,#7893,#7894),
  .UNSPECIFIED.,.F.,.F.,(8,6,8),(0.,0.377274841657,1.),.UNSPECIFIED.);
#7881 = CARTESIAN_POINT('',(1.651810465529,0.103732245049));
#7882 = CARTESIAN_POINT('',(1.649564610623,9.552455752313E-02));
#7883 = CARTESIAN_POINT('',(1.637060815964,8.733981175409E-02));
#7884 = CARTESIAN_POINT('',(1.614401404083,7.937117662803E-02));
#7885 = CARTESIAN_POINT('',(1.582461761354,7.176954551077E-02));
#7886 = CARTESIAN_POINT('',(1.542392083398,6.464294478366E-02));
#7887 = CARTESIAN_POINT('',(1.495453269254,5.806321220755E-02));
#7888 = CARTESIAN_POINT('',(1.356064789317,4.218335996147E-02));
#7889 = CARTESIAN_POINT('',(1.25397898156,3.391019750108E-02));
#7890 = CARTESIAN_POINT('',(1.141149619178,2.731910517376E-02));
#7891 = CARTESIAN_POINT('',(1.021195660743,2.241619623359E-02));
#7892 = CARTESIAN_POINT('',(0.897094263642,1.917197753827E-02));
#7893 = CARTESIAN_POINT('',(0.771085588755,1.754385964912E-02));
#7894 = CARTESIAN_POINT('',(0.644853519965,1.754385964912E-02));
#7895 = ( GEOMETRIC_REPRESENTATION_CONTEXT(2) 
PARAMETRIC_REPRESENTATION_CONTEXT() REPRESENTATION_CONTEXT('2D SPACE',''
  ) );
#7896 = PCURVE('',#4459,#7897);
#7897 = DEFINITIONAL_REPRESENTATION('',(#7898),#7913);
#7898 = B_SPLINE_CURVE_WITH_KNOTS('',7,(#7899,#7900,#7901,#7902,#7903,
    #7904,#7905,#7906,#7907,#7908,#7909,#7910,#7911,#7912),
  .UNSPECIFIED.,.F.,.F.,(8,6,8),(0.,0.377274841657,1.),.UNSPECIFIED.);
#7899 = CARTESIAN_POINT('',(0.,91.268237188091));
#7900 = CARTESIAN_POINT('',(-9.358189077422E-02,91.269057823257));
#7901 = CARTESIAN_POINT('',(-0.18708030627,91.269876164622));
#7902 = CARTESIAN_POINT('',(-0.279632629702,91.270672898439));
#7903 = CARTESIAN_POINT('',(-0.370825129707,91.271432937829));
#7904 = CARTESIAN_POINT('',(-0.460386390243,91.272145481911));
#7905 = CARTESIAN_POINT('',(-0.548153276493,91.272803348079));
#7906 = CARTESIAN_POINT('',(-0.775813716822,91.274391074847));
#7907 = CARTESIAN_POINT('',(-0.91230183961,91.275218256441));
#7908 = CARTESIAN_POINT('',(-1.044815202776,91.2758772584));
#7909 = CARTESIAN_POINT('',(-1.174194607316,91.276367469495));
#7910 = CARTESIAN_POINT('',(-1.301345621321,91.276691838563));
#7911 = CARTESIAN_POINT('',(-1.427209346134,91.276854623853));
#7912 = CARTESIAN_POINT('',(-1.553343034275,91.276854623853));
#7913 = ( GEOMETRIC_REPRESENTATION_CONTEXT(2) 
PARAMETRIC_REPRESENTATION_CONTEXT() REPRESENTATION_CONTEXT('2D SPACE',''
  ) );
#7914 = ORIENTED_EDGE('',*,*,#4470,.T.);
#7915 = ORIENTED_EDGE('',*,*,#7798,.T.);
#7916 = ADVANCED_FACE('',(#7917),#4459,.T.);
#7917 = FACE_BOUND('',#7918,.F.);
#7918 = EDGE_LOOP('',(#7919,#7920,#7921,#7941));
#7919 = ORIENTED_EDGE('',*,*,#4443,.F.);
#7920 = ORIENTED_EDGE('',*,*,#7861,.T.);
#7921 = ORIENTED_EDGE('',*,*,#7922,.T.);
#7922 = EDGE_CURVE('',#7842,#6381,#7923,.T.);
#7923 = SURFACE_CURVE('',#7924,(#7928,#7934),.PCURVE_S1.);
#7924 = LINE('',#7925,#7926);
#7925 = CARTESIAN_POINT('',(-27.94337269948,-49.245,2.01));
#7926 = VECTOR('',#7927,1.);
#7927 = DIRECTION('',(0.,1.,0.));
#7928 = PCURVE('',#4459,#7929);
#7929 = DEFINITIONAL_REPRESENTATION('',(#7930),#7933);
#7930 = B_SPLINE_CURVE_WITH_KNOTS('',1,(#7931,#7932),.UNSPECIFIED.,.F.,
  .F.,(2,2),(91.276854623853,98.49),.PIECEWISE_BEZIER_KNOTS.);
#7931 = CARTESIAN_POINT('',(-1.553343034275,91.276854623853));
#7932 = CARTESIAN_POINT('',(-1.553343034275,98.49));
#7933 = ( GEOMETRIC_REPRESENTATION_CONTEXT(2) 
PARAMETRIC_REPRESENTATION_CONTEXT() REPRESENTATION_CONTEXT('2D SPACE',''
  ) );
#7934 = PCURVE('',#5005,#7935);
#7935 = DEFINITIONAL_REPRESENTATION('',(#7936),#7940);
#7936 = LINE('',#7937,#7938);
#7937 = CARTESIAN_POINT('',(-8.848372699484,-98.49));
#7938 = VECTOR('',#7939,1.);
#7939 = DIRECTION('',(0.,1.));
#7940 = ( GEOMETRIC_REPRESENTATION_CONTEXT(2) 
PARAMETRIC_REPRESENTATION_CONTEXT() REPRESENTATION_CONTEXT('2D SPACE',''
  ) );
#7941 = ORIENTED_EDGE('',*,*,#6380,.F.);
#7942 = ADVANCED_FACE('',(#7943),#4953,.T.);
#7943 = FACE_BOUND('',#7944,.T.);
#7944 = EDGE_LOOP('',(#7945,#7946,#7947,#7948));
#7945 = ORIENTED_EDGE('',*,*,#5733,.F.);
#7946 = ORIENTED_EDGE('',*,*,#4939,.T.);
#7947 = ORIENTED_EDGE('',*,*,#6433,.T.);
#7948 = ORIENTED_EDGE('',*,*,#7949,.F.);
#7949 = EDGE_CURVE('',#5712,#6434,#7950,.T.);
#7950 = SURFACE_CURVE('',#7951,(#7956,#7962),.PCURVE_S1.);
#7951 = CIRCLE('',#7952,8.848372699484);
#7952 = AXIS2_PLACEMENT_3D('',#7953,#7954,#7955);
#7953 = CARTESIAN_POINT('',(-19.095,-49.245,2.01));
#7954 = DIRECTION('',(-0.,0.,-1.));
#7955 = DIRECTION('',(-3.630015509622E-16,-1.,0.));
#7956 = PCURVE('',#4953,#7957);
#7957 = DEFINITIONAL_REPRESENTATION('',(#7958),#7961);
#7958 = B_SPLINE_CURVE_WITH_KNOTS('',1,(#7959,#7960),.UNSPECIFIED.,.F.,
  .F.,(2,2),(-0.,1.570796326795),.PIECEWISE_BEZIER_KNOTS.);
#7959 = CARTESIAN_POINT('',(0.,1.570796326795));
#7960 = CARTESIAN_POINT('',(1.570796326795,1.570796326795));
#7961 = ( GEOMETRIC_REPRESENTATION_CONTEXT(2) 
PARAMETRIC_REPRESENTATION_CONTEXT() REPRESENTATION_CONTEXT('2D SPACE',''
  ) );
#7962 = PCURVE('',#5005,#7963);
#7963 = DEFINITIONAL_REPRESENTATION('',(#7964),#7972);
#7964 = ( BOUNDED_CURVE() B_SPLINE_CURVE(2,(#7965,#7966,#7967,#7968,
#7969,#7970,#7971),.UNSPECIFIED.,.T.,.F.) B_SPLINE_CURVE_WITH_KNOTS((1,2
    ,2,2,2,1),(-2.094395102393,0.,2.094395102393,4.188790204786,
6.28318530718,8.377580409573),.UNSPECIFIED.) CURVE() 
GEOMETRIC_REPRESENTATION_ITEM() RATIONAL_B_SPLINE_CURVE((1.,0.5,1.,0.5,
1.,0.5,1.)) REPRESENTATION_ITEM('') );
#7965 = CARTESIAN_POINT('',(-3.211973013404E-15,-107.3383726994));
#7966 = CARTESIAN_POINT('',(-15.32583107981,-107.3383726994));
#7967 = CARTESIAN_POINT('',(-7.662915539906,-94.06581365025));
#7968 = CARTESIAN_POINT('',(4.256719765991E-15,-80.79325460103));
#7969 = CARTESIAN_POINT('',(7.662915539906,-94.06581365025));
#7970 = CARTESIAN_POINT('',(15.325831079811,-107.3383726994));
#7971 = CARTESIAN_POINT('',(-3.211973013404E-15,-107.3383726994));
#7972 = ( GEOMETRIC_REPRESENTATION_CONTEXT(2) 
PARAMETRIC_REPRESENTATION_CONTEXT() REPRESENTATION_CONTEXT('2D SPACE',''
  ) );
#7973 = ADVANCED_FACE('',(#7974,#8587,#8617,#8719,#8749,#8851,#8881,
    #9313),#5005,.F.);
#7974 = FACE_BOUND('',#7975,.F.);
#7975 = EDGE_LOOP('',(#7976,#7977,#7978,#7979,#8006,#8028,#8048,#8076,
    #8096,#8118,#8138,#8166,#8186,#8208,#8228,#8253,#8273,#8295,#8315,
    #8340,#8360,#8382,#8407,#8408,#8409,#8427,#8428,#8429,#8430,#8448,
    #8449,#8450,#8451,#8452,#8453,#8471,#8472,#8473,#8474,#8492,#8493,
    #8494,#8495,#8518,#8539,#8540,#8541,#8542,#8565,#8586));
#7976 = ORIENTED_EDGE('',*,*,#6455,.F.);
#7977 = ORIENTED_EDGE('',*,*,#7949,.F.);
#7978 = ORIENTED_EDGE('',*,*,#5711,.F.);
#7979 = ORIENTED_EDGE('',*,*,#7980,.F.);
#7980 = EDGE_CURVE('',#7981,#5685,#7983,.T.);
#7981 = VERTEX_POINT('',#7982);
#7982 = CARTESIAN_POINT('',(27.943372699484,-49.245,2.01));
#7983 = SURFACE_CURVE('',#7984,(#7989,#8000),.PCURVE_S1.);
#7984 = CIRCLE('',#7985,8.848372699484);
#7985 = AXIS2_PLACEMENT_3D('',#7986,#7987,#7988);
#7986 = CARTESIAN_POINT('',(19.095,-49.245,2.01));
#7987 = DIRECTION('',(0.,0.,-1.));
#7988 = DIRECTION('',(1.,0.,0.));
#7989 = PCURVE('',#5005,#7990);
#7990 = DEFINITIONAL_REPRESENTATION('',(#7991),#7999);
#7991 = ( BOUNDED_CURVE() B_SPLINE_CURVE(2,(#7992,#7993,#7994,#7995,
#7996,#7997,#7998),.UNSPECIFIED.,.T.,.F.) B_SPLINE_CURVE_WITH_KNOTS((1,2
    ,2,2,2,1),(-2.094395102393,0.,2.094395102393,4.188790204786,
6.28318530718,8.377580409573),.UNSPECIFIED.) CURVE() 
GEOMETRIC_REPRESENTATION_ITEM() RATIONAL_B_SPLINE_CURVE((1.,0.5,1.,0.5,
1.,0.5,1.)) REPRESENTATION_ITEM('') );
#7992 = CARTESIAN_POINT('',(47.038372699484,-98.49));
#7993 = CARTESIAN_POINT('',(47.038372699484,-113.8158310798));
#7994 = CARTESIAN_POINT('',(33.765813650258,-106.1529155399));
#7995 = CARTESIAN_POINT('',(20.493254601032,-98.49));
#7996 = CARTESIAN_POINT('',(33.765813650258,-90.82708446009));
#7997 = CARTESIAN_POINT('',(47.038372699484,-83.16416892018));
#7998 = CARTESIAN_POINT('',(47.038372699484,-98.49));
#7999 = ( GEOMETRIC_REPRESENTATION_CONTEXT(2) 
PARAMETRIC_REPRESENTATION_CONTEXT() REPRESENTATION_CONTEXT('2D SPACE',''
  ) );
#8000 = PCURVE('',#5700,#8001);
#8001 = DEFINITIONAL_REPRESENTATION('',(#8002),#8005);
#8002 = B_SPLINE_CURVE_WITH_KNOTS('',1,(#8003,#8004),.UNSPECIFIED.,.F.,
  .F.,(2,2),(-0.,1.570796326795),.PIECEWISE_BEZIER_KNOTS.);
#8003 = CARTESIAN_POINT('',(0.,1.570796326795));
#8004 = CARTESIAN_POINT('',(1.570796326795,1.570796326795));
#8005 = ( GEOMETRIC_REPRESENTATION_CONTEXT(2) 
PARAMETRIC_REPRESENTATION_CONTEXT() REPRESENTATION_CONTEXT('2D SPACE',''
  ) );
#8006 = ORIENTED_EDGE('',*,*,#8007,.F.);
#8007 = EDGE_CURVE('',#8008,#7981,#8010,.T.);
#8008 = VERTEX_POINT('',#8009);
#8009 = CARTESIAN_POINT('',(27.943372699484,-45.80818861959,2.01));
#8010 = SURFACE_CURVE('',#8011,(#8015,#8022),.PCURVE_S1.);
#8011 = LINE('',#8012,#8013);
#8012 = CARTESIAN_POINT('',(27.943372699484,49.245,2.01));
#8013 = VECTOR('',#8014,1.);
#8014 = DIRECTION('',(-0.,-1.,-0.));
#8015 = PCURVE('',#5005,#8016);
#8016 = DEFINITIONAL_REPRESENTATION('',(#8017),#8021);
#8017 = LINE('',#8018,#8019);
#8018 = CARTESIAN_POINT('',(47.038372699484,0.));
#8019 = VECTOR('',#8020,1.);
#8020 = DIRECTION('',(0.,-1.));
#8021 = ( GEOMETRIC_REPRESENTATION_CONTEXT(2) 
PARAMETRIC_REPRESENTATION_CONTEXT() REPRESENTATION_CONTEXT('2D SPACE',''
  ) );
#8022 = PCURVE('',#5903,#8023);
#8023 = DEFINITIONAL_REPRESENTATION('',(#8024),#8027);
#8024 = B_SPLINE_CURVE_WITH_KNOTS('',1,(#8025,#8026),.UNSPECIFIED.,.F.,
  .F.,(2,2),(95.053188619593,98.49),.PIECEWISE_BEZIER_KNOTS.);
#8025 = CARTESIAN_POINT('',(-1.553343034275,95.053188619593));
#8026 = CARTESIAN_POINT('',(-1.553343034275,98.49));
#8027 = ( GEOMETRIC_REPRESENTATION_CONTEXT(2) 
PARAMETRIC_REPRESENTATION_CONTEXT() REPRESENTATION_CONTEXT('2D SPACE',''
  ) );
#8028 = ORIENTED_EDGE('',*,*,#8029,.T.);
#8029 = EDGE_CURVE('',#8008,#8030,#8032,.T.);
#8030 = VERTEX_POINT('',#8031);
#8031 = CARTESIAN_POINT('',(22.962190205064,-45.80818861959,2.01));
#8032 = SURFACE_CURVE('',#8033,(#8036,#8042),.PCURVE_S1.);
#8033 = B_SPLINE_CURVE_WITH_KNOTS('',1,(#8034,#8035),.UNSPECIFIED.,.F.,
  .F.,(2,2),(0.,1.),.PIECEWISE_BEZIER_KNOTS.);
#8034 = CARTESIAN_POINT('',(27.943372699484,-45.80818861959,2.01));
#8035 = CARTESIAN_POINT('',(22.632311380407,-45.80818861959,2.01));
#8036 = PCURVE('',#5005,#8037);
#8037 = DEFINITIONAL_REPRESENTATION('',(#8038),#8041);
#8038 = B_SPLINE_CURVE_WITH_KNOTS('',1,(#8039,#8040),.UNSPECIFIED.,.F.,
  .F.,(2,2),(0.,1.),.PIECEWISE_BEZIER_KNOTS.);
#8039 = CARTESIAN_POINT('',(47.038372699484,-95.05318861959));
#8040 = CARTESIAN_POINT('',(41.727311380407,-95.05318861959));
#8041 = ( GEOMETRIC_REPRESENTATION_CONTEXT(2) 
PARAMETRIC_REPRESENTATION_CONTEXT() REPRESENTATION_CONTEXT('2D SPACE',''
  ) );
#8042 = PCURVE('',#5934,#8043);
#8043 = DEFINITIONAL_REPRESENTATION('',(#8044),#8047);
#8044 = B_SPLINE_CURVE_WITH_KNOTS('',1,(#8045,#8046),.UNSPECIFIED.,.F.,
  .F.,(2,2),(0.,0.937888341927),.PIECEWISE_BEZIER_KNOTS.);
#8045 = CARTESIAN_POINT('',(1.855294462003,2.127659574468E-02));
#8046 = CARTESIAN_POINT('',(-3.103627909292,2.127659574468E-02));
#8047 = ( GEOMETRIC_REPRESENTATION_CONTEXT(2) 
PARAMETRIC_REPRESENTATION_CONTEXT() REPRESENTATION_CONTEXT('2D SPACE',''
  ) );
#8048 = ORIENTED_EDGE('',*,*,#8049,.F.);
#8049 = EDGE_CURVE('',#8050,#8030,#8052,.T.);
#8050 = VERTEX_POINT('',#8051);
#8051 = CARTESIAN_POINT('',(22.962190205064,-44.6418113804,2.01));
#8052 = SURFACE_CURVE('',#8053,(#8058,#8065),.PCURVE_S1.);
#8053 = CIRCLE('',#8054,2.921000125982);
#8054 = AXIS2_PLACEMENT_3D('',#8055,#8056,#8057);
#8055 = CARTESIAN_POINT('',(20.1,-45.225,2.01));
#8056 = DIRECTION('',(0.,0.,1.));
#8057 = DIRECTION('',(1.,0.,-0.));
#8058 = PCURVE('',#5005,#8059);
#8059 = DEFINITIONAL_REPRESENTATION('',(#8060),#8064);
#8060 = CIRCLE('',#8061,2.921000125982);
#8061 = AXIS2_PLACEMENT_2D('',#8062,#8063);
#8062 = CARTESIAN_POINT('',(39.195,-94.47));
#8063 = DIRECTION('',(1.,0.));
#8064 = ( GEOMETRIC_REPRESENTATION_CONTEXT(2) 
PARAMETRIC_REPRESENTATION_CONTEXT() REPRESENTATION_CONTEXT('2D SPACE',''
  ) );
#8065 = PCURVE('',#8066,#8071);
#8066 = CONICAL_SURFACE('',#8067,2.925385377047,8.726646259972E-03);
#8067 = AXIS2_PLACEMENT_3D('',#8068,#8069,#8070);
#8068 = CARTESIAN_POINT('',(20.1,-45.225,1.5075));
#8069 = DIRECTION('',(0.,0.,-1.));
#8070 = DIRECTION('',(1.,0.,0.));
#8071 = DEFINITIONAL_REPRESENTATION('',(#8072),#8075);
#8072 = B_SPLINE_CURVE_WITH_KNOTS('',1,(#8073,#8074),.UNSPECIFIED.,.F.,
  .F.,(2,2),(0.201004540349,6.082180766831),.PIECEWISE_BEZIER_KNOTS.);
#8073 = CARTESIAN_POINT('',(-0.201004540349,-0.5025));
#8074 = CARTESIAN_POINT('',(-6.082180766831,-0.5025));
#8075 = ( GEOMETRIC_REPRESENTATION_CONTEXT(2) 
PARAMETRIC_REPRESENTATION_CONTEXT() REPRESENTATION_CONTEXT('2D SPACE',''
  ) );
#8076 = ORIENTED_EDGE('',*,*,#8077,.T.);
#8077 = EDGE_CURVE('',#8050,#8078,#8080,.T.);
#8078 = VERTEX_POINT('',#8079);
#8079 = CARTESIAN_POINT('',(27.943372699484,-44.6418113804,2.01));
#8080 = SURFACE_CURVE('',#8081,(#8084,#8090),.PCURVE_S1.);
#8081 = B_SPLINE_CURVE_WITH_KNOTS('',1,(#8082,#8083),.UNSPECIFIED.,.F.,
  .F.,(2,2),(0.,1.),.PIECEWISE_BEZIER_KNOTS.);
#8082 = CARTESIAN_POINT('',(22.632311380407,-44.6418113804,2.01));
#8083 = CARTESIAN_POINT('',(27.943372699484,-44.6418113804,2.01));
#8084 = PCURVE('',#5005,#8085);
#8085 = DEFINITIONAL_REPRESENTATION('',(#8086),#8089);
#8086 = B_SPLINE_CURVE_WITH_KNOTS('',1,(#8087,#8088),.UNSPECIFIED.,.F.,
  .F.,(2,2),(0.,1.),.PIECEWISE_BEZIER_KNOTS.);
#8087 = CARTESIAN_POINT('',(41.727311380407,-93.8868113804));
#8088 = CARTESIAN_POINT('',(47.038372699484,-93.8868113804));
#8089 = ( GEOMETRIC_REPRESENTATION_CONTEXT(2) 
PARAMETRIC_REPRESENTATION_CONTEXT() REPRESENTATION_CONTEXT('2D SPACE',''
  ) );
#8090 = PCURVE('',#5996,#8091);
#8091 = DEFINITIONAL_REPRESENTATION('',(#8092),#8095);
#8092 = B_SPLINE_CURVE_WITH_KNOTS('',1,(#8093,#8094),.UNSPECIFIED.,.F.,
  .F.,(2,2),(6.211165807347E-02,1.),.PIECEWISE_BEZIER_KNOTS.);
#8093 = CARTESIAN_POINT('',(3.103627909292,2.127659574468E-02));
#8094 = CARTESIAN_POINT('',(-1.855294462003,2.127659574468E-02));
#8095 = ( GEOMETRIC_REPRESENTATION_CONTEXT(2) 
PARAMETRIC_REPRESENTATION_CONTEXT() REPRESENTATION_CONTEXT('2D SPACE',''
  ) );
#8096 = ORIENTED_EDGE('',*,*,#8097,.F.);
#8097 = EDGE_CURVE('',#8098,#8078,#8100,.T.);
#8098 = VERTEX_POINT('',#8099);
#8099 = CARTESIAN_POINT('',(27.943372699484,-16.5835935149,2.01));
#8100 = SURFACE_CURVE('',#8101,(#8105,#8112),.PCURVE_S1.);
#8101 = LINE('',#8102,#8103);
#8102 = CARTESIAN_POINT('',(27.943372699484,49.245,2.01));
#8103 = VECTOR('',#8104,1.);
#8104 = DIRECTION('',(-0.,-1.,-0.));
#8105 = PCURVE('',#5005,#8106);
#8106 = DEFINITIONAL_REPRESENTATION('',(#8107),#8111);
#8107 = LINE('',#8108,#8109);
#8108 = CARTESIAN_POINT('',(47.038372699484,0.));
#8109 = VECTOR('',#8110,1.);
#8110 = DIRECTION('',(0.,-1.));
#8111 = ( GEOMETRIC_REPRESENTATION_CONTEXT(2) 
PARAMETRIC_REPRESENTATION_CONTEXT() REPRESENTATION_CONTEXT('2D SPACE',''
  ) );
#8112 = PCURVE('',#6026,#8113);
#8113 = DEFINITIONAL_REPRESENTATION('',(#8114),#8117);
#8114 = B_SPLINE_CURVE_WITH_KNOTS('',1,(#8115,#8116),.UNSPECIFIED.,.F.,
  .F.,(2,2),(65.828593514908,93.886811380407),.PIECEWISE_BEZIER_KNOTS.);
#8115 = CARTESIAN_POINT('',(-1.553343034275,65.828593514908));
#8116 = CARTESIAN_POINT('',(-1.553343034275,93.886811380407));
#8117 = ( GEOMETRIC_REPRESENTATION_CONTEXT(2) 
PARAMETRIC_REPRESENTATION_CONTEXT() REPRESENTATION_CONTEXT('2D SPACE',''
  ) );
#8118 = ORIENTED_EDGE('',*,*,#8119,.T.);
#8119 = EDGE_CURVE('',#8098,#8120,#8122,.T.);
#8120 = VERTEX_POINT('',#8121);
#8121 = CARTESIAN_POINT('',(24.297639236041,-16.5835935149,2.01));
#8122 = SURFACE_CURVE('',#8123,(#8126,#8132),.PCURVE_S1.);
#8123 = B_SPLINE_CURVE_WITH_KNOTS('',1,(#8124,#8125),.UNSPECIFIED.,.F.,
  .F.,(2,2),(0.,1.),.PIECEWISE_BEZIER_KNOTS.);
#8124 = CARTESIAN_POINT('',(27.943372699484,-16.5835935149,2.01));
#8125 = CARTESIAN_POINT('',(24.018406485092,-16.5835935149,2.01));
#8126 = PCURVE('',#5005,#8127);
#8127 = DEFINITIONAL_REPRESENTATION('',(#8128),#8131);
#8128 = B_SPLINE_CURVE_WITH_KNOTS('',1,(#8129,#8130),.UNSPECIFIED.,.F.,
  .F.,(2,2),(0.,1.),.PIECEWISE_BEZIER_KNOTS.);
#8129 = CARTESIAN_POINT('',(47.038372699484,-65.8285935149));
#8130 = CARTESIAN_POINT('',(43.113406485092,-65.8285935149));
#8131 = ( GEOMETRIC_REPRESENTATION_CONTEXT(2) 
PARAMETRIC_REPRESENTATION_CONTEXT() REPRESENTATION_CONTEXT('2D SPACE',''
  ) );
#8132 = PCURVE('',#6057,#8133);
#8133 = DEFINITIONAL_REPRESENTATION('',(#8134),#8137);
#8134 = B_SPLINE_CURVE_WITH_KNOTS('',1,(#8135,#8136),.UNSPECIFIED.,.F.,
  .F.,(2,2),(0.,0.928857285465),.PIECEWISE_BEZIER_KNOTS.);
#8135 = CARTESIAN_POINT('',(1.175101444572,2.777777777778E-02));
#8136 = CARTESIAN_POINT('',(-2.454812351604,2.777777777778E-02));
#8137 = ( GEOMETRIC_REPRESENTATION_CONTEXT(2) 
PARAMETRIC_REPRESENTATION_CONTEXT() REPRESENTATION_CONTEXT('2D SPACE',''
  ) );
#8138 = ORIENTED_EDGE('',*,*,#8139,.F.);
#8139 = EDGE_CURVE('',#8140,#8120,#8142,.T.);
#8140 = VERTEX_POINT('',#8141);
#8141 = CARTESIAN_POINT('',(24.297639236041,-15.45580648509,2.01));
#8142 = SURFACE_CURVE('',#8143,(#8148,#8155),.PCURVE_S1.);
#8143 = CIRCLE('',#8144,2.591434519167);
#8144 = AXIS2_PLACEMENT_3D('',#8145,#8146,#8147);
#8145 = CARTESIAN_POINT('',(21.7683,-16.0197,2.01));
#8146 = DIRECTION('',(0.,0.,1.));
#8147 = DIRECTION('',(1.,0.,-0.));
#8148 = PCURVE('',#5005,#8149);
#8149 = DEFINITIONAL_REPRESENTATION('',(#8150),#8154);
#8150 = CIRCLE('',#8151,2.591434519167);
#8151 = AXIS2_PLACEMENT_2D('',#8152,#8153);
#8152 = CARTESIAN_POINT('',(40.8633,-65.2647));
#8153 = DIRECTION('',(1.,0.));
#8154 = ( GEOMETRIC_REPRESENTATION_CONTEXT(2) 
PARAMETRIC_REPRESENTATION_CONTEXT() REPRESENTATION_CONTEXT('2D SPACE',''
  ) );
#8155 = PCURVE('',#8156,#8161);
#8156 = CONICAL_SURFACE('',#8157,2.595819770232,8.726646259972E-03);
#8157 = AXIS2_PLACEMENT_3D('',#8158,#8159,#8160);
#8158 = CARTESIAN_POINT('',(21.7683,-16.0197,1.5075));
#8159 = DIRECTION('',(0.,0.,-1.));
#8160 = DIRECTION('',(1.,0.,0.));
#8161 = DEFINITIONAL_REPRESENTATION('',(#8162),#8165);
#8162 = B_SPLINE_CURVE_WITH_KNOTS('',1,(#8163,#8164),.UNSPECIFIED.,.F.,
  .F.,(2,2),(0.219353830731,6.063831476448),.PIECEWISE_BEZIER_KNOTS.);
#8163 = CARTESIAN_POINT('',(-0.219353830731,-0.5025));
#8164 = CARTESIAN_POINT('',(-6.063831476448,-0.5025));
#8165 = ( GEOMETRIC_REPRESENTATION_CONTEXT(2) 
PARAMETRIC_REPRESENTATION_CONTEXT() REPRESENTATION_CONTEXT('2D SPACE',''
  ) );
#8166 = ORIENTED_EDGE('',*,*,#8167,.T.);
#8167 = EDGE_CURVE('',#8140,#8168,#8170,.T.);
#8168 = VERTEX_POINT('',#8169);
#8169 = CARTESIAN_POINT('',(27.943372699484,-15.45580648509,2.01));
#8170 = SURFACE_CURVE('',#8171,(#8174,#8180),.PCURVE_S1.);
#8171 = B_SPLINE_CURVE_WITH_KNOTS('',1,(#8172,#8173),.UNSPECIFIED.,.F.,
  .F.,(2,2),(0.,1.),.PIECEWISE_BEZIER_KNOTS.);
#8172 = CARTESIAN_POINT('',(24.018406485092,-15.45580648509,2.01));
#8173 = CARTESIAN_POINT('',(27.943372699484,-15.45580648509,2.01));
#8174 = PCURVE('',#5005,#8175);
#8175 = DEFINITIONAL_REPRESENTATION('',(#8176),#8179);
#8176 = B_SPLINE_CURVE_WITH_KNOTS('',1,(#8177,#8178),.UNSPECIFIED.,.F.,
  .F.,(2,2),(0.,1.),.PIECEWISE_BEZIER_KNOTS.);
#8177 = CARTESIAN_POINT('',(43.113406485092,-64.70080648509));
#8178 = CARTESIAN_POINT('',(47.038372699484,-64.70080648509));
#8179 = ( GEOMETRIC_REPRESENTATION_CONTEXT(2) 
PARAMETRIC_REPRESENTATION_CONTEXT() REPRESENTATION_CONTEXT('2D SPACE',''
  ) );
#8180 = PCURVE('',#6119,#8181);
#8181 = DEFINITIONAL_REPRESENTATION('',(#8182),#8185);
#8182 = B_SPLINE_CURVE_WITH_KNOTS('',1,(#8183,#8184),.UNSPECIFIED.,.F.,
  .F.,(2,2),(7.114271453478E-02,1.),.PIECEWISE_BEZIER_KNOTS.);
#8183 = CARTESIAN_POINT('',(2.454812351604,2.777777777778E-02));
#8184 = CARTESIAN_POINT('',(-1.175101444572,2.777777777778E-02));
#8185 = ( GEOMETRIC_REPRESENTATION_CONTEXT(2) 
PARAMETRIC_REPRESENTATION_CONTEXT() REPRESENTATION_CONTEXT('2D SPACE',''
  ) );
#8186 = ORIENTED_EDGE('',*,*,#8187,.F.);
#8187 = EDGE_CURVE('',#8188,#8168,#8190,.T.);
#8188 = VERTEX_POINT('',#8189);
#8189 = CARTESIAN_POINT('',(27.943372699484,-3.590604623853,2.01));
#8190 = SURFACE_CURVE('',#8191,(#8195,#8202),.PCURVE_S1.);
#8191 = LINE('',#8192,#8193);
#8192 = CARTESIAN_POINT('',(27.943372699484,49.245,2.01));
#8193 = VECTOR('',#8194,1.);
#8194 = DIRECTION('',(-0.,-1.,-0.));
#8195 = PCURVE('',#5005,#8196);
#8196 = DEFINITIONAL_REPRESENTATION('',(#8197),#8201);
#8197 = LINE('',#8198,#8199);
#8198 = CARTESIAN_POINT('',(47.038372699484,0.));
#8199 = VECTOR('',#8200,1.);
#8200 = DIRECTION('',(0.,-1.));
#8201 = ( GEOMETRIC_REPRESENTATION_CONTEXT(2) 
PARAMETRIC_REPRESENTATION_CONTEXT() REPRESENTATION_CONTEXT('2D SPACE',''
  ) );
#8202 = PCURVE('',#6149,#8203);
#8203 = DEFINITIONAL_REPRESENTATION('',(#8204),#8207);
#8204 = B_SPLINE_CURVE_WITH_KNOTS('',1,(#8205,#8206),.UNSPECIFIED.,.F.,
  .F.,(2,2),(52.835604623853,64.700806485092),.PIECEWISE_BEZIER_KNOTS.);
#8205 = CARTESIAN_POINT('',(-1.553343034275,52.835604623853));
#8206 = CARTESIAN_POINT('',(-1.553343034275,64.700806485092));
#8207 = ( GEOMETRIC_REPRESENTATION_CONTEXT(2) 
PARAMETRIC_REPRESENTATION_CONTEXT() REPRESENTATION_CONTEXT('2D SPACE',''
  ) );
#8208 = ORIENTED_EDGE('',*,*,#8209,.T.);
#8209 = EDGE_CURVE('',#8188,#8210,#8212,.T.);
#8210 = VERTEX_POINT('',#8211);
#8211 = CARTESIAN_POINT('',(25.046870376147,-3.590604623853,2.01));
#8212 = SURFACE_CURVE('',#8213,(#8216,#8222),.PCURVE_S1.);
#8213 = B_SPLINE_CURVE_WITH_KNOTS('',1,(#8214,#8215),.UNSPECIFIED.,.F.,
  .F.,(2,2),(0.,1.),.PIECEWISE_BEZIER_KNOTS.);
#8214 = CARTESIAN_POINT('',(27.943372699484,-3.590604623853,2.01));
#8215 = CARTESIAN_POINT('',(25.046870376147,-3.590604623853,2.01));
#8216 = PCURVE('',#5005,#8217);
#8217 = DEFINITIONAL_REPRESENTATION('',(#8218),#8221);
#8218 = B_SPLINE_CURVE_WITH_KNOTS('',1,(#8219,#8220),.UNSPECIFIED.,.F.,
  .F.,(2,2),(0.,1.),.PIECEWISE_BEZIER_KNOTS.);
#8219 = CARTESIAN_POINT('',(47.038372699484,-52.83560462385));
#8220 = CARTESIAN_POINT('',(44.141870376147,-52.83560462385));
#8221 = ( GEOMETRIC_REPRESENTATION_CONTEXT(2) 
PARAMETRIC_REPRESENTATION_CONTEXT() REPRESENTATION_CONTEXT('2D SPACE',''
  ) );
#8222 = PCURVE('',#6180,#8223);
#8223 = DEFINITIONAL_REPRESENTATION('',(#8224),#8227);
#8224 = B_SPLINE_CURVE_WITH_KNOTS('',1,(#8225,#8226),.UNSPECIFIED.,.F.,
  .F.,(2,2),(0.,1.),.PIECEWISE_BEZIER_KNOTS.);
#8225 = CARTESIAN_POINT('',(0.644853519965,1.754385964912E-02));
#8226 = CARTESIAN_POINT('',(-2.239486292815,1.754385964912E-02));
#8227 = ( GEOMETRIC_REPRESENTATION_CONTEXT(2) 
PARAMETRIC_REPRESENTATION_CONTEXT() REPRESENTATION_CONTEXT('2D SPACE',''
  ) );
#8228 = ORIENTED_EDGE('',*,*,#8229,.T.);
#8229 = EDGE_CURVE('',#8210,#8230,#8232,.T.);
#8230 = VERTEX_POINT('',#8231);
#8231 = CARTESIAN_POINT('',(25.046870376147,-2.188145376147,2.01));
#8232 = SURFACE_CURVE('',#8233,(#8236,#8242),.PCURVE_S1.);
#8233 = B_SPLINE_CURVE_WITH_KNOTS('',1,(#8234,#8235),.UNSPECIFIED.,.F.,
  .F.,(2,2),(0.,1.),.PIECEWISE_BEZIER_KNOTS.);
#8234 = CARTESIAN_POINT('',(25.046870376147,-3.590604623853,2.01));
#8235 = CARTESIAN_POINT('',(25.046870376147,-2.188145376147,2.01));
#8236 = PCURVE('',#5005,#8237);
#8237 = DEFINITIONAL_REPRESENTATION('',(#8238),#8241);
#8238 = B_SPLINE_CURVE_WITH_KNOTS('',1,(#8239,#8240),.UNSPECIFIED.,.F.,
  .F.,(2,2),(0.,1.),.PIECEWISE_BEZIER_KNOTS.);
#8239 = CARTESIAN_POINT('',(44.141870376147,-52.83560462385));
#8240 = CARTESIAN_POINT('',(44.141870376147,-51.43314537614));
#8241 = ( GEOMETRIC_REPRESENTATION_CONTEXT(2) 
PARAMETRIC_REPRESENTATION_CONTEXT() REPRESENTATION_CONTEXT('2D SPACE',''
  ) );
#8242 = PCURVE('',#8243,#8248);
#8243 = B_SPLINE_SURFACE_WITH_KNOTS('',1,1,(
    (#8244,#8245)
    ,(#8246,#8247
    )),.UNSPECIFIED.,.F.,.F.,.F.,(2,2),(2,2),(-0.699486292815,
    0.699486292815),(0.,1.),.PIECEWISE_BEZIER_KNOTS.);
#8244 = CARTESIAN_POINT('',(25.045116275721,-2.186391275721,1.809));
#8245 = CARTESIAN_POINT('',(25.1451,-2.286375,13.266));
#8246 = CARTESIAN_POINT('',(25.045116275721,-3.592358724279,1.809));
#8247 = CARTESIAN_POINT('',(25.1451,-3.492375,13.266));
#8248 = DEFINITIONAL_REPRESENTATION('',(#8249),#8252);
#8249 = B_SPLINE_CURVE_WITH_KNOTS('',1,(#8250,#8251),.UNSPECIFIED.,.F.,
  .F.,(2,2),(0.,1.),.PIECEWISE_BEZIER_KNOTS.);
#8250 = CARTESIAN_POINT('',(0.699486292815,1.754385964912E-02));
#8251 = CARTESIAN_POINT('',(-0.699486292815,1.754385964912E-02));
#8252 = ( GEOMETRIC_REPRESENTATION_CONTEXT(2) 
PARAMETRIC_REPRESENTATION_CONTEXT() REPRESENTATION_CONTEXT('2D SPACE',''
  ) );
#8253 = ORIENTED_EDGE('',*,*,#8254,.T.);
#8254 = EDGE_CURVE('',#8230,#8255,#8257,.T.);
#8255 = VERTEX_POINT('',#8256);
#8256 = CARTESIAN_POINT('',(27.943372699484,-2.188145376147,2.01));
#8257 = SURFACE_CURVE('',#8258,(#8261,#8267),.PCURVE_S1.);
#8258 = B_SPLINE_CURVE_WITH_KNOTS('',1,(#8259,#8260),.UNSPECIFIED.,.F.,
  .F.,(2,2),(0.,1.),.PIECEWISE_BEZIER_KNOTS.);
#8259 = CARTESIAN_POINT('',(25.046870376147,-2.188145376147,2.01));
#8260 = CARTESIAN_POINT('',(27.943372699484,-2.188145376147,2.01));
#8261 = PCURVE('',#5005,#8262);
#8262 = DEFINITIONAL_REPRESENTATION('',(#8263),#8266);
#8263 = B_SPLINE_CURVE_WITH_KNOTS('',1,(#8264,#8265),.UNSPECIFIED.,.F.,
  .F.,(2,2),(0.,1.),.PIECEWISE_BEZIER_KNOTS.);
#8264 = CARTESIAN_POINT('',(44.141870376147,-51.43314537614));
#8265 = CARTESIAN_POINT('',(47.038372699484,-51.43314537614));
#8266 = ( GEOMETRIC_REPRESENTATION_CONTEXT(2) 
PARAMETRIC_REPRESENTATION_CONTEXT() REPRESENTATION_CONTEXT('2D SPACE',''
  ) );
#8267 = PCURVE('',#6242,#8268);
#8268 = DEFINITIONAL_REPRESENTATION('',(#8269),#8272);
#8269 = B_SPLINE_CURVE_WITH_KNOTS('',1,(#8270,#8271),.UNSPECIFIED.,.F.,
  .F.,(2,2),(0.,1.),.PIECEWISE_BEZIER_KNOTS.);
#8270 = CARTESIAN_POINT('',(2.239486292815,1.754385964912E-02));
#8271 = CARTESIAN_POINT('',(-0.644853519965,1.754385964912E-02));
#8272 = ( GEOMETRIC_REPRESENTATION_CONTEXT(2) 
PARAMETRIC_REPRESENTATION_CONTEXT() REPRESENTATION_CONTEXT('2D SPACE',''
  ) );
#8273 = ORIENTED_EDGE('',*,*,#8274,.F.);
#8274 = EDGE_CURVE('',#8275,#8255,#8277,.T.);
#8275 = VERTEX_POINT('',#8276);
#8276 = CARTESIAN_POINT('',(27.943372699484,40.629395376147,2.01));
#8277 = SURFACE_CURVE('',#8278,(#8282,#8289),.PCURVE_S1.);
#8278 = LINE('',#8279,#8280);
#8279 = CARTESIAN_POINT('',(27.943372699484,49.245,2.01));
#8280 = VECTOR('',#8281,1.);
#8281 = DIRECTION('',(-0.,-1.,-0.));
#8282 = PCURVE('',#5005,#8283);
#8283 = DEFINITIONAL_REPRESENTATION('',(#8284),#8288);
#8284 = LINE('',#8285,#8286);
#8285 = CARTESIAN_POINT('',(47.038372699484,0.));
#8286 = VECTOR('',#8287,1.);
#8287 = DIRECTION('',(0.,-1.));
#8288 = ( GEOMETRIC_REPRESENTATION_CONTEXT(2) 
PARAMETRIC_REPRESENTATION_CONTEXT() REPRESENTATION_CONTEXT('2D SPACE',''
  ) );
#8289 = PCURVE('',#6272,#8290);
#8290 = DEFINITIONAL_REPRESENTATION('',(#8291),#8294);
#8291 = B_SPLINE_CURVE_WITH_KNOTS('',1,(#8292,#8293),.UNSPECIFIED.,.F.,
  .F.,(2,2),(8.615604623853,51.433145376147),.PIECEWISE_BEZIER_KNOTS.);
#8292 = CARTESIAN_POINT('',(-1.553343034275,8.615604623853));
#8293 = CARTESIAN_POINT('',(-1.553343034275,51.433145376147));
#8294 = ( GEOMETRIC_REPRESENTATION_CONTEXT(2) 
PARAMETRIC_REPRESENTATION_CONTEXT() REPRESENTATION_CONTEXT('2D SPACE',''
  ) );
#8295 = ORIENTED_EDGE('',*,*,#8296,.T.);
#8296 = EDGE_CURVE('',#8275,#8297,#8299,.T.);
#8297 = VERTEX_POINT('',#8298);
#8298 = CARTESIAN_POINT('',(25.046870376147,40.629395376147,2.01));
#8299 = SURFACE_CURVE('',#8300,(#8303,#8309),.PCURVE_S1.);
#8300 = B_SPLINE_CURVE_WITH_KNOTS('',1,(#8301,#8302),.UNSPECIFIED.,.F.,
  .F.,(2,2),(0.,1.),.PIECEWISE_BEZIER_KNOTS.);
#8301 = CARTESIAN_POINT('',(27.943372699484,40.629395376147,2.01));
#8302 = CARTESIAN_POINT('',(25.046870376147,40.629395376147,2.01));
#8303 = PCURVE('',#5005,#8304);
#8304 = DEFINITIONAL_REPRESENTATION('',(#8305),#8308);
#8305 = B_SPLINE_CURVE_WITH_KNOTS('',1,(#8306,#8307),.UNSPECIFIED.,.F.,
  .F.,(2,2),(0.,1.),.PIECEWISE_BEZIER_KNOTS.);
#8306 = CARTESIAN_POINT('',(47.038372699484,-8.615604623853));
#8307 = CARTESIAN_POINT('',(44.141870376147,-8.615604623853));
#8308 = ( GEOMETRIC_REPRESENTATION_CONTEXT(2) 
PARAMETRIC_REPRESENTATION_CONTEXT() REPRESENTATION_CONTEXT('2D SPACE',''
  ) );
#8309 = PCURVE('',#6303,#8310);
#8310 = DEFINITIONAL_REPRESENTATION('',(#8311),#8314);
#8311 = B_SPLINE_CURVE_WITH_KNOTS('',1,(#8312,#8313),.UNSPECIFIED.,.F.,
  .F.,(2,2),(0.,1.),.PIECEWISE_BEZIER_KNOTS.);
#8312 = CARTESIAN_POINT('',(0.644853519965,1.754385964912E-02));
#8313 = CARTESIAN_POINT('',(-2.239486292815,1.754385964912E-02));
#8314 = ( GEOMETRIC_REPRESENTATION_CONTEXT(2) 
PARAMETRIC_REPRESENTATION_CONTEXT() REPRESENTATION_CONTEXT('2D SPACE',''
  ) );
#8315 = ORIENTED_EDGE('',*,*,#8316,.T.);
#8316 = EDGE_CURVE('',#8297,#8317,#8319,.T.);
#8317 = VERTEX_POINT('',#8318);
#8318 = CARTESIAN_POINT('',(25.046870376147,42.031854623853,2.01));
#8319 = SURFACE_CURVE('',#8320,(#8323,#8329),.PCURVE_S1.);
#8320 = B_SPLINE_CURVE_WITH_KNOTS('',1,(#8321,#8322),.UNSPECIFIED.,.F.,
  .F.,(2,2),(0.,1.),.PIECEWISE_BEZIER_KNOTS.);
#8321 = CARTESIAN_POINT('',(25.046870376147,40.629395376147,2.01));
#8322 = CARTESIAN_POINT('',(25.046870376147,42.031854623853,2.01));
#8323 = PCURVE('',#5005,#8324);
#8324 = DEFINITIONAL_REPRESENTATION('',(#8325),#8328);
#8325 = B_SPLINE_CURVE_WITH_KNOTS('',1,(#8326,#8327),.UNSPECIFIED.,.F.,
  .F.,(2,2),(0.,1.),.PIECEWISE_BEZIER_KNOTS.);
#8326 = CARTESIAN_POINT('',(44.141870376147,-8.615604623853));
#8327 = CARTESIAN_POINT('',(44.141870376147,-7.213145376147));
#8328 = ( GEOMETRIC_REPRESENTATION_CONTEXT(2) 
PARAMETRIC_REPRESENTATION_CONTEXT() REPRESENTATION_CONTEXT('2D SPACE',''
  ) );
#8329 = PCURVE('',#8330,#8335);
#8330 = B_SPLINE_SURFACE_WITH_KNOTS('',1,1,(
    (#8331,#8332)
    ,(#8333,#8334
    )),.UNSPECIFIED.,.F.,.F.,.F.,(2,2),(2,2),(-0.699486292815,
    0.699486292815),(0.,1.),.PIECEWISE_BEZIER_KNOTS.);
#8331 = CARTESIAN_POINT('',(25.045116275721,42.033608724279,1.809));
#8332 = CARTESIAN_POINT('',(25.1451,41.933625,13.266));
#8333 = CARTESIAN_POINT('',(25.045116275721,40.627641275721,1.809));
#8334 = CARTESIAN_POINT('',(25.1451,40.727625,13.266));
#8335 = DEFINITIONAL_REPRESENTATION('',(#8336),#8339);
#8336 = B_SPLINE_CURVE_WITH_KNOTS('',1,(#8337,#8338),.UNSPECIFIED.,.F.,
  .F.,(2,2),(0.,1.),.PIECEWISE_BEZIER_KNOTS.);
#8337 = CARTESIAN_POINT('',(0.699486292815,1.754385964912E-02));
#8338 = CARTESIAN_POINT('',(-0.699486292815,1.754385964912E-02));
#8339 = ( GEOMETRIC_REPRESENTATION_CONTEXT(2) 
PARAMETRIC_REPRESENTATION_CONTEXT() REPRESENTATION_CONTEXT('2D SPACE',''
  ) );
#8340 = ORIENTED_EDGE('',*,*,#8341,.T.);
#8341 = EDGE_CURVE('',#8317,#8342,#8344,.T.);
#8342 = VERTEX_POINT('',#8343);
#8343 = CARTESIAN_POINT('',(27.943372699484,42.031854623853,2.01));
#8344 = SURFACE_CURVE('',#8345,(#8348,#8354),.PCURVE_S1.);
#8345 = B_SPLINE_CURVE_WITH_KNOTS('',1,(#8346,#8347),.UNSPECIFIED.,.F.,
  .F.,(2,2),(0.,1.),.PIECEWISE_BEZIER_KNOTS.);
#8346 = CARTESIAN_POINT('',(25.046870376147,42.031854623853,2.01));
#8347 = CARTESIAN_POINT('',(27.943372699484,42.031854623853,2.01));
#8348 = PCURVE('',#5005,#8349);
#8349 = DEFINITIONAL_REPRESENTATION('',(#8350),#8353);
#8350 = B_SPLINE_CURVE_WITH_KNOTS('',1,(#8351,#8352),.UNSPECIFIED.,.F.,
  .F.,(2,2),(0.,1.),.PIECEWISE_BEZIER_KNOTS.);
#8351 = CARTESIAN_POINT('',(44.141870376147,-7.213145376147));
#8352 = CARTESIAN_POINT('',(47.038372699484,-7.213145376147));
#8353 = ( GEOMETRIC_REPRESENTATION_CONTEXT(2) 
PARAMETRIC_REPRESENTATION_CONTEXT() REPRESENTATION_CONTEXT('2D SPACE',''
  ) );
#8354 = PCURVE('',#6363,#8355);
#8355 = DEFINITIONAL_REPRESENTATION('',(#8356),#8359);
#8356 = B_SPLINE_CURVE_WITH_KNOTS('',1,(#8357,#8358),.UNSPECIFIED.,.F.,
  .F.,(2,2),(0.,1.),.PIECEWISE_BEZIER_KNOTS.);
#8357 = CARTESIAN_POINT('',(2.239486292815,1.754385964912E-02));
#8358 = CARTESIAN_POINT('',(-0.644853519965,1.754385964912E-02));
#8359 = ( GEOMETRIC_REPRESENTATION_CONTEXT(2) 
PARAMETRIC_REPRESENTATION_CONTEXT() REPRESENTATION_CONTEXT('2D SPACE',''
  ) );
#8360 = ORIENTED_EDGE('',*,*,#8361,.F.);
#8361 = EDGE_CURVE('',#8362,#8342,#8364,.T.);
#8362 = VERTEX_POINT('',#8363);
#8363 = CARTESIAN_POINT('',(27.943372699484,49.245,2.01));
#8364 = SURFACE_CURVE('',#8365,(#8369,#8376),.PCURVE_S1.);
#8365 = LINE('',#8366,#8367);
#8366 = CARTESIAN_POINT('',(27.943372699484,49.245,2.01));
#8367 = VECTOR('',#8368,1.);
#8368 = DIRECTION('',(-0.,-1.,-0.));
#8369 = PCURVE('',#5005,#8370);
#8370 = DEFINITIONAL_REPRESENTATION('',(#8371),#8375);
#8371 = LINE('',#8372,#8373);
#8372 = CARTESIAN_POINT('',(47.038372699484,0.));
#8373 = VECTOR('',#8374,1.);
#8374 = DIRECTION('',(0.,-1.));
#8375 = ( GEOMETRIC_REPRESENTATION_CONTEXT(2) 
PARAMETRIC_REPRESENTATION_CONTEXT() REPRESENTATION_CONTEXT('2D SPACE',''
  ) );
#8376 = PCURVE('',#5873,#8377);
#8377 = DEFINITIONAL_REPRESENTATION('',(#8378),#8381);
#8378 = B_SPLINE_CURVE_WITH_KNOTS('',1,(#8379,#8380),.UNSPECIFIED.,.F.,
  .F.,(2,2),(0.,7.213145376147),.PIECEWISE_BEZIER_KNOTS.);
#8379 = CARTESIAN_POINT('',(-1.553343034275,0.));
#8380 = CARTESIAN_POINT('',(-1.553343034275,7.213145376147));
#8381 = ( GEOMETRIC_REPRESENTATION_CONTEXT(2) 
PARAMETRIC_REPRESENTATION_CONTEXT() REPRESENTATION_CONTEXT('2D SPACE',''
  ) );
#8382 = ORIENTED_EDGE('',*,*,#8383,.F.);
#8383 = EDGE_CURVE('',#5590,#8362,#8384,.T.);
#8384 = SURFACE_CURVE('',#8385,(#8390,#8401),.PCURVE_S1.);
#8385 = CIRCLE('',#8386,8.848372699484);
#8386 = AXIS2_PLACEMENT_3D('',#8387,#8388,#8389);
#8387 = CARTESIAN_POINT('',(19.095,49.245,2.01));
#8388 = DIRECTION('',(0.,-0.,-1.));
#8389 = DIRECTION('',(0.,1.,-0.));
#8390 = PCURVE('',#5005,#8391);
#8391 = DEFINITIONAL_REPRESENTATION('',(#8392),#8400);
#8392 = ( BOUNDED_CURVE() B_SPLINE_CURVE(2,(#8393,#8394,#8395,#8396,
#8397,#8398,#8399),.UNSPECIFIED.,.T.,.F.) B_SPLINE_CURVE_WITH_KNOTS((1,2
    ,2,2,2,1),(-2.094395102393,0.,2.094395102393,4.188790204786,
6.28318530718,8.377580409573),.UNSPECIFIED.) CURVE() 
GEOMETRIC_REPRESENTATION_ITEM() RATIONAL_B_SPLINE_CURVE((1.,0.5,1.,0.5,
1.,0.5,1.)) REPRESENTATION_ITEM('') );
#8393 = CARTESIAN_POINT('',(38.19,8.848372699484));
#8394 = CARTESIAN_POINT('',(53.515831079811,8.848372699484));
#8395 = CARTESIAN_POINT('',(45.852915539906,-4.424186349742));
#8396 = CARTESIAN_POINT('',(38.19,-17.69674539896));
#8397 = CARTESIAN_POINT('',(30.527084460094,-4.424186349742));
#8398 = CARTESIAN_POINT('',(22.864168920189,8.848372699484));
#8399 = CARTESIAN_POINT('',(38.19,8.848372699484));
#8400 = ( GEOMETRIC_REPRESENTATION_CONTEXT(2) 
PARAMETRIC_REPRESENTATION_CONTEXT() REPRESENTATION_CONTEXT('2D SPACE',''
  ) );
#8401 = PCURVE('',#5625,#8402);
#8402 = DEFINITIONAL_REPRESENTATION('',(#8403),#8406);
#8403 = B_SPLINE_CURVE_WITH_KNOTS('',1,(#8404,#8405),.UNSPECIFIED.,.F.,
  .F.,(2,2),(-0.,1.570796326795),.PIECEWISE_BEZIER_KNOTS.);
#8404 = CARTESIAN_POINT('',(0.,1.570796326795));
#8405 = CARTESIAN_POINT('',(1.570796326795,1.570796326795));
#8406 = ( GEOMETRIC_REPRESENTATION_CONTEXT(2) 
PARAMETRIC_REPRESENTATION_CONTEXT() REPRESENTATION_CONTEXT('2D SPACE',''
  ) );
#8407 = ORIENTED_EDGE('',*,*,#5589,.F.);
#8408 = ORIENTED_EDGE('',*,*,#5508,.T.);
#8409 = ORIENTED_EDGE('',*,*,#8410,.T.);
#8410 = EDGE_CURVE('',#5489,#5372,#8411,.T.);
#8411 = SURFACE_CURVE('',#8412,(#8415,#8421),.PCURVE_S1.);
#8412 = B_SPLINE_CURVE_WITH_KNOTS('',1,(#8413,#8414),.UNSPECIFIED.,.F.,
  .F.,(2,2),(0.,1.),.PIECEWISE_BEZIER_KNOTS.);
#8413 = CARTESIAN_POINT('',(12.761229623853,57.739520376147,2.01));
#8414 = CARTESIAN_POINT('',(11.358770376147,57.739520376147,2.01));
#8415 = PCURVE('',#5005,#8416);
#8416 = DEFINITIONAL_REPRESENTATION('',(#8417),#8420);
#8417 = B_SPLINE_CURVE_WITH_KNOTS('',1,(#8418,#8419),.UNSPECIFIED.,.F.,
  .F.,(2,2),(0.,1.),.PIECEWISE_BEZIER_KNOTS.);
#8418 = CARTESIAN_POINT('',(31.856229623853,8.494520376147));
#8419 = CARTESIAN_POINT('',(30.453770376147,8.494520376147));
#8420 = ( GEOMETRIC_REPRESENTATION_CONTEXT(2) 
PARAMETRIC_REPRESENTATION_CONTEXT() REPRESENTATION_CONTEXT('2D SPACE',''
  ) );
#8421 = PCURVE('',#5405,#8422);
#8422 = DEFINITIONAL_REPRESENTATION('',(#8423),#8426);
#8423 = B_SPLINE_CURVE_WITH_KNOTS('',1,(#8424,#8425),.UNSPECIFIED.,.F.,
  .F.,(2,2),(0.,1.),.PIECEWISE_BEZIER_KNOTS.);
#8424 = CARTESIAN_POINT('',(0.699486292815,1.754385964912E-02));
#8425 = CARTESIAN_POINT('',(-0.699486292815,1.754385964912E-02));
#8426 = ( GEOMETRIC_REPRESENTATION_CONTEXT(2) 
PARAMETRIC_REPRESENTATION_CONTEXT() REPRESENTATION_CONTEXT('2D SPACE',''
  ) );
#8427 = ORIENTED_EDGE('',*,*,#5371,.T.);
#8428 = ORIENTED_EDGE('',*,*,#5292,.F.);
#8429 = ORIENTED_EDGE('',*,*,#5211,.T.);
#8430 = ORIENTED_EDGE('',*,*,#8431,.T.);
#8431 = EDGE_CURVE('',#5192,#5075,#8432,.T.);
#8432 = SURFACE_CURVE('',#8433,(#8436,#8442),.PCURVE_S1.);
#8433 = B_SPLINE_CURVE_WITH_KNOTS('',1,(#8434,#8435),.UNSPECIFIED.,.F.,
  .F.,(2,2),(0.,1.),.PIECEWISE_BEZIER_KNOTS.);
#8434 = CARTESIAN_POINT('',(-11.35877037614,57.739520376147,2.01));
#8435 = CARTESIAN_POINT('',(-12.76122962385,57.739520376147,2.01));
#8436 = PCURVE('',#5005,#8437);
#8437 = DEFINITIONAL_REPRESENTATION('',(#8438),#8441);
#8438 = B_SPLINE_CURVE_WITH_KNOTS('',1,(#8439,#8440),.UNSPECIFIED.,.F.,
  .F.,(2,2),(0.,1.),.PIECEWISE_BEZIER_KNOTS.);
#8439 = CARTESIAN_POINT('',(7.736229623853,8.494520376147));
#8440 = CARTESIAN_POINT('',(6.333770376147,8.494520376147));
#8441 = ( GEOMETRIC_REPRESENTATION_CONTEXT(2) 
PARAMETRIC_REPRESENTATION_CONTEXT() REPRESENTATION_CONTEXT('2D SPACE',''
  ) );
#8442 = PCURVE('',#5108,#8443);
#8443 = DEFINITIONAL_REPRESENTATION('',(#8444),#8447);
#8444 = B_SPLINE_CURVE_WITH_KNOTS('',1,(#8445,#8446),.UNSPECIFIED.,.F.,
  .F.,(2,2),(0.,1.),.PIECEWISE_BEZIER_KNOTS.);
#8445 = CARTESIAN_POINT('',(0.699486292815,1.754385964912E-02));
#8446 = CARTESIAN_POINT('',(-0.699486292815,1.754385964912E-02));
#8447 = ( GEOMETRIC_REPRESENTATION_CONTEXT(2) 
PARAMETRIC_REPRESENTATION_CONTEXT() REPRESENTATION_CONTEXT('2D SPACE',''
  ) );
#8448 = ORIENTED_EDGE('',*,*,#5074,.T.);
#8449 = ORIENTED_EDGE('',*,*,#4990,.F.);
#8450 = ORIENTED_EDGE('',*,*,#6404,.F.);
#8451 = ORIENTED_EDGE('',*,*,#7922,.F.);
#8452 = ORIENTED_EDGE('',*,*,#7841,.T.);
#8453 = ORIENTED_EDGE('',*,*,#8454,.T.);
#8454 = EDGE_CURVE('',#7822,#7705,#8455,.T.);
#8455 = SURFACE_CURVE('',#8456,(#8459,#8465),.PCURVE_S1.);
#8456 = B_SPLINE_CURVE_WITH_KNOTS('',1,(#8457,#8458),.UNSPECIFIED.,.F.,
  .F.,(2,2),(0.,1.),.PIECEWISE_BEZIER_KNOTS.);
#8457 = CARTESIAN_POINT('',(-25.04687037614,42.031854623853,2.01));
#8458 = CARTESIAN_POINT('',(-25.04687037614,40.629395376147,2.01));
#8459 = PCURVE('',#5005,#8460);
#8460 = DEFINITIONAL_REPRESENTATION('',(#8461),#8464);
#8461 = B_SPLINE_CURVE_WITH_KNOTS('',1,(#8462,#8463),.UNSPECIFIED.,.F.,
  .F.,(2,2),(0.,1.),.PIECEWISE_BEZIER_KNOTS.);
#8462 = CARTESIAN_POINT('',(-5.951870376147,-7.213145376147));
#8463 = CARTESIAN_POINT('',(-5.951870376147,-8.615604623853));
#8464 = ( GEOMETRIC_REPRESENTATION_CONTEXT(2) 
PARAMETRIC_REPRESENTATION_CONTEXT() REPRESENTATION_CONTEXT('2D SPACE',''
  ) );
#8465 = PCURVE('',#7738,#8466);
#8466 = DEFINITIONAL_REPRESENTATION('',(#8467),#8470);
#8467 = B_SPLINE_CURVE_WITH_KNOTS('',1,(#8468,#8469),.UNSPECIFIED.,.F.,
  .F.,(2,2),(0.,1.),.PIECEWISE_BEZIER_KNOTS.);
#8468 = CARTESIAN_POINT('',(0.699486292815,1.754385964912E-02));
#8469 = CARTESIAN_POINT('',(-0.699486292815,1.754385964912E-02));
#8470 = ( GEOMETRIC_REPRESENTATION_CONTEXT(2) 
PARAMETRIC_REPRESENTATION_CONTEXT() REPRESENTATION_CONTEXT('2D SPACE',''
  ) );
#8471 = ORIENTED_EDGE('',*,*,#7704,.T.);
#8472 = ORIENTED_EDGE('',*,*,#7553,.F.);
#8473 = ORIENTED_EDGE('',*,*,#7472,.T.);
#8474 = ORIENTED_EDGE('',*,*,#8475,.T.);
#8475 = EDGE_CURVE('',#7453,#7336,#8476,.T.);
#8476 = SURFACE_CURVE('',#8477,(#8480,#8486),.PCURVE_S1.);
#8477 = B_SPLINE_CURVE_WITH_KNOTS('',1,(#8478,#8479),.UNSPECIFIED.,.F.,
  .F.,(2,2),(0.,1.),.PIECEWISE_BEZIER_KNOTS.);
#8478 = CARTESIAN_POINT('',(-25.04687037614,-2.188145376147,2.01));
#8479 = CARTESIAN_POINT('',(-25.04687037614,-3.590604623853,2.01));
#8480 = PCURVE('',#5005,#8481);
#8481 = DEFINITIONAL_REPRESENTATION('',(#8482),#8485);
#8482 = B_SPLINE_CURVE_WITH_KNOTS('',1,(#8483,#8484),.UNSPECIFIED.,.F.,
  .F.,(2,2),(0.,1.),.PIECEWISE_BEZIER_KNOTS.);
#8483 = CARTESIAN_POINT('',(-5.951870376147,-51.43314537614));
#8484 = CARTESIAN_POINT('',(-5.951870376147,-52.83560462385));
#8485 = ( GEOMETRIC_REPRESENTATION_CONTEXT(2) 
PARAMETRIC_REPRESENTATION_CONTEXT() REPRESENTATION_CONTEXT('2D SPACE',''
  ) );
#8486 = PCURVE('',#7369,#8487);
#8487 = DEFINITIONAL_REPRESENTATION('',(#8488),#8491);
#8488 = B_SPLINE_CURVE_WITH_KNOTS('',1,(#8489,#8490),.UNSPECIFIED.,.F.,
  .F.,(2,2),(0.,1.),.PIECEWISE_BEZIER_KNOTS.);
#8489 = CARTESIAN_POINT('',(0.699486292815,1.754385964912E-02));
#8490 = CARTESIAN_POINT('',(-0.699486292815,1.754385964912E-02));
#8491 = ( GEOMETRIC_REPRESENTATION_CONTEXT(2) 
PARAMETRIC_REPRESENTATION_CONTEXT() REPRESENTATION_CONTEXT('2D SPACE',''
  ) );
#8492 = ORIENTED_EDGE('',*,*,#7335,.T.);
#8493 = ORIENTED_EDGE('',*,*,#7184,.F.);
#8494 = ORIENTED_EDGE('',*,*,#7105,.T.);
#8495 = ORIENTED_EDGE('',*,*,#8496,.F.);
#8496 = EDGE_CURVE('',#8497,#7077,#8499,.T.);
#8497 = VERTEX_POINT('',#8498);
#8498 = CARTESIAN_POINT('',(-19.17686548083,-16.0197,2.01));
#8499 = SURFACE_CURVE('',#8500,(#8505,#8512),.PCURVE_S1.);
#8500 = CIRCLE('',#8501,2.591434519167);
#8501 = AXIS2_PLACEMENT_3D('',#8502,#8503,#8504);
#8502 = CARTESIAN_POINT('',(-21.7683,-16.0197,2.01));
#8503 = DIRECTION('',(0.,0.,1.));
#8504 = DIRECTION('',(1.,0.,-0.));
#8505 = PCURVE('',#5005,#8506);
#8506 = DEFINITIONAL_REPRESENTATION('',(#8507),#8511);
#8507 = CIRCLE('',#8508,2.591434519167);
#8508 = AXIS2_PLACEMENT_2D('',#8509,#8510);
#8509 = CARTESIAN_POINT('',(-2.6733,-65.2647));
#8510 = DIRECTION('',(1.,0.));
#8511 = ( GEOMETRIC_REPRESENTATION_CONTEXT(2) 
PARAMETRIC_REPRESENTATION_CONTEXT() REPRESENTATION_CONTEXT('2D SPACE',''
  ) );
#8512 = PCURVE('',#7009,#8513);
#8513 = DEFINITIONAL_REPRESENTATION('',(#8514),#8517);
#8514 = B_SPLINE_CURVE_WITH_KNOTS('',1,(#8515,#8516),.UNSPECIFIED.,.F.,
  .F.,(2,2),(0.,2.922238822859),.PIECEWISE_BEZIER_KNOTS.);
#8515 = CARTESIAN_POINT('',(0.,-0.5025));
#8516 = CARTESIAN_POINT('',(-2.922238822859,-0.5025));
#8517 = ( GEOMETRIC_REPRESENTATION_CONTEXT(2) 
PARAMETRIC_REPRESENTATION_CONTEXT() REPRESENTATION_CONTEXT('2D SPACE',''
  ) );
#8518 = ORIENTED_EDGE('',*,*,#8519,.F.);
#8519 = EDGE_CURVE('',#6972,#8497,#8520,.T.);
#8520 = SURFACE_CURVE('',#8521,(#8526,#8533),.PCURVE_S1.);
#8521 = CIRCLE('',#8522,2.591434519167);
#8522 = AXIS2_PLACEMENT_3D('',#8523,#8524,#8525);
#8523 = CARTESIAN_POINT('',(-21.7683,-16.0197,2.01));
#8524 = DIRECTION('',(0.,0.,1.));
#8525 = DIRECTION('',(1.,0.,-0.));
#8526 = PCURVE('',#5005,#8527);
#8527 = DEFINITIONAL_REPRESENTATION('',(#8528),#8532);
#8528 = CIRCLE('',#8529,2.591434519167);
#8529 = AXIS2_PLACEMENT_2D('',#8530,#8531);
#8530 = CARTESIAN_POINT('',(-2.6733,-65.2647));
#8531 = DIRECTION('',(1.,0.));
#8532 = ( GEOMETRIC_REPRESENTATION_CONTEXT(2) 
PARAMETRIC_REPRESENTATION_CONTEXT() REPRESENTATION_CONTEXT('2D SPACE',''
  ) );
#8533 = PCURVE('',#7009,#8534);
#8534 = DEFINITIONAL_REPRESENTATION('',(#8535),#8538);
#8535 = B_SPLINE_CURVE_WITH_KNOTS('',1,(#8536,#8537),.UNSPECIFIED.,.F.,
  .F.,(2,2),(3.360946484321,6.28318530718),.PIECEWISE_BEZIER_KNOTS.);
#8536 = CARTESIAN_POINT('',(-3.360946484321,-0.5025));
#8537 = CARTESIAN_POINT('',(-6.28318530718,-0.5025));
#8538 = ( GEOMETRIC_REPRESENTATION_CONTEXT(2) 
PARAMETRIC_REPRESENTATION_CONTEXT() REPRESENTATION_CONTEXT('2D SPACE',''
  ) );
#8539 = ORIENTED_EDGE('',*,*,#6971,.T.);
#8540 = ORIENTED_EDGE('',*,*,#6843,.F.);
#8541 = ORIENTED_EDGE('',*,*,#6764,.T.);
#8542 = ORIENTED_EDGE('',*,*,#8543,.F.);
#8543 = EDGE_CURVE('',#8544,#6736,#8546,.T.);
#8544 = VERTEX_POINT('',#8545);
#8545 = CARTESIAN_POINT('',(-17.17899987401,-45.225,2.01));
#8546 = SURFACE_CURVE('',#8547,(#8552,#8559),.PCURVE_S1.);
#8547 = CIRCLE('',#8548,2.921000125982);
#8548 = AXIS2_PLACEMENT_3D('',#8549,#8550,#8551);
#8549 = CARTESIAN_POINT('',(-20.1,-45.225,2.01));
#8550 = DIRECTION('',(0.,0.,1.));
#8551 = DIRECTION('',(1.,0.,-0.));
#8552 = PCURVE('',#5005,#8553);
#8553 = DEFINITIONAL_REPRESENTATION('',(#8554),#8558);
#8554 = CIRCLE('',#8555,2.921000125982);
#8555 = AXIS2_PLACEMENT_2D('',#8556,#8557);
#8556 = CARTESIAN_POINT('',(-1.005,-94.47));
#8557 = DIRECTION('',(1.,0.));
#8558 = ( GEOMETRIC_REPRESENTATION_CONTEXT(2) 
PARAMETRIC_REPRESENTATION_CONTEXT() REPRESENTATION_CONTEXT('2D SPACE',''
  ) );
#8559 = PCURVE('',#6668,#8560);
#8560 = DEFINITIONAL_REPRESENTATION('',(#8561),#8564);
#8561 = B_SPLINE_CURVE_WITH_KNOTS('',1,(#8562,#8563),.UNSPECIFIED.,.F.,
  .F.,(2,2),(0.,2.940588113241),.PIECEWISE_BEZIER_KNOTS.);
#8562 = CARTESIAN_POINT('',(0.,-0.5025));
#8563 = CARTESIAN_POINT('',(-2.940588113241,-0.5025));
#8564 = ( GEOMETRIC_REPRESENTATION_CONTEXT(2) 
PARAMETRIC_REPRESENTATION_CONTEXT() REPRESENTATION_CONTEXT('2D SPACE',''
  ) );
#8565 = ORIENTED_EDGE('',*,*,#8566,.F.);
#8566 = EDGE_CURVE('',#6631,#8544,#8567,.T.);
#8567 = SURFACE_CURVE('',#8568,(#8573,#8580),.PCURVE_S1.);
#8568 = CIRCLE('',#8569,2.921000125982);
#8569 = AXIS2_PLACEMENT_3D('',#8570,#8571,#8572);
#8570 = CARTESIAN_POINT('',(-20.1,-45.225,2.01));
#8571 = DIRECTION('',(0.,0.,1.));
#8572 = DIRECTION('',(1.,0.,-0.));
#8573 = PCURVE('',#5005,#8574);
#8574 = DEFINITIONAL_REPRESENTATION('',(#8575),#8579);
#8575 = CIRCLE('',#8576,2.921000125982);
#8576 = AXIS2_PLACEMENT_2D('',#8577,#8578);
#8577 = CARTESIAN_POINT('',(-1.005,-94.47));
#8578 = DIRECTION('',(1.,0.));
#8579 = ( GEOMETRIC_REPRESENTATION_CONTEXT(2) 
PARAMETRIC_REPRESENTATION_CONTEXT() REPRESENTATION_CONTEXT('2D SPACE',''
  ) );
#8580 = PCURVE('',#6668,#8581);
#8581 = DEFINITIONAL_REPRESENTATION('',(#8582),#8585);
#8582 = B_SPLINE_CURVE_WITH_KNOTS('',1,(#8583,#8584),.UNSPECIFIED.,.F.,
  .F.,(2,2),(3.342597193939,6.28318530718),.PIECEWISE_BEZIER_KNOTS.);
#8583 = CARTESIAN_POINT('',(-3.342597193939,-0.5025));
#8584 = CARTESIAN_POINT('',(-6.28318530718,-0.5025));
#8585 = ( GEOMETRIC_REPRESENTATION_CONTEXT(2) 
PARAMETRIC_REPRESENTATION_CONTEXT() REPRESENTATION_CONTEXT('2D SPACE',''
  ) );
#8586 = ORIENTED_EDGE('',*,*,#6630,.T.);
#8587 = FACE_BOUND('',#8588,.F.);
#8588 = EDGE_LOOP('',(#8589));
#8589 = ORIENTED_EDGE('',*,*,#8590,.F.);
#8590 = EDGE_CURVE('',#8591,#8591,#8593,.T.);
#8591 = VERTEX_POINT('',#8592);
#8592 = CARTESIAN_POINT('',(-9.503647489351,-40.2,2.01));
#8593 = SURFACE_CURVE('',#8594,(#8599,#8606),.PCURVE_S1.);
#8594 = CIRCLE('',#8595,2.556352510649);
#8595 = AXIS2_PLACEMENT_3D('',#8596,#8597,#8598);
#8596 = CARTESIAN_POINT('',(-12.06,-40.2,2.01));
#8597 = DIRECTION('',(0.,0.,1.));
#8598 = DIRECTION('',(1.,0.,-0.));
#8599 = PCURVE('',#5005,#8600);
#8600 = DEFINITIONAL_REPRESENTATION('',(#8601),#8605);
#8601 = CIRCLE('',#8602,2.556352510649);
#8602 = AXIS2_PLACEMENT_2D('',#8603,#8604);
#8603 = CARTESIAN_POINT('',(7.035,-89.445));
#8604 = DIRECTION('',(1.,0.));
#8605 = ( GEOMETRIC_REPRESENTATION_CONTEXT(2) 
PARAMETRIC_REPRESENTATION_CONTEXT() REPRESENTATION_CONTEXT('2D SPACE',''
  ) );
#8606 = PCURVE('',#8607,#8612);
#8607 = CONICAL_SURFACE('',#8608,2.560737761713,8.726646259972E-03);
#8608 = AXIS2_PLACEMENT_3D('',#8609,#8610,#8611);
#8609 = CARTESIAN_POINT('',(-12.06,-40.2,1.5075));
#8610 = DIRECTION('',(0.,0.,-1.));
#8611 = DIRECTION('',(1.,0.,0.));
#8612 = DEFINITIONAL_REPRESENTATION('',(#8613),#8616);
#8613 = B_SPLINE_CURVE_WITH_KNOTS('',1,(#8614,#8615),.UNSPECIFIED.,.F.,
  .F.,(2,2),(0.,6.28318530718),.PIECEWISE_BEZIER_KNOTS.);
#8614 = CARTESIAN_POINT('',(0.,-0.5025));
#8615 = CARTESIAN_POINT('',(-6.28318530718,-0.5025));
#8616 = ( GEOMETRIC_REPRESENTATION_CONTEXT(2) 
PARAMETRIC_REPRESENTATION_CONTEXT() REPRESENTATION_CONTEXT('2D SPACE',''
  ) );
#8617 = FACE_BOUND('',#8618,.F.);
#8618 = EDGE_LOOP('',(#8619,#8646,#8671,#8696));
#8619 = ORIENTED_EDGE('',*,*,#8620,.T.);
#8620 = EDGE_CURVE('',#8621,#8623,#8625,.T.);
#8621 = VERTEX_POINT('',#8622);
#8622 = CARTESIAN_POINT('',(-9.951770376147,-20.70072962385,2.01));
#8623 = VERTEX_POINT('',#8624);
#8624 = CARTESIAN_POINT('',(-14.16822962385,-20.70072962385,2.01));
#8625 = SURFACE_CURVE('',#8626,(#8629,#8635),.PCURVE_S1.);
#8626 = B_SPLINE_CURVE_WITH_KNOTS('',1,(#8627,#8628),.UNSPECIFIED.,.F.,
  .F.,(2,2),(0.,1.),.PIECEWISE_BEZIER_KNOTS.);
#8627 = CARTESIAN_POINT('',(-9.951770376147,-20.70072962385,2.01));
#8628 = CARTESIAN_POINT('',(-14.16822962385,-20.70072962385,2.01));
#8629 = PCURVE('',#5005,#8630);
#8630 = DEFINITIONAL_REPRESENTATION('',(#8631),#8634);
#8631 = B_SPLINE_CURVE_WITH_KNOTS('',1,(#8632,#8633),.UNSPECIFIED.,.F.,
  .F.,(2,2),(0.,1.),.PIECEWISE_BEZIER_KNOTS.);
#8632 = CARTESIAN_POINT('',(9.143229623853,-69.94572962385));
#8633 = CARTESIAN_POINT('',(4.926770376147,-69.94572962385));
#8634 = ( GEOMETRIC_REPRESENTATION_CONTEXT(2) 
PARAMETRIC_REPRESENTATION_CONTEXT() REPRESENTATION_CONTEXT('2D SPACE',''
  ) );
#8635 = PCURVE('',#8636,#8641);
#8636 = B_SPLINE_SURFACE_WITH_KNOTS('',1,1,(
    (#8637,#8638)
    ,(#8639,#8640
    )),.UNSPECIFIED.,.F.,.F.,.F.,(2,2),(2,2),(-2.099486292815,
    2.099486292815),(0.,1.),.PIECEWISE_BEZIER_KNOTS.);
#8637 = CARTESIAN_POINT('',(-14.16998372427,-20.70248372427,1.809));
#8638 = CARTESIAN_POINT('',(-14.07,-20.6025,13.266));
#8639 = CARTESIAN_POINT('',(-9.950016275721,-20.70248372427,1.809));
#8640 = CARTESIAN_POINT('',(-10.05,-20.6025,13.266));
#8641 = DEFINITIONAL_REPRESENTATION('',(#8642),#8645);
#8642 = B_SPLINE_CURVE_WITH_KNOTS('',1,(#8643,#8644),.UNSPECIFIED.,.F.,
  .F.,(2,2),(0.,1.),.PIECEWISE_BEZIER_KNOTS.);
#8643 = CARTESIAN_POINT('',(2.099486292815,1.754385964912E-02));
#8644 = CARTESIAN_POINT('',(-2.099486292815,1.754385964912E-02));
#8645 = ( GEOMETRIC_REPRESENTATION_CONTEXT(2) 
PARAMETRIC_REPRESENTATION_CONTEXT() REPRESENTATION_CONTEXT('2D SPACE',''
  ) );
#8646 = ORIENTED_EDGE('',*,*,#8647,.T.);
#8647 = EDGE_CURVE('',#8623,#8648,#8650,.T.);
#8648 = VERTEX_POINT('',#8649);
#8649 = CARTESIAN_POINT('',(-14.16822962385,-19.29827037614,2.01));
#8650 = SURFACE_CURVE('',#8651,(#8654,#8660),.PCURVE_S1.);
#8651 = B_SPLINE_CURVE_WITH_KNOTS('',1,(#8652,#8653),.UNSPECIFIED.,.F.,
  .F.,(2,2),(0.,1.),.PIECEWISE_BEZIER_KNOTS.);
#8652 = CARTESIAN_POINT('',(-14.16822962385,-20.70072962385,2.01));
#8653 = CARTESIAN_POINT('',(-14.16822962385,-19.29827037614,2.01));
#8654 = PCURVE('',#5005,#8655);
#8655 = DEFINITIONAL_REPRESENTATION('',(#8656),#8659);
#8656 = B_SPLINE_CURVE_WITH_KNOTS('',1,(#8657,#8658),.UNSPECIFIED.,.F.,
  .F.,(2,2),(0.,1.),.PIECEWISE_BEZIER_KNOTS.);
#8657 = CARTESIAN_POINT('',(4.926770376147,-69.94572962385));
#8658 = CARTESIAN_POINT('',(4.926770376147,-68.54327037614));
#8659 = ( GEOMETRIC_REPRESENTATION_CONTEXT(2) 
PARAMETRIC_REPRESENTATION_CONTEXT() REPRESENTATION_CONTEXT('2D SPACE',''
  ) );
#8660 = PCURVE('',#8661,#8666);
#8661 = B_SPLINE_SURFACE_WITH_KNOTS('',1,1,(
    (#8662,#8663)
    ,(#8664,#8665
    )),.UNSPECIFIED.,.F.,.F.,.F.,(2,2),(2,2),(-0.699486292815,
    0.699486292815),(0.,1.),.PIECEWISE_BEZIER_KNOTS.);
#8662 = CARTESIAN_POINT('',(-14.16998372427,-19.29651627572,1.809));
#8663 = CARTESIAN_POINT('',(-14.07,-19.3965,13.266));
#8664 = CARTESIAN_POINT('',(-14.16998372427,-20.70248372427,1.809));
#8665 = CARTESIAN_POINT('',(-14.07,-20.6025,13.266));
#8666 = DEFINITIONAL_REPRESENTATION('',(#8667),#8670);
#8667 = B_SPLINE_CURVE_WITH_KNOTS('',1,(#8668,#8669),.UNSPECIFIED.,.F.,
  .F.,(2,2),(0.,1.),.PIECEWISE_BEZIER_KNOTS.);
#8668 = CARTESIAN_POINT('',(0.699486292815,1.754385964912E-02));
#8669 = CARTESIAN_POINT('',(-0.699486292815,1.754385964912E-02));
#8670 = ( GEOMETRIC_REPRESENTATION_CONTEXT(2) 
PARAMETRIC_REPRESENTATION_CONTEXT() REPRESENTATION_CONTEXT('2D SPACE',''
  ) );
#8671 = ORIENTED_EDGE('',*,*,#8672,.T.);
#8672 = EDGE_CURVE('',#8648,#8673,#8675,.T.);
#8673 = VERTEX_POINT('',#8674);
#8674 = CARTESIAN_POINT('',(-9.951770376147,-19.29827037614,2.01));
#8675 = SURFACE_CURVE('',#8676,(#8679,#8685),.PCURVE_S1.);
#8676 = B_SPLINE_CURVE_WITH_KNOTS('',1,(#8677,#8678),.UNSPECIFIED.,.F.,
  .F.,(2,2),(0.,1.),.PIECEWISE_BEZIER_KNOTS.);
#8677 = CARTESIAN_POINT('',(-14.16822962385,-19.29827037614,2.01));
#8678 = CARTESIAN_POINT('',(-9.951770376147,-19.29827037614,2.01));
#8679 = PCURVE('',#5005,#8680);
#8680 = DEFINITIONAL_REPRESENTATION('',(#8681),#8684);
#8681 = B_SPLINE_CURVE_WITH_KNOTS('',1,(#8682,#8683),.UNSPECIFIED.,.F.,
  .F.,(2,2),(0.,1.),.PIECEWISE_BEZIER_KNOTS.);
#8682 = CARTESIAN_POINT('',(4.926770376147,-68.54327037614));
#8683 = CARTESIAN_POINT('',(9.143229623853,-68.54327037614));
#8684 = ( GEOMETRIC_REPRESENTATION_CONTEXT(2) 
PARAMETRIC_REPRESENTATION_CONTEXT() REPRESENTATION_CONTEXT('2D SPACE',''
  ) );
#8685 = PCURVE('',#8686,#8691);
#8686 = B_SPLINE_SURFACE_WITH_KNOTS('',1,1,(
    (#8687,#8688)
    ,(#8689,#8690
    )),.UNSPECIFIED.,.F.,.F.,.F.,(2,2),(2,2),(-2.099486292815,
    2.099486292815),(0.,1.),.PIECEWISE_BEZIER_KNOTS.);
#8687 = CARTESIAN_POINT('',(-9.950016275721,-19.29651627572,1.809));
#8688 = CARTESIAN_POINT('',(-10.05,-19.3965,13.266));
#8689 = CARTESIAN_POINT('',(-14.16998372427,-19.29651627572,1.809));
#8690 = CARTESIAN_POINT('',(-14.07,-19.3965,13.266));
#8691 = DEFINITIONAL_REPRESENTATION('',(#8692),#8695);
#8692 = B_SPLINE_CURVE_WITH_KNOTS('',1,(#8693,#8694),.UNSPECIFIED.,.F.,
  .F.,(2,2),(0.,1.),.PIECEWISE_BEZIER_KNOTS.);
#8693 = CARTESIAN_POINT('',(2.099486292815,1.754385964912E-02));
#8694 = CARTESIAN_POINT('',(-2.099486292815,1.754385964912E-02));
#8695 = ( GEOMETRIC_REPRESENTATION_CONTEXT(2) 
PARAMETRIC_REPRESENTATION_CONTEXT() REPRESENTATION_CONTEXT('2D SPACE',''
  ) );
#8696 = ORIENTED_EDGE('',*,*,#8697,.T.);
#8697 = EDGE_CURVE('',#8673,#8621,#8698,.T.);
#8698 = SURFACE_CURVE('',#8699,(#8702,#8708),.PCURVE_S1.);
#8699 = B_SPLINE_CURVE_WITH_KNOTS('',1,(#8700,#8701),.UNSPECIFIED.,.F.,
  .F.,(2,2),(0.,1.),.PIECEWISE_BEZIER_KNOTS.);
#8700 = CARTESIAN_POINT('',(-9.951770376147,-19.29827037614,2.01));
#8701 = CARTESIAN_POINT('',(-9.951770376147,-20.70072962385,2.01));
#8702 = PCURVE('',#5005,#8703);
#8703 = DEFINITIONAL_REPRESENTATION('',(#8704),#8707);
#8704 = B_SPLINE_CURVE_WITH_KNOTS('',1,(#8705,#8706),.UNSPECIFIED.,.F.,
  .F.,(2,2),(0.,1.),.PIECEWISE_BEZIER_KNOTS.);
#8705 = CARTESIAN_POINT('',(9.143229623853,-68.54327037614));
#8706 = CARTESIAN_POINT('',(9.143229623853,-69.94572962385));
#8707 = ( GEOMETRIC_REPRESENTATION_CONTEXT(2) 
PARAMETRIC_REPRESENTATION_CONTEXT() REPRESENTATION_CONTEXT('2D SPACE',''
  ) );
#8708 = PCURVE('',#8709,#8714);
#8709 = B_SPLINE_SURFACE_WITH_KNOTS('',1,1,(
    (#8710,#8711)
    ,(#8712,#8713
    )),.UNSPECIFIED.,.F.,.F.,.F.,(2,2),(2,2),(-0.699486292815,
    0.699486292815),(0.,1.),.PIECEWISE_BEZIER_KNOTS.);
#8710 = CARTESIAN_POINT('',(-9.950016275721,-20.70248372427,1.809));
#8711 = CARTESIAN_POINT('',(-10.05,-20.6025,13.266));
#8712 = CARTESIAN_POINT('',(-9.950016275721,-19.29651627572,1.809));
#8713 = CARTESIAN_POINT('',(-10.05,-19.3965,13.266));
#8714 = DEFINITIONAL_REPRESENTATION('',(#8715),#8718);
#8715 = B_SPLINE_CURVE_WITH_KNOTS('',1,(#8716,#8717),.UNSPECIFIED.,.F.,
  .F.,(2,2),(0.,1.),.PIECEWISE_BEZIER_KNOTS.);
#8716 = CARTESIAN_POINT('',(0.699486292815,1.754385964912E-02));
#8717 = CARTESIAN_POINT('',(-0.699486292815,1.754385964912E-02));
#8718 = ( GEOMETRIC_REPRESENTATION_CONTEXT(2) 
PARAMETRIC_REPRESENTATION_CONTEXT() REPRESENTATION_CONTEXT('2D SPACE',''
  ) );
#8719 = FACE_BOUND('',#8720,.F.);
#8720 = EDGE_LOOP('',(#8721));
#8721 = ORIENTED_EDGE('',*,*,#8722,.F.);
#8722 = EDGE_CURVE('',#8723,#8723,#8725,.T.);
#8723 = VERTEX_POINT('',#8724);
#8724 = CARTESIAN_POINT('',(14.616352510649,-40.2,2.01));
#8725 = SURFACE_CURVE('',#8726,(#8731,#8738),.PCURVE_S1.);
#8726 = CIRCLE('',#8727,2.556352510649);
#8727 = AXIS2_PLACEMENT_3D('',#8728,#8729,#8730);
#8728 = CARTESIAN_POINT('',(12.06,-40.2,2.01));
#8729 = DIRECTION('',(0.,0.,1.));
#8730 = DIRECTION('',(1.,0.,-0.));
#8731 = PCURVE('',#5005,#8732);
#8732 = DEFINITIONAL_REPRESENTATION('',(#8733),#8737);
#8733 = CIRCLE('',#8734,2.556352510649);
#8734 = AXIS2_PLACEMENT_2D('',#8735,#8736);
#8735 = CARTESIAN_POINT('',(31.155,-89.445));
#8736 = DIRECTION('',(1.,0.));
#8737 = ( GEOMETRIC_REPRESENTATION_CONTEXT(2) 
PARAMETRIC_REPRESENTATION_CONTEXT() REPRESENTATION_CONTEXT('2D SPACE',''
  ) );
#8738 = PCURVE('',#8739,#8744);
#8739 = CONICAL_SURFACE('',#8740,2.560737761713,8.726646259972E-03);
#8740 = AXIS2_PLACEMENT_3D('',#8741,#8742,#8743);
#8741 = CARTESIAN_POINT('',(12.06,-40.2,1.5075));
#8742 = DIRECTION('',(0.,0.,-1.));
#8743 = DIRECTION('',(1.,0.,0.));
#8744 = DEFINITIONAL_REPRESENTATION('',(#8745),#8748);
#8745 = B_SPLINE_CURVE_WITH_KNOTS('',1,(#8746,#8747),.UNSPECIFIED.,.F.,
  .F.,(2,2),(0.,6.28318530718),.PIECEWISE_BEZIER_KNOTS.);
#8746 = CARTESIAN_POINT('',(0.,-0.5025));
#8747 = CARTESIAN_POINT('',(-6.28318530718,-0.5025));
#8748 = ( GEOMETRIC_REPRESENTATION_CONTEXT(2) 
PARAMETRIC_REPRESENTATION_CONTEXT() REPRESENTATION_CONTEXT('2D SPACE',''
  ) );
#8749 = FACE_BOUND('',#8750,.F.);
#8750 = EDGE_LOOP('',(#8751,#8778,#8803,#8828));
#8751 = ORIENTED_EDGE('',*,*,#8752,.T.);
#8752 = EDGE_CURVE('',#8753,#8755,#8757,.T.);
#8753 = VERTEX_POINT('',#8754);
#8754 = CARTESIAN_POINT('',(14.168229623853,-20.70072962385,2.01));
#8755 = VERTEX_POINT('',#8756);
#8756 = CARTESIAN_POINT('',(9.951770376147,-20.70072962385,2.01));
#8757 = SURFACE_CURVE('',#8758,(#8761,#8767),.PCURVE_S1.);
#8758 = B_SPLINE_CURVE_WITH_KNOTS('',1,(#8759,#8760),.UNSPECIFIED.,.F.,
  .F.,(2,2),(0.,1.),.PIECEWISE_BEZIER_KNOTS.);
#8759 = CARTESIAN_POINT('',(14.168229623853,-20.70072962385,2.01));
#8760 = CARTESIAN_POINT('',(9.951770376147,-20.70072962385,2.01));
#8761 = PCURVE('',#5005,#8762);
#8762 = DEFINITIONAL_REPRESENTATION('',(#8763),#8766);
#8763 = B_SPLINE_CURVE_WITH_KNOTS('',1,(#8764,#8765),.UNSPECIFIED.,.F.,
  .F.,(2,2),(0.,1.),.PIECEWISE_BEZIER_KNOTS.);
#8764 = CARTESIAN_POINT('',(33.263229623853,-69.94572962385));
#8765 = CARTESIAN_POINT('',(29.046770376147,-69.94572962385));
#8766 = ( GEOMETRIC_REPRESENTATION_CONTEXT(2) 
PARAMETRIC_REPRESENTATION_CONTEXT() REPRESENTATION_CONTEXT('2D SPACE',''
  ) );
#8767 = PCURVE('',#8768,#8773);
#8768 = B_SPLINE_SURFACE_WITH_KNOTS('',1,1,(
    (#8769,#8770)
    ,(#8771,#8772
    )),.UNSPECIFIED.,.F.,.F.,.F.,(2,2),(2,2),(-2.099486292815,
    2.099486292815),(0.,1.),.PIECEWISE_BEZIER_KNOTS.);
#8769 = CARTESIAN_POINT('',(9.950016275721,-20.70248372427,1.809));
#8770 = CARTESIAN_POINT('',(10.05,-20.6025,13.266));
#8771 = CARTESIAN_POINT('',(14.169983724279,-20.70248372427,1.809));
#8772 = CARTESIAN_POINT('',(14.07,-20.6025,13.266));
#8773 = DEFINITIONAL_REPRESENTATION('',(#8774),#8777);
#8774 = B_SPLINE_CURVE_WITH_KNOTS('',1,(#8775,#8776),.UNSPECIFIED.,.F.,
  .F.,(2,2),(0.,1.),.PIECEWISE_BEZIER_KNOTS.);
#8775 = CARTESIAN_POINT('',(2.099486292815,1.754385964912E-02));
#8776 = CARTESIAN_POINT('',(-2.099486292815,1.754385964912E-02));
#8777 = ( GEOMETRIC_REPRESENTATION_CONTEXT(2) 
PARAMETRIC_REPRESENTATION_CONTEXT() REPRESENTATION_CONTEXT('2D SPACE',''
  ) );
#8778 = ORIENTED_EDGE('',*,*,#8779,.T.);
#8779 = EDGE_CURVE('',#8755,#8780,#8782,.T.);
#8780 = VERTEX_POINT('',#8781);
#8781 = CARTESIAN_POINT('',(9.951770376147,-19.29827037614,2.01));
#8782 = SURFACE_CURVE('',#8783,(#8786,#8792),.PCURVE_S1.);
#8783 = B_SPLINE_CURVE_WITH_KNOTS('',1,(#8784,#8785),.UNSPECIFIED.,.F.,
  .F.,(2,2),(0.,1.),.PIECEWISE_BEZIER_KNOTS.);
#8784 = CARTESIAN_POINT('',(9.951770376147,-20.70072962385,2.01));
#8785 = CARTESIAN_POINT('',(9.951770376147,-19.29827037614,2.01));
#8786 = PCURVE('',#5005,#8787);
#8787 = DEFINITIONAL_REPRESENTATION('',(#8788),#8791);
#8788 = B_SPLINE_CURVE_WITH_KNOTS('',1,(#8789,#8790),.UNSPECIFIED.,.F.,
  .F.,(2,2),(0.,1.),.PIECEWISE_BEZIER_KNOTS.);
#8789 = CARTESIAN_POINT('',(29.046770376147,-69.94572962385));
#8790 = CARTESIAN_POINT('',(29.046770376147,-68.54327037614));
#8791 = ( GEOMETRIC_REPRESENTATION_CONTEXT(2) 
PARAMETRIC_REPRESENTATION_CONTEXT() REPRESENTATION_CONTEXT('2D SPACE',''
  ) );
#8792 = PCURVE('',#8793,#8798);
#8793 = B_SPLINE_SURFACE_WITH_KNOTS('',1,1,(
    (#8794,#8795)
    ,(#8796,#8797
    )),.UNSPECIFIED.,.F.,.F.,.F.,(2,2),(2,2),(-0.699486292815,
    0.699486292815),(0.,1.),.PIECEWISE_BEZIER_KNOTS.);
#8794 = CARTESIAN_POINT('',(9.950016275721,-19.29651627572,1.809));
#8795 = CARTESIAN_POINT('',(10.05,-19.3965,13.266));
#8796 = CARTESIAN_POINT('',(9.950016275721,-20.70248372427,1.809));
#8797 = CARTESIAN_POINT('',(10.05,-20.6025,13.266));
#8798 = DEFINITIONAL_REPRESENTATION('',(#8799),#8802);
#8799 = B_SPLINE_CURVE_WITH_KNOTS('',1,(#8800,#8801),.UNSPECIFIED.,.F.,
  .F.,(2,2),(0.,1.),.PIECEWISE_BEZIER_KNOTS.);
#8800 = CARTESIAN_POINT('',(0.699486292815,1.754385964912E-02));
#8801 = CARTESIAN_POINT('',(-0.699486292815,1.754385964912E-02));
#8802 = ( GEOMETRIC_REPRESENTATION_CONTEXT(2) 
PARAMETRIC_REPRESENTATION_CONTEXT() REPRESENTATION_CONTEXT('2D SPACE',''
  ) );
#8803 = ORIENTED_EDGE('',*,*,#8804,.T.);
#8804 = EDGE_CURVE('',#8780,#8805,#8807,.T.);
#8805 = VERTEX_POINT('',#8806);
#8806 = CARTESIAN_POINT('',(14.168229623853,-19.29827037614,2.01));
#8807 = SURFACE_CURVE('',#8808,(#8811,#8817),.PCURVE_S1.);
#8808 = B_SPLINE_CURVE_WITH_KNOTS('',1,(#8809,#8810),.UNSPECIFIED.,.F.,
  .F.,(2,2),(0.,1.),.PIECEWISE_BEZIER_KNOTS.);
#8809 = CARTESIAN_POINT('',(9.951770376147,-19.29827037614,2.01));
#8810 = CARTESIAN_POINT('',(14.168229623853,-19.29827037614,2.01));
#8811 = PCURVE('',#5005,#8812);
#8812 = DEFINITIONAL_REPRESENTATION('',(#8813),#8816);
#8813 = B_SPLINE_CURVE_WITH_KNOTS('',1,(#8814,#8815),.UNSPECIFIED.,.F.,
  .F.,(2,2),(0.,1.),.PIECEWISE_BEZIER_KNOTS.);
#8814 = CARTESIAN_POINT('',(29.046770376147,-68.54327037614));
#8815 = CARTESIAN_POINT('',(33.263229623853,-68.54327037614));
#8816 = ( GEOMETRIC_REPRESENTATION_CONTEXT(2) 
PARAMETRIC_REPRESENTATION_CONTEXT() REPRESENTATION_CONTEXT('2D SPACE',''
  ) );
#8817 = PCURVE('',#8818,#8823);
#8818 = B_SPLINE_SURFACE_WITH_KNOTS('',1,1,(
    (#8819,#8820)
    ,(#8821,#8822
    )),.UNSPECIFIED.,.F.,.F.,.F.,(2,2),(2,2),(-2.099486292815,
    2.099486292815),(0.,1.),.PIECEWISE_BEZIER_KNOTS.);
#8819 = CARTESIAN_POINT('',(14.169983724279,-19.29651627572,1.809));
#8820 = CARTESIAN_POINT('',(14.07,-19.3965,13.266));
#8821 = CARTESIAN_POINT('',(9.950016275721,-19.29651627572,1.809));
#8822 = CARTESIAN_POINT('',(10.05,-19.3965,13.266));
#8823 = DEFINITIONAL_REPRESENTATION('',(#8824),#8827);
#8824 = B_SPLINE_CURVE_WITH_KNOTS('',1,(#8825,#8826),.UNSPECIFIED.,.F.,
  .F.,(2,2),(0.,1.),.PIECEWISE_BEZIER_KNOTS.);
#8825 = CARTESIAN_POINT('',(2.099486292815,1.754385964912E-02));
#8826 = CARTESIAN_POINT('',(-2.099486292815,1.754385964912E-02));
#8827 = ( GEOMETRIC_REPRESENTATION_CONTEXT(2) 
PARAMETRIC_REPRESENTATION_CONTEXT() REPRESENTATION_CONTEXT('2D SPACE',''
  ) );
#8828 = ORIENTED_EDGE('',*,*,#8829,.T.);
#8829 = EDGE_CURVE('',#8805,#8753,#8830,.T.);
#8830 = SURFACE_CURVE('',#8831,(#8834,#8840),.PCURVE_S1.);
#8831 = B_SPLINE_CURVE_WITH_KNOTS('',1,(#8832,#8833),.UNSPECIFIED.,.F.,
  .F.,(2,2),(0.,1.),.PIECEWISE_BEZIER_KNOTS.);
#8832 = CARTESIAN_POINT('',(14.168229623853,-19.29827037614,2.01));
#8833 = CARTESIAN_POINT('',(14.168229623853,-20.70072962385,2.01));
#8834 = PCURVE('',#5005,#8835);
#8835 = DEFINITIONAL_REPRESENTATION('',(#8836),#8839);
#8836 = B_SPLINE_CURVE_WITH_KNOTS('',1,(#8837,#8838),.UNSPECIFIED.,.F.,
  .F.,(2,2),(0.,1.),.PIECEWISE_BEZIER_KNOTS.);
#8837 = CARTESIAN_POINT('',(33.263229623853,-68.54327037614));
#8838 = CARTESIAN_POINT('',(33.263229623853,-69.94572962385));
#8839 = ( GEOMETRIC_REPRESENTATION_CONTEXT(2) 
PARAMETRIC_REPRESENTATION_CONTEXT() REPRESENTATION_CONTEXT('2D SPACE',''
  ) );
#8840 = PCURVE('',#8841,#8846);
#8841 = B_SPLINE_SURFACE_WITH_KNOTS('',1,1,(
    (#8842,#8843)
    ,(#8844,#8845
    )),.UNSPECIFIED.,.F.,.F.,.F.,(2,2),(2,2),(-0.699486292815,
    0.699486292815),(0.,1.),.PIECEWISE_BEZIER_KNOTS.);
#8842 = CARTESIAN_POINT('',(14.169983724279,-20.70248372427,1.809));
#8843 = CARTESIAN_POINT('',(14.07,-20.6025,13.266));
#8844 = CARTESIAN_POINT('',(14.169983724279,-19.29651627572,1.809));
#8845 = CARTESIAN_POINT('',(14.07,-19.3965,13.266));
#8846 = DEFINITIONAL_REPRESENTATION('',(#8847),#8850);
#8847 = B_SPLINE_CURVE_WITH_KNOTS('',1,(#8848,#8849),.UNSPECIFIED.,.F.,
  .F.,(2,2),(0.,1.),.PIECEWISE_BEZIER_KNOTS.);
#8848 = CARTESIAN_POINT('',(0.699486292815,1.754385964912E-02));
#8849 = CARTESIAN_POINT('',(-0.699486292815,1.754385964912E-02));
#8850 = ( GEOMETRIC_REPRESENTATION_CONTEXT(2) 
PARAMETRIC_REPRESENTATION_CONTEXT() REPRESENTATION_CONTEXT('2D SPACE',''
  ) );
#8851 = FACE_BOUND('',#8852,.F.);
#8852 = EDGE_LOOP('',(#8853));
#8853 = ORIENTED_EDGE('',*,*,#8854,.F.);
#8854 = EDGE_CURVE('',#8855,#8855,#8857,.T.);
#8855 = VERTEX_POINT('',#8856);
#8856 = CARTESIAN_POINT('',(-18.87536548083,54.46095,2.01));
#8857 = SURFACE_CURVE('',#8858,(#8863,#8870),.PCURVE_S1.);
#8858 = CIRCLE('',#8859,2.892934519167);
#8859 = AXIS2_PLACEMENT_3D('',#8860,#8861,#8862);
#8860 = CARTESIAN_POINT('',(-21.7683,54.46095,2.01));
#8861 = DIRECTION('',(0.,0.,1.));
#8862 = DIRECTION('',(1.,0.,-0.));
#8863 = PCURVE('',#5005,#8864);
#8864 = DEFINITIONAL_REPRESENTATION('',(#8865),#8869);
#8865 = CIRCLE('',#8866,2.892934519167);
#8866 = AXIS2_PLACEMENT_2D('',#8867,#8868);
#8867 = CARTESIAN_POINT('',(-2.6733,5.21595));
#8868 = DIRECTION('',(1.,0.));
#8869 = ( GEOMETRIC_REPRESENTATION_CONTEXT(2) 
PARAMETRIC_REPRESENTATION_CONTEXT() REPRESENTATION_CONTEXT('2D SPACE',''
  ) );
#8870 = PCURVE('',#8871,#8876);
#8871 = CONICAL_SURFACE('',#8872,2.897319770232,8.726646259972E-03);
#8872 = AXIS2_PLACEMENT_3D('',#8873,#8874,#8875);
#8873 = CARTESIAN_POINT('',(-21.7683,54.46095,1.5075));
#8874 = DIRECTION('',(0.,0.,-1.));
#8875 = DIRECTION('',(1.,0.,0.));
#8876 = DEFINITIONAL_REPRESENTATION('',(#8877),#8880);
#8877 = B_SPLINE_CURVE_WITH_KNOTS('',1,(#8878,#8879),.UNSPECIFIED.,.F.,
  .F.,(2,2),(0.,6.28318530718),.PIECEWISE_BEZIER_KNOTS.);
#8878 = CARTESIAN_POINT('',(0.,-0.5025));
#8879 = CARTESIAN_POINT('',(-6.28318530718,-0.5025));
#8880 = ( GEOMETRIC_REPRESENTATION_CONTEXT(2) 
PARAMETRIC_REPRESENTATION_CONTEXT() REPRESENTATION_CONTEXT('2D SPACE',''
  ) );
#8881 = FACE_BOUND('',#8882,.F.);
#8882 = EDGE_LOOP('',(#8883,#8913,#8938,#8963,#8988,#9016,#9044,#9072,
    #9100,#9128,#9153,#9178,#9203,#9231,#9259,#9287));
#8883 = ORIENTED_EDGE('',*,*,#8884,.T.);
#8884 = EDGE_CURVE('',#8885,#8887,#8889,.T.);
#8885 = VERTEX_POINT('',#8886);
#8886 = CARTESIAN_POINT('',(-16.03614414936,-9.045,2.01));
#8887 = VERTEX_POINT('',#8888);
#8888 = CARTESIAN_POINT('',(-16.03614414936,-5.077623012778,2.01));
#8889 = SURFACE_CURVE('',#8890,(#8894,#8901),.PCURVE_S1.);
#8890 = LINE('',#8891,#8892);
#8891 = CARTESIAN_POINT('',(-16.03614414936,29.145,2.01));
#8892 = VECTOR('',#8893,1.);
#8893 = DIRECTION('',(-0.,1.,0.));
#8894 = PCURVE('',#5005,#8895);
#8895 = DEFINITIONAL_REPRESENTATION('',(#8896),#8900);
#8896 = LINE('',#8897,#8898);
#8897 = CARTESIAN_POINT('',(3.058855850632,-20.1));
#8898 = VECTOR('',#8899,1.);
#8899 = DIRECTION('',(0.,1.));
#8900 = ( GEOMETRIC_REPRESENTATION_CONTEXT(2) 
PARAMETRIC_REPRESENTATION_CONTEXT() REPRESENTATION_CONTEXT('2D SPACE',''
  ) );
#8901 = PCURVE('',#8902,#8907);
#8902 = PLANE('',#8903);
#8903 = AXIS2_PLACEMENT_3D('',#8904,#8905,#8906);
#8904 = CARTESIAN_POINT('',(-16.08,9.045,-0.5025));
#8905 = DIRECTION('',(0.999847695156,0.,-1.745240643728E-02));
#8906 = DIRECTION('',(1.745240643728E-02,0.,0.999847695156));
#8907 = DEFINITIONAL_REPRESENTATION('',(#8908),#8912);
#8908 = LINE('',#8909,#8910);
#8909 = CARTESIAN_POINT('',(2.51288272421,-20.1));
#8910 = VECTOR('',#8911,1.);
#8911 = DIRECTION('',(0.,-1.));
#8912 = ( GEOMETRIC_REPRESENTATION_CONTEXT(2) 
PARAMETRIC_REPRESENTATION_CONTEXT() REPRESENTATION_CONTEXT('2D SPACE',''
  ) );
#8913 = ORIENTED_EDGE('',*,*,#8914,.T.);
#8914 = EDGE_CURVE('',#8887,#8915,#8917,.T.);
#8915 = VERTEX_POINT('',#8916);
#8916 = CARTESIAN_POINT('',(-17.13762301277,-5.077623012778,2.01));
#8917 = SURFACE_CURVE('',#8918,(#8921,#8927),.PCURVE_S1.);
#8918 = B_SPLINE_CURVE_WITH_KNOTS('',1,(#8919,#8920),.UNSPECIFIED.,.F.,
  .F.,(2,2),(0.,1.),.PIECEWISE_BEZIER_KNOTS.);
#8919 = CARTESIAN_POINT('',(-16.02737698722,-5.077623012778,2.01));
#8920 = CARTESIAN_POINT('',(-17.13762301277,-5.077623012778,2.01));
#8921 = PCURVE('',#5005,#8922);
#8922 = DEFINITIONAL_REPRESENTATION('',(#8923),#8926);
#8923 = B_SPLINE_CURVE_WITH_KNOTS('',1,(#8924,#8925),.UNSPECIFIED.,.F.,
  .F.,(2,2),(0.,1.),.PIECEWISE_BEZIER_KNOTS.);
#8924 = CARTESIAN_POINT('',(3.067623012778,-54.32262301277));
#8925 = CARTESIAN_POINT('',(1.957376987222,-54.32262301277));
#8926 = ( GEOMETRIC_REPRESENTATION_CONTEXT(2) 
PARAMETRIC_REPRESENTATION_CONTEXT() REPRESENTATION_CONTEXT('2D SPACE',''
  ) );
#8927 = PCURVE('',#8928,#8933);
#8928 = B_SPLINE_SURFACE_WITH_KNOTS('',1,1,(
    (#8929,#8930)
    ,(#8931,#8932
    )),.UNSPECIFIED.,.F.,.F.,.F.,(2,2),(2,2),(-0.554106580303,
    0.554106580303),(0.,1.),.PIECEWISE_BEZIER_KNOTS.);
#8929 = CARTESIAN_POINT('',(-17.1393771132,-5.079377113204,1.809));
#8930 = CARTESIAN_POINT('',(-17.085,-5.025,8.04));
#8931 = CARTESIAN_POINT('',(-16.02562288679,-5.079377113204,1.809));
#8932 = CARTESIAN_POINT('',(-16.08,-5.025,8.04));
#8933 = DEFINITIONAL_REPRESENTATION('',(#8934),#8937);
#8934 = B_SPLINE_CURVE_WITH_KNOTS('',1,(#8935,#8936),.UNSPECIFIED.,.F.,
  .F.,(2,2),(7.896594038006E-03,1.),.PIECEWISE_BEZIER_KNOTS.);
#8935 = CARTESIAN_POINT('',(0.545355470866,3.225806451613E-02));
#8936 = CARTESIAN_POINT('',(-0.554106580303,3.225806451613E-02));
#8937 = ( GEOMETRIC_REPRESENTATION_CONTEXT(2) 
PARAMETRIC_REPRESENTATION_CONTEXT() REPRESENTATION_CONTEXT('2D SPACE',''
  ) );
#8938 = ORIENTED_EDGE('',*,*,#8939,.T.);
#8939 = EDGE_CURVE('',#8915,#8940,#8942,.T.);
#8940 = VERTEX_POINT('',#8941);
#8941 = CARTESIAN_POINT('',(-17.13762301277,23.167623012778,2.01));
#8942 = SURFACE_CURVE('',#8943,(#8946,#8952),.PCURVE_S1.);
#8943 = B_SPLINE_CURVE_WITH_KNOTS('',1,(#8944,#8945),.UNSPECIFIED.,.F.,
  .F.,(2,2),(0.,1.),.PIECEWISE_BEZIER_KNOTS.);
#8944 = CARTESIAN_POINT('',(-17.13762301277,-5.077623012778,2.01));
#8945 = CARTESIAN_POINT('',(-17.13762301277,23.167623012778,2.01));
#8946 = PCURVE('',#5005,#8947);
#8947 = DEFINITIONAL_REPRESENTATION('',(#8948),#8951);
#8948 = B_SPLINE_CURVE_WITH_KNOTS('',1,(#8949,#8950),.UNSPECIFIED.,.F.,
  .F.,(2,2),(0.,1.),.PIECEWISE_BEZIER_KNOTS.);
#8949 = CARTESIAN_POINT('',(1.957376987222,-54.32262301277));
#8950 = CARTESIAN_POINT('',(1.957376987222,-26.07737698722));
#8951 = ( GEOMETRIC_REPRESENTATION_CONTEXT(2) 
PARAMETRIC_REPRESENTATION_CONTEXT() REPRESENTATION_CONTEXT('2D SPACE',''
  ) );
#8952 = PCURVE('',#8953,#8958);
#8953 = B_SPLINE_SURFACE_WITH_KNOTS('',1,1,(
    (#8954,#8955)
    ,(#8956,#8957
    )),.UNSPECIFIED.,.F.,.F.,.F.,(2,2),(2,2),(-14.0541065803,
    14.054106580303),(0.,1.),.PIECEWISE_BEZIER_KNOTS.);
#8954 = CARTESIAN_POINT('',(-17.1393771132,23.169377113204,1.809));
#8955 = CARTESIAN_POINT('',(-17.085,23.115,8.04));
#8956 = CARTESIAN_POINT('',(-17.1393771132,-5.079377113204,1.809));
#8957 = CARTESIAN_POINT('',(-17.085,-5.025,8.04));
#8958 = DEFINITIONAL_REPRESENTATION('',(#8959),#8962);
#8959 = B_SPLINE_CURVE_WITH_KNOTS('',1,(#8960,#8961),.UNSPECIFIED.,.F.,
  .F.,(2,2),(0.,1.),.PIECEWISE_BEZIER_KNOTS.);
#8960 = CARTESIAN_POINT('',(14.054106580303,3.225806451613E-02));
#8961 = CARTESIAN_POINT('',(-14.0541065803,3.225806451613E-02));
#8962 = ( GEOMETRIC_REPRESENTATION_CONTEXT(2) 
PARAMETRIC_REPRESENTATION_CONTEXT() REPRESENTATION_CONTEXT('2D SPACE',''
  ) );
#8963 = ORIENTED_EDGE('',*,*,#8964,.T.);
#8964 = EDGE_CURVE('',#8940,#8965,#8967,.T.);
#8965 = VERTEX_POINT('',#8966);
#8966 = CARTESIAN_POINT('',(-16.03614414936,23.167623012778,2.01));
#8967 = SURFACE_CURVE('',#8968,(#8971,#8977),.PCURVE_S1.);
#8968 = B_SPLINE_CURVE_WITH_KNOTS('',1,(#8969,#8970),.UNSPECIFIED.,.F.,
  .F.,(2,2),(0.,1.),.PIECEWISE_BEZIER_KNOTS.);
#8969 = CARTESIAN_POINT('',(-17.13762301277,23.167623012778,2.01));
#8970 = CARTESIAN_POINT('',(-16.02737698722,23.167623012778,2.01));
#8971 = PCURVE('',#5005,#8972);
#8972 = DEFINITIONAL_REPRESENTATION('',(#8973),#8976);
#8973 = B_SPLINE_CURVE_WITH_KNOTS('',1,(#8974,#8975),.UNSPECIFIED.,.F.,
  .F.,(2,2),(0.,1.),.PIECEWISE_BEZIER_KNOTS.);
#8974 = CARTESIAN_POINT('',(1.957376987222,-26.07737698722));
#8975 = CARTESIAN_POINT('',(3.067623012778,-26.07737698722));
#8976 = ( GEOMETRIC_REPRESENTATION_CONTEXT(2) 
PARAMETRIC_REPRESENTATION_CONTEXT() REPRESENTATION_CONTEXT('2D SPACE',''
  ) );
#8977 = PCURVE('',#8978,#8983);
#8978 = B_SPLINE_SURFACE_WITH_KNOTS('',1,1,(
    (#8979,#8980)
    ,(#8981,#8982
    )),.UNSPECIFIED.,.F.,.F.,.F.,(2,2),(2,2),(-0.554106580303,
    0.554106580303),(0.,1.),.PIECEWISE_BEZIER_KNOTS.);
#8979 = CARTESIAN_POINT('',(-16.02562288679,23.169377113204,1.809));
#8980 = CARTESIAN_POINT('',(-16.08,23.115,8.04));
#8981 = CARTESIAN_POINT('',(-17.1393771132,23.169377113204,1.809));
#8982 = CARTESIAN_POINT('',(-17.085,23.115,8.04));
#8983 = DEFINITIONAL_REPRESENTATION('',(#8984),#8987);
#8984 = B_SPLINE_CURVE_WITH_KNOTS('',1,(#8985,#8986),.UNSPECIFIED.,.F.,
  .F.,(2,2),(0.,0.992103405962),.PIECEWISE_BEZIER_KNOTS.);
#8985 = CARTESIAN_POINT('',(0.554106580303,3.225806451613E-02));
#8986 = CARTESIAN_POINT('',(-0.545355470866,3.225806451613E-02));
#8987 = ( GEOMETRIC_REPRESENTATION_CONTEXT(2) 
PARAMETRIC_REPRESENTATION_CONTEXT() REPRESENTATION_CONTEXT('2D SPACE',''
  ) );
#8988 = ORIENTED_EDGE('',*,*,#8989,.T.);
#8989 = EDGE_CURVE('',#8965,#8990,#8992,.T.);
#8990 = VERTEX_POINT('',#8991);
#8991 = CARTESIAN_POINT('',(-16.03614414936,27.135,2.01));
#8992 = SURFACE_CURVE('',#8993,(#8997,#9004),.PCURVE_S1.);
#8993 = LINE('',#8994,#8995);
#8994 = CARTESIAN_POINT('',(-16.03614414936,29.145,2.01));
#8995 = VECTOR('',#8996,1.);
#8996 = DIRECTION('',(-0.,1.,0.));
#8997 = PCURVE('',#5005,#8998);
#8998 = DEFINITIONAL_REPRESENTATION('',(#8999),#9003);
#8999 = LINE('',#9000,#9001);
#9000 = CARTESIAN_POINT('',(3.058855850632,-20.1));
#9001 = VECTOR('',#9002,1.);
#9002 = DIRECTION('',(0.,1.));
#9003 = ( GEOMETRIC_REPRESENTATION_CONTEXT(2) 
PARAMETRIC_REPRESENTATION_CONTEXT() REPRESENTATION_CONTEXT('2D SPACE',''
  ) );
#9004 = PCURVE('',#9005,#9010);
#9005 = PLANE('',#9006);
#9006 = AXIS2_PLACEMENT_3D('',#9007,#9008,#9009);
#9007 = CARTESIAN_POINT('',(-16.08,9.045,-0.5025));
#9008 = DIRECTION('',(0.999847695156,0.,-1.745240643728E-02));
#9009 = DIRECTION('',(1.745240643728E-02,0.,0.999847695156));
#9010 = DEFINITIONAL_REPRESENTATION('',(#9011),#9015);
#9011 = LINE('',#9012,#9013);
#9012 = CARTESIAN_POINT('',(2.51288272421,-20.1));
#9013 = VECTOR('',#9014,1.);
#9014 = DIRECTION('',(0.,-1.));
#9015 = ( GEOMETRIC_REPRESENTATION_CONTEXT(2) 
PARAMETRIC_REPRESENTATION_CONTEXT() REPRESENTATION_CONTEXT('2D SPACE',''
  ) );
#9016 = ORIENTED_EDGE('',*,*,#9017,.F.);
#9017 = EDGE_CURVE('',#9018,#8990,#9020,.T.);
#9018 = VERTEX_POINT('',#9019);
#9019 = CARTESIAN_POINT('',(-14.5725,28.598644149368,2.01));
#9020 = SURFACE_CURVE('',#9021,(#9026,#9033),.PCURVE_S1.);
#9021 = CIRCLE('',#9022,1.463644149368);
#9022 = AXIS2_PLACEMENT_3D('',#9023,#9024,#9025);
#9023 = CARTESIAN_POINT('',(-14.5725,27.135,2.01));
#9024 = DIRECTION('',(0.,0.,1.));
#9025 = DIRECTION('',(1.,0.,-0.));
#9026 = PCURVE('',#5005,#9027);
#9027 = DEFINITIONAL_REPRESENTATION('',(#9028),#9032);
#9028 = CIRCLE('',#9029,1.463644149368);
#9029 = AXIS2_PLACEMENT_2D('',#9030,#9031);
#9030 = CARTESIAN_POINT('',(4.5225,-22.11));
#9031 = DIRECTION('',(1.,0.));
#9032 = ( GEOMETRIC_REPRESENTATION_CONTEXT(2) 
PARAMETRIC_REPRESENTATION_CONTEXT() REPRESENTATION_CONTEXT('2D SPACE',''
  ) );
#9033 = PCURVE('',#9034,#9039);
#9034 = CONICAL_SURFACE('',#9035,1.5075,1.745329251994E-02);
#9035 = AXIS2_PLACEMENT_3D('',#9036,#9037,#9038);
#9036 = CARTESIAN_POINT('',(-14.5725,27.135,-0.5025));
#9037 = DIRECTION('',(-0.,-0.,-1.));
#9038 = DIRECTION('',(1.,0.,0.));
#9039 = DEFINITIONAL_REPRESENTATION('',(#9040),#9043);
#9040 = B_SPLINE_CURVE_WITH_KNOTS('',1,(#9041,#9042),.UNSPECIFIED.,.F.,
  .F.,(2,2),(1.570796326795,3.14159265359),.PIECEWISE_BEZIER_KNOTS.);
#9041 = CARTESIAN_POINT('',(-1.570796326795,-2.5125));
#9042 = CARTESIAN_POINT('',(-3.14159265359,-2.5125));
#9043 = ( GEOMETRIC_REPRESENTATION_CONTEXT(2) 
PARAMETRIC_REPRESENTATION_CONTEXT() REPRESENTATION_CONTEXT('2D SPACE',''
  ) );
#9044 = ORIENTED_EDGE('',*,*,#9045,.T.);
#9045 = EDGE_CURVE('',#9018,#9046,#9048,.T.);
#9046 = VERTEX_POINT('',#9047);
#9047 = CARTESIAN_POINT('',(14.5725,28.598644149368,2.01));
#9048 = SURFACE_CURVE('',#9049,(#9053,#9060),.PCURVE_S1.);
#9049 = LINE('',#9050,#9051);
#9050 = CARTESIAN_POINT('',(-9.5475,28.598644149368,2.01));
#9051 = VECTOR('',#9052,1.);
#9052 = DIRECTION('',(1.,0.,0.));
#9053 = PCURVE('',#5005,#9054);
#9054 = DEFINITIONAL_REPRESENTATION('',(#9055),#9059);
#9055 = LINE('',#9056,#9057);
#9056 = CARTESIAN_POINT('',(9.5475,-20.64635585063));
#9057 = VECTOR('',#9058,1.);
#9058 = DIRECTION('',(1.,0.));
#9059 = ( GEOMETRIC_REPRESENTATION_CONTEXT(2) 
PARAMETRIC_REPRESENTATION_CONTEXT() REPRESENTATION_CONTEXT('2D SPACE',''
  ) );
#9060 = PCURVE('',#9061,#9066);
#9061 = PLANE('',#9062);
#9062 = AXIS2_PLACEMENT_3D('',#9063,#9064,#9065);
#9063 = CARTESIAN_POINT('',(0.,28.6425,-0.5025));
#9064 = DIRECTION('',(-0.,-0.999847695156,-1.745240643728E-02));
#9065 = DIRECTION('',(0.,-1.745240643728E-02,0.999847695156));
#9066 = DEFINITIONAL_REPRESENTATION('',(#9067),#9071);
#9067 = LINE('',#9068,#9069);
#9068 = CARTESIAN_POINT('',(2.51288272421,9.5475));
#9069 = VECTOR('',#9070,1.);
#9070 = DIRECTION('',(0.,-1.));
#9071 = ( GEOMETRIC_REPRESENTATION_CONTEXT(2) 
PARAMETRIC_REPRESENTATION_CONTEXT() REPRESENTATION_CONTEXT('2D SPACE',''
  ) );
#9072 = ORIENTED_EDGE('',*,*,#9073,.F.);
#9073 = EDGE_CURVE('',#9074,#9046,#9076,.T.);
#9074 = VERTEX_POINT('',#9075);
#9075 = CARTESIAN_POINT('',(16.036144149368,27.135,2.01));
#9076 = SURFACE_CURVE('',#9077,(#9082,#9089),.PCURVE_S1.);
#9077 = CIRCLE('',#9078,1.463644149368);
#9078 = AXIS2_PLACEMENT_3D('',#9079,#9080,#9081);
#9079 = CARTESIAN_POINT('',(14.5725,27.135,2.01));
#9080 = DIRECTION('',(0.,0.,1.));
#9081 = DIRECTION('',(1.,0.,-0.));
#9082 = PCURVE('',#5005,#9083);
#9083 = DEFINITIONAL_REPRESENTATION('',(#9084),#9088);
#9084 = CIRCLE('',#9085,1.463644149368);
#9085 = AXIS2_PLACEMENT_2D('',#9086,#9087);
#9086 = CARTESIAN_POINT('',(33.6675,-22.11));
#9087 = DIRECTION('',(1.,0.));
#9088 = ( GEOMETRIC_REPRESENTATION_CONTEXT(2) 
PARAMETRIC_REPRESENTATION_CONTEXT() REPRESENTATION_CONTEXT('2D SPACE',''
  ) );
#9089 = PCURVE('',#9090,#9095);
#9090 = CONICAL_SURFACE('',#9091,1.5075,1.745329251994E-02);
#9091 = AXIS2_PLACEMENT_3D('',#9092,#9093,#9094);
#9092 = CARTESIAN_POINT('',(14.5725,27.135,-0.5025));
#9093 = DIRECTION('',(-0.,-0.,-1.));
#9094 = DIRECTION('',(1.,0.,0.));
#9095 = DEFINITIONAL_REPRESENTATION('',(#9096),#9099);
#9096 = B_SPLINE_CURVE_WITH_KNOTS('',1,(#9097,#9098),.UNSPECIFIED.,.F.,
  .F.,(2,2),(0.,1.570796326795),.PIECEWISE_BEZIER_KNOTS.);
#9097 = CARTESIAN_POINT('',(0.,-2.5125));
#9098 = CARTESIAN_POINT('',(-1.570796326795,-2.5125));
#9099 = ( GEOMETRIC_REPRESENTATION_CONTEXT(2) 
PARAMETRIC_REPRESENTATION_CONTEXT() REPRESENTATION_CONTEXT('2D SPACE',''
  ) );
#9100 = ORIENTED_EDGE('',*,*,#9101,.T.);
#9101 = EDGE_CURVE('',#9074,#9102,#9104,.T.);
#9102 = VERTEX_POINT('',#9103);
#9103 = CARTESIAN_POINT('',(16.036144149368,23.167623012778,2.01));
#9104 = SURFACE_CURVE('',#9105,(#9109,#9116),.PCURVE_S1.);
#9105 = LINE('',#9106,#9107);
#9106 = CARTESIAN_POINT('',(16.036144149368,29.145,2.01));
#9107 = VECTOR('',#9108,1.);
#9108 = DIRECTION('',(-0.,-1.,0.));
#9109 = PCURVE('',#5005,#9110);
#9110 = DEFINITIONAL_REPRESENTATION('',(#9111),#9115);
#9111 = LINE('',#9112,#9113);
#9112 = CARTESIAN_POINT('',(35.131144149368,-20.1));
#9113 = VECTOR('',#9114,1.);
#9114 = DIRECTION('',(0.,-1.));
#9115 = ( GEOMETRIC_REPRESENTATION_CONTEXT(2) 
PARAMETRIC_REPRESENTATION_CONTEXT() REPRESENTATION_CONTEXT('2D SPACE',''
  ) );
#9116 = PCURVE('',#9117,#9122);
#9117 = PLANE('',#9118);
#9118 = AXIS2_PLACEMENT_3D('',#9119,#9120,#9121);
#9119 = CARTESIAN_POINT('',(16.08,9.045,-0.5025));
#9120 = DIRECTION('',(-0.999847695156,0.,-1.745240643728E-02));
#9121 = DIRECTION('',(-1.745240643728E-02,0.,0.999847695156));
#9122 = DEFINITIONAL_REPRESENTATION('',(#9123),#9127);
#9123 = LINE('',#9124,#9125);
#9124 = CARTESIAN_POINT('',(2.51288272421,20.1));
#9125 = VECTOR('',#9126,1.);
#9126 = DIRECTION('',(0.,-1.));
#9127 = ( GEOMETRIC_REPRESENTATION_CONTEXT(2) 
PARAMETRIC_REPRESENTATION_CONTEXT() REPRESENTATION_CONTEXT('2D SPACE',''
  ) );
#9128 = ORIENTED_EDGE('',*,*,#9129,.T.);
#9129 = EDGE_CURVE('',#9102,#9130,#9132,.T.);
#9130 = VERTEX_POINT('',#9131);
#9131 = CARTESIAN_POINT('',(17.137623012778,23.167623012778,2.01));
#9132 = SURFACE_CURVE('',#9133,(#9136,#9142),.PCURVE_S1.);
#9133 = B_SPLINE_CURVE_WITH_KNOTS('',1,(#9134,#9135),.UNSPECIFIED.,.F.,
  .F.,(2,2),(0.,1.),.PIECEWISE_BEZIER_KNOTS.);
#9134 = CARTESIAN_POINT('',(16.027376987222,23.167623012778,2.01));
#9135 = CARTESIAN_POINT('',(17.137623012778,23.167623012778,2.01));
#9136 = PCURVE('',#5005,#9137);
#9137 = DEFINITIONAL_REPRESENTATION('',(#9138),#9141);
#9138 = B_SPLINE_CURVE_WITH_KNOTS('',1,(#9139,#9140),.UNSPECIFIED.,.F.,
  .F.,(2,2),(0.,1.),.PIECEWISE_BEZIER_KNOTS.);
#9139 = CARTESIAN_POINT('',(35.122376987222,-26.07737698722));
#9140 = CARTESIAN_POINT('',(36.232623012778,-26.07737698722));
#9141 = ( GEOMETRIC_REPRESENTATION_CONTEXT(2) 
PARAMETRIC_REPRESENTATION_CONTEXT() REPRESENTATION_CONTEXT('2D SPACE',''
  ) );
#9142 = PCURVE('',#9143,#9148);
#9143 = B_SPLINE_SURFACE_WITH_KNOTS('',1,1,(
    (#9144,#9145)
    ,(#9146,#9147
    )),.UNSPECIFIED.,.F.,.F.,.F.,(2,2),(2,2),(-0.554106580303,
    0.554106580303),(0.,1.),.PIECEWISE_BEZIER_KNOTS.);
#9144 = CARTESIAN_POINT('',(17.139377113204,23.169377113204,1.809));
#9145 = CARTESIAN_POINT('',(17.085,23.115,8.04));
#9146 = CARTESIAN_POINT('',(16.025622886796,23.169377113204,1.809));
#9147 = CARTESIAN_POINT('',(16.08,23.115,8.04));
#9148 = DEFINITIONAL_REPRESENTATION('',(#9149),#9152);
#9149 = B_SPLINE_CURVE_WITH_KNOTS('',1,(#9150,#9151),.UNSPECIFIED.,.F.,
  .F.,(2,2),(7.896594038003E-03,1.),.PIECEWISE_BEZIER_KNOTS.);
#9150 = CARTESIAN_POINT('',(0.545355470866,3.225806451613E-02));
#9151 = CARTESIAN_POINT('',(-0.554106580303,3.225806451613E-02));
#9152 = ( GEOMETRIC_REPRESENTATION_CONTEXT(2) 
PARAMETRIC_REPRESENTATION_CONTEXT() REPRESENTATION_CONTEXT('2D SPACE',''
  ) );
#9153 = ORIENTED_EDGE('',*,*,#9154,.T.);
#9154 = EDGE_CURVE('',#9130,#9155,#9157,.T.);
#9155 = VERTEX_POINT('',#9156);
#9156 = CARTESIAN_POINT('',(17.137623012778,-5.077623012778,2.01));
#9157 = SURFACE_CURVE('',#9158,(#9161,#9167),.PCURVE_S1.);
#9158 = B_SPLINE_CURVE_WITH_KNOTS('',1,(#9159,#9160),.UNSPECIFIED.,.F.,
  .F.,(2,2),(0.,1.),.PIECEWISE_BEZIER_KNOTS.);
#9159 = CARTESIAN_POINT('',(17.137623012778,23.167623012778,2.01));
#9160 = CARTESIAN_POINT('',(17.137623012778,-5.077623012778,2.01));
#9161 = PCURVE('',#5005,#9162);
#9162 = DEFINITIONAL_REPRESENTATION('',(#9163),#9166);
#9163 = B_SPLINE_CURVE_WITH_KNOTS('',1,(#9164,#9165),.UNSPECIFIED.,.F.,
  .F.,(2,2),(0.,1.),.PIECEWISE_BEZIER_KNOTS.);
#9164 = CARTESIAN_POINT('',(36.232623012778,-26.07737698722));
#9165 = CARTESIAN_POINT('',(36.232623012778,-54.32262301277));
#9166 = ( GEOMETRIC_REPRESENTATION_CONTEXT(2) 
PARAMETRIC_REPRESENTATION_CONTEXT() REPRESENTATION_CONTEXT('2D SPACE',''
  ) );
#9167 = PCURVE('',#9168,#9173);
#9168 = B_SPLINE_SURFACE_WITH_KNOTS('',1,1,(
    (#9169,#9170)
    ,(#9171,#9172
    )),.UNSPECIFIED.,.F.,.F.,.F.,(2,2),(2,2),(-14.0541065803,
    14.054106580303),(0.,1.),.PIECEWISE_BEZIER_KNOTS.);
#9169 = CARTESIAN_POINT('',(17.139377113204,-5.079377113204,1.809));
#9170 = CARTESIAN_POINT('',(17.085,-5.025,8.04));
#9171 = CARTESIAN_POINT('',(17.139377113204,23.169377113204,1.809));
#9172 = CARTESIAN_POINT('',(17.085,23.115,8.04));
#9173 = DEFINITIONAL_REPRESENTATION('',(#9174),#9177);
#9174 = B_SPLINE_CURVE_WITH_KNOTS('',1,(#9175,#9176),.UNSPECIFIED.,.F.,
  .F.,(2,2),(0.,1.),.PIECEWISE_BEZIER_KNOTS.);
#9175 = CARTESIAN_POINT('',(14.054106580303,3.225806451613E-02));
#9176 = CARTESIAN_POINT('',(-14.0541065803,3.225806451613E-02));
#9177 = ( GEOMETRIC_REPRESENTATION_CONTEXT(2) 
PARAMETRIC_REPRESENTATION_CONTEXT() REPRESENTATION_CONTEXT('2D SPACE',''
  ) );
#9178 = ORIENTED_EDGE('',*,*,#9179,.T.);
#9179 = EDGE_CURVE('',#9155,#9180,#9182,.T.);
#9180 = VERTEX_POINT('',#9181);
#9181 = CARTESIAN_POINT('',(16.036144149368,-5.077623012778,2.01));
#9182 = SURFACE_CURVE('',#9183,(#9186,#9192),.PCURVE_S1.);
#9183 = B_SPLINE_CURVE_WITH_KNOTS('',1,(#9184,#9185),.UNSPECIFIED.,.F.,
  .F.,(2,2),(0.,1.),.PIECEWISE_BEZIER_KNOTS.);
#9184 = CARTESIAN_POINT('',(17.137623012778,-5.077623012778,2.01));
#9185 = CARTESIAN_POINT('',(16.027376987222,-5.077623012778,2.01));
#9186 = PCURVE('',#5005,#9187);
#9187 = DEFINITIONAL_REPRESENTATION('',(#9188),#9191);
#9188 = B_SPLINE_CURVE_WITH_KNOTS('',1,(#9189,#9190),.UNSPECIFIED.,.F.,
  .F.,(2,2),(0.,1.),.PIECEWISE_BEZIER_KNOTS.);
#9189 = CARTESIAN_POINT('',(36.232623012778,-54.32262301277));
#9190 = CARTESIAN_POINT('',(35.122376987222,-54.32262301277));
#9191 = ( GEOMETRIC_REPRESENTATION_CONTEXT(2) 
PARAMETRIC_REPRESENTATION_CONTEXT() REPRESENTATION_CONTEXT('2D SPACE',''
  ) );
#9192 = PCURVE('',#9193,#9198);
#9193 = B_SPLINE_SURFACE_WITH_KNOTS('',1,1,(
    (#9194,#9195)
    ,(#9196,#9197
    )),.UNSPECIFIED.,.F.,.F.,.F.,(2,2),(2,2),(-0.554106580303,
    0.554106580303),(0.,1.),.PIECEWISE_BEZIER_KNOTS.);
#9194 = CARTESIAN_POINT('',(16.025622886796,-5.079377113204,1.809));
#9195 = CARTESIAN_POINT('',(16.08,-5.025,8.04));
#9196 = CARTESIAN_POINT('',(17.139377113204,-5.079377113204,1.809));
#9197 = CARTESIAN_POINT('',(17.085,-5.025,8.04));
#9198 = DEFINITIONAL_REPRESENTATION('',(#9199),#9202);
#9199 = B_SPLINE_CURVE_WITH_KNOTS('',1,(#9200,#9201),.UNSPECIFIED.,.F.,
  .F.,(2,2),(0.,0.992103405962),.PIECEWISE_BEZIER_KNOTS.);
#9200 = CARTESIAN_POINT('',(0.554106580303,3.225806451613E-02));
#9201 = CARTESIAN_POINT('',(-0.545355470866,3.225806451613E-02));
#9202 = ( GEOMETRIC_REPRESENTATION_CONTEXT(2) 
PARAMETRIC_REPRESENTATION_CONTEXT() REPRESENTATION_CONTEXT('2D SPACE',''
  ) );
#9203 = ORIENTED_EDGE('',*,*,#9204,.T.);
#9204 = EDGE_CURVE('',#9180,#9205,#9207,.T.);
#9205 = VERTEX_POINT('',#9206);
#9206 = CARTESIAN_POINT('',(16.036144149368,-9.045,2.01));
#9207 = SURFACE_CURVE('',#9208,(#9212,#9219),.PCURVE_S1.);
#9208 = LINE('',#9209,#9210);
#9209 = CARTESIAN_POINT('',(16.036144149368,29.145,2.01));
#9210 = VECTOR('',#9211,1.);
#9211 = DIRECTION('',(-0.,-1.,0.));
#9212 = PCURVE('',#5005,#9213);
#9213 = DEFINITIONAL_REPRESENTATION('',(#9214),#9218);
#9214 = LINE('',#9215,#9216);
#9215 = CARTESIAN_POINT('',(35.131144149368,-20.1));
#9216 = VECTOR('',#9217,1.);
#9217 = DIRECTION('',(0.,-1.));
#9218 = ( GEOMETRIC_REPRESENTATION_CONTEXT(2) 
PARAMETRIC_REPRESENTATION_CONTEXT() REPRESENTATION_CONTEXT('2D SPACE',''
  ) );
#9219 = PCURVE('',#9220,#9225);
#9220 = PLANE('',#9221);
#9221 = AXIS2_PLACEMENT_3D('',#9222,#9223,#9224);
#9222 = CARTESIAN_POINT('',(16.08,9.045,-0.5025));
#9223 = DIRECTION('',(-0.999847695156,0.,-1.745240643728E-02));
#9224 = DIRECTION('',(-1.745240643728E-02,0.,0.999847695156));
#9225 = DEFINITIONAL_REPRESENTATION('',(#9226),#9230);
#9226 = LINE('',#9227,#9228);
#9227 = CARTESIAN_POINT('',(2.51288272421,20.1));
#9228 = VECTOR('',#9229,1.);
#9229 = DIRECTION('',(0.,-1.));
#9230 = ( GEOMETRIC_REPRESENTATION_CONTEXT(2) 
PARAMETRIC_REPRESENTATION_CONTEXT() REPRESENTATION_CONTEXT('2D SPACE',''
  ) );
#9231 = ORIENTED_EDGE('',*,*,#9232,.F.);
#9232 = EDGE_CURVE('',#9233,#9205,#9235,.T.);
#9233 = VERTEX_POINT('',#9234);
#9234 = CARTESIAN_POINT('',(14.5725,-10.50864414936,2.01));
#9235 = SURFACE_CURVE('',#9236,(#9241,#9248),.PCURVE_S1.);
#9236 = CIRCLE('',#9237,1.463644149368);
#9237 = AXIS2_PLACEMENT_3D('',#9238,#9239,#9240);
#9238 = CARTESIAN_POINT('',(14.5725,-9.045,2.01));
#9239 = DIRECTION('',(0.,0.,1.));
#9240 = DIRECTION('',(1.,0.,-0.));
#9241 = PCURVE('',#5005,#9242);
#9242 = DEFINITIONAL_REPRESENTATION('',(#9243),#9247);
#9243 = CIRCLE('',#9244,1.463644149368);
#9244 = AXIS2_PLACEMENT_2D('',#9245,#9246);
#9245 = CARTESIAN_POINT('',(33.6675,-58.29));
#9246 = DIRECTION('',(1.,0.));
#9247 = ( GEOMETRIC_REPRESENTATION_CONTEXT(2) 
PARAMETRIC_REPRESENTATION_CONTEXT() REPRESENTATION_CONTEXT('2D SPACE',''
  ) );
#9248 = PCURVE('',#9249,#9254);
#9249 = CONICAL_SURFACE('',#9250,1.5075,1.745329251994E-02);
#9250 = AXIS2_PLACEMENT_3D('',#9251,#9252,#9253);
#9251 = CARTESIAN_POINT('',(14.5725,-9.045,-0.5025));
#9252 = DIRECTION('',(-0.,-0.,-1.));
#9253 = DIRECTION('',(1.,0.,0.));
#9254 = DEFINITIONAL_REPRESENTATION('',(#9255),#9258);
#9255 = B_SPLINE_CURVE_WITH_KNOTS('',1,(#9256,#9257),.UNSPECIFIED.,.F.,
  .F.,(2,2),(4.712388980385,6.28318530718),.PIECEWISE_BEZIER_KNOTS.);
#9256 = CARTESIAN_POINT('',(-4.712388980385,-2.5125));
#9257 = CARTESIAN_POINT('',(-6.28318530718,-2.5125));
#9258 = ( GEOMETRIC_REPRESENTATION_CONTEXT(2) 
PARAMETRIC_REPRESENTATION_CONTEXT() REPRESENTATION_CONTEXT('2D SPACE',''
  ) );
#9259 = ORIENTED_EDGE('',*,*,#9260,.T.);
#9260 = EDGE_CURVE('',#9233,#9261,#9263,.T.);
#9261 = VERTEX_POINT('',#9262);
#9262 = CARTESIAN_POINT('',(-14.5725,-10.50864414936,2.01));
#9263 = SURFACE_CURVE('',#9264,(#9268,#9275),.PCURVE_S1.);
#9264 = LINE('',#9265,#9266);
#9265 = CARTESIAN_POINT('',(-9.5475,-10.50864414936,2.01));
#9266 = VECTOR('',#9267,1.);
#9267 = DIRECTION('',(-1.,0.,0.));
#9268 = PCURVE('',#5005,#9269);
#9269 = DEFINITIONAL_REPRESENTATION('',(#9270),#9274);
#9270 = LINE('',#9271,#9272);
#9271 = CARTESIAN_POINT('',(9.5475,-59.75364414936));
#9272 = VECTOR('',#9273,1.);
#9273 = DIRECTION('',(-1.,0.));
#9274 = ( GEOMETRIC_REPRESENTATION_CONTEXT(2) 
PARAMETRIC_REPRESENTATION_CONTEXT() REPRESENTATION_CONTEXT('2D SPACE',''
  ) );
#9275 = PCURVE('',#9276,#9281);
#9276 = PLANE('',#9277);
#9277 = AXIS2_PLACEMENT_3D('',#9278,#9279,#9280);
#9278 = CARTESIAN_POINT('',(0.,-10.5525,-0.5025));
#9279 = DIRECTION('',(0.,0.999847695156,-1.745240643728E-02));
#9280 = DIRECTION('',(0.,1.745240643728E-02,0.999847695156));
#9281 = DEFINITIONAL_REPRESENTATION('',(#9282),#9286);
#9282 = LINE('',#9283,#9284);
#9283 = CARTESIAN_POINT('',(2.51288272421,-9.5475));
#9284 = VECTOR('',#9285,1.);
#9285 = DIRECTION('',(0.,-1.));
#9286 = ( GEOMETRIC_REPRESENTATION_CONTEXT(2) 
PARAMETRIC_REPRESENTATION_CONTEXT() REPRESENTATION_CONTEXT('2D SPACE',''
  ) );
#9287 = ORIENTED_EDGE('',*,*,#9288,.F.);
#9288 = EDGE_CURVE('',#8885,#9261,#9289,.T.);
#9289 = SURFACE_CURVE('',#9290,(#9295,#9302),.PCURVE_S1.);
#9290 = CIRCLE('',#9291,1.463644149368);
#9291 = AXIS2_PLACEMENT_3D('',#9292,#9293,#9294);
#9292 = CARTESIAN_POINT('',(-14.5725,-9.045,2.01));
#9293 = DIRECTION('',(0.,0.,1.));
#9294 = DIRECTION('',(1.,0.,-0.));
#9295 = PCURVE('',#5005,#9296);
#9296 = DEFINITIONAL_REPRESENTATION('',(#9297),#9301);
#9297 = CIRCLE('',#9298,1.463644149368);
#9298 = AXIS2_PLACEMENT_2D('',#9299,#9300);
#9299 = CARTESIAN_POINT('',(4.5225,-58.29));
#9300 = DIRECTION('',(1.,0.));
#9301 = ( GEOMETRIC_REPRESENTATION_CONTEXT(2) 
PARAMETRIC_REPRESENTATION_CONTEXT() REPRESENTATION_CONTEXT('2D SPACE',''
  ) );
#9302 = PCURVE('',#9303,#9308);
#9303 = CONICAL_SURFACE('',#9304,1.5075,1.745329251994E-02);
#9304 = AXIS2_PLACEMENT_3D('',#9305,#9306,#9307);
#9305 = CARTESIAN_POINT('',(-14.5725,-9.045,-0.5025));
#9306 = DIRECTION('',(-0.,-0.,-1.));
#9307 = DIRECTION('',(1.,0.,0.));
#9308 = DEFINITIONAL_REPRESENTATION('',(#9309),#9312);
#9309 = B_SPLINE_CURVE_WITH_KNOTS('',1,(#9310,#9311),.UNSPECIFIED.,.F.,
  .F.,(2,2),(3.14159265359,4.712388980385),.PIECEWISE_BEZIER_KNOTS.);
#9310 = CARTESIAN_POINT('',(-3.14159265359,-2.5125));
#9311 = CARTESIAN_POINT('',(-4.712388980385,-2.5125));
#9312 = ( GEOMETRIC_REPRESENTATION_CONTEXT(2) 
PARAMETRIC_REPRESENTATION_CONTEXT() REPRESENTATION_CONTEXT('2D SPACE',''
  ) );
#9313 = FACE_BOUND('',#9314,.F.);
#9314 = EDGE_LOOP('',(#9315));
#9315 = ORIENTED_EDGE('',*,*,#9316,.F.);
#9316 = EDGE_CURVE('',#9317,#9317,#9319,.T.);
#9317 = VERTEX_POINT('',#9318);
#9318 = CARTESIAN_POINT('',(24.661234519167,54.46095,2.01));
#9319 = SURFACE_CURVE('',#9320,(#9325,#9332),.PCURVE_S1.);
#9320 = CIRCLE('',#9321,2.892934519167);
#9321 = AXIS2_PLACEMENT_3D('',#9322,#9323,#9324);
#9322 = CARTESIAN_POINT('',(21.7683,54.46095,2.01));
#9323 = DIRECTION('',(0.,0.,1.));
#9324 = DIRECTION('',(1.,0.,-0.));
#9325 = PCURVE('',#5005,#9326);
#9326 = DEFINITIONAL_REPRESENTATION('',(#9327),#9331);
#9327 = CIRCLE('',#9328,2.892934519167);
#9328 = AXIS2_PLACEMENT_2D('',#9329,#9330);
#9329 = CARTESIAN_POINT('',(40.8633,5.21595));
#9330 = DIRECTION('',(1.,0.));
#9331 = ( GEOMETRIC_REPRESENTATION_CONTEXT(2) 
PARAMETRIC_REPRESENTATION_CONTEXT() REPRESENTATION_CONTEXT('2D SPACE',''
  ) );
#9332 = PCURVE('',#9333,#9338);
#9333 = CONICAL_SURFACE('',#9334,2.897319770232,8.726646259972E-03);
#9334 = AXIS2_PLACEMENT_3D('',#9335,#9336,#9337);
#9335 = CARTESIAN_POINT('',(21.7683,54.46095,1.5075));
#9336 = DIRECTION('',(0.,0.,-1.));
#9337 = DIRECTION('',(1.,0.,0.));
#9338 = DEFINITIONAL_REPRESENTATION('',(#9339),#9342);
#9339 = B_SPLINE_CURVE_WITH_KNOTS('',1,(#9340,#9341),.UNSPECIFIED.,.F.,
  .F.,(2,2),(0.,6.28318530718),.PIECEWISE_BEZIER_KNOTS.);
#9340 = CARTESIAN_POINT('',(0.,-0.5025));
#9341 = CARTESIAN_POINT('',(-6.28318530718,-0.5025));
#9342 = ( GEOMETRIC_REPRESENTATION_CONTEXT(2) 
PARAMETRIC_REPRESENTATION_CONTEXT() REPRESENTATION_CONTEXT('2D SPACE',''
  ) );
#9343 = ADVANCED_FACE('',(#9344),#5108,.F.);
#9344 = FACE_BOUND('',#9345,.F.);
#9345 = EDGE_LOOP('',(#9346,#9347,#9348,#9349));
#9346 = ORIENTED_EDGE('',*,*,#5094,.F.);
#9347 = ORIENTED_EDGE('',*,*,#8431,.F.);
#9348 = ORIENTED_EDGE('',*,*,#5191,.T.);
#9349 = ORIENTED_EDGE('',*,*,#5145,.F.);
#9350 = ADVANCED_FACE('',(#9351),#5405,.F.);
#9351 = FACE_BOUND('',#9352,.F.);
#9352 = EDGE_LOOP('',(#9353,#9354,#9355,#9356));
#9353 = ORIENTED_EDGE('',*,*,#5391,.F.);
#9354 = ORIENTED_EDGE('',*,*,#8410,.F.);
#9355 = ORIENTED_EDGE('',*,*,#5488,.T.);
#9356 = ORIENTED_EDGE('',*,*,#5442,.F.);
#9357 = ADVANCED_FACE('',(#9358),#5625,.T.);
#9358 = FACE_BOUND('',#9359,.T.);
#9359 = EDGE_LOOP('',(#9360,#9361,#9362,#9382));
#9360 = ORIENTED_EDGE('',*,*,#5611,.F.);
#9361 = ORIENTED_EDGE('',*,*,#5661,.T.);
#9362 = ORIENTED_EDGE('',*,*,#9363,.T.);
#9363 = EDGE_CURVE('',#5642,#8362,#9364,.T.);
#9364 = SURFACE_CURVE('',#9365,(#9370,#9376),.PCURVE_S1.);
#9365 = CIRCLE('',#9366,1.005);
#9366 = AXIS2_PLACEMENT_3D('',#9367,#9368,#9369);
#9367 = CARTESIAN_POINT('',(27.943372699484,49.245,3.015));
#9368 = DIRECTION('',(-6.123233995737E-17,1.,0.));
#9369 = DIRECTION('',(1.,6.123233995737E-17,0.));
#9370 = PCURVE('',#5625,#9371);
#9371 = DEFINITIONAL_REPRESENTATION('',(#9372),#9375);
#9372 = B_SPLINE_CURVE_WITH_KNOTS('',1,(#9373,#9374),.UNSPECIFIED.,.F.,
  .F.,(2,2),(1.745329251994E-02,1.570796326795),
  .PIECEWISE_BEZIER_KNOTS.);
#9373 = CARTESIAN_POINT('',(1.570796326795,1.745329251994E-02));
#9374 = CARTESIAN_POINT('',(1.570796326795,1.570796326795));
#9375 = ( GEOMETRIC_REPRESENTATION_CONTEXT(2) 
PARAMETRIC_REPRESENTATION_CONTEXT() REPRESENTATION_CONTEXT('2D SPACE',''
  ) );
#9376 = PCURVE('',#5873,#9377);
#9377 = DEFINITIONAL_REPRESENTATION('',(#9378),#9381);
#9378 = B_SPLINE_CURVE_WITH_KNOTS('',1,(#9379,#9380),.UNSPECIFIED.,.F.,
  .F.,(2,2),(1.745329251994E-02,1.570796326795),
  .PIECEWISE_BEZIER_KNOTS.);
#9379 = CARTESIAN_POINT('',(0.,0.));
#9380 = CARTESIAN_POINT('',(-1.553343034275,0.));
#9381 = ( GEOMETRIC_REPRESENTATION_CONTEXT(2) 
PARAMETRIC_REPRESENTATION_CONTEXT() REPRESENTATION_CONTEXT('2D SPACE',''
  ) );
#9382 = ORIENTED_EDGE('',*,*,#8383,.F.);
#9383 = ADVANCED_FACE('',(#9384),#5700,.T.);
#9384 = FACE_BOUND('',#9385,.T.);
#9385 = EDGE_LOOP('',(#9386,#9406,#9407,#9408));
#9386 = ORIENTED_EDGE('',*,*,#9387,.F.);
#9387 = EDGE_CURVE('',#5758,#7981,#9388,.T.);
#9388 = SURFACE_CURVE('',#9389,(#9394,#9400),.PCURVE_S1.);
#9389 = CIRCLE('',#9390,1.005);
#9390 = AXIS2_PLACEMENT_3D('',#9391,#9392,#9393);
#9391 = CARTESIAN_POINT('',(27.943372699484,-49.245,3.015));
#9392 = DIRECTION('',(0.,1.,0.));
#9393 = DIRECTION('',(0.999847695156,0.,-1.745240643728E-02));
#9394 = PCURVE('',#5700,#9395);
#9395 = DEFINITIONAL_REPRESENTATION('',(#9396),#9399);
#9396 = B_SPLINE_CURVE_WITH_KNOTS('',1,(#9397,#9398),.UNSPECIFIED.,.F.,
  .F.,(2,2),(0.,1.553343034275),.PIECEWISE_BEZIER_KNOTS.);
#9397 = CARTESIAN_POINT('',(0.,1.745329251994E-02));
#9398 = CARTESIAN_POINT('',(0.,1.570796326795));
#9399 = ( GEOMETRIC_REPRESENTATION_CONTEXT(2) 
PARAMETRIC_REPRESENTATION_CONTEXT() REPRESENTATION_CONTEXT('2D SPACE',''
  ) );
#9400 = PCURVE('',#5903,#9401);
#9401 = DEFINITIONAL_REPRESENTATION('',(#9402),#9405);
#9402 = B_SPLINE_CURVE_WITH_KNOTS('',1,(#9403,#9404),.UNSPECIFIED.,.F.,
  .F.,(2,2),(0.,1.553343034275),.PIECEWISE_BEZIER_KNOTS.);
#9403 = CARTESIAN_POINT('',(0.,98.49));
#9404 = CARTESIAN_POINT('',(-1.553343034275,98.49));
#9405 = ( GEOMETRIC_REPRESENTATION_CONTEXT(2) 
PARAMETRIC_REPRESENTATION_CONTEXT() REPRESENTATION_CONTEXT('2D SPACE',''
  ) );
#9406 = ORIENTED_EDGE('',*,*,#5779,.T.);
#9407 = ORIENTED_EDGE('',*,*,#5684,.T.);
#9408 = ORIENTED_EDGE('',*,*,#7980,.F.);
#9409 = ADVANCED_FACE('',(#9410),#5873,.T.);
#9410 = FACE_BOUND('',#9411,.F.);
#9411 = EDGE_LOOP('',(#9412,#9413,#9414,#9415));
#9412 = ORIENTED_EDGE('',*,*,#5857,.F.);
#9413 = ORIENTED_EDGE('',*,*,#9363,.T.);
#9414 = ORIENTED_EDGE('',*,*,#8361,.T.);
#9415 = ORIENTED_EDGE('',*,*,#9416,.T.);
#9416 = EDGE_CURVE('',#8342,#5858,#9417,.T.);
#9417 = SURFACE_CURVE('',#9418,(#9439,#9490),.PCURVE_S1.);
#9418 = B_SPLINE_CURVE_WITH_KNOTS('',7,(#9419,#9420,#9421,#9422,#9423,
    #9424,#9425,#9426,#9427,#9428,#9429,#9430,#9431,#9432,#9433,#9434,
    #9435,#9436,#9437,#9438),.UNSPECIFIED.,.F.,.F.,(8,6,6,8),(0.,
    0.713416911673,1.,1.611838365518),.UNSPECIFIED.);
#9419 = CARTESIAN_POINT('',(27.943372699484,42.031854623853,2.01));
#9420 = CARTESIAN_POINT('',(28.033470075438,42.031854623853,2.01));
#9421 = CARTESIAN_POINT('',(28.12351262113,42.031772388611,
    2.019423225364));
#9422 = CARTESIAN_POINT('',(28.212789305441,42.031608090108,
    2.038249969007));
#9423 = CARTESIAN_POINT('',(28.300489823567,42.031360977527,
    2.066566266148));
#9424 = CARTESIAN_POINT('',(28.385691069849,42.031030158881,
    2.104474328166));
#9425 = CARTESIAN_POINT('',(28.467331579576,42.030614961839,
    2.152051196751));
#9426 = CARTESIAN_POINT('',(28.57504189446,42.02991398587,2.232375086856
    ));
#9427 = CARTESIAN_POINT('',(28.605126028983,42.02969946078,
    2.256957227354));
#9428 = CARTESIAN_POINT('',(28.634341963297,42.029471312987,
    2.283100374915));
#9429 = CARTESIAN_POINT('',(28.66259625243,42.029229605582,
    2.310797300179));
#9430 = CARTESIAN_POINT('',(28.689787681037,42.028974471607,
    2.340032757994));
#9431 = CARTESIAN_POINT('',(28.715808557957,42.02870613545,
    2.370781036042));
#9432 = CARTESIAN_POINT('',(28.79335904585,42.027824585864,
    2.471796613052));
#9433 = CARTESIAN_POINT('',(28.840405924841,42.02716465003,2.54741776946
    ));
#9434 = CARTESIAN_POINT('',(28.88044903847,42.026449305286,
    2.629388158058));
#9435 = CARTESIAN_POINT('',(28.912213107414,42.025685782331,
    2.716879222892));
#9436 = CARTESIAN_POINT('',(28.934542576385,42.024884999529,
    2.808639843149));
#9437 = CARTESIAN_POINT('',(28.946569371236,42.024062256191,
    2.902916891732));
#9438 = CARTESIAN_POINT('',(28.948219633116,42.023237188091,
    2.997460331531));
#9439 = PCURVE('',#5873,#9440);
#9440 = DEFINITIONAL_REPRESENTATION('',(#9441),#9489);
#9441 = B_SPLINE_CURVE_WITH_KNOTS('',3,(#9442,#9443,#9444,#9445,#9446,
    #9447,#9448,#9449,#9450,#9451,#9452,#9453,#9454,#9455,#9456,#9457,
    #9458,#9459,#9460,#9461,#9462,#9463,#9464,#9465,#9466,#9467,#9468,
    #9469,#9470,#9471,#9472,#9473,#9474,#9475,#9476,#9477,#9478,#9479,
    #9480,#9481,#9482,#9483,#9484,#9485,#9486,#9487,#9488),
  .UNSPECIFIED.,.F.,.F.,(4,1,1,1,1,1,1,1,1,1,1,1,1,1,1,1,1,1,1,1,1,1,1,1
    ,1,1,1,1,1,1,1,1,1,1,1,1,1,1,1,1,1,1,1,1,4),(0.,3.663269012542E-02,
    7.326538025084E-02,0.109898070376,0.146530760502,0.183163450627,
    0.219796140753,0.256428830878,0.293061521003,0.329694211129,
    0.366326901254,0.40295959138,0.439592281505,0.47622497163,
    0.512857661756,0.549490351881,0.586123042007,0.622755732132,
    0.659388422258,0.696021112383,0.732653802508,0.769286492634,
    0.805919182759,0.842551872885,0.87918456301,0.915817253135,
    0.952449943261,0.989082633386,1.025715323512,1.062348013637,
    1.098980703763,1.135613393888,1.172246084013,1.208878774139,
    1.245511464264,1.28214415439,1.318776844515,1.35540953464,
    1.392042224766,1.428674914891,1.465307605017,1.501940295142,
    1.538572985268,1.575205675393,1.611838365518),
  .QUASI_UNIFORM_KNOTS.);
#9442 = CARTESIAN_POINT('',(-1.553343034275,7.213145376147));
#9443 = CARTESIAN_POINT('',(-1.542601988875,7.213145376529));
#9444 = CARTESIAN_POINT('',(-1.521121747674,7.213148411371));
#9445 = CARTESIAN_POINT('',(-1.488894450775,7.213162068629));
#9446 = CARTESIAN_POINT('',(-1.456647551747,7.21318483199));
#9447 = CARTESIAN_POINT('',(-1.424369024553,7.213216708325));
#9448 = CARTESIAN_POINT('',(-1.392047172437,7.213257707504));
#9449 = CARTESIAN_POINT('',(-1.359670628066,7.213307842405));
#9450 = CARTESIAN_POINT('',(-1.327228276708,7.213367128234));
#9451 = CARTESIAN_POINT('',(-1.2947092056,7.213435582075));
#9452 = CARTESIAN_POINT('',(-1.262102650737,7.213513222428));
#9453 = CARTESIAN_POINT('',(-1.229397947565,7.213600068803));
#9454 = CARTESIAN_POINT('',(-1.196584482584,7.213696141343));
#9455 = CARTESIAN_POINT('',(-1.163651645257,7.213801460495));
#9456 = CARTESIAN_POINT('',(-1.13058877927,7.213916046709));
#9457 = CARTESIAN_POINT('',(-1.097385131061,7.21403992019));
#9458 = CARTESIAN_POINT('',(-1.064029798387,7.214173100665));
#9459 = CARTESIAN_POINT('',(-1.030511663378,7.214315607255));
#9460 = CARTESIAN_POINT('',(-0.996819363185,7.214467458147));
#9461 = CARTESIAN_POINT('',(-0.962941095201,7.214628671211));
#9462 = CARTESIAN_POINT('',(-0.928865010047,7.214799261234));
#9463 = CARTESIAN_POINT('',(-0.89457737737,7.214979250016));
#9464 = CARTESIAN_POINT('',(-0.860076176028,7.215168590544));
#9465 = CARTESIAN_POINT('',(-0.825351122293,7.215367268167));
#9466 = CARTESIAN_POINT('',(-0.7903938077,7.215575249727));
#9467 = CARTESIAN_POINT('',(-0.755196309339,7.215792487936));
#9468 = CARTESIAN_POINT('',(-0.719751626278,7.216018917317));
#9469 = CARTESIAN_POINT('',(-0.684053255168,7.216254455019));
#9470 = CARTESIAN_POINT('',(-0.648096485401,7.216498990592));
#9471 = CARTESIAN_POINT('',(-0.611873770608,7.216752415026));
#9472 = CARTESIAN_POINT('',(-0.575364362251,7.217014700503));
#9473 = CARTESIAN_POINT('',(-0.538578004605,7.217285583937));
#9474 = CARTESIAN_POINT('',(-0.501519064789,7.217564810682));
#9475 = CARTESIAN_POINT('',(-0.464194676488,7.21785207815));
#9476 = CARTESIAN_POINT('',(-0.426612641187,7.21814704937));
#9477 = CARTESIAN_POINT('',(-0.3887821034,7.218449347834));
#9478 = CARTESIAN_POINT('',(-0.35071351186,7.218758557411));
#9479 = CARTESIAN_POINT('',(-0.312418802193,7.219074220958));
#9480 = CARTESIAN_POINT('',(-0.273911552053,7.219395839357));
#9481 = CARTESIAN_POINT('',(-0.235207179766,7.219722870516));
#9482 = CARTESIAN_POINT('',(-0.19632316772,7.220054728517));
#9483 = CARTESIAN_POINT('',(-0.157279336928,7.220390782712));
#9484 = CARTESIAN_POINT('',(-0.118098114165,7.220730357455));
#9485 = CARTESIAN_POINT('',(-7.880503384119E-02,7.221072729946));
#9486 = CARTESIAN_POINT('',(-3.942860397983E-02,7.221417135711));
#9487 = CARTESIAN_POINT('',(-1.314474855732E-02,7.221647542684));
#9488 = CARTESIAN_POINT('',(0.,7.221762811909));
#9489 = ( GEOMETRIC_REPRESENTATION_CONTEXT(2) 
PARAMETRIC_REPRESENTATION_CONTEXT() REPRESENTATION_CONTEXT('2D SPACE',''
  ) );
#9490 = PCURVE('',#6363,#9491);
#9491 = DEFINITIONAL_REPRESENTATION('',(#9492),#9540);
#9492 = B_SPLINE_CURVE_WITH_KNOTS('',3,(#9493,#9494,#9495,#9496,#9497,
    #9498,#9499,#9500,#9501,#9502,#9503,#9504,#9505,#9506,#9507,#9508,
    #9509,#9510,#9511,#9512,#9513,#9514,#9515,#9516,#9517,#9518,#9519,
    #9520,#9521,#9522,#9523,#9524,#9525,#9526,#9527,#9528,#9529,#9530,
    #9531,#9532,#9533,#9534,#9535,#9536,#9537,#9538,#9539),
  .UNSPECIFIED.,.F.,.F.,(4,1,1,1,1,1,1,1,1,1,1,1,1,1,1,1,1,1,1,1,1,1,1,1
    ,1,1,1,1,1,1,1,1,1,1,1,1,1,1,1,1,1,1,1,1,4),(0.,3.663269012542E-02,
    7.326538025084E-02,0.109898070376,0.146530760502,0.183163450627,
    0.219796140753,0.256428830878,0.293061521003,0.329694211129,
    0.366326901254,0.40295959138,0.439592281505,0.47622497163,
    0.512857661756,0.549490351881,0.586123042007,0.622755732132,
    0.659388422258,0.696021112383,0.732653802508,0.769286492634,
    0.805919182759,0.842551872885,0.87918456301,0.915817253135,
    0.952449943261,0.989082633386,1.025715323512,1.062348013637,
    1.098980703763,1.135613393888,1.172246084013,1.208878774139,
    1.245511464264,1.28214415439,1.318776844515,1.35540953464,
    1.392042224766,1.428674914891,1.465307605017,1.501940295142,
    1.538572985268,1.575205675393,1.611838365518),
  .QUASI_UNIFORM_KNOTS.);
#9493 = CARTESIAN_POINT('',(-0.644853519965,1.754385964912E-02));
#9494 = CARTESIAN_POINT('',(-0.655602936427,1.754386346425E-02));
#9495 = CARTESIAN_POINT('',(-0.677100811396,1.757421682935E-02));
#9496 = CARTESIAN_POINT('',(-0.709324069842,1.771081163936E-02));
#9497 = CARTESIAN_POINT('',(-0.741503329871,1.793848230363E-02));
#9498 = CARTESIAN_POINT('',(-0.77361732203,1.825729754452E-02));
#9499 = CARTESIAN_POINT('',(-0.805644216463,1.866735607248E-02));
#9500 = CARTESIAN_POINT('',(-0.837561530903,1.916878669737E-02));
#9501 = CARTESIAN_POINT('',(-0.869346132725,1.976174149634E-02));
#9502 = CARTESIAN_POINT('',(-0.900974214298,2.044639133509E-02));
#9503 = CARTESIAN_POINT('',(-0.932421273986,2.122292125154E-02));
#9504 = CARTESIAN_POINT('',(-0.963662094149,2.209152636957E-02));
#9505 = CARTESIAN_POINT('',(-0.994670718439,2.305240816292E-02));
#9506 = CARTESIAN_POINT('',(-1.025420427834,2.410577112133E-02));
#9507 = CARTESIAN_POINT('',(-1.055883715367,2.525181979021E-02));
#9508 = CARTESIAN_POINT('',(-1.086032260297,2.64907562472E-02));
#9509 = CARTESIAN_POINT('',(-1.115836898777,2.782277779017E-02));
#9510 = CARTESIAN_POINT('',(-1.145267602055,2.924807567565E-02));
#9511 = CARTESIAN_POINT('',(-1.174293421035,3.076683177701E-02));
#9512 = CARTESIAN_POINT('',(-1.202882550845,3.237922484597E-02));
#9513 = CARTESIAN_POINT('',(-1.231001942014,3.408540277394E-02));
#9514 = CARTESIAN_POINT('',(-1.258618598204,3.588558358369E-02));
#9515 = CARTESIAN_POINT('',(-1.285688862261,3.777929707719E-02));
#9516 = CARTESIAN_POINT('',(-1.312174728253,3.976639672647E-02));
#9517 = CARTESIAN_POINT('',(-1.338035382324,4.184655088835E-02));
#9518 = CARTESIAN_POINT('',(-1.363228479508,4.401928659918E-02));
#9519 = CARTESIAN_POINT('',(-1.387709881258,4.628394899993E-02));
#9520 = CARTESIAN_POINT('',(-1.411434067711,4.863970943768E-02));
#9521 = CARTESIAN_POINT('',(-1.43435338991,5.108546323146E-02));
#9522 = CARTESIAN_POINT('',(-1.456421287234,5.362012010413E-02));
#9523 = CARTESIAN_POINT('',(-1.477597386929,5.624340183885E-02));
#9524 = CARTESIAN_POINT('',(-1.497822336364,5.895267712878E-02));
#9525 = CARTESIAN_POINT('',(-1.517040887403,6.174539911607E-02));
#9526 = CARTESIAN_POINT('',(-1.535197059299,6.46185414243E-02));
#9527 = CARTESIAN_POINT('',(-1.55223585291,6.756873378281E-02));
#9528 = CARTESIAN_POINT('',(-1.568103233553,7.059221051487E-02));
#9529 = CARTESIAN_POINT('',(-1.582746607702,7.368480963046E-02));
#9530 = CARTESIAN_POINT('',(-1.596115203323,7.684195895261E-02));
#9531 = CARTESIAN_POINT('',(-1.608160517391,8.005866648408E-02));
#9532 = CARTESIAN_POINT('',(-1.618836794611,8.332951042191E-02));
#9533 = CARTESIAN_POINT('',(-1.628101545692,8.664863064677E-02));
#9534 = CARTESIAN_POINT('',(-1.635916135709,9.000971963537E-02));
#9535 = CARTESIAN_POINT('',(-1.642246340068,9.340601983939E-02));
#9536 = CARTESIAN_POINT('',(-1.647063275406,9.683030207278E-02));
#9537 = CARTESIAN_POINT('',(-1.650343206526,0.10027492036));
#9538 = CARTESIAN_POINT('',(-1.651495632462,0.102579365158));
#9539 = CARTESIAN_POINT('',(-1.651810465529,0.103732245049));
#9540 = ( GEOMETRIC_REPRESENTATION_CONTEXT(2) 
PARAMETRIC_REPRESENTATION_CONTEXT() REPRESENTATION_CONTEXT('2D SPACE',''
  ) );
#9541 = ADVANCED_FACE('',(#9542),#6363,.F.);
#9542 = FACE_BOUND('',#9543,.F.);
#9543 = EDGE_LOOP('',(#9544,#9545,#9565,#9585,#9586));
#9544 = ORIENTED_EDGE('',*,*,#8341,.F.);
#9545 = ORIENTED_EDGE('',*,*,#9546,.T.);
#9546 = EDGE_CURVE('',#8317,#9547,#9549,.T.);
#9547 = VERTEX_POINT('',#9548);
#9548 = CARTESIAN_POINT('',(25.1451,41.933625,13.266));
#9549 = SURFACE_CURVE('',#9550,(#9553,#9559),.PCURVE_S1.);
#9550 = B_SPLINE_CURVE_WITH_KNOTS('',1,(#9551,#9552),.UNSPECIFIED.,.F.,
  .F.,(2,2),(0.,1.),.PIECEWISE_BEZIER_KNOTS.);
#9551 = CARTESIAN_POINT('',(25.045116275721,42.033608724279,1.809));
#9552 = CARTESIAN_POINT('',(25.1451,41.933625,13.266));
#9553 = PCURVE('',#6363,#9554);
#9554 = DEFINITIONAL_REPRESENTATION('',(#9555),#9558);
#9555 = B_SPLINE_CURVE_WITH_KNOTS('',1,(#9556,#9557),.UNSPECIFIED.,.F.,
  .F.,(2,2),(1.754385964912E-02,1.),.PIECEWISE_BEZIER_KNOTS.);
#9556 = CARTESIAN_POINT('',(2.239486292815,1.754385964912E-02));
#9557 = CARTESIAN_POINT('',(2.239486292815,1.));
#9558 = ( GEOMETRIC_REPRESENTATION_CONTEXT(2) 
PARAMETRIC_REPRESENTATION_CONTEXT() REPRESENTATION_CONTEXT('2D SPACE',''
  ) );
#9559 = PCURVE('',#8330,#9560);
#9560 = DEFINITIONAL_REPRESENTATION('',(#9561),#9564);
#9561 = B_SPLINE_CURVE_WITH_KNOTS('',1,(#9562,#9563),.UNSPECIFIED.,.F.,
  .F.,(2,2),(1.754385964912E-02,1.),.PIECEWISE_BEZIER_KNOTS.);
#9562 = CARTESIAN_POINT('',(-0.699486292815,1.754385964912E-02));
#9563 = CARTESIAN_POINT('',(-0.699486292815,1.));
#9564 = ( GEOMETRIC_REPRESENTATION_CONTEXT(2) 
PARAMETRIC_REPRESENTATION_CONTEXT() REPRESENTATION_CONTEXT('2D SPACE',''
  ) );
#9565 = ORIENTED_EDGE('',*,*,#9566,.T.);
#9566 = EDGE_CURVE('',#9547,#6318,#9567,.T.);
#9567 = SURFACE_CURVE('',#9568,(#9572,#9578),.PCURVE_S1.);
#9568 = LINE('',#9569,#9570);
#9569 = CARTESIAN_POINT('',(27.2958,41.933625,13.266));
#9570 = VECTOR('',#9571,1.);
#9571 = DIRECTION('',(1.,0.,0.));
#9572 = PCURVE('',#6363,#9573);
#9573 = DEFINITIONAL_REPRESENTATION('',(#9574),#9577);
#9574 = B_SPLINE_CURVE_WITH_KNOTS('',1,(#9575,#9576),.UNSPECIFIED.,.F.,
  .F.,(2,2),(-2.1507,1.831657659747),.PIECEWISE_BEZIER_KNOTS.);
#9575 = CARTESIAN_POINT('',(2.239486292815,1.));
#9576 = CARTESIAN_POINT('',(-1.907273084174,1.));
#9577 = ( GEOMETRIC_REPRESENTATION_CONTEXT(2) 
PARAMETRIC_REPRESENTATION_CONTEXT() REPRESENTATION_CONTEXT('2D SPACE',''
  ) );
#9578 = PCURVE('',#6333,#9579);
#9579 = DEFINITIONAL_REPRESENTATION('',(#9580),#9584);
#9580 = LINE('',#9581,#9582);
#9581 = CARTESIAN_POINT('',(2.396421802941,0.580610913083));
#9582 = VECTOR('',#9583,1.);
#9583 = DIRECTION('',(0.962870502626,-0.269963692325));
#9584 = ( GEOMETRIC_REPRESENTATION_CONTEXT(2) 
PARAMETRIC_REPRESENTATION_CONTEXT() REPRESENTATION_CONTEXT('2D SPACE',''
  ) );
#9585 = ORIENTED_EDGE('',*,*,#6345,.F.);
#9586 = ORIENTED_EDGE('',*,*,#9416,.F.);
#9587 = ADVANCED_FACE('',(#9588),#6333,.F.);
#9588 = FACE_BOUND('',#9589,.F.);
#9589 = EDGE_LOOP('',(#9590,#9612,#9632,#9633));
#9590 = ORIENTED_EDGE('',*,*,#9591,.F.);
#9591 = EDGE_CURVE('',#9592,#9547,#9594,.T.);
#9592 = VERTEX_POINT('',#9593);
#9593 = CARTESIAN_POINT('',(25.1451,40.727625,13.266));
#9594 = SURFACE_CURVE('',#9595,(#9599,#9606),.PCURVE_S1.);
#9595 = LINE('',#9596,#9597);
#9596 = CARTESIAN_POINT('',(25.1451,41.330625,13.266));
#9597 = VECTOR('',#9598,1.);
#9598 = DIRECTION('',(0.,1.,0.));
#9599 = PCURVE('',#6333,#9600);
#9600 = DEFINITIONAL_REPRESENTATION('',(#9601),#9605);
#9601 = LINE('',#9602,#9603);
#9602 = CARTESIAN_POINT('',(0.162788106472,0.580610913083));
#9603 = VECTOR('',#9604,1.);
#9604 = DIRECTION('',(0.269963692325,0.962870502626));
#9605 = ( GEOMETRIC_REPRESENTATION_CONTEXT(2) 
PARAMETRIC_REPRESENTATION_CONTEXT() REPRESENTATION_CONTEXT('2D SPACE',''
  ) );
#9606 = PCURVE('',#8330,#9607);
#9607 = DEFINITIONAL_REPRESENTATION('',(#9608),#9611);
#9608 = B_SPLINE_CURVE_WITH_KNOTS('',1,(#9609,#9610),.UNSPECIFIED.,.F.,
  .F.,(2,2),(-0.603,0.603),.PIECEWISE_BEZIER_KNOTS.);
#9609 = CARTESIAN_POINT('',(0.699486292815,1.));
#9610 = CARTESIAN_POINT('',(-0.699486292815,1.));
#9611 = ( GEOMETRIC_REPRESENTATION_CONTEXT(2) 
PARAMETRIC_REPRESENTATION_CONTEXT() REPRESENTATION_CONTEXT('2D SPACE',''
  ) );
#9612 = ORIENTED_EDGE('',*,*,#9613,.T.);
#9613 = EDGE_CURVE('',#9592,#6284,#9614,.T.);
#9614 = SURFACE_CURVE('',#9615,(#9619,#9626),.PCURVE_S1.);
#9615 = LINE('',#9616,#9617);
#9616 = CARTESIAN_POINT('',(27.2958,40.727625,13.266));
#9617 = VECTOR('',#9618,1.);
#9618 = DIRECTION('',(1.,0.,0.));
#9619 = PCURVE('',#6333,#9620);
#9620 = DEFINITIONAL_REPRESENTATION('',(#9621),#9625);
#9621 = LINE('',#9622,#9623);
#9622 = CARTESIAN_POINT('',(2.070845589997,-0.580610913083));
#9623 = VECTOR('',#9624,1.);
#9624 = DIRECTION('',(0.962870502626,-0.269963692325));
#9625 = ( GEOMETRIC_REPRESENTATION_CONTEXT(2) 
PARAMETRIC_REPRESENTATION_CONTEXT() REPRESENTATION_CONTEXT('2D SPACE',''
  ) );
#9626 = PCURVE('',#6303,#9627);
#9627 = DEFINITIONAL_REPRESENTATION('',(#9628),#9631);
#9628 = B_SPLINE_CURVE_WITH_KNOTS('',1,(#9629,#9630),.UNSPECIFIED.,.F.,
  .F.,(2,2),(-2.1507,1.831657659747),.PIECEWISE_BEZIER_KNOTS.);
#9629 = CARTESIAN_POINT('',(-2.239486292815,1.));
#9630 = CARTESIAN_POINT('',(1.907273084174,1.));
#9631 = ( GEOMETRIC_REPRESENTATION_CONTEXT(2) 
PARAMETRIC_REPRESENTATION_CONTEXT() REPRESENTATION_CONTEXT('2D SPACE',''
  ) );
#9632 = ORIENTED_EDGE('',*,*,#6317,.F.);
#9633 = ORIENTED_EDGE('',*,*,#9566,.F.);
#9634 = ADVANCED_FACE('',(#9635),#6303,.F.);
#9635 = FACE_BOUND('',#9636,.F.);
#9636 = EDGE_LOOP('',(#9637,#9655,#9656,#9710,#9711));
#9637 = ORIENTED_EDGE('',*,*,#9638,.F.);
#9638 = EDGE_CURVE('',#8297,#9592,#9639,.T.);
#9639 = SURFACE_CURVE('',#9640,(#9643,#9649),.PCURVE_S1.);
#9640 = B_SPLINE_CURVE_WITH_KNOTS('',1,(#9641,#9642),.UNSPECIFIED.,.F.,
  .F.,(2,2),(0.,1.),.PIECEWISE_BEZIER_KNOTS.);
#9641 = CARTESIAN_POINT('',(25.045116275721,40.627641275721,1.809));
#9642 = CARTESIAN_POINT('',(25.1451,40.727625,13.266));
#9643 = PCURVE('',#6303,#9644);
#9644 = DEFINITIONAL_REPRESENTATION('',(#9645),#9648);
#9645 = B_SPLINE_CURVE_WITH_KNOTS('',1,(#9646,#9647),.UNSPECIFIED.,.F.,
  .F.,(2,2),(1.754385964912E-02,1.),.PIECEWISE_BEZIER_KNOTS.);
#9646 = CARTESIAN_POINT('',(-2.239486292815,1.754385964912E-02));
#9647 = CARTESIAN_POINT('',(-2.239486292815,1.));
#9648 = ( GEOMETRIC_REPRESENTATION_CONTEXT(2) 
PARAMETRIC_REPRESENTATION_CONTEXT() REPRESENTATION_CONTEXT('2D SPACE',''
  ) );
#9649 = PCURVE('',#8330,#9650);
#9650 = DEFINITIONAL_REPRESENTATION('',(#9651),#9654);
#9651 = B_SPLINE_CURVE_WITH_KNOTS('',1,(#9652,#9653),.UNSPECIFIED.,.F.,
  .F.,(2,2),(1.754385964912E-02,1.),.PIECEWISE_BEZIER_KNOTS.);
#9652 = CARTESIAN_POINT('',(0.699486292815,1.754385964912E-02));
#9653 = CARTESIAN_POINT('',(0.699486292815,1.));
#9654 = ( GEOMETRIC_REPRESENTATION_CONTEXT(2) 
PARAMETRIC_REPRESENTATION_CONTEXT() REPRESENTATION_CONTEXT('2D SPACE',''
  ) );
#9655 = ORIENTED_EDGE('',*,*,#8296,.F.);
#9656 = ORIENTED_EDGE('',*,*,#9657,.F.);
#9657 = EDGE_CURVE('',#6257,#8275,#9658,.T.);
#9658 = SURFACE_CURVE('',#9659,(#9674,#9692),.PCURVE_S1.);
#9659 = B_SPLINE_CURVE_WITH_KNOTS('',7,(#9660,#9661,#9662,#9663,#9664,
    #9665,#9666,#9667,#9668,#9669,#9670,#9671,#9672,#9673),
  .UNSPECIFIED.,.F.,.F.,(8,6,8),(0.,0.378627714292,1.),.UNSPECIFIED.);
#9660 = CARTESIAN_POINT('',(28.948219633116,40.638012811909,
    2.997460331531));
#9661 = CARTESIAN_POINT('',(28.946572355011,40.637189235583,2.9030878321
    ));
#9662 = CARTESIAN_POINT('',(28.934586031322,40.636367973118,
    2.808980474785));
#9663 = CARTESIAN_POINT('',(28.91233397523,40.635568549052,
    2.717375550157));
#9664 = CARTESIAN_POINT('',(28.880677730218,40.634806192722,
    2.630018167419));
#9665 = CARTESIAN_POINT('',(28.840765778954,40.634091784999,
    2.548155150818));
#9666 = CARTESIAN_POINT('',(28.79386648669,40.633432542,2.472613385373)
  );
#9667 = CARTESIAN_POINT('',(28.654799406348,40.63184813875,
    2.291058755737));
#9668 = CARTESIAN_POINT('',(28.552986165938,40.63102458816,
    2.196689205322));
#9669 = CARTESIAN_POINT('',(28.440281902284,40.630368489828,
    2.121507783096));
#9670 = CARTESIAN_POINT('',(28.320312419393,40.629880421832,
    2.065580730298));
#9671 = CARTESIAN_POINT('',(28.196081148269,40.629557453765,
    2.028572255413));
#9672 = CARTESIAN_POINT('',(28.069861193966,40.629395376147,2.01));
#9673 = CARTESIAN_POINT('',(27.943372699484,40.629395376147,2.01));
#9674 = PCURVE('',#6303,#9675);
#9675 = DEFINITIONAL_REPRESENTATION('',(#9676),#9691);
#9676 = B_SPLINE_CURVE_WITH_KNOTS('',7,(#9677,#9678,#9679,#9680,#9681,
    #9682,#9683,#9684,#9685,#9686,#9687,#9688,#9689,#9690),
  .UNSPECIFIED.,.F.,.F.,(8,6,8),(0.,0.378627714292,1.),.UNSPECIFIED.);
#9677 = CARTESIAN_POINT('',(1.651810465529,0.103732245049));
#9678 = CARTESIAN_POINT('',(1.649556561472,9.549514114513E-02));
#9679 = CARTESIAN_POINT('',(1.636971063617,8.728117960942E-02));
#9680 = CARTESIAN_POINT('',(1.614157588213,7.928563761516E-02));
#9681 = CARTESIAN_POINT('',(1.582004028917,7.166083332627E-02));
#9682 = CARTESIAN_POINT('',(1.541674738253,6.451559315859E-02));
#9683 = CARTESIAN_POINT('',(1.494444696758,5.792209002122E-02));
#9684 = CARTESIAN_POINT('',(1.354732437652,4.207547837455E-02));
#9685 = CARTESIAN_POINT('',(1.252751633999,3.383863186892E-02));
#9686 = CARTESIAN_POINT('',(1.140107039055,2.727658052686E-02));
#9687 = CARTESIAN_POINT('',(1.020387667235,2.239510607469E-02));
#9688 = CARTESIAN_POINT('',(0.896547310739,1.916489966069E-02));
#9689 = CARTESIAN_POINT('',(0.770810885009,1.754385964912E-02));
#9690 = CARTESIAN_POINT('',(0.644853519965,1.754385964912E-02));
#9691 = ( GEOMETRIC_REPRESENTATION_CONTEXT(2) 
PARAMETRIC_REPRESENTATION_CONTEXT() REPRESENTATION_CONTEXT('2D SPACE',''
  ) );
#9692 = PCURVE('',#6272,#9693);
#9693 = DEFINITIONAL_REPRESENTATION('',(#9694),#9709);
#9694 = B_SPLINE_CURVE_WITH_KNOTS('',7,(#9695,#9696,#9697,#9698,#9699,
    #9700,#9701,#9702,#9703,#9704,#9705,#9706,#9707,#9708),
  .UNSPECIFIED.,.F.,.F.,(8,6,8),(0.,0.378627714292,1.),.UNSPECIFIED.);
#9695 = CARTESIAN_POINT('',(0.,8.606987188091));
#9696 = CARTESIAN_POINT('',(-9.391728856618E-02,8.607810764417));
#9697 = CARTESIAN_POINT('',(-0.187750088024,8.608632026882));
#9698 = CARTESIAN_POINT('',(-0.280626232947,8.609431450948));
#9699 = CARTESIAN_POINT('',(-0.372129566539,8.610193807278));
#9700 = CARTESIAN_POINT('',(-0.461987394039,8.610908215001));
#9701 = CARTESIAN_POINT('',(-0.550036607708,8.611567458));
#9702 = CARTESIAN_POINT('',(-0.777594546825,8.61315186125));
#9703 = CARTESIAN_POINT('',(-0.913742361288,8.61397541184));
#9704 = CARTESIAN_POINT('',(-1.045939402098,8.614631510172));
#9705 = CARTESIAN_POINT('',(-1.175022440007,8.615119578168));
#9706 = CARTESIAN_POINT('',(-1.301891949565,8.615442546235));
#9707 = CARTESIAN_POINT('',(-1.427483835786,8.615604623853));
#9708 = CARTESIAN_POINT('',(-1.553343034275,8.615604623853));
#9709 = ( GEOMETRIC_REPRESENTATION_CONTEXT(2) 
PARAMETRIC_REPRESENTATION_CONTEXT() REPRESENTATION_CONTEXT('2D SPACE',''
  ) );
#9710 = ORIENTED_EDGE('',*,*,#6283,.T.);
#9711 = ORIENTED_EDGE('',*,*,#9613,.F.);
#9712 = ADVANCED_FACE('',(#9713),#6272,.T.);
#9713 = FACE_BOUND('',#9714,.F.);
#9714 = EDGE_LOOP('',(#9715,#9716,#9717,#9718));
#9715 = ORIENTED_EDGE('',*,*,#6256,.F.);
#9716 = ORIENTED_EDGE('',*,*,#9657,.T.);
#9717 = ORIENTED_EDGE('',*,*,#8274,.T.);
#9718 = ORIENTED_EDGE('',*,*,#9719,.T.);
#9719 = EDGE_CURVE('',#8255,#6223,#9720,.T.);
#9720 = SURFACE_CURVE('',#9721,(#9742,#9793),.PCURVE_S1.);
#9721 = B_SPLINE_CURVE_WITH_KNOTS('',7,(#9722,#9723,#9724,#9725,#9726,
    #9727,#9728,#9729,#9730,#9731,#9732,#9733,#9734,#9735,#9736,#9737,
    #9738,#9739,#9740,#9741),.UNSPECIFIED.,.F.,.F.,(8,6,6,8),(0.,
    0.713416911674,1.,1.611838365518),.UNSPECIFIED.);
#9722 = CARTESIAN_POINT('',(27.943372699484,-2.188145376147,2.01));
#9723 = CARTESIAN_POINT('',(28.033470075438,-2.188145376147,2.01));
#9724 = CARTESIAN_POINT('',(28.123512621131,-2.188227611389,
    2.019423225364));
#9725 = CARTESIAN_POINT('',(28.212789305441,-2.188391909892,
    2.038249969007));
#9726 = CARTESIAN_POINT('',(28.300489823567,-2.188639022473,
    2.066566266148));
#9727 = CARTESIAN_POINT('',(28.385691069849,-2.188969841119,
    2.104474328166));
#9728 = CARTESIAN_POINT('',(28.467331579577,-2.189385038161,
    2.152051196751));
#9729 = CARTESIAN_POINT('',(28.575041894461,-2.19008601413,
    2.232375086856));
#9730 = CARTESIAN_POINT('',(28.605126028983,-2.19030053922,
    2.256957227355));
#9731 = CARTESIAN_POINT('',(28.634341963297,-2.190528687013,
    2.283100374915));
#9732 = CARTESIAN_POINT('',(28.66259625243,-2.190770394418,
    2.310797300179));
#9733 = CARTESIAN_POINT('',(28.689787681037,-2.191025528393,
    2.340032757994));
#9734 = CARTESIAN_POINT('',(28.715808557957,-2.19129386455,
    2.370781036042));
#9735 = CARTESIAN_POINT('',(28.79335904585,-2.192175414136,
    2.471796613052));
#9736 = CARTESIAN_POINT('',(28.840405924841,-2.19283534997,2.54741776946
    ));
#9737 = CARTESIAN_POINT('',(28.88044903847,-2.193550694714,
    2.629388158058));
#9738 = CARTESIAN_POINT('',(28.912213107414,-2.194314217669,
    2.716879222892));
#9739 = CARTESIAN_POINT('',(28.934542576385,-2.195115000471,
    2.808639843149));
#9740 = CARTESIAN_POINT('',(28.946569371236,-2.19593774381,
    2.902916891732));
#9741 = CARTESIAN_POINT('',(28.948219633116,-2.196762811909,
    2.997460331531));
#9742 = PCURVE('',#6272,#9743);
#9743 = DEFINITIONAL_REPRESENTATION('',(#9744),#9792);
#9744 = B_SPLINE_CURVE_WITH_KNOTS('',3,(#9745,#9746,#9747,#9748,#9749,
    #9750,#9751,#9752,#9753,#9754,#9755,#9756,#9757,#9758,#9759,#9760,
    #9761,#9762,#9763,#9764,#9765,#9766,#9767,#9768,#9769,#9770,#9771,
    #9772,#9773,#9774,#9775,#9776,#9777,#9778,#9779,#9780,#9781,#9782,
    #9783,#9784,#9785,#9786,#9787,#9788,#9789,#9790,#9791),
  .UNSPECIFIED.,.F.,.F.,(4,1,1,1,1,1,1,1,1,1,1,1,1,1,1,1,1,1,1,1,1,1,1,1
    ,1,1,1,1,1,1,1,1,1,1,1,1,1,1,1,1,1,1,1,1,4),(0.,3.663269012542E-02,
    7.326538025084E-02,0.109898070376,0.146530760502,0.183163450627,
    0.219796140753,0.256428830878,0.293061521003,0.329694211129,
    0.366326901254,0.40295959138,0.439592281505,0.47622497163,
    0.512857661756,0.549490351881,0.586123042007,0.622755732132,
    0.659388422258,0.696021112383,0.732653802508,0.769286492634,
    0.805919182759,0.842551872885,0.87918456301,0.915817253135,
    0.952449943261,0.989082633386,1.025715323512,1.062348013637,
    1.098980703763,1.135613393888,1.172246084013,1.208878774139,
    1.245511464264,1.28214415439,1.318776844515,1.35540953464,
    1.392042224766,1.428674914891,1.465307605017,1.501940295142,
    1.538572985268,1.575205675393,1.611838365518),
  .QUASI_UNIFORM_KNOTS.);
#9745 = CARTESIAN_POINT('',(-1.553343034275,51.433145376147));
#9746 = CARTESIAN_POINT('',(-1.542601988875,51.433145376529));
#9747 = CARTESIAN_POINT('',(-1.521121747674,51.433148411371));
#9748 = CARTESIAN_POINT('',(-1.488894450775,51.433162068629));
#9749 = CARTESIAN_POINT('',(-1.456647551747,51.43318483199));
#9750 = CARTESIAN_POINT('',(-1.424369024553,51.433216708325));
#9751 = CARTESIAN_POINT('',(-1.392047172437,51.433257707504));
#9752 = CARTESIAN_POINT('',(-1.359670628066,51.433307842405));
#9753 = CARTESIAN_POINT('',(-1.327228276708,51.433367128234));
#9754 = CARTESIAN_POINT('',(-1.2947092056,51.433435582075));
#9755 = CARTESIAN_POINT('',(-1.262102650737,51.433513222428));
#9756 = CARTESIAN_POINT('',(-1.229397947565,51.433600068803));
#9757 = CARTESIAN_POINT('',(-1.196584482584,51.433696141343));
#9758 = CARTESIAN_POINT('',(-1.163651645257,51.433801460495));
#9759 = CARTESIAN_POINT('',(-1.13058877927,51.433916046709));
#9760 = CARTESIAN_POINT('',(-1.097385131061,51.43403992019));
#9761 = CARTESIAN_POINT('',(-1.064029798387,51.434173100665));
#9762 = CARTESIAN_POINT('',(-1.030511663378,51.434315607255));
#9763 = CARTESIAN_POINT('',(-0.996819363185,51.434467458147));
#9764 = CARTESIAN_POINT('',(-0.962941095201,51.434628671211));
#9765 = CARTESIAN_POINT('',(-0.928865010046,51.434799261234));
#9766 = CARTESIAN_POINT('',(-0.89457737737,51.434979250016));
#9767 = CARTESIAN_POINT('',(-0.860076176028,51.435168590544));
#9768 = CARTESIAN_POINT('',(-0.825351122293,51.435367268167));
#9769 = CARTESIAN_POINT('',(-0.7903938077,51.435575249727));
#9770 = CARTESIAN_POINT('',(-0.755196309339,51.435792487936));
#9771 = CARTESIAN_POINT('',(-0.719751626278,51.436018917317));
#9772 = CARTESIAN_POINT('',(-0.684053255168,51.436254455019));
#9773 = CARTESIAN_POINT('',(-0.648096485401,51.436498990592));
#9774 = CARTESIAN_POINT('',(-0.611873770608,51.436752415026));
#9775 = CARTESIAN_POINT('',(-0.575364362251,51.437014700503));
#9776 = CARTESIAN_POINT('',(-0.538578004605,51.437285583937));
#9777 = CARTESIAN_POINT('',(-0.501519064789,51.437564810682));
#9778 = CARTESIAN_POINT('',(-0.464194676488,51.43785207815));
#9779 = CARTESIAN_POINT('',(-0.426612641187,51.43814704937));
#9780 = CARTESIAN_POINT('',(-0.3887821034,51.438449347834));
#9781 = CARTESIAN_POINT('',(-0.35071351186,51.438758557411));
#9782 = CARTESIAN_POINT('',(-0.312418802193,51.439074220958));
#9783 = CARTESIAN_POINT('',(-0.273911552053,51.439395839357));
#9784 = CARTESIAN_POINT('',(-0.235207179766,51.439722870516));
#9785 = CARTESIAN_POINT('',(-0.19632316772,51.440054728517));
#9786 = CARTESIAN_POINT('',(-0.157279336928,51.440390782712));
#9787 = CARTESIAN_POINT('',(-0.118098114165,51.440730357455));
#9788 = CARTESIAN_POINT('',(-7.880503384119E-02,51.441072729946));
#9789 = CARTESIAN_POINT('',(-3.942860397983E-02,51.441417135711));
#9790 = CARTESIAN_POINT('',(-1.314474855732E-02,51.441647542684));
#9791 = CARTESIAN_POINT('',(0.,51.441762811909));
#9792 = ( GEOMETRIC_REPRESENTATION_CONTEXT(2) 
PARAMETRIC_REPRESENTATION_CONTEXT() REPRESENTATION_CONTEXT('2D SPACE',''
  ) );
#9793 = PCURVE('',#6242,#9794);
#9794 = DEFINITIONAL_REPRESENTATION('',(#9795),#9843);
#9795 = B_SPLINE_CURVE_WITH_KNOTS('',3,(#9796,#9797,#9798,#9799,#9800,
    #9801,#9802,#9803,#9804,#9805,#9806,#9807,#9808,#9809,#9810,#9811,
    #9812,#9813,#9814,#9815,#9816,#9817,#9818,#9819,#9820,#9821,#9822,
    #9823,#9824,#9825,#9826,#9827,#9828,#9829,#9830,#9831,#9832,#9833,
    #9834,#9835,#9836,#9837,#9838,#9839,#9840,#9841,#9842),
  .UNSPECIFIED.,.F.,.F.,(4,1,1,1,1,1,1,1,1,1,1,1,1,1,1,1,1,1,1,1,1,1,1,1
    ,1,1,1,1,1,1,1,1,1,1,1,1,1,1,1,1,1,1,1,1,4),(0.,3.663269012542E-02,
    7.326538025084E-02,0.109898070376,0.146530760502,0.183163450627,
    0.219796140753,0.256428830878,0.293061521003,0.329694211129,
    0.366326901254,0.40295959138,0.439592281505,0.47622497163,
    0.512857661756,0.549490351881,0.586123042007,0.622755732132,
    0.659388422258,0.696021112383,0.732653802508,0.769286492634,
    0.805919182759,0.842551872885,0.87918456301,0.915817253135,
    0.952449943261,0.989082633386,1.025715323512,1.062348013637,
    1.098980703763,1.135613393888,1.172246084013,1.208878774139,
    1.245511464264,1.28214415439,1.318776844515,1.35540953464,
    1.392042224766,1.428674914891,1.465307605017,1.501940295142,
    1.538572985268,1.575205675393,1.611838365518),
  .QUASI_UNIFORM_KNOTS.);
#9796 = CARTESIAN_POINT('',(-0.644853519965,1.754385964912E-02));
#9797 = CARTESIAN_POINT('',(-0.655602936427,1.754386346425E-02));
#9798 = CARTESIAN_POINT('',(-0.677100811396,1.757421682935E-02));
#9799 = CARTESIAN_POINT('',(-0.709324069842,1.771081163936E-02));
#9800 = CARTESIAN_POINT('',(-0.741503329871,1.793848230363E-02));
#9801 = CARTESIAN_POINT('',(-0.77361732203,1.825729754452E-02));
#9802 = CARTESIAN_POINT('',(-0.805644216463,1.866735607248E-02));
#9803 = CARTESIAN_POINT('',(-0.837561530903,1.916878669737E-02));
#9804 = CARTESIAN_POINT('',(-0.869346132725,1.976174149635E-02));
#9805 = CARTESIAN_POINT('',(-0.900974214298,2.044639133509E-02));
#9806 = CARTESIAN_POINT('',(-0.932421273986,2.122292125154E-02));
#9807 = CARTESIAN_POINT('',(-0.963662094149,2.209152636957E-02));
#9808 = CARTESIAN_POINT('',(-0.994670718439,2.305240816292E-02));
#9809 = CARTESIAN_POINT('',(-1.025420427834,2.410577112133E-02));
#9810 = CARTESIAN_POINT('',(-1.055883715367,2.525181979021E-02));
#9811 = CARTESIAN_POINT('',(-1.086032260297,2.64907562472E-02));
#9812 = CARTESIAN_POINT('',(-1.115836898777,2.782277779017E-02));
#9813 = CARTESIAN_POINT('',(-1.145267602055,2.924807567565E-02));
#9814 = CARTESIAN_POINT('',(-1.174293421035,3.076683177701E-02));
#9815 = CARTESIAN_POINT('',(-1.202882550845,3.237922484597E-02));
#9816 = CARTESIAN_POINT('',(-1.231001942014,3.408540277394E-02));
#9817 = CARTESIAN_POINT('',(-1.258618598204,3.588558358369E-02));
#9818 = CARTESIAN_POINT('',(-1.285688862261,3.77792970772E-02));
#9819 = CARTESIAN_POINT('',(-1.312174728253,3.976639672647E-02));
#9820 = CARTESIAN_POINT('',(-1.338035382324,4.184655088835E-02));
#9821 = CARTESIAN_POINT('',(-1.363228479508,4.401928659918E-02));
#9822 = CARTESIAN_POINT('',(-1.387709881258,4.628394899993E-02));
#9823 = CARTESIAN_POINT('',(-1.411434067711,4.863970943768E-02));
#9824 = CARTESIAN_POINT('',(-1.43435338991,5.108546323146E-02));
#9825 = CARTESIAN_POINT('',(-1.456421287234,5.362012010413E-02));
#9826 = CARTESIAN_POINT('',(-1.477597386929,5.624340183885E-02));
#9827 = CARTESIAN_POINT('',(-1.497822336364,5.895267712878E-02));
#9828 = CARTESIAN_POINT('',(-1.517040887403,6.174539911607E-02));
#9829 = CARTESIAN_POINT('',(-1.535197059299,6.46185414243E-02));
#9830 = CARTESIAN_POINT('',(-1.55223585291,6.756873378281E-02));
#9831 = CARTESIAN_POINT('',(-1.568103233553,7.059221051487E-02));
#9832 = CARTESIAN_POINT('',(-1.582746607702,7.368480963046E-02));
#9833 = CARTESIAN_POINT('',(-1.596115203323,7.684195895261E-02));
#9834 = CARTESIAN_POINT('',(-1.608160517391,8.005866648408E-02));
#9835 = CARTESIAN_POINT('',(-1.618836794611,8.332951042191E-02));
#9836 = CARTESIAN_POINT('',(-1.628101545692,8.664863064677E-02));
#9837 = CARTESIAN_POINT('',(-1.635916135709,9.000971963537E-02));
#9838 = CARTESIAN_POINT('',(-1.642246340068,9.340601983939E-02));
#9839 = CARTESIAN_POINT('',(-1.647063275406,9.683030207278E-02));
#9840 = CARTESIAN_POINT('',(-1.650343206526,0.10027492036));
#9841 = CARTESIAN_POINT('',(-1.651495632462,0.102579365158));
#9842 = CARTESIAN_POINT('',(-1.651810465529,0.103732245049));
#9843 = ( GEOMETRIC_REPRESENTATION_CONTEXT(2) 
PARAMETRIC_REPRESENTATION_CONTEXT() REPRESENTATION_CONTEXT('2D SPACE',''
  ) );
#9844 = ADVANCED_FACE('',(#9845),#6242,.F.);
#9845 = FACE_BOUND('',#9846,.F.);
#9846 = EDGE_LOOP('',(#9847,#9848,#9868,#9888,#9889));
#9847 = ORIENTED_EDGE('',*,*,#8254,.F.);
#9848 = ORIENTED_EDGE('',*,*,#9849,.T.);
#9849 = EDGE_CURVE('',#8230,#9850,#9852,.T.);
#9850 = VERTEX_POINT('',#9851);
#9851 = CARTESIAN_POINT('',(25.1451,-2.286375,13.266));
#9852 = SURFACE_CURVE('',#9853,(#9856,#9862),.PCURVE_S1.);
#9853 = B_SPLINE_CURVE_WITH_KNOTS('',1,(#9854,#9855),.UNSPECIFIED.,.F.,
  .F.,(2,2),(0.,1.),.PIECEWISE_BEZIER_KNOTS.);
#9854 = CARTESIAN_POINT('',(25.045116275721,-2.186391275721,1.809));
#9855 = CARTESIAN_POINT('',(25.1451,-2.286375,13.266));
#9856 = PCURVE('',#6242,#9857);
#9857 = DEFINITIONAL_REPRESENTATION('',(#9858),#9861);
#9858 = B_SPLINE_CURVE_WITH_KNOTS('',1,(#9859,#9860),.UNSPECIFIED.,.F.,
  .F.,(2,2),(1.754385964912E-02,1.),.PIECEWISE_BEZIER_KNOTS.);
#9859 = CARTESIAN_POINT('',(2.239486292815,1.754385964912E-02));
#9860 = CARTESIAN_POINT('',(2.239486292815,1.));
#9861 = ( GEOMETRIC_REPRESENTATION_CONTEXT(2) 
PARAMETRIC_REPRESENTATION_CONTEXT() REPRESENTATION_CONTEXT('2D SPACE',''
  ) );
#9862 = PCURVE('',#8243,#9863);
#9863 = DEFINITIONAL_REPRESENTATION('',(#9864),#9867);
#9864 = B_SPLINE_CURVE_WITH_KNOTS('',1,(#9865,#9866),.UNSPECIFIED.,.F.,
  .F.,(2,2),(1.754385964912E-02,1.),.PIECEWISE_BEZIER_KNOTS.);
#9865 = CARTESIAN_POINT('',(-0.699486292815,1.754385964912E-02));
#9866 = CARTESIAN_POINT('',(-0.699486292815,1.));
#9867 = ( GEOMETRIC_REPRESENTATION_CONTEXT(2) 
PARAMETRIC_REPRESENTATION_CONTEXT() REPRESENTATION_CONTEXT('2D SPACE',''
  ) );
#9868 = ORIENTED_EDGE('',*,*,#9869,.T.);
#9869 = EDGE_CURVE('',#9850,#6195,#9870,.T.);
#9870 = SURFACE_CURVE('',#9871,(#9875,#9881),.PCURVE_S1.);
#9871 = LINE('',#9872,#9873);
#9872 = CARTESIAN_POINT('',(27.2958,-2.286375,13.266));
#9873 = VECTOR('',#9874,1.);
#9874 = DIRECTION('',(1.,0.,0.));
#9875 = PCURVE('',#6242,#9876);
#9876 = DEFINITIONAL_REPRESENTATION('',(#9877),#9880);
#9877 = B_SPLINE_CURVE_WITH_KNOTS('',1,(#9878,#9879),.UNSPECIFIED.,.F.,
  .F.,(2,2),(-2.1507,1.831657659747),.PIECEWISE_BEZIER_KNOTS.);
#9878 = CARTESIAN_POINT('',(2.239486292815,1.));
#9879 = CARTESIAN_POINT('',(-1.907273084174,1.));
#9880 = ( GEOMETRIC_REPRESENTATION_CONTEXT(2) 
PARAMETRIC_REPRESENTATION_CONTEXT() REPRESENTATION_CONTEXT('2D SPACE',''
  ) );
#9881 = PCURVE('',#6210,#9882);
#9882 = DEFINITIONAL_REPRESENTATION('',(#9883),#9887);
#9883 = LINE('',#9884,#9885);
#9884 = CARTESIAN_POINT('',(2.396421802941,0.580610913083));
#9885 = VECTOR('',#9886,1.);
#9886 = DIRECTION('',(0.962870502626,-0.269963692325));
#9887 = ( GEOMETRIC_REPRESENTATION_CONTEXT(2) 
PARAMETRIC_REPRESENTATION_CONTEXT() REPRESENTATION_CONTEXT('2D SPACE',''
  ) );
#9888 = ORIENTED_EDGE('',*,*,#6222,.F.);
#9889 = ORIENTED_EDGE('',*,*,#9719,.F.);
#9890 = ADVANCED_FACE('',(#9891),#6210,.F.);
#9891 = FACE_BOUND('',#9892,.F.);
#9892 = EDGE_LOOP('',(#9893,#9915,#9935,#9936));
#9893 = ORIENTED_EDGE('',*,*,#9894,.F.);
#9894 = EDGE_CURVE('',#9895,#9850,#9897,.T.);
#9895 = VERTEX_POINT('',#9896);
#9896 = CARTESIAN_POINT('',(25.1451,-3.492375,13.266));
#9897 = SURFACE_CURVE('',#9898,(#9902,#9909),.PCURVE_S1.);
#9898 = LINE('',#9899,#9900);
#9899 = CARTESIAN_POINT('',(25.1451,-2.889375,13.266));
#9900 = VECTOR('',#9901,1.);
#9901 = DIRECTION('',(0.,1.,0.));
#9902 = PCURVE('',#6210,#9903);
#9903 = DEFINITIONAL_REPRESENTATION('',(#9904),#9908);
#9904 = LINE('',#9905,#9906);
#9905 = CARTESIAN_POINT('',(0.162788106472,0.580610913083));
#9906 = VECTOR('',#9907,1.);
#9907 = DIRECTION('',(0.269963692325,0.962870502626));
#9908 = ( GEOMETRIC_REPRESENTATION_CONTEXT(2) 
PARAMETRIC_REPRESENTATION_CONTEXT() REPRESENTATION_CONTEXT('2D SPACE',''
  ) );
#9909 = PCURVE('',#8243,#9910);
#9910 = DEFINITIONAL_REPRESENTATION('',(#9911),#9914);
#9911 = B_SPLINE_CURVE_WITH_KNOTS('',1,(#9912,#9913),.UNSPECIFIED.,.F.,
  .F.,(2,2),(-0.603,0.603),.PIECEWISE_BEZIER_KNOTS.);
#9912 = CARTESIAN_POINT('',(0.699486292815,1.));
#9913 = CARTESIAN_POINT('',(-0.699486292815,1.));
#9914 = ( GEOMETRIC_REPRESENTATION_CONTEXT(2) 
PARAMETRIC_REPRESENTATION_CONTEXT() REPRESENTATION_CONTEXT('2D SPACE',''
  ) );
#9915 = ORIENTED_EDGE('',*,*,#9916,.T.);
#9916 = EDGE_CURVE('',#9895,#6161,#9917,.T.);
#9917 = SURFACE_CURVE('',#9918,(#9922,#9929),.PCURVE_S1.);
#9918 = LINE('',#9919,#9920);
#9919 = CARTESIAN_POINT('',(27.2958,-3.492375,13.266));
#9920 = VECTOR('',#9921,1.);
#9921 = DIRECTION('',(1.,0.,0.));
#9922 = PCURVE('',#6210,#9923);
#9923 = DEFINITIONAL_REPRESENTATION('',(#9924),#9928);
#9924 = LINE('',#9925,#9926);
#9925 = CARTESIAN_POINT('',(2.070845589997,-0.580610913083));
#9926 = VECTOR('',#9927,1.);
#9927 = DIRECTION('',(0.962870502626,-0.269963692325));
#9928 = ( GEOMETRIC_REPRESENTATION_CONTEXT(2) 
PARAMETRIC_REPRESENTATION_CONTEXT() REPRESENTATION_CONTEXT('2D SPACE',''
  ) );
#9929 = PCURVE('',#6180,#9930);
#9930 = DEFINITIONAL_REPRESENTATION('',(#9931),#9934);
#9931 = B_SPLINE_CURVE_WITH_KNOTS('',1,(#9932,#9933),.UNSPECIFIED.,.F.,
  .F.,(2,2),(-2.1507,1.831657659747),.PIECEWISE_BEZIER_KNOTS.);
#9932 = CARTESIAN_POINT('',(-2.239486292815,1.));
#9933 = CARTESIAN_POINT('',(1.907273084174,1.));
#9934 = ( GEOMETRIC_REPRESENTATION_CONTEXT(2) 
PARAMETRIC_REPRESENTATION_CONTEXT() REPRESENTATION_CONTEXT('2D SPACE',''
  ) );
#9935 = ORIENTED_EDGE('',*,*,#6194,.F.);
#9936 = ORIENTED_EDGE('',*,*,#9869,.F.);
#9937 = ADVANCED_FACE('',(#9938),#6180,.F.);
#9938 = FACE_BOUND('',#9939,.F.);
#9939 = EDGE_LOOP('',(#9940,#9958,#9959,#10013,#10014));
#9940 = ORIENTED_EDGE('',*,*,#9941,.F.);
#9941 = EDGE_CURVE('',#8210,#9895,#9942,.T.);
#9942 = SURFACE_CURVE('',#9943,(#9946,#9952),.PCURVE_S1.);
#9943 = B_SPLINE_CURVE_WITH_KNOTS('',1,(#9944,#9945),.UNSPECIFIED.,.F.,
  .F.,(2,2),(0.,1.),.PIECEWISE_BEZIER_KNOTS.);
#9944 = CARTESIAN_POINT('',(25.045116275721,-3.592358724279,1.809));
#9945 = CARTESIAN_POINT('',(25.1451,-3.492375,13.266));
#9946 = PCURVE('',#6180,#9947);
#9947 = DEFINITIONAL_REPRESENTATION('',(#9948),#9951);
#9948 = B_SPLINE_CURVE_WITH_KNOTS('',1,(#9949,#9950),.UNSPECIFIED.,.F.,
  .F.,(2,2),(1.754385964912E-02,1.),.PIECEWISE_BEZIER_KNOTS.);
#9949 = CARTESIAN_POINT('',(-2.239486292815,1.754385964912E-02));
#9950 = CARTESIAN_POINT('',(-2.239486292815,1.));
#9951 = ( GEOMETRIC_REPRESENTATION_CONTEXT(2) 
PARAMETRIC_REPRESENTATION_CONTEXT() REPRESENTATION_CONTEXT('2D SPACE',''
  ) );
#9952 = PCURVE('',#8243,#9953);
#9953 = DEFINITIONAL_REPRESENTATION('',(#9954),#9957);
#9954 = B_SPLINE_CURVE_WITH_KNOTS('',1,(#9955,#9956),.UNSPECIFIED.,.F.,
  .F.,(2,2),(1.754385964912E-02,1.),.PIECEWISE_BEZIER_KNOTS.);
#9955 = CARTESIAN_POINT('',(0.699486292815,1.754385964912E-02));
#9956 = CARTESIAN_POINT('',(0.699486292815,1.));
#9957 = ( GEOMETRIC_REPRESENTATION_CONTEXT(2) 
PARAMETRIC_REPRESENTATION_CONTEXT() REPRESENTATION_CONTEXT('2D SPACE',''
  ) );
#9958 = ORIENTED_EDGE('',*,*,#8209,.F.);
#9959 = ORIENTED_EDGE('',*,*,#9960,.F.);
#9960 = EDGE_CURVE('',#6134,#8188,#9961,.T.);
#9961 = SURFACE_CURVE('',#9962,(#9977,#9995),.PCURVE_S1.);
#9962 = B_SPLINE_CURVE_WITH_KNOTS('',7,(#9963,#9964,#9965,#9966,#9967,
    #9968,#9969,#9970,#9971,#9972,#9973,#9974,#9975,#9976),
  .UNSPECIFIED.,.F.,.F.,(8,6,8),(0.,0.379302115876,1.),.UNSPECIFIED.);
#9963 = CARTESIAN_POINT('',(28.948219633116,-3.581987188091,
    2.997460331531));
#9964 = CARTESIAN_POINT('',(28.946569422392,-3.582812230614,
    2.902919822457));
#9965 = CARTESIAN_POINT('',(28.934543322865,-3.583634949106,
    2.808645621104));
#9966 = CARTESIAN_POINT('',(28.912215138813,-3.58443571367,
    2.716887090632));
#9967 = CARTESIAN_POINT('',(28.880452553432,-3.585199223512,
    2.629397528468));
#9968 = CARTESIAN_POINT('',(28.840411116457,-3.585914557803,
    2.547428337706));
#9969 = CARTESIAN_POINT('',(28.793366261364,-3.586574483885,2.4718082987
    ));
#9970 = CARTESIAN_POINT('',(28.654135758229,-3.588157229212,
    2.290443648196));
#9971 = CARTESIAN_POINT('',(28.552373771096,-3.588978972763,
    2.196281163919));
#9972 = CARTESIAN_POINT('',(28.439761008785,-3.589633626164,
    2.121265314486));
#9973 = CARTESIAN_POINT('',(28.319908343495,-3.590120627649,
    2.065460471691));
#9974 = CARTESIAN_POINT('',(28.195807440982,-3.59044289843,
    2.028531897885));
#9975 = CARTESIAN_POINT('',(28.069723678389,-3.590604623853,2.01));
#9976 = CARTESIAN_POINT('',(27.943372699484,-3.590604623853,2.01));
#9977 = PCURVE('',#6180,#9978);
#9978 = DEFINITIONAL_REPRESENTATION('',(#9979),#9994);
#9979 = B_SPLINE_CURVE_WITH_KNOTS('',7,(#9980,#9981,#9982,#9983,#9984,
    #9985,#9986,#9987,#9988,#9989,#9990,#9991,#9992,#9993),
  .UNSPECIFIED.,.F.,.F.,(8,6,8),(0.,0.379302115876,1.),.UNSPECIFIED.);
#9980 = CARTESIAN_POINT('',(1.651810465529,0.103732245049));
#9981 = CARTESIAN_POINT('',(1.649552548888,9.548047677897E-02));
#9982 = CARTESIAN_POINT('',(1.636926223205,8.725195261444E-02));
#9983 = CARTESIAN_POINT('',(1.614035758575,7.924300345924E-02));
#9984 = CARTESIAN_POINT('',(1.581775320073,7.160666216882E-02));
#9985 = CARTESIAN_POINT('',(1.541316371916,6.445215481418E-02));
#9986 = CARTESIAN_POINT('',(1.493940948573,5.785181973464E-02));
#9987 = CARTESIAN_POINT('',(1.354067697684,4.202179001445E-02));
#9988 = CARTESIAN_POINT('',(1.252139566973,3.380301683849E-02));
#9989 = CARTESIAN_POINT('',(1.139587234314,2.725541716735E-02));
#9990 = CARTESIAN_POINT('',(1.01998486283,2.23846095567E-02));
#9991 = CARTESIAN_POINT('',(0.896274651795,1.916137713931E-02));
#9992 = CARTESIAN_POINT('',(0.770673946866,1.754385964912E-02));
#9993 = CARTESIAN_POINT('',(0.644853519965,1.754385964912E-02));
#9994 = ( GEOMETRIC_REPRESENTATION_CONTEXT(2) 
PARAMETRIC_REPRESENTATION_CONTEXT() REPRESENTATION_CONTEXT('2D SPACE',''
  ) );
#9995 = PCURVE('',#6149,#9996);
#9996 = DEFINITIONAL_REPRESENTATION('',(#9997),#10012);
#9997 = B_SPLINE_CURVE_WITH_KNOTS('',7,(#9998,#9999,#10000,#10001,#10002
    ,#10003,#10004,#10005,#10006,#10007,#10008,#10009,#10010,#10011),
  .UNSPECIFIED.,.F.,.F.,(8,6,8),(0.,0.379302115876,1.),.UNSPECIFIED.);
#9998 = CARTESIAN_POINT('',(0.,52.826987188091));
#9999 = CARTESIAN_POINT('',(-9.408448780562E-02,52.827812230614));
#10000 = CARTESIAN_POINT('',(-0.188083963087,52.828634949106));
#10001 = CARTESIAN_POINT('',(-0.281121507669,52.82943571367));
#10002 = CARTESIAN_POINT('',(-0.372779740495,52.830199223512));
#10003 = CARTESIAN_POINT('',(-0.462785326825,52.830914557803));
#10004 = CARTESIAN_POINT('',(-0.550975180058,52.831574483885));
#10005 = CARTESIAN_POINT('',(-0.778482062712,52.833157229212));
#10006 = CARTESIAN_POINT('',(-0.914460334768,52.833978972763));
#10007 = CARTESIAN_POINT('',(-1.04649975958,52.834633626164));
#10008 = CARTESIAN_POINT('',(-1.175435100693,52.835120627649));
#10009 = CARTESIAN_POINT('',(-1.302164297194,52.83544289843));
#10010 = CARTESIAN_POINT('',(-1.427620667205,52.835604623853));
#10011 = CARTESIAN_POINT('',(-1.553343034275,52.835604623853));
#10012 = ( GEOMETRIC_REPRESENTATION_CONTEXT(2) 
PARAMETRIC_REPRESENTATION_CONTEXT() REPRESENTATION_CONTEXT('2D SPACE',''
  ) );
#10013 = ORIENTED_EDGE('',*,*,#6160,.T.);
#10014 = ORIENTED_EDGE('',*,*,#9916,.F.);
#10015 = ADVANCED_FACE('',(#10016),#6149,.T.);
#10016 = FACE_BOUND('',#10017,.F.);
#10017 = EDGE_LOOP('',(#10018,#10019,#10020,#10021));
#10018 = ORIENTED_EDGE('',*,*,#6133,.F.);
#10019 = ORIENTED_EDGE('',*,*,#9960,.T.);
#10020 = ORIENTED_EDGE('',*,*,#8187,.T.);
#10021 = ORIENTED_EDGE('',*,*,#10022,.T.);
#10022 = EDGE_CURVE('',#8168,#6100,#10023,.T.);
#10023 = SURFACE_CURVE('',#10024,(#10042,#10071),.PCURVE_S1.);
#10024 = B_SPLINE_CURVE_WITH_KNOTS('',6,(#10025,#10026,#10027,#10028,
    #10029,#10030,#10031,#10032,#10033,#10034,#10035,#10036,#10037,
    #10038,#10039,#10040,#10041),.UNSPECIFIED.,.F.,.F.,(7,5,5,7),(0.,1.,
    1.647176586552,2.39273673487),.UNSPECIFIED.);
#10025 = CARTESIAN_POINT('',(27.943372699484,-15.45580648509,2.01));
#10026 = CARTESIAN_POINT('',(28.042768214602,-15.45580648509,2.01));
#10027 = CARTESIAN_POINT('',(28.142100403679,-15.45590942964,
    2.021796276991));
#10028 = CARTESIAN_POINT('',(28.240295459279,-15.45611508176,
    2.045361676323));
#10029 = CARTESIAN_POINT('',(28.336109938784,-15.45642479249,
    2.080851010388));
#10030 = CARTESIAN_POINT('',(28.42809126056,-15.45683956753,
    2.128379522838));
#10031 = CARTESIAN_POINT('',(28.570391782833,-15.45769719878,
    2.226654329639));
#10032 = CARTESIAN_POINT('',(28.623931336166,-15.45807834097,
    2.270328898991));
#10033 = CARTESIAN_POINT('',(28.674609740682,-15.45850369915,
    2.319070118996));
#10034 = CARTESIAN_POINT('',(28.721822193858,-15.45897276685,
    2.372819952765));
#10035 = CARTESIAN_POINT('',(28.764868266221,-15.45948393749,
    2.431394306655));
#10036 = CARTESIAN_POINT('',(28.846980368155,-15.46066720704,
    2.566983566784));
#10037 = CARTESIAN_POINT('',(28.884485039467,-15.46135250465,
    2.645510895783));
#10038 = CARTESIAN_POINT('',(28.914307102913,-15.46208311035,
    2.729230016742));
#10039 = CARTESIAN_POINT('',(28.935314512479,-15.4628488884,
    2.816979488785));
#10040 = CARTESIAN_POINT('',(28.946642332479,-15.46363533059,
    2.90709683857));
#10041 = CARTESIAN_POINT('',(28.948219633116,-15.46442392085,
    2.997460331531));
#10042 = PCURVE('',#6149,#10043);
#10043 = DEFINITIONAL_REPRESENTATION('',(#10044),#10070);
#10044 = B_SPLINE_CURVE_WITH_KNOTS('',3,(#10045,#10046,#10047,#10048,
    #10049,#10050,#10051,#10052,#10053,#10054,#10055,#10056,#10057,
    #10058,#10059,#10060,#10061,#10062,#10063,#10064,#10065,#10066,
    #10067,#10068,#10069),.UNSPECIFIED.,.F.,.F.,(4,1,1,1,1,1,1,1,1,1,1,1
    ,1,1,1,1,1,1,1,1,1,1,4),(0.,0.108760760676,0.217521521352,
    0.326282282028,0.435043042704,0.54380380338,0.652564564056,
    0.761325324731,0.870086085407,0.978846846083,1.087607606759,
    1.196368367435,1.305129128111,1.413889888787,1.522650649463,
    1.631411410139,1.740172170815,1.848932931491,1.957693692167,
    2.066454452842,2.175215213518,2.283975974194,2.39273673487),
  .QUASI_UNIFORM_KNOTS.);
#10045 = CARTESIAN_POINT('',(-1.553343034275,64.700806485092));
#10046 = CARTESIAN_POINT('',(-1.531830450589,64.700806489813));
#10047 = CARTESIAN_POINT('',(-1.488810721376,64.700818658028));
#10048 = CARTESIAN_POINT('',(-1.424204577476,64.700873450007));
#10049 = CARTESIAN_POINT('',(-1.359427077572,64.700964826819));
#10050 = CARTESIAN_POINT('',(-1.29439021051,64.701092897223));
#10051 = CARTESIAN_POINT('',(-1.229008085201,64.701257792108));
#10052 = CARTESIAN_POINT('',(-1.163196157444,64.701459659009));
#10053 = CARTESIAN_POINT('',(-1.096869309217,64.701698650977));
#10054 = CARTESIAN_POINT('',(-1.029940896756,64.701974917085));
#10055 = CARTESIAN_POINT('',(-0.962318540464,64.702288607058));
#10056 = CARTESIAN_POINT('',(-0.893910639608,64.702639832787));
#10057 = CARTESIAN_POINT('',(-0.824658239827,64.703028445308));
#10058 = CARTESIAN_POINT('',(-0.75448474156,64.703454246991));
#10059 = CARTESIAN_POINT('',(-0.683335356726,64.703916742675));
#10060 = CARTESIAN_POINT('',(-0.611164955651,64.704415143614));
#10061 = CARTESIAN_POINT('',(-0.537950410204,64.704948224613));
#10062 = CARTESIAN_POINT('',(-0.463658274559,64.705514515049));
#10063 = CARTESIAN_POINT('',(-0.388314007645,64.706111738367));
#10064 = CARTESIAN_POINT('',(-0.312021737768,64.70673653508));
#10065 = CARTESIAN_POINT('',(-0.234889718848,64.70738503072));
#10066 = CARTESIAN_POINT('',(-0.157057504635,64.708052642698));
#10067 = CARTESIAN_POINT('',(-7.869081859848E-02,64.708734194652));
#10068 = CARTESIAN_POINT('',(-2.624120847949E-02,64.709193789424));
#10069 = CARTESIAN_POINT('',(0.,64.709423920854));
#10070 = ( GEOMETRIC_REPRESENTATION_CONTEXT(2) 
PARAMETRIC_REPRESENTATION_CONTEXT() REPRESENTATION_CONTEXT('2D SPACE',''
  ) );
#10071 = PCURVE('',#6119,#10072);
#10072 = DEFINITIONAL_REPRESENTATION('',(#10073),#10099);
#10073 = B_SPLINE_CURVE_WITH_KNOTS('',3,(#10074,#10075,#10076,#10077,
    #10078,#10079,#10080,#10081,#10082,#10083,#10084,#10085,#10086,
    #10087,#10088,#10089,#10090,#10091,#10092,#10093,#10094,#10095,
    #10096,#10097,#10098),.UNSPECIFIED.,.F.,.F.,(4,1,1,1,1,1,1,1,1,1,1,1
    ,1,1,1,1,1,1,1,1,1,1,4),(0.,0.108760760676,0.217521521352,
    0.326282282028,0.435043042704,0.54380380338,0.652564564056,
    0.761325324731,0.870086085407,0.978846846083,1.087607606759,
    1.196368367435,1.305129128111,1.413889888787,1.522650649463,
    1.631411410139,1.740172170815,1.848932931491,1.957693692167,
    2.066454452842,2.175215213518,2.283975974194,2.39273673487),
  .QUASI_UNIFORM_KNOTS.);
#10074 = CARTESIAN_POINT('',(-1.175101444572,2.777777777778E-02));
#10075 = CARTESIAN_POINT('',(-1.196627534679,2.777785254655E-02));
#10076 = CARTESIAN_POINT('',(-1.239680329226,2.797054730682E-02));
#10077 = CARTESIAN_POINT('',(-1.304084612316,2.88382281983E-02));
#10078 = CARTESIAN_POINT('',(-1.368140925196,3.028526324034E-02));
#10079 = CARTESIAN_POINT('',(-1.431663290495,3.231337472455E-02));
#10080 = CARTESIAN_POINT('',(-1.49445649721,3.492463540232E-02));
#10081 = CARTESIAN_POINT('',(-1.556314210379,3.812138162651E-02));
#10082 = CARTESIAN_POINT('',(-1.617018662753,4.190603710109E-02));
#10083 = CARTESIAN_POINT('',(-1.676339172187,4.628096252081E-02));
#10084 = CARTESIAN_POINT('',(-1.734033356256,5.124852893871E-02));
#10085 = CARTESIAN_POINT('',(-1.789838315283,5.681050822832E-02));
#10086 = CARTESIAN_POINT('',(-1.843445275708,6.296454142336E-02));
#10087 = CARTESIAN_POINT('',(-1.894541062996,6.970749887691E-02));
#10088 = CARTESIAN_POINT('',(-1.942777130676,7.703153924558E-02));
#10089 = CARTESIAN_POINT('',(-1.987782674614,8.492417203712E-02));
#10090 = CARTESIAN_POINT('',(-2.029162311892,9.336599514277E-02));
#10091 = CARTESIAN_POINT('',(-2.066519328164,0.102333719944));
#10092 = CARTESIAN_POINT('',(-2.0994256043,0.111791295102));
#10093 = CARTESIAN_POINT('',(-2.127442387318,0.121685520086));
#10094 = CARTESIAN_POINT('',(-2.150172541154,0.131955039162));
#10095 = CARTESIAN_POINT('',(-2.16726704616,0.142527282845));
#10096 = CARTESIAN_POINT('',(-2.17843163676,0.153320278757));
#10097 = CARTESIAN_POINT('',(-2.18180535441,0.160598380545));
#10098 = CARTESIAN_POINT('',(-2.182440138744,0.164242721328));
#10099 = ( GEOMETRIC_REPRESENTATION_CONTEXT(2) 
PARAMETRIC_REPRESENTATION_CONTEXT() REPRESENTATION_CONTEXT('2D SPACE',''
  ) );
#10100 = ADVANCED_FACE('',(#10101),#6119,.F.);
#10101 = FACE_BOUND('',#10102,.F.);
#10102 = EDGE_LOOP('',(#10103,#10132,#10152,#10153,#10154));
#10103 = ORIENTED_EDGE('',*,*,#10104,.T.);
#10104 = EDGE_CURVE('',#8140,#10105,#10107,.T.);
#10105 = VERTEX_POINT('',#10106);
#10106 = CARTESIAN_POINT('',(24.24793731889,-15.5172,9.045));
#10107 = SURFACE_CURVE('',#10108,(#10114,#10123),.PCURVE_S1.);
#10108 = B_SPLINE_CURVE_WITH_KNOTS('',4,(#10109,#10110,#10111,#10112,
    #10113),.UNSPECIFIED.,.F.,.F.,(5,5),(0.,1.),
  .PIECEWISE_BEZIER_KNOTS.);
#10109 = CARTESIAN_POINT('',(24.297639236041,-15.45580648509,2.01));
#10110 = CARTESIAN_POINT('',(24.285335796265,-15.47115491597,
    3.768755976413));
#10111 = CARTESIAN_POINT('',(24.272952585969,-15.48650331354,
    5.527508135901));
#10112 = CARTESIAN_POINT('',(24.260487281987,-15.50185167571,
    7.286256237847));
#10113 = CARTESIAN_POINT('',(24.24793731889,-15.5172,9.045));
#10114 = PCURVE('',#6119,#10115);
#10115 = DEFINITIONAL_REPRESENTATION('',(#10116),#10122);
#10116 = B_SPLINE_CURVE_WITH_KNOTS('',4,(#10117,#10118,#10119,#10120,
    #10121),.UNSPECIFIED.,.F.,.F.,(5,5),(0.,1.),
  .PIECEWISE_BEZIER_KNOTS.);
#10117 = CARTESIAN_POINT('',(2.454812351604,2.77777777778E-02));
#10118 = CARTESIAN_POINT('',(2.480789558242,0.270834159261));
#10119 = CARTESIAN_POINT('',(2.507233530805,0.513890013253));
#10120 = CARTESIAN_POINT('',(2.534162217493,0.756945306502));
#10121 = CARTESIAN_POINT('',(2.561595522017,1.));
#10122 = ( GEOMETRIC_REPRESENTATION_CONTEXT(2) 
PARAMETRIC_REPRESENTATION_CONTEXT() REPRESENTATION_CONTEXT('2D SPACE',''
  ) );
#10123 = PCURVE('',#8156,#10124);
#10124 = DEFINITIONAL_REPRESENTATION('',(#10125),#10131);
#10125 = B_SPLINE_CURVE_WITH_KNOTS('',4,(#10126,#10127,#10128,#10129,
    #10130),.UNSPECIFIED.,.F.,.F.,(5,5),(0.,1.),
  .PIECEWISE_BEZIER_KNOTS.);
#10126 = CARTESIAN_POINT('',(-0.219353830731,-0.5025));
#10127 = CARTESIAN_POINT('',(-0.214606097502,-2.261255976413));
#10128 = CARTESIAN_POINT('',(-0.209790088563,-4.020008136145));
#10129 = CARTESIAN_POINT('',(-0.204903292747,-5.778756237652));
#10130 = CARTESIAN_POINT('',(-0.199942913419,-7.537499999805));
#10131 = ( GEOMETRIC_REPRESENTATION_CONTEXT(2) 
PARAMETRIC_REPRESENTATION_CONTEXT() REPRESENTATION_CONTEXT('2D SPACE',''
  ) );
#10132 = ORIENTED_EDGE('',*,*,#10133,.T.);
#10133 = EDGE_CURVE('',#10105,#6072,#10134,.T.);
#10134 = SURFACE_CURVE('',#10135,(#10139,#10145),.PCURVE_S1.);
#10135 = LINE('',#10136,#10137);
#10136 = CARTESIAN_POINT('',(26.76315,-15.5172,9.045));
#10137 = VECTOR('',#10138,1.);
#10138 = DIRECTION('',(1.,0.,0.));
#10139 = PCURVE('',#6119,#10140);
#10140 = DEFINITIONAL_REPRESENTATION('',(#10141),#10144);
#10141 = B_SPLINE_CURVE_WITH_KNOTS('',1,(#10142,#10143),.UNSPECIFIED.,
  .F.,.F.,(2,2),(-2.51521268111,2.290629830685),
  .PIECEWISE_BEZIER_KNOTS.);
#10142 = CARTESIAN_POINT('',(2.561595522017,1.));
#10143 = CARTESIAN_POINT('',(-2.332871156762,1.));
#10144 = ( GEOMETRIC_REPRESENTATION_CONTEXT(2) 
PARAMETRIC_REPRESENTATION_CONTEXT() REPRESENTATION_CONTEXT('2D SPACE',''
  ) );
#10145 = PCURVE('',#6087,#10146);
#10146 = DEFINITIONAL_REPRESENTATION('',(#10147),#10151);
#10147 = LINE('',#10148,#10149);
#10148 = CARTESIAN_POINT('',(2.822488437956,0.493914203184));
#10149 = VECTOR('',#10150,1.);
#10150 = DIRECTION('',(0.982913837182,-0.184066261645));
#10151 = ( GEOMETRIC_REPRESENTATION_CONTEXT(2) 
PARAMETRIC_REPRESENTATION_CONTEXT() REPRESENTATION_CONTEXT('2D SPACE',''
  ) );
#10152 = ORIENTED_EDGE('',*,*,#6099,.F.);
#10153 = ORIENTED_EDGE('',*,*,#10022,.F.);
#10154 = ORIENTED_EDGE('',*,*,#8167,.F.);
#10155 = ADVANCED_FACE('',(#10156),#6087,.F.);
#10156 = FACE_BOUND('',#10157,.F.);
#10157 = EDGE_LOOP('',(#10158,#10183,#10203,#10204,#10205));
#10158 = ORIENTED_EDGE('',*,*,#10159,.F.);
#10159 = EDGE_CURVE('',#10160,#10162,#10164,.T.);
#10160 = VERTEX_POINT('',#10161);
#10161 = CARTESIAN_POINT('',(24.24793731889,-16.5222,9.045));
#10162 = VERTEX_POINT('',#10163);
#10163 = CARTESIAN_POINT('',(24.298341004259,-16.0197,9.045));
#10164 = SURFACE_CURVE('',#10165,(#10170,#10177),.PCURVE_S1.);
#10165 = CIRCLE('',#10166,2.530041004259);
#10166 = AXIS2_PLACEMENT_3D('',#10167,#10168,#10169);
#10167 = CARTESIAN_POINT('',(21.7683,-16.0197,9.045));
#10168 = DIRECTION('',(0.,0.,1.));
#10169 = DIRECTION('',(1.,0.,-0.));
#10170 = PCURVE('',#6087,#10171);
#10171 = DEFINITIONAL_REPRESENTATION('',(#10172),#10176);
#10172 = CIRCLE('',#10173,2.530041004259);
#10173 = AXIS2_PLACEMENT_2D('',#10174,#10175);
#10174 = CARTESIAN_POINT('',(-2.17951203817,0.919383366976));
#10175 = DIRECTION('',(0.982913837182,-0.184066261645));
#10176 = ( GEOMETRIC_REPRESENTATION_CONTEXT(2) 
PARAMETRIC_REPRESENTATION_CONTEXT() REPRESENTATION_CONTEXT('2D SPACE',''
  ) );
#10177 = PCURVE('',#8156,#10178);
#10178 = DEFINITIONAL_REPRESENTATION('',(#10179),#10182);
#10179 = B_SPLINE_CURVE_WITH_KNOTS('',1,(#10180,#10181),.UNSPECIFIED.,
  .F.,.F.,(2,2),(6.083242393762,6.28318530718),
  .PIECEWISE_BEZIER_KNOTS.);
#10180 = CARTESIAN_POINT('',(-6.083242393762,-7.5375));
#10181 = CARTESIAN_POINT('',(-6.28318530718,-7.5375));
#10182 = ( GEOMETRIC_REPRESENTATION_CONTEXT(2) 
PARAMETRIC_REPRESENTATION_CONTEXT() REPRESENTATION_CONTEXT('2D SPACE',''
  ) );
#10183 = ORIENTED_EDGE('',*,*,#10184,.T.);
#10184 = EDGE_CURVE('',#10160,#6038,#10185,.T.);
#10185 = SURFACE_CURVE('',#10186,(#10190,#10197),.PCURVE_S1.);
#10186 = LINE('',#10187,#10188);
#10187 = CARTESIAN_POINT('',(26.76315,-16.5222,9.045));
#10188 = VECTOR('',#10189,1.);
#10189 = DIRECTION('',(1.,0.,0.));
#10190 = PCURVE('',#6087,#10191);
#10191 = DEFINITIONAL_REPRESENTATION('',(#10192),#10196);
#10192 = LINE('',#10193,#10194);
#10193 = CARTESIAN_POINT('',(2.637501845003,-0.493914203184));
#10194 = VECTOR('',#10195,1.);
#10195 = DIRECTION('',(0.982913837182,-0.184066261645));
#10196 = ( GEOMETRIC_REPRESENTATION_CONTEXT(2) 
PARAMETRIC_REPRESENTATION_CONTEXT() REPRESENTATION_CONTEXT('2D SPACE',''
  ) );
#10197 = PCURVE('',#6057,#10198);
#10198 = DEFINITIONAL_REPRESENTATION('',(#10199),#10202);
#10199 = B_SPLINE_CURVE_WITH_KNOTS('',1,(#10200,#10201),.UNSPECIFIED.,
  .F.,.F.,(2,2),(-2.51521268111,2.290629830685),
  .PIECEWISE_BEZIER_KNOTS.);
#10200 = CARTESIAN_POINT('',(-2.561595522017,1.));
#10201 = CARTESIAN_POINT('',(2.332871156762,1.));
#10202 = ( GEOMETRIC_REPRESENTATION_CONTEXT(2) 
PARAMETRIC_REPRESENTATION_CONTEXT() REPRESENTATION_CONTEXT('2D SPACE',''
  ) );
#10203 = ORIENTED_EDGE('',*,*,#6071,.F.);
#10204 = ORIENTED_EDGE('',*,*,#10133,.F.);
#10205 = ORIENTED_EDGE('',*,*,#10206,.F.);
#10206 = EDGE_CURVE('',#10162,#10105,#10207,.T.);
#10207 = SURFACE_CURVE('',#10208,(#10213,#10220),.PCURVE_S1.);
#10208 = CIRCLE('',#10209,2.530041004259);
#10209 = AXIS2_PLACEMENT_3D('',#10210,#10211,#10212);
#10210 = CARTESIAN_POINT('',(21.7683,-16.0197,9.045));
#10211 = DIRECTION('',(0.,0.,1.));
#10212 = DIRECTION('',(1.,0.,-0.));
#10213 = PCURVE('',#6087,#10214);
#10214 = DEFINITIONAL_REPRESENTATION('',(#10215),#10219);
#10215 = CIRCLE('',#10216,2.530041004259);
#10216 = AXIS2_PLACEMENT_2D('',#10217,#10218);
#10217 = CARTESIAN_POINT('',(-2.17951203817,0.919383366976));
#10218 = DIRECTION('',(0.982913837182,-0.184066261645));
#10219 = ( GEOMETRIC_REPRESENTATION_CONTEXT(2) 
PARAMETRIC_REPRESENTATION_CONTEXT() REPRESENTATION_CONTEXT('2D SPACE',''
  ) );
#10220 = PCURVE('',#8156,#10221);
#10221 = DEFINITIONAL_REPRESENTATION('',(#10222),#10225);
#10222 = B_SPLINE_CURVE_WITH_KNOTS('',1,(#10223,#10224),.UNSPECIFIED.,
  .F.,.F.,(2,2),(0.,0.199942913418),.PIECEWISE_BEZIER_KNOTS.);
#10223 = CARTESIAN_POINT('',(0.,-7.5375));
#10224 = CARTESIAN_POINT('',(-0.199942913418,-7.5375));
#10225 = ( GEOMETRIC_REPRESENTATION_CONTEXT(2) 
PARAMETRIC_REPRESENTATION_CONTEXT() REPRESENTATION_CONTEXT('2D SPACE',''
  ) );
#10226 = ADVANCED_FACE('',(#10227),#6057,.F.);
#10227 = FACE_BOUND('',#10228,.F.);
#10228 = EDGE_LOOP('',(#10229,#10230,#10257,#10258,#10312));
#10229 = ORIENTED_EDGE('',*,*,#10184,.F.);
#10230 = ORIENTED_EDGE('',*,*,#10231,.T.);
#10231 = EDGE_CURVE('',#10160,#8120,#10232,.T.);
#10232 = SURFACE_CURVE('',#10233,(#10239,#10248),.PCURVE_S1.);
#10233 = B_SPLINE_CURVE_WITH_KNOTS('',4,(#10234,#10235,#10236,#10237,
    #10238),.UNSPECIFIED.,.F.,.F.,(5,5),(0.,1.),
  .PIECEWISE_BEZIER_KNOTS.);
#10234 = CARTESIAN_POINT('',(24.24793731889,-16.5222,9.045));
#10235 = CARTESIAN_POINT('',(24.260487281987,-16.53754832429,
    7.286256237837));
#10236 = CARTESIAN_POINT('',(24.272952585969,-16.55289668645,
    5.527508135984));
#10237 = CARTESIAN_POINT('',(24.285335796265,-16.56824508402,
    3.768755976424));
#10238 = CARTESIAN_POINT('',(24.297639236041,-16.5835935149,2.01));
#10239 = PCURVE('',#6057,#10240);
#10240 = DEFINITIONAL_REPRESENTATION('',(#10241),#10247);
#10241 = B_SPLINE_CURVE_WITH_KNOTS('',4,(#10242,#10243,#10244,#10245,
    #10246),.UNSPECIFIED.,.F.,.F.,(5,5),(0.,1.),
  .PIECEWISE_BEZIER_KNOTS.);
#10242 = CARTESIAN_POINT('',(-2.561595522017,1.));
#10243 = CARTESIAN_POINT('',(-2.534162217493,0.7569453065));
#10244 = CARTESIAN_POINT('',(-2.5072335308,0.513890013202));
#10245 = CARTESIAN_POINT('',(-2.480789558248,0.270834159313));
#10246 = CARTESIAN_POINT('',(-2.454812351609,2.777777782778E-02));
#10247 = ( GEOMETRIC_REPRESENTATION_CONTEXT(2) 
PARAMETRIC_REPRESENTATION_CONTEXT() REPRESENTATION_CONTEXT('2D SPACE',''
  ) );
#10248 = PCURVE('',#8156,#10249);
#10249 = DEFINITIONAL_REPRESENTATION('',(#10250),#10256);
#10250 = B_SPLINE_CURVE_WITH_KNOTS('',4,(#10251,#10252,#10253,#10254,
    #10255),.UNSPECIFIED.,.F.,.F.,(5,5),(0.,1.),
  .PIECEWISE_BEZIER_KNOTS.);
#10251 = CARTESIAN_POINT('',(-6.083242393761,-7.537499999893));
#10252 = CARTESIAN_POINT('',(-6.078282014433,-5.77875623773));
#10253 = CARTESIAN_POINT('',(-6.073395218617,-4.020008136117));
#10254 = CARTESIAN_POINT('',(-6.068579209677,-2.261255976424));
#10255 = CARTESIAN_POINT('',(-6.063831476448,-0.5025));
#10256 = ( GEOMETRIC_REPRESENTATION_CONTEXT(2) 
PARAMETRIC_REPRESENTATION_CONTEXT() REPRESENTATION_CONTEXT('2D SPACE',''
  ) );
#10257 = ORIENTED_EDGE('',*,*,#8119,.F.);
#10258 = ORIENTED_EDGE('',*,*,#10259,.F.);
#10259 = EDGE_CURVE('',#6011,#8098,#10260,.T.);
#10260 = SURFACE_CURVE('',#10261,(#10276,#10294),.PCURVE_S1.);
#10261 = B_SPLINE_CURVE_WITH_KNOTS('',7,(#10262,#10263,#10264,#10265,
    #10266,#10267,#10268,#10269,#10270,#10271,#10272,#10273,#10274,
    #10275),.UNSPECIFIED.,.F.,.F.,(8,6,8),(0.,0.379127031716,1.),
  .UNSPECIFIED.);
#10262 = CARTESIAN_POINT('',(28.948219633116,-16.57497607914,
    2.997460331531));
#10263 = CARTESIAN_POINT('',(28.946572803693,-16.57579943114,
    2.903113537062));
#10264 = CARTESIAN_POINT('',(28.934592663397,-16.57662042549,
    2.809036903472));
#10265 = CARTESIAN_POINT('',(28.912353975121,-16.57741977187,
    2.717440880497));
#10266 = CARTESIAN_POINT('',(28.88070318254,-16.57818229988,
    2.630063825201));
#10267 = CARTESIAN_POINT('',(28.840777770057,-16.57889707898,
    2.548158252821));
#10268 = CARTESIAN_POINT('',(28.793841694804,-16.57955679771,
    2.472561974358));
#10269 = CARTESIAN_POINT('',(28.654807584675,-16.58114038661,
    2.291100660089));
#10270 = CARTESIAN_POINT('',(28.553078852944,-16.58196352794,
    2.196778006356));
#10271 = CARTESIAN_POINT('',(28.440421565315,-16.58261968791,
    2.121589520629));
#10272 = CARTESIAN_POINT('',(28.3204577535,-16.58310803899,
    2.065630029866));
#10273 = CARTESIAN_POINT('',(28.196193796112,-16.58343129021,
    2.028589108203));
#10274 = CARTESIAN_POINT('',(28.069918474914,-16.5835935149,2.01));
#10275 = CARTESIAN_POINT('',(27.943372699484,-16.5835935149,2.01));
#10276 = PCURVE('',#6057,#10277);
#10277 = DEFINITIONAL_REPRESENTATION('',(#10278),#10293);
#10278 = B_SPLINE_CURVE_WITH_KNOTS('',7,(#10279,#10280,#10281,#10282,
    #10283,#10284,#10285,#10286,#10287,#10288,#10289,#10290,#10291,
    #10292),.UNSPECIFIED.,.F.,.F.,(8,6,8),(0.,0.379127031716,1.),
  .UNSPECIFIED.);
#10279 = CARTESIAN_POINT('',(2.182440138744,0.164242721328));
#10280 = CARTESIAN_POINT('',(2.180138553654,0.151204192518));
#10281 = CARTESIAN_POINT('',(2.167519590116,0.138202999374));
#10282 = CARTESIAN_POINT('',(2.144686332381,0.125544621406));
#10283 = CARTESIAN_POINT('',(2.11250892517,0.113469295909));
#10284 = CARTESIAN_POINT('',(2.07213904183,0.102150117858));
#10285 = CARTESIAN_POINT('',(2.024846431017,9.170287097262E-02));
#10286 = CARTESIAN_POINT('',(1.885102992381,6.662529851978E-02));
#10287 = CARTESIAN_POINT('',(1.783169229083,5.359010590877E-02));
#10288 = CARTESIAN_POINT('',(1.67053498784,4.319921512287E-02));
#10289 = CARTESIAN_POINT('',(1.550789366548,3.546573104834E-02));
#10290 = CARTESIAN_POINT('',(1.426894945225,3.0346753483E-02));
#10291 = CARTESIAN_POINT('',(1.301098109081,2.777777777778E-02));
#10292 = CARTESIAN_POINT('',(1.175101444572,2.777777777778E-02));
#10293 = ( GEOMETRIC_REPRESENTATION_CONTEXT(2) 
PARAMETRIC_REPRESENTATION_CONTEXT() REPRESENTATION_CONTEXT('2D SPACE',''
  ) );
#10294 = PCURVE('',#6026,#10295);
#10295 = DEFINITIONAL_REPRESENTATION('',(#10296),#10311);
#10296 = B_SPLINE_CURVE_WITH_KNOTS('',7,(#10297,#10298,#10299,#10300,
    #10301,#10302,#10303,#10304,#10305,#10306,#10307,#10308,#10309,
    #10310),.UNSPECIFIED.,.F.,.F.,(8,6,8),(0.,0.379127031716,1.),
  .UNSPECIFIED.);
#10297 = CARTESIAN_POINT('',(0.,65.819976079146));
#10298 = CARTESIAN_POINT('',(-9.389170759354E-02,65.820799431148));
#10299 = CARTESIAN_POINT('',(-0.187693858546,65.821620425491));
#10300 = CARTESIAN_POINT('',(-0.280559689971,65.822419771874));
#10301 = CARTESIAN_POINT('',(-0.372078821842,65.823182299884));
#10302 = CARTESIAN_POINT('',(-0.461978835854,65.823897078985));
#10303 = CARTESIAN_POINT('',(-0.550092218176,65.824556797713));
#10304 = CARTESIAN_POINT('',(-0.777556498596,65.826140386611));
#10305 = CARTESIAN_POINT('',(-0.913619192396,65.82696352794));
#10306 = CARTESIAN_POINT('',(-1.045782735119,65.827619687915));
#10307 = CARTESIAN_POINT('',(-1.174873644777,65.828108038992));
#10308 = CARTESIAN_POINT('',(-1.301779802057,65.828431290218));
#10309 = CARTESIAN_POINT('',(-1.427426839818,65.828593514908));
#10310 = CARTESIAN_POINT('',(-1.553343034275,65.828593514908));
#10311 = ( GEOMETRIC_REPRESENTATION_CONTEXT(2) 
PARAMETRIC_REPRESENTATION_CONTEXT() REPRESENTATION_CONTEXT('2D SPACE',''
  ) );
#10312 = ORIENTED_EDGE('',*,*,#6037,.T.);
#10313 = ADVANCED_FACE('',(#10314),#6026,.T.);
#10314 = FACE_BOUND('',#10315,.F.);
#10315 = EDGE_LOOP('',(#10316,#10317,#10318,#10319));
#10316 = ORIENTED_EDGE('',*,*,#6010,.F.);
#10317 = ORIENTED_EDGE('',*,*,#10259,.T.);
#10318 = ORIENTED_EDGE('',*,*,#8097,.T.);
#10319 = ORIENTED_EDGE('',*,*,#10320,.T.);
#10320 = EDGE_CURVE('',#8078,#5977,#10321,.T.);
#10321 = SURFACE_CURVE('',#10322,(#10343,#10394),.PCURVE_S1.);
#10322 = B_SPLINE_CURVE_WITH_KNOTS('',7,(#10323,#10324,#10325,#10326,
    #10327,#10328,#10329,#10330,#10331,#10332,#10333,#10334,#10335,
    #10336,#10337,#10338,#10339,#10340,#10341,#10342),.UNSPECIFIED.,.F.,
  .F.,(8,6,6,8),(0.,1.,2.676442124077,4.176216729792),.UNSPECIFIED.);
#10323 = CARTESIAN_POINT('',(27.943372699484,-44.6418113804,2.01));
#10324 = CARTESIAN_POINT('',(27.992139588181,-44.6418113804,2.01));
#10325 = CARTESIAN_POINT('',(28.040900187493,-44.64183547241,
    2.012760671097));
#10326 = CARTESIAN_POINT('',(28.08953171048,-44.64188364869,
    2.01828112596));
#10327 = CARTESIAN_POINT('',(28.137907616181,-44.64195594681,
    2.026565669912));
#10328 = CARTESIAN_POINT('',(28.185896241214,-44.64205244251,
    2.0376229818));
#10329 = CARTESIAN_POINT('',(28.233359431375,-44.64217324255,
    2.051465294861));
#10330 = CARTESIAN_POINT('',(28.358594820346,-44.64256195562,
    2.096007401397));
#10331 = CARTESIAN_POINT('',(28.435112996481,-44.6428739873,
    2.131762689931));
#10332 = CARTESIAN_POINT('',(28.509069583653,-44.6432552541,
    2.175451537506));
#10333 = CARTESIAN_POINT('',(28.579642218724,-44.643706515,
    2.227160915882));
#10334 = CARTESIAN_POINT('',(28.645824742878,-44.64422783152,
    2.286897871653));
#10335 = CARTESIAN_POINT('',(28.706449868732,-44.64481777736,
    2.354498969311));
#10336 = CARTESIAN_POINT('',(28.808346563715,-44.64605847816,
    2.496669198594));
#10337 = CARTESIAN_POINT('',(28.851018314064,-44.64669668211,
    2.569800128369));
#10338 = CARTESIAN_POINT('',(28.887180703376,-44.64738307602,
    2.648453080145));
#10339 = CARTESIAN_POINT('',(28.915764084893,-44.64811092292,
    2.731856073812));
#10340 = CARTESIAN_POINT('',(28.935819675457,-44.64887048873,
    2.818893694031));
#10341 = CARTESIAN_POINT('',(28.946659088485,-44.64964860327,
    2.908056789504));
#10342 = CARTESIAN_POINT('',(28.948219633116,-44.65042881616,
    2.997460331531));
#10343 = PCURVE('',#6026,#10344);
#10344 = DEFINITIONAL_REPRESENTATION('',(#10345),#10393);
#10345 = B_SPLINE_CURVE_WITH_KNOTS('',3,(#10346,#10347,#10348,#10349,
    #10350,#10351,#10352,#10353,#10354,#10355,#10356,#10357,#10358,
    #10359,#10360,#10361,#10362,#10363,#10364,#10365,#10366,#10367,
    #10368,#10369,#10370,#10371,#10372,#10373,#10374,#10375,#10376,
    #10377,#10378,#10379,#10380,#10381,#10382,#10383,#10384,#10385,
    #10386,#10387,#10388,#10389,#10390,#10391,#10392),.UNSPECIFIED.,.F.,
  .F.,(4,1,1,1,1,1,1,1,1,1,1,1,1,1,1,1,1,1,1,1,1,1,1,1,1,1,1,1,1,1,1,1,1
    ,1,1,1,1,1,1,1,1,1,1,1,4),(0.,9.491401658618E-02,0.189828033172,
    0.284742049759,0.379656066345,0.474570082931,0.569484099517,
    0.664398116103,0.759312132689,0.854226149276,0.949140165862,
    1.044054182448,1.138968199034,1.23388221562,1.328796232206,
    1.423710248793,1.518624265379,1.613538281965,1.708452298551,
    1.803366315137,1.898280331724,1.99319434831,2.088108364896,
    2.183022381482,2.277936398068,2.372850414654,2.467764431241,
    2.562678447827,2.657592464413,2.752506480999,2.847420497585,
    2.942334514171,3.037248530758,3.132162547344,3.22707656393,
    3.321990580516,3.416904597102,3.511818613688,3.606732630275,
    3.701646646861,3.796560663447,3.891474680033,3.986388696619,
    4.081302713206,4.176216729792),.QUASI_UNIFORM_KNOTS.);
#10346 = CARTESIAN_POINT('',(-1.553343034275,93.886811380407));
#10347 = CARTESIAN_POINT('',(-1.542596573691,93.88681138065));
#10348 = CARTESIAN_POINT('',(-1.521104377074,93.886814418727));
#10349 = CARTESIAN_POINT('',(-1.488857033215,93.886828091958));
#10350 = CARTESIAN_POINT('',(-1.456589350951,93.886850883539));
#10351 = CARTESIAN_POINT('',(-1.424290274895,93.886882799606));
#10352 = CARTESIAN_POINT('',(-1.391948837685,93.886923848675));
#10353 = CARTESIAN_POINT('',(-1.359554134431,93.886974041872));
#10354 = CARTESIAN_POINT('',(-1.327095258241,93.88703339271));
#10355 = CARTESIAN_POINT('',(-1.294561267531,93.887101916914));
#10356 = CARTESIAN_POINT('',(-1.261941062241,93.887179632515));
#10357 = CARTESIAN_POINT('',(-1.229223590233,93.887266558819));
#10358 = CARTESIAN_POINT('',(-1.19639682223,93.887362719596));
#10359 = CARTESIAN_POINT('',(-1.163454668938,93.887468120341));
#10360 = CARTESIAN_POINT('',(-1.130383501361,93.88758278885));
#10361 = CARTESIAN_POINT('',(-1.097171230513,93.887706749819));
#10362 = CARTESIAN_POINT('',(-1.063806146346,93.887840026368));
#10363 = CARTESIAN_POINT('',(-1.030277158685,93.887982638182));
#10364 = CARTESIAN_POINT('',(-0.996573667663,93.888134600563));
#10365 = CARTESIAN_POINT('',(-0.962685538849,93.88829592322));
#10366 = CARTESIAN_POINT('',(-0.928603055893,93.888466609141));
#10367 = CARTESIAN_POINT('',(-0.894316884931,93.88864665343));
#10368 = CARTESIAN_POINT('',(-0.859818041367,93.888836042153));
#10369 = CARTESIAN_POINT('',(-0.82509786234,93.889034751178));
#10370 = CARTESIAN_POINT('',(-0.790147980705,93.889242745025));
#10371 = CARTESIAN_POINT('',(-0.754960313053,93.889459975648));
#10372 = CARTESIAN_POINT('',(-0.719527014642,93.889686381477));
#10373 = CARTESIAN_POINT('',(-0.683840575355,93.889921885476));
#10374 = CARTESIAN_POINT('',(-0.647893405102,93.890166396847));
#10375 = CARTESIAN_POINT('',(-0.611679337832,93.890419799124));
#10376 = CARTESIAN_POINT('',(-0.575187985556,93.890681989064));
#10377 = CARTESIAN_POINT('',(-0.53841335294,93.890952815641));
#10378 = CARTESIAN_POINT('',(-0.501364669908,93.891231991612));
#10379 = CARTESIAN_POINT('',(-0.464048692858,93.891519217804));
#10380 = CARTESIAN_POINT('',(-0.426474189077,93.891814150795));
#10381 = CARTESIAN_POINT('',(-0.388650838961,93.892116410248));
#10382 = CARTESIAN_POINT('',(-0.350589663248,93.89242557567));
#10383 = CARTESIAN_POINT('',(-0.312303071358,93.892741186074));
#10384 = CARTESIAN_POINT('',(-0.273805042114,93.893062738949));
#10385 = CARTESIAN_POINT('',(-0.23511130345,93.893389689504));
#10386 = CARTESIAN_POINT('',(-0.196239546609,93.893721449991));
#10387 = CARTESIAN_POINT('',(-0.157209685014,93.894057389006));
#10388 = CARTESIAN_POINT('',(-0.118044106013,93.894396831424));
#10389 = CARTESIAN_POINT('',(-7.876814261162E-02,93.894739056541));
#10390 = CARTESIAN_POINT('',(-3.940994376163E-02,93.895083303524));
#10391 = CARTESIAN_POINT('',(-1.313854253528E-02,93.895313601374));
#10392 = CARTESIAN_POINT('',(0.,93.895428816169));
#10393 = ( GEOMETRIC_REPRESENTATION_CONTEXT(2) 
PARAMETRIC_REPRESENTATION_CONTEXT() REPRESENTATION_CONTEXT('2D SPACE',''
  ) );
#10394 = PCURVE('',#5996,#10395);
#10395 = DEFINITIONAL_REPRESENTATION('',(#10396),#10444);
#10396 = B_SPLINE_CURVE_WITH_KNOTS('',3,(#10397,#10398,#10399,#10400,
    #10401,#10402,#10403,#10404,#10405,#10406,#10407,#10408,#10409,
    #10410,#10411,#10412,#10413,#10414,#10415,#10416,#10417,#10418,
    #10419,#10420,#10421,#10422,#10423,#10424,#10425,#10426,#10427,
    #10428,#10429,#10430,#10431,#10432,#10433,#10434,#10435,#10436,
    #10437,#10438,#10439,#10440,#10441,#10442,#10443),.UNSPECIFIED.,.F.,
  .F.,(4,1,1,1,1,1,1,1,1,1,1,1,1,1,1,1,1,1,1,1,1,1,1,1,1,1,1,1,1,1,1,1,1
    ,1,1,1,1,1,1,1,1,1,1,1,4),(0.,9.491401658618E-02,0.189828033172,
    0.284742049759,0.379656066345,0.474570082931,0.569484099517,
    0.664398116103,0.759312132689,0.854226149276,0.949140165862,
    1.044054182448,1.138968199034,1.23388221562,1.328796232206,
    1.423710248793,1.518624265379,1.613538281965,1.708452298551,
    1.803366315137,1.898280331724,1.99319434831,2.088108364896,
    2.183022381482,2.277936398068,2.372850414654,2.467764431241,
    2.562678447827,2.657592464413,2.752506480999,2.847420497585,
    2.942334514171,3.037248530758,3.132162547344,3.22707656393,
    3.321990580516,3.416904597102,3.511818613688,3.606732630275,
    3.701646646861,3.796560663447,3.891474680033,3.986388696619,
    4.081302713206,4.176216729792),.QUASI_UNIFORM_KNOTS.);
#10397 = CARTESIAN_POINT('',(-1.855294462003,2.127659574468E-02));
#10398 = CARTESIAN_POINT('',(-1.866046383431,2.127659869896E-02));
#10399 = CARTESIAN_POINT('',(-1.887551161445,2.131344945338E-02));
#10400 = CARTESIAN_POINT('',(-1.919788996992,2.147930073926E-02));
#10401 = CARTESIAN_POINT('',(-1.95198548235,2.175575427789E-02));
#10402 = CARTESIAN_POINT('',(-1.984118184958,2.214288448126E-02));
#10403 = CARTESIAN_POINT('',(-2.01616436706,2.264079465481E-02));
#10404 = CARTESIAN_POINT('',(-2.048100921185,2.324961974724E-02));
#10405 = CARTESIAN_POINT('',(-2.079904357442,2.396952367263E-02));
#10406 = CARTESIAN_POINT('',(-2.111550756566,2.480069717349E-02));
#10407 = CARTESIAN_POINT('',(-2.143015807977,2.574335894775E-02));
#10408 = CARTESIAN_POINT('',(-2.174274541865,2.679774317916E-02));
#10409 = CARTESIAN_POINT('',(-2.205302199943,2.796413819E-02));
#10410 = CARTESIAN_POINT('',(-2.236067708919,2.924261062168E-02));
#10411 = CARTESIAN_POINT('',(-2.266546290331,3.063349764809E-02));
#10412 = CARTESIAN_POINT('',(-2.296710726914,3.213709880206E-02));
#10413 = CARTESIAN_POINT('',(-2.326532435169,3.375369452202E-02));
#10414 = CARTESIAN_POINT('',(-2.355981191716,3.548352360283E-02));
#10415 = CARTESIAN_POINT('',(-2.385025224454,3.732677161916E-02));
#10416 = CARTESIAN_POINT('',(-2.413631210059,3.928355636944E-02));
#10417 = CARTESIAN_POINT('',(-2.441764300674,4.135391408012E-02));
#10418 = CARTESIAN_POINT('',(-2.46938814686,4.353778536308E-02));
#10419 = CARTESIAN_POINT('',(-2.496464925766,4.58350012153E-02));
#10420 = CARTESIAN_POINT('',(-2.522955371633,4.824526891136E-02));
#10421 = CARTESIAN_POINT('',(-2.548818811274,5.07681580973E-02));
#10422 = CARTESIAN_POINT('',(-2.574013196926,5.340308600131E-02));
#10423 = CARTESIAN_POINT('',(-2.598495164292,5.6149305791E-02));
#10424 = CARTESIAN_POINT('',(-2.622220012203,5.900588304231E-02));
#10425 = CARTESIAN_POINT('',(-2.645141990436,6.19717164304E-02));
#10426 = CARTESIAN_POINT('',(-2.667213453242,6.504539323613E-02));
#10427 = CARTESIAN_POINT('',(-2.688388261875,6.822566118311E-02));
#10428 = CARTESIAN_POINT('',(-2.70861648805,7.15106883761E-02));
#10429 = CARTESIAN_POINT('',(-2.727839811406,7.489699065889E-02));
#10430 = CARTESIAN_POINT('',(-2.746002474344,7.83809391735E-02));
#10431 = CARTESIAN_POINT('',(-2.763048969002,8.195836834049E-02));
#10432 = CARTESIAN_POINT('',(-2.778925101911,8.562466480517E-02));
#10433 = CARTESIAN_POINT('',(-2.793578180172,8.937472814554E-02));
#10434 = CARTESIAN_POINT('',(-2.806957465257,9.320296675846E-02));
#10435 = CARTESIAN_POINT('',(-2.819014592337,9.710328536501E-02));
#10436 = CARTESIAN_POINT('',(-2.829704043532,0.101069075856));
#10437 = CARTESIAN_POINT('',(-2.838983649826,0.105093209056));
#10438 = CARTESIAN_POINT('',(-2.846815160432,0.109168026274));
#10439 = CARTESIAN_POINT('',(-2.853164775848,0.113285338483));
#10440 = CARTESIAN_POINT('',(-2.858004047031,0.117436403822));
#10441 = CARTESIAN_POINT('',(-2.861309660832,0.12161199365));
#10442 = CARTESIAN_POINT('',(-2.862481656781,0.124405422227));
#10443 = CARTESIAN_POINT('',(-2.862806945757,0.125802935485));
#10444 = ( GEOMETRIC_REPRESENTATION_CONTEXT(2) 
PARAMETRIC_REPRESENTATION_CONTEXT() REPRESENTATION_CONTEXT('2D SPACE',''
  ) );
#10445 = ADVANCED_FACE('',(#10446),#5996,.F.);
#10446 = FACE_BOUND('',#10447,.F.);
#10447 = EDGE_LOOP('',(#10448,#10477,#10497,#10498,#10499));
#10448 = ORIENTED_EDGE('',*,*,#10449,.T.);
#10449 = EDGE_CURVE('',#8050,#10450,#10452,.T.);
#10450 = VERTEX_POINT('',#10451);
#10451 = CARTESIAN_POINT('',(22.895507682573,-44.7225,11.256));
#10452 = SURFACE_CURVE('',#10453,(#10459,#10468),.PCURVE_S1.);
#10453 = B_SPLINE_CURVE_WITH_KNOTS('',4,(#10454,#10455,#10456,#10457,
    #10458),.UNSPECIFIED.,.F.,.F.,(5,5),(0.,1.),
  .PIECEWISE_BEZIER_KNOTS.);
#10454 = CARTESIAN_POINT('',(22.962190205064,-44.6418113804,2.01));
#10455 = CARTESIAN_POINT('',(22.945713706067,-44.66198361153,
    4.321508735253));
#10456 = CARTESIAN_POINT('',(22.929110780286,-44.68215579415,
    6.633011911511));
#10457 = CARTESIAN_POINT('',(22.912377072508,-44.70232792494,
    8.944509149592));
#10458 = CARTESIAN_POINT('',(22.895507682573,-44.7225,11.256));
#10459 = PCURVE('',#5996,#10460);
#10460 = DEFINITIONAL_REPRESENTATION('',(#10461),#10467);
#10461 = B_SPLINE_CURVE_WITH_KNOTS('',4,(#10462,#10463,#10464,#10465,
    #10466),.UNSPECIFIED.,.F.,.F.,(5,5),(0.,1.),
  .PIECEWISE_BEZIER_KNOTS.);
#10462 = CARTESIAN_POINT('',(3.103627909292,2.12765957447E-02));
#10463 = CARTESIAN_POINT('',(3.13819124563,0.265958371467));
#10464 = CARTESIAN_POINT('',(3.173419720693,0.51063955875));
#10465 = CARTESIAN_POINT('',(3.209340977268,0.755320117454));
#10466 = CARTESIAN_POINT('',(3.245985981593,1.));
#10467 = ( GEOMETRIC_REPRESENTATION_CONTEXT(2) 
PARAMETRIC_REPRESENTATION_CONTEXT() REPRESENTATION_CONTEXT('2D SPACE',''
  ) );
#10468 = PCURVE('',#8066,#10469);
#10469 = DEFINITIONAL_REPRESENTATION('',(#10470),#10476);
#10470 = B_SPLINE_CURVE_WITH_KNOTS('',4,(#10471,#10472,#10473,#10474,
    #10475),.UNSPECIFIED.,.F.,.F.,(5,5),(0.,1.),
  .PIECEWISE_BEZIER_KNOTS.);
#10471 = CARTESIAN_POINT('',(-0.201004540349,-0.5025));
#10472 = CARTESIAN_POINT('',(-0.195363835698,-2.814008735253));
#10473 = CARTESIAN_POINT('',(-0.189627908889,-5.125511911539));
#10474 = CARTESIAN_POINT('',(-0.183792644903,-7.43700914957));
#10475 = CARTESIAN_POINT('',(-0.177853370321,-9.748499999978));
#10476 = ( GEOMETRIC_REPRESENTATION_CONTEXT(2) 
PARAMETRIC_REPRESENTATION_CONTEXT() REPRESENTATION_CONTEXT('2D SPACE',''
  ) );
#10477 = ORIENTED_EDGE('',*,*,#10478,.T.);
#10478 = EDGE_CURVE('',#10450,#5949,#10479,.T.);
#10479 = SURFACE_CURVE('',#10480,(#10484,#10490),.PCURVE_S1.);
#10480 = LINE('',#10481,#10482);
#10481 = CARTESIAN_POINT('',(26.07975,-44.7225,11.256));
#10482 = VECTOR('',#10483,1.);
#10483 = DIRECTION('',(1.,0.,0.));
#10484 = PCURVE('',#5996,#10485);
#10485 = DEFINITIONAL_REPRESENTATION('',(#10486),#10489);
#10486 = B_SPLINE_CURVE_WITH_KNOTS('',1,(#10487,#10488),.UNSPECIFIED.,
  .F.,.F.,(2,2),(-3.184242317427,3.012622979241),
  .PIECEWISE_BEZIER_KNOTS.);
#10487 = CARTESIAN_POINT('',(3.245985981593,1.));
#10488 = CARTESIAN_POINT('',(-3.071038879461,1.));
#10489 = ( GEOMETRIC_REPRESENTATION_CONTEXT(2) 
PARAMETRIC_REPRESENTATION_CONTEXT() REPRESENTATION_CONTEXT('2D SPACE',''
  ) );
#10490 = PCURVE('',#5964,#10491);
#10491 = DEFINITIONAL_REPRESENTATION('',(#10492),#10496);
#10492 = LINE('',#10493,#10494);
#10493 = CARTESIAN_POINT('',(3.478221777974,0.496994794464));
#10494 = VECTOR('',#10495,1.);
#10495 = DIRECTION('',(0.989044367093,-0.147618562253));
#10496 = ( GEOMETRIC_REPRESENTATION_CONTEXT(2) 
PARAMETRIC_REPRESENTATION_CONTEXT() REPRESENTATION_CONTEXT('2D SPACE',''
  ) );
#10497 = ORIENTED_EDGE('',*,*,#5976,.F.);
#10498 = ORIENTED_EDGE('',*,*,#10320,.F.);
#10499 = ORIENTED_EDGE('',*,*,#8077,.F.);
#10500 = ADVANCED_FACE('',(#10501),#5964,.F.);
#10501 = FACE_BOUND('',#10502,.F.);
#10502 = EDGE_LOOP('',(#10503,#10528,#10548,#10549,#10550));
#10503 = ORIENTED_EDGE('',*,*,#10504,.F.);
#10504 = EDGE_CURVE('',#10505,#10507,#10509,.T.);
#10505 = VERTEX_POINT('',#10506);
#10506 = CARTESIAN_POINT('',(22.895507682573,-45.7275,11.256));
#10507 = VERTEX_POINT('',#10508);
#10508 = CARTESIAN_POINT('',(22.940311506389,-45.225,11.256));
#10509 = SURFACE_CURVE('',#10510,(#10515,#10522),.PCURVE_S1.);
#10510 = CIRCLE('',#10511,2.840311506389);
#10511 = AXIS2_PLACEMENT_3D('',#10512,#10513,#10514);
#10512 = CARTESIAN_POINT('',(20.1,-45.225,11.256));
#10513 = DIRECTION('',(0.,0.,1.));
#10514 = DIRECTION('',(1.,0.,-0.));
#10515 = PCURVE('',#5964,#10516);
#10516 = DEFINITIONAL_REPRESENTATION('',(#10517),#10521);
#10517 = CIRCLE('',#10518,2.840311506389);
#10518 = AXIS2_PLACEMENT_2D('',#10519,#10520);
#10519 = CARTESIAN_POINT('',(-2.510194603682,0.882722097631));
#10520 = DIRECTION('',(0.989044367093,-0.147618562253));
#10521 = ( GEOMETRIC_REPRESENTATION_CONTEXT(2) 
PARAMETRIC_REPRESENTATION_CONTEXT() REPRESENTATION_CONTEXT('2D SPACE',''
  ) );
#10522 = PCURVE('',#8066,#10523);
#10523 = DEFINITIONAL_REPRESENTATION('',(#10524),#10527);
#10524 = B_SPLINE_CURVE_WITH_KNOTS('',1,(#10525,#10526),.UNSPECIFIED.,
  .F.,.F.,(2,2),(6.105331936858,6.28318530718),
  .PIECEWISE_BEZIER_KNOTS.);
#10525 = CARTESIAN_POINT('',(-6.105331936858,-9.7485));
#10526 = CARTESIAN_POINT('',(-6.28318530718,-9.7485));
#10527 = ( GEOMETRIC_REPRESENTATION_CONTEXT(2) 
PARAMETRIC_REPRESENTATION_CONTEXT() REPRESENTATION_CONTEXT('2D SPACE',''
  ) );
#10528 = ORIENTED_EDGE('',*,*,#10529,.T.);
#10529 = EDGE_CURVE('',#10505,#5915,#10530,.T.);
#10530 = SURFACE_CURVE('',#10531,(#10535,#10542),.PCURVE_S1.);
#10531 = LINE('',#10532,#10533);
#10532 = CARTESIAN_POINT('',(26.07975,-45.7275,11.256));
#10533 = VECTOR('',#10534,1.);
#10534 = DIRECTION('',(1.,0.,0.));
#10535 = PCURVE('',#5964,#10536);
#10536 = DEFINITIONAL_REPRESENTATION('',(#10537),#10541);
#10537 = LINE('',#10538,#10539);
#10538 = CARTESIAN_POINT('',(3.32986512291,-0.496994794464));
#10539 = VECTOR('',#10540,1.);
#10540 = DIRECTION('',(0.989044367093,-0.147618562253));
#10541 = ( GEOMETRIC_REPRESENTATION_CONTEXT(2) 
PARAMETRIC_REPRESENTATION_CONTEXT() REPRESENTATION_CONTEXT('2D SPACE',''
  ) );
#10542 = PCURVE('',#5934,#10543);
#10543 = DEFINITIONAL_REPRESENTATION('',(#10544),#10547);
#10544 = B_SPLINE_CURVE_WITH_KNOTS('',1,(#10545,#10546),.UNSPECIFIED.,
  .F.,.F.,(2,2),(-3.184242317427,3.012622979241),
  .PIECEWISE_BEZIER_KNOTS.);
#10545 = CARTESIAN_POINT('',(-3.245985981593,1.));
#10546 = CARTESIAN_POINT('',(3.071038879461,1.));
#10547 = ( GEOMETRIC_REPRESENTATION_CONTEXT(2) 
PARAMETRIC_REPRESENTATION_CONTEXT() REPRESENTATION_CONTEXT('2D SPACE',''
  ) );
#10548 = ORIENTED_EDGE('',*,*,#5948,.F.);
#10549 = ORIENTED_EDGE('',*,*,#10478,.F.);
#10550 = ORIENTED_EDGE('',*,*,#10551,.F.);
#10551 = EDGE_CURVE('',#10507,#10450,#10552,.T.);
#10552 = SURFACE_CURVE('',#10553,(#10558,#10565),.PCURVE_S1.);
#10553 = CIRCLE('',#10554,2.840311506389);
#10554 = AXIS2_PLACEMENT_3D('',#10555,#10556,#10557);
#10555 = CARTESIAN_POINT('',(20.1,-45.225,11.256));
#10556 = DIRECTION('',(0.,0.,1.));
#10557 = DIRECTION('',(1.,0.,-0.));
#10558 = PCURVE('',#5964,#10559);
#10559 = DEFINITIONAL_REPRESENTATION('',(#10560),#10564);
#10560 = CIRCLE('',#10561,2.840311506389);
#10561 = AXIS2_PLACEMENT_2D('',#10562,#10563);
#10562 = CARTESIAN_POINT('',(-2.510194603682,0.882722097631));
#10563 = DIRECTION('',(0.989044367093,-0.147618562253));
#10564 = ( GEOMETRIC_REPRESENTATION_CONTEXT(2) 
PARAMETRIC_REPRESENTATION_CONTEXT() REPRESENTATION_CONTEXT('2D SPACE',''
  ) );
#10565 = PCURVE('',#8066,#10566);
#10566 = DEFINITIONAL_REPRESENTATION('',(#10567),#10570);
#10567 = B_SPLINE_CURVE_WITH_KNOTS('',1,(#10568,#10569),.UNSPECIFIED.,
  .F.,.F.,(2,2),(0.,0.177853370321),.PIECEWISE_BEZIER_KNOTS.);
#10568 = CARTESIAN_POINT('',(0.,-9.7485));
#10569 = CARTESIAN_POINT('',(-0.177853370321,-9.7485));
#10570 = ( GEOMETRIC_REPRESENTATION_CONTEXT(2) 
PARAMETRIC_REPRESENTATION_CONTEXT() REPRESENTATION_CONTEXT('2D SPACE',''
  ) );
#10571 = ADVANCED_FACE('',(#10572),#5934,.F.);
#10572 = FACE_BOUND('',#10573,.F.);
#10573 = EDGE_LOOP('',(#10574,#10575,#10602,#10603,#10657));
#10574 = ORIENTED_EDGE('',*,*,#10529,.F.);
#10575 = ORIENTED_EDGE('',*,*,#10576,.T.);
#10576 = EDGE_CURVE('',#10505,#8030,#10577,.T.);
#10577 = SURFACE_CURVE('',#10578,(#10584,#10593),.PCURVE_S1.);
#10578 = B_SPLINE_CURVE_WITH_KNOTS('',4,(#10579,#10580,#10581,#10582,
    #10583),.UNSPECIFIED.,.F.,.F.,(5,5),(0.,1.),
  .PIECEWISE_BEZIER_KNOTS.);
#10579 = CARTESIAN_POINT('',(22.895507682573,-45.7275,11.256));
#10580 = CARTESIAN_POINT('',(22.912377072508,-45.74767207505,
    8.944509149623));
#10581 = CARTESIAN_POINT('',(22.929110780287,-45.76784420584,
    6.633011911308));
#10582 = CARTESIAN_POINT('',(22.945713706067,-45.78801638846,
    4.321508735223));
#10583 = CARTESIAN_POINT('',(22.962190205064,-45.80818861959,2.01));
#10584 = PCURVE('',#5934,#10585);
#10585 = DEFINITIONAL_REPRESENTATION('',(#10586),#10592);
#10586 = B_SPLINE_CURVE_WITH_KNOTS('',4,(#10587,#10588,#10589,#10590,
    #10591),.UNSPECIFIED.,.F.,.F.,(5,5),(0.,1.),
  .PIECEWISE_BEZIER_KNOTS.);
#10587 = CARTESIAN_POINT('',(-3.245985981593,1.));
#10588 = CARTESIAN_POINT('',(-3.209340977268,0.755320117458));
#10589 = CARTESIAN_POINT('',(-3.173419720681,0.510639558664));
#10590 = CARTESIAN_POINT('',(-3.138191245637,0.265958371516));
#10591 = CARTESIAN_POINT('',(-3.103627909299,2.12765957966E-02));
#10592 = ( GEOMETRIC_REPRESENTATION_CONTEXT(2) 
PARAMETRIC_REPRESENTATION_CONTEXT() REPRESENTATION_CONTEXT('2D SPACE',''
  ) );
#10593 = PCURVE('',#8066,#10594);
#10594 = DEFINITIONAL_REPRESENTATION('',(#10595),#10601);
#10595 = B_SPLINE_CURVE_WITH_KNOTS('',4,(#10596,#10597,#10598,#10599,
    #10600),.UNSPECIFIED.,.F.,.F.,(5,5),(0.,1.),
  .PIECEWISE_BEZIER_KNOTS.);
#10596 = CARTESIAN_POINT('',(-6.105331936858,-9.748499999739));
#10597 = CARTESIAN_POINT('',(-6.099392662276,-7.437009149362));
#10598 = CARTESIAN_POINT('',(-6.093557398291,-5.125511911634));
#10599 = CARTESIAN_POINT('',(-6.087821471482,-2.814008735223));
#10600 = CARTESIAN_POINT('',(-6.082180766831,-0.5025));
#10601 = ( GEOMETRIC_REPRESENTATION_CONTEXT(2) 
PARAMETRIC_REPRESENTATION_CONTEXT() REPRESENTATION_CONTEXT('2D SPACE',''
  ) );
#10602 = ORIENTED_EDGE('',*,*,#8029,.F.);
#10603 = ORIENTED_EDGE('',*,*,#10604,.F.);
#10604 = EDGE_CURVE('',#5888,#8008,#10605,.T.);
#10605 = SURFACE_CURVE('',#10606,(#10621,#10639),.PCURVE_S1.);
#10606 = B_SPLINE_CURVE_WITH_KNOTS('',7,(#10607,#10608,#10609,#10610,
    #10611,#10612,#10613,#10614,#10615,#10616,#10617,#10618,#10619,
    #10620),.UNSPECIFIED.,.F.,.F.,(8,6,8),(0.,0.379777569718,1.),
  .UNSPECIFIED.);
#10607 = CARTESIAN_POINT('',(28.948219633116,-45.79957118383,
    2.997460331531));
#10608 = CARTESIAN_POINT('',(28.946568025704,-45.80039692464,
    2.902839806281));
#10609 = CARTESIAN_POINT('',(28.934523114897,-45.8012202656,
    2.80849427736));
#10610 = CARTESIAN_POINT('',(28.912161769205,-45.80202167395,
    2.716661976387));
#10611 = CARTESIAN_POINT('',(28.880346987086,-45.80278583398,
    2.629097910037));
#10612 = CARTESIAN_POINT('',(28.840234535355,-45.80350176373,
    2.547060485694));
#10613 = CARTESIAN_POINT('',(28.793104699806,-45.80416216643,
    2.471385832394));
#10614 = CARTESIAN_POINT('',(28.653809710802,-45.80574376,2.290153159672
    ));
#10615 = CARTESIAN_POINT('',(28.552103661015,-45.80656444594,
    2.196111866311));
#10616 = CARTESIAN_POINT('',(28.439557579159,-45.80721837391,
    2.121179142331));
#10617 = CARTESIAN_POINT('',(28.319771508631,-45.80770493677,
    2.065424561075));
#10618 = CARTESIAN_POINT('',(28.195728127848,-45.80802698065,
    2.028521988232));
#10619 = CARTESIAN_POINT('',(28.069689866432,-45.80818861959,2.01));
#10620 = CARTESIAN_POINT('',(27.943372699484,-45.80818861959,2.01));
#10621 = PCURVE('',#5934,#10622);
#10622 = DEFINITIONAL_REPRESENTATION('',(#10623),#10638);
#10623 = B_SPLINE_CURVE_WITH_KNOTS('',7,(#10624,#10625,#10626,#10627,
    #10628,#10629,#10630,#10631,#10632,#10633,#10634,#10635,#10636,
    #10637),.UNSPECIFIED.,.F.,.F.,(8,6,8),(0.,0.379777569718,1.),
  .UNSPECIFIED.);
#10624 = CARTESIAN_POINT('',(2.862806945757,0.125802935485));
#10625 = CARTESIAN_POINT('',(2.860471172386,0.115787001829));
#10626 = CARTESIAN_POINT('',(2.847765920421,0.105800177555));
#10627 = CARTESIAN_POINT('',(2.824794613019,9.607938778307E-02));
#10628 = CARTESIAN_POINT('',(2.79244141328,8.681040648215E-02));
#10629 = CARTESIAN_POINT('',(2.751874379767,7.812644074245E-02));
#10630 = CARTESIAN_POINT('',(2.704378470106,7.011599792461E-02));
#10631 = CARTESIAN_POINT('',(2.564350519633,5.093184711254E-02));
#10632 = CARTESIAN_POINT('',(2.462424217684,4.097722730085E-02));
#10633 = CARTESIAN_POINT('',(2.34988274208,3.304532045427E-02));
#10634 = CARTESIAN_POINT('',(2.230296271398,2.714349116915E-02));
#10635 = CARTESIAN_POINT('',(2.106609141749,2.323721691882E-02));
#10636 = CARTESIAN_POINT('',(1.981047137349,2.127659574468E-02));
#10637 = CARTESIAN_POINT('',(1.855294462003,2.127659574468E-02));
#10638 = ( GEOMETRIC_REPRESENTATION_CONTEXT(2) 
PARAMETRIC_REPRESENTATION_CONTEXT() REPRESENTATION_CONTEXT('2D SPACE',''
  ) );
#10639 = PCURVE('',#5903,#10640);
#10640 = DEFINITIONAL_REPRESENTATION('',(#10641),#10656);
#10641 = B_SPLINE_CURVE_WITH_KNOTS('',7,(#10642,#10643,#10644,#10645,
    #10646,#10647,#10648,#10649,#10650,#10651,#10652,#10653,#10654,
    #10655),.UNSPECIFIED.,.F.,.F.,(8,6,8),(0.,0.379777569718,1.),
  .UNSPECIFIED.);
#10642 = CARTESIAN_POINT('',(0.,95.044571183831));
#10643 = CARTESIAN_POINT('',(-9.416411801852E-02,95.045396924646));
#10644 = CARTESIAN_POINT('',(-0.188234903696,95.046220265603));
#10645 = CARTESIAN_POINT('',(-0.28134977249,95.047021673953));
#10646 = CARTESIAN_POINT('',(-0.373092529915,95.047785833983));
#10647 = CARTESIAN_POINT('',(-0.463187617206,95.048501763739));
#10648 = CARTESIAN_POINT('',(-0.55146708869,95.049162166434));
#10649 = CARTESIAN_POINT('',(-0.778908915392,95.050743760008));
#10650 = CARTESIAN_POINT('',(-0.914770996307,95.051564445942));
#10651 = CARTESIAN_POINT('',(-1.046715030025,95.052218373917));
#10652 = CARTESIAN_POINT('',(-1.175573968139,95.052704936776));
#10653 = CARTESIAN_POINT('',(-1.302243189402,95.053026980651));
#10654 = CARTESIAN_POINT('',(-1.427654310943,95.053188619593));
#10655 = CARTESIAN_POINT('',(-1.553343034275,95.053188619593));
#10656 = ( GEOMETRIC_REPRESENTATION_CONTEXT(2) 
PARAMETRIC_REPRESENTATION_CONTEXT() REPRESENTATION_CONTEXT('2D SPACE',''
  ) );
#10657 = ORIENTED_EDGE('',*,*,#5914,.T.);
#10658 = ADVANCED_FACE('',(#10659),#5903,.T.);
#10659 = FACE_BOUND('',#10660,.F.);
#10660 = EDGE_LOOP('',(#10661,#10662,#10663,#10664));
#10661 = ORIENTED_EDGE('',*,*,#5887,.F.);
#10662 = ORIENTED_EDGE('',*,*,#10604,.T.);
#10663 = ORIENTED_EDGE('',*,*,#8007,.T.);
#10664 = ORIENTED_EDGE('',*,*,#9387,.F.);
#10665 = ADVANCED_FACE('',(#10666),#6668,.F.);
#10666 = FACE_BOUND('',#10667,.F.);
#10667 = EDGE_LOOP('',(#10668,#10669,#10690,#10716,#10717,#10718,#10719,
    #10720));
#10668 = ORIENTED_EDGE('',*,*,#8566,.T.);
#10669 = ORIENTED_EDGE('',*,*,#10670,.T.);
#10670 = EDGE_CURVE('',#8544,#10671,#10673,.T.);
#10671 = VERTEX_POINT('',#10672);
#10672 = CARTESIAN_POINT('',(-17.286,-45.225,14.271));
#10673 = SEAM_CURVE('',#10674,(#10678,#10684),.PCURVE_S1.);
#10674 = LINE('',#10675,#10676);
#10675 = CARTESIAN_POINT('',(-17.17461462295,-45.225,1.5075));
#10676 = VECTOR('',#10677,1.);
#10677 = DIRECTION('',(-8.726535498374E-03,2.137384753146E-18,
    0.999961923064));
#10678 = PCURVE('',#6668,#10679);
#10679 = DEFINITIONAL_REPRESENTATION('',(#10680),#10683);
#10680 = B_SPLINE_CURVE_WITH_KNOTS('',1,(#10681,#10682),.UNSPECIFIED.,
  .F.,.F.,(2,2),(0.502519134389,12.763986013476),
  .PIECEWISE_BEZIER_KNOTS.);
#10681 = CARTESIAN_POINT('',(0.,-0.5025));
#10682 = CARTESIAN_POINT('',(0.,-12.7635));
#10683 = ( GEOMETRIC_REPRESENTATION_CONTEXT(2) 
PARAMETRIC_REPRESENTATION_CONTEXT() REPRESENTATION_CONTEXT('2D SPACE',''
  ) );
#10684 = PCURVE('',#6668,#10685);
#10685 = DEFINITIONAL_REPRESENTATION('',(#10686),#10689);
#10686 = B_SPLINE_CURVE_WITH_KNOTS('',1,(#10687,#10688),.UNSPECIFIED.,
  .F.,.F.,(2,2),(0.502519134389,12.763986013476),
  .PIECEWISE_BEZIER_KNOTS.);
#10687 = CARTESIAN_POINT('',(-6.28318530718,-0.5025));
#10688 = CARTESIAN_POINT('',(-6.28318530718,-12.7635));
#10689 = ( GEOMETRIC_REPRESENTATION_CONTEXT(2) 
PARAMETRIC_REPRESENTATION_CONTEXT() REPRESENTATION_CONTEXT('2D SPACE',''
  ) );
#10690 = ORIENTED_EDGE('',*,*,#10691,.F.);
#10691 = EDGE_CURVE('',#10671,#10671,#10692,.T.);
#10692 = SURFACE_CURVE('',#10693,(#10698,#10704),.PCURVE_S1.);
#10693 = CIRCLE('',#10694,2.814);
#10694 = AXIS2_PLACEMENT_3D('',#10695,#10696,#10697);
#10695 = CARTESIAN_POINT('',(-20.1,-45.225,14.271));
#10696 = DIRECTION('',(0.,0.,1.));
#10697 = DIRECTION('',(1.,0.,0.));
#10698 = PCURVE('',#6668,#10699);
#10699 = DEFINITIONAL_REPRESENTATION('',(#10700),#10703);
#10700 = B_SPLINE_CURVE_WITH_KNOTS('',1,(#10701,#10702),.UNSPECIFIED.,
  .F.,.F.,(2,2),(0.,6.28318530718),.PIECEWISE_BEZIER_KNOTS.);
#10701 = CARTESIAN_POINT('',(0.,-12.7635));
#10702 = CARTESIAN_POINT('',(-6.28318530718,-12.7635));
#10703 = ( GEOMETRIC_REPRESENTATION_CONTEXT(2) 
PARAMETRIC_REPRESENTATION_CONTEXT() REPRESENTATION_CONTEXT('2D SPACE',''
  ) );
#10704 = PCURVE('',#10705,#10710);
#10705 = PLANE('',#10706);
#10706 = AXIS2_PLACEMENT_3D('',#10707,#10708,#10709);
#10707 = CARTESIAN_POINT('',(-20.1,-45.225,14.271));
#10708 = DIRECTION('',(0.,0.,1.));
#10709 = DIRECTION('',(1.,0.,0.));
#10710 = DEFINITIONAL_REPRESENTATION('',(#10711),#10715);
#10711 = CIRCLE('',#10712,2.814);
#10712 = AXIS2_PLACEMENT_2D('',#10713,#10714);
#10713 = CARTESIAN_POINT('',(0.,0.));
#10714 = DIRECTION('',(1.,0.));
#10715 = ( GEOMETRIC_REPRESENTATION_CONTEXT(2) 
PARAMETRIC_REPRESENTATION_CONTEXT() REPRESENTATION_CONTEXT('2D SPACE',''
  ) );
#10716 = ORIENTED_EDGE('',*,*,#10670,.F.);
#10717 = ORIENTED_EDGE('',*,*,#8543,.T.);
#10718 = ORIENTED_EDGE('',*,*,#6735,.F.);
#10719 = ORIENTED_EDGE('',*,*,#6687,.T.);
#10720 = ORIENTED_EDGE('',*,*,#6650,.F.);
#10721 = ADVANCED_FACE('',(#10722),#7009,.F.);
#10722 = FACE_BOUND('',#10723,.F.);
#10723 = EDGE_LOOP('',(#10724,#10725,#10746,#10772,#10773,#10774,#10775,
    #10776));
#10724 = ORIENTED_EDGE('',*,*,#8519,.T.);
#10725 = ORIENTED_EDGE('',*,*,#10726,.T.);
#10726 = EDGE_CURVE('',#8497,#10727,#10729,.T.);
#10727 = VERTEX_POINT('',#10728);
#10728 = CARTESIAN_POINT('',(-19.2558,-16.0197,11.055));
#10729 = SEAM_CURVE('',#10730,(#10734,#10740),.PCURVE_S1.);
#10730 = LINE('',#10731,#10732);
#10731 = CARTESIAN_POINT('',(-19.17248022976,-16.0197,1.5075));
#10732 = VECTOR('',#10733,1.);
#10733 = DIRECTION('',(-8.726535498374E-03,2.137384753146E-18,
    0.999961923064));
#10734 = PCURVE('',#7009,#10735);
#10735 = DEFINITIONAL_REPRESENTATION('',(#10736),#10739);
#10736 = B_SPLINE_CURVE_WITH_KNOTS('',1,(#10737,#10738),.UNSPECIFIED.,
  .F.,.F.,(2,2),(0.502519134389,9.547863553388),
  .PIECEWISE_BEZIER_KNOTS.);
#10737 = CARTESIAN_POINT('',(0.,-0.5025));
#10738 = CARTESIAN_POINT('',(0.,-9.5475));
#10739 = ( GEOMETRIC_REPRESENTATION_CONTEXT(2) 
PARAMETRIC_REPRESENTATION_CONTEXT() REPRESENTATION_CONTEXT('2D SPACE',''
  ) );
#10740 = PCURVE('',#7009,#10741);
#10741 = DEFINITIONAL_REPRESENTATION('',(#10742),#10745);
#10742 = B_SPLINE_CURVE_WITH_KNOTS('',1,(#10743,#10744),.UNSPECIFIED.,
  .F.,.F.,(2,2),(0.502519134389,9.547863553388),
  .PIECEWISE_BEZIER_KNOTS.);
#10743 = CARTESIAN_POINT('',(-6.28318530718,-0.5025));
#10744 = CARTESIAN_POINT('',(-6.28318530718,-9.5475));
#10745 = ( GEOMETRIC_REPRESENTATION_CONTEXT(2) 
PARAMETRIC_REPRESENTATION_CONTEXT() REPRESENTATION_CONTEXT('2D SPACE',''
  ) );
#10746 = ORIENTED_EDGE('',*,*,#10747,.F.);
#10747 = EDGE_CURVE('',#10727,#10727,#10748,.T.);
#10748 = SURFACE_CURVE('',#10749,(#10754,#10760),.PCURVE_S1.);
#10749 = CIRCLE('',#10750,2.5125);
#10750 = AXIS2_PLACEMENT_3D('',#10751,#10752,#10753);
#10751 = CARTESIAN_POINT('',(-21.7683,-16.0197,11.055));
#10752 = DIRECTION('',(0.,0.,1.));
#10753 = DIRECTION('',(1.,0.,0.));
#10754 = PCURVE('',#7009,#10755);
#10755 = DEFINITIONAL_REPRESENTATION('',(#10756),#10759);
#10756 = B_SPLINE_CURVE_WITH_KNOTS('',1,(#10757,#10758),.UNSPECIFIED.,
  .F.,.F.,(2,2),(0.,6.28318530718),.PIECEWISE_BEZIER_KNOTS.);
#10757 = CARTESIAN_POINT('',(0.,-9.5475));
#10758 = CARTESIAN_POINT('',(-6.28318530718,-9.5475));
#10759 = ( GEOMETRIC_REPRESENTATION_CONTEXT(2) 
PARAMETRIC_REPRESENTATION_CONTEXT() REPRESENTATION_CONTEXT('2D SPACE',''
  ) );
#10760 = PCURVE('',#10761,#10766);
#10761 = PLANE('',#10762);
#10762 = AXIS2_PLACEMENT_3D('',#10763,#10764,#10765);
#10763 = CARTESIAN_POINT('',(-21.7683,-16.0197,11.055));
#10764 = DIRECTION('',(0.,0.,1.));
#10765 = DIRECTION('',(1.,0.,0.));
#10766 = DEFINITIONAL_REPRESENTATION('',(#10767),#10771);
#10767 = CIRCLE('',#10768,2.5125);
#10768 = AXIS2_PLACEMENT_2D('',#10769,#10770);
#10769 = CARTESIAN_POINT('',(0.,0.));
#10770 = DIRECTION('',(1.,0.));
#10771 = ( GEOMETRIC_REPRESENTATION_CONTEXT(2) 
PARAMETRIC_REPRESENTATION_CONTEXT() REPRESENTATION_CONTEXT('2D SPACE',''
  ) );
#10772 = ORIENTED_EDGE('',*,*,#10726,.F.);
#10773 = ORIENTED_EDGE('',*,*,#8496,.T.);
#10774 = ORIENTED_EDGE('',*,*,#7076,.F.);
#10775 = ORIENTED_EDGE('',*,*,#7028,.T.);
#10776 = ORIENTED_EDGE('',*,*,#6991,.F.);
#10777 = ADVANCED_FACE('',(#10778),#7369,.F.);
#10778 = FACE_BOUND('',#10779,.F.);
#10779 = EDGE_LOOP('',(#10780,#10781,#10782,#10783));
#10780 = ORIENTED_EDGE('',*,*,#7355,.F.);
#10781 = ORIENTED_EDGE('',*,*,#8475,.F.);
#10782 = ORIENTED_EDGE('',*,*,#7452,.T.);
#10783 = ORIENTED_EDGE('',*,*,#7407,.F.);
#10784 = ADVANCED_FACE('',(#10785),#7738,.F.);
#10785 = FACE_BOUND('',#10786,.F.);
#10786 = EDGE_LOOP('',(#10787,#10788,#10789,#10790));
#10787 = ORIENTED_EDGE('',*,*,#7724,.F.);
#10788 = ORIENTED_EDGE('',*,*,#8454,.F.);
#10789 = ORIENTED_EDGE('',*,*,#7821,.T.);
#10790 = ORIENTED_EDGE('',*,*,#7776,.F.);
#10791 = ADVANCED_FACE('',(#10792),#8066,.F.);
#10792 = FACE_BOUND('',#10793,.F.);
#10793 = EDGE_LOOP('',(#10794,#10795,#10816,#10842,#10843,#10844,#10845,
    #10846));
#10794 = ORIENTED_EDGE('',*,*,#10504,.T.);
#10795 = ORIENTED_EDGE('',*,*,#10796,.T.);
#10796 = EDGE_CURVE('',#10507,#10797,#10799,.T.);
#10797 = VERTEX_POINT('',#10798);
#10798 = CARTESIAN_POINT('',(22.914,-45.225,14.271));
#10799 = SEAM_CURVE('',#10800,(#10804,#10810),.PCURVE_S1.);
#10800 = LINE('',#10801,#10802);
#10801 = CARTESIAN_POINT('',(23.025385377047,-45.225,1.5075));
#10802 = VECTOR('',#10803,1.);
#10803 = DIRECTION('',(-8.726535498374E-03,2.137384753146E-18,
    0.999961923064));
#10804 = PCURVE('',#8066,#10805);
#10805 = DEFINITIONAL_REPRESENTATION('',(#10806),#10809);
#10806 = B_SPLINE_CURVE_WITH_KNOTS('',1,(#10807,#10808),.UNSPECIFIED.,
  .F.,.F.,(2,2),(9.748871207143,12.763986013476),
  .PIECEWISE_BEZIER_KNOTS.);
#10807 = CARTESIAN_POINT('',(0.,-9.7485));
#10808 = CARTESIAN_POINT('',(0.,-12.7635));
#10809 = ( GEOMETRIC_REPRESENTATION_CONTEXT(2) 
PARAMETRIC_REPRESENTATION_CONTEXT() REPRESENTATION_CONTEXT('2D SPACE',''
  ) );
#10810 = PCURVE('',#8066,#10811);
#10811 = DEFINITIONAL_REPRESENTATION('',(#10812),#10815);
#10812 = B_SPLINE_CURVE_WITH_KNOTS('',1,(#10813,#10814),.UNSPECIFIED.,
  .F.,.F.,(2,2),(9.748871207143,12.763986013476),
  .PIECEWISE_BEZIER_KNOTS.);
#10813 = CARTESIAN_POINT('',(-6.28318530718,-9.7485));
#10814 = CARTESIAN_POINT('',(-6.28318530718,-12.7635));
#10815 = ( GEOMETRIC_REPRESENTATION_CONTEXT(2) 
PARAMETRIC_REPRESENTATION_CONTEXT() REPRESENTATION_CONTEXT('2D SPACE',''
  ) );
#10816 = ORIENTED_EDGE('',*,*,#10817,.F.);
#10817 = EDGE_CURVE('',#10797,#10797,#10818,.T.);
#10818 = SURFACE_CURVE('',#10819,(#10824,#10830),.PCURVE_S1.);
#10819 = CIRCLE('',#10820,2.814);
#10820 = AXIS2_PLACEMENT_3D('',#10821,#10822,#10823);
#10821 = CARTESIAN_POINT('',(20.1,-45.225,14.271));
#10822 = DIRECTION('',(0.,0.,1.));
#10823 = DIRECTION('',(1.,0.,0.));
#10824 = PCURVE('',#8066,#10825);
#10825 = DEFINITIONAL_REPRESENTATION('',(#10826),#10829);
#10826 = B_SPLINE_CURVE_WITH_KNOTS('',1,(#10827,#10828),.UNSPECIFIED.,
  .F.,.F.,(2,2),(0.,6.28318530718),.PIECEWISE_BEZIER_KNOTS.);
#10827 = CARTESIAN_POINT('',(0.,-12.7635));
#10828 = CARTESIAN_POINT('',(-6.28318530718,-12.7635));
#10829 = ( GEOMETRIC_REPRESENTATION_CONTEXT(2) 
PARAMETRIC_REPRESENTATION_CONTEXT() REPRESENTATION_CONTEXT('2D SPACE',''
  ) );
#10830 = PCURVE('',#10831,#10836);
#10831 = PLANE('',#10832);
#10832 = AXIS2_PLACEMENT_3D('',#10833,#10834,#10835);
#10833 = CARTESIAN_POINT('',(20.1,-45.225,14.271));
#10834 = DIRECTION('',(0.,0.,1.));
#10835 = DIRECTION('',(1.,0.,0.));
#10836 = DEFINITIONAL_REPRESENTATION('',(#10837),#10841);
#10837 = CIRCLE('',#10838,2.814);
#10838 = AXIS2_PLACEMENT_2D('',#10839,#10840);
#10839 = CARTESIAN_POINT('',(0.,0.));
#10840 = DIRECTION('',(1.,0.));
#10841 = ( GEOMETRIC_REPRESENTATION_CONTEXT(2) 
PARAMETRIC_REPRESENTATION_CONTEXT() REPRESENTATION_CONTEXT('2D SPACE',''
  ) );
#10842 = ORIENTED_EDGE('',*,*,#10796,.F.);
#10843 = ORIENTED_EDGE('',*,*,#10551,.T.);
#10844 = ORIENTED_EDGE('',*,*,#10449,.F.);
#10845 = ORIENTED_EDGE('',*,*,#8049,.T.);
#10846 = ORIENTED_EDGE('',*,*,#10576,.F.);
#10847 = ADVANCED_FACE('',(#10848),#8156,.F.);
#10848 = FACE_BOUND('',#10849,.F.);
#10849 = EDGE_LOOP('',(#10850,#10851,#10872,#10898,#10899,#10900,#10901,
    #10902));
#10850 = ORIENTED_EDGE('',*,*,#10159,.T.);
#10851 = ORIENTED_EDGE('',*,*,#10852,.T.);
#10852 = EDGE_CURVE('',#10162,#10853,#10855,.T.);
#10853 = VERTEX_POINT('',#10854);
#10854 = CARTESIAN_POINT('',(24.2808,-16.0197,11.055));
#10855 = SEAM_CURVE('',#10856,(#10860,#10866),.PCURVE_S1.);
#10856 = LINE('',#10857,#10858);
#10857 = CARTESIAN_POINT('',(24.364119770232,-16.0197,1.5075));
#10858 = VECTOR('',#10859,1.);
#10859 = DIRECTION('',(-8.726535498374E-03,2.137384753146E-18,
    0.999961923064));
#10860 = PCURVE('',#8156,#10861);
#10861 = DEFINITIONAL_REPRESENTATION('',(#10862),#10865);
#10862 = B_SPLINE_CURVE_WITH_KNOTS('',1,(#10863,#10864),.UNSPECIFIED.,
  .F.,.F.,(2,2),(7.537787015832,9.547863553388),
  .PIECEWISE_BEZIER_KNOTS.);
#10863 = CARTESIAN_POINT('',(0.,-7.5375));
#10864 = CARTESIAN_POINT('',(0.,-9.5475));
#10865 = ( GEOMETRIC_REPRESENTATION_CONTEXT(2) 
PARAMETRIC_REPRESENTATION_CONTEXT() REPRESENTATION_CONTEXT('2D SPACE',''
  ) );
#10866 = PCURVE('',#8156,#10867);
#10867 = DEFINITIONAL_REPRESENTATION('',(#10868),#10871);
#10868 = B_SPLINE_CURVE_WITH_KNOTS('',1,(#10869,#10870),.UNSPECIFIED.,
  .F.,.F.,(2,2),(7.537787015832,9.547863553388),
  .PIECEWISE_BEZIER_KNOTS.);
#10869 = CARTESIAN_POINT('',(-6.28318530718,-7.5375));
#10870 = CARTESIAN_POINT('',(-6.28318530718,-9.5475));
#10871 = ( GEOMETRIC_REPRESENTATION_CONTEXT(2) 
PARAMETRIC_REPRESENTATION_CONTEXT() REPRESENTATION_CONTEXT('2D SPACE',''
  ) );
#10872 = ORIENTED_EDGE('',*,*,#10873,.F.);
#10873 = EDGE_CURVE('',#10853,#10853,#10874,.T.);
#10874 = SURFACE_CURVE('',#10875,(#10880,#10886),.PCURVE_S1.);
#10875 = CIRCLE('',#10876,2.5125);
#10876 = AXIS2_PLACEMENT_3D('',#10877,#10878,#10879);
#10877 = CARTESIAN_POINT('',(21.7683,-16.0197,11.055));
#10878 = DIRECTION('',(0.,0.,1.));
#10879 = DIRECTION('',(1.,0.,0.));
#10880 = PCURVE('',#8156,#10881);
#10881 = DEFINITIONAL_REPRESENTATION('',(#10882),#10885);
#10882 = B_SPLINE_CURVE_WITH_KNOTS('',1,(#10883,#10884),.UNSPECIFIED.,
  .F.,.F.,(2,2),(0.,6.28318530718),.PIECEWISE_BEZIER_KNOTS.);
#10883 = CARTESIAN_POINT('',(0.,-9.5475));
#10884 = CARTESIAN_POINT('',(-6.28318530718,-9.5475));
#10885 = ( GEOMETRIC_REPRESENTATION_CONTEXT(2) 
PARAMETRIC_REPRESENTATION_CONTEXT() REPRESENTATION_CONTEXT('2D SPACE',''
  ) );
#10886 = PCURVE('',#10887,#10892);
#10887 = PLANE('',#10888);
#10888 = AXIS2_PLACEMENT_3D('',#10889,#10890,#10891);
#10889 = CARTESIAN_POINT('',(21.7683,-16.0197,11.055));
#10890 = DIRECTION('',(0.,0.,1.));
#10891 = DIRECTION('',(1.,0.,0.));
#10892 = DEFINITIONAL_REPRESENTATION('',(#10893),#10897);
#10893 = CIRCLE('',#10894,2.5125);
#10894 = AXIS2_PLACEMENT_2D('',#10895,#10896);
#10895 = CARTESIAN_POINT('',(0.,0.));
#10896 = DIRECTION('',(1.,0.));
#10897 = ( GEOMETRIC_REPRESENTATION_CONTEXT(2) 
PARAMETRIC_REPRESENTATION_CONTEXT() REPRESENTATION_CONTEXT('2D SPACE',''
  ) );
#10898 = ORIENTED_EDGE('',*,*,#10852,.F.);
#10899 = ORIENTED_EDGE('',*,*,#10206,.T.);
#10900 = ORIENTED_EDGE('',*,*,#10104,.F.);
#10901 = ORIENTED_EDGE('',*,*,#8139,.T.);
#10902 = ORIENTED_EDGE('',*,*,#10231,.F.);
#10903 = ADVANCED_FACE('',(#10904),#8243,.F.);
#10904 = FACE_BOUND('',#10905,.F.);
#10905 = EDGE_LOOP('',(#10906,#10907,#10908,#10909));
#10906 = ORIENTED_EDGE('',*,*,#8229,.F.);
#10907 = ORIENTED_EDGE('',*,*,#9941,.T.);
#10908 = ORIENTED_EDGE('',*,*,#9894,.T.);
#10909 = ORIENTED_EDGE('',*,*,#9849,.F.);
#10910 = ADVANCED_FACE('',(#10911),#8330,.F.);
#10911 = FACE_BOUND('',#10912,.F.);
#10912 = EDGE_LOOP('',(#10913,#10914,#10915,#10916));
#10913 = ORIENTED_EDGE('',*,*,#8316,.F.);
#10914 = ORIENTED_EDGE('',*,*,#9638,.T.);
#10915 = ORIENTED_EDGE('',*,*,#9591,.T.);
#10916 = ORIENTED_EDGE('',*,*,#9546,.F.);
#10917 = ADVANCED_FACE('',(#10918),#8607,.F.);
#10918 = FACE_BOUND('',#10919,.F.);
#10919 = EDGE_LOOP('',(#10920,#10941,#10967,#10968));
#10920 = ORIENTED_EDGE('',*,*,#10921,.T.);
#10921 = EDGE_CURVE('',#8591,#10922,#10924,.T.);
#10922 = VERTEX_POINT('',#10923);
#10923 = CARTESIAN_POINT('',(-9.5475,-40.2,7.035));
#10924 = SEAM_CURVE('',#10925,(#10929,#10935),.PCURVE_S1.);
#10925 = LINE('',#10926,#10927);
#10926 = CARTESIAN_POINT('',(-9.499262238287,-40.2,1.5075));
#10927 = VECTOR('',#10928,1.);
#10928 = DIRECTION('',(-8.726535498374E-03,2.137384753146E-18,
    0.999961923064));
#10929 = PCURVE('',#8607,#10930);
#10930 = DEFINITIONAL_REPRESENTATION('',(#10931),#10934);
#10931 = B_SPLINE_CURVE_WITH_KNOTS('',1,(#10932,#10933),.UNSPECIFIED.,
  .F.,.F.,(2,2),(0.502519134389,5.527710478277),
  .PIECEWISE_BEZIER_KNOTS.);
#10932 = CARTESIAN_POINT('',(-6.28318530718,-0.5025));
#10933 = CARTESIAN_POINT('',(-6.28318530718,-5.5275));
#10934 = ( GEOMETRIC_REPRESENTATION_CONTEXT(2) 
PARAMETRIC_REPRESENTATION_CONTEXT() REPRESENTATION_CONTEXT('2D SPACE',''
  ) );
#10935 = PCURVE('',#8607,#10936);
#10936 = DEFINITIONAL_REPRESENTATION('',(#10937),#10940);
#10937 = B_SPLINE_CURVE_WITH_KNOTS('',1,(#10938,#10939),.UNSPECIFIED.,
  .F.,.F.,(2,2),(0.502519134389,5.527710478277),
  .PIECEWISE_BEZIER_KNOTS.);
#10938 = CARTESIAN_POINT('',(0.,-0.5025));
#10939 = CARTESIAN_POINT('',(0.,-5.5275));
#10940 = ( GEOMETRIC_REPRESENTATION_CONTEXT(2) 
PARAMETRIC_REPRESENTATION_CONTEXT() REPRESENTATION_CONTEXT('2D SPACE',''
  ) );
#10941 = ORIENTED_EDGE('',*,*,#10942,.F.);
#10942 = EDGE_CURVE('',#10922,#10922,#10943,.T.);
#10943 = SURFACE_CURVE('',#10944,(#10949,#10955),.PCURVE_S1.);
#10944 = CIRCLE('',#10945,2.5125);
#10945 = AXIS2_PLACEMENT_3D('',#10946,#10947,#10948);
#10946 = CARTESIAN_POINT('',(-12.06,-40.2,7.035));
#10947 = DIRECTION('',(0.,0.,1.));
#10948 = DIRECTION('',(1.,0.,0.));
#10949 = PCURVE('',#8607,#10950);
#10950 = DEFINITIONAL_REPRESENTATION('',(#10951),#10954);
#10951 = B_SPLINE_CURVE_WITH_KNOTS('',1,(#10952,#10953),.UNSPECIFIED.,
  .F.,.F.,(2,2),(0.,6.28318530718),.PIECEWISE_BEZIER_KNOTS.);
#10952 = CARTESIAN_POINT('',(0.,-5.5275));
#10953 = CARTESIAN_POINT('',(-6.28318530718,-5.5275));
#10954 = ( GEOMETRIC_REPRESENTATION_CONTEXT(2) 
PARAMETRIC_REPRESENTATION_CONTEXT() REPRESENTATION_CONTEXT('2D SPACE',''
  ) );
#10955 = PCURVE('',#10956,#10961);
#10956 = PLANE('',#10957);
#10957 = AXIS2_PLACEMENT_3D('',#10958,#10959,#10960);
#10958 = CARTESIAN_POINT('',(-12.06,-40.2,7.035));
#10959 = DIRECTION('',(0.,0.,1.));
#10960 = DIRECTION('',(1.,0.,0.));
#10961 = DEFINITIONAL_REPRESENTATION('',(#10962),#10966);
#10962 = CIRCLE('',#10963,2.5125);
#10963 = AXIS2_PLACEMENT_2D('',#10964,#10965);
#10964 = CARTESIAN_POINT('',(0.,0.));
#10965 = DIRECTION('',(1.,0.));
#10966 = ( GEOMETRIC_REPRESENTATION_CONTEXT(2) 
PARAMETRIC_REPRESENTATION_CONTEXT() REPRESENTATION_CONTEXT('2D SPACE',''
  ) );
#10967 = ORIENTED_EDGE('',*,*,#10921,.F.);
#10968 = ORIENTED_EDGE('',*,*,#8590,.T.);
#10969 = ADVANCED_FACE('',(#10970),#8636,.F.);
#10970 = FACE_BOUND('',#10971,.F.);
#10971 = EDGE_LOOP('',(#10972,#10992,#10993,#11013));
#10972 = ORIENTED_EDGE('',*,*,#10973,.F.);
#10973 = EDGE_CURVE('',#8623,#10974,#10976,.T.);
#10974 = VERTEX_POINT('',#10975);
#10975 = CARTESIAN_POINT('',(-14.07,-20.6025,13.266));
#10976 = SURFACE_CURVE('',#10977,(#10980,#10986),.PCURVE_S1.);
#10977 = B_SPLINE_CURVE_WITH_KNOTS('',1,(#10978,#10979),.UNSPECIFIED.,
  .F.,.F.,(2,2),(0.,1.),.PIECEWISE_BEZIER_KNOTS.);
#10978 = CARTESIAN_POINT('',(-14.16998372427,-20.70248372427,1.809));
#10979 = CARTESIAN_POINT('',(-14.07,-20.6025,13.266));
#10980 = PCURVE('',#8636,#10981);
#10981 = DEFINITIONAL_REPRESENTATION('',(#10982),#10985);
#10982 = B_SPLINE_CURVE_WITH_KNOTS('',1,(#10983,#10984),.UNSPECIFIED.,
  .F.,.F.,(2,2),(1.754385964912E-02,1.),.PIECEWISE_BEZIER_KNOTS.);
#10983 = CARTESIAN_POINT('',(-2.099486292815,1.754385964912E-02));
#10984 = CARTESIAN_POINT('',(-2.099486292815,1.));
#10985 = ( GEOMETRIC_REPRESENTATION_CONTEXT(2) 
PARAMETRIC_REPRESENTATION_CONTEXT() REPRESENTATION_CONTEXT('2D SPACE',''
  ) );
#10986 = PCURVE('',#8661,#10987);
#10987 = DEFINITIONAL_REPRESENTATION('',(#10988),#10991);
#10988 = B_SPLINE_CURVE_WITH_KNOTS('',1,(#10989,#10990),.UNSPECIFIED.,
  .F.,.F.,(2,2),(1.754385964912E-02,1.),.PIECEWISE_BEZIER_KNOTS.);
#10989 = CARTESIAN_POINT('',(0.699486292815,1.754385964912E-02));
#10990 = CARTESIAN_POINT('',(0.699486292815,1.));
#10991 = ( GEOMETRIC_REPRESENTATION_CONTEXT(2) 
PARAMETRIC_REPRESENTATION_CONTEXT() REPRESENTATION_CONTEXT('2D SPACE',''
  ) );
#10992 = ORIENTED_EDGE('',*,*,#8620,.F.);
#10993 = ORIENTED_EDGE('',*,*,#10994,.T.);
#10994 = EDGE_CURVE('',#8621,#10995,#10997,.T.);
#10995 = VERTEX_POINT('',#10996);
#10996 = CARTESIAN_POINT('',(-10.05,-20.6025,13.266));
#10997 = SURFACE_CURVE('',#10998,(#11001,#11007),.PCURVE_S1.);
#10998 = B_SPLINE_CURVE_WITH_KNOTS('',1,(#10999,#11000),.UNSPECIFIED.,
  .F.,.F.,(2,2),(0.,1.),.PIECEWISE_BEZIER_KNOTS.);
#10999 = CARTESIAN_POINT('',(-9.950016275721,-20.70248372427,1.809));
#11000 = CARTESIAN_POINT('',(-10.05,-20.6025,13.266));
#11001 = PCURVE('',#8636,#11002);
#11002 = DEFINITIONAL_REPRESENTATION('',(#11003),#11006);
#11003 = B_SPLINE_CURVE_WITH_KNOTS('',1,(#11004,#11005),.UNSPECIFIED.,
  .F.,.F.,(2,2),(1.754385964912E-02,1.),.PIECEWISE_BEZIER_KNOTS.);
#11004 = CARTESIAN_POINT('',(2.099486292815,1.754385964912E-02));
#11005 = CARTESIAN_POINT('',(2.099486292815,1.));
#11006 = ( GEOMETRIC_REPRESENTATION_CONTEXT(2) 
PARAMETRIC_REPRESENTATION_CONTEXT() REPRESENTATION_CONTEXT('2D SPACE',''
  ) );
#11007 = PCURVE('',#8709,#11008);
#11008 = DEFINITIONAL_REPRESENTATION('',(#11009),#11012);
#11009 = B_SPLINE_CURVE_WITH_KNOTS('',1,(#11010,#11011),.UNSPECIFIED.,
  .F.,.F.,(2,2),(1.754385964912E-02,1.),.PIECEWISE_BEZIER_KNOTS.);
#11010 = CARTESIAN_POINT('',(-0.699486292815,1.754385964912E-02));
#11011 = CARTESIAN_POINT('',(-0.699486292815,1.));
#11012 = ( GEOMETRIC_REPRESENTATION_CONTEXT(2) 
PARAMETRIC_REPRESENTATION_CONTEXT() REPRESENTATION_CONTEXT('2D SPACE',''
  ) );
#11013 = ORIENTED_EDGE('',*,*,#11014,.F.);
#11014 = EDGE_CURVE('',#10974,#10995,#11015,.T.);
#11015 = SURFACE_CURVE('',#11016,(#11020,#11026),.PCURVE_S1.);
#11016 = LINE('',#11017,#11018);
#11017 = CARTESIAN_POINT('',(-12.06,-20.6025,13.266));
#11018 = VECTOR('',#11019,1.);
#11019 = DIRECTION('',(1.,0.,0.));
#11020 = PCURVE('',#8636,#11021);
#11021 = DEFINITIONAL_REPRESENTATION('',(#11022),#11025);
#11022 = B_SPLINE_CURVE_WITH_KNOTS('',1,(#11023,#11024),.UNSPECIFIED.,
  .F.,.F.,(2,2),(-2.01,2.01),.PIECEWISE_BEZIER_KNOTS.);
#11023 = CARTESIAN_POINT('',(-2.099486292815,1.));
#11024 = CARTESIAN_POINT('',(2.099486292815,1.));
#11025 = ( GEOMETRIC_REPRESENTATION_CONTEXT(2) 
PARAMETRIC_REPRESENTATION_CONTEXT() REPRESENTATION_CONTEXT('2D SPACE',''
  ) );
#11026 = PCURVE('',#11027,#11032);
#11027 = PLANE('',#11028);
#11028 = AXIS2_PLACEMENT_3D('',#11029,#11030,#11031);
#11029 = CARTESIAN_POINT('',(-14.07,-20.6025,13.266));
#11030 = DIRECTION('',(0.,0.,1.));
#11031 = DIRECTION('',(0.957826285221,0.287347885566,-0.));
#11032 = DEFINITIONAL_REPRESENTATION('',(#11033),#11037);
#11033 = LINE('',#11034,#11035);
#11034 = CARTESIAN_POINT('',(1.925230833295,-0.577569249988));
#11035 = VECTOR('',#11036,1.);
#11036 = DIRECTION('',(0.957826285221,-0.287347885566));
#11037 = ( GEOMETRIC_REPRESENTATION_CONTEXT(2) 
PARAMETRIC_REPRESENTATION_CONTEXT() REPRESENTATION_CONTEXT('2D SPACE',''
  ) );
#11038 = ADVANCED_FACE('',(#11039),#8709,.F.);
#11039 = FACE_BOUND('',#11040,.F.);
#11040 = EDGE_LOOP('',(#11041,#11042,#11043,#11063));
#11041 = ORIENTED_EDGE('',*,*,#10994,.F.);
#11042 = ORIENTED_EDGE('',*,*,#8697,.F.);
#11043 = ORIENTED_EDGE('',*,*,#11044,.T.);
#11044 = EDGE_CURVE('',#8673,#11045,#11047,.T.);
#11045 = VERTEX_POINT('',#11046);
#11046 = CARTESIAN_POINT('',(-10.05,-19.3965,13.266));
#11047 = SURFACE_CURVE('',#11048,(#11051,#11057),.PCURVE_S1.);
#11048 = B_SPLINE_CURVE_WITH_KNOTS('',1,(#11049,#11050),.UNSPECIFIED.,
  .F.,.F.,(2,2),(0.,1.),.PIECEWISE_BEZIER_KNOTS.);
#11049 = CARTESIAN_POINT('',(-9.950016275721,-19.29651627572,1.809));
#11050 = CARTESIAN_POINT('',(-10.05,-19.3965,13.266));
#11051 = PCURVE('',#8709,#11052);
#11052 = DEFINITIONAL_REPRESENTATION('',(#11053),#11056);
#11053 = B_SPLINE_CURVE_WITH_KNOTS('',1,(#11054,#11055),.UNSPECIFIED.,
  .F.,.F.,(2,2),(1.754385964912E-02,1.),.PIECEWISE_BEZIER_KNOTS.);
#11054 = CARTESIAN_POINT('',(0.699486292815,1.754385964912E-02));
#11055 = CARTESIAN_POINT('',(0.699486292815,1.));
#11056 = ( GEOMETRIC_REPRESENTATION_CONTEXT(2) 
PARAMETRIC_REPRESENTATION_CONTEXT() REPRESENTATION_CONTEXT('2D SPACE',''
  ) );
#11057 = PCURVE('',#8686,#11058);
#11058 = DEFINITIONAL_REPRESENTATION('',(#11059),#11062);
#11059 = B_SPLINE_CURVE_WITH_KNOTS('',1,(#11060,#11061),.UNSPECIFIED.,
  .F.,.F.,(2,2),(1.754385964912E-02,1.),.PIECEWISE_BEZIER_KNOTS.);
#11060 = CARTESIAN_POINT('',(-2.099486292815,1.754385964912E-02));
#11061 = CARTESIAN_POINT('',(-2.099486292815,1.));
#11062 = ( GEOMETRIC_REPRESENTATION_CONTEXT(2) 
PARAMETRIC_REPRESENTATION_CONTEXT() REPRESENTATION_CONTEXT('2D SPACE',''
  ) );
#11063 = ORIENTED_EDGE('',*,*,#11064,.F.);
#11064 = EDGE_CURVE('',#10995,#11045,#11065,.T.);
#11065 = SURFACE_CURVE('',#11066,(#11070,#11076),.PCURVE_S1.);
#11066 = LINE('',#11067,#11068);
#11067 = CARTESIAN_POINT('',(-10.05,-19.9995,13.266));
#11068 = VECTOR('',#11069,1.);
#11069 = DIRECTION('',(0.,1.,0.));
#11070 = PCURVE('',#8709,#11071);
#11071 = DEFINITIONAL_REPRESENTATION('',(#11072),#11075);
#11072 = B_SPLINE_CURVE_WITH_KNOTS('',1,(#11073,#11074),.UNSPECIFIED.,
  .F.,.F.,(2,2),(-0.603,0.603),.PIECEWISE_BEZIER_KNOTS.);
#11073 = CARTESIAN_POINT('',(-0.699486292815,1.));
#11074 = CARTESIAN_POINT('',(0.699486292815,1.));
#11075 = ( GEOMETRIC_REPRESENTATION_CONTEXT(2) 
PARAMETRIC_REPRESENTATION_CONTEXT() REPRESENTATION_CONTEXT('2D SPACE',''
  ) );
#11076 = PCURVE('',#11027,#11077);
#11077 = DEFINITIONAL_REPRESENTATION('',(#11078),#11082);
#11078 = LINE('',#11079,#11080);
#11079 = CARTESIAN_POINT('',(4.023732441586,-0.577569249988));
#11080 = VECTOR('',#11081,1.);
#11081 = DIRECTION('',(0.287347885566,0.957826285221));
#11082 = ( GEOMETRIC_REPRESENTATION_CONTEXT(2) 
PARAMETRIC_REPRESENTATION_CONTEXT() REPRESENTATION_CONTEXT('2D SPACE',''
  ) );
#11083 = ADVANCED_FACE('',(#11084),#8661,.F.);
#11084 = FACE_BOUND('',#11085,.F.);
#11085 = EDGE_LOOP('',(#11086,#11087,#11088,#11110));
#11086 = ORIENTED_EDGE('',*,*,#8647,.F.);
#11087 = ORIENTED_EDGE('',*,*,#10973,.T.);
#11088 = ORIENTED_EDGE('',*,*,#11089,.T.);
#11089 = EDGE_CURVE('',#10974,#11090,#11092,.T.);
#11090 = VERTEX_POINT('',#11091);
#11091 = CARTESIAN_POINT('',(-14.07,-19.3965,13.266));
#11092 = SURFACE_CURVE('',#11093,(#11097,#11103),.PCURVE_S1.);
#11093 = LINE('',#11094,#11095);
#11094 = CARTESIAN_POINT('',(-14.07,-19.9995,13.266));
#11095 = VECTOR('',#11096,1.);
#11096 = DIRECTION('',(0.,1.,0.));
#11097 = PCURVE('',#8661,#11098);
#11098 = DEFINITIONAL_REPRESENTATION('',(#11099),#11102);
#11099 = B_SPLINE_CURVE_WITH_KNOTS('',1,(#11100,#11101),.UNSPECIFIED.,
  .F.,.F.,(2,2),(-0.603,0.603),.PIECEWISE_BEZIER_KNOTS.);
#11100 = CARTESIAN_POINT('',(0.699486292815,1.));
#11101 = CARTESIAN_POINT('',(-0.699486292815,1.));
#11102 = ( GEOMETRIC_REPRESENTATION_CONTEXT(2) 
PARAMETRIC_REPRESENTATION_CONTEXT() REPRESENTATION_CONTEXT('2D SPACE',''
  ) );
#11103 = PCURVE('',#11027,#11104);
#11104 = DEFINITIONAL_REPRESENTATION('',(#11105),#11109);
#11105 = LINE('',#11106,#11107);
#11106 = CARTESIAN_POINT('',(0.173270774997,0.577569249988));
#11107 = VECTOR('',#11108,1.);
#11108 = DIRECTION('',(0.287347885566,0.957826285221));
#11109 = ( GEOMETRIC_REPRESENTATION_CONTEXT(2) 
PARAMETRIC_REPRESENTATION_CONTEXT() REPRESENTATION_CONTEXT('2D SPACE',''
  ) );
#11110 = ORIENTED_EDGE('',*,*,#11111,.F.);
#11111 = EDGE_CURVE('',#8648,#11090,#11112,.T.);
#11112 = SURFACE_CURVE('',#11113,(#11116,#11122),.PCURVE_S1.);
#11113 = B_SPLINE_CURVE_WITH_KNOTS('',1,(#11114,#11115),.UNSPECIFIED.,
  .F.,.F.,(2,2),(0.,1.),.PIECEWISE_BEZIER_KNOTS.);
#11114 = CARTESIAN_POINT('',(-14.16998372427,-19.29651627572,1.809));
#11115 = CARTESIAN_POINT('',(-14.07,-19.3965,13.266));
#11116 = PCURVE('',#8661,#11117);
#11117 = DEFINITIONAL_REPRESENTATION('',(#11118),#11121);
#11118 = B_SPLINE_CURVE_WITH_KNOTS('',1,(#11119,#11120),.UNSPECIFIED.,
  .F.,.F.,(2,2),(1.754385964912E-02,1.),.PIECEWISE_BEZIER_KNOTS.);
#11119 = CARTESIAN_POINT('',(-0.699486292815,1.754385964912E-02));
#11120 = CARTESIAN_POINT('',(-0.699486292815,1.));
#11121 = ( GEOMETRIC_REPRESENTATION_CONTEXT(2) 
PARAMETRIC_REPRESENTATION_CONTEXT() REPRESENTATION_CONTEXT('2D SPACE',''
  ) );
#11122 = PCURVE('',#8686,#11123);
#11123 = DEFINITIONAL_REPRESENTATION('',(#11124),#11127);
#11124 = B_SPLINE_CURVE_WITH_KNOTS('',1,(#11125,#11126),.UNSPECIFIED.,
  .F.,.F.,(2,2),(1.754385964912E-02,1.),.PIECEWISE_BEZIER_KNOTS.);
#11125 = CARTESIAN_POINT('',(2.099486292815,1.754385964912E-02));
#11126 = CARTESIAN_POINT('',(2.099486292815,1.));
#11127 = ( GEOMETRIC_REPRESENTATION_CONTEXT(2) 
PARAMETRIC_REPRESENTATION_CONTEXT() REPRESENTATION_CONTEXT('2D SPACE',''
  ) );
#11128 = ADVANCED_FACE('',(#11129),#8686,.F.);
#11129 = FACE_BOUND('',#11130,.F.);
#11130 = EDGE_LOOP('',(#11131,#11132,#11133,#11153));
#11131 = ORIENTED_EDGE('',*,*,#8672,.F.);
#11132 = ORIENTED_EDGE('',*,*,#11111,.T.);
#11133 = ORIENTED_EDGE('',*,*,#11134,.T.);
#11134 = EDGE_CURVE('',#11090,#11045,#11135,.T.);
#11135 = SURFACE_CURVE('',#11136,(#11140,#11146),.PCURVE_S1.);
#11136 = LINE('',#11137,#11138);
#11137 = CARTESIAN_POINT('',(-12.06,-19.3965,13.266));
#11138 = VECTOR('',#11139,1.);
#11139 = DIRECTION('',(1.,0.,0.));
#11140 = PCURVE('',#8686,#11141);
#11141 = DEFINITIONAL_REPRESENTATION('',(#11142),#11145);
#11142 = B_SPLINE_CURVE_WITH_KNOTS('',1,(#11143,#11144),.UNSPECIFIED.,
  .F.,.F.,(2,2),(-2.01,2.01),.PIECEWISE_BEZIER_KNOTS.);
#11143 = CARTESIAN_POINT('',(2.099486292815,1.));
#11144 = CARTESIAN_POINT('',(-2.099486292815,1.));
#11145 = ( GEOMETRIC_REPRESENTATION_CONTEXT(2) 
PARAMETRIC_REPRESENTATION_CONTEXT() REPRESENTATION_CONTEXT('2D SPACE',''
  ) );
#11146 = PCURVE('',#11027,#11147);
#11147 = DEFINITIONAL_REPRESENTATION('',(#11148),#11152);
#11148 = LINE('',#11149,#11150);
#11149 = CARTESIAN_POINT('',(2.271772383288,0.577569249988));
#11150 = VECTOR('',#11151,1.);
#11151 = DIRECTION('',(0.957826285221,-0.287347885566));
#11152 = ( GEOMETRIC_REPRESENTATION_CONTEXT(2) 
PARAMETRIC_REPRESENTATION_CONTEXT() REPRESENTATION_CONTEXT('2D SPACE',''
  ) );
#11153 = ORIENTED_EDGE('',*,*,#11044,.F.);
#11154 = ADVANCED_FACE('',(#11155),#8739,.F.);
#11155 = FACE_BOUND('',#11156,.F.);
#11156 = EDGE_LOOP('',(#11157,#11178,#11204,#11205));
#11157 = ORIENTED_EDGE('',*,*,#11158,.T.);
#11158 = EDGE_CURVE('',#8723,#11159,#11161,.T.);
#11159 = VERTEX_POINT('',#11160);
#11160 = CARTESIAN_POINT('',(14.5725,-40.2,7.035));
#11161 = SEAM_CURVE('',#11162,(#11166,#11172),.PCURVE_S1.);
#11162 = LINE('',#11163,#11164);
#11163 = CARTESIAN_POINT('',(14.620737761713,-40.2,1.5075));
#11164 = VECTOR('',#11165,1.);
#11165 = DIRECTION('',(-8.726535498374E-03,2.137384753146E-18,
    0.999961923064));
#11166 = PCURVE('',#8739,#11167);
#11167 = DEFINITIONAL_REPRESENTATION('',(#11168),#11171);
#11168 = B_SPLINE_CURVE_WITH_KNOTS('',1,(#11169,#11170),.UNSPECIFIED.,
  .F.,.F.,(2,2),(0.502519134389,5.527710478277),
  .PIECEWISE_BEZIER_KNOTS.);
#11169 = CARTESIAN_POINT('',(-6.28318530718,-0.5025));
#11170 = CARTESIAN_POINT('',(-6.28318530718,-5.5275));
#11171 = ( GEOMETRIC_REPRESENTATION_CONTEXT(2) 
PARAMETRIC_REPRESENTATION_CONTEXT() REPRESENTATION_CONTEXT('2D SPACE',''
  ) );
#11172 = PCURVE('',#8739,#11173);
#11173 = DEFINITIONAL_REPRESENTATION('',(#11174),#11177);
#11174 = B_SPLINE_CURVE_WITH_KNOTS('',1,(#11175,#11176),.UNSPECIFIED.,
  .F.,.F.,(2,2),(0.502519134389,5.527710478277),
  .PIECEWISE_BEZIER_KNOTS.);
#11175 = CARTESIAN_POINT('',(0.,-0.5025));
#11176 = CARTESIAN_POINT('',(0.,-5.5275));
#11177 = ( GEOMETRIC_REPRESENTATION_CONTEXT(2) 
PARAMETRIC_REPRESENTATION_CONTEXT() REPRESENTATION_CONTEXT('2D SPACE',''
  ) );
#11178 = ORIENTED_EDGE('',*,*,#11179,.F.);
#11179 = EDGE_CURVE('',#11159,#11159,#11180,.T.);
#11180 = SURFACE_CURVE('',#11181,(#11186,#11192),.PCURVE_S1.);
#11181 = CIRCLE('',#11182,2.5125);
#11182 = AXIS2_PLACEMENT_3D('',#11183,#11184,#11185);
#11183 = CARTESIAN_POINT('',(12.06,-40.2,7.035));
#11184 = DIRECTION('',(0.,0.,1.));
#11185 = DIRECTION('',(1.,0.,0.));
#11186 = PCURVE('',#8739,#11187);
#11187 = DEFINITIONAL_REPRESENTATION('',(#11188),#11191);
#11188 = B_SPLINE_CURVE_WITH_KNOTS('',1,(#11189,#11190),.UNSPECIFIED.,
  .F.,.F.,(2,2),(0.,6.28318530718),.PIECEWISE_BEZIER_KNOTS.);
#11189 = CARTESIAN_POINT('',(0.,-5.5275));
#11190 = CARTESIAN_POINT('',(-6.28318530718,-5.5275));
#11191 = ( GEOMETRIC_REPRESENTATION_CONTEXT(2) 
PARAMETRIC_REPRESENTATION_CONTEXT() REPRESENTATION_CONTEXT('2D SPACE',''
  ) );
#11192 = PCURVE('',#11193,#11198);
#11193 = PLANE('',#11194);
#11194 = AXIS2_PLACEMENT_3D('',#11195,#11196,#11197);
#11195 = CARTESIAN_POINT('',(12.06,-40.2,7.035));
#11196 = DIRECTION('',(0.,0.,1.));
#11197 = DIRECTION('',(1.,0.,0.));
#11198 = DEFINITIONAL_REPRESENTATION('',(#11199),#11203);
#11199 = CIRCLE('',#11200,2.5125);
#11200 = AXIS2_PLACEMENT_2D('',#11201,#11202);
#11201 = CARTESIAN_POINT('',(0.,0.));
#11202 = DIRECTION('',(1.,0.));
#11203 = ( GEOMETRIC_REPRESENTATION_CONTEXT(2) 
PARAMETRIC_REPRESENTATION_CONTEXT() REPRESENTATION_CONTEXT('2D SPACE',''
  ) );
#11204 = ORIENTED_EDGE('',*,*,#11158,.F.);
#11205 = ORIENTED_EDGE('',*,*,#8722,.T.);
#11206 = ADVANCED_FACE('',(#11207),#8768,.F.);
#11207 = FACE_BOUND('',#11208,.F.);
#11208 = EDGE_LOOP('',(#11209,#11229,#11230,#11250));
#11209 = ORIENTED_EDGE('',*,*,#11210,.F.);
#11210 = EDGE_CURVE('',#8755,#11211,#11213,.T.);
#11211 = VERTEX_POINT('',#11212);
#11212 = CARTESIAN_POINT('',(10.05,-20.6025,13.266));
#11213 = SURFACE_CURVE('',#11214,(#11217,#11223),.PCURVE_S1.);
#11214 = B_SPLINE_CURVE_WITH_KNOTS('',1,(#11215,#11216),.UNSPECIFIED.,
  .F.,.F.,(2,2),(0.,1.),.PIECEWISE_BEZIER_KNOTS.);
#11215 = CARTESIAN_POINT('',(9.950016275721,-20.70248372427,1.809));
#11216 = CARTESIAN_POINT('',(10.05,-20.6025,13.266));
#11217 = PCURVE('',#8768,#11218);
#11218 = DEFINITIONAL_REPRESENTATION('',(#11219),#11222);
#11219 = B_SPLINE_CURVE_WITH_KNOTS('',1,(#11220,#11221),.UNSPECIFIED.,
  .F.,.F.,(2,2),(1.754385964912E-02,1.),.PIECEWISE_BEZIER_KNOTS.);
#11220 = CARTESIAN_POINT('',(-2.099486292815,1.754385964912E-02));
#11221 = CARTESIAN_POINT('',(-2.099486292815,1.));
#11222 = ( GEOMETRIC_REPRESENTATION_CONTEXT(2) 
PARAMETRIC_REPRESENTATION_CONTEXT() REPRESENTATION_CONTEXT('2D SPACE',''
  ) );
#11223 = PCURVE('',#8793,#11224);
#11224 = DEFINITIONAL_REPRESENTATION('',(#11225),#11228);
#11225 = B_SPLINE_CURVE_WITH_KNOTS('',1,(#11226,#11227),.UNSPECIFIED.,
  .F.,.F.,(2,2),(1.754385964912E-02,1.),.PIECEWISE_BEZIER_KNOTS.);
#11226 = CARTESIAN_POINT('',(0.699486292815,1.754385964912E-02));
#11227 = CARTESIAN_POINT('',(0.699486292815,1.));
#11228 = ( GEOMETRIC_REPRESENTATION_CONTEXT(2) 
PARAMETRIC_REPRESENTATION_CONTEXT() REPRESENTATION_CONTEXT('2D SPACE',''
  ) );
#11229 = ORIENTED_EDGE('',*,*,#8752,.F.);
#11230 = ORIENTED_EDGE('',*,*,#11231,.T.);
#11231 = EDGE_CURVE('',#8753,#11232,#11234,.T.);
#11232 = VERTEX_POINT('',#11233);
#11233 = CARTESIAN_POINT('',(14.07,-20.6025,13.266));
#11234 = SURFACE_CURVE('',#11235,(#11238,#11244),.PCURVE_S1.);
#11235 = B_SPLINE_CURVE_WITH_KNOTS('',1,(#11236,#11237),.UNSPECIFIED.,
  .F.,.F.,(2,2),(0.,1.),.PIECEWISE_BEZIER_KNOTS.);
#11236 = CARTESIAN_POINT('',(14.169983724279,-20.70248372427,1.809));
#11237 = CARTESIAN_POINT('',(14.07,-20.6025,13.266));
#11238 = PCURVE('',#8768,#11239);
#11239 = DEFINITIONAL_REPRESENTATION('',(#11240),#11243);
#11240 = B_SPLINE_CURVE_WITH_KNOTS('',1,(#11241,#11242),.UNSPECIFIED.,
  .F.,.F.,(2,2),(1.754385964912E-02,1.),.PIECEWISE_BEZIER_KNOTS.);
#11241 = CARTESIAN_POINT('',(2.099486292815,1.754385964912E-02));
#11242 = CARTESIAN_POINT('',(2.099486292815,1.));
#11243 = ( GEOMETRIC_REPRESENTATION_CONTEXT(2) 
PARAMETRIC_REPRESENTATION_CONTEXT() REPRESENTATION_CONTEXT('2D SPACE',''
  ) );
#11244 = PCURVE('',#8841,#11245);
#11245 = DEFINITIONAL_REPRESENTATION('',(#11246),#11249);
#11246 = B_SPLINE_CURVE_WITH_KNOTS('',1,(#11247,#11248),.UNSPECIFIED.,
  .F.,.F.,(2,2),(1.754385964912E-02,1.),.PIECEWISE_BEZIER_KNOTS.);
#11247 = CARTESIAN_POINT('',(-0.699486292815,1.754385964912E-02));
#11248 = CARTESIAN_POINT('',(-0.699486292815,1.));
#11249 = ( GEOMETRIC_REPRESENTATION_CONTEXT(2) 
PARAMETRIC_REPRESENTATION_CONTEXT() REPRESENTATION_CONTEXT('2D SPACE',''
  ) );
#11250 = ORIENTED_EDGE('',*,*,#11251,.F.);
#11251 = EDGE_CURVE('',#11211,#11232,#11252,.T.);
#11252 = SURFACE_CURVE('',#11253,(#11257,#11263),.PCURVE_S1.);
#11253 = LINE('',#11254,#11255);
#11254 = CARTESIAN_POINT('',(12.06,-20.6025,13.266));
#11255 = VECTOR('',#11256,1.);
#11256 = DIRECTION('',(1.,0.,0.));
#11257 = PCURVE('',#8768,#11258);
#11258 = DEFINITIONAL_REPRESENTATION('',(#11259),#11262);
#11259 = B_SPLINE_CURVE_WITH_KNOTS('',1,(#11260,#11261),.UNSPECIFIED.,
  .F.,.F.,(2,2),(-2.01,2.01),.PIECEWISE_BEZIER_KNOTS.);
#11260 = CARTESIAN_POINT('',(-2.099486292815,1.));
#11261 = CARTESIAN_POINT('',(2.099486292815,1.));
#11262 = ( GEOMETRIC_REPRESENTATION_CONTEXT(2) 
PARAMETRIC_REPRESENTATION_CONTEXT() REPRESENTATION_CONTEXT('2D SPACE',''
  ) );
#11263 = PCURVE('',#11264,#11269);
#11264 = PLANE('',#11265);
#11265 = AXIS2_PLACEMENT_3D('',#11266,#11267,#11268);
#11266 = CARTESIAN_POINT('',(10.05,-20.6025,13.266));
#11267 = DIRECTION('',(0.,0.,1.));
#11268 = DIRECTION('',(0.957826285221,0.287347885566,-0.));
#11269 = DEFINITIONAL_REPRESENTATION('',(#11270),#11274);
#11270 = LINE('',#11271,#11272);
#11271 = CARTESIAN_POINT('',(1.925230833295,-0.577569249988));
#11272 = VECTOR('',#11273,1.);
#11273 = DIRECTION('',(0.957826285221,-0.287347885566));
#11274 = ( GEOMETRIC_REPRESENTATION_CONTEXT(2) 
PARAMETRIC_REPRESENTATION_CONTEXT() REPRESENTATION_CONTEXT('2D SPACE',''
  ) );
#11275 = ADVANCED_FACE('',(#11276),#8841,.F.);
#11276 = FACE_BOUND('',#11277,.F.);
#11277 = EDGE_LOOP('',(#11278,#11279,#11280,#11300));
#11278 = ORIENTED_EDGE('',*,*,#11231,.F.);
#11279 = ORIENTED_EDGE('',*,*,#8829,.F.);
#11280 = ORIENTED_EDGE('',*,*,#11281,.T.);
#11281 = EDGE_CURVE('',#8805,#11282,#11284,.T.);
#11282 = VERTEX_POINT('',#11283);
#11283 = CARTESIAN_POINT('',(14.07,-19.3965,13.266));
#11284 = SURFACE_CURVE('',#11285,(#11288,#11294),.PCURVE_S1.);
#11285 = B_SPLINE_CURVE_WITH_KNOTS('',1,(#11286,#11287),.UNSPECIFIED.,
  .F.,.F.,(2,2),(0.,1.),.PIECEWISE_BEZIER_KNOTS.);
#11286 = CARTESIAN_POINT('',(14.169983724279,-19.29651627572,1.809));
#11287 = CARTESIAN_POINT('',(14.07,-19.3965,13.266));
#11288 = PCURVE('',#8841,#11289);
#11289 = DEFINITIONAL_REPRESENTATION('',(#11290),#11293);
#11290 = B_SPLINE_CURVE_WITH_KNOTS('',1,(#11291,#11292),.UNSPECIFIED.,
  .F.,.F.,(2,2),(1.754385964912E-02,1.),.PIECEWISE_BEZIER_KNOTS.);
#11291 = CARTESIAN_POINT('',(0.699486292815,1.754385964912E-02));
#11292 = CARTESIAN_POINT('',(0.699486292815,1.));
#11293 = ( GEOMETRIC_REPRESENTATION_CONTEXT(2) 
PARAMETRIC_REPRESENTATION_CONTEXT() REPRESENTATION_CONTEXT('2D SPACE',''
  ) );
#11294 = PCURVE('',#8818,#11295);
#11295 = DEFINITIONAL_REPRESENTATION('',(#11296),#11299);
#11296 = B_SPLINE_CURVE_WITH_KNOTS('',1,(#11297,#11298),.UNSPECIFIED.,
  .F.,.F.,(2,2),(1.754385964912E-02,1.),.PIECEWISE_BEZIER_KNOTS.);
#11297 = CARTESIAN_POINT('',(-2.099486292815,1.754385964912E-02));
#11298 = CARTESIAN_POINT('',(-2.099486292815,1.));
#11299 = ( GEOMETRIC_REPRESENTATION_CONTEXT(2) 
PARAMETRIC_REPRESENTATION_CONTEXT() REPRESENTATION_CONTEXT('2D SPACE',''
  ) );
#11300 = ORIENTED_EDGE('',*,*,#11301,.F.);
#11301 = EDGE_CURVE('',#11232,#11282,#11302,.T.);
#11302 = SURFACE_CURVE('',#11303,(#11307,#11313),.PCURVE_S1.);
#11303 = LINE('',#11304,#11305);
#11304 = CARTESIAN_POINT('',(14.07,-19.9995,13.266));
#11305 = VECTOR('',#11306,1.);
#11306 = DIRECTION('',(0.,1.,0.));
#11307 = PCURVE('',#8841,#11308);
#11308 = DEFINITIONAL_REPRESENTATION('',(#11309),#11312);
#11309 = B_SPLINE_CURVE_WITH_KNOTS('',1,(#11310,#11311),.UNSPECIFIED.,
  .F.,.F.,(2,2),(-0.603,0.603),.PIECEWISE_BEZIER_KNOTS.);
#11310 = CARTESIAN_POINT('',(-0.699486292815,1.));
#11311 = CARTESIAN_POINT('',(0.699486292815,1.));
#11312 = ( GEOMETRIC_REPRESENTATION_CONTEXT(2) 
PARAMETRIC_REPRESENTATION_CONTEXT() REPRESENTATION_CONTEXT('2D SPACE',''
  ) );
#11313 = PCURVE('',#11264,#11314);
#11314 = DEFINITIONAL_REPRESENTATION('',(#11315),#11319);
#11315 = LINE('',#11316,#11317);
#11316 = CARTESIAN_POINT('',(4.023732441586,-0.577569249988));
#11317 = VECTOR('',#11318,1.);
#11318 = DIRECTION('',(0.287347885566,0.957826285221));
#11319 = ( GEOMETRIC_REPRESENTATION_CONTEXT(2) 
PARAMETRIC_REPRESENTATION_CONTEXT() REPRESENTATION_CONTEXT('2D SPACE',''
  ) );
#11320 = ADVANCED_FACE('',(#11321),#8793,.F.);
#11321 = FACE_BOUND('',#11322,.F.);
#11322 = EDGE_LOOP('',(#11323,#11324,#11325,#11347));
#11323 = ORIENTED_EDGE('',*,*,#8779,.F.);
#11324 = ORIENTED_EDGE('',*,*,#11210,.T.);
#11325 = ORIENTED_EDGE('',*,*,#11326,.T.);
#11326 = EDGE_CURVE('',#11211,#11327,#11329,.T.);
#11327 = VERTEX_POINT('',#11328);
#11328 = CARTESIAN_POINT('',(10.05,-19.3965,13.266));
#11329 = SURFACE_CURVE('',#11330,(#11334,#11340),.PCURVE_S1.);
#11330 = LINE('',#11331,#11332);
#11331 = CARTESIAN_POINT('',(10.05,-19.9995,13.266));
#11332 = VECTOR('',#11333,1.);
#11333 = DIRECTION('',(0.,1.,0.));
#11334 = PCURVE('',#8793,#11335);
#11335 = DEFINITIONAL_REPRESENTATION('',(#11336),#11339);
#11336 = B_SPLINE_CURVE_WITH_KNOTS('',1,(#11337,#11338),.UNSPECIFIED.,
  .F.,.F.,(2,2),(-0.603,0.603),.PIECEWISE_BEZIER_KNOTS.);
#11337 = CARTESIAN_POINT('',(0.699486292815,1.));
#11338 = CARTESIAN_POINT('',(-0.699486292815,1.));
#11339 = ( GEOMETRIC_REPRESENTATION_CONTEXT(2) 
PARAMETRIC_REPRESENTATION_CONTEXT() REPRESENTATION_CONTEXT('2D SPACE',''
  ) );
#11340 = PCURVE('',#11264,#11341);
#11341 = DEFINITIONAL_REPRESENTATION('',(#11342),#11346);
#11342 = LINE('',#11343,#11344);
#11343 = CARTESIAN_POINT('',(0.173270774997,0.577569249988));
#11344 = VECTOR('',#11345,1.);
#11345 = DIRECTION('',(0.287347885566,0.957826285221));
#11346 = ( GEOMETRIC_REPRESENTATION_CONTEXT(2) 
PARAMETRIC_REPRESENTATION_CONTEXT() REPRESENTATION_CONTEXT('2D SPACE',''
  ) );
#11347 = ORIENTED_EDGE('',*,*,#11348,.F.);
#11348 = EDGE_CURVE('',#8780,#11327,#11349,.T.);
#11349 = SURFACE_CURVE('',#11350,(#11353,#11359),.PCURVE_S1.);
#11350 = B_SPLINE_CURVE_WITH_KNOTS('',1,(#11351,#11352),.UNSPECIFIED.,
  .F.,.F.,(2,2),(0.,1.),.PIECEWISE_BEZIER_KNOTS.);
#11351 = CARTESIAN_POINT('',(9.950016275721,-19.29651627572,1.809));
#11352 = CARTESIAN_POINT('',(10.05,-19.3965,13.266));
#11353 = PCURVE('',#8793,#11354);
#11354 = DEFINITIONAL_REPRESENTATION('',(#11355),#11358);
#11355 = B_SPLINE_CURVE_WITH_KNOTS('',1,(#11356,#11357),.UNSPECIFIED.,
  .F.,.F.,(2,2),(1.754385964912E-02,1.),.PIECEWISE_BEZIER_KNOTS.);
#11356 = CARTESIAN_POINT('',(-0.699486292815,1.754385964912E-02));
#11357 = CARTESIAN_POINT('',(-0.699486292815,1.));
#11358 = ( GEOMETRIC_REPRESENTATION_CONTEXT(2) 
PARAMETRIC_REPRESENTATION_CONTEXT() REPRESENTATION_CONTEXT('2D SPACE',''
  ) );
#11359 = PCURVE('',#8818,#11360);
#11360 = DEFINITIONAL_REPRESENTATION('',(#11361),#11364);
#11361 = B_SPLINE_CURVE_WITH_KNOTS('',1,(#11362,#11363),.UNSPECIFIED.,
  .F.,.F.,(2,2),(1.754385964912E-02,1.),.PIECEWISE_BEZIER_KNOTS.);
#11362 = CARTESIAN_POINT('',(2.099486292815,1.754385964912E-02));
#11363 = CARTESIAN_POINT('',(2.099486292815,1.));
#11364 = ( GEOMETRIC_REPRESENTATION_CONTEXT(2) 
PARAMETRIC_REPRESENTATION_CONTEXT() REPRESENTATION_CONTEXT('2D SPACE',''
  ) );
#11365 = ADVANCED_FACE('',(#11366),#8818,.F.);
#11366 = FACE_BOUND('',#11367,.F.);
#11367 = EDGE_LOOP('',(#11368,#11369,#11370,#11390));
#11368 = ORIENTED_EDGE('',*,*,#8804,.F.);
#11369 = ORIENTED_EDGE('',*,*,#11348,.T.);
#11370 = ORIENTED_EDGE('',*,*,#11371,.T.);
#11371 = EDGE_CURVE('',#11327,#11282,#11372,.T.);
#11372 = SURFACE_CURVE('',#11373,(#11377,#11383),.PCURVE_S1.);
#11373 = LINE('',#11374,#11375);
#11374 = CARTESIAN_POINT('',(12.06,-19.3965,13.266));
#11375 = VECTOR('',#11376,1.);
#11376 = DIRECTION('',(1.,0.,0.));
#11377 = PCURVE('',#8818,#11378);
#11378 = DEFINITIONAL_REPRESENTATION('',(#11379),#11382);
#11379 = B_SPLINE_CURVE_WITH_KNOTS('',1,(#11380,#11381),.UNSPECIFIED.,
  .F.,.F.,(2,2),(-2.01,2.01),.PIECEWISE_BEZIER_KNOTS.);
#11380 = CARTESIAN_POINT('',(2.099486292815,1.));
#11381 = CARTESIAN_POINT('',(-2.099486292815,1.));
#11382 = ( GEOMETRIC_REPRESENTATION_CONTEXT(2) 
PARAMETRIC_REPRESENTATION_CONTEXT() REPRESENTATION_CONTEXT('2D SPACE',''
  ) );
#11383 = PCURVE('',#11264,#11384);
#11384 = DEFINITIONAL_REPRESENTATION('',(#11385),#11389);
#11385 = LINE('',#11386,#11387);
#11386 = CARTESIAN_POINT('',(2.271772383288,0.577569249988));
#11387 = VECTOR('',#11388,1.);
#11388 = DIRECTION('',(0.957826285221,-0.287347885566));
#11389 = ( GEOMETRIC_REPRESENTATION_CONTEXT(2) 
PARAMETRIC_REPRESENTATION_CONTEXT() REPRESENTATION_CONTEXT('2D SPACE',''
  ) );
#11390 = ORIENTED_EDGE('',*,*,#11281,.F.);
#11391 = ADVANCED_FACE('',(#11392),#8871,.F.);
#11392 = FACE_BOUND('',#11393,.F.);
#11393 = EDGE_LOOP('',(#11394,#11415,#11441,#11442));
#11394 = ORIENTED_EDGE('',*,*,#11395,.T.);
#11395 = EDGE_CURVE('',#8855,#11396,#11398,.T.);
#11396 = VERTEX_POINT('',#11397);
#11397 = CARTESIAN_POINT('',(-18.9543,54.46095,11.055));
#11398 = SEAM_CURVE('',#11399,(#11403,#11409),.PCURVE_S1.);
#11399 = LINE('',#11400,#11401);
#11400 = CARTESIAN_POINT('',(-18.87098022976,54.46095,1.5075));
#11401 = VECTOR('',#11402,1.);
#11402 = DIRECTION('',(-8.726535498374E-03,2.137384753146E-18,
    0.999961923064));
#11403 = PCURVE('',#8871,#11404);
#11404 = DEFINITIONAL_REPRESENTATION('',(#11405),#11408);
#11405 = B_SPLINE_CURVE_WITH_KNOTS('',1,(#11406,#11407),.UNSPECIFIED.,
  .F.,.F.,(2,2),(0.502519134389,9.547863553388),
  .PIECEWISE_BEZIER_KNOTS.);
#11406 = CARTESIAN_POINT('',(-6.28318530718,-0.5025));
#11407 = CARTESIAN_POINT('',(-6.28318530718,-9.5475));
#11408 = ( GEOMETRIC_REPRESENTATION_CONTEXT(2) 
PARAMETRIC_REPRESENTATION_CONTEXT() REPRESENTATION_CONTEXT('2D SPACE',''
  ) );
#11409 = PCURVE('',#8871,#11410);
#11410 = DEFINITIONAL_REPRESENTATION('',(#11411),#11414);
#11411 = B_SPLINE_CURVE_WITH_KNOTS('',1,(#11412,#11413),.UNSPECIFIED.,
  .F.,.F.,(2,2),(0.502519134389,9.547863553388),
  .PIECEWISE_BEZIER_KNOTS.);
#11412 = CARTESIAN_POINT('',(0.,-0.5025));
#11413 = CARTESIAN_POINT('',(0.,-9.5475));
#11414 = ( GEOMETRIC_REPRESENTATION_CONTEXT(2) 
PARAMETRIC_REPRESENTATION_CONTEXT() REPRESENTATION_CONTEXT('2D SPACE',''
  ) );
#11415 = ORIENTED_EDGE('',*,*,#11416,.F.);
#11416 = EDGE_CURVE('',#11396,#11396,#11417,.T.);
#11417 = SURFACE_CURVE('',#11418,(#11423,#11429),.PCURVE_S1.);
#11418 = CIRCLE('',#11419,2.814);
#11419 = AXIS2_PLACEMENT_3D('',#11420,#11421,#11422);
#11420 = CARTESIAN_POINT('',(-21.7683,54.46095,11.055));
#11421 = DIRECTION('',(0.,0.,1.));
#11422 = DIRECTION('',(1.,0.,0.));
#11423 = PCURVE('',#8871,#11424);
#11424 = DEFINITIONAL_REPRESENTATION('',(#11425),#11428);
#11425 = B_SPLINE_CURVE_WITH_KNOTS('',1,(#11426,#11427),.UNSPECIFIED.,
  .F.,.F.,(2,2),(0.,6.28318530718),.PIECEWISE_BEZIER_KNOTS.);
#11426 = CARTESIAN_POINT('',(0.,-9.5475));
#11427 = CARTESIAN_POINT('',(-6.28318530718,-9.5475));
#11428 = ( GEOMETRIC_REPRESENTATION_CONTEXT(2) 
PARAMETRIC_REPRESENTATION_CONTEXT() REPRESENTATION_CONTEXT('2D SPACE',''
  ) );
#11429 = PCURVE('',#11430,#11435);
#11430 = PLANE('',#11431);
#11431 = AXIS2_PLACEMENT_3D('',#11432,#11433,#11434);
#11432 = CARTESIAN_POINT('',(-21.7683,54.46095,11.055));
#11433 = DIRECTION('',(0.,0.,1.));
#11434 = DIRECTION('',(1.,0.,0.));
#11435 = DEFINITIONAL_REPRESENTATION('',(#11436),#11440);
#11436 = CIRCLE('',#11437,2.814);
#11437 = AXIS2_PLACEMENT_2D('',#11438,#11439);
#11438 = CARTESIAN_POINT('',(0.,0.));
#11439 = DIRECTION('',(1.,0.));
#11440 = ( GEOMETRIC_REPRESENTATION_CONTEXT(2) 
PARAMETRIC_REPRESENTATION_CONTEXT() REPRESENTATION_CONTEXT('2D SPACE',''
  ) );
#11441 = ORIENTED_EDGE('',*,*,#11395,.F.);
#11442 = ORIENTED_EDGE('',*,*,#8854,.T.);
#11443 = ADVANCED_FACE('',(#11444),#8902,.T.);
#11444 = FACE_BOUND('',#11445,.T.);
#11445 = EDGE_LOOP('',(#11446,#11468,#11469,#11498));
#11446 = ORIENTED_EDGE('',*,*,#11447,.F.);
#11447 = EDGE_CURVE('',#8885,#11448,#11450,.T.);
#11448 = VERTEX_POINT('',#11449);
#11449 = CARTESIAN_POINT('',(-16.03438991534,-9.045,2.1105));
#11450 = SURFACE_CURVE('',#11451,(#11455,#11462),.PCURVE_S1.);
#11451 = LINE('',#11452,#11453);
#11452 = CARTESIAN_POINT('',(-16.08,-9.045,-0.5025));
#11453 = VECTOR('',#11454,1.);
#11454 = DIRECTION('',(1.745240643728E-02,0.,0.999847695156));
#11455 = PCURVE('',#8902,#11456);
#11456 = DEFINITIONAL_REPRESENTATION('',(#11457),#11461);
#11457 = LINE('',#11458,#11459);
#11458 = CARTESIAN_POINT('',(0.,18.09));
#11459 = VECTOR('',#11460,1.);
#11460 = DIRECTION('',(1.,0.));
#11461 = ( GEOMETRIC_REPRESENTATION_CONTEXT(2) 
PARAMETRIC_REPRESENTATION_CONTEXT() REPRESENTATION_CONTEXT('2D SPACE',''
  ) );
#11462 = PCURVE('',#9303,#11463);
#11463 = DEFINITIONAL_REPRESENTATION('',(#11464),#11467);
#11464 = B_SPLINE_CURVE_WITH_KNOTS('',1,(#11465,#11466),.UNSPECIFIED.,
  .F.,.F.,(2,2),(2.51288272421,2.613398033179),
  .PIECEWISE_BEZIER_KNOTS.);
#11465 = CARTESIAN_POINT('',(-3.14159265359,-2.5125));
#11466 = CARTESIAN_POINT('',(-3.14159265359,-2.613));
#11467 = ( GEOMETRIC_REPRESENTATION_CONTEXT(2) 
PARAMETRIC_REPRESENTATION_CONTEXT() REPRESENTATION_CONTEXT('2D SPACE',''
  ) );
#11468 = ORIENTED_EDGE('',*,*,#8884,.T.);
#11469 = ORIENTED_EDGE('',*,*,#11470,.T.);
#11470 = EDGE_CURVE('',#8887,#11471,#11473,.T.);
#11471 = VERTEX_POINT('',#11472);
#11472 = CARTESIAN_POINT('',(-16.03438991534,-5.076745962565,2.1105));
#11473 = SURFACE_CURVE('',#11474,(#11480,#11489),.PCURVE_S1.);
#11474 = B_SPLINE_CURVE_WITH_KNOTS('',4,(#11475,#11476,#11477,#11478,
    #11479),.UNSPECIFIED.,.F.,.F.,(5,5),(0.,1.),
  .PIECEWISE_BEZIER_KNOTS.);
#11475 = CARTESIAN_POINT('',(-16.03614421462,-5.077623045405,
    2.0099962614));
#11476 = CARTESIAN_POINT('',(-16.03570563934,-5.077403774464,
    2.035122222523));
#11477 = CARTESIAN_POINT('',(-16.03526706436,-5.077184503675,
    2.060248166167));
#11478 = CARTESIAN_POINT('',(-16.0348284897,-5.076965233044,
    2.085374091851));
#11479 = CARTESIAN_POINT('',(-16.03438991534,-5.076745962565,2.1105));
#11480 = PCURVE('',#8902,#11481);
#11481 = DEFINITIONAL_REPRESENTATION('',(#11482),#11488);
#11482 = B_SPLINE_CURVE_WITH_KNOTS('',4,(#11483,#11484,#11485,#11486,
    #11487),.UNSPECIFIED.,.F.,.F.,(5,5),(0.,1.),
  .PIECEWISE_BEZIER_KNOTS.);
#11483 = CARTESIAN_POINT('',(2.512878985041,14.122623045405));
#11484 = CARTESIAN_POINT('',(2.538008773553,14.122403774464));
#11485 = CARTESIAN_POINT('',(2.563138544583,14.122184503675));
#11486 = CARTESIAN_POINT('',(2.588268297649,14.121965233044));
#11487 = CARTESIAN_POINT('',(2.613398033179,14.121745962565));
#11488 = ( GEOMETRIC_REPRESENTATION_CONTEXT(2) 
PARAMETRIC_REPRESENTATION_CONTEXT() REPRESENTATION_CONTEXT('2D SPACE',''
  ) );
#11489 = PCURVE('',#8928,#11490);
#11490 = DEFINITIONAL_REPRESENTATION('',(#11491),#11497);
#11491 = B_SPLINE_CURVE_WITH_KNOTS('',4,(#11492,#11493,#11494,#11495,
    #11496),.UNSPECIFIED.,.F.,.F.,(5,5),(0.,1.),
  .PIECEWISE_BEZIER_KNOTS.);
#11492 = CARTESIAN_POINT('',(0.545355373676,3.225746451613E-02));
#11493 = CARTESIAN_POINT('',(0.546008558657,3.628987682929E-02));
#11494 = CARTESIAN_POINT('',(0.546662427039,4.032228633725E-02));
#11495 = CARTESIAN_POINT('',(0.547316996225,4.435469296275E-02));
#11496 = CARTESIAN_POINT('',(0.547972248765,4.838709677419E-02));
#11497 = ( GEOMETRIC_REPRESENTATION_CONTEXT(2) 
PARAMETRIC_REPRESENTATION_CONTEXT() REPRESENTATION_CONTEXT('2D SPACE',''
  ) );
#11498 = ORIENTED_EDGE('',*,*,#11499,.T.);
#11499 = EDGE_CURVE('',#11471,#11448,#11500,.T.);
#11500 = SURFACE_CURVE('',#11501,(#11505,#11512),.PCURVE_S1.);
#11501 = LINE('',#11502,#11503);
#11502 = CARTESIAN_POINT('',(-16.03438991534,9.045,2.1105));
#11503 = VECTOR('',#11504,1.);
#11504 = DIRECTION('',(0.,-1.,0.));
#11505 = PCURVE('',#8902,#11506);
#11506 = DEFINITIONAL_REPRESENTATION('',(#11507),#11511);
#11507 = LINE('',#11508,#11509);
#11508 = CARTESIAN_POINT('',(2.613398033179,0.));
#11509 = VECTOR('',#11510,1.);
#11510 = DIRECTION('',(0.,1.));
#11511 = ( GEOMETRIC_REPRESENTATION_CONTEXT(2) 
PARAMETRIC_REPRESENTATION_CONTEXT() REPRESENTATION_CONTEXT('2D SPACE',''
  ) );
#11512 = PCURVE('',#11513,#11518);
#11513 = PLANE('',#11514);
#11514 = AXIS2_PLACEMENT_3D('',#11515,#11516,#11517);
#11515 = CARTESIAN_POINT('',(0.,9.045,2.1105));
#11516 = DIRECTION('',(0.,0.,1.));
#11517 = DIRECTION('',(1.,0.,0.));
#11518 = DEFINITIONAL_REPRESENTATION('',(#11519),#11523);
#11519 = LINE('',#11520,#11521);
#11520 = CARTESIAN_POINT('',(-16.03438991534,0.));
#11521 = VECTOR('',#11522,1.);
#11522 = DIRECTION('',(0.,-1.));
#11523 = ( GEOMETRIC_REPRESENTATION_CONTEXT(2) 
PARAMETRIC_REPRESENTATION_CONTEXT() REPRESENTATION_CONTEXT('2D SPACE',''
  ) );
#11524 = ADVANCED_FACE('',(#11525),#9303,.F.);
#11525 = FACE_BOUND('',#11526,.F.);
#11526 = EDGE_LOOP('',(#11527,#11528,#11529,#11551));
#11527 = ORIENTED_EDGE('',*,*,#11447,.F.);
#11528 = ORIENTED_EDGE('',*,*,#9288,.T.);
#11529 = ORIENTED_EDGE('',*,*,#11530,.T.);
#11530 = EDGE_CURVE('',#9261,#11531,#11533,.T.);
#11531 = VERTEX_POINT('',#11532);
#11532 = CARTESIAN_POINT('',(-14.5725,-10.50688991534,2.1105));
#11533 = SURFACE_CURVE('',#11534,(#11538,#11544),.PCURVE_S1.);
#11534 = LINE('',#11535,#11536);
#11535 = CARTESIAN_POINT('',(-14.5725,-10.5525,-0.5025));
#11536 = VECTOR('',#11537,1.);
#11537 = DIRECTION('',(3.205955052126E-18,1.745240643728E-02,
    0.999847695156));
#11538 = PCURVE('',#9303,#11539);
#11539 = DEFINITIONAL_REPRESENTATION('',(#11540),#11543);
#11540 = B_SPLINE_CURVE_WITH_KNOTS('',1,(#11541,#11542),.UNSPECIFIED.,
  .F.,.F.,(2,2),(2.51288272421,2.613398033179),
  .PIECEWISE_BEZIER_KNOTS.);
#11541 = CARTESIAN_POINT('',(-4.712388980385,-2.5125));
#11542 = CARTESIAN_POINT('',(-4.712388980385,-2.613));
#11543 = ( GEOMETRIC_REPRESENTATION_CONTEXT(2) 
PARAMETRIC_REPRESENTATION_CONTEXT() REPRESENTATION_CONTEXT('2D SPACE',''
  ) );
#11544 = PCURVE('',#9276,#11545);
#11545 = DEFINITIONAL_REPRESENTATION('',(#11546),#11550);
#11546 = LINE('',#11547,#11548);
#11547 = CARTESIAN_POINT('',(0.,-14.5725));
#11548 = VECTOR('',#11549,1.);
#11549 = DIRECTION('',(1.,3.205955052126E-18));
#11550 = ( GEOMETRIC_REPRESENTATION_CONTEXT(2) 
PARAMETRIC_REPRESENTATION_CONTEXT() REPRESENTATION_CONTEXT('2D SPACE',''
  ) );
#11551 = ORIENTED_EDGE('',*,*,#11552,.F.);
#11552 = EDGE_CURVE('',#11448,#11531,#11553,.T.);
#11553 = SURFACE_CURVE('',#11554,(#11559,#11565),.PCURVE_S1.);
#11554 = CIRCLE('',#11555,1.461889915343);
#11555 = AXIS2_PLACEMENT_3D('',#11556,#11557,#11558);
#11556 = CARTESIAN_POINT('',(-14.5725,-9.045,2.1105));
#11557 = DIRECTION('',(0.,0.,1.));
#11558 = DIRECTION('',(1.,0.,0.));
#11559 = PCURVE('',#9303,#11560);
#11560 = DEFINITIONAL_REPRESENTATION('',(#11561),#11564);
#11561 = B_SPLINE_CURVE_WITH_KNOTS('',1,(#11562,#11563),.UNSPECIFIED.,
  .F.,.F.,(2,2),(3.14159265359,4.712388980385),
  .PIECEWISE_BEZIER_KNOTS.);
#11562 = CARTESIAN_POINT('',(-3.14159265359,-2.613));
#11563 = CARTESIAN_POINT('',(-4.712388980385,-2.613));
#11564 = ( GEOMETRIC_REPRESENTATION_CONTEXT(2) 
PARAMETRIC_REPRESENTATION_CONTEXT() REPRESENTATION_CONTEXT('2D SPACE',''
  ) );
#11565 = PCURVE('',#11513,#11566);
#11566 = DEFINITIONAL_REPRESENTATION('',(#11567),#11571);
#11567 = CIRCLE('',#11568,1.461889915343);
#11568 = AXIS2_PLACEMENT_2D('',#11569,#11570);
#11569 = CARTESIAN_POINT('',(-14.5725,-18.09));
#11570 = DIRECTION('',(1.,0.));
#11571 = ( GEOMETRIC_REPRESENTATION_CONTEXT(2) 
PARAMETRIC_REPRESENTATION_CONTEXT() REPRESENTATION_CONTEXT('2D SPACE',''
  ) );
#11572 = ADVANCED_FACE('',(#11573),#9276,.T.);
#11573 = FACE_BOUND('',#11574,.T.);
#11574 = EDGE_LOOP('',(#11575,#11597,#11598,#11599));
#11575 = ORIENTED_EDGE('',*,*,#11576,.F.);
#11576 = EDGE_CURVE('',#9233,#11577,#11579,.T.);
#11577 = VERTEX_POINT('',#11578);
#11578 = CARTESIAN_POINT('',(14.5725,-10.50688991534,2.1105));
#11579 = SURFACE_CURVE('',#11580,(#11584,#11591),.PCURVE_S1.);
#11580 = LINE('',#11581,#11582);
#11581 = CARTESIAN_POINT('',(14.5725,-10.5525,-0.5025));
#11582 = VECTOR('',#11583,1.);
#11583 = DIRECTION('',(0.,1.745240643728E-02,0.999847695156));
#11584 = PCURVE('',#9276,#11585);
#11585 = DEFINITIONAL_REPRESENTATION('',(#11586),#11590);
#11586 = LINE('',#11587,#11588);
#11587 = CARTESIAN_POINT('',(0.,14.5725));
#11588 = VECTOR('',#11589,1.);
#11589 = DIRECTION('',(1.,0.));
#11590 = ( GEOMETRIC_REPRESENTATION_CONTEXT(2) 
PARAMETRIC_REPRESENTATION_CONTEXT() REPRESENTATION_CONTEXT('2D SPACE',''
  ) );
#11591 = PCURVE('',#9249,#11592);
#11592 = DEFINITIONAL_REPRESENTATION('',(#11593),#11596);
#11593 = B_SPLINE_CURVE_WITH_KNOTS('',1,(#11594,#11595),.UNSPECIFIED.,
  .F.,.F.,(2,2),(2.51288272421,2.613398033179),
  .PIECEWISE_BEZIER_KNOTS.);
#11594 = CARTESIAN_POINT('',(-4.712388980385,-2.5125));
#11595 = CARTESIAN_POINT('',(-4.712388980385,-2.613));
#11596 = ( GEOMETRIC_REPRESENTATION_CONTEXT(2) 
PARAMETRIC_REPRESENTATION_CONTEXT() REPRESENTATION_CONTEXT('2D SPACE',''
  ) );
#11597 = ORIENTED_EDGE('',*,*,#9260,.T.);
#11598 = ORIENTED_EDGE('',*,*,#11530,.T.);
#11599 = ORIENTED_EDGE('',*,*,#11600,.T.);
#11600 = EDGE_CURVE('',#11531,#11577,#11601,.T.);
#11601 = SURFACE_CURVE('',#11602,(#11606,#11613),.PCURVE_S1.);
#11602 = LINE('',#11603,#11604);
#11603 = CARTESIAN_POINT('',(0.,-10.50688991534,2.1105));
#11604 = VECTOR('',#11605,1.);
#11605 = DIRECTION('',(1.,0.,0.));
#11606 = PCURVE('',#9276,#11607);
#11607 = DEFINITIONAL_REPRESENTATION('',(#11608),#11612);
#11608 = LINE('',#11609,#11610);
#11609 = CARTESIAN_POINT('',(2.613398033179,0.));
#11610 = VECTOR('',#11611,1.);
#11611 = DIRECTION('',(0.,1.));
#11612 = ( GEOMETRIC_REPRESENTATION_CONTEXT(2) 
PARAMETRIC_REPRESENTATION_CONTEXT() REPRESENTATION_CONTEXT('2D SPACE',''
  ) );
#11613 = PCURVE('',#11513,#11614);
#11614 = DEFINITIONAL_REPRESENTATION('',(#11615),#11619);
#11615 = LINE('',#11616,#11617);
#11616 = CARTESIAN_POINT('',(0.,-19.55188991534));
#11617 = VECTOR('',#11618,1.);
#11618 = DIRECTION('',(1.,0.));
#11619 = ( GEOMETRIC_REPRESENTATION_CONTEXT(2) 
PARAMETRIC_REPRESENTATION_CONTEXT() REPRESENTATION_CONTEXT('2D SPACE',''
  ) );
#11620 = ADVANCED_FACE('',(#11621),#9249,.F.);
#11621 = FACE_BOUND('',#11622,.F.);
#11622 = EDGE_LOOP('',(#11623,#11624,#11625,#11647));
#11623 = ORIENTED_EDGE('',*,*,#11576,.F.);
#11624 = ORIENTED_EDGE('',*,*,#9232,.T.);
#11625 = ORIENTED_EDGE('',*,*,#11626,.T.);
#11626 = EDGE_CURVE('',#9205,#11627,#11629,.T.);
#11627 = VERTEX_POINT('',#11628);
#11628 = CARTESIAN_POINT('',(16.034389915343,-9.045,2.1105));
#11629 = SURFACE_CURVE('',#11630,(#11634,#11640),.PCURVE_S1.);
#11630 = LINE('',#11631,#11632);
#11631 = CARTESIAN_POINT('',(16.08,-9.045,-0.5025));
#11632 = VECTOR('',#11633,1.);
#11633 = DIRECTION('',(-1.745240643728E-02,4.274606736168E-18,
    0.999847695156));
#11634 = PCURVE('',#9249,#11635);
#11635 = DEFINITIONAL_REPRESENTATION('',(#11636),#11639);
#11636 = B_SPLINE_CURVE_WITH_KNOTS('',1,(#11637,#11638),.UNSPECIFIED.,
  .F.,.F.,(2,2),(2.51288272421,2.613398033179),
  .PIECEWISE_BEZIER_KNOTS.);
#11637 = CARTESIAN_POINT('',(-6.28318530718,-2.5125));
#11638 = CARTESIAN_POINT('',(-6.28318530718,-2.613));
#11639 = ( GEOMETRIC_REPRESENTATION_CONTEXT(2) 
PARAMETRIC_REPRESENTATION_CONTEXT() REPRESENTATION_CONTEXT('2D SPACE',''
  ) );
#11640 = PCURVE('',#9220,#11641);
#11641 = DEFINITIONAL_REPRESENTATION('',(#11642),#11646);
#11642 = LINE('',#11643,#11644);
#11643 = CARTESIAN_POINT('',(0.,-18.09));
#11644 = VECTOR('',#11645,1.);
#11645 = DIRECTION('',(1.,4.274606736168E-18));
#11646 = ( GEOMETRIC_REPRESENTATION_CONTEXT(2) 
PARAMETRIC_REPRESENTATION_CONTEXT() REPRESENTATION_CONTEXT('2D SPACE',''
  ) );
#11647 = ORIENTED_EDGE('',*,*,#11648,.F.);
#11648 = EDGE_CURVE('',#11577,#11627,#11649,.T.);
#11649 = SURFACE_CURVE('',#11650,(#11655,#11661),.PCURVE_S1.);
#11650 = CIRCLE('',#11651,1.461889915343);
#11651 = AXIS2_PLACEMENT_3D('',#11652,#11653,#11654);
#11652 = CARTESIAN_POINT('',(14.5725,-9.045,2.1105));
#11653 = DIRECTION('',(0.,0.,1.));
#11654 = DIRECTION('',(1.,0.,0.));
#11655 = PCURVE('',#9249,#11656);
#11656 = DEFINITIONAL_REPRESENTATION('',(#11657),#11660);
#11657 = B_SPLINE_CURVE_WITH_KNOTS('',1,(#11658,#11659),.UNSPECIFIED.,
  .F.,.F.,(2,2),(4.712388980385,6.28318530718),
  .PIECEWISE_BEZIER_KNOTS.);
#11658 = CARTESIAN_POINT('',(-4.712388980385,-2.613));
#11659 = CARTESIAN_POINT('',(-6.28318530718,-2.613));
#11660 = ( GEOMETRIC_REPRESENTATION_CONTEXT(2) 
PARAMETRIC_REPRESENTATION_CONTEXT() REPRESENTATION_CONTEXT('2D SPACE',''
  ) );
#11661 = PCURVE('',#11513,#11662);
#11662 = DEFINITIONAL_REPRESENTATION('',(#11663),#11667);
#11663 = CIRCLE('',#11664,1.461889915343);
#11664 = AXIS2_PLACEMENT_2D('',#11665,#11666);
#11665 = CARTESIAN_POINT('',(14.5725,-18.09));
#11666 = DIRECTION('',(1.,0.));
#11667 = ( GEOMETRIC_REPRESENTATION_CONTEXT(2) 
PARAMETRIC_REPRESENTATION_CONTEXT() REPRESENTATION_CONTEXT('2D SPACE',''
  ) );
#11668 = ADVANCED_FACE('',(#11669),#9220,.T.);
#11669 = FACE_BOUND('',#11670,.T.);
#11670 = EDGE_LOOP('',(#11671,#11672,#11673,#11696));
#11671 = ORIENTED_EDGE('',*,*,#9204,.T.);
#11672 = ORIENTED_EDGE('',*,*,#11626,.T.);
#11673 = ORIENTED_EDGE('',*,*,#11674,.T.);
#11674 = EDGE_CURVE('',#11627,#11675,#11677,.T.);
#11675 = VERTEX_POINT('',#11676);
#11676 = CARTESIAN_POINT('',(16.034389915343,-5.076745962565,2.1105));
#11677 = SURFACE_CURVE('',#11678,(#11682,#11689),.PCURVE_S1.);
#11678 = LINE('',#11679,#11680);
#11679 = CARTESIAN_POINT('',(16.034389915343,9.045,2.1105));
#11680 = VECTOR('',#11681,1.);
#11681 = DIRECTION('',(0.,1.,0.));
#11682 = PCURVE('',#9220,#11683);
#11683 = DEFINITIONAL_REPRESENTATION('',(#11684),#11688);
#11684 = LINE('',#11685,#11686);
#11685 = CARTESIAN_POINT('',(2.613398033179,0.));
#11686 = VECTOR('',#11687,1.);
#11687 = DIRECTION('',(0.,1.));
#11688 = ( GEOMETRIC_REPRESENTATION_CONTEXT(2) 
PARAMETRIC_REPRESENTATION_CONTEXT() REPRESENTATION_CONTEXT('2D SPACE',''
  ) );
#11689 = PCURVE('',#11513,#11690);
#11690 = DEFINITIONAL_REPRESENTATION('',(#11691),#11695);
#11691 = LINE('',#11692,#11693);
#11692 = CARTESIAN_POINT('',(16.034389915343,0.));
#11693 = VECTOR('',#11694,1.);
#11694 = DIRECTION('',(0.,1.));
#11695 = ( GEOMETRIC_REPRESENTATION_CONTEXT(2) 
PARAMETRIC_REPRESENTATION_CONTEXT() REPRESENTATION_CONTEXT('2D SPACE',''
  ) );
#11696 = ORIENTED_EDGE('',*,*,#11697,.F.);
#11697 = EDGE_CURVE('',#9180,#11675,#11698,.T.);
#11698 = SURFACE_CURVE('',#11699,(#11705,#11714),.PCURVE_S1.);
#11699 = B_SPLINE_CURVE_WITH_KNOTS('',4,(#11700,#11701,#11702,#11703,
    #11704),.UNSPECIFIED.,.F.,.F.,(5,5),(0.,1.),
  .PIECEWISE_BEZIER_KNOTS.);
#11700 = CARTESIAN_POINT('',(16.036144214625,-5.077623045405,
    2.0099962614));
#11701 = CARTESIAN_POINT('',(16.035705639343,-5.077403774464,
    2.035122222523));
#11702 = CARTESIAN_POINT('',(16.035267064365,-5.077184503675,
    2.060248166167));
#11703 = CARTESIAN_POINT('',(16.034828489701,-5.076965233044,
    2.085374091851));
#11704 = CARTESIAN_POINT('',(16.034389915343,-5.076745962565,2.1105));
#11705 = PCURVE('',#9220,#11706);
#11706 = DEFINITIONAL_REPRESENTATION('',(#11707),#11713);
#11707 = B_SPLINE_CURVE_WITH_KNOTS('',4,(#11708,#11709,#11710,#11711,
    #11712),.UNSPECIFIED.,.F.,.F.,(5,5),(0.,1.),
  .PIECEWISE_BEZIER_KNOTS.);
#11708 = CARTESIAN_POINT('',(2.512878985041,-14.1226230454));
#11709 = CARTESIAN_POINT('',(2.538008773553,-14.12240377446));
#11710 = CARTESIAN_POINT('',(2.563138544583,-14.12218450367));
#11711 = CARTESIAN_POINT('',(2.588268297649,-14.12196523304));
#11712 = CARTESIAN_POINT('',(2.613398033179,-14.12174596256));
#11713 = ( GEOMETRIC_REPRESENTATION_CONTEXT(2) 
PARAMETRIC_REPRESENTATION_CONTEXT() REPRESENTATION_CONTEXT('2D SPACE',''
  ) );
#11714 = PCURVE('',#9193,#11715);
#11715 = DEFINITIONAL_REPRESENTATION('',(#11716),#11722);
#11716 = B_SPLINE_CURVE_WITH_KNOTS('',4,(#11717,#11718,#11719,#11720,
    #11721),.UNSPECIFIED.,.F.,.F.,(5,5),(0.,1.),
  .PIECEWISE_BEZIER_KNOTS.);
#11717 = CARTESIAN_POINT('',(-0.545355373676,3.225746451613E-02));
#11718 = CARTESIAN_POINT('',(-0.546008558657,3.628987682929E-02));
#11719 = CARTESIAN_POINT('',(-0.546662427039,4.032228633725E-02));
#11720 = CARTESIAN_POINT('',(-0.547316996225,4.435469296275E-02));
#11721 = CARTESIAN_POINT('',(-0.547972248765,4.838709677419E-02));
#11722 = ( GEOMETRIC_REPRESENTATION_CONTEXT(2) 
PARAMETRIC_REPRESENTATION_CONTEXT() REPRESENTATION_CONTEXT('2D SPACE',''
  ) );
#11723 = ADVANCED_FACE('',(#11724),#9193,.F.);
#11724 = FACE_BOUND('',#11725,.F.);
#11725 = EDGE_LOOP('',(#11726,#11753,#11771,#11772,#11773,#11793));
#11726 = ORIENTED_EDGE('',*,*,#11727,.F.);
#11727 = EDGE_CURVE('',#11728,#11730,#11732,.T.);
#11728 = VERTEX_POINT('',#11729);
#11729 = CARTESIAN_POINT('',(16.028254037435,-5.076745962565,2.1105));
#11730 = VERTEX_POINT('',#11731);
#11731 = CARTESIAN_POINT('',(16.08,-5.025,8.04));
#11732 = SURFACE_CURVE('',#11733,(#11736,#11742),.PCURVE_S1.);
#11733 = B_SPLINE_CURVE_WITH_KNOTS('',1,(#11734,#11735),.UNSPECIFIED.,
  .F.,.F.,(2,2),(0.,1.),.PIECEWISE_BEZIER_KNOTS.);
#11734 = CARTESIAN_POINT('',(16.025622886796,-5.079377113204,1.809));
#11735 = CARTESIAN_POINT('',(16.08,-5.025,8.04));
#11736 = PCURVE('',#9193,#11737);
#11737 = DEFINITIONAL_REPRESENTATION('',(#11738),#11741);
#11738 = B_SPLINE_CURVE_WITH_KNOTS('',1,(#11739,#11740),.UNSPECIFIED.,
  .F.,.F.,(2,2),(4.838709677419E-02,1.),.PIECEWISE_BEZIER_KNOTS.);
#11739 = CARTESIAN_POINT('',(-0.554106580303,4.838709677419E-02));
#11740 = CARTESIAN_POINT('',(-0.554106580303,1.));
#11741 = ( GEOMETRIC_REPRESENTATION_CONTEXT(2) 
PARAMETRIC_REPRESENTATION_CONTEXT() REPRESENTATION_CONTEXT('2D SPACE',''
  ) );
#11742 = PCURVE('',#11743,#11748);
#11743 = B_SPLINE_SURFACE_WITH_KNOTS('',1,1,(
    (#11744,#11745)
    ,(#11746,#11747
    )),.UNSPECIFIED.,.F.,.F.,.F.,(2,2),(2,2),(-14.0541065803,
    14.054106580303),(0.,1.),.PIECEWISE_BEZIER_KNOTS.);
#11744 = CARTESIAN_POINT('',(16.025622886796,23.169377113204,1.809));
#11745 = CARTESIAN_POINT('',(16.08,23.115,8.04));
#11746 = CARTESIAN_POINT('',(16.025622886796,-5.079377113204,1.809));
#11747 = CARTESIAN_POINT('',(16.08,-5.025,8.04));
#11748 = DEFINITIONAL_REPRESENTATION('',(#11749),#11752);
#11749 = B_SPLINE_CURVE_WITH_KNOTS('',1,(#11750,#11751),.UNSPECIFIED.,
  .F.,.F.,(2,2),(4.838709677419E-02,1.),.PIECEWISE_BEZIER_KNOTS.);
#11750 = CARTESIAN_POINT('',(14.054106580303,4.838709677419E-02));
#11751 = CARTESIAN_POINT('',(14.054106580303,1.));
#11752 = ( GEOMETRIC_REPRESENTATION_CONTEXT(2) 
PARAMETRIC_REPRESENTATION_CONTEXT() REPRESENTATION_CONTEXT('2D SPACE',''
  ) );
#11753 = ORIENTED_EDGE('',*,*,#11754,.F.);
#11754 = EDGE_CURVE('',#11675,#11728,#11755,.T.);
#11755 = SURFACE_CURVE('',#11756,(#11759,#11765),.PCURVE_S1.);
#11756 = B_SPLINE_CURVE_WITH_KNOTS('',1,(#11757,#11758),.UNSPECIFIED.,
  .F.,.F.,(2,2),(0.,1.),.PIECEWISE_BEZIER_KNOTS.);
#11757 = CARTESIAN_POINT('',(16.034389915343,-5.076745962565,2.1105));
#11758 = CARTESIAN_POINT('',(16.028254037435,-5.076745962565,2.1105));
#11759 = PCURVE('',#9193,#11760);
#11760 = DEFINITIONAL_REPRESENTATION('',(#11761),#11764);
#11761 = B_SPLINE_CURVE_WITH_KNOTS('',1,(#11762,#11763),.UNSPECIFIED.,
  .F.,.F.,(2,2),(0.,1.),.PIECEWISE_BEZIER_KNOTS.);
#11762 = CARTESIAN_POINT('',(-0.547972245451,4.838709677419E-02));
#11763 = CARTESIAN_POINT('',(-0.554106580303,4.838709677419E-02));
#11764 = ( GEOMETRIC_REPRESENTATION_CONTEXT(2) 
PARAMETRIC_REPRESENTATION_CONTEXT() REPRESENTATION_CONTEXT('2D SPACE',''
  ) );
#11765 = PCURVE('',#11513,#11766);
#11766 = DEFINITIONAL_REPRESENTATION('',(#11767),#11770);
#11767 = B_SPLINE_CURVE_WITH_KNOTS('',1,(#11768,#11769),.UNSPECIFIED.,
  .F.,.F.,(2,2),(0.,1.),.PIECEWISE_BEZIER_KNOTS.);
#11768 = CARTESIAN_POINT('',(16.034389915343,-14.12174596256));
#11769 = CARTESIAN_POINT('',(16.028254037435,-14.12174596256));
#11770 = ( GEOMETRIC_REPRESENTATION_CONTEXT(2) 
PARAMETRIC_REPRESENTATION_CONTEXT() REPRESENTATION_CONTEXT('2D SPACE',''
  ) );
#11771 = ORIENTED_EDGE('',*,*,#11697,.F.);
#11772 = ORIENTED_EDGE('',*,*,#9179,.F.);
#11773 = ORIENTED_EDGE('',*,*,#11774,.T.);
#11774 = EDGE_CURVE('',#9155,#11775,#11777,.T.);
#11775 = VERTEX_POINT('',#11776);
#11776 = CARTESIAN_POINT('',(17.085,-5.025,8.04));
#11777 = SURFACE_CURVE('',#11778,(#11781,#11787),.PCURVE_S1.);
#11778 = B_SPLINE_CURVE_WITH_KNOTS('',1,(#11779,#11780),.UNSPECIFIED.,
  .F.,.F.,(2,2),(0.,1.),.PIECEWISE_BEZIER_KNOTS.);
#11779 = CARTESIAN_POINT('',(17.139377113204,-5.079377113204,1.809));
#11780 = CARTESIAN_POINT('',(17.085,-5.025,8.04));
#11781 = PCURVE('',#9193,#11782);
#11782 = DEFINITIONAL_REPRESENTATION('',(#11783),#11786);
#11783 = B_SPLINE_CURVE_WITH_KNOTS('',1,(#11784,#11785),.UNSPECIFIED.,
  .F.,.F.,(2,2),(3.225806451613E-02,1.),.PIECEWISE_BEZIER_KNOTS.);
#11784 = CARTESIAN_POINT('',(0.554106580303,3.225806451613E-02));
#11785 = CARTESIAN_POINT('',(0.554106580303,1.));
#11786 = ( GEOMETRIC_REPRESENTATION_CONTEXT(2) 
PARAMETRIC_REPRESENTATION_CONTEXT() REPRESENTATION_CONTEXT('2D SPACE',''
  ) );
#11787 = PCURVE('',#9168,#11788);
#11788 = DEFINITIONAL_REPRESENTATION('',(#11789),#11792);
#11789 = B_SPLINE_CURVE_WITH_KNOTS('',1,(#11790,#11791),.UNSPECIFIED.,
  .F.,.F.,(2,2),(3.225806451613E-02,1.),.PIECEWISE_BEZIER_KNOTS.);
#11790 = CARTESIAN_POINT('',(-14.0541065803,3.225806451613E-02));
#11791 = CARTESIAN_POINT('',(-14.0541065803,1.));
#11792 = ( GEOMETRIC_REPRESENTATION_CONTEXT(2) 
PARAMETRIC_REPRESENTATION_CONTEXT() REPRESENTATION_CONTEXT('2D SPACE',''
  ) );
#11793 = ORIENTED_EDGE('',*,*,#11794,.F.);
#11794 = EDGE_CURVE('',#11730,#11775,#11795,.T.);
#11795 = SURFACE_CURVE('',#11796,(#11800,#11806),.PCURVE_S1.);
#11796 = LINE('',#11797,#11798);
#11797 = CARTESIAN_POINT('',(16.5825,-5.025,8.04));
#11798 = VECTOR('',#11799,1.);
#11799 = DIRECTION('',(1.,0.,0.));
#11800 = PCURVE('',#9193,#11801);
#11801 = DEFINITIONAL_REPRESENTATION('',(#11802),#11805);
#11802 = B_SPLINE_CURVE_WITH_KNOTS('',1,(#11803,#11804),.UNSPECIFIED.,
  .F.,.F.,(2,2),(-0.5025,0.5025),.PIECEWISE_BEZIER_KNOTS.);
#11803 = CARTESIAN_POINT('',(-0.554106580303,1.));
#11804 = CARTESIAN_POINT('',(0.554106580303,1.));
#11805 = ( GEOMETRIC_REPRESENTATION_CONTEXT(2) 
PARAMETRIC_REPRESENTATION_CONTEXT() REPRESENTATION_CONTEXT('2D SPACE',''
  ) );
#11806 = PCURVE('',#11807,#11812);
#11807 = PLANE('',#11808);
#11808 = AXIS2_PLACEMENT_3D('',#11809,#11810,#11811);
#11809 = CARTESIAN_POINT('',(16.08,-5.025,8.04));
#11810 = DIRECTION('',(0.,0.,1.));
#11811 = DIRECTION('',(3.569153051241E-02,0.999362854348,-0.));
#11812 = DEFINITIONAL_REPRESENTATION('',(#11813),#11817);
#11813 = LINE('',#11814,#11815);
#11814 = CARTESIAN_POINT('',(1.793499408249E-02,-0.50217983431));
#11815 = VECTOR('',#11816,1.);
#11816 = DIRECTION('',(3.569153051241E-02,-0.999362854348));
#11817 = ( GEOMETRIC_REPRESENTATION_CONTEXT(2) 
PARAMETRIC_REPRESENTATION_CONTEXT() REPRESENTATION_CONTEXT('2D SPACE',''
  ) );
#11818 = ADVANCED_FACE('',(#11819),#9168,.F.);
#11819 = FACE_BOUND('',#11820,.F.);
#11820 = EDGE_LOOP('',(#11821,#11822,#11823,#11843));
#11821 = ORIENTED_EDGE('',*,*,#11774,.F.);
#11822 = ORIENTED_EDGE('',*,*,#9154,.F.);
#11823 = ORIENTED_EDGE('',*,*,#11824,.T.);
#11824 = EDGE_CURVE('',#9130,#11825,#11827,.T.);
#11825 = VERTEX_POINT('',#11826);
#11826 = CARTESIAN_POINT('',(17.085,23.115,8.04));
#11827 = SURFACE_CURVE('',#11828,(#11831,#11837),.PCURVE_S1.);
#11828 = B_SPLINE_CURVE_WITH_KNOTS('',1,(#11829,#11830),.UNSPECIFIED.,
  .F.,.F.,(2,2),(0.,1.),.PIECEWISE_BEZIER_KNOTS.);
#11829 = CARTESIAN_POINT('',(17.139377113204,23.169377113204,1.809));
#11830 = CARTESIAN_POINT('',(17.085,23.115,8.04));
#11831 = PCURVE('',#9168,#11832);
#11832 = DEFINITIONAL_REPRESENTATION('',(#11833),#11836);
#11833 = B_SPLINE_CURVE_WITH_KNOTS('',1,(#11834,#11835),.UNSPECIFIED.,
  .F.,.F.,(2,2),(3.225806451613E-02,1.),.PIECEWISE_BEZIER_KNOTS.);
#11834 = CARTESIAN_POINT('',(14.054106580303,3.225806451613E-02));
#11835 = CARTESIAN_POINT('',(14.054106580303,1.));
#11836 = ( GEOMETRIC_REPRESENTATION_CONTEXT(2) 
PARAMETRIC_REPRESENTATION_CONTEXT() REPRESENTATION_CONTEXT('2D SPACE',''
  ) );
#11837 = PCURVE('',#9143,#11838);
#11838 = DEFINITIONAL_REPRESENTATION('',(#11839),#11842);
#11839 = B_SPLINE_CURVE_WITH_KNOTS('',1,(#11840,#11841),.UNSPECIFIED.,
  .F.,.F.,(2,2),(3.225806451613E-02,1.),.PIECEWISE_BEZIER_KNOTS.);
#11840 = CARTESIAN_POINT('',(-0.554106580303,3.225806451613E-02));
#11841 = CARTESIAN_POINT('',(-0.554106580303,1.));
#11842 = ( GEOMETRIC_REPRESENTATION_CONTEXT(2) 
PARAMETRIC_REPRESENTATION_CONTEXT() REPRESENTATION_CONTEXT('2D SPACE',''
  ) );
#11843 = ORIENTED_EDGE('',*,*,#11844,.F.);
#11844 = EDGE_CURVE('',#11775,#11825,#11845,.T.);
#11845 = SURFACE_CURVE('',#11846,(#11850,#11856),.PCURVE_S1.);
#11846 = LINE('',#11847,#11848);
#11847 = CARTESIAN_POINT('',(17.085,9.045,8.04));
#11848 = VECTOR('',#11849,1.);
#11849 = DIRECTION('',(0.,1.,0.));
#11850 = PCURVE('',#9168,#11851);
#11851 = DEFINITIONAL_REPRESENTATION('',(#11852),#11855);
#11852 = B_SPLINE_CURVE_WITH_KNOTS('',1,(#11853,#11854),.UNSPECIFIED.,
  .F.,.F.,(2,2),(-14.07,14.07),.PIECEWISE_BEZIER_KNOTS.);
#11853 = CARTESIAN_POINT('',(-14.0541065803,1.));
#11854 = CARTESIAN_POINT('',(14.054106580303,1.));
#11855 = ( GEOMETRIC_REPRESENTATION_CONTEXT(2) 
PARAMETRIC_REPRESENTATION_CONTEXT() REPRESENTATION_CONTEXT('2D SPACE',''
  ) );
#11856 = PCURVE('',#11807,#11857);
#11857 = DEFINITIONAL_REPRESENTATION('',(#11858),#11862);
#11858 = LINE('',#11859,#11860);
#11859 = CARTESIAN_POINT('',(14.096905348835,-0.50217983431));
#11860 = VECTOR('',#11861,1.);
#11861 = DIRECTION('',(0.999362854348,3.569153051241E-02));
#11862 = ( GEOMETRIC_REPRESENTATION_CONTEXT(2) 
PARAMETRIC_REPRESENTATION_CONTEXT() REPRESENTATION_CONTEXT('2D SPACE',''
  ) );
#11863 = ADVANCED_FACE('',(#11864),#9143,.F.);
#11864 = FACE_BOUND('',#11865,.F.);
#11865 = EDGE_LOOP('',(#11866,#11867,#11896,#11916,#11936,#11956));
#11866 = ORIENTED_EDGE('',*,*,#9129,.F.);
#11867 = ORIENTED_EDGE('',*,*,#11868,.T.);
#11868 = EDGE_CURVE('',#9102,#11869,#11871,.T.);
#11869 = VERTEX_POINT('',#11870);
#11870 = CARTESIAN_POINT('',(16.034389915343,23.166745962565,2.1105));
#11871 = SURFACE_CURVE('',#11872,(#11878,#11887),.PCURVE_S1.);
#11872 = B_SPLINE_CURVE_WITH_KNOTS('',4,(#11873,#11874,#11875,#11876,
    #11877),.UNSPECIFIED.,.F.,.F.,(5,5),(0.,1.),
  .PIECEWISE_BEZIER_KNOTS.);
#11873 = CARTESIAN_POINT('',(16.036144214625,23.167623045405,
    2.0099962614));
#11874 = CARTESIAN_POINT('',(16.035705639343,23.167403774464,
    2.035122222523));
#11875 = CARTESIAN_POINT('',(16.035267064365,23.167184503675,
    2.060248166167));
#11876 = CARTESIAN_POINT('',(16.034828489701,23.166965233044,
    2.085374091851));
#11877 = CARTESIAN_POINT('',(16.034389915343,23.166745962565,2.1105));
#11878 = PCURVE('',#9143,#11879);
#11879 = DEFINITIONAL_REPRESENTATION('',(#11880),#11886);
#11880 = B_SPLINE_CURVE_WITH_KNOTS('',4,(#11881,#11882,#11883,#11884,
    #11885),.UNSPECIFIED.,.F.,.F.,(5,5),(0.,1.),
  .PIECEWISE_BEZIER_KNOTS.);
#11881 = CARTESIAN_POINT('',(0.545355373676,3.225746451613E-02));
#11882 = CARTESIAN_POINT('',(0.546008558657,3.628987682929E-02));
#11883 = CARTESIAN_POINT('',(0.546662427039,4.032228633725E-02));
#11884 = CARTESIAN_POINT('',(0.547316996225,4.435469296275E-02));
#11885 = CARTESIAN_POINT('',(0.547972248765,4.838709677419E-02));
#11886 = ( GEOMETRIC_REPRESENTATION_CONTEXT(2) 
PARAMETRIC_REPRESENTATION_CONTEXT() REPRESENTATION_CONTEXT('2D SPACE',''
  ) );
#11887 = PCURVE('',#9117,#11888);
#11888 = DEFINITIONAL_REPRESENTATION('',(#11889),#11895);
#11889 = B_SPLINE_CURVE_WITH_KNOTS('',4,(#11890,#11891,#11892,#11893,
    #11894),.UNSPECIFIED.,.F.,.F.,(5,5),(0.,1.),
  .PIECEWISE_BEZIER_KNOTS.);
#11890 = CARTESIAN_POINT('',(2.512878985041,14.122623045405));
#11891 = CARTESIAN_POINT('',(2.538008773553,14.122403774464));
#11892 = CARTESIAN_POINT('',(2.563138544583,14.122184503675));
#11893 = CARTESIAN_POINT('',(2.588268297649,14.121965233044));
#11894 = CARTESIAN_POINT('',(2.613398033179,14.121745962565));
#11895 = ( GEOMETRIC_REPRESENTATION_CONTEXT(2) 
PARAMETRIC_REPRESENTATION_CONTEXT() REPRESENTATION_CONTEXT('2D SPACE',''
  ) );
#11896 = ORIENTED_EDGE('',*,*,#11897,.F.);
#11897 = EDGE_CURVE('',#11898,#11869,#11900,.T.);
#11898 = VERTEX_POINT('',#11899);
#11899 = CARTESIAN_POINT('',(16.028254037435,23.166745962565,2.1105));
#11900 = SURFACE_CURVE('',#11901,(#11904,#11910),.PCURVE_S1.);
#11901 = B_SPLINE_CURVE_WITH_KNOTS('',1,(#11902,#11903),.UNSPECIFIED.,
  .F.,.F.,(2,2),(0.,1.),.PIECEWISE_BEZIER_KNOTS.);
#11902 = CARTESIAN_POINT('',(16.028254037435,23.166745962565,2.1105));
#11903 = CARTESIAN_POINT('',(16.034389915343,23.166745962565,2.1105));
#11904 = PCURVE('',#9143,#11905);
#11905 = DEFINITIONAL_REPRESENTATION('',(#11906),#11909);
#11906 = B_SPLINE_CURVE_WITH_KNOTS('',1,(#11907,#11908),.UNSPECIFIED.,
  .F.,.F.,(2,2),(0.,1.),.PIECEWISE_BEZIER_KNOTS.);
#11907 = CARTESIAN_POINT('',(0.554106580303,4.838709677419E-02));
#11908 = CARTESIAN_POINT('',(0.547972245451,4.838709677419E-02));
#11909 = ( GEOMETRIC_REPRESENTATION_CONTEXT(2) 
PARAMETRIC_REPRESENTATION_CONTEXT() REPRESENTATION_CONTEXT('2D SPACE',''
  ) );
#11910 = PCURVE('',#11513,#11911);
#11911 = DEFINITIONAL_REPRESENTATION('',(#11912),#11915);
#11912 = B_SPLINE_CURVE_WITH_KNOTS('',1,(#11913,#11914),.UNSPECIFIED.,
  .F.,.F.,(2,2),(0.,1.),.PIECEWISE_BEZIER_KNOTS.);
#11913 = CARTESIAN_POINT('',(16.028254037435,14.121745962565));
#11914 = CARTESIAN_POINT('',(16.034389915343,14.121745962565));
#11915 = ( GEOMETRIC_REPRESENTATION_CONTEXT(2) 
PARAMETRIC_REPRESENTATION_CONTEXT() REPRESENTATION_CONTEXT('2D SPACE',''
  ) );
#11916 = ORIENTED_EDGE('',*,*,#11917,.T.);
#11917 = EDGE_CURVE('',#11898,#11918,#11920,.T.);
#11918 = VERTEX_POINT('',#11919);
#11919 = CARTESIAN_POINT('',(16.08,23.115,8.04));
#11920 = SURFACE_CURVE('',#11921,(#11924,#11930),.PCURVE_S1.);
#11921 = B_SPLINE_CURVE_WITH_KNOTS('',1,(#11922,#11923),.UNSPECIFIED.,
  .F.,.F.,(2,2),(0.,1.),.PIECEWISE_BEZIER_KNOTS.);
#11922 = CARTESIAN_POINT('',(16.025622886796,23.169377113204,1.809));
#11923 = CARTESIAN_POINT('',(16.08,23.115,8.04));
#11924 = PCURVE('',#9143,#11925);
#11925 = DEFINITIONAL_REPRESENTATION('',(#11926),#11929);
#11926 = B_SPLINE_CURVE_WITH_KNOTS('',1,(#11927,#11928),.UNSPECIFIED.,
  .F.,.F.,(2,2),(4.838709677419E-02,1.),.PIECEWISE_BEZIER_KNOTS.);
#11927 = CARTESIAN_POINT('',(0.554106580303,4.838709677419E-02));
#11928 = CARTESIAN_POINT('',(0.554106580303,1.));
#11929 = ( GEOMETRIC_REPRESENTATION_CONTEXT(2) 
PARAMETRIC_REPRESENTATION_CONTEXT() REPRESENTATION_CONTEXT('2D SPACE',''
  ) );
#11930 = PCURVE('',#11743,#11931);
#11931 = DEFINITIONAL_REPRESENTATION('',(#11932),#11935);
#11932 = B_SPLINE_CURVE_WITH_KNOTS('',1,(#11933,#11934),.UNSPECIFIED.,
  .F.,.F.,(2,2),(4.838709677419E-02,1.),.PIECEWISE_BEZIER_KNOTS.);
#11933 = CARTESIAN_POINT('',(-14.0541065803,4.838709677419E-02));
#11934 = CARTESIAN_POINT('',(-14.0541065803,1.));
#11935 = ( GEOMETRIC_REPRESENTATION_CONTEXT(2) 
PARAMETRIC_REPRESENTATION_CONTEXT() REPRESENTATION_CONTEXT('2D SPACE',''
  ) );
#11936 = ORIENTED_EDGE('',*,*,#11937,.T.);
#11937 = EDGE_CURVE('',#11918,#11825,#11938,.T.);
#11938 = SURFACE_CURVE('',#11939,(#11943,#11949),.PCURVE_S1.);
#11939 = LINE('',#11940,#11941);
#11940 = CARTESIAN_POINT('',(16.5825,23.115,8.04));
#11941 = VECTOR('',#11942,1.);
#11942 = DIRECTION('',(1.,0.,0.));
#11943 = PCURVE('',#9143,#11944);
#11944 = DEFINITIONAL_REPRESENTATION('',(#11945),#11948);
#11945 = B_SPLINE_CURVE_WITH_KNOTS('',1,(#11946,#11947),.UNSPECIFIED.,
  .F.,.F.,(2,2),(-0.5025,0.5025),.PIECEWISE_BEZIER_KNOTS.);
#11946 = CARTESIAN_POINT('',(0.554106580303,1.));
#11947 = CARTESIAN_POINT('',(-0.554106580303,1.));
#11948 = ( GEOMETRIC_REPRESENTATION_CONTEXT(2) 
PARAMETRIC_REPRESENTATION_CONTEXT() REPRESENTATION_CONTEXT('2D SPACE',''
  ) );
#11949 = PCURVE('',#11807,#11950);
#11950 = DEFINITIONAL_REPRESENTATION('',(#11951),#11955);
#11951 = LINE('',#11952,#11953);
#11952 = CARTESIAN_POINT('',(28.140005715423,0.50217983431));
#11953 = VECTOR('',#11954,1.);
#11954 = DIRECTION('',(3.569153051241E-02,-0.999362854348));
#11955 = ( GEOMETRIC_REPRESENTATION_CONTEXT(2) 
PARAMETRIC_REPRESENTATION_CONTEXT() REPRESENTATION_CONTEXT('2D SPACE',''
  ) );
#11956 = ORIENTED_EDGE('',*,*,#11824,.F.);
#11957 = ADVANCED_FACE('',(#11958),#9117,.T.);
#11958 = FACE_BOUND('',#11959,.T.);
#11959 = EDGE_LOOP('',(#11960,#11982,#11983,#11984));
#11960 = ORIENTED_EDGE('',*,*,#11961,.F.);
#11961 = EDGE_CURVE('',#9074,#11962,#11964,.T.);
#11962 = VERTEX_POINT('',#11963);
#11963 = CARTESIAN_POINT('',(16.034389915343,27.135,2.1105));
#11964 = SURFACE_CURVE('',#11965,(#11969,#11976),.PCURVE_S1.);
#11965 = LINE('',#11966,#11967);
#11966 = CARTESIAN_POINT('',(16.08,27.135,-0.5025));
#11967 = VECTOR('',#11968,1.);
#11968 = DIRECTION('',(-1.745240643728E-02,0.,0.999847695156));
#11969 = PCURVE('',#9117,#11970);
#11970 = DEFINITIONAL_REPRESENTATION('',(#11971),#11975);
#11971 = LINE('',#11972,#11973);
#11972 = CARTESIAN_POINT('',(0.,18.09));
#11973 = VECTOR('',#11974,1.);
#11974 = DIRECTION('',(1.,0.));
#11975 = ( GEOMETRIC_REPRESENTATION_CONTEXT(2) 
PARAMETRIC_REPRESENTATION_CONTEXT() REPRESENTATION_CONTEXT('2D SPACE',''
  ) );
#11976 = PCURVE('',#9090,#11977);
#11977 = DEFINITIONAL_REPRESENTATION('',(#11978),#11981);
#11978 = B_SPLINE_CURVE_WITH_KNOTS('',1,(#11979,#11980),.UNSPECIFIED.,
  .F.,.F.,(2,2),(2.51288272421,2.613398033179),
  .PIECEWISE_BEZIER_KNOTS.);
#11979 = CARTESIAN_POINT('',(0.,-2.5125));
#11980 = CARTESIAN_POINT('',(0.,-2.613));
#11981 = ( GEOMETRIC_REPRESENTATION_CONTEXT(2) 
PARAMETRIC_REPRESENTATION_CONTEXT() REPRESENTATION_CONTEXT('2D SPACE',''
  ) );
#11982 = ORIENTED_EDGE('',*,*,#9101,.T.);
#11983 = ORIENTED_EDGE('',*,*,#11868,.T.);
#11984 = ORIENTED_EDGE('',*,*,#11985,.T.);
#11985 = EDGE_CURVE('',#11869,#11962,#11986,.T.);
#11986 = SURFACE_CURVE('',#11987,(#11991,#11998),.PCURVE_S1.);
#11987 = LINE('',#11988,#11989);
#11988 = CARTESIAN_POINT('',(16.034389915343,9.045,2.1105));
#11989 = VECTOR('',#11990,1.);
#11990 = DIRECTION('',(0.,1.,0.));
#11991 = PCURVE('',#9117,#11992);
#11992 = DEFINITIONAL_REPRESENTATION('',(#11993),#11997);
#11993 = LINE('',#11994,#11995);
#11994 = CARTESIAN_POINT('',(2.613398033179,0.));
#11995 = VECTOR('',#11996,1.);
#11996 = DIRECTION('',(0.,1.));
#11997 = ( GEOMETRIC_REPRESENTATION_CONTEXT(2) 
PARAMETRIC_REPRESENTATION_CONTEXT() REPRESENTATION_CONTEXT('2D SPACE',''
  ) );
#11998 = PCURVE('',#11513,#11999);
#11999 = DEFINITIONAL_REPRESENTATION('',(#12000),#12004);
#12000 = LINE('',#12001,#12002);
#12001 = CARTESIAN_POINT('',(16.034389915343,0.));
#12002 = VECTOR('',#12003,1.);
#12003 = DIRECTION('',(0.,1.));
#12004 = ( GEOMETRIC_REPRESENTATION_CONTEXT(2) 
PARAMETRIC_REPRESENTATION_CONTEXT() REPRESENTATION_CONTEXT('2D SPACE',''
  ) );
#12005 = ADVANCED_FACE('',(#12006),#9090,.F.);
#12006 = FACE_BOUND('',#12007,.F.);
#12007 = EDGE_LOOP('',(#12008,#12009,#12010,#12032));
#12008 = ORIENTED_EDGE('',*,*,#11961,.F.);
#12009 = ORIENTED_EDGE('',*,*,#9073,.T.);
#12010 = ORIENTED_EDGE('',*,*,#12011,.T.);
#12011 = EDGE_CURVE('',#9046,#12012,#12014,.T.);
#12012 = VERTEX_POINT('',#12013);
#12013 = CARTESIAN_POINT('',(14.5725,28.596889915343,2.1105));
#12014 = SURFACE_CURVE('',#12015,(#12019,#12025),.PCURVE_S1.);
#12015 = LINE('',#12016,#12017);
#12016 = CARTESIAN_POINT('',(14.5725,28.6425,-0.5025));
#12017 = VECTOR('',#12018,1.);
#12018 = DIRECTION('',(-1.068651684042E-18,-1.745240643728E-02,
    0.999847695156));
#12019 = PCURVE('',#9090,#12020);
#12020 = DEFINITIONAL_REPRESENTATION('',(#12021),#12024);
#12021 = B_SPLINE_CURVE_WITH_KNOTS('',1,(#12022,#12023),.UNSPECIFIED.,
  .F.,.F.,(2,2),(2.51288272421,2.613398033179),
  .PIECEWISE_BEZIER_KNOTS.);
#12022 = CARTESIAN_POINT('',(-1.570796326795,-2.5125));
#12023 = CARTESIAN_POINT('',(-1.570796326795,-2.613));
#12024 = ( GEOMETRIC_REPRESENTATION_CONTEXT(2) 
PARAMETRIC_REPRESENTATION_CONTEXT() REPRESENTATION_CONTEXT('2D SPACE',''
  ) );
#12025 = PCURVE('',#9061,#12026);
#12026 = DEFINITIONAL_REPRESENTATION('',(#12027),#12031);
#12027 = LINE('',#12028,#12029);
#12028 = CARTESIAN_POINT('',(0.,-14.5725));
#12029 = VECTOR('',#12030,1.);
#12030 = DIRECTION('',(1.,1.068651684042E-18));
#12031 = ( GEOMETRIC_REPRESENTATION_CONTEXT(2) 
PARAMETRIC_REPRESENTATION_CONTEXT() REPRESENTATION_CONTEXT('2D SPACE',''
  ) );
#12032 = ORIENTED_EDGE('',*,*,#12033,.F.);
#12033 = EDGE_CURVE('',#11962,#12012,#12034,.T.);
#12034 = SURFACE_CURVE('',#12035,(#12040,#12046),.PCURVE_S1.);
#12035 = CIRCLE('',#12036,1.461889915343);
#12036 = AXIS2_PLACEMENT_3D('',#12037,#12038,#12039);
#12037 = CARTESIAN_POINT('',(14.5725,27.135,2.1105));
#12038 = DIRECTION('',(0.,0.,1.));
#12039 = DIRECTION('',(1.,0.,0.));
#12040 = PCURVE('',#9090,#12041);
#12041 = DEFINITIONAL_REPRESENTATION('',(#12042),#12045);
#12042 = B_SPLINE_CURVE_WITH_KNOTS('',1,(#12043,#12044),.UNSPECIFIED.,
  .F.,.F.,(2,2),(0.,1.570796326795),.PIECEWISE_BEZIER_KNOTS.);
#12043 = CARTESIAN_POINT('',(0.,-2.613));
#12044 = CARTESIAN_POINT('',(-1.570796326795,-2.613));
#12045 = ( GEOMETRIC_REPRESENTATION_CONTEXT(2) 
PARAMETRIC_REPRESENTATION_CONTEXT() REPRESENTATION_CONTEXT('2D SPACE',''
  ) );
#12046 = PCURVE('',#11513,#12047);
#12047 = DEFINITIONAL_REPRESENTATION('',(#12048),#12052);
#12048 = CIRCLE('',#12049,1.461889915343);
#12049 = AXIS2_PLACEMENT_2D('',#12050,#12051);
#12050 = CARTESIAN_POINT('',(14.5725,18.09));
#12051 = DIRECTION('',(1.,0.));
#12052 = ( GEOMETRIC_REPRESENTATION_CONTEXT(2) 
PARAMETRIC_REPRESENTATION_CONTEXT() REPRESENTATION_CONTEXT('2D SPACE',''
  ) );
#12053 = ADVANCED_FACE('',(#12054),#9061,.T.);
#12054 = FACE_BOUND('',#12055,.T.);
#12055 = EDGE_LOOP('',(#12056,#12078,#12079,#12080));
#12056 = ORIENTED_EDGE('',*,*,#12057,.F.);
#12057 = EDGE_CURVE('',#9018,#12058,#12060,.T.);
#12058 = VERTEX_POINT('',#12059);
#12059 = CARTESIAN_POINT('',(-14.5725,28.596889915343,2.1105));
#12060 = SURFACE_CURVE('',#12061,(#12065,#12072),.PCURVE_S1.);
#12061 = LINE('',#12062,#12063);
#12062 = CARTESIAN_POINT('',(-14.5725,28.6425,-0.5025));
#12063 = VECTOR('',#12064,1.);
#12064 = DIRECTION('',(0.,-1.745240643728E-02,0.999847695156));
#12065 = PCURVE('',#9061,#12066);
#12066 = DEFINITIONAL_REPRESENTATION('',(#12067),#12071);
#12067 = LINE('',#12068,#12069);
#12068 = CARTESIAN_POINT('',(0.,14.5725));
#12069 = VECTOR('',#12070,1.);
#12070 = DIRECTION('',(1.,0.));
#12071 = ( GEOMETRIC_REPRESENTATION_CONTEXT(2) 
PARAMETRIC_REPRESENTATION_CONTEXT() REPRESENTATION_CONTEXT('2D SPACE',''
  ) );
#12072 = PCURVE('',#9034,#12073);
#12073 = DEFINITIONAL_REPRESENTATION('',(#12074),#12077);
#12074 = B_SPLINE_CURVE_WITH_KNOTS('',1,(#12075,#12076),.UNSPECIFIED.,
  .F.,.F.,(2,2),(2.51288272421,2.613398033179),
  .PIECEWISE_BEZIER_KNOTS.);
#12075 = CARTESIAN_POINT('',(-1.570796326795,-2.5125));
#12076 = CARTESIAN_POINT('',(-1.570796326795,-2.613));
#12077 = ( GEOMETRIC_REPRESENTATION_CONTEXT(2) 
PARAMETRIC_REPRESENTATION_CONTEXT() REPRESENTATION_CONTEXT('2D SPACE',''
  ) );
#12078 = ORIENTED_EDGE('',*,*,#9045,.T.);
#12079 = ORIENTED_EDGE('',*,*,#12011,.T.);
#12080 = ORIENTED_EDGE('',*,*,#12081,.T.);
#12081 = EDGE_CURVE('',#12012,#12058,#12082,.T.);
#12082 = SURFACE_CURVE('',#12083,(#12087,#12094),.PCURVE_S1.);
#12083 = LINE('',#12084,#12085);
#12084 = CARTESIAN_POINT('',(0.,28.596889915343,2.1105));
#12085 = VECTOR('',#12086,1.);
#12086 = DIRECTION('',(-1.,0.,0.));
#12087 = PCURVE('',#9061,#12088);
#12088 = DEFINITIONAL_REPRESENTATION('',(#12089),#12093);
#12089 = LINE('',#12090,#12091);
#12090 = CARTESIAN_POINT('',(2.613398033179,0.));
#12091 = VECTOR('',#12092,1.);
#12092 = DIRECTION('',(0.,1.));
#12093 = ( GEOMETRIC_REPRESENTATION_CONTEXT(2) 
PARAMETRIC_REPRESENTATION_CONTEXT() REPRESENTATION_CONTEXT('2D SPACE',''
  ) );
#12094 = PCURVE('',#11513,#12095);
#12095 = DEFINITIONAL_REPRESENTATION('',(#12096),#12100);
#12096 = LINE('',#12097,#12098);
#12097 = CARTESIAN_POINT('',(0.,19.551889915343));
#12098 = VECTOR('',#12099,1.);
#12099 = DIRECTION('',(-1.,0.));
#12100 = ( GEOMETRIC_REPRESENTATION_CONTEXT(2) 
PARAMETRIC_REPRESENTATION_CONTEXT() REPRESENTATION_CONTEXT('2D SPACE',''
  ) );
#12101 = ADVANCED_FACE('',(#12102),#9034,.F.);
#12102 = FACE_BOUND('',#12103,.F.);
#12103 = EDGE_LOOP('',(#12104,#12105,#12106,#12128));
#12104 = ORIENTED_EDGE('',*,*,#12057,.F.);
#12105 = ORIENTED_EDGE('',*,*,#9017,.T.);
#12106 = ORIENTED_EDGE('',*,*,#12107,.T.);
#12107 = EDGE_CURVE('',#8990,#12108,#12110,.T.);
#12108 = VERTEX_POINT('',#12109);
#12109 = CARTESIAN_POINT('',(-16.03438991534,27.135,2.1105));
#12110 = SURFACE_CURVE('',#12111,(#12115,#12121),.PCURVE_S1.);
#12111 = LINE('',#12112,#12113);
#12112 = CARTESIAN_POINT('',(-16.08,27.135,-0.5025));
#12113 = VECTOR('',#12114,1.);
#12114 = DIRECTION('',(1.745240643728E-02,-2.137303368084E-18,
    0.999847695156));
#12115 = PCURVE('',#9034,#12116);
#12116 = DEFINITIONAL_REPRESENTATION('',(#12117),#12120);
#12117 = B_SPLINE_CURVE_WITH_KNOTS('',1,(#12118,#12119),.UNSPECIFIED.,
  .F.,.F.,(2,2),(2.51288272421,2.613398033179),
  .PIECEWISE_BEZIER_KNOTS.);
#12118 = CARTESIAN_POINT('',(-3.14159265359,-2.5125));
#12119 = CARTESIAN_POINT('',(-3.14159265359,-2.613));
#12120 = ( GEOMETRIC_REPRESENTATION_CONTEXT(2) 
PARAMETRIC_REPRESENTATION_CONTEXT() REPRESENTATION_CONTEXT('2D SPACE',''
  ) );
#12121 = PCURVE('',#9005,#12122);
#12122 = DEFINITIONAL_REPRESENTATION('',(#12123),#12127);
#12123 = LINE('',#12124,#12125);
#12124 = CARTESIAN_POINT('',(0.,-18.09));
#12125 = VECTOR('',#12126,1.);
#12126 = DIRECTION('',(1.,2.137303368084E-18));
#12127 = ( GEOMETRIC_REPRESENTATION_CONTEXT(2) 
PARAMETRIC_REPRESENTATION_CONTEXT() REPRESENTATION_CONTEXT('2D SPACE',''
  ) );
#12128 = ORIENTED_EDGE('',*,*,#12129,.F.);
#12129 = EDGE_CURVE('',#12058,#12108,#12130,.T.);
#12130 = SURFACE_CURVE('',#12131,(#12136,#12142),.PCURVE_S1.);
#12131 = CIRCLE('',#12132,1.461889915343);
#12132 = AXIS2_PLACEMENT_3D('',#12133,#12134,#12135);
#12133 = CARTESIAN_POINT('',(-14.5725,27.135,2.1105));
#12134 = DIRECTION('',(0.,0.,1.));
#12135 = DIRECTION('',(1.,0.,0.));
#12136 = PCURVE('',#9034,#12137);
#12137 = DEFINITIONAL_REPRESENTATION('',(#12138),#12141);
#12138 = B_SPLINE_CURVE_WITH_KNOTS('',1,(#12139,#12140),.UNSPECIFIED.,
  .F.,.F.,(2,2),(1.570796326795,3.14159265359),
  .PIECEWISE_BEZIER_KNOTS.);
#12139 = CARTESIAN_POINT('',(-1.570796326795,-2.613));
#12140 = CARTESIAN_POINT('',(-3.14159265359,-2.613));
#12141 = ( GEOMETRIC_REPRESENTATION_CONTEXT(2) 
PARAMETRIC_REPRESENTATION_CONTEXT() REPRESENTATION_CONTEXT('2D SPACE',''
  ) );
#12142 = PCURVE('',#11513,#12143);
#12143 = DEFINITIONAL_REPRESENTATION('',(#12144),#12148);
#12144 = CIRCLE('',#12145,1.461889915343);
#12145 = AXIS2_PLACEMENT_2D('',#12146,#12147);
#12146 = CARTESIAN_POINT('',(-14.5725,18.09));
#12147 = DIRECTION('',(1.,0.));
#12148 = ( GEOMETRIC_REPRESENTATION_CONTEXT(2) 
PARAMETRIC_REPRESENTATION_CONTEXT() REPRESENTATION_CONTEXT('2D SPACE',''
  ) );
#12149 = ADVANCED_FACE('',(#12150),#9005,.T.);
#12150 = FACE_BOUND('',#12151,.T.);
#12151 = EDGE_LOOP('',(#12152,#12153,#12154,#12177));
#12152 = ORIENTED_EDGE('',*,*,#8989,.T.);
#12153 = ORIENTED_EDGE('',*,*,#12107,.T.);
#12154 = ORIENTED_EDGE('',*,*,#12155,.T.);
#12155 = EDGE_CURVE('',#12108,#12156,#12158,.T.);
#12156 = VERTEX_POINT('',#12157);
#12157 = CARTESIAN_POINT('',(-16.03438991534,23.166745962565,2.1105));
#12158 = SURFACE_CURVE('',#12159,(#12163,#12170),.PCURVE_S1.);
#12159 = LINE('',#12160,#12161);
#12160 = CARTESIAN_POINT('',(-16.03438991534,9.045,2.1105));
#12161 = VECTOR('',#12162,1.);
#12162 = DIRECTION('',(0.,-1.,0.));
#12163 = PCURVE('',#9005,#12164);
#12164 = DEFINITIONAL_REPRESENTATION('',(#12165),#12169);
#12165 = LINE('',#12166,#12167);
#12166 = CARTESIAN_POINT('',(2.613398033179,0.));
#12167 = VECTOR('',#12168,1.);
#12168 = DIRECTION('',(0.,1.));
#12169 = ( GEOMETRIC_REPRESENTATION_CONTEXT(2) 
PARAMETRIC_REPRESENTATION_CONTEXT() REPRESENTATION_CONTEXT('2D SPACE',''
  ) );
#12170 = PCURVE('',#11513,#12171);
#12171 = DEFINITIONAL_REPRESENTATION('',(#12172),#12176);
#12172 = LINE('',#12173,#12174);
#12173 = CARTESIAN_POINT('',(-16.03438991534,0.));
#12174 = VECTOR('',#12175,1.);
#12175 = DIRECTION('',(0.,-1.));
#12176 = ( GEOMETRIC_REPRESENTATION_CONTEXT(2) 
PARAMETRIC_REPRESENTATION_CONTEXT() REPRESENTATION_CONTEXT('2D SPACE',''
  ) );
#12177 = ORIENTED_EDGE('',*,*,#12178,.F.);
#12178 = EDGE_CURVE('',#8965,#12156,#12179,.T.);
#12179 = SURFACE_CURVE('',#12180,(#12186,#12195),.PCURVE_S1.);
#12180 = B_SPLINE_CURVE_WITH_KNOTS('',4,(#12181,#12182,#12183,#12184,
    #12185),.UNSPECIFIED.,.F.,.F.,(5,5),(0.,1.),
  .PIECEWISE_BEZIER_KNOTS.);
#12181 = CARTESIAN_POINT('',(-16.03614421462,23.167623045405,
    2.0099962614));
#12182 = CARTESIAN_POINT('',(-16.03570563934,23.167403774464,
    2.035122222523));
#12183 = CARTESIAN_POINT('',(-16.03526706436,23.167184503675,
    2.060248166167));
#12184 = CARTESIAN_POINT('',(-16.0348284897,23.166965233044,
    2.085374091851));
#12185 = CARTESIAN_POINT('',(-16.03438991534,23.166745962565,2.1105));
#12186 = PCURVE('',#9005,#12187);
#12187 = DEFINITIONAL_REPRESENTATION('',(#12188),#12194);
#12188 = B_SPLINE_CURVE_WITH_KNOTS('',4,(#12189,#12190,#12191,#12192,
    #12193),.UNSPECIFIED.,.F.,.F.,(5,5),(0.,1.),
  .PIECEWISE_BEZIER_KNOTS.);
#12189 = CARTESIAN_POINT('',(2.512878985041,-14.1226230454));
#12190 = CARTESIAN_POINT('',(2.538008773553,-14.12240377446));
#12191 = CARTESIAN_POINT('',(2.563138544583,-14.12218450367));
#12192 = CARTESIAN_POINT('',(2.588268297649,-14.12196523304));
#12193 = CARTESIAN_POINT('',(2.613398033179,-14.12174596256));
#12194 = ( GEOMETRIC_REPRESENTATION_CONTEXT(2) 
PARAMETRIC_REPRESENTATION_CONTEXT() REPRESENTATION_CONTEXT('2D SPACE',''
  ) );
#12195 = PCURVE('',#8978,#12196);
#12196 = DEFINITIONAL_REPRESENTATION('',(#12197),#12203);
#12197 = B_SPLINE_CURVE_WITH_KNOTS('',4,(#12198,#12199,#12200,#12201,
    #12202),.UNSPECIFIED.,.F.,.F.,(5,5),(0.,1.),
  .PIECEWISE_BEZIER_KNOTS.);
#12198 = CARTESIAN_POINT('',(-0.545355373676,3.225746451613E-02));
#12199 = CARTESIAN_POINT('',(-0.546008558657,3.628987682929E-02));
#12200 = CARTESIAN_POINT('',(-0.546662427039,4.032228633725E-02));
#12201 = CARTESIAN_POINT('',(-0.547316996225,4.435469296275E-02));
#12202 = CARTESIAN_POINT('',(-0.547972248765,4.838709677419E-02));
#12203 = ( GEOMETRIC_REPRESENTATION_CONTEXT(2) 
PARAMETRIC_REPRESENTATION_CONTEXT() REPRESENTATION_CONTEXT('2D SPACE',''
  ) );
#12204 = ADVANCED_FACE('',(#12205),#8978,.F.);
#12205 = FACE_BOUND('',#12206,.F.);
#12206 = EDGE_LOOP('',(#12207,#12208,#12228,#12255,#12280,#12298));
#12207 = ORIENTED_EDGE('',*,*,#8964,.F.);
#12208 = ORIENTED_EDGE('',*,*,#12209,.T.);
#12209 = EDGE_CURVE('',#8940,#12210,#12212,.T.);
#12210 = VERTEX_POINT('',#12211);
#12211 = CARTESIAN_POINT('',(-17.085,23.115,8.04));
#12212 = SURFACE_CURVE('',#12213,(#12216,#12222),.PCURVE_S1.);
#12213 = B_SPLINE_CURVE_WITH_KNOTS('',1,(#12214,#12215),.UNSPECIFIED.,
  .F.,.F.,(2,2),(0.,1.),.PIECEWISE_BEZIER_KNOTS.);
#12214 = CARTESIAN_POINT('',(-17.1393771132,23.169377113204,1.809));
#12215 = CARTESIAN_POINT('',(-17.085,23.115,8.04));
#12216 = PCURVE('',#8978,#12217);
#12217 = DEFINITIONAL_REPRESENTATION('',(#12218),#12221);
#12218 = B_SPLINE_CURVE_WITH_KNOTS('',1,(#12219,#12220),.UNSPECIFIED.,
  .F.,.F.,(2,2),(3.225806451613E-02,1.),.PIECEWISE_BEZIER_KNOTS.);
#12219 = CARTESIAN_POINT('',(0.554106580303,3.225806451613E-02));
#12220 = CARTESIAN_POINT('',(0.554106580303,1.));
#12221 = ( GEOMETRIC_REPRESENTATION_CONTEXT(2) 
PARAMETRIC_REPRESENTATION_CONTEXT() REPRESENTATION_CONTEXT('2D SPACE',''
  ) );
#12222 = PCURVE('',#8953,#12223);
#12223 = DEFINITIONAL_REPRESENTATION('',(#12224),#12227);
#12224 = B_SPLINE_CURVE_WITH_KNOTS('',1,(#12225,#12226),.UNSPECIFIED.,
  .F.,.F.,(2,2),(3.225806451613E-02,1.),.PIECEWISE_BEZIER_KNOTS.);
#12225 = CARTESIAN_POINT('',(-14.0541065803,3.225806451613E-02));
#12226 = CARTESIAN_POINT('',(-14.0541065803,1.));
#12227 = ( GEOMETRIC_REPRESENTATION_CONTEXT(2) 
PARAMETRIC_REPRESENTATION_CONTEXT() REPRESENTATION_CONTEXT('2D SPACE',''
  ) );
#12228 = ORIENTED_EDGE('',*,*,#12229,.T.);
#12229 = EDGE_CURVE('',#12210,#12230,#12232,.T.);
#12230 = VERTEX_POINT('',#12231);
#12231 = CARTESIAN_POINT('',(-16.08,23.115,8.04));
#12232 = SURFACE_CURVE('',#12233,(#12237,#12243),.PCURVE_S1.);
#12233 = LINE('',#12234,#12235);
#12234 = CARTESIAN_POINT('',(-16.5825,23.115,8.04));
#12235 = VECTOR('',#12236,1.);
#12236 = DIRECTION('',(1.,0.,0.));
#12237 = PCURVE('',#8978,#12238);
#12238 = DEFINITIONAL_REPRESENTATION('',(#12239),#12242);
#12239 = B_SPLINE_CURVE_WITH_KNOTS('',1,(#12240,#12241),.UNSPECIFIED.,
  .F.,.F.,(2,2),(-0.5025,0.5025),.PIECEWISE_BEZIER_KNOTS.);
#12240 = CARTESIAN_POINT('',(0.554106580303,1.));
#12241 = CARTESIAN_POINT('',(-0.554106580303,1.));
#12242 = ( GEOMETRIC_REPRESENTATION_CONTEXT(2) 
PARAMETRIC_REPRESENTATION_CONTEXT() REPRESENTATION_CONTEXT('2D SPACE',''
  ) );
#12243 = PCURVE('',#12244,#12249);
#12244 = PLANE('',#12245);
#12245 = AXIS2_PLACEMENT_3D('',#12246,#12247,#12248);
#12246 = CARTESIAN_POINT('',(-17.085,-5.025,8.04));
#12247 = DIRECTION('',(0.,0.,1.));
#12248 = DIRECTION('',(3.569153051241E-02,0.999362854348,-0.));
#12249 = DEFINITIONAL_REPRESENTATION('',(#12250),#12254);
#12250 = LINE('',#12251,#12252);
#12251 = CARTESIAN_POINT('',(28.140005715423,0.50217983431));
#12252 = VECTOR('',#12253,1.);
#12253 = DIRECTION('',(3.569153051241E-02,-0.999362854348));
#12254 = ( GEOMETRIC_REPRESENTATION_CONTEXT(2) 
PARAMETRIC_REPRESENTATION_CONTEXT() REPRESENTATION_CONTEXT('2D SPACE',''
  ) );
#12255 = ORIENTED_EDGE('',*,*,#12256,.F.);
#12256 = EDGE_CURVE('',#12257,#12230,#12259,.T.);
#12257 = VERTEX_POINT('',#12258);
#12258 = CARTESIAN_POINT('',(-16.02825403743,23.166745962565,2.1105));
#12259 = SURFACE_CURVE('',#12260,(#12263,#12269),.PCURVE_S1.);
#12260 = B_SPLINE_CURVE_WITH_KNOTS('',1,(#12261,#12262),.UNSPECIFIED.,
  .F.,.F.,(2,2),(0.,1.),.PIECEWISE_BEZIER_KNOTS.);
#12261 = CARTESIAN_POINT('',(-16.02562288679,23.169377113204,1.809));
#12262 = CARTESIAN_POINT('',(-16.08,23.115,8.04));
#12263 = PCURVE('',#8978,#12264);
#12264 = DEFINITIONAL_REPRESENTATION('',(#12265),#12268);
#12265 = B_SPLINE_CURVE_WITH_KNOTS('',1,(#12266,#12267),.UNSPECIFIED.,
  .F.,.F.,(2,2),(4.838709677419E-02,1.),.PIECEWISE_BEZIER_KNOTS.);
#12266 = CARTESIAN_POINT('',(-0.554106580303,4.838709677419E-02));
#12267 = CARTESIAN_POINT('',(-0.554106580303,1.));
#12268 = ( GEOMETRIC_REPRESENTATION_CONTEXT(2) 
PARAMETRIC_REPRESENTATION_CONTEXT() REPRESENTATION_CONTEXT('2D SPACE',''
  ) );
#12269 = PCURVE('',#12270,#12275);
#12270 = B_SPLINE_SURFACE_WITH_KNOTS('',1,1,(
    (#12271,#12272)
    ,(#12273,#12274
    )),.UNSPECIFIED.,.F.,.F.,.F.,(2,2),(2,2),(-14.0541065803,
    14.054106580303),(0.,1.),.PIECEWISE_BEZIER_KNOTS.);
#12271 = CARTESIAN_POINT('',(-16.02562288679,-5.079377113204,1.809));
#12272 = CARTESIAN_POINT('',(-16.08,-5.025,8.04));
#12273 = CARTESIAN_POINT('',(-16.02562288679,23.169377113204,1.809));
#12274 = CARTESIAN_POINT('',(-16.08,23.115,8.04));
#12275 = DEFINITIONAL_REPRESENTATION('',(#12276),#12279);
#12276 = B_SPLINE_CURVE_WITH_KNOTS('',1,(#12277,#12278),.UNSPECIFIED.,
  .F.,.F.,(2,2),(4.838709677419E-02,1.),.PIECEWISE_BEZIER_KNOTS.);
#12277 = CARTESIAN_POINT('',(14.054106580303,4.838709677419E-02));
#12278 = CARTESIAN_POINT('',(14.054106580303,1.));
#12279 = ( GEOMETRIC_REPRESENTATION_CONTEXT(2) 
PARAMETRIC_REPRESENTATION_CONTEXT() REPRESENTATION_CONTEXT('2D SPACE',''
  ) );
#12280 = ORIENTED_EDGE('',*,*,#12281,.F.);
#12281 = EDGE_CURVE('',#12156,#12257,#12282,.T.);
#12282 = SURFACE_CURVE('',#12283,(#12286,#12292),.PCURVE_S1.);
#12283 = B_SPLINE_CURVE_WITH_KNOTS('',1,(#12284,#12285),.UNSPECIFIED.,
  .F.,.F.,(2,2),(0.,1.),.PIECEWISE_BEZIER_KNOTS.);
#12284 = CARTESIAN_POINT('',(-16.03438991534,23.166745962565,2.1105));
#12285 = CARTESIAN_POINT('',(-16.02825403743,23.166745962565,2.1105));
#12286 = PCURVE('',#8978,#12287);
#12287 = DEFINITIONAL_REPRESENTATION('',(#12288),#12291);
#12288 = B_SPLINE_CURVE_WITH_KNOTS('',1,(#12289,#12290),.UNSPECIFIED.,
  .F.,.F.,(2,2),(0.,1.),.PIECEWISE_BEZIER_KNOTS.);
#12289 = CARTESIAN_POINT('',(-0.547972245451,4.838709677419E-02));
#12290 = CARTESIAN_POINT('',(-0.554106580303,4.838709677419E-02));
#12291 = ( GEOMETRIC_REPRESENTATION_CONTEXT(2) 
PARAMETRIC_REPRESENTATION_CONTEXT() REPRESENTATION_CONTEXT('2D SPACE',''
  ) );
#12292 = PCURVE('',#11513,#12293);
#12293 = DEFINITIONAL_REPRESENTATION('',(#12294),#12297);
#12294 = B_SPLINE_CURVE_WITH_KNOTS('',1,(#12295,#12296),.UNSPECIFIED.,
  .F.,.F.,(2,2),(0.,1.),.PIECEWISE_BEZIER_KNOTS.);
#12295 = CARTESIAN_POINT('',(-16.03438991534,14.121745962565));
#12296 = CARTESIAN_POINT('',(-16.02825403743,14.121745962565));
#12297 = ( GEOMETRIC_REPRESENTATION_CONTEXT(2) 
PARAMETRIC_REPRESENTATION_CONTEXT() REPRESENTATION_CONTEXT('2D SPACE',''
  ) );
#12298 = ORIENTED_EDGE('',*,*,#12178,.F.);
#12299 = ADVANCED_FACE('',(#12300),#8953,.F.);
#12300 = FACE_BOUND('',#12301,.F.);
#12301 = EDGE_LOOP('',(#12302,#12303,#12323,#12343));
#12302 = ORIENTED_EDGE('',*,*,#8939,.F.);
#12303 = ORIENTED_EDGE('',*,*,#12304,.T.);
#12304 = EDGE_CURVE('',#8915,#12305,#12307,.T.);
#12305 = VERTEX_POINT('',#12306);
#12306 = CARTESIAN_POINT('',(-17.085,-5.025,8.04));
#12307 = SURFACE_CURVE('',#12308,(#12311,#12317),.PCURVE_S1.);
#12308 = B_SPLINE_CURVE_WITH_KNOTS('',1,(#12309,#12310),.UNSPECIFIED.,
  .F.,.F.,(2,2),(0.,1.),.PIECEWISE_BEZIER_KNOTS.);
#12309 = CARTESIAN_POINT('',(-17.1393771132,-5.079377113204,1.809));
#12310 = CARTESIAN_POINT('',(-17.085,-5.025,8.04));
#12311 = PCURVE('',#8953,#12312);
#12312 = DEFINITIONAL_REPRESENTATION('',(#12313),#12316);
#12313 = B_SPLINE_CURVE_WITH_KNOTS('',1,(#12314,#12315),.UNSPECIFIED.,
  .F.,.F.,(2,2),(3.225806451613E-02,1.),.PIECEWISE_BEZIER_KNOTS.);
#12314 = CARTESIAN_POINT('',(14.054106580303,3.225806451613E-02));
#12315 = CARTESIAN_POINT('',(14.054106580303,1.));
#12316 = ( GEOMETRIC_REPRESENTATION_CONTEXT(2) 
PARAMETRIC_REPRESENTATION_CONTEXT() REPRESENTATION_CONTEXT('2D SPACE',''
  ) );
#12317 = PCURVE('',#8928,#12318);
#12318 = DEFINITIONAL_REPRESENTATION('',(#12319),#12322);
#12319 = B_SPLINE_CURVE_WITH_KNOTS('',1,(#12320,#12321),.UNSPECIFIED.,
  .F.,.F.,(2,2),(3.225806451613E-02,1.),.PIECEWISE_BEZIER_KNOTS.);
#12320 = CARTESIAN_POINT('',(-0.554106580303,3.225806451613E-02));
#12321 = CARTESIAN_POINT('',(-0.554106580303,1.));
#12322 = ( GEOMETRIC_REPRESENTATION_CONTEXT(2) 
PARAMETRIC_REPRESENTATION_CONTEXT() REPRESENTATION_CONTEXT('2D SPACE',''
  ) );
#12323 = ORIENTED_EDGE('',*,*,#12324,.T.);
#12324 = EDGE_CURVE('',#12305,#12210,#12325,.T.);
#12325 = SURFACE_CURVE('',#12326,(#12330,#12336),.PCURVE_S1.);
#12326 = LINE('',#12327,#12328);
#12327 = CARTESIAN_POINT('',(-17.085,9.045,8.04));
#12328 = VECTOR('',#12329,1.);
#12329 = DIRECTION('',(0.,1.,0.));
#12330 = PCURVE('',#8953,#12331);
#12331 = DEFINITIONAL_REPRESENTATION('',(#12332),#12335);
#12332 = B_SPLINE_CURVE_WITH_KNOTS('',1,(#12333,#12334),.UNSPECIFIED.,
  .F.,.F.,(2,2),(-14.07,14.07),.PIECEWISE_BEZIER_KNOTS.);
#12333 = CARTESIAN_POINT('',(14.054106580303,1.));
#12334 = CARTESIAN_POINT('',(-14.0541065803,1.));
#12335 = ( GEOMETRIC_REPRESENTATION_CONTEXT(2) 
PARAMETRIC_REPRESENTATION_CONTEXT() REPRESENTATION_CONTEXT('2D SPACE',''
  ) );
#12336 = PCURVE('',#12244,#12337);
#12337 = DEFINITIONAL_REPRESENTATION('',(#12338),#12342);
#12338 = LINE('',#12339,#12340);
#12339 = CARTESIAN_POINT('',(14.06103536067,0.50217983431));
#12340 = VECTOR('',#12341,1.);
#12341 = DIRECTION('',(0.999362854348,3.569153051241E-02));
#12342 = ( GEOMETRIC_REPRESENTATION_CONTEXT(2) 
PARAMETRIC_REPRESENTATION_CONTEXT() REPRESENTATION_CONTEXT('2D SPACE',''
  ) );
#12343 = ORIENTED_EDGE('',*,*,#12209,.F.);
#12344 = ADVANCED_FACE('',(#12345),#8928,.F.);
#12345 = FACE_BOUND('',#12346,.F.);
#12346 = EDGE_LOOP('',(#12347,#12348,#12349,#12350,#12370,#12390));
#12347 = ORIENTED_EDGE('',*,*,#12304,.F.);
#12348 = ORIENTED_EDGE('',*,*,#8914,.F.);
#12349 = ORIENTED_EDGE('',*,*,#11470,.T.);
#12350 = ORIENTED_EDGE('',*,*,#12351,.F.);
#12351 = EDGE_CURVE('',#12352,#11471,#12354,.T.);
#12352 = VERTEX_POINT('',#12353);
#12353 = CARTESIAN_POINT('',(-16.02825403743,-5.076745962565,2.1105));
#12354 = SURFACE_CURVE('',#12355,(#12358,#12364),.PCURVE_S1.);
#12355 = B_SPLINE_CURVE_WITH_KNOTS('',1,(#12356,#12357),.UNSPECIFIED.,
  .F.,.F.,(2,2),(0.,1.),.PIECEWISE_BEZIER_KNOTS.);
#12356 = CARTESIAN_POINT('',(-16.02825403743,-5.076745962565,2.1105));
#12357 = CARTESIAN_POINT('',(-16.03438991534,-5.076745962565,2.1105));
#12358 = PCURVE('',#8928,#12359);
#12359 = DEFINITIONAL_REPRESENTATION('',(#12360),#12363);
#12360 = B_SPLINE_CURVE_WITH_KNOTS('',1,(#12361,#12362),.UNSPECIFIED.,
  .F.,.F.,(2,2),(0.,1.),.PIECEWISE_BEZIER_KNOTS.);
#12361 = CARTESIAN_POINT('',(0.554106580303,4.838709677419E-02));
#12362 = CARTESIAN_POINT('',(0.547972245451,4.838709677419E-02));
#12363 = ( GEOMETRIC_REPRESENTATION_CONTEXT(2) 
PARAMETRIC_REPRESENTATION_CONTEXT() REPRESENTATION_CONTEXT('2D SPACE',''
  ) );
#12364 = PCURVE('',#11513,#12365);
#12365 = DEFINITIONAL_REPRESENTATION('',(#12366),#12369);
#12366 = B_SPLINE_CURVE_WITH_KNOTS('',1,(#12367,#12368),.UNSPECIFIED.,
  .F.,.F.,(2,2),(0.,1.),.PIECEWISE_BEZIER_KNOTS.);
#12367 = CARTESIAN_POINT('',(-16.02825403743,-14.12174596256));
#12368 = CARTESIAN_POINT('',(-16.03438991534,-14.12174596256));
#12369 = ( GEOMETRIC_REPRESENTATION_CONTEXT(2) 
PARAMETRIC_REPRESENTATION_CONTEXT() REPRESENTATION_CONTEXT('2D SPACE',''
  ) );
#12370 = ORIENTED_EDGE('',*,*,#12371,.T.);
#12371 = EDGE_CURVE('',#12352,#12372,#12374,.T.);
#12372 = VERTEX_POINT('',#12373);
#12373 = CARTESIAN_POINT('',(-16.08,-5.025,8.04));
#12374 = SURFACE_CURVE('',#12375,(#12378,#12384),.PCURVE_S1.);
#12375 = B_SPLINE_CURVE_WITH_KNOTS('',1,(#12376,#12377),.UNSPECIFIED.,
  .F.,.F.,(2,2),(0.,1.),.PIECEWISE_BEZIER_KNOTS.);
#12376 = CARTESIAN_POINT('',(-16.02562288679,-5.079377113204,1.809));
#12377 = CARTESIAN_POINT('',(-16.08,-5.025,8.04));
#12378 = PCURVE('',#8928,#12379);
#12379 = DEFINITIONAL_REPRESENTATION('',(#12380),#12383);
#12380 = B_SPLINE_CURVE_WITH_KNOTS('',1,(#12381,#12382),.UNSPECIFIED.,
  .F.,.F.,(2,2),(4.838709677419E-02,1.),.PIECEWISE_BEZIER_KNOTS.);
#12381 = CARTESIAN_POINT('',(0.554106580303,4.838709677419E-02));
#12382 = CARTESIAN_POINT('',(0.554106580303,1.));
#12383 = ( GEOMETRIC_REPRESENTATION_CONTEXT(2) 
PARAMETRIC_REPRESENTATION_CONTEXT() REPRESENTATION_CONTEXT('2D SPACE',''
  ) );
#12384 = PCURVE('',#12270,#12385);
#12385 = DEFINITIONAL_REPRESENTATION('',(#12386),#12389);
#12386 = B_SPLINE_CURVE_WITH_KNOTS('',1,(#12387,#12388),.UNSPECIFIED.,
  .F.,.F.,(2,2),(4.838709677419E-02,1.),.PIECEWISE_BEZIER_KNOTS.);
#12387 = CARTESIAN_POINT('',(-14.0541065803,4.838709677419E-02));
#12388 = CARTESIAN_POINT('',(-14.0541065803,1.));
#12389 = ( GEOMETRIC_REPRESENTATION_CONTEXT(2) 
PARAMETRIC_REPRESENTATION_CONTEXT() REPRESENTATION_CONTEXT('2D SPACE',''
  ) );
#12390 = ORIENTED_EDGE('',*,*,#12391,.F.);
#12391 = EDGE_CURVE('',#12305,#12372,#12392,.T.);
#12392 = SURFACE_CURVE('',#12393,(#12397,#12403),.PCURVE_S1.);
#12393 = LINE('',#12394,#12395);
#12394 = CARTESIAN_POINT('',(-16.5825,-5.025,8.04));
#12395 = VECTOR('',#12396,1.);
#12396 = DIRECTION('',(1.,0.,0.));
#12397 = PCURVE('',#8928,#12398);
#12398 = DEFINITIONAL_REPRESENTATION('',(#12399),#12402);
#12399 = B_SPLINE_CURVE_WITH_KNOTS('',1,(#12400,#12401),.UNSPECIFIED.,
  .F.,.F.,(2,2),(-0.5025,0.5025),.PIECEWISE_BEZIER_KNOTS.);
#12400 = CARTESIAN_POINT('',(-0.554106580303,1.));
#12401 = CARTESIAN_POINT('',(0.554106580303,1.));
#12402 = ( GEOMETRIC_REPRESENTATION_CONTEXT(2) 
PARAMETRIC_REPRESENTATION_CONTEXT() REPRESENTATION_CONTEXT('2D SPACE',''
  ) );
#12403 = PCURVE('',#12244,#12404);
#12404 = DEFINITIONAL_REPRESENTATION('',(#12405),#12409);
#12405 = LINE('',#12406,#12407);
#12406 = CARTESIAN_POINT('',(1.793499408249E-02,-0.50217983431));
#12407 = VECTOR('',#12408,1.);
#12408 = DIRECTION('',(3.569153051241E-02,-0.999362854348));
#12409 = ( GEOMETRIC_REPRESENTATION_CONTEXT(2) 
PARAMETRIC_REPRESENTATION_CONTEXT() REPRESENTATION_CONTEXT('2D SPACE',''
  ) );
#12410 = ADVANCED_FACE('',(#12411),#9333,.F.);
#12411 = FACE_BOUND('',#12412,.F.);
#12412 = EDGE_LOOP('',(#12413,#12434,#12460,#12461));
#12413 = ORIENTED_EDGE('',*,*,#12414,.T.);
#12414 = EDGE_CURVE('',#9317,#12415,#12417,.T.);
#12415 = VERTEX_POINT('',#12416);
#12416 = CARTESIAN_POINT('',(24.5823,54.46095,11.055));
#12417 = SEAM_CURVE('',#12418,(#12422,#12428),.PCURVE_S1.);
#12418 = LINE('',#12419,#12420);
#12419 = CARTESIAN_POINT('',(24.665619770232,54.46095,1.5075));
#12420 = VECTOR('',#12421,1.);
#12421 = DIRECTION('',(-8.726535498374E-03,2.137384753146E-18,
    0.999961923064));
#12422 = PCURVE('',#9333,#12423);
#12423 = DEFINITIONAL_REPRESENTATION('',(#12424),#12427);
#12424 = B_SPLINE_CURVE_WITH_KNOTS('',1,(#12425,#12426),.UNSPECIFIED.,
  .F.,.F.,(2,2),(0.502519134389,9.547863553388),
  .PIECEWISE_BEZIER_KNOTS.);
#12425 = CARTESIAN_POINT('',(-6.28318530718,-0.5025));
#12426 = CARTESIAN_POINT('',(-6.28318530718,-9.5475));
#12427 = ( GEOMETRIC_REPRESENTATION_CONTEXT(2) 
PARAMETRIC_REPRESENTATION_CONTEXT() REPRESENTATION_CONTEXT('2D SPACE',''
  ) );
#12428 = PCURVE('',#9333,#12429);
#12429 = DEFINITIONAL_REPRESENTATION('',(#12430),#12433);
#12430 = B_SPLINE_CURVE_WITH_KNOTS('',1,(#12431,#12432),.UNSPECIFIED.,
  .F.,.F.,(2,2),(0.502519134389,9.547863553388),
  .PIECEWISE_BEZIER_KNOTS.);
#12431 = CARTESIAN_POINT('',(0.,-0.5025));
#12432 = CARTESIAN_POINT('',(0.,-9.5475));
#12433 = ( GEOMETRIC_REPRESENTATION_CONTEXT(2) 
PARAMETRIC_REPRESENTATION_CONTEXT() REPRESENTATION_CONTEXT('2D SPACE',''
  ) );
#12434 = ORIENTED_EDGE('',*,*,#12435,.F.);
#12435 = EDGE_CURVE('',#12415,#12415,#12436,.T.);
#12436 = SURFACE_CURVE('',#12437,(#12442,#12448),.PCURVE_S1.);
#12437 = CIRCLE('',#12438,2.814);
#12438 = AXIS2_PLACEMENT_3D('',#12439,#12440,#12441);
#12439 = CARTESIAN_POINT('',(21.7683,54.46095,11.055));
#12440 = DIRECTION('',(0.,0.,1.));
#12441 = DIRECTION('',(1.,0.,0.));
#12442 = PCURVE('',#9333,#12443);
#12443 = DEFINITIONAL_REPRESENTATION('',(#12444),#12447);
#12444 = B_SPLINE_CURVE_WITH_KNOTS('',1,(#12445,#12446),.UNSPECIFIED.,
  .F.,.F.,(2,2),(0.,6.28318530718),.PIECEWISE_BEZIER_KNOTS.);
#12445 = CARTESIAN_POINT('',(0.,-9.5475));
#12446 = CARTESIAN_POINT('',(-6.28318530718,-9.5475));
#12447 = ( GEOMETRIC_REPRESENTATION_CONTEXT(2) 
PARAMETRIC_REPRESENTATION_CONTEXT() REPRESENTATION_CONTEXT('2D SPACE',''
  ) );
#12448 = PCURVE('',#12449,#12454);
#12449 = PLANE('',#12450);
#12450 = AXIS2_PLACEMENT_3D('',#12451,#12452,#12453);
#12451 = CARTESIAN_POINT('',(21.7683,54.46095,11.055));
#12452 = DIRECTION('',(0.,0.,1.));
#12453 = DIRECTION('',(1.,0.,0.));
#12454 = DEFINITIONAL_REPRESENTATION('',(#12455),#12459);
#12455 = CIRCLE('',#12456,2.814);
#12456 = AXIS2_PLACEMENT_2D('',#12457,#12458);
#12457 = CARTESIAN_POINT('',(0.,0.));
#12458 = DIRECTION('',(1.,0.));
#12459 = ( GEOMETRIC_REPRESENTATION_CONTEXT(2) 
PARAMETRIC_REPRESENTATION_CONTEXT() REPRESENTATION_CONTEXT('2D SPACE',''
  ) );
#12460 = ORIENTED_EDGE('',*,*,#12414,.F.);
#12461 = ORIENTED_EDGE('',*,*,#9316,.T.);
#12462 = ADVANCED_FACE('',(#12463,#12466),#10705,.F.);
#12463 = FACE_BOUND('',#12464,.F.);
#12464 = EDGE_LOOP('',(#12465));
#12465 = ORIENTED_EDGE('',*,*,#10691,.T.);
#12466 = FACE_BOUND('',#12467,.F.);
#12467 = EDGE_LOOP('',(#12468));
#12468 = ORIENTED_EDGE('',*,*,#12469,.F.);
#12469 = EDGE_CURVE('',#12470,#12470,#12472,.T.);
#12470 = VERTEX_POINT('',#12471);
#12471 = CARTESIAN_POINT('',(-18.64279385167,-45.225,14.271));
#12472 = SURFACE_CURVE('',#12473,(#12478,#12485),.PCURVE_S1.);
#12473 = CIRCLE('',#12474,1.457206148324);
#12474 = AXIS2_PLACEMENT_3D('',#12475,#12476,#12477);
#12475 = CARTESIAN_POINT('',(-20.1,-45.225,14.271));
#12476 = DIRECTION('',(0.,0.,1.));
#12477 = DIRECTION('',(1.,0.,-0.));
#12478 = PCURVE('',#10705,#12479);
#12479 = DEFINITIONAL_REPRESENTATION('',(#12480),#12484);
#12480 = CIRCLE('',#12481,1.457206148324);
#12481 = AXIS2_PLACEMENT_2D('',#12482,#12483);
#12482 = CARTESIAN_POINT('',(0.,0.));
#12483 = DIRECTION('',(1.,0.));
#12484 = ( GEOMETRIC_REPRESENTATION_CONTEXT(2) 
PARAMETRIC_REPRESENTATION_CONTEXT() REPRESENTATION_CONTEXT('2D SPACE',''
  ) );
#12485 = PCURVE('',#12486,#12491);
#12486 = CONICAL_SURFACE('',#12487,1.408092271486,4.363323129986E-03);
#12487 = AXIS2_PLACEMENT_3D('',#12488,#12489,#12490);
#12488 = CARTESIAN_POINT('',(-20.1,-45.225,3.015));
#12489 = DIRECTION('',(0.,0.,1.));
#12490 = DIRECTION('',(1.,0.,0.));
#12491 = DEFINITIONAL_REPRESENTATION('',(#12492),#12495);
#12492 = B_SPLINE_CURVE_WITH_KNOTS('',1,(#12493,#12494),.UNSPECIFIED.,
  .F.,.F.,(2,2),(0.,6.28318530718),.PIECEWISE_BEZIER_KNOTS.);
#12493 = CARTESIAN_POINT('',(0.,11.256));
#12494 = CARTESIAN_POINT('',(6.28318530718,11.256));
#12495 = ( GEOMETRIC_REPRESENTATION_CONTEXT(2) 
PARAMETRIC_REPRESENTATION_CONTEXT() REPRESENTATION_CONTEXT('2D SPACE',''
  ) );
#12496 = ADVANCED_FACE('',(#12497,#12500),#10761,.F.);
#12497 = FACE_BOUND('',#12498,.F.);
#12498 = EDGE_LOOP('',(#12499));
#12499 = ORIENTED_EDGE('',*,*,#10747,.T.);
#12500 = FACE_BOUND('',#12501,.F.);
#12501 = EDGE_LOOP('',(#12502));
#12502 = ORIENTED_EDGE('',*,*,#12503,.F.);
#12503 = EDGE_CURVE('',#12504,#12504,#12506,.T.);
#12504 = VERTEX_POINT('',#12505);
#12505 = CARTESIAN_POINT('',(-20.76334385167,-16.0197,11.055));
#12506 = SURFACE_CURVE('',#12507,(#12512,#12519),.PCURVE_S1.);
#12507 = CIRCLE('',#12508,1.004956148324);
#12508 = AXIS2_PLACEMENT_3D('',#12509,#12510,#12511);
#12509 = CARTESIAN_POINT('',(-21.7683,-16.0197,11.055));
#12510 = DIRECTION('',(0.,0.,1.));
#12511 = DIRECTION('',(1.,0.,-0.));
#12512 = PCURVE('',#10761,#12513);
#12513 = DEFINITIONAL_REPRESENTATION('',(#12514),#12518);
#12514 = CIRCLE('',#12515,1.004956148324);
#12515 = AXIS2_PLACEMENT_2D('',#12516,#12517);
#12516 = CARTESIAN_POINT('',(0.,0.));
#12517 = DIRECTION('',(1.,0.));
#12518 = ( GEOMETRIC_REPRESENTATION_CONTEXT(2) 
PARAMETRIC_REPRESENTATION_CONTEXT() REPRESENTATION_CONTEXT('2D SPACE',''
  ) );
#12519 = PCURVE('',#12520,#12525);
#12520 = CONICAL_SURFACE('',#12521,0.976452559088,4.363323129986E-03);
#12521 = AXIS2_PLACEMENT_3D('',#12522,#12523,#12524);
#12522 = CARTESIAN_POINT('',(-21.7683,-16.0197,4.5225));
#12523 = DIRECTION('',(0.,0.,1.));
#12524 = DIRECTION('',(1.,0.,0.));
#12525 = DEFINITIONAL_REPRESENTATION('',(#12526),#12529);
#12526 = B_SPLINE_CURVE_WITH_KNOTS('',1,(#12527,#12528),.UNSPECIFIED.,
  .F.,.F.,(2,2),(0.,6.28318530718),.PIECEWISE_BEZIER_KNOTS.);
#12527 = CARTESIAN_POINT('',(0.,6.5325));
#12528 = CARTESIAN_POINT('',(6.28318530718,6.5325));
#12529 = ( GEOMETRIC_REPRESENTATION_CONTEXT(2) 
PARAMETRIC_REPRESENTATION_CONTEXT() REPRESENTATION_CONTEXT('2D SPACE',''
  ) );
#12530 = ADVANCED_FACE('',(#12531,#12534),#10831,.F.);
#12531 = FACE_BOUND('',#12532,.F.);
#12532 = EDGE_LOOP('',(#12533));
#12533 = ORIENTED_EDGE('',*,*,#10817,.T.);
#12534 = FACE_BOUND('',#12535,.F.);
#12535 = EDGE_LOOP('',(#12536));
#12536 = ORIENTED_EDGE('',*,*,#12537,.F.);
#12537 = EDGE_CURVE('',#12538,#12538,#12540,.T.);
#12538 = VERTEX_POINT('',#12539);
#12539 = CARTESIAN_POINT('',(21.557206148324,-45.225,14.271));
#12540 = SURFACE_CURVE('',#12541,(#12546,#12553),.PCURVE_S1.);
#12541 = CIRCLE('',#12542,1.457206148324);
#12542 = AXIS2_PLACEMENT_3D('',#12543,#12544,#12545);
#12543 = CARTESIAN_POINT('',(20.1,-45.225,14.271));
#12544 = DIRECTION('',(0.,0.,1.));
#12545 = DIRECTION('',(1.,0.,-0.));
#12546 = PCURVE('',#10831,#12547);
#12547 = DEFINITIONAL_REPRESENTATION('',(#12548),#12552);
#12548 = CIRCLE('',#12549,1.457206148324);
#12549 = AXIS2_PLACEMENT_2D('',#12550,#12551);
#12550 = CARTESIAN_POINT('',(0.,0.));
#12551 = DIRECTION('',(1.,0.));
#12552 = ( GEOMETRIC_REPRESENTATION_CONTEXT(2) 
PARAMETRIC_REPRESENTATION_CONTEXT() REPRESENTATION_CONTEXT('2D SPACE',''
  ) );
#12553 = PCURVE('',#12554,#12559);
#12554 = CONICAL_SURFACE('',#12555,1.408092271486,4.363323129986E-03);
#12555 = AXIS2_PLACEMENT_3D('',#12556,#12557,#12558);
#12556 = CARTESIAN_POINT('',(20.1,-45.225,3.015));
#12557 = DIRECTION('',(0.,0.,1.));
#12558 = DIRECTION('',(1.,0.,0.));
#12559 = DEFINITIONAL_REPRESENTATION('',(#12560),#12563);
#12560 = B_SPLINE_CURVE_WITH_KNOTS('',1,(#12561,#12562),.UNSPECIFIED.,
  .F.,.F.,(2,2),(0.,6.28318530718),.PIECEWISE_BEZIER_KNOTS.);
#12561 = CARTESIAN_POINT('',(0.,11.256));
#12562 = CARTESIAN_POINT('',(6.28318530718,11.256));
#12563 = ( GEOMETRIC_REPRESENTATION_CONTEXT(2) 
PARAMETRIC_REPRESENTATION_CONTEXT() REPRESENTATION_CONTEXT('2D SPACE',''
  ) );
#12564 = ADVANCED_FACE('',(#12565,#12568),#10887,.F.);
#12565 = FACE_BOUND('',#12566,.F.);
#12566 = EDGE_LOOP('',(#12567));
#12567 = ORIENTED_EDGE('',*,*,#10873,.T.);
#12568 = FACE_BOUND('',#12569,.F.);
#12569 = EDGE_LOOP('',(#12570));
#12570 = ORIENTED_EDGE('',*,*,#12571,.F.);
#12571 = EDGE_CURVE('',#12572,#12572,#12574,.T.);
#12572 = VERTEX_POINT('',#12573);
#12573 = CARTESIAN_POINT('',(22.773256148324,-16.0197,11.055));
#12574 = SURFACE_CURVE('',#12575,(#12580,#12587),.PCURVE_S1.);
#12575 = CIRCLE('',#12576,1.004956148324);
#12576 = AXIS2_PLACEMENT_3D('',#12577,#12578,#12579);
#12577 = CARTESIAN_POINT('',(21.7683,-16.0197,11.055));
#12578 = DIRECTION('',(0.,0.,1.));
#12579 = DIRECTION('',(1.,0.,-0.));
#12580 = PCURVE('',#10887,#12581);
#12581 = DEFINITIONAL_REPRESENTATION('',(#12582),#12586);
#12582 = CIRCLE('',#12583,1.004956148324);
#12583 = AXIS2_PLACEMENT_2D('',#12584,#12585);
#12584 = CARTESIAN_POINT('',(0.,0.));
#12585 = DIRECTION('',(1.,0.));
#12586 = ( GEOMETRIC_REPRESENTATION_CONTEXT(2) 
PARAMETRIC_REPRESENTATION_CONTEXT() REPRESENTATION_CONTEXT('2D SPACE',''
  ) );
#12587 = PCURVE('',#12588,#12593);
#12588 = CONICAL_SURFACE('',#12589,0.976452559088,4.363323129986E-03);
#12589 = AXIS2_PLACEMENT_3D('',#12590,#12591,#12592);
#12590 = CARTESIAN_POINT('',(21.7683,-16.0197,4.5225));
#12591 = DIRECTION('',(0.,0.,1.));
#12592 = DIRECTION('',(1.,0.,0.));
#12593 = DEFINITIONAL_REPRESENTATION('',(#12594),#12597);
#12594 = B_SPLINE_CURVE_WITH_KNOTS('',1,(#12595,#12596),.UNSPECIFIED.,
  .F.,.F.,(2,2),(0.,6.28318530718),.PIECEWISE_BEZIER_KNOTS.);
#12595 = CARTESIAN_POINT('',(0.,6.5325));
#12596 = CARTESIAN_POINT('',(6.28318530718,6.5325));
#12597 = ( GEOMETRIC_REPRESENTATION_CONTEXT(2) 
PARAMETRIC_REPRESENTATION_CONTEXT() REPRESENTATION_CONTEXT('2D SPACE',''
  ) );
#12598 = ADVANCED_FACE('',(#12599,#12602),#10956,.F.);
#12599 = FACE_BOUND('',#12600,.F.);
#12600 = EDGE_LOOP('',(#12601));
#12601 = ORIENTED_EDGE('',*,*,#10942,.T.);
#12602 = FACE_BOUND('',#12603,.F.);
#12603 = EDGE_LOOP('',(#12604));
#12604 = ORIENTED_EDGE('',*,*,#12605,.F.);
#12605 = EDGE_CURVE('',#12606,#12606,#12608,.T.);
#12606 = VERTEX_POINT('',#12607);
#12607 = CARTESIAN_POINT('',(-11.05504385167,-40.2,7.035));
#12608 = SURFACE_CURVE('',#12609,(#12614,#12621),.PCURVE_S1.);
#12609 = CIRCLE('',#12610,1.004956148324);
#12610 = AXIS2_PLACEMENT_3D('',#12611,#12612,#12613);
#12611 = CARTESIAN_POINT('',(-12.06,-40.2,7.035));
#12612 = DIRECTION('',(0.,0.,1.));
#12613 = DIRECTION('',(1.,0.,-0.));
#12614 = PCURVE('',#10956,#12615);
#12615 = DEFINITIONAL_REPRESENTATION('',(#12616),#12620);
#12616 = CIRCLE('',#12617,1.004956148324);
#12617 = AXIS2_PLACEMENT_2D('',#12618,#12619);
#12618 = CARTESIAN_POINT('',(0.,0.));
#12619 = DIRECTION('',(1.,0.));
#12620 = ( GEOMETRIC_REPRESENTATION_CONTEXT(2) 
PARAMETRIC_REPRESENTATION_CONTEXT() REPRESENTATION_CONTEXT('2D SPACE',''
  ) );
#12621 = PCURVE('',#12622,#12627);
#12622 = CONICAL_SURFACE('',#12623,0.985222894238,4.363323129986E-03);
#12623 = AXIS2_PLACEMENT_3D('',#12624,#12625,#12626);
#12624 = CARTESIAN_POINT('',(-12.06,-40.2,2.5125));
#12625 = DIRECTION('',(0.,0.,1.));
#12626 = DIRECTION('',(1.,0.,0.));
#12627 = DEFINITIONAL_REPRESENTATION('',(#12628),#12631);
#12628 = B_SPLINE_CURVE_WITH_KNOTS('',1,(#12629,#12630),.UNSPECIFIED.,
  .F.,.F.,(2,2),(0.,6.28318530718),.PIECEWISE_BEZIER_KNOTS.);
#12629 = CARTESIAN_POINT('',(0.,4.5225));
#12630 = CARTESIAN_POINT('',(6.28318530718,4.5225));
#12631 = ( GEOMETRIC_REPRESENTATION_CONTEXT(2) 
PARAMETRIC_REPRESENTATION_CONTEXT() REPRESENTATION_CONTEXT('2D SPACE',''
  ) );
#12632 = ADVANCED_FACE('',(#12633),#11027,.F.);
#12633 = FACE_BOUND('',#12634,.F.);
#12634 = EDGE_LOOP('',(#12635,#12636,#12637,#12638));
#12635 = ORIENTED_EDGE('',*,*,#11089,.F.);
#12636 = ORIENTED_EDGE('',*,*,#11014,.T.);
#12637 = ORIENTED_EDGE('',*,*,#11064,.T.);
#12638 = ORIENTED_EDGE('',*,*,#11134,.F.);
#12639 = ADVANCED_FACE('',(#12640,#12643),#11193,.F.);
#12640 = FACE_BOUND('',#12641,.F.);
#12641 = EDGE_LOOP('',(#12642));
#12642 = ORIENTED_EDGE('',*,*,#11179,.T.);
#12643 = FACE_BOUND('',#12644,.F.);
#12644 = EDGE_LOOP('',(#12645));
#12645 = ORIENTED_EDGE('',*,*,#12646,.F.);
#12646 = EDGE_CURVE('',#12647,#12647,#12649,.T.);
#12647 = VERTEX_POINT('',#12648);
#12648 = CARTESIAN_POINT('',(13.064956148324,-40.2,7.035));
#12649 = SURFACE_CURVE('',#12650,(#12655,#12662),.PCURVE_S1.);
#12650 = CIRCLE('',#12651,1.004956148324);
#12651 = AXIS2_PLACEMENT_3D('',#12652,#12653,#12654);
#12652 = CARTESIAN_POINT('',(12.06,-40.2,7.035));
#12653 = DIRECTION('',(0.,0.,1.));
#12654 = DIRECTION('',(1.,0.,-0.));
#12655 = PCURVE('',#11193,#12656);
#12656 = DEFINITIONAL_REPRESENTATION('',(#12657),#12661);
#12657 = CIRCLE('',#12658,1.004956148324);
#12658 = AXIS2_PLACEMENT_2D('',#12659,#12660);
#12659 = CARTESIAN_POINT('',(0.,0.));
#12660 = DIRECTION('',(1.,0.));
#12661 = ( GEOMETRIC_REPRESENTATION_CONTEXT(2) 
PARAMETRIC_REPRESENTATION_CONTEXT() REPRESENTATION_CONTEXT('2D SPACE',''
  ) );
#12662 = PCURVE('',#12663,#12668);
#12663 = CONICAL_SURFACE('',#12664,0.985222894238,4.363323129986E-03);
#12664 = AXIS2_PLACEMENT_3D('',#12665,#12666,#12667);
#12665 = CARTESIAN_POINT('',(12.06,-40.2,2.5125));
#12666 = DIRECTION('',(0.,0.,1.));
#12667 = DIRECTION('',(1.,0.,0.));
#12668 = DEFINITIONAL_REPRESENTATION('',(#12669),#12672);
#12669 = B_SPLINE_CURVE_WITH_KNOTS('',1,(#12670,#12671),.UNSPECIFIED.,
  .F.,.F.,(2,2),(0.,6.28318530718),.PIECEWISE_BEZIER_KNOTS.);
#12670 = CARTESIAN_POINT('',(0.,4.5225));
#12671 = CARTESIAN_POINT('',(6.28318530718,4.5225));
#12672 = ( GEOMETRIC_REPRESENTATION_CONTEXT(2) 
PARAMETRIC_REPRESENTATION_CONTEXT() REPRESENTATION_CONTEXT('2D SPACE',''
  ) );
#12673 = ADVANCED_FACE('',(#12674),#11264,.F.);
#12674 = FACE_BOUND('',#12675,.F.);
#12675 = EDGE_LOOP('',(#12676,#12677,#12678,#12679));
#12676 = ORIENTED_EDGE('',*,*,#11326,.F.);
#12677 = ORIENTED_EDGE('',*,*,#11251,.T.);
#12678 = ORIENTED_EDGE('',*,*,#11301,.T.);
#12679 = ORIENTED_EDGE('',*,*,#11371,.F.);
#12680 = ADVANCED_FACE('',(#12681,#12684),#11430,.F.);
#12681 = FACE_BOUND('',#12682,.F.);
#12682 = EDGE_LOOP('',(#12683));
#12683 = ORIENTED_EDGE('',*,*,#11416,.T.);
#12684 = FACE_BOUND('',#12685,.F.);
#12685 = EDGE_LOOP('',(#12686));
#12686 = ORIENTED_EDGE('',*,*,#12687,.F.);
#12687 = EDGE_CURVE('',#12688,#12688,#12690,.T.);
#12688 = VERTEX_POINT('',#12689);
#12689 = CARTESIAN_POINT('',(-20.31109385167,54.46095,11.055));
#12690 = SURFACE_CURVE('',#12691,(#12696,#12703),.PCURVE_S1.);
#12691 = CIRCLE('',#12692,1.457206148324);
#12692 = AXIS2_PLACEMENT_3D('',#12693,#12694,#12695);
#12693 = CARTESIAN_POINT('',(-21.7683,54.46095,11.055));
#12694 = DIRECTION('',(0.,0.,1.));
#12695 = DIRECTION('',(1.,0.,-0.));
#12696 = PCURVE('',#11430,#12697);
#12697 = DEFINITIONAL_REPRESENTATION('',(#12698),#12702);
#12698 = CIRCLE('',#12699,1.457206148324);
#12699 = AXIS2_PLACEMENT_2D('',#12700,#12701);
#12700 = CARTESIAN_POINT('',(0.,0.));
#12701 = DIRECTION('',(1.,0.));
#12702 = ( GEOMETRIC_REPRESENTATION_CONTEXT(2) 
PARAMETRIC_REPRESENTATION_CONTEXT() REPRESENTATION_CONTEXT('2D SPACE',''
  ) );
#12703 = PCURVE('',#12704,#12709);
#12704 = CONICAL_SURFACE('',#12705,1.417739640151,4.363323129986E-03);
#12705 = AXIS2_PLACEMENT_3D('',#12706,#12707,#12708);
#12706 = CARTESIAN_POINT('',(-21.7683,54.46095,2.01));
#12707 = DIRECTION('',(0.,0.,1.));
#12708 = DIRECTION('',(1.,0.,0.));
#12709 = DEFINITIONAL_REPRESENTATION('',(#12710),#12713);
#12710 = B_SPLINE_CURVE_WITH_KNOTS('',1,(#12711,#12712),.UNSPECIFIED.,
  .F.,.F.,(2,2),(0.,6.28318530718),.PIECEWISE_BEZIER_KNOTS.);
#12711 = CARTESIAN_POINT('',(0.,9.045));
#12712 = CARTESIAN_POINT('',(6.28318530718,9.045));
#12713 = ( GEOMETRIC_REPRESENTATION_CONTEXT(2) 
PARAMETRIC_REPRESENTATION_CONTEXT() REPRESENTATION_CONTEXT('2D SPACE',''
  ) );
#12714 = ADVANCED_FACE('',(#12715),#11513,.F.);
#12715 = FACE_BOUND('',#12716,.F.);
#12716 = EDGE_LOOP('',(#12717,#12718,#12719,#12720,#12738,#12739,#12740,
    #12741,#12742,#12743,#12744,#12745,#12763,#12764,#12765,#12766));
#12717 = ORIENTED_EDGE('',*,*,#12129,.T.);
#12718 = ORIENTED_EDGE('',*,*,#12155,.T.);
#12719 = ORIENTED_EDGE('',*,*,#12281,.T.);
#12720 = ORIENTED_EDGE('',*,*,#12721,.T.);
#12721 = EDGE_CURVE('',#12257,#12352,#12722,.T.);
#12722 = SURFACE_CURVE('',#12723,(#12726,#12732),.PCURVE_S1.);
#12723 = B_SPLINE_CURVE_WITH_KNOTS('',1,(#12724,#12725),.UNSPECIFIED.,
  .F.,.F.,(2,2),(0.,1.),.PIECEWISE_BEZIER_KNOTS.);
#12724 = CARTESIAN_POINT('',(-16.02825403743,23.166745962565,2.1105));
#12725 = CARTESIAN_POINT('',(-16.02825403743,-5.076745962565,2.1105));
#12726 = PCURVE('',#11513,#12727);
#12727 = DEFINITIONAL_REPRESENTATION('',(#12728),#12731);
#12728 = B_SPLINE_CURVE_WITH_KNOTS('',1,(#12729,#12730),.UNSPECIFIED.,
  .F.,.F.,(2,2),(0.,1.),.PIECEWISE_BEZIER_KNOTS.);
#12729 = CARTESIAN_POINT('',(-16.02825403743,14.121745962565));
#12730 = CARTESIAN_POINT('',(-16.02825403743,-14.12174596256));
#12731 = ( GEOMETRIC_REPRESENTATION_CONTEXT(2) 
PARAMETRIC_REPRESENTATION_CONTEXT() REPRESENTATION_CONTEXT('2D SPACE',''
  ) );
#12732 = PCURVE('',#12270,#12733);
#12733 = DEFINITIONAL_REPRESENTATION('',(#12734),#12737);
#12734 = B_SPLINE_CURVE_WITH_KNOTS('',1,(#12735,#12736),.UNSPECIFIED.,
  .F.,.F.,(2,2),(0.,1.),.PIECEWISE_BEZIER_KNOTS.);
#12735 = CARTESIAN_POINT('',(14.054106580303,4.838709677419E-02));
#12736 = CARTESIAN_POINT('',(-14.0541065803,4.838709677419E-02));
#12737 = ( GEOMETRIC_REPRESENTATION_CONTEXT(2) 
PARAMETRIC_REPRESENTATION_CONTEXT() REPRESENTATION_CONTEXT('2D SPACE',''
  ) );
#12738 = ORIENTED_EDGE('',*,*,#12351,.T.);
#12739 = ORIENTED_EDGE('',*,*,#11499,.T.);
#12740 = ORIENTED_EDGE('',*,*,#11552,.T.);
#12741 = ORIENTED_EDGE('',*,*,#11600,.T.);
#12742 = ORIENTED_EDGE('',*,*,#11648,.T.);
#12743 = ORIENTED_EDGE('',*,*,#11674,.T.);
#12744 = ORIENTED_EDGE('',*,*,#11754,.T.);
#12745 = ORIENTED_EDGE('',*,*,#12746,.T.);
#12746 = EDGE_CURVE('',#11728,#11898,#12747,.T.);
#12747 = SURFACE_CURVE('',#12748,(#12751,#12757),.PCURVE_S1.);
#12748 = B_SPLINE_CURVE_WITH_KNOTS('',1,(#12749,#12750),.UNSPECIFIED.,
  .F.,.F.,(2,2),(0.,1.),.PIECEWISE_BEZIER_KNOTS.);
#12749 = CARTESIAN_POINT('',(16.028254037435,-5.076745962565,2.1105));
#12750 = CARTESIAN_POINT('',(16.028254037435,23.166745962565,2.1105));
#12751 = PCURVE('',#11513,#12752);
#12752 = DEFINITIONAL_REPRESENTATION('',(#12753),#12756);
#12753 = B_SPLINE_CURVE_WITH_KNOTS('',1,(#12754,#12755),.UNSPECIFIED.,
  .F.,.F.,(2,2),(0.,1.),.PIECEWISE_BEZIER_KNOTS.);
#12754 = CARTESIAN_POINT('',(16.028254037435,-14.12174596256));
#12755 = CARTESIAN_POINT('',(16.028254037435,14.121745962565));
#12756 = ( GEOMETRIC_REPRESENTATION_CONTEXT(2) 
PARAMETRIC_REPRESENTATION_CONTEXT() REPRESENTATION_CONTEXT('2D SPACE',''
  ) );
#12757 = PCURVE('',#11743,#12758);
#12758 = DEFINITIONAL_REPRESENTATION('',(#12759),#12762);
#12759 = B_SPLINE_CURVE_WITH_KNOTS('',1,(#12760,#12761),.UNSPECIFIED.,
  .F.,.F.,(2,2),(0.,1.),.PIECEWISE_BEZIER_KNOTS.);
#12760 = CARTESIAN_POINT('',(14.054106580303,4.838709677419E-02));
#12761 = CARTESIAN_POINT('',(-14.0541065803,4.838709677419E-02));
#12762 = ( GEOMETRIC_REPRESENTATION_CONTEXT(2) 
PARAMETRIC_REPRESENTATION_CONTEXT() REPRESENTATION_CONTEXT('2D SPACE',''
  ) );
#12763 = ORIENTED_EDGE('',*,*,#11897,.T.);
#12764 = ORIENTED_EDGE('',*,*,#11985,.T.);
#12765 = ORIENTED_EDGE('',*,*,#12033,.T.);
#12766 = ORIENTED_EDGE('',*,*,#12081,.T.);
#12767 = ADVANCED_FACE('',(#12768),#11743,.F.);
#12768 = FACE_BOUND('',#12769,.F.);
#12769 = EDGE_LOOP('',(#12770,#12771,#12772,#12792));
#12770 = ORIENTED_EDGE('',*,*,#12746,.F.);
#12771 = ORIENTED_EDGE('',*,*,#11727,.T.);
#12772 = ORIENTED_EDGE('',*,*,#12773,.T.);
#12773 = EDGE_CURVE('',#11730,#11918,#12774,.T.);
#12774 = SURFACE_CURVE('',#12775,(#12779,#12785),.PCURVE_S1.);
#12775 = LINE('',#12776,#12777);
#12776 = CARTESIAN_POINT('',(16.08,9.045,8.04));
#12777 = VECTOR('',#12778,1.);
#12778 = DIRECTION('',(0.,1.,0.));
#12779 = PCURVE('',#11743,#12780);
#12780 = DEFINITIONAL_REPRESENTATION('',(#12781),#12784);
#12781 = B_SPLINE_CURVE_WITH_KNOTS('',1,(#12782,#12783),.UNSPECIFIED.,
  .F.,.F.,(2,2),(-14.07,14.07),.PIECEWISE_BEZIER_KNOTS.);
#12782 = CARTESIAN_POINT('',(14.054106580303,1.));
#12783 = CARTESIAN_POINT('',(-14.0541065803,1.));
#12784 = ( GEOMETRIC_REPRESENTATION_CONTEXT(2) 
PARAMETRIC_REPRESENTATION_CONTEXT() REPRESENTATION_CONTEXT('2D SPACE',''
  ) );
#12785 = PCURVE('',#11807,#12786);
#12786 = DEFINITIONAL_REPRESENTATION('',(#12787),#12791);
#12787 = LINE('',#12788,#12789);
#12788 = CARTESIAN_POINT('',(14.06103536067,0.50217983431));
#12789 = VECTOR('',#12790,1.);
#12790 = DIRECTION('',(0.999362854348,3.569153051241E-02));
#12791 = ( GEOMETRIC_REPRESENTATION_CONTEXT(2) 
PARAMETRIC_REPRESENTATION_CONTEXT() REPRESENTATION_CONTEXT('2D SPACE',''
  ) );
#12792 = ORIENTED_EDGE('',*,*,#11917,.F.);
#12793 = ADVANCED_FACE('',(#12794),#11807,.F.);
#12794 = FACE_BOUND('',#12795,.F.);
#12795 = EDGE_LOOP('',(#12796,#12797,#12798,#12799));
#12796 = ORIENTED_EDGE('',*,*,#12773,.F.);
#12797 = ORIENTED_EDGE('',*,*,#11794,.T.);
#12798 = ORIENTED_EDGE('',*,*,#11844,.T.);
#12799 = ORIENTED_EDGE('',*,*,#11937,.F.);
#12800 = ADVANCED_FACE('',(#12801),#12270,.F.);
#12801 = FACE_BOUND('',#12802,.F.);
#12802 = EDGE_LOOP('',(#12803,#12804,#12805,#12806));
#12803 = ORIENTED_EDGE('',*,*,#12371,.F.);
#12804 = ORIENTED_EDGE('',*,*,#12721,.F.);
#12805 = ORIENTED_EDGE('',*,*,#12256,.T.);
#12806 = ORIENTED_EDGE('',*,*,#12807,.F.);
#12807 = EDGE_CURVE('',#12372,#12230,#12808,.T.);
#12808 = SURFACE_CURVE('',#12809,(#12813,#12819),.PCURVE_S1.);
#12809 = LINE('',#12810,#12811);
#12810 = CARTESIAN_POINT('',(-16.08,9.045,8.04));
#12811 = VECTOR('',#12812,1.);
#12812 = DIRECTION('',(0.,1.,0.));
#12813 = PCURVE('',#12270,#12814);
#12814 = DEFINITIONAL_REPRESENTATION('',(#12815),#12818);
#12815 = B_SPLINE_CURVE_WITH_KNOTS('',1,(#12816,#12817),.UNSPECIFIED.,
  .F.,.F.,(2,2),(-14.07,14.07),.PIECEWISE_BEZIER_KNOTS.);
#12816 = CARTESIAN_POINT('',(-14.0541065803,1.));
#12817 = CARTESIAN_POINT('',(14.054106580303,1.));
#12818 = ( GEOMETRIC_REPRESENTATION_CONTEXT(2) 
PARAMETRIC_REPRESENTATION_CONTEXT() REPRESENTATION_CONTEXT('2D SPACE',''
  ) );
#12819 = PCURVE('',#12244,#12820);
#12820 = DEFINITIONAL_REPRESENTATION('',(#12821),#12825);
#12821 = LINE('',#12822,#12823);
#12822 = CARTESIAN_POINT('',(14.096905348835,-0.50217983431));
#12823 = VECTOR('',#12824,1.);
#12824 = DIRECTION('',(0.999362854348,3.569153051241E-02));
#12825 = ( GEOMETRIC_REPRESENTATION_CONTEXT(2) 
PARAMETRIC_REPRESENTATION_CONTEXT() REPRESENTATION_CONTEXT('2D SPACE',''
  ) );
#12826 = ADVANCED_FACE('',(#12827),#12244,.F.);
#12827 = FACE_BOUND('',#12828,.F.);
#12828 = EDGE_LOOP('',(#12829,#12830,#12831,#12832));
#12829 = ORIENTED_EDGE('',*,*,#12324,.F.);
#12830 = ORIENTED_EDGE('',*,*,#12391,.T.);
#12831 = ORIENTED_EDGE('',*,*,#12807,.T.);
#12832 = ORIENTED_EDGE('',*,*,#12229,.F.);
#12833 = ADVANCED_FACE('',(#12834,#12837),#12449,.F.);
#12834 = FACE_BOUND('',#12835,.F.);
#12835 = EDGE_LOOP('',(#12836));
#12836 = ORIENTED_EDGE('',*,*,#12435,.T.);
#12837 = FACE_BOUND('',#12838,.F.);
#12838 = EDGE_LOOP('',(#12839));
#12839 = ORIENTED_EDGE('',*,*,#12840,.F.);
#12840 = EDGE_CURVE('',#12841,#12841,#12843,.T.);
#12841 = VERTEX_POINT('',#12842);
#12842 = CARTESIAN_POINT('',(23.225506148324,54.46095,11.055));
#12843 = SURFACE_CURVE('',#12844,(#12849,#12856),.PCURVE_S1.);
#12844 = CIRCLE('',#12845,1.457206148324);
#12845 = AXIS2_PLACEMENT_3D('',#12846,#12847,#12848);
#12846 = CARTESIAN_POINT('',(21.7683,54.46095,11.055));
#12847 = DIRECTION('',(0.,0.,1.));
#12848 = DIRECTION('',(1.,0.,-0.));
#12849 = PCURVE('',#12449,#12850);
#12850 = DEFINITIONAL_REPRESENTATION('',(#12851),#12855);
#12851 = CIRCLE('',#12852,1.457206148324);
#12852 = AXIS2_PLACEMENT_2D('',#12853,#12854);
#12853 = CARTESIAN_POINT('',(0.,0.));
#12854 = DIRECTION('',(1.,0.));
#12855 = ( GEOMETRIC_REPRESENTATION_CONTEXT(2) 
PARAMETRIC_REPRESENTATION_CONTEXT() REPRESENTATION_CONTEXT('2D SPACE',''
  ) );
#12856 = PCURVE('',#12857,#12862);
#12857 = CONICAL_SURFACE('',#12858,1.417739640151,4.363323129986E-03);
#12858 = AXIS2_PLACEMENT_3D('',#12859,#12860,#12861);
#12859 = CARTESIAN_POINT('',(21.7683,54.46095,2.01));
#12860 = DIRECTION('',(0.,0.,1.));
#12861 = DIRECTION('',(1.,0.,0.));
#12862 = DEFINITIONAL_REPRESENTATION('',(#12863),#12866);
#12863 = B_SPLINE_CURVE_WITH_KNOTS('',1,(#12864,#12865),.UNSPECIFIED.,
  .F.,.F.,(2,2),(0.,6.28318530718),.PIECEWISE_BEZIER_KNOTS.);
#12864 = CARTESIAN_POINT('',(0.,9.045));
#12865 = CARTESIAN_POINT('',(6.28318530718,9.045));
#12866 = ( GEOMETRIC_REPRESENTATION_CONTEXT(2) 
PARAMETRIC_REPRESENTATION_CONTEXT() REPRESENTATION_CONTEXT('2D SPACE',''
  ) );
#12867 = ADVANCED_FACE('',(#12868),#12486,.T.);
#12868 = FACE_BOUND('',#12869,.T.);
#12869 = EDGE_LOOP('',(#12870,#12871,#12892,#12918));
#12870 = ORIENTED_EDGE('',*,*,#12469,.F.);
#12871 = ORIENTED_EDGE('',*,*,#12872,.F.);
#12872 = EDGE_CURVE('',#12873,#12470,#12875,.T.);
#12873 = VERTEX_POINT('',#12874);
#12874 = CARTESIAN_POINT('',(-18.69103069499,-45.225,3.216));
#12875 = SEAM_CURVE('',#12876,(#12880,#12886),.PCURVE_S1.);
#12876 = LINE('',#12877,#12878);
#12877 = CARTESIAN_POINT('',(-18.69190772851,-45.225,3.015));
#12878 = VECTOR('',#12879,1.);
#12879 = DIRECTION('',(4.363309284747E-03,-1.068702549851E-18,
    0.999990480721));
#12880 = PCURVE('',#12486,#12881);
#12881 = DEFINITIONAL_REPRESENTATION('',(#12882),#12885);
#12882 = B_SPLINE_CURVE_WITH_KNOTS('',1,(#12883,#12884),.UNSPECIFIED.,
  .F.,.F.,(2,2),(0.201001913393,11.256107150027),
  .PIECEWISE_BEZIER_KNOTS.);
#12883 = CARTESIAN_POINT('',(6.28318530718,0.201));
#12884 = CARTESIAN_POINT('',(6.28318530718,11.256));
#12885 = ( GEOMETRIC_REPRESENTATION_CONTEXT(2) 
PARAMETRIC_REPRESENTATION_CONTEXT() REPRESENTATION_CONTEXT('2D SPACE',''
  ) );
#12886 = PCURVE('',#12486,#12887);
#12887 = DEFINITIONAL_REPRESENTATION('',(#12888),#12891);
#12888 = B_SPLINE_CURVE_WITH_KNOTS('',1,(#12889,#12890),.UNSPECIFIED.,
  .F.,.F.,(2,2),(0.201001913393,11.256107150027),
  .PIECEWISE_BEZIER_KNOTS.);
#12889 = CARTESIAN_POINT('',(0.,0.201));
#12890 = CARTESIAN_POINT('',(0.,11.256));
#12891 = ( GEOMETRIC_REPRESENTATION_CONTEXT(2) 
PARAMETRIC_REPRESENTATION_CONTEXT() REPRESENTATION_CONTEXT('2D SPACE',''
  ) );
#12892 = ORIENTED_EDGE('',*,*,#12893,.T.);
#12893 = EDGE_CURVE('',#12873,#12873,#12894,.T.);
#12894 = SURFACE_CURVE('',#12895,(#12900,#12906),.PCURVE_S1.);
#12895 = CIRCLE('',#12896,1.408969305001);
#12896 = AXIS2_PLACEMENT_3D('',#12897,#12898,#12899);
#12897 = CARTESIAN_POINT('',(-20.1,-45.225,3.216));
#12898 = DIRECTION('',(0.,0.,1.));
#12899 = DIRECTION('',(1.,0.,-0.));
#12900 = PCURVE('',#12486,#12901);
#12901 = DEFINITIONAL_REPRESENTATION('',(#12902),#12905);
#12902 = B_SPLINE_CURVE_WITH_KNOTS('',1,(#12903,#12904),.UNSPECIFIED.,
  .F.,.F.,(2,2),(0.,6.28318530718),.PIECEWISE_BEZIER_KNOTS.);
#12903 = CARTESIAN_POINT('',(0.,0.201));
#12904 = CARTESIAN_POINT('',(6.28318530718,0.201));
#12905 = ( GEOMETRIC_REPRESENTATION_CONTEXT(2) 
PARAMETRIC_REPRESENTATION_CONTEXT() REPRESENTATION_CONTEXT('2D SPACE',''
  ) );
#12906 = PCURVE('',#12907,#12912);
#12907 = PLANE('',#12908);
#12908 = AXIS2_PLACEMENT_3D('',#12909,#12910,#12911);
#12909 = CARTESIAN_POINT('',(-20.1,-45.225,3.216));
#12910 = DIRECTION('',(0.,0.,1.));
#12911 = DIRECTION('',(1.,0.,0.));
#12912 = DEFINITIONAL_REPRESENTATION('',(#12913),#12917);
#12913 = CIRCLE('',#12914,1.408969305001);
#12914 = AXIS2_PLACEMENT_2D('',#12915,#12916);
#12915 = CARTESIAN_POINT('',(0.,0.));
#12916 = DIRECTION('',(1.,0.));
#12917 = ( GEOMETRIC_REPRESENTATION_CONTEXT(2) 
PARAMETRIC_REPRESENTATION_CONTEXT() REPRESENTATION_CONTEXT('2D SPACE',''
  ) );
#12918 = ORIENTED_EDGE('',*,*,#12872,.T.);
#12919 = ADVANCED_FACE('',(#12920),#12520,.T.);
#12920 = FACE_BOUND('',#12921,.T.);
#12921 = EDGE_LOOP('',(#12922,#12923,#12944,#12970));
#12922 = ORIENTED_EDGE('',*,*,#12503,.F.);
#12923 = ORIENTED_EDGE('',*,*,#12924,.F.);
#12924 = EDGE_CURVE('',#12925,#12504,#12927,.T.);
#12925 = VERTEX_POINT('',#12926);
#12926 = CARTESIAN_POINT('',(-20.79184744091,-16.0197,4.5225));
#12927 = SEAM_CURVE('',#12928,(#12932,#12938),.PCURVE_S1.);
#12928 = LINE('',#12929,#12930);
#12929 = CARTESIAN_POINT('',(-20.79184744091,-16.0197,4.5225));
#12930 = VECTOR('',#12931,1.);
#12931 = DIRECTION('',(4.363309284747E-03,-1.068702549851E-18,
    0.999990480721));
#12932 = PCURVE('',#12520,#12933);
#12933 = DEFINITIONAL_REPRESENTATION('',(#12934),#12937);
#12934 = B_SPLINE_CURVE_WITH_KNOTS('',1,(#12935,#12936),.UNSPECIFIED.,
  .F.,.F.,(2,2),(0.,6.532562185284),.PIECEWISE_BEZIER_KNOTS.);
#12935 = CARTESIAN_POINT('',(6.28318530718,0.));
#12936 = CARTESIAN_POINT('',(6.28318530718,6.5325));
#12937 = ( GEOMETRIC_REPRESENTATION_CONTEXT(2) 
PARAMETRIC_REPRESENTATION_CONTEXT() REPRESENTATION_CONTEXT('2D SPACE',''
  ) );
#12938 = PCURVE('',#12520,#12939);
#12939 = DEFINITIONAL_REPRESENTATION('',(#12940),#12943);
#12940 = B_SPLINE_CURVE_WITH_KNOTS('',1,(#12941,#12942),.UNSPECIFIED.,
  .F.,.F.,(2,2),(0.,6.532562185284),.PIECEWISE_BEZIER_KNOTS.);
#12941 = CARTESIAN_POINT('',(0.,0.));
#12942 = CARTESIAN_POINT('',(0.,6.5325));
#12943 = ( GEOMETRIC_REPRESENTATION_CONTEXT(2) 
PARAMETRIC_REPRESENTATION_CONTEXT() REPRESENTATION_CONTEXT('2D SPACE',''
  ) );
#12944 = ORIENTED_EDGE('',*,*,#12945,.T.);
#12945 = EDGE_CURVE('',#12925,#12925,#12946,.T.);
#12946 = SURFACE_CURVE('',#12947,(#12952,#12958),.PCURVE_S1.);
#12947 = CIRCLE('',#12948,0.976452559088);
#12948 = AXIS2_PLACEMENT_3D('',#12949,#12950,#12951);
#12949 = CARTESIAN_POINT('',(-21.7683,-16.0197,4.5225));
#12950 = DIRECTION('',(0.,0.,1.));
#12951 = DIRECTION('',(1.,0.,0.));
#12952 = PCURVE('',#12520,#12953);
#12953 = DEFINITIONAL_REPRESENTATION('',(#12954),#12957);
#12954 = B_SPLINE_CURVE_WITH_KNOTS('',1,(#12955,#12956),.UNSPECIFIED.,
  .F.,.F.,(2,2),(0.,6.28318530718),.PIECEWISE_BEZIER_KNOTS.);
#12955 = CARTESIAN_POINT('',(0.,0.));
#12956 = CARTESIAN_POINT('',(6.28318530718,0.));
#12957 = ( GEOMETRIC_REPRESENTATION_CONTEXT(2) 
PARAMETRIC_REPRESENTATION_CONTEXT() REPRESENTATION_CONTEXT('2D SPACE',''
  ) );
#12958 = PCURVE('',#12959,#12964);
#12959 = PLANE('',#12960);
#12960 = AXIS2_PLACEMENT_3D('',#12961,#12962,#12963);
#12961 = CARTESIAN_POINT('',(-21.7683,-16.0197,4.5225));
#12962 = DIRECTION('',(0.,0.,1.));
#12963 = DIRECTION('',(1.,0.,0.));
#12964 = DEFINITIONAL_REPRESENTATION('',(#12965),#12969);
#12965 = CIRCLE('',#12966,0.976452559088);
#12966 = AXIS2_PLACEMENT_2D('',#12967,#12968);
#12967 = CARTESIAN_POINT('',(0.,0.));
#12968 = DIRECTION('',(1.,0.));
#12969 = ( GEOMETRIC_REPRESENTATION_CONTEXT(2) 
PARAMETRIC_REPRESENTATION_CONTEXT() REPRESENTATION_CONTEXT('2D SPACE',''
  ) );
#12970 = ORIENTED_EDGE('',*,*,#12924,.T.);
#12971 = ADVANCED_FACE('',(#12972),#12554,.T.);
#12972 = FACE_BOUND('',#12973,.T.);
#12973 = EDGE_LOOP('',(#12974,#12975,#12996,#13022));
#12974 = ORIENTED_EDGE('',*,*,#12537,.F.);
#12975 = ORIENTED_EDGE('',*,*,#12976,.F.);
#12976 = EDGE_CURVE('',#12977,#12538,#12979,.T.);
#12977 = VERTEX_POINT('',#12978);
#12978 = CARTESIAN_POINT('',(21.508969305001,-45.225,3.216));
#12979 = SEAM_CURVE('',#12980,(#12984,#12990),.PCURVE_S1.);
#12980 = LINE('',#12981,#12982);
#12981 = CARTESIAN_POINT('',(21.508092271486,-45.225,3.015));
#12982 = VECTOR('',#12983,1.);
#12983 = DIRECTION('',(4.363309284747E-03,-1.068702549851E-18,
    0.999990480721));
#12984 = PCURVE('',#12554,#12985);
#12985 = DEFINITIONAL_REPRESENTATION('',(#12986),#12989);
#12986 = B_SPLINE_CURVE_WITH_KNOTS('',1,(#12987,#12988),.UNSPECIFIED.,
  .F.,.F.,(2,2),(0.201001913393,11.256107150027),
  .PIECEWISE_BEZIER_KNOTS.);
#12987 = CARTESIAN_POINT('',(6.28318530718,0.201));
#12988 = CARTESIAN_POINT('',(6.28318530718,11.256));
#12989 = ( GEOMETRIC_REPRESENTATION_CONTEXT(2) 
PARAMETRIC_REPRESENTATION_CONTEXT() REPRESENTATION_CONTEXT('2D SPACE',''
  ) );
#12990 = PCURVE('',#12554,#12991);
#12991 = DEFINITIONAL_REPRESENTATION('',(#12992),#12995);
#12992 = B_SPLINE_CURVE_WITH_KNOTS('',1,(#12993,#12994),.UNSPECIFIED.,
  .F.,.F.,(2,2),(0.201001913393,11.256107150027),
  .PIECEWISE_BEZIER_KNOTS.);
#12993 = CARTESIAN_POINT('',(0.,0.201));
#12994 = CARTESIAN_POINT('',(0.,11.256));
#12995 = ( GEOMETRIC_REPRESENTATION_CONTEXT(2) 
PARAMETRIC_REPRESENTATION_CONTEXT() REPRESENTATION_CONTEXT('2D SPACE',''
  ) );
#12996 = ORIENTED_EDGE('',*,*,#12997,.T.);
#12997 = EDGE_CURVE('',#12977,#12977,#12998,.T.);
#12998 = SURFACE_CURVE('',#12999,(#13004,#13010),.PCURVE_S1.);
#12999 = CIRCLE('',#13000,1.408969305001);
#13000 = AXIS2_PLACEMENT_3D('',#13001,#13002,#13003);
#13001 = CARTESIAN_POINT('',(20.1,-45.225,3.216));
#13002 = DIRECTION('',(0.,0.,1.));
#13003 = DIRECTION('',(1.,0.,-0.));
#13004 = PCURVE('',#12554,#13005);
#13005 = DEFINITIONAL_REPRESENTATION('',(#13006),#13009);
#13006 = B_SPLINE_CURVE_WITH_KNOTS('',1,(#13007,#13008),.UNSPECIFIED.,
  .F.,.F.,(2,2),(0.,6.28318530718),.PIECEWISE_BEZIER_KNOTS.);
#13007 = CARTESIAN_POINT('',(0.,0.201));
#13008 = CARTESIAN_POINT('',(6.28318530718,0.201));
#13009 = ( GEOMETRIC_REPRESENTATION_CONTEXT(2) 
PARAMETRIC_REPRESENTATION_CONTEXT() REPRESENTATION_CONTEXT('2D SPACE',''
  ) );
#13010 = PCURVE('',#13011,#13016);
#13011 = PLANE('',#13012);
#13012 = AXIS2_PLACEMENT_3D('',#13013,#13014,#13015);
#13013 = CARTESIAN_POINT('',(20.1,-45.225,3.216));
#13014 = DIRECTION('',(0.,0.,1.));
#13015 = DIRECTION('',(1.,0.,0.));
#13016 = DEFINITIONAL_REPRESENTATION('',(#13017),#13021);
#13017 = CIRCLE('',#13018,1.408969305001);
#13018 = AXIS2_PLACEMENT_2D('',#13019,#13020);
#13019 = CARTESIAN_POINT('',(0.,0.));
#13020 = DIRECTION('',(1.,0.));
#13021 = ( GEOMETRIC_REPRESENTATION_CONTEXT(2) 
PARAMETRIC_REPRESENTATION_CONTEXT() REPRESENTATION_CONTEXT('2D SPACE',''
  ) );
#13022 = ORIENTED_EDGE('',*,*,#12976,.T.);
#13023 = ADVANCED_FACE('',(#13024),#12588,.T.);
#13024 = FACE_BOUND('',#13025,.T.);
#13025 = EDGE_LOOP('',(#13026,#13027,#13048,#13074));
#13026 = ORIENTED_EDGE('',*,*,#12571,.F.);
#13027 = ORIENTED_EDGE('',*,*,#13028,.F.);
#13028 = EDGE_CURVE('',#13029,#12572,#13031,.T.);
#13029 = VERTEX_POINT('',#13030);
#13030 = CARTESIAN_POINT('',(22.744752559088,-16.0197,4.5225));
#13031 = SEAM_CURVE('',#13032,(#13036,#13042),.PCURVE_S1.);
#13032 = LINE('',#13033,#13034);
#13033 = CARTESIAN_POINT('',(22.744752559088,-16.0197,4.5225));
#13034 = VECTOR('',#13035,1.);
#13035 = DIRECTION('',(4.363309284747E-03,-1.068702549851E-18,
    0.999990480721));
#13036 = PCURVE('',#12588,#13037);
#13037 = DEFINITIONAL_REPRESENTATION('',(#13038),#13041);
#13038 = B_SPLINE_CURVE_WITH_KNOTS('',1,(#13039,#13040),.UNSPECIFIED.,
  .F.,.F.,(2,2),(0.,6.532562185284),.PIECEWISE_BEZIER_KNOTS.);
#13039 = CARTESIAN_POINT('',(6.28318530718,0.));
#13040 = CARTESIAN_POINT('',(6.28318530718,6.5325));
#13041 = ( GEOMETRIC_REPRESENTATION_CONTEXT(2) 
PARAMETRIC_REPRESENTATION_CONTEXT() REPRESENTATION_CONTEXT('2D SPACE',''
  ) );
#13042 = PCURVE('',#12588,#13043);
#13043 = DEFINITIONAL_REPRESENTATION('',(#13044),#13047);
#13044 = B_SPLINE_CURVE_WITH_KNOTS('',1,(#13045,#13046),.UNSPECIFIED.,
  .F.,.F.,(2,2),(0.,6.532562185284),.PIECEWISE_BEZIER_KNOTS.);
#13045 = CARTESIAN_POINT('',(0.,0.));
#13046 = CARTESIAN_POINT('',(0.,6.5325));
#13047 = ( GEOMETRIC_REPRESENTATION_CONTEXT(2) 
PARAMETRIC_REPRESENTATION_CONTEXT() REPRESENTATION_CONTEXT('2D SPACE',''
  ) );
#13048 = ORIENTED_EDGE('',*,*,#13049,.T.);
#13049 = EDGE_CURVE('',#13029,#13029,#13050,.T.);
#13050 = SURFACE_CURVE('',#13051,(#13056,#13062),.PCURVE_S1.);
#13051 = CIRCLE('',#13052,0.976452559088);
#13052 = AXIS2_PLACEMENT_3D('',#13053,#13054,#13055);
#13053 = CARTESIAN_POINT('',(21.7683,-16.0197,4.5225));
#13054 = DIRECTION('',(0.,0.,1.));
#13055 = DIRECTION('',(1.,0.,0.));
#13056 = PCURVE('',#12588,#13057);
#13057 = DEFINITIONAL_REPRESENTATION('',(#13058),#13061);
#13058 = B_SPLINE_CURVE_WITH_KNOTS('',1,(#13059,#13060),.UNSPECIFIED.,
  .F.,.F.,(2,2),(0.,6.28318530718),.PIECEWISE_BEZIER_KNOTS.);
#13059 = CARTESIAN_POINT('',(0.,0.));
#13060 = CARTESIAN_POINT('',(6.28318530718,0.));
#13061 = ( GEOMETRIC_REPRESENTATION_CONTEXT(2) 
PARAMETRIC_REPRESENTATION_CONTEXT() REPRESENTATION_CONTEXT('2D SPACE',''
  ) );
#13062 = PCURVE('',#13063,#13068);
#13063 = PLANE('',#13064);
#13064 = AXIS2_PLACEMENT_3D('',#13065,#13066,#13067);
#13065 = CARTESIAN_POINT('',(21.7683,-16.0197,4.5225));
#13066 = DIRECTION('',(0.,0.,1.));
#13067 = DIRECTION('',(1.,0.,0.));
#13068 = DEFINITIONAL_REPRESENTATION('',(#13069),#13073);
#13069 = CIRCLE('',#13070,0.976452559088);
#13070 = AXIS2_PLACEMENT_2D('',#13071,#13072);
#13071 = CARTESIAN_POINT('',(0.,0.));
#13072 = DIRECTION('',(1.,0.));
#13073 = ( GEOMETRIC_REPRESENTATION_CONTEXT(2) 
PARAMETRIC_REPRESENTATION_CONTEXT() REPRESENTATION_CONTEXT('2D SPACE',''
  ) );
#13074 = ORIENTED_EDGE('',*,*,#13028,.T.);
#13075 = ADVANCED_FACE('',(#13076),#12622,.T.);
#13076 = FACE_BOUND('',#13077,.T.);
#13077 = EDGE_LOOP('',(#13078,#13079,#13100,#13126));
#13078 = ORIENTED_EDGE('',*,*,#12605,.F.);
#13079 = ORIENTED_EDGE('',*,*,#13080,.F.);
#13080 = EDGE_CURVE('',#13081,#12606,#13083,.T.);
#13081 = VERTEX_POINT('',#13082);
#13082 = CARTESIAN_POINT('',(-11.07477710576,-40.2,2.5125));
#13083 = SEAM_CURVE('',#13084,(#13088,#13094),.PCURVE_S1.);
#13084 = LINE('',#13085,#13086);
#13085 = CARTESIAN_POINT('',(-11.07477710576,-40.2,2.5125));
#13086 = VECTOR('',#13087,1.);
#13087 = DIRECTION('',(4.363309284747E-03,-1.068702549851E-18,
    0.999990480721));
#13088 = PCURVE('',#12622,#13089);
#13089 = DEFINITIONAL_REPRESENTATION('',(#13090),#13093);
#13090 = B_SPLINE_CURVE_WITH_KNOTS('',1,(#13091,#13092),.UNSPECIFIED.,
  .F.,.F.,(2,2),(0.,4.52254305135),.PIECEWISE_BEZIER_KNOTS.);
#13091 = CARTESIAN_POINT('',(6.28318530718,0.));
#13092 = CARTESIAN_POINT('',(6.28318530718,4.5225));
#13093 = ( GEOMETRIC_REPRESENTATION_CONTEXT(2) 
PARAMETRIC_REPRESENTATION_CONTEXT() REPRESENTATION_CONTEXT('2D SPACE',''
  ) );
#13094 = PCURVE('',#12622,#13095);
#13095 = DEFINITIONAL_REPRESENTATION('',(#13096),#13099);
#13096 = B_SPLINE_CURVE_WITH_KNOTS('',1,(#13097,#13098),.UNSPECIFIED.,
  .F.,.F.,(2,2),(0.,4.52254305135),.PIECEWISE_BEZIER_KNOTS.);
#13097 = CARTESIAN_POINT('',(0.,0.));
#13098 = CARTESIAN_POINT('',(0.,4.5225));
#13099 = ( GEOMETRIC_REPRESENTATION_CONTEXT(2) 
PARAMETRIC_REPRESENTATION_CONTEXT() REPRESENTATION_CONTEXT('2D SPACE',''
  ) );
#13100 = ORIENTED_EDGE('',*,*,#13101,.T.);
#13101 = EDGE_CURVE('',#13081,#13081,#13102,.T.);
#13102 = SURFACE_CURVE('',#13103,(#13108,#13114),.PCURVE_S1.);
#13103 = CIRCLE('',#13104,0.985222894238);
#13104 = AXIS2_PLACEMENT_3D('',#13105,#13106,#13107);
#13105 = CARTESIAN_POINT('',(-12.06,-40.2,2.5125));
#13106 = DIRECTION('',(0.,0.,1.));
#13107 = DIRECTION('',(1.,0.,0.));
#13108 = PCURVE('',#12622,#13109);
#13109 = DEFINITIONAL_REPRESENTATION('',(#13110),#13113);
#13110 = B_SPLINE_CURVE_WITH_KNOTS('',1,(#13111,#13112),.UNSPECIFIED.,
  .F.,.F.,(2,2),(0.,6.28318530718),.PIECEWISE_BEZIER_KNOTS.);
#13111 = CARTESIAN_POINT('',(0.,0.));
#13112 = CARTESIAN_POINT('',(6.28318530718,0.));
#13113 = ( GEOMETRIC_REPRESENTATION_CONTEXT(2) 
PARAMETRIC_REPRESENTATION_CONTEXT() REPRESENTATION_CONTEXT('2D SPACE',''
  ) );
#13114 = PCURVE('',#13115,#13120);
#13115 = PLANE('',#13116);
#13116 = AXIS2_PLACEMENT_3D('',#13117,#13118,#13119);
#13117 = CARTESIAN_POINT('',(-12.06,-40.2,2.5125));
#13118 = DIRECTION('',(0.,0.,1.));
#13119 = DIRECTION('',(1.,0.,0.));
#13120 = DEFINITIONAL_REPRESENTATION('',(#13121),#13125);
#13121 = CIRCLE('',#13122,0.985222894238);
#13122 = AXIS2_PLACEMENT_2D('',#13123,#13124);
#13123 = CARTESIAN_POINT('',(0.,0.));
#13124 = DIRECTION('',(1.,0.));
#13125 = ( GEOMETRIC_REPRESENTATION_CONTEXT(2) 
PARAMETRIC_REPRESENTATION_CONTEXT() REPRESENTATION_CONTEXT('2D SPACE',''
  ) );
#13126 = ORIENTED_EDGE('',*,*,#13080,.T.);
#13127 = ADVANCED_FACE('',(#13128),#12663,.T.);
#13128 = FACE_BOUND('',#13129,.T.);
#13129 = EDGE_LOOP('',(#13130,#13131,#13152,#13178));
#13130 = ORIENTED_EDGE('',*,*,#12646,.F.);
#13131 = ORIENTED_EDGE('',*,*,#13132,.F.);
#13132 = EDGE_CURVE('',#13133,#12647,#13135,.T.);
#13133 = VERTEX_POINT('',#13134);
#13134 = CARTESIAN_POINT('',(13.045222894238,-40.2,2.5125));
#13135 = SEAM_CURVE('',#13136,(#13140,#13146),.PCURVE_S1.);
#13136 = LINE('',#13137,#13138);
#13137 = CARTESIAN_POINT('',(13.045222894238,-40.2,2.5125));
#13138 = VECTOR('',#13139,1.);
#13139 = DIRECTION('',(4.363309284747E-03,-1.068702549851E-18,
    0.999990480721));
#13140 = PCURVE('',#12663,#13141);
#13141 = DEFINITIONAL_REPRESENTATION('',(#13142),#13145);
#13142 = B_SPLINE_CURVE_WITH_KNOTS('',1,(#13143,#13144),.UNSPECIFIED.,
  .F.,.F.,(2,2),(0.,4.52254305135),.PIECEWISE_BEZIER_KNOTS.);
#13143 = CARTESIAN_POINT('',(6.28318530718,0.));
#13144 = CARTESIAN_POINT('',(6.28318530718,4.5225));
#13145 = ( GEOMETRIC_REPRESENTATION_CONTEXT(2) 
PARAMETRIC_REPRESENTATION_CONTEXT() REPRESENTATION_CONTEXT('2D SPACE',''
  ) );
#13146 = PCURVE('',#12663,#13147);
#13147 = DEFINITIONAL_REPRESENTATION('',(#13148),#13151);
#13148 = B_SPLINE_CURVE_WITH_KNOTS('',1,(#13149,#13150),.UNSPECIFIED.,
  .F.,.F.,(2,2),(0.,4.52254305135),.PIECEWISE_BEZIER_KNOTS.);
#13149 = CARTESIAN_POINT('',(0.,0.));
#13150 = CARTESIAN_POINT('',(0.,4.5225));
#13151 = ( GEOMETRIC_REPRESENTATION_CONTEXT(2) 
PARAMETRIC_REPRESENTATION_CONTEXT() REPRESENTATION_CONTEXT('2D SPACE',''
  ) );
#13152 = ORIENTED_EDGE('',*,*,#13153,.T.);
#13153 = EDGE_CURVE('',#13133,#13133,#13154,.T.);
#13154 = SURFACE_CURVE('',#13155,(#13160,#13166),.PCURVE_S1.);
#13155 = CIRCLE('',#13156,0.985222894238);
#13156 = AXIS2_PLACEMENT_3D('',#13157,#13158,#13159);
#13157 = CARTESIAN_POINT('',(12.06,-40.2,2.5125));
#13158 = DIRECTION('',(0.,0.,1.));
#13159 = DIRECTION('',(1.,0.,0.));
#13160 = PCURVE('',#12663,#13161);
#13161 = DEFINITIONAL_REPRESENTATION('',(#13162),#13165);
#13162 = B_SPLINE_CURVE_WITH_KNOTS('',1,(#13163,#13164),.UNSPECIFIED.,
  .F.,.F.,(2,2),(0.,6.28318530718),.PIECEWISE_BEZIER_KNOTS.);
#13163 = CARTESIAN_POINT('',(0.,0.));
#13164 = CARTESIAN_POINT('',(6.28318530718,0.));
#13165 = ( GEOMETRIC_REPRESENTATION_CONTEXT(2) 
PARAMETRIC_REPRESENTATION_CONTEXT() REPRESENTATION_CONTEXT('2D SPACE',''
  ) );
#13166 = PCURVE('',#13167,#13172);
#13167 = PLANE('',#13168);
#13168 = AXIS2_PLACEMENT_3D('',#13169,#13170,#13171);
#13169 = CARTESIAN_POINT('',(12.06,-40.2,2.5125));
#13170 = DIRECTION('',(0.,0.,1.));
#13171 = DIRECTION('',(1.,0.,0.));
#13172 = DEFINITIONAL_REPRESENTATION('',(#13173),#13177);
#13173 = CIRCLE('',#13174,0.985222894238);
#13174 = AXIS2_PLACEMENT_2D('',#13175,#13176);
#13175 = CARTESIAN_POINT('',(0.,0.));
#13176 = DIRECTION('',(1.,0.));
#13177 = ( GEOMETRIC_REPRESENTATION_CONTEXT(2) 
PARAMETRIC_REPRESENTATION_CONTEXT() REPRESENTATION_CONTEXT('2D SPACE',''
  ) );
#13178 = ORIENTED_EDGE('',*,*,#13132,.T.);
#13179 = ADVANCED_FACE('',(#13180),#12704,.T.);
#13180 = FACE_BOUND('',#13181,.T.);
#13181 = EDGE_LOOP('',(#13182,#13183,#13204,#13230));
#13182 = ORIENTED_EDGE('',*,*,#12687,.F.);
#13183 = ORIENTED_EDGE('',*,*,#13184,.F.);
#13184 = EDGE_CURVE('',#13185,#12688,#13187,.T.);
#13185 = VERTEX_POINT('',#13186);
#13186 = CARTESIAN_POINT('',(-20.34968332633,54.46095,2.211));
#13187 = SEAM_CURVE('',#13188,(#13192,#13198),.PCURVE_S1.);
#13188 = LINE('',#13189,#13190);
#13189 = CARTESIAN_POINT('',(-20.35056035984,54.46095,2.01));
#13190 = VECTOR('',#13191,1.);
#13191 = DIRECTION('',(4.363309284747E-03,-1.068702549851E-18,
    0.999990480721));
#13192 = PCURVE('',#12704,#13193);
#13193 = DEFINITIONAL_REPRESENTATION('',(#13194),#13197);
#13194 = B_SPLINE_CURVE_WITH_KNOTS('',1,(#13195,#13196),.UNSPECIFIED.,
  .F.,.F.,(2,2),(0.201001913393,9.045086102701),
  .PIECEWISE_BEZIER_KNOTS.);
#13195 = CARTESIAN_POINT('',(6.28318530718,0.201));
#13196 = CARTESIAN_POINT('',(6.28318530718,9.045));
#13197 = ( GEOMETRIC_REPRESENTATION_CONTEXT(2) 
PARAMETRIC_REPRESENTATION_CONTEXT() REPRESENTATION_CONTEXT('2D SPACE',''
  ) );
#13198 = PCURVE('',#12704,#13199);
#13199 = DEFINITIONAL_REPRESENTATION('',(#13200),#13203);
#13200 = B_SPLINE_CURVE_WITH_KNOTS('',1,(#13201,#13202),.UNSPECIFIED.,
  .F.,.F.,(2,2),(0.201001913393,9.045086102701),
  .PIECEWISE_BEZIER_KNOTS.);
#13201 = CARTESIAN_POINT('',(0.,0.201));
#13202 = CARTESIAN_POINT('',(0.,9.045));
#13203 = ( GEOMETRIC_REPRESENTATION_CONTEXT(2) 
PARAMETRIC_REPRESENTATION_CONTEXT() REPRESENTATION_CONTEXT('2D SPACE',''
  ) );
#13204 = ORIENTED_EDGE('',*,*,#13205,.T.);
#13205 = EDGE_CURVE('',#13185,#13185,#13206,.T.);
#13206 = SURFACE_CURVE('',#13207,(#13212,#13218),.PCURVE_S1.);
#13207 = CIRCLE('',#13208,1.418616673666);
#13208 = AXIS2_PLACEMENT_3D('',#13209,#13210,#13211);
#13209 = CARTESIAN_POINT('',(-21.7683,54.46095,2.211));
#13210 = DIRECTION('',(0.,0.,1.));
#13211 = DIRECTION('',(1.,0.,-0.));
#13212 = PCURVE('',#12704,#13213);
#13213 = DEFINITIONAL_REPRESENTATION('',(#13214),#13217);
#13214 = B_SPLINE_CURVE_WITH_KNOTS('',1,(#13215,#13216),.UNSPECIFIED.,
  .F.,.F.,(2,2),(0.,6.28318530718),.PIECEWISE_BEZIER_KNOTS.);
#13215 = CARTESIAN_POINT('',(0.,0.201));
#13216 = CARTESIAN_POINT('',(6.28318530718,0.201));
#13217 = ( GEOMETRIC_REPRESENTATION_CONTEXT(2) 
PARAMETRIC_REPRESENTATION_CONTEXT() REPRESENTATION_CONTEXT('2D SPACE',''
  ) );
#13218 = PCURVE('',#13219,#13224);
#13219 = PLANE('',#13220);
#13220 = AXIS2_PLACEMENT_3D('',#13221,#13222,#13223);
#13221 = CARTESIAN_POINT('',(-21.7683,54.46095,2.211));
#13222 = DIRECTION('',(0.,0.,1.));
#13223 = DIRECTION('',(1.,0.,0.));
#13224 = DEFINITIONAL_REPRESENTATION('',(#13225),#13229);
#13225 = CIRCLE('',#13226,1.418616673666);
#13226 = AXIS2_PLACEMENT_2D('',#13227,#13228);
#13227 = CARTESIAN_POINT('',(0.,0.));
#13228 = DIRECTION('',(1.,0.));
#13229 = ( GEOMETRIC_REPRESENTATION_CONTEXT(2) 
PARAMETRIC_REPRESENTATION_CONTEXT() REPRESENTATION_CONTEXT('2D SPACE',''
  ) );
#13230 = ORIENTED_EDGE('',*,*,#13184,.T.);
#13231 = ADVANCED_FACE('',(#13232),#12857,.T.);
#13232 = FACE_BOUND('',#13233,.T.);
#13233 = EDGE_LOOP('',(#13234,#13235,#13256,#13282));
#13234 = ORIENTED_EDGE('',*,*,#12840,.F.);
#13235 = ORIENTED_EDGE('',*,*,#13236,.F.);
#13236 = EDGE_CURVE('',#13237,#12841,#13239,.T.);
#13237 = VERTEX_POINT('',#13238);
#13238 = CARTESIAN_POINT('',(23.186916673666,54.46095,2.211));
#13239 = SEAM_CURVE('',#13240,(#13244,#13250),.PCURVE_S1.);
#13240 = LINE('',#13241,#13242);
#13241 = CARTESIAN_POINT('',(23.186039640151,54.46095,2.01));
#13242 = VECTOR('',#13243,1.);
#13243 = DIRECTION('',(4.363309284747E-03,-1.068702549851E-18,
    0.999990480721));
#13244 = PCURVE('',#12857,#13245);
#13245 = DEFINITIONAL_REPRESENTATION('',(#13246),#13249);
#13246 = B_SPLINE_CURVE_WITH_KNOTS('',1,(#13247,#13248),.UNSPECIFIED.,
  .F.,.F.,(2,2),(0.201001913393,9.045086102701),
  .PIECEWISE_BEZIER_KNOTS.);
#13247 = CARTESIAN_POINT('',(6.28318530718,0.201));
#13248 = CARTESIAN_POINT('',(6.28318530718,9.045));
#13249 = ( GEOMETRIC_REPRESENTATION_CONTEXT(2) 
PARAMETRIC_REPRESENTATION_CONTEXT() REPRESENTATION_CONTEXT('2D SPACE',''
  ) );
#13250 = PCURVE('',#12857,#13251);
#13251 = DEFINITIONAL_REPRESENTATION('',(#13252),#13255);
#13252 = B_SPLINE_CURVE_WITH_KNOTS('',1,(#13253,#13254),.UNSPECIFIED.,
  .F.,.F.,(2,2),(0.201001913393,9.045086102701),
  .PIECEWISE_BEZIER_KNOTS.);
#13253 = CARTESIAN_POINT('',(0.,0.201));
#13254 = CARTESIAN_POINT('',(0.,9.045));
#13255 = ( GEOMETRIC_REPRESENTATION_CONTEXT(2) 
PARAMETRIC_REPRESENTATION_CONTEXT() REPRESENTATION_CONTEXT('2D SPACE',''
  ) );
#13256 = ORIENTED_EDGE('',*,*,#13257,.T.);
#13257 = EDGE_CURVE('',#13237,#13237,#13258,.T.);
#13258 = SURFACE_CURVE('',#13259,(#13264,#13270),.PCURVE_S1.);
#13259 = CIRCLE('',#13260,1.418616673666);
#13260 = AXIS2_PLACEMENT_3D('',#13261,#13262,#13263);
#13261 = CARTESIAN_POINT('',(21.7683,54.46095,2.211));
#13262 = DIRECTION('',(0.,0.,1.));
#13263 = DIRECTION('',(1.,0.,-0.));
#13264 = PCURVE('',#12857,#13265);
#13265 = DEFINITIONAL_REPRESENTATION('',(#13266),#13269);
#13266 = B_SPLINE_CURVE_WITH_KNOTS('',1,(#13267,#13268),.UNSPECIFIED.,
  .F.,.F.,(2,2),(0.,6.28318530718),.PIECEWISE_BEZIER_KNOTS.);
#13267 = CARTESIAN_POINT('',(0.,0.201));
#13268 = CARTESIAN_POINT('',(6.28318530718,0.201));
#13269 = ( GEOMETRIC_REPRESENTATION_CONTEXT(2) 
PARAMETRIC_REPRESENTATION_CONTEXT() REPRESENTATION_CONTEXT('2D SPACE',''
  ) );
#13270 = PCURVE('',#13271,#13276);
#13271 = PLANE('',#13272);
#13272 = AXIS2_PLACEMENT_3D('',#13273,#13274,#13275);
#13273 = CARTESIAN_POINT('',(21.7683,54.46095,2.211));
#13274 = DIRECTION('',(0.,0.,1.));
#13275 = DIRECTION('',(1.,0.,0.));
#13276 = DEFINITIONAL_REPRESENTATION('',(#13277),#13281);
#13277 = CIRCLE('',#13278,1.418616673666);
#13278 = AXIS2_PLACEMENT_2D('',#13279,#13280);
#13279 = CARTESIAN_POINT('',(0.,0.));
#13280 = DIRECTION('',(1.,0.));
#13281 = ( GEOMETRIC_REPRESENTATION_CONTEXT(2) 
PARAMETRIC_REPRESENTATION_CONTEXT() REPRESENTATION_CONTEXT('2D SPACE',''
  ) );
#13282 = ORIENTED_EDGE('',*,*,#13236,.T.);
#13283 = ADVANCED_FACE('',(#13284),#12907,.F.);
#13284 = FACE_BOUND('',#13285,.F.);
#13285 = EDGE_LOOP('',(#13286));
#13286 = ORIENTED_EDGE('',*,*,#12893,.T.);
#13287 = ADVANCED_FACE('',(#13288),#12959,.F.);
#13288 = FACE_BOUND('',#13289,.T.);
#13289 = EDGE_LOOP('',(#13290));
#13290 = ORIENTED_EDGE('',*,*,#12945,.F.);
#13291 = ADVANCED_FACE('',(#13292),#13011,.F.);
#13292 = FACE_BOUND('',#13293,.F.);
#13293 = EDGE_LOOP('',(#13294));
#13294 = ORIENTED_EDGE('',*,*,#12997,.T.);
#13295 = ADVANCED_FACE('',(#13296),#13063,.F.);
#13296 = FACE_BOUND('',#13297,.T.);
#13297 = EDGE_LOOP('',(#13298));
#13298 = ORIENTED_EDGE('',*,*,#13049,.F.);
#13299 = ADVANCED_FACE('',(#13300),#13115,.F.);
#13300 = FACE_BOUND('',#13301,.T.);
#13301 = EDGE_LOOP('',(#13302));
#13302 = ORIENTED_EDGE('',*,*,#13101,.F.);
#13303 = ADVANCED_FACE('',(#13304),#13167,.F.);
#13304 = FACE_BOUND('',#13305,.T.);
#13305 = EDGE_LOOP('',(#13306));
#13306 = ORIENTED_EDGE('',*,*,#13153,.F.);
#13307 = ADVANCED_FACE('',(#13308),#13219,.F.);
#13308 = FACE_BOUND('',#13309,.F.);
#13309 = EDGE_LOOP('',(#13310));
#13310 = ORIENTED_EDGE('',*,*,#13205,.T.);
#13311 = ADVANCED_FACE('',(#13312),#13271,.F.);
#13312 = FACE_BOUND('',#13313,.F.);
#13313 = EDGE_LOOP('',(#13314));
#13314 = ORIENTED_EDGE('',*,*,#13257,.T.);
#13315 = ( GEOMETRIC_REPRESENTATION_CONTEXT(3) 
GLOBAL_UNCERTAINTY_ASSIGNED_CONTEXT((#13319)) 
GLOBAL_UNIT_ASSIGNED_CONTEXT((#13316,#13317,#13318)) 
REPRESENTATION_CONTEXT('Context #1',
  '3D Context with UNIT and UNCERTAINTY') );
#13316 = ( LENGTH_UNIT() NAMED_UNIT(*) SI_UNIT(.MILLI.,.METRE.) );
#13317 = ( NAMED_UNIT(*) PLANE_ANGLE_UNIT() SI_UNIT($,.RADIAN.) );
#13318 = ( NAMED_UNIT(*) SI_UNIT($,.STERADIAN.) SOLID_ANGLE_UNIT() );
#13319 = UNCERTAINTY_MEASURE_WITH_UNIT(LENGTH_MEASURE(2.E-06),#13316,
  'distance_accuracy_value','confusion accuracy');
#13320 = PRODUCT_RELATED_PRODUCT_CATEGORY('part',$,(#7));
#13321 = MECHANICAL_DESIGN_GEOMETRIC_PRESENTATION_REPRESENTATION('',(
    #13322),#13315);
#13322 = STYLED_ITEM('color',(#13323),#15);
#13323 = PRESENTATION_STYLE_ASSIGNMENT((#13324));
#13324 = SURFACE_STYLE_USAGE(.BOTH.,#13325);
#13325 = SURFACE_SIDE_STYLE('',(#13326));
#13326 = SURFACE_STYLE_FILL_AREA(#13327);
#13327 = FILL_AREA_STYLE('',(#13328));
#13328 = FILL_AREA_STYLE_COLOUR('',#13329);
#13329 = COLOUR_RGB('',0.767375665483,0.79773774715,0.843389171228);

#13330=DESCRIPTIVE_REPRESENTATION_ITEM('cadpy:generator','cadpy');
#13331=REPRESENTATION('cadpy:generator',(#13330),#13315);
#13332=PROPERTY_DEFINITION('cadpy metadata','cadpy:generator',#5);
#13333=PROPERTY_DEFINITION_REPRESENTATION(#13332,#13331);
#13334=DESCRIPTIVE_REPRESENTATION_ITEM('cadpy:entryKind','part');
#13335=REPRESENTATION('cadpy:entryKind',(#13334),#13315);
#13336=PROPERTY_DEFINITION('cadpy metadata','cadpy:entryKind',#5);
#13337=PROPERTY_DEFINITION_REPRESENTATION(#13336,#13335);
#13338=DESCRIPTIVE_REPRESENTATION_ITEM('cadpy:sourcePath','HemoSure_Rear_Housing_CORE.py');
#13339=REPRESENTATION('cadpy:sourcePath',(#13338),#13315);
#13340=PROPERTY_DEFINITION('cadpy metadata','cadpy:sourcePath',#5);
#13341=PROPERTY_DEFINITION_REPRESENTATION(#13340,#13339);
#13342=DESCRIPTIVE_REPRESENTATION_ITEM('cadpy:sourceHash','b338e69c8450bf98abed5b12a091d6c00d8edf7d3bcc5fb4afa2b6e10dc79b5d');
#13343=REPRESENTATION('cadpy:sourceHash',(#13342),#13315);
#13344=PROPERTY_DEFINITION('cadpy metadata','cadpy:sourceHash',#5);
#13345=PROPERTY_DEFINITION_REPRESENTATION(#13344,#13343);
ENDSEC;
END-ISO-10303-21;
