ISO-10303-21;
HEADER;
FILE_DESCRIPTION(('Open CASCADE Model'),'2;1');
FILE_NAME('Front_Housing_CORE_insert','2026-09-29T16:09:01',('Author'),(
    'Open CASCADE'),'Open CASCADE STEP processor 7.8','cadpy','Unknown'
  );
FILE_SCHEMA(('AUTOMOTIVE_DESIGN { 1 0 10303 214 1 1 1 1 }'));
ENDSEC;
DATA;
#1 = APPLICATION_PROTOCOL_DEFINITION('international standard',
  'automotive_design',2000,#2);
#2 = APPLICATION_CONTEXT(
  'core data for automotive mechanical design processes');
#3 = SHAPE_DEFINITION_REPRESENTATION(#4,#10);
#4 = PRODUCT_DEFINITION_SHAPE('','',#5);
#5 = PRODUCT_DEFINITION('design','',#6,#9);
#6 = PRODUCT_DEFINITION_FORMATION('','',#7);
#7 = PRODUCT('Front_Housing_CORE_insert','Front_Housing_CORE_insert','',
  (#8));
#8 = PRODUCT_CONTEXT('',#2,'mechanical');
#9 = PRODUCT_DEFINITION_CONTEXT('part definition',#2,'design');
#10 = ADVANCED_BREP_SHAPE_REPRESENTATION('',(#11,#15),#6953);
#11 = AXIS2_PLACEMENT_3D('',#12,#13,#14);
#12 = CARTESIAN_POINT('',(0.,0.,0.));
#13 = DIRECTION('',(0.,0.,1.));
#14 = DIRECTION('',(1.,0.,-0.));
#15 = MANIFOLD_SOLID_BREP('',#16);
#16 = CLOSED_SHELL('',(#17,#137,#213,#712,#761,#788,#795,#1105,#1247,
    #1295,#1373,#1419,#1465,#1511,#1625,#1649,#1799,#1842,#2041,#2068,
    #2115,#2161,#2207,#2253,#2329,#2355,#2435,#2483,#2537,#2675,#2775,
    #2886,#2959,#3009,#3059,#3090,#3168,#3213,#3263,#3294,#3362,#3414,
    #3461,#3492,#3544,#4588,#4614,#4621,#4673,#4742,#4787,#4832,#4858,
    #4927,#4972,#5017,#5043,#5095,#5147,#5216,#5261,#5306,#5332,#5384,
    #5453,#5498,#5543,#5569,#5638,#5683,#5728,#5754,#5824,#5870,#5916,
    #5962,#6008,#6054,#6100,#6127,#6196,#6241,#6286,#6312,#6364,#6398,
    #6405,#6412,#6446,#6480,#6487,#6521,#6528,#6535,#6546,#6553,#6587,
    #6639,#6691,#6743,#6795,#6847,#6851,#6855,#6889,#6893,#6897,#6949));
#17 = ADVANCED_FACE('',(#18),#32,.F.);
#18 = FACE_BOUND('',#19,.F.);
#19 = EDGE_LOOP('',(#20,#55,#83,#111));
#20 = ORIENTED_EDGE('',*,*,#21,.F.);
#21 = EDGE_CURVE('',#22,#24,#26,.T.);
#22 = VERTEX_POINT('',#23);
#23 = CARTESIAN_POINT('',(-60.3,-90.45,-15.879));
#24 = VERTEX_POINT('',#25);
#25 = CARTESIAN_POINT('',(-60.3,-90.45,14.271));
#26 = SURFACE_CURVE('',#27,(#31,#43),.PCURVE_S1.);
#27 = LINE('',#28,#29);
#28 = CARTESIAN_POINT('',(-60.3,-90.45,-15.879));
#29 = VECTOR('',#30,1.);
#30 = DIRECTION('',(0.,0.,1.));
#31 = PCURVE('',#32,#37);
#32 = PLANE('',#33);
#33 = AXIS2_PLACEMENT_3D('',#34,#35,#36);
#34 = CARTESIAN_POINT('',(-60.3,-90.45,-15.879));
#35 = DIRECTION('',(1.,0.,0.));
#36 = DIRECTION('',(0.,0.,1.));
#37 = DEFINITIONAL_REPRESENTATION('',(#38),#42);
#38 = LINE('',#39,#40);
#39 = CARTESIAN_POINT('',(0.,0.));
#40 = VECTOR('',#41,1.);
#41 = DIRECTION('',(1.,0.));
#42 = ( GEOMETRIC_REPRESENTATION_CONTEXT(2) 
PARAMETRIC_REPRESENTATION_CONTEXT() REPRESENTATION_CONTEXT('2D SPACE',''
  ) );
#43 = PCURVE('',#44,#49);
#44 = PLANE('',#45);
#45 = AXIS2_PLACEMENT_3D('',#46,#47,#48);
#46 = CARTESIAN_POINT('',(-60.3,-90.45,-15.879));
#47 = DIRECTION('',(0.,1.,0.));
#48 = DIRECTION('',(0.,0.,1.));
#49 = DEFINITIONAL_REPRESENTATION('',(#50),#54);
#50 = LINE('',#51,#52);
#51 = CARTESIAN_POINT('',(0.,0.));
#52 = VECTOR('',#53,1.);
#53 = DIRECTION('',(1.,0.));
#54 = ( GEOMETRIC_REPRESENTATION_CONTEXT(2) 
PARAMETRIC_REPRESENTATION_CONTEXT() REPRESENTATION_CONTEXT('2D SPACE',''
  ) );
#55 = ORIENTED_EDGE('',*,*,#56,.T.);
#56 = EDGE_CURVE('',#22,#57,#59,.T.);
#57 = VERTEX_POINT('',#58);
#58 = CARTESIAN_POINT('',(-60.3,90.45,-15.879));
#59 = SURFACE_CURVE('',#60,(#64,#71),.PCURVE_S1.);
#60 = LINE('',#61,#62);
#61 = CARTESIAN_POINT('',(-60.3,-90.45,-15.879));
#62 = VECTOR('',#63,1.);
#63 = DIRECTION('',(0.,1.,0.));
#64 = PCURVE('',#32,#65);
#65 = DEFINITIONAL_REPRESENTATION('',(#66),#70);
#66 = LINE('',#67,#68);
#67 = CARTESIAN_POINT('',(0.,0.));
#68 = VECTOR('',#69,1.);
#69 = DIRECTION('',(0.,-1.));
#70 = ( GEOMETRIC_REPRESENTATION_CONTEXT(2) 
PARAMETRIC_REPRESENTATION_CONTEXT() REPRESENTATION_CONTEXT('2D SPACE',''
  ) );
#71 = PCURVE('',#72,#77);
#72 = PLANE('',#73);
#73 = AXIS2_PLACEMENT_3D('',#74,#75,#76);
#74 = CARTESIAN_POINT('',(-60.3,-90.45,-15.879));
#75 = DIRECTION('',(0.,0.,1.));
#76 = DIRECTION('',(1.,0.,0.));
#77 = DEFINITIONAL_REPRESENTATION('',(#78),#82);
#78 = LINE('',#79,#80);
#79 = CARTESIAN_POINT('',(0.,0.));
#80 = VECTOR('',#81,1.);
#81 = DIRECTION('',(0.,1.));
#82 = ( GEOMETRIC_REPRESENTATION_CONTEXT(2) 
PARAMETRIC_REPRESENTATION_CONTEXT() REPRESENTATION_CONTEXT('2D SPACE',''
  ) );
#83 = ORIENTED_EDGE('',*,*,#84,.T.);
#84 = EDGE_CURVE('',#57,#85,#87,.T.);
#85 = VERTEX_POINT('',#86);
#86 = CARTESIAN_POINT('',(-60.3,90.45,14.271));
#87 = SURFACE_CURVE('',#88,(#92,#99),.PCURVE_S1.);
#88 = LINE('',#89,#90);
#89 = CARTESIAN_POINT('',(-60.3,90.45,-15.879));
#90 = VECTOR('',#91,1.);
#91 = DIRECTION('',(0.,0.,1.));
#92 = PCURVE('',#32,#93);
#93 = DEFINITIONAL_REPRESENTATION('',(#94),#98);
#94 = LINE('',#95,#96);
#95 = CARTESIAN_POINT('',(0.,-180.9));
#96 = VECTOR('',#97,1.);
#97 = DIRECTION('',(1.,0.));
#98 = ( GEOMETRIC_REPRESENTATION_CONTEXT(2) 
PARAMETRIC_REPRESENTATION_CONTEXT() REPRESENTATION_CONTEXT('2D SPACE',''
  ) );
#99 = PCURVE('',#100,#105);
#100 = PLANE('',#101);
#101 = AXIS2_PLACEMENT_3D('',#102,#103,#104);
#102 = CARTESIAN_POINT('',(-60.3,90.45,-15.879));
#103 = DIRECTION('',(0.,1.,0.));
#104 = DIRECTION('',(0.,0.,1.));
#105 = DEFINITIONAL_REPRESENTATION('',(#106),#110);
#106 = LINE('',#107,#108);
#107 = CARTESIAN_POINT('',(0.,0.));
#108 = VECTOR('',#109,1.);
#109 = DIRECTION('',(1.,0.));
#110 = ( GEOMETRIC_REPRESENTATION_CONTEXT(2) 
PARAMETRIC_REPRESENTATION_CONTEXT() REPRESENTATION_CONTEXT('2D SPACE',''
  ) );
#111 = ORIENTED_EDGE('',*,*,#112,.T.);
#112 = EDGE_CURVE('',#85,#24,#113,.T.);
#113 = SURFACE_CURVE('',#114,(#118,#125),.PCURVE_S1.);
#114 = LINE('',#115,#116);
#115 = CARTESIAN_POINT('',(-60.3,-145.725,14.271));
#116 = VECTOR('',#117,1.);
#117 = DIRECTION('',(0.,-1.,0.));
#118 = PCURVE('',#32,#119);
#119 = DEFINITIONAL_REPRESENTATION('',(#120),#124);
#120 = LINE('',#121,#122);
#121 = CARTESIAN_POINT('',(30.15,55.275));
#122 = VECTOR('',#123,1.);
#123 = DIRECTION('',(0.,1.));
#124 = ( GEOMETRIC_REPRESENTATION_CONTEXT(2) 
PARAMETRIC_REPRESENTATION_CONTEXT() REPRESENTATION_CONTEXT('2D SPACE',''
  ) );
#125 = PCURVE('',#126,#131);
#126 = PLANE('',#127);
#127 = AXIS2_PLACEMENT_3D('',#128,#129,#130);
#128 = CARTESIAN_POINT('',(-201.,-201.,14.271));
#129 = DIRECTION('',(0.,0.,1.));
#130 = DIRECTION('',(1.,0.,0.));
#131 = DEFINITIONAL_REPRESENTATION('',(#132),#136);
#132 = LINE('',#133,#134);
#133 = CARTESIAN_POINT('',(140.7,55.275));
#134 = VECTOR('',#135,1.);
#135 = DIRECTION('',(0.,-1.));
#136 = ( GEOMETRIC_REPRESENTATION_CONTEXT(2) 
PARAMETRIC_REPRESENTATION_CONTEXT() REPRESENTATION_CONTEXT('2D SPACE',''
  ) );
#137 = ADVANCED_FACE('',(#138),#44,.F.);
#138 = FACE_BOUND('',#139,.F.);
#139 = EDGE_LOOP('',(#140,#170,#191,#192));
#140 = ORIENTED_EDGE('',*,*,#141,.F.);
#141 = EDGE_CURVE('',#142,#144,#146,.T.);
#142 = VERTEX_POINT('',#143);
#143 = CARTESIAN_POINT('',(60.3,-90.45,-15.879));
#144 = VERTEX_POINT('',#145);
#145 = CARTESIAN_POINT('',(60.3,-90.45,14.271));
#146 = SURFACE_CURVE('',#147,(#151,#158),.PCURVE_S1.);
#147 = LINE('',#148,#149);
#148 = CARTESIAN_POINT('',(60.3,-90.45,-15.879));
#149 = VECTOR('',#150,1.);
#150 = DIRECTION('',(0.,0.,1.));
#151 = PCURVE('',#44,#152);
#152 = DEFINITIONAL_REPRESENTATION('',(#153),#157);
#153 = LINE('',#154,#155);
#154 = CARTESIAN_POINT('',(0.,120.6));
#155 = VECTOR('',#156,1.);
#156 = DIRECTION('',(1.,0.));
#157 = ( GEOMETRIC_REPRESENTATION_CONTEXT(2) 
PARAMETRIC_REPRESENTATION_CONTEXT() REPRESENTATION_CONTEXT('2D SPACE',''
  ) );
#158 = PCURVE('',#159,#164);
#159 = PLANE('',#160);
#160 = AXIS2_PLACEMENT_3D('',#161,#162,#163);
#161 = CARTESIAN_POINT('',(60.3,-90.45,-15.879));
#162 = DIRECTION('',(1.,0.,0.));
#163 = DIRECTION('',(0.,0.,1.));
#164 = DEFINITIONAL_REPRESENTATION('',(#165),#169);
#165 = LINE('',#166,#167);
#166 = CARTESIAN_POINT('',(0.,0.));
#167 = VECTOR('',#168,1.);
#168 = DIRECTION('',(1.,0.));
#169 = ( GEOMETRIC_REPRESENTATION_CONTEXT(2) 
PARAMETRIC_REPRESENTATION_CONTEXT() REPRESENTATION_CONTEXT('2D SPACE',''
  ) );
#170 = ORIENTED_EDGE('',*,*,#171,.F.);
#171 = EDGE_CURVE('',#22,#142,#172,.T.);
#172 = SURFACE_CURVE('',#173,(#177,#184),.PCURVE_S1.);
#173 = LINE('',#174,#175);
#174 = CARTESIAN_POINT('',(-60.3,-90.45,-15.879));
#175 = VECTOR('',#176,1.);
#176 = DIRECTION('',(1.,0.,0.));
#177 = PCURVE('',#44,#178);
#178 = DEFINITIONAL_REPRESENTATION('',(#179),#183);
#179 = LINE('',#180,#181);
#180 = CARTESIAN_POINT('',(0.,0.));
#181 = VECTOR('',#182,1.);
#182 = DIRECTION('',(0.,1.));
#183 = ( GEOMETRIC_REPRESENTATION_CONTEXT(2) 
PARAMETRIC_REPRESENTATION_CONTEXT() REPRESENTATION_CONTEXT('2D SPACE',''
  ) );
#184 = PCURVE('',#72,#185);
#185 = DEFINITIONAL_REPRESENTATION('',(#186),#190);
#186 = LINE('',#187,#188);
#187 = CARTESIAN_POINT('',(0.,0.));
#188 = VECTOR('',#189,1.);
#189 = DIRECTION('',(1.,0.));
#190 = ( GEOMETRIC_REPRESENTATION_CONTEXT(2) 
PARAMETRIC_REPRESENTATION_CONTEXT() REPRESENTATION_CONTEXT('2D SPACE',''
  ) );
#191 = ORIENTED_EDGE('',*,*,#21,.T.);
#192 = ORIENTED_EDGE('',*,*,#193,.T.);
#193 = EDGE_CURVE('',#24,#144,#194,.T.);
#194 = SURFACE_CURVE('',#195,(#199,#206),.PCURVE_S1.);
#195 = LINE('',#196,#197);
#196 = CARTESIAN_POINT('',(-130.65,-90.45,14.271));
#197 = VECTOR('',#198,1.);
#198 = DIRECTION('',(1.,0.,0.));
#199 = PCURVE('',#44,#200);
#200 = DEFINITIONAL_REPRESENTATION('',(#201),#205);
#201 = LINE('',#202,#203);
#202 = CARTESIAN_POINT('',(30.15,-70.35));
#203 = VECTOR('',#204,1.);
#204 = DIRECTION('',(0.,1.));
#205 = ( GEOMETRIC_REPRESENTATION_CONTEXT(2) 
PARAMETRIC_REPRESENTATION_CONTEXT() REPRESENTATION_CONTEXT('2D SPACE',''
  ) );
#206 = PCURVE('',#126,#207);
#207 = DEFINITIONAL_REPRESENTATION('',(#208),#212);
#208 = LINE('',#209,#210);
#209 = CARTESIAN_POINT('',(70.35,110.55));
#210 = VECTOR('',#211,1.);
#211 = DIRECTION('',(1.,0.));
#212 = ( GEOMETRIC_REPRESENTATION_CONTEXT(2) 
PARAMETRIC_REPRESENTATION_CONTEXT() REPRESENTATION_CONTEXT('2D SPACE',''
  ) );
#213 = ADVANCED_FACE('',(#214,#262),#126,.T.);
#214 = FACE_BOUND('',#215,.T.);
#215 = EDGE_LOOP('',(#216,#239,#240,#241));
#216 = ORIENTED_EDGE('',*,*,#217,.F.);
#217 = EDGE_CURVE('',#85,#218,#220,.T.);
#218 = VERTEX_POINT('',#219);
#219 = CARTESIAN_POINT('',(60.3,90.45,14.271));
#220 = SURFACE_CURVE('',#221,(#225,#232),.PCURVE_S1.);
#221 = LINE('',#222,#223);
#222 = CARTESIAN_POINT('',(-130.65,90.45,14.271));
#223 = VECTOR('',#224,1.);
#224 = DIRECTION('',(1.,0.,0.));
#225 = PCURVE('',#126,#226);
#226 = DEFINITIONAL_REPRESENTATION('',(#227),#231);
#227 = LINE('',#228,#229);
#228 = CARTESIAN_POINT('',(70.35,291.45));
#229 = VECTOR('',#230,1.);
#230 = DIRECTION('',(1.,0.));
#231 = ( GEOMETRIC_REPRESENTATION_CONTEXT(2) 
PARAMETRIC_REPRESENTATION_CONTEXT() REPRESENTATION_CONTEXT('2D SPACE',''
  ) );
#232 = PCURVE('',#100,#233);
#233 = DEFINITIONAL_REPRESENTATION('',(#234),#238);
#234 = LINE('',#235,#236);
#235 = CARTESIAN_POINT('',(30.15,-70.35));
#236 = VECTOR('',#237,1.);
#237 = DIRECTION('',(0.,1.));
#238 = ( GEOMETRIC_REPRESENTATION_CONTEXT(2) 
PARAMETRIC_REPRESENTATION_CONTEXT() REPRESENTATION_CONTEXT('2D SPACE',''
  ) );
#239 = ORIENTED_EDGE('',*,*,#112,.T.);
#240 = ORIENTED_EDGE('',*,*,#193,.T.);
#241 = ORIENTED_EDGE('',*,*,#242,.F.);
#242 = EDGE_CURVE('',#218,#144,#243,.T.);
#243 = SURFACE_CURVE('',#244,(#248,#255),.PCURVE_S1.);
#244 = LINE('',#245,#246);
#245 = CARTESIAN_POINT('',(60.3,-145.725,14.271));
#246 = VECTOR('',#247,1.);
#247 = DIRECTION('',(0.,-1.,0.));
#248 = PCURVE('',#126,#249);
#249 = DEFINITIONAL_REPRESENTATION('',(#250),#254);
#250 = LINE('',#251,#252);
#251 = CARTESIAN_POINT('',(261.3,55.275));
#252 = VECTOR('',#253,1.);
#253 = DIRECTION('',(0.,-1.));
#254 = ( GEOMETRIC_REPRESENTATION_CONTEXT(2) 
PARAMETRIC_REPRESENTATION_CONTEXT() REPRESENTATION_CONTEXT('2D SPACE',''
  ) );
#255 = PCURVE('',#159,#256);
#256 = DEFINITIONAL_REPRESENTATION('',(#257),#261);
#257 = LINE('',#258,#259);
#258 = CARTESIAN_POINT('',(30.15,55.275));
#259 = VECTOR('',#260,1.);
#260 = DIRECTION('',(0.,1.));
#261 = ( GEOMETRIC_REPRESENTATION_CONTEXT(2) 
PARAMETRIC_REPRESENTATION_CONTEXT() REPRESENTATION_CONTEXT('2D SPACE',''
  ) );
#262 = FACE_BOUND('',#263,.T.);
#263 = EDGE_LOOP('',(#264,#294,#322,#350,#378,#406,#434,#462,#490,#518,
    #546,#574,#602,#630,#658,#686));
#264 = ORIENTED_EDGE('',*,*,#265,.F.);
#265 = EDGE_CURVE('',#266,#268,#270,.T.);
#266 = VERTEX_POINT('',#267);
#267 = CARTESIAN_POINT('',(-10.812125,-61.305,14.271));
#268 = VERTEX_POINT('',#269);
#269 = CARTESIAN_POINT('',(10.812125,-61.305,14.271));
#270 = SURFACE_CURVE('',#271,(#275,#282),.PCURVE_S1.);
#271 = LINE('',#272,#273);
#272 = CARTESIAN_POINT('',(0.,-61.305,14.271));
#273 = VECTOR('',#274,1.);
#274 = DIRECTION('',(1.,0.,0.));
#275 = PCURVE('',#126,#276);
#276 = DEFINITIONAL_REPRESENTATION('',(#277),#281);
#277 = LINE('',#278,#279);
#278 = CARTESIAN_POINT('',(201.,139.695));
#279 = VECTOR('',#280,1.);
#280 = DIRECTION('',(1.,0.));
#281 = ( GEOMETRIC_REPRESENTATION_CONTEXT(2) 
PARAMETRIC_REPRESENTATION_CONTEXT() REPRESENTATION_CONTEXT('2D SPACE',''
  ) );
#282 = PCURVE('',#283,#288);
#283 = PLANE('',#284);
#284 = AXIS2_PLACEMENT_3D('',#285,#286,#287);
#285 = CARTESIAN_POINT('',(0.,-61.09972856081,22.11));
#286 = DIRECTION('',(0.,-0.999657324976,2.617694830787E-02));
#287 = DIRECTION('',(1.,0.,0.));
#288 = DEFINITIONAL_REPRESENTATION('',(#289),#293);
#289 = LINE('',#290,#291);
#290 = CARTESIAN_POINT('',(0.,-7.841687150336));
#291 = VECTOR('',#292,1.);
#292 = DIRECTION('',(1.,0.));
#293 = ( GEOMETRIC_REPRESENTATION_CONTEXT(2) 
PARAMETRIC_REPRESENTATION_CONTEXT() REPRESENTATION_CONTEXT('2D SPACE',''
  ) );
#294 = ORIENTED_EDGE('',*,*,#295,.T.);
#295 = EDGE_CURVE('',#266,#296,#298,.T.);
#296 = VERTEX_POINT('',#297);
#297 = CARTESIAN_POINT('',(-10.01800425006,-60.29122882987,14.271));
#298 = SURFACE_CURVE('',#299,(#303,#310),.PCURVE_S1.);
#299 = LINE('',#300,#301);
#300 = CARTESIAN_POINT('',(15.430512911,-27.80376011361,14.271));
#301 = VECTOR('',#302,1.);
#302 = DIRECTION('',(0.616661975264,0.787228053529,-0.));
#303 = PCURVE('',#126,#304);
#304 = DEFINITIONAL_REPRESENTATION('',(#305),#309);
#305 = LINE('',#306,#307);
#306 = CARTESIAN_POINT('',(216.430512911,173.19623988638));
#307 = VECTOR('',#308,1.);
#308 = DIRECTION('',(0.616661975264,0.787228053529));
#309 = ( GEOMETRIC_REPRESENTATION_CONTEXT(2) 
PARAMETRIC_REPRESENTATION_CONTEXT() REPRESENTATION_CONTEXT('2D SPACE',''
  ) );
#310 = PCURVE('',#311,#316);
#311 = PLANE('',#312);
#312 = AXIS2_PLACEMENT_3D('',#313,#314,#315);
#313 = CARTESIAN_POINT('',(-8.844,-58.7925,14.271));
#314 = DIRECTION('',(0.787228053529,-0.616661975264,0.));
#315 = DIRECTION('',(0.,-0.,-1.));
#316 = DEFINITIONAL_REPRESENTATION('',(#317),#321);
#317 = LINE('',#318,#319);
#318 = CARTESIAN_POINT('',(0.,39.364374462351));
#319 = VECTOR('',#320,1.);
#320 = DIRECTION('',(0.,1.));
#321 = ( GEOMETRIC_REPRESENTATION_CONTEXT(2) 
PARAMETRIC_REPRESENTATION_CONTEXT() REPRESENTATION_CONTEXT('2D SPACE',''
  ) );
#322 = ORIENTED_EDGE('',*,*,#323,.F.);
#323 = EDGE_CURVE('',#324,#296,#326,.T.);
#324 = VERTEX_POINT('',#325);
#325 = CARTESIAN_POINT('',(-19.095,-60.29122882987,14.271));
#326 = SURFACE_CURVE('',#327,(#331,#338),.PCURVE_S1.);
#327 = LINE('',#328,#329);
#328 = CARTESIAN_POINT('',(-9.5475,-60.29122882987,14.271));
#329 = VECTOR('',#330,1.);
#330 = DIRECTION('',(1.,0.,-0.));
#331 = PCURVE('',#126,#332);
#332 = DEFINITIONAL_REPRESENTATION('',(#333),#337);
#333 = LINE('',#334,#335);
#334 = CARTESIAN_POINT('',(191.4525,140.70877117012));
#335 = VECTOR('',#336,1.);
#336 = DIRECTION('',(1.,0.));
#337 = ( GEOMETRIC_REPRESENTATION_CONTEXT(2) 
PARAMETRIC_REPRESENTATION_CONTEXT() REPRESENTATION_CONTEXT('2D SPACE',''
  ) );
#338 = PCURVE('',#339,#344);
#339 = PLANE('',#340);
#340 = AXIS2_PLACEMENT_3D('',#341,#342,#343);
#341 = CARTESIAN_POINT('',(0.,-60.26140685144,15.9795));
#342 = DIRECTION('',(0.,-0.999847695156,1.745240643728E-02));
#343 = DIRECTION('',(1.,0.,0.));
#344 = DEFINITIONAL_REPRESENTATION('',(#345),#349);
#345 = LINE('',#346,#347);
#346 = CARTESIAN_POINT('',(-9.5475,-1.708760252463));
#347 = VECTOR('',#348,1.);
#348 = DIRECTION('',(1.,0.));
#349 = ( GEOMETRIC_REPRESENTATION_CONTEXT(2) 
PARAMETRIC_REPRESENTATION_CONTEXT() REPRESENTATION_CONTEXT('2D SPACE',''
  ) );
#350 = ORIENTED_EDGE('',*,*,#351,.F.);
#351 = EDGE_CURVE('',#352,#324,#354,.T.);
#352 = VERTEX_POINT('',#353);
#353 = CARTESIAN_POINT('',(-30.14122882987,-49.245,14.271));
#354 = SURFACE_CURVE('',#355,(#360,#367),.PCURVE_S1.);
#355 = CIRCLE('',#356,11.046228829874);
#356 = AXIS2_PLACEMENT_3D('',#357,#358,#359);
#357 = CARTESIAN_POINT('',(-19.095,-49.245,14.271));
#358 = DIRECTION('',(0.,0.,1.));
#359 = DIRECTION('',(1.,0.,-0.));
#360 = PCURVE('',#126,#361);
#361 = DEFINITIONAL_REPRESENTATION('',(#362),#366);
#362 = CIRCLE('',#363,11.046228829874);
#363 = AXIS2_PLACEMENT_2D('',#364,#365);
#364 = CARTESIAN_POINT('',(181.905,151.755));
#365 = DIRECTION('',(1.,0.));
#366 = ( GEOMETRIC_REPRESENTATION_CONTEXT(2) 
PARAMETRIC_REPRESENTATION_CONTEXT() REPRESENTATION_CONTEXT('2D SPACE',''
  ) );
#367 = PCURVE('',#368,#373);
#368 = CONICAL_SURFACE('',#369,11.055,1.745329251994E-02);
#369 = AXIS2_PLACEMENT_3D('',#370,#371,#372);
#370 = CARTESIAN_POINT('',(-19.095,-49.245,13.7685));
#371 = DIRECTION('',(-0.,-0.,-1.));
#372 = DIRECTION('',(1.,0.,0.));
#373 = DEFINITIONAL_REPRESENTATION('',(#374),#377);
#374 = B_SPLINE_CURVE_WITH_KNOTS('',1,(#375,#376),.UNSPECIFIED.,.F.,.F.,
  (2,2),(3.14159265359,4.712388980385),.PIECEWISE_BEZIER_KNOTS.);
#375 = CARTESIAN_POINT('',(-3.14159265359,-0.5025));
#376 = CARTESIAN_POINT('',(-4.712388980385,-0.5025));
#377 = ( GEOMETRIC_REPRESENTATION_CONTEXT(2) 
PARAMETRIC_REPRESENTATION_CONTEXT() REPRESENTATION_CONTEXT('2D SPACE',''
  ) );
#378 = ORIENTED_EDGE('',*,*,#379,.F.);
#379 = EDGE_CURVE('',#380,#352,#382,.T.);
#380 = VERTEX_POINT('',#381);
#381 = CARTESIAN_POINT('',(-30.14122882987,49.245,14.271));
#382 = SURFACE_CURVE('',#383,(#387,#394),.PCURVE_S1.);
#383 = LINE('',#384,#385);
#384 = CARTESIAN_POINT('',(-30.14122882987,24.6225,14.271));
#385 = VECTOR('',#386,1.);
#386 = DIRECTION('',(0.,-1.,0.));
#387 = PCURVE('',#126,#388);
#388 = DEFINITIONAL_REPRESENTATION('',(#389),#393);
#389 = LINE('',#390,#391);
#390 = CARTESIAN_POINT('',(170.85877117012,225.6225));
#391 = VECTOR('',#392,1.);
#392 = DIRECTION('',(0.,-1.));
#393 = ( GEOMETRIC_REPRESENTATION_CONTEXT(2) 
PARAMETRIC_REPRESENTATION_CONTEXT() REPRESENTATION_CONTEXT('2D SPACE',''
  ) );
#394 = PCURVE('',#395,#400);
#395 = PLANE('',#396);
#396 = AXIS2_PLACEMENT_3D('',#397,#398,#399);
#397 = CARTESIAN_POINT('',(-30.11140685144,0.,15.9795));
#398 = DIRECTION('',(-0.999847695156,0.,1.745240643728E-02));
#399 = DIRECTION('',(-0.,-1.,0.));
#400 = DEFINITIONAL_REPRESENTATION('',(#401),#405);
#401 = LINE('',#402,#403);
#402 = CARTESIAN_POINT('',(-24.6225,-1.708760252463));
#403 = VECTOR('',#404,1.);
#404 = DIRECTION('',(1.,0.));
#405 = ( GEOMETRIC_REPRESENTATION_CONTEXT(2) 
PARAMETRIC_REPRESENTATION_CONTEXT() REPRESENTATION_CONTEXT('2D SPACE',''
  ) );
#406 = ORIENTED_EDGE('',*,*,#407,.F.);
#407 = EDGE_CURVE('',#408,#380,#410,.T.);
#408 = VERTEX_POINT('',#409);
#409 = CARTESIAN_POINT('',(-19.095,60.291228829874,14.271));
#410 = SURFACE_CURVE('',#411,(#416,#423),.PCURVE_S1.);
#411 = CIRCLE('',#412,11.046228829874);
#412 = AXIS2_PLACEMENT_3D('',#413,#414,#415);
#413 = CARTESIAN_POINT('',(-19.095,49.245,14.271));
#414 = DIRECTION('',(0.,0.,1.));
#415 = DIRECTION('',(1.,0.,-0.));
#416 = PCURVE('',#126,#417);
#417 = DEFINITIONAL_REPRESENTATION('',(#418),#422);
#418 = CIRCLE('',#419,11.046228829874);
#419 = AXIS2_PLACEMENT_2D('',#420,#421);
#420 = CARTESIAN_POINT('',(181.905,250.245));
#421 = DIRECTION('',(1.,0.));
#422 = ( GEOMETRIC_REPRESENTATION_CONTEXT(2) 
PARAMETRIC_REPRESENTATION_CONTEXT() REPRESENTATION_CONTEXT('2D SPACE',''
  ) );
#423 = PCURVE('',#424,#429);
#424 = CONICAL_SURFACE('',#425,11.055,1.745329251994E-02);
#425 = AXIS2_PLACEMENT_3D('',#426,#427,#428);
#426 = CARTESIAN_POINT('',(-19.095,49.245,13.7685));
#427 = DIRECTION('',(-0.,-0.,-1.));
#428 = DIRECTION('',(1.,0.,0.));
#429 = DEFINITIONAL_REPRESENTATION('',(#430),#433);
#430 = B_SPLINE_CURVE_WITH_KNOTS('',1,(#431,#432),.UNSPECIFIED.,.F.,.F.,
  (2,2),(1.570796326795,3.14159265359),.PIECEWISE_BEZIER_KNOTS.);
#431 = CARTESIAN_POINT('',(-1.570796326795,-0.5025));
#432 = CARTESIAN_POINT('',(-3.14159265359,-0.5025));
#433 = ( GEOMETRIC_REPRESENTATION_CONTEXT(2) 
PARAMETRIC_REPRESENTATION_CONTEXT() REPRESENTATION_CONTEXT('2D SPACE',''
  ) );
#434 = ORIENTED_EDGE('',*,*,#435,.F.);
#435 = EDGE_CURVE('',#436,#408,#438,.T.);
#436 = VERTEX_POINT('',#437);
#437 = CARTESIAN_POINT('',(-4.824,60.291228829874,14.271));
#438 = SURFACE_CURVE('',#439,(#443,#450),.PCURVE_S1.);
#439 = LINE('',#440,#441);
#440 = CARTESIAN_POINT('',(-9.5475,60.291228829874,14.271));
#441 = VECTOR('',#442,1.);
#442 = DIRECTION('',(-1.,-0.,0.));
#443 = PCURVE('',#126,#444);
#444 = DEFINITIONAL_REPRESENTATION('',(#445),#449);
#445 = LINE('',#446,#447);
#446 = CARTESIAN_POINT('',(191.4525,261.29122882987));
#447 = VECTOR('',#448,1.);
#448 = DIRECTION('',(-1.,0.));
#449 = ( GEOMETRIC_REPRESENTATION_CONTEXT(2) 
PARAMETRIC_REPRESENTATION_CONTEXT() REPRESENTATION_CONTEXT('2D SPACE',''
  ) );
#450 = PCURVE('',#451,#456);
#451 = PLANE('',#452);
#452 = AXIS2_PLACEMENT_3D('',#453,#454,#455);
#453 = CARTESIAN_POINT('',(0.,60.261406851444,15.9795));
#454 = DIRECTION('',(-0.,0.999847695156,1.745240643728E-02));
#455 = DIRECTION('',(-1.,0.,-0.));
#456 = DEFINITIONAL_REPRESENTATION('',(#457),#461);
#457 = LINE('',#458,#459);
#458 = CARTESIAN_POINT('',(9.5475,-1.708760252463));
#459 = VECTOR('',#460,1.);
#460 = DIRECTION('',(1.,0.));
#461 = ( GEOMETRIC_REPRESENTATION_CONTEXT(2) 
PARAMETRIC_REPRESENTATION_CONTEXT() REPRESENTATION_CONTEXT('2D SPACE',''
  ) );
#462 = ORIENTED_EDGE('',*,*,#463,.T.);
#463 = EDGE_CURVE('',#436,#464,#466,.T.);
#464 = VERTEX_POINT('',#465);
#465 = CARTESIAN_POINT('',(-4.824,61.305,14.271));
#466 = SURFACE_CURVE('',#467,(#471,#478),.PCURVE_S1.);
#467 = LINE('',#468,#469);
#468 = CARTESIAN_POINT('',(-4.824,53.7675,14.271));
#469 = VECTOR('',#470,1.);
#470 = DIRECTION('',(-0.,1.,0.));
#471 = PCURVE('',#126,#472);
#472 = DEFINITIONAL_REPRESENTATION('',(#473),#477);
#473 = LINE('',#474,#475);
#474 = CARTESIAN_POINT('',(196.176,254.7675));
#475 = VECTOR('',#476,1.);
#476 = DIRECTION('',(0.,1.));
#477 = ( GEOMETRIC_REPRESENTATION_CONTEXT(2) 
PARAMETRIC_REPRESENTATION_CONTEXT() REPRESENTATION_CONTEXT('2D SPACE',''
  ) );
#478 = PCURVE('',#479,#484);
#479 = PLANE('',#480);
#480 = AXIS2_PLACEMENT_3D('',#481,#482,#483);
#481 = CARTESIAN_POINT('',(-4.824,58.29,13.668));
#482 = DIRECTION('',(1.,0.,-0.));
#483 = DIRECTION('',(0.,0.,1.));
#484 = DEFINITIONAL_REPRESENTATION('',(#485),#489);
#485 = LINE('',#486,#487);
#486 = CARTESIAN_POINT('',(0.603,4.5225));
#487 = VECTOR('',#488,1.);
#488 = DIRECTION('',(0.,-1.));
#489 = ( GEOMETRIC_REPRESENTATION_CONTEXT(2) 
PARAMETRIC_REPRESENTATION_CONTEXT() REPRESENTATION_CONTEXT('2D SPACE',''
  ) );
#490 = ORIENTED_EDGE('',*,*,#491,.T.);
#491 = EDGE_CURVE('',#464,#492,#494,.T.);
#492 = VERTEX_POINT('',#493);
#493 = CARTESIAN_POINT('',(4.824,61.305,14.271));
#494 = SURFACE_CURVE('',#495,(#499,#506),.PCURVE_S1.);
#495 = LINE('',#496,#497);
#496 = CARTESIAN_POINT('',(0.,61.305,14.271));
#497 = VECTOR('',#498,1.);
#498 = DIRECTION('',(1.,0.,0.));
#499 = PCURVE('',#126,#500);
#500 = DEFINITIONAL_REPRESENTATION('',(#501),#505);
#501 = LINE('',#502,#503);
#502 = CARTESIAN_POINT('',(201.,262.305));
#503 = VECTOR('',#504,1.);
#504 = DIRECTION('',(1.,0.));
#505 = ( GEOMETRIC_REPRESENTATION_CONTEXT(2) 
PARAMETRIC_REPRESENTATION_CONTEXT() REPRESENTATION_CONTEXT('2D SPACE',''
  ) );
#506 = PCURVE('',#507,#512);
#507 = PLANE('',#508);
#508 = AXIS2_PLACEMENT_3D('',#509,#510,#511);
#509 = CARTESIAN_POINT('',(0.,61.099728560819,22.11));
#510 = DIRECTION('',(-0.,0.999657324976,2.617694830787E-02));
#511 = DIRECTION('',(-1.,0.,-0.));
#512 = DEFINITIONAL_REPRESENTATION('',(#513),#517);
#513 = LINE('',#514,#515);
#514 = CARTESIAN_POINT('',(0.,-7.841687150336));
#515 = VECTOR('',#516,1.);
#516 = DIRECTION('',(-1.,0.));
#517 = ( GEOMETRIC_REPRESENTATION_CONTEXT(2) 
PARAMETRIC_REPRESENTATION_CONTEXT() REPRESENTATION_CONTEXT('2D SPACE',''
  ) );
#518 = ORIENTED_EDGE('',*,*,#519,.F.);
#519 = EDGE_CURVE('',#520,#492,#522,.T.);
#520 = VERTEX_POINT('',#521);
#521 = CARTESIAN_POINT('',(4.824,60.291228829874,14.271));
#522 = SURFACE_CURVE('',#523,(#527,#534),.PCURVE_S1.);
#523 = LINE('',#524,#525);
#524 = CARTESIAN_POINT('',(4.824,53.7675,14.271));
#525 = VECTOR('',#526,1.);
#526 = DIRECTION('',(-0.,1.,0.));
#527 = PCURVE('',#126,#528);
#528 = DEFINITIONAL_REPRESENTATION('',(#529),#533);
#529 = LINE('',#530,#531);
#530 = CARTESIAN_POINT('',(205.824,254.7675));
#531 = VECTOR('',#532,1.);
#532 = DIRECTION('',(0.,1.));
#533 = ( GEOMETRIC_REPRESENTATION_CONTEXT(2) 
PARAMETRIC_REPRESENTATION_CONTEXT() REPRESENTATION_CONTEXT('2D SPACE',''
  ) );
#534 = PCURVE('',#535,#540);
#535 = PLANE('',#536);
#536 = AXIS2_PLACEMENT_3D('',#537,#538,#539);
#537 = CARTESIAN_POINT('',(4.824,58.29,13.668));
#538 = DIRECTION('',(1.,0.,-0.));
#539 = DIRECTION('',(0.,0.,1.));
#540 = DEFINITIONAL_REPRESENTATION('',(#541),#545);
#541 = LINE('',#542,#543);
#542 = CARTESIAN_POINT('',(0.603,4.5225));
#543 = VECTOR('',#544,1.);
#544 = DIRECTION('',(0.,-1.));
#545 = ( GEOMETRIC_REPRESENTATION_CONTEXT(2) 
PARAMETRIC_REPRESENTATION_CONTEXT() REPRESENTATION_CONTEXT('2D SPACE',''
  ) );
#546 = ORIENTED_EDGE('',*,*,#547,.F.);
#547 = EDGE_CURVE('',#548,#520,#550,.T.);
#548 = VERTEX_POINT('',#549);
#549 = CARTESIAN_POINT('',(19.095,60.291228829874,14.271));
#550 = SURFACE_CURVE('',#551,(#555,#562),.PCURVE_S1.);
#551 = LINE('',#552,#553);
#552 = CARTESIAN_POINT('',(-9.5475,60.291228829874,14.271));
#553 = VECTOR('',#554,1.);
#554 = DIRECTION('',(-1.,-0.,0.));
#555 = PCURVE('',#126,#556);
#556 = DEFINITIONAL_REPRESENTATION('',(#557),#561);
#557 = LINE('',#558,#559);
#558 = CARTESIAN_POINT('',(191.4525,261.29122882987));
#559 = VECTOR('',#560,1.);
#560 = DIRECTION('',(-1.,0.));
#561 = ( GEOMETRIC_REPRESENTATION_CONTEXT(2) 
PARAMETRIC_REPRESENTATION_CONTEXT() REPRESENTATION_CONTEXT('2D SPACE',''
  ) );
#562 = PCURVE('',#563,#568);
#563 = PLANE('',#564);
#564 = AXIS2_PLACEMENT_3D('',#565,#566,#567);
#565 = CARTESIAN_POINT('',(0.,60.261406851444,15.9795));
#566 = DIRECTION('',(-0.,0.999847695156,1.745240643728E-02));
#567 = DIRECTION('',(-1.,0.,-0.));
#568 = DEFINITIONAL_REPRESENTATION('',(#569),#573);
#569 = LINE('',#570,#571);
#570 = CARTESIAN_POINT('',(9.5475,-1.708760252463));
#571 = VECTOR('',#572,1.);
#572 = DIRECTION('',(1.,0.));
#573 = ( GEOMETRIC_REPRESENTATION_CONTEXT(2) 
PARAMETRIC_REPRESENTATION_CONTEXT() REPRESENTATION_CONTEXT('2D SPACE',''
  ) );
#574 = ORIENTED_EDGE('',*,*,#575,.F.);
#575 = EDGE_CURVE('',#576,#548,#578,.T.);
#576 = VERTEX_POINT('',#577);
#577 = CARTESIAN_POINT('',(30.141228829874,49.245,14.271));
#578 = SURFACE_CURVE('',#579,(#584,#591),.PCURVE_S1.);
#579 = CIRCLE('',#580,11.046228829874);
#580 = AXIS2_PLACEMENT_3D('',#581,#582,#583);
#581 = CARTESIAN_POINT('',(19.095,49.245,14.271));
#582 = DIRECTION('',(0.,0.,1.));
#583 = DIRECTION('',(1.,0.,-0.));
#584 = PCURVE('',#126,#585);
#585 = DEFINITIONAL_REPRESENTATION('',(#586),#590);
#586 = CIRCLE('',#587,11.046228829874);
#587 = AXIS2_PLACEMENT_2D('',#588,#589);
#588 = CARTESIAN_POINT('',(220.095,250.245));
#589 = DIRECTION('',(1.,0.));
#590 = ( GEOMETRIC_REPRESENTATION_CONTEXT(2) 
PARAMETRIC_REPRESENTATION_CONTEXT() REPRESENTATION_CONTEXT('2D SPACE',''
  ) );
#591 = PCURVE('',#592,#597);
#592 = CONICAL_SURFACE('',#593,11.055,1.745329251994E-02);
#593 = AXIS2_PLACEMENT_3D('',#594,#595,#596);
#594 = CARTESIAN_POINT('',(19.095,49.245,13.7685));
#595 = DIRECTION('',(-0.,-0.,-1.));
#596 = DIRECTION('',(1.,0.,0.));
#597 = DEFINITIONAL_REPRESENTATION('',(#598),#601);
#598 = B_SPLINE_CURVE_WITH_KNOTS('',1,(#599,#600),.UNSPECIFIED.,.F.,.F.,
  (2,2),(0.,1.570796326795),.PIECEWISE_BEZIER_KNOTS.);
#599 = CARTESIAN_POINT('',(0.,-0.5025));
#600 = CARTESIAN_POINT('',(-1.570796326795,-0.5025));
#601 = ( GEOMETRIC_REPRESENTATION_CONTEXT(2) 
PARAMETRIC_REPRESENTATION_CONTEXT() REPRESENTATION_CONTEXT('2D SPACE',''
  ) );
#602 = ORIENTED_EDGE('',*,*,#603,.F.);
#603 = EDGE_CURVE('',#604,#576,#606,.T.);
#604 = VERTEX_POINT('',#605);
#605 = CARTESIAN_POINT('',(30.141228829874,-49.245,14.271));
#606 = SURFACE_CURVE('',#607,(#611,#618),.PCURVE_S1.);
#607 = LINE('',#608,#609);
#608 = CARTESIAN_POINT('',(30.141228829874,24.6225,14.271));
#609 = VECTOR('',#610,1.);
#610 = DIRECTION('',(0.,1.,-0.));
#611 = PCURVE('',#126,#612);
#612 = DEFINITIONAL_REPRESENTATION('',(#613),#617);
#613 = LINE('',#614,#615);
#614 = CARTESIAN_POINT('',(231.14122882987,225.6225));
#615 = VECTOR('',#616,1.);
#616 = DIRECTION('',(0.,1.));
#617 = ( GEOMETRIC_REPRESENTATION_CONTEXT(2) 
PARAMETRIC_REPRESENTATION_CONTEXT() REPRESENTATION_CONTEXT('2D SPACE',''
  ) );
#618 = PCURVE('',#619,#624);
#619 = PLANE('',#620);
#620 = AXIS2_PLACEMENT_3D('',#621,#622,#623);
#621 = CARTESIAN_POINT('',(30.111406851444,0.,15.9795));
#622 = DIRECTION('',(0.999847695156,-0.,1.745240643728E-02));
#623 = DIRECTION('',(0.,1.,0.));
#624 = DEFINITIONAL_REPRESENTATION('',(#625),#629);
#625 = LINE('',#626,#627);
#626 = CARTESIAN_POINT('',(24.6225,-1.708760252463));
#627 = VECTOR('',#628,1.);
#628 = DIRECTION('',(1.,0.));
#629 = ( GEOMETRIC_REPRESENTATION_CONTEXT(2) 
PARAMETRIC_REPRESENTATION_CONTEXT() REPRESENTATION_CONTEXT('2D SPACE',''
  ) );
#630 = ORIENTED_EDGE('',*,*,#631,.F.);
#631 = EDGE_CURVE('',#632,#604,#634,.T.);
#632 = VERTEX_POINT('',#633);
#633 = CARTESIAN_POINT('',(19.095,-60.29122882987,14.271));
#634 = SURFACE_CURVE('',#635,(#640,#647),.PCURVE_S1.);
#635 = CIRCLE('',#636,11.046228829874);
#636 = AXIS2_PLACEMENT_3D('',#637,#638,#639);
#637 = CARTESIAN_POINT('',(19.095,-49.245,14.271));
#638 = DIRECTION('',(0.,0.,1.));
#639 = DIRECTION('',(1.,0.,-0.));
#640 = PCURVE('',#126,#641);
#641 = DEFINITIONAL_REPRESENTATION('',(#642),#646);
#642 = CIRCLE('',#643,11.046228829874);
#643 = AXIS2_PLACEMENT_2D('',#644,#645);
#644 = CARTESIAN_POINT('',(220.095,151.755));
#645 = DIRECTION('',(1.,0.));
#646 = ( GEOMETRIC_REPRESENTATION_CONTEXT(2) 
PARAMETRIC_REPRESENTATION_CONTEXT() REPRESENTATION_CONTEXT('2D SPACE',''
  ) );
#647 = PCURVE('',#648,#653);
#648 = CONICAL_SURFACE('',#649,11.055,1.745329251994E-02);
#649 = AXIS2_PLACEMENT_3D('',#650,#651,#652);
#650 = CARTESIAN_POINT('',(19.095,-49.245,13.7685));
#651 = DIRECTION('',(-0.,-0.,-1.));
#652 = DIRECTION('',(1.,0.,0.));
#653 = DEFINITIONAL_REPRESENTATION('',(#654),#657);
#654 = B_SPLINE_CURVE_WITH_KNOTS('',1,(#655,#656),.UNSPECIFIED.,.F.,.F.,
  (2,2),(4.712388980385,6.28318530718),.PIECEWISE_BEZIER_KNOTS.);
#655 = CARTESIAN_POINT('',(-4.712388980385,-0.5025));
#656 = CARTESIAN_POINT('',(-6.28318530718,-0.5025));
#657 = ( GEOMETRIC_REPRESENTATION_CONTEXT(2) 
PARAMETRIC_REPRESENTATION_CONTEXT() REPRESENTATION_CONTEXT('2D SPACE',''
  ) );
#658 = ORIENTED_EDGE('',*,*,#659,.F.);
#659 = EDGE_CURVE('',#660,#632,#662,.T.);
#660 = VERTEX_POINT('',#661);
#661 = CARTESIAN_POINT('',(10.018004250068,-60.29122882987,14.271));
#662 = SURFACE_CURVE('',#663,(#667,#674),.PCURVE_S1.);
#663 = LINE('',#664,#665);
#664 = CARTESIAN_POINT('',(-9.5475,-60.29122882987,14.271));
#665 = VECTOR('',#666,1.);
#666 = DIRECTION('',(1.,0.,-0.));
#667 = PCURVE('',#126,#668);
#668 = DEFINITIONAL_REPRESENTATION('',(#669),#673);
#669 = LINE('',#670,#671);
#670 = CARTESIAN_POINT('',(191.4525,140.70877117012));
#671 = VECTOR('',#672,1.);
#672 = DIRECTION('',(1.,0.));
#673 = ( GEOMETRIC_REPRESENTATION_CONTEXT(2) 
PARAMETRIC_REPRESENTATION_CONTEXT() REPRESENTATION_CONTEXT('2D SPACE',''
  ) );
#674 = PCURVE('',#675,#680);
#675 = PLANE('',#676);
#676 = AXIS2_PLACEMENT_3D('',#677,#678,#679);
#677 = CARTESIAN_POINT('',(0.,-60.26140685144,15.9795));
#678 = DIRECTION('',(0.,-0.999847695156,1.745240643728E-02));
#679 = DIRECTION('',(1.,0.,0.));
#680 = DEFINITIONAL_REPRESENTATION('',(#681),#685);
#681 = LINE('',#682,#683);
#682 = CARTESIAN_POINT('',(-9.5475,-1.708760252463));
#683 = VECTOR('',#684,1.);
#684 = DIRECTION('',(1.,0.));
#685 = ( GEOMETRIC_REPRESENTATION_CONTEXT(2) 
PARAMETRIC_REPRESENTATION_CONTEXT() REPRESENTATION_CONTEXT('2D SPACE',''
  ) );
#686 = ORIENTED_EDGE('',*,*,#687,.T.);
#687 = EDGE_CURVE('',#660,#268,#688,.T.);
#688 = SURFACE_CURVE('',#689,(#693,#700),.PCURVE_S1.);
#689 = LINE('',#690,#691);
#690 = CARTESIAN_POINT('',(-22.69180659321,-18.53402349802,14.271));
#691 = VECTOR('',#692,1.);
#692 = DIRECTION('',(0.616661975264,-0.787228053529,0.));
#693 = PCURVE('',#126,#694);
#694 = DEFINITIONAL_REPRESENTATION('',(#695),#699);
#695 = LINE('',#696,#697);
#696 = CARTESIAN_POINT('',(178.30819340678,182.46597650198));
#697 = VECTOR('',#698,1.);
#698 = DIRECTION('',(0.616661975264,-0.787228053529));
#699 = ( GEOMETRIC_REPRESENTATION_CONTEXT(2) 
PARAMETRIC_REPRESENTATION_CONTEXT() REPRESENTATION_CONTEXT('2D SPACE',''
  ) );
#700 = PCURVE('',#701,#706);
#701 = PLANE('',#702);
#702 = AXIS2_PLACEMENT_3D('',#703,#704,#705);
#703 = CARTESIAN_POINT('',(8.844,-58.7925,14.271));
#704 = DIRECTION('',(-0.787228053529,-0.616661975264,0.));
#705 = DIRECTION('',(0.,0.,1.));
#706 = DEFINITIONAL_REPRESENTATION('',(#707),#711);
#707 = LINE('',#708,#709);
#708 = CARTESIAN_POINT('',(0.,51.139534880025));
#709 = VECTOR('',#710,1.);
#710 = DIRECTION('',(0.,-1.));
#711 = ( GEOMETRIC_REPRESENTATION_CONTEXT(2) 
PARAMETRIC_REPRESENTATION_CONTEXT() REPRESENTATION_CONTEXT('2D SPACE',''
  ) );
#712 = ADVANCED_FACE('',(#713),#100,.T.);
#713 = FACE_BOUND('',#714,.T.);
#714 = EDGE_LOOP('',(#715,#738,#759,#760));
#715 = ORIENTED_EDGE('',*,*,#716,.F.);
#716 = EDGE_CURVE('',#717,#218,#719,.T.);
#717 = VERTEX_POINT('',#718);
#718 = CARTESIAN_POINT('',(60.3,90.45,-15.879));
#719 = SURFACE_CURVE('',#720,(#724,#731),.PCURVE_S1.);
#720 = LINE('',#721,#722);
#721 = CARTESIAN_POINT('',(60.3,90.45,-15.879));
#722 = VECTOR('',#723,1.);
#723 = DIRECTION('',(0.,0.,1.));
#724 = PCURVE('',#100,#725);
#725 = DEFINITIONAL_REPRESENTATION('',(#726),#730);
#726 = LINE('',#727,#728);
#727 = CARTESIAN_POINT('',(0.,120.6));
#728 = VECTOR('',#729,1.);
#729 = DIRECTION('',(1.,0.));
#730 = ( GEOMETRIC_REPRESENTATION_CONTEXT(2) 
PARAMETRIC_REPRESENTATION_CONTEXT() REPRESENTATION_CONTEXT('2D SPACE',''
  ) );
#731 = PCURVE('',#159,#732);
#732 = DEFINITIONAL_REPRESENTATION('',(#733),#737);
#733 = LINE('',#734,#735);
#734 = CARTESIAN_POINT('',(0.,-180.9));
#735 = VECTOR('',#736,1.);
#736 = DIRECTION('',(1.,0.));
#737 = ( GEOMETRIC_REPRESENTATION_CONTEXT(2) 
PARAMETRIC_REPRESENTATION_CONTEXT() REPRESENTATION_CONTEXT('2D SPACE',''
  ) );
#738 = ORIENTED_EDGE('',*,*,#739,.F.);
#739 = EDGE_CURVE('',#57,#717,#740,.T.);
#740 = SURFACE_CURVE('',#741,(#745,#752),.PCURVE_S1.);
#741 = LINE('',#742,#743);
#742 = CARTESIAN_POINT('',(-60.3,90.45,-15.879));
#743 = VECTOR('',#744,1.);
#744 = DIRECTION('',(1.,0.,0.));
#745 = PCURVE('',#100,#746);
#746 = DEFINITIONAL_REPRESENTATION('',(#747),#751);
#747 = LINE('',#748,#749);
#748 = CARTESIAN_POINT('',(0.,0.));
#749 = VECTOR('',#750,1.);
#750 = DIRECTION('',(0.,1.));
#751 = ( GEOMETRIC_REPRESENTATION_CONTEXT(2) 
PARAMETRIC_REPRESENTATION_CONTEXT() REPRESENTATION_CONTEXT('2D SPACE',''
  ) );
#752 = PCURVE('',#72,#753);
#753 = DEFINITIONAL_REPRESENTATION('',(#754),#758);
#754 = LINE('',#755,#756);
#755 = CARTESIAN_POINT('',(0.,180.9));
#756 = VECTOR('',#757,1.);
#757 = DIRECTION('',(1.,0.));
#758 = ( GEOMETRIC_REPRESENTATION_CONTEXT(2) 
PARAMETRIC_REPRESENTATION_CONTEXT() REPRESENTATION_CONTEXT('2D SPACE',''
  ) );
#759 = ORIENTED_EDGE('',*,*,#84,.T.);
#760 = ORIENTED_EDGE('',*,*,#217,.T.);
#761 = ADVANCED_FACE('',(#762),#72,.F.);
#762 = FACE_BOUND('',#763,.F.);
#763 = EDGE_LOOP('',(#764,#765,#766,#787));
#764 = ORIENTED_EDGE('',*,*,#56,.F.);
#765 = ORIENTED_EDGE('',*,*,#171,.T.);
#766 = ORIENTED_EDGE('',*,*,#767,.T.);
#767 = EDGE_CURVE('',#142,#717,#768,.T.);
#768 = SURFACE_CURVE('',#769,(#773,#780),.PCURVE_S1.);
#769 = LINE('',#770,#771);
#770 = CARTESIAN_POINT('',(60.3,-90.45,-15.879));
#771 = VECTOR('',#772,1.);
#772 = DIRECTION('',(0.,1.,0.));
#773 = PCURVE('',#72,#774);
#774 = DEFINITIONAL_REPRESENTATION('',(#775),#779);
#775 = LINE('',#776,#777);
#776 = CARTESIAN_POINT('',(120.6,0.));
#777 = VECTOR('',#778,1.);
#778 = DIRECTION('',(0.,1.));
#779 = ( GEOMETRIC_REPRESENTATION_CONTEXT(2) 
PARAMETRIC_REPRESENTATION_CONTEXT() REPRESENTATION_CONTEXT('2D SPACE',''
  ) );
#780 = PCURVE('',#159,#781);
#781 = DEFINITIONAL_REPRESENTATION('',(#782),#786);
#782 = LINE('',#783,#784);
#783 = CARTESIAN_POINT('',(0.,0.));
#784 = VECTOR('',#785,1.);
#785 = DIRECTION('',(0.,-1.));
#786 = ( GEOMETRIC_REPRESENTATION_CONTEXT(2) 
PARAMETRIC_REPRESENTATION_CONTEXT() REPRESENTATION_CONTEXT('2D SPACE',''
  ) );
#787 = ORIENTED_EDGE('',*,*,#739,.F.);
#788 = ADVANCED_FACE('',(#789),#159,.T.);
#789 = FACE_BOUND('',#790,.T.);
#790 = EDGE_LOOP('',(#791,#792,#793,#794));
#791 = ORIENTED_EDGE('',*,*,#141,.F.);
#792 = ORIENTED_EDGE('',*,*,#767,.T.);
#793 = ORIENTED_EDGE('',*,*,#716,.T.);
#794 = ORIENTED_EDGE('',*,*,#242,.T.);
#795 = ADVANCED_FACE('',(#796),#283,.T.);
#796 = FACE_BOUND('',#797,.T.);
#797 = EDGE_LOOP('',(#798,#799,#822,#945,#970,#1084));
#798 = ORIENTED_EDGE('',*,*,#265,.T.);
#799 = ORIENTED_EDGE('',*,*,#800,.F.);
#800 = EDGE_CURVE('',#801,#268,#803,.T.);
#801 = VERTEX_POINT('',#802);
#802 = CARTESIAN_POINT('',(10.811918851332,-61.30473683148,14.28105));
#803 = SURFACE_CURVE('',#804,(#808,#815),.PCURVE_S1.);
#804 = LINE('',#805,#806);
#805 = CARTESIAN_POINT('',(10.728401078477,-61.19811839805,
    18.352643705448));
#806 = VECTOR('',#807,1.);
#807 = DIRECTION('',(2.050096664414E-02,-2.617144677975E-02,
    -0.999447230093));
#808 = PCURVE('',#283,#809);
#809 = DEFINITIONAL_REPRESENTATION('',(#810),#814);
#810 = LINE('',#811,#812);
#811 = CARTESIAN_POINT('',(10.728401078477,-3.758644288075));
#812 = VECTOR('',#813,1.);
#813 = DIRECTION('',(2.050096664414E-02,-0.999789833098));
#814 = ( GEOMETRIC_REPRESENTATION_CONTEXT(2) 
PARAMETRIC_REPRESENTATION_CONTEXT() REPRESENTATION_CONTEXT('2D SPACE',''
  ) );
#815 = PCURVE('',#701,#816);
#816 = DEFINITIONAL_REPRESENTATION('',(#817),#821);
#817 = LINE('',#818,#819);
#818 = CARTESIAN_POINT('',(4.081643705448,-3.055808780279));
#819 = VECTOR('',#820,1.);
#820 = DIRECTION('',(-0.999447230093,-3.324506369206E-02));
#821 = ( GEOMETRIC_REPRESENTATION_CONTEXT(2) 
PARAMETRIC_REPRESENTATION_CONTEXT() REPRESENTATION_CONTEXT('2D SPACE',''
  ) );
#822 = ORIENTED_EDGE('',*,*,#823,.F.);
#823 = EDGE_CURVE('',#824,#801,#826,.T.);
#824 = VERTEX_POINT('',#825);
#825 = CARTESIAN_POINT('',(8.009240422654,-61.23282126796,
    17.027394570582));
#826 = SURFACE_CURVE('',#827,(#858,#892),.PCURVE_S1.);
#827 = B_SPLINE_CURVE_WITH_KNOTS('',5,(#828,#829,#830,#831,#832,#833,
    #834,#835,#836,#837,#838,#839,#840,#841,#842,#843,#844,#845,#846,
    #847,#848,#849,#850,#851,#852,#853,#854,#855,#856,#857),
  .UNSPECIFIED.,.F.,.F.,(6,4,4,4,4,4,4,6),(0.,0.16574771555,
    0.268400530839,0.496183891981,0.66143705983,0.731624218665,
    0.835969271546,1.),.UNSPECIFIED.);
#828 = CARTESIAN_POINT('',(8.009240422654,-61.23282126796,
    17.027394570582));
#829 = CARTESIAN_POINT('',(8.153168216738,-61.23282126796,
    17.027394570582));
#830 = CARTESIAN_POINT('',(8.297107145803,-61.23306529049,17.01807572586
    ));
#831 = CARTESIAN_POINT('',(8.440248742472,-61.233552841,16.999456923271)
  );
#832 = CARTESIAN_POINT('',(8.58180262213,-61.23428072489,16.971660158948
    ));
#833 = CARTESIAN_POINT('',(8.807208675849,-61.23583930231,
    16.912140488653));
#834 = CARTESIAN_POINT('',(8.892514478425,-61.23652538793,
    16.885939935707));
#835 = CARTESIAN_POINT('',(8.976734954118,-61.23730010171,
    16.856354809968));
#836 = CARTESIAN_POINT('',(9.059693601163,-61.23816172978,
    16.823450561434));
#837 = CARTESIAN_POINT('',(9.322122750493,-61.24120840796,
    16.707102616012));
#838 = CARTESIAN_POINT('',(9.495977294934,-61.24372647829,16.61094138971
    ));
#839 = CARTESIAN_POINT('',(9.660903628,-61.2466396828,16.499690597755));
#840 = CARTESIAN_POINT('',(9.815215622492,-61.24991768725,
    16.374508658203));
#841 = CARTESIAN_POINT('',(10.060606849086,-61.25613870685,
    16.136937504305));
#842 = CARTESIAN_POINT('',(10.157419423601,-61.25892673956,
    16.030466830895));
#843 = CARTESIAN_POINT('',(10.247305690516,-61.26187290379,
    15.917957358199));
#844 = CARTESIAN_POINT('',(10.329775002202,-61.26496135491,
    15.800014168247));
#845 = CARTESIAN_POINT('',(10.436108790458,-61.26953943394,
    15.625184383279));
#846 = CARTESIAN_POINT('',(10.466394835601,-61.27092673464,
    15.572205506981));
#847 = CARTESIAN_POINT('',(10.495235905653,-61.27233523399,
    15.518417086909));
#848 = CARTESIAN_POINT('',(10.522602846856,-61.27376356009,
    15.463871513944));
#849 = CARTESIAN_POINT('',(10.586923865201,-61.27736112095,
    15.326486207255));
#850 = CARTESIAN_POINT('',(10.622062051693,-61.27955264377,
    15.242795327252));
#851 = CARTESIAN_POINT('',(10.653796605164,-61.28178021572,
    15.157727786684));
#852 = CARTESIAN_POINT('',(10.682054559644,-61.28403902072,
    15.071467503936));
#853 = CARTESIAN_POINT('',(10.745641068474,-61.28991619617,
    14.847027228308));
#854 = CARTESIAN_POINT('',(10.775768890782,-61.29357323865,
    14.707370410393));
#855 = CARTESIAN_POINT('',(10.79693213814,-61.2972757895,14.565975698172
    ));
#856 = CARTESIAN_POINT('',(10.808994670128,-61.3010038342,
    14.423607414779));
#857 = CARTESIAN_POINT('',(10.811918851332,-61.30473683148,14.28105));
#858 = PCURVE('',#283,#859);
#859 = DEFINITIONAL_REPRESENTATION('',(#860),#891);
#860 = B_SPLINE_CURVE_WITH_KNOTS('',5,(#861,#862,#863,#864,#865,#866,
    #867,#868,#869,#870,#871,#872,#873,#874,#875,#876,#877,#878,#879,
    #880,#881,#882,#883,#884,#885,#886,#887,#888,#889,#890),
  .UNSPECIFIED.,.F.,.F.,(6,4,4,4,4,4,4,6),(0.,0.16574771555,
    0.268400530839,0.496183891981,0.66143705983,0.731624218665,
    0.835969271546,1.),.UNSPECIFIED.);
#861 = CARTESIAN_POINT('',(8.009240422654,-5.084347708393));
#862 = CARTESIAN_POINT('',(8.153168216738,-5.084347708393));
#863 = CARTESIAN_POINT('',(8.297107145803,-5.093669747545));
#864 = CARTESIAN_POINT('',(8.440248742472,-5.11229493252));
#865 = CARTESIAN_POINT('',(8.58180262213,-5.140101225365));
#866 = CARTESIAN_POINT('',(8.807208675849,-5.199641298556));
#867 = CARTESIAN_POINT('',(8.892514478425,-5.225850832855));
#868 = CARTESIAN_POINT('',(8.976734954118,-5.255446100153));
#869 = CARTESIAN_POINT('',(9.059693601163,-5.288361628016));
#870 = CARTESIAN_POINT('',(9.322122750493,-5.404749456641));
#871 = CARTESIAN_POINT('',(9.495977294934,-5.500943646288));
#872 = CARTESIAN_POINT('',(9.660903628,-5.61223257418));
#873 = CARTESIAN_POINT('',(9.815215622492,-5.737457425161));
#874 = CARTESIAN_POINT('',(10.060606849086,-5.975110016666));
#875 = CARTESIAN_POINT('',(10.157419423601,-6.081617187423));
#876 = CARTESIAN_POINT('',(10.247305690516,-6.194165227522));
#877 = CARTESIAN_POINT('',(10.329775002202,-6.312148847514));
#878 = CARTESIAN_POINT('',(10.436108790458,-6.487038562819));
#879 = CARTESIAN_POINT('',(10.466394835601,-6.540035599878));
#880 = CARTESIAN_POINT('',(10.495235905653,-6.593842458217));
#881 = CARTESIAN_POINT('',(10.522602846856,-6.648406728994));
#882 = CARTESIAN_POINT('',(10.586923865201,-6.785839130334));
#883 = CARTESIAN_POINT('',(10.622062051693,-6.869558698943));
#884 = CARTESIAN_POINT('',(10.653796605164,-6.954655400025));
#885 = CARTESIAN_POINT('',(10.682054559644,-7.040945252151));
#886 = CARTESIAN_POINT('',(10.745641068474,-7.265462464219));
#887 = CARTESIAN_POINT('',(10.775768890782,-7.405167155443));
#888 = CARTESIAN_POINT('',(10.79693213814,-7.546610336709));
#889 = CARTESIAN_POINT('',(10.808994670128,-7.689027422882));
#890 = CARTESIAN_POINT('',(10.811918851332,-7.831633705271));
#891 = ( GEOMETRIC_REPRESENTATION_CONTEXT(2) 
PARAMETRIC_REPRESENTATION_CONTEXT() REPRESENTATION_CONTEXT('2D SPACE',''
  ) );
#892 = PCURVE('',#893,#912);
#893 = B_SPLINE_SURFACE_WITH_KNOTS('',8,1,(
    (#894,#895)
    ,(#896,#897)
    ,(#898,#899)
    ,(#900,#901)
    ,(#902,#903)
    ,(#904,#905)
    ,(#906,#907)
    ,(#908,#909)
    ,(#910,#911
    )),.UNSPECIFIED.,.F.,.F.,.F.,(9,9),(2,2),(0.,1.570796326795),(0.,1.)
  ,.PIECEWISE_BEZIER_KNOTS.);
#894 = CARTESIAN_POINT('',(11.20575,-61.8075,14.28105));
#895 = CARTESIAN_POINT('',(8.844,-58.7925,14.28105));
#896 = CARTESIAN_POINT('',(11.20575,-61.8075,14.871070552775));
#897 = CARTESIAN_POINT('',(8.844,-58.7925,14.604673313228));
#898 = CARTESIAN_POINT('',(11.073349532211,-61.8075,15.461091291273));
#899 = CARTESIAN_POINT('',(8.771379007634,-58.7925,14.928296728324));
#900 = CARTESIAN_POINT('',(10.808549897041,-61.8075,16.016448393516));
#901 = CARTESIAN_POINT('',(8.626137736169,-58.7925,15.232907312831));
#902 = CARTESIAN_POINT('',(10.42223559818,-61.8075,16.50248559818));
#903 = CARTESIAN_POINT('',(8.414246281276,-58.7925,15.499496281276));
#904 = CARTESIAN_POINT('',(9.936198393515,-61.8075,16.888799897041));
#905 = CARTESIAN_POINT('',(8.147657312831,-58.7925,15.711387736169));
#906 = CARTESIAN_POINT('',(9.380841291273,-61.8075,17.153599532211));
#907 = CARTESIAN_POINT('',(7.843046728324,-58.7925,15.856629007634));
#908 = CARTESIAN_POINT('',(8.790820552775,-61.8075,17.286));
#909 = CARTESIAN_POINT('',(7.519423313228,-58.7925,15.92925));
#910 = CARTESIAN_POINT('',(8.2008,-61.8075,17.286));
#911 = CARTESIAN_POINT('',(7.1958,-58.7925,15.92925));
#912 = DEFINITIONAL_REPRESENTATION('',(#913),#944);
#913 = B_SPLINE_CURVE_WITH_KNOTS('',5,(#914,#915,#916,#917,#918,#919,
    #920,#921,#922,#923,#924,#925,#926,#927,#928,#929,#930,#931,#932,
    #933,#934,#935,#936,#937,#938,#939,#940,#941,#942,#943),
  .UNSPECIFIED.,.F.,.F.,(6,4,4,4,4,4,4,6),(0.,0.16574771555,
    0.268400530839,0.496183891981,0.66143705983,0.731624218665,
    0.835969271546,1.),.UNSPECIFIED.);
#914 = CARTESIAN_POINT('',(1.570796326795,0.190606544623));
#915 = CARTESIAN_POINT('',(1.518389285222,0.190606544623));
#916 = CARTESIAN_POINT('',(1.46600781407,0.190525608458));
#917 = CARTESIAN_POINT('',(1.413656809683,0.190363900165));
#918 = CARTESIAN_POINT('',(1.361336121004,0.190122479306));
#919 = CARTESIAN_POINT('',(1.276664920426,0.189605538205));
#920 = CARTESIAN_POINT('',(1.244293852495,0.189377980784));
#921 = CARTESIAN_POINT('',(1.211935388129,0.189121027623));
#922 = CARTESIAN_POINT('',(1.179589591848,0.188835247168));
#923 = CARTESIAN_POINT('',(1.075509997131,0.187824740311));
#924 = CARTESIAN_POINT('',(1.003823243566,0.186989559439));
#925 = CARTESIAN_POINT('',(0.932201636631,0.186023322453));
#926 = CARTESIAN_POINT('',(0.860631885524,0.184936090462));
#927 = CARTESIAN_POINT('',(0.737230456983,0.182872734043));
#928 = CARTESIAN_POINT('',(0.685372383782,0.181948013412));
#929 = CARTESIAN_POINT('',(0.633538462133,0.180970844514));
#930 = CARTESIAN_POINT('',(0.581726346207,0.179946482616));
#931 = CARTESIAN_POINT('',(0.507935854379,0.178428048441));
#932 = CARTESIAN_POINT('',(0.485941618557,0.177967915539));
#933 = CARTESIAN_POINT('',(0.46395065557,0.177500751576));
#934 = CARTESIAN_POINT('',(0.441962783989,0.177027011578));
#935 = CARTESIAN_POINT('',(0.387293485107,0.175833790727));
#936 = CARTESIAN_POINT('',(0.354615564217,0.175106917486));
#937 = CARTESIAN_POINT('',(0.321943504013,0.174368087654));
#938 = CARTESIAN_POINT('',(0.289276805979,0.173618898599));
#939 = CARTESIAN_POINT('',(0.205270637275,0.171669586674));
#940 = CARTESIAN_POINT('',(0.15393781412,0.170456637261));
#941 = CARTESIAN_POINT('',(0.102616497605,0.169228593863));
#942 = CARTESIAN_POINT('',(5.130351513317E-02,0.167992094791));
#943 = CARTESIAN_POINT('',(0.,0.166753953072));
#944 = ( GEOMETRIC_REPRESENTATION_CONTEXT(2) 
PARAMETRIC_REPRESENTATION_CONTEXT() REPRESENTATION_CONTEXT('2D SPACE',''
  ) );
#945 = ORIENTED_EDGE('',*,*,#946,.F.);
#946 = EDGE_CURVE('',#947,#824,#949,.T.);
#947 = VERTEX_POINT('',#948);
#948 = CARTESIAN_POINT('',(-8.009240422654,-61.23282126796,
    17.027394570582));
#949 = SURFACE_CURVE('',#950,(#953,#959),.PCURVE_S1.);
#950 = B_SPLINE_CURVE_WITH_KNOTS('',1,(#951,#952),.UNSPECIFIED.,.F.,.F.,
  (2,2),(0.,1.),.PIECEWISE_BEZIER_KNOTS.);
#951 = CARTESIAN_POINT('',(-8.009240422654,-61.23282126796,
    17.027394570582));
#952 = CARTESIAN_POINT('',(8.009240422654,-61.23282126796,
    17.027394570582));
#953 = PCURVE('',#283,#954);
#954 = DEFINITIONAL_REPRESENTATION('',(#955),#958);
#955 = B_SPLINE_CURVE_WITH_KNOTS('',1,(#956,#957),.UNSPECIFIED.,.F.,.F.,
  (2,2),(0.,1.),.PIECEWISE_BEZIER_KNOTS.);
#956 = CARTESIAN_POINT('',(-8.009240422654,-5.084347708393));
#957 = CARTESIAN_POINT('',(8.009240422654,-5.084347708393));
#958 = ( GEOMETRIC_REPRESENTATION_CONTEXT(2) 
PARAMETRIC_REPRESENTATION_CONTEXT() REPRESENTATION_CONTEXT('2D SPACE',''
  ) );
#959 = PCURVE('',#960,#965);
#960 = B_SPLINE_SURFACE_WITH_KNOTS('',1,1,(
    (#961,#962)
    ,(#963,#964
    )),.UNSPECIFIED.,.F.,.F.,.F.,(2,2),(2,2),(-8.16,8.16),(0.,1.),
  .PIECEWISE_BEZIER_KNOTS.);
#961 = CARTESIAN_POINT('',(8.2008,-61.8075,17.286));
#962 = CARTESIAN_POINT('',(7.1958,-58.7925,15.92925));
#963 = CARTESIAN_POINT('',(-8.2008,-61.8075,17.286));
#964 = CARTESIAN_POINT('',(-7.1958,-58.7925,15.92925));
#965 = DEFINITIONAL_REPRESENTATION('',(#966),#969);
#966 = B_SPLINE_CURVE_WITH_KNOTS('',1,(#967,#968),.UNSPECIFIED.,.F.,.F.,
  (2,2),(0.,1.),.PIECEWISE_BEZIER_KNOTS.);
#967 = CARTESIAN_POINT('',(8.16,0.190606544623));
#968 = CARTESIAN_POINT('',(-8.16,0.190606544623));
#969 = ( GEOMETRIC_REPRESENTATION_CONTEXT(2) 
PARAMETRIC_REPRESENTATION_CONTEXT() REPRESENTATION_CONTEXT('2D SPACE',''
  ) );
#970 = ORIENTED_EDGE('',*,*,#971,.F.);
#971 = EDGE_CURVE('',#972,#947,#974,.T.);
#972 = VERTEX_POINT('',#973);
#973 = CARTESIAN_POINT('',(-10.81191885133,-61.30473683148,14.28105));
#974 = SURFACE_CURVE('',#975,(#1003,#1034),.PCURVE_S1.);
#975 = B_SPLINE_CURVE_WITH_KNOTS('',6,(#976,#977,#978,#979,#980,#981,
    #982,#983,#984,#985,#986,#987,#988,#989,#990,#991,#992,#993,#994,
    #995,#996,#997,#998,#999,#1000,#1001,#1002),.UNSPECIFIED.,.F.,.F.,(7
    ,5,5,5,5,7),(0.,2.812303162536E-02,0.272019753895,0.515455611954,
    0.75815965615,1.),.UNSPECIFIED.);
#976 = CARTESIAN_POINT('',(-10.81191885133,-61.30473683148,14.28105));
#977 = CARTESIAN_POINT('',(-10.81150106175,-61.30420348308,
    14.301417753741));
#978 = CARTESIAN_POINT('',(-10.8109041952,-61.30367023246,
    14.321781773423));
#979 = CARTESIAN_POINT('',(-10.81012834573,-61.30313713111,
    14.342140092774));
#980 = CARTESIAN_POINT('',(-10.80917363583,-61.30260423042,
    14.362490748966));
#981 = CARTESIAN_POINT('',(-10.80804021643,-61.30207158171,
    14.382831782612));
#982 = CARTESIAN_POINT('',(-10.7953503971,-61.29692247478,
    14.579468242787));
#983 = CARTESIAN_POINT('',(-10.77054445736,-61.29232834338,
    14.754911042949));
#984 = CARTESIAN_POINT('',(-10.7324265877,-61.28779064977,
    14.928198570645));
#985 = CARTESIAN_POINT('',(-10.68127829181,-61.28334191765,
    15.098088796013));
#986 = CARTESIAN_POINT('',(-10.61751732568,-61.27901346145,
    15.263385869704));
#987 = CARTESIAN_POINT('',(-10.46605211944,-61.27066479729,
    15.582208491134));
#988 = CARTESIAN_POINT('',(-10.37838751712,-61.26664370146,
    15.735767945367));
#989 = CARTESIAN_POINT('',(-10.27928114423,-61.26280161531,
    15.882491295955));
#990 = CARTESIAN_POINT('',(-10.1694243037,-61.25916578196,
    16.021338170019));
#991 = CARTESIAN_POINT('',(-10.04961683532,-61.25576124118,
    16.151352336947));
#992 = CARTESIAN_POINT('',(-9.792331110683,-61.24946914974,
    16.391637614616));
#993 = CARTESIAN_POINT('',(-9.654897754221,-61.2465798481,
    16.501975592663));
#994 = CARTESIAN_POINT('',(-9.509391266455,-61.24396488925,
    16.601836842222));
#995 = CARTESIAN_POINT('',(-9.356811632778,-61.24164329583,
    16.690494918199));
#996 = CARTESIAN_POINT('',(-9.198235087443,-61.2396311333,16.76733630526
    ));
#997 = CARTESIAN_POINT('',(-8.871992992762,-61.23625675478,
    16.896198621877));
#998 = CARTESIAN_POINT('',(-8.70434928812,-61.23489212167,
    16.948311857836));
#999 = CARTESIAN_POINT('',(-8.533042233424,-61.23385955099,
    16.987744141356));
#1000 = CARTESIAN_POINT('',(-8.359263959381,-61.2331675992,
    17.014168713933));
#1001 = CARTESIAN_POINT('',(-8.184242067533,-61.23282126796,
    17.027394570582));
#1002 = CARTESIAN_POINT('',(-8.009240422654,-61.23282126796,
    17.027394570582));
#1003 = PCURVE('',#283,#1004);
#1004 = DEFINITIONAL_REPRESENTATION('',(#1005),#1033);
#1005 = B_SPLINE_CURVE_WITH_KNOTS('',6,(#1006,#1007,#1008,#1009,#1010,
    #1011,#1012,#1013,#1014,#1015,#1016,#1017,#1018,#1019,#1020,#1021,
    #1022,#1023,#1024,#1025,#1026,#1027,#1028,#1029,#1030,#1031,#1032),
  .UNSPECIFIED.,.F.,.F.,(7,5,5,5,5,7),(0.,2.812303162536E-02,
    0.272019753895,0.515455611954,0.75815965615,1.),.UNSPECIFIED.);
#1006 = CARTESIAN_POINT('',(-10.81191885133,-7.831633705271));
#1007 = CARTESIAN_POINT('',(-10.81150106175,-7.811258969617));
#1008 = CARTESIAN_POINT('',(-10.8109041952,-7.790887969303));
#1009 = CARTESIAN_POINT('',(-10.81012834573,-7.770522671273));
#1010 = CARTESIAN_POINT('',(-10.80917363583,-7.750165039028));
#1011 = CARTESIAN_POINT('',(-10.80804021643,-7.729817032628));
#1012 = CARTESIAN_POINT('',(-10.7953503971,-7.533113166951));
#1013 = CARTESIAN_POINT('',(-10.77054445736,-7.357610226315));
#1014 = CARTESIAN_POINT('',(-10.7324265877,-7.184263296956));
#1015 = CARTESIAN_POINT('',(-10.68127829181,-7.014314834494));
#1016 = CARTESIAN_POINT('',(-10.61751732568,-6.848961098208));
#1017 = CARTESIAN_POINT('',(-10.46605211944,-6.530029186777));
#1018 = CARTESIAN_POINT('',(-10.37838751712,-6.376417093517));
#1019 = CARTESIAN_POINT('',(-10.27928114423,-6.229643447266));
#1020 = CARTESIAN_POINT('',(-10.1694243037,-6.090748977536));
#1021 = CARTESIAN_POINT('',(-10.04961683532,-5.960690242727));
#1022 = CARTESIAN_POINT('',(-9.792331110683,-5.72032259707));
#1023 = CARTESIAN_POINT('',(-9.654897754221,-5.609946795992));
#1024 = CARTESIAN_POINT('',(-9.509391266455,-5.510051314747));
#1025 = CARTESIAN_POINT('',(-9.356811632778,-5.421362847448));
#1026 = CARTESIAN_POINT('',(-9.198235087443,-5.344495119736));
#1027 = CARTESIAN_POINT('',(-8.871992992762,-5.215588630084));
#1028 = CARTESIAN_POINT('',(-8.70434928812,-5.1634575301));
#1029 = CARTESIAN_POINT('',(-8.533042233424,-5.124011729488));
#1030 = CARTESIAN_POINT('',(-8.359263959381,-5.097578098767));
#1031 = CARTESIAN_POINT('',(-8.184242067533,-5.084347708393));
#1032 = CARTESIAN_POINT('',(-8.009240422654,-5.084347708393));
#1033 = ( GEOMETRIC_REPRESENTATION_CONTEXT(2) 
PARAMETRIC_REPRESENTATION_CONTEXT() REPRESENTATION_CONTEXT('2D SPACE',''
  ) );
#1034 = PCURVE('',#1035,#1054);
#1035 = B_SPLINE_SURFACE_WITH_KNOTS('',8,1,(
    (#1036,#1037)
    ,(#1038,#1039)
    ,(#1040,#1041)
    ,(#1042,#1043)
    ,(#1044,#1045)
    ,(#1046,#1047)
    ,(#1048,#1049)
    ,(#1050,#1051)
    ,(#1052,#1053
    )),.UNSPECIFIED.,.F.,.F.,.F.,(9,9),(2,2),(1.570796326795,
    3.14159265359),(0.,1.),.PIECEWISE_BEZIER_KNOTS.);
#1036 = CARTESIAN_POINT('',(-8.2008,-61.8075,17.286));
#1037 = CARTESIAN_POINT('',(-7.1958,-58.7925,15.92925));
#1038 = CARTESIAN_POINT('',(-8.790820552775,-61.8075,17.286));
#1039 = CARTESIAN_POINT('',(-7.519423313228,-58.7925,15.92925));
#1040 = CARTESIAN_POINT('',(-9.380841291273,-61.8075,17.153599532211));
#1041 = CARTESIAN_POINT('',(-7.843046728324,-58.7925,15.856629007634));
#1042 = CARTESIAN_POINT('',(-9.936198393515,-61.80749999999,
    16.88879989704));
#1043 = CARTESIAN_POINT('',(-8.147657312831,-58.79249999999,
    15.711387736169));
#1044 = CARTESIAN_POINT('',(-10.42223559818,-61.8075,16.502485598181));
#1045 = CARTESIAN_POINT('',(-8.414246281277,-58.7925,15.499496281277));
#1046 = CARTESIAN_POINT('',(-10.80854989704,-61.80749999999,
    16.016448393515));
#1047 = CARTESIAN_POINT('',(-8.626137736169,-58.79249999999,
    15.232907312831));
#1048 = CARTESIAN_POINT('',(-11.07334953221,-61.8075,15.461091291273));
#1049 = CARTESIAN_POINT('',(-8.771379007634,-58.7925,14.928296728324));
#1050 = CARTESIAN_POINT('',(-11.20575,-61.8075,14.871070552775));
#1051 = CARTESIAN_POINT('',(-8.844,-58.7925,14.604673313228));
#1052 = CARTESIAN_POINT('',(-11.20575,-61.8075,14.28105));
#1053 = CARTESIAN_POINT('',(-8.844,-58.7925,14.28105));
#1054 = DEFINITIONAL_REPRESENTATION('',(#1055),#1083);
#1055 = B_SPLINE_CURVE_WITH_KNOTS('',6,(#1056,#1057,#1058,#1059,#1060,
    #1061,#1062,#1063,#1064,#1065,#1066,#1067,#1068,#1069,#1070,#1071,
    #1072,#1073,#1074,#1075,#1076,#1077,#1078,#1079,#1080,#1081,#1082),
  .UNSPECIFIED.,.F.,.F.,(7,5,5,5,5,7),(0.,2.812303162536E-02,
    0.272019753895,0.515455611954,0.75815965615,1.),.UNSPECIFIED.);
#1056 = CARTESIAN_POINT('',(3.14159265359,0.166753953072));
#1057 = CARTESIAN_POINT('',(3.134262713131,0.166930851381));
#1058 = CARTESIAN_POINT('',(3.126932597147,0.167107717259));
#1059 = CARTESIAN_POINT('',(3.119602304669,0.167284533628));
#1060 = CARTESIAN_POINT('',(3.112271834525,0.167461283442));
#1061 = CARTESIAN_POINT('',(3.104941185338,0.167637949681));
#1062 = CARTESIAN_POINT('',(3.03403380428,0.169345779507));
#1063 = CARTESIAN_POINT('',(2.970441300478,0.17086953785));
#1064 = CARTESIAN_POINT('',(2.90683719794,0.172374577189));
#1065 = CARTESIAN_POINT('',(2.843215995779,0.17385011023));
#1066 = CARTESIAN_POINT('',(2.779571895734,0.175285750763));
#1067 = CARTESIAN_POINT('',(2.652362017941,0.178054793602));
#1068 = CARTESIAN_POINT('',(2.588791472968,0.179388490393));
#1069 = CARTESIAN_POINT('',(2.525196275433,0.180662814158));
#1070 = CARTESIAN_POINT('',(2.461569581614,0.181868729035));
#1071 = CARTESIAN_POINT('',(2.397904780198,0.182997929956));
#1072 = CARTESIAN_POINT('',(2.270693156183,0.185084859122));
#1073 = CARTESIAN_POINT('',(2.207141995636,0.186043168123));
#1074 = CARTESIAN_POINT('',(2.143551120148,0.186910484491));
#1075 = CARTESIAN_POINT('',(2.079915235638,0.187680498894));
#1076 = CARTESIAN_POINT('',(2.016229850832,0.188347882819));
#1077 = CARTESIAN_POINT('',(1.888996215467,0.189467079674));
#1078 = CARTESIAN_POINT('',(1.825443446788,0.189919694304));
#1079 = CARTESIAN_POINT('',(1.76184675879,0.190262172142));
#1080 = CARTESIAN_POINT('',(1.698204962204,0.190491675222));
#1081 = CARTESIAN_POINT('',(1.634517990403,0.190606544623));
#1082 = CARTESIAN_POINT('',(1.570796326795,0.190606544623));
#1083 = ( GEOMETRIC_REPRESENTATION_CONTEXT(2) 
PARAMETRIC_REPRESENTATION_CONTEXT() REPRESENTATION_CONTEXT('2D SPACE',''
  ) );
#1084 = ORIENTED_EDGE('',*,*,#1085,.F.);
#1085 = EDGE_CURVE('',#266,#972,#1086,.T.);
#1086 = SURFACE_CURVE('',#1087,(#1091,#1098),.PCURVE_S1.);
#1087 = LINE('',#1088,#1089);
#1088 = CARTESIAN_POINT('',(-10.72840107847,-61.19811839805,
    18.352643705448));
#1089 = VECTOR('',#1090,1.);
#1090 = DIRECTION('',(2.050096664414E-02,2.617144677975E-02,
    0.999447230093));
#1091 = PCURVE('',#283,#1092);
#1092 = DEFINITIONAL_REPRESENTATION('',(#1093),#1097);
#1093 = LINE('',#1094,#1095);
#1094 = CARTESIAN_POINT('',(-10.72840107847,-3.758644288075));
#1095 = VECTOR('',#1096,1.);
#1096 = DIRECTION('',(2.050096664414E-02,0.999789833098));
#1097 = ( GEOMETRIC_REPRESENTATION_CONTEXT(2) 
PARAMETRIC_REPRESENTATION_CONTEXT() REPRESENTATION_CONTEXT('2D SPACE',''
  ) );
#1098 = PCURVE('',#311,#1099);
#1099 = DEFINITIONAL_REPRESENTATION('',(#1100),#1104);
#1100 = LINE('',#1101,#1102);
#1101 = CARTESIAN_POINT('',(-4.081643705448,-3.055808780279));
#1102 = VECTOR('',#1103,1.);
#1103 = DIRECTION('',(-0.999447230093,3.324506369206E-02));
#1104 = ( GEOMETRIC_REPRESENTATION_CONTEXT(2) 
PARAMETRIC_REPRESENTATION_CONTEXT() REPRESENTATION_CONTEXT('2D SPACE',''
  ) );
#1105 = ADVANCED_FACE('',(#1106),#507,.T.);
#1106 = FACE_BOUND('',#1107,.T.);
#1107 = EDGE_LOOP('',(#1108,#1109,#1132,#1165,#1193,#1226));
#1108 = ORIENTED_EDGE('',*,*,#491,.F.);
#1109 = ORIENTED_EDGE('',*,*,#1110,.F.);
#1110 = EDGE_CURVE('',#1111,#464,#1113,.T.);
#1111 = VERTEX_POINT('',#1112);
#1112 = CARTESIAN_POINT('',(-4.824,61.289209889294,14.874));
#1113 = SURFACE_CURVE('',#1114,(#1118,#1125),.PCURVE_S1.);
#1114 = LINE('',#1115,#1116);
#1115 = CARTESIAN_POINT('',(-4.824,61.209220937634,17.928654824654));
#1116 = VECTOR('',#1117,1.);
#1117 = DIRECTION('',(-0.,2.617694830787E-02,-0.999657324976));
#1118 = PCURVE('',#507,#1119);
#1119 = DEFINITIONAL_REPRESENTATION('',(#1120),#1124);
#1120 = LINE('',#1121,#1122);
#1121 = CARTESIAN_POINT('',(4.824,-4.182778509074));
#1122 = VECTOR('',#1123,1.);
#1123 = DIRECTION('',(0.,-1.));
#1124 = ( GEOMETRIC_REPRESENTATION_CONTEXT(2) 
PARAMETRIC_REPRESENTATION_CONTEXT() REPRESENTATION_CONTEXT('2D SPACE',''
  ) );
#1125 = PCURVE('',#479,#1126);
#1126 = DEFINITIONAL_REPRESENTATION('',(#1127),#1131);
#1127 = LINE('',#1128,#1129);
#1128 = CARTESIAN_POINT('',(4.260654824654,-2.919220937634));
#1129 = VECTOR('',#1130,1.);
#1130 = DIRECTION('',(-0.999657324976,-2.617694830787E-02));
#1131 = ( GEOMETRIC_REPRESENTATION_CONTEXT(2) 
PARAMETRIC_REPRESENTATION_CONTEXT() REPRESENTATION_CONTEXT('2D SPACE',''
  ) );
#1132 = ORIENTED_EDGE('',*,*,#1133,.T.);
#1133 = EDGE_CURVE('',#1111,#1134,#1136,.T.);
#1134 = VERTEX_POINT('',#1135);
#1135 = CARTESIAN_POINT('',(-3.417,61.252366297646,16.281));
#1136 = SURFACE_CURVE('',#1137,(#1142,#1149),.PCURVE_S1.);
#1137 = ELLIPSE('',#1138,1.407482309035,1.407);
#1138 = AXIS2_PLACEMENT_3D('',#1139,#1140,#1141);
#1139 = CARTESIAN_POINT('',(-3.417,61.289209889294,14.874));
#1140 = DIRECTION('',(-0.,0.999657324976,2.617694830787E-02));
#1141 = DIRECTION('',(0.,-2.617694830787E-02,0.999657324976));
#1142 = PCURVE('',#507,#1143);
#1143 = DEFINITIONAL_REPRESENTATION('',(#1144),#1148);
#1144 = ELLIPSE('',#1145,1.407482309035,1.407);
#1145 = AXIS2_PLACEMENT_2D('',#1146,#1147);
#1146 = CARTESIAN_POINT('',(3.417,-7.238480446464));
#1147 = DIRECTION('',(-0.,1.));
#1148 = ( GEOMETRIC_REPRESENTATION_CONTEXT(2) 
PARAMETRIC_REPRESENTATION_CONTEXT() REPRESENTATION_CONTEXT('2D SPACE',''
  ) );
#1149 = PCURVE('',#1150,#1155);
#1150 = CYLINDRICAL_SURFACE('',#1151,1.407);
#1151 = AXIS2_PLACEMENT_3D('',#1152,#1153,#1154);
#1152 = CARTESIAN_POINT('',(-3.417,58.29,14.874));
#1153 = DIRECTION('',(0.,-1.,0.));
#1154 = DIRECTION('',(1.,0.,0.));
#1155 = DEFINITIONAL_REPRESENTATION('',(#1156),#1164);
#1156 = B_SPLINE_CURVE_WITH_KNOTS('',6,(#1157,#1158,#1159,#1160,#1161,
    #1162,#1163),.UNSPECIFIED.,.F.,.F.,(7,7),(4.712388980385,
    6.28318530718),.PIECEWISE_BEZIER_KNOTS.);
#1157 = CARTESIAN_POINT('',(3.14159265359,-2.999209889294));
#1158 = CARTESIAN_POINT('',(2.879793265791,-2.989564259556));
#1159 = CARTESIAN_POINT('',(2.617993877991,-2.979919366593));
#1160 = CARTESIAN_POINT('',(2.356194490192,-2.971459678553));
#1161 = CARTESIAN_POINT('',(2.094395102393,-2.965395923415));
#1162 = CARTESIAN_POINT('',(1.832595714594,-2.962366297646));
#1163 = CARTESIAN_POINT('',(1.570796326795,-2.962366297646));
#1164 = ( GEOMETRIC_REPRESENTATION_CONTEXT(2) 
PARAMETRIC_REPRESENTATION_CONTEXT() REPRESENTATION_CONTEXT('2D SPACE',''
  ) );
#1165 = ORIENTED_EDGE('',*,*,#1166,.F.);
#1166 = EDGE_CURVE('',#1167,#1134,#1169,.T.);
#1167 = VERTEX_POINT('',#1168);
#1168 = CARTESIAN_POINT('',(3.417,61.252366297646,16.281));
#1169 = SURFACE_CURVE('',#1170,(#1174,#1181),.PCURVE_S1.);
#1170 = LINE('',#1171,#1172);
#1171 = CARTESIAN_POINT('',(-1.7085,61.252366297646,16.281));
#1172 = VECTOR('',#1173,1.);
#1173 = DIRECTION('',(-1.,0.,-0.));
#1174 = PCURVE('',#507,#1175);
#1175 = DEFINITIONAL_REPRESENTATION('',(#1176),#1180);
#1176 = LINE('',#1177,#1178);
#1177 = CARTESIAN_POINT('',(1.7085,-5.830998137429));
#1178 = VECTOR('',#1179,1.);
#1179 = DIRECTION('',(1.,0.));
#1180 = ( GEOMETRIC_REPRESENTATION_CONTEXT(2) 
PARAMETRIC_REPRESENTATION_CONTEXT() REPRESENTATION_CONTEXT('2D SPACE',''
  ) );
#1181 = PCURVE('',#1182,#1187);
#1182 = PLANE('',#1183);
#1183 = AXIS2_PLACEMENT_3D('',#1184,#1185,#1186);
#1184 = CARTESIAN_POINT('',(-3.417,58.29,16.281));
#1185 = DIRECTION('',(0.,0.,-1.));
#1186 = DIRECTION('',(1.,0.,0.));
#1187 = DEFINITIONAL_REPRESENTATION('',(#1188),#1192);
#1188 = LINE('',#1189,#1190);
#1189 = CARTESIAN_POINT('',(1.7085,-2.962366297646));
#1190 = VECTOR('',#1191,1.);
#1191 = DIRECTION('',(-1.,0.));
#1192 = ( GEOMETRIC_REPRESENTATION_CONTEXT(2) 
PARAMETRIC_REPRESENTATION_CONTEXT() REPRESENTATION_CONTEXT('2D SPACE',''
  ) );
#1193 = ORIENTED_EDGE('',*,*,#1194,.T.);
#1194 = EDGE_CURVE('',#1167,#1195,#1197,.T.);
#1195 = VERTEX_POINT('',#1196);
#1196 = CARTESIAN_POINT('',(4.824,61.289209889294,14.874));
#1197 = SURFACE_CURVE('',#1198,(#1203,#1210),.PCURVE_S1.);
#1198 = ELLIPSE('',#1199,1.407482309035,1.407);
#1199 = AXIS2_PLACEMENT_3D('',#1200,#1201,#1202);
#1200 = CARTESIAN_POINT('',(3.417,61.289209889294,14.874));
#1201 = DIRECTION('',(-0.,0.999657324976,2.617694830787E-02));
#1202 = DIRECTION('',(0.,-2.617694830787E-02,0.999657324976));
#1203 = PCURVE('',#507,#1204);
#1204 = DEFINITIONAL_REPRESENTATION('',(#1205),#1209);
#1205 = ELLIPSE('',#1206,1.407482309035,1.407);
#1206 = AXIS2_PLACEMENT_2D('',#1207,#1208);
#1207 = CARTESIAN_POINT('',(-3.417,-7.238480446464));
#1208 = DIRECTION('',(-0.,1.));
#1209 = ( GEOMETRIC_REPRESENTATION_CONTEXT(2) 
PARAMETRIC_REPRESENTATION_CONTEXT() REPRESENTATION_CONTEXT('2D SPACE',''
  ) );
#1210 = PCURVE('',#1211,#1216);
#1211 = CYLINDRICAL_SURFACE('',#1212,1.407);
#1212 = AXIS2_PLACEMENT_3D('',#1213,#1214,#1215);
#1213 = CARTESIAN_POINT('',(3.417,58.29,14.874));
#1214 = DIRECTION('',(0.,-1.,0.));
#1215 = DIRECTION('',(1.,0.,0.));
#1216 = DEFINITIONAL_REPRESENTATION('',(#1217),#1225);
#1217 = B_SPLINE_CURVE_WITH_KNOTS('',6,(#1218,#1219,#1220,#1221,#1222,
    #1223,#1224),.UNSPECIFIED.,.F.,.F.,(7,7),(1.49287242445E-18,
    1.570796326795),.PIECEWISE_BEZIER_KNOTS.);
#1218 = CARTESIAN_POINT('',(1.570796326795,-2.962366297646));
#1219 = CARTESIAN_POINT('',(1.308996938996,-2.962366297646));
#1220 = CARTESIAN_POINT('',(1.047197551197,-2.965395923415));
#1221 = CARTESIAN_POINT('',(0.785398163397,-2.971459678553));
#1222 = CARTESIAN_POINT('',(0.523598775598,-2.979919366593));
#1223 = CARTESIAN_POINT('',(0.261799387799,-2.989564259556));
#1224 = CARTESIAN_POINT('',(0.,-2.999209889294));
#1225 = ( GEOMETRIC_REPRESENTATION_CONTEXT(2) 
PARAMETRIC_REPRESENTATION_CONTEXT() REPRESENTATION_CONTEXT('2D SPACE',''
  ) );
#1226 = ORIENTED_EDGE('',*,*,#1227,.T.);
#1227 = EDGE_CURVE('',#1195,#492,#1228,.T.);
#1228 = SURFACE_CURVE('',#1229,(#1233,#1240),.PCURVE_S1.);
#1229 = LINE('',#1230,#1231);
#1230 = CARTESIAN_POINT('',(4.824,61.209220937634,17.928654824654));
#1231 = VECTOR('',#1232,1.);
#1232 = DIRECTION('',(-0.,2.617694830787E-02,-0.999657324976));
#1233 = PCURVE('',#507,#1234);
#1234 = DEFINITIONAL_REPRESENTATION('',(#1235),#1239);
#1235 = LINE('',#1236,#1237);
#1236 = CARTESIAN_POINT('',(-4.824,-4.182778509074));
#1237 = VECTOR('',#1238,1.);
#1238 = DIRECTION('',(0.,-1.));
#1239 = ( GEOMETRIC_REPRESENTATION_CONTEXT(2) 
PARAMETRIC_REPRESENTATION_CONTEXT() REPRESENTATION_CONTEXT('2D SPACE',''
  ) );
#1240 = PCURVE('',#535,#1241);
#1241 = DEFINITIONAL_REPRESENTATION('',(#1242),#1246);
#1242 = LINE('',#1243,#1244);
#1243 = CARTESIAN_POINT('',(4.260654824654,-2.919220937634));
#1244 = VECTOR('',#1245,1.);
#1245 = DIRECTION('',(-0.999657324976,-2.617694830787E-02));
#1246 = ( GEOMETRIC_REPRESENTATION_CONTEXT(2) 
PARAMETRIC_REPRESENTATION_CONTEXT() REPRESENTATION_CONTEXT('2D SPACE',''
  ) );
#1247 = ADVANCED_FACE('',(#1248),#479,.F.);
#1248 = FACE_BOUND('',#1249,.F.);
#1249 = EDGE_LOOP('',(#1250,#1272,#1293,#1294));
#1250 = ORIENTED_EDGE('',*,*,#1251,.F.);
#1251 = EDGE_CURVE('',#1252,#1111,#1254,.T.);
#1252 = VERTEX_POINT('',#1253);
#1253 = CARTESIAN_POINT('',(-4.824,60.280703425722,14.874));
#1254 = SURFACE_CURVE('',#1255,(#1259,#1266),.PCURVE_S1.);
#1255 = LINE('',#1256,#1257);
#1256 = CARTESIAN_POINT('',(-4.824,58.29,14.874));
#1257 = VECTOR('',#1258,1.);
#1258 = DIRECTION('',(-0.,1.,-0.));
#1259 = PCURVE('',#479,#1260);
#1260 = DEFINITIONAL_REPRESENTATION('',(#1261),#1265);
#1261 = LINE('',#1262,#1263);
#1262 = CARTESIAN_POINT('',(1.206,0.));
#1263 = VECTOR('',#1264,1.);
#1264 = DIRECTION('',(0.,-1.));
#1265 = ( GEOMETRIC_REPRESENTATION_CONTEXT(2) 
PARAMETRIC_REPRESENTATION_CONTEXT() REPRESENTATION_CONTEXT('2D SPACE',''
  ) );
#1266 = PCURVE('',#1150,#1267);
#1267 = DEFINITIONAL_REPRESENTATION('',(#1268),#1271);
#1268 = B_SPLINE_CURVE_WITH_KNOTS('',1,(#1269,#1270),.UNSPECIFIED.,.F.,
  .F.,(2,2),(1.990703425722,2.999209889294),.PIECEWISE_BEZIER_KNOTS.);
#1269 = CARTESIAN_POINT('',(3.14159265359,-1.990703425722));
#1270 = CARTESIAN_POINT('',(3.14159265359,-2.999209889294));
#1271 = ( GEOMETRIC_REPRESENTATION_CONTEXT(2) 
PARAMETRIC_REPRESENTATION_CONTEXT() REPRESENTATION_CONTEXT('2D SPACE',''
  ) );
#1272 = ORIENTED_EDGE('',*,*,#1273,.T.);
#1273 = EDGE_CURVE('',#1252,#436,#1274,.T.);
#1274 = SURFACE_CURVE('',#1275,(#1279,#1286),.PCURVE_S1.);
#1275 = LINE('',#1276,#1277);
#1276 = CARTESIAN_POINT('',(-4.824,60.281274166154,14.841302302564));
#1277 = VECTOR('',#1278,1.);
#1278 = DIRECTION('',(-0.,1.745240643728E-02,-0.999847695156));
#1279 = PCURVE('',#479,#1280);
#1280 = DEFINITIONAL_REPRESENTATION('',(#1281),#1285);
#1281 = LINE('',#1282,#1283);
#1282 = CARTESIAN_POINT('',(1.173302302564,-1.991274166154));
#1283 = VECTOR('',#1284,1.);
#1284 = DIRECTION('',(-0.999847695156,-1.745240643728E-02));
#1285 = ( GEOMETRIC_REPRESENTATION_CONTEXT(2) 
PARAMETRIC_REPRESENTATION_CONTEXT() REPRESENTATION_CONTEXT('2D SPACE',''
  ) );
#1286 = PCURVE('',#451,#1287);
#1287 = DEFINITIONAL_REPRESENTATION('',(#1288),#1292);
#1288 = LINE('',#1289,#1290);
#1289 = CARTESIAN_POINT('',(4.824,-1.138371076865));
#1290 = VECTOR('',#1291,1.);
#1291 = DIRECTION('',(0.,-1.));
#1292 = ( GEOMETRIC_REPRESENTATION_CONTEXT(2) 
PARAMETRIC_REPRESENTATION_CONTEXT() REPRESENTATION_CONTEXT('2D SPACE',''
  ) );
#1293 = ORIENTED_EDGE('',*,*,#463,.T.);
#1294 = ORIENTED_EDGE('',*,*,#1110,.F.);
#1295 = ADVANCED_FACE('',(#1296),#451,.T.);
#1296 = FACE_BOUND('',#1297,.T.);
#1297 = EDGE_LOOP('',(#1298,#1299,#1300,#1320,#1348));
#1298 = ORIENTED_EDGE('',*,*,#1273,.T.);
#1299 = ORIENTED_EDGE('',*,*,#435,.T.);
#1300 = ORIENTED_EDGE('',*,*,#1301,.T.);
#1301 = EDGE_CURVE('',#408,#1302,#1304,.T.);
#1302 = VERTEX_POINT('',#1303);
#1303 = CARTESIAN_POINT('',(-19.095,60.261406851444,15.9795));
#1304 = SURFACE_CURVE('',#1305,(#1308,#1314),.PCURVE_S1.);
#1305 = B_SPLINE_CURVE_WITH_KNOTS('',1,(#1306,#1307),.UNSPECIFIED.,.F.,
  .F.,(2,2),(0.,1.),.PIECEWISE_BEZIER_KNOTS.);
#1306 = CARTESIAN_POINT('',(-19.095,60.3,13.7685));
#1307 = CARTESIAN_POINT('',(-19.095,60.261406851444,15.9795));
#1308 = PCURVE('',#451,#1309);
#1309 = DEFINITIONAL_REPRESENTATION('',(#1310),#1313);
#1310 = B_SPLINE_CURVE_WITH_KNOTS('',1,(#1311,#1312),.UNSPECIFIED.,.F.,
  .F.,(2,2),(0.,1.),.PIECEWISE_BEZIER_KNOTS.);
#1311 = CARTESIAN_POINT('',(19.095,-2.211336797305));
#1312 = CARTESIAN_POINT('',(19.095,0.));
#1313 = ( GEOMETRIC_REPRESENTATION_CONTEXT(2) 
PARAMETRIC_REPRESENTATION_CONTEXT() REPRESENTATION_CONTEXT('2D SPACE',''
  ) );
#1314 = PCURVE('',#424,#1315);
#1315 = DEFINITIONAL_REPRESENTATION('',(#1316),#1319);
#1316 = B_SPLINE_CURVE_WITH_KNOTS('',1,(#1317,#1318),.UNSPECIFIED.,.F.,
  .F.,(2,2),(0.,1.),.PIECEWISE_BEZIER_KNOTS.);
#1317 = CARTESIAN_POINT('',(-1.570796326795,-0.5025));
#1318 = CARTESIAN_POINT('',(-1.570796326795,-2.211));
#1319 = ( GEOMETRIC_REPRESENTATION_CONTEXT(2) 
PARAMETRIC_REPRESENTATION_CONTEXT() REPRESENTATION_CONTEXT('2D SPACE',''
  ) );
#1320 = ORIENTED_EDGE('',*,*,#1321,.T.);
#1321 = EDGE_CURVE('',#1302,#1322,#1324,.T.);
#1322 = VERTEX_POINT('',#1323);
#1323 = CARTESIAN_POINT('',(-4.287355530803,60.261406851444,15.9795));
#1324 = SURFACE_CURVE('',#1325,(#1329,#1336),.PCURVE_S1.);
#1325 = LINE('',#1326,#1327);
#1326 = CARTESIAN_POINT('',(0.,60.261406851444,15.9795));
#1327 = VECTOR('',#1328,1.);
#1328 = DIRECTION('',(1.,0.,0.));
#1329 = PCURVE('',#451,#1330);
#1330 = DEFINITIONAL_REPRESENTATION('',(#1331),#1335);
#1331 = LINE('',#1332,#1333);
#1332 = CARTESIAN_POINT('',(0.,0.));
#1333 = VECTOR('',#1334,1.);
#1334 = DIRECTION('',(-1.,0.));
#1335 = ( GEOMETRIC_REPRESENTATION_CONTEXT(2) 
PARAMETRIC_REPRESENTATION_CONTEXT() REPRESENTATION_CONTEXT('2D SPACE',''
  ) );
#1336 = PCURVE('',#1337,#1342);
#1337 = PLANE('',#1338);
#1338 = AXIS2_PLACEMENT_3D('',#1339,#1340,#1341);
#1339 = CARTESIAN_POINT('',(-19.095,-49.245,15.9795));
#1340 = DIRECTION('',(0.,0.,1.));
#1341 = DIRECTION('',(1.,0.,0.));
#1342 = DEFINITIONAL_REPRESENTATION('',(#1343),#1347);
#1343 = LINE('',#1344,#1345);
#1344 = CARTESIAN_POINT('',(19.095,109.50640685144));
#1345 = VECTOR('',#1346,1.);
#1346 = DIRECTION('',(1.,0.));
#1347 = ( GEOMETRIC_REPRESENTATION_CONTEXT(2) 
PARAMETRIC_REPRESENTATION_CONTEXT() REPRESENTATION_CONTEXT('2D SPACE',''
  ) );
#1348 = ORIENTED_EDGE('',*,*,#1349,.F.);
#1349 = EDGE_CURVE('',#1252,#1322,#1350,.T.);
#1350 = SURFACE_CURVE('',#1351,(#1356,#1363),.PCURVE_S1.);
#1351 = ELLIPSE('',#1352,1.407214325558,1.407);
#1352 = AXIS2_PLACEMENT_3D('',#1353,#1354,#1355);
#1353 = CARTESIAN_POINT('',(-3.417,60.280703425722,14.874));
#1354 = DIRECTION('',(-0.,0.999847695156,1.745240643728E-02));
#1355 = DIRECTION('',(0.,-1.745240643728E-02,0.999847695156));
#1356 = PCURVE('',#451,#1357);
#1357 = DEFINITIONAL_REPRESENTATION('',(#1358),#1362);
#1358 = ELLIPSE('',#1359,1.407214325558,1.407);
#1359 = AXIS2_PLACEMENT_2D('',#1360,#1361);
#1360 = CARTESIAN_POINT('',(3.417,-1.105668398653));
#1361 = DIRECTION('',(-0.,1.));
#1362 = ( GEOMETRIC_REPRESENTATION_CONTEXT(2) 
PARAMETRIC_REPRESENTATION_CONTEXT() REPRESENTATION_CONTEXT('2D SPACE',''
  ) );
#1363 = PCURVE('',#1150,#1364);
#1364 = DEFINITIONAL_REPRESENTATION('',(#1365),#1372);
#1365 = B_SPLINE_CURVE_WITH_KNOTS('',5,(#1366,#1367,#1368,#1369,#1370,
    #1371),.UNSPECIFIED.,.F.,.F.,(6,6),(4.712388980385,5.616238962676),
  .PIECEWISE_BEZIER_KNOTS.);
#1366 = CARTESIAN_POINT('',(3.14159265359,-1.990703425722));
#1367 = CARTESIAN_POINT('',(2.960822657132,-1.986263845422));
#1368 = CARTESIAN_POINT('',(2.780052660673,-1.981823781278));
#1369 = CARTESIAN_POINT('',(2.599282664215,-1.977687853477));
#1370 = CARTESIAN_POINT('',(2.418512667757,-1.974153107577));
#1371 = CARTESIAN_POINT('',(2.237742671299,-1.97140679269));
#1372 = ( GEOMETRIC_REPRESENTATION_CONTEXT(2) 
PARAMETRIC_REPRESENTATION_CONTEXT() REPRESENTATION_CONTEXT('2D SPACE',''
  ) );
#1373 = ADVANCED_FACE('',(#1374),#424,.T.);
#1374 = FACE_BOUND('',#1375,.T.);
#1375 = EDGE_LOOP('',(#1376,#1377,#1378,#1398));
#1376 = ORIENTED_EDGE('',*,*,#1301,.F.);
#1377 = ORIENTED_EDGE('',*,*,#407,.T.);
#1378 = ORIENTED_EDGE('',*,*,#1379,.T.);
#1379 = EDGE_CURVE('',#380,#1380,#1382,.T.);
#1380 = VERTEX_POINT('',#1381);
#1381 = CARTESIAN_POINT('',(-30.11140685144,49.245,15.9795));
#1382 = SURFACE_CURVE('',#1383,(#1386,#1392),.PCURVE_S1.);
#1383 = B_SPLINE_CURVE_WITH_KNOTS('',1,(#1384,#1385),.UNSPECIFIED.,.F.,
  .F.,(2,2),(0.,1.),.PIECEWISE_BEZIER_KNOTS.);
#1384 = CARTESIAN_POINT('',(-30.15,49.245,13.7685));
#1385 = CARTESIAN_POINT('',(-30.11140685144,49.245,15.9795));
#1386 = PCURVE('',#424,#1387);
#1387 = DEFINITIONAL_REPRESENTATION('',(#1388),#1391);
#1388 = B_SPLINE_CURVE_WITH_KNOTS('',1,(#1389,#1390),.UNSPECIFIED.,.F.,
  .F.,(2,2),(0.,1.),.PIECEWISE_BEZIER_KNOTS.);
#1389 = CARTESIAN_POINT('',(-3.14159265359,-0.5025));
#1390 = CARTESIAN_POINT('',(-3.14159265359,-2.211));
#1391 = ( GEOMETRIC_REPRESENTATION_CONTEXT(2) 
PARAMETRIC_REPRESENTATION_CONTEXT() REPRESENTATION_CONTEXT('2D SPACE',''
  ) );
#1392 = PCURVE('',#395,#1393);
#1393 = DEFINITIONAL_REPRESENTATION('',(#1394),#1397);
#1394 = B_SPLINE_CURVE_WITH_KNOTS('',1,(#1395,#1396),.UNSPECIFIED.,.F.,
  .F.,(2,2),(0.,1.),.PIECEWISE_BEZIER_KNOTS.);
#1395 = CARTESIAN_POINT('',(-49.245,-2.211336797305));
#1396 = CARTESIAN_POINT('',(-49.245,0.));
#1397 = ( GEOMETRIC_REPRESENTATION_CONTEXT(2) 
PARAMETRIC_REPRESENTATION_CONTEXT() REPRESENTATION_CONTEXT('2D SPACE',''
  ) );
#1398 = ORIENTED_EDGE('',*,*,#1399,.F.);
#1399 = EDGE_CURVE('',#1302,#1380,#1400,.T.);
#1400 = SURFACE_CURVE('',#1401,(#1406,#1412),.PCURVE_S1.);
#1401 = CIRCLE('',#1402,11.016406851444);
#1402 = AXIS2_PLACEMENT_3D('',#1403,#1404,#1405);
#1403 = CARTESIAN_POINT('',(-19.095,49.245,15.9795));
#1404 = DIRECTION('',(0.,0.,1.));
#1405 = DIRECTION('',(1.,0.,0.));
#1406 = PCURVE('',#424,#1407);
#1407 = DEFINITIONAL_REPRESENTATION('',(#1408),#1411);
#1408 = B_SPLINE_CURVE_WITH_KNOTS('',1,(#1409,#1410),.UNSPECIFIED.,.F.,
  .F.,(2,2),(1.570796326795,3.14159265359),.PIECEWISE_BEZIER_KNOTS.);
#1409 = CARTESIAN_POINT('',(-1.570796326795,-2.211));
#1410 = CARTESIAN_POINT('',(-3.14159265359,-2.211));
#1411 = ( GEOMETRIC_REPRESENTATION_CONTEXT(2) 
PARAMETRIC_REPRESENTATION_CONTEXT() REPRESENTATION_CONTEXT('2D SPACE',''
  ) );
#1412 = PCURVE('',#1337,#1413);
#1413 = DEFINITIONAL_REPRESENTATION('',(#1414),#1418);
#1414 = CIRCLE('',#1415,11.016406851444);
#1415 = AXIS2_PLACEMENT_2D('',#1416,#1417);
#1416 = CARTESIAN_POINT('',(0.,98.49));
#1417 = DIRECTION('',(1.,0.));
#1418 = ( GEOMETRIC_REPRESENTATION_CONTEXT(2) 
PARAMETRIC_REPRESENTATION_CONTEXT() REPRESENTATION_CONTEXT('2D SPACE',''
  ) );
#1419 = ADVANCED_FACE('',(#1420),#395,.T.);
#1420 = FACE_BOUND('',#1421,.T.);
#1421 = EDGE_LOOP('',(#1422,#1423,#1443,#1464));
#1422 = ORIENTED_EDGE('',*,*,#379,.T.);
#1423 = ORIENTED_EDGE('',*,*,#1424,.T.);
#1424 = EDGE_CURVE('',#352,#1425,#1427,.T.);
#1425 = VERTEX_POINT('',#1426);
#1426 = CARTESIAN_POINT('',(-30.11140685144,-49.245,15.9795));
#1427 = SURFACE_CURVE('',#1428,(#1431,#1437),.PCURVE_S1.);
#1428 = B_SPLINE_CURVE_WITH_KNOTS('',1,(#1429,#1430),.UNSPECIFIED.,.F.,
  .F.,(2,2),(0.,1.),.PIECEWISE_BEZIER_KNOTS.);
#1429 = CARTESIAN_POINT('',(-30.15,-49.245,13.7685));
#1430 = CARTESIAN_POINT('',(-30.11140685144,-49.245,15.9795));
#1431 = PCURVE('',#395,#1432);
#1432 = DEFINITIONAL_REPRESENTATION('',(#1433),#1436);
#1433 = B_SPLINE_CURVE_WITH_KNOTS('',1,(#1434,#1435),.UNSPECIFIED.,.F.,
  .F.,(2,2),(0.,1.),.PIECEWISE_BEZIER_KNOTS.);
#1434 = CARTESIAN_POINT('',(49.245,-2.211336797305));
#1435 = CARTESIAN_POINT('',(49.245,0.));
#1436 = ( GEOMETRIC_REPRESENTATION_CONTEXT(2) 
PARAMETRIC_REPRESENTATION_CONTEXT() REPRESENTATION_CONTEXT('2D SPACE',''
  ) );
#1437 = PCURVE('',#368,#1438);
#1438 = DEFINITIONAL_REPRESENTATION('',(#1439),#1442);
#1439 = B_SPLINE_CURVE_WITH_KNOTS('',1,(#1440,#1441),.UNSPECIFIED.,.F.,
  .F.,(2,2),(0.,1.),.PIECEWISE_BEZIER_KNOTS.);
#1440 = CARTESIAN_POINT('',(-3.14159265359,-0.5025));
#1441 = CARTESIAN_POINT('',(-3.14159265359,-2.211));
#1442 = ( GEOMETRIC_REPRESENTATION_CONTEXT(2) 
PARAMETRIC_REPRESENTATION_CONTEXT() REPRESENTATION_CONTEXT('2D SPACE',''
  ) );
#1443 = ORIENTED_EDGE('',*,*,#1444,.T.);
#1444 = EDGE_CURVE('',#1425,#1380,#1445,.T.);
#1445 = SURFACE_CURVE('',#1446,(#1450,#1457),.PCURVE_S1.);
#1446 = LINE('',#1447,#1448);
#1447 = CARTESIAN_POINT('',(-30.11140685144,0.,15.9795));
#1448 = VECTOR('',#1449,1.);
#1449 = DIRECTION('',(0.,1.,0.));
#1450 = PCURVE('',#395,#1451);
#1451 = DEFINITIONAL_REPRESENTATION('',(#1452),#1456);
#1452 = LINE('',#1453,#1454);
#1453 = CARTESIAN_POINT('',(0.,0.));
#1454 = VECTOR('',#1455,1.);
#1455 = DIRECTION('',(-1.,0.));
#1456 = ( GEOMETRIC_REPRESENTATION_CONTEXT(2) 
PARAMETRIC_REPRESENTATION_CONTEXT() REPRESENTATION_CONTEXT('2D SPACE',''
  ) );
#1457 = PCURVE('',#1337,#1458);
#1458 = DEFINITIONAL_REPRESENTATION('',(#1459),#1463);
#1459 = LINE('',#1460,#1461);
#1460 = CARTESIAN_POINT('',(-11.01640685144,49.245));
#1461 = VECTOR('',#1462,1.);
#1462 = DIRECTION('',(0.,1.));
#1463 = ( GEOMETRIC_REPRESENTATION_CONTEXT(2) 
PARAMETRIC_REPRESENTATION_CONTEXT() REPRESENTATION_CONTEXT('2D SPACE',''
  ) );
#1464 = ORIENTED_EDGE('',*,*,#1379,.F.);
#1465 = ADVANCED_FACE('',(#1466),#368,.T.);
#1466 = FACE_BOUND('',#1467,.T.);
#1467 = EDGE_LOOP('',(#1468,#1469,#1470,#1490));
#1468 = ORIENTED_EDGE('',*,*,#1424,.F.);
#1469 = ORIENTED_EDGE('',*,*,#351,.T.);
#1470 = ORIENTED_EDGE('',*,*,#1471,.T.);
#1471 = EDGE_CURVE('',#324,#1472,#1474,.T.);
#1472 = VERTEX_POINT('',#1473);
#1473 = CARTESIAN_POINT('',(-19.095,-60.26140685144,15.9795));
#1474 = SURFACE_CURVE('',#1475,(#1478,#1484),.PCURVE_S1.);
#1475 = B_SPLINE_CURVE_WITH_KNOTS('',1,(#1476,#1477),.UNSPECIFIED.,.F.,
  .F.,(2,2),(0.,1.),.PIECEWISE_BEZIER_KNOTS.);
#1476 = CARTESIAN_POINT('',(-19.095,-60.3,13.7685));
#1477 = CARTESIAN_POINT('',(-19.095,-60.26140685144,15.9795));
#1478 = PCURVE('',#368,#1479);
#1479 = DEFINITIONAL_REPRESENTATION('',(#1480),#1483);
#1480 = B_SPLINE_CURVE_WITH_KNOTS('',1,(#1481,#1482),.UNSPECIFIED.,.F.,
  .F.,(2,2),(0.,1.),.PIECEWISE_BEZIER_KNOTS.);
#1481 = CARTESIAN_POINT('',(-4.712388980385,-0.5025));
#1482 = CARTESIAN_POINT('',(-4.712388980385,-2.211));
#1483 = ( GEOMETRIC_REPRESENTATION_CONTEXT(2) 
PARAMETRIC_REPRESENTATION_CONTEXT() REPRESENTATION_CONTEXT('2D SPACE',''
  ) );
#1484 = PCURVE('',#339,#1485);
#1485 = DEFINITIONAL_REPRESENTATION('',(#1486),#1489);
#1486 = B_SPLINE_CURVE_WITH_KNOTS('',1,(#1487,#1488),.UNSPECIFIED.,.F.,
  .F.,(2,2),(0.,1.),.PIECEWISE_BEZIER_KNOTS.);
#1487 = CARTESIAN_POINT('',(-19.095,-2.211336797305));
#1488 = CARTESIAN_POINT('',(-19.095,0.));
#1489 = ( GEOMETRIC_REPRESENTATION_CONTEXT(2) 
PARAMETRIC_REPRESENTATION_CONTEXT() REPRESENTATION_CONTEXT('2D SPACE',''
  ) );
#1490 = ORIENTED_EDGE('',*,*,#1491,.F.);
#1491 = EDGE_CURVE('',#1425,#1472,#1492,.T.);
#1492 = SURFACE_CURVE('',#1493,(#1498,#1504),.PCURVE_S1.);
#1493 = CIRCLE('',#1494,11.016406851444);
#1494 = AXIS2_PLACEMENT_3D('',#1495,#1496,#1497);
#1495 = CARTESIAN_POINT('',(-19.095,-49.245,15.9795));
#1496 = DIRECTION('',(0.,0.,1.));
#1497 = DIRECTION('',(1.,0.,0.));
#1498 = PCURVE('',#368,#1499);
#1499 = DEFINITIONAL_REPRESENTATION('',(#1500),#1503);
#1500 = B_SPLINE_CURVE_WITH_KNOTS('',1,(#1501,#1502),.UNSPECIFIED.,.F.,
  .F.,(2,2),(3.14159265359,4.712388980385),.PIECEWISE_BEZIER_KNOTS.);
#1501 = CARTESIAN_POINT('',(-3.14159265359,-2.211));
#1502 = CARTESIAN_POINT('',(-4.712388980385,-2.211));
#1503 = ( GEOMETRIC_REPRESENTATION_CONTEXT(2) 
PARAMETRIC_REPRESENTATION_CONTEXT() REPRESENTATION_CONTEXT('2D SPACE',''
  ) );
#1504 = PCURVE('',#1337,#1505);
#1505 = DEFINITIONAL_REPRESENTATION('',(#1506),#1510);
#1506 = CIRCLE('',#1507,11.016406851444);
#1507 = AXIS2_PLACEMENT_2D('',#1508,#1509);
#1508 = CARTESIAN_POINT('',(0.,0.));
#1509 = DIRECTION('',(1.,0.));
#1510 = ( GEOMETRIC_REPRESENTATION_CONTEXT(2) 
PARAMETRIC_REPRESENTATION_CONTEXT() REPRESENTATION_CONTEXT('2D SPACE',''
  ) );
#1511 = ADVANCED_FACE('',(#1512),#339,.T.);
#1512 = FACE_BOUND('',#1513,.T.);
#1513 = EDGE_LOOP('',(#1514,#1515,#1516,#1539,#1604));
#1514 = ORIENTED_EDGE('',*,*,#1471,.F.);
#1515 = ORIENTED_EDGE('',*,*,#323,.T.);
#1516 = ORIENTED_EDGE('',*,*,#1517,.T.);
#1517 = EDGE_CURVE('',#296,#1518,#1520,.T.);
#1518 = VERTEX_POINT('',#1519);
#1519 = CARTESIAN_POINT('',(-10.01786683506,-60.29105340647,14.28105));
#1520 = SURFACE_CURVE('',#1521,(#1525,#1532),.PCURVE_S1.);
#1521 = LINE('',#1522,#1523);
#1522 = CARTESIAN_POINT('',(-10.00510171364,-60.27475750678,
    15.214641467737));
#1523 = VECTOR('',#1524,1.);
#1524 = DIRECTION('',(1.36697743445E-02,1.745077575894E-02,
    0.999754273657));
#1525 = PCURVE('',#339,#1526);
#1526 = DEFINITIONAL_REPRESENTATION('',(#1527),#1531);
#1527 = LINE('',#1528,#1529);
#1528 = CARTESIAN_POINT('',(-10.00510171364,-0.764975041667));
#1529 = VECTOR('',#1530,1.);
#1530 = DIRECTION('',(1.36697743445E-02,0.99990656427));
#1531 = ( GEOMETRIC_REPRESENTATION_CONTEXT(2) 
PARAMETRIC_REPRESENTATION_CONTEXT() REPRESENTATION_CONTEXT('2D SPACE',''
  ) );
#1532 = PCURVE('',#311,#1533);
#1533 = DEFINITIONAL_REPRESENTATION('',(#1534),#1538);
#1534 = LINE('',#1535,#1536);
#1535 = CARTESIAN_POINT('',(-0.943641467737,-1.882881968117));
#1536 = VECTOR('',#1537,1.);
#1537 = DIRECTION('',(-0.999754273657,2.216737028198E-02));
#1538 = ( GEOMETRIC_REPRESENTATION_CONTEXT(2) 
PARAMETRIC_REPRESENTATION_CONTEXT() REPRESENTATION_CONTEXT('2D SPACE',''
  ) );
#1539 = ORIENTED_EDGE('',*,*,#1540,.T.);
#1540 = EDGE_CURVE('',#1518,#1541,#1543,.T.);
#1541 = VERTEX_POINT('',#1542);
#1542 = CARTESIAN_POINT('',(-9.249951378552,-60.26140685144,15.9795));
#1543 = SURFACE_CURVE('',#1544,(#1562,#1583),.PCURVE_S1.);
#1544 = B_SPLINE_CURVE_WITH_KNOTS('',6,(#1545,#1546,#1547,#1548,#1549,
    #1550,#1551,#1552,#1553,#1554,#1555,#1556,#1557,#1558,#1559,#1560,
    #1561),.UNSPECIFIED.,.F.,.F.,(7,5,5,7),(0.,0.323381176332,
    0.942836167566,1.),.UNSPECIFIED.);
#1545 = CARTESIAN_POINT('',(-10.01786683506,-60.29105340647,14.28105));
#1546 = CARTESIAN_POINT('',(-10.01645383436,-60.28924957579,
    14.384391390526));
#1547 = CARTESIAN_POINT('',(-10.00952401507,-60.28744707534,
    14.487656571897));
#1548 = CARTESIAN_POINT('',(-9.997089353513,-60.28565236562,
    14.590475423007));
#1549 = CARTESIAN_POINT('',(-9.979194229753,-60.28387180992,
    14.69248339033));
#1550 = CARTESIAN_POINT('',(-9.955914672346,-60.2821116622,
    14.793322186084));
#1551 = CARTESIAN_POINT('',(-9.872654916517,-60.27705723152,
    15.082890325777));
#1552 = CARTESIAN_POINT('',(-9.798579829912,-60.27383333927,
    15.267586989086));
#1553 = CARTESIAN_POINT('',(-9.705887181104,-60.2707501567,
    15.44422240022));
#1554 = CARTESIAN_POINT('',(-9.595744193525,-60.26784742232,
    15.610519941584));
#1555 = CARTESIAN_POINT('',(-9.469624752837,-60.26516148226,
    15.764397344601));
#1556 = CARTESIAN_POINT('',(-9.31643851871,-60.26249923939,
    15.916917136149));
#1557 = CARTESIAN_POINT('',(-9.303376215869,-60.26227643556,
    15.929681558889));
#1558 = CARTESIAN_POINT('',(-9.290194899361,-60.26205577086,
    15.94232343153));
#1559 = CARTESIAN_POINT('',(-9.276896009938,-60.26183726946,
    15.954841368189));
#1560 = CARTESIAN_POINT('',(-9.263481008991,-60.26162095518,
    15.967234004976));
#1561 = CARTESIAN_POINT('',(-9.249951378552,-60.26140685144,15.9795));
#1562 = PCURVE('',#339,#1563);
#1563 = DEFINITIONAL_REPRESENTATION('',(#1564),#1582);
#1564 = B_SPLINE_CURVE_WITH_KNOTS('',6,(#1565,#1566,#1567,#1568,#1569,
    #1570,#1571,#1572,#1573,#1574,#1575,#1576,#1577,#1578,#1579,#1580,
    #1581),.UNSPECIFIED.,.F.,.F.,(7,5,5,7),(0.,0.323381176332,
    0.942836167566,1.),.UNSPECIFIED.);
#1565 = CARTESIAN_POINT('',(-10.01786683506,-1.698708721566));
#1566 = CARTESIAN_POINT('',(-10.01645383436,-1.595351589248));
#1567 = CARTESIAN_POINT('',(-10.00952401507,-1.492070677694));
#1568 = CARTESIAN_POINT('',(-9.997089353513,-1.38923616439));
#1569 = CARTESIAN_POINT('',(-9.979194229753,-1.287212658393));
#1570 = CARTESIAN_POINT('',(-9.955914672346,-1.186358502062));
#1571 = CARTESIAN_POINT('',(-9.872654916517,-0.89674625302));
#1572 = CARTESIAN_POINT('',(-9.798579829912,-0.71202145523));
#1573 = CARTESIAN_POINT('',(-9.705887181104,-0.53535913757));
#1574 = CARTESIAN_POINT('',(-9.595744193525,-0.369036264426));
#1575 = CARTESIAN_POINT('',(-9.469624752837,-0.215135421566));
#1576 = CARTESIAN_POINT('',(-9.31643851871,-6.25923969766E-02));
#1577 = CARTESIAN_POINT('',(-9.303376215869,-4.982602985637E-02));
#1578 = CARTESIAN_POINT('',(-9.290194899361,-3.718223150357E-02));
#1579 = CARTESIAN_POINT('',(-9.276896009938,-2.466238801245E-02));
#1580 = CARTESIAN_POINT('',(-9.263481008991,-1.22678634788E-02));
#1581 = CARTESIAN_POINT('',(-9.249951378552,0.));
#1582 = ( GEOMETRIC_REPRESENTATION_CONTEXT(2) 
PARAMETRIC_REPRESENTATION_CONTEXT() REPRESENTATION_CONTEXT('2D SPACE',''
  ) );
#1583 = PCURVE('',#1035,#1584);
#1584 = DEFINITIONAL_REPRESENTATION('',(#1585),#1603);
#1585 = B_SPLINE_CURVE_WITH_KNOTS('',6,(#1586,#1587,#1588,#1589,#1590,
    #1591,#1592,#1593,#1594,#1595,#1596,#1597,#1598,#1599,#1600,#1601,
    #1602),.UNSPECIFIED.,.F.,.F.,(7,5,5,7),(0.,0.323381176332,
    0.942836167566,1.),.UNSPECIFIED.);
#1586 = CARTESIAN_POINT('',(3.14159265359,0.502967361038));
#1587 = CARTESIAN_POINT('',(3.097097838168,0.503565646504));
#1588 = CARTESIAN_POINT('',(3.052598517048,0.504163490765));
#1589 = CARTESIAN_POINT('',(3.008095520361,0.504758751037));
#1590 = CARTESIAN_POINT('',(2.963588055675,0.505349316773));
#1591 = CARTESIAN_POINT('',(2.919075180127,0.505933113698));
#1592 = CARTESIAN_POINT('',(2.789280694755,0.507609541784));
#1593 = CARTESIAN_POINT('',(2.703974140115,0.508678826112));
#1594 = CARTESIAN_POINT('',(2.61865539175,0.509701440563));
#1595 = CARTESIAN_POINT('',(2.533305916594,0.510664204869));
#1596 = CARTESIAN_POINT('',(2.447907763978,0.511555063927));
#1597 = CARTESIAN_POINT('',(2.354594075319,0.512438063219));
#1598 = CARTESIAN_POINT('',(2.346710149026,0.512511961669));
#1599 = CARTESIAN_POINT('',(2.338825856468,0.512585150627));
#1600 = CARTESIAN_POINT('',(2.330941193322,0.512657622069));
#1601 = CARTESIAN_POINT('',(2.323056155297,0.512729368098));
#1602 = CARTESIAN_POINT('',(2.315170738139,0.512800380947));
#1603 = ( GEOMETRIC_REPRESENTATION_CONTEXT(2) 
PARAMETRIC_REPRESENTATION_CONTEXT() REPRESENTATION_CONTEXT('2D SPACE',''
  ) );
#1604 = ORIENTED_EDGE('',*,*,#1605,.F.);
#1605 = EDGE_CURVE('',#1472,#1541,#1606,.T.);
#1606 = SURFACE_CURVE('',#1607,(#1611,#1618),.PCURVE_S1.);
#1607 = LINE('',#1608,#1609);
#1608 = CARTESIAN_POINT('',(0.,-60.26140685144,15.9795));
#1609 = VECTOR('',#1610,1.);
#1610 = DIRECTION('',(1.,0.,0.));
#1611 = PCURVE('',#339,#1612);
#1612 = DEFINITIONAL_REPRESENTATION('',(#1613),#1617);
#1613 = LINE('',#1614,#1615);
#1614 = CARTESIAN_POINT('',(0.,0.));
#1615 = VECTOR('',#1616,1.);
#1616 = DIRECTION('',(1.,0.));
#1617 = ( GEOMETRIC_REPRESENTATION_CONTEXT(2) 
PARAMETRIC_REPRESENTATION_CONTEXT() REPRESENTATION_CONTEXT('2D SPACE',''
  ) );
#1618 = PCURVE('',#1337,#1619);
#1619 = DEFINITIONAL_REPRESENTATION('',(#1620),#1624);
#1620 = LINE('',#1621,#1622);
#1621 = CARTESIAN_POINT('',(19.095,-11.01640685144));
#1622 = VECTOR('',#1623,1.);
#1623 = DIRECTION('',(1.,0.));
#1624 = ( GEOMETRIC_REPRESENTATION_CONTEXT(2) 
PARAMETRIC_REPRESENTATION_CONTEXT() REPRESENTATION_CONTEXT('2D SPACE',''
  ) );
#1625 = ADVANCED_FACE('',(#1626),#311,.F.);
#1626 = FACE_BOUND('',#1627,.F.);
#1627 = EDGE_LOOP('',(#1628,#1646,#1647,#1648));
#1628 = ORIENTED_EDGE('',*,*,#1629,.F.);
#1629 = EDGE_CURVE('',#972,#1518,#1630,.T.);
#1630 = SURFACE_CURVE('',#1631,(#1634,#1640),.PCURVE_S1.);
#1631 = B_SPLINE_CURVE_WITH_KNOTS('',1,(#1632,#1633),.UNSPECIFIED.,.F.,
  .F.,(2,2),(0.,1.),.PIECEWISE_BEZIER_KNOTS.);
#1632 = CARTESIAN_POINT('',(-11.20575,-61.8075,14.28105));
#1633 = CARTESIAN_POINT('',(-8.844,-58.7925,14.28105));
#1634 = PCURVE('',#311,#1635);
#1635 = DEFINITIONAL_REPRESENTATION('',(#1636),#1639);
#1636 = B_SPLINE_CURVE_WITH_KNOTS('',1,(#1637,#1638),.UNSPECIFIED.,.F.,
  .F.,(2,2),(0.,1.),.PIECEWISE_BEZIER_KNOTS.);
#1637 = CARTESIAN_POINT('',(-1.005E-02,-3.829894001471));
#1638 = CARTESIAN_POINT('',(-1.005E-02,0.));
#1639 = ( GEOMETRIC_REPRESENTATION_CONTEXT(2) 
PARAMETRIC_REPRESENTATION_CONTEXT() REPRESENTATION_CONTEXT('2D SPACE',''
  ) );
#1640 = PCURVE('',#1035,#1641);
#1641 = DEFINITIONAL_REPRESENTATION('',(#1642),#1645);
#1642 = B_SPLINE_CURVE_WITH_KNOTS('',1,(#1643,#1644),.UNSPECIFIED.,.F.,
  .F.,(2,2),(0.166753953072,0.502967361038),.PIECEWISE_BEZIER_KNOTS.);
#1643 = CARTESIAN_POINT('',(3.14159265359,0.166753953072));
#1644 = CARTESIAN_POINT('',(3.14159265359,0.502967361038));
#1645 = ( GEOMETRIC_REPRESENTATION_CONTEXT(2) 
PARAMETRIC_REPRESENTATION_CONTEXT() REPRESENTATION_CONTEXT('2D SPACE',''
  ) );
#1646 = ORIENTED_EDGE('',*,*,#1085,.F.);
#1647 = ORIENTED_EDGE('',*,*,#295,.T.);
#1648 = ORIENTED_EDGE('',*,*,#1517,.T.);
#1649 = ADVANCED_FACE('',(#1650),#1035,.F.);
#1650 = FACE_BOUND('',#1651,.F.);
#1651 = EDGE_LOOP('',(#1652,#1672,#1673,#1674,#1675,#1761));
#1652 = ORIENTED_EDGE('',*,*,#1653,.F.);
#1653 = EDGE_CURVE('',#947,#1654,#1656,.T.);
#1654 = VERTEX_POINT('',#1655);
#1655 = CARTESIAN_POINT('',(-7.35242148567,-59.26236445701,
    16.140689005655));
#1656 = SURFACE_CURVE('',#1657,(#1660,#1666),.PCURVE_S1.);
#1657 = B_SPLINE_CURVE_WITH_KNOTS('',1,(#1658,#1659),.UNSPECIFIED.,.F.,
  .F.,(2,2),(0.,1.),.PIECEWISE_BEZIER_KNOTS.);
#1658 = CARTESIAN_POINT('',(-8.2008,-61.8075,17.286));
#1659 = CARTESIAN_POINT('',(-7.1958,-58.7925,15.92925));
#1660 = PCURVE('',#1035,#1661);
#1661 = DEFINITIONAL_REPRESENTATION('',(#1662),#1665);
#1662 = B_SPLINE_CURVE_WITH_KNOTS('',1,(#1663,#1664),.UNSPECIFIED.,.F.,
  .F.,(2,2),(0.190606544623,0.844157725701),.PIECEWISE_BEZIER_KNOTS.);
#1663 = CARTESIAN_POINT('',(1.570796326795,0.190606544623));
#1664 = CARTESIAN_POINT('',(1.570796326795,0.844157725701));
#1665 = ( GEOMETRIC_REPRESENTATION_CONTEXT(2) 
PARAMETRIC_REPRESENTATION_CONTEXT() REPRESENTATION_CONTEXT('2D SPACE',''
  ) );
#1666 = PCURVE('',#960,#1667);
#1667 = DEFINITIONAL_REPRESENTATION('',(#1668),#1671);
#1668 = B_SPLINE_CURVE_WITH_KNOTS('',1,(#1669,#1670),.UNSPECIFIED.,.F.,
  .F.,(2,2),(0.190606544623,0.844157725701),.PIECEWISE_BEZIER_KNOTS.);
#1669 = CARTESIAN_POINT('',(8.16,0.190606544623));
#1670 = CARTESIAN_POINT('',(8.16,0.844157725701));
#1671 = ( GEOMETRIC_REPRESENTATION_CONTEXT(2) 
PARAMETRIC_REPRESENTATION_CONTEXT() REPRESENTATION_CONTEXT('2D SPACE',''
  ) );
#1672 = ORIENTED_EDGE('',*,*,#971,.F.);
#1673 = ORIENTED_EDGE('',*,*,#1629,.T.);
#1674 = ORIENTED_EDGE('',*,*,#1540,.T.);
#1675 = ORIENTED_EDGE('',*,*,#1676,.T.);
#1676 = EDGE_CURVE('',#1541,#1677,#1679,.T.);
#1677 = VERTEX_POINT('',#1678);
#1678 = CARTESIAN_POINT('',(-8.113777271356,-59.26517802157,15.9795));
#1679 = SURFACE_CURVE('',#1680,(#1707,#1731),.PCURVE_S1.);
#1680 = B_SPLINE_CURVE_WITH_KNOTS('',7,(#1681,#1682,#1683,#1684,#1685,
    #1686,#1687,#1688,#1689,#1690,#1691,#1692,#1693,#1694,#1695,#1696,
    #1697,#1698,#1699,#1700,#1701,#1702,#1703,#1704,#1705,#1706),
  .UNSPECIFIED.,.F.,.F.,(8,6,6,6,8),(0.,1.358589644034E-02,
    0.519161469693,0.839897805753,1.),.UNSPECIFIED.);
#1681 = CARTESIAN_POINT('',(-9.249951378552,-60.26140685144,15.9795));
#1682 = CARTESIAN_POINT('',(-9.246452596799,-60.25789940082,15.9795));
#1683 = CARTESIAN_POINT('',(-9.242952813442,-60.25439314052,15.9795));
#1684 = CARTESIAN_POINT('',(-9.2394520454,-60.25088809907,15.9795));
#1685 = CARTESIAN_POINT('',(-9.235950286512,-60.24738428145,15.9795));
#1686 = CARTESIAN_POINT('',(-9.232447521575,-60.2438816834,15.9795));
#1687 = CARTESIAN_POINT('',(-9.228943740369,-60.24038030585,15.9795));
#1688 = CARTESIAN_POINT('',(-9.095014319761,-60.10662865781,15.9795));
#1689 = CARTESIAN_POINT('',(-8.963273029267,-59.97817267631,15.9795));
#1690 = CARTESIAN_POINT('',(-8.82987180473,-59.85175862404,15.9795));
#1691 = CARTESIAN_POINT('',(-8.694510082229,-59.72784080796,15.9795));
#1692 = CARTESIAN_POINT('',(-8.556829202297,-59.6072198764,15.9795));
#1693 = CARTESIAN_POINT('',(-8.416458483639,-59.4909743069,15.9795));
#1694 = CARTESIAN_POINT('',(-8.181119286264,-59.31147944003,15.9795));
#1695 = CARTESIAN_POINT('',(-8.088513002569,-59.24454437368,15.9795));
#1696 = CARTESIAN_POINT('',(-7.994239748595,-59.18071610736,15.9795));
#1697 = CARTESIAN_POINT('',(-7.898059597988,-59.12074713526,15.9795));
#1698 = CARTESIAN_POINT('',(-7.799859963346,-59.06585256445,15.9795));
#1699 = CARTESIAN_POINT('',(-7.699636837044,-59.01770286499,15.9795));
#1700 = CARTESIAN_POINT('',(-7.546204475576,-58.95935908325,15.9795));
#1701 = CARTESIAN_POINT('',(-7.494639501106,-58.94225245062,15.9795));
#1702 = CARTESIAN_POINT('',(-7.442627285545,-58.92778404936,15.9795));
#1703 = CARTESIAN_POINT('',(-7.390264887215,-58.91633249779,15.9795));
#1704 = CARTESIAN_POINT('',(-7.337712751985,-58.90832233671,15.9795));
#1705 = CARTESIAN_POINT('',(-7.285197677926,-58.90416666666,15.9795));
#1706 = CARTESIAN_POINT('',(-7.233022222222,-58.90416666666,15.9795));
#1707 = PCURVE('',#1035,#1708);
#1708 = DEFINITIONAL_REPRESENTATION('',(#1709),#1730);
#1709 = B_SPLINE_CURVE_WITH_KNOTS('',7,(#1710,#1711,#1712,#1713,#1714,
    #1715,#1716,#1717,#1718,#1719,#1720,#1721,#1722,#1723,#1724,#1725,
    #1726,#1727,#1728,#1729),.UNSPECIFIED.,.F.,.F.,(8,6,6,8),(0.,
    1.358589644034E-02,0.519161469693,0.597865466777),.UNSPECIFIED.);
#1710 = CARTESIAN_POINT('',(2.315170667766,0.512800380947));
#1711 = CARTESIAN_POINT('',(2.314428650682,0.513963714485));
#1712 = CARTESIAN_POINT('',(2.313685122967,0.515126653227));
#1713 = CARTESIAN_POINT('',(2.312939861122,0.516289187702));
#1714 = CARTESIAN_POINT('',(2.312192876658,0.517451316267));
#1715 = CARTESIAN_POINT('',(2.311444273175,0.51861304033));
#1716 = CARTESIAN_POINT('',(2.310694103443,0.519774359584));
#1717 = CARTESIAN_POINT('',(2.281962429174,0.564136431903));
#1718 = CARTESIAN_POINT('',(2.25170183556,0.606742064239));
#1719 = CARTESIAN_POINT('',(2.218783708375,0.648670439785));
#1720 = CARTESIAN_POINT('',(2.18276050874,0.689770876298));
#1721 = CARTESIAN_POINT('',(2.143032088742,0.729777818771));
#1722 = CARTESIAN_POINT('',(2.098876287906,0.768333563215));
#1723 = CARTESIAN_POINT('',(2.041285483201,0.810429618967));
#1724 = CARTESIAN_POINT('',(2.033394403052,0.816045414684));
#1725 = CARTESIAN_POINT('',(2.02536447529,0.821604742279));
#1726 = CARTESIAN_POINT('',(2.017190254378,0.82710532777));
#1727 = CARTESIAN_POINT('',(2.008866244452,0.832544413746));
#1728 = CARTESIAN_POINT('',(2.0003869032,0.837918742001));
#1729 = CARTESIAN_POINT('',(1.991746648483,0.843224534407));
#1730 = ( GEOMETRIC_REPRESENTATION_CONTEXT(2) 
PARAMETRIC_REPRESENTATION_CONTEXT() REPRESENTATION_CONTEXT('2D SPACE',''
  ) );
#1731 = PCURVE('',#1337,#1732);
#1732 = DEFINITIONAL_REPRESENTATION('',(#1733),#1760);
#1733 = B_SPLINE_CURVE_WITH_KNOTS('',7,(#1734,#1735,#1736,#1737,#1738,
    #1739,#1740,#1741,#1742,#1743,#1744,#1745,#1746,#1747,#1748,#1749,
    #1750,#1751,#1752,#1753,#1754,#1755,#1756,#1757,#1758,#1759),
  .UNSPECIFIED.,.F.,.F.,(8,6,6,6,8),(0.,1.358589644034E-02,
    0.519161469693,0.839897805753,1.),.UNSPECIFIED.);
#1734 = CARTESIAN_POINT('',(9.845048621448,-11.01640685144));
#1735 = CARTESIAN_POINT('',(9.848547403201,-11.01289940082));
#1736 = CARTESIAN_POINT('',(9.852047186558,-11.00939314052));
#1737 = CARTESIAN_POINT('',(9.8555479546,-11.00588809907));
#1738 = CARTESIAN_POINT('',(9.859049713488,-11.00238428145));
#1739 = CARTESIAN_POINT('',(9.862552478425,-10.9988816834));
#1740 = CARTESIAN_POINT('',(9.866056259631,-10.99538030585));
#1741 = CARTESIAN_POINT('',(9.999985680239,-10.86162865781));
#1742 = CARTESIAN_POINT('',(10.131726970733,-10.73317267631));
#1743 = CARTESIAN_POINT('',(10.26512819527,-10.60675862404));
#1744 = CARTESIAN_POINT('',(10.400489917771,-10.48284080796));
#1745 = CARTESIAN_POINT('',(10.538170797703,-10.3622198764));
#1746 = CARTESIAN_POINT('',(10.678541516361,-10.2459743069));
#1747 = CARTESIAN_POINT('',(10.913880713736,-10.06647944003));
#1748 = CARTESIAN_POINT('',(11.006486997431,-9.999544373686));
#1749 = CARTESIAN_POINT('',(11.100760251405,-9.935716107368));
#1750 = CARTESIAN_POINT('',(11.196940402012,-9.875747135269));
#1751 = CARTESIAN_POINT('',(11.295140036654,-9.820852564456));
#1752 = CARTESIAN_POINT('',(11.395363162956,-9.772702864997));
#1753 = CARTESIAN_POINT('',(11.548795524424,-9.714359083254));
#1754 = CARTESIAN_POINT('',(11.600360498894,-9.697252450628));
#1755 = CARTESIAN_POINT('',(11.652372714455,-9.68278404936));
#1756 = CARTESIAN_POINT('',(11.704735112785,-9.67133249779));
#1757 = CARTESIAN_POINT('',(11.757287248015,-9.66332233671));
#1758 = CARTESIAN_POINT('',(11.809802322074,-9.659166666667));
#1759 = CARTESIAN_POINT('',(11.861977777778,-9.659166666667));
#1760 = ( GEOMETRIC_REPRESENTATION_CONTEXT(2) 
PARAMETRIC_REPRESENTATION_CONTEXT() REPRESENTATION_CONTEXT('2D SPACE',''
  ) );
#1761 = ORIENTED_EDGE('',*,*,#1762,.T.);
#1762 = EDGE_CURVE('',#1677,#1654,#1763,.T.);
#1763 = SURFACE_CURVE('',#1764,(#1772,#1783),.PCURVE_S1.);
#1764 = B_SPLINE_CURVE_WITH_KNOTS('',6,(#1765,#1766,#1767,#1768,#1769,
    #1770,#1771),.UNSPECIFIED.,.F.,.F.,(7,7),(0.,1.),
  .PIECEWISE_BEZIER_KNOTS.);
#1765 = CARTESIAN_POINT('',(-8.113777271356,-59.26517802157,15.9795));
#1766 = CARTESIAN_POINT('',(-7.994277900719,-59.2642545047,
    16.032408245734));
#1767 = CARTESIAN_POINT('',(-7.870388359936,-59.26350445689,
    16.075378456329));
#1768 = CARTESIAN_POINT('',(-7.743152008116,-59.26293614188,
    16.107937201446));
#1769 = CARTESIAN_POINT('',(-7.613657583302,-59.26255509638,
    16.129767283322));
#1770 = CARTESIAN_POINT('',(-7.483028940137,-59.26236445701,
    16.140689005655));
#1771 = CARTESIAN_POINT('',(-7.35242148567,-59.26236445701,
    16.140689005655));
#1772 = PCURVE('',#1035,#1773);
#1773 = DEFINITIONAL_REPRESENTATION('',(#1774),#1782);
#1774 = B_SPLINE_CURVE_WITH_KNOTS('',6,(#1775,#1776,#1777,#1778,#1779,
    #1780,#1781),.UNSPECIFIED.,.F.,.F.,(7,7),(0.,1.),
  .PIECEWISE_BEZIER_KNOTS.);
#1775 = CARTESIAN_POINT('',(1.991746611793,0.843224536793));
#1776 = CARTESIAN_POINT('',(1.921669948075,0.84353084421));
#1777 = CARTESIAN_POINT('',(1.851556645673,0.843779616289));
#1778 = CARTESIAN_POINT('',(1.781413800711,0.843968112146));
#1779 = CARTESIAN_POINT('',(1.71123895024,0.844094495395));
#1780 = CARTESIAN_POINT('',(1.641029019306,0.844157725701));
#1781 = CARTESIAN_POINT('',(1.570796326795,0.844157725701));
#1782 = ( GEOMETRIC_REPRESENTATION_CONTEXT(2) 
PARAMETRIC_REPRESENTATION_CONTEXT() REPRESENTATION_CONTEXT('2D SPACE',''
  ) );
#1783 = PCURVE('',#1784,#1789);
#1784 = PLANE('',#1785);
#1785 = AXIS2_PLACEMENT_3D('',#1786,#1787,#1788);
#1786 = CARTESIAN_POINT('',(0.,-59.19325442653,20.1));
#1787 = DIRECTION('',(0.,-0.999847695156,1.745240643728E-02));
#1788 = DIRECTION('',(1.,0.,0.));
#1789 = DEFINITIONAL_REPRESENTATION('',(#1790),#1798);
#1790 = B_SPLINE_CURVE_WITH_KNOTS('',6,(#1791,#1792,#1793,#1794,#1795,
    #1796,#1797),.UNSPECIFIED.,.F.,.F.,(7,7),(0.,1.),
  .PIECEWISE_BEZIER_KNOTS.);
#1791 = CARTESIAN_POINT('',(-8.113777271356,-4.121127667705));
#1792 = CARTESIAN_POINT('',(-7.994277900719,-4.068211362561));
#1793 = CARTESIAN_POINT('',(-7.870388359936,-4.025234606398));
#1794 = CARTESIAN_POINT('',(-7.743152008116,-3.992670901671));
#1795 = CARTESIAN_POINT('',(-7.613657583302,-3.970837494461));
#1796 = CARTESIAN_POINT('',(-7.483028940137,-3.959914108444));
#1797 = CARTESIAN_POINT('',(-7.35242148567,-3.959914108444));
#1798 = ( GEOMETRIC_REPRESENTATION_CONTEXT(2) 
PARAMETRIC_REPRESENTATION_CONTEXT() REPRESENTATION_CONTEXT('2D SPACE',''
  ) );
#1799 = ADVANCED_FACE('',(#1800),#960,.F.);
#1800 = FACE_BOUND('',#1801,.F.);
#1801 = EDGE_LOOP('',(#1802,#1803,#1804,#1824));
#1802 = ORIENTED_EDGE('',*,*,#946,.F.);
#1803 = ORIENTED_EDGE('',*,*,#1653,.T.);
#1804 = ORIENTED_EDGE('',*,*,#1805,.T.);
#1805 = EDGE_CURVE('',#1654,#1806,#1808,.T.);
#1806 = VERTEX_POINT('',#1807);
#1807 = CARTESIAN_POINT('',(7.35242148567,-59.26236445701,
    16.140689005655));
#1808 = SURFACE_CURVE('',#1809,(#1812,#1818),.PCURVE_S1.);
#1809 = B_SPLINE_CURVE_WITH_KNOTS('',1,(#1810,#1811),.UNSPECIFIED.,.F.,
  .F.,(2,2),(0.,1.),.PIECEWISE_BEZIER_KNOTS.);
#1810 = CARTESIAN_POINT('',(-7.35242148567,-59.26236445701,
    16.140689005655));
#1811 = CARTESIAN_POINT('',(7.35242148567,-59.26236445701,
    16.140689005655));
#1812 = PCURVE('',#960,#1813);
#1813 = DEFINITIONAL_REPRESENTATION('',(#1814),#1817);
#1814 = B_SPLINE_CURVE_WITH_KNOTS('',1,(#1815,#1816),.UNSPECIFIED.,.F.,
  .F.,(2,2),(0.,1.),.PIECEWISE_BEZIER_KNOTS.);
#1815 = CARTESIAN_POINT('',(8.16,0.844157725701));
#1816 = CARTESIAN_POINT('',(-8.16,0.844157725701));
#1817 = ( GEOMETRIC_REPRESENTATION_CONTEXT(2) 
PARAMETRIC_REPRESENTATION_CONTEXT() REPRESENTATION_CONTEXT('2D SPACE',''
  ) );
#1818 = PCURVE('',#1784,#1819);
#1819 = DEFINITIONAL_REPRESENTATION('',(#1820),#1823);
#1820 = B_SPLINE_CURVE_WITH_KNOTS('',1,(#1821,#1822),.UNSPECIFIED.,.F.,
  .F.,(2,2),(0.,1.),.PIECEWISE_BEZIER_KNOTS.);
#1821 = CARTESIAN_POINT('',(-7.35242148567,-3.959914108444));
#1822 = CARTESIAN_POINT('',(7.35242148567,-3.959914108444));
#1823 = ( GEOMETRIC_REPRESENTATION_CONTEXT(2) 
PARAMETRIC_REPRESENTATION_CONTEXT() REPRESENTATION_CONTEXT('2D SPACE',''
  ) );
#1824 = ORIENTED_EDGE('',*,*,#1825,.F.);
#1825 = EDGE_CURVE('',#824,#1806,#1826,.T.);
#1826 = SURFACE_CURVE('',#1827,(#1830,#1836),.PCURVE_S1.);
#1827 = B_SPLINE_CURVE_WITH_KNOTS('',1,(#1828,#1829),.UNSPECIFIED.,.F.,
  .F.,(2,2),(0.,1.),.PIECEWISE_BEZIER_KNOTS.);
#1828 = CARTESIAN_POINT('',(8.2008,-61.8075,17.286));
#1829 = CARTESIAN_POINT('',(7.1958,-58.7925,15.92925));
#1830 = PCURVE('',#960,#1831);
#1831 = DEFINITIONAL_REPRESENTATION('',(#1832),#1835);
#1832 = B_SPLINE_CURVE_WITH_KNOTS('',1,(#1833,#1834),.UNSPECIFIED.,.F.,
  .F.,(2,2),(0.190606544623,0.844157725701),.PIECEWISE_BEZIER_KNOTS.);
#1833 = CARTESIAN_POINT('',(-8.16,0.190606544623));
#1834 = CARTESIAN_POINT('',(-8.16,0.844157725701));
#1835 = ( GEOMETRIC_REPRESENTATION_CONTEXT(2) 
PARAMETRIC_REPRESENTATION_CONTEXT() REPRESENTATION_CONTEXT('2D SPACE',''
  ) );
#1836 = PCURVE('',#893,#1837);
#1837 = DEFINITIONAL_REPRESENTATION('',(#1838),#1841);
#1838 = B_SPLINE_CURVE_WITH_KNOTS('',1,(#1839,#1840),.UNSPECIFIED.,.F.,
  .F.,(2,2),(0.190606544623,0.844157725701),.PIECEWISE_BEZIER_KNOTS.);
#1839 = CARTESIAN_POINT('',(1.570796326795,0.190606544623));
#1840 = CARTESIAN_POINT('',(1.570796326795,0.844157725701));
#1841 = ( GEOMETRIC_REPRESENTATION_CONTEXT(2) 
PARAMETRIC_REPRESENTATION_CONTEXT() REPRESENTATION_CONTEXT('2D SPACE',''
  ) );
#1842 = ADVANCED_FACE('',(#1843),#893,.F.);
#1843 = FACE_BOUND('',#1844,.F.);
#1844 = EDGE_LOOP('',(#1845,#1865,#1866,#1867,#1902,#1993));
#1845 = ORIENTED_EDGE('',*,*,#1846,.F.);
#1846 = EDGE_CURVE('',#801,#1847,#1849,.T.);
#1847 = VERTEX_POINT('',#1848);
#1848 = CARTESIAN_POINT('',(10.017866835069,-60.29105340647,14.28105));
#1849 = SURFACE_CURVE('',#1850,(#1853,#1859),.PCURVE_S1.);
#1850 = B_SPLINE_CURVE_WITH_KNOTS('',1,(#1851,#1852),.UNSPECIFIED.,.F.,
  .F.,(2,2),(0.,1.),.PIECEWISE_BEZIER_KNOTS.);
#1851 = CARTESIAN_POINT('',(11.20575,-61.8075,14.28105));
#1852 = CARTESIAN_POINT('',(8.844,-58.7925,14.28105));
#1853 = PCURVE('',#893,#1854);
#1854 = DEFINITIONAL_REPRESENTATION('',(#1855),#1858);
#1855 = B_SPLINE_CURVE_WITH_KNOTS('',1,(#1856,#1857),.UNSPECIFIED.,.F.,
  .F.,(2,2),(0.166753953072,0.502967361038),.PIECEWISE_BEZIER_KNOTS.);
#1856 = CARTESIAN_POINT('',(0.,0.166753953072));
#1857 = CARTESIAN_POINT('',(0.,0.502967361038));
#1858 = ( GEOMETRIC_REPRESENTATION_CONTEXT(2) 
PARAMETRIC_REPRESENTATION_CONTEXT() REPRESENTATION_CONTEXT('2D SPACE',''
  ) );
#1859 = PCURVE('',#701,#1860);
#1860 = DEFINITIONAL_REPRESENTATION('',(#1861),#1864);
#1861 = B_SPLINE_CURVE_WITH_KNOTS('',1,(#1862,#1863),.UNSPECIFIED.,.F.,
  .F.,(2,2),(0.,1.),.PIECEWISE_BEZIER_KNOTS.);
#1862 = CARTESIAN_POINT('',(1.005E-02,-3.829894001471));
#1863 = CARTESIAN_POINT('',(1.005E-02,0.));
#1864 = ( GEOMETRIC_REPRESENTATION_CONTEXT(2) 
PARAMETRIC_REPRESENTATION_CONTEXT() REPRESENTATION_CONTEXT('2D SPACE',''
  ) );
#1865 = ORIENTED_EDGE('',*,*,#823,.F.);
#1866 = ORIENTED_EDGE('',*,*,#1825,.T.);
#1867 = ORIENTED_EDGE('',*,*,#1868,.T.);
#1868 = EDGE_CURVE('',#1806,#1869,#1871,.T.);
#1869 = VERTEX_POINT('',#1870);
#1870 = CARTESIAN_POINT('',(8.113777271356,-59.26517802157,15.9795));
#1871 = SURFACE_CURVE('',#1872,(#1880,#1891),.PCURVE_S1.);
#1872 = B_SPLINE_CURVE_WITH_KNOTS('',6,(#1873,#1874,#1875,#1876,#1877,
    #1878,#1879),.UNSPECIFIED.,.F.,.F.,(7,7),(0.,1.),
  .PIECEWISE_BEZIER_KNOTS.);
#1873 = CARTESIAN_POINT('',(7.35242148567,-59.26236445701,
    16.140689005655));
#1874 = CARTESIAN_POINT('',(7.483028946743,-59.26236445701,
    16.140689005655));
#1875 = CARTESIAN_POINT('',(7.613657605873,-59.26255509662,
    16.12976726964));
#1876 = CARTESIAN_POINT('',(7.743151964008,-59.26293614132,
    16.107937233287));
#1877 = CARTESIAN_POINT('',(7.87038842051,-59.26350445749,
    16.075378421751));
#1878 = CARTESIAN_POINT('',(7.994277904279,-59.26425450463,
    16.032408249814));
#1879 = CARTESIAN_POINT('',(8.113777271356,-59.26517802157,15.9795));
#1880 = PCURVE('',#893,#1881);
#1881 = DEFINITIONAL_REPRESENTATION('',(#1882),#1890);
#1882 = B_SPLINE_CURVE_WITH_KNOTS('',6,(#1883,#1884,#1885,#1886,#1887,
    #1888,#1889),.UNSPECIFIED.,.F.,.F.,(7,7),(0.,1.),
  .PIECEWISE_BEZIER_KNOTS.);
#1883 = CARTESIAN_POINT('',(1.570796326795,0.844157725701));
#1884 = CARTESIAN_POINT('',(1.500563630731,0.844157725701));
#1885 = CARTESIAN_POINT('',(1.430353754821,0.844094495316));
#1886 = CARTESIAN_POINT('',(1.360178715759,0.84396811233));
#1887 = CARTESIAN_POINT('',(1.290036129521,0.843779616088));
#1888 = CARTESIAN_POINT('',(1.219922664608,0.843530844234));
#1889 = CARTESIAN_POINT('',(1.14984600176,0.843224536793));
#1890 = ( GEOMETRIC_REPRESENTATION_CONTEXT(2) 
PARAMETRIC_REPRESENTATION_CONTEXT() REPRESENTATION_CONTEXT('2D SPACE',''
  ) );
#1891 = PCURVE('',#1784,#1892);
#1892 = DEFINITIONAL_REPRESENTATION('',(#1893),#1901);
#1893 = B_SPLINE_CURVE_WITH_KNOTS('',6,(#1894,#1895,#1896,#1897,#1898,
    #1899,#1900),.UNSPECIFIED.,.F.,.F.,(7,7),(0.,1.),
  .PIECEWISE_BEZIER_KNOTS.);
#1894 = CARTESIAN_POINT('',(7.35242148567,-3.959914108444));
#1895 = CARTESIAN_POINT('',(7.483028946743,-3.959914108444));
#1896 = CARTESIAN_POINT('',(7.613657605873,-3.970837508146));
#1897 = CARTESIAN_POINT('',(7.743151964008,-3.992670869825));
#1898 = CARTESIAN_POINT('',(7.87038842051,-4.025234640981));
#1899 = CARTESIAN_POINT('',(7.994277904279,-4.068211358481));
#1900 = CARTESIAN_POINT('',(8.113777271356,-4.121127667705));
#1901 = ( GEOMETRIC_REPRESENTATION_CONTEXT(2) 
PARAMETRIC_REPRESENTATION_CONTEXT() REPRESENTATION_CONTEXT('2D SPACE',''
  ) );
#1902 = ORIENTED_EDGE('',*,*,#1903,.F.);
#1903 = EDGE_CURVE('',#1904,#1869,#1906,.T.);
#1904 = VERTEX_POINT('',#1905);
#1905 = CARTESIAN_POINT('',(9.249951378552,-60.26140685144,15.9795));
#1906 = SURFACE_CURVE('',#1907,(#1934,#1958),.PCURVE_S1.);
#1907 = B_SPLINE_CURVE_WITH_KNOTS('',7,(#1908,#1909,#1910,#1911,#1912,
    #1913,#1914,#1915,#1916,#1917,#1918,#1919,#1920,#1921,#1922,#1923,
    #1924,#1925,#1926,#1927,#1928,#1929,#1930,#1931,#1932,#1933),
  .UNSPECIFIED.,.F.,.F.,(8,6,6,6,8),(0.,1.358589644032E-02,
    0.519161469692,0.839897805753,1.),.UNSPECIFIED.);
#1908 = CARTESIAN_POINT('',(9.249951378552,-60.26140685144,15.9795));
#1909 = CARTESIAN_POINT('',(9.246452596799,-60.25789940082,15.9795));
#1910 = CARTESIAN_POINT('',(9.242952813442,-60.25439314052,15.9795));
#1911 = CARTESIAN_POINT('',(9.2394520454,-60.25088809907,15.9795));
#1912 = CARTESIAN_POINT('',(9.235950286512,-60.24738428145,15.9795));
#1913 = CARTESIAN_POINT('',(9.232447521575,-60.2438816834,15.9795));
#1914 = CARTESIAN_POINT('',(9.228943740369,-60.24038030585,15.9795));
#1915 = CARTESIAN_POINT('',(9.095014319761,-60.10662865781,15.9795));
#1916 = CARTESIAN_POINT('',(8.963273029266,-59.97817267631,15.9795));
#1917 = CARTESIAN_POINT('',(8.829871804731,-59.85175862405,15.9795));
#1918 = CARTESIAN_POINT('',(8.694510082228,-59.72784080796,15.9795));
#1919 = CARTESIAN_POINT('',(8.556829202297,-59.6072198764,15.9795));
#1920 = CARTESIAN_POINT('',(8.416458483639,-59.4909743069,15.9795));
#1921 = CARTESIAN_POINT('',(8.181119286264,-59.31147944003,15.9795));
#1922 = CARTESIAN_POINT('',(8.08851300257,-59.24454437368,15.9795));
#1923 = CARTESIAN_POINT('',(7.994239748594,-59.18071610736,15.9795));
#1924 = CARTESIAN_POINT('',(7.89805959799,-59.12074713526,15.9795));
#1925 = CARTESIAN_POINT('',(7.799859963345,-59.06585256445,15.9795));
#1926 = CARTESIAN_POINT('',(7.699636837044,-59.01770286499,15.9795));
#1927 = CARTESIAN_POINT('',(7.546204475576,-58.95935908325,15.9795));
#1928 = CARTESIAN_POINT('',(7.494639501106,-58.94225245062,15.9795));
#1929 = CARTESIAN_POINT('',(7.442627285544,-58.92778404936,15.9795));
#1930 = CARTESIAN_POINT('',(7.390264887215,-58.91633249779,15.9795));
#1931 = CARTESIAN_POINT('',(7.337712751985,-58.90832233671,15.9795));
#1932 = CARTESIAN_POINT('',(7.285197677926,-58.90416666666,15.9795));
#1933 = CARTESIAN_POINT('',(7.233022222222,-58.90416666666,15.9795));
#1934 = PCURVE('',#893,#1935);
#1935 = DEFINITIONAL_REPRESENTATION('',(#1936),#1957);
#1936 = B_SPLINE_CURVE_WITH_KNOTS('',7,(#1937,#1938,#1939,#1940,#1941,
    #1942,#1943,#1944,#1945,#1946,#1947,#1948,#1949,#1950,#1951,#1952,
    #1953,#1954,#1955,#1956),.UNSPECIFIED.,.F.,.F.,(8,6,6,8),(0.,
    1.358589644032E-02,0.519161469692,0.597865466777),.UNSPECIFIED.);
#1937 = CARTESIAN_POINT('',(0.826421985824,0.512800380947));
#1938 = CARTESIAN_POINT('',(0.827164002907,0.513963714485));
#1939 = CARTESIAN_POINT('',(0.827907530622,0.515126653227));
#1940 = CARTESIAN_POINT('',(0.828652792468,0.516289187702));
#1941 = CARTESIAN_POINT('',(0.829399776932,0.517451316267));
#1942 = CARTESIAN_POINT('',(0.830148380415,0.51861304033));
#1943 = CARTESIAN_POINT('',(0.830898550147,0.519774359584));
#1944 = CARTESIAN_POINT('',(0.859630224415,0.564136431903));
#1945 = CARTESIAN_POINT('',(0.88989081803,0.606742064239));
#1946 = CARTESIAN_POINT('',(0.922808945214,0.648670439784));
#1947 = CARTESIAN_POINT('',(0.95883214485,0.689770876298));
#1948 = CARTESIAN_POINT('',(0.998560564848,0.729777818771));
#1949 = CARTESIAN_POINT('',(1.042716365684,0.768333563215));
#1950 = CARTESIAN_POINT('',(1.100307170389,0.810429618967));
#1951 = CARTESIAN_POINT('',(1.108198250538,0.816045414684));
#1952 = CARTESIAN_POINT('',(1.1162281783,0.821604742279));
#1953 = CARTESIAN_POINT('',(1.124402399212,0.82710532777));
#1954 = CARTESIAN_POINT('',(1.132726409138,0.832544413746));
#1955 = CARTESIAN_POINT('',(1.14120575039,0.837918742001));
#1956 = CARTESIAN_POINT('',(1.149846005107,0.843224534407));
#1957 = ( GEOMETRIC_REPRESENTATION_CONTEXT(2) 
PARAMETRIC_REPRESENTATION_CONTEXT() REPRESENTATION_CONTEXT('2D SPACE',''
  ) );
#1958 = PCURVE('',#1959,#1964);
#1959 = PLANE('',#1960);
#1960 = AXIS2_PLACEMENT_3D('',#1961,#1962,#1963);
#1961 = CARTESIAN_POINT('',(-19.095,-49.245,15.9795));
#1962 = DIRECTION('',(0.,0.,1.));
#1963 = DIRECTION('',(1.,0.,0.));
#1964 = DEFINITIONAL_REPRESENTATION('',(#1965),#1992);
#1965 = B_SPLINE_CURVE_WITH_KNOTS('',7,(#1966,#1967,#1968,#1969,#1970,
    #1971,#1972,#1973,#1974,#1975,#1976,#1977,#1978,#1979,#1980,#1981,
    #1982,#1983,#1984,#1985,#1986,#1987,#1988,#1989,#1990,#1991),
  .UNSPECIFIED.,.F.,.F.,(8,6,6,6,8),(0.,1.358589644032E-02,
    0.519161469692,0.839897805753,1.),.UNSPECIFIED.);
#1966 = CARTESIAN_POINT('',(28.344951378552,-11.01640685144));
#1967 = CARTESIAN_POINT('',(28.341452596799,-11.01289940082));
#1968 = CARTESIAN_POINT('',(28.337952813442,-11.00939314052));
#1969 = CARTESIAN_POINT('',(28.3344520454,-11.00588809907));
#1970 = CARTESIAN_POINT('',(28.330950286512,-11.00238428145));
#1971 = CARTESIAN_POINT('',(28.327447521575,-10.9988816834));
#1972 = CARTESIAN_POINT('',(28.323943740369,-10.99538030585));
#1973 = CARTESIAN_POINT('',(28.190014319761,-10.86162865781));
#1974 = CARTESIAN_POINT('',(28.058273029266,-10.73317267631));
#1975 = CARTESIAN_POINT('',(27.924871804731,-10.60675862405));
#1976 = CARTESIAN_POINT('',(27.789510082228,-10.48284080796));
#1977 = CARTESIAN_POINT('',(27.651829202297,-10.3622198764));
#1978 = CARTESIAN_POINT('',(27.511458483639,-10.2459743069));
#1979 = CARTESIAN_POINT('',(27.276119286264,-10.06647944003));
#1980 = CARTESIAN_POINT('',(27.18351300257,-9.999544373686));
#1981 = CARTESIAN_POINT('',(27.089239748594,-9.935716107368));
#1982 = CARTESIAN_POINT('',(26.99305959799,-9.875747135269));
#1983 = CARTESIAN_POINT('',(26.894859963345,-9.820852564456));
#1984 = CARTESIAN_POINT('',(26.794636837044,-9.772702864997));
#1985 = CARTESIAN_POINT('',(26.641204475576,-9.714359083254));
#1986 = CARTESIAN_POINT('',(26.589639501106,-9.697252450628));
#1987 = CARTESIAN_POINT('',(26.537627285544,-9.68278404936));
#1988 = CARTESIAN_POINT('',(26.485264887215,-9.67133249779));
#1989 = CARTESIAN_POINT('',(26.432712751985,-9.66332233671));
#1990 = CARTESIAN_POINT('',(26.380197677926,-9.659166666667));
#1991 = CARTESIAN_POINT('',(26.328022222222,-9.659166666667));
#1992 = ( GEOMETRIC_REPRESENTATION_CONTEXT(2) 
PARAMETRIC_REPRESENTATION_CONTEXT() REPRESENTATION_CONTEXT('2D SPACE',''
  ) );
#1993 = ORIENTED_EDGE('',*,*,#1994,.T.);
#1994 = EDGE_CURVE('',#1904,#1847,#1995,.T.);
#1995 = SURFACE_CURVE('',#1996,(#2009,#2025),.PCURVE_S1.);
#1996 = B_SPLINE_CURVE_WITH_KNOTS('',6,(#1997,#1998,#1999,#2000,#2001,
    #2002,#2003,#2004,#2005,#2006,#2007,#2008),.UNSPECIFIED.,.F.,.F.,(7,
    5,7),(0.,0.675919188619,1.),.UNSPECIFIED.);
#1997 = CARTESIAN_POINT('',(9.249951378552,-60.26140685144,15.9795));
#1998 = CARTESIAN_POINT('',(9.409927130372,-60.26393843623,
    15.834465604224));
#1999 = CARTESIAN_POINT('',(9.553904733831,-60.26677952254,
    15.671699878535));
#2000 = CARTESIAN_POINT('',(9.67936204922,-60.26989060078,
    15.493466325893));
#2001 = CARTESIAN_POINT('',(9.784311466165,-60.27322538936,
    15.302416416061));
#2002 = CARTESIAN_POINT('',(9.867181308686,-60.27673277632,
    15.101478351653));
#2003 = CARTESIAN_POINT('',(9.955663819878,-60.28209271529,
    14.794407653545));
#2004 = CARTESIAN_POINT('',(9.979039965981,-60.28385647624,
    14.693361856821));
#2005 = CARTESIAN_POINT('',(9.997008961494,-60.28564077368,
    14.591139524604));
#2006 = CARTESIAN_POINT('',(10.009494149454,-60.28743931377,
    14.488101231724));
#2007 = CARTESIAN_POINT('',(10.016450792219,-60.28924569219,
    14.384613881561));
#2008 = CARTESIAN_POINT('',(10.017866835069,-60.29105340647,14.28105));
#2009 = PCURVE('',#893,#2010);
#2010 = DEFINITIONAL_REPRESENTATION('',(#2011),#2024);
#2011 = B_SPLINE_CURVE_WITH_KNOTS('',6,(#2012,#2013,#2014,#2015,#2016,
    #2017,#2018,#2019,#2020,#2021,#2022,#2023),.UNSPECIFIED.,.F.,.F.,(7,
    5,7),(0.,0.675919188619,1.),.UNSPECIFIED.);
#2012 = CARTESIAN_POINT('',(0.82642191545,0.512800380947));
#2013 = CARTESIAN_POINT('',(0.733183926141,0.511960717665));
#2014 = CARTESIAN_POINT('',(0.639982812281,0.511018400481));
#2015 = CARTESIAN_POINT('',(0.546845938242,0.509986533737));
#2016 = CARTESIAN_POINT('',(0.453747165815,0.508880467873));
#2017 = CARTESIAN_POINT('',(0.360659267852,0.507717155448));
#2018 = CARTESIAN_POINT('',(0.222996651298,0.505939397911));
#2019 = CARTESIAN_POINT('',(0.178387894774,0.505354402574));
#2020 = CARTESIAN_POINT('',(0.133784578517,0.504762595793));
#2021 = CARTESIAN_POINT('',(8.918575077284E-02,0.504166065082));
#2022 = CARTESIAN_POINT('',(4.459061147615E-02,0.503566934596));
#2023 = CARTESIAN_POINT('',(0.,0.502967361038));
#2024 = ( GEOMETRIC_REPRESENTATION_CONTEXT(2) 
PARAMETRIC_REPRESENTATION_CONTEXT() REPRESENTATION_CONTEXT('2D SPACE',''
  ) );
#2025 = PCURVE('',#675,#2026);
#2026 = DEFINITIONAL_REPRESENTATION('',(#2027),#2040);
#2027 = B_SPLINE_CURVE_WITH_KNOTS('',6,(#2028,#2029,#2030,#2031,#2032,
    #2033,#2034,#2035,#2036,#2037,#2038,#2039),.UNSPECIFIED.,.F.,.F.,(7,
    5,7),(0.,0.675919188619,1.),.UNSPECIFIED.);
#2028 = CARTESIAN_POINT('',(9.249951378552,0.));
#2029 = CARTESIAN_POINT('',(9.409927130372,-0.145056488582));
#2030 = CARTESIAN_POINT('',(9.553904733831,-0.307847008055));
#2031 = CARTESIAN_POINT('',(9.67936204922,-0.486107710666));
#2032 = CARTESIAN_POINT('',(9.784311466165,-0.677186722757));
#2033 = CARTESIAN_POINT('',(9.867181308686,-0.878155395667));
#2034 = CARTESIAN_POINT('',(9.955663819878,-1.185272869254));
#2035 = CARTESIAN_POINT('',(9.979039965981,-1.286334058086));
#2036 = CARTESIAN_POINT('',(9.997008961494,-1.388571961631));
#2037 = CARTESIAN_POINT('',(10.009494149454,-1.491625950133));
#2038 = CARTESIAN_POINT('',(10.016450792219,-1.595129064322));
#2039 = CARTESIAN_POINT('',(10.017866835069,-1.698708721566));
#2040 = ( GEOMETRIC_REPRESENTATION_CONTEXT(2) 
PARAMETRIC_REPRESENTATION_CONTEXT() REPRESENTATION_CONTEXT('2D SPACE',''
  ) );
#2041 = ADVANCED_FACE('',(#2042),#701,.F.);
#2042 = FACE_BOUND('',#2043,.F.);
#2043 = EDGE_LOOP('',(#2044,#2045,#2046,#2067));
#2044 = ORIENTED_EDGE('',*,*,#800,.F.);
#2045 = ORIENTED_EDGE('',*,*,#1846,.T.);
#2046 = ORIENTED_EDGE('',*,*,#2047,.T.);
#2047 = EDGE_CURVE('',#1847,#660,#2048,.T.);
#2048 = SURFACE_CURVE('',#2049,(#2053,#2060),.PCURVE_S1.);
#2049 = LINE('',#2050,#2051);
#2050 = CARTESIAN_POINT('',(10.005101713648,-60.27475750678,
    15.214641467737));
#2051 = VECTOR('',#2052,1.);
#2052 = DIRECTION('',(1.36697743445E-02,-1.745077575894E-02,
    -0.999754273657));
#2053 = PCURVE('',#701,#2054);
#2054 = DEFINITIONAL_REPRESENTATION('',(#2055),#2059);
#2055 = LINE('',#2056,#2057);
#2056 = CARTESIAN_POINT('',(0.943641467737,-1.882881968117));
#2057 = VECTOR('',#2058,1.);
#2058 = DIRECTION('',(-0.999754273657,-2.216737028198E-02));
#2059 = ( GEOMETRIC_REPRESENTATION_CONTEXT(2) 
PARAMETRIC_REPRESENTATION_CONTEXT() REPRESENTATION_CONTEXT('2D SPACE',''
  ) );
#2060 = PCURVE('',#675,#2061);
#2061 = DEFINITIONAL_REPRESENTATION('',(#2062),#2066);
#2062 = LINE('',#2063,#2064);
#2063 = CARTESIAN_POINT('',(10.005101713648,-0.764975041667));
#2064 = VECTOR('',#2065,1.);
#2065 = DIRECTION('',(1.36697743445E-02,-0.99990656427));
#2066 = ( GEOMETRIC_REPRESENTATION_CONTEXT(2) 
PARAMETRIC_REPRESENTATION_CONTEXT() REPRESENTATION_CONTEXT('2D SPACE',''
  ) );
#2067 = ORIENTED_EDGE('',*,*,#687,.T.);
#2068 = ADVANCED_FACE('',(#2069),#675,.T.);
#2069 = FACE_BOUND('',#2070,.T.);
#2070 = EDGE_LOOP('',(#2071,#2072,#2073,#2093,#2114));
#2071 = ORIENTED_EDGE('',*,*,#2047,.T.);
#2072 = ORIENTED_EDGE('',*,*,#659,.T.);
#2073 = ORIENTED_EDGE('',*,*,#2074,.T.);
#2074 = EDGE_CURVE('',#632,#2075,#2077,.T.);
#2075 = VERTEX_POINT('',#2076);
#2076 = CARTESIAN_POINT('',(19.095,-60.26140685144,15.9795));
#2077 = SURFACE_CURVE('',#2078,(#2081,#2087),.PCURVE_S1.);
#2078 = B_SPLINE_CURVE_WITH_KNOTS('',1,(#2079,#2080),.UNSPECIFIED.,.F.,
  .F.,(2,2),(0.,1.),.PIECEWISE_BEZIER_KNOTS.);
#2079 = CARTESIAN_POINT('',(19.095,-60.3,13.7685));
#2080 = CARTESIAN_POINT('',(19.095,-60.26140685144,15.9795));
#2081 = PCURVE('',#675,#2082);
#2082 = DEFINITIONAL_REPRESENTATION('',(#2083),#2086);
#2083 = B_SPLINE_CURVE_WITH_KNOTS('',1,(#2084,#2085),.UNSPECIFIED.,.F.,
  .F.,(2,2),(0.,1.),.PIECEWISE_BEZIER_KNOTS.);
#2084 = CARTESIAN_POINT('',(19.095,-2.211336797305));
#2085 = CARTESIAN_POINT('',(19.095,0.));
#2086 = ( GEOMETRIC_REPRESENTATION_CONTEXT(2) 
PARAMETRIC_REPRESENTATION_CONTEXT() REPRESENTATION_CONTEXT('2D SPACE',''
  ) );
#2087 = PCURVE('',#648,#2088);
#2088 = DEFINITIONAL_REPRESENTATION('',(#2089),#2092);
#2089 = B_SPLINE_CURVE_WITH_KNOTS('',1,(#2090,#2091),.UNSPECIFIED.,.F.,
  .F.,(2,2),(0.,1.),.PIECEWISE_BEZIER_KNOTS.);
#2090 = CARTESIAN_POINT('',(-4.712388980385,-0.5025));
#2091 = CARTESIAN_POINT('',(-4.712388980385,-2.211));
#2092 = ( GEOMETRIC_REPRESENTATION_CONTEXT(2) 
PARAMETRIC_REPRESENTATION_CONTEXT() REPRESENTATION_CONTEXT('2D SPACE',''
  ) );
#2093 = ORIENTED_EDGE('',*,*,#2094,.F.);
#2094 = EDGE_CURVE('',#1904,#2075,#2095,.T.);
#2095 = SURFACE_CURVE('',#2096,(#2100,#2107),.PCURVE_S1.);
#2096 = LINE('',#2097,#2098);
#2097 = CARTESIAN_POINT('',(0.,-60.26140685144,15.9795));
#2098 = VECTOR('',#2099,1.);
#2099 = DIRECTION('',(1.,0.,0.));
#2100 = PCURVE('',#675,#2101);
#2101 = DEFINITIONAL_REPRESENTATION('',(#2102),#2106);
#2102 = LINE('',#2103,#2104);
#2103 = CARTESIAN_POINT('',(0.,0.));
#2104 = VECTOR('',#2105,1.);
#2105 = DIRECTION('',(1.,0.));
#2106 = ( GEOMETRIC_REPRESENTATION_CONTEXT(2) 
PARAMETRIC_REPRESENTATION_CONTEXT() REPRESENTATION_CONTEXT('2D SPACE',''
  ) );
#2107 = PCURVE('',#1959,#2108);
#2108 = DEFINITIONAL_REPRESENTATION('',(#2109),#2113);
#2109 = LINE('',#2110,#2111);
#2110 = CARTESIAN_POINT('',(19.095,-11.01640685144));
#2111 = VECTOR('',#2112,1.);
#2112 = DIRECTION('',(1.,0.));
#2113 = ( GEOMETRIC_REPRESENTATION_CONTEXT(2) 
PARAMETRIC_REPRESENTATION_CONTEXT() REPRESENTATION_CONTEXT('2D SPACE',''
  ) );
#2114 = ORIENTED_EDGE('',*,*,#1994,.T.);
#2115 = ADVANCED_FACE('',(#2116),#648,.T.);
#2116 = FACE_BOUND('',#2117,.T.);
#2117 = EDGE_LOOP('',(#2118,#2119,#2120,#2140));
#2118 = ORIENTED_EDGE('',*,*,#2074,.F.);
#2119 = ORIENTED_EDGE('',*,*,#631,.T.);
#2120 = ORIENTED_EDGE('',*,*,#2121,.T.);
#2121 = EDGE_CURVE('',#604,#2122,#2124,.T.);
#2122 = VERTEX_POINT('',#2123);
#2123 = CARTESIAN_POINT('',(30.111406851444,-49.245,15.9795));
#2124 = SURFACE_CURVE('',#2125,(#2128,#2134),.PCURVE_S1.);
#2125 = B_SPLINE_CURVE_WITH_KNOTS('',1,(#2126,#2127),.UNSPECIFIED.,.F.,
  .F.,(2,2),(0.,1.),.PIECEWISE_BEZIER_KNOTS.);
#2126 = CARTESIAN_POINT('',(30.15,-49.245,13.7685));
#2127 = CARTESIAN_POINT('',(30.111406851444,-49.245,15.9795));
#2128 = PCURVE('',#648,#2129);
#2129 = DEFINITIONAL_REPRESENTATION('',(#2130),#2133);
#2130 = B_SPLINE_CURVE_WITH_KNOTS('',1,(#2131,#2132),.UNSPECIFIED.,.F.,
  .F.,(2,2),(0.,1.),.PIECEWISE_BEZIER_KNOTS.);
#2131 = CARTESIAN_POINT('',(-6.28318530718,-0.5025));
#2132 = CARTESIAN_POINT('',(-6.28318530718,-2.211));
#2133 = ( GEOMETRIC_REPRESENTATION_CONTEXT(2) 
PARAMETRIC_REPRESENTATION_CONTEXT() REPRESENTATION_CONTEXT('2D SPACE',''
  ) );
#2134 = PCURVE('',#619,#2135);
#2135 = DEFINITIONAL_REPRESENTATION('',(#2136),#2139);
#2136 = B_SPLINE_CURVE_WITH_KNOTS('',1,(#2137,#2138),.UNSPECIFIED.,.F.,
  .F.,(2,2),(0.,1.),.PIECEWISE_BEZIER_KNOTS.);
#2137 = CARTESIAN_POINT('',(-49.245,-2.211336797305));
#2138 = CARTESIAN_POINT('',(-49.245,0.));
#2139 = ( GEOMETRIC_REPRESENTATION_CONTEXT(2) 
PARAMETRIC_REPRESENTATION_CONTEXT() REPRESENTATION_CONTEXT('2D SPACE',''
  ) );
#2140 = ORIENTED_EDGE('',*,*,#2141,.F.);
#2141 = EDGE_CURVE('',#2075,#2122,#2142,.T.);
#2142 = SURFACE_CURVE('',#2143,(#2148,#2154),.PCURVE_S1.);
#2143 = CIRCLE('',#2144,11.016406851444);
#2144 = AXIS2_PLACEMENT_3D('',#2145,#2146,#2147);
#2145 = CARTESIAN_POINT('',(19.095,-49.245,15.9795));
#2146 = DIRECTION('',(0.,0.,1.));
#2147 = DIRECTION('',(1.,0.,0.));
#2148 = PCURVE('',#648,#2149);
#2149 = DEFINITIONAL_REPRESENTATION('',(#2150),#2153);
#2150 = B_SPLINE_CURVE_WITH_KNOTS('',1,(#2151,#2152),.UNSPECIFIED.,.F.,
  .F.,(2,2),(4.712388980385,6.28318530718),.PIECEWISE_BEZIER_KNOTS.);
#2151 = CARTESIAN_POINT('',(-4.712388980385,-2.211));
#2152 = CARTESIAN_POINT('',(-6.28318530718,-2.211));
#2153 = ( GEOMETRIC_REPRESENTATION_CONTEXT(2) 
PARAMETRIC_REPRESENTATION_CONTEXT() REPRESENTATION_CONTEXT('2D SPACE',''
  ) );
#2154 = PCURVE('',#1959,#2155);
#2155 = DEFINITIONAL_REPRESENTATION('',(#2156),#2160);
#2156 = CIRCLE('',#2157,11.016406851444);
#2157 = AXIS2_PLACEMENT_2D('',#2158,#2159);
#2158 = CARTESIAN_POINT('',(38.19,0.));
#2159 = DIRECTION('',(1.,0.));
#2160 = ( GEOMETRIC_REPRESENTATION_CONTEXT(2) 
PARAMETRIC_REPRESENTATION_CONTEXT() REPRESENTATION_CONTEXT('2D SPACE',''
  ) );
#2161 = ADVANCED_FACE('',(#2162),#619,.T.);
#2162 = FACE_BOUND('',#2163,.T.);
#2163 = EDGE_LOOP('',(#2164,#2165,#2166,#2186));
#2164 = ORIENTED_EDGE('',*,*,#2121,.F.);
#2165 = ORIENTED_EDGE('',*,*,#603,.T.);
#2166 = ORIENTED_EDGE('',*,*,#2167,.T.);
#2167 = EDGE_CURVE('',#576,#2168,#2170,.T.);
#2168 = VERTEX_POINT('',#2169);
#2169 = CARTESIAN_POINT('',(30.111406851444,49.245,15.9795));
#2170 = SURFACE_CURVE('',#2171,(#2174,#2180),.PCURVE_S1.);
#2171 = B_SPLINE_CURVE_WITH_KNOTS('',1,(#2172,#2173),.UNSPECIFIED.,.F.,
  .F.,(2,2),(0.,1.),.PIECEWISE_BEZIER_KNOTS.);
#2172 = CARTESIAN_POINT('',(30.15,49.245,13.7685));
#2173 = CARTESIAN_POINT('',(30.111406851444,49.245,15.9795));
#2174 = PCURVE('',#619,#2175);
#2175 = DEFINITIONAL_REPRESENTATION('',(#2176),#2179);
#2176 = B_SPLINE_CURVE_WITH_KNOTS('',1,(#2177,#2178),.UNSPECIFIED.,.F.,
  .F.,(2,2),(0.,1.),.PIECEWISE_BEZIER_KNOTS.);
#2177 = CARTESIAN_POINT('',(49.245,-2.211336797305));
#2178 = CARTESIAN_POINT('',(49.245,0.));
#2179 = ( GEOMETRIC_REPRESENTATION_CONTEXT(2) 
PARAMETRIC_REPRESENTATION_CONTEXT() REPRESENTATION_CONTEXT('2D SPACE',''
  ) );
#2180 = PCURVE('',#592,#2181);
#2181 = DEFINITIONAL_REPRESENTATION('',(#2182),#2185);
#2182 = B_SPLINE_CURVE_WITH_KNOTS('',1,(#2183,#2184),.UNSPECIFIED.,.F.,
  .F.,(2,2),(0.,1.),.PIECEWISE_BEZIER_KNOTS.);
#2183 = CARTESIAN_POINT('',(0.,-0.5025));
#2184 = CARTESIAN_POINT('',(0.,-2.211));
#2185 = ( GEOMETRIC_REPRESENTATION_CONTEXT(2) 
PARAMETRIC_REPRESENTATION_CONTEXT() REPRESENTATION_CONTEXT('2D SPACE',''
  ) );
#2186 = ORIENTED_EDGE('',*,*,#2187,.F.);
#2187 = EDGE_CURVE('',#2122,#2168,#2188,.T.);
#2188 = SURFACE_CURVE('',#2189,(#2193,#2200),.PCURVE_S1.);
#2189 = LINE('',#2190,#2191);
#2190 = CARTESIAN_POINT('',(30.111406851444,0.,15.9795));
#2191 = VECTOR('',#2192,1.);
#2192 = DIRECTION('',(0.,1.,0.));
#2193 = PCURVE('',#619,#2194);
#2194 = DEFINITIONAL_REPRESENTATION('',(#2195),#2199);
#2195 = LINE('',#2196,#2197);
#2196 = CARTESIAN_POINT('',(0.,0.));
#2197 = VECTOR('',#2198,1.);
#2198 = DIRECTION('',(1.,0.));
#2199 = ( GEOMETRIC_REPRESENTATION_CONTEXT(2) 
PARAMETRIC_REPRESENTATION_CONTEXT() REPRESENTATION_CONTEXT('2D SPACE',''
  ) );
#2200 = PCURVE('',#1959,#2201);
#2201 = DEFINITIONAL_REPRESENTATION('',(#2202),#2206);
#2202 = LINE('',#2203,#2204);
#2203 = CARTESIAN_POINT('',(49.206406851444,49.245));
#2204 = VECTOR('',#2205,1.);
#2205 = DIRECTION('',(0.,1.));
#2206 = ( GEOMETRIC_REPRESENTATION_CONTEXT(2) 
PARAMETRIC_REPRESENTATION_CONTEXT() REPRESENTATION_CONTEXT('2D SPACE',''
  ) );
#2207 = ADVANCED_FACE('',(#2208),#592,.T.);
#2208 = FACE_BOUND('',#2209,.T.);
#2209 = EDGE_LOOP('',(#2210,#2211,#2212,#2232));
#2210 = ORIENTED_EDGE('',*,*,#2167,.F.);
#2211 = ORIENTED_EDGE('',*,*,#575,.T.);
#2212 = ORIENTED_EDGE('',*,*,#2213,.T.);
#2213 = EDGE_CURVE('',#548,#2214,#2216,.T.);
#2214 = VERTEX_POINT('',#2215);
#2215 = CARTESIAN_POINT('',(19.095,60.261406851444,15.9795));
#2216 = SURFACE_CURVE('',#2217,(#2220,#2226),.PCURVE_S1.);
#2217 = B_SPLINE_CURVE_WITH_KNOTS('',1,(#2218,#2219),.UNSPECIFIED.,.F.,
  .F.,(2,2),(0.,1.),.PIECEWISE_BEZIER_KNOTS.);
#2218 = CARTESIAN_POINT('',(19.095,60.3,13.7685));
#2219 = CARTESIAN_POINT('',(19.095,60.261406851444,15.9795));
#2220 = PCURVE('',#592,#2221);
#2221 = DEFINITIONAL_REPRESENTATION('',(#2222),#2225);
#2222 = B_SPLINE_CURVE_WITH_KNOTS('',1,(#2223,#2224),.UNSPECIFIED.,.F.,
  .F.,(2,2),(0.,1.),.PIECEWISE_BEZIER_KNOTS.);
#2223 = CARTESIAN_POINT('',(-1.570796326795,-0.5025));
#2224 = CARTESIAN_POINT('',(-1.570796326795,-2.211));
#2225 = ( GEOMETRIC_REPRESENTATION_CONTEXT(2) 
PARAMETRIC_REPRESENTATION_CONTEXT() REPRESENTATION_CONTEXT('2D SPACE',''
  ) );
#2226 = PCURVE('',#563,#2227);
#2227 = DEFINITIONAL_REPRESENTATION('',(#2228),#2231);
#2228 = B_SPLINE_CURVE_WITH_KNOTS('',1,(#2229,#2230),.UNSPECIFIED.,.F.,
  .F.,(2,2),(0.,1.),.PIECEWISE_BEZIER_KNOTS.);
#2229 = CARTESIAN_POINT('',(-19.095,-2.211336797305));
#2230 = CARTESIAN_POINT('',(-19.095,0.));
#2231 = ( GEOMETRIC_REPRESENTATION_CONTEXT(2) 
PARAMETRIC_REPRESENTATION_CONTEXT() REPRESENTATION_CONTEXT('2D SPACE',''
  ) );
#2232 = ORIENTED_EDGE('',*,*,#2233,.F.);
#2233 = EDGE_CURVE('',#2168,#2214,#2234,.T.);
#2234 = SURFACE_CURVE('',#2235,(#2240,#2246),.PCURVE_S1.);
#2235 = CIRCLE('',#2236,11.016406851444);
#2236 = AXIS2_PLACEMENT_3D('',#2237,#2238,#2239);
#2237 = CARTESIAN_POINT('',(19.095,49.245,15.9795));
#2238 = DIRECTION('',(0.,0.,1.));
#2239 = DIRECTION('',(1.,0.,0.));
#2240 = PCURVE('',#592,#2241);
#2241 = DEFINITIONAL_REPRESENTATION('',(#2242),#2245);
#2242 = B_SPLINE_CURVE_WITH_KNOTS('',1,(#2243,#2244),.UNSPECIFIED.,.F.,
  .F.,(2,2),(0.,1.570796326795),.PIECEWISE_BEZIER_KNOTS.);
#2243 = CARTESIAN_POINT('',(0.,-2.211));
#2244 = CARTESIAN_POINT('',(-1.570796326795,-2.211));
#2245 = ( GEOMETRIC_REPRESENTATION_CONTEXT(2) 
PARAMETRIC_REPRESENTATION_CONTEXT() REPRESENTATION_CONTEXT('2D SPACE',''
  ) );
#2246 = PCURVE('',#1959,#2247);
#2247 = DEFINITIONAL_REPRESENTATION('',(#2248),#2252);
#2248 = CIRCLE('',#2249,11.016406851444);
#2249 = AXIS2_PLACEMENT_2D('',#2250,#2251);
#2250 = CARTESIAN_POINT('',(38.19,98.49));
#2251 = DIRECTION('',(1.,0.));
#2252 = ( GEOMETRIC_REPRESENTATION_CONTEXT(2) 
PARAMETRIC_REPRESENTATION_CONTEXT() REPRESENTATION_CONTEXT('2D SPACE',''
  ) );
#2253 = ADVANCED_FACE('',(#2254),#563,.T.);
#2254 = FACE_BOUND('',#2255,.T.);
#2255 = EDGE_LOOP('',(#2256,#2257,#2258,#2281,#2308));
#2256 = ORIENTED_EDGE('',*,*,#2213,.F.);
#2257 = ORIENTED_EDGE('',*,*,#547,.T.);
#2258 = ORIENTED_EDGE('',*,*,#2259,.F.);
#2259 = EDGE_CURVE('',#2260,#520,#2262,.T.);
#2260 = VERTEX_POINT('',#2261);
#2261 = CARTESIAN_POINT('',(4.824,60.280703425722,14.874));
#2262 = SURFACE_CURVE('',#2263,(#2267,#2274),.PCURVE_S1.);
#2263 = LINE('',#2264,#2265);
#2264 = CARTESIAN_POINT('',(4.824,60.281274166154,14.841302302564));
#2265 = VECTOR('',#2266,1.);
#2266 = DIRECTION('',(-0.,1.745240643728E-02,-0.999847695156));
#2267 = PCURVE('',#563,#2268);
#2268 = DEFINITIONAL_REPRESENTATION('',(#2269),#2273);
#2269 = LINE('',#2270,#2271);
#2270 = CARTESIAN_POINT('',(-4.824,-1.138371076865));
#2271 = VECTOR('',#2272,1.);
#2272 = DIRECTION('',(0.,-1.));
#2273 = ( GEOMETRIC_REPRESENTATION_CONTEXT(2) 
PARAMETRIC_REPRESENTATION_CONTEXT() REPRESENTATION_CONTEXT('2D SPACE',''
  ) );
#2274 = PCURVE('',#535,#2275);
#2275 = DEFINITIONAL_REPRESENTATION('',(#2276),#2280);
#2276 = LINE('',#2277,#2278);
#2277 = CARTESIAN_POINT('',(1.173302302564,-1.991274166154));
#2278 = VECTOR('',#2279,1.);
#2279 = DIRECTION('',(-0.999847695156,-1.745240643728E-02));
#2280 = ( GEOMETRIC_REPRESENTATION_CONTEXT(2) 
PARAMETRIC_REPRESENTATION_CONTEXT() REPRESENTATION_CONTEXT('2D SPACE',''
  ) );
#2281 = ORIENTED_EDGE('',*,*,#2282,.F.);
#2282 = EDGE_CURVE('',#2283,#2260,#2285,.T.);
#2283 = VERTEX_POINT('',#2284);
#2284 = CARTESIAN_POINT('',(4.287355530803,60.261406851444,15.9795));
#2285 = SURFACE_CURVE('',#2286,(#2291,#2298),.PCURVE_S1.);
#2286 = ELLIPSE('',#2287,1.407214325558,1.407);
#2287 = AXIS2_PLACEMENT_3D('',#2288,#2289,#2290);
#2288 = CARTESIAN_POINT('',(3.417,60.280703425722,14.874));
#2289 = DIRECTION('',(-0.,0.999847695156,1.745240643728E-02));
#2290 = DIRECTION('',(0.,-1.745240643728E-02,0.999847695156));
#2291 = PCURVE('',#563,#2292);
#2292 = DEFINITIONAL_REPRESENTATION('',(#2293),#2297);
#2293 = ELLIPSE('',#2294,1.407214325558,1.407);
#2294 = AXIS2_PLACEMENT_2D('',#2295,#2296);
#2295 = CARTESIAN_POINT('',(-3.417,-1.105668398653));
#2296 = DIRECTION('',(-0.,1.));
#2297 = ( GEOMETRIC_REPRESENTATION_CONTEXT(2) 
PARAMETRIC_REPRESENTATION_CONTEXT() REPRESENTATION_CONTEXT('2D SPACE',''
  ) );
#2298 = PCURVE('',#1211,#2299);
#2299 = DEFINITIONAL_REPRESENTATION('',(#2300),#2307);
#2300 = B_SPLINE_CURVE_WITH_KNOTS('',5,(#2301,#2302,#2303,#2304,#2305,
    #2306),.UNSPECIFIED.,.F.,.F.,(6,6),(0.666946344504,1.570796326795),
  .PIECEWISE_BEZIER_KNOTS.);
#2301 = CARTESIAN_POINT('',(0.903849982291,-1.97140679269));
#2302 = CARTESIAN_POINT('',(0.723079985833,-1.974153107577));
#2303 = CARTESIAN_POINT('',(0.542309989375,-1.977687853477));
#2304 = CARTESIAN_POINT('',(0.361539992916,-1.981823781278));
#2305 = CARTESIAN_POINT('',(0.180769996458,-1.986263845422));
#2306 = CARTESIAN_POINT('',(0.,-1.990703425722));
#2307 = ( GEOMETRIC_REPRESENTATION_CONTEXT(2) 
PARAMETRIC_REPRESENTATION_CONTEXT() REPRESENTATION_CONTEXT('2D SPACE',''
  ) );
#2308 = ORIENTED_EDGE('',*,*,#2309,.T.);
#2309 = EDGE_CURVE('',#2283,#2214,#2310,.T.);
#2310 = SURFACE_CURVE('',#2311,(#2315,#2322),.PCURVE_S1.);
#2311 = LINE('',#2312,#2313);
#2312 = CARTESIAN_POINT('',(0.,60.261406851444,15.9795));
#2313 = VECTOR('',#2314,1.);
#2314 = DIRECTION('',(1.,0.,0.));
#2315 = PCURVE('',#563,#2316);
#2316 = DEFINITIONAL_REPRESENTATION('',(#2317),#2321);
#2317 = LINE('',#2318,#2319);
#2318 = CARTESIAN_POINT('',(0.,0.));
#2319 = VECTOR('',#2320,1.);
#2320 = DIRECTION('',(-1.,0.));
#2321 = ( GEOMETRIC_REPRESENTATION_CONTEXT(2) 
PARAMETRIC_REPRESENTATION_CONTEXT() REPRESENTATION_CONTEXT('2D SPACE',''
  ) );
#2322 = PCURVE('',#1959,#2323);
#2323 = DEFINITIONAL_REPRESENTATION('',(#2324),#2328);
#2324 = LINE('',#2325,#2326);
#2325 = CARTESIAN_POINT('',(19.095,109.50640685144));
#2326 = VECTOR('',#2327,1.);
#2327 = DIRECTION('',(1.,0.));
#2328 = ( GEOMETRIC_REPRESENTATION_CONTEXT(2) 
PARAMETRIC_REPRESENTATION_CONTEXT() REPRESENTATION_CONTEXT('2D SPACE',''
  ) );
#2329 = ADVANCED_FACE('',(#2330),#535,.T.);
#2330 = FACE_BOUND('',#2331,.T.);
#2331 = EDGE_LOOP('',(#2332,#2352,#2353,#2354));
#2332 = ORIENTED_EDGE('',*,*,#2333,.F.);
#2333 = EDGE_CURVE('',#2260,#1195,#2334,.T.);
#2334 = SURFACE_CURVE('',#2335,(#2339,#2346),.PCURVE_S1.);
#2335 = LINE('',#2336,#2337);
#2336 = CARTESIAN_POINT('',(4.824,58.29,14.874));
#2337 = VECTOR('',#2338,1.);
#2338 = DIRECTION('',(-0.,1.,-0.));
#2339 = PCURVE('',#535,#2340);
#2340 = DEFINITIONAL_REPRESENTATION('',(#2341),#2345);
#2341 = LINE('',#2342,#2343);
#2342 = CARTESIAN_POINT('',(1.206,0.));
#2343 = VECTOR('',#2344,1.);
#2344 = DIRECTION('',(0.,-1.));
#2345 = ( GEOMETRIC_REPRESENTATION_CONTEXT(2) 
PARAMETRIC_REPRESENTATION_CONTEXT() REPRESENTATION_CONTEXT('2D SPACE',''
  ) );
#2346 = PCURVE('',#1211,#2347);
#2347 = DEFINITIONAL_REPRESENTATION('',(#2348),#2351);
#2348 = B_SPLINE_CURVE_WITH_KNOTS('',1,(#2349,#2350),.UNSPECIFIED.,.F.,
  .F.,(2,2),(1.990703425722,2.999209889294),.PIECEWISE_BEZIER_KNOTS.);
#2349 = CARTESIAN_POINT('',(0.,-1.990703425722));
#2350 = CARTESIAN_POINT('',(0.,-2.999209889294));
#2351 = ( GEOMETRIC_REPRESENTATION_CONTEXT(2) 
PARAMETRIC_REPRESENTATION_CONTEXT() REPRESENTATION_CONTEXT('2D SPACE',''
  ) );
#2352 = ORIENTED_EDGE('',*,*,#2259,.T.);
#2353 = ORIENTED_EDGE('',*,*,#519,.T.);
#2354 = ORIENTED_EDGE('',*,*,#1227,.F.);
#2355 = ADVANCED_FACE('',(#2356),#1211,.T.);
#2356 = FACE_BOUND('',#2357,.T.);
#2357 = EDGE_LOOP('',(#2358,#2359,#2360,#2361,#2383,#2415));
#2358 = ORIENTED_EDGE('',*,*,#2282,.T.);
#2359 = ORIENTED_EDGE('',*,*,#2333,.T.);
#2360 = ORIENTED_EDGE('',*,*,#1194,.F.);
#2361 = ORIENTED_EDGE('',*,*,#2362,.F.);
#2362 = EDGE_CURVE('',#2363,#1167,#2365,.T.);
#2363 = VERTEX_POINT('',#2364);
#2364 = CARTESIAN_POINT('',(3.417,59.259915319494,16.281));
#2365 = SURFACE_CURVE('',#2366,(#2370,#2376),.PCURVE_S1.);
#2366 = LINE('',#2367,#2368);
#2367 = CARTESIAN_POINT('',(3.417,58.29,16.281));
#2368 = VECTOR('',#2369,1.);
#2369 = DIRECTION('',(-0.,1.,-0.));
#2370 = PCURVE('',#1211,#2371);
#2371 = DEFINITIONAL_REPRESENTATION('',(#2372),#2375);
#2372 = B_SPLINE_CURVE_WITH_KNOTS('',1,(#2373,#2374),.UNSPECIFIED.,.F.,
  .F.,(2,2),(0.969915319494,2.962366297646),.PIECEWISE_BEZIER_KNOTS.);
#2373 = CARTESIAN_POINT('',(1.570796326795,-0.969915319494));
#2374 = CARTESIAN_POINT('',(1.570796326795,-2.962366297646));
#2375 = ( GEOMETRIC_REPRESENTATION_CONTEXT(2) 
PARAMETRIC_REPRESENTATION_CONTEXT() REPRESENTATION_CONTEXT('2D SPACE',''
  ) );
#2376 = PCURVE('',#1182,#2377);
#2377 = DEFINITIONAL_REPRESENTATION('',(#2378),#2382);
#2378 = LINE('',#2379,#2380);
#2379 = CARTESIAN_POINT('',(6.834,0.));
#2380 = VECTOR('',#2381,1.);
#2381 = DIRECTION('',(0.,-1.));
#2382 = ( GEOMETRIC_REPRESENTATION_CONTEXT(2) 
PARAMETRIC_REPRESENTATION_CONTEXT() REPRESENTATION_CONTEXT('2D SPACE',''
  ) );
#2383 = ORIENTED_EDGE('',*,*,#2384,.T.);
#2384 = EDGE_CURVE('',#2363,#2385,#2387,.T.);
#2385 = VERTEX_POINT('',#2386);
#2386 = CARTESIAN_POINT('',(4.287355530803,59.26517802157,15.9795));
#2387 = SURFACE_CURVE('',#2388,(#2393,#2403),.PCURVE_S1.);
#2388 = ELLIPSE('',#2389,1.407214325558,1.407);
#2389 = AXIS2_PLACEMENT_3D('',#2390,#2391,#2392);
#2390 = CARTESIAN_POINT('',(3.417,59.284474595848,14.874));
#2391 = DIRECTION('',(-0.,0.999847695156,1.745240643728E-02));
#2392 = DIRECTION('',(0.,-1.745240643728E-02,0.999847695156));
#2393 = PCURVE('',#1211,#2394);
#2394 = DEFINITIONAL_REPRESENTATION('',(#2395),#2402);
#2395 = B_SPLINE_CURVE_WITH_KNOTS('',5,(#2396,#2397,#2398,#2399,#2400,
    #2401),.UNSPECIFIED.,.F.,.F.,(6,6),(5.544098137183E-19,
    0.666946344504),.PIECEWISE_BEZIER_KNOTS.);
#2396 = CARTESIAN_POINT('',(1.570796326795,-0.969915319494));
#2397 = CARTESIAN_POINT('',(1.437407057894,-0.969915319494));
#2398 = CARTESIAN_POINT('',(1.304017788993,-0.970461272207));
#2399 = CARTESIAN_POINT('',(1.170628520093,-0.971554393501));
#2400 = CARTESIAN_POINT('',(1.037239251192,-0.973151609458));
#2401 = CARTESIAN_POINT('',(0.903849982291,-0.975178016885));
#2402 = ( GEOMETRIC_REPRESENTATION_CONTEXT(2) 
PARAMETRIC_REPRESENTATION_CONTEXT() REPRESENTATION_CONTEXT('2D SPACE',''
  ) );
#2403 = PCURVE('',#2404,#2409);
#2404 = PLANE('',#2405);
#2405 = AXIS2_PLACEMENT_3D('',#2406,#2407,#2408);
#2406 = CARTESIAN_POINT('',(0.,59.193254426533,20.1));
#2407 = DIRECTION('',(-0.,0.999847695156,1.745240643728E-02));
#2408 = DIRECTION('',(-1.,0.,-0.));
#2409 = DEFINITIONAL_REPRESENTATION('',(#2410),#2414);
#2410 = ELLIPSE('',#2411,1.407214325558,1.407);
#2411 = AXIS2_PLACEMENT_2D('',#2412,#2413);
#2412 = CARTESIAN_POINT('',(-3.417,-5.226796066357));
#2413 = DIRECTION('',(-0.,1.));
#2414 = ( GEOMETRIC_REPRESENTATION_CONTEXT(2) 
PARAMETRIC_REPRESENTATION_CONTEXT() REPRESENTATION_CONTEXT('2D SPACE',''
  ) );
#2415 = ORIENTED_EDGE('',*,*,#2416,.F.);
#2416 = EDGE_CURVE('',#2283,#2385,#2417,.T.);
#2417 = SURFACE_CURVE('',#2418,(#2422,#2428),.PCURVE_S1.);
#2418 = LINE('',#2419,#2420);
#2419 = CARTESIAN_POINT('',(4.287355530803,58.29,15.9795));
#2420 = VECTOR('',#2421,1.);
#2421 = DIRECTION('',(0.,-1.,0.));
#2422 = PCURVE('',#1211,#2423);
#2423 = DEFINITIONAL_REPRESENTATION('',(#2424),#2427);
#2424 = B_SPLINE_CURVE_WITH_KNOTS('',1,(#2425,#2426),.UNSPECIFIED.,.F.,
  .F.,(2,2),(-1.971406851444,-0.97517802157),.PIECEWISE_BEZIER_KNOTS.);
#2425 = CARTESIAN_POINT('',(0.903849982291,-1.971406851444));
#2426 = CARTESIAN_POINT('',(0.903849982291,-0.97517802157));
#2427 = ( GEOMETRIC_REPRESENTATION_CONTEXT(2) 
PARAMETRIC_REPRESENTATION_CONTEXT() REPRESENTATION_CONTEXT('2D SPACE',''
  ) );
#2428 = PCURVE('',#1959,#2429);
#2429 = DEFINITIONAL_REPRESENTATION('',(#2430),#2434);
#2430 = LINE('',#2431,#2432);
#2431 = CARTESIAN_POINT('',(23.382355530803,107.535));
#2432 = VECTOR('',#2433,1.);
#2433 = DIRECTION('',(0.,-1.));
#2434 = ( GEOMETRIC_REPRESENTATION_CONTEXT(2) 
PARAMETRIC_REPRESENTATION_CONTEXT() REPRESENTATION_CONTEXT('2D SPACE',''
  ) );
#2435 = ADVANCED_FACE('',(#2436),#1182,.F.);
#2436 = FACE_BOUND('',#2437,.F.);
#2437 = EDGE_LOOP('',(#2438,#2461,#2481,#2482));
#2438 = ORIENTED_EDGE('',*,*,#2439,.T.);
#2439 = EDGE_CURVE('',#2363,#2440,#2442,.T.);
#2440 = VERTEX_POINT('',#2441);
#2441 = CARTESIAN_POINT('',(-3.417,59.259915319494,16.281));
#2442 = SURFACE_CURVE('',#2443,(#2447,#2454),.PCURVE_S1.);
#2443 = LINE('',#2444,#2445);
#2444 = CARTESIAN_POINT('',(-1.7085,59.259915319494,16.281));
#2445 = VECTOR('',#2446,1.);
#2446 = DIRECTION('',(-1.,0.,-0.));
#2447 = PCURVE('',#1182,#2448);
#2448 = DEFINITIONAL_REPRESENTATION('',(#2449),#2453);
#2449 = LINE('',#2450,#2451);
#2450 = CARTESIAN_POINT('',(1.7085,-0.969915319494));
#2451 = VECTOR('',#2452,1.);
#2452 = DIRECTION('',(-1.,0.));
#2453 = ( GEOMETRIC_REPRESENTATION_CONTEXT(2) 
PARAMETRIC_REPRESENTATION_CONTEXT() REPRESENTATION_CONTEXT('2D SPACE',''
  ) );
#2454 = PCURVE('',#2404,#2455);
#2455 = DEFINITIONAL_REPRESENTATION('',(#2456),#2460);
#2456 = LINE('',#2457,#2458);
#2457 = CARTESIAN_POINT('',(1.7085,-3.8195817408));
#2458 = VECTOR('',#2459,1.);
#2459 = DIRECTION('',(1.,0.));
#2460 = ( GEOMETRIC_REPRESENTATION_CONTEXT(2) 
PARAMETRIC_REPRESENTATION_CONTEXT() REPRESENTATION_CONTEXT('2D SPACE',''
  ) );
#2461 = ORIENTED_EDGE('',*,*,#2462,.T.);
#2462 = EDGE_CURVE('',#2440,#1134,#2463,.T.);
#2463 = SURFACE_CURVE('',#2464,(#2468,#2475),.PCURVE_S1.);
#2464 = LINE('',#2465,#2466);
#2465 = CARTESIAN_POINT('',(-3.417,58.29,16.281));
#2466 = VECTOR('',#2467,1.);
#2467 = DIRECTION('',(-0.,1.,-0.));
#2468 = PCURVE('',#1182,#2469);
#2469 = DEFINITIONAL_REPRESENTATION('',(#2470),#2474);
#2470 = LINE('',#2471,#2472);
#2471 = CARTESIAN_POINT('',(0.,0.));
#2472 = VECTOR('',#2473,1.);
#2473 = DIRECTION('',(0.,-1.));
#2474 = ( GEOMETRIC_REPRESENTATION_CONTEXT(2) 
PARAMETRIC_REPRESENTATION_CONTEXT() REPRESENTATION_CONTEXT('2D SPACE',''
  ) );
#2475 = PCURVE('',#1150,#2476);
#2476 = DEFINITIONAL_REPRESENTATION('',(#2477),#2480);
#2477 = B_SPLINE_CURVE_WITH_KNOTS('',1,(#2478,#2479),.UNSPECIFIED.,.F.,
  .F.,(2,2),(0.969915319494,2.962366297646),.PIECEWISE_BEZIER_KNOTS.);
#2478 = CARTESIAN_POINT('',(1.570796326795,-0.969915319494));
#2479 = CARTESIAN_POINT('',(1.570796326795,-2.962366297646));
#2480 = ( GEOMETRIC_REPRESENTATION_CONTEXT(2) 
PARAMETRIC_REPRESENTATION_CONTEXT() REPRESENTATION_CONTEXT('2D SPACE',''
  ) );
#2481 = ORIENTED_EDGE('',*,*,#1166,.F.);
#2482 = ORIENTED_EDGE('',*,*,#2362,.F.);
#2483 = ADVANCED_FACE('',(#2484),#1150,.T.);
#2484 = FACE_BOUND('',#2485,.T.);
#2485 = EDGE_LOOP('',(#2486,#2513,#2514,#2515,#2516,#2517));
#2486 = ORIENTED_EDGE('',*,*,#2487,.T.);
#2487 = EDGE_CURVE('',#2488,#2440,#2490,.T.);
#2488 = VERTEX_POINT('',#2489);
#2489 = CARTESIAN_POINT('',(-4.287355530803,59.26517802157,15.9795));
#2490 = SURFACE_CURVE('',#2491,(#2496,#2506),.PCURVE_S1.);
#2491 = ELLIPSE('',#2492,1.407214325558,1.407);
#2492 = AXIS2_PLACEMENT_3D('',#2493,#2494,#2495);
#2493 = CARTESIAN_POINT('',(-3.417,59.284474595848,14.874));
#2494 = DIRECTION('',(-0.,0.999847695156,1.745240643728E-02));
#2495 = DIRECTION('',(0.,-1.745240643728E-02,0.999847695156));
#2496 = PCURVE('',#1150,#2497);
#2497 = DEFINITIONAL_REPRESENTATION('',(#2498),#2505);
#2498 = B_SPLINE_CURVE_WITH_KNOTS('',5,(#2499,#2500,#2501,#2502,#2503,
    #2504),.UNSPECIFIED.,.F.,.F.,(6,6),(5.616238962676,6.28318530718),
  .PIECEWISE_BEZIER_KNOTS.);
#2499 = CARTESIAN_POINT('',(2.237742671299,-0.975178016885));
#2500 = CARTESIAN_POINT('',(2.104353402398,-0.973151609458));
#2501 = CARTESIAN_POINT('',(1.970964133497,-0.971554393501));
#2502 = CARTESIAN_POINT('',(1.837574864596,-0.970461272207));
#2503 = CARTESIAN_POINT('',(1.704185595696,-0.969915319494));
#2504 = CARTESIAN_POINT('',(1.570796326795,-0.969915319494));
#2505 = ( GEOMETRIC_REPRESENTATION_CONTEXT(2) 
PARAMETRIC_REPRESENTATION_CONTEXT() REPRESENTATION_CONTEXT('2D SPACE',''
  ) );
#2506 = PCURVE('',#2404,#2507);
#2507 = DEFINITIONAL_REPRESENTATION('',(#2508),#2512);
#2508 = ELLIPSE('',#2509,1.407214325558,1.407);
#2509 = AXIS2_PLACEMENT_2D('',#2510,#2511);
#2510 = CARTESIAN_POINT('',(3.417,-5.226796066357));
#2511 = DIRECTION('',(-0.,1.));
#2512 = ( GEOMETRIC_REPRESENTATION_CONTEXT(2) 
PARAMETRIC_REPRESENTATION_CONTEXT() REPRESENTATION_CONTEXT('2D SPACE',''
  ) );
#2513 = ORIENTED_EDGE('',*,*,#2462,.T.);
#2514 = ORIENTED_EDGE('',*,*,#1133,.F.);
#2515 = ORIENTED_EDGE('',*,*,#1251,.F.);
#2516 = ORIENTED_EDGE('',*,*,#1349,.T.);
#2517 = ORIENTED_EDGE('',*,*,#2518,.T.);
#2518 = EDGE_CURVE('',#1322,#2488,#2519,.T.);
#2519 = SURFACE_CURVE('',#2520,(#2524,#2530),.PCURVE_S1.);
#2520 = LINE('',#2521,#2522);
#2521 = CARTESIAN_POINT('',(-4.287355530803,58.29,15.9795));
#2522 = VECTOR('',#2523,1.);
#2523 = DIRECTION('',(0.,-1.,0.));
#2524 = PCURVE('',#1150,#2525);
#2525 = DEFINITIONAL_REPRESENTATION('',(#2526),#2529);
#2526 = B_SPLINE_CURVE_WITH_KNOTS('',1,(#2527,#2528),.UNSPECIFIED.,.F.,
  .F.,(2,2),(-1.971406851444,-0.97517802157),.PIECEWISE_BEZIER_KNOTS.);
#2527 = CARTESIAN_POINT('',(2.237742671299,-1.971406851444));
#2528 = CARTESIAN_POINT('',(2.237742671299,-0.97517802157));
#2529 = ( GEOMETRIC_REPRESENTATION_CONTEXT(2) 
PARAMETRIC_REPRESENTATION_CONTEXT() REPRESENTATION_CONTEXT('2D SPACE',''
  ) );
#2530 = PCURVE('',#1337,#2531);
#2531 = DEFINITIONAL_REPRESENTATION('',(#2532),#2536);
#2532 = LINE('',#2533,#2534);
#2533 = CARTESIAN_POINT('',(14.807644469197,107.535));
#2534 = VECTOR('',#2535,1.);
#2535 = DIRECTION('',(0.,-1.));
#2536 = ( GEOMETRIC_REPRESENTATION_CONTEXT(2) 
PARAMETRIC_REPRESENTATION_CONTEXT() REPRESENTATION_CONTEXT('2D SPACE',''
  ) );
#2537 = ADVANCED_FACE('',(#2538),#1337,.T.);
#2538 = FACE_BOUND('',#2539,.T.);
#2539 = EDGE_LOOP('',(#2540,#2541,#2542,#2543,#2544,#2567,#2595,#2623,
    #2651,#2672,#2673,#2674));
#2540 = ORIENTED_EDGE('',*,*,#1444,.F.);
#2541 = ORIENTED_EDGE('',*,*,#1491,.T.);
#2542 = ORIENTED_EDGE('',*,*,#1605,.T.);
#2543 = ORIENTED_EDGE('',*,*,#1676,.T.);
#2544 = ORIENTED_EDGE('',*,*,#2545,.T.);
#2545 = EDGE_CURVE('',#1677,#2546,#2548,.T.);
#2546 = VERTEX_POINT('',#2547);
#2547 = CARTESIAN_POINT('',(-19.095,-59.26517802157,15.9795));
#2548 = SURFACE_CURVE('',#2549,(#2553,#2560),.PCURVE_S1.);
#2549 = LINE('',#2550,#2551);
#2550 = CARTESIAN_POINT('',(-9.5475,-59.26517802157,15.9795));
#2551 = VECTOR('',#2552,1.);
#2552 = DIRECTION('',(-1.,0.,0.));
#2553 = PCURVE('',#1337,#2554);
#2554 = DEFINITIONAL_REPRESENTATION('',(#2555),#2559);
#2555 = LINE('',#2556,#2557);
#2556 = CARTESIAN_POINT('',(9.5475,-10.02017802157));
#2557 = VECTOR('',#2558,1.);
#2558 = DIRECTION('',(-1.,0.));
#2559 = ( GEOMETRIC_REPRESENTATION_CONTEXT(2) 
PARAMETRIC_REPRESENTATION_CONTEXT() REPRESENTATION_CONTEXT('2D SPACE',''
  ) );
#2560 = PCURVE('',#1784,#2561);
#2561 = DEFINITIONAL_REPRESENTATION('',(#2562),#2566);
#2562 = LINE('',#2563,#2564);
#2563 = CARTESIAN_POINT('',(-9.5475,-4.121127667705));
#2564 = VECTOR('',#2565,1.);
#2565 = DIRECTION('',(-1.,0.));
#2566 = ( GEOMETRIC_REPRESENTATION_CONTEXT(2) 
PARAMETRIC_REPRESENTATION_CONTEXT() REPRESENTATION_CONTEXT('2D SPACE',''
  ) );
#2567 = ORIENTED_EDGE('',*,*,#2568,.F.);
#2568 = EDGE_CURVE('',#2569,#2546,#2571,.T.);
#2569 = VERTEX_POINT('',#2570);
#2570 = CARTESIAN_POINT('',(-29.11517802157,-49.245,15.9795));
#2571 = SURFACE_CURVE('',#2572,(#2577,#2584),.PCURVE_S1.);
#2572 = CIRCLE('',#2573,10.02017802157);
#2573 = AXIS2_PLACEMENT_3D('',#2574,#2575,#2576);
#2574 = CARTESIAN_POINT('',(-19.095,-49.245,15.9795));
#2575 = DIRECTION('',(0.,0.,1.));
#2576 = DIRECTION('',(1.,0.,-0.));
#2577 = PCURVE('',#1337,#2578);
#2578 = DEFINITIONAL_REPRESENTATION('',(#2579),#2583);
#2579 = CIRCLE('',#2580,10.02017802157);
#2580 = AXIS2_PLACEMENT_2D('',#2581,#2582);
#2581 = CARTESIAN_POINT('',(0.,0.));
#2582 = DIRECTION('',(1.,0.));
#2583 = ( GEOMETRIC_REPRESENTATION_CONTEXT(2) 
PARAMETRIC_REPRESENTATION_CONTEXT() REPRESENTATION_CONTEXT('2D SPACE',''
  ) );
#2584 = PCURVE('',#2585,#2590);
#2585 = CONICAL_SURFACE('',#2586,10.05,1.745329251994E-02);
#2586 = AXIS2_PLACEMENT_3D('',#2587,#2588,#2589);
#2587 = CARTESIAN_POINT('',(-19.095,-49.245,14.271));
#2588 = DIRECTION('',(-0.,-0.,-1.));
#2589 = DIRECTION('',(1.,0.,0.));
#2590 = DEFINITIONAL_REPRESENTATION('',(#2591),#2594);
#2591 = B_SPLINE_CURVE_WITH_KNOTS('',1,(#2592,#2593),.UNSPECIFIED.,.F.,
  .F.,(2,2),(3.14159265359,4.712388980385),.PIECEWISE_BEZIER_KNOTS.);
#2592 = CARTESIAN_POINT('',(-3.14159265359,-1.7085));
#2593 = CARTESIAN_POINT('',(-4.712388980385,-1.7085));
#2594 = ( GEOMETRIC_REPRESENTATION_CONTEXT(2) 
PARAMETRIC_REPRESENTATION_CONTEXT() REPRESENTATION_CONTEXT('2D SPACE',''
  ) );
#2595 = ORIENTED_EDGE('',*,*,#2596,.T.);
#2596 = EDGE_CURVE('',#2569,#2597,#2599,.T.);
#2597 = VERTEX_POINT('',#2598);
#2598 = CARTESIAN_POINT('',(-29.11517802157,49.245,15.9795));
#2599 = SURFACE_CURVE('',#2600,(#2604,#2611),.PCURVE_S1.);
#2600 = LINE('',#2601,#2602);
#2601 = CARTESIAN_POINT('',(-29.11517802157,-24.6225,15.9795));
#2602 = VECTOR('',#2603,1.);
#2603 = DIRECTION('',(0.,1.,-0.));
#2604 = PCURVE('',#1337,#2605);
#2605 = DEFINITIONAL_REPRESENTATION('',(#2606),#2610);
#2606 = LINE('',#2607,#2608);
#2607 = CARTESIAN_POINT('',(-10.02017802157,24.6225));
#2608 = VECTOR('',#2609,1.);
#2609 = DIRECTION('',(0.,1.));
#2610 = ( GEOMETRIC_REPRESENTATION_CONTEXT(2) 
PARAMETRIC_REPRESENTATION_CONTEXT() REPRESENTATION_CONTEXT('2D SPACE',''
  ) );
#2611 = PCURVE('',#2612,#2617);
#2612 = PLANE('',#2613);
#2613 = AXIS2_PLACEMENT_3D('',#2614,#2615,#2616);
#2614 = CARTESIAN_POINT('',(-29.04325442653,0.,20.1));
#2615 = DIRECTION('',(-0.999847695156,0.,1.745240643728E-02));
#2616 = DIRECTION('',(-0.,-1.,0.));
#2617 = DEFINITIONAL_REPRESENTATION('',(#2618),#2622);
#2618 = LINE('',#2619,#2620);
#2619 = CARTESIAN_POINT('',(24.6225,-4.121127667705));
#2620 = VECTOR('',#2621,1.);
#2621 = DIRECTION('',(-1.,0.));
#2622 = ( GEOMETRIC_REPRESENTATION_CONTEXT(2) 
PARAMETRIC_REPRESENTATION_CONTEXT() REPRESENTATION_CONTEXT('2D SPACE',''
  ) );
#2623 = ORIENTED_EDGE('',*,*,#2624,.F.);
#2624 = EDGE_CURVE('',#2625,#2597,#2627,.T.);
#2625 = VERTEX_POINT('',#2626);
#2626 = CARTESIAN_POINT('',(-19.095,59.26517802157,15.9795));
#2627 = SURFACE_CURVE('',#2628,(#2633,#2640),.PCURVE_S1.);
#2628 = CIRCLE('',#2629,10.02017802157);
#2629 = AXIS2_PLACEMENT_3D('',#2630,#2631,#2632);
#2630 = CARTESIAN_POINT('',(-19.095,49.245,15.9795));
#2631 = DIRECTION('',(0.,0.,1.));
#2632 = DIRECTION('',(1.,0.,-0.));
#2633 = PCURVE('',#1337,#2634);
#2634 = DEFINITIONAL_REPRESENTATION('',(#2635),#2639);
#2635 = CIRCLE('',#2636,10.02017802157);
#2636 = AXIS2_PLACEMENT_2D('',#2637,#2638);
#2637 = CARTESIAN_POINT('',(0.,98.49));
#2638 = DIRECTION('',(1.,0.));
#2639 = ( GEOMETRIC_REPRESENTATION_CONTEXT(2) 
PARAMETRIC_REPRESENTATION_CONTEXT() REPRESENTATION_CONTEXT('2D SPACE',''
  ) );
#2640 = PCURVE('',#2641,#2646);
#2641 = CONICAL_SURFACE('',#2642,10.05,1.745329251994E-02);
#2642 = AXIS2_PLACEMENT_3D('',#2643,#2644,#2645);
#2643 = CARTESIAN_POINT('',(-19.095,49.245,14.271));
#2644 = DIRECTION('',(-0.,-0.,-1.));
#2645 = DIRECTION('',(1.,0.,0.));
#2646 = DEFINITIONAL_REPRESENTATION('',(#2647),#2650);
#2647 = B_SPLINE_CURVE_WITH_KNOTS('',1,(#2648,#2649),.UNSPECIFIED.,.F.,
  .F.,(2,2),(1.570796326795,3.14159265359),.PIECEWISE_BEZIER_KNOTS.);
#2648 = CARTESIAN_POINT('',(-1.570796326795,-1.7085));
#2649 = CARTESIAN_POINT('',(-3.14159265359,-1.7085));
#2650 = ( GEOMETRIC_REPRESENTATION_CONTEXT(2) 
PARAMETRIC_REPRESENTATION_CONTEXT() REPRESENTATION_CONTEXT('2D SPACE',''
  ) );
#2651 = ORIENTED_EDGE('',*,*,#2652,.T.);
#2652 = EDGE_CURVE('',#2625,#2488,#2653,.T.);
#2653 = SURFACE_CURVE('',#2654,(#2658,#2665),.PCURVE_S1.);
#2654 = LINE('',#2655,#2656);
#2655 = CARTESIAN_POINT('',(-9.5475,59.26517802157,15.9795));
#2656 = VECTOR('',#2657,1.);
#2657 = DIRECTION('',(1.,0.,-0.));
#2658 = PCURVE('',#1337,#2659);
#2659 = DEFINITIONAL_REPRESENTATION('',(#2660),#2664);
#2660 = LINE('',#2661,#2662);
#2661 = CARTESIAN_POINT('',(9.5475,108.51017802157));
#2662 = VECTOR('',#2663,1.);
#2663 = DIRECTION('',(1.,0.));
#2664 = ( GEOMETRIC_REPRESENTATION_CONTEXT(2) 
PARAMETRIC_REPRESENTATION_CONTEXT() REPRESENTATION_CONTEXT('2D SPACE',''
  ) );
#2665 = PCURVE('',#2404,#2666);
#2666 = DEFINITIONAL_REPRESENTATION('',(#2667),#2671);
#2667 = LINE('',#2668,#2669);
#2668 = CARTESIAN_POINT('',(9.5475,-4.121127667705));
#2669 = VECTOR('',#2670,1.);
#2670 = DIRECTION('',(-1.,-0.));
#2671 = ( GEOMETRIC_REPRESENTATION_CONTEXT(2) 
PARAMETRIC_REPRESENTATION_CONTEXT() REPRESENTATION_CONTEXT('2D SPACE',''
  ) );
#2672 = ORIENTED_EDGE('',*,*,#2518,.F.);
#2673 = ORIENTED_EDGE('',*,*,#1321,.F.);
#2674 = ORIENTED_EDGE('',*,*,#1399,.T.);
#2675 = ADVANCED_FACE('',(#2676),#1784,.T.);
#2676 = FACE_BOUND('',#2677,.T.);
#2677 = EDGE_LOOP('',(#2678,#2701,#2726,#2753,#2771,#2772,#2773,#2774));
#2678 = ORIENTED_EDGE('',*,*,#2679,.F.);
#2679 = EDGE_CURVE('',#2680,#1869,#2682,.T.);
#2680 = VERTEX_POINT('',#2681);
#2681 = CARTESIAN_POINT('',(19.095,-59.26517802157,15.9795));
#2682 = SURFACE_CURVE('',#2683,(#2687,#2694),.PCURVE_S1.);
#2683 = LINE('',#2684,#2685);
#2684 = CARTESIAN_POINT('',(-9.5475,-59.26517802157,15.9795));
#2685 = VECTOR('',#2686,1.);
#2686 = DIRECTION('',(-1.,0.,0.));
#2687 = PCURVE('',#1784,#2688);
#2688 = DEFINITIONAL_REPRESENTATION('',(#2689),#2693);
#2689 = LINE('',#2690,#2691);
#2690 = CARTESIAN_POINT('',(-9.5475,-4.121127667705));
#2691 = VECTOR('',#2692,1.);
#2692 = DIRECTION('',(-1.,0.));
#2693 = ( GEOMETRIC_REPRESENTATION_CONTEXT(2) 
PARAMETRIC_REPRESENTATION_CONTEXT() REPRESENTATION_CONTEXT('2D SPACE',''
  ) );
#2694 = PCURVE('',#1959,#2695);
#2695 = DEFINITIONAL_REPRESENTATION('',(#2696),#2700);
#2696 = LINE('',#2697,#2698);
#2697 = CARTESIAN_POINT('',(9.5475,-10.02017802157));
#2698 = VECTOR('',#2699,1.);
#2699 = DIRECTION('',(-1.,0.));
#2700 = ( GEOMETRIC_REPRESENTATION_CONTEXT(2) 
PARAMETRIC_REPRESENTATION_CONTEXT() REPRESENTATION_CONTEXT('2D SPACE',''
  ) );
#2701 = ORIENTED_EDGE('',*,*,#2702,.T.);
#2702 = EDGE_CURVE('',#2680,#2703,#2705,.T.);
#2703 = VERTEX_POINT('',#2704);
#2704 = CARTESIAN_POINT('',(19.095,-59.21049061073,19.112539668469));
#2705 = SURFACE_CURVE('',#2706,(#2709,#2715),.PCURVE_S1.);
#2706 = B_SPLINE_CURVE_WITH_KNOTS('',1,(#2707,#2708),.UNSPECIFIED.,.F.,
  .F.,(2,2),(0.,1.),.PIECEWISE_BEZIER_KNOTS.);
#2707 = CARTESIAN_POINT('',(19.095,-59.295,14.271));
#2708 = CARTESIAN_POINT('',(19.095,-59.19325442653,20.1));
#2709 = PCURVE('',#1784,#2710);
#2710 = DEFINITIONAL_REPRESENTATION('',(#2711),#2714);
#2711 = B_SPLINE_CURVE_WITH_KNOTS('',1,(#2712,#2713),.UNSPECIFIED.,.F.,
  .F.,(2,2),(0.,1.),.PIECEWISE_BEZIER_KNOTS.);
#2712 = CARTESIAN_POINT('',(19.095,-5.829887920168));
#2713 = CARTESIAN_POINT('',(19.095,0.));
#2714 = ( GEOMETRIC_REPRESENTATION_CONTEXT(2) 
PARAMETRIC_REPRESENTATION_CONTEXT() REPRESENTATION_CONTEXT('2D SPACE',''
  ) );
#2715 = PCURVE('',#2716,#2721);
#2716 = CONICAL_SURFACE('',#2717,10.05,1.745329251994E-02);
#2717 = AXIS2_PLACEMENT_3D('',#2718,#2719,#2720);
#2718 = CARTESIAN_POINT('',(19.095,-49.245,14.271));
#2719 = DIRECTION('',(-0.,-0.,-1.));
#2720 = DIRECTION('',(1.,0.,0.));
#2721 = DEFINITIONAL_REPRESENTATION('',(#2722),#2725);
#2722 = B_SPLINE_CURVE_WITH_KNOTS('',1,(#2723,#2724),.UNSPECIFIED.,.F.,
  .F.,(2,2),(0.,1.),.PIECEWISE_BEZIER_KNOTS.);
#2723 = CARTESIAN_POINT('',(-4.712388980385,-1.7085));
#2724 = CARTESIAN_POINT('',(-4.712388980385,-4.841539668469));
#2725 = ( GEOMETRIC_REPRESENTATION_CONTEXT(2) 
PARAMETRIC_REPRESENTATION_CONTEXT() REPRESENTATION_CONTEXT('2D SPACE',''
  ) );
#2726 = ORIENTED_EDGE('',*,*,#2727,.T.);
#2727 = EDGE_CURVE('',#2703,#2728,#2730,.T.);
#2728 = VERTEX_POINT('',#2729);
#2729 = CARTESIAN_POINT('',(-19.095,-59.21049061073,19.112539668469));
#2730 = SURFACE_CURVE('',#2731,(#2735,#2742),.PCURVE_S1.);
#2731 = LINE('',#2732,#2733);
#2732 = CARTESIAN_POINT('',(19.095,-59.21049061073,19.112539668469));
#2733 = VECTOR('',#2734,1.);
#2734 = DIRECTION('',(-1.,-0.,-0.));
#2735 = PCURVE('',#1784,#2736);
#2736 = DEFINITIONAL_REPRESENTATION('',(#2737),#2741);
#2737 = LINE('',#2738,#2739);
#2738 = CARTESIAN_POINT('',(19.095,-0.987610749431));
#2739 = VECTOR('',#2740,1.);
#2740 = DIRECTION('',(-1.,0.));
#2741 = ( GEOMETRIC_REPRESENTATION_CONTEXT(2) 
PARAMETRIC_REPRESENTATION_CONTEXT() REPRESENTATION_CONTEXT('2D SPACE',''
  ) );
#2742 = PCURVE('',#2743,#2748);
#2743 = CYLINDRICAL_SURFACE('',#2744,1.005);
#2744 = AXIS2_PLACEMENT_3D('',#2745,#2746,#2747);
#2745 = CARTESIAN_POINT('',(19.095,-58.2056436771,19.095));
#2746 = DIRECTION('',(-1.,-0.,-0.));
#2747 = DIRECTION('',(0.,-0.999847695156,1.745240643728E-02));
#2748 = DEFINITIONAL_REPRESENTATION('',(#2749),#2752);
#2749 = B_SPLINE_CURVE_WITH_KNOTS('',1,(#2750,#2751),.UNSPECIFIED.,.F.,
  .F.,(2,2),(0.,38.19),.PIECEWISE_BEZIER_KNOTS.);
#2750 = CARTESIAN_POINT('',(0.,0.));
#2751 = CARTESIAN_POINT('',(0.,38.19));
#2752 = ( GEOMETRIC_REPRESENTATION_CONTEXT(2) 
PARAMETRIC_REPRESENTATION_CONTEXT() REPRESENTATION_CONTEXT('2D SPACE',''
  ) );
#2753 = ORIENTED_EDGE('',*,*,#2754,.F.);
#2754 = EDGE_CURVE('',#2546,#2728,#2755,.T.);
#2755 = SURFACE_CURVE('',#2756,(#2759,#2765),.PCURVE_S1.);
#2756 = B_SPLINE_CURVE_WITH_KNOTS('',1,(#2757,#2758),.UNSPECIFIED.,.F.,
  .F.,(2,2),(0.,1.),.PIECEWISE_BEZIER_KNOTS.);
#2757 = CARTESIAN_POINT('',(-19.095,-59.295,14.271));
#2758 = CARTESIAN_POINT('',(-19.095,-59.19325442653,20.1));
#2759 = PCURVE('',#1784,#2760);
#2760 = DEFINITIONAL_REPRESENTATION('',(#2761),#2764);
#2761 = B_SPLINE_CURVE_WITH_KNOTS('',1,(#2762,#2763),.UNSPECIFIED.,.F.,
  .F.,(2,2),(0.,1.),.PIECEWISE_BEZIER_KNOTS.);
#2762 = CARTESIAN_POINT('',(-19.095,-5.829887920168));
#2763 = CARTESIAN_POINT('',(-19.095,0.));
#2764 = ( GEOMETRIC_REPRESENTATION_CONTEXT(2) 
PARAMETRIC_REPRESENTATION_CONTEXT() REPRESENTATION_CONTEXT('2D SPACE',''
  ) );
#2765 = PCURVE('',#2585,#2766);
#2766 = DEFINITIONAL_REPRESENTATION('',(#2767),#2770);
#2767 = B_SPLINE_CURVE_WITH_KNOTS('',1,(#2768,#2769),.UNSPECIFIED.,.F.,
  .F.,(2,2),(0.,1.),.PIECEWISE_BEZIER_KNOTS.);
#2768 = CARTESIAN_POINT('',(-4.712388980385,-1.7085));
#2769 = CARTESIAN_POINT('',(-4.712388980385,-4.841539668469));
#2770 = ( GEOMETRIC_REPRESENTATION_CONTEXT(2) 
PARAMETRIC_REPRESENTATION_CONTEXT() REPRESENTATION_CONTEXT('2D SPACE',''
  ) );
#2771 = ORIENTED_EDGE('',*,*,#2545,.F.);
#2772 = ORIENTED_EDGE('',*,*,#1762,.T.);
#2773 = ORIENTED_EDGE('',*,*,#1805,.T.);
#2774 = ORIENTED_EDGE('',*,*,#1868,.T.);
#2775 = ADVANCED_FACE('',(#2776),#1959,.T.);
#2776 = FACE_BOUND('',#2777,.T.);
#2777 = EDGE_LOOP('',(#2778,#2779,#2780,#2781,#2782,#2783,#2784,#2785,
    #2808,#2836,#2864,#2885));
#2778 = ORIENTED_EDGE('',*,*,#1903,.F.);
#2779 = ORIENTED_EDGE('',*,*,#2094,.T.);
#2780 = ORIENTED_EDGE('',*,*,#2141,.T.);
#2781 = ORIENTED_EDGE('',*,*,#2187,.T.);
#2782 = ORIENTED_EDGE('',*,*,#2233,.T.);
#2783 = ORIENTED_EDGE('',*,*,#2309,.F.);
#2784 = ORIENTED_EDGE('',*,*,#2416,.T.);
#2785 = ORIENTED_EDGE('',*,*,#2786,.T.);
#2786 = EDGE_CURVE('',#2385,#2787,#2789,.T.);
#2787 = VERTEX_POINT('',#2788);
#2788 = CARTESIAN_POINT('',(19.095,59.26517802157,15.9795));
#2789 = SURFACE_CURVE('',#2790,(#2794,#2801),.PCURVE_S1.);
#2790 = LINE('',#2791,#2792);
#2791 = CARTESIAN_POINT('',(-9.5475,59.26517802157,15.9795));
#2792 = VECTOR('',#2793,1.);
#2793 = DIRECTION('',(1.,0.,-0.));
#2794 = PCURVE('',#1959,#2795);
#2795 = DEFINITIONAL_REPRESENTATION('',(#2796),#2800);
#2796 = LINE('',#2797,#2798);
#2797 = CARTESIAN_POINT('',(9.5475,108.51017802157));
#2798 = VECTOR('',#2799,1.);
#2799 = DIRECTION('',(1.,0.));
#2800 = ( GEOMETRIC_REPRESENTATION_CONTEXT(2) 
PARAMETRIC_REPRESENTATION_CONTEXT() REPRESENTATION_CONTEXT('2D SPACE',''
  ) );
#2801 = PCURVE('',#2404,#2802);
#2802 = DEFINITIONAL_REPRESENTATION('',(#2803),#2807);
#2803 = LINE('',#2804,#2805);
#2804 = CARTESIAN_POINT('',(9.5475,-4.121127667705));
#2805 = VECTOR('',#2806,1.);
#2806 = DIRECTION('',(-1.,-0.));
#2807 = ( GEOMETRIC_REPRESENTATION_CONTEXT(2) 
PARAMETRIC_REPRESENTATION_CONTEXT() REPRESENTATION_CONTEXT('2D SPACE',''
  ) );
#2808 = ORIENTED_EDGE('',*,*,#2809,.F.);
#2809 = EDGE_CURVE('',#2810,#2787,#2812,.T.);
#2810 = VERTEX_POINT('',#2811);
#2811 = CARTESIAN_POINT('',(29.11517802157,49.245,15.9795));
#2812 = SURFACE_CURVE('',#2813,(#2818,#2825),.PCURVE_S1.);
#2813 = CIRCLE('',#2814,10.02017802157);
#2814 = AXIS2_PLACEMENT_3D('',#2815,#2816,#2817);
#2815 = CARTESIAN_POINT('',(19.095,49.245,15.9795));
#2816 = DIRECTION('',(0.,0.,1.));
#2817 = DIRECTION('',(1.,0.,-0.));
#2818 = PCURVE('',#1959,#2819);
#2819 = DEFINITIONAL_REPRESENTATION('',(#2820),#2824);
#2820 = CIRCLE('',#2821,10.02017802157);
#2821 = AXIS2_PLACEMENT_2D('',#2822,#2823);
#2822 = CARTESIAN_POINT('',(38.19,98.49));
#2823 = DIRECTION('',(1.,0.));
#2824 = ( GEOMETRIC_REPRESENTATION_CONTEXT(2) 
PARAMETRIC_REPRESENTATION_CONTEXT() REPRESENTATION_CONTEXT('2D SPACE',''
  ) );
#2825 = PCURVE('',#2826,#2831);
#2826 = CONICAL_SURFACE('',#2827,10.05,1.745329251994E-02);
#2827 = AXIS2_PLACEMENT_3D('',#2828,#2829,#2830);
#2828 = CARTESIAN_POINT('',(19.095,49.245,14.271));
#2829 = DIRECTION('',(-0.,-0.,-1.));
#2830 = DIRECTION('',(1.,0.,0.));
#2831 = DEFINITIONAL_REPRESENTATION('',(#2832),#2835);
#2832 = B_SPLINE_CURVE_WITH_KNOTS('',1,(#2833,#2834),.UNSPECIFIED.,.F.,
  .F.,(2,2),(0.,1.570796326795),.PIECEWISE_BEZIER_KNOTS.);
#2833 = CARTESIAN_POINT('',(0.,-1.7085));
#2834 = CARTESIAN_POINT('',(-1.570796326795,-1.7085));
#2835 = ( GEOMETRIC_REPRESENTATION_CONTEXT(2) 
PARAMETRIC_REPRESENTATION_CONTEXT() REPRESENTATION_CONTEXT('2D SPACE',''
  ) );
#2836 = ORIENTED_EDGE('',*,*,#2837,.T.);
#2837 = EDGE_CURVE('',#2810,#2838,#2840,.T.);
#2838 = VERTEX_POINT('',#2839);
#2839 = CARTESIAN_POINT('',(29.11517802157,-49.245,15.9795));
#2840 = SURFACE_CURVE('',#2841,(#2845,#2852),.PCURVE_S1.);
#2841 = LINE('',#2842,#2843);
#2842 = CARTESIAN_POINT('',(29.11517802157,-24.6225,15.9795));
#2843 = VECTOR('',#2844,1.);
#2844 = DIRECTION('',(-0.,-1.,0.));
#2845 = PCURVE('',#1959,#2846);
#2846 = DEFINITIONAL_REPRESENTATION('',(#2847),#2851);
#2847 = LINE('',#2848,#2849);
#2848 = CARTESIAN_POINT('',(48.21017802157,24.6225));
#2849 = VECTOR('',#2850,1.);
#2850 = DIRECTION('',(0.,-1.));
#2851 = ( GEOMETRIC_REPRESENTATION_CONTEXT(2) 
PARAMETRIC_REPRESENTATION_CONTEXT() REPRESENTATION_CONTEXT('2D SPACE',''
  ) );
#2852 = PCURVE('',#2853,#2858);
#2853 = PLANE('',#2854);
#2854 = AXIS2_PLACEMENT_3D('',#2855,#2856,#2857);
#2855 = CARTESIAN_POINT('',(29.043254426533,0.,20.1));
#2856 = DIRECTION('',(0.999847695156,-0.,1.745240643728E-02));
#2857 = DIRECTION('',(0.,1.,0.));
#2858 = DEFINITIONAL_REPRESENTATION('',(#2859),#2863);
#2859 = LINE('',#2860,#2861);
#2860 = CARTESIAN_POINT('',(-24.6225,-4.121127667705));
#2861 = VECTOR('',#2862,1.);
#2862 = DIRECTION('',(-1.,0.));
#2863 = ( GEOMETRIC_REPRESENTATION_CONTEXT(2) 
PARAMETRIC_REPRESENTATION_CONTEXT() REPRESENTATION_CONTEXT('2D SPACE',''
  ) );
#2864 = ORIENTED_EDGE('',*,*,#2865,.F.);
#2865 = EDGE_CURVE('',#2680,#2838,#2866,.T.);
#2866 = SURFACE_CURVE('',#2867,(#2872,#2879),.PCURVE_S1.);
#2867 = CIRCLE('',#2868,10.02017802157);
#2868 = AXIS2_PLACEMENT_3D('',#2869,#2870,#2871);
#2869 = CARTESIAN_POINT('',(19.095,-49.245,15.9795));
#2870 = DIRECTION('',(0.,0.,1.));
#2871 = DIRECTION('',(1.,0.,-0.));
#2872 = PCURVE('',#1959,#2873);
#2873 = DEFINITIONAL_REPRESENTATION('',(#2874),#2878);
#2874 = CIRCLE('',#2875,10.02017802157);
#2875 = AXIS2_PLACEMENT_2D('',#2876,#2877);
#2876 = CARTESIAN_POINT('',(38.19,0.));
#2877 = DIRECTION('',(1.,0.));
#2878 = ( GEOMETRIC_REPRESENTATION_CONTEXT(2) 
PARAMETRIC_REPRESENTATION_CONTEXT() REPRESENTATION_CONTEXT('2D SPACE',''
  ) );
#2879 = PCURVE('',#2716,#2880);
#2880 = DEFINITIONAL_REPRESENTATION('',(#2881),#2884);
#2881 = B_SPLINE_CURVE_WITH_KNOTS('',1,(#2882,#2883),.UNSPECIFIED.,.F.,
  .F.,(2,2),(4.712388980385,6.28318530718),.PIECEWISE_BEZIER_KNOTS.);
#2882 = CARTESIAN_POINT('',(-4.712388980385,-1.7085));
#2883 = CARTESIAN_POINT('',(-6.28318530718,-1.7085));
#2884 = ( GEOMETRIC_REPRESENTATION_CONTEXT(2) 
PARAMETRIC_REPRESENTATION_CONTEXT() REPRESENTATION_CONTEXT('2D SPACE',''
  ) );
#2885 = ORIENTED_EDGE('',*,*,#2679,.T.);
#2886 = ADVANCED_FACE('',(#2887),#2404,.T.);
#2887 = FACE_BOUND('',#2888,.T.);
#2888 = EDGE_LOOP('',(#2889,#2890,#2910,#2937,#2955,#2956,#2957,#2958));
#2889 = ORIENTED_EDGE('',*,*,#2652,.F.);
#2890 = ORIENTED_EDGE('',*,*,#2891,.T.);
#2891 = EDGE_CURVE('',#2625,#2892,#2894,.T.);
#2892 = VERTEX_POINT('',#2893);
#2893 = CARTESIAN_POINT('',(-19.095,59.210490610734,19.112539668469));
#2894 = SURFACE_CURVE('',#2895,(#2898,#2904),.PCURVE_S1.);
#2895 = B_SPLINE_CURVE_WITH_KNOTS('',1,(#2896,#2897),.UNSPECIFIED.,.F.,
  .F.,(2,2),(0.,1.),.PIECEWISE_BEZIER_KNOTS.);
#2896 = CARTESIAN_POINT('',(-19.095,59.295,14.271));
#2897 = CARTESIAN_POINT('',(-19.095,59.193254426533,20.1));
#2898 = PCURVE('',#2404,#2899);
#2899 = DEFINITIONAL_REPRESENTATION('',(#2900),#2903);
#2900 = B_SPLINE_CURVE_WITH_KNOTS('',1,(#2901,#2902),.UNSPECIFIED.,.F.,
  .F.,(2,2),(0.,1.),.PIECEWISE_BEZIER_KNOTS.);
#2901 = CARTESIAN_POINT('',(19.095,-5.829887920168));
#2902 = CARTESIAN_POINT('',(19.095,0.));
#2903 = ( GEOMETRIC_REPRESENTATION_CONTEXT(2) 
PARAMETRIC_REPRESENTATION_CONTEXT() REPRESENTATION_CONTEXT('2D SPACE',''
  ) );
#2904 = PCURVE('',#2641,#2905);
#2905 = DEFINITIONAL_REPRESENTATION('',(#2906),#2909);
#2906 = B_SPLINE_CURVE_WITH_KNOTS('',1,(#2907,#2908),.UNSPECIFIED.,.F.,
  .F.,(2,2),(0.,1.),.PIECEWISE_BEZIER_KNOTS.);
#2907 = CARTESIAN_POINT('',(-1.570796326795,-1.7085));
#2908 = CARTESIAN_POINT('',(-1.570796326795,-4.841539668469));
#2909 = ( GEOMETRIC_REPRESENTATION_CONTEXT(2) 
PARAMETRIC_REPRESENTATION_CONTEXT() REPRESENTATION_CONTEXT('2D SPACE',''
  ) );
#2910 = ORIENTED_EDGE('',*,*,#2911,.T.);
#2911 = EDGE_CURVE('',#2892,#2912,#2914,.T.);
#2912 = VERTEX_POINT('',#2913);
#2913 = CARTESIAN_POINT('',(19.095,59.210490610734,19.112539668469));
#2914 = SURFACE_CURVE('',#2915,(#2919,#2926),.PCURVE_S1.);
#2915 = LINE('',#2916,#2917);
#2916 = CARTESIAN_POINT('',(-19.095,59.210490610734,19.112539668469));
#2917 = VECTOR('',#2918,1.);
#2918 = DIRECTION('',(1.,0.,0.));
#2919 = PCURVE('',#2404,#2920);
#2920 = DEFINITIONAL_REPRESENTATION('',(#2921),#2925);
#2921 = LINE('',#2922,#2923);
#2922 = CARTESIAN_POINT('',(19.095,-0.987610749431));
#2923 = VECTOR('',#2924,1.);
#2924 = DIRECTION('',(-1.,0.));
#2925 = ( GEOMETRIC_REPRESENTATION_CONTEXT(2) 
PARAMETRIC_REPRESENTATION_CONTEXT() REPRESENTATION_CONTEXT('2D SPACE',''
  ) );
#2926 = PCURVE('',#2927,#2932);
#2927 = CYLINDRICAL_SURFACE('',#2928,1.005);
#2928 = AXIS2_PLACEMENT_3D('',#2929,#2930,#2931);
#2929 = CARTESIAN_POINT('',(-19.095,58.205643677102,19.095));
#2930 = DIRECTION('',(1.,0.,0.));
#2931 = DIRECTION('',(-0.,0.999847695156,1.745240643728E-02));
#2932 = DEFINITIONAL_REPRESENTATION('',(#2933),#2936);
#2933 = B_SPLINE_CURVE_WITH_KNOTS('',1,(#2934,#2935),.UNSPECIFIED.,.F.,
  .F.,(2,2),(0.,38.19),.PIECEWISE_BEZIER_KNOTS.);
#2934 = CARTESIAN_POINT('',(0.,0.));
#2935 = CARTESIAN_POINT('',(0.,38.19));
#2936 = ( GEOMETRIC_REPRESENTATION_CONTEXT(2) 
PARAMETRIC_REPRESENTATION_CONTEXT() REPRESENTATION_CONTEXT('2D SPACE',''
  ) );
#2937 = ORIENTED_EDGE('',*,*,#2938,.F.);
#2938 = EDGE_CURVE('',#2787,#2912,#2939,.T.);
#2939 = SURFACE_CURVE('',#2940,(#2943,#2949),.PCURVE_S1.);
#2940 = B_SPLINE_CURVE_WITH_KNOTS('',1,(#2941,#2942),.UNSPECIFIED.,.F.,
  .F.,(2,2),(0.,1.),.PIECEWISE_BEZIER_KNOTS.);
#2941 = CARTESIAN_POINT('',(19.095,59.295,14.271));
#2942 = CARTESIAN_POINT('',(19.095,59.193254426533,20.1));
#2943 = PCURVE('',#2404,#2944);
#2944 = DEFINITIONAL_REPRESENTATION('',(#2945),#2948);
#2945 = B_SPLINE_CURVE_WITH_KNOTS('',1,(#2946,#2947),.UNSPECIFIED.,.F.,
  .F.,(2,2),(0.,1.),.PIECEWISE_BEZIER_KNOTS.);
#2946 = CARTESIAN_POINT('',(-19.095,-5.829887920168));
#2947 = CARTESIAN_POINT('',(-19.095,0.));
#2948 = ( GEOMETRIC_REPRESENTATION_CONTEXT(2) 
PARAMETRIC_REPRESENTATION_CONTEXT() REPRESENTATION_CONTEXT('2D SPACE',''
  ) );
#2949 = PCURVE('',#2826,#2950);
#2950 = DEFINITIONAL_REPRESENTATION('',(#2951),#2954);
#2951 = B_SPLINE_CURVE_WITH_KNOTS('',1,(#2952,#2953),.UNSPECIFIED.,.F.,
  .F.,(2,2),(0.,1.),.PIECEWISE_BEZIER_KNOTS.);
#2952 = CARTESIAN_POINT('',(-1.570796326795,-1.7085));
#2953 = CARTESIAN_POINT('',(-1.570796326795,-4.841539668469));
#2954 = ( GEOMETRIC_REPRESENTATION_CONTEXT(2) 
PARAMETRIC_REPRESENTATION_CONTEXT() REPRESENTATION_CONTEXT('2D SPACE',''
  ) );
#2955 = ORIENTED_EDGE('',*,*,#2786,.F.);
#2956 = ORIENTED_EDGE('',*,*,#2384,.F.);
#2957 = ORIENTED_EDGE('',*,*,#2439,.T.);
#2958 = ORIENTED_EDGE('',*,*,#2487,.F.);
#2959 = ADVANCED_FACE('',(#2960),#2641,.T.);
#2960 = FACE_BOUND('',#2961,.T.);
#2961 = EDGE_LOOP('',(#2962,#2963,#2983,#3008));
#2962 = ORIENTED_EDGE('',*,*,#2624,.T.);
#2963 = ORIENTED_EDGE('',*,*,#2964,.T.);
#2964 = EDGE_CURVE('',#2597,#2965,#2967,.T.);
#2965 = VERTEX_POINT('',#2966);
#2966 = CARTESIAN_POINT('',(-29.06049061073,49.245,19.112539668469));
#2967 = SURFACE_CURVE('',#2968,(#2971,#2977),.PCURVE_S1.);
#2968 = B_SPLINE_CURVE_WITH_KNOTS('',1,(#2969,#2970),.UNSPECIFIED.,.F.,
  .F.,(2,2),(0.,1.),.PIECEWISE_BEZIER_KNOTS.);
#2969 = CARTESIAN_POINT('',(-29.145,49.245,14.271));
#2970 = CARTESIAN_POINT('',(-29.04325442653,49.245,20.1));
#2971 = PCURVE('',#2641,#2972);
#2972 = DEFINITIONAL_REPRESENTATION('',(#2973),#2976);
#2973 = B_SPLINE_CURVE_WITH_KNOTS('',1,(#2974,#2975),.UNSPECIFIED.,.F.,
  .F.,(2,2),(0.,1.),.PIECEWISE_BEZIER_KNOTS.);
#2974 = CARTESIAN_POINT('',(-3.14159265359,-1.7085));
#2975 = CARTESIAN_POINT('',(-3.14159265359,-4.841539668469));
#2976 = ( GEOMETRIC_REPRESENTATION_CONTEXT(2) 
PARAMETRIC_REPRESENTATION_CONTEXT() REPRESENTATION_CONTEXT('2D SPACE',''
  ) );
#2977 = PCURVE('',#2612,#2978);
#2978 = DEFINITIONAL_REPRESENTATION('',(#2979),#2982);
#2979 = B_SPLINE_CURVE_WITH_KNOTS('',1,(#2980,#2981),.UNSPECIFIED.,.F.,
  .F.,(2,2),(0.,1.),.PIECEWISE_BEZIER_KNOTS.);
#2980 = CARTESIAN_POINT('',(-49.245,-5.829887920168));
#2981 = CARTESIAN_POINT('',(-49.245,0.));
#2982 = ( GEOMETRIC_REPRESENTATION_CONTEXT(2) 
PARAMETRIC_REPRESENTATION_CONTEXT() REPRESENTATION_CONTEXT('2D SPACE',''
  ) );
#2983 = ORIENTED_EDGE('',*,*,#2984,.T.);
#2984 = EDGE_CURVE('',#2965,#2892,#2985,.T.);
#2985 = SURFACE_CURVE('',#2986,(#2991,#2997),.PCURVE_S1.);
#2986 = CIRCLE('',#2987,9.965490610734);
#2987 = AXIS2_PLACEMENT_3D('',#2988,#2989,#2990);
#2988 = CARTESIAN_POINT('',(-19.095,49.245,19.112539668469));
#2989 = DIRECTION('',(-0.,0.,-1.));
#2990 = DIRECTION('',(-1.,0.,0.));
#2991 = PCURVE('',#2641,#2992);
#2992 = DEFINITIONAL_REPRESENTATION('',(#2993),#2996);
#2993 = B_SPLINE_CURVE_WITH_KNOTS('',1,(#2994,#2995),.UNSPECIFIED.,.F.,
  .F.,(2,2),(0.,1.570796326795),.PIECEWISE_BEZIER_KNOTS.);
#2994 = CARTESIAN_POINT('',(-3.14159265359,-4.841539668469));
#2995 = CARTESIAN_POINT('',(-1.570796326795,-4.841539668469));
#2996 = ( GEOMETRIC_REPRESENTATION_CONTEXT(2) 
PARAMETRIC_REPRESENTATION_CONTEXT() REPRESENTATION_CONTEXT('2D SPACE',''
  ) );
#2997 = PCURVE('',#2998,#3003);
#2998 = TOROIDAL_SURFACE('',#2999,8.960643677102,1.005);
#2999 = AXIS2_PLACEMENT_3D('',#3000,#3001,#3002);
#3000 = CARTESIAN_POINT('',(-19.095,49.245,19.095));
#3001 = DIRECTION('',(0.,0.,1.));
#3002 = DIRECTION('',(-1.,0.,0.));
#3003 = DEFINITIONAL_REPRESENTATION('',(#3004),#3007);
#3004 = B_SPLINE_CURVE_WITH_KNOTS('',1,(#3005,#3006),.UNSPECIFIED.,.F.,
  .F.,(2,2),(-0.,1.570796326795),.PIECEWISE_BEZIER_KNOTS.);
#3005 = CARTESIAN_POINT('',(0.,1.745329251994E-02));
#3006 = CARTESIAN_POINT('',(-1.570796326795,1.745329251994E-02));
#3007 = ( GEOMETRIC_REPRESENTATION_CONTEXT(2) 
PARAMETRIC_REPRESENTATION_CONTEXT() REPRESENTATION_CONTEXT('2D SPACE',''
  ) );
#3008 = ORIENTED_EDGE('',*,*,#2891,.F.);
#3009 = ADVANCED_FACE('',(#3010),#2612,.T.);
#3010 = FACE_BOUND('',#3011,.T.);
#3011 = EDGE_LOOP('',(#3012,#3013,#3033,#3058));
#3012 = ORIENTED_EDGE('',*,*,#2596,.F.);
#3013 = ORIENTED_EDGE('',*,*,#3014,.T.);
#3014 = EDGE_CURVE('',#2569,#3015,#3017,.T.);
#3015 = VERTEX_POINT('',#3016);
#3016 = CARTESIAN_POINT('',(-29.06049061073,-49.245,19.112539668469));
#3017 = SURFACE_CURVE('',#3018,(#3021,#3027),.PCURVE_S1.);
#3018 = B_SPLINE_CURVE_WITH_KNOTS('',1,(#3019,#3020),.UNSPECIFIED.,.F.,
  .F.,(2,2),(0.,1.),.PIECEWISE_BEZIER_KNOTS.);
#3019 = CARTESIAN_POINT('',(-29.145,-49.245,14.271));
#3020 = CARTESIAN_POINT('',(-29.04325442653,-49.245,20.1));
#3021 = PCURVE('',#2612,#3022);
#3022 = DEFINITIONAL_REPRESENTATION('',(#3023),#3026);
#3023 = B_SPLINE_CURVE_WITH_KNOTS('',1,(#3024,#3025),.UNSPECIFIED.,.F.,
  .F.,(2,2),(0.,1.),.PIECEWISE_BEZIER_KNOTS.);
#3024 = CARTESIAN_POINT('',(49.245,-5.829887920168));
#3025 = CARTESIAN_POINT('',(49.245,0.));
#3026 = ( GEOMETRIC_REPRESENTATION_CONTEXT(2) 
PARAMETRIC_REPRESENTATION_CONTEXT() REPRESENTATION_CONTEXT('2D SPACE',''
  ) );
#3027 = PCURVE('',#2585,#3028);
#3028 = DEFINITIONAL_REPRESENTATION('',(#3029),#3032);
#3029 = B_SPLINE_CURVE_WITH_KNOTS('',1,(#3030,#3031),.UNSPECIFIED.,.F.,
  .F.,(2,2),(0.,1.),.PIECEWISE_BEZIER_KNOTS.);
#3030 = CARTESIAN_POINT('',(-3.14159265359,-1.7085));
#3031 = CARTESIAN_POINT('',(-3.14159265359,-4.841539668469));
#3032 = ( GEOMETRIC_REPRESENTATION_CONTEXT(2) 
PARAMETRIC_REPRESENTATION_CONTEXT() REPRESENTATION_CONTEXT('2D SPACE',''
  ) );
#3033 = ORIENTED_EDGE('',*,*,#3034,.T.);
#3034 = EDGE_CURVE('',#3015,#2965,#3035,.T.);
#3035 = SURFACE_CURVE('',#3036,(#3040,#3047),.PCURVE_S1.);
#3036 = LINE('',#3037,#3038);
#3037 = CARTESIAN_POINT('',(-29.06049061073,-49.245,19.112539668469));
#3038 = VECTOR('',#3039,1.);
#3039 = DIRECTION('',(0.,1.,0.));
#3040 = PCURVE('',#2612,#3041);
#3041 = DEFINITIONAL_REPRESENTATION('',(#3042),#3046);
#3042 = LINE('',#3043,#3044);
#3043 = CARTESIAN_POINT('',(49.245,-0.987610749431));
#3044 = VECTOR('',#3045,1.);
#3045 = DIRECTION('',(-1.,0.));
#3046 = ( GEOMETRIC_REPRESENTATION_CONTEXT(2) 
PARAMETRIC_REPRESENTATION_CONTEXT() REPRESENTATION_CONTEXT('2D SPACE',''
  ) );
#3047 = PCURVE('',#3048,#3053);
#3048 = CYLINDRICAL_SURFACE('',#3049,1.005);
#3049 = AXIS2_PLACEMENT_3D('',#3050,#3051,#3052);
#3050 = CARTESIAN_POINT('',(-28.0556436771,-49.245,19.095));
#3051 = DIRECTION('',(0.,1.,0.));
#3052 = DIRECTION('',(-0.999847695156,0.,1.745240643728E-02));
#3053 = DEFINITIONAL_REPRESENTATION('',(#3054),#3057);
#3054 = B_SPLINE_CURVE_WITH_KNOTS('',1,(#3055,#3056),.UNSPECIFIED.,.F.,
  .F.,(2,2),(0.,98.49),.PIECEWISE_BEZIER_KNOTS.);
#3055 = CARTESIAN_POINT('',(0.,0.));
#3056 = CARTESIAN_POINT('',(0.,98.49));
#3057 = ( GEOMETRIC_REPRESENTATION_CONTEXT(2) 
PARAMETRIC_REPRESENTATION_CONTEXT() REPRESENTATION_CONTEXT('2D SPACE',''
  ) );
#3058 = ORIENTED_EDGE('',*,*,#2964,.F.);
#3059 = ADVANCED_FACE('',(#3060),#2585,.T.);
#3060 = FACE_BOUND('',#3061,.T.);
#3061 = EDGE_LOOP('',(#3062,#3063,#3064,#3089));
#3062 = ORIENTED_EDGE('',*,*,#2568,.T.);
#3063 = ORIENTED_EDGE('',*,*,#2754,.T.);
#3064 = ORIENTED_EDGE('',*,*,#3065,.T.);
#3065 = EDGE_CURVE('',#2728,#3015,#3066,.T.);
#3066 = SURFACE_CURVE('',#3067,(#3072,#3078),.PCURVE_S1.);
#3067 = CIRCLE('',#3068,9.965490610734);
#3068 = AXIS2_PLACEMENT_3D('',#3069,#3070,#3071);
#3069 = CARTESIAN_POINT('',(-19.095,-49.245,19.112539668469));
#3070 = DIRECTION('',(-0.,0.,-1.));
#3071 = DIRECTION('',(-3.589048986998E-16,-1.,0.));
#3072 = PCURVE('',#2585,#3073);
#3073 = DEFINITIONAL_REPRESENTATION('',(#3074),#3077);
#3074 = B_SPLINE_CURVE_WITH_KNOTS('',1,(#3075,#3076),.UNSPECIFIED.,.F.,
  .F.,(2,2),(0.,1.570796326795),.PIECEWISE_BEZIER_KNOTS.);
#3075 = CARTESIAN_POINT('',(-4.712388980385,-4.841539668469));
#3076 = CARTESIAN_POINT('',(-3.14159265359,-4.841539668469));
#3077 = ( GEOMETRIC_REPRESENTATION_CONTEXT(2) 
PARAMETRIC_REPRESENTATION_CONTEXT() REPRESENTATION_CONTEXT('2D SPACE',''
  ) );
#3078 = PCURVE('',#3079,#3084);
#3079 = TOROIDAL_SURFACE('',#3080,8.960643677102,1.005);
#3080 = AXIS2_PLACEMENT_3D('',#3081,#3082,#3083);
#3081 = CARTESIAN_POINT('',(-19.095,-49.245,19.095));
#3082 = DIRECTION('',(0.,0.,1.));
#3083 = DIRECTION('',(-3.589048986998E-16,-1.,0.));
#3084 = DEFINITIONAL_REPRESENTATION('',(#3085),#3088);
#3085 = B_SPLINE_CURVE_WITH_KNOTS('',1,(#3086,#3087),.UNSPECIFIED.,.F.,
  .F.,(2,2),(-0.,1.570796326795),.PIECEWISE_BEZIER_KNOTS.);
#3086 = CARTESIAN_POINT('',(0.,1.745329251994E-02));
#3087 = CARTESIAN_POINT('',(-1.570796326795,1.745329251994E-02));
#3088 = ( GEOMETRIC_REPRESENTATION_CONTEXT(2) 
PARAMETRIC_REPRESENTATION_CONTEXT() REPRESENTATION_CONTEXT('2D SPACE',''
  ) );
#3089 = ORIENTED_EDGE('',*,*,#3014,.F.);
#3090 = ADVANCED_FACE('',(#3091),#2743,.T.);
#3091 = FACE_BOUND('',#3092,.T.);
#3092 = EDGE_LOOP('',(#3093,#3120,#3147,#3167));
#3093 = ORIENTED_EDGE('',*,*,#3094,.T.);
#3094 = EDGE_CURVE('',#2703,#3095,#3097,.T.);
#3095 = VERTEX_POINT('',#3096);
#3096 = CARTESIAN_POINT('',(19.095,-58.2056436771,20.1));
#3097 = SURFACE_CURVE('',#3098,(#3103,#3109),.PCURVE_S1.);
#3098 = CIRCLE('',#3099,1.005);
#3099 = AXIS2_PLACEMENT_3D('',#3100,#3101,#3102);
#3100 = CARTESIAN_POINT('',(19.095,-58.2056436771,19.095));
#3101 = DIRECTION('',(-1.,-6.123233995737E-17,0.));
#3102 = DIRECTION('',(6.123233995737E-17,-1.,-0.));
#3103 = PCURVE('',#2743,#3104);
#3104 = DEFINITIONAL_REPRESENTATION('',(#3105),#3108);
#3105 = B_SPLINE_CURVE_WITH_KNOTS('',1,(#3106,#3107),.UNSPECIFIED.,.F.,
  .F.,(2,2),(1.745329251994E-02,1.570796326795),
  .PIECEWISE_BEZIER_KNOTS.);
#3106 = CARTESIAN_POINT('',(0.,0.));
#3107 = CARTESIAN_POINT('',(1.553343034275,0.));
#3108 = ( GEOMETRIC_REPRESENTATION_CONTEXT(2) 
PARAMETRIC_REPRESENTATION_CONTEXT() REPRESENTATION_CONTEXT('2D SPACE',''
  ) );
#3109 = PCURVE('',#3110,#3115);
#3110 = TOROIDAL_SURFACE('',#3111,8.960643677102,1.005);
#3111 = AXIS2_PLACEMENT_3D('',#3112,#3113,#3114);
#3112 = CARTESIAN_POINT('',(19.095,-49.245,19.095));
#3113 = DIRECTION('',(0.,0.,1.));
#3114 = DIRECTION('',(1.,0.,-0.));
#3115 = DEFINITIONAL_REPRESENTATION('',(#3116),#3119);
#3116 = B_SPLINE_CURVE_WITH_KNOTS('',1,(#3117,#3118),.UNSPECIFIED.,.F.,
  .F.,(2,2),(1.745329251994E-02,1.570796326795),
  .PIECEWISE_BEZIER_KNOTS.);
#3117 = CARTESIAN_POINT('',(-1.570796326795,1.745329251994E-02));
#3118 = CARTESIAN_POINT('',(-1.570796326795,1.570796326795));
#3119 = ( GEOMETRIC_REPRESENTATION_CONTEXT(2) 
PARAMETRIC_REPRESENTATION_CONTEXT() REPRESENTATION_CONTEXT('2D SPACE',''
  ) );
#3120 = ORIENTED_EDGE('',*,*,#3121,.T.);
#3121 = EDGE_CURVE('',#3095,#3122,#3124,.T.);
#3122 = VERTEX_POINT('',#3123);
#3123 = CARTESIAN_POINT('',(-19.095,-58.2056436771,20.1));
#3124 = SURFACE_CURVE('',#3125,(#3129,#3135),.PCURVE_S1.);
#3125 = LINE('',#3126,#3127);
#3126 = CARTESIAN_POINT('',(19.095,-58.2056436771,20.1));
#3127 = VECTOR('',#3128,1.);
#3128 = DIRECTION('',(-1.,-0.,-0.));
#3129 = PCURVE('',#2743,#3130);
#3130 = DEFINITIONAL_REPRESENTATION('',(#3131),#3134);
#3131 = B_SPLINE_CURVE_WITH_KNOTS('',1,(#3132,#3133),.UNSPECIFIED.,.F.,
  .F.,(2,2),(0.,38.19),.PIECEWISE_BEZIER_KNOTS.);
#3132 = CARTESIAN_POINT('',(1.553343034275,0.));
#3133 = CARTESIAN_POINT('',(1.553343034275,38.19));
#3134 = ( GEOMETRIC_REPRESENTATION_CONTEXT(2) 
PARAMETRIC_REPRESENTATION_CONTEXT() REPRESENTATION_CONTEXT('2D SPACE',''
  ) );
#3135 = PCURVE('',#3136,#3141);
#3136 = PLANE('',#3137);
#3137 = AXIS2_PLACEMENT_3D('',#3138,#3139,#3140);
#3138 = CARTESIAN_POINT('',(-19.095,-49.245,20.1));
#3139 = DIRECTION('',(0.,0.,1.));
#3140 = DIRECTION('',(1.,0.,0.));
#3141 = DEFINITIONAL_REPRESENTATION('',(#3142),#3146);
#3142 = LINE('',#3143,#3144);
#3143 = CARTESIAN_POINT('',(38.19,-8.960643677102));
#3144 = VECTOR('',#3145,1.);
#3145 = DIRECTION('',(-1.,0.));
#3146 = ( GEOMETRIC_REPRESENTATION_CONTEXT(2) 
PARAMETRIC_REPRESENTATION_CONTEXT() REPRESENTATION_CONTEXT('2D SPACE',''
  ) );
#3147 = ORIENTED_EDGE('',*,*,#3148,.F.);
#3148 = EDGE_CURVE('',#2728,#3122,#3149,.T.);
#3149 = SURFACE_CURVE('',#3150,(#3155,#3161),.PCURVE_S1.);
#3150 = CIRCLE('',#3151,1.005);
#3151 = AXIS2_PLACEMENT_3D('',#3152,#3153,#3154);
#3152 = CARTESIAN_POINT('',(-19.095,-58.2056436771,19.095));
#3153 = DIRECTION('',(-1.,-0.,0.));
#3154 = DIRECTION('',(0.,-0.999847695156,1.745240643728E-02));
#3155 = PCURVE('',#2743,#3156);
#3156 = DEFINITIONAL_REPRESENTATION('',(#3157),#3160);
#3157 = B_SPLINE_CURVE_WITH_KNOTS('',1,(#3158,#3159),.UNSPECIFIED.,.F.,
  .F.,(2,2),(0.,1.553343034275),.PIECEWISE_BEZIER_KNOTS.);
#3158 = CARTESIAN_POINT('',(0.,38.19));
#3159 = CARTESIAN_POINT('',(1.553343034275,38.19));
#3160 = ( GEOMETRIC_REPRESENTATION_CONTEXT(2) 
PARAMETRIC_REPRESENTATION_CONTEXT() REPRESENTATION_CONTEXT('2D SPACE',''
  ) );
#3161 = PCURVE('',#3079,#3162);
#3162 = DEFINITIONAL_REPRESENTATION('',(#3163),#3166);
#3163 = B_SPLINE_CURVE_WITH_KNOTS('',1,(#3164,#3165),.UNSPECIFIED.,.F.,
  .F.,(2,2),(0.,1.553343034275),.PIECEWISE_BEZIER_KNOTS.);
#3164 = CARTESIAN_POINT('',(0.,1.745329251994E-02));
#3165 = CARTESIAN_POINT('',(0.,1.570796326795));
#3166 = ( GEOMETRIC_REPRESENTATION_CONTEXT(2) 
PARAMETRIC_REPRESENTATION_CONTEXT() REPRESENTATION_CONTEXT('2D SPACE',''
  ) );
#3167 = ORIENTED_EDGE('',*,*,#2727,.F.);
#3168 = ADVANCED_FACE('',(#3169),#2716,.T.);
#3169 = FACE_BOUND('',#3170,.T.);
#3170 = EDGE_LOOP('',(#3171,#3172,#3192,#3212));
#3171 = ORIENTED_EDGE('',*,*,#2865,.T.);
#3172 = ORIENTED_EDGE('',*,*,#3173,.T.);
#3173 = EDGE_CURVE('',#2838,#3174,#3176,.T.);
#3174 = VERTEX_POINT('',#3175);
#3175 = CARTESIAN_POINT('',(29.060490610734,-49.245,19.112539668469));
#3176 = SURFACE_CURVE('',#3177,(#3180,#3186),.PCURVE_S1.);
#3177 = B_SPLINE_CURVE_WITH_KNOTS('',1,(#3178,#3179),.UNSPECIFIED.,.F.,
  .F.,(2,2),(0.,1.),.PIECEWISE_BEZIER_KNOTS.);
#3178 = CARTESIAN_POINT('',(29.145,-49.245,14.271));
#3179 = CARTESIAN_POINT('',(29.043254426533,-49.245,20.1));
#3180 = PCURVE('',#2716,#3181);
#3181 = DEFINITIONAL_REPRESENTATION('',(#3182),#3185);
#3182 = B_SPLINE_CURVE_WITH_KNOTS('',1,(#3183,#3184),.UNSPECIFIED.,.F.,
  .F.,(2,2),(0.,1.),.PIECEWISE_BEZIER_KNOTS.);
#3183 = CARTESIAN_POINT('',(-6.28318530718,-1.7085));
#3184 = CARTESIAN_POINT('',(-6.28318530718,-4.841539668469));
#3185 = ( GEOMETRIC_REPRESENTATION_CONTEXT(2) 
PARAMETRIC_REPRESENTATION_CONTEXT() REPRESENTATION_CONTEXT('2D SPACE',''
  ) );
#3186 = PCURVE('',#2853,#3187);
#3187 = DEFINITIONAL_REPRESENTATION('',(#3188),#3191);
#3188 = B_SPLINE_CURVE_WITH_KNOTS('',1,(#3189,#3190),.UNSPECIFIED.,.F.,
  .F.,(2,2),(0.,1.),.PIECEWISE_BEZIER_KNOTS.);
#3189 = CARTESIAN_POINT('',(-49.245,-5.829887920168));
#3190 = CARTESIAN_POINT('',(-49.245,0.));
#3191 = ( GEOMETRIC_REPRESENTATION_CONTEXT(2) 
PARAMETRIC_REPRESENTATION_CONTEXT() REPRESENTATION_CONTEXT('2D SPACE',''
  ) );
#3192 = ORIENTED_EDGE('',*,*,#3193,.T.);
#3193 = EDGE_CURVE('',#3174,#2703,#3194,.T.);
#3194 = SURFACE_CURVE('',#3195,(#3200,#3206),.PCURVE_S1.);
#3195 = CIRCLE('',#3196,9.965490610734);
#3196 = AXIS2_PLACEMENT_3D('',#3197,#3198,#3199);
#3197 = CARTESIAN_POINT('',(19.095,-49.245,19.112539668469));
#3198 = DIRECTION('',(0.,-0.,-1.));
#3199 = DIRECTION('',(1.,0.,-0.));
#3200 = PCURVE('',#2716,#3201);
#3201 = DEFINITIONAL_REPRESENTATION('',(#3202),#3205);
#3202 = B_SPLINE_CURVE_WITH_KNOTS('',1,(#3203,#3204),.UNSPECIFIED.,.F.,
  .F.,(2,2),(0.,1.570796326795),.PIECEWISE_BEZIER_KNOTS.);
#3203 = CARTESIAN_POINT('',(-6.28318530718,-4.841539668469));
#3204 = CARTESIAN_POINT('',(-4.712388980385,-4.841539668469));
#3205 = ( GEOMETRIC_REPRESENTATION_CONTEXT(2) 
PARAMETRIC_REPRESENTATION_CONTEXT() REPRESENTATION_CONTEXT('2D SPACE',''
  ) );
#3206 = PCURVE('',#3110,#3207);
#3207 = DEFINITIONAL_REPRESENTATION('',(#3208),#3211);
#3208 = B_SPLINE_CURVE_WITH_KNOTS('',1,(#3209,#3210),.UNSPECIFIED.,.F.,
  .F.,(2,2),(-0.,1.570796326795),.PIECEWISE_BEZIER_KNOTS.);
#3209 = CARTESIAN_POINT('',(0.,1.745329251994E-02));
#3210 = CARTESIAN_POINT('',(-1.570796326795,1.745329251994E-02));
#3211 = ( GEOMETRIC_REPRESENTATION_CONTEXT(2) 
PARAMETRIC_REPRESENTATION_CONTEXT() REPRESENTATION_CONTEXT('2D SPACE',''
  ) );
#3212 = ORIENTED_EDGE('',*,*,#2702,.F.);
#3213 = ADVANCED_FACE('',(#3214),#2853,.T.);
#3214 = FACE_BOUND('',#3215,.T.);
#3215 = EDGE_LOOP('',(#3216,#3217,#3237,#3262));
#3216 = ORIENTED_EDGE('',*,*,#2837,.F.);
#3217 = ORIENTED_EDGE('',*,*,#3218,.T.);
#3218 = EDGE_CURVE('',#2810,#3219,#3221,.T.);
#3219 = VERTEX_POINT('',#3220);
#3220 = CARTESIAN_POINT('',(29.060490610734,49.245,19.112539668469));
#3221 = SURFACE_CURVE('',#3222,(#3225,#3231),.PCURVE_S1.);
#3222 = B_SPLINE_CURVE_WITH_KNOTS('',1,(#3223,#3224),.UNSPECIFIED.,.F.,
  .F.,(2,2),(0.,1.),.PIECEWISE_BEZIER_KNOTS.);
#3223 = CARTESIAN_POINT('',(29.145,49.245,14.271));
#3224 = CARTESIAN_POINT('',(29.043254426533,49.245,20.1));
#3225 = PCURVE('',#2853,#3226);
#3226 = DEFINITIONAL_REPRESENTATION('',(#3227),#3230);
#3227 = B_SPLINE_CURVE_WITH_KNOTS('',1,(#3228,#3229),.UNSPECIFIED.,.F.,
  .F.,(2,2),(0.,1.),.PIECEWISE_BEZIER_KNOTS.);
#3228 = CARTESIAN_POINT('',(49.245,-5.829887920168));
#3229 = CARTESIAN_POINT('',(49.245,0.));
#3230 = ( GEOMETRIC_REPRESENTATION_CONTEXT(2) 
PARAMETRIC_REPRESENTATION_CONTEXT() REPRESENTATION_CONTEXT('2D SPACE',''
  ) );
#3231 = PCURVE('',#2826,#3232);
#3232 = DEFINITIONAL_REPRESENTATION('',(#3233),#3236);
#3233 = B_SPLINE_CURVE_WITH_KNOTS('',1,(#3234,#3235),.UNSPECIFIED.,.F.,
  .F.,(2,2),(0.,1.),.PIECEWISE_BEZIER_KNOTS.);
#3234 = CARTESIAN_POINT('',(0.,-1.7085));
#3235 = CARTESIAN_POINT('',(0.,-4.841539668469));
#3236 = ( GEOMETRIC_REPRESENTATION_CONTEXT(2) 
PARAMETRIC_REPRESENTATION_CONTEXT() REPRESENTATION_CONTEXT('2D SPACE',''
  ) );
#3237 = ORIENTED_EDGE('',*,*,#3238,.T.);
#3238 = EDGE_CURVE('',#3219,#3174,#3239,.T.);
#3239 = SURFACE_CURVE('',#3240,(#3244,#3251),.PCURVE_S1.);
#3240 = LINE('',#3241,#3242);
#3241 = CARTESIAN_POINT('',(29.060490610734,49.245,19.112539668469));
#3242 = VECTOR('',#3243,1.);
#3243 = DIRECTION('',(-0.,-1.,-0.));
#3244 = PCURVE('',#2853,#3245);
#3245 = DEFINITIONAL_REPRESENTATION('',(#3246),#3250);
#3246 = LINE('',#3247,#3248);
#3247 = CARTESIAN_POINT('',(49.245,-0.987610749431));
#3248 = VECTOR('',#3249,1.);
#3249 = DIRECTION('',(-1.,0.));
#3250 = ( GEOMETRIC_REPRESENTATION_CONTEXT(2) 
PARAMETRIC_REPRESENTATION_CONTEXT() REPRESENTATION_CONTEXT('2D SPACE',''
  ) );
#3251 = PCURVE('',#3252,#3257);
#3252 = CYLINDRICAL_SURFACE('',#3253,1.005);
#3253 = AXIS2_PLACEMENT_3D('',#3254,#3255,#3256);
#3254 = CARTESIAN_POINT('',(28.055643677102,49.245,19.095));
#3255 = DIRECTION('',(-0.,-1.,-0.));
#3256 = DIRECTION('',(0.999847695156,-0.,1.745240643728E-02));
#3257 = DEFINITIONAL_REPRESENTATION('',(#3258),#3261);
#3258 = B_SPLINE_CURVE_WITH_KNOTS('',1,(#3259,#3260),.UNSPECIFIED.,.F.,
  .F.,(2,2),(0.,98.49),.PIECEWISE_BEZIER_KNOTS.);
#3259 = CARTESIAN_POINT('',(0.,0.));
#3260 = CARTESIAN_POINT('',(0.,98.49));
#3261 = ( GEOMETRIC_REPRESENTATION_CONTEXT(2) 
PARAMETRIC_REPRESENTATION_CONTEXT() REPRESENTATION_CONTEXT('2D SPACE',''
  ) );
#3262 = ORIENTED_EDGE('',*,*,#3173,.F.);
#3263 = ADVANCED_FACE('',(#3264),#2826,.T.);
#3264 = FACE_BOUND('',#3265,.T.);
#3265 = EDGE_LOOP('',(#3266,#3267,#3268,#3293));
#3266 = ORIENTED_EDGE('',*,*,#2809,.T.);
#3267 = ORIENTED_EDGE('',*,*,#2938,.T.);
#3268 = ORIENTED_EDGE('',*,*,#3269,.T.);
#3269 = EDGE_CURVE('',#2912,#3219,#3270,.T.);
#3270 = SURFACE_CURVE('',#3271,(#3276,#3282),.PCURVE_S1.);
#3271 = CIRCLE('',#3272,9.965490610734);
#3272 = AXIS2_PLACEMENT_3D('',#3273,#3274,#3275);
#3273 = CARTESIAN_POINT('',(19.095,49.245,19.112539668469));
#3274 = DIRECTION('',(0.,-0.,-1.));
#3275 = DIRECTION('',(0.,1.,-0.));
#3276 = PCURVE('',#2826,#3277);
#3277 = DEFINITIONAL_REPRESENTATION('',(#3278),#3281);
#3278 = B_SPLINE_CURVE_WITH_KNOTS('',1,(#3279,#3280),.UNSPECIFIED.,.F.,
  .F.,(2,2),(0.,1.570796326795),.PIECEWISE_BEZIER_KNOTS.);
#3279 = CARTESIAN_POINT('',(-1.570796326795,-4.841539668469));
#3280 = CARTESIAN_POINT('',(0.,-4.841539668469));
#3281 = ( GEOMETRIC_REPRESENTATION_CONTEXT(2) 
PARAMETRIC_REPRESENTATION_CONTEXT() REPRESENTATION_CONTEXT('2D SPACE',''
  ) );
#3282 = PCURVE('',#3283,#3288);
#3283 = TOROIDAL_SURFACE('',#3284,8.960643677102,1.005);
#3284 = AXIS2_PLACEMENT_3D('',#3285,#3286,#3287);
#3285 = CARTESIAN_POINT('',(19.095,49.245,19.095));
#3286 = DIRECTION('',(0.,0.,1.));
#3287 = DIRECTION('',(0.,1.,0.));
#3288 = DEFINITIONAL_REPRESENTATION('',(#3289),#3292);
#3289 = B_SPLINE_CURVE_WITH_KNOTS('',1,(#3290,#3291),.UNSPECIFIED.,.F.,
  .F.,(2,2),(-0.,1.570796326795),.PIECEWISE_BEZIER_KNOTS.);
#3290 = CARTESIAN_POINT('',(0.,1.745329251994E-02));
#3291 = CARTESIAN_POINT('',(-1.570796326795,1.745329251994E-02));
#3292 = ( GEOMETRIC_REPRESENTATION_CONTEXT(2) 
PARAMETRIC_REPRESENTATION_CONTEXT() REPRESENTATION_CONTEXT('2D SPACE',''
  ) );
#3293 = ORIENTED_EDGE('',*,*,#3218,.F.);
#3294 = ADVANCED_FACE('',(#3295),#2927,.T.);
#3295 = FACE_BOUND('',#3296,.T.);
#3296 = EDGE_LOOP('',(#3297,#3319,#3341,#3361));
#3297 = ORIENTED_EDGE('',*,*,#3298,.T.);
#3298 = EDGE_CURVE('',#2892,#3299,#3301,.T.);
#3299 = VERTEX_POINT('',#3300);
#3300 = CARTESIAN_POINT('',(-19.095,58.205643677102,20.1));
#3301 = SURFACE_CURVE('',#3302,(#3307,#3313),.PCURVE_S1.);
#3302 = CIRCLE('',#3303,1.005);
#3303 = AXIS2_PLACEMENT_3D('',#3304,#3305,#3306);
#3304 = CARTESIAN_POINT('',(-19.095,58.205643677102,19.095));
#3305 = DIRECTION('',(1.,6.123233995737E-17,-0.));
#3306 = DIRECTION('',(-6.123233995737E-17,1.,0.));
#3307 = PCURVE('',#2927,#3308);
#3308 = DEFINITIONAL_REPRESENTATION('',(#3309),#3312);
#3309 = B_SPLINE_CURVE_WITH_KNOTS('',1,(#3310,#3311),.UNSPECIFIED.,.F.,
  .F.,(2,2),(1.745329251994E-02,1.570796326795),
  .PIECEWISE_BEZIER_KNOTS.);
#3310 = CARTESIAN_POINT('',(0.,0.));
#3311 = CARTESIAN_POINT('',(1.553343034275,0.));
#3312 = ( GEOMETRIC_REPRESENTATION_CONTEXT(2) 
PARAMETRIC_REPRESENTATION_CONTEXT() REPRESENTATION_CONTEXT('2D SPACE',''
  ) );
#3313 = PCURVE('',#2998,#3314);
#3314 = DEFINITIONAL_REPRESENTATION('',(#3315),#3318);
#3315 = B_SPLINE_CURVE_WITH_KNOTS('',1,(#3316,#3317),.UNSPECIFIED.,.F.,
  .F.,(2,2),(1.745329251994E-02,1.570796326795),
  .PIECEWISE_BEZIER_KNOTS.);
#3316 = CARTESIAN_POINT('',(-1.570796326795,1.745329251994E-02));
#3317 = CARTESIAN_POINT('',(-1.570796326795,1.570796326795));
#3318 = ( GEOMETRIC_REPRESENTATION_CONTEXT(2) 
PARAMETRIC_REPRESENTATION_CONTEXT() REPRESENTATION_CONTEXT('2D SPACE',''
  ) );
#3319 = ORIENTED_EDGE('',*,*,#3320,.T.);
#3320 = EDGE_CURVE('',#3299,#3321,#3323,.T.);
#3321 = VERTEX_POINT('',#3322);
#3322 = CARTESIAN_POINT('',(19.095,58.205643677102,20.1));
#3323 = SURFACE_CURVE('',#3324,(#3328,#3334),.PCURVE_S1.);
#3324 = LINE('',#3325,#3326);
#3325 = CARTESIAN_POINT('',(-19.095,58.205643677102,20.1));
#3326 = VECTOR('',#3327,1.);
#3327 = DIRECTION('',(1.,0.,0.));
#3328 = PCURVE('',#2927,#3329);
#3329 = DEFINITIONAL_REPRESENTATION('',(#3330),#3333);
#3330 = B_SPLINE_CURVE_WITH_KNOTS('',1,(#3331,#3332),.UNSPECIFIED.,.F.,
  .F.,(2,2),(0.,38.19),.PIECEWISE_BEZIER_KNOTS.);
#3331 = CARTESIAN_POINT('',(1.553343034275,0.));
#3332 = CARTESIAN_POINT('',(1.553343034275,38.19));
#3333 = ( GEOMETRIC_REPRESENTATION_CONTEXT(2) 
PARAMETRIC_REPRESENTATION_CONTEXT() REPRESENTATION_CONTEXT('2D SPACE',''
  ) );
#3334 = PCURVE('',#3136,#3335);
#3335 = DEFINITIONAL_REPRESENTATION('',(#3336),#3340);
#3336 = LINE('',#3337,#3338);
#3337 = CARTESIAN_POINT('',(0.,107.4506436771));
#3338 = VECTOR('',#3339,1.);
#3339 = DIRECTION('',(1.,0.));
#3340 = ( GEOMETRIC_REPRESENTATION_CONTEXT(2) 
PARAMETRIC_REPRESENTATION_CONTEXT() REPRESENTATION_CONTEXT('2D SPACE',''
  ) );
#3341 = ORIENTED_EDGE('',*,*,#3342,.F.);
#3342 = EDGE_CURVE('',#2912,#3321,#3343,.T.);
#3343 = SURFACE_CURVE('',#3344,(#3349,#3355),.PCURVE_S1.);
#3344 = CIRCLE('',#3345,1.005);
#3345 = AXIS2_PLACEMENT_3D('',#3346,#3347,#3348);
#3346 = CARTESIAN_POINT('',(19.095,58.205643677102,19.095));
#3347 = DIRECTION('',(1.,0.,0.));
#3348 = DIRECTION('',(-0.,0.999847695156,1.745240643728E-02));
#3349 = PCURVE('',#2927,#3350);
#3350 = DEFINITIONAL_REPRESENTATION('',(#3351),#3354);
#3351 = B_SPLINE_CURVE_WITH_KNOTS('',1,(#3352,#3353),.UNSPECIFIED.,.F.,
  .F.,(2,2),(0.,1.553343034275),.PIECEWISE_BEZIER_KNOTS.);
#3352 = CARTESIAN_POINT('',(0.,38.19));
#3353 = CARTESIAN_POINT('',(1.553343034275,38.19));
#3354 = ( GEOMETRIC_REPRESENTATION_CONTEXT(2) 
PARAMETRIC_REPRESENTATION_CONTEXT() REPRESENTATION_CONTEXT('2D SPACE',''
  ) );
#3355 = PCURVE('',#3283,#3356);
#3356 = DEFINITIONAL_REPRESENTATION('',(#3357),#3360);
#3357 = B_SPLINE_CURVE_WITH_KNOTS('',1,(#3358,#3359),.UNSPECIFIED.,.F.,
  .F.,(2,2),(0.,1.553343034275),.PIECEWISE_BEZIER_KNOTS.);
#3358 = CARTESIAN_POINT('',(0.,1.745329251994E-02));
#3359 = CARTESIAN_POINT('',(0.,1.570796326795));
#3360 = ( GEOMETRIC_REPRESENTATION_CONTEXT(2) 
PARAMETRIC_REPRESENTATION_CONTEXT() REPRESENTATION_CONTEXT('2D SPACE',''
  ) );
#3361 = ORIENTED_EDGE('',*,*,#2911,.F.);
#3362 = ADVANCED_FACE('',(#3363),#2998,.T.);
#3363 = FACE_BOUND('',#3364,.F.);
#3364 = EDGE_LOOP('',(#3365,#3387,#3388,#3389));
#3365 = ORIENTED_EDGE('',*,*,#3366,.F.);
#3366 = EDGE_CURVE('',#2965,#3367,#3369,.T.);
#3367 = VERTEX_POINT('',#3368);
#3368 = CARTESIAN_POINT('',(-28.0556436771,49.245,20.1));
#3369 = SURFACE_CURVE('',#3370,(#3375,#3381),.PCURVE_S1.);
#3370 = CIRCLE('',#3371,1.005);
#3371 = AXIS2_PLACEMENT_3D('',#3372,#3373,#3374);
#3372 = CARTESIAN_POINT('',(-28.0556436771,49.245,19.095));
#3373 = DIRECTION('',(0.,1.,0.));
#3374 = DIRECTION('',(-0.999847695156,0.,1.745240643728E-02));
#3375 = PCURVE('',#2998,#3376);
#3376 = DEFINITIONAL_REPRESENTATION('',(#3377),#3380);
#3377 = B_SPLINE_CURVE_WITH_KNOTS('',1,(#3378,#3379),.UNSPECIFIED.,.F.,
  .F.,(2,2),(0.,1.553343034275),.PIECEWISE_BEZIER_KNOTS.);
#3378 = CARTESIAN_POINT('',(0.,1.745329251994E-02));
#3379 = CARTESIAN_POINT('',(0.,1.570796326795));
#3380 = ( GEOMETRIC_REPRESENTATION_CONTEXT(2) 
PARAMETRIC_REPRESENTATION_CONTEXT() REPRESENTATION_CONTEXT('2D SPACE',''
  ) );
#3381 = PCURVE('',#3048,#3382);
#3382 = DEFINITIONAL_REPRESENTATION('',(#3383),#3386);
#3383 = B_SPLINE_CURVE_WITH_KNOTS('',1,(#3384,#3385),.UNSPECIFIED.,.F.,
  .F.,(2,2),(0.,1.553343034275),.PIECEWISE_BEZIER_KNOTS.);
#3384 = CARTESIAN_POINT('',(0.,98.49));
#3385 = CARTESIAN_POINT('',(1.553343034275,98.49));
#3386 = ( GEOMETRIC_REPRESENTATION_CONTEXT(2) 
PARAMETRIC_REPRESENTATION_CONTEXT() REPRESENTATION_CONTEXT('2D SPACE',''
  ) );
#3387 = ORIENTED_EDGE('',*,*,#2984,.T.);
#3388 = ORIENTED_EDGE('',*,*,#3298,.T.);
#3389 = ORIENTED_EDGE('',*,*,#3390,.F.);
#3390 = EDGE_CURVE('',#3367,#3299,#3391,.T.);
#3391 = SURFACE_CURVE('',#3392,(#3397,#3403),.PCURVE_S1.);
#3392 = CIRCLE('',#3393,8.960643677102);
#3393 = AXIS2_PLACEMENT_3D('',#3394,#3395,#3396);
#3394 = CARTESIAN_POINT('',(-19.095,49.245,20.1));
#3395 = DIRECTION('',(-0.,0.,-1.));
#3396 = DIRECTION('',(-1.,0.,0.));
#3397 = PCURVE('',#2998,#3398);
#3398 = DEFINITIONAL_REPRESENTATION('',(#3399),#3402);
#3399 = B_SPLINE_CURVE_WITH_KNOTS('',1,(#3400,#3401),.UNSPECIFIED.,.F.,
  .F.,(2,2),(-0.,1.570796326795),.PIECEWISE_BEZIER_KNOTS.);
#3400 = CARTESIAN_POINT('',(0.,1.570796326795));
#3401 = CARTESIAN_POINT('',(-1.570796326795,1.570796326795));
#3402 = ( GEOMETRIC_REPRESENTATION_CONTEXT(2) 
PARAMETRIC_REPRESENTATION_CONTEXT() REPRESENTATION_CONTEXT('2D SPACE',''
  ) );
#3403 = PCURVE('',#3136,#3404);
#3404 = DEFINITIONAL_REPRESENTATION('',(#3405),#3413);
#3405 = ( BOUNDED_CURVE() B_SPLINE_CURVE(2,(#3406,#3407,#3408,#3409,
#3410,#3411,#3412),.UNSPECIFIED.,.T.,.F.) B_SPLINE_CURVE_WITH_KNOTS((1,2
    ,2,2,2,1),(-2.094395102393,0.,2.094395102393,4.188790204786,
6.28318530718,8.377580409573),.UNSPECIFIED.) CURVE() 
GEOMETRIC_REPRESENTATION_ITEM() RATIONAL_B_SPLINE_CURVE((1.,0.5,1.,0.5,
1.,0.5,1.)) REPRESENTATION_ITEM('') );
#3406 = CARTESIAN_POINT('',(-8.960643677102,98.49));
#3407 = CARTESIAN_POINT('',(-8.960643677102,114.01029011726));
#3408 = CARTESIAN_POINT('',(4.480321838551,106.25014505863));
#3409 = CARTESIAN_POINT('',(17.921287354204,98.49));
#3410 = CARTESIAN_POINT('',(4.480321838551,90.729854941369));
#3411 = CARTESIAN_POINT('',(-8.960643677102,82.969709882738));
#3412 = CARTESIAN_POINT('',(-8.960643677102,98.49));
#3413 = ( GEOMETRIC_REPRESENTATION_CONTEXT(2) 
PARAMETRIC_REPRESENTATION_CONTEXT() REPRESENTATION_CONTEXT('2D SPACE',''
  ) );
#3414 = ADVANCED_FACE('',(#3415),#3048,.T.);
#3415 = FACE_BOUND('',#3416,.T.);
#3416 = EDGE_LOOP('',(#3417,#3439,#3459,#3460));
#3417 = ORIENTED_EDGE('',*,*,#3418,.T.);
#3418 = EDGE_CURVE('',#3015,#3419,#3421,.T.);
#3419 = VERTEX_POINT('',#3420);
#3420 = CARTESIAN_POINT('',(-28.0556436771,-49.245,20.1));
#3421 = SURFACE_CURVE('',#3422,(#3427,#3433),.PCURVE_S1.);
#3422 = CIRCLE('',#3423,1.005);
#3423 = AXIS2_PLACEMENT_3D('',#3424,#3425,#3426);
#3424 = CARTESIAN_POINT('',(-28.0556436771,-49.245,19.095));
#3425 = DIRECTION('',(0.,1.,0.));
#3426 = DIRECTION('',(-0.999847695156,0.,1.745240643728E-02));
#3427 = PCURVE('',#3048,#3428);
#3428 = DEFINITIONAL_REPRESENTATION('',(#3429),#3432);
#3429 = B_SPLINE_CURVE_WITH_KNOTS('',1,(#3430,#3431),.UNSPECIFIED.,.F.,
  .F.,(2,2),(0.,1.553343034275),.PIECEWISE_BEZIER_KNOTS.);
#3430 = CARTESIAN_POINT('',(0.,0.));
#3431 = CARTESIAN_POINT('',(1.553343034275,0.));
#3432 = ( GEOMETRIC_REPRESENTATION_CONTEXT(2) 
PARAMETRIC_REPRESENTATION_CONTEXT() REPRESENTATION_CONTEXT('2D SPACE',''
  ) );
#3433 = PCURVE('',#3079,#3434);
#3434 = DEFINITIONAL_REPRESENTATION('',(#3435),#3438);
#3435 = B_SPLINE_CURVE_WITH_KNOTS('',1,(#3436,#3437),.UNSPECIFIED.,.F.,
  .F.,(2,2),(0.,1.553343034275),.PIECEWISE_BEZIER_KNOTS.);
#3436 = CARTESIAN_POINT('',(-1.570796326795,1.745329251994E-02));
#3437 = CARTESIAN_POINT('',(-1.570796326795,1.570796326795));
#3438 = ( GEOMETRIC_REPRESENTATION_CONTEXT(2) 
PARAMETRIC_REPRESENTATION_CONTEXT() REPRESENTATION_CONTEXT('2D SPACE',''
  ) );
#3439 = ORIENTED_EDGE('',*,*,#3440,.T.);
#3440 = EDGE_CURVE('',#3419,#3367,#3441,.T.);
#3441 = SURFACE_CURVE('',#3442,(#3446,#3452),.PCURVE_S1.);
#3442 = LINE('',#3443,#3444);
#3443 = CARTESIAN_POINT('',(-28.0556436771,-49.245,20.1));
#3444 = VECTOR('',#3445,1.);
#3445 = DIRECTION('',(0.,1.,0.));
#3446 = PCURVE('',#3048,#3447);
#3447 = DEFINITIONAL_REPRESENTATION('',(#3448),#3451);
#3448 = B_SPLINE_CURVE_WITH_KNOTS('',1,(#3449,#3450),.UNSPECIFIED.,.F.,
  .F.,(2,2),(0.,98.49),.PIECEWISE_BEZIER_KNOTS.);
#3449 = CARTESIAN_POINT('',(1.553343034275,0.));
#3450 = CARTESIAN_POINT('',(1.553343034275,98.49));
#3451 = ( GEOMETRIC_REPRESENTATION_CONTEXT(2) 
PARAMETRIC_REPRESENTATION_CONTEXT() REPRESENTATION_CONTEXT('2D SPACE',''
  ) );
#3452 = PCURVE('',#3136,#3453);
#3453 = DEFINITIONAL_REPRESENTATION('',(#3454),#3458);
#3454 = LINE('',#3455,#3456);
#3455 = CARTESIAN_POINT('',(-8.960643677102,0.));
#3456 = VECTOR('',#3457,1.);
#3457 = DIRECTION('',(0.,1.));
#3458 = ( GEOMETRIC_REPRESENTATION_CONTEXT(2) 
PARAMETRIC_REPRESENTATION_CONTEXT() REPRESENTATION_CONTEXT('2D SPACE',''
  ) );
#3459 = ORIENTED_EDGE('',*,*,#3366,.F.);
#3460 = ORIENTED_EDGE('',*,*,#3034,.F.);
#3461 = ADVANCED_FACE('',(#3462),#3079,.T.);
#3462 = FACE_BOUND('',#3463,.F.);
#3463 = EDGE_LOOP('',(#3464,#3465,#3466,#3467));
#3464 = ORIENTED_EDGE('',*,*,#3148,.F.);
#3465 = ORIENTED_EDGE('',*,*,#3065,.T.);
#3466 = ORIENTED_EDGE('',*,*,#3418,.T.);
#3467 = ORIENTED_EDGE('',*,*,#3468,.F.);
#3468 = EDGE_CURVE('',#3122,#3419,#3469,.T.);
#3469 = SURFACE_CURVE('',#3470,(#3475,#3481),.PCURVE_S1.);
#3470 = CIRCLE('',#3471,8.960643677102);
#3471 = AXIS2_PLACEMENT_3D('',#3472,#3473,#3474);
#3472 = CARTESIAN_POINT('',(-19.095,-49.245,20.1));
#3473 = DIRECTION('',(-0.,0.,-1.));
#3474 = DIRECTION('',(-3.589048986998E-16,-1.,0.));
#3475 = PCURVE('',#3079,#3476);
#3476 = DEFINITIONAL_REPRESENTATION('',(#3477),#3480);
#3477 = B_SPLINE_CURVE_WITH_KNOTS('',1,(#3478,#3479),.UNSPECIFIED.,.F.,
  .F.,(2,2),(-0.,1.570796326795),.PIECEWISE_BEZIER_KNOTS.);
#3478 = CARTESIAN_POINT('',(0.,1.570796326795));
#3479 = CARTESIAN_POINT('',(-1.570796326795,1.570796326795));
#3480 = ( GEOMETRIC_REPRESENTATION_CONTEXT(2) 
PARAMETRIC_REPRESENTATION_CONTEXT() REPRESENTATION_CONTEXT('2D SPACE',''
  ) );
#3481 = PCURVE('',#3136,#3482);
#3482 = DEFINITIONAL_REPRESENTATION('',(#3483),#3491);
#3483 = ( BOUNDED_CURVE() B_SPLINE_CURVE(2,(#3484,#3485,#3486,#3487,
#3488,#3489,#3490),.UNSPECIFIED.,.T.,.F.) B_SPLINE_CURVE_WITH_KNOTS((1,2
    ,2,2,2,1),(-2.094395102393,0.,2.094395102393,4.188790204786,
6.28318530718,8.377580409573),.UNSPECIFIED.) CURVE() 
GEOMETRIC_REPRESENTATION_ITEM() RATIONAL_B_SPLINE_CURVE((1.,0.5,1.,0.5,
1.,0.5,1.)) REPRESENTATION_ITEM('') );
#3484 = CARTESIAN_POINT('',(-3.216018911215E-15,-8.960643677102));
#3485 = CARTESIAN_POINT('',(-15.52029011726,-8.960643677102));
#3486 = CARTESIAN_POINT('',(-7.760145058631,4.480321838551));
#3487 = CARTESIAN_POINT('',(4.237313102938E-15,17.921287354204));
#3488 = CARTESIAN_POINT('',(7.760145058631,4.480321838551));
#3489 = CARTESIAN_POINT('',(15.520290117262,-8.960643677102));
#3490 = CARTESIAN_POINT('',(-3.216018911215E-15,-8.960643677102));
#3491 = ( GEOMETRIC_REPRESENTATION_CONTEXT(2) 
PARAMETRIC_REPRESENTATION_CONTEXT() REPRESENTATION_CONTEXT('2D SPACE',''
  ) );
#3492 = ADVANCED_FACE('',(#3493),#3110,.T.);
#3493 = FACE_BOUND('',#3494,.F.);
#3494 = EDGE_LOOP('',(#3495,#3517,#3518,#3519));
#3495 = ORIENTED_EDGE('',*,*,#3496,.F.);
#3496 = EDGE_CURVE('',#3174,#3497,#3499,.T.);
#3497 = VERTEX_POINT('',#3498);
#3498 = CARTESIAN_POINT('',(28.055643677102,-49.245,20.1));
#3499 = SURFACE_CURVE('',#3500,(#3505,#3511),.PCURVE_S1.);
#3500 = CIRCLE('',#3501,1.005);
#3501 = AXIS2_PLACEMENT_3D('',#3502,#3503,#3504);
#3502 = CARTESIAN_POINT('',(28.055643677102,-49.245,19.095));
#3503 = DIRECTION('',(-0.,-1.,0.));
#3504 = DIRECTION('',(0.999847695156,-0.,1.745240643728E-02));
#3505 = PCURVE('',#3110,#3506);
#3506 = DEFINITIONAL_REPRESENTATION('',(#3507),#3510);
#3507 = B_SPLINE_CURVE_WITH_KNOTS('',1,(#3508,#3509),.UNSPECIFIED.,.F.,
  .F.,(2,2),(0.,1.553343034275),.PIECEWISE_BEZIER_KNOTS.);
#3508 = CARTESIAN_POINT('',(0.,1.745329251994E-02));
#3509 = CARTESIAN_POINT('',(0.,1.570796326795));
#3510 = ( GEOMETRIC_REPRESENTATION_CONTEXT(2) 
PARAMETRIC_REPRESENTATION_CONTEXT() REPRESENTATION_CONTEXT('2D SPACE',''
  ) );
#3511 = PCURVE('',#3252,#3512);
#3512 = DEFINITIONAL_REPRESENTATION('',(#3513),#3516);
#3513 = B_SPLINE_CURVE_WITH_KNOTS('',1,(#3514,#3515),.UNSPECIFIED.,.F.,
  .F.,(2,2),(0.,1.553343034275),.PIECEWISE_BEZIER_KNOTS.);
#3514 = CARTESIAN_POINT('',(0.,98.49));
#3515 = CARTESIAN_POINT('',(1.553343034275,98.49));
#3516 = ( GEOMETRIC_REPRESENTATION_CONTEXT(2) 
PARAMETRIC_REPRESENTATION_CONTEXT() REPRESENTATION_CONTEXT('2D SPACE',''
  ) );
#3517 = ORIENTED_EDGE('',*,*,#3193,.T.);
#3518 = ORIENTED_EDGE('',*,*,#3094,.T.);
#3519 = ORIENTED_EDGE('',*,*,#3520,.F.);
#3520 = EDGE_CURVE('',#3497,#3095,#3521,.T.);
#3521 = SURFACE_CURVE('',#3522,(#3527,#3533),.PCURVE_S1.);
#3522 = CIRCLE('',#3523,8.960643677102);
#3523 = AXIS2_PLACEMENT_3D('',#3524,#3525,#3526);
#3524 = CARTESIAN_POINT('',(19.095,-49.245,20.1));
#3525 = DIRECTION('',(0.,-0.,-1.));
#3526 = DIRECTION('',(1.,0.,-0.));
#3527 = PCURVE('',#3110,#3528);
#3528 = DEFINITIONAL_REPRESENTATION('',(#3529),#3532);
#3529 = B_SPLINE_CURVE_WITH_KNOTS('',1,(#3530,#3531),.UNSPECIFIED.,.F.,
  .F.,(2,2),(-0.,1.570796326795),.PIECEWISE_BEZIER_KNOTS.);
#3530 = CARTESIAN_POINT('',(0.,1.570796326795));
#3531 = CARTESIAN_POINT('',(-1.570796326795,1.570796326795));
#3532 = ( GEOMETRIC_REPRESENTATION_CONTEXT(2) 
PARAMETRIC_REPRESENTATION_CONTEXT() REPRESENTATION_CONTEXT('2D SPACE',''
  ) );
#3533 = PCURVE('',#3136,#3534);
#3534 = DEFINITIONAL_REPRESENTATION('',(#3535),#3543);
#3535 = ( BOUNDED_CURVE() B_SPLINE_CURVE(2,(#3536,#3537,#3538,#3539,
#3540,#3541,#3542),.UNSPECIFIED.,.T.,.F.) B_SPLINE_CURVE_WITH_KNOTS((1,2
    ,2,2,2,1),(-2.094395102393,0.,2.094395102393,4.188790204786,
6.28318530718,8.377580409573),.UNSPECIFIED.) CURVE() 
GEOMETRIC_REPRESENTATION_ITEM() RATIONAL_B_SPLINE_CURVE((1.,0.5,1.,0.5,
1.,0.5,1.)) REPRESENTATION_ITEM('') );
#3536 = CARTESIAN_POINT('',(47.150643677102,0.));
#3537 = CARTESIAN_POINT('',(47.150643677102,-15.52029011726));
#3538 = CARTESIAN_POINT('',(33.709678161449,-7.760145058631));
#3539 = CARTESIAN_POINT('',(20.268712645796,-2.194724719493E-15));
#3540 = CARTESIAN_POINT('',(33.709678161449,7.760145058631));
#3541 = CARTESIAN_POINT('',(47.150643677102,15.520290117262));
#3542 = CARTESIAN_POINT('',(47.150643677102,0.));
#3543 = ( GEOMETRIC_REPRESENTATION_CONTEXT(2) 
PARAMETRIC_REPRESENTATION_CONTEXT() REPRESENTATION_CONTEXT('2D SPACE',''
  ) );
#3544 = ADVANCED_FACE('',(#3545,#3600,#3630,#3732,#3834,#3864,#3894,
    #3996,#4026,#4128,#4230,#4456,#4558),#3136,.T.);
#3545 = FACE_BOUND('',#3546,.T.);
#3546 = EDGE_LOOP('',(#3547,#3548,#3549,#3550,#3551,#3573,#3598,#3599));
#3547 = ORIENTED_EDGE('',*,*,#3440,.F.);
#3548 = ORIENTED_EDGE('',*,*,#3468,.F.);
#3549 = ORIENTED_EDGE('',*,*,#3121,.F.);
#3550 = ORIENTED_EDGE('',*,*,#3520,.F.);
#3551 = ORIENTED_EDGE('',*,*,#3552,.F.);
#3552 = EDGE_CURVE('',#3553,#3497,#3555,.T.);
#3553 = VERTEX_POINT('',#3554);
#3554 = CARTESIAN_POINT('',(28.055643677102,49.245,20.1));
#3555 = SURFACE_CURVE('',#3556,(#3560,#3567),.PCURVE_S1.);
#3556 = LINE('',#3557,#3558);
#3557 = CARTESIAN_POINT('',(28.055643677102,49.245,20.1));
#3558 = VECTOR('',#3559,1.);
#3559 = DIRECTION('',(-0.,-1.,-0.));
#3560 = PCURVE('',#3136,#3561);
#3561 = DEFINITIONAL_REPRESENTATION('',(#3562),#3566);
#3562 = LINE('',#3563,#3564);
#3563 = CARTESIAN_POINT('',(47.150643677102,98.49));
#3564 = VECTOR('',#3565,1.);
#3565 = DIRECTION('',(0.,-1.));
#3566 = ( GEOMETRIC_REPRESENTATION_CONTEXT(2) 
PARAMETRIC_REPRESENTATION_CONTEXT() REPRESENTATION_CONTEXT('2D SPACE',''
  ) );
#3567 = PCURVE('',#3252,#3568);
#3568 = DEFINITIONAL_REPRESENTATION('',(#3569),#3572);
#3569 = B_SPLINE_CURVE_WITH_KNOTS('',1,(#3570,#3571),.UNSPECIFIED.,.F.,
  .F.,(2,2),(0.,98.49),.PIECEWISE_BEZIER_KNOTS.);
#3570 = CARTESIAN_POINT('',(1.553343034275,0.));
#3571 = CARTESIAN_POINT('',(1.553343034275,98.49));
#3572 = ( GEOMETRIC_REPRESENTATION_CONTEXT(2) 
PARAMETRIC_REPRESENTATION_CONTEXT() REPRESENTATION_CONTEXT('2D SPACE',''
  ) );
#3573 = ORIENTED_EDGE('',*,*,#3574,.F.);
#3574 = EDGE_CURVE('',#3321,#3553,#3575,.T.);
#3575 = SURFACE_CURVE('',#3576,(#3581,#3592),.PCURVE_S1.);
#3576 = CIRCLE('',#3577,8.960643677102);
#3577 = AXIS2_PLACEMENT_3D('',#3578,#3579,#3580);
#3578 = CARTESIAN_POINT('',(19.095,49.245,20.1));
#3579 = DIRECTION('',(0.,-0.,-1.));
#3580 = DIRECTION('',(0.,1.,-0.));
#3581 = PCURVE('',#3136,#3582);
#3582 = DEFINITIONAL_REPRESENTATION('',(#3583),#3591);
#3583 = ( BOUNDED_CURVE() B_SPLINE_CURVE(2,(#3584,#3585,#3586,#3587,
#3588,#3589,#3590),.UNSPECIFIED.,.T.,.F.) B_SPLINE_CURVE_WITH_KNOTS((1,2
    ,2,2,2,1),(-2.094395102393,0.,2.094395102393,4.188790204786,
6.28318530718,8.377580409573),.UNSPECIFIED.) CURVE() 
GEOMETRIC_REPRESENTATION_ITEM() RATIONAL_B_SPLINE_CURVE((1.,0.5,1.,0.5,
1.,0.5,1.)) REPRESENTATION_ITEM('') );
#3584 = CARTESIAN_POINT('',(38.19,107.4506436771));
#3585 = CARTESIAN_POINT('',(53.710290117262,107.4506436771));
#3586 = CARTESIAN_POINT('',(45.950145058631,94.009678161449));
#3587 = CARTESIAN_POINT('',(38.19,80.568712645796));
#3588 = CARTESIAN_POINT('',(30.429854941369,94.009678161449));
#3589 = CARTESIAN_POINT('',(22.669709882738,107.4506436771));
#3590 = CARTESIAN_POINT('',(38.19,107.4506436771));
#3591 = ( GEOMETRIC_REPRESENTATION_CONTEXT(2) 
PARAMETRIC_REPRESENTATION_CONTEXT() REPRESENTATION_CONTEXT('2D SPACE',''
  ) );
#3592 = PCURVE('',#3283,#3593);
#3593 = DEFINITIONAL_REPRESENTATION('',(#3594),#3597);
#3594 = B_SPLINE_CURVE_WITH_KNOTS('',1,(#3595,#3596),.UNSPECIFIED.,.F.,
  .F.,(2,2),(-0.,1.570796326795),.PIECEWISE_BEZIER_KNOTS.);
#3595 = CARTESIAN_POINT('',(0.,1.570796326795));
#3596 = CARTESIAN_POINT('',(-1.570796326795,1.570796326795));
#3597 = ( GEOMETRIC_REPRESENTATION_CONTEXT(2) 
PARAMETRIC_REPRESENTATION_CONTEXT() REPRESENTATION_CONTEXT('2D SPACE',''
  ) );
#3598 = ORIENTED_EDGE('',*,*,#3320,.F.);
#3599 = ORIENTED_EDGE('',*,*,#3390,.F.);
#3600 = FACE_BOUND('',#3601,.T.);
#3601 = EDGE_LOOP('',(#3602));
#3602 = ORIENTED_EDGE('',*,*,#3603,.F.);
#3603 = EDGE_CURVE('',#3604,#3604,#3606,.T.);
#3604 = VERTEX_POINT('',#3605);
#3605 = CARTESIAN_POINT('',(-17.53750813786,-45.225,20.1));
#3606 = SURFACE_CURVE('',#3607,(#3612,#3619),.PCURVE_S1.);
#3607 = CIRCLE('',#3608,2.562491862139);
#3608 = AXIS2_PLACEMENT_3D('',#3609,#3610,#3611);
#3609 = CARTESIAN_POINT('',(-20.1,-45.225,20.1));
#3610 = DIRECTION('',(0.,0.,1.));
#3611 = DIRECTION('',(1.,0.,-0.));
#3612 = PCURVE('',#3136,#3613);
#3613 = DEFINITIONAL_REPRESENTATION('',(#3614),#3618);
#3614 = CIRCLE('',#3615,2.562491862139);
#3615 = AXIS2_PLACEMENT_2D('',#3616,#3617);
#3616 = CARTESIAN_POINT('',(-1.005,4.02));
#3617 = DIRECTION('',(1.,0.));
#3618 = ( GEOMETRIC_REPRESENTATION_CONTEXT(2) 
PARAMETRIC_REPRESENTATION_CONTEXT() REPRESENTATION_CONTEXT('2D SPACE',''
  ) );
#3619 = PCURVE('',#3620,#3625);
#3620 = CONICAL_SURFACE('',#3621,2.5125,8.726646259972E-03);
#3621 = AXIS2_PLACEMENT_3D('',#3622,#3623,#3624);
#3622 = CARTESIAN_POINT('',(-20.1,-45.225,14.3715));
#3623 = DIRECTION('',(0.,0.,1.));
#3624 = DIRECTION('',(1.,0.,0.));
#3625 = DEFINITIONAL_REPRESENTATION('',(#3626),#3629);
#3626 = B_SPLINE_CURVE_WITH_KNOTS('',1,(#3627,#3628),.UNSPECIFIED.,.F.,
  .F.,(2,2),(0.,6.28318530718),.PIECEWISE_BEZIER_KNOTS.);
#3627 = CARTESIAN_POINT('',(0.,5.7285));
#3628 = CARTESIAN_POINT('',(6.28318530718,5.7285));
#3629 = ( GEOMETRIC_REPRESENTATION_CONTEXT(2) 
PARAMETRIC_REPRESENTATION_CONTEXT() REPRESENTATION_CONTEXT('2D SPACE',''
  ) );
#3630 = FACE_BOUND('',#3631,.T.);
#3631 = EDGE_LOOP('',(#3632,#3659,#3684,#3709));
#3632 = ORIENTED_EDGE('',*,*,#3633,.T.);
#3633 = EDGE_CURVE('',#3634,#3636,#3638,.T.);
#3634 = VERTEX_POINT('',#3635);
#3635 = CARTESIAN_POINT('',(-4.394372918291,-46.2576270817,20.1));
#3636 = VERTEX_POINT('',#3637);
#3637 = CARTESIAN_POINT('',(-5.655627081709,-46.2576270817,20.1));
#3638 = SURFACE_CURVE('',#3639,(#3642,#3648),.PCURVE_S1.);
#3639 = B_SPLINE_CURVE_WITH_KNOTS('',1,(#3640,#3641),.UNSPECIFIED.,.F.,
  .F.,(2,2),(0.,1.),.PIECEWISE_BEZIER_KNOTS.);
#3640 = CARTESIAN_POINT('',(-4.394372918291,-46.2576270817,20.1));
#3641 = CARTESIAN_POINT('',(-5.655627081709,-46.2576270817,20.1));
#3642 = PCURVE('',#3136,#3643);
#3643 = DEFINITIONAL_REPRESENTATION('',(#3644),#3647);
#3644 = B_SPLINE_CURVE_WITH_KNOTS('',1,(#3645,#3646),.UNSPECIFIED.,.F.,
  .F.,(2,2),(0.,1.),.PIECEWISE_BEZIER_KNOTS.);
#3645 = CARTESIAN_POINT('',(14.700627081709,2.987372918291));
#3646 = CARTESIAN_POINT('',(13.439372918291,2.987372918291));
#3647 = ( GEOMETRIC_REPRESENTATION_CONTEXT(2) 
PARAMETRIC_REPRESENTATION_CONTEXT() REPRESENTATION_CONTEXT('2D SPACE',''
  ) );
#3648 = PCURVE('',#3649,#3654);
#3649 = B_SPLINE_SURFACE_WITH_KNOTS('',1,1,(
    (#3650,#3651)
    ,(#3652,#3653
    )),.UNSPECIFIED.,.F.,.F.,.F.,(2,2),(2,2),(-0.629235007099,
    0.629235007099),(0.,1.),.PIECEWISE_BEZIER_KNOTS.);
#3650 = CARTESIAN_POINT('',(-5.628,-46.23,16.93425));
#3651 = CARTESIAN_POINT('',(-5.657381182135,-46.25938118213,20.301));
#3652 = CARTESIAN_POINT('',(-4.422,-46.23,16.93425));
#3653 = CARTESIAN_POINT('',(-4.392618817865,-46.25938118213,20.301));
#3654 = DEFINITIONAL_REPRESENTATION('',(#3655),#3658);
#3655 = B_SPLINE_CURVE_WITH_KNOTS('',1,(#3656,#3657),.UNSPECIFIED.,.F.,
  .F.,(2,2),(0.,1.),.PIECEWISE_BEZIER_KNOTS.);
#3656 = CARTESIAN_POINT('',(0.629235007099,0.940298507463));
#3657 = CARTESIAN_POINT('',(-0.629235007099,0.940298507463));
#3658 = ( GEOMETRIC_REPRESENTATION_CONTEXT(2) 
PARAMETRIC_REPRESENTATION_CONTEXT() REPRESENTATION_CONTEXT('2D SPACE',''
  ) );
#3659 = ORIENTED_EDGE('',*,*,#3660,.T.);
#3660 = EDGE_CURVE('',#3636,#3661,#3663,.T.);
#3661 = VERTEX_POINT('',#3662);
#3662 = CARTESIAN_POINT('',(-5.655627081709,-34.14237291829,20.1));
#3663 = SURFACE_CURVE('',#3664,(#3667,#3673),.PCURVE_S1.);
#3664 = B_SPLINE_CURVE_WITH_KNOTS('',1,(#3665,#3666),.UNSPECIFIED.,.F.,
  .F.,(2,2),(0.,1.),.PIECEWISE_BEZIER_KNOTS.);
#3665 = CARTESIAN_POINT('',(-5.655627081709,-46.2576270817,20.1));
#3666 = CARTESIAN_POINT('',(-5.655627081709,-34.14237291829,20.1));
#3667 = PCURVE('',#3136,#3668);
#3668 = DEFINITIONAL_REPRESENTATION('',(#3669),#3672);
#3669 = B_SPLINE_CURVE_WITH_KNOTS('',1,(#3670,#3671),.UNSPECIFIED.,.F.,
  .F.,(2,2),(0.,1.),.PIECEWISE_BEZIER_KNOTS.);
#3670 = CARTESIAN_POINT('',(13.439372918291,2.987372918291));
#3671 = CARTESIAN_POINT('',(13.439372918291,15.102627081709));
#3672 = ( GEOMETRIC_REPRESENTATION_CONTEXT(2) 
PARAMETRIC_REPRESENTATION_CONTEXT() REPRESENTATION_CONTEXT('2D SPACE',''
  ) );
#3673 = PCURVE('',#3674,#3679);
#3674 = B_SPLINE_SURFACE_WITH_KNOTS('',1,1,(
    (#3675,#3676)
    ,(#3677,#3678
    )),.UNSPECIFIED.,.F.,.F.,.F.,(2,2),(2,2),(-6.029235007099,
    6.029235007099),(0.,1.),.PIECEWISE_BEZIER_KNOTS.);
#3675 = CARTESIAN_POINT('',(-5.628,-34.17,16.93425));
#3676 = CARTESIAN_POINT('',(-5.657381182135,-34.14061881786,20.301));
#3677 = CARTESIAN_POINT('',(-5.628,-46.23,16.93425));
#3678 = CARTESIAN_POINT('',(-5.657381182135,-46.25938118213,20.301));
#3679 = DEFINITIONAL_REPRESENTATION('',(#3680),#3683);
#3680 = B_SPLINE_CURVE_WITH_KNOTS('',1,(#3681,#3682),.UNSPECIFIED.,.F.,
  .F.,(2,2),(0.,1.),.PIECEWISE_BEZIER_KNOTS.);
#3681 = CARTESIAN_POINT('',(6.029235007099,0.940298507463));
#3682 = CARTESIAN_POINT('',(-6.029235007099,0.940298507463));
#3683 = ( GEOMETRIC_REPRESENTATION_CONTEXT(2) 
PARAMETRIC_REPRESENTATION_CONTEXT() REPRESENTATION_CONTEXT('2D SPACE',''
  ) );
#3684 = ORIENTED_EDGE('',*,*,#3685,.T.);
#3685 = EDGE_CURVE('',#3661,#3686,#3688,.T.);
#3686 = VERTEX_POINT('',#3687);
#3687 = CARTESIAN_POINT('',(-4.394372918291,-34.14237291829,20.1));
#3688 = SURFACE_CURVE('',#3689,(#3692,#3698),.PCURVE_S1.);
#3689 = B_SPLINE_CURVE_WITH_KNOTS('',1,(#3690,#3691),.UNSPECIFIED.,.F.,
  .F.,(2,2),(0.,1.),.PIECEWISE_BEZIER_KNOTS.);
#3690 = CARTESIAN_POINT('',(-5.655627081709,-34.14237291829,20.1));
#3691 = CARTESIAN_POINT('',(-4.394372918291,-34.14237291829,20.1));
#3692 = PCURVE('',#3136,#3693);
#3693 = DEFINITIONAL_REPRESENTATION('',(#3694),#3697);
#3694 = B_SPLINE_CURVE_WITH_KNOTS('',1,(#3695,#3696),.UNSPECIFIED.,.F.,
  .F.,(2,2),(0.,1.),.PIECEWISE_BEZIER_KNOTS.);
#3695 = CARTESIAN_POINT('',(13.439372918291,15.102627081709));
#3696 = CARTESIAN_POINT('',(14.700627081709,15.102627081709));
#3697 = ( GEOMETRIC_REPRESENTATION_CONTEXT(2) 
PARAMETRIC_REPRESENTATION_CONTEXT() REPRESENTATION_CONTEXT('2D SPACE',''
  ) );
#3698 = PCURVE('',#3699,#3704);
#3699 = B_SPLINE_SURFACE_WITH_KNOTS('',1,1,(
    (#3700,#3701)
    ,(#3702,#3703
    )),.UNSPECIFIED.,.F.,.F.,.F.,(2,2),(2,2),(-0.629235007099,
    0.629235007099),(0.,1.),.PIECEWISE_BEZIER_KNOTS.);
#3700 = CARTESIAN_POINT('',(-4.422,-34.17,16.93425));
#3701 = CARTESIAN_POINT('',(-4.392618817865,-34.14061881786,20.301));
#3702 = CARTESIAN_POINT('',(-5.628,-34.17,16.93425));
#3703 = CARTESIAN_POINT('',(-5.657381182135,-34.14061881786,20.301));
#3704 = DEFINITIONAL_REPRESENTATION('',(#3705),#3708);
#3705 = B_SPLINE_CURVE_WITH_KNOTS('',1,(#3706,#3707),.UNSPECIFIED.,.F.,
  .F.,(2,2),(0.,1.),.PIECEWISE_BEZIER_KNOTS.);
#3706 = CARTESIAN_POINT('',(0.629235007099,0.940298507463));
#3707 = CARTESIAN_POINT('',(-0.629235007099,0.940298507463));
#3708 = ( GEOMETRIC_REPRESENTATION_CONTEXT(2) 
PARAMETRIC_REPRESENTATION_CONTEXT() REPRESENTATION_CONTEXT('2D SPACE',''
  ) );
#3709 = ORIENTED_EDGE('',*,*,#3710,.T.);
#3710 = EDGE_CURVE('',#3686,#3634,#3711,.T.);
#3711 = SURFACE_CURVE('',#3712,(#3715,#3721),.PCURVE_S1.);
#3712 = B_SPLINE_CURVE_WITH_KNOTS('',1,(#3713,#3714),.UNSPECIFIED.,.F.,
  .F.,(2,2),(0.,1.),.PIECEWISE_BEZIER_KNOTS.);
#3713 = CARTESIAN_POINT('',(-4.394372918291,-34.14237291829,20.1));
#3714 = CARTESIAN_POINT('',(-4.394372918291,-46.2576270817,20.1));
#3715 = PCURVE('',#3136,#3716);
#3716 = DEFINITIONAL_REPRESENTATION('',(#3717),#3720);
#3717 = B_SPLINE_CURVE_WITH_KNOTS('',1,(#3718,#3719),.UNSPECIFIED.,.F.,
  .F.,(2,2),(0.,1.),.PIECEWISE_BEZIER_KNOTS.);
#3718 = CARTESIAN_POINT('',(14.700627081709,15.102627081709));
#3719 = CARTESIAN_POINT('',(14.700627081709,2.987372918291));
#3720 = ( GEOMETRIC_REPRESENTATION_CONTEXT(2) 
PARAMETRIC_REPRESENTATION_CONTEXT() REPRESENTATION_CONTEXT('2D SPACE',''
  ) );
#3721 = PCURVE('',#3722,#3727);
#3722 = B_SPLINE_SURFACE_WITH_KNOTS('',1,1,(
    (#3723,#3724)
    ,(#3725,#3726
    )),.UNSPECIFIED.,.F.,.F.,.F.,(2,2),(2,2),(-6.029235007099,
    6.029235007099),(0.,1.),.PIECEWISE_BEZIER_KNOTS.);
#3723 = CARTESIAN_POINT('',(-4.422,-46.23,16.93425));
#3724 = CARTESIAN_POINT('',(-4.392618817865,-46.25938118213,20.301));
#3725 = CARTESIAN_POINT('',(-4.422,-34.17,16.93425));
#3726 = CARTESIAN_POINT('',(-4.392618817865,-34.14061881786,20.301));
#3727 = DEFINITIONAL_REPRESENTATION('',(#3728),#3731);
#3728 = B_SPLINE_CURVE_WITH_KNOTS('',1,(#3729,#3730),.UNSPECIFIED.,.F.,
  .F.,(2,2),(0.,1.),.PIECEWISE_BEZIER_KNOTS.);
#3729 = CARTESIAN_POINT('',(6.029235007099,0.940298507463));
#3730 = CARTESIAN_POINT('',(-6.029235007099,0.940298507463));
#3731 = ( GEOMETRIC_REPRESENTATION_CONTEXT(2) 
PARAMETRIC_REPRESENTATION_CONTEXT() REPRESENTATION_CONTEXT('2D SPACE',''
  ) );
#3732 = FACE_BOUND('',#3733,.T.);
#3733 = EDGE_LOOP('',(#3734,#3761,#3786,#3811));
#3734 = ORIENTED_EDGE('',*,*,#3735,.T.);
#3735 = EDGE_CURVE('',#3736,#3738,#3740,.T.);
#3736 = VERTEX_POINT('',#3737);
#3737 = CARTESIAN_POINT('',(5.655627081709,-46.2576270817,20.1));
#3738 = VERTEX_POINT('',#3739);
#3739 = CARTESIAN_POINT('',(4.394372918291,-46.2576270817,20.1));
#3740 = SURFACE_CURVE('',#3741,(#3744,#3750),.PCURVE_S1.);
#3741 = B_SPLINE_CURVE_WITH_KNOTS('',1,(#3742,#3743),.UNSPECIFIED.,.F.,
  .F.,(2,2),(0.,1.),.PIECEWISE_BEZIER_KNOTS.);
#3742 = CARTESIAN_POINT('',(5.655627081709,-46.2576270817,20.1));
#3743 = CARTESIAN_POINT('',(4.394372918291,-46.2576270817,20.1));
#3744 = PCURVE('',#3136,#3745);
#3745 = DEFINITIONAL_REPRESENTATION('',(#3746),#3749);
#3746 = B_SPLINE_CURVE_WITH_KNOTS('',1,(#3747,#3748),.UNSPECIFIED.,.F.,
  .F.,(2,2),(0.,1.),.PIECEWISE_BEZIER_KNOTS.);
#3747 = CARTESIAN_POINT('',(24.750627081709,2.987372918291));
#3748 = CARTESIAN_POINT('',(23.489372918291,2.987372918291));
#3749 = ( GEOMETRIC_REPRESENTATION_CONTEXT(2) 
PARAMETRIC_REPRESENTATION_CONTEXT() REPRESENTATION_CONTEXT('2D SPACE',''
  ) );
#3750 = PCURVE('',#3751,#3756);
#3751 = B_SPLINE_SURFACE_WITH_KNOTS('',1,1,(
    (#3752,#3753)
    ,(#3754,#3755
    )),.UNSPECIFIED.,.F.,.F.,.F.,(2,2),(2,2),(-0.629235007099,
    0.629235007099),(0.,1.),.PIECEWISE_BEZIER_KNOTS.);
#3752 = CARTESIAN_POINT('',(4.422,-46.23,16.93425));
#3753 = CARTESIAN_POINT('',(4.392618817865,-46.25938118213,20.301));
#3754 = CARTESIAN_POINT('',(5.628,-46.23,16.93425));
#3755 = CARTESIAN_POINT('',(5.657381182135,-46.25938118213,20.301));
#3756 = DEFINITIONAL_REPRESENTATION('',(#3757),#3760);
#3757 = B_SPLINE_CURVE_WITH_KNOTS('',1,(#3758,#3759),.UNSPECIFIED.,.F.,
  .F.,(2,2),(0.,1.),.PIECEWISE_BEZIER_KNOTS.);
#3758 = CARTESIAN_POINT('',(0.629235007099,0.940298507463));
#3759 = CARTESIAN_POINT('',(-0.629235007099,0.940298507463));
#3760 = ( GEOMETRIC_REPRESENTATION_CONTEXT(2) 
PARAMETRIC_REPRESENTATION_CONTEXT() REPRESENTATION_CONTEXT('2D SPACE',''
  ) );
#3761 = ORIENTED_EDGE('',*,*,#3762,.T.);
#3762 = EDGE_CURVE('',#3738,#3763,#3765,.T.);
#3763 = VERTEX_POINT('',#3764);
#3764 = CARTESIAN_POINT('',(4.394372918291,-34.14237291829,20.1));
#3765 = SURFACE_CURVE('',#3766,(#3769,#3775),.PCURVE_S1.);
#3766 = B_SPLINE_CURVE_WITH_KNOTS('',1,(#3767,#3768),.UNSPECIFIED.,.F.,
  .F.,(2,2),(0.,1.),.PIECEWISE_BEZIER_KNOTS.);
#3767 = CARTESIAN_POINT('',(4.394372918291,-46.2576270817,20.1));
#3768 = CARTESIAN_POINT('',(4.394372918291,-34.14237291829,20.1));
#3769 = PCURVE('',#3136,#3770);
#3770 = DEFINITIONAL_REPRESENTATION('',(#3771),#3774);
#3771 = B_SPLINE_CURVE_WITH_KNOTS('',1,(#3772,#3773),.UNSPECIFIED.,.F.,
  .F.,(2,2),(0.,1.),.PIECEWISE_BEZIER_KNOTS.);
#3772 = CARTESIAN_POINT('',(23.489372918291,2.987372918291));
#3773 = CARTESIAN_POINT('',(23.489372918291,15.102627081709));
#3774 = ( GEOMETRIC_REPRESENTATION_CONTEXT(2) 
PARAMETRIC_REPRESENTATION_CONTEXT() REPRESENTATION_CONTEXT('2D SPACE',''
  ) );
#3775 = PCURVE('',#3776,#3781);
#3776 = B_SPLINE_SURFACE_WITH_KNOTS('',1,1,(
    (#3777,#3778)
    ,(#3779,#3780
    )),.UNSPECIFIED.,.F.,.F.,.F.,(2,2),(2,2),(-6.029235007099,
    6.029235007099),(0.,1.),.PIECEWISE_BEZIER_KNOTS.);
#3777 = CARTESIAN_POINT('',(4.422,-34.17,16.93425));
#3778 = CARTESIAN_POINT('',(4.392618817865,-34.14061881786,20.301));
#3779 = CARTESIAN_POINT('',(4.422,-46.23,16.93425));
#3780 = CARTESIAN_POINT('',(4.392618817865,-46.25938118213,20.301));
#3781 = DEFINITIONAL_REPRESENTATION('',(#3782),#3785);
#3782 = B_SPLINE_CURVE_WITH_KNOTS('',1,(#3783,#3784),.UNSPECIFIED.,.F.,
  .F.,(2,2),(0.,1.),.PIECEWISE_BEZIER_KNOTS.);
#3783 = CARTESIAN_POINT('',(6.029235007099,0.940298507463));
#3784 = CARTESIAN_POINT('',(-6.029235007099,0.940298507463));
#3785 = ( GEOMETRIC_REPRESENTATION_CONTEXT(2) 
PARAMETRIC_REPRESENTATION_CONTEXT() REPRESENTATION_CONTEXT('2D SPACE',''
  ) );
#3786 = ORIENTED_EDGE('',*,*,#3787,.T.);
#3787 = EDGE_CURVE('',#3763,#3788,#3790,.T.);
#3788 = VERTEX_POINT('',#3789);
#3789 = CARTESIAN_POINT('',(5.655627081709,-34.14237291829,20.1));
#3790 = SURFACE_CURVE('',#3791,(#3794,#3800),.PCURVE_S1.);
#3791 = B_SPLINE_CURVE_WITH_KNOTS('',1,(#3792,#3793),.UNSPECIFIED.,.F.,
  .F.,(2,2),(0.,1.),.PIECEWISE_BEZIER_KNOTS.);
#3792 = CARTESIAN_POINT('',(4.394372918291,-34.14237291829,20.1));
#3793 = CARTESIAN_POINT('',(5.655627081709,-34.14237291829,20.1));
#3794 = PCURVE('',#3136,#3795);
#3795 = DEFINITIONAL_REPRESENTATION('',(#3796),#3799);
#3796 = B_SPLINE_CURVE_WITH_KNOTS('',1,(#3797,#3798),.UNSPECIFIED.,.F.,
  .F.,(2,2),(0.,1.),.PIECEWISE_BEZIER_KNOTS.);
#3797 = CARTESIAN_POINT('',(23.489372918291,15.102627081709));
#3798 = CARTESIAN_POINT('',(24.750627081709,15.102627081709));
#3799 = ( GEOMETRIC_REPRESENTATION_CONTEXT(2) 
PARAMETRIC_REPRESENTATION_CONTEXT() REPRESENTATION_CONTEXT('2D SPACE',''
  ) );
#3800 = PCURVE('',#3801,#3806);
#3801 = B_SPLINE_SURFACE_WITH_KNOTS('',1,1,(
    (#3802,#3803)
    ,(#3804,#3805
    )),.UNSPECIFIED.,.F.,.F.,.F.,(2,2),(2,2),(-0.629235007099,
    0.629235007099),(0.,1.),.PIECEWISE_BEZIER_KNOTS.);
#3802 = CARTESIAN_POINT('',(5.628,-34.17,16.93425));
#3803 = CARTESIAN_POINT('',(5.657381182135,-34.14061881786,20.301));
#3804 = CARTESIAN_POINT('',(4.422,-34.17,16.93425));
#3805 = CARTESIAN_POINT('',(4.392618817865,-34.14061881786,20.301));
#3806 = DEFINITIONAL_REPRESENTATION('',(#3807),#3810);
#3807 = B_SPLINE_CURVE_WITH_KNOTS('',1,(#3808,#3809),.UNSPECIFIED.,.F.,
  .F.,(2,2),(0.,1.),.PIECEWISE_BEZIER_KNOTS.);
#3808 = CARTESIAN_POINT('',(0.629235007099,0.940298507463));
#3809 = CARTESIAN_POINT('',(-0.629235007099,0.940298507463));
#3810 = ( GEOMETRIC_REPRESENTATION_CONTEXT(2) 
PARAMETRIC_REPRESENTATION_CONTEXT() REPRESENTATION_CONTEXT('2D SPACE',''
  ) );
#3811 = ORIENTED_EDGE('',*,*,#3812,.T.);
#3812 = EDGE_CURVE('',#3788,#3736,#3813,.T.);
#3813 = SURFACE_CURVE('',#3814,(#3817,#3823),.PCURVE_S1.);
#3814 = B_SPLINE_CURVE_WITH_KNOTS('',1,(#3815,#3816),.UNSPECIFIED.,.F.,
  .F.,(2,2),(0.,1.),.PIECEWISE_BEZIER_KNOTS.);
#3815 = CARTESIAN_POINT('',(5.655627081709,-34.14237291829,20.1));
#3816 = CARTESIAN_POINT('',(5.655627081709,-46.2576270817,20.1));
#3817 = PCURVE('',#3136,#3818);
#3818 = DEFINITIONAL_REPRESENTATION('',(#3819),#3822);
#3819 = B_SPLINE_CURVE_WITH_KNOTS('',1,(#3820,#3821),.UNSPECIFIED.,.F.,
  .F.,(2,2),(0.,1.),.PIECEWISE_BEZIER_KNOTS.);
#3820 = CARTESIAN_POINT('',(24.750627081709,15.102627081709));
#3821 = CARTESIAN_POINT('',(24.750627081709,2.987372918291));
#3822 = ( GEOMETRIC_REPRESENTATION_CONTEXT(2) 
PARAMETRIC_REPRESENTATION_CONTEXT() REPRESENTATION_CONTEXT('2D SPACE',''
  ) );
#3823 = PCURVE('',#3824,#3829);
#3824 = B_SPLINE_SURFACE_WITH_KNOTS('',1,1,(
    (#3825,#3826)
    ,(#3827,#3828
    )),.UNSPECIFIED.,.F.,.F.,.F.,(2,2),(2,2),(-6.029235007099,
    6.029235007099),(0.,1.),.PIECEWISE_BEZIER_KNOTS.);
#3825 = CARTESIAN_POINT('',(5.628,-46.23,16.93425));
#3826 = CARTESIAN_POINT('',(5.657381182135,-46.25938118213,20.301));
#3827 = CARTESIAN_POINT('',(5.628,-34.17,16.93425));
#3828 = CARTESIAN_POINT('',(5.657381182135,-34.14061881786,20.301));
#3829 = DEFINITIONAL_REPRESENTATION('',(#3830),#3833);
#3830 = B_SPLINE_CURVE_WITH_KNOTS('',1,(#3831,#3832),.UNSPECIFIED.,.F.,
  .F.,(2,2),(0.,1.),.PIECEWISE_BEZIER_KNOTS.);
#3831 = CARTESIAN_POINT('',(6.029235007099,0.940298507463));
#3832 = CARTESIAN_POINT('',(-6.029235007099,0.940298507463));
#3833 = ( GEOMETRIC_REPRESENTATION_CONTEXT(2) 
PARAMETRIC_REPRESENTATION_CONTEXT() REPRESENTATION_CONTEXT('2D SPACE',''
  ) );
#3834 = FACE_BOUND('',#3835,.T.);
#3835 = EDGE_LOOP('',(#3836));
#3836 = ORIENTED_EDGE('',*,*,#3837,.F.);
#3837 = EDGE_CURVE('',#3838,#3838,#3840,.T.);
#3838 = VERTEX_POINT('',#3839);
#3839 = CARTESIAN_POINT('',(22.662491862139,-45.225,20.1));
#3840 = SURFACE_CURVE('',#3841,(#3846,#3853),.PCURVE_S1.);
#3841 = CIRCLE('',#3842,2.562491862139);
#3842 = AXIS2_PLACEMENT_3D('',#3843,#3844,#3845);
#3843 = CARTESIAN_POINT('',(20.1,-45.225,20.1));
#3844 = DIRECTION('',(0.,0.,1.));
#3845 = DIRECTION('',(1.,0.,-0.));
#3846 = PCURVE('',#3136,#3847);
#3847 = DEFINITIONAL_REPRESENTATION('',(#3848),#3852);
#3848 = CIRCLE('',#3849,2.562491862139);
#3849 = AXIS2_PLACEMENT_2D('',#3850,#3851);
#3850 = CARTESIAN_POINT('',(39.195,4.02));
#3851 = DIRECTION('',(1.,0.));
#3852 = ( GEOMETRIC_REPRESENTATION_CONTEXT(2) 
PARAMETRIC_REPRESENTATION_CONTEXT() REPRESENTATION_CONTEXT('2D SPACE',''
  ) );
#3853 = PCURVE('',#3854,#3859);
#3854 = CONICAL_SURFACE('',#3855,2.5125,8.726646259972E-03);
#3855 = AXIS2_PLACEMENT_3D('',#3856,#3857,#3858);
#3856 = CARTESIAN_POINT('',(20.1,-45.225,14.3715));
#3857 = DIRECTION('',(0.,0.,1.));
#3858 = DIRECTION('',(1.,0.,0.));
#3859 = DEFINITIONAL_REPRESENTATION('',(#3860),#3863);
#3860 = B_SPLINE_CURVE_WITH_KNOTS('',1,(#3861,#3862),.UNSPECIFIED.,.F.,
  .F.,(2,2),(0.,6.28318530718),.PIECEWISE_BEZIER_KNOTS.);
#3861 = CARTESIAN_POINT('',(0.,5.7285));
#3862 = CARTESIAN_POINT('',(6.28318530718,5.7285));
#3863 = ( GEOMETRIC_REPRESENTATION_CONTEXT(2) 
PARAMETRIC_REPRESENTATION_CONTEXT() REPRESENTATION_CONTEXT('2D SPACE',''
  ) );
#3864 = FACE_BOUND('',#3865,.T.);
#3865 = EDGE_LOOP('',(#3866));
#3866 = ORIENTED_EDGE('',*,*,#3867,.F.);
#3867 = EDGE_CURVE('',#3868,#3868,#3870,.T.);
#3868 = VERTEX_POINT('',#3869);
#3869 = CARTESIAN_POINT('',(7.7259375,-8.04,20.1));
#3870 = SURFACE_CURVE('',#3871,(#3876,#3883),.PCURVE_S1.);
#3871 = CIRCLE('',#3872,7.7259375);
#3872 = AXIS2_PLACEMENT_3D('',#3873,#3874,#3875);
#3873 = CARTESIAN_POINT('',(0.,-8.04,20.1));
#3874 = DIRECTION('',(0.,0.,1.));
#3875 = DIRECTION('',(1.,0.,-0.));
#3876 = PCURVE('',#3136,#3877);
#3877 = DEFINITIONAL_REPRESENTATION('',(#3878),#3882);
#3878 = CIRCLE('',#3879,7.7259375);
#3879 = AXIS2_PLACEMENT_2D('',#3880,#3881);
#3880 = CARTESIAN_POINT('',(19.095,41.205));
#3881 = DIRECTION('',(1.,0.));
#3882 = ( GEOMETRIC_REPRESENTATION_CONTEXT(2) 
PARAMETRIC_REPRESENTATION_CONTEXT() REPRESENTATION_CONTEXT('2D SPACE',''
  ) );
#3883 = PCURVE('',#3884,#3889);
#3884 = CONICAL_SURFACE('',#3885,7.638,6.241880999596E-02);
#3885 = AXIS2_PLACEMENT_3D('',#3886,#3887,#3888);
#3886 = CARTESIAN_POINT('',(0.,-8.04,18.693));
#3887 = DIRECTION('',(0.,0.,1.));
#3888 = DIRECTION('',(1.,0.,0.));
#3889 = DEFINITIONAL_REPRESENTATION('',(#3890),#3893);
#3890 = B_SPLINE_CURVE_WITH_KNOTS('',1,(#3891,#3892),.UNSPECIFIED.,.F.,
  .F.,(2,2),(0.,6.28318530718),.PIECEWISE_BEZIER_KNOTS.);
#3891 = CARTESIAN_POINT('',(0.,1.407));
#3892 = CARTESIAN_POINT('',(6.28318530718,1.407));
#3893 = ( GEOMETRIC_REPRESENTATION_CONTEXT(2) 
PARAMETRIC_REPRESENTATION_CONTEXT() REPRESENTATION_CONTEXT('2D SPACE',''
  ) );
#3894 = FACE_BOUND('',#3895,.T.);
#3895 = EDGE_LOOP('',(#3896,#3923,#3948,#3973));
#3896 = ORIENTED_EDGE('',*,*,#3897,.T.);
#3897 = EDGE_CURVE('',#3898,#3900,#3902,.T.);
#3898 = VERTEX_POINT('',#3899);
#3899 = CARTESIAN_POINT('',(-17.21645489531,21.085704895315,20.1));
#3900 = VERTEX_POINT('',#3901);
#3901 = CARTESIAN_POINT('',(-18.26004510468,21.085704895315,20.1));
#3902 = SURFACE_CURVE('',#3903,(#3906,#3912),.PCURVE_S1.);
#3903 = B_SPLINE_CURVE_WITH_KNOTS('',1,(#3904,#3905),.UNSPECIFIED.,.F.,
  .F.,(2,2),(0.,1.),.PIECEWISE_BEZIER_KNOTS.);
#3904 = CARTESIAN_POINT('',(-17.21645489531,21.085704895315,20.1));
#3905 = CARTESIAN_POINT('',(-18.26004510468,21.085704895315,20.1));
#3906 = PCURVE('',#3136,#3907);
#3907 = DEFINITIONAL_REPRESENTATION('',(#3908),#3911);
#3908 = B_SPLINE_CURVE_WITH_KNOTS('',1,(#3909,#3910),.UNSPECIFIED.,.F.,
  .F.,(2,2),(0.,1.),.PIECEWISE_BEZIER_KNOTS.);
#3909 = CARTESIAN_POINT('',(1.878545104685,70.330704895315));
#3910 = CARTESIAN_POINT('',(0.834954895315,70.330704895315));
#3911 = ( GEOMETRIC_REPRESENTATION_CONTEXT(2) 
PARAMETRIC_REPRESENTATION_CONTEXT() REPRESENTATION_CONTEXT('2D SPACE',''
  ) );
#3912 = PCURVE('',#3913,#3918);
#3913 = B_SPLINE_SURFACE_WITH_KNOTS('',1,1,(
    (#3914,#3915)
    ,(#3916,#3917
    )),.UNSPECIFIED.,.F.,.F.,.F.,(2,2),(2,2),(-0.520944482698,
    0.520944482698),(0.,1.),.PIECEWISE_BEZIER_KNOTS.);
#3914 = CARTESIAN_POINT('',(-18.24075,21.105,17.889));
#3915 = CARTESIAN_POINT('',(-18.26179920511,21.083950794889,20.301));
#3916 = CARTESIAN_POINT('',(-17.23575,21.105,17.889));
#3917 = CARTESIAN_POINT('',(-17.21470079488,21.083950794889,20.301));
#3918 = DEFINITIONAL_REPRESENTATION('',(#3919),#3922);
#3919 = B_SPLINE_CURVE_WITH_KNOTS('',1,(#3920,#3921),.UNSPECIFIED.,.F.,
  .F.,(2,2),(0.,1.),.PIECEWISE_BEZIER_KNOTS.);
#3920 = CARTESIAN_POINT('',(0.520944482698,0.916666666667));
#3921 = CARTESIAN_POINT('',(-0.520944482698,0.916666666667));
#3922 = ( GEOMETRIC_REPRESENTATION_CONTEXT(2) 
PARAMETRIC_REPRESENTATION_CONTEXT() REPRESENTATION_CONTEXT('2D SPACE',''
  ) );
#3923 = ORIENTED_EDGE('',*,*,#3924,.T.);
#3924 = EDGE_CURVE('',#3900,#3925,#3927,.T.);
#3925 = VERTEX_POINT('',#3926);
#3926 = CARTESIAN_POINT('',(-18.26004510468,37.204295104685,20.1));
#3927 = SURFACE_CURVE('',#3928,(#3931,#3937),.PCURVE_S1.);
#3928 = B_SPLINE_CURVE_WITH_KNOTS('',1,(#3929,#3930),.UNSPECIFIED.,.F.,
  .F.,(2,2),(0.,1.),.PIECEWISE_BEZIER_KNOTS.);
#3929 = CARTESIAN_POINT('',(-18.26004510468,21.085704895315,20.1));
#3930 = CARTESIAN_POINT('',(-18.26004510468,37.204295104685,20.1));
#3931 = PCURVE('',#3136,#3932);
#3932 = DEFINITIONAL_REPRESENTATION('',(#3933),#3936);
#3933 = B_SPLINE_CURVE_WITH_KNOTS('',1,(#3934,#3935),.UNSPECIFIED.,.F.,
  .F.,(2,2),(0.,1.),.PIECEWISE_BEZIER_KNOTS.);
#3934 = CARTESIAN_POINT('',(0.834954895315,70.330704895315));
#3935 = CARTESIAN_POINT('',(0.834954895315,86.449295104685));
#3936 = ( GEOMETRIC_REPRESENTATION_CONTEXT(2) 
PARAMETRIC_REPRESENTATION_CONTEXT() REPRESENTATION_CONTEXT('2D SPACE',''
  ) );
#3937 = PCURVE('',#3938,#3943);
#3938 = B_SPLINE_SURFACE_WITH_KNOTS('',1,1,(
    (#3939,#3940)
    ,(#3941,#3942
    )),.UNSPECIFIED.,.F.,.F.,.F.,(2,2),(2,2),(-8.020944482698,
    8.020944482698),(0.,1.),.PIECEWISE_BEZIER_KNOTS.);
#3939 = CARTESIAN_POINT('',(-18.24075,37.185,17.889));
#3940 = CARTESIAN_POINT('',(-18.26179920511,37.206049205111,20.301));
#3941 = CARTESIAN_POINT('',(-18.24075,21.105,17.889));
#3942 = CARTESIAN_POINT('',(-18.26179920511,21.083950794889,20.301));
#3943 = DEFINITIONAL_REPRESENTATION('',(#3944),#3947);
#3944 = B_SPLINE_CURVE_WITH_KNOTS('',1,(#3945,#3946),.UNSPECIFIED.,.F.,
  .F.,(2,2),(0.,1.),.PIECEWISE_BEZIER_KNOTS.);
#3945 = CARTESIAN_POINT('',(8.020944482698,0.916666666667));
#3946 = CARTESIAN_POINT('',(-8.020944482698,0.916666666667));
#3947 = ( GEOMETRIC_REPRESENTATION_CONTEXT(2) 
PARAMETRIC_REPRESENTATION_CONTEXT() REPRESENTATION_CONTEXT('2D SPACE',''
  ) );
#3948 = ORIENTED_EDGE('',*,*,#3949,.T.);
#3949 = EDGE_CURVE('',#3925,#3950,#3952,.T.);
#3950 = VERTEX_POINT('',#3951);
#3951 = CARTESIAN_POINT('',(-17.21645489531,37.204295104685,20.1));
#3952 = SURFACE_CURVE('',#3953,(#3956,#3962),.PCURVE_S1.);
#3953 = B_SPLINE_CURVE_WITH_KNOTS('',1,(#3954,#3955),.UNSPECIFIED.,.F.,
  .F.,(2,2),(0.,1.),.PIECEWISE_BEZIER_KNOTS.);
#3954 = CARTESIAN_POINT('',(-18.26004510468,37.204295104685,20.1));
#3955 = CARTESIAN_POINT('',(-17.21645489531,37.204295104685,20.1));
#3956 = PCURVE('',#3136,#3957);
#3957 = DEFINITIONAL_REPRESENTATION('',(#3958),#3961);
#3958 = B_SPLINE_CURVE_WITH_KNOTS('',1,(#3959,#3960),.UNSPECIFIED.,.F.,
  .F.,(2,2),(0.,1.),.PIECEWISE_BEZIER_KNOTS.);
#3959 = CARTESIAN_POINT('',(0.834954895315,86.449295104685));
#3960 = CARTESIAN_POINT('',(1.878545104685,86.449295104685));
#3961 = ( GEOMETRIC_REPRESENTATION_CONTEXT(2) 
PARAMETRIC_REPRESENTATION_CONTEXT() REPRESENTATION_CONTEXT('2D SPACE',''
  ) );
#3962 = PCURVE('',#3963,#3968);
#3963 = B_SPLINE_SURFACE_WITH_KNOTS('',1,1,(
    (#3964,#3965)
    ,(#3966,#3967
    )),.UNSPECIFIED.,.F.,.F.,.F.,(2,2),(2,2),(-0.520944482698,
    0.520944482698),(0.,1.),.PIECEWISE_BEZIER_KNOTS.);
#3964 = CARTESIAN_POINT('',(-17.23575,37.185,17.889));
#3965 = CARTESIAN_POINT('',(-17.21470079488,37.206049205111,20.301));
#3966 = CARTESIAN_POINT('',(-18.24075,37.185,17.889));
#3967 = CARTESIAN_POINT('',(-18.26179920511,37.206049205111,20.301));
#3968 = DEFINITIONAL_REPRESENTATION('',(#3969),#3972);
#3969 = B_SPLINE_CURVE_WITH_KNOTS('',1,(#3970,#3971),.UNSPECIFIED.,.F.,
  .F.,(2,2),(0.,1.),.PIECEWISE_BEZIER_KNOTS.);
#3970 = CARTESIAN_POINT('',(0.520944482698,0.916666666667));
#3971 = CARTESIAN_POINT('',(-0.520944482698,0.916666666667));
#3972 = ( GEOMETRIC_REPRESENTATION_CONTEXT(2) 
PARAMETRIC_REPRESENTATION_CONTEXT() REPRESENTATION_CONTEXT('2D SPACE',''
  ) );
#3973 = ORIENTED_EDGE('',*,*,#3974,.T.);
#3974 = EDGE_CURVE('',#3950,#3898,#3975,.T.);
#3975 = SURFACE_CURVE('',#3976,(#3979,#3985),.PCURVE_S1.);
#3976 = B_SPLINE_CURVE_WITH_KNOTS('',1,(#3977,#3978),.UNSPECIFIED.,.F.,
  .F.,(2,2),(0.,1.),.PIECEWISE_BEZIER_KNOTS.);
#3977 = CARTESIAN_POINT('',(-17.21645489531,37.204295104685,20.1));
#3978 = CARTESIAN_POINT('',(-17.21645489531,21.085704895315,20.1));
#3979 = PCURVE('',#3136,#3980);
#3980 = DEFINITIONAL_REPRESENTATION('',(#3981),#3984);
#3981 = B_SPLINE_CURVE_WITH_KNOTS('',1,(#3982,#3983),.UNSPECIFIED.,.F.,
  .F.,(2,2),(0.,1.),.PIECEWISE_BEZIER_KNOTS.);
#3982 = CARTESIAN_POINT('',(1.878545104685,86.449295104685));
#3983 = CARTESIAN_POINT('',(1.878545104685,70.330704895315));
#3984 = ( GEOMETRIC_REPRESENTATION_CONTEXT(2) 
PARAMETRIC_REPRESENTATION_CONTEXT() REPRESENTATION_CONTEXT('2D SPACE',''
  ) );
#3985 = PCURVE('',#3986,#3991);
#3986 = B_SPLINE_SURFACE_WITH_KNOTS('',1,1,(
    (#3987,#3988)
    ,(#3989,#3990
    )),.UNSPECIFIED.,.F.,.F.,.F.,(2,2),(2,2),(-8.020944482698,
    8.020944482698),(0.,1.),.PIECEWISE_BEZIER_KNOTS.);
#3987 = CARTESIAN_POINT('',(-17.23575,21.105,17.889));
#3988 = CARTESIAN_POINT('',(-17.21470079488,21.083950794889,20.301));
#3989 = CARTESIAN_POINT('',(-17.23575,37.185,17.889));
#3990 = CARTESIAN_POINT('',(-17.21470079488,37.206049205111,20.301));
#3991 = DEFINITIONAL_REPRESENTATION('',(#3992),#3995);
#3992 = B_SPLINE_CURVE_WITH_KNOTS('',1,(#3993,#3994),.UNSPECIFIED.,.F.,
  .F.,(2,2),(0.,1.),.PIECEWISE_BEZIER_KNOTS.);
#3993 = CARTESIAN_POINT('',(8.020944482698,0.916666666667));
#3994 = CARTESIAN_POINT('',(-8.020944482698,0.916666666667));
#3995 = ( GEOMETRIC_REPRESENTATION_CONTEXT(2) 
PARAMETRIC_REPRESENTATION_CONTEXT() REPRESENTATION_CONTEXT('2D SPACE',''
  ) );
#3996 = FACE_BOUND('',#3997,.T.);
#3997 = EDGE_LOOP('',(#3998));
#3998 = ORIENTED_EDGE('',*,*,#3999,.F.);
#3999 = EDGE_CURVE('',#4000,#4000,#4002,.T.);
#4000 = VERTEX_POINT('',#4001);
#4001 = CARTESIAN_POINT('',(-19.19352943487,54.46095,20.1));
#4002 = SURFACE_CURVE('',#4003,(#4008,#4015),.PCURVE_S1.);
#4003 = CIRCLE('',#4004,2.574770565121);
#4004 = AXIS2_PLACEMENT_3D('',#4005,#4006,#4007);
#4005 = CARTESIAN_POINT('',(-21.7683,54.46095,20.1));
#4006 = DIRECTION('',(0.,0.,1.));
#4007 = DIRECTION('',(1.,0.,-0.));
#4008 = PCURVE('',#3136,#4009);
#4009 = DEFINITIONAL_REPRESENTATION('',(#4010),#4014);
#4010 = CIRCLE('',#4011,2.574770565121);
#4011 = AXIS2_PLACEMENT_2D('',#4012,#4013);
#4012 = CARTESIAN_POINT('',(-2.6733,103.70595));
#4013 = DIRECTION('',(1.,0.));
#4014 = ( GEOMETRIC_REPRESENTATION_CONTEXT(2) 
PARAMETRIC_REPRESENTATION_CONTEXT() REPRESENTATION_CONTEXT('2D SPACE',''
  ) );
#4015 = PCURVE('',#4016,#4021);
#4016 = CONICAL_SURFACE('',#4017,2.5125,8.726646259972E-03);
#4017 = AXIS2_PLACEMENT_3D('',#4018,#4019,#4020);
#4018 = CARTESIAN_POINT('',(-21.7683,54.46095,12.9645));
#4019 = DIRECTION('',(0.,0.,1.));
#4020 = DIRECTION('',(1.,0.,0.));
#4021 = DEFINITIONAL_REPRESENTATION('',(#4022),#4025);
#4022 = B_SPLINE_CURVE_WITH_KNOTS('',1,(#4023,#4024),.UNSPECIFIED.,.F.,
  .F.,(2,2),(0.,6.28318530718),.PIECEWISE_BEZIER_KNOTS.);
#4023 = CARTESIAN_POINT('',(0.,7.1355));
#4024 = CARTESIAN_POINT('',(6.28318530718,7.1355));
#4025 = ( GEOMETRIC_REPRESENTATION_CONTEXT(2) 
PARAMETRIC_REPRESENTATION_CONTEXT() REPRESENTATION_CONTEXT('2D SPACE',''
  ) );
#4026 = FACE_BOUND('',#4027,.T.);
#4027 = EDGE_LOOP('',(#4028,#4055,#4080,#4105));
#4028 = ORIENTED_EDGE('',*,*,#4029,.T.);
#4029 = EDGE_CURVE('',#4030,#4032,#4034,.T.);
#4030 = VERTEX_POINT('',#4031);
#4031 = CARTESIAN_POINT('',(8.059295104685,4.940379895315,20.1));
#4032 = VERTEX_POINT('',#4033);
#4033 = CARTESIAN_POINT('',(-8.059295104685,4.940379895315,20.1));
#4034 = SURFACE_CURVE('',#4035,(#4038,#4044),.PCURVE_S1.);
#4035 = B_SPLINE_CURVE_WITH_KNOTS('',1,(#4036,#4037),.UNSPECIFIED.,.F.,
  .F.,(2,2),(0.,1.),.PIECEWISE_BEZIER_KNOTS.);
#4036 = CARTESIAN_POINT('',(8.059295104685,4.940379895315,20.1));
#4037 = CARTESIAN_POINT('',(-8.059295104685,4.940379895315,20.1));
#4038 = PCURVE('',#3136,#4039);
#4039 = DEFINITIONAL_REPRESENTATION('',(#4040),#4043);
#4040 = B_SPLINE_CURVE_WITH_KNOTS('',1,(#4041,#4042),.UNSPECIFIED.,.F.,
  .F.,(2,2),(0.,1.),.PIECEWISE_BEZIER_KNOTS.);
#4041 = CARTESIAN_POINT('',(27.154295104685,54.185379895315));
#4042 = CARTESIAN_POINT('',(11.035704895315,54.185379895315));
#4043 = ( GEOMETRIC_REPRESENTATION_CONTEXT(2) 
PARAMETRIC_REPRESENTATION_CONTEXT() REPRESENTATION_CONTEXT('2D SPACE',''
  ) );
#4044 = PCURVE('',#4045,#4050);
#4045 = B_SPLINE_SURFACE_WITH_KNOTS('',1,1,(
    (#4046,#4047)
    ,(#4048,#4049
    )),.UNSPECIFIED.,.F.,.F.,.F.,(2,2),(2,2),(-8.020944482698,
    8.020944482698),(0.,1.),.PIECEWISE_BEZIER_KNOTS.);
#4046 = CARTESIAN_POINT('',(-8.04,4.959675,17.889));
#4047 = CARTESIAN_POINT('',(-8.061049205111,4.938625794889,20.301));
#4048 = CARTESIAN_POINT('',(8.04,4.959675,17.889));
#4049 = CARTESIAN_POINT('',(8.061049205111,4.938625794889,20.301));
#4050 = DEFINITIONAL_REPRESENTATION('',(#4051),#4054);
#4051 = B_SPLINE_CURVE_WITH_KNOTS('',1,(#4052,#4053),.UNSPECIFIED.,.F.,
  .F.,(2,2),(0.,1.),.PIECEWISE_BEZIER_KNOTS.);
#4052 = CARTESIAN_POINT('',(8.020944482698,0.916666666667));
#4053 = CARTESIAN_POINT('',(-8.020944482698,0.916666666667));
#4054 = ( GEOMETRIC_REPRESENTATION_CONTEXT(2) 
PARAMETRIC_REPRESENTATION_CONTEXT() REPRESENTATION_CONTEXT('2D SPACE',''
  ) );
#4055 = ORIENTED_EDGE('',*,*,#4056,.T.);
#4056 = EDGE_CURVE('',#4032,#4057,#4059,.T.);
#4057 = VERTEX_POINT('',#4058);
#4058 = CARTESIAN_POINT('',(-8.059295104685,5.983970104685,20.1));
#4059 = SURFACE_CURVE('',#4060,(#4063,#4069),.PCURVE_S1.);
#4060 = B_SPLINE_CURVE_WITH_KNOTS('',1,(#4061,#4062),.UNSPECIFIED.,.F.,
  .F.,(2,2),(0.,1.),.PIECEWISE_BEZIER_KNOTS.);
#4061 = CARTESIAN_POINT('',(-8.059295104685,4.940379895315,20.1));
#4062 = CARTESIAN_POINT('',(-8.059295104685,5.983970104685,20.1));
#4063 = PCURVE('',#3136,#4064);
#4064 = DEFINITIONAL_REPRESENTATION('',(#4065),#4068);
#4065 = B_SPLINE_CURVE_WITH_KNOTS('',1,(#4066,#4067),.UNSPECIFIED.,.F.,
  .F.,(2,2),(0.,1.),.PIECEWISE_BEZIER_KNOTS.);
#4066 = CARTESIAN_POINT('',(11.035704895315,54.185379895315));
#4067 = CARTESIAN_POINT('',(11.035704895315,55.228970104685));
#4068 = ( GEOMETRIC_REPRESENTATION_CONTEXT(2) 
PARAMETRIC_REPRESENTATION_CONTEXT() REPRESENTATION_CONTEXT('2D SPACE',''
  ) );
#4069 = PCURVE('',#4070,#4075);
#4070 = B_SPLINE_SURFACE_WITH_KNOTS('',1,1,(
    (#4071,#4072)
    ,(#4073,#4074
    )),.UNSPECIFIED.,.F.,.F.,.F.,(2,2),(2,2),(-0.520944482698,
    0.520944482698),(0.,1.),.PIECEWISE_BEZIER_KNOTS.);
#4071 = CARTESIAN_POINT('',(-8.04,5.964675,17.889));
#4072 = CARTESIAN_POINT('',(-8.061049205111,5.985724205111,20.301));
#4073 = CARTESIAN_POINT('',(-8.04,4.959675,17.889));
#4074 = CARTESIAN_POINT('',(-8.061049205111,4.938625794889,20.301));
#4075 = DEFINITIONAL_REPRESENTATION('',(#4076),#4079);
#4076 = B_SPLINE_CURVE_WITH_KNOTS('',1,(#4077,#4078),.UNSPECIFIED.,.F.,
  .F.,(2,2),(0.,1.),.PIECEWISE_BEZIER_KNOTS.);
#4077 = CARTESIAN_POINT('',(0.520944482698,0.916666666667));
#4078 = CARTESIAN_POINT('',(-0.520944482698,0.916666666667));
#4079 = ( GEOMETRIC_REPRESENTATION_CONTEXT(2) 
PARAMETRIC_REPRESENTATION_CONTEXT() REPRESENTATION_CONTEXT('2D SPACE',''
  ) );
#4080 = ORIENTED_EDGE('',*,*,#4081,.T.);
#4081 = EDGE_CURVE('',#4057,#4082,#4084,.T.);
#4082 = VERTEX_POINT('',#4083);
#4083 = CARTESIAN_POINT('',(8.059295104685,5.983970104685,20.1));
#4084 = SURFACE_CURVE('',#4085,(#4088,#4094),.PCURVE_S1.);
#4085 = B_SPLINE_CURVE_WITH_KNOTS('',1,(#4086,#4087),.UNSPECIFIED.,.F.,
  .F.,(2,2),(0.,1.),.PIECEWISE_BEZIER_KNOTS.);
#4086 = CARTESIAN_POINT('',(-8.059295104685,5.983970104685,20.1));
#4087 = CARTESIAN_POINT('',(8.059295104685,5.983970104685,20.1));
#4088 = PCURVE('',#3136,#4089);
#4089 = DEFINITIONAL_REPRESENTATION('',(#4090),#4093);
#4090 = B_SPLINE_CURVE_WITH_KNOTS('',1,(#4091,#4092),.UNSPECIFIED.,.F.,
  .F.,(2,2),(0.,1.),.PIECEWISE_BEZIER_KNOTS.);
#4091 = CARTESIAN_POINT('',(11.035704895315,55.228970104685));
#4092 = CARTESIAN_POINT('',(27.154295104685,55.228970104685));
#4093 = ( GEOMETRIC_REPRESENTATION_CONTEXT(2) 
PARAMETRIC_REPRESENTATION_CONTEXT() REPRESENTATION_CONTEXT('2D SPACE',''
  ) );
#4094 = PCURVE('',#4095,#4100);
#4095 = B_SPLINE_SURFACE_WITH_KNOTS('',1,1,(
    (#4096,#4097)
    ,(#4098,#4099
    )),.UNSPECIFIED.,.F.,.F.,.F.,(2,2),(2,2),(-8.020944482698,
    8.020944482698),(0.,1.),.PIECEWISE_BEZIER_KNOTS.);
#4096 = CARTESIAN_POINT('',(8.04,5.964675,17.889));
#4097 = CARTESIAN_POINT('',(8.061049205111,5.985724205111,20.301));
#4098 = CARTESIAN_POINT('',(-8.04,5.964675,17.889));
#4099 = CARTESIAN_POINT('',(-8.061049205111,5.985724205111,20.301));
#4100 = DEFINITIONAL_REPRESENTATION('',(#4101),#4104);
#4101 = B_SPLINE_CURVE_WITH_KNOTS('',1,(#4102,#4103),.UNSPECIFIED.,.F.,
  .F.,(2,2),(0.,1.),.PIECEWISE_BEZIER_KNOTS.);
#4102 = CARTESIAN_POINT('',(8.020944482698,0.916666666667));
#4103 = CARTESIAN_POINT('',(-8.020944482698,0.916666666667));
#4104 = ( GEOMETRIC_REPRESENTATION_CONTEXT(2) 
PARAMETRIC_REPRESENTATION_CONTEXT() REPRESENTATION_CONTEXT('2D SPACE',''
  ) );
#4105 = ORIENTED_EDGE('',*,*,#4106,.T.);
#4106 = EDGE_CURVE('',#4082,#4030,#4107,.T.);
#4107 = SURFACE_CURVE('',#4108,(#4111,#4117),.PCURVE_S1.);
#4108 = B_SPLINE_CURVE_WITH_KNOTS('',1,(#4109,#4110),.UNSPECIFIED.,.F.,
  .F.,(2,2),(0.,1.),.PIECEWISE_BEZIER_KNOTS.);
#4109 = CARTESIAN_POINT('',(8.059295104685,5.983970104685,20.1));
#4110 = CARTESIAN_POINT('',(8.059295104685,4.940379895315,20.1));
#4111 = PCURVE('',#3136,#4112);
#4112 = DEFINITIONAL_REPRESENTATION('',(#4113),#4116);
#4113 = B_SPLINE_CURVE_WITH_KNOTS('',1,(#4114,#4115),.UNSPECIFIED.,.F.,
  .F.,(2,2),(0.,1.),.PIECEWISE_BEZIER_KNOTS.);
#4114 = CARTESIAN_POINT('',(27.154295104685,55.228970104685));
#4115 = CARTESIAN_POINT('',(27.154295104685,54.185379895315));
#4116 = ( GEOMETRIC_REPRESENTATION_CONTEXT(2) 
PARAMETRIC_REPRESENTATION_CONTEXT() REPRESENTATION_CONTEXT('2D SPACE',''
  ) );
#4117 = PCURVE('',#4118,#4123);
#4118 = B_SPLINE_SURFACE_WITH_KNOTS('',1,1,(
    (#4119,#4120)
    ,(#4121,#4122
    )),.UNSPECIFIED.,.F.,.F.,.F.,(2,2),(2,2),(-0.520944482698,
    0.520944482698),(0.,1.),.PIECEWISE_BEZIER_KNOTS.);
#4119 = CARTESIAN_POINT('',(8.04,4.959675,17.889));
#4120 = CARTESIAN_POINT('',(8.061049205111,4.938625794889,20.301));
#4121 = CARTESIAN_POINT('',(8.04,5.964675,17.889));
#4122 = CARTESIAN_POINT('',(8.061049205111,5.985724205111,20.301));
#4123 = DEFINITIONAL_REPRESENTATION('',(#4124),#4127);
#4124 = B_SPLINE_CURVE_WITH_KNOTS('',1,(#4125,#4126),.UNSPECIFIED.,.F.,
  .F.,(2,2),(0.,1.),.PIECEWISE_BEZIER_KNOTS.);
#4125 = CARTESIAN_POINT('',(0.520944482698,0.916666666667));
#4126 = CARTESIAN_POINT('',(-0.520944482698,0.916666666667));
#4127 = ( GEOMETRIC_REPRESENTATION_CONTEXT(2) 
PARAMETRIC_REPRESENTATION_CONTEXT() REPRESENTATION_CONTEXT('2D SPACE',''
  ) );
#4128 = FACE_BOUND('',#4129,.T.);
#4129 = EDGE_LOOP('',(#4130,#4157,#4182,#4207));
#4130 = ORIENTED_EDGE('',*,*,#4131,.T.);
#4131 = EDGE_CURVE('',#4132,#4134,#4136,.T.);
#4132 = VERTEX_POINT('',#4133);
#4133 = CARTESIAN_POINT('',(18.260045104685,21.085704895315,20.1));
#4134 = VERTEX_POINT('',#4135);
#4135 = CARTESIAN_POINT('',(17.216454895315,21.085704895315,20.1));
#4136 = SURFACE_CURVE('',#4137,(#4140,#4146),.PCURVE_S1.);
#4137 = B_SPLINE_CURVE_WITH_KNOTS('',1,(#4138,#4139),.UNSPECIFIED.,.F.,
  .F.,(2,2),(0.,1.),.PIECEWISE_BEZIER_KNOTS.);
#4138 = CARTESIAN_POINT('',(18.260045104685,21.085704895315,20.1));
#4139 = CARTESIAN_POINT('',(17.216454895315,21.085704895315,20.1));
#4140 = PCURVE('',#3136,#4141);
#4141 = DEFINITIONAL_REPRESENTATION('',(#4142),#4145);
#4142 = B_SPLINE_CURVE_WITH_KNOTS('',1,(#4143,#4144),.UNSPECIFIED.,.F.,
  .F.,(2,2),(0.,1.),.PIECEWISE_BEZIER_KNOTS.);
#4143 = CARTESIAN_POINT('',(37.355045104685,70.330704895315));
#4144 = CARTESIAN_POINT('',(36.311454895315,70.330704895315));
#4145 = ( GEOMETRIC_REPRESENTATION_CONTEXT(2) 
PARAMETRIC_REPRESENTATION_CONTEXT() REPRESENTATION_CONTEXT('2D SPACE',''
  ) );
#4146 = PCURVE('',#4147,#4152);
#4147 = B_SPLINE_SURFACE_WITH_KNOTS('',1,1,(
    (#4148,#4149)
    ,(#4150,#4151
    )),.UNSPECIFIED.,.F.,.F.,.F.,(2,2),(2,2),(-0.520944482698,
    0.520944482698),(0.,1.),.PIECEWISE_BEZIER_KNOTS.);
#4148 = CARTESIAN_POINT('',(17.23575,21.105,17.889));
#4149 = CARTESIAN_POINT('',(17.214700794889,21.083950794889,20.301));
#4150 = CARTESIAN_POINT('',(18.24075,21.105,17.889));
#4151 = CARTESIAN_POINT('',(18.261799205111,21.083950794889,20.301));
#4152 = DEFINITIONAL_REPRESENTATION('',(#4153),#4156);
#4153 = B_SPLINE_CURVE_WITH_KNOTS('',1,(#4154,#4155),.UNSPECIFIED.,.F.,
  .F.,(2,2),(0.,1.),.PIECEWISE_BEZIER_KNOTS.);
#4154 = CARTESIAN_POINT('',(0.520944482698,0.916666666667));
#4155 = CARTESIAN_POINT('',(-0.520944482698,0.916666666667));
#4156 = ( GEOMETRIC_REPRESENTATION_CONTEXT(2) 
PARAMETRIC_REPRESENTATION_CONTEXT() REPRESENTATION_CONTEXT('2D SPACE',''
  ) );
#4157 = ORIENTED_EDGE('',*,*,#4158,.T.);
#4158 = EDGE_CURVE('',#4134,#4159,#4161,.T.);
#4159 = VERTEX_POINT('',#4160);
#4160 = CARTESIAN_POINT('',(17.216454895315,37.204295104685,20.1));
#4161 = SURFACE_CURVE('',#4162,(#4165,#4171),.PCURVE_S1.);
#4162 = B_SPLINE_CURVE_WITH_KNOTS('',1,(#4163,#4164),.UNSPECIFIED.,.F.,
  .F.,(2,2),(0.,1.),.PIECEWISE_BEZIER_KNOTS.);
#4163 = CARTESIAN_POINT('',(17.216454895315,21.085704895315,20.1));
#4164 = CARTESIAN_POINT('',(17.216454895315,37.204295104685,20.1));
#4165 = PCURVE('',#3136,#4166);
#4166 = DEFINITIONAL_REPRESENTATION('',(#4167),#4170);
#4167 = B_SPLINE_CURVE_WITH_KNOTS('',1,(#4168,#4169),.UNSPECIFIED.,.F.,
  .F.,(2,2),(0.,1.),.PIECEWISE_BEZIER_KNOTS.);
#4168 = CARTESIAN_POINT('',(36.311454895315,70.330704895315));
#4169 = CARTESIAN_POINT('',(36.311454895315,86.449295104685));
#4170 = ( GEOMETRIC_REPRESENTATION_CONTEXT(2) 
PARAMETRIC_REPRESENTATION_CONTEXT() REPRESENTATION_CONTEXT('2D SPACE',''
  ) );
#4171 = PCURVE('',#4172,#4177);
#4172 = B_SPLINE_SURFACE_WITH_KNOTS('',1,1,(
    (#4173,#4174)
    ,(#4175,#4176
    )),.UNSPECIFIED.,.F.,.F.,.F.,(2,2),(2,2),(-8.020944482698,
    8.020944482698),(0.,1.),.PIECEWISE_BEZIER_KNOTS.);
#4173 = CARTESIAN_POINT('',(17.23575,37.185,17.889));
#4174 = CARTESIAN_POINT('',(17.214700794889,37.206049205111,20.301));
#4175 = CARTESIAN_POINT('',(17.23575,21.105,17.889));
#4176 = CARTESIAN_POINT('',(17.214700794889,21.083950794889,20.301));
#4177 = DEFINITIONAL_REPRESENTATION('',(#4178),#4181);
#4178 = B_SPLINE_CURVE_WITH_KNOTS('',1,(#4179,#4180),.UNSPECIFIED.,.F.,
  .F.,(2,2),(0.,1.),.PIECEWISE_BEZIER_KNOTS.);
#4179 = CARTESIAN_POINT('',(8.020944482698,0.916666666667));
#4180 = CARTESIAN_POINT('',(-8.020944482698,0.916666666667));
#4181 = ( GEOMETRIC_REPRESENTATION_CONTEXT(2) 
PARAMETRIC_REPRESENTATION_CONTEXT() REPRESENTATION_CONTEXT('2D SPACE',''
  ) );
#4182 = ORIENTED_EDGE('',*,*,#4183,.T.);
#4183 = EDGE_CURVE('',#4159,#4184,#4186,.T.);
#4184 = VERTEX_POINT('',#4185);
#4185 = CARTESIAN_POINT('',(18.260045104685,37.204295104685,20.1));
#4186 = SURFACE_CURVE('',#4187,(#4190,#4196),.PCURVE_S1.);
#4187 = B_SPLINE_CURVE_WITH_KNOTS('',1,(#4188,#4189),.UNSPECIFIED.,.F.,
  .F.,(2,2),(0.,1.),.PIECEWISE_BEZIER_KNOTS.);
#4188 = CARTESIAN_POINT('',(17.216454895315,37.204295104685,20.1));
#4189 = CARTESIAN_POINT('',(18.260045104685,37.204295104685,20.1));
#4190 = PCURVE('',#3136,#4191);
#4191 = DEFINITIONAL_REPRESENTATION('',(#4192),#4195);
#4192 = B_SPLINE_CURVE_WITH_KNOTS('',1,(#4193,#4194),.UNSPECIFIED.,.F.,
  .F.,(2,2),(0.,1.),.PIECEWISE_BEZIER_KNOTS.);
#4193 = CARTESIAN_POINT('',(36.311454895315,86.449295104685));
#4194 = CARTESIAN_POINT('',(37.355045104685,86.449295104685));
#4195 = ( GEOMETRIC_REPRESENTATION_CONTEXT(2) 
PARAMETRIC_REPRESENTATION_CONTEXT() REPRESENTATION_CONTEXT('2D SPACE',''
  ) );
#4196 = PCURVE('',#4197,#4202);
#4197 = B_SPLINE_SURFACE_WITH_KNOTS('',1,1,(
    (#4198,#4199)
    ,(#4200,#4201
    )),.UNSPECIFIED.,.F.,.F.,.F.,(2,2),(2,2),(-0.520944482698,
    0.520944482698),(0.,1.),.PIECEWISE_BEZIER_KNOTS.);
#4198 = CARTESIAN_POINT('',(18.24075,37.185,17.889));
#4199 = CARTESIAN_POINT('',(18.261799205111,37.206049205111,20.301));
#4200 = CARTESIAN_POINT('',(17.23575,37.185,17.889));
#4201 = CARTESIAN_POINT('',(17.214700794889,37.206049205111,20.301));
#4202 = DEFINITIONAL_REPRESENTATION('',(#4203),#4206);
#4203 = B_SPLINE_CURVE_WITH_KNOTS('',1,(#4204,#4205),.UNSPECIFIED.,.F.,
  .F.,(2,2),(0.,1.),.PIECEWISE_BEZIER_KNOTS.);
#4204 = CARTESIAN_POINT('',(0.520944482698,0.916666666667));
#4205 = CARTESIAN_POINT('',(-0.520944482698,0.916666666667));
#4206 = ( GEOMETRIC_REPRESENTATION_CONTEXT(2) 
PARAMETRIC_REPRESENTATION_CONTEXT() REPRESENTATION_CONTEXT('2D SPACE',''
  ) );
#4207 = ORIENTED_EDGE('',*,*,#4208,.T.);
#4208 = EDGE_CURVE('',#4184,#4132,#4209,.T.);
#4209 = SURFACE_CURVE('',#4210,(#4213,#4219),.PCURVE_S1.);
#4210 = B_SPLINE_CURVE_WITH_KNOTS('',1,(#4211,#4212),.UNSPECIFIED.,.F.,
  .F.,(2,2),(0.,1.),.PIECEWISE_BEZIER_KNOTS.);
#4211 = CARTESIAN_POINT('',(18.260045104685,37.204295104685,20.1));
#4212 = CARTESIAN_POINT('',(18.260045104685,21.085704895315,20.1));
#4213 = PCURVE('',#3136,#4214);
#4214 = DEFINITIONAL_REPRESENTATION('',(#4215),#4218);
#4215 = B_SPLINE_CURVE_WITH_KNOTS('',1,(#4216,#4217),.UNSPECIFIED.,.F.,
  .F.,(2,2),(0.,1.),.PIECEWISE_BEZIER_KNOTS.);
#4216 = CARTESIAN_POINT('',(37.355045104685,86.449295104685));
#4217 = CARTESIAN_POINT('',(37.355045104685,70.330704895315));
#4218 = ( GEOMETRIC_REPRESENTATION_CONTEXT(2) 
PARAMETRIC_REPRESENTATION_CONTEXT() REPRESENTATION_CONTEXT('2D SPACE',''
  ) );
#4219 = PCURVE('',#4220,#4225);
#4220 = B_SPLINE_SURFACE_WITH_KNOTS('',1,1,(
    (#4221,#4222)
    ,(#4223,#4224
    )),.UNSPECIFIED.,.F.,.F.,.F.,(2,2),(2,2),(-8.020944482698,
    8.020944482698),(0.,1.),.PIECEWISE_BEZIER_KNOTS.);
#4221 = CARTESIAN_POINT('',(18.24075,21.105,17.889));
#4222 = CARTESIAN_POINT('',(18.261799205111,21.083950794889,20.301));
#4223 = CARTESIAN_POINT('',(18.24075,37.185,17.889));
#4224 = CARTESIAN_POINT('',(18.261799205111,37.206049205111,20.301));
#4225 = DEFINITIONAL_REPRESENTATION('',(#4226),#4229);
#4226 = B_SPLINE_CURVE_WITH_KNOTS('',1,(#4227,#4228),.UNSPECIFIED.,.F.,
  .F.,(2,2),(0.,1.),.PIECEWISE_BEZIER_KNOTS.);
#4227 = CARTESIAN_POINT('',(8.020944482698,0.916666666667));
#4228 = CARTESIAN_POINT('',(-8.020944482698,0.916666666667));
#4229 = ( GEOMETRIC_REPRESENTATION_CONTEXT(2) 
PARAMETRIC_REPRESENTATION_CONTEXT() REPRESENTATION_CONTEXT('2D SPACE',''
  ) );
#4230 = FACE_BOUND('',#4231,.T.);
#4231 = EDGE_LOOP('',(#4232,#4262,#4290,#4318,#4346,#4374,#4402,#4430));
#4232 = ORIENTED_EDGE('',*,*,#4233,.F.);
#4233 = EDGE_CURVE('',#4234,#4236,#4238,.T.);
#4234 = VERTEX_POINT('',#4235);
#4235 = CARTESIAN_POINT('',(-15.05537540415,48.7425,20.1));
#4236 = VERTEX_POINT('',#4237);
#4237 = CARTESIAN_POINT('',(-15.05537540415,13.5675,20.1));
#4238 = SURFACE_CURVE('',#4239,(#4243,#4250),.PCURVE_S1.);
#4239 = LINE('',#4240,#4241);
#4240 = CARTESIAN_POINT('',(-15.05537540415,-9.045,20.1));
#4241 = VECTOR('',#4242,1.);
#4242 = DIRECTION('',(-0.,-1.,0.));
#4243 = PCURVE('',#3136,#4244);
#4244 = DEFINITIONAL_REPRESENTATION('',(#4245),#4249);
#4245 = LINE('',#4246,#4247);
#4246 = CARTESIAN_POINT('',(4.039624595848,40.2));
#4247 = VECTOR('',#4248,1.);
#4248 = DIRECTION('',(0.,-1.));
#4249 = ( GEOMETRIC_REPRESENTATION_CONTEXT(2) 
PARAMETRIC_REPRESENTATION_CONTEXT() REPRESENTATION_CONTEXT('2D SPACE',''
  ) );
#4250 = PCURVE('',#4251,#4256);
#4251 = PLANE('',#4252);
#4252 = AXIS2_PLACEMENT_3D('',#4253,#4254,#4255);
#4253 = CARTESIAN_POINT('',(-15.09747702075,31.155,22.512));
#4254 = DIRECTION('',(-0.999847695156,0.,-1.745240643728E-02));
#4255 = DIRECTION('',(0.,-1.,-0.));
#4256 = DEFINITIONAL_REPRESENTATION('',(#4257),#4261);
#4257 = LINE('',#4258,#4259);
#4258 = CARTESIAN_POINT('',(40.2,-2.412367415242));
#4259 = VECTOR('',#4260,1.);
#4260 = DIRECTION('',(1.,0.));
#4261 = ( GEOMETRIC_REPRESENTATION_CONTEXT(2) 
PARAMETRIC_REPRESENTATION_CONTEXT() REPRESENTATION_CONTEXT('2D SPACE',''
  ) );
#4262 = ORIENTED_EDGE('',*,*,#4263,.F.);
#4263 = EDGE_CURVE('',#4264,#4234,#4266,.T.);
#4264 = VERTEX_POINT('',#4265);
#4265 = CARTESIAN_POINT('',(-14.07,49.727875404152,20.1));
#4266 = SURFACE_CURVE('',#4267,(#4272,#4279),.PCURVE_S1.);
#4267 = CIRCLE('',#4268,0.985375404152);
#4268 = AXIS2_PLACEMENT_3D('',#4269,#4270,#4271);
#4269 = CARTESIAN_POINT('',(-14.07,48.7425,20.1));
#4270 = DIRECTION('',(0.,0.,1.));
#4271 = DIRECTION('',(1.,0.,-0.));
#4272 = PCURVE('',#3136,#4273);
#4273 = DEFINITIONAL_REPRESENTATION('',(#4274),#4278);
#4274 = CIRCLE('',#4275,0.985375404152);
#4275 = AXIS2_PLACEMENT_2D('',#4276,#4277);
#4276 = CARTESIAN_POINT('',(5.025,97.9875));
#4277 = DIRECTION('',(1.,0.));
#4278 = ( GEOMETRIC_REPRESENTATION_CONTEXT(2) 
PARAMETRIC_REPRESENTATION_CONTEXT() REPRESENTATION_CONTEXT('2D SPACE',''
  ) );
#4279 = PCURVE('',#4280,#4285);
#4280 = CONICAL_SURFACE('',#4281,0.97485,1.745329251994E-02);
#4281 = AXIS2_PLACEMENT_3D('',#4282,#4283,#4284);
#4282 = CARTESIAN_POINT('',(-14.07,48.7425,19.497));
#4283 = DIRECTION('',(0.,0.,1.));
#4284 = DIRECTION('',(1.,0.,0.));
#4285 = DEFINITIONAL_REPRESENTATION('',(#4286),#4289);
#4286 = B_SPLINE_CURVE_WITH_KNOTS('',1,(#4287,#4288),.UNSPECIFIED.,.F.,
  .F.,(2,2),(1.570796326795,3.14159265359),.PIECEWISE_BEZIER_KNOTS.);
#4287 = CARTESIAN_POINT('',(1.570796326795,0.603));
#4288 = CARTESIAN_POINT('',(3.14159265359,0.603));
#4289 = ( GEOMETRIC_REPRESENTATION_CONTEXT(2) 
PARAMETRIC_REPRESENTATION_CONTEXT() REPRESENTATION_CONTEXT('2D SPACE',''
  ) );
#4290 = ORIENTED_EDGE('',*,*,#4291,.F.);
#4291 = EDGE_CURVE('',#4292,#4264,#4294,.T.);
#4292 = VERTEX_POINT('',#4293);
#4293 = CARTESIAN_POINT('',(14.07,49.727875404152,20.1));
#4294 = SURFACE_CURVE('',#4295,(#4299,#4306),.PCURVE_S1.);
#4295 = LINE('',#4296,#4297);
#4296 = CARTESIAN_POINT('',(-9.5475,49.727875404152,20.1));
#4297 = VECTOR('',#4298,1.);
#4298 = DIRECTION('',(-1.,0.,0.));
#4299 = PCURVE('',#3136,#4300);
#4300 = DEFINITIONAL_REPRESENTATION('',(#4301),#4305);
#4301 = LINE('',#4302,#4303);
#4302 = CARTESIAN_POINT('',(9.5475,98.972875404152));
#4303 = VECTOR('',#4304,1.);
#4304 = DIRECTION('',(-1.,0.));
#4305 = ( GEOMETRIC_REPRESENTATION_CONTEXT(2) 
PARAMETRIC_REPRESENTATION_CONTEXT() REPRESENTATION_CONTEXT('2D SPACE',''
  ) );
#4306 = PCURVE('',#4307,#4312);
#4307 = PLANE('',#4308);
#4308 = AXIS2_PLACEMENT_3D('',#4309,#4310,#4311);
#4309 = CARTESIAN_POINT('',(0.,49.769977020759,22.512));
#4310 = DIRECTION('',(0.,0.999847695156,-1.745240643728E-02));
#4311 = DIRECTION('',(-1.,0.,-0.));
#4312 = DEFINITIONAL_REPRESENTATION('',(#4313),#4317);
#4313 = LINE('',#4314,#4315);
#4314 = CARTESIAN_POINT('',(9.5475,-2.412367415242));
#4315 = VECTOR('',#4316,1.);
#4316 = DIRECTION('',(1.,0.));
#4317 = ( GEOMETRIC_REPRESENTATION_CONTEXT(2) 
PARAMETRIC_REPRESENTATION_CONTEXT() REPRESENTATION_CONTEXT('2D SPACE',''
  ) );
#4318 = ORIENTED_EDGE('',*,*,#4319,.F.);
#4319 = EDGE_CURVE('',#4320,#4292,#4322,.T.);
#4320 = VERTEX_POINT('',#4321);
#4321 = CARTESIAN_POINT('',(15.055375404152,48.7425,20.1));
#4322 = SURFACE_CURVE('',#4323,(#4328,#4335),.PCURVE_S1.);
#4323 = CIRCLE('',#4324,0.985375404152);
#4324 = AXIS2_PLACEMENT_3D('',#4325,#4326,#4327);
#4325 = CARTESIAN_POINT('',(14.07,48.7425,20.1));
#4326 = DIRECTION('',(0.,0.,1.));
#4327 = DIRECTION('',(1.,0.,-0.));
#4328 = PCURVE('',#3136,#4329);
#4329 = DEFINITIONAL_REPRESENTATION('',(#4330),#4334);
#4330 = CIRCLE('',#4331,0.985375404152);
#4331 = AXIS2_PLACEMENT_2D('',#4332,#4333);
#4332 = CARTESIAN_POINT('',(33.165,97.9875));
#4333 = DIRECTION('',(1.,0.));
#4334 = ( GEOMETRIC_REPRESENTATION_CONTEXT(2) 
PARAMETRIC_REPRESENTATION_CONTEXT() REPRESENTATION_CONTEXT('2D SPACE',''
  ) );
#4335 = PCURVE('',#4336,#4341);
#4336 = CONICAL_SURFACE('',#4337,0.97485,1.745329251994E-02);
#4337 = AXIS2_PLACEMENT_3D('',#4338,#4339,#4340);
#4338 = CARTESIAN_POINT('',(14.07,48.7425,19.497));
#4339 = DIRECTION('',(0.,0.,1.));
#4340 = DIRECTION('',(1.,0.,0.));
#4341 = DEFINITIONAL_REPRESENTATION('',(#4342),#4345);
#4342 = B_SPLINE_CURVE_WITH_KNOTS('',1,(#4343,#4344),.UNSPECIFIED.,.F.,
  .F.,(2,2),(0.,1.570796326795),.PIECEWISE_BEZIER_KNOTS.);
#4343 = CARTESIAN_POINT('',(0.,0.603));
#4344 = CARTESIAN_POINT('',(1.570796326795,0.603));
#4345 = ( GEOMETRIC_REPRESENTATION_CONTEXT(2) 
PARAMETRIC_REPRESENTATION_CONTEXT() REPRESENTATION_CONTEXT('2D SPACE',''
  ) );
#4346 = ORIENTED_EDGE('',*,*,#4347,.F.);
#4347 = EDGE_CURVE('',#4348,#4320,#4350,.T.);
#4348 = VERTEX_POINT('',#4349);
#4349 = CARTESIAN_POINT('',(15.055375404152,13.5675,20.1));
#4350 = SURFACE_CURVE('',#4351,(#4355,#4362),.PCURVE_S1.);
#4351 = LINE('',#4352,#4353);
#4352 = CARTESIAN_POINT('',(15.055375404152,-9.045,20.1));
#4353 = VECTOR('',#4354,1.);
#4354 = DIRECTION('',(-0.,1.,0.));
#4355 = PCURVE('',#3136,#4356);
#4356 = DEFINITIONAL_REPRESENTATION('',(#4357),#4361);
#4357 = LINE('',#4358,#4359);
#4358 = CARTESIAN_POINT('',(34.150375404152,40.2));
#4359 = VECTOR('',#4360,1.);
#4360 = DIRECTION('',(0.,1.));
#4361 = ( GEOMETRIC_REPRESENTATION_CONTEXT(2) 
PARAMETRIC_REPRESENTATION_CONTEXT() REPRESENTATION_CONTEXT('2D SPACE',''
  ) );
#4362 = PCURVE('',#4363,#4368);
#4363 = PLANE('',#4364);
#4364 = AXIS2_PLACEMENT_3D('',#4365,#4366,#4367);
#4365 = CARTESIAN_POINT('',(15.097477020759,31.155,22.512));
#4366 = DIRECTION('',(0.999847695156,0.,-1.745240643728E-02));
#4367 = DIRECTION('',(0.,1.,0.));
#4368 = DEFINITIONAL_REPRESENTATION('',(#4369),#4373);
#4369 = LINE('',#4370,#4371);
#4370 = CARTESIAN_POINT('',(-40.2,-2.412367415242));
#4371 = VECTOR('',#4372,1.);
#4372 = DIRECTION('',(1.,0.));
#4373 = ( GEOMETRIC_REPRESENTATION_CONTEXT(2) 
PARAMETRIC_REPRESENTATION_CONTEXT() REPRESENTATION_CONTEXT('2D SPACE',''
  ) );
#4374 = ORIENTED_EDGE('',*,*,#4375,.F.);
#4375 = EDGE_CURVE('',#4376,#4348,#4378,.T.);
#4376 = VERTEX_POINT('',#4377);
#4377 = CARTESIAN_POINT('',(14.07,12.582124595848,20.1));
#4378 = SURFACE_CURVE('',#4379,(#4384,#4391),.PCURVE_S1.);
#4379 = CIRCLE('',#4380,0.985375404152);
#4380 = AXIS2_PLACEMENT_3D('',#4381,#4382,#4383);
#4381 = CARTESIAN_POINT('',(14.07,13.5675,20.1));
#4382 = DIRECTION('',(0.,0.,1.));
#4383 = DIRECTION('',(1.,0.,-0.));
#4384 = PCURVE('',#3136,#4385);
#4385 = DEFINITIONAL_REPRESENTATION('',(#4386),#4390);
#4386 = CIRCLE('',#4387,0.985375404152);
#4387 = AXIS2_PLACEMENT_2D('',#4388,#4389);
#4388 = CARTESIAN_POINT('',(33.165,62.8125));
#4389 = DIRECTION('',(1.,0.));
#4390 = ( GEOMETRIC_REPRESENTATION_CONTEXT(2) 
PARAMETRIC_REPRESENTATION_CONTEXT() REPRESENTATION_CONTEXT('2D SPACE',''
  ) );
#4391 = PCURVE('',#4392,#4397);
#4392 = CONICAL_SURFACE('',#4393,0.97485,1.745329251994E-02);
#4393 = AXIS2_PLACEMENT_3D('',#4394,#4395,#4396);
#4394 = CARTESIAN_POINT('',(14.07,13.5675,19.497));
#4395 = DIRECTION('',(0.,0.,1.));
#4396 = DIRECTION('',(1.,0.,0.));
#4397 = DEFINITIONAL_REPRESENTATION('',(#4398),#4401);
#4398 = B_SPLINE_CURVE_WITH_KNOTS('',1,(#4399,#4400),.UNSPECIFIED.,.F.,
  .F.,(2,2),(4.712388980385,6.28318530718),.PIECEWISE_BEZIER_KNOTS.);
#4399 = CARTESIAN_POINT('',(4.712388980385,0.603));
#4400 = CARTESIAN_POINT('',(6.28318530718,0.603));
#4401 = ( GEOMETRIC_REPRESENTATION_CONTEXT(2) 
PARAMETRIC_REPRESENTATION_CONTEXT() REPRESENTATION_CONTEXT('2D SPACE',''
  ) );
#4402 = ORIENTED_EDGE('',*,*,#4403,.F.);
#4403 = EDGE_CURVE('',#4404,#4376,#4406,.T.);
#4404 = VERTEX_POINT('',#4405);
#4405 = CARTESIAN_POINT('',(-14.07,12.582124595848,20.1));
#4406 = SURFACE_CURVE('',#4407,(#4411,#4418),.PCURVE_S1.);
#4407 = LINE('',#4408,#4409);
#4408 = CARTESIAN_POINT('',(-9.5475,12.582124595848,20.1));
#4409 = VECTOR('',#4410,1.);
#4410 = DIRECTION('',(1.,0.,-0.));
#4411 = PCURVE('',#3136,#4412);
#4412 = DEFINITIONAL_REPRESENTATION('',(#4413),#4417);
#4413 = LINE('',#4414,#4415);
#4414 = CARTESIAN_POINT('',(9.5475,61.827124595848));
#4415 = VECTOR('',#4416,1.);
#4416 = DIRECTION('',(1.,0.));
#4417 = ( GEOMETRIC_REPRESENTATION_CONTEXT(2) 
PARAMETRIC_REPRESENTATION_CONTEXT() REPRESENTATION_CONTEXT('2D SPACE',''
  ) );
#4418 = PCURVE('',#4419,#4424);
#4419 = PLANE('',#4420);
#4420 = AXIS2_PLACEMENT_3D('',#4421,#4422,#4423);
#4421 = CARTESIAN_POINT('',(0.,12.540022979241,22.512));
#4422 = DIRECTION('',(0.,-0.999847695156,-1.745240643728E-02));
#4423 = DIRECTION('',(1.,0.,0.));
#4424 = DEFINITIONAL_REPRESENTATION('',(#4425),#4429);
#4425 = LINE('',#4426,#4427);
#4426 = CARTESIAN_POINT('',(-9.5475,-2.412367415242));
#4427 = VECTOR('',#4428,1.);
#4428 = DIRECTION('',(1.,0.));
#4429 = ( GEOMETRIC_REPRESENTATION_CONTEXT(2) 
PARAMETRIC_REPRESENTATION_CONTEXT() REPRESENTATION_CONTEXT('2D SPACE',''
  ) );
#4430 = ORIENTED_EDGE('',*,*,#4431,.F.);
#4431 = EDGE_CURVE('',#4236,#4404,#4432,.T.);
#4432 = SURFACE_CURVE('',#4433,(#4438,#4445),.PCURVE_S1.);
#4433 = CIRCLE('',#4434,0.985375404152);
#4434 = AXIS2_PLACEMENT_3D('',#4435,#4436,#4437);
#4435 = CARTESIAN_POINT('',(-14.07,13.5675,20.1));
#4436 = DIRECTION('',(0.,0.,1.));
#4437 = DIRECTION('',(1.,0.,-0.));
#4438 = PCURVE('',#3136,#4439);
#4439 = DEFINITIONAL_REPRESENTATION('',(#4440),#4444);
#4440 = CIRCLE('',#4441,0.985375404152);
#4441 = AXIS2_PLACEMENT_2D('',#4442,#4443);
#4442 = CARTESIAN_POINT('',(5.025,62.8125));
#4443 = DIRECTION('',(1.,0.));
#4444 = ( GEOMETRIC_REPRESENTATION_CONTEXT(2) 
PARAMETRIC_REPRESENTATION_CONTEXT() REPRESENTATION_CONTEXT('2D SPACE',''
  ) );
#4445 = PCURVE('',#4446,#4451);
#4446 = CONICAL_SURFACE('',#4447,0.97485,1.745329251994E-02);
#4447 = AXIS2_PLACEMENT_3D('',#4448,#4449,#4450);
#4448 = CARTESIAN_POINT('',(-14.07,13.5675,19.497));
#4449 = DIRECTION('',(0.,0.,1.));
#4450 = DIRECTION('',(1.,0.,0.));
#4451 = DEFINITIONAL_REPRESENTATION('',(#4452),#4455);
#4452 = B_SPLINE_CURVE_WITH_KNOTS('',1,(#4453,#4454),.UNSPECIFIED.,.F.,
  .F.,(2,2),(3.14159265359,4.712388980385),.PIECEWISE_BEZIER_KNOTS.);
#4453 = CARTESIAN_POINT('',(3.14159265359,0.603));
#4454 = CARTESIAN_POINT('',(4.712388980385,0.603));
#4455 = ( GEOMETRIC_REPRESENTATION_CONTEXT(2) 
PARAMETRIC_REPRESENTATION_CONTEXT() REPRESENTATION_CONTEXT('2D SPACE',''
  ) );
#4456 = FACE_BOUND('',#4457,.T.);
#4457 = EDGE_LOOP('',(#4458,#4485,#4510,#4535));
#4458 = ORIENTED_EDGE('',*,*,#4459,.T.);
#4459 = EDGE_CURVE('',#4460,#4462,#4464,.T.);
#4460 = VERTEX_POINT('',#4461);
#4461 = CARTESIAN_POINT('',(8.059295104685,52.306029895315,20.1));
#4462 = VERTEX_POINT('',#4463);
#4463 = CARTESIAN_POINT('',(-8.059295104685,52.306029895315,20.1));
#4464 = SURFACE_CURVE('',#4465,(#4468,#4474),.PCURVE_S1.);
#4465 = B_SPLINE_CURVE_WITH_KNOTS('',1,(#4466,#4467),.UNSPECIFIED.,.F.,
  .F.,(2,2),(0.,1.),.PIECEWISE_BEZIER_KNOTS.);
#4466 = CARTESIAN_POINT('',(8.059295104685,52.306029895315,20.1));
#4467 = CARTESIAN_POINT('',(-8.059295104685,52.306029895315,20.1));
#4468 = PCURVE('',#3136,#4469);
#4469 = DEFINITIONAL_REPRESENTATION('',(#4470),#4473);
#4470 = B_SPLINE_CURVE_WITH_KNOTS('',1,(#4471,#4472),.UNSPECIFIED.,.F.,
  .F.,(2,2),(0.,1.),.PIECEWISE_BEZIER_KNOTS.);
#4471 = CARTESIAN_POINT('',(27.154295104685,101.55102989531));
#4472 = CARTESIAN_POINT('',(11.035704895315,101.55102989531));
#4473 = ( GEOMETRIC_REPRESENTATION_CONTEXT(2) 
PARAMETRIC_REPRESENTATION_CONTEXT() REPRESENTATION_CONTEXT('2D SPACE',''
  ) );
#4474 = PCURVE('',#4475,#4480);
#4475 = B_SPLINE_SURFACE_WITH_KNOTS('',1,1,(
    (#4476,#4477)
    ,(#4478,#4479
    )),.UNSPECIFIED.,.F.,.F.,.F.,(2,2),(2,2),(-8.020944482698,
    8.020944482698),(0.,1.),.PIECEWISE_BEZIER_KNOTS.);
#4476 = CARTESIAN_POINT('',(-8.04,52.325325,17.889));
#4477 = CARTESIAN_POINT('',(-8.061049205111,52.304275794889,20.301));
#4478 = CARTESIAN_POINT('',(8.04,52.325325,17.889));
#4479 = CARTESIAN_POINT('',(8.061049205111,52.304275794889,20.301));
#4480 = DEFINITIONAL_REPRESENTATION('',(#4481),#4484);
#4481 = B_SPLINE_CURVE_WITH_KNOTS('',1,(#4482,#4483),.UNSPECIFIED.,.F.,
  .F.,(2,2),(0.,1.),.PIECEWISE_BEZIER_KNOTS.);
#4482 = CARTESIAN_POINT('',(8.020944482698,0.916666666667));
#4483 = CARTESIAN_POINT('',(-8.020944482698,0.916666666667));
#4484 = ( GEOMETRIC_REPRESENTATION_CONTEXT(2) 
PARAMETRIC_REPRESENTATION_CONTEXT() REPRESENTATION_CONTEXT('2D SPACE',''
  ) );
#4485 = ORIENTED_EDGE('',*,*,#4486,.T.);
#4486 = EDGE_CURVE('',#4462,#4487,#4489,.T.);
#4487 = VERTEX_POINT('',#4488);
#4488 = CARTESIAN_POINT('',(-8.059295104685,53.349620104685,20.1));
#4489 = SURFACE_CURVE('',#4490,(#4493,#4499),.PCURVE_S1.);
#4490 = B_SPLINE_CURVE_WITH_KNOTS('',1,(#4491,#4492),.UNSPECIFIED.,.F.,
  .F.,(2,2),(0.,1.),.PIECEWISE_BEZIER_KNOTS.);
#4491 = CARTESIAN_POINT('',(-8.059295104685,52.306029895315,20.1));
#4492 = CARTESIAN_POINT('',(-8.059295104685,53.349620104685,20.1));
#4493 = PCURVE('',#3136,#4494);
#4494 = DEFINITIONAL_REPRESENTATION('',(#4495),#4498);
#4495 = B_SPLINE_CURVE_WITH_KNOTS('',1,(#4496,#4497),.UNSPECIFIED.,.F.,
  .F.,(2,2),(0.,1.),.PIECEWISE_BEZIER_KNOTS.);
#4496 = CARTESIAN_POINT('',(11.035704895315,101.55102989531));
#4497 = CARTESIAN_POINT('',(11.035704895315,102.59462010468));
#4498 = ( GEOMETRIC_REPRESENTATION_CONTEXT(2) 
PARAMETRIC_REPRESENTATION_CONTEXT() REPRESENTATION_CONTEXT('2D SPACE',''
  ) );
#4499 = PCURVE('',#4500,#4505);
#4500 = B_SPLINE_SURFACE_WITH_KNOTS('',1,1,(
    (#4501,#4502)
    ,(#4503,#4504
    )),.UNSPECIFIED.,.F.,.F.,.F.,(2,2),(2,2),(-0.520944482698,
    0.520944482698),(0.,1.),.PIECEWISE_BEZIER_KNOTS.);
#4501 = CARTESIAN_POINT('',(-8.04,53.330325,17.889));
#4502 = CARTESIAN_POINT('',(-8.061049205111,53.351374205111,20.301));
#4503 = CARTESIAN_POINT('',(-8.04,52.325325,17.889));
#4504 = CARTESIAN_POINT('',(-8.061049205111,52.304275794889,20.301));
#4505 = DEFINITIONAL_REPRESENTATION('',(#4506),#4509);
#4506 = B_SPLINE_CURVE_WITH_KNOTS('',1,(#4507,#4508),.UNSPECIFIED.,.F.,
  .F.,(2,2),(0.,1.),.PIECEWISE_BEZIER_KNOTS.);
#4507 = CARTESIAN_POINT('',(0.520944482698,0.916666666667));
#4508 = CARTESIAN_POINT('',(-0.520944482698,0.916666666667));
#4509 = ( GEOMETRIC_REPRESENTATION_CONTEXT(2) 
PARAMETRIC_REPRESENTATION_CONTEXT() REPRESENTATION_CONTEXT('2D SPACE',''
  ) );
#4510 = ORIENTED_EDGE('',*,*,#4511,.T.);
#4511 = EDGE_CURVE('',#4487,#4512,#4514,.T.);
#4512 = VERTEX_POINT('',#4513);
#4513 = CARTESIAN_POINT('',(8.059295104685,53.349620104685,20.1));
#4514 = SURFACE_CURVE('',#4515,(#4518,#4524),.PCURVE_S1.);
#4515 = B_SPLINE_CURVE_WITH_KNOTS('',1,(#4516,#4517),.UNSPECIFIED.,.F.,
  .F.,(2,2),(0.,1.),.PIECEWISE_BEZIER_KNOTS.);
#4516 = CARTESIAN_POINT('',(-8.059295104685,53.349620104685,20.1));
#4517 = CARTESIAN_POINT('',(8.059295104685,53.349620104685,20.1));
#4518 = PCURVE('',#3136,#4519);
#4519 = DEFINITIONAL_REPRESENTATION('',(#4520),#4523);
#4520 = B_SPLINE_CURVE_WITH_KNOTS('',1,(#4521,#4522),.UNSPECIFIED.,.F.,
  .F.,(2,2),(0.,1.),.PIECEWISE_BEZIER_KNOTS.);
#4521 = CARTESIAN_POINT('',(11.035704895315,102.59462010468));
#4522 = CARTESIAN_POINT('',(27.154295104685,102.59462010468));
#4523 = ( GEOMETRIC_REPRESENTATION_CONTEXT(2) 
PARAMETRIC_REPRESENTATION_CONTEXT() REPRESENTATION_CONTEXT('2D SPACE',''
  ) );
#4524 = PCURVE('',#4525,#4530);
#4525 = B_SPLINE_SURFACE_WITH_KNOTS('',1,1,(
    (#4526,#4527)
    ,(#4528,#4529
    )),.UNSPECIFIED.,.F.,.F.,.F.,(2,2),(2,2),(-8.020944482698,
    8.020944482698),(0.,1.),.PIECEWISE_BEZIER_KNOTS.);
#4526 = CARTESIAN_POINT('',(8.04,53.330325,17.889));
#4527 = CARTESIAN_POINT('',(8.061049205111,53.351374205111,20.301));
#4528 = CARTESIAN_POINT('',(-8.04,53.330325,17.889));
#4529 = CARTESIAN_POINT('',(-8.061049205111,53.351374205111,20.301));
#4530 = DEFINITIONAL_REPRESENTATION('',(#4531),#4534);
#4531 = B_SPLINE_CURVE_WITH_KNOTS('',1,(#4532,#4533),.UNSPECIFIED.,.F.,
  .F.,(2,2),(0.,1.),.PIECEWISE_BEZIER_KNOTS.);
#4532 = CARTESIAN_POINT('',(8.020944482698,0.916666666667));
#4533 = CARTESIAN_POINT('',(-8.020944482698,0.916666666667));
#4534 = ( GEOMETRIC_REPRESENTATION_CONTEXT(2) 
PARAMETRIC_REPRESENTATION_CONTEXT() REPRESENTATION_CONTEXT('2D SPACE',''
  ) );
#4535 = ORIENTED_EDGE('',*,*,#4536,.T.);
#4536 = EDGE_CURVE('',#4512,#4460,#4537,.T.);
#4537 = SURFACE_CURVE('',#4538,(#4541,#4547),.PCURVE_S1.);
#4538 = B_SPLINE_CURVE_WITH_KNOTS('',1,(#4539,#4540),.UNSPECIFIED.,.F.,
  .F.,(2,2),(0.,1.),.PIECEWISE_BEZIER_KNOTS.);
#4539 = CARTESIAN_POINT('',(8.059295104685,53.349620104685,20.1));
#4540 = CARTESIAN_POINT('',(8.059295104685,52.306029895315,20.1));
#4541 = PCURVE('',#3136,#4542);
#4542 = DEFINITIONAL_REPRESENTATION('',(#4543),#4546);
#4543 = B_SPLINE_CURVE_WITH_KNOTS('',1,(#4544,#4545),.UNSPECIFIED.,.F.,
  .F.,(2,2),(0.,1.),.PIECEWISE_BEZIER_KNOTS.);
#4544 = CARTESIAN_POINT('',(27.154295104685,102.59462010468));
#4545 = CARTESIAN_POINT('',(27.154295104685,101.55102989531));
#4546 = ( GEOMETRIC_REPRESENTATION_CONTEXT(2) 
PARAMETRIC_REPRESENTATION_CONTEXT() REPRESENTATION_CONTEXT('2D SPACE',''
  ) );
#4547 = PCURVE('',#4548,#4553);
#4548 = B_SPLINE_SURFACE_WITH_KNOTS('',1,1,(
    (#4549,#4550)
    ,(#4551,#4552
    )),.UNSPECIFIED.,.F.,.F.,.F.,(2,2),(2,2),(-0.520944482698,
    0.520944482698),(0.,1.),.PIECEWISE_BEZIER_KNOTS.);
#4549 = CARTESIAN_POINT('',(8.04,52.325325,17.889));
#4550 = CARTESIAN_POINT('',(8.061049205111,52.304275794889,20.301));
#4551 = CARTESIAN_POINT('',(8.04,53.330325,17.889));
#4552 = CARTESIAN_POINT('',(8.061049205111,53.351374205111,20.301));
#4553 = DEFINITIONAL_REPRESENTATION('',(#4554),#4557);
#4554 = B_SPLINE_CURVE_WITH_KNOTS('',1,(#4555,#4556),.UNSPECIFIED.,.F.,
  .F.,(2,2),(0.,1.),.PIECEWISE_BEZIER_KNOTS.);
#4555 = CARTESIAN_POINT('',(0.520944482698,0.916666666667));
#4556 = CARTESIAN_POINT('',(-0.520944482698,0.916666666667));
#4557 = ( GEOMETRIC_REPRESENTATION_CONTEXT(2) 
PARAMETRIC_REPRESENTATION_CONTEXT() REPRESENTATION_CONTEXT('2D SPACE',''
  ) );
#4558 = FACE_BOUND('',#4559,.T.);
#4559 = EDGE_LOOP('',(#4560));
#4560 = ORIENTED_EDGE('',*,*,#4561,.F.);
#4561 = EDGE_CURVE('',#4562,#4562,#4564,.T.);
#4562 = VERTEX_POINT('',#4563);
#4563 = CARTESIAN_POINT('',(24.343070565121,54.46095,20.1));
#4564 = SURFACE_CURVE('',#4565,(#4570,#4577),.PCURVE_S1.);
#4565 = CIRCLE('',#4566,2.574770565121);
#4566 = AXIS2_PLACEMENT_3D('',#4567,#4568,#4569);
#4567 = CARTESIAN_POINT('',(21.7683,54.46095,20.1));
#4568 = DIRECTION('',(0.,0.,1.));
#4569 = DIRECTION('',(1.,0.,-0.));
#4570 = PCURVE('',#3136,#4571);
#4571 = DEFINITIONAL_REPRESENTATION('',(#4572),#4576);
#4572 = CIRCLE('',#4573,2.574770565121);
#4573 = AXIS2_PLACEMENT_2D('',#4574,#4575);
#4574 = CARTESIAN_POINT('',(40.8633,103.70595));
#4575 = DIRECTION('',(1.,0.));
#4576 = ( GEOMETRIC_REPRESENTATION_CONTEXT(2) 
PARAMETRIC_REPRESENTATION_CONTEXT() REPRESENTATION_CONTEXT('2D SPACE',''
  ) );
#4577 = PCURVE('',#4578,#4583);
#4578 = CONICAL_SURFACE('',#4579,2.5125,8.726646259972E-03);
#4579 = AXIS2_PLACEMENT_3D('',#4580,#4581,#4582);
#4580 = CARTESIAN_POINT('',(21.7683,54.46095,12.9645));
#4581 = DIRECTION('',(0.,0.,1.));
#4582 = DIRECTION('',(1.,0.,0.));
#4583 = DEFINITIONAL_REPRESENTATION('',(#4584),#4587);
#4584 = B_SPLINE_CURVE_WITH_KNOTS('',1,(#4585,#4586),.UNSPECIFIED.,.F.,
  .F.,(2,2),(0.,6.28318530718),.PIECEWISE_BEZIER_KNOTS.);
#4585 = CARTESIAN_POINT('',(0.,7.1355));
#4586 = CARTESIAN_POINT('',(6.28318530718,7.1355));
#4587 = ( GEOMETRIC_REPRESENTATION_CONTEXT(2) 
PARAMETRIC_REPRESENTATION_CONTEXT() REPRESENTATION_CONTEXT('2D SPACE',''
  ) );
#4588 = ADVANCED_FACE('',(#4589),#3252,.T.);
#4589 = FACE_BOUND('',#4590,.T.);
#4590 = EDGE_LOOP('',(#4591,#4611,#4612,#4613));
#4591 = ORIENTED_EDGE('',*,*,#4592,.T.);
#4592 = EDGE_CURVE('',#3219,#3553,#4593,.T.);
#4593 = SURFACE_CURVE('',#4594,(#4599,#4605),.PCURVE_S1.);
#4594 = CIRCLE('',#4595,1.005);
#4595 = AXIS2_PLACEMENT_3D('',#4596,#4597,#4598);
#4596 = CARTESIAN_POINT('',(28.055643677102,49.245,19.095));
#4597 = DIRECTION('',(6.123233995737E-17,-1.,0.));
#4598 = DIRECTION('',(1.,6.123233995737E-17,0.));
#4599 = PCURVE('',#3252,#4600);
#4600 = DEFINITIONAL_REPRESENTATION('',(#4601),#4604);
#4601 = B_SPLINE_CURVE_WITH_KNOTS('',1,(#4602,#4603),.UNSPECIFIED.,.F.,
  .F.,(2,2),(1.745329251994E-02,1.570796326795),
  .PIECEWISE_BEZIER_KNOTS.);
#4602 = CARTESIAN_POINT('',(0.,0.));
#4603 = CARTESIAN_POINT('',(1.553343034275,0.));
#4604 = ( GEOMETRIC_REPRESENTATION_CONTEXT(2) 
PARAMETRIC_REPRESENTATION_CONTEXT() REPRESENTATION_CONTEXT('2D SPACE',''
  ) );
#4605 = PCURVE('',#3283,#4606);
#4606 = DEFINITIONAL_REPRESENTATION('',(#4607),#4610);
#4607 = B_SPLINE_CURVE_WITH_KNOTS('',1,(#4608,#4609),.UNSPECIFIED.,.F.,
  .F.,(2,2),(1.745329251994E-02,1.570796326795),
  .PIECEWISE_BEZIER_KNOTS.);
#4608 = CARTESIAN_POINT('',(-1.570796326795,1.745329251994E-02));
#4609 = CARTESIAN_POINT('',(-1.570796326795,1.570796326795));
#4610 = ( GEOMETRIC_REPRESENTATION_CONTEXT(2) 
PARAMETRIC_REPRESENTATION_CONTEXT() REPRESENTATION_CONTEXT('2D SPACE',''
  ) );
#4611 = ORIENTED_EDGE('',*,*,#3552,.T.);
#4612 = ORIENTED_EDGE('',*,*,#3496,.F.);
#4613 = ORIENTED_EDGE('',*,*,#3238,.F.);
#4614 = ADVANCED_FACE('',(#4615),#3283,.T.);
#4615 = FACE_BOUND('',#4616,.F.);
#4616 = EDGE_LOOP('',(#4617,#4618,#4619,#4620));
#4617 = ORIENTED_EDGE('',*,*,#3342,.F.);
#4618 = ORIENTED_EDGE('',*,*,#3269,.T.);
#4619 = ORIENTED_EDGE('',*,*,#4592,.T.);
#4620 = ORIENTED_EDGE('',*,*,#3574,.F.);
#4621 = ADVANCED_FACE('',(#4622),#3620,.F.);
#4622 = FACE_BOUND('',#4623,.F.);
#4623 = EDGE_LOOP('',(#4624,#4625,#4646,#4672));
#4624 = ORIENTED_EDGE('',*,*,#3603,.F.);
#4625 = ORIENTED_EDGE('',*,*,#4626,.F.);
#4626 = EDGE_CURVE('',#4627,#3604,#4629,.T.);
#4627 = VERTEX_POINT('',#4628);
#4628 = CARTESIAN_POINT('',(-17.5875,-45.225,14.3715));
#4629 = SEAM_CURVE('',#4630,(#4634,#4640),.PCURVE_S1.);
#4630 = LINE('',#4631,#4632);
#4631 = CARTESIAN_POINT('',(-17.5875,-45.225,14.3715));
#4632 = VECTOR('',#4633,1.);
#4633 = DIRECTION('',(8.726535498374E-03,-2.137384753146E-18,
    0.999961923064));
#4634 = PCURVE('',#3620,#4635);
#4635 = DEFINITIONAL_REPRESENTATION('',(#4636),#4639);
#4636 = B_SPLINE_CURVE_WITH_KNOTS('',1,(#4637,#4638),.UNSPECIFIED.,.F.,
  .F.,(2,2),(0.,5.728718132033),.PIECEWISE_BEZIER_KNOTS.);
#4637 = CARTESIAN_POINT('',(6.28318530718,0.));
#4638 = CARTESIAN_POINT('',(6.28318530718,5.7285));
#4639 = ( GEOMETRIC_REPRESENTATION_CONTEXT(2) 
PARAMETRIC_REPRESENTATION_CONTEXT() REPRESENTATION_CONTEXT('2D SPACE',''
  ) );
#4640 = PCURVE('',#3620,#4641);
#4641 = DEFINITIONAL_REPRESENTATION('',(#4642),#4645);
#4642 = B_SPLINE_CURVE_WITH_KNOTS('',1,(#4643,#4644),.UNSPECIFIED.,.F.,
  .F.,(2,2),(0.,5.728718132033),.PIECEWISE_BEZIER_KNOTS.);
#4643 = CARTESIAN_POINT('',(0.,0.));
#4644 = CARTESIAN_POINT('',(0.,5.7285));
#4645 = ( GEOMETRIC_REPRESENTATION_CONTEXT(2) 
PARAMETRIC_REPRESENTATION_CONTEXT() REPRESENTATION_CONTEXT('2D SPACE',''
  ) );
#4646 = ORIENTED_EDGE('',*,*,#4647,.T.);
#4647 = EDGE_CURVE('',#4627,#4627,#4648,.T.);
#4648 = SURFACE_CURVE('',#4649,(#4654,#4660),.PCURVE_S1.);
#4649 = CIRCLE('',#4650,2.5125);
#4650 = AXIS2_PLACEMENT_3D('',#4651,#4652,#4653);
#4651 = CARTESIAN_POINT('',(-20.1,-45.225,14.3715));
#4652 = DIRECTION('',(0.,0.,1.));
#4653 = DIRECTION('',(1.,0.,0.));
#4654 = PCURVE('',#3620,#4655);
#4655 = DEFINITIONAL_REPRESENTATION('',(#4656),#4659);
#4656 = B_SPLINE_CURVE_WITH_KNOTS('',1,(#4657,#4658),.UNSPECIFIED.,.F.,
  .F.,(2,2),(0.,6.28318530718),.PIECEWISE_BEZIER_KNOTS.);
#4657 = CARTESIAN_POINT('',(0.,0.));
#4658 = CARTESIAN_POINT('',(6.28318530718,0.));
#4659 = ( GEOMETRIC_REPRESENTATION_CONTEXT(2) 
PARAMETRIC_REPRESENTATION_CONTEXT() REPRESENTATION_CONTEXT('2D SPACE',''
  ) );
#4660 = PCURVE('',#4661,#4666);
#4661 = PLANE('',#4662);
#4662 = AXIS2_PLACEMENT_3D('',#4663,#4664,#4665);
#4663 = CARTESIAN_POINT('',(-20.1,-45.225,14.3715));
#4664 = DIRECTION('',(0.,0.,1.));
#4665 = DIRECTION('',(1.,0.,0.));
#4666 = DEFINITIONAL_REPRESENTATION('',(#4667),#4671);
#4667 = CIRCLE('',#4668,2.5125);
#4668 = AXIS2_PLACEMENT_2D('',#4669,#4670);
#4669 = CARTESIAN_POINT('',(0.,0.));
#4670 = DIRECTION('',(1.,0.));
#4671 = ( GEOMETRIC_REPRESENTATION_CONTEXT(2) 
PARAMETRIC_REPRESENTATION_CONTEXT() REPRESENTATION_CONTEXT('2D SPACE',''
  ) );
#4672 = ORIENTED_EDGE('',*,*,#4626,.T.);
#4673 = ADVANCED_FACE('',(#4674),#3649,.F.);
#4674 = FACE_BOUND('',#4675,.F.);
#4675 = EDGE_LOOP('',(#4676,#4696,#4723,#4741));
#4676 = ORIENTED_EDGE('',*,*,#4677,.F.);
#4677 = EDGE_CURVE('',#4678,#3636,#4680,.T.);
#4678 = VERTEX_POINT('',#4679);
#4679 = CARTESIAN_POINT('',(-5.628,-46.23,16.93425));
#4680 = SURFACE_CURVE('',#4681,(#4684,#4690),.PCURVE_S1.);
#4681 = B_SPLINE_CURVE_WITH_KNOTS('',1,(#4682,#4683),.UNSPECIFIED.,.F.,
  .F.,(2,2),(0.,1.),.PIECEWISE_BEZIER_KNOTS.);
#4682 = CARTESIAN_POINT('',(-5.628,-46.23,16.93425));
#4683 = CARTESIAN_POINT('',(-5.657381182135,-46.25938118213,20.301));
#4684 = PCURVE('',#3649,#4685);
#4685 = DEFINITIONAL_REPRESENTATION('',(#4686),#4689);
#4686 = B_SPLINE_CURVE_WITH_KNOTS('',1,(#4687,#4688),.UNSPECIFIED.,.F.,
  .F.,(2,2),(0.,0.940298507463),.PIECEWISE_BEZIER_KNOTS.);
#4687 = CARTESIAN_POINT('',(-0.629235007099,0.));
#4688 = CARTESIAN_POINT('',(-0.629235007099,0.940298507463));
#4689 = ( GEOMETRIC_REPRESENTATION_CONTEXT(2) 
PARAMETRIC_REPRESENTATION_CONTEXT() REPRESENTATION_CONTEXT('2D SPACE',''
  ) );
#4690 = PCURVE('',#3674,#4691);
#4691 = DEFINITIONAL_REPRESENTATION('',(#4692),#4695);
#4692 = B_SPLINE_CURVE_WITH_KNOTS('',1,(#4693,#4694),.UNSPECIFIED.,.F.,
  .F.,(2,2),(0.,0.940298507463),.PIECEWISE_BEZIER_KNOTS.);
#4693 = CARTESIAN_POINT('',(6.029235007099,0.));
#4694 = CARTESIAN_POINT('',(6.029235007099,0.940298507463));
#4695 = ( GEOMETRIC_REPRESENTATION_CONTEXT(2) 
PARAMETRIC_REPRESENTATION_CONTEXT() REPRESENTATION_CONTEXT('2D SPACE',''
  ) );
#4696 = ORIENTED_EDGE('',*,*,#4697,.T.);
#4697 = EDGE_CURVE('',#4678,#4698,#4700,.T.);
#4698 = VERTEX_POINT('',#4699);
#4699 = CARTESIAN_POINT('',(-4.422,-46.23,16.93425));
#4700 = SURFACE_CURVE('',#4701,(#4705,#4711),.PCURVE_S1.);
#4701 = LINE('',#4702,#4703);
#4702 = CARTESIAN_POINT('',(-5.025,-46.23,16.93425));
#4703 = VECTOR('',#4704,1.);
#4704 = DIRECTION('',(1.,0.,0.));
#4705 = PCURVE('',#3649,#4706);
#4706 = DEFINITIONAL_REPRESENTATION('',(#4707),#4710);
#4707 = B_SPLINE_CURVE_WITH_KNOTS('',1,(#4708,#4709),.UNSPECIFIED.,.F.,
  .F.,(2,2),(-0.603,0.603),.PIECEWISE_BEZIER_KNOTS.);
#4708 = CARTESIAN_POINT('',(-0.629235007099,0.));
#4709 = CARTESIAN_POINT('',(0.629235007099,0.));
#4710 = ( GEOMETRIC_REPRESENTATION_CONTEXT(2) 
PARAMETRIC_REPRESENTATION_CONTEXT() REPRESENTATION_CONTEXT('2D SPACE',''
  ) );
#4711 = PCURVE('',#4712,#4717);
#4712 = PLANE('',#4713);
#4713 = AXIS2_PLACEMENT_3D('',#4714,#4715,#4716);
#4714 = CARTESIAN_POINT('',(-5.628,-46.23,16.93425));
#4715 = DIRECTION('',(0.,0.,1.));
#4716 = DIRECTION('',(9.9503719021E-02,0.99503719021,-0.));
#4717 = DEFINITIONAL_REPRESENTATION('',(#4718),#4722);
#4718 = LINE('',#4719,#4720);
#4719 = CARTESIAN_POINT('',(6.000074256966E-02,-0.600007425697));
#4720 = VECTOR('',#4721,1.);
#4721 = DIRECTION('',(9.9503719021E-02,-0.99503719021));
#4722 = ( GEOMETRIC_REPRESENTATION_CONTEXT(2) 
PARAMETRIC_REPRESENTATION_CONTEXT() REPRESENTATION_CONTEXT('2D SPACE',''
  ) );
#4723 = ORIENTED_EDGE('',*,*,#4724,.T.);
#4724 = EDGE_CURVE('',#4698,#3634,#4725,.T.);
#4725 = SURFACE_CURVE('',#4726,(#4729,#4735),.PCURVE_S1.);
#4726 = B_SPLINE_CURVE_WITH_KNOTS('',1,(#4727,#4728),.UNSPECIFIED.,.F.,
  .F.,(2,2),(0.,1.),.PIECEWISE_BEZIER_KNOTS.);
#4727 = CARTESIAN_POINT('',(-4.422,-46.23,16.93425));
#4728 = CARTESIAN_POINT('',(-4.392618817865,-46.25938118213,20.301));
#4729 = PCURVE('',#3649,#4730);
#4730 = DEFINITIONAL_REPRESENTATION('',(#4731),#4734);
#4731 = B_SPLINE_CURVE_WITH_KNOTS('',1,(#4732,#4733),.UNSPECIFIED.,.F.,
  .F.,(2,2),(0.,0.940298507463),.PIECEWISE_BEZIER_KNOTS.);
#4732 = CARTESIAN_POINT('',(0.629235007099,0.));
#4733 = CARTESIAN_POINT('',(0.629235007099,0.940298507463));
#4734 = ( GEOMETRIC_REPRESENTATION_CONTEXT(2) 
PARAMETRIC_REPRESENTATION_CONTEXT() REPRESENTATION_CONTEXT('2D SPACE',''
  ) );
#4735 = PCURVE('',#3722,#4736);
#4736 = DEFINITIONAL_REPRESENTATION('',(#4737),#4740);
#4737 = B_SPLINE_CURVE_WITH_KNOTS('',1,(#4738,#4739),.UNSPECIFIED.,.F.,
  .F.,(2,2),(0.,0.940298507463),.PIECEWISE_BEZIER_KNOTS.);
#4738 = CARTESIAN_POINT('',(-6.029235007099,0.));
#4739 = CARTESIAN_POINT('',(-6.029235007099,0.940298507463));
#4740 = ( GEOMETRIC_REPRESENTATION_CONTEXT(2) 
PARAMETRIC_REPRESENTATION_CONTEXT() REPRESENTATION_CONTEXT('2D SPACE',''
  ) );
#4741 = ORIENTED_EDGE('',*,*,#3633,.T.);
#4742 = ADVANCED_FACE('',(#4743),#3722,.F.);
#4743 = FACE_BOUND('',#4744,.F.);
#4744 = EDGE_LOOP('',(#4745,#4746,#4768,#4786));
#4745 = ORIENTED_EDGE('',*,*,#4724,.F.);
#4746 = ORIENTED_EDGE('',*,*,#4747,.T.);
#4747 = EDGE_CURVE('',#4698,#4748,#4750,.T.);
#4748 = VERTEX_POINT('',#4749);
#4749 = CARTESIAN_POINT('',(-4.422,-34.17,16.93425));
#4750 = SURFACE_CURVE('',#4751,(#4755,#4761),.PCURVE_S1.);
#4751 = LINE('',#4752,#4753);
#4752 = CARTESIAN_POINT('',(-4.422,-40.2,16.93425));
#4753 = VECTOR('',#4754,1.);
#4754 = DIRECTION('',(0.,1.,0.));
#4755 = PCURVE('',#3722,#4756);
#4756 = DEFINITIONAL_REPRESENTATION('',(#4757),#4760);
#4757 = B_SPLINE_CURVE_WITH_KNOTS('',1,(#4758,#4759),.UNSPECIFIED.,.F.,
  .F.,(2,2),(-6.03,6.03),.PIECEWISE_BEZIER_KNOTS.);
#4758 = CARTESIAN_POINT('',(-6.029235007099,0.));
#4759 = CARTESIAN_POINT('',(6.029235007099,0.));
#4760 = ( GEOMETRIC_REPRESENTATION_CONTEXT(2) 
PARAMETRIC_REPRESENTATION_CONTEXT() REPRESENTATION_CONTEXT('2D SPACE',''
  ) );
#4761 = PCURVE('',#4712,#4762);
#4762 = DEFINITIONAL_REPRESENTATION('',(#4763),#4767);
#4763 = LINE('',#4764,#4765);
#4764 = CARTESIAN_POINT('',(6.120075742106,-0.600007425697));
#4765 = VECTOR('',#4766,1.);
#4766 = DIRECTION('',(0.99503719021,9.9503719021E-02));
#4767 = ( GEOMETRIC_REPRESENTATION_CONTEXT(2) 
PARAMETRIC_REPRESENTATION_CONTEXT() REPRESENTATION_CONTEXT('2D SPACE',''
  ) );
#4768 = ORIENTED_EDGE('',*,*,#4769,.T.);
#4769 = EDGE_CURVE('',#4748,#3686,#4770,.T.);
#4770 = SURFACE_CURVE('',#4771,(#4774,#4780),.PCURVE_S1.);
#4771 = B_SPLINE_CURVE_WITH_KNOTS('',1,(#4772,#4773),.UNSPECIFIED.,.F.,
  .F.,(2,2),(0.,1.),.PIECEWISE_BEZIER_KNOTS.);
#4772 = CARTESIAN_POINT('',(-4.422,-34.17,16.93425));
#4773 = CARTESIAN_POINT('',(-4.392618817865,-34.14061881786,20.301));
#4774 = PCURVE('',#3722,#4775);
#4775 = DEFINITIONAL_REPRESENTATION('',(#4776),#4779);
#4776 = B_SPLINE_CURVE_WITH_KNOTS('',1,(#4777,#4778),.UNSPECIFIED.,.F.,
  .F.,(2,2),(0.,0.940298507463),.PIECEWISE_BEZIER_KNOTS.);
#4777 = CARTESIAN_POINT('',(6.029235007099,0.));
#4778 = CARTESIAN_POINT('',(6.029235007099,0.940298507463));
#4779 = ( GEOMETRIC_REPRESENTATION_CONTEXT(2) 
PARAMETRIC_REPRESENTATION_CONTEXT() REPRESENTATION_CONTEXT('2D SPACE',''
  ) );
#4780 = PCURVE('',#3699,#4781);
#4781 = DEFINITIONAL_REPRESENTATION('',(#4782),#4785);
#4782 = B_SPLINE_CURVE_WITH_KNOTS('',1,(#4783,#4784),.UNSPECIFIED.,.F.,
  .F.,(2,2),(0.,0.940298507463),.PIECEWISE_BEZIER_KNOTS.);
#4783 = CARTESIAN_POINT('',(-0.629235007099,0.));
#4784 = CARTESIAN_POINT('',(-0.629235007099,0.940298507463));
#4785 = ( GEOMETRIC_REPRESENTATION_CONTEXT(2) 
PARAMETRIC_REPRESENTATION_CONTEXT() REPRESENTATION_CONTEXT('2D SPACE',''
  ) );
#4786 = ORIENTED_EDGE('',*,*,#3710,.T.);
#4787 = ADVANCED_FACE('',(#4788),#3674,.F.);
#4788 = FACE_BOUND('',#4789,.F.);
#4789 = EDGE_LOOP('',(#4790,#4812,#4813,#4814));
#4790 = ORIENTED_EDGE('',*,*,#4791,.F.);
#4791 = EDGE_CURVE('',#4678,#4792,#4794,.T.);
#4792 = VERTEX_POINT('',#4793);
#4793 = CARTESIAN_POINT('',(-5.628,-34.17,16.93425));
#4794 = SURFACE_CURVE('',#4795,(#4799,#4805),.PCURVE_S1.);
#4795 = LINE('',#4796,#4797);
#4796 = CARTESIAN_POINT('',(-5.628,-40.2,16.93425));
#4797 = VECTOR('',#4798,1.);
#4798 = DIRECTION('',(0.,1.,0.));
#4799 = PCURVE('',#3674,#4800);
#4800 = DEFINITIONAL_REPRESENTATION('',(#4801),#4804);
#4801 = B_SPLINE_CURVE_WITH_KNOTS('',1,(#4802,#4803),.UNSPECIFIED.,.F.,
  .F.,(2,2),(-6.03,6.03),.PIECEWISE_BEZIER_KNOTS.);
#4802 = CARTESIAN_POINT('',(6.029235007099,0.));
#4803 = CARTESIAN_POINT('',(-6.029235007099,0.));
#4804 = ( GEOMETRIC_REPRESENTATION_CONTEXT(2) 
PARAMETRIC_REPRESENTATION_CONTEXT() REPRESENTATION_CONTEXT('2D SPACE',''
  ) );
#4805 = PCURVE('',#4712,#4806);
#4806 = DEFINITIONAL_REPRESENTATION('',(#4807),#4811);
#4807 = LINE('',#4808,#4809);
#4808 = CARTESIAN_POINT('',(6.000074256966,0.600007425697));
#4809 = VECTOR('',#4810,1.);
#4810 = DIRECTION('',(0.99503719021,9.9503719021E-02));
#4811 = ( GEOMETRIC_REPRESENTATION_CONTEXT(2) 
PARAMETRIC_REPRESENTATION_CONTEXT() REPRESENTATION_CONTEXT('2D SPACE',''
  ) );
#4812 = ORIENTED_EDGE('',*,*,#4677,.T.);
#4813 = ORIENTED_EDGE('',*,*,#3660,.T.);
#4814 = ORIENTED_EDGE('',*,*,#4815,.F.);
#4815 = EDGE_CURVE('',#4792,#3661,#4816,.T.);
#4816 = SURFACE_CURVE('',#4817,(#4820,#4826),.PCURVE_S1.);
#4817 = B_SPLINE_CURVE_WITH_KNOTS('',1,(#4818,#4819),.UNSPECIFIED.,.F.,
  .F.,(2,2),(0.,1.),.PIECEWISE_BEZIER_KNOTS.);
#4818 = CARTESIAN_POINT('',(-5.628,-34.17,16.93425));
#4819 = CARTESIAN_POINT('',(-5.657381182135,-34.14061881786,20.301));
#4820 = PCURVE('',#3674,#4821);
#4821 = DEFINITIONAL_REPRESENTATION('',(#4822),#4825);
#4822 = B_SPLINE_CURVE_WITH_KNOTS('',1,(#4823,#4824),.UNSPECIFIED.,.F.,
  .F.,(2,2),(0.,0.940298507463),.PIECEWISE_BEZIER_KNOTS.);
#4823 = CARTESIAN_POINT('',(-6.029235007099,0.));
#4824 = CARTESIAN_POINT('',(-6.029235007099,0.940298507463));
#4825 = ( GEOMETRIC_REPRESENTATION_CONTEXT(2) 
PARAMETRIC_REPRESENTATION_CONTEXT() REPRESENTATION_CONTEXT('2D SPACE',''
  ) );
#4826 = PCURVE('',#3699,#4827);
#4827 = DEFINITIONAL_REPRESENTATION('',(#4828),#4831);
#4828 = B_SPLINE_CURVE_WITH_KNOTS('',1,(#4829,#4830),.UNSPECIFIED.,.F.,
  .F.,(2,2),(0.,0.940298507463),.PIECEWISE_BEZIER_KNOTS.);
#4829 = CARTESIAN_POINT('',(0.629235007099,0.));
#4830 = CARTESIAN_POINT('',(0.629235007099,0.940298507463));
#4831 = ( GEOMETRIC_REPRESENTATION_CONTEXT(2) 
PARAMETRIC_REPRESENTATION_CONTEXT() REPRESENTATION_CONTEXT('2D SPACE',''
  ) );
#4832 = ADVANCED_FACE('',(#4833),#3699,.F.);
#4833 = FACE_BOUND('',#4834,.F.);
#4834 = EDGE_LOOP('',(#4835,#4855,#4856,#4857));
#4835 = ORIENTED_EDGE('',*,*,#4836,.F.);
#4836 = EDGE_CURVE('',#4792,#4748,#4837,.T.);
#4837 = SURFACE_CURVE('',#4838,(#4842,#4848),.PCURVE_S1.);
#4838 = LINE('',#4839,#4840);
#4839 = CARTESIAN_POINT('',(-5.025,-34.17,16.93425));
#4840 = VECTOR('',#4841,1.);
#4841 = DIRECTION('',(1.,0.,0.));
#4842 = PCURVE('',#3699,#4843);
#4843 = DEFINITIONAL_REPRESENTATION('',(#4844),#4847);
#4844 = B_SPLINE_CURVE_WITH_KNOTS('',1,(#4845,#4846),.UNSPECIFIED.,.F.,
  .F.,(2,2),(-0.603,0.603),.PIECEWISE_BEZIER_KNOTS.);
#4845 = CARTESIAN_POINT('',(0.629235007099,0.));
#4846 = CARTESIAN_POINT('',(-0.629235007099,0.));
#4847 = ( GEOMETRIC_REPRESENTATION_CONTEXT(2) 
PARAMETRIC_REPRESENTATION_CONTEXT() REPRESENTATION_CONTEXT('2D SPACE',''
  ) );
#4848 = PCURVE('',#4712,#4849);
#4849 = DEFINITIONAL_REPRESENTATION('',(#4850),#4854);
#4850 = LINE('',#4851,#4852);
#4851 = CARTESIAN_POINT('',(12.060149256502,0.600007425697));
#4852 = VECTOR('',#4853,1.);
#4853 = DIRECTION('',(9.9503719021E-02,-0.99503719021));
#4854 = ( GEOMETRIC_REPRESENTATION_CONTEXT(2) 
PARAMETRIC_REPRESENTATION_CONTEXT() REPRESENTATION_CONTEXT('2D SPACE',''
  ) );
#4855 = ORIENTED_EDGE('',*,*,#4815,.T.);
#4856 = ORIENTED_EDGE('',*,*,#3685,.T.);
#4857 = ORIENTED_EDGE('',*,*,#4769,.F.);
#4858 = ADVANCED_FACE('',(#4859),#3751,.F.);
#4859 = FACE_BOUND('',#4860,.F.);
#4860 = EDGE_LOOP('',(#4861,#4881,#4908,#4926));
#4861 = ORIENTED_EDGE('',*,*,#4862,.F.);
#4862 = EDGE_CURVE('',#4863,#3738,#4865,.T.);
#4863 = VERTEX_POINT('',#4864);
#4864 = CARTESIAN_POINT('',(4.422,-46.23,16.93425));
#4865 = SURFACE_CURVE('',#4866,(#4869,#4875),.PCURVE_S1.);
#4866 = B_SPLINE_CURVE_WITH_KNOTS('',1,(#4867,#4868),.UNSPECIFIED.,.F.,
  .F.,(2,2),(0.,1.),.PIECEWISE_BEZIER_KNOTS.);
#4867 = CARTESIAN_POINT('',(4.422,-46.23,16.93425));
#4868 = CARTESIAN_POINT('',(4.392618817865,-46.25938118213,20.301));
#4869 = PCURVE('',#3751,#4870);
#4870 = DEFINITIONAL_REPRESENTATION('',(#4871),#4874);
#4871 = B_SPLINE_CURVE_WITH_KNOTS('',1,(#4872,#4873),.UNSPECIFIED.,.F.,
  .F.,(2,2),(0.,0.940298507463),.PIECEWISE_BEZIER_KNOTS.);
#4872 = CARTESIAN_POINT('',(-0.629235007099,0.));
#4873 = CARTESIAN_POINT('',(-0.629235007099,0.940298507463));
#4874 = ( GEOMETRIC_REPRESENTATION_CONTEXT(2) 
PARAMETRIC_REPRESENTATION_CONTEXT() REPRESENTATION_CONTEXT('2D SPACE',''
  ) );
#4875 = PCURVE('',#3776,#4876);
#4876 = DEFINITIONAL_REPRESENTATION('',(#4877),#4880);
#4877 = B_SPLINE_CURVE_WITH_KNOTS('',1,(#4878,#4879),.UNSPECIFIED.,.F.,
  .F.,(2,2),(0.,0.940298507463),.PIECEWISE_BEZIER_KNOTS.);
#4878 = CARTESIAN_POINT('',(6.029235007099,0.));
#4879 = CARTESIAN_POINT('',(6.029235007099,0.940298507463));
#4880 = ( GEOMETRIC_REPRESENTATION_CONTEXT(2) 
PARAMETRIC_REPRESENTATION_CONTEXT() REPRESENTATION_CONTEXT('2D SPACE',''
  ) );
#4881 = ORIENTED_EDGE('',*,*,#4882,.T.);
#4882 = EDGE_CURVE('',#4863,#4883,#4885,.T.);
#4883 = VERTEX_POINT('',#4884);
#4884 = CARTESIAN_POINT('',(5.628,-46.23,16.93425));
#4885 = SURFACE_CURVE('',#4886,(#4890,#4896),.PCURVE_S1.);
#4886 = LINE('',#4887,#4888);
#4887 = CARTESIAN_POINT('',(5.025,-46.23,16.93425));
#4888 = VECTOR('',#4889,1.);
#4889 = DIRECTION('',(1.,0.,0.));
#4890 = PCURVE('',#3751,#4891);
#4891 = DEFINITIONAL_REPRESENTATION('',(#4892),#4895);
#4892 = B_SPLINE_CURVE_WITH_KNOTS('',1,(#4893,#4894),.UNSPECIFIED.,.F.,
  .F.,(2,2),(-0.603,0.603),.PIECEWISE_BEZIER_KNOTS.);
#4893 = CARTESIAN_POINT('',(-0.629235007099,0.));
#4894 = CARTESIAN_POINT('',(0.629235007099,0.));
#4895 = ( GEOMETRIC_REPRESENTATION_CONTEXT(2) 
PARAMETRIC_REPRESENTATION_CONTEXT() REPRESENTATION_CONTEXT('2D SPACE',''
  ) );
#4896 = PCURVE('',#4897,#4902);
#4897 = PLANE('',#4898);
#4898 = AXIS2_PLACEMENT_3D('',#4899,#4900,#4901);
#4899 = CARTESIAN_POINT('',(4.422,-46.23,16.93425));
#4900 = DIRECTION('',(0.,0.,1.));
#4901 = DIRECTION('',(9.9503719021E-02,0.99503719021,-0.));
#4902 = DEFINITIONAL_REPRESENTATION('',(#4903),#4907);
#4903 = LINE('',#4904,#4905);
#4904 = CARTESIAN_POINT('',(6.000074256966E-02,-0.600007425697));
#4905 = VECTOR('',#4906,1.);
#4906 = DIRECTION('',(9.9503719021E-02,-0.99503719021));
#4907 = ( GEOMETRIC_REPRESENTATION_CONTEXT(2) 
PARAMETRIC_REPRESENTATION_CONTEXT() REPRESENTATION_CONTEXT('2D SPACE',''
  ) );
#4908 = ORIENTED_EDGE('',*,*,#4909,.T.);
#4909 = EDGE_CURVE('',#4883,#3736,#4910,.T.);
#4910 = SURFACE_CURVE('',#4911,(#4914,#4920),.PCURVE_S1.);
#4911 = B_SPLINE_CURVE_WITH_KNOTS('',1,(#4912,#4913),.UNSPECIFIED.,.F.,
  .F.,(2,2),(0.,1.),.PIECEWISE_BEZIER_KNOTS.);
#4912 = CARTESIAN_POINT('',(5.628,-46.23,16.93425));
#4913 = CARTESIAN_POINT('',(5.657381182135,-46.25938118213,20.301));
#4914 = PCURVE('',#3751,#4915);
#4915 = DEFINITIONAL_REPRESENTATION('',(#4916),#4919);
#4916 = B_SPLINE_CURVE_WITH_KNOTS('',1,(#4917,#4918),.UNSPECIFIED.,.F.,
  .F.,(2,2),(0.,0.940298507463),.PIECEWISE_BEZIER_KNOTS.);
#4917 = CARTESIAN_POINT('',(0.629235007099,0.));
#4918 = CARTESIAN_POINT('',(0.629235007099,0.940298507463));
#4919 = ( GEOMETRIC_REPRESENTATION_CONTEXT(2) 
PARAMETRIC_REPRESENTATION_CONTEXT() REPRESENTATION_CONTEXT('2D SPACE',''
  ) );
#4920 = PCURVE('',#3824,#4921);
#4921 = DEFINITIONAL_REPRESENTATION('',(#4922),#4925);
#4922 = B_SPLINE_CURVE_WITH_KNOTS('',1,(#4923,#4924),.UNSPECIFIED.,.F.,
  .F.,(2,2),(0.,0.940298507463),.PIECEWISE_BEZIER_KNOTS.);
#4923 = CARTESIAN_POINT('',(-6.029235007099,0.));
#4924 = CARTESIAN_POINT('',(-6.029235007099,0.940298507463));
#4925 = ( GEOMETRIC_REPRESENTATION_CONTEXT(2) 
PARAMETRIC_REPRESENTATION_CONTEXT() REPRESENTATION_CONTEXT('2D SPACE',''
  ) );
#4926 = ORIENTED_EDGE('',*,*,#3735,.T.);
#4927 = ADVANCED_FACE('',(#4928),#3824,.F.);
#4928 = FACE_BOUND('',#4929,.F.);
#4929 = EDGE_LOOP('',(#4930,#4931,#4953,#4971));
#4930 = ORIENTED_EDGE('',*,*,#4909,.F.);
#4931 = ORIENTED_EDGE('',*,*,#4932,.T.);
#4932 = EDGE_CURVE('',#4883,#4933,#4935,.T.);
#4933 = VERTEX_POINT('',#4934);
#4934 = CARTESIAN_POINT('',(5.628,-34.17,16.93425));
#4935 = SURFACE_CURVE('',#4936,(#4940,#4946),.PCURVE_S1.);
#4936 = LINE('',#4937,#4938);
#4937 = CARTESIAN_POINT('',(5.628,-40.2,16.93425));
#4938 = VECTOR('',#4939,1.);
#4939 = DIRECTION('',(0.,1.,0.));
#4940 = PCURVE('',#3824,#4941);
#4941 = DEFINITIONAL_REPRESENTATION('',(#4942),#4945);
#4942 = B_SPLINE_CURVE_WITH_KNOTS('',1,(#4943,#4944),.UNSPECIFIED.,.F.,
  .F.,(2,2),(-6.03,6.03),.PIECEWISE_BEZIER_KNOTS.);
#4943 = CARTESIAN_POINT('',(-6.029235007099,0.));
#4944 = CARTESIAN_POINT('',(6.029235007099,0.));
#4945 = ( GEOMETRIC_REPRESENTATION_CONTEXT(2) 
PARAMETRIC_REPRESENTATION_CONTEXT() REPRESENTATION_CONTEXT('2D SPACE',''
  ) );
#4946 = PCURVE('',#4897,#4947);
#4947 = DEFINITIONAL_REPRESENTATION('',(#4948),#4952);
#4948 = LINE('',#4949,#4950);
#4949 = CARTESIAN_POINT('',(6.120075742106,-0.600007425697));
#4950 = VECTOR('',#4951,1.);
#4951 = DIRECTION('',(0.99503719021,9.9503719021E-02));
#4952 = ( GEOMETRIC_REPRESENTATION_CONTEXT(2) 
PARAMETRIC_REPRESENTATION_CONTEXT() REPRESENTATION_CONTEXT('2D SPACE',''
  ) );
#4953 = ORIENTED_EDGE('',*,*,#4954,.T.);
#4954 = EDGE_CURVE('',#4933,#3788,#4955,.T.);
#4955 = SURFACE_CURVE('',#4956,(#4959,#4965),.PCURVE_S1.);
#4956 = B_SPLINE_CURVE_WITH_KNOTS('',1,(#4957,#4958),.UNSPECIFIED.,.F.,
  .F.,(2,2),(0.,1.),.PIECEWISE_BEZIER_KNOTS.);
#4957 = CARTESIAN_POINT('',(5.628,-34.17,16.93425));
#4958 = CARTESIAN_POINT('',(5.657381182135,-34.14061881786,20.301));
#4959 = PCURVE('',#3824,#4960);
#4960 = DEFINITIONAL_REPRESENTATION('',(#4961),#4964);
#4961 = B_SPLINE_CURVE_WITH_KNOTS('',1,(#4962,#4963),.UNSPECIFIED.,.F.,
  .F.,(2,2),(0.,0.940298507463),.PIECEWISE_BEZIER_KNOTS.);
#4962 = CARTESIAN_POINT('',(6.029235007099,0.));
#4963 = CARTESIAN_POINT('',(6.029235007099,0.940298507463));
#4964 = ( GEOMETRIC_REPRESENTATION_CONTEXT(2) 
PARAMETRIC_REPRESENTATION_CONTEXT() REPRESENTATION_CONTEXT('2D SPACE',''
  ) );
#4965 = PCURVE('',#3801,#4966);
#4966 = DEFINITIONAL_REPRESENTATION('',(#4967),#4970);
#4967 = B_SPLINE_CURVE_WITH_KNOTS('',1,(#4968,#4969),.UNSPECIFIED.,.F.,
  .F.,(2,2),(0.,0.940298507463),.PIECEWISE_BEZIER_KNOTS.);
#4968 = CARTESIAN_POINT('',(-0.629235007099,0.));
#4969 = CARTESIAN_POINT('',(-0.629235007099,0.940298507463));
#4970 = ( GEOMETRIC_REPRESENTATION_CONTEXT(2) 
PARAMETRIC_REPRESENTATION_CONTEXT() REPRESENTATION_CONTEXT('2D SPACE',''
  ) );
#4971 = ORIENTED_EDGE('',*,*,#3812,.T.);
#4972 = ADVANCED_FACE('',(#4973),#3776,.F.);
#4973 = FACE_BOUND('',#4974,.F.);
#4974 = EDGE_LOOP('',(#4975,#4997,#4998,#4999));
#4975 = ORIENTED_EDGE('',*,*,#4976,.F.);
#4976 = EDGE_CURVE('',#4863,#4977,#4979,.T.);
#4977 = VERTEX_POINT('',#4978);
#4978 = CARTESIAN_POINT('',(4.422,-34.17,16.93425));
#4979 = SURFACE_CURVE('',#4980,(#4984,#4990),.PCURVE_S1.);
#4980 = LINE('',#4981,#4982);
#4981 = CARTESIAN_POINT('',(4.422,-40.2,16.93425));
#4982 = VECTOR('',#4983,1.);
#4983 = DIRECTION('',(0.,1.,0.));
#4984 = PCURVE('',#3776,#4985);
#4985 = DEFINITIONAL_REPRESENTATION('',(#4986),#4989);
#4986 = B_SPLINE_CURVE_WITH_KNOTS('',1,(#4987,#4988),.UNSPECIFIED.,.F.,
  .F.,(2,2),(-6.03,6.03),.PIECEWISE_BEZIER_KNOTS.);
#4987 = CARTESIAN_POINT('',(6.029235007099,0.));
#4988 = CARTESIAN_POINT('',(-6.029235007099,0.));
#4989 = ( GEOMETRIC_REPRESENTATION_CONTEXT(2) 
PARAMETRIC_REPRESENTATION_CONTEXT() REPRESENTATION_CONTEXT('2D SPACE',''
  ) );
#4990 = PCURVE('',#4897,#4991);
#4991 = DEFINITIONAL_REPRESENTATION('',(#4992),#4996);
#4992 = LINE('',#4993,#4994);
#4993 = CARTESIAN_POINT('',(6.000074256966,0.600007425697));
#4994 = VECTOR('',#4995,1.);
#4995 = DIRECTION('',(0.99503719021,9.9503719021E-02));
#4996 = ( GEOMETRIC_REPRESENTATION_CONTEXT(2) 
PARAMETRIC_REPRESENTATION_CONTEXT() REPRESENTATION_CONTEXT('2D SPACE',''
  ) );
#4997 = ORIENTED_EDGE('',*,*,#4862,.T.);
#4998 = ORIENTED_EDGE('',*,*,#3762,.T.);
#4999 = ORIENTED_EDGE('',*,*,#5000,.F.);
#5000 = EDGE_CURVE('',#4977,#3763,#5001,.T.);
#5001 = SURFACE_CURVE('',#5002,(#5005,#5011),.PCURVE_S1.);
#5002 = B_SPLINE_CURVE_WITH_KNOTS('',1,(#5003,#5004),.UNSPECIFIED.,.F.,
  .F.,(2,2),(0.,1.),.PIECEWISE_BEZIER_KNOTS.);
#5003 = CARTESIAN_POINT('',(4.422,-34.17,16.93425));
#5004 = CARTESIAN_POINT('',(4.392618817865,-34.14061881786,20.301));
#5005 = PCURVE('',#3776,#5006);
#5006 = DEFINITIONAL_REPRESENTATION('',(#5007),#5010);
#5007 = B_SPLINE_CURVE_WITH_KNOTS('',1,(#5008,#5009),.UNSPECIFIED.,.F.,
  .F.,(2,2),(0.,0.940298507463),.PIECEWISE_BEZIER_KNOTS.);
#5008 = CARTESIAN_POINT('',(-6.029235007099,0.));
#5009 = CARTESIAN_POINT('',(-6.029235007099,0.940298507463));
#5010 = ( GEOMETRIC_REPRESENTATION_CONTEXT(2) 
PARAMETRIC_REPRESENTATION_CONTEXT() REPRESENTATION_CONTEXT('2D SPACE',''
  ) );
#5011 = PCURVE('',#3801,#5012);
#5012 = DEFINITIONAL_REPRESENTATION('',(#5013),#5016);
#5013 = B_SPLINE_CURVE_WITH_KNOTS('',1,(#5014,#5015),.UNSPECIFIED.,.F.,
  .F.,(2,2),(0.,0.940298507463),.PIECEWISE_BEZIER_KNOTS.);
#5014 = CARTESIAN_POINT('',(0.629235007099,0.));
#5015 = CARTESIAN_POINT('',(0.629235007099,0.940298507463));
#5016 = ( GEOMETRIC_REPRESENTATION_CONTEXT(2) 
PARAMETRIC_REPRESENTATION_CONTEXT() REPRESENTATION_CONTEXT('2D SPACE',''
  ) );
#5017 = ADVANCED_FACE('',(#5018),#3801,.F.);
#5018 = FACE_BOUND('',#5019,.F.);
#5019 = EDGE_LOOP('',(#5020,#5040,#5041,#5042));
#5020 = ORIENTED_EDGE('',*,*,#5021,.F.);
#5021 = EDGE_CURVE('',#4977,#4933,#5022,.T.);
#5022 = SURFACE_CURVE('',#5023,(#5027,#5033),.PCURVE_S1.);
#5023 = LINE('',#5024,#5025);
#5024 = CARTESIAN_POINT('',(5.025,-34.17,16.93425));
#5025 = VECTOR('',#5026,1.);
#5026 = DIRECTION('',(1.,0.,0.));
#5027 = PCURVE('',#3801,#5028);
#5028 = DEFINITIONAL_REPRESENTATION('',(#5029),#5032);
#5029 = B_SPLINE_CURVE_WITH_KNOTS('',1,(#5030,#5031),.UNSPECIFIED.,.F.,
  .F.,(2,2),(-0.603,0.603),.PIECEWISE_BEZIER_KNOTS.);
#5030 = CARTESIAN_POINT('',(0.629235007099,0.));
#5031 = CARTESIAN_POINT('',(-0.629235007099,0.));
#5032 = ( GEOMETRIC_REPRESENTATION_CONTEXT(2) 
PARAMETRIC_REPRESENTATION_CONTEXT() REPRESENTATION_CONTEXT('2D SPACE',''
  ) );
#5033 = PCURVE('',#4897,#5034);
#5034 = DEFINITIONAL_REPRESENTATION('',(#5035),#5039);
#5035 = LINE('',#5036,#5037);
#5036 = CARTESIAN_POINT('',(12.060149256502,0.600007425697));
#5037 = VECTOR('',#5038,1.);
#5038 = DIRECTION('',(9.9503719021E-02,-0.99503719021));
#5039 = ( GEOMETRIC_REPRESENTATION_CONTEXT(2) 
PARAMETRIC_REPRESENTATION_CONTEXT() REPRESENTATION_CONTEXT('2D SPACE',''
  ) );
#5040 = ORIENTED_EDGE('',*,*,#5000,.T.);
#5041 = ORIENTED_EDGE('',*,*,#3787,.T.);
#5042 = ORIENTED_EDGE('',*,*,#4954,.F.);
#5043 = ADVANCED_FACE('',(#5044),#3854,.F.);
#5044 = FACE_BOUND('',#5045,.F.);
#5045 = EDGE_LOOP('',(#5046,#5047,#5068,#5094));
#5046 = ORIENTED_EDGE('',*,*,#3837,.F.);
#5047 = ORIENTED_EDGE('',*,*,#5048,.F.);
#5048 = EDGE_CURVE('',#5049,#3838,#5051,.T.);
#5049 = VERTEX_POINT('',#5050);
#5050 = CARTESIAN_POINT('',(22.6125,-45.225,14.3715));
#5051 = SEAM_CURVE('',#5052,(#5056,#5062),.PCURVE_S1.);
#5052 = LINE('',#5053,#5054);
#5053 = CARTESIAN_POINT('',(22.6125,-45.225,14.3715));
#5054 = VECTOR('',#5055,1.);
#5055 = DIRECTION('',(8.726535498374E-03,-2.137384753146E-18,
    0.999961923064));
#5056 = PCURVE('',#3854,#5057);
#5057 = DEFINITIONAL_REPRESENTATION('',(#5058),#5061);
#5058 = B_SPLINE_CURVE_WITH_KNOTS('',1,(#5059,#5060),.UNSPECIFIED.,.F.,
  .F.,(2,2),(0.,5.728718132033),.PIECEWISE_BEZIER_KNOTS.);
#5059 = CARTESIAN_POINT('',(6.28318530718,0.));
#5060 = CARTESIAN_POINT('',(6.28318530718,5.7285));
#5061 = ( GEOMETRIC_REPRESENTATION_CONTEXT(2) 
PARAMETRIC_REPRESENTATION_CONTEXT() REPRESENTATION_CONTEXT('2D SPACE',''
  ) );
#5062 = PCURVE('',#3854,#5063);
#5063 = DEFINITIONAL_REPRESENTATION('',(#5064),#5067);
#5064 = B_SPLINE_CURVE_WITH_KNOTS('',1,(#5065,#5066),.UNSPECIFIED.,.F.,
  .F.,(2,2),(0.,5.728718132033),.PIECEWISE_BEZIER_KNOTS.);
#5065 = CARTESIAN_POINT('',(0.,0.));
#5066 = CARTESIAN_POINT('',(0.,5.7285));
#5067 = ( GEOMETRIC_REPRESENTATION_CONTEXT(2) 
PARAMETRIC_REPRESENTATION_CONTEXT() REPRESENTATION_CONTEXT('2D SPACE',''
  ) );
#5068 = ORIENTED_EDGE('',*,*,#5069,.T.);
#5069 = EDGE_CURVE('',#5049,#5049,#5070,.T.);
#5070 = SURFACE_CURVE('',#5071,(#5076,#5082),.PCURVE_S1.);
#5071 = CIRCLE('',#5072,2.5125);
#5072 = AXIS2_PLACEMENT_3D('',#5073,#5074,#5075);
#5073 = CARTESIAN_POINT('',(20.1,-45.225,14.3715));
#5074 = DIRECTION('',(0.,0.,1.));
#5075 = DIRECTION('',(1.,0.,0.));
#5076 = PCURVE('',#3854,#5077);
#5077 = DEFINITIONAL_REPRESENTATION('',(#5078),#5081);
#5078 = B_SPLINE_CURVE_WITH_KNOTS('',1,(#5079,#5080),.UNSPECIFIED.,.F.,
  .F.,(2,2),(0.,6.28318530718),.PIECEWISE_BEZIER_KNOTS.);
#5079 = CARTESIAN_POINT('',(0.,0.));
#5080 = CARTESIAN_POINT('',(6.28318530718,0.));
#5081 = ( GEOMETRIC_REPRESENTATION_CONTEXT(2) 
PARAMETRIC_REPRESENTATION_CONTEXT() REPRESENTATION_CONTEXT('2D SPACE',''
  ) );
#5082 = PCURVE('',#5083,#5088);
#5083 = PLANE('',#5084);
#5084 = AXIS2_PLACEMENT_3D('',#5085,#5086,#5087);
#5085 = CARTESIAN_POINT('',(20.1,-45.225,14.3715));
#5086 = DIRECTION('',(0.,0.,1.));
#5087 = DIRECTION('',(1.,0.,0.));
#5088 = DEFINITIONAL_REPRESENTATION('',(#5089),#5093);
#5089 = CIRCLE('',#5090,2.5125);
#5090 = AXIS2_PLACEMENT_2D('',#5091,#5092);
#5091 = CARTESIAN_POINT('',(0.,0.));
#5092 = DIRECTION('',(1.,0.));
#5093 = ( GEOMETRIC_REPRESENTATION_CONTEXT(2) 
PARAMETRIC_REPRESENTATION_CONTEXT() REPRESENTATION_CONTEXT('2D SPACE',''
  ) );
#5094 = ORIENTED_EDGE('',*,*,#5048,.T.);
#5095 = ADVANCED_FACE('',(#5096),#3884,.F.);
#5096 = FACE_BOUND('',#5097,.F.);
#5097 = EDGE_LOOP('',(#5098,#5099,#5120,#5146));
#5098 = ORIENTED_EDGE('',*,*,#3867,.F.);
#5099 = ORIENTED_EDGE('',*,*,#5100,.F.);
#5100 = EDGE_CURVE('',#5101,#3868,#5103,.T.);
#5101 = VERTEX_POINT('',#5102);
#5102 = CARTESIAN_POINT('',(7.638,-8.04,18.693));
#5103 = SEAM_CURVE('',#5104,(#5108,#5114),.PCURVE_S1.);
#5104 = LINE('',#5105,#5106);
#5105 = CARTESIAN_POINT('',(7.638,-8.04,18.693));
#5106 = VECTOR('',#5107,1.);
#5107 = DIRECTION('',(6.237828615518E-02,-1.527827369525E-17,
    0.998052578483));
#5108 = PCURVE('',#3884,#5109);
#5109 = DEFINITIONAL_REPRESENTATION('',(#5110),#5113);
#5110 = B_SPLINE_CURVE_WITH_KNOTS('',1,(#5111,#5112),.UNSPECIFIED.,.F.,
  .F.,(2,2),(0.,1.409745368464),.PIECEWISE_BEZIER_KNOTS.);
#5111 = CARTESIAN_POINT('',(6.28318530718,0.));
#5112 = CARTESIAN_POINT('',(6.28318530718,1.407));
#5113 = ( GEOMETRIC_REPRESENTATION_CONTEXT(2) 
PARAMETRIC_REPRESENTATION_CONTEXT() REPRESENTATION_CONTEXT('2D SPACE',''
  ) );
#5114 = PCURVE('',#3884,#5115);
#5115 = DEFINITIONAL_REPRESENTATION('',(#5116),#5119);
#5116 = B_SPLINE_CURVE_WITH_KNOTS('',1,(#5117,#5118),.UNSPECIFIED.,.F.,
  .F.,(2,2),(0.,1.409745368464),.PIECEWISE_BEZIER_KNOTS.);
#5117 = CARTESIAN_POINT('',(0.,0.));
#5118 = CARTESIAN_POINT('',(0.,1.407));
#5119 = ( GEOMETRIC_REPRESENTATION_CONTEXT(2) 
PARAMETRIC_REPRESENTATION_CONTEXT() REPRESENTATION_CONTEXT('2D SPACE',''
  ) );
#5120 = ORIENTED_EDGE('',*,*,#5121,.T.);
#5121 = EDGE_CURVE('',#5101,#5101,#5122,.T.);
#5122 = SURFACE_CURVE('',#5123,(#5128,#5134),.PCURVE_S1.);
#5123 = CIRCLE('',#5124,7.638);
#5124 = AXIS2_PLACEMENT_3D('',#5125,#5126,#5127);
#5125 = CARTESIAN_POINT('',(0.,-8.04,18.693));
#5126 = DIRECTION('',(0.,0.,1.));
#5127 = DIRECTION('',(1.,0.,0.));
#5128 = PCURVE('',#3884,#5129);
#5129 = DEFINITIONAL_REPRESENTATION('',(#5130),#5133);
#5130 = B_SPLINE_CURVE_WITH_KNOTS('',1,(#5131,#5132),.UNSPECIFIED.,.F.,
  .F.,(2,2),(0.,6.28318530718),.PIECEWISE_BEZIER_KNOTS.);
#5131 = CARTESIAN_POINT('',(0.,0.));
#5132 = CARTESIAN_POINT('',(6.28318530718,0.));
#5133 = ( GEOMETRIC_REPRESENTATION_CONTEXT(2) 
PARAMETRIC_REPRESENTATION_CONTEXT() REPRESENTATION_CONTEXT('2D SPACE',''
  ) );
#5134 = PCURVE('',#5135,#5140);
#5135 = PLANE('',#5136);
#5136 = AXIS2_PLACEMENT_3D('',#5137,#5138,#5139);
#5137 = CARTESIAN_POINT('',(0.,-8.04,18.693));
#5138 = DIRECTION('',(0.,0.,1.));
#5139 = DIRECTION('',(1.,0.,0.));
#5140 = DEFINITIONAL_REPRESENTATION('',(#5141),#5145);
#5141 = CIRCLE('',#5142,7.638);
#5142 = AXIS2_PLACEMENT_2D('',#5143,#5144);
#5143 = CARTESIAN_POINT('',(0.,0.));
#5144 = DIRECTION('',(1.,0.));
#5145 = ( GEOMETRIC_REPRESENTATION_CONTEXT(2) 
PARAMETRIC_REPRESENTATION_CONTEXT() REPRESENTATION_CONTEXT('2D SPACE',''
  ) );
#5146 = ORIENTED_EDGE('',*,*,#5100,.T.);
#5147 = ADVANCED_FACE('',(#5148),#3913,.F.);
#5148 = FACE_BOUND('',#5149,.F.);
#5149 = EDGE_LOOP('',(#5150,#5170,#5197,#5215));
#5150 = ORIENTED_EDGE('',*,*,#5151,.F.);
#5151 = EDGE_CURVE('',#5152,#3900,#5154,.T.);
#5152 = VERTEX_POINT('',#5153);
#5153 = CARTESIAN_POINT('',(-18.24075,21.105,17.889));
#5154 = SURFACE_CURVE('',#5155,(#5158,#5164),.PCURVE_S1.);
#5155 = B_SPLINE_CURVE_WITH_KNOTS('',1,(#5156,#5157),.UNSPECIFIED.,.F.,
  .F.,(2,2),(0.,1.),.PIECEWISE_BEZIER_KNOTS.);
#5156 = CARTESIAN_POINT('',(-18.24075,21.105,17.889));
#5157 = CARTESIAN_POINT('',(-18.26179920511,21.083950794889,20.301));
#5158 = PCURVE('',#3913,#5159);
#5159 = DEFINITIONAL_REPRESENTATION('',(#5160),#5163);
#5160 = B_SPLINE_CURVE_WITH_KNOTS('',1,(#5161,#5162),.UNSPECIFIED.,.F.,
  .F.,(2,2),(0.,0.916666666667),.PIECEWISE_BEZIER_KNOTS.);
#5161 = CARTESIAN_POINT('',(-0.520944482698,0.));
#5162 = CARTESIAN_POINT('',(-0.520944482698,0.916666666667));
#5163 = ( GEOMETRIC_REPRESENTATION_CONTEXT(2) 
PARAMETRIC_REPRESENTATION_CONTEXT() REPRESENTATION_CONTEXT('2D SPACE',''
  ) );
#5164 = PCURVE('',#3938,#5165);
#5165 = DEFINITIONAL_REPRESENTATION('',(#5166),#5169);
#5166 = B_SPLINE_CURVE_WITH_KNOTS('',1,(#5167,#5168),.UNSPECIFIED.,.F.,
  .F.,(2,2),(0.,0.916666666667),.PIECEWISE_BEZIER_KNOTS.);
#5167 = CARTESIAN_POINT('',(8.020944482698,0.));
#5168 = CARTESIAN_POINT('',(8.020944482698,0.916666666667));
#5169 = ( GEOMETRIC_REPRESENTATION_CONTEXT(2) 
PARAMETRIC_REPRESENTATION_CONTEXT() REPRESENTATION_CONTEXT('2D SPACE',''
  ) );
#5170 = ORIENTED_EDGE('',*,*,#5171,.T.);
#5171 = EDGE_CURVE('',#5152,#5172,#5174,.T.);
#5172 = VERTEX_POINT('',#5173);
#5173 = CARTESIAN_POINT('',(-17.23575,21.105,17.889));
#5174 = SURFACE_CURVE('',#5175,(#5179,#5185),.PCURVE_S1.);
#5175 = LINE('',#5176,#5177);
#5176 = CARTESIAN_POINT('',(-17.73825,21.105,17.889));
#5177 = VECTOR('',#5178,1.);
#5178 = DIRECTION('',(1.,0.,0.));
#5179 = PCURVE('',#3913,#5180);
#5180 = DEFINITIONAL_REPRESENTATION('',(#5181),#5184);
#5181 = B_SPLINE_CURVE_WITH_KNOTS('',1,(#5182,#5183),.UNSPECIFIED.,.F.,
  .F.,(2,2),(-0.5025,0.5025),.PIECEWISE_BEZIER_KNOTS.);
#5182 = CARTESIAN_POINT('',(-0.520944482698,0.));
#5183 = CARTESIAN_POINT('',(0.520944482698,0.));
#5184 = ( GEOMETRIC_REPRESENTATION_CONTEXT(2) 
PARAMETRIC_REPRESENTATION_CONTEXT() REPRESENTATION_CONTEXT('2D SPACE',''
  ) );
#5185 = PCURVE('',#5186,#5191);
#5186 = PLANE('',#5187);
#5187 = AXIS2_PLACEMENT_3D('',#5188,#5189,#5190);
#5188 = CARTESIAN_POINT('',(-18.24075,21.105,17.889));
#5189 = DIRECTION('',(0.,0.,1.));
#5190 = DIRECTION('',(6.237828615518E-02,0.998052578483,-0.));
#5191 = DEFINITIONAL_REPRESENTATION('',(#5192),#5196);
#5192 = LINE('',#5193,#5194);
#5193 = CARTESIAN_POINT('',(3.134508879298E-02,-0.501521420688));
#5194 = VECTOR('',#5195,1.);
#5195 = DIRECTION('',(6.237828615518E-02,-0.998052578483));
#5196 = ( GEOMETRIC_REPRESENTATION_CONTEXT(2) 
PARAMETRIC_REPRESENTATION_CONTEXT() REPRESENTATION_CONTEXT('2D SPACE',''
  ) );
#5197 = ORIENTED_EDGE('',*,*,#5198,.T.);
#5198 = EDGE_CURVE('',#5172,#3898,#5199,.T.);
#5199 = SURFACE_CURVE('',#5200,(#5203,#5209),.PCURVE_S1.);
#5200 = B_SPLINE_CURVE_WITH_KNOTS('',1,(#5201,#5202),.UNSPECIFIED.,.F.,
  .F.,(2,2),(0.,1.),.PIECEWISE_BEZIER_KNOTS.);
#5201 = CARTESIAN_POINT('',(-17.23575,21.105,17.889));
#5202 = CARTESIAN_POINT('',(-17.21470079488,21.083950794889,20.301));
#5203 = PCURVE('',#3913,#5204);
#5204 = DEFINITIONAL_REPRESENTATION('',(#5205),#5208);
#5205 = B_SPLINE_CURVE_WITH_KNOTS('',1,(#5206,#5207),.UNSPECIFIED.,.F.,
  .F.,(2,2),(0.,0.916666666667),.PIECEWISE_BEZIER_KNOTS.);
#5206 = CARTESIAN_POINT('',(0.520944482698,0.));
#5207 = CARTESIAN_POINT('',(0.520944482698,0.916666666667));
#5208 = ( GEOMETRIC_REPRESENTATION_CONTEXT(2) 
PARAMETRIC_REPRESENTATION_CONTEXT() REPRESENTATION_CONTEXT('2D SPACE',''
  ) );
#5209 = PCURVE('',#3986,#5210);
#5210 = DEFINITIONAL_REPRESENTATION('',(#5211),#5214);
#5211 = B_SPLINE_CURVE_WITH_KNOTS('',1,(#5212,#5213),.UNSPECIFIED.,.F.,
  .F.,(2,2),(0.,0.916666666667),.PIECEWISE_BEZIER_KNOTS.);
#5212 = CARTESIAN_POINT('',(-8.020944482698,0.));
#5213 = CARTESIAN_POINT('',(-8.020944482698,0.916666666667));
#5214 = ( GEOMETRIC_REPRESENTATION_CONTEXT(2) 
PARAMETRIC_REPRESENTATION_CONTEXT() REPRESENTATION_CONTEXT('2D SPACE',''
  ) );
#5215 = ORIENTED_EDGE('',*,*,#3897,.T.);
#5216 = ADVANCED_FACE('',(#5217),#3986,.F.);
#5217 = FACE_BOUND('',#5218,.F.);
#5218 = EDGE_LOOP('',(#5219,#5220,#5242,#5260));
#5219 = ORIENTED_EDGE('',*,*,#5198,.F.);
#5220 = ORIENTED_EDGE('',*,*,#5221,.T.);
#5221 = EDGE_CURVE('',#5172,#5222,#5224,.T.);
#5222 = VERTEX_POINT('',#5223);
#5223 = CARTESIAN_POINT('',(-17.23575,37.185,17.889));
#5224 = SURFACE_CURVE('',#5225,(#5229,#5235),.PCURVE_S1.);
#5225 = LINE('',#5226,#5227);
#5226 = CARTESIAN_POINT('',(-17.23575,29.145,17.889));
#5227 = VECTOR('',#5228,1.);
#5228 = DIRECTION('',(0.,1.,0.));
#5229 = PCURVE('',#3986,#5230);
#5230 = DEFINITIONAL_REPRESENTATION('',(#5231),#5234);
#5231 = B_SPLINE_CURVE_WITH_KNOTS('',1,(#5232,#5233),.UNSPECIFIED.,.F.,
  .F.,(2,2),(-8.04,8.04),.PIECEWISE_BEZIER_KNOTS.);
#5232 = CARTESIAN_POINT('',(-8.020944482698,0.));
#5233 = CARTESIAN_POINT('',(8.020944482698,0.));
#5234 = ( GEOMETRIC_REPRESENTATION_CONTEXT(2) 
PARAMETRIC_REPRESENTATION_CONTEXT() REPRESENTATION_CONTEXT('2D SPACE',''
  ) );
#5235 = PCURVE('',#5186,#5236);
#5236 = DEFINITIONAL_REPRESENTATION('',(#5237),#5241);
#5237 = LINE('',#5238,#5239);
#5238 = CARTESIAN_POINT('',(8.087032908588,-0.501521420688));
#5239 = VECTOR('',#5240,1.);
#5240 = DIRECTION('',(0.998052578483,6.237828615518E-02));
#5241 = ( GEOMETRIC_REPRESENTATION_CONTEXT(2) 
PARAMETRIC_REPRESENTATION_CONTEXT() REPRESENTATION_CONTEXT('2D SPACE',''
  ) );
#5242 = ORIENTED_EDGE('',*,*,#5243,.T.);
#5243 = EDGE_CURVE('',#5222,#3950,#5244,.T.);
#5244 = SURFACE_CURVE('',#5245,(#5248,#5254),.PCURVE_S1.);
#5245 = B_SPLINE_CURVE_WITH_KNOTS('',1,(#5246,#5247),.UNSPECIFIED.,.F.,
  .F.,(2,2),(0.,1.),.PIECEWISE_BEZIER_KNOTS.);
#5246 = CARTESIAN_POINT('',(-17.23575,37.185,17.889));
#5247 = CARTESIAN_POINT('',(-17.21470079488,37.206049205111,20.301));
#5248 = PCURVE('',#3986,#5249);
#5249 = DEFINITIONAL_REPRESENTATION('',(#5250),#5253);
#5250 = B_SPLINE_CURVE_WITH_KNOTS('',1,(#5251,#5252),.UNSPECIFIED.,.F.,
  .F.,(2,2),(0.,0.916666666667),.PIECEWISE_BEZIER_KNOTS.);
#5251 = CARTESIAN_POINT('',(8.020944482698,0.));
#5252 = CARTESIAN_POINT('',(8.020944482698,0.916666666667));
#5253 = ( GEOMETRIC_REPRESENTATION_CONTEXT(2) 
PARAMETRIC_REPRESENTATION_CONTEXT() REPRESENTATION_CONTEXT('2D SPACE',''
  ) );
#5254 = PCURVE('',#3963,#5255);
#5255 = DEFINITIONAL_REPRESENTATION('',(#5256),#5259);
#5256 = B_SPLINE_CURVE_WITH_KNOTS('',1,(#5257,#5258),.UNSPECIFIED.,.F.,
  .F.,(2,2),(0.,0.916666666667),.PIECEWISE_BEZIER_KNOTS.);
#5257 = CARTESIAN_POINT('',(-0.520944482698,0.));
#5258 = CARTESIAN_POINT('',(-0.520944482698,0.916666666667));
#5259 = ( GEOMETRIC_REPRESENTATION_CONTEXT(2) 
PARAMETRIC_REPRESENTATION_CONTEXT() REPRESENTATION_CONTEXT('2D SPACE',''
  ) );
#5260 = ORIENTED_EDGE('',*,*,#3974,.T.);
#5261 = ADVANCED_FACE('',(#5262),#3938,.F.);
#5262 = FACE_BOUND('',#5263,.F.);
#5263 = EDGE_LOOP('',(#5264,#5286,#5287,#5288));
#5264 = ORIENTED_EDGE('',*,*,#5265,.F.);
#5265 = EDGE_CURVE('',#5152,#5266,#5268,.T.);
#5266 = VERTEX_POINT('',#5267);
#5267 = CARTESIAN_POINT('',(-18.24075,37.185,17.889));
#5268 = SURFACE_CURVE('',#5269,(#5273,#5279),.PCURVE_S1.);
#5269 = LINE('',#5270,#5271);
#5270 = CARTESIAN_POINT('',(-18.24075,29.145,17.889));
#5271 = VECTOR('',#5272,1.);
#5272 = DIRECTION('',(0.,1.,0.));
#5273 = PCURVE('',#3938,#5274);
#5274 = DEFINITIONAL_REPRESENTATION('',(#5275),#5278);
#5275 = B_SPLINE_CURVE_WITH_KNOTS('',1,(#5276,#5277),.UNSPECIFIED.,.F.,
  .F.,(2,2),(-8.04,8.04),.PIECEWISE_BEZIER_KNOTS.);
#5276 = CARTESIAN_POINT('',(8.020944482698,0.));
#5277 = CARTESIAN_POINT('',(-8.020944482698,0.));
#5278 = ( GEOMETRIC_REPRESENTATION_CONTEXT(2) 
PARAMETRIC_REPRESENTATION_CONTEXT() REPRESENTATION_CONTEXT('2D SPACE',''
  ) );
#5279 = PCURVE('',#5186,#5280);
#5280 = DEFINITIONAL_REPRESENTATION('',(#5281),#5285);
#5281 = LINE('',#5282,#5283);
#5282 = CARTESIAN_POINT('',(8.024342731002,0.501521420688));
#5283 = VECTOR('',#5284,1.);
#5284 = DIRECTION('',(0.998052578483,6.237828615518E-02));
#5285 = ( GEOMETRIC_REPRESENTATION_CONTEXT(2) 
PARAMETRIC_REPRESENTATION_CONTEXT() REPRESENTATION_CONTEXT('2D SPACE',''
  ) );
#5286 = ORIENTED_EDGE('',*,*,#5151,.T.);
#5287 = ORIENTED_EDGE('',*,*,#3924,.T.);
#5288 = ORIENTED_EDGE('',*,*,#5289,.F.);
#5289 = EDGE_CURVE('',#5266,#3925,#5290,.T.);
#5290 = SURFACE_CURVE('',#5291,(#5294,#5300),.PCURVE_S1.);
#5291 = B_SPLINE_CURVE_WITH_KNOTS('',1,(#5292,#5293),.UNSPECIFIED.,.F.,
  .F.,(2,2),(0.,1.),.PIECEWISE_BEZIER_KNOTS.);
#5292 = CARTESIAN_POINT('',(-18.24075,37.185,17.889));
#5293 = CARTESIAN_POINT('',(-18.26179920511,37.206049205111,20.301));
#5294 = PCURVE('',#3938,#5295);
#5295 = DEFINITIONAL_REPRESENTATION('',(#5296),#5299);
#5296 = B_SPLINE_CURVE_WITH_KNOTS('',1,(#5297,#5298),.UNSPECIFIED.,.F.,
  .F.,(2,2),(0.,0.916666666667),.PIECEWISE_BEZIER_KNOTS.);
#5297 = CARTESIAN_POINT('',(-8.020944482698,0.));
#5298 = CARTESIAN_POINT('',(-8.020944482698,0.916666666667));
#5299 = ( GEOMETRIC_REPRESENTATION_CONTEXT(2) 
PARAMETRIC_REPRESENTATION_CONTEXT() REPRESENTATION_CONTEXT('2D SPACE',''
  ) );
#5300 = PCURVE('',#3963,#5301);
#5301 = DEFINITIONAL_REPRESENTATION('',(#5302),#5305);
#5302 = B_SPLINE_CURVE_WITH_KNOTS('',1,(#5303,#5304),.UNSPECIFIED.,.F.,
  .F.,(2,2),(0.,0.916666666667),.PIECEWISE_BEZIER_KNOTS.);
#5303 = CARTESIAN_POINT('',(0.520944482698,0.));
#5304 = CARTESIAN_POINT('',(0.520944482698,0.916666666667));
#5305 = ( GEOMETRIC_REPRESENTATION_CONTEXT(2) 
PARAMETRIC_REPRESENTATION_CONTEXT() REPRESENTATION_CONTEXT('2D SPACE',''
  ) );
#5306 = ADVANCED_FACE('',(#5307),#3963,.F.);
#5307 = FACE_BOUND('',#5308,.F.);
#5308 = EDGE_LOOP('',(#5309,#5329,#5330,#5331));
#5309 = ORIENTED_EDGE('',*,*,#5310,.F.);
#5310 = EDGE_CURVE('',#5266,#5222,#5311,.T.);
#5311 = SURFACE_CURVE('',#5312,(#5316,#5322),.PCURVE_S1.);
#5312 = LINE('',#5313,#5314);
#5313 = CARTESIAN_POINT('',(-17.73825,37.185,17.889));
#5314 = VECTOR('',#5315,1.);
#5315 = DIRECTION('',(1.,0.,0.));
#5316 = PCURVE('',#3963,#5317);
#5317 = DEFINITIONAL_REPRESENTATION('',(#5318),#5321);
#5318 = B_SPLINE_CURVE_WITH_KNOTS('',1,(#5319,#5320),.UNSPECIFIED.,.F.,
  .F.,(2,2),(-0.5025,0.5025),.PIECEWISE_BEZIER_KNOTS.);
#5319 = CARTESIAN_POINT('',(0.520944482698,0.));
#5320 = CARTESIAN_POINT('',(-0.520944482698,0.));
#5321 = ( GEOMETRIC_REPRESENTATION_CONTEXT(2) 
PARAMETRIC_REPRESENTATION_CONTEXT() REPRESENTATION_CONTEXT('2D SPACE',''
  ) );
#5322 = PCURVE('',#5186,#5323);
#5323 = DEFINITIONAL_REPRESENTATION('',(#5324),#5328);
#5324 = LINE('',#5325,#5326);
#5325 = CARTESIAN_POINT('',(16.080030550798,0.501521420688));
#5326 = VECTOR('',#5327,1.);
#5327 = DIRECTION('',(6.237828615518E-02,-0.998052578483));
#5328 = ( GEOMETRIC_REPRESENTATION_CONTEXT(2) 
PARAMETRIC_REPRESENTATION_CONTEXT() REPRESENTATION_CONTEXT('2D SPACE',''
  ) );
#5329 = ORIENTED_EDGE('',*,*,#5289,.T.);
#5330 = ORIENTED_EDGE('',*,*,#3949,.T.);
#5331 = ORIENTED_EDGE('',*,*,#5243,.F.);
#5332 = ADVANCED_FACE('',(#5333),#4016,.F.);
#5333 = FACE_BOUND('',#5334,.F.);
#5334 = EDGE_LOOP('',(#5335,#5336,#5357,#5383));
#5335 = ORIENTED_EDGE('',*,*,#3999,.F.);
#5336 = ORIENTED_EDGE('',*,*,#5337,.F.);
#5337 = EDGE_CURVE('',#5338,#4000,#5340,.T.);
#5338 = VERTEX_POINT('',#5339);
#5339 = CARTESIAN_POINT('',(-19.2558,54.46095,12.9645));
#5340 = SEAM_CURVE('',#5341,(#5345,#5351),.PCURVE_S1.);
#5341 = LINE('',#5342,#5343);
#5342 = CARTESIAN_POINT('',(-19.2558,54.46095,12.9645));
#5343 = VECTOR('',#5344,1.);
#5344 = DIRECTION('',(8.726535498374E-03,-2.137384753146E-18,
    0.999961923064));
#5345 = PCURVE('',#4016,#5346);
#5346 = DEFINITIONAL_REPRESENTATION('',(#5347),#5350);
#5347 = B_SPLINE_CURVE_WITH_KNOTS('',1,(#5348,#5349),.UNSPECIFIED.,.F.,
  .F.,(2,2),(0.,7.135771708321),.PIECEWISE_BEZIER_KNOTS.);
#5348 = CARTESIAN_POINT('',(6.28318530718,0.));
#5349 = CARTESIAN_POINT('',(6.28318530718,7.1355));
#5350 = ( GEOMETRIC_REPRESENTATION_CONTEXT(2) 
PARAMETRIC_REPRESENTATION_CONTEXT() REPRESENTATION_CONTEXT('2D SPACE',''
  ) );
#5351 = PCURVE('',#4016,#5352);
#5352 = DEFINITIONAL_REPRESENTATION('',(#5353),#5356);
#5353 = B_SPLINE_CURVE_WITH_KNOTS('',1,(#5354,#5355),.UNSPECIFIED.,.F.,
  .F.,(2,2),(0.,7.135771708321),.PIECEWISE_BEZIER_KNOTS.);
#5354 = CARTESIAN_POINT('',(0.,0.));
#5355 = CARTESIAN_POINT('',(0.,7.1355));
#5356 = ( GEOMETRIC_REPRESENTATION_CONTEXT(2) 
PARAMETRIC_REPRESENTATION_CONTEXT() REPRESENTATION_CONTEXT('2D SPACE',''
  ) );
#5357 = ORIENTED_EDGE('',*,*,#5358,.T.);
#5358 = EDGE_CURVE('',#5338,#5338,#5359,.T.);
#5359 = SURFACE_CURVE('',#5360,(#5365,#5371),.PCURVE_S1.);
#5360 = CIRCLE('',#5361,2.5125);
#5361 = AXIS2_PLACEMENT_3D('',#5362,#5363,#5364);
#5362 = CARTESIAN_POINT('',(-21.7683,54.46095,12.9645));
#5363 = DIRECTION('',(0.,0.,1.));
#5364 = DIRECTION('',(1.,0.,0.));
#5365 = PCURVE('',#4016,#5366);
#5366 = DEFINITIONAL_REPRESENTATION('',(#5367),#5370);
#5367 = B_SPLINE_CURVE_WITH_KNOTS('',1,(#5368,#5369),.UNSPECIFIED.,.F.,
  .F.,(2,2),(0.,6.28318530718),.PIECEWISE_BEZIER_KNOTS.);
#5368 = CARTESIAN_POINT('',(0.,0.));
#5369 = CARTESIAN_POINT('',(6.28318530718,0.));
#5370 = ( GEOMETRIC_REPRESENTATION_CONTEXT(2) 
PARAMETRIC_REPRESENTATION_CONTEXT() REPRESENTATION_CONTEXT('2D SPACE',''
  ) );
#5371 = PCURVE('',#5372,#5377);
#5372 = PLANE('',#5373);
#5373 = AXIS2_PLACEMENT_3D('',#5374,#5375,#5376);
#5374 = CARTESIAN_POINT('',(-21.7683,54.46095,12.9645));
#5375 = DIRECTION('',(0.,0.,1.));
#5376 = DIRECTION('',(1.,0.,0.));
#5377 = DEFINITIONAL_REPRESENTATION('',(#5378),#5382);
#5378 = CIRCLE('',#5379,2.5125);
#5379 = AXIS2_PLACEMENT_2D('',#5380,#5381);
#5380 = CARTESIAN_POINT('',(0.,0.));
#5381 = DIRECTION('',(1.,0.));
#5382 = ( GEOMETRIC_REPRESENTATION_CONTEXT(2) 
PARAMETRIC_REPRESENTATION_CONTEXT() REPRESENTATION_CONTEXT('2D SPACE',''
  ) );
#5383 = ORIENTED_EDGE('',*,*,#5337,.T.);
#5384 = ADVANCED_FACE('',(#5385),#4045,.F.);
#5385 = FACE_BOUND('',#5386,.F.);
#5386 = EDGE_LOOP('',(#5387,#5407,#5434,#5452));
#5387 = ORIENTED_EDGE('',*,*,#5388,.F.);
#5388 = EDGE_CURVE('',#5389,#4032,#5391,.T.);
#5389 = VERTEX_POINT('',#5390);
#5390 = CARTESIAN_POINT('',(-8.04,4.959675,17.889));
#5391 = SURFACE_CURVE('',#5392,(#5395,#5401),.PCURVE_S1.);
#5392 = B_SPLINE_CURVE_WITH_KNOTS('',1,(#5393,#5394),.UNSPECIFIED.,.F.,
  .F.,(2,2),(0.,1.),.PIECEWISE_BEZIER_KNOTS.);
#5393 = CARTESIAN_POINT('',(-8.04,4.959675,17.889));
#5394 = CARTESIAN_POINT('',(-8.061049205111,4.938625794889,20.301));
#5395 = PCURVE('',#4045,#5396);
#5396 = DEFINITIONAL_REPRESENTATION('',(#5397),#5400);
#5397 = B_SPLINE_CURVE_WITH_KNOTS('',1,(#5398,#5399),.UNSPECIFIED.,.F.,
  .F.,(2,2),(0.,0.916666666667),.PIECEWISE_BEZIER_KNOTS.);
#5398 = CARTESIAN_POINT('',(-8.020944482698,0.));
#5399 = CARTESIAN_POINT('',(-8.020944482698,0.916666666667));
#5400 = ( GEOMETRIC_REPRESENTATION_CONTEXT(2) 
PARAMETRIC_REPRESENTATION_CONTEXT() REPRESENTATION_CONTEXT('2D SPACE',''
  ) );
#5401 = PCURVE('',#4070,#5402);
#5402 = DEFINITIONAL_REPRESENTATION('',(#5403),#5406);
#5403 = B_SPLINE_CURVE_WITH_KNOTS('',1,(#5404,#5405),.UNSPECIFIED.,.F.,
  .F.,(2,2),(0.,0.916666666667),.PIECEWISE_BEZIER_KNOTS.);
#5404 = CARTESIAN_POINT('',(0.520944482698,0.));
#5405 = CARTESIAN_POINT('',(0.520944482698,0.916666666667));
#5406 = ( GEOMETRIC_REPRESENTATION_CONTEXT(2) 
PARAMETRIC_REPRESENTATION_CONTEXT() REPRESENTATION_CONTEXT('2D SPACE',''
  ) );
#5407 = ORIENTED_EDGE('',*,*,#5408,.T.);
#5408 = EDGE_CURVE('',#5389,#5409,#5411,.T.);
#5409 = VERTEX_POINT('',#5410);
#5410 = CARTESIAN_POINT('',(8.04,4.959675,17.889));
#5411 = SURFACE_CURVE('',#5412,(#5416,#5422),.PCURVE_S1.);
#5412 = LINE('',#5413,#5414);
#5413 = CARTESIAN_POINT('',(0.,4.959675,17.889));
#5414 = VECTOR('',#5415,1.);
#5415 = DIRECTION('',(1.,0.,0.));
#5416 = PCURVE('',#4045,#5417);
#5417 = DEFINITIONAL_REPRESENTATION('',(#5418),#5421);
#5418 = B_SPLINE_CURVE_WITH_KNOTS('',1,(#5419,#5420),.UNSPECIFIED.,.F.,
  .F.,(2,2),(-8.04,8.04),.PIECEWISE_BEZIER_KNOTS.);
#5419 = CARTESIAN_POINT('',(-8.020944482698,0.));
#5420 = CARTESIAN_POINT('',(8.020944482698,0.));
#5421 = ( GEOMETRIC_REPRESENTATION_CONTEXT(2) 
PARAMETRIC_REPRESENTATION_CONTEXT() REPRESENTATION_CONTEXT('2D SPACE',''
  ) );
#5422 = PCURVE('',#5423,#5428);
#5423 = PLANE('',#5424);
#5424 = AXIS2_PLACEMENT_3D('',#5425,#5426,#5427);
#5425 = CARTESIAN_POINT('',(-8.04,4.959675,17.889));
#5426 = DIRECTION('',(0.,0.,1.));
#5427 = DIRECTION('',(0.998052578483,6.237828615518E-02,-0.));
#5428 = DEFINITIONAL_REPRESENTATION('',(#5429),#5433);
#5429 = LINE('',#5430,#5431);
#5430 = CARTESIAN_POINT('',(8.024342731002,-0.501521420688));
#5431 = VECTOR('',#5432,1.);
#5432 = DIRECTION('',(0.998052578483,-6.237828615518E-02));
#5433 = ( GEOMETRIC_REPRESENTATION_CONTEXT(2) 
PARAMETRIC_REPRESENTATION_CONTEXT() REPRESENTATION_CONTEXT('2D SPACE',''
  ) );
#5434 = ORIENTED_EDGE('',*,*,#5435,.T.);
#5435 = EDGE_CURVE('',#5409,#4030,#5436,.T.);
#5436 = SURFACE_CURVE('',#5437,(#5440,#5446),.PCURVE_S1.);
#5437 = B_SPLINE_CURVE_WITH_KNOTS('',1,(#5438,#5439),.UNSPECIFIED.,.F.,
  .F.,(2,2),(0.,1.),.PIECEWISE_BEZIER_KNOTS.);
#5438 = CARTESIAN_POINT('',(8.04,4.959675,17.889));
#5439 = CARTESIAN_POINT('',(8.061049205111,4.938625794889,20.301));
#5440 = PCURVE('',#4045,#5441);
#5441 = DEFINITIONAL_REPRESENTATION('',(#5442),#5445);
#5442 = B_SPLINE_CURVE_WITH_KNOTS('',1,(#5443,#5444),.UNSPECIFIED.,.F.,
  .F.,(2,2),(0.,0.916666666667),.PIECEWISE_BEZIER_KNOTS.);
#5443 = CARTESIAN_POINT('',(8.020944482698,0.));
#5444 = CARTESIAN_POINT('',(8.020944482698,0.916666666667));
#5445 = ( GEOMETRIC_REPRESENTATION_CONTEXT(2) 
PARAMETRIC_REPRESENTATION_CONTEXT() REPRESENTATION_CONTEXT('2D SPACE',''
  ) );
#5446 = PCURVE('',#4118,#5447);
#5447 = DEFINITIONAL_REPRESENTATION('',(#5448),#5451);
#5448 = B_SPLINE_CURVE_WITH_KNOTS('',1,(#5449,#5450),.UNSPECIFIED.,.F.,
  .F.,(2,2),(0.,0.916666666667),.PIECEWISE_BEZIER_KNOTS.);
#5449 = CARTESIAN_POINT('',(-0.520944482698,0.));
#5450 = CARTESIAN_POINT('',(-0.520944482698,0.916666666667));
#5451 = ( GEOMETRIC_REPRESENTATION_CONTEXT(2) 
PARAMETRIC_REPRESENTATION_CONTEXT() REPRESENTATION_CONTEXT('2D SPACE',''
  ) );
#5452 = ORIENTED_EDGE('',*,*,#4029,.T.);
#5453 = ADVANCED_FACE('',(#5454),#4118,.F.);
#5454 = FACE_BOUND('',#5455,.F.);
#5455 = EDGE_LOOP('',(#5456,#5457,#5479,#5497));
#5456 = ORIENTED_EDGE('',*,*,#5435,.F.);
#5457 = ORIENTED_EDGE('',*,*,#5458,.T.);
#5458 = EDGE_CURVE('',#5409,#5459,#5461,.T.);
#5459 = VERTEX_POINT('',#5460);
#5460 = CARTESIAN_POINT('',(8.04,5.964675,17.889));
#5461 = SURFACE_CURVE('',#5462,(#5466,#5472),.PCURVE_S1.);
#5462 = LINE('',#5463,#5464);
#5463 = CARTESIAN_POINT('',(8.04,5.462175,17.889));
#5464 = VECTOR('',#5465,1.);
#5465 = DIRECTION('',(0.,1.,0.));
#5466 = PCURVE('',#4118,#5467);
#5467 = DEFINITIONAL_REPRESENTATION('',(#5468),#5471);
#5468 = B_SPLINE_CURVE_WITH_KNOTS('',1,(#5469,#5470),.UNSPECIFIED.,.F.,
  .F.,(2,2),(-0.5025,0.5025),.PIECEWISE_BEZIER_KNOTS.);
#5469 = CARTESIAN_POINT('',(-0.520944482698,0.));
#5470 = CARTESIAN_POINT('',(0.520944482698,0.));
#5471 = ( GEOMETRIC_REPRESENTATION_CONTEXT(2) 
PARAMETRIC_REPRESENTATION_CONTEXT() REPRESENTATION_CONTEXT('2D SPACE',''
  ) );
#5472 = PCURVE('',#5423,#5473);
#5473 = DEFINITIONAL_REPRESENTATION('',(#5474),#5478);
#5474 = LINE('',#5475,#5476);
#5475 = CARTESIAN_POINT('',(16.080030550798,-0.501521420688));
#5476 = VECTOR('',#5477,1.);
#5477 = DIRECTION('',(6.237828615518E-02,0.998052578483));
#5478 = ( GEOMETRIC_REPRESENTATION_CONTEXT(2) 
PARAMETRIC_REPRESENTATION_CONTEXT() REPRESENTATION_CONTEXT('2D SPACE',''
  ) );
#5479 = ORIENTED_EDGE('',*,*,#5480,.T.);
#5480 = EDGE_CURVE('',#5459,#4082,#5481,.T.);
#5481 = SURFACE_CURVE('',#5482,(#5485,#5491),.PCURVE_S1.);
#5482 = B_SPLINE_CURVE_WITH_KNOTS('',1,(#5483,#5484),.UNSPECIFIED.,.F.,
  .F.,(2,2),(0.,1.),.PIECEWISE_BEZIER_KNOTS.);
#5483 = CARTESIAN_POINT('',(8.04,5.964675,17.889));
#5484 = CARTESIAN_POINT('',(8.061049205111,5.985724205111,20.301));
#5485 = PCURVE('',#4118,#5486);
#5486 = DEFINITIONAL_REPRESENTATION('',(#5487),#5490);
#5487 = B_SPLINE_CURVE_WITH_KNOTS('',1,(#5488,#5489),.UNSPECIFIED.,.F.,
  .F.,(2,2),(0.,0.916666666667),.PIECEWISE_BEZIER_KNOTS.);
#5488 = CARTESIAN_POINT('',(0.520944482698,0.));
#5489 = CARTESIAN_POINT('',(0.520944482698,0.916666666667));
#5490 = ( GEOMETRIC_REPRESENTATION_CONTEXT(2) 
PARAMETRIC_REPRESENTATION_CONTEXT() REPRESENTATION_CONTEXT('2D SPACE',''
  ) );
#5491 = PCURVE('',#4095,#5492);
#5492 = DEFINITIONAL_REPRESENTATION('',(#5493),#5496);
#5493 = B_SPLINE_CURVE_WITH_KNOTS('',1,(#5494,#5495),.UNSPECIFIED.,.F.,
  .F.,(2,2),(0.,0.916666666667),.PIECEWISE_BEZIER_KNOTS.);
#5494 = CARTESIAN_POINT('',(-8.020944482698,0.));
#5495 = CARTESIAN_POINT('',(-8.020944482698,0.916666666667));
#5496 = ( GEOMETRIC_REPRESENTATION_CONTEXT(2) 
PARAMETRIC_REPRESENTATION_CONTEXT() REPRESENTATION_CONTEXT('2D SPACE',''
  ) );
#5497 = ORIENTED_EDGE('',*,*,#4106,.T.);
#5498 = ADVANCED_FACE('',(#5499),#4070,.F.);
#5499 = FACE_BOUND('',#5500,.F.);
#5500 = EDGE_LOOP('',(#5501,#5523,#5524,#5525));
#5501 = ORIENTED_EDGE('',*,*,#5502,.F.);
#5502 = EDGE_CURVE('',#5389,#5503,#5505,.T.);
#5503 = VERTEX_POINT('',#5504);
#5504 = CARTESIAN_POINT('',(-8.04,5.964675,17.889));
#5505 = SURFACE_CURVE('',#5506,(#5510,#5516),.PCURVE_S1.);
#5506 = LINE('',#5507,#5508);
#5507 = CARTESIAN_POINT('',(-8.04,5.462175,17.889));
#5508 = VECTOR('',#5509,1.);
#5509 = DIRECTION('',(0.,1.,0.));
#5510 = PCURVE('',#4070,#5511);
#5511 = DEFINITIONAL_REPRESENTATION('',(#5512),#5515);
#5512 = B_SPLINE_CURVE_WITH_KNOTS('',1,(#5513,#5514),.UNSPECIFIED.,.F.,
  .F.,(2,2),(-0.5025,0.5025),.PIECEWISE_BEZIER_KNOTS.);
#5513 = CARTESIAN_POINT('',(0.520944482698,0.));
#5514 = CARTESIAN_POINT('',(-0.520944482698,0.));
#5515 = ( GEOMETRIC_REPRESENTATION_CONTEXT(2) 
PARAMETRIC_REPRESENTATION_CONTEXT() REPRESENTATION_CONTEXT('2D SPACE',''
  ) );
#5516 = PCURVE('',#5423,#5517);
#5517 = DEFINITIONAL_REPRESENTATION('',(#5518),#5522);
#5518 = LINE('',#5519,#5520);
#5519 = CARTESIAN_POINT('',(3.134508879298E-02,0.501521420688));
#5520 = VECTOR('',#5521,1.);
#5521 = DIRECTION('',(6.237828615518E-02,0.998052578483));
#5522 = ( GEOMETRIC_REPRESENTATION_CONTEXT(2) 
PARAMETRIC_REPRESENTATION_CONTEXT() REPRESENTATION_CONTEXT('2D SPACE',''
  ) );
#5523 = ORIENTED_EDGE('',*,*,#5388,.T.);
#5524 = ORIENTED_EDGE('',*,*,#4056,.T.);
#5525 = ORIENTED_EDGE('',*,*,#5526,.F.);
#5526 = EDGE_CURVE('',#5503,#4057,#5527,.T.);
#5527 = SURFACE_CURVE('',#5528,(#5531,#5537),.PCURVE_S1.);
#5528 = B_SPLINE_CURVE_WITH_KNOTS('',1,(#5529,#5530),.UNSPECIFIED.,.F.,
  .F.,(2,2),(0.,1.),.PIECEWISE_BEZIER_KNOTS.);
#5529 = CARTESIAN_POINT('',(-8.04,5.964675,17.889));
#5530 = CARTESIAN_POINT('',(-8.061049205111,5.985724205111,20.301));
#5531 = PCURVE('',#4070,#5532);
#5532 = DEFINITIONAL_REPRESENTATION('',(#5533),#5536);
#5533 = B_SPLINE_CURVE_WITH_KNOTS('',1,(#5534,#5535),.UNSPECIFIED.,.F.,
  .F.,(2,2),(0.,0.916666666667),.PIECEWISE_BEZIER_KNOTS.);
#5534 = CARTESIAN_POINT('',(-0.520944482698,0.));
#5535 = CARTESIAN_POINT('',(-0.520944482698,0.916666666667));
#5536 = ( GEOMETRIC_REPRESENTATION_CONTEXT(2) 
PARAMETRIC_REPRESENTATION_CONTEXT() REPRESENTATION_CONTEXT('2D SPACE',''
  ) );
#5537 = PCURVE('',#4095,#5538);
#5538 = DEFINITIONAL_REPRESENTATION('',(#5539),#5542);
#5539 = B_SPLINE_CURVE_WITH_KNOTS('',1,(#5540,#5541),.UNSPECIFIED.,.F.,
  .F.,(2,2),(0.,0.916666666667),.PIECEWISE_BEZIER_KNOTS.);
#5540 = CARTESIAN_POINT('',(8.020944482698,0.));
#5541 = CARTESIAN_POINT('',(8.020944482698,0.916666666667));
#5542 = ( GEOMETRIC_REPRESENTATION_CONTEXT(2) 
PARAMETRIC_REPRESENTATION_CONTEXT() REPRESENTATION_CONTEXT('2D SPACE',''
  ) );
#5543 = ADVANCED_FACE('',(#5544),#4095,.F.);
#5544 = FACE_BOUND('',#5545,.F.);
#5545 = EDGE_LOOP('',(#5546,#5566,#5567,#5568));
#5546 = ORIENTED_EDGE('',*,*,#5547,.F.);
#5547 = EDGE_CURVE('',#5503,#5459,#5548,.T.);
#5548 = SURFACE_CURVE('',#5549,(#5553,#5559),.PCURVE_S1.);
#5549 = LINE('',#5550,#5551);
#5550 = CARTESIAN_POINT('',(0.,5.964675,17.889));
#5551 = VECTOR('',#5552,1.);
#5552 = DIRECTION('',(1.,0.,0.));
#5553 = PCURVE('',#4095,#5554);
#5554 = DEFINITIONAL_REPRESENTATION('',(#5555),#5558);
#5555 = B_SPLINE_CURVE_WITH_KNOTS('',1,(#5556,#5557),.UNSPECIFIED.,.F.,
  .F.,(2,2),(-8.04,8.04),.PIECEWISE_BEZIER_KNOTS.);
#5556 = CARTESIAN_POINT('',(8.020944482698,0.));
#5557 = CARTESIAN_POINT('',(-8.020944482698,0.));
#5558 = ( GEOMETRIC_REPRESENTATION_CONTEXT(2) 
PARAMETRIC_REPRESENTATION_CONTEXT() REPRESENTATION_CONTEXT('2D SPACE',''
  ) );
#5559 = PCURVE('',#5423,#5560);
#5560 = DEFINITIONAL_REPRESENTATION('',(#5561),#5565);
#5561 = LINE('',#5562,#5563);
#5562 = CARTESIAN_POINT('',(8.087032908588,0.501521420688));
#5563 = VECTOR('',#5564,1.);
#5564 = DIRECTION('',(0.998052578483,-6.237828615518E-02));
#5565 = ( GEOMETRIC_REPRESENTATION_CONTEXT(2) 
PARAMETRIC_REPRESENTATION_CONTEXT() REPRESENTATION_CONTEXT('2D SPACE',''
  ) );
#5566 = ORIENTED_EDGE('',*,*,#5526,.T.);
#5567 = ORIENTED_EDGE('',*,*,#4081,.T.);
#5568 = ORIENTED_EDGE('',*,*,#5480,.F.);
#5569 = ADVANCED_FACE('',(#5570),#4147,.F.);
#5570 = FACE_BOUND('',#5571,.F.);
#5571 = EDGE_LOOP('',(#5572,#5592,#5619,#5637));
#5572 = ORIENTED_EDGE('',*,*,#5573,.F.);
#5573 = EDGE_CURVE('',#5574,#4134,#5576,.T.);
#5574 = VERTEX_POINT('',#5575);
#5575 = CARTESIAN_POINT('',(17.23575,21.105,17.889));
#5576 = SURFACE_CURVE('',#5577,(#5580,#5586),.PCURVE_S1.);
#5577 = B_SPLINE_CURVE_WITH_KNOTS('',1,(#5578,#5579),.UNSPECIFIED.,.F.,
  .F.,(2,2),(0.,1.),.PIECEWISE_BEZIER_KNOTS.);
#5578 = CARTESIAN_POINT('',(17.23575,21.105,17.889));
#5579 = CARTESIAN_POINT('',(17.214700794889,21.083950794889,20.301));
#5580 = PCURVE('',#4147,#5581);
#5581 = DEFINITIONAL_REPRESENTATION('',(#5582),#5585);
#5582 = B_SPLINE_CURVE_WITH_KNOTS('',1,(#5583,#5584),.UNSPECIFIED.,.F.,
  .F.,(2,2),(0.,0.916666666667),.PIECEWISE_BEZIER_KNOTS.);
#5583 = CARTESIAN_POINT('',(-0.520944482698,0.));
#5584 = CARTESIAN_POINT('',(-0.520944482698,0.916666666667));
#5585 = ( GEOMETRIC_REPRESENTATION_CONTEXT(2) 
PARAMETRIC_REPRESENTATION_CONTEXT() REPRESENTATION_CONTEXT('2D SPACE',''
  ) );
#5586 = PCURVE('',#4172,#5587);
#5587 = DEFINITIONAL_REPRESENTATION('',(#5588),#5591);
#5588 = B_SPLINE_CURVE_WITH_KNOTS('',1,(#5589,#5590),.UNSPECIFIED.,.F.,
  .F.,(2,2),(0.,0.916666666667),.PIECEWISE_BEZIER_KNOTS.);
#5589 = CARTESIAN_POINT('',(8.020944482698,0.));
#5590 = CARTESIAN_POINT('',(8.020944482698,0.916666666667));
#5591 = ( GEOMETRIC_REPRESENTATION_CONTEXT(2) 
PARAMETRIC_REPRESENTATION_CONTEXT() REPRESENTATION_CONTEXT('2D SPACE',''
  ) );
#5592 = ORIENTED_EDGE('',*,*,#5593,.T.);
#5593 = EDGE_CURVE('',#5574,#5594,#5596,.T.);
#5594 = VERTEX_POINT('',#5595);
#5595 = CARTESIAN_POINT('',(18.24075,21.105,17.889));
#5596 = SURFACE_CURVE('',#5597,(#5601,#5607),.PCURVE_S1.);
#5597 = LINE('',#5598,#5599);
#5598 = CARTESIAN_POINT('',(17.73825,21.105,17.889));
#5599 = VECTOR('',#5600,1.);
#5600 = DIRECTION('',(1.,0.,0.));
#5601 = PCURVE('',#4147,#5602);
#5602 = DEFINITIONAL_REPRESENTATION('',(#5603),#5606);
#5603 = B_SPLINE_CURVE_WITH_KNOTS('',1,(#5604,#5605),.UNSPECIFIED.,.F.,
  .F.,(2,2),(-0.5025,0.5025),.PIECEWISE_BEZIER_KNOTS.);
#5604 = CARTESIAN_POINT('',(-0.520944482698,0.));
#5605 = CARTESIAN_POINT('',(0.520944482698,0.));
#5606 = ( GEOMETRIC_REPRESENTATION_CONTEXT(2) 
PARAMETRIC_REPRESENTATION_CONTEXT() REPRESENTATION_CONTEXT('2D SPACE',''
  ) );
#5607 = PCURVE('',#5608,#5613);
#5608 = PLANE('',#5609);
#5609 = AXIS2_PLACEMENT_3D('',#5610,#5611,#5612);
#5610 = CARTESIAN_POINT('',(17.23575,21.105,17.889));
#5611 = DIRECTION('',(0.,0.,1.));
#5612 = DIRECTION('',(6.237828615518E-02,0.998052578483,-0.));
#5613 = DEFINITIONAL_REPRESENTATION('',(#5614),#5618);
#5614 = LINE('',#5615,#5616);
#5615 = CARTESIAN_POINT('',(3.134508879298E-02,-0.501521420688));
#5616 = VECTOR('',#5617,1.);
#5617 = DIRECTION('',(6.237828615518E-02,-0.998052578483));
#5618 = ( GEOMETRIC_REPRESENTATION_CONTEXT(2) 
PARAMETRIC_REPRESENTATION_CONTEXT() REPRESENTATION_CONTEXT('2D SPACE',''
  ) );
#5619 = ORIENTED_EDGE('',*,*,#5620,.T.);
#5620 = EDGE_CURVE('',#5594,#4132,#5621,.T.);
#5621 = SURFACE_CURVE('',#5622,(#5625,#5631),.PCURVE_S1.);
#5622 = B_SPLINE_CURVE_WITH_KNOTS('',1,(#5623,#5624),.UNSPECIFIED.,.F.,
  .F.,(2,2),(0.,1.),.PIECEWISE_BEZIER_KNOTS.);
#5623 = CARTESIAN_POINT('',(18.24075,21.105,17.889));
#5624 = CARTESIAN_POINT('',(18.261799205111,21.083950794889,20.301));
#5625 = PCURVE('',#4147,#5626);
#5626 = DEFINITIONAL_REPRESENTATION('',(#5627),#5630);
#5627 = B_SPLINE_CURVE_WITH_KNOTS('',1,(#5628,#5629),.UNSPECIFIED.,.F.,
  .F.,(2,2),(0.,0.916666666667),.PIECEWISE_BEZIER_KNOTS.);
#5628 = CARTESIAN_POINT('',(0.520944482698,0.));
#5629 = CARTESIAN_POINT('',(0.520944482698,0.916666666667));
#5630 = ( GEOMETRIC_REPRESENTATION_CONTEXT(2) 
PARAMETRIC_REPRESENTATION_CONTEXT() REPRESENTATION_CONTEXT('2D SPACE',''
  ) );
#5631 = PCURVE('',#4220,#5632);
#5632 = DEFINITIONAL_REPRESENTATION('',(#5633),#5636);
#5633 = B_SPLINE_CURVE_WITH_KNOTS('',1,(#5634,#5635),.UNSPECIFIED.,.F.,
  .F.,(2,2),(0.,0.916666666667),.PIECEWISE_BEZIER_KNOTS.);
#5634 = CARTESIAN_POINT('',(-8.020944482698,0.));
#5635 = CARTESIAN_POINT('',(-8.020944482698,0.916666666667));
#5636 = ( GEOMETRIC_REPRESENTATION_CONTEXT(2) 
PARAMETRIC_REPRESENTATION_CONTEXT() REPRESENTATION_CONTEXT('2D SPACE',''
  ) );
#5637 = ORIENTED_EDGE('',*,*,#4131,.T.);
#5638 = ADVANCED_FACE('',(#5639),#4220,.F.);
#5639 = FACE_BOUND('',#5640,.F.);
#5640 = EDGE_LOOP('',(#5641,#5642,#5664,#5682));
#5641 = ORIENTED_EDGE('',*,*,#5620,.F.);
#5642 = ORIENTED_EDGE('',*,*,#5643,.T.);
#5643 = EDGE_CURVE('',#5594,#5644,#5646,.T.);
#5644 = VERTEX_POINT('',#5645);
#5645 = CARTESIAN_POINT('',(18.24075,37.185,17.889));
#5646 = SURFACE_CURVE('',#5647,(#5651,#5657),.PCURVE_S1.);
#5647 = LINE('',#5648,#5649);
#5648 = CARTESIAN_POINT('',(18.24075,29.145,17.889));
#5649 = VECTOR('',#5650,1.);
#5650 = DIRECTION('',(0.,1.,0.));
#5651 = PCURVE('',#4220,#5652);
#5652 = DEFINITIONAL_REPRESENTATION('',(#5653),#5656);
#5653 = B_SPLINE_CURVE_WITH_KNOTS('',1,(#5654,#5655),.UNSPECIFIED.,.F.,
  .F.,(2,2),(-8.04,8.04),.PIECEWISE_BEZIER_KNOTS.);
#5654 = CARTESIAN_POINT('',(-8.020944482698,0.));
#5655 = CARTESIAN_POINT('',(8.020944482698,0.));
#5656 = ( GEOMETRIC_REPRESENTATION_CONTEXT(2) 
PARAMETRIC_REPRESENTATION_CONTEXT() REPRESENTATION_CONTEXT('2D SPACE',''
  ) );
#5657 = PCURVE('',#5608,#5658);
#5658 = DEFINITIONAL_REPRESENTATION('',(#5659),#5663);
#5659 = LINE('',#5660,#5661);
#5660 = CARTESIAN_POINT('',(8.087032908588,-0.501521420688));
#5661 = VECTOR('',#5662,1.);
#5662 = DIRECTION('',(0.998052578483,6.237828615518E-02));
#5663 = ( GEOMETRIC_REPRESENTATION_CONTEXT(2) 
PARAMETRIC_REPRESENTATION_CONTEXT() REPRESENTATION_CONTEXT('2D SPACE',''
  ) );
#5664 = ORIENTED_EDGE('',*,*,#5665,.T.);
#5665 = EDGE_CURVE('',#5644,#4184,#5666,.T.);
#5666 = SURFACE_CURVE('',#5667,(#5670,#5676),.PCURVE_S1.);
#5667 = B_SPLINE_CURVE_WITH_KNOTS('',1,(#5668,#5669),.UNSPECIFIED.,.F.,
  .F.,(2,2),(0.,1.),.PIECEWISE_BEZIER_KNOTS.);
#5668 = CARTESIAN_POINT('',(18.24075,37.185,17.889));
#5669 = CARTESIAN_POINT('',(18.261799205111,37.206049205111,20.301));
#5670 = PCURVE('',#4220,#5671);
#5671 = DEFINITIONAL_REPRESENTATION('',(#5672),#5675);
#5672 = B_SPLINE_CURVE_WITH_KNOTS('',1,(#5673,#5674),.UNSPECIFIED.,.F.,
  .F.,(2,2),(0.,0.916666666667),.PIECEWISE_BEZIER_KNOTS.);
#5673 = CARTESIAN_POINT('',(8.020944482698,0.));
#5674 = CARTESIAN_POINT('',(8.020944482698,0.916666666667));
#5675 = ( GEOMETRIC_REPRESENTATION_CONTEXT(2) 
PARAMETRIC_REPRESENTATION_CONTEXT() REPRESENTATION_CONTEXT('2D SPACE',''
  ) );
#5676 = PCURVE('',#4197,#5677);
#5677 = DEFINITIONAL_REPRESENTATION('',(#5678),#5681);
#5678 = B_SPLINE_CURVE_WITH_KNOTS('',1,(#5679,#5680),.UNSPECIFIED.,.F.,
  .F.,(2,2),(0.,0.916666666667),.PIECEWISE_BEZIER_KNOTS.);
#5679 = CARTESIAN_POINT('',(-0.520944482698,0.));
#5680 = CARTESIAN_POINT('',(-0.520944482698,0.916666666667));
#5681 = ( GEOMETRIC_REPRESENTATION_CONTEXT(2) 
PARAMETRIC_REPRESENTATION_CONTEXT() REPRESENTATION_CONTEXT('2D SPACE',''
  ) );
#5682 = ORIENTED_EDGE('',*,*,#4208,.T.);
#5683 = ADVANCED_FACE('',(#5684),#4172,.F.);
#5684 = FACE_BOUND('',#5685,.F.);
#5685 = EDGE_LOOP('',(#5686,#5708,#5709,#5710));
#5686 = ORIENTED_EDGE('',*,*,#5687,.F.);
#5687 = EDGE_CURVE('',#5574,#5688,#5690,.T.);
#5688 = VERTEX_POINT('',#5689);
#5689 = CARTESIAN_POINT('',(17.23575,37.185,17.889));
#5690 = SURFACE_CURVE('',#5691,(#5695,#5701),.PCURVE_S1.);
#5691 = LINE('',#5692,#5693);
#5692 = CARTESIAN_POINT('',(17.23575,29.145,17.889));
#5693 = VECTOR('',#5694,1.);
#5694 = DIRECTION('',(0.,1.,0.));
#5695 = PCURVE('',#4172,#5696);
#5696 = DEFINITIONAL_REPRESENTATION('',(#5697),#5700);
#5697 = B_SPLINE_CURVE_WITH_KNOTS('',1,(#5698,#5699),.UNSPECIFIED.,.F.,
  .F.,(2,2),(-8.04,8.04),.PIECEWISE_BEZIER_KNOTS.);
#5698 = CARTESIAN_POINT('',(8.020944482698,0.));
#5699 = CARTESIAN_POINT('',(-8.020944482698,0.));
#5700 = ( GEOMETRIC_REPRESENTATION_CONTEXT(2) 
PARAMETRIC_REPRESENTATION_CONTEXT() REPRESENTATION_CONTEXT('2D SPACE',''
  ) );
#5701 = PCURVE('',#5608,#5702);
#5702 = DEFINITIONAL_REPRESENTATION('',(#5703),#5707);
#5703 = LINE('',#5704,#5705);
#5704 = CARTESIAN_POINT('',(8.024342731002,0.501521420688));
#5705 = VECTOR('',#5706,1.);
#5706 = DIRECTION('',(0.998052578483,6.237828615518E-02));
#5707 = ( GEOMETRIC_REPRESENTATION_CONTEXT(2) 
PARAMETRIC_REPRESENTATION_CONTEXT() REPRESENTATION_CONTEXT('2D SPACE',''
  ) );
#5708 = ORIENTED_EDGE('',*,*,#5573,.T.);
#5709 = ORIENTED_EDGE('',*,*,#4158,.T.);
#5710 = ORIENTED_EDGE('',*,*,#5711,.F.);
#5711 = EDGE_CURVE('',#5688,#4159,#5712,.T.);
#5712 = SURFACE_CURVE('',#5713,(#5716,#5722),.PCURVE_S1.);
#5713 = B_SPLINE_CURVE_WITH_KNOTS('',1,(#5714,#5715),.UNSPECIFIED.,.F.,
  .F.,(2,2),(0.,1.),.PIECEWISE_BEZIER_KNOTS.);
#5714 = CARTESIAN_POINT('',(17.23575,37.185,17.889));
#5715 = CARTESIAN_POINT('',(17.214700794889,37.206049205111,20.301));
#5716 = PCURVE('',#4172,#5717);
#5717 = DEFINITIONAL_REPRESENTATION('',(#5718),#5721);
#5718 = B_SPLINE_CURVE_WITH_KNOTS('',1,(#5719,#5720),.UNSPECIFIED.,.F.,
  .F.,(2,2),(0.,0.916666666667),.PIECEWISE_BEZIER_KNOTS.);
#5719 = CARTESIAN_POINT('',(-8.020944482698,0.));
#5720 = CARTESIAN_POINT('',(-8.020944482698,0.916666666667));
#5721 = ( GEOMETRIC_REPRESENTATION_CONTEXT(2) 
PARAMETRIC_REPRESENTATION_CONTEXT() REPRESENTATION_CONTEXT('2D SPACE',''
  ) );
#5722 = PCURVE('',#4197,#5723);
#5723 = DEFINITIONAL_REPRESENTATION('',(#5724),#5727);
#5724 = B_SPLINE_CURVE_WITH_KNOTS('',1,(#5725,#5726),.UNSPECIFIED.,.F.,
  .F.,(2,2),(0.,0.916666666667),.PIECEWISE_BEZIER_KNOTS.);
#5725 = CARTESIAN_POINT('',(0.520944482698,0.));
#5726 = CARTESIAN_POINT('',(0.520944482698,0.916666666667));
#5727 = ( GEOMETRIC_REPRESENTATION_CONTEXT(2) 
PARAMETRIC_REPRESENTATION_CONTEXT() REPRESENTATION_CONTEXT('2D SPACE',''
  ) );
#5728 = ADVANCED_FACE('',(#5729),#4197,.F.);
#5729 = FACE_BOUND('',#5730,.F.);
#5730 = EDGE_LOOP('',(#5731,#5751,#5752,#5753));
#5731 = ORIENTED_EDGE('',*,*,#5732,.F.);
#5732 = EDGE_CURVE('',#5688,#5644,#5733,.T.);
#5733 = SURFACE_CURVE('',#5734,(#5738,#5744),.PCURVE_S1.);
#5734 = LINE('',#5735,#5736);
#5735 = CARTESIAN_POINT('',(17.73825,37.185,17.889));
#5736 = VECTOR('',#5737,1.);
#5737 = DIRECTION('',(1.,0.,0.));
#5738 = PCURVE('',#4197,#5739);
#5739 = DEFINITIONAL_REPRESENTATION('',(#5740),#5743);
#5740 = B_SPLINE_CURVE_WITH_KNOTS('',1,(#5741,#5742),.UNSPECIFIED.,.F.,
  .F.,(2,2),(-0.5025,0.5025),.PIECEWISE_BEZIER_KNOTS.);
#5741 = CARTESIAN_POINT('',(0.520944482698,0.));
#5742 = CARTESIAN_POINT('',(-0.520944482698,0.));
#5743 = ( GEOMETRIC_REPRESENTATION_CONTEXT(2) 
PARAMETRIC_REPRESENTATION_CONTEXT() REPRESENTATION_CONTEXT('2D SPACE',''
  ) );
#5744 = PCURVE('',#5608,#5745);
#5745 = DEFINITIONAL_REPRESENTATION('',(#5746),#5750);
#5746 = LINE('',#5747,#5748);
#5747 = CARTESIAN_POINT('',(16.080030550798,0.501521420688));
#5748 = VECTOR('',#5749,1.);
#5749 = DIRECTION('',(6.237828615518E-02,-0.998052578483));
#5750 = ( GEOMETRIC_REPRESENTATION_CONTEXT(2) 
PARAMETRIC_REPRESENTATION_CONTEXT() REPRESENTATION_CONTEXT('2D SPACE',''
  ) );
#5751 = ORIENTED_EDGE('',*,*,#5711,.T.);
#5752 = ORIENTED_EDGE('',*,*,#4183,.T.);
#5753 = ORIENTED_EDGE('',*,*,#5665,.F.);
#5754 = ADVANCED_FACE('',(#5755),#4251,.F.);
#5755 = FACE_BOUND('',#5756,.F.);
#5756 = EDGE_LOOP('',(#5757,#5787,#5805,#5806));
#5757 = ORIENTED_EDGE('',*,*,#5758,.F.);
#5758 = EDGE_CURVE('',#5759,#5761,#5763,.T.);
#5759 = VERTEX_POINT('',#5760);
#5760 = CARTESIAN_POINT('',(-15.04485,13.5675,19.497));
#5761 = VERTEX_POINT('',#5762);
#5762 = CARTESIAN_POINT('',(-15.04485,48.7425,19.497));
#5763 = SURFACE_CURVE('',#5764,(#5768,#5775),.PCURVE_S1.);
#5764 = LINE('',#5765,#5766);
#5765 = CARTESIAN_POINT('',(-15.04485,31.155,19.497));
#5766 = VECTOR('',#5767,1.);
#5767 = DIRECTION('',(0.,1.,0.));
#5768 = PCURVE('',#4251,#5769);
#5769 = DEFINITIONAL_REPRESENTATION('',(#5770),#5774);
#5770 = LINE('',#5771,#5772);
#5771 = CARTESIAN_POINT('',(0.,-3.015459269052));
#5772 = VECTOR('',#5773,1.);
#5773 = DIRECTION('',(-1.,0.));
#5774 = ( GEOMETRIC_REPRESENTATION_CONTEXT(2) 
PARAMETRIC_REPRESENTATION_CONTEXT() REPRESENTATION_CONTEXT('2D SPACE',''
  ) );
#5775 = PCURVE('',#5776,#5781);
#5776 = PLANE('',#5777);
#5777 = AXIS2_PLACEMENT_3D('',#5778,#5779,#5780);
#5778 = CARTESIAN_POINT('',(-14.07,48.7425,19.497));
#5779 = DIRECTION('',(0.,0.,1.));
#5780 = DIRECTION('',(1.,0.,0.));
#5781 = DEFINITIONAL_REPRESENTATION('',(#5782),#5786);
#5782 = LINE('',#5783,#5784);
#5783 = CARTESIAN_POINT('',(-0.97485,-17.5875));
#5784 = VECTOR('',#5785,1.);
#5785 = DIRECTION('',(0.,1.));
#5786 = ( GEOMETRIC_REPRESENTATION_CONTEXT(2) 
PARAMETRIC_REPRESENTATION_CONTEXT() REPRESENTATION_CONTEXT('2D SPACE',''
  ) );
#5787 = ORIENTED_EDGE('',*,*,#5788,.T.);
#5788 = EDGE_CURVE('',#5759,#4236,#5789,.T.);
#5789 = SURFACE_CURVE('',#5790,(#5793,#5799),.PCURVE_S1.);
#5790 = B_SPLINE_CURVE_WITH_KNOTS('',1,(#5791,#5792),.UNSPECIFIED.,.F.,
  .F.,(2,2),(0.,1.),.PIECEWISE_BEZIER_KNOTS.);
#5791 = CARTESIAN_POINT('',(-15.04485,13.5675,19.497));
#5792 = CARTESIAN_POINT('',(-15.09747702075,13.5675,22.512));
#5793 = PCURVE('',#4251,#5794);
#5794 = DEFINITIONAL_REPRESENTATION('',(#5795),#5798);
#5795 = B_SPLINE_CURVE_WITH_KNOTS('',1,(#5796,#5797),.UNSPECIFIED.,.F.,
  .F.,(2,2),(0.,1.),.PIECEWISE_BEZIER_KNOTS.);
#5796 = CARTESIAN_POINT('',(17.5875,-3.015459269052));
#5797 = CARTESIAN_POINT('',(17.5875,0.));
#5798 = ( GEOMETRIC_REPRESENTATION_CONTEXT(2) 
PARAMETRIC_REPRESENTATION_CONTEXT() REPRESENTATION_CONTEXT('2D SPACE',''
  ) );
#5799 = PCURVE('',#4446,#5800);
#5800 = DEFINITIONAL_REPRESENTATION('',(#5801),#5804);
#5801 = B_SPLINE_CURVE_WITH_KNOTS('',1,(#5802,#5803),.UNSPECIFIED.,.F.,
  .F.,(2,2),(0.,1.),.PIECEWISE_BEZIER_KNOTS.);
#5802 = CARTESIAN_POINT('',(3.14159265359,0.));
#5803 = CARTESIAN_POINT('',(3.14159265359,0.603));
#5804 = ( GEOMETRIC_REPRESENTATION_CONTEXT(2) 
PARAMETRIC_REPRESENTATION_CONTEXT() REPRESENTATION_CONTEXT('2D SPACE',''
  ) );
#5805 = ORIENTED_EDGE('',*,*,#4233,.F.);
#5806 = ORIENTED_EDGE('',*,*,#5807,.F.);
#5807 = EDGE_CURVE('',#5761,#4234,#5808,.T.);
#5808 = SURFACE_CURVE('',#5809,(#5812,#5818),.PCURVE_S1.);
#5809 = B_SPLINE_CURVE_WITH_KNOTS('',1,(#5810,#5811),.UNSPECIFIED.,.F.,
  .F.,(2,2),(0.,1.),.PIECEWISE_BEZIER_KNOTS.);
#5810 = CARTESIAN_POINT('',(-15.04485,48.7425,19.497));
#5811 = CARTESIAN_POINT('',(-15.09747702075,48.7425,22.512));
#5812 = PCURVE('',#4251,#5813);
#5813 = DEFINITIONAL_REPRESENTATION('',(#5814),#5817);
#5814 = B_SPLINE_CURVE_WITH_KNOTS('',1,(#5815,#5816),.UNSPECIFIED.,.F.,
  .F.,(2,2),(0.,1.),.PIECEWISE_BEZIER_KNOTS.);
#5815 = CARTESIAN_POINT('',(-17.5875,-3.015459269052));
#5816 = CARTESIAN_POINT('',(-17.5875,0.));
#5817 = ( GEOMETRIC_REPRESENTATION_CONTEXT(2) 
PARAMETRIC_REPRESENTATION_CONTEXT() REPRESENTATION_CONTEXT('2D SPACE',''
  ) );
#5818 = PCURVE('',#4280,#5819);
#5819 = DEFINITIONAL_REPRESENTATION('',(#5820),#5823);
#5820 = B_SPLINE_CURVE_WITH_KNOTS('',1,(#5821,#5822),.UNSPECIFIED.,.F.,
  .F.,(2,2),(0.,1.),.PIECEWISE_BEZIER_KNOTS.);
#5821 = CARTESIAN_POINT('',(3.14159265359,0.));
#5822 = CARTESIAN_POINT('',(3.14159265359,0.603));
#5823 = ( GEOMETRIC_REPRESENTATION_CONTEXT(2) 
PARAMETRIC_REPRESENTATION_CONTEXT() REPRESENTATION_CONTEXT('2D SPACE',''
  ) );
#5824 = ADVANCED_FACE('',(#5825),#4446,.F.);
#5825 = FACE_BOUND('',#5826,.F.);
#5826 = EDGE_LOOP('',(#5827,#5828,#5851,#5869));
#5827 = ORIENTED_EDGE('',*,*,#5788,.F.);
#5828 = ORIENTED_EDGE('',*,*,#5829,.T.);
#5829 = EDGE_CURVE('',#5759,#5830,#5832,.T.);
#5830 = VERTEX_POINT('',#5831);
#5831 = CARTESIAN_POINT('',(-14.07,12.59265,19.497));
#5832 = SURFACE_CURVE('',#5833,(#5838,#5844),.PCURVE_S1.);
#5833 = CIRCLE('',#5834,0.97485);
#5834 = AXIS2_PLACEMENT_3D('',#5835,#5836,#5837);
#5835 = CARTESIAN_POINT('',(-14.07,13.5675,19.497));
#5836 = DIRECTION('',(0.,0.,1.));
#5837 = DIRECTION('',(1.,0.,0.));
#5838 = PCURVE('',#4446,#5839);
#5839 = DEFINITIONAL_REPRESENTATION('',(#5840),#5843);
#5840 = B_SPLINE_CURVE_WITH_KNOTS('',1,(#5841,#5842),.UNSPECIFIED.,.F.,
  .F.,(2,2),(3.14159265359,4.712388980385),.PIECEWISE_BEZIER_KNOTS.);
#5841 = CARTESIAN_POINT('',(3.14159265359,0.));
#5842 = CARTESIAN_POINT('',(4.712388980385,0.));
#5843 = ( GEOMETRIC_REPRESENTATION_CONTEXT(2) 
PARAMETRIC_REPRESENTATION_CONTEXT() REPRESENTATION_CONTEXT('2D SPACE',''
  ) );
#5844 = PCURVE('',#5776,#5845);
#5845 = DEFINITIONAL_REPRESENTATION('',(#5846),#5850);
#5846 = CIRCLE('',#5847,0.97485);
#5847 = AXIS2_PLACEMENT_2D('',#5848,#5849);
#5848 = CARTESIAN_POINT('',(0.,-35.175));
#5849 = DIRECTION('',(1.,0.));
#5850 = ( GEOMETRIC_REPRESENTATION_CONTEXT(2) 
PARAMETRIC_REPRESENTATION_CONTEXT() REPRESENTATION_CONTEXT('2D SPACE',''
  ) );
#5851 = ORIENTED_EDGE('',*,*,#5852,.T.);
#5852 = EDGE_CURVE('',#5830,#4404,#5853,.T.);
#5853 = SURFACE_CURVE('',#5854,(#5857,#5863),.PCURVE_S1.);
#5854 = B_SPLINE_CURVE_WITH_KNOTS('',1,(#5855,#5856),.UNSPECIFIED.,.F.,
  .F.,(2,2),(0.,1.),.PIECEWISE_BEZIER_KNOTS.);
#5855 = CARTESIAN_POINT('',(-14.07,12.59265,19.497));
#5856 = CARTESIAN_POINT('',(-14.07,12.540022979241,22.512));
#5857 = PCURVE('',#4446,#5858);
#5858 = DEFINITIONAL_REPRESENTATION('',(#5859),#5862);
#5859 = B_SPLINE_CURVE_WITH_KNOTS('',1,(#5860,#5861),.UNSPECIFIED.,.F.,
  .F.,(2,2),(0.,1.),.PIECEWISE_BEZIER_KNOTS.);
#5860 = CARTESIAN_POINT('',(4.712388980385,0.));
#5861 = CARTESIAN_POINT('',(4.712388980385,0.603));
#5862 = ( GEOMETRIC_REPRESENTATION_CONTEXT(2) 
PARAMETRIC_REPRESENTATION_CONTEXT() REPRESENTATION_CONTEXT('2D SPACE',''
  ) );
#5863 = PCURVE('',#4419,#5864);
#5864 = DEFINITIONAL_REPRESENTATION('',(#5865),#5868);
#5865 = B_SPLINE_CURVE_WITH_KNOTS('',1,(#5866,#5867),.UNSPECIFIED.,.F.,
  .F.,(2,2),(0.,1.),.PIECEWISE_BEZIER_KNOTS.);
#5866 = CARTESIAN_POINT('',(-14.07,-3.015459269052));
#5867 = CARTESIAN_POINT('',(-14.07,0.));
#5868 = ( GEOMETRIC_REPRESENTATION_CONTEXT(2) 
PARAMETRIC_REPRESENTATION_CONTEXT() REPRESENTATION_CONTEXT('2D SPACE',''
  ) );
#5869 = ORIENTED_EDGE('',*,*,#4431,.F.);
#5870 = ADVANCED_FACE('',(#5871),#4419,.F.);
#5871 = FACE_BOUND('',#5872,.F.);
#5872 = EDGE_LOOP('',(#5873,#5874,#5897,#5915));
#5873 = ORIENTED_EDGE('',*,*,#5852,.F.);
#5874 = ORIENTED_EDGE('',*,*,#5875,.T.);
#5875 = EDGE_CURVE('',#5830,#5876,#5878,.T.);
#5876 = VERTEX_POINT('',#5877);
#5877 = CARTESIAN_POINT('',(14.07,12.59265,19.497));
#5878 = SURFACE_CURVE('',#5879,(#5883,#5890),.PCURVE_S1.);
#5879 = LINE('',#5880,#5881);
#5880 = CARTESIAN_POINT('',(0.,12.59265,19.497));
#5881 = VECTOR('',#5882,1.);
#5882 = DIRECTION('',(1.,0.,0.));
#5883 = PCURVE('',#4419,#5884);
#5884 = DEFINITIONAL_REPRESENTATION('',(#5885),#5889);
#5885 = LINE('',#5886,#5887);
#5886 = CARTESIAN_POINT('',(0.,-3.015459269052));
#5887 = VECTOR('',#5888,1.);
#5888 = DIRECTION('',(1.,0.));
#5889 = ( GEOMETRIC_REPRESENTATION_CONTEXT(2) 
PARAMETRIC_REPRESENTATION_CONTEXT() REPRESENTATION_CONTEXT('2D SPACE',''
  ) );
#5890 = PCURVE('',#5776,#5891);
#5891 = DEFINITIONAL_REPRESENTATION('',(#5892),#5896);
#5892 = LINE('',#5893,#5894);
#5893 = CARTESIAN_POINT('',(14.07,-36.14985));
#5894 = VECTOR('',#5895,1.);
#5895 = DIRECTION('',(1.,0.));
#5896 = ( GEOMETRIC_REPRESENTATION_CONTEXT(2) 
PARAMETRIC_REPRESENTATION_CONTEXT() REPRESENTATION_CONTEXT('2D SPACE',''
  ) );
#5897 = ORIENTED_EDGE('',*,*,#5898,.T.);
#5898 = EDGE_CURVE('',#5876,#4376,#5899,.T.);
#5899 = SURFACE_CURVE('',#5900,(#5903,#5909),.PCURVE_S1.);
#5900 = B_SPLINE_CURVE_WITH_KNOTS('',1,(#5901,#5902),.UNSPECIFIED.,.F.,
  .F.,(2,2),(0.,1.),.PIECEWISE_BEZIER_KNOTS.);
#5901 = CARTESIAN_POINT('',(14.07,12.59265,19.497));
#5902 = CARTESIAN_POINT('',(14.07,12.540022979241,22.512));
#5903 = PCURVE('',#4419,#5904);
#5904 = DEFINITIONAL_REPRESENTATION('',(#5905),#5908);
#5905 = B_SPLINE_CURVE_WITH_KNOTS('',1,(#5906,#5907),.UNSPECIFIED.,.F.,
  .F.,(2,2),(0.,1.),.PIECEWISE_BEZIER_KNOTS.);
#5906 = CARTESIAN_POINT('',(14.07,-3.015459269052));
#5907 = CARTESIAN_POINT('',(14.07,0.));
#5908 = ( GEOMETRIC_REPRESENTATION_CONTEXT(2) 
PARAMETRIC_REPRESENTATION_CONTEXT() REPRESENTATION_CONTEXT('2D SPACE',''
  ) );
#5909 = PCURVE('',#4392,#5910);
#5910 = DEFINITIONAL_REPRESENTATION('',(#5911),#5914);
#5911 = B_SPLINE_CURVE_WITH_KNOTS('',1,(#5912,#5913),.UNSPECIFIED.,.F.,
  .F.,(2,2),(0.,1.),.PIECEWISE_BEZIER_KNOTS.);
#5912 = CARTESIAN_POINT('',(4.712388980385,0.));
#5913 = CARTESIAN_POINT('',(4.712388980385,0.603));
#5914 = ( GEOMETRIC_REPRESENTATION_CONTEXT(2) 
PARAMETRIC_REPRESENTATION_CONTEXT() REPRESENTATION_CONTEXT('2D SPACE',''
  ) );
#5915 = ORIENTED_EDGE('',*,*,#4403,.F.);
#5916 = ADVANCED_FACE('',(#5917),#4392,.F.);
#5917 = FACE_BOUND('',#5918,.F.);
#5918 = EDGE_LOOP('',(#5919,#5920,#5943,#5961));
#5919 = ORIENTED_EDGE('',*,*,#5898,.F.);
#5920 = ORIENTED_EDGE('',*,*,#5921,.T.);
#5921 = EDGE_CURVE('',#5876,#5922,#5924,.T.);
#5922 = VERTEX_POINT('',#5923);
#5923 = CARTESIAN_POINT('',(15.04485,13.5675,19.497));
#5924 = SURFACE_CURVE('',#5925,(#5930,#5936),.PCURVE_S1.);
#5925 = CIRCLE('',#5926,0.97485);
#5926 = AXIS2_PLACEMENT_3D('',#5927,#5928,#5929);
#5927 = CARTESIAN_POINT('',(14.07,13.5675,19.497));
#5928 = DIRECTION('',(0.,0.,1.));
#5929 = DIRECTION('',(1.,0.,0.));
#5930 = PCURVE('',#4392,#5931);
#5931 = DEFINITIONAL_REPRESENTATION('',(#5932),#5935);
#5932 = B_SPLINE_CURVE_WITH_KNOTS('',1,(#5933,#5934),.UNSPECIFIED.,.F.,
  .F.,(2,2),(4.712388980385,6.28318530718),.PIECEWISE_BEZIER_KNOTS.);
#5933 = CARTESIAN_POINT('',(4.712388980385,0.));
#5934 = CARTESIAN_POINT('',(6.28318530718,0.));
#5935 = ( GEOMETRIC_REPRESENTATION_CONTEXT(2) 
PARAMETRIC_REPRESENTATION_CONTEXT() REPRESENTATION_CONTEXT('2D SPACE',''
  ) );
#5936 = PCURVE('',#5776,#5937);
#5937 = DEFINITIONAL_REPRESENTATION('',(#5938),#5942);
#5938 = CIRCLE('',#5939,0.97485);
#5939 = AXIS2_PLACEMENT_2D('',#5940,#5941);
#5940 = CARTESIAN_POINT('',(28.14,-35.175));
#5941 = DIRECTION('',(1.,0.));
#5942 = ( GEOMETRIC_REPRESENTATION_CONTEXT(2) 
PARAMETRIC_REPRESENTATION_CONTEXT() REPRESENTATION_CONTEXT('2D SPACE',''
  ) );
#5943 = ORIENTED_EDGE('',*,*,#5944,.T.);
#5944 = EDGE_CURVE('',#5922,#4348,#5945,.T.);
#5945 = SURFACE_CURVE('',#5946,(#5949,#5955),.PCURVE_S1.);
#5946 = B_SPLINE_CURVE_WITH_KNOTS('',1,(#5947,#5948),.UNSPECIFIED.,.F.,
  .F.,(2,2),(0.,1.),.PIECEWISE_BEZIER_KNOTS.);
#5947 = CARTESIAN_POINT('',(15.04485,13.5675,19.497));
#5948 = CARTESIAN_POINT('',(15.097477020759,13.5675,22.512));
#5949 = PCURVE('',#4392,#5950);
#5950 = DEFINITIONAL_REPRESENTATION('',(#5951),#5954);
#5951 = B_SPLINE_CURVE_WITH_KNOTS('',1,(#5952,#5953),.UNSPECIFIED.,.F.,
  .F.,(2,2),(0.,1.),.PIECEWISE_BEZIER_KNOTS.);
#5952 = CARTESIAN_POINT('',(6.28318530718,0.));
#5953 = CARTESIAN_POINT('',(6.28318530718,0.603));
#5954 = ( GEOMETRIC_REPRESENTATION_CONTEXT(2) 
PARAMETRIC_REPRESENTATION_CONTEXT() REPRESENTATION_CONTEXT('2D SPACE',''
  ) );
#5955 = PCURVE('',#4363,#5956);
#5956 = DEFINITIONAL_REPRESENTATION('',(#5957),#5960);
#5957 = B_SPLINE_CURVE_WITH_KNOTS('',1,(#5958,#5959),.UNSPECIFIED.,.F.,
  .F.,(2,2),(0.,1.),.PIECEWISE_BEZIER_KNOTS.);
#5958 = CARTESIAN_POINT('',(-17.5875,-3.015459269052));
#5959 = CARTESIAN_POINT('',(-17.5875,0.));
#5960 = ( GEOMETRIC_REPRESENTATION_CONTEXT(2) 
PARAMETRIC_REPRESENTATION_CONTEXT() REPRESENTATION_CONTEXT('2D SPACE',''
  ) );
#5961 = ORIENTED_EDGE('',*,*,#4375,.F.);
#5962 = ADVANCED_FACE('',(#5963),#4363,.F.);
#5963 = FACE_BOUND('',#5964,.F.);
#5964 = EDGE_LOOP('',(#5965,#5966,#5989,#6007));
#5965 = ORIENTED_EDGE('',*,*,#5944,.F.);
#5966 = ORIENTED_EDGE('',*,*,#5967,.T.);
#5967 = EDGE_CURVE('',#5922,#5968,#5970,.T.);
#5968 = VERTEX_POINT('',#5969);
#5969 = CARTESIAN_POINT('',(15.04485,48.7425,19.497));
#5970 = SURFACE_CURVE('',#5971,(#5975,#5982),.PCURVE_S1.);
#5971 = LINE('',#5972,#5973);
#5972 = CARTESIAN_POINT('',(15.04485,31.155,19.497));
#5973 = VECTOR('',#5974,1.);
#5974 = DIRECTION('',(0.,1.,0.));
#5975 = PCURVE('',#4363,#5976);
#5976 = DEFINITIONAL_REPRESENTATION('',(#5977),#5981);
#5977 = LINE('',#5978,#5979);
#5978 = CARTESIAN_POINT('',(0.,-3.015459269052));
#5979 = VECTOR('',#5980,1.);
#5980 = DIRECTION('',(1.,0.));
#5981 = ( GEOMETRIC_REPRESENTATION_CONTEXT(2) 
PARAMETRIC_REPRESENTATION_CONTEXT() REPRESENTATION_CONTEXT('2D SPACE',''
  ) );
#5982 = PCURVE('',#5776,#5983);
#5983 = DEFINITIONAL_REPRESENTATION('',(#5984),#5988);
#5984 = LINE('',#5985,#5986);
#5985 = CARTESIAN_POINT('',(29.11485,-17.5875));
#5986 = VECTOR('',#5987,1.);
#5987 = DIRECTION('',(0.,1.));
#5988 = ( GEOMETRIC_REPRESENTATION_CONTEXT(2) 
PARAMETRIC_REPRESENTATION_CONTEXT() REPRESENTATION_CONTEXT('2D SPACE',''
  ) );
#5989 = ORIENTED_EDGE('',*,*,#5990,.T.);
#5990 = EDGE_CURVE('',#5968,#4320,#5991,.T.);
#5991 = SURFACE_CURVE('',#5992,(#5995,#6001),.PCURVE_S1.);
#5992 = B_SPLINE_CURVE_WITH_KNOTS('',1,(#5993,#5994),.UNSPECIFIED.,.F.,
  .F.,(2,2),(0.,1.),.PIECEWISE_BEZIER_KNOTS.);
#5993 = CARTESIAN_POINT('',(15.04485,48.7425,19.497));
#5994 = CARTESIAN_POINT('',(15.097477020759,48.7425,22.512));
#5995 = PCURVE('',#4363,#5996);
#5996 = DEFINITIONAL_REPRESENTATION('',(#5997),#6000);
#5997 = B_SPLINE_CURVE_WITH_KNOTS('',1,(#5998,#5999),.UNSPECIFIED.,.F.,
  .F.,(2,2),(0.,1.),.PIECEWISE_BEZIER_KNOTS.);
#5998 = CARTESIAN_POINT('',(17.5875,-3.015459269052));
#5999 = CARTESIAN_POINT('',(17.5875,0.));
#6000 = ( GEOMETRIC_REPRESENTATION_CONTEXT(2) 
PARAMETRIC_REPRESENTATION_CONTEXT() REPRESENTATION_CONTEXT('2D SPACE',''
  ) );
#6001 = PCURVE('',#4336,#6002);
#6002 = DEFINITIONAL_REPRESENTATION('',(#6003),#6006);
#6003 = B_SPLINE_CURVE_WITH_KNOTS('',1,(#6004,#6005),.UNSPECIFIED.,.F.,
  .F.,(2,2),(0.,1.),.PIECEWISE_BEZIER_KNOTS.);
#6004 = CARTESIAN_POINT('',(0.,0.));
#6005 = CARTESIAN_POINT('',(0.,0.603));
#6006 = ( GEOMETRIC_REPRESENTATION_CONTEXT(2) 
PARAMETRIC_REPRESENTATION_CONTEXT() REPRESENTATION_CONTEXT('2D SPACE',''
  ) );
#6007 = ORIENTED_EDGE('',*,*,#4347,.F.);
#6008 = ADVANCED_FACE('',(#6009),#4336,.F.);
#6009 = FACE_BOUND('',#6010,.F.);
#6010 = EDGE_LOOP('',(#6011,#6012,#6035,#6053));
#6011 = ORIENTED_EDGE('',*,*,#5990,.F.);
#6012 = ORIENTED_EDGE('',*,*,#6013,.T.);
#6013 = EDGE_CURVE('',#5968,#6014,#6016,.T.);
#6014 = VERTEX_POINT('',#6015);
#6015 = CARTESIAN_POINT('',(14.07,49.71735,19.497));
#6016 = SURFACE_CURVE('',#6017,(#6022,#6028),.PCURVE_S1.);
#6017 = CIRCLE('',#6018,0.97485);
#6018 = AXIS2_PLACEMENT_3D('',#6019,#6020,#6021);
#6019 = CARTESIAN_POINT('',(14.07,48.7425,19.497));
#6020 = DIRECTION('',(0.,0.,1.));
#6021 = DIRECTION('',(1.,0.,0.));
#6022 = PCURVE('',#4336,#6023);
#6023 = DEFINITIONAL_REPRESENTATION('',(#6024),#6027);
#6024 = B_SPLINE_CURVE_WITH_KNOTS('',1,(#6025,#6026),.UNSPECIFIED.,.F.,
  .F.,(2,2),(0.,1.570796326795),.PIECEWISE_BEZIER_KNOTS.);
#6025 = CARTESIAN_POINT('',(0.,0.));
#6026 = CARTESIAN_POINT('',(1.570796326795,0.));
#6027 = ( GEOMETRIC_REPRESENTATION_CONTEXT(2) 
PARAMETRIC_REPRESENTATION_CONTEXT() REPRESENTATION_CONTEXT('2D SPACE',''
  ) );
#6028 = PCURVE('',#5776,#6029);
#6029 = DEFINITIONAL_REPRESENTATION('',(#6030),#6034);
#6030 = CIRCLE('',#6031,0.97485);
#6031 = AXIS2_PLACEMENT_2D('',#6032,#6033);
#6032 = CARTESIAN_POINT('',(28.14,0.));
#6033 = DIRECTION('',(1.,0.));
#6034 = ( GEOMETRIC_REPRESENTATION_CONTEXT(2) 
PARAMETRIC_REPRESENTATION_CONTEXT() REPRESENTATION_CONTEXT('2D SPACE',''
  ) );
#6035 = ORIENTED_EDGE('',*,*,#6036,.T.);
#6036 = EDGE_CURVE('',#6014,#4292,#6037,.T.);
#6037 = SURFACE_CURVE('',#6038,(#6041,#6047),.PCURVE_S1.);
#6038 = B_SPLINE_CURVE_WITH_KNOTS('',1,(#6039,#6040),.UNSPECIFIED.,.F.,
  .F.,(2,2),(0.,1.),.PIECEWISE_BEZIER_KNOTS.);
#6039 = CARTESIAN_POINT('',(14.07,49.71735,19.497));
#6040 = CARTESIAN_POINT('',(14.07,49.769977020759,22.512));
#6041 = PCURVE('',#4336,#6042);
#6042 = DEFINITIONAL_REPRESENTATION('',(#6043),#6046);
#6043 = B_SPLINE_CURVE_WITH_KNOTS('',1,(#6044,#6045),.UNSPECIFIED.,.F.,
  .F.,(2,2),(0.,1.),.PIECEWISE_BEZIER_KNOTS.);
#6044 = CARTESIAN_POINT('',(1.570796326795,0.));
#6045 = CARTESIAN_POINT('',(1.570796326795,0.603));
#6046 = ( GEOMETRIC_REPRESENTATION_CONTEXT(2) 
PARAMETRIC_REPRESENTATION_CONTEXT() REPRESENTATION_CONTEXT('2D SPACE',''
  ) );
#6047 = PCURVE('',#4307,#6048);
#6048 = DEFINITIONAL_REPRESENTATION('',(#6049),#6052);
#6049 = B_SPLINE_CURVE_WITH_KNOTS('',1,(#6050,#6051),.UNSPECIFIED.,.F.,
  .F.,(2,2),(0.,1.),.PIECEWISE_BEZIER_KNOTS.);
#6050 = CARTESIAN_POINT('',(-14.07,-3.015459269052));
#6051 = CARTESIAN_POINT('',(-14.07,0.));
#6052 = ( GEOMETRIC_REPRESENTATION_CONTEXT(2) 
PARAMETRIC_REPRESENTATION_CONTEXT() REPRESENTATION_CONTEXT('2D SPACE',''
  ) );
#6053 = ORIENTED_EDGE('',*,*,#4319,.F.);
#6054 = ADVANCED_FACE('',(#6055),#4307,.F.);
#6055 = FACE_BOUND('',#6056,.F.);
#6056 = EDGE_LOOP('',(#6057,#6080,#6098,#6099));
#6057 = ORIENTED_EDGE('',*,*,#6058,.F.);
#6058 = EDGE_CURVE('',#6059,#6014,#6061,.T.);
#6059 = VERTEX_POINT('',#6060);
#6060 = CARTESIAN_POINT('',(-14.07,49.71735,19.497));
#6061 = SURFACE_CURVE('',#6062,(#6066,#6073),.PCURVE_S1.);
#6062 = LINE('',#6063,#6064);
#6063 = CARTESIAN_POINT('',(0.,49.71735,19.497));
#6064 = VECTOR('',#6065,1.);
#6065 = DIRECTION('',(1.,0.,0.));
#6066 = PCURVE('',#4307,#6067);
#6067 = DEFINITIONAL_REPRESENTATION('',(#6068),#6072);
#6068 = LINE('',#6069,#6070);
#6069 = CARTESIAN_POINT('',(0.,-3.015459269052));
#6070 = VECTOR('',#6071,1.);
#6071 = DIRECTION('',(-1.,0.));
#6072 = ( GEOMETRIC_REPRESENTATION_CONTEXT(2) 
PARAMETRIC_REPRESENTATION_CONTEXT() REPRESENTATION_CONTEXT('2D SPACE',''
  ) );
#6073 = PCURVE('',#5776,#6074);
#6074 = DEFINITIONAL_REPRESENTATION('',(#6075),#6079);
#6075 = LINE('',#6076,#6077);
#6076 = CARTESIAN_POINT('',(14.07,0.97485));
#6077 = VECTOR('',#6078,1.);
#6078 = DIRECTION('',(1.,0.));
#6079 = ( GEOMETRIC_REPRESENTATION_CONTEXT(2) 
PARAMETRIC_REPRESENTATION_CONTEXT() REPRESENTATION_CONTEXT('2D SPACE',''
  ) );
#6080 = ORIENTED_EDGE('',*,*,#6081,.T.);
#6081 = EDGE_CURVE('',#6059,#4264,#6082,.T.);
#6082 = SURFACE_CURVE('',#6083,(#6086,#6092),.PCURVE_S1.);
#6083 = B_SPLINE_CURVE_WITH_KNOTS('',1,(#6084,#6085),.UNSPECIFIED.,.F.,
  .F.,(2,2),(0.,1.),.PIECEWISE_BEZIER_KNOTS.);
#6084 = CARTESIAN_POINT('',(-14.07,49.71735,19.497));
#6085 = CARTESIAN_POINT('',(-14.07,49.769977020759,22.512));
#6086 = PCURVE('',#4307,#6087);
#6087 = DEFINITIONAL_REPRESENTATION('',(#6088),#6091);
#6088 = B_SPLINE_CURVE_WITH_KNOTS('',1,(#6089,#6090),.UNSPECIFIED.,.F.,
  .F.,(2,2),(0.,1.),.PIECEWISE_BEZIER_KNOTS.);
#6089 = CARTESIAN_POINT('',(14.07,-3.015459269052));
#6090 = CARTESIAN_POINT('',(14.07,0.));
#6091 = ( GEOMETRIC_REPRESENTATION_CONTEXT(2) 
PARAMETRIC_REPRESENTATION_CONTEXT() REPRESENTATION_CONTEXT('2D SPACE',''
  ) );
#6092 = PCURVE('',#4280,#6093);
#6093 = DEFINITIONAL_REPRESENTATION('',(#6094),#6097);
#6094 = B_SPLINE_CURVE_WITH_KNOTS('',1,(#6095,#6096),.UNSPECIFIED.,.F.,
  .F.,(2,2),(0.,1.),.PIECEWISE_BEZIER_KNOTS.);
#6095 = CARTESIAN_POINT('',(1.570796326795,0.));
#6096 = CARTESIAN_POINT('',(1.570796326795,0.603));
#6097 = ( GEOMETRIC_REPRESENTATION_CONTEXT(2) 
PARAMETRIC_REPRESENTATION_CONTEXT() REPRESENTATION_CONTEXT('2D SPACE',''
  ) );
#6098 = ORIENTED_EDGE('',*,*,#4291,.F.);
#6099 = ORIENTED_EDGE('',*,*,#6036,.F.);
#6100 = ADVANCED_FACE('',(#6101),#4280,.F.);
#6101 = FACE_BOUND('',#6102,.F.);
#6102 = EDGE_LOOP('',(#6103,#6104,#6125,#6126));
#6103 = ORIENTED_EDGE('',*,*,#6081,.F.);
#6104 = ORIENTED_EDGE('',*,*,#6105,.T.);
#6105 = EDGE_CURVE('',#6059,#5761,#6106,.T.);
#6106 = SURFACE_CURVE('',#6107,(#6112,#6118),.PCURVE_S1.);
#6107 = CIRCLE('',#6108,0.97485);
#6108 = AXIS2_PLACEMENT_3D('',#6109,#6110,#6111);
#6109 = CARTESIAN_POINT('',(-14.07,48.7425,19.497));
#6110 = DIRECTION('',(0.,0.,1.));
#6111 = DIRECTION('',(1.,0.,0.));
#6112 = PCURVE('',#4280,#6113);
#6113 = DEFINITIONAL_REPRESENTATION('',(#6114),#6117);
#6114 = B_SPLINE_CURVE_WITH_KNOTS('',1,(#6115,#6116),.UNSPECIFIED.,.F.,
  .F.,(2,2),(1.570796326795,3.14159265359),.PIECEWISE_BEZIER_KNOTS.);
#6115 = CARTESIAN_POINT('',(1.570796326795,0.));
#6116 = CARTESIAN_POINT('',(3.14159265359,0.));
#6117 = ( GEOMETRIC_REPRESENTATION_CONTEXT(2) 
PARAMETRIC_REPRESENTATION_CONTEXT() REPRESENTATION_CONTEXT('2D SPACE',''
  ) );
#6118 = PCURVE('',#5776,#6119);
#6119 = DEFINITIONAL_REPRESENTATION('',(#6120),#6124);
#6120 = CIRCLE('',#6121,0.97485);
#6121 = AXIS2_PLACEMENT_2D('',#6122,#6123);
#6122 = CARTESIAN_POINT('',(0.,0.));
#6123 = DIRECTION('',(1.,0.));
#6124 = ( GEOMETRIC_REPRESENTATION_CONTEXT(2) 
PARAMETRIC_REPRESENTATION_CONTEXT() REPRESENTATION_CONTEXT('2D SPACE',''
  ) );
#6125 = ORIENTED_EDGE('',*,*,#5807,.T.);
#6126 = ORIENTED_EDGE('',*,*,#4263,.F.);
#6127 = ADVANCED_FACE('',(#6128),#4475,.F.);
#6128 = FACE_BOUND('',#6129,.F.);
#6129 = EDGE_LOOP('',(#6130,#6150,#6177,#6195));
#6130 = ORIENTED_EDGE('',*,*,#6131,.F.);
#6131 = EDGE_CURVE('',#6132,#4462,#6134,.T.);
#6132 = VERTEX_POINT('',#6133);
#6133 = CARTESIAN_POINT('',(-8.04,52.325325,17.889));
#6134 = SURFACE_CURVE('',#6135,(#6138,#6144),.PCURVE_S1.);
#6135 = B_SPLINE_CURVE_WITH_KNOTS('',1,(#6136,#6137),.UNSPECIFIED.,.F.,
  .F.,(2,2),(0.,1.),.PIECEWISE_BEZIER_KNOTS.);
#6136 = CARTESIAN_POINT('',(-8.04,52.325325,17.889));
#6137 = CARTESIAN_POINT('',(-8.061049205111,52.304275794889,20.301));
#6138 = PCURVE('',#4475,#6139);
#6139 = DEFINITIONAL_REPRESENTATION('',(#6140),#6143);
#6140 = B_SPLINE_CURVE_WITH_KNOTS('',1,(#6141,#6142),.UNSPECIFIED.,.F.,
  .F.,(2,2),(0.,0.916666666667),.PIECEWISE_BEZIER_KNOTS.);
#6141 = CARTESIAN_POINT('',(-8.020944482698,0.));
#6142 = CARTESIAN_POINT('',(-8.020944482698,0.916666666667));
#6143 = ( GEOMETRIC_REPRESENTATION_CONTEXT(2) 
PARAMETRIC_REPRESENTATION_CONTEXT() REPRESENTATION_CONTEXT('2D SPACE',''
  ) );
#6144 = PCURVE('',#4500,#6145);
#6145 = DEFINITIONAL_REPRESENTATION('',(#6146),#6149);
#6146 = B_SPLINE_CURVE_WITH_KNOTS('',1,(#6147,#6148),.UNSPECIFIED.,.F.,
  .F.,(2,2),(0.,0.916666666667),.PIECEWISE_BEZIER_KNOTS.);
#6147 = CARTESIAN_POINT('',(0.520944482698,0.));
#6148 = CARTESIAN_POINT('',(0.520944482698,0.916666666667));
#6149 = ( GEOMETRIC_REPRESENTATION_CONTEXT(2) 
PARAMETRIC_REPRESENTATION_CONTEXT() REPRESENTATION_CONTEXT('2D SPACE',''
  ) );
#6150 = ORIENTED_EDGE('',*,*,#6151,.T.);
#6151 = EDGE_CURVE('',#6132,#6152,#6154,.T.);
#6152 = VERTEX_POINT('',#6153);
#6153 = CARTESIAN_POINT('',(8.04,52.325325,17.889));
#6154 = SURFACE_CURVE('',#6155,(#6159,#6165),.PCURVE_S1.);
#6155 = LINE('',#6156,#6157);
#6156 = CARTESIAN_POINT('',(0.,52.325325,17.889));
#6157 = VECTOR('',#6158,1.);
#6158 = DIRECTION('',(1.,0.,0.));
#6159 = PCURVE('',#4475,#6160);
#6160 = DEFINITIONAL_REPRESENTATION('',(#6161),#6164);
#6161 = B_SPLINE_CURVE_WITH_KNOTS('',1,(#6162,#6163),.UNSPECIFIED.,.F.,
  .F.,(2,2),(-8.04,8.04),.PIECEWISE_BEZIER_KNOTS.);
#6162 = CARTESIAN_POINT('',(-8.020944482698,0.));
#6163 = CARTESIAN_POINT('',(8.020944482698,0.));
#6164 = ( GEOMETRIC_REPRESENTATION_CONTEXT(2) 
PARAMETRIC_REPRESENTATION_CONTEXT() REPRESENTATION_CONTEXT('2D SPACE',''
  ) );
#6165 = PCURVE('',#6166,#6171);
#6166 = PLANE('',#6167);
#6167 = AXIS2_PLACEMENT_3D('',#6168,#6169,#6170);
#6168 = CARTESIAN_POINT('',(-8.04,52.325325,17.889));
#6169 = DIRECTION('',(0.,0.,1.));
#6170 = DIRECTION('',(0.998052578483,6.237828615518E-02,-0.));
#6171 = DEFINITIONAL_REPRESENTATION('',(#6172),#6176);
#6172 = LINE('',#6173,#6174);
#6173 = CARTESIAN_POINT('',(8.024342731002,-0.501521420688));
#6174 = VECTOR('',#6175,1.);
#6175 = DIRECTION('',(0.998052578483,-6.237828615518E-02));
#6176 = ( GEOMETRIC_REPRESENTATION_CONTEXT(2) 
PARAMETRIC_REPRESENTATION_CONTEXT() REPRESENTATION_CONTEXT('2D SPACE',''
  ) );
#6177 = ORIENTED_EDGE('',*,*,#6178,.T.);
#6178 = EDGE_CURVE('',#6152,#4460,#6179,.T.);
#6179 = SURFACE_CURVE('',#6180,(#6183,#6189),.PCURVE_S1.);
#6180 = B_SPLINE_CURVE_WITH_KNOTS('',1,(#6181,#6182),.UNSPECIFIED.,.F.,
  .F.,(2,2),(0.,1.),.PIECEWISE_BEZIER_KNOTS.);
#6181 = CARTESIAN_POINT('',(8.04,52.325325,17.889));
#6182 = CARTESIAN_POINT('',(8.061049205111,52.304275794889,20.301));
#6183 = PCURVE('',#4475,#6184);
#6184 = DEFINITIONAL_REPRESENTATION('',(#6185),#6188);
#6185 = B_SPLINE_CURVE_WITH_KNOTS('',1,(#6186,#6187),.UNSPECIFIED.,.F.,
  .F.,(2,2),(0.,0.916666666667),.PIECEWISE_BEZIER_KNOTS.);
#6186 = CARTESIAN_POINT('',(8.020944482698,0.));
#6187 = CARTESIAN_POINT('',(8.020944482698,0.916666666667));
#6188 = ( GEOMETRIC_REPRESENTATION_CONTEXT(2) 
PARAMETRIC_REPRESENTATION_CONTEXT() REPRESENTATION_CONTEXT('2D SPACE',''
  ) );
#6189 = PCURVE('',#4548,#6190);
#6190 = DEFINITIONAL_REPRESENTATION('',(#6191),#6194);
#6191 = B_SPLINE_CURVE_WITH_KNOTS('',1,(#6192,#6193),.UNSPECIFIED.,.F.,
  .F.,(2,2),(0.,0.916666666667),.PIECEWISE_BEZIER_KNOTS.);
#6192 = CARTESIAN_POINT('',(-0.520944482698,0.));
#6193 = CARTESIAN_POINT('',(-0.520944482698,0.916666666667));
#6194 = ( GEOMETRIC_REPRESENTATION_CONTEXT(2) 
PARAMETRIC_REPRESENTATION_CONTEXT() REPRESENTATION_CONTEXT('2D SPACE',''
  ) );
#6195 = ORIENTED_EDGE('',*,*,#4459,.T.);
#6196 = ADVANCED_FACE('',(#6197),#4548,.F.);
#6197 = FACE_BOUND('',#6198,.F.);
#6198 = EDGE_LOOP('',(#6199,#6200,#6222,#6240));
#6199 = ORIENTED_EDGE('',*,*,#6178,.F.);
#6200 = ORIENTED_EDGE('',*,*,#6201,.T.);
#6201 = EDGE_CURVE('',#6152,#6202,#6204,.T.);
#6202 = VERTEX_POINT('',#6203);
#6203 = CARTESIAN_POINT('',(8.04,53.330325,17.889));
#6204 = SURFACE_CURVE('',#6205,(#6209,#6215),.PCURVE_S1.);
#6205 = LINE('',#6206,#6207);
#6206 = CARTESIAN_POINT('',(8.04,52.827825,17.889));
#6207 = VECTOR('',#6208,1.);
#6208 = DIRECTION('',(0.,1.,0.));
#6209 = PCURVE('',#4548,#6210);
#6210 = DEFINITIONAL_REPRESENTATION('',(#6211),#6214);
#6211 = B_SPLINE_CURVE_WITH_KNOTS('',1,(#6212,#6213),.UNSPECIFIED.,.F.,
  .F.,(2,2),(-0.5025,0.5025),.PIECEWISE_BEZIER_KNOTS.);
#6212 = CARTESIAN_POINT('',(-0.520944482698,0.));
#6213 = CARTESIAN_POINT('',(0.520944482698,0.));
#6214 = ( GEOMETRIC_REPRESENTATION_CONTEXT(2) 
PARAMETRIC_REPRESENTATION_CONTEXT() REPRESENTATION_CONTEXT('2D SPACE',''
  ) );
#6215 = PCURVE('',#6166,#6216);
#6216 = DEFINITIONAL_REPRESENTATION('',(#6217),#6221);
#6217 = LINE('',#6218,#6219);
#6218 = CARTESIAN_POINT('',(16.080030550798,-0.501521420688));
#6219 = VECTOR('',#6220,1.);
#6220 = DIRECTION('',(6.237828615518E-02,0.998052578483));
#6221 = ( GEOMETRIC_REPRESENTATION_CONTEXT(2) 
PARAMETRIC_REPRESENTATION_CONTEXT() REPRESENTATION_CONTEXT('2D SPACE',''
  ) );
#6222 = ORIENTED_EDGE('',*,*,#6223,.T.);
#6223 = EDGE_CURVE('',#6202,#4512,#6224,.T.);
#6224 = SURFACE_CURVE('',#6225,(#6228,#6234),.PCURVE_S1.);
#6225 = B_SPLINE_CURVE_WITH_KNOTS('',1,(#6226,#6227),.UNSPECIFIED.,.F.,
  .F.,(2,2),(0.,1.),.PIECEWISE_BEZIER_KNOTS.);
#6226 = CARTESIAN_POINT('',(8.04,53.330325,17.889));
#6227 = CARTESIAN_POINT('',(8.061049205111,53.351374205111,20.301));
#6228 = PCURVE('',#4548,#6229);
#6229 = DEFINITIONAL_REPRESENTATION('',(#6230),#6233);
#6230 = B_SPLINE_CURVE_WITH_KNOTS('',1,(#6231,#6232),.UNSPECIFIED.,.F.,
  .F.,(2,2),(0.,0.916666666667),.PIECEWISE_BEZIER_KNOTS.);
#6231 = CARTESIAN_POINT('',(0.520944482698,0.));
#6232 = CARTESIAN_POINT('',(0.520944482698,0.916666666667));
#6233 = ( GEOMETRIC_REPRESENTATION_CONTEXT(2) 
PARAMETRIC_REPRESENTATION_CONTEXT() REPRESENTATION_CONTEXT('2D SPACE',''
  ) );
#6234 = PCURVE('',#4525,#6235);
#6235 = DEFINITIONAL_REPRESENTATION('',(#6236),#6239);
#6236 = B_SPLINE_CURVE_WITH_KNOTS('',1,(#6237,#6238),.UNSPECIFIED.,.F.,
  .F.,(2,2),(0.,0.916666666667),.PIECEWISE_BEZIER_KNOTS.);
#6237 = CARTESIAN_POINT('',(-8.020944482698,0.));
#6238 = CARTESIAN_POINT('',(-8.020944482698,0.916666666667));
#6239 = ( GEOMETRIC_REPRESENTATION_CONTEXT(2) 
PARAMETRIC_REPRESENTATION_CONTEXT() REPRESENTATION_CONTEXT('2D SPACE',''
  ) );
#6240 = ORIENTED_EDGE('',*,*,#4536,.T.);
#6241 = ADVANCED_FACE('',(#6242),#4500,.F.);
#6242 = FACE_BOUND('',#6243,.F.);
#6243 = EDGE_LOOP('',(#6244,#6266,#6267,#6268));
#6244 = ORIENTED_EDGE('',*,*,#6245,.F.);
#6245 = EDGE_CURVE('',#6132,#6246,#6248,.T.);
#6246 = VERTEX_POINT('',#6247);
#6247 = CARTESIAN_POINT('',(-8.04,53.330325,17.889));
#6248 = SURFACE_CURVE('',#6249,(#6253,#6259),.PCURVE_S1.);
#6249 = LINE('',#6250,#6251);
#6250 = CARTESIAN_POINT('',(-8.04,52.827825,17.889));
#6251 = VECTOR('',#6252,1.);
#6252 = DIRECTION('',(0.,1.,0.));
#6253 = PCURVE('',#4500,#6254);
#6254 = DEFINITIONAL_REPRESENTATION('',(#6255),#6258);
#6255 = B_SPLINE_CURVE_WITH_KNOTS('',1,(#6256,#6257),.UNSPECIFIED.,.F.,
  .F.,(2,2),(-0.5025,0.5025),.PIECEWISE_BEZIER_KNOTS.);
#6256 = CARTESIAN_POINT('',(0.520944482698,0.));
#6257 = CARTESIAN_POINT('',(-0.520944482698,0.));
#6258 = ( GEOMETRIC_REPRESENTATION_CONTEXT(2) 
PARAMETRIC_REPRESENTATION_CONTEXT() REPRESENTATION_CONTEXT('2D SPACE',''
  ) );
#6259 = PCURVE('',#6166,#6260);
#6260 = DEFINITIONAL_REPRESENTATION('',(#6261),#6265);
#6261 = LINE('',#6262,#6263);
#6262 = CARTESIAN_POINT('',(3.134508879298E-02,0.501521420688));
#6263 = VECTOR('',#6264,1.);
#6264 = DIRECTION('',(6.237828615518E-02,0.998052578483));
#6265 = ( GEOMETRIC_REPRESENTATION_CONTEXT(2) 
PARAMETRIC_REPRESENTATION_CONTEXT() REPRESENTATION_CONTEXT('2D SPACE',''
  ) );
#6266 = ORIENTED_EDGE('',*,*,#6131,.T.);
#6267 = ORIENTED_EDGE('',*,*,#4486,.T.);
#6268 = ORIENTED_EDGE('',*,*,#6269,.F.);
#6269 = EDGE_CURVE('',#6246,#4487,#6270,.T.);
#6270 = SURFACE_CURVE('',#6271,(#6274,#6280),.PCURVE_S1.);
#6271 = B_SPLINE_CURVE_WITH_KNOTS('',1,(#6272,#6273),.UNSPECIFIED.,.F.,
  .F.,(2,2),(0.,1.),.PIECEWISE_BEZIER_KNOTS.);
#6272 = CARTESIAN_POINT('',(-8.04,53.330325,17.889));
#6273 = CARTESIAN_POINT('',(-8.061049205111,53.351374205111,20.301));
#6274 = PCURVE('',#4500,#6275);
#6275 = DEFINITIONAL_REPRESENTATION('',(#6276),#6279);
#6276 = B_SPLINE_CURVE_WITH_KNOTS('',1,(#6277,#6278),.UNSPECIFIED.,.F.,
  .F.,(2,2),(0.,0.916666666667),.PIECEWISE_BEZIER_KNOTS.);
#6277 = CARTESIAN_POINT('',(-0.520944482698,0.));
#6278 = CARTESIAN_POINT('',(-0.520944482698,0.916666666667));
#6279 = ( GEOMETRIC_REPRESENTATION_CONTEXT(2) 
PARAMETRIC_REPRESENTATION_CONTEXT() REPRESENTATION_CONTEXT('2D SPACE',''
  ) );
#6280 = PCURVE('',#4525,#6281);
#6281 = DEFINITIONAL_REPRESENTATION('',(#6282),#6285);
#6282 = B_SPLINE_CURVE_WITH_KNOTS('',1,(#6283,#6284),.UNSPECIFIED.,.F.,
  .F.,(2,2),(0.,0.916666666667),.PIECEWISE_BEZIER_KNOTS.);
#6283 = CARTESIAN_POINT('',(8.020944482698,0.));
#6284 = CARTESIAN_POINT('',(8.020944482698,0.916666666667));
#6285 = ( GEOMETRIC_REPRESENTATION_CONTEXT(2) 
PARAMETRIC_REPRESENTATION_CONTEXT() REPRESENTATION_CONTEXT('2D SPACE',''
  ) );
#6286 = ADVANCED_FACE('',(#6287),#4525,.F.);
#6287 = FACE_BOUND('',#6288,.F.);
#6288 = EDGE_LOOP('',(#6289,#6309,#6310,#6311));
#6289 = ORIENTED_EDGE('',*,*,#6290,.F.);
#6290 = EDGE_CURVE('',#6246,#6202,#6291,.T.);
#6291 = SURFACE_CURVE('',#6292,(#6296,#6302),.PCURVE_S1.);
#6292 = LINE('',#6293,#6294);
#6293 = CARTESIAN_POINT('',(0.,53.330325,17.889));
#6294 = VECTOR('',#6295,1.);
#6295 = DIRECTION('',(1.,0.,0.));
#6296 = PCURVE('',#4525,#6297);
#6297 = DEFINITIONAL_REPRESENTATION('',(#6298),#6301);
#6298 = B_SPLINE_CURVE_WITH_KNOTS('',1,(#6299,#6300),.UNSPECIFIED.,.F.,
  .F.,(2,2),(-8.04,8.04),.PIECEWISE_BEZIER_KNOTS.);
#6299 = CARTESIAN_POINT('',(8.020944482698,0.));
#6300 = CARTESIAN_POINT('',(-8.020944482698,0.));
#6301 = ( GEOMETRIC_REPRESENTATION_CONTEXT(2) 
PARAMETRIC_REPRESENTATION_CONTEXT() REPRESENTATION_CONTEXT('2D SPACE',''
  ) );
#6302 = PCURVE('',#6166,#6303);
#6303 = DEFINITIONAL_REPRESENTATION('',(#6304),#6308);
#6304 = LINE('',#6305,#6306);
#6305 = CARTESIAN_POINT('',(8.087032908588,0.501521420688));
#6306 = VECTOR('',#6307,1.);
#6307 = DIRECTION('',(0.998052578483,-6.237828615518E-02));
#6308 = ( GEOMETRIC_REPRESENTATION_CONTEXT(2) 
PARAMETRIC_REPRESENTATION_CONTEXT() REPRESENTATION_CONTEXT('2D SPACE',''
  ) );
#6309 = ORIENTED_EDGE('',*,*,#6269,.T.);
#6310 = ORIENTED_EDGE('',*,*,#4511,.T.);
#6311 = ORIENTED_EDGE('',*,*,#6223,.F.);
#6312 = ADVANCED_FACE('',(#6313),#4578,.F.);
#6313 = FACE_BOUND('',#6314,.F.);
#6314 = EDGE_LOOP('',(#6315,#6316,#6337,#6363));
#6315 = ORIENTED_EDGE('',*,*,#4561,.F.);
#6316 = ORIENTED_EDGE('',*,*,#6317,.F.);
#6317 = EDGE_CURVE('',#6318,#4562,#6320,.T.);
#6318 = VERTEX_POINT('',#6319);
#6319 = CARTESIAN_POINT('',(24.2808,54.46095,12.9645));
#6320 = SEAM_CURVE('',#6321,(#6325,#6331),.PCURVE_S1.);
#6321 = LINE('',#6322,#6323);
#6322 = CARTESIAN_POINT('',(24.2808,54.46095,12.9645));
#6323 = VECTOR('',#6324,1.);
#6324 = DIRECTION('',(8.726535498374E-03,-2.137384753146E-18,
    0.999961923064));
#6325 = PCURVE('',#4578,#6326);
#6326 = DEFINITIONAL_REPRESENTATION('',(#6327),#6330);
#6327 = B_SPLINE_CURVE_WITH_KNOTS('',1,(#6328,#6329),.UNSPECIFIED.,.F.,
  .F.,(2,2),(0.,7.135771708321),.PIECEWISE_BEZIER_KNOTS.);
#6328 = CARTESIAN_POINT('',(6.28318530718,0.));
#6329 = CARTESIAN_POINT('',(6.28318530718,7.1355));
#6330 = ( GEOMETRIC_REPRESENTATION_CONTEXT(2) 
PARAMETRIC_REPRESENTATION_CONTEXT() REPRESENTATION_CONTEXT('2D SPACE',''
  ) );
#6331 = PCURVE('',#4578,#6332);
#6332 = DEFINITIONAL_REPRESENTATION('',(#6333),#6336);
#6333 = B_SPLINE_CURVE_WITH_KNOTS('',1,(#6334,#6335),.UNSPECIFIED.,.F.,
  .F.,(2,2),(0.,7.135771708321),.PIECEWISE_BEZIER_KNOTS.);
#6334 = CARTESIAN_POINT('',(0.,0.));
#6335 = CARTESIAN_POINT('',(0.,7.1355));
#6336 = ( GEOMETRIC_REPRESENTATION_CONTEXT(2) 
PARAMETRIC_REPRESENTATION_CONTEXT() REPRESENTATION_CONTEXT('2D SPACE',''
  ) );
#6337 = ORIENTED_EDGE('',*,*,#6338,.T.);
#6338 = EDGE_CURVE('',#6318,#6318,#6339,.T.);
#6339 = SURFACE_CURVE('',#6340,(#6345,#6351),.PCURVE_S1.);
#6340 = CIRCLE('',#6341,2.5125);
#6341 = AXIS2_PLACEMENT_3D('',#6342,#6343,#6344);
#6342 = CARTESIAN_POINT('',(21.7683,54.46095,12.9645));
#6343 = DIRECTION('',(0.,0.,1.));
#6344 = DIRECTION('',(1.,0.,0.));
#6345 = PCURVE('',#4578,#6346);
#6346 = DEFINITIONAL_REPRESENTATION('',(#6347),#6350);
#6347 = B_SPLINE_CURVE_WITH_KNOTS('',1,(#6348,#6349),.UNSPECIFIED.,.F.,
  .F.,(2,2),(0.,6.28318530718),.PIECEWISE_BEZIER_KNOTS.);
#6348 = CARTESIAN_POINT('',(0.,0.));
#6349 = CARTESIAN_POINT('',(6.28318530718,0.));
#6350 = ( GEOMETRIC_REPRESENTATION_CONTEXT(2) 
PARAMETRIC_REPRESENTATION_CONTEXT() REPRESENTATION_CONTEXT('2D SPACE',''
  ) );
#6351 = PCURVE('',#6352,#6357);
#6352 = PLANE('',#6353);
#6353 = AXIS2_PLACEMENT_3D('',#6354,#6355,#6356);
#6354 = CARTESIAN_POINT('',(21.7683,54.46095,12.9645));
#6355 = DIRECTION('',(0.,0.,1.));
#6356 = DIRECTION('',(1.,0.,0.));
#6357 = DEFINITIONAL_REPRESENTATION('',(#6358),#6362);
#6358 = CIRCLE('',#6359,2.5125);
#6359 = AXIS2_PLACEMENT_2D('',#6360,#6361);
#6360 = CARTESIAN_POINT('',(0.,0.));
#6361 = DIRECTION('',(1.,0.));
#6362 = ( GEOMETRIC_REPRESENTATION_CONTEXT(2) 
PARAMETRIC_REPRESENTATION_CONTEXT() REPRESENTATION_CONTEXT('2D SPACE',''
  ) );
#6363 = ORIENTED_EDGE('',*,*,#6317,.T.);
#6364 = ADVANCED_FACE('',(#6365,#6368),#4661,.T.);
#6365 = FACE_BOUND('',#6366,.T.);
#6366 = EDGE_LOOP('',(#6367));
#6367 = ORIENTED_EDGE('',*,*,#4647,.T.);
#6368 = FACE_BOUND('',#6369,.T.);
#6369 = EDGE_LOOP('',(#6370));
#6370 = ORIENTED_EDGE('',*,*,#6371,.F.);
#6371 = EDGE_CURVE('',#6372,#6372,#6374,.T.);
#6372 = VERTEX_POINT('',#6373);
#6373 = CARTESIAN_POINT('',(-19.09504385167,-45.225,14.3715));
#6374 = SURFACE_CURVE('',#6375,(#6380,#6387),.PCURVE_S1.);
#6375 = CIRCLE('',#6376,1.004956148324);
#6376 = AXIS2_PLACEMENT_3D('',#6377,#6378,#6379);
#6377 = CARTESIAN_POINT('',(-20.1,-45.225,14.3715));
#6378 = DIRECTION('',(0.,0.,1.));
#6379 = DIRECTION('',(1.,0.,-0.));
#6380 = PCURVE('',#4661,#6381);
#6381 = DEFINITIONAL_REPRESENTATION('',(#6382),#6386);
#6382 = CIRCLE('',#6383,1.004956148324);
#6383 = AXIS2_PLACEMENT_2D('',#6384,#6385);
#6384 = CARTESIAN_POINT('',(0.,0.));
#6385 = DIRECTION('',(1.,0.));
#6386 = ( GEOMETRIC_REPRESENTATION_CONTEXT(2) 
PARAMETRIC_REPRESENTATION_CONTEXT() REPRESENTATION_CONTEXT('2D SPACE',''
  ) );
#6387 = PCURVE('',#6388,#6393);
#6388 = CONICAL_SURFACE('',#6389,1.005,4.363323129986E-03);
#6389 = AXIS2_PLACEMENT_3D('',#6390,#6391,#6392);
#6390 = CARTESIAN_POINT('',(-20.1,-45.225,14.36145));
#6391 = DIRECTION('',(0.,0.,-1.));
#6392 = DIRECTION('',(1.,0.,0.));
#6393 = DEFINITIONAL_REPRESENTATION('',(#6394),#6397);
#6394 = B_SPLINE_CURVE_WITH_KNOTS('',1,(#6395,#6396),.UNSPECIFIED.,.F.,
  .F.,(2,2),(0.,6.28318530718),.PIECEWISE_BEZIER_KNOTS.);
#6395 = CARTESIAN_POINT('',(0.,-1.005E-02));
#6396 = CARTESIAN_POINT('',(-6.28318530718,-1.005E-02));
#6397 = ( GEOMETRIC_REPRESENTATION_CONTEXT(2) 
PARAMETRIC_REPRESENTATION_CONTEXT() REPRESENTATION_CONTEXT('2D SPACE',''
  ) );
#6398 = ADVANCED_FACE('',(#6399),#4712,.T.);
#6399 = FACE_BOUND('',#6400,.T.);
#6400 = EDGE_LOOP('',(#6401,#6402,#6403,#6404));
#6401 = ORIENTED_EDGE('',*,*,#4791,.F.);
#6402 = ORIENTED_EDGE('',*,*,#4697,.T.);
#6403 = ORIENTED_EDGE('',*,*,#4747,.T.);
#6404 = ORIENTED_EDGE('',*,*,#4836,.F.);
#6405 = ADVANCED_FACE('',(#6406),#4897,.T.);
#6406 = FACE_BOUND('',#6407,.T.);
#6407 = EDGE_LOOP('',(#6408,#6409,#6410,#6411));
#6408 = ORIENTED_EDGE('',*,*,#4976,.F.);
#6409 = ORIENTED_EDGE('',*,*,#4882,.T.);
#6410 = ORIENTED_EDGE('',*,*,#4932,.T.);
#6411 = ORIENTED_EDGE('',*,*,#5021,.F.);
#6412 = ADVANCED_FACE('',(#6413,#6416),#5083,.T.);
#6413 = FACE_BOUND('',#6414,.T.);
#6414 = EDGE_LOOP('',(#6415));
#6415 = ORIENTED_EDGE('',*,*,#5069,.T.);
#6416 = FACE_BOUND('',#6417,.T.);
#6417 = EDGE_LOOP('',(#6418));
#6418 = ORIENTED_EDGE('',*,*,#6419,.F.);
#6419 = EDGE_CURVE('',#6420,#6420,#6422,.T.);
#6420 = VERTEX_POINT('',#6421);
#6421 = CARTESIAN_POINT('',(21.104956148324,-45.225,14.3715));
#6422 = SURFACE_CURVE('',#6423,(#6428,#6435),.PCURVE_S1.);
#6423 = CIRCLE('',#6424,1.004956148324);
#6424 = AXIS2_PLACEMENT_3D('',#6425,#6426,#6427);
#6425 = CARTESIAN_POINT('',(20.1,-45.225,14.3715));
#6426 = DIRECTION('',(0.,0.,1.));
#6427 = DIRECTION('',(1.,0.,-0.));
#6428 = PCURVE('',#5083,#6429);
#6429 = DEFINITIONAL_REPRESENTATION('',(#6430),#6434);
#6430 = CIRCLE('',#6431,1.004956148324);
#6431 = AXIS2_PLACEMENT_2D('',#6432,#6433);
#6432 = CARTESIAN_POINT('',(0.,0.));
#6433 = DIRECTION('',(1.,0.));
#6434 = ( GEOMETRIC_REPRESENTATION_CONTEXT(2) 
PARAMETRIC_REPRESENTATION_CONTEXT() REPRESENTATION_CONTEXT('2D SPACE',''
  ) );
#6435 = PCURVE('',#6436,#6441);
#6436 = CONICAL_SURFACE('',#6437,1.005,4.363323129986E-03);
#6437 = AXIS2_PLACEMENT_3D('',#6438,#6439,#6440);
#6438 = CARTESIAN_POINT('',(20.1,-45.225,14.36145));
#6439 = DIRECTION('',(0.,0.,-1.));
#6440 = DIRECTION('',(1.,0.,0.));
#6441 = DEFINITIONAL_REPRESENTATION('',(#6442),#6445);
#6442 = B_SPLINE_CURVE_WITH_KNOTS('',1,(#6443,#6444),.UNSPECIFIED.,.F.,
  .F.,(2,2),(0.,6.28318530718),.PIECEWISE_BEZIER_KNOTS.);
#6443 = CARTESIAN_POINT('',(0.,-1.005E-02));
#6444 = CARTESIAN_POINT('',(-6.28318530718,-1.005E-02));
#6445 = ( GEOMETRIC_REPRESENTATION_CONTEXT(2) 
PARAMETRIC_REPRESENTATION_CONTEXT() REPRESENTATION_CONTEXT('2D SPACE',''
  ) );
#6446 = ADVANCED_FACE('',(#6447,#6450),#5135,.T.);
#6447 = FACE_BOUND('',#6448,.T.);
#6448 = EDGE_LOOP('',(#6449));
#6449 = ORIENTED_EDGE('',*,*,#5121,.T.);
#6450 = FACE_BOUND('',#6451,.T.);
#6451 = EDGE_LOOP('',(#6452));
#6452 = ORIENTED_EDGE('',*,*,#6453,.F.);
#6453 = EDGE_CURVE('',#6454,#6454,#6456,.T.);
#6454 = VERTEX_POINT('',#6455);
#6455 = CARTESIAN_POINT('',(6.823474595848,-8.04,18.693));
#6456 = SURFACE_CURVE('',#6457,(#6462,#6469),.PCURVE_S1.);
#6457 = CIRCLE('',#6458,6.823474595848);
#6458 = AXIS2_PLACEMENT_3D('',#6459,#6460,#6461);
#6459 = CARTESIAN_POINT('',(0.,-8.04,18.693));
#6460 = DIRECTION('',(0.,0.,1.));
#6461 = DIRECTION('',(1.,0.,-0.));
#6462 = PCURVE('',#5135,#6463);
#6463 = DEFINITIONAL_REPRESENTATION('',(#6464),#6468);
#6464 = CIRCLE('',#6465,6.823474595848);
#6465 = AXIS2_PLACEMENT_2D('',#6466,#6467);
#6466 = CARTESIAN_POINT('',(0.,0.));
#6467 = DIRECTION('',(1.,0.));
#6468 = ( GEOMETRIC_REPRESENTATION_CONTEXT(2) 
PARAMETRIC_REPRESENTATION_CONTEXT() REPRESENTATION_CONTEXT('2D SPACE',''
  ) );
#6469 = PCURVE('',#6470,#6475);
#6470 = CONICAL_SURFACE('',#6471,6.834,1.745329251994E-02);
#6471 = AXIS2_PLACEMENT_3D('',#6472,#6473,#6474);
#6472 = CARTESIAN_POINT('',(0.,-8.04,18.09));
#6473 = DIRECTION('',(0.,0.,-1.));
#6474 = DIRECTION('',(1.,0.,0.));
#6475 = DEFINITIONAL_REPRESENTATION('',(#6476),#6479);
#6476 = B_SPLINE_CURVE_WITH_KNOTS('',1,(#6477,#6478),.UNSPECIFIED.,.F.,
  .F.,(2,2),(0.,6.28318530718),.PIECEWISE_BEZIER_KNOTS.);
#6477 = CARTESIAN_POINT('',(0.,-0.603));
#6478 = CARTESIAN_POINT('',(-6.28318530718,-0.603));
#6479 = ( GEOMETRIC_REPRESENTATION_CONTEXT(2) 
PARAMETRIC_REPRESENTATION_CONTEXT() REPRESENTATION_CONTEXT('2D SPACE',''
  ) );
#6480 = ADVANCED_FACE('',(#6481),#5186,.T.);
#6481 = FACE_BOUND('',#6482,.T.);
#6482 = EDGE_LOOP('',(#6483,#6484,#6485,#6486));
#6483 = ORIENTED_EDGE('',*,*,#5265,.F.);
#6484 = ORIENTED_EDGE('',*,*,#5171,.T.);
#6485 = ORIENTED_EDGE('',*,*,#5221,.T.);
#6486 = ORIENTED_EDGE('',*,*,#5310,.F.);
#6487 = ADVANCED_FACE('',(#6488,#6491),#5372,.T.);
#6488 = FACE_BOUND('',#6489,.T.);
#6489 = EDGE_LOOP('',(#6490));
#6490 = ORIENTED_EDGE('',*,*,#5358,.T.);
#6491 = FACE_BOUND('',#6492,.T.);
#6492 = EDGE_LOOP('',(#6493));
#6493 = ORIENTED_EDGE('',*,*,#6494,.F.);
#6494 = EDGE_CURVE('',#6495,#6495,#6497,.T.);
#6495 = VERTEX_POINT('',#6496);
#6496 = CARTESIAN_POINT('',(-20.76334385167,54.46095,12.9645));
#6497 = SURFACE_CURVE('',#6498,(#6503,#6510),.PCURVE_S1.);
#6498 = CIRCLE('',#6499,1.004956148324);
#6499 = AXIS2_PLACEMENT_3D('',#6500,#6501,#6502);
#6500 = CARTESIAN_POINT('',(-21.7683,54.46095,12.9645));
#6501 = DIRECTION('',(0.,0.,1.));
#6502 = DIRECTION('',(1.,0.,-0.));
#6503 = PCURVE('',#5372,#6504);
#6504 = DEFINITIONAL_REPRESENTATION('',(#6505),#6509);
#6505 = CIRCLE('',#6506,1.004956148324);
#6506 = AXIS2_PLACEMENT_2D('',#6507,#6508);
#6507 = CARTESIAN_POINT('',(0.,0.));
#6508 = DIRECTION('',(1.,0.));
#6509 = ( GEOMETRIC_REPRESENTATION_CONTEXT(2) 
PARAMETRIC_REPRESENTATION_CONTEXT() REPRESENTATION_CONTEXT('2D SPACE',''
  ) );
#6510 = PCURVE('',#6511,#6516);
#6511 = CONICAL_SURFACE('',#6512,1.005,4.363323129986E-03);
#6512 = AXIS2_PLACEMENT_3D('',#6513,#6514,#6515);
#6513 = CARTESIAN_POINT('',(-21.7683,54.46095,12.95445));
#6514 = DIRECTION('',(0.,0.,-1.));
#6515 = DIRECTION('',(1.,0.,0.));
#6516 = DEFINITIONAL_REPRESENTATION('',(#6517),#6520);
#6517 = B_SPLINE_CURVE_WITH_KNOTS('',1,(#6518,#6519),.UNSPECIFIED.,.F.,
  .F.,(2,2),(0.,6.28318530718),.PIECEWISE_BEZIER_KNOTS.);
#6518 = CARTESIAN_POINT('',(0.,-1.005E-02));
#6519 = CARTESIAN_POINT('',(-6.28318530718,-1.005E-02));
#6520 = ( GEOMETRIC_REPRESENTATION_CONTEXT(2) 
PARAMETRIC_REPRESENTATION_CONTEXT() REPRESENTATION_CONTEXT('2D SPACE',''
  ) );
#6521 = ADVANCED_FACE('',(#6522),#5423,.T.);
#6522 = FACE_BOUND('',#6523,.T.);
#6523 = EDGE_LOOP('',(#6524,#6525,#6526,#6527));
#6524 = ORIENTED_EDGE('',*,*,#5502,.F.);
#6525 = ORIENTED_EDGE('',*,*,#5408,.T.);
#6526 = ORIENTED_EDGE('',*,*,#5458,.T.);
#6527 = ORIENTED_EDGE('',*,*,#5547,.F.);
#6528 = ADVANCED_FACE('',(#6529),#5608,.T.);
#6529 = FACE_BOUND('',#6530,.T.);
#6530 = EDGE_LOOP('',(#6531,#6532,#6533,#6534));
#6531 = ORIENTED_EDGE('',*,*,#5687,.F.);
#6532 = ORIENTED_EDGE('',*,*,#5593,.T.);
#6533 = ORIENTED_EDGE('',*,*,#5643,.T.);
#6534 = ORIENTED_EDGE('',*,*,#5732,.F.);
#6535 = ADVANCED_FACE('',(#6536),#5776,.T.);
#6536 = FACE_BOUND('',#6537,.T.);
#6537 = EDGE_LOOP('',(#6538,#6539,#6540,#6541,#6542,#6543,#6544,#6545));
#6538 = ORIENTED_EDGE('',*,*,#5758,.F.);
#6539 = ORIENTED_EDGE('',*,*,#5829,.T.);
#6540 = ORIENTED_EDGE('',*,*,#5875,.T.);
#6541 = ORIENTED_EDGE('',*,*,#5921,.T.);
#6542 = ORIENTED_EDGE('',*,*,#5967,.T.);
#6543 = ORIENTED_EDGE('',*,*,#6013,.T.);
#6544 = ORIENTED_EDGE('',*,*,#6058,.F.);
#6545 = ORIENTED_EDGE('',*,*,#6105,.T.);
#6546 = ADVANCED_FACE('',(#6547),#6166,.T.);
#6547 = FACE_BOUND('',#6548,.T.);
#6548 = EDGE_LOOP('',(#6549,#6550,#6551,#6552));
#6549 = ORIENTED_EDGE('',*,*,#6245,.F.);
#6550 = ORIENTED_EDGE('',*,*,#6151,.T.);
#6551 = ORIENTED_EDGE('',*,*,#6201,.T.);
#6552 = ORIENTED_EDGE('',*,*,#6290,.F.);
#6553 = ADVANCED_FACE('',(#6554,#6557),#6352,.T.);
#6554 = FACE_BOUND('',#6555,.T.);
#6555 = EDGE_LOOP('',(#6556));
#6556 = ORIENTED_EDGE('',*,*,#6338,.T.);
#6557 = FACE_BOUND('',#6558,.T.);
#6558 = EDGE_LOOP('',(#6559));
#6559 = ORIENTED_EDGE('',*,*,#6560,.F.);
#6560 = EDGE_CURVE('',#6561,#6561,#6563,.T.);
#6561 = VERTEX_POINT('',#6562);
#6562 = CARTESIAN_POINT('',(22.773256148324,54.46095,12.9645));
#6563 = SURFACE_CURVE('',#6564,(#6569,#6576),.PCURVE_S1.);
#6564 = CIRCLE('',#6565,1.004956148324);
#6565 = AXIS2_PLACEMENT_3D('',#6566,#6567,#6568);
#6566 = CARTESIAN_POINT('',(21.7683,54.46095,12.9645));
#6567 = DIRECTION('',(0.,0.,1.));
#6568 = DIRECTION('',(1.,0.,-0.));
#6569 = PCURVE('',#6352,#6570);
#6570 = DEFINITIONAL_REPRESENTATION('',(#6571),#6575);
#6571 = CIRCLE('',#6572,1.004956148324);
#6572 = AXIS2_PLACEMENT_2D('',#6573,#6574);
#6573 = CARTESIAN_POINT('',(0.,0.));
#6574 = DIRECTION('',(1.,0.));
#6575 = ( GEOMETRIC_REPRESENTATION_CONTEXT(2) 
PARAMETRIC_REPRESENTATION_CONTEXT() REPRESENTATION_CONTEXT('2D SPACE',''
  ) );
#6576 = PCURVE('',#6577,#6582);
#6577 = CONICAL_SURFACE('',#6578,1.005,4.363323129986E-03);
#6578 = AXIS2_PLACEMENT_3D('',#6579,#6580,#6581);
#6579 = CARTESIAN_POINT('',(21.7683,54.46095,12.95445));
#6580 = DIRECTION('',(0.,0.,-1.));
#6581 = DIRECTION('',(1.,0.,0.));
#6582 = DEFINITIONAL_REPRESENTATION('',(#6583),#6586);
#6583 = B_SPLINE_CURVE_WITH_KNOTS('',1,(#6584,#6585),.UNSPECIFIED.,.F.,
  .F.,(2,2),(0.,6.28318530718),.PIECEWISE_BEZIER_KNOTS.);
#6584 = CARTESIAN_POINT('',(0.,-1.005E-02));
#6585 = CARTESIAN_POINT('',(-6.28318530718,-1.005E-02));
#6586 = ( GEOMETRIC_REPRESENTATION_CONTEXT(2) 
PARAMETRIC_REPRESENTATION_CONTEXT() REPRESENTATION_CONTEXT('2D SPACE',''
  ) );
#6587 = ADVANCED_FACE('',(#6588),#6388,.T.);
#6588 = FACE_BOUND('',#6589,.T.);
#6589 = EDGE_LOOP('',(#6590,#6611,#6637,#6638));
#6590 = ORIENTED_EDGE('',*,*,#6591,.T.);
#6591 = EDGE_CURVE('',#6372,#6592,#6594,.T.);
#6592 = VERTEX_POINT('',#6593);
#6593 = CARTESIAN_POINT('',(-19.1174082063,-45.225,19.497));
#6594 = SEAM_CURVE('',#6595,(#6599,#6605),.PCURVE_S1.);
#6595 = LINE('',#6596,#6597);
#6596 = CARTESIAN_POINT('',(-19.095,-45.225,14.36145));
#6597 = VECTOR('',#6598,1.);
#6598 = DIRECTION('',(-4.363309284747E-03,1.068702549851E-18,
    0.999990480721));
#6599 = PCURVE('',#6388,#6600);
#6600 = DEFINITIONAL_REPRESENTATION('',(#6601),#6604);
#6601 = B_SPLINE_CURVE_WITH_KNOTS('',1,(#6602,#6603),.UNSPECIFIED.,.F.,
  .F.,(2,2),(1.005009566967E-02,5.1355988872),.PIECEWISE_BEZIER_KNOTS.);
#6602 = CARTESIAN_POINT('',(-6.28318530718,-1.005E-02));
#6603 = CARTESIAN_POINT('',(-6.28318530718,-5.13555));
#6604 = ( GEOMETRIC_REPRESENTATION_CONTEXT(2) 
PARAMETRIC_REPRESENTATION_CONTEXT() REPRESENTATION_CONTEXT('2D SPACE',''
  ) );
#6605 = PCURVE('',#6388,#6606);
#6606 = DEFINITIONAL_REPRESENTATION('',(#6607),#6610);
#6607 = B_SPLINE_CURVE_WITH_KNOTS('',1,(#6608,#6609),.UNSPECIFIED.,.F.,
  .F.,(2,2),(1.005009566967E-02,5.1355988872),.PIECEWISE_BEZIER_KNOTS.);
#6608 = CARTESIAN_POINT('',(0.,-1.005E-02));
#6609 = CARTESIAN_POINT('',(0.,-5.13555));
#6610 = ( GEOMETRIC_REPRESENTATION_CONTEXT(2) 
PARAMETRIC_REPRESENTATION_CONTEXT() REPRESENTATION_CONTEXT('2D SPACE',''
  ) );
#6611 = ORIENTED_EDGE('',*,*,#6612,.F.);
#6612 = EDGE_CURVE('',#6592,#6592,#6613,.T.);
#6613 = SURFACE_CURVE('',#6614,(#6619,#6625),.PCURVE_S1.);
#6614 = CIRCLE('',#6615,0.982591793693);
#6615 = AXIS2_PLACEMENT_3D('',#6616,#6617,#6618);
#6616 = CARTESIAN_POINT('',(-20.1,-45.225,19.497));
#6617 = DIRECTION('',(0.,0.,1.));
#6618 = DIRECTION('',(1.,0.,0.));
#6619 = PCURVE('',#6388,#6620);
#6620 = DEFINITIONAL_REPRESENTATION('',(#6621),#6624);
#6621 = B_SPLINE_CURVE_WITH_KNOTS('',1,(#6622,#6623),.UNSPECIFIED.,.F.,
  .F.,(2,2),(0.,6.28318530718),.PIECEWISE_BEZIER_KNOTS.);
#6622 = CARTESIAN_POINT('',(0.,-5.13555));
#6623 = CARTESIAN_POINT('',(-6.28318530718,-5.13555));
#6624 = ( GEOMETRIC_REPRESENTATION_CONTEXT(2) 
PARAMETRIC_REPRESENTATION_CONTEXT() REPRESENTATION_CONTEXT('2D SPACE',''
  ) );
#6625 = PCURVE('',#6626,#6631);
#6626 = PLANE('',#6627);
#6627 = AXIS2_PLACEMENT_3D('',#6628,#6629,#6630);
#6628 = CARTESIAN_POINT('',(-20.1,-45.225,19.497));
#6629 = DIRECTION('',(0.,0.,1.));
#6630 = DIRECTION('',(1.,0.,0.));
#6631 = DEFINITIONAL_REPRESENTATION('',(#6632),#6636);
#6632 = CIRCLE('',#6633,0.982591793693);
#6633 = AXIS2_PLACEMENT_2D('',#6634,#6635);
#6634 = CARTESIAN_POINT('',(0.,0.));
#6635 = DIRECTION('',(1.,0.));
#6636 = ( GEOMETRIC_REPRESENTATION_CONTEXT(2) 
PARAMETRIC_REPRESENTATION_CONTEXT() REPRESENTATION_CONTEXT('2D SPACE',''
  ) );
#6637 = ORIENTED_EDGE('',*,*,#6591,.F.);
#6638 = ORIENTED_EDGE('',*,*,#6371,.T.);
#6639 = ADVANCED_FACE('',(#6640),#6436,.T.);
#6640 = FACE_BOUND('',#6641,.T.);
#6641 = EDGE_LOOP('',(#6642,#6663,#6689,#6690));
#6642 = ORIENTED_EDGE('',*,*,#6643,.T.);
#6643 = EDGE_CURVE('',#6420,#6644,#6646,.T.);
#6644 = VERTEX_POINT('',#6645);
#6645 = CARTESIAN_POINT('',(21.082591793693,-45.225,19.497));
#6646 = SEAM_CURVE('',#6647,(#6651,#6657),.PCURVE_S1.);
#6647 = LINE('',#6648,#6649);
#6648 = CARTESIAN_POINT('',(21.105,-45.225,14.36145));
#6649 = VECTOR('',#6650,1.);
#6650 = DIRECTION('',(-4.363309284747E-03,1.068702549851E-18,
    0.999990480721));
#6651 = PCURVE('',#6436,#6652);
#6652 = DEFINITIONAL_REPRESENTATION('',(#6653),#6656);
#6653 = B_SPLINE_CURVE_WITH_KNOTS('',1,(#6654,#6655),.UNSPECIFIED.,.F.,
  .F.,(2,2),(1.005009566967E-02,5.1355988872),.PIECEWISE_BEZIER_KNOTS.);
#6654 = CARTESIAN_POINT('',(-6.28318530718,-1.005E-02));
#6655 = CARTESIAN_POINT('',(-6.28318530718,-5.13555));
#6656 = ( GEOMETRIC_REPRESENTATION_CONTEXT(2) 
PARAMETRIC_REPRESENTATION_CONTEXT() REPRESENTATION_CONTEXT('2D SPACE',''
  ) );
#6657 = PCURVE('',#6436,#6658);
#6658 = DEFINITIONAL_REPRESENTATION('',(#6659),#6662);
#6659 = B_SPLINE_CURVE_WITH_KNOTS('',1,(#6660,#6661),.UNSPECIFIED.,.F.,
  .F.,(2,2),(1.005009566967E-02,5.1355988872),.PIECEWISE_BEZIER_KNOTS.);
#6660 = CARTESIAN_POINT('',(0.,-1.005E-02));
#6661 = CARTESIAN_POINT('',(0.,-5.13555));
#6662 = ( GEOMETRIC_REPRESENTATION_CONTEXT(2) 
PARAMETRIC_REPRESENTATION_CONTEXT() REPRESENTATION_CONTEXT('2D SPACE',''
  ) );
#6663 = ORIENTED_EDGE('',*,*,#6664,.F.);
#6664 = EDGE_CURVE('',#6644,#6644,#6665,.T.);
#6665 = SURFACE_CURVE('',#6666,(#6671,#6677),.PCURVE_S1.);
#6666 = CIRCLE('',#6667,0.982591793693);
#6667 = AXIS2_PLACEMENT_3D('',#6668,#6669,#6670);
#6668 = CARTESIAN_POINT('',(20.1,-45.225,19.497));
#6669 = DIRECTION('',(0.,0.,1.));
#6670 = DIRECTION('',(1.,0.,0.));
#6671 = PCURVE('',#6436,#6672);
#6672 = DEFINITIONAL_REPRESENTATION('',(#6673),#6676);
#6673 = B_SPLINE_CURVE_WITH_KNOTS('',1,(#6674,#6675),.UNSPECIFIED.,.F.,
  .F.,(2,2),(0.,6.28318530718),.PIECEWISE_BEZIER_KNOTS.);
#6674 = CARTESIAN_POINT('',(0.,-5.13555));
#6675 = CARTESIAN_POINT('',(-6.28318530718,-5.13555));
#6676 = ( GEOMETRIC_REPRESENTATION_CONTEXT(2) 
PARAMETRIC_REPRESENTATION_CONTEXT() REPRESENTATION_CONTEXT('2D SPACE',''
  ) );
#6677 = PCURVE('',#6678,#6683);
#6678 = PLANE('',#6679);
#6679 = AXIS2_PLACEMENT_3D('',#6680,#6681,#6682);
#6680 = CARTESIAN_POINT('',(20.1,-45.225,19.497));
#6681 = DIRECTION('',(0.,0.,1.));
#6682 = DIRECTION('',(1.,0.,0.));
#6683 = DEFINITIONAL_REPRESENTATION('',(#6684),#6688);
#6684 = CIRCLE('',#6685,0.982591793693);
#6685 = AXIS2_PLACEMENT_2D('',#6686,#6687);
#6686 = CARTESIAN_POINT('',(0.,0.));
#6687 = DIRECTION('',(1.,0.));
#6688 = ( GEOMETRIC_REPRESENTATION_CONTEXT(2) 
PARAMETRIC_REPRESENTATION_CONTEXT() REPRESENTATION_CONTEXT('2D SPACE',''
  ) );
#6689 = ORIENTED_EDGE('',*,*,#6643,.F.);
#6690 = ORIENTED_EDGE('',*,*,#6419,.T.);
#6691 = ADVANCED_FACE('',(#6692),#6470,.T.);
#6692 = FACE_BOUND('',#6693,.T.);
#6693 = EDGE_LOOP('',(#6694,#6722,#6741,#6742));
#6694 = ORIENTED_EDGE('',*,*,#6695,.F.);
#6695 = EDGE_CURVE('',#6696,#6696,#6698,.T.);
#6696 = VERTEX_POINT('',#6697);
#6697 = CARTESIAN_POINT('',(6.798915319494,-8.04,20.1));
#6698 = SURFACE_CURVE('',#6699,(#6704,#6710),.PCURVE_S1.);
#6699 = CIRCLE('',#6700,6.798915319494);
#6700 = AXIS2_PLACEMENT_3D('',#6701,#6702,#6703);
#6701 = CARTESIAN_POINT('',(0.,-8.04,20.1));
#6702 = DIRECTION('',(0.,0.,1.));
#6703 = DIRECTION('',(1.,0.,-0.));
#6704 = PCURVE('',#6470,#6705);
#6705 = DEFINITIONAL_REPRESENTATION('',(#6706),#6709);
#6706 = B_SPLINE_CURVE_WITH_KNOTS('',1,(#6707,#6708),.UNSPECIFIED.,.F.,
  .F.,(2,2),(0.,6.28318530718),.PIECEWISE_BEZIER_KNOTS.);
#6707 = CARTESIAN_POINT('',(0.,-2.01));
#6708 = CARTESIAN_POINT('',(-6.28318530718,-2.01));
#6709 = ( GEOMETRIC_REPRESENTATION_CONTEXT(2) 
PARAMETRIC_REPRESENTATION_CONTEXT() REPRESENTATION_CONTEXT('2D SPACE',''
  ) );
#6710 = PCURVE('',#6711,#6716);
#6711 = PLANE('',#6712);
#6712 = AXIS2_PLACEMENT_3D('',#6713,#6714,#6715);
#6713 = CARTESIAN_POINT('',(-19.095,-49.245,20.1));
#6714 = DIRECTION('',(0.,0.,1.));
#6715 = DIRECTION('',(1.,0.,0.));
#6716 = DEFINITIONAL_REPRESENTATION('',(#6717),#6721);
#6717 = CIRCLE('',#6718,6.798915319494);
#6718 = AXIS2_PLACEMENT_2D('',#6719,#6720);
#6719 = CARTESIAN_POINT('',(19.095,41.205));
#6720 = DIRECTION('',(1.,0.));
#6721 = ( GEOMETRIC_REPRESENTATION_CONTEXT(2) 
PARAMETRIC_REPRESENTATION_CONTEXT() REPRESENTATION_CONTEXT('2D SPACE',''
  ) );
#6722 = ORIENTED_EDGE('',*,*,#6723,.F.);
#6723 = EDGE_CURVE('',#6454,#6696,#6724,.T.);
#6724 = SEAM_CURVE('',#6725,(#6729,#6735),.PCURVE_S1.);
#6725 = LINE('',#6726,#6727);
#6726 = CARTESIAN_POINT('',(6.834,-8.04,18.09));
#6727 = VECTOR('',#6728,1.);
#6728 = DIRECTION('',(-1.745240643728E-02,4.274606736168E-18,
    0.999847695156));
#6729 = PCURVE('',#6470,#6730);
#6730 = DEFINITIONAL_REPRESENTATION('',(#6731),#6734);
#6731 = B_SPLINE_CURVE_WITH_KNOTS('',1,(#6732,#6733),.UNSPECIFIED.,.F.,
  .F.,(2,2),(0.60309185381,2.010306179368),.PIECEWISE_BEZIER_KNOTS.);
#6732 = CARTESIAN_POINT('',(-6.28318530718,-0.603));
#6733 = CARTESIAN_POINT('',(-6.28318530718,-2.01));
#6734 = ( GEOMETRIC_REPRESENTATION_CONTEXT(2) 
PARAMETRIC_REPRESENTATION_CONTEXT() REPRESENTATION_CONTEXT('2D SPACE',''
  ) );
#6735 = PCURVE('',#6470,#6736);
#6736 = DEFINITIONAL_REPRESENTATION('',(#6737),#6740);
#6737 = B_SPLINE_CURVE_WITH_KNOTS('',1,(#6738,#6739),.UNSPECIFIED.,.F.,
  .F.,(2,2),(0.60309185381,2.010306179368),.PIECEWISE_BEZIER_KNOTS.);
#6738 = CARTESIAN_POINT('',(0.,-0.603));
#6739 = CARTESIAN_POINT('',(0.,-2.01));
#6740 = ( GEOMETRIC_REPRESENTATION_CONTEXT(2) 
PARAMETRIC_REPRESENTATION_CONTEXT() REPRESENTATION_CONTEXT('2D SPACE',''
  ) );
#6741 = ORIENTED_EDGE('',*,*,#6453,.T.);
#6742 = ORIENTED_EDGE('',*,*,#6723,.T.);
#6743 = ADVANCED_FACE('',(#6744),#6511,.T.);
#6744 = FACE_BOUND('',#6745,.T.);
#6745 = EDGE_LOOP('',(#6746,#6767,#6793,#6794));
#6746 = ORIENTED_EDGE('',*,*,#6747,.T.);
#6747 = EDGE_CURVE('',#6495,#6748,#6750,.T.);
#6748 = VERTEX_POINT('',#6749);
#6749 = CARTESIAN_POINT('',(-20.79184744091,54.46095,19.497));
#6750 = SEAM_CURVE('',#6751,(#6755,#6761),.PCURVE_S1.);
#6751 = LINE('',#6752,#6753);
#6752 = CARTESIAN_POINT('',(-20.7633,54.46095,12.95445));
#6753 = VECTOR('',#6754,1.);
#6754 = DIRECTION('',(-4.363309284747E-03,1.068702549851E-18,
    0.999990480721));
#6755 = PCURVE('',#6511,#6756);
#6756 = DEFINITIONAL_REPRESENTATION('',(#6757),#6760);
#6757 = B_SPLINE_CURVE_WITH_KNOTS('',1,(#6758,#6759),.UNSPECIFIED.,.F.,
  .F.,(2,2),(1.005009566967E-02,6.542612280953),
  .PIECEWISE_BEZIER_KNOTS.);
#6758 = CARTESIAN_POINT('',(-6.28318530718,-1.005E-02));
#6759 = CARTESIAN_POINT('',(-6.28318530718,-6.54255));
#6760 = ( GEOMETRIC_REPRESENTATION_CONTEXT(2) 
PARAMETRIC_REPRESENTATION_CONTEXT() REPRESENTATION_CONTEXT('2D SPACE',''
  ) );
#6761 = PCURVE('',#6511,#6762);
#6762 = DEFINITIONAL_REPRESENTATION('',(#6763),#6766);
#6763 = B_SPLINE_CURVE_WITH_KNOTS('',1,(#6764,#6765),.UNSPECIFIED.,.F.,
  .F.,(2,2),(1.005009566967E-02,6.542612280953),
  .PIECEWISE_BEZIER_KNOTS.);
#6764 = CARTESIAN_POINT('',(0.,-1.005E-02));
#6765 = CARTESIAN_POINT('',(0.,-6.54255));
#6766 = ( GEOMETRIC_REPRESENTATION_CONTEXT(2) 
PARAMETRIC_REPRESENTATION_CONTEXT() REPRESENTATION_CONTEXT('2D SPACE',''
  ) );
#6767 = ORIENTED_EDGE('',*,*,#6768,.F.);
#6768 = EDGE_CURVE('',#6748,#6748,#6769,.T.);
#6769 = SURFACE_CURVE('',#6770,(#6775,#6781),.PCURVE_S1.);
#6770 = CIRCLE('',#6771,0.976452559088);
#6771 = AXIS2_PLACEMENT_3D('',#6772,#6773,#6774);
#6772 = CARTESIAN_POINT('',(-21.7683,54.46095,19.497));
#6773 = DIRECTION('',(0.,0.,1.));
#6774 = DIRECTION('',(1.,0.,0.));
#6775 = PCURVE('',#6511,#6776);
#6776 = DEFINITIONAL_REPRESENTATION('',(#6777),#6780);
#6777 = B_SPLINE_CURVE_WITH_KNOTS('',1,(#6778,#6779),.UNSPECIFIED.,.F.,
  .F.,(2,2),(0.,6.28318530718),.PIECEWISE_BEZIER_KNOTS.);
#6778 = CARTESIAN_POINT('',(0.,-6.54255));
#6779 = CARTESIAN_POINT('',(-6.28318530718,-6.54255));
#6780 = ( GEOMETRIC_REPRESENTATION_CONTEXT(2) 
PARAMETRIC_REPRESENTATION_CONTEXT() REPRESENTATION_CONTEXT('2D SPACE',''
  ) );
#6781 = PCURVE('',#6782,#6787);
#6782 = PLANE('',#6783);
#6783 = AXIS2_PLACEMENT_3D('',#6784,#6785,#6786);
#6784 = CARTESIAN_POINT('',(-21.7683,54.46095,19.497));
#6785 = DIRECTION('',(0.,0.,1.));
#6786 = DIRECTION('',(1.,0.,0.));
#6787 = DEFINITIONAL_REPRESENTATION('',(#6788),#6792);
#6788 = CIRCLE('',#6789,0.976452559088);
#6789 = AXIS2_PLACEMENT_2D('',#6790,#6791);
#6790 = CARTESIAN_POINT('',(0.,0.));
#6791 = DIRECTION('',(1.,0.));
#6792 = ( GEOMETRIC_REPRESENTATION_CONTEXT(2) 
PARAMETRIC_REPRESENTATION_CONTEXT() REPRESENTATION_CONTEXT('2D SPACE',''
  ) );
#6793 = ORIENTED_EDGE('',*,*,#6747,.F.);
#6794 = ORIENTED_EDGE('',*,*,#6494,.T.);
#6795 = ADVANCED_FACE('',(#6796),#6577,.T.);
#6796 = FACE_BOUND('',#6797,.T.);
#6797 = EDGE_LOOP('',(#6798,#6819,#6845,#6846));
#6798 = ORIENTED_EDGE('',*,*,#6799,.T.);
#6799 = EDGE_CURVE('',#6561,#6800,#6802,.T.);
#6800 = VERTEX_POINT('',#6801);
#6801 = CARTESIAN_POINT('',(22.744752559088,54.46095,19.497));
#6802 = SEAM_CURVE('',#6803,(#6807,#6813),.PCURVE_S1.);
#6803 = LINE('',#6804,#6805);
#6804 = CARTESIAN_POINT('',(22.7733,54.46095,12.95445));
#6805 = VECTOR('',#6806,1.);
#6806 = DIRECTION('',(-4.363309284747E-03,1.068702549851E-18,
    0.999990480721));
#6807 = PCURVE('',#6577,#6808);
#6808 = DEFINITIONAL_REPRESENTATION('',(#6809),#6812);
#6809 = B_SPLINE_CURVE_WITH_KNOTS('',1,(#6810,#6811),.UNSPECIFIED.,.F.,
  .F.,(2,2),(1.005009566967E-02,6.542612280953),
  .PIECEWISE_BEZIER_KNOTS.);
#6810 = CARTESIAN_POINT('',(-6.28318530718,-1.005E-02));
#6811 = CARTESIAN_POINT('',(-6.28318530718,-6.54255));
#6812 = ( GEOMETRIC_REPRESENTATION_CONTEXT(2) 
PARAMETRIC_REPRESENTATION_CONTEXT() REPRESENTATION_CONTEXT('2D SPACE',''
  ) );
#6813 = PCURVE('',#6577,#6814);
#6814 = DEFINITIONAL_REPRESENTATION('',(#6815),#6818);
#6815 = B_SPLINE_CURVE_WITH_KNOTS('',1,(#6816,#6817),.UNSPECIFIED.,.F.,
  .F.,(2,2),(1.005009566967E-02,6.542612280953),
  .PIECEWISE_BEZIER_KNOTS.);
#6816 = CARTESIAN_POINT('',(0.,-1.005E-02));
#6817 = CARTESIAN_POINT('',(0.,-6.54255));
#6818 = ( GEOMETRIC_REPRESENTATION_CONTEXT(2) 
PARAMETRIC_REPRESENTATION_CONTEXT() REPRESENTATION_CONTEXT('2D SPACE',''
  ) );
#6819 = ORIENTED_EDGE('',*,*,#6820,.F.);
#6820 = EDGE_CURVE('',#6800,#6800,#6821,.T.);
#6821 = SURFACE_CURVE('',#6822,(#6827,#6833),.PCURVE_S1.);
#6822 = CIRCLE('',#6823,0.976452559088);
#6823 = AXIS2_PLACEMENT_3D('',#6824,#6825,#6826);
#6824 = CARTESIAN_POINT('',(21.7683,54.46095,19.497));
#6825 = DIRECTION('',(0.,0.,1.));
#6826 = DIRECTION('',(1.,0.,0.));
#6827 = PCURVE('',#6577,#6828);
#6828 = DEFINITIONAL_REPRESENTATION('',(#6829),#6832);
#6829 = B_SPLINE_CURVE_WITH_KNOTS('',1,(#6830,#6831),.UNSPECIFIED.,.F.,
  .F.,(2,2),(0.,6.28318530718),.PIECEWISE_BEZIER_KNOTS.);
#6830 = CARTESIAN_POINT('',(0.,-6.54255));
#6831 = CARTESIAN_POINT('',(-6.28318530718,-6.54255));
#6832 = ( GEOMETRIC_REPRESENTATION_CONTEXT(2) 
PARAMETRIC_REPRESENTATION_CONTEXT() REPRESENTATION_CONTEXT('2D SPACE',''
  ) );
#6833 = PCURVE('',#6834,#6839);
#6834 = PLANE('',#6835);
#6835 = AXIS2_PLACEMENT_3D('',#6836,#6837,#6838);
#6836 = CARTESIAN_POINT('',(21.7683,54.46095,19.497));
#6837 = DIRECTION('',(0.,0.,1.));
#6838 = DIRECTION('',(1.,0.,0.));
#6839 = DEFINITIONAL_REPRESENTATION('',(#6840),#6844);
#6840 = CIRCLE('',#6841,0.976452559088);
#6841 = AXIS2_PLACEMENT_2D('',#6842,#6843);
#6842 = CARTESIAN_POINT('',(0.,0.));
#6843 = DIRECTION('',(1.,0.));
#6844 = ( GEOMETRIC_REPRESENTATION_CONTEXT(2) 
PARAMETRIC_REPRESENTATION_CONTEXT() REPRESENTATION_CONTEXT('2D SPACE',''
  ) );
#6845 = ORIENTED_EDGE('',*,*,#6799,.F.);
#6846 = ORIENTED_EDGE('',*,*,#6560,.T.);
#6847 = ADVANCED_FACE('',(#6848),#6626,.T.);
#6848 = FACE_BOUND('',#6849,.T.);
#6849 = EDGE_LOOP('',(#6850));
#6850 = ORIENTED_EDGE('',*,*,#6612,.T.);
#6851 = ADVANCED_FACE('',(#6852),#6678,.T.);
#6852 = FACE_BOUND('',#6853,.T.);
#6853 = EDGE_LOOP('',(#6854));
#6854 = ORIENTED_EDGE('',*,*,#6664,.T.);
#6855 = ADVANCED_FACE('',(#6856,#6859),#6711,.T.);
#6856 = FACE_BOUND('',#6857,.T.);
#6857 = EDGE_LOOP('',(#6858));
#6858 = ORIENTED_EDGE('',*,*,#6695,.T.);
#6859 = FACE_BOUND('',#6860,.T.);
#6860 = EDGE_LOOP('',(#6861));
#6861 = ORIENTED_EDGE('',*,*,#6862,.F.);
#6862 = EDGE_CURVE('',#6863,#6863,#6865,.T.);
#6863 = VERTEX_POINT('',#6864);
#6864 = CARTESIAN_POINT('',(5.148247979241,-8.04,20.1));
#6865 = SURFACE_CURVE('',#6866,(#6871,#6878),.PCURVE_S1.);
#6866 = CIRCLE('',#6867,5.148247979241);
#6867 = AXIS2_PLACEMENT_3D('',#6868,#6869,#6870);
#6868 = CARTESIAN_POINT('',(0.,-8.04,20.1));
#6869 = DIRECTION('',(0.,0.,1.));
#6870 = DIRECTION('',(1.,0.,-0.));
#6871 = PCURVE('',#6711,#6872);
#6872 = DEFINITIONAL_REPRESENTATION('',(#6873),#6877);
#6873 = CIRCLE('',#6874,5.148247979241);
#6874 = AXIS2_PLACEMENT_2D('',#6875,#6876);
#6875 = CARTESIAN_POINT('',(19.095,41.205));
#6876 = DIRECTION('',(1.,0.));
#6877 = ( GEOMETRIC_REPRESENTATION_CONTEXT(2) 
PARAMETRIC_REPRESENTATION_CONTEXT() REPRESENTATION_CONTEXT('2D SPACE',''
  ) );
#6878 = PCURVE('',#6879,#6884);
#6879 = CONICAL_SURFACE('',#6880,5.148072555839,1.745329251994E-02);
#6880 = AXIS2_PLACEMENT_3D('',#6881,#6882,#6883);
#6881 = CARTESIAN_POINT('',(0.,-8.04,20.08995));
#6882 = DIRECTION('',(0.,0.,1.));
#6883 = DIRECTION('',(1.,0.,0.));
#6884 = DEFINITIONAL_REPRESENTATION('',(#6885),#6888);
#6885 = B_SPLINE_CURVE_WITH_KNOTS('',1,(#6886,#6887),.UNSPECIFIED.,.F.,
  .F.,(2,2),(0.,6.28318530718),.PIECEWISE_BEZIER_KNOTS.);
#6886 = CARTESIAN_POINT('',(0.,1.005E-02));
#6887 = CARTESIAN_POINT('',(6.28318530718,1.005E-02));
#6888 = ( GEOMETRIC_REPRESENTATION_CONTEXT(2) 
PARAMETRIC_REPRESENTATION_CONTEXT() REPRESENTATION_CONTEXT('2D SPACE',''
  ) );
#6889 = ADVANCED_FACE('',(#6890),#6782,.T.);
#6890 = FACE_BOUND('',#6891,.T.);
#6891 = EDGE_LOOP('',(#6892));
#6892 = ORIENTED_EDGE('',*,*,#6768,.T.);
#6893 = ADVANCED_FACE('',(#6894),#6834,.T.);
#6894 = FACE_BOUND('',#6895,.T.);
#6895 = EDGE_LOOP('',(#6896));
#6896 = ORIENTED_EDGE('',*,*,#6820,.T.);
#6897 = ADVANCED_FACE('',(#6898),#6879,.F.);
#6898 = FACE_BOUND('',#6899,.F.);
#6899 = EDGE_LOOP('',(#6900,#6901,#6922,#6948));
#6900 = ORIENTED_EDGE('',*,*,#6862,.F.);
#6901 = ORIENTED_EDGE('',*,*,#6902,.F.);
#6902 = EDGE_CURVE('',#6903,#6863,#6905,.T.);
#6903 = VERTEX_POINT('',#6904);
#6904 = CARTESIAN_POINT('',(5.148072555839,-8.04,20.08995));
#6905 = SEAM_CURVE('',#6906,(#6910,#6916),.PCURVE_S1.);
#6906 = LINE('',#6907,#6908);
#6907 = CARTESIAN_POINT('',(5.148072555839,-8.04,20.08995));
#6908 = VECTOR('',#6909,1.);
#6909 = DIRECTION('',(1.745240643728E-02,-4.274606736168E-18,
    0.999847695156));
#6910 = PCURVE('',#6879,#6911);
#6911 = DEFINITIONAL_REPRESENTATION('',(#6912),#6915);
#6912 = B_SPLINE_CURVE_WITH_KNOTS('',1,(#6913,#6914),.UNSPECIFIED.,.F.,
  .F.,(2,2),(0.,1.005153089684E-02),.PIECEWISE_BEZIER_KNOTS.);
#6913 = CARTESIAN_POINT('',(6.28318530718,0.));
#6914 = CARTESIAN_POINT('',(6.28318530718,1.005E-02));
#6915 = ( GEOMETRIC_REPRESENTATION_CONTEXT(2) 
PARAMETRIC_REPRESENTATION_CONTEXT() REPRESENTATION_CONTEXT('2D SPACE',''
  ) );
#6916 = PCURVE('',#6879,#6917);
#6917 = DEFINITIONAL_REPRESENTATION('',(#6918),#6921);
#6918 = B_SPLINE_CURVE_WITH_KNOTS('',1,(#6919,#6920),.UNSPECIFIED.,.F.,
  .F.,(2,2),(0.,1.005153089684E-02),.PIECEWISE_BEZIER_KNOTS.);
#6919 = CARTESIAN_POINT('',(0.,0.));
#6920 = CARTESIAN_POINT('',(0.,1.005E-02));
#6921 = ( GEOMETRIC_REPRESENTATION_CONTEXT(2) 
PARAMETRIC_REPRESENTATION_CONTEXT() REPRESENTATION_CONTEXT('2D SPACE',''
  ) );
#6922 = ORIENTED_EDGE('',*,*,#6923,.T.);
#6923 = EDGE_CURVE('',#6903,#6903,#6924,.T.);
#6924 = SURFACE_CURVE('',#6925,(#6930,#6936),.PCURVE_S1.);
#6925 = CIRCLE('',#6926,5.148072555839);
#6926 = AXIS2_PLACEMENT_3D('',#6927,#6928,#6929);
#6927 = CARTESIAN_POINT('',(0.,-8.04,20.08995));
#6928 = DIRECTION('',(0.,0.,1.));
#6929 = DIRECTION('',(1.,0.,0.));
#6930 = PCURVE('',#6879,#6931);
#6931 = DEFINITIONAL_REPRESENTATION('',(#6932),#6935);
#6932 = B_SPLINE_CURVE_WITH_KNOTS('',1,(#6933,#6934),.UNSPECIFIED.,.F.,
  .F.,(2,2),(0.,6.28318530718),.PIECEWISE_BEZIER_KNOTS.);
#6933 = CARTESIAN_POINT('',(0.,0.));
#6934 = CARTESIAN_POINT('',(6.28318530718,0.));
#6935 = ( GEOMETRIC_REPRESENTATION_CONTEXT(2) 
PARAMETRIC_REPRESENTATION_CONTEXT() REPRESENTATION_CONTEXT('2D SPACE',''
  ) );
#6936 = PCURVE('',#6937,#6942);
#6937 = PLANE('',#6938);
#6938 = AXIS2_PLACEMENT_3D('',#6939,#6940,#6941);
#6939 = CARTESIAN_POINT('',(0.,-8.04,20.08995));
#6940 = DIRECTION('',(0.,0.,1.));
#6941 = DIRECTION('',(1.,0.,0.));
#6942 = DEFINITIONAL_REPRESENTATION('',(#6943),#6947);
#6943 = CIRCLE('',#6944,5.148072555839);
#6944 = AXIS2_PLACEMENT_2D('',#6945,#6946);
#6945 = CARTESIAN_POINT('',(0.,0.));
#6946 = DIRECTION('',(1.,0.));
#6947 = ( GEOMETRIC_REPRESENTATION_CONTEXT(2) 
PARAMETRIC_REPRESENTATION_CONTEXT() REPRESENTATION_CONTEXT('2D SPACE',''
  ) );
#6948 = ORIENTED_EDGE('',*,*,#6902,.T.);
#6949 = ADVANCED_FACE('',(#6950),#6937,.T.);
#6950 = FACE_BOUND('',#6951,.F.);
#6951 = EDGE_LOOP('',(#6952));
#6952 = ORIENTED_EDGE('',*,*,#6923,.F.);
#6953 = ( GEOMETRIC_REPRESENTATION_CONTEXT(3) 
GLOBAL_UNCERTAINTY_ASSIGNED_CONTEXT((#6957)) 
GLOBAL_UNIT_ASSIGNED_CONTEXT((#6954,#6955,#6956)) REPRESENTATION_CONTEXT
('Context #1','3D Context with UNIT and UNCERTAINTY') );
#6954 = ( LENGTH_UNIT() NAMED_UNIT(*) SI_UNIT(.MILLI.,.METRE.) );
#6955 = ( NAMED_UNIT(*) PLANE_ANGLE_UNIT() SI_UNIT($,.RADIAN.) );
#6956 = ( NAMED_UNIT(*) SI_UNIT($,.STERADIAN.) SOLID_ANGLE_UNIT() );
#6957 = UNCERTAINTY_MEASURE_WITH_UNIT(LENGTH_MEASURE(1.E-06),#6954,
  'distance_accuracy_value','confusion accuracy');
#6958 = PRODUCT_RELATED_PRODUCT_CATEGORY('part',$,(#7));
#6959 = MECHANICAL_DESIGN_GEOMETRIC_PRESENTATION_REPRESENTATION('',(
    #6960),#6953);
#6960 = STYLED_ITEM('color',(#6961),#15);
#6961 = PRESENTATION_STYLE_ASSIGNMENT((#6962));
#6962 = SURFACE_STYLE_USAGE(.BOTH.,#6963);
#6963 = SURFACE_SIDE_STYLE('',(#6964));
#6964 = SURFACE_STYLE_FILL_AREA(#6965);
#6965 = FILL_AREA_STYLE('',(#6966));
#6966 = FILL_AREA_STYLE_COLOUR('',#6967);
#6967 = COLOUR_RGB('',0.767375665483,0.79773774715,0.843389171228);

#6968=DESCRIPTIVE_REPRESENTATION_ITEM('cadpy:generator','cadpy');
#6969=REPRESENTATION('cadpy:generator',(#6968),#6953);
#6970=PROPERTY_DEFINITION('cadpy metadata','cadpy:generator',#5);
#6971=PROPERTY_DEFINITION_REPRESENTATION(#6970,#6969);
#6972=DESCRIPTIVE_REPRESENTATION_ITEM('cadpy:entryKind','part');
#6973=REPRESENTATION('cadpy:entryKind',(#6972),#6953);
#6974=PROPERTY_DEFINITION('cadpy metadata','cadpy:entryKind',#5);
#6975=PROPERTY_DEFINITION_REPRESENTATION(#6974,#6973);
#6976=DESCRIPTIVE_REPRESENTATION_ITEM('cadpy:sourcePath','HemoSure_Front_Housing_CORE.py');
#6977=REPRESENTATION('cadpy:sourcePath',(#6976),#6953);
#6978=PROPERTY_DEFINITION('cadpy metadata','cadpy:sourcePath',#5);
#6979=PROPERTY_DEFINITION_REPRESENTATION(#6978,#6977);
#6980=DESCRIPTIVE_REPRESENTATION_ITEM('cadpy:sourceHash','ae3012358bce54339ccd4069506d383c2263d2b6d760f653dbbfc1ca60cdec13');
#6981=REPRESENTATION('cadpy:sourceHash',(#6980),#6953);
#6982=PROPERTY_DEFINITION('cadpy metadata','cadpy:sourceHash',#5);
#6983=PROPERTY_DEFINITION_REPRESENTATION(#6982,#6981);
ENDSEC;
END-ISO-10303-21;
