ISO-10303-21;
HEADER;
FILE_DESCRIPTION(('Open CASCADE Model'),'2;1');
FILE_NAME('Battery_Door_CORE_insert','2026-09-28T07:41:57',('Author'),(
    'Open CASCADE'),'Open CASCADE STEP processor 7.8','cadpy','Unknown'
  );
FILE_SCHEMA(('AUTOMOTIVE_DESIGN { 1 0 10303 214 1 1 1 1 }'));
ENDSEC;
DATA;
#1 = APPLICATION_PROTOCOL_DEFINITION('international standard',
  'automotive_design',2000,#2);
#2 = APPLICATION_CONTEXT(
  'core data for automotive mechanical design processes');
#3 = SHAPE_DEFINITION_REPRESENTATION(#4,#10);
#4 = PRODUCT_DEFINITION_SHAPE('','',#5);
#5 = PRODUCT_DEFINITION('design','',#6,#9);
#6 = PRODUCT_DEFINITION_FORMATION('','',#7);
#7 = PRODUCT('Battery_Door_CORE_insert','Battery_Door_CORE_insert','',(
    #8));
#8 = PRODUCT_CONTEXT('',#2,'mechanical');
#9 = PRODUCT_DEFINITION_CONTEXT('part definition',#2,'design');
#10 = ADVANCED_BREP_SHAPE_REPRESENTATION('',(#11,#15),#3978);
#11 = AXIS2_PLACEMENT_3D('',#12,#13,#14);
#12 = CARTESIAN_POINT('',(0.,0.,0.));
#13 = DIRECTION('',(0.,0.,1.));
#14 = DIRECTION('',(1.,0.,-0.));
#15 = MANIFOLD_SOLID_BREP('',#16);
#16 = CLOSED_SHELL('',(#17,#137,#213,#262,#311,#1325,#1332,#1455,#1500,
    #1594,#1726,#1771,#1879,#2011,#2056,#2164,#2449,#2456,#2482,#2509,
    #2556,#2562,#2589,#2637,#2690,#2736,#2743,#2872,#2917,#2964,#2970,
    #2997,#3045,#3093,#3141,#3187,#3214,#3220,#3244,#3373,#3418,#3465,
    #3471,#3498,#3546,#3594,#3642,#3688,#3715,#3721,#3745,#3790,#3837,
    #3861,#3868,#3892,#3916,#3923,#3947,#3971));
#17 = ADVANCED_FACE('',(#18),#32,.F.);
#18 = FACE_BOUND('',#19,.F.);
#19 = EDGE_LOOP('',(#20,#55,#83,#111));
#20 = ORIENTED_EDGE('',*,*,#21,.F.);
#21 = EDGE_CURVE('',#22,#24,#26,.T.);
#22 = VERTEX_POINT('',#23);
#23 = CARTESIAN_POINT('',(-40.2,-30.15,1.206));
#24 = VERTEX_POINT('',#25);
#25 = CARTESIAN_POINT('',(-40.2,-30.15,25.125));
#26 = SURFACE_CURVE('',#27,(#31,#43),.PCURVE_S1.);
#27 = LINE('',#28,#29);
#28 = CARTESIAN_POINT('',(-40.2,-30.15,-20.1));
#29 = VECTOR('',#30,1.);
#30 = DIRECTION('',(0.,0.,1.));
#31 = PCURVE('',#32,#37);
#32 = PLANE('',#33);
#33 = AXIS2_PLACEMENT_3D('',#34,#35,#36);
#34 = CARTESIAN_POINT('',(-40.2,-30.15,-20.1));
#35 = DIRECTION('',(1.,0.,0.));
#36 = DIRECTION('',(0.,0.,1.));
#37 = DEFINITIONAL_REPRESENTATION('',(#38),#42);
#38 = LINE('',#39,#40);
#39 = CARTESIAN_POINT('',(0.,0.));
#40 = VECTOR('',#41,1.);
#41 = DIRECTION('',(1.,0.));
#42 = ( GEOMETRIC_REPRESENTATION_CONTEXT(2) 
PARAMETRIC_REPRESENTATION_CONTEXT() REPRESENTATION_CONTEXT('2D SPACE',''
  ) );
#43 = PCURVE('',#44,#49);
#44 = PLANE('',#45);
#45 = AXIS2_PLACEMENT_3D('',#46,#47,#48);
#46 = CARTESIAN_POINT('',(-40.2,-30.15,-20.1));
#47 = DIRECTION('',(0.,1.,0.));
#48 = DIRECTION('',(0.,0.,1.));
#49 = DEFINITIONAL_REPRESENTATION('',(#50),#54);
#50 = LINE('',#51,#52);
#51 = CARTESIAN_POINT('',(0.,0.));
#52 = VECTOR('',#53,1.);
#53 = DIRECTION('',(1.,0.));
#54 = ( GEOMETRIC_REPRESENTATION_CONTEXT(2) 
PARAMETRIC_REPRESENTATION_CONTEXT() REPRESENTATION_CONTEXT('2D SPACE',''
  ) );
#55 = ORIENTED_EDGE('',*,*,#56,.F.);
#56 = EDGE_CURVE('',#57,#22,#59,.T.);
#57 = VERTEX_POINT('',#58);
#58 = CARTESIAN_POINT('',(-40.2,50.25,1.206));
#59 = SURFACE_CURVE('',#60,(#64,#71),.PCURVE_S1.);
#60 = LINE('',#61,#62);
#61 = CARTESIAN_POINT('',(-40.2,-115.575,1.206));
#62 = VECTOR('',#63,1.);
#63 = DIRECTION('',(0.,-1.,0.));
#64 = PCURVE('',#32,#65);
#65 = DEFINITIONAL_REPRESENTATION('',(#66),#70);
#66 = LINE('',#67,#68);
#67 = CARTESIAN_POINT('',(21.306,85.425));
#68 = VECTOR('',#69,1.);
#69 = DIRECTION('',(0.,1.));
#70 = ( GEOMETRIC_REPRESENTATION_CONTEXT(2) 
PARAMETRIC_REPRESENTATION_CONTEXT() REPRESENTATION_CONTEXT('2D SPACE',''
  ) );
#71 = PCURVE('',#72,#77);
#72 = PLANE('',#73);
#73 = AXIS2_PLACEMENT_3D('',#74,#75,#76);
#74 = CARTESIAN_POINT('',(-201.,-201.,1.206));
#75 = DIRECTION('',(0.,0.,1.));
#76 = DIRECTION('',(1.,0.,0.));
#77 = DEFINITIONAL_REPRESENTATION('',(#78),#82);
#78 = LINE('',#79,#80);
#79 = CARTESIAN_POINT('',(160.8,85.425));
#80 = VECTOR('',#81,1.);
#81 = DIRECTION('',(0.,-1.));
#82 = ( GEOMETRIC_REPRESENTATION_CONTEXT(2) 
PARAMETRIC_REPRESENTATION_CONTEXT() REPRESENTATION_CONTEXT('2D SPACE',''
  ) );
#83 = ORIENTED_EDGE('',*,*,#84,.T.);
#84 = EDGE_CURVE('',#57,#85,#87,.T.);
#85 = VERTEX_POINT('',#86);
#86 = CARTESIAN_POINT('',(-40.2,50.25,25.125));
#87 = SURFACE_CURVE('',#88,(#92,#99),.PCURVE_S1.);
#88 = LINE('',#89,#90);
#89 = CARTESIAN_POINT('',(-40.2,50.25,-20.1));
#90 = VECTOR('',#91,1.);
#91 = DIRECTION('',(0.,0.,1.));
#92 = PCURVE('',#32,#93);
#93 = DEFINITIONAL_REPRESENTATION('',(#94),#98);
#94 = LINE('',#95,#96);
#95 = CARTESIAN_POINT('',(0.,-80.4));
#96 = VECTOR('',#97,1.);
#97 = DIRECTION('',(1.,0.));
#98 = ( GEOMETRIC_REPRESENTATION_CONTEXT(2) 
PARAMETRIC_REPRESENTATION_CONTEXT() REPRESENTATION_CONTEXT('2D SPACE',''
  ) );
#99 = PCURVE('',#100,#105);
#100 = PLANE('',#101);
#101 = AXIS2_PLACEMENT_3D('',#102,#103,#104);
#102 = CARTESIAN_POINT('',(-40.2,50.25,-20.1));
#103 = DIRECTION('',(0.,1.,0.));
#104 = DIRECTION('',(0.,0.,1.));
#105 = DEFINITIONAL_REPRESENTATION('',(#106),#110);
#106 = LINE('',#107,#108);
#107 = CARTESIAN_POINT('',(0.,0.));
#108 = VECTOR('',#109,1.);
#109 = DIRECTION('',(1.,0.));
#110 = ( GEOMETRIC_REPRESENTATION_CONTEXT(2) 
PARAMETRIC_REPRESENTATION_CONTEXT() REPRESENTATION_CONTEXT('2D SPACE',''
  ) );
#111 = ORIENTED_EDGE('',*,*,#112,.F.);
#112 = EDGE_CURVE('',#24,#85,#113,.T.);
#113 = SURFACE_CURVE('',#114,(#118,#125),.PCURVE_S1.);
#114 = LINE('',#115,#116);
#115 = CARTESIAN_POINT('',(-40.2,-30.15,25.125));
#116 = VECTOR('',#117,1.);
#117 = DIRECTION('',(0.,1.,0.));
#118 = PCURVE('',#32,#119);
#119 = DEFINITIONAL_REPRESENTATION('',(#120),#124);
#120 = LINE('',#121,#122);
#121 = CARTESIAN_POINT('',(45.225,0.));
#122 = VECTOR('',#123,1.);
#123 = DIRECTION('',(0.,-1.));
#124 = ( GEOMETRIC_REPRESENTATION_CONTEXT(2) 
PARAMETRIC_REPRESENTATION_CONTEXT() REPRESENTATION_CONTEXT('2D SPACE',''
  ) );
#125 = PCURVE('',#126,#131);
#126 = PLANE('',#127);
#127 = AXIS2_PLACEMENT_3D('',#128,#129,#130);
#128 = CARTESIAN_POINT('',(-40.2,-30.15,25.125));
#129 = DIRECTION('',(0.,0.,1.));
#130 = DIRECTION('',(1.,0.,0.));
#131 = DEFINITIONAL_REPRESENTATION('',(#132),#136);
#132 = LINE('',#133,#134);
#133 = CARTESIAN_POINT('',(0.,0.));
#134 = VECTOR('',#135,1.);
#135 = DIRECTION('',(0.,1.));
#136 = ( GEOMETRIC_REPRESENTATION_CONTEXT(2) 
PARAMETRIC_REPRESENTATION_CONTEXT() REPRESENTATION_CONTEXT('2D SPACE',''
  ) );
#137 = ADVANCED_FACE('',(#138),#44,.F.);
#138 = FACE_BOUND('',#139,.F.);
#139 = EDGE_LOOP('',(#140,#170,#191,#192));
#140 = ORIENTED_EDGE('',*,*,#141,.F.);
#141 = EDGE_CURVE('',#142,#144,#146,.T.);
#142 = VERTEX_POINT('',#143);
#143 = CARTESIAN_POINT('',(40.2,-30.15,1.206));
#144 = VERTEX_POINT('',#145);
#145 = CARTESIAN_POINT('',(40.2,-30.15,25.125));
#146 = SURFACE_CURVE('',#147,(#151,#158),.PCURVE_S1.);
#147 = LINE('',#148,#149);
#148 = CARTESIAN_POINT('',(40.2,-30.15,-20.1));
#149 = VECTOR('',#150,1.);
#150 = DIRECTION('',(0.,0.,1.));
#151 = PCURVE('',#44,#152);
#152 = DEFINITIONAL_REPRESENTATION('',(#153),#157);
#153 = LINE('',#154,#155);
#154 = CARTESIAN_POINT('',(0.,80.4));
#155 = VECTOR('',#156,1.);
#156 = DIRECTION('',(1.,0.));
#157 = ( GEOMETRIC_REPRESENTATION_CONTEXT(2) 
PARAMETRIC_REPRESENTATION_CONTEXT() REPRESENTATION_CONTEXT('2D SPACE',''
  ) );
#158 = PCURVE('',#159,#164);
#159 = PLANE('',#160);
#160 = AXIS2_PLACEMENT_3D('',#161,#162,#163);
#161 = CARTESIAN_POINT('',(40.2,-30.15,-20.1));
#162 = DIRECTION('',(1.,0.,0.));
#163 = DIRECTION('',(0.,0.,1.));
#164 = DEFINITIONAL_REPRESENTATION('',(#165),#169);
#165 = LINE('',#166,#167);
#166 = CARTESIAN_POINT('',(0.,0.));
#167 = VECTOR('',#168,1.);
#168 = DIRECTION('',(1.,0.));
#169 = ( GEOMETRIC_REPRESENTATION_CONTEXT(2) 
PARAMETRIC_REPRESENTATION_CONTEXT() REPRESENTATION_CONTEXT('2D SPACE',''
  ) );
#170 = ORIENTED_EDGE('',*,*,#171,.F.);
#171 = EDGE_CURVE('',#22,#142,#172,.T.);
#172 = SURFACE_CURVE('',#173,(#177,#184),.PCURVE_S1.);
#173 = LINE('',#174,#175);
#174 = CARTESIAN_POINT('',(-120.6,-30.15,1.206));
#175 = VECTOR('',#176,1.);
#176 = DIRECTION('',(1.,0.,0.));
#177 = PCURVE('',#44,#178);
#178 = DEFINITIONAL_REPRESENTATION('',(#179),#183);
#179 = LINE('',#180,#181);
#180 = CARTESIAN_POINT('',(21.306,-80.4));
#181 = VECTOR('',#182,1.);
#182 = DIRECTION('',(0.,1.));
#183 = ( GEOMETRIC_REPRESENTATION_CONTEXT(2) 
PARAMETRIC_REPRESENTATION_CONTEXT() REPRESENTATION_CONTEXT('2D SPACE',''
  ) );
#184 = PCURVE('',#72,#185);
#185 = DEFINITIONAL_REPRESENTATION('',(#186),#190);
#186 = LINE('',#187,#188);
#187 = CARTESIAN_POINT('',(80.4,170.85));
#188 = VECTOR('',#189,1.);
#189 = DIRECTION('',(1.,0.));
#190 = ( GEOMETRIC_REPRESENTATION_CONTEXT(2) 
PARAMETRIC_REPRESENTATION_CONTEXT() REPRESENTATION_CONTEXT('2D SPACE',''
  ) );
#191 = ORIENTED_EDGE('',*,*,#21,.T.);
#192 = ORIENTED_EDGE('',*,*,#193,.T.);
#193 = EDGE_CURVE('',#24,#144,#194,.T.);
#194 = SURFACE_CURVE('',#195,(#199,#206),.PCURVE_S1.);
#195 = LINE('',#196,#197);
#196 = CARTESIAN_POINT('',(-40.2,-30.15,25.125));
#197 = VECTOR('',#198,1.);
#198 = DIRECTION('',(1.,0.,0.));
#199 = PCURVE('',#44,#200);
#200 = DEFINITIONAL_REPRESENTATION('',(#201),#205);
#201 = LINE('',#202,#203);
#202 = CARTESIAN_POINT('',(45.225,0.));
#203 = VECTOR('',#204,1.);
#204 = DIRECTION('',(0.,1.));
#205 = ( GEOMETRIC_REPRESENTATION_CONTEXT(2) 
PARAMETRIC_REPRESENTATION_CONTEXT() REPRESENTATION_CONTEXT('2D SPACE',''
  ) );
#206 = PCURVE('',#126,#207);
#207 = DEFINITIONAL_REPRESENTATION('',(#208),#212);
#208 = LINE('',#209,#210);
#209 = CARTESIAN_POINT('',(0.,0.));
#210 = VECTOR('',#211,1.);
#211 = DIRECTION('',(1.,0.));
#212 = ( GEOMETRIC_REPRESENTATION_CONTEXT(2) 
PARAMETRIC_REPRESENTATION_CONTEXT() REPRESENTATION_CONTEXT('2D SPACE',''
  ) );
#213 = ADVANCED_FACE('',(#214),#126,.T.);
#214 = FACE_BOUND('',#215,.T.);
#215 = EDGE_LOOP('',(#216,#217,#218,#241));
#216 = ORIENTED_EDGE('',*,*,#112,.F.);
#217 = ORIENTED_EDGE('',*,*,#193,.T.);
#218 = ORIENTED_EDGE('',*,*,#219,.T.);
#219 = EDGE_CURVE('',#144,#220,#222,.T.);
#220 = VERTEX_POINT('',#221);
#221 = CARTESIAN_POINT('',(40.2,50.25,25.125));
#222 = SURFACE_CURVE('',#223,(#227,#234),.PCURVE_S1.);
#223 = LINE('',#224,#225);
#224 = CARTESIAN_POINT('',(40.2,-30.15,25.125));
#225 = VECTOR('',#226,1.);
#226 = DIRECTION('',(0.,1.,0.));
#227 = PCURVE('',#126,#228);
#228 = DEFINITIONAL_REPRESENTATION('',(#229),#233);
#229 = LINE('',#230,#231);
#230 = CARTESIAN_POINT('',(80.4,0.));
#231 = VECTOR('',#232,1.);
#232 = DIRECTION('',(0.,1.));
#233 = ( GEOMETRIC_REPRESENTATION_CONTEXT(2) 
PARAMETRIC_REPRESENTATION_CONTEXT() REPRESENTATION_CONTEXT('2D SPACE',''
  ) );
#234 = PCURVE('',#159,#235);
#235 = DEFINITIONAL_REPRESENTATION('',(#236),#240);
#236 = LINE('',#237,#238);
#237 = CARTESIAN_POINT('',(45.225,0.));
#238 = VECTOR('',#239,1.);
#239 = DIRECTION('',(0.,-1.));
#240 = ( GEOMETRIC_REPRESENTATION_CONTEXT(2) 
PARAMETRIC_REPRESENTATION_CONTEXT() REPRESENTATION_CONTEXT('2D SPACE',''
  ) );
#241 = ORIENTED_EDGE('',*,*,#242,.F.);
#242 = EDGE_CURVE('',#85,#220,#243,.T.);
#243 = SURFACE_CURVE('',#244,(#248,#255),.PCURVE_S1.);
#244 = LINE('',#245,#246);
#245 = CARTESIAN_POINT('',(-40.2,50.25,25.125));
#246 = VECTOR('',#247,1.);
#247 = DIRECTION('',(1.,0.,0.));
#248 = PCURVE('',#126,#249);
#249 = DEFINITIONAL_REPRESENTATION('',(#250),#254);
#250 = LINE('',#251,#252);
#251 = CARTESIAN_POINT('',(0.,80.4));
#252 = VECTOR('',#253,1.);
#253 = DIRECTION('',(1.,0.));
#254 = ( GEOMETRIC_REPRESENTATION_CONTEXT(2) 
PARAMETRIC_REPRESENTATION_CONTEXT() REPRESENTATION_CONTEXT('2D SPACE',''
  ) );
#255 = PCURVE('',#100,#256);
#256 = DEFINITIONAL_REPRESENTATION('',(#257),#261);
#257 = LINE('',#258,#259);
#258 = CARTESIAN_POINT('',(45.225,0.));
#259 = VECTOR('',#260,1.);
#260 = DIRECTION('',(0.,1.));
#261 = ( GEOMETRIC_REPRESENTATION_CONTEXT(2) 
PARAMETRIC_REPRESENTATION_CONTEXT() REPRESENTATION_CONTEXT('2D SPACE',''
  ) );
#262 = ADVANCED_FACE('',(#263),#100,.T.);
#263 = FACE_BOUND('',#264,.T.);
#264 = EDGE_LOOP('',(#265,#288,#309,#310));
#265 = ORIENTED_EDGE('',*,*,#266,.F.);
#266 = EDGE_CURVE('',#267,#220,#269,.T.);
#267 = VERTEX_POINT('',#268);
#268 = CARTESIAN_POINT('',(40.2,50.25,1.206));
#269 = SURFACE_CURVE('',#270,(#274,#281),.PCURVE_S1.);
#270 = LINE('',#271,#272);
#271 = CARTESIAN_POINT('',(40.2,50.25,-20.1));
#272 = VECTOR('',#273,1.);
#273 = DIRECTION('',(0.,0.,1.));
#274 = PCURVE('',#100,#275);
#275 = DEFINITIONAL_REPRESENTATION('',(#276),#280);
#276 = LINE('',#277,#278);
#277 = CARTESIAN_POINT('',(0.,80.4));
#278 = VECTOR('',#279,1.);
#279 = DIRECTION('',(1.,0.));
#280 = ( GEOMETRIC_REPRESENTATION_CONTEXT(2) 
PARAMETRIC_REPRESENTATION_CONTEXT() REPRESENTATION_CONTEXT('2D SPACE',''
  ) );
#281 = PCURVE('',#159,#282);
#282 = DEFINITIONAL_REPRESENTATION('',(#283),#287);
#283 = LINE('',#284,#285);
#284 = CARTESIAN_POINT('',(0.,-80.4));
#285 = VECTOR('',#286,1.);
#286 = DIRECTION('',(1.,0.));
#287 = ( GEOMETRIC_REPRESENTATION_CONTEXT(2) 
PARAMETRIC_REPRESENTATION_CONTEXT() REPRESENTATION_CONTEXT('2D SPACE',''
  ) );
#288 = ORIENTED_EDGE('',*,*,#289,.F.);
#289 = EDGE_CURVE('',#57,#267,#290,.T.);
#290 = SURFACE_CURVE('',#291,(#295,#302),.PCURVE_S1.);
#291 = LINE('',#292,#293);
#292 = CARTESIAN_POINT('',(-120.6,50.25,1.206));
#293 = VECTOR('',#294,1.);
#294 = DIRECTION('',(1.,0.,0.));
#295 = PCURVE('',#100,#296);
#296 = DEFINITIONAL_REPRESENTATION('',(#297),#301);
#297 = LINE('',#298,#299);
#298 = CARTESIAN_POINT('',(21.306,-80.4));
#299 = VECTOR('',#300,1.);
#300 = DIRECTION('',(0.,1.));
#301 = ( GEOMETRIC_REPRESENTATION_CONTEXT(2) 
PARAMETRIC_REPRESENTATION_CONTEXT() REPRESENTATION_CONTEXT('2D SPACE',''
  ) );
#302 = PCURVE('',#72,#303);
#303 = DEFINITIONAL_REPRESENTATION('',(#304),#308);
#304 = LINE('',#305,#306);
#305 = CARTESIAN_POINT('',(80.4,251.25));
#306 = VECTOR('',#307,1.);
#307 = DIRECTION('',(1.,0.));
#308 = ( GEOMETRIC_REPRESENTATION_CONTEXT(2) 
PARAMETRIC_REPRESENTATION_CONTEXT() REPRESENTATION_CONTEXT('2D SPACE',''
  ) );
#309 = ORIENTED_EDGE('',*,*,#84,.T.);
#310 = ORIENTED_EDGE('',*,*,#242,.T.);
#311 = ADVANCED_FACE('',(#312,#338,#667,#996),#72,.F.);
#312 = FACE_BOUND('',#313,.F.);
#313 = EDGE_LOOP('',(#314,#315,#316,#317));
#314 = ORIENTED_EDGE('',*,*,#289,.F.);
#315 = ORIENTED_EDGE('',*,*,#56,.T.);
#316 = ORIENTED_EDGE('',*,*,#171,.T.);
#317 = ORIENTED_EDGE('',*,*,#318,.F.);
#318 = EDGE_CURVE('',#267,#142,#319,.T.);
#319 = SURFACE_CURVE('',#320,(#324,#331),.PCURVE_S1.);
#320 = LINE('',#321,#322);
#321 = CARTESIAN_POINT('',(40.2,-115.575,1.206));
#322 = VECTOR('',#323,1.);
#323 = DIRECTION('',(0.,-1.,0.));
#324 = PCURVE('',#72,#325);
#325 = DEFINITIONAL_REPRESENTATION('',(#326),#330);
#326 = LINE('',#327,#328);
#327 = CARTESIAN_POINT('',(241.2,85.425));
#328 = VECTOR('',#329,1.);
#329 = DIRECTION('',(0.,-1.));
#330 = ( GEOMETRIC_REPRESENTATION_CONTEXT(2) 
PARAMETRIC_REPRESENTATION_CONTEXT() REPRESENTATION_CONTEXT('2D SPACE',''
  ) );
#331 = PCURVE('',#159,#332);
#332 = DEFINITIONAL_REPRESENTATION('',(#333),#337);
#333 = LINE('',#334,#335);
#334 = CARTESIAN_POINT('',(21.306,85.425));
#335 = VECTOR('',#336,1.);
#336 = DIRECTION('',(0.,1.));
#337 = ( GEOMETRIC_REPRESENTATION_CONTEXT(2) 
PARAMETRIC_REPRESENTATION_CONTEXT() REPRESENTATION_CONTEXT('2D SPACE',''
  ) );
#338 = FACE_BOUND('',#339,.F.);
#339 = EDGE_LOOP('',(#340,#367,#392,#417,#445,#473,#501,#529,#557,#585,
    #613,#641));
#340 = ORIENTED_EDGE('',*,*,#341,.T.);
#341 = EDGE_CURVE('',#342,#344,#346,.T.);
#342 = VERTEX_POINT('',#343);
#343 = CARTESIAN_POINT('',(13.064824576597,28.363805042329,1.206));
#344 = VERTEX_POINT('',#345);
#345 = CARTESIAN_POINT('',(13.064824576597,27.336175423403,1.206));
#346 = SURFACE_CURVE('',#347,(#350,#356),.PCURVE_S1.);
#347 = B_SPLINE_CURVE_WITH_KNOTS('',1,(#348,#349),.UNSPECIFIED.,.F.,.F.,
  (2,2),(0.,1.),.PIECEWISE_BEZIER_KNOTS.);
#348 = CARTESIAN_POINT('',(13.064824576597,28.441324576597,1.206));
#349 = CARTESIAN_POINT('',(13.064824576597,27.336175423403,1.206));
#350 = PCURVE('',#72,#351);
#351 = DEFINITIONAL_REPRESENTATION('',(#352),#355);
#352 = B_SPLINE_CURVE_WITH_KNOTS('',1,(#353,#354),.UNSPECIFIED.,.F.,.F.,
  (2,2),(0.,1.),.PIECEWISE_BEZIER_KNOTS.);
#353 = CARTESIAN_POINT('',(214.06482457659,229.44132457659));
#354 = CARTESIAN_POINT('',(214.06482457659,228.3361754234));
#355 = ( GEOMETRIC_REPRESENTATION_CONTEXT(2) 
PARAMETRIC_REPRESENTATION_CONTEXT() REPRESENTATION_CONTEXT('2D SPACE',''
  ) );
#356 = PCURVE('',#357,#362);
#357 = B_SPLINE_SURFACE_WITH_KNOTS('',1,1,(
    (#358,#359)
    ,(#360,#361
    )),.UNSPECIFIED.,.F.,.F.,.F.,(2,2),(2,2),(-0.55,0.55),(0.,1.),
  .PIECEWISE_BEZIER_KNOTS.);
#358 = CARTESIAN_POINT('',(13.065,27.336,1.19595));
#359 = CARTESIAN_POINT('',(13.035002598168,27.365997401832,2.9145));
#360 = CARTESIAN_POINT('',(13.065,28.4415,1.19595));
#361 = CARTESIAN_POINT('',(13.035002598168,28.411502598168,2.9145));
#362 = DEFINITIONAL_REPRESENTATION('',(#363),#366);
#363 = B_SPLINE_CURVE_WITH_KNOTS('',1,(#364,#365),.UNSPECIFIED.,.F.,.F.,
  (2,2),(7.014395662762E-02,1.),.PIECEWISE_BEZIER_KNOTS.);
#364 = CARTESIAN_POINT('',(0.47284164771,5.847953216374E-03));
#365 = CARTESIAN_POINT('',(-0.55,5.847953216374E-03));
#366 = ( GEOMETRIC_REPRESENTATION_CONTEXT(2) 
PARAMETRIC_REPRESENTATION_CONTEXT() REPRESENTATION_CONTEXT('2D SPACE',''
  ) );
#367 = ORIENTED_EDGE('',*,*,#368,.T.);
#368 = EDGE_CURVE('',#344,#369,#371,.T.);
#369 = VERTEX_POINT('',#370);
#370 = CARTESIAN_POINT('',(7.035175423403,27.336175423403,1.206));
#371 = SURFACE_CURVE('',#372,(#375,#381),.PCURVE_S1.);
#372 = B_SPLINE_CURVE_WITH_KNOTS('',1,(#373,#374),.UNSPECIFIED.,.F.,.F.,
  (2,2),(0.,1.),.PIECEWISE_BEZIER_KNOTS.);
#373 = CARTESIAN_POINT('',(13.064824576597,27.336175423403,1.206));
#374 = CARTESIAN_POINT('',(7.035175423403,27.336175423403,1.206));
#375 = PCURVE('',#72,#376);
#376 = DEFINITIONAL_REPRESENTATION('',(#377),#380);
#377 = B_SPLINE_CURVE_WITH_KNOTS('',1,(#378,#379),.UNSPECIFIED.,.F.,.F.,
  (2,2),(0.,1.),.PIECEWISE_BEZIER_KNOTS.);
#378 = CARTESIAN_POINT('',(214.06482457659,228.3361754234));
#379 = CARTESIAN_POINT('',(208.0351754234,228.3361754234));
#380 = ( GEOMETRIC_REPRESENTATION_CONTEXT(2) 
PARAMETRIC_REPRESENTATION_CONTEXT() REPRESENTATION_CONTEXT('2D SPACE',''
  ) );
#381 = PCURVE('',#382,#387);
#382 = B_SPLINE_SURFACE_WITH_KNOTS('',1,1,(
    (#383,#384)
    ,(#385,#386
  )),.UNSPECIFIED.,.F.,.F.,.F.,(2,2),(2,2),(-3.,3.),(0.,1.),
  .PIECEWISE_BEZIER_KNOTS.);
#383 = CARTESIAN_POINT('',(7.035,27.336,1.19595));
#384 = CARTESIAN_POINT('',(7.064997401832,27.365997401832,2.9145));
#385 = CARTESIAN_POINT('',(13.065,27.336,1.19595));
#386 = CARTESIAN_POINT('',(13.035002598168,27.365997401832,2.9145));
#387 = DEFINITIONAL_REPRESENTATION('',(#388),#391);
#388 = B_SPLINE_CURVE_WITH_KNOTS('',1,(#389,#390),.UNSPECIFIED.,.F.,.F.,
  (2,2),(0.,1.),.PIECEWISE_BEZIER_KNOTS.);
#389 = CARTESIAN_POINT('',(3.,5.847953216374E-03));
#390 = CARTESIAN_POINT('',(-3.,5.847953216374E-03));
#391 = ( GEOMETRIC_REPRESENTATION_CONTEXT(2) 
PARAMETRIC_REPRESENTATION_CONTEXT() REPRESENTATION_CONTEXT('2D SPACE',''
  ) );
#392 = ORIENTED_EDGE('',*,*,#393,.T.);
#393 = EDGE_CURVE('',#369,#394,#396,.T.);
#394 = VERTEX_POINT('',#395);
#395 = CARTESIAN_POINT('',(7.035175423403,28.363805042329,1.206));
#396 = SURFACE_CURVE('',#397,(#400,#406),.PCURVE_S1.);
#397 = B_SPLINE_CURVE_WITH_KNOTS('',1,(#398,#399),.UNSPECIFIED.,.F.,.F.,
  (2,2),(0.,1.),.PIECEWISE_BEZIER_KNOTS.);
#398 = CARTESIAN_POINT('',(7.035175423403,27.336175423403,1.206));
#399 = CARTESIAN_POINT('',(7.035175423403,28.441324576597,1.206));
#400 = PCURVE('',#72,#401);
#401 = DEFINITIONAL_REPRESENTATION('',(#402),#405);
#402 = B_SPLINE_CURVE_WITH_KNOTS('',1,(#403,#404),.UNSPECIFIED.,.F.,.F.,
  (2,2),(0.,1.),.PIECEWISE_BEZIER_KNOTS.);
#403 = CARTESIAN_POINT('',(208.0351754234,228.3361754234));
#404 = CARTESIAN_POINT('',(208.0351754234,229.44132457659));
#405 = ( GEOMETRIC_REPRESENTATION_CONTEXT(2) 
PARAMETRIC_REPRESENTATION_CONTEXT() REPRESENTATION_CONTEXT('2D SPACE',''
  ) );
#406 = PCURVE('',#407,#412);
#407 = B_SPLINE_SURFACE_WITH_KNOTS('',1,1,(
    (#408,#409)
    ,(#410,#411
    )),.UNSPECIFIED.,.F.,.F.,.F.,(2,2),(2,2),(-0.55,0.55),(0.,1.),
  .PIECEWISE_BEZIER_KNOTS.);
#408 = CARTESIAN_POINT('',(7.035,28.4415,1.19595));
#409 = CARTESIAN_POINT('',(7.064997401832,28.411502598168,2.9145));
#410 = CARTESIAN_POINT('',(7.035,27.336,1.19595));
#411 = CARTESIAN_POINT('',(7.064997401832,27.365997401832,2.9145));
#412 = DEFINITIONAL_REPRESENTATION('',(#413),#416);
#413 = B_SPLINE_CURVE_WITH_KNOTS('',1,(#414,#415),.UNSPECIFIED.,.F.,.F.,
  (2,2),(0.,0.929856043372),.PIECEWISE_BEZIER_KNOTS.);
#414 = CARTESIAN_POINT('',(0.55,5.847953216374E-03));
#415 = CARTESIAN_POINT('',(-0.47284164771,5.847953216374E-03));
#416 = ( GEOMETRIC_REPRESENTATION_CONTEXT(2) 
PARAMETRIC_REPRESENTATION_CONTEXT() REPRESENTATION_CONTEXT('2D SPACE',''
  ) );
#417 = ORIENTED_EDGE('',*,*,#418,.T.);
#418 = EDGE_CURVE('',#394,#419,#421,.T.);
#419 = VERTEX_POINT('',#420);
#420 = CARTESIAN_POINT('',(7.05096352963,28.379593148556,1.206));
#421 = SURFACE_CURVE('',#422,(#426,#433),.PCURVE_S1.);
#422 = LINE('',#423,#424);
#423 = CARTESIAN_POINT('',(-102.3106226297,-80.98199301081,1.206));
#424 = VECTOR('',#425,1.);
#425 = DIRECTION('',(0.707106781187,0.707106781187,-0.));
#426 = PCURVE('',#72,#427);
#427 = DEFINITIONAL_REPRESENTATION('',(#428),#432);
#428 = LINE('',#429,#430);
#429 = CARTESIAN_POINT('',(98.689377370264,120.01800698918));
#430 = VECTOR('',#431,1.);
#431 = DIRECTION('',(0.707106781187,0.707106781187));
#432 = ( GEOMETRIC_REPRESENTATION_CONTEXT(2) 
PARAMETRIC_REPRESENTATION_CONTEXT() REPRESENTATION_CONTEXT('2D SPACE',''
  ) );
#433 = PCURVE('',#434,#439);
#434 = PLANE('',#435);
#435 = AXIS2_PLACEMENT_3D('',#436,#437,#438);
#436 = CARTESIAN_POINT('',(7.043069549985,28.371699168911,1.658254209014
    ));
#437 = DIRECTION('',(-0.707106781187,0.707106781187,0.));
#438 = DIRECTION('',(-1.744974916068E-02,-1.744974916068E-02,
    -0.999695459882));
#439 = DEFINITIONAL_REPRESENTATION('',(#440),#444);
#440 = LINE('',#441,#442);
#441 = CARTESIAN_POINT('',(4.268505476125,154.59121702588));
#442 = VECTOR('',#443,1.);
#443 = DIRECTION('',(-2.467767192304E-02,-0.999695459882));
#444 = ( GEOMETRIC_REPRESENTATION_CONTEXT(2) 
PARAMETRIC_REPRESENTATION_CONTEXT() REPRESENTATION_CONTEXT('2D SPACE',''
  ) );
#445 = ORIENTED_EDGE('',*,*,#446,.F.);
#446 = EDGE_CURVE('',#447,#419,#449,.T.);
#447 = VERTEX_POINT('',#448);
#448 = CARTESIAN_POINT('',(7.05096352963,28.39125,1.206));
#449 = SURFACE_CURVE('',#450,(#454,#461),.PCURVE_S1.);
#450 = LINE('',#451,#452);
#451 = CARTESIAN_POINT('',(7.05096352963,-86.37215531255,1.206));
#452 = VECTOR('',#453,1.);
#453 = DIRECTION('',(2.627714384022E-15,-1.,0.));
#454 = PCURVE('',#72,#455);
#455 = DEFINITIONAL_REPRESENTATION('',(#456),#460);
#456 = LINE('',#457,#458);
#457 = CARTESIAN_POINT('',(208.05096352963,114.62784468744));
#458 = VECTOR('',#459,1.);
#459 = DIRECTION('',(2.627714384022E-15,-1.));
#460 = ( GEOMETRIC_REPRESENTATION_CONTEXT(2) 
PARAMETRIC_REPRESENTATION_CONTEXT() REPRESENTATION_CONTEXT('2D SPACE',''
  ) );
#461 = PCURVE('',#462,#467);
#462 = PLANE('',#463);
#463 = AXIS2_PLACEMENT_3D('',#464,#465,#466);
#464 = CARTESIAN_POINT('',(7.05096352963,28.255689374881,2.1105));
#465 = DIRECTION('',(1.,2.627714384022E-15,0.));
#466 = DIRECTION('',(-2.627714384022E-15,1.,0.));
#467 = DEFINITIONAL_REPRESENTATION('',(#468),#472);
#468 = LINE('',#469,#470);
#469 = CARTESIAN_POINT('',(-114.6278446874,-0.9045));
#470 = VECTOR('',#471,1.);
#471 = DIRECTION('',(-1.,0.));
#472 = ( GEOMETRIC_REPRESENTATION_CONTEXT(2) 
PARAMETRIC_REPRESENTATION_CONTEXT() REPRESENTATION_CONTEXT('2D SPACE',''
  ) );
#473 = ORIENTED_EDGE('',*,*,#474,.T.);
#474 = EDGE_CURVE('',#447,#475,#477,.T.);
#475 = VERTEX_POINT('',#476);
#476 = CARTESIAN_POINT('',(7.035,28.39125,1.206));
#477 = SURFACE_CURVE('',#478,(#482,#489),.PCURVE_S1.);
#478 = LINE('',#479,#480);
#479 = CARTESIAN_POINT('',(-96.9825,28.39125,1.206));
#480 = VECTOR('',#481,1.);
#481 = DIRECTION('',(-1.,0.,0.));
#482 = PCURVE('',#72,#483);
#483 = DEFINITIONAL_REPRESENTATION('',(#484),#488);
#484 = LINE('',#485,#486);
#485 = CARTESIAN_POINT('',(104.0175,229.39125));
#486 = VECTOR('',#487,1.);
#487 = DIRECTION('',(-1.,0.));
#488 = ( GEOMETRIC_REPRESENTATION_CONTEXT(2) 
PARAMETRIC_REPRESENTATION_CONTEXT() REPRESENTATION_CONTEXT('2D SPACE',''
  ) );
#489 = PCURVE('',#490,#495);
#490 = PLANE('',#491);
#491 = AXIS2_PLACEMENT_3D('',#492,#493,#494);
#492 = CARTESIAN_POINT('',(7.035,28.39125,2.1105));
#493 = DIRECTION('',(0.,-1.,0.));
#494 = DIRECTION('',(1.,0.,0.));
#495 = DEFINITIONAL_REPRESENTATION('',(#496),#500);
#496 = LINE('',#497,#498);
#497 = CARTESIAN_POINT('',(-104.0175,-0.9045));
#498 = VECTOR('',#499,1.);
#499 = DIRECTION('',(-1.,0.));
#500 = ( GEOMETRIC_REPRESENTATION_CONTEXT(2) 
PARAMETRIC_REPRESENTATION_CONTEXT() REPRESENTATION_CONTEXT('2D SPACE',''
  ) );
#501 = ORIENTED_EDGE('',*,*,#502,.F.);
#502 = EDGE_CURVE('',#503,#475,#505,.T.);
#503 = VERTEX_POINT('',#504);
#504 = CARTESIAN_POINT('',(7.035,29.949,1.206));
#505 = SURFACE_CURVE('',#506,(#510,#517),.PCURVE_S1.);
#506 = LINE('',#507,#508);
#507 = CARTESIAN_POINT('',(7.035,-86.304375,1.206));
#508 = VECTOR('',#509,1.);
#509 = DIRECTION('',(-0.,-1.,0.));
#510 = PCURVE('',#72,#511);
#511 = DEFINITIONAL_REPRESENTATION('',(#512),#516);
#512 = LINE('',#513,#514);
#513 = CARTESIAN_POINT('',(208.035,114.695625));
#514 = VECTOR('',#515,1.);
#515 = DIRECTION('',(0.,-1.));
#516 = ( GEOMETRIC_REPRESENTATION_CONTEXT(2) 
PARAMETRIC_REPRESENTATION_CONTEXT() REPRESENTATION_CONTEXT('2D SPACE',''
  ) );
#517 = PCURVE('',#518,#523);
#518 = PLANE('',#519);
#519 = AXIS2_PLACEMENT_3D('',#520,#521,#522);
#520 = CARTESIAN_POINT('',(7.035,28.39125,2.1105));
#521 = DIRECTION('',(1.,-0.,0.));
#522 = DIRECTION('',(0.,1.,0.));
#523 = DEFINITIONAL_REPRESENTATION('',(#524),#528);
#524 = LINE('',#525,#526);
#525 = CARTESIAN_POINT('',(-114.695625,-0.9045));
#526 = VECTOR('',#527,1.);
#527 = DIRECTION('',(-1.,0.));
#528 = ( GEOMETRIC_REPRESENTATION_CONTEXT(2) 
PARAMETRIC_REPRESENTATION_CONTEXT() REPRESENTATION_CONTEXT('2D SPACE',''
  ) );
#529 = ORIENTED_EDGE('',*,*,#530,.F.);
#530 = EDGE_CURVE('',#531,#503,#533,.T.);
#531 = VERTEX_POINT('',#532);
#532 = CARTESIAN_POINT('',(13.065,29.949,1.206));
#533 = SURFACE_CURVE('',#534,(#538,#545),.PCURVE_S1.);
#534 = LINE('',#535,#536);
#535 = CARTESIAN_POINT('',(-96.9825,29.949,1.206));
#536 = VECTOR('',#537,1.);
#537 = DIRECTION('',(-1.,0.,0.));
#538 = PCURVE('',#72,#539);
#539 = DEFINITIONAL_REPRESENTATION('',(#540),#544);
#540 = LINE('',#541,#542);
#541 = CARTESIAN_POINT('',(104.0175,230.949));
#542 = VECTOR('',#543,1.);
#543 = DIRECTION('',(-1.,0.));
#544 = ( GEOMETRIC_REPRESENTATION_CONTEXT(2) 
PARAMETRIC_REPRESENTATION_CONTEXT() REPRESENTATION_CONTEXT('2D SPACE',''
  ) );
#545 = PCURVE('',#546,#551);
#546 = PLANE('',#547);
#547 = AXIS2_PLACEMENT_3D('',#548,#549,#550);
#548 = CARTESIAN_POINT('',(7.035,29.949,2.1105));
#549 = DIRECTION('',(0.,-1.,0.));
#550 = DIRECTION('',(1.,0.,0.));
#551 = DEFINITIONAL_REPRESENTATION('',(#552),#556);
#552 = LINE('',#553,#554);
#553 = CARTESIAN_POINT('',(-104.0175,-0.9045));
#554 = VECTOR('',#555,1.);
#555 = DIRECTION('',(-1.,0.));
#556 = ( GEOMETRIC_REPRESENTATION_CONTEXT(2) 
PARAMETRIC_REPRESENTATION_CONTEXT() REPRESENTATION_CONTEXT('2D SPACE',''
  ) );
#557 = ORIENTED_EDGE('',*,*,#558,.T.);
#558 = EDGE_CURVE('',#531,#559,#561,.T.);
#559 = VERTEX_POINT('',#560);
#560 = CARTESIAN_POINT('',(13.065,28.39125,1.206));
#561 = SURFACE_CURVE('',#562,(#566,#573),.PCURVE_S1.);
#562 = LINE('',#563,#564);
#563 = CARTESIAN_POINT('',(13.065,-86.304375,1.206));
#564 = VECTOR('',#565,1.);
#565 = DIRECTION('',(-0.,-1.,0.));
#566 = PCURVE('',#72,#567);
#567 = DEFINITIONAL_REPRESENTATION('',(#568),#572);
#568 = LINE('',#569,#570);
#569 = CARTESIAN_POINT('',(214.065,114.695625));
#570 = VECTOR('',#571,1.);
#571 = DIRECTION('',(0.,-1.));
#572 = ( GEOMETRIC_REPRESENTATION_CONTEXT(2) 
PARAMETRIC_REPRESENTATION_CONTEXT() REPRESENTATION_CONTEXT('2D SPACE',''
  ) );
#573 = PCURVE('',#574,#579);
#574 = PLANE('',#575);
#575 = AXIS2_PLACEMENT_3D('',#576,#577,#578);
#576 = CARTESIAN_POINT('',(13.065,28.39125,2.1105));
#577 = DIRECTION('',(1.,-0.,0.));
#578 = DIRECTION('',(0.,1.,0.));
#579 = DEFINITIONAL_REPRESENTATION('',(#580),#584);
#580 = LINE('',#581,#582);
#581 = CARTESIAN_POINT('',(-114.695625,-0.9045));
#582 = VECTOR('',#583,1.);
#583 = DIRECTION('',(-1.,0.));
#584 = ( GEOMETRIC_REPRESENTATION_CONTEXT(2) 
PARAMETRIC_REPRESENTATION_CONTEXT() REPRESENTATION_CONTEXT('2D SPACE',''
  ) );
#585 = ORIENTED_EDGE('',*,*,#586,.T.);
#586 = EDGE_CURVE('',#559,#587,#589,.T.);
#587 = VERTEX_POINT('',#588);
#588 = CARTESIAN_POINT('',(13.04903647037,28.39125,1.206));
#589 = SURFACE_CURVE('',#590,(#594,#601),.PCURVE_S1.);
#590 = LINE('',#591,#592);
#591 = CARTESIAN_POINT('',(-93.97548176481,28.39125,1.206));
#592 = VECTOR('',#593,1.);
#593 = DIRECTION('',(-1.,0.,0.));
#594 = PCURVE('',#72,#595);
#595 = DEFINITIONAL_REPRESENTATION('',(#596),#600);
#596 = LINE('',#597,#598);
#597 = CARTESIAN_POINT('',(107.02451823518,229.39125));
#598 = VECTOR('',#599,1.);
#599 = DIRECTION('',(-1.,0.));
#600 = ( GEOMETRIC_REPRESENTATION_CONTEXT(2) 
PARAMETRIC_REPRESENTATION_CONTEXT() REPRESENTATION_CONTEXT('2D SPACE',''
  ) );
#601 = PCURVE('',#602,#607);
#602 = PLANE('',#603);
#603 = AXIS2_PLACEMENT_3D('',#604,#605,#606);
#604 = CARTESIAN_POINT('',(13.04903647037,28.39125,2.1105));
#605 = DIRECTION('',(0.,-1.,0.));
#606 = DIRECTION('',(1.,0.,0.));
#607 = DEFINITIONAL_REPRESENTATION('',(#608),#612);
#608 = LINE('',#609,#610);
#609 = CARTESIAN_POINT('',(-107.0245182351,-0.9045));
#610 = VECTOR('',#611,1.);
#611 = DIRECTION('',(-1.,0.));
#612 = ( GEOMETRIC_REPRESENTATION_CONTEXT(2) 
PARAMETRIC_REPRESENTATION_CONTEXT() REPRESENTATION_CONTEXT('2D SPACE',''
  ) );
#613 = ORIENTED_EDGE('',*,*,#614,.F.);
#614 = EDGE_CURVE('',#615,#587,#617,.T.);
#615 = VERTEX_POINT('',#616);
#616 = CARTESIAN_POINT('',(13.04903647037,28.379593148556,1.206));
#617 = SURFACE_CURVE('',#618,(#622,#629),.PCURVE_S1.);
#618 = LINE('',#619,#620);
#619 = CARTESIAN_POINT('',(13.049036470367,-86.30387825766,1.206));
#620 = VECTOR('',#621,1.);
#621 = DIRECTION('',(2.681103221754E-14,1.,-0.));
#622 = PCURVE('',#72,#623);
#623 = DEFINITIONAL_REPRESENTATION('',(#624),#628);
#624 = LINE('',#625,#626);
#625 = CARTESIAN_POINT('',(214.04903647036,114.69612174234));
#626 = VECTOR('',#627,1.);
#627 = DIRECTION('',(2.681103221754E-14,1.));
#628 = ( GEOMETRIC_REPRESENTATION_CONTEXT(2) 
PARAMETRIC_REPRESENTATION_CONTEXT() REPRESENTATION_CONTEXT('2D SPACE',''
  ) );
#629 = PCURVE('',#630,#635);
#630 = PLANE('',#631);
#631 = AXIS2_PLACEMENT_3D('',#632,#633,#634);
#632 = CARTESIAN_POINT('',(13.04903647037,28.392243484686,2.1105));
#633 = DIRECTION('',(-1.,2.681103221754E-14,0.));
#634 = DIRECTION('',(-2.681103221754E-14,-1.,0.));
#635 = DEFINITIONAL_REPRESENTATION('',(#636),#640);
#636 = LINE('',#637,#638);
#637 = CARTESIAN_POINT('',(114.69612174234,-0.9045));
#638 = VECTOR('',#639,1.);
#639 = DIRECTION('',(-1.,0.));
#640 = ( GEOMETRIC_REPRESENTATION_CONTEXT(2) 
PARAMETRIC_REPRESENTATION_CONTEXT() REPRESENTATION_CONTEXT('2D SPACE',''
  ) );
#641 = ORIENTED_EDGE('',*,*,#642,.T.);
#642 = EDGE_CURVE('',#615,#342,#643,.T.);
#643 = SURFACE_CURVE('',#644,(#648,#655),.PCURVE_S1.);
#644 = LINE('',#645,#646);
#645 = CARTESIAN_POINT('',(16.885622629754,24.543006989171,1.206));
#646 = VECTOR('',#647,1.);
#647 = DIRECTION('',(0.707106781186,-0.707106781187,0.));
#648 = PCURVE('',#72,#649);
#649 = DEFINITIONAL_REPRESENTATION('',(#650),#654);
#650 = LINE('',#651,#652);
#651 = CARTESIAN_POINT('',(217.88562262975,225.54300698917));
#652 = VECTOR('',#653,1.);
#653 = DIRECTION('',(0.707106781186,-0.707106781187));
#654 = ( GEOMETRIC_REPRESENTATION_CONTEXT(2) 
PARAMETRIC_REPRESENTATION_CONTEXT() REPRESENTATION_CONTEXT('2D SPACE',''
  ) );
#655 = PCURVE('',#656,#661);
#656 = PLANE('',#657);
#657 = AXIS2_PLACEMENT_3D('',#658,#659,#660);
#658 = CARTESIAN_POINT('',(13.056930450015,28.371699168911,
    1.658254209014));
#659 = DIRECTION('',(0.707106781187,0.707106781186,0.));
#660 = DIRECTION('',(-1.744974916068E-02,1.744974916068E-02,
    0.999695459882));
#661 = DEFINITIONAL_REPRESENTATION('',(#662),#666);
#662 = LINE('',#663,#664);
#663 = CARTESIAN_POINT('',(-0.585735915764,5.401778866351));
#664 = VECTOR('',#665,1.);
#665 = DIRECTION('',(-2.467767192305E-02,0.999695459882));
#666 = ( GEOMETRIC_REPRESENTATION_CONTEXT(2) 
PARAMETRIC_REPRESENTATION_CONTEXT() REPRESENTATION_CONTEXT('2D SPACE',''
  ) );
#667 = FACE_BOUND('',#668,.F.);
#668 = EDGE_LOOP('',(#669,#696,#724,#752,#780,#808,#836,#864,#892,#920,
    #948,#973));
#669 = ORIENTED_EDGE('',*,*,#670,.T.);
#670 = EDGE_CURVE('',#671,#673,#675,.T.);
#671 = VERTEX_POINT('',#672);
#672 = CARTESIAN_POINT('',(4.019824854606,-9.447079635499,1.206));
#673 = VERTEX_POINT('',#674);
#674 = CARTESIAN_POINT('',(4.019824854606,-10.21350504232,1.206));
#675 = SURFACE_CURVE('',#676,(#679,#685),.PCURVE_S1.);
#676 = B_SPLINE_CURVE_WITH_KNOTS('',1,(#677,#678),.UNSPECIFIED.,.F.,.F.,
  (2,2),(0.,1.),.PIECEWISE_BEZIER_KNOTS.);
#677 = CARTESIAN_POINT('',(4.019824854606,-9.447079635499,1.206));
#678 = CARTESIAN_POINT('',(4.019824854606,-10.2509203645,1.206));
#679 = PCURVE('',#72,#680);
#680 = DEFINITIONAL_REPRESENTATION('',(#681),#684);
#681 = B_SPLINE_CURVE_WITH_KNOTS('',1,(#682,#683),.UNSPECIFIED.,.F.,.F.,
  (2,2),(0.,1.),.PIECEWISE_BEZIER_KNOTS.);
#682 = CARTESIAN_POINT('',(205.0198248546,191.5529203645));
#683 = CARTESIAN_POINT('',(205.0198248546,190.74907963549));
#684 = ( GEOMETRIC_REPRESENTATION_CONTEXT(2) 
PARAMETRIC_REPRESENTATION_CONTEXT() REPRESENTATION_CONTEXT('2D SPACE',''
  ) );
#685 = PCURVE('',#686,#691);
#686 = B_SPLINE_SURFACE_WITH_KNOTS('',1,1,(
    (#687,#688)
    ,(#689,#690
    )),.UNSPECIFIED.,.F.,.F.,.F.,(2,2),(2,2),(-0.4,0.4),(0.,1.),
  .PIECEWISE_BEZIER_KNOTS.);
#687 = CARTESIAN_POINT('',(4.02,-10.251,1.19595));
#688 = CARTESIAN_POINT('',(3.909483256407,-10.20075,7.5375));
#689 = CARTESIAN_POINT('',(4.02,-9.447,1.19595));
#690 = CARTESIAN_POINT('',(3.909483256407,-9.49725,7.5375));
#691 = DEFINITIONAL_REPRESENTATION('',(#692),#695);
#692 = B_SPLINE_CURVE_WITH_KNOTS('',1,(#693,#694),.UNSPECIFIED.,.F.,.F.,
  (2,2),(0.,0.953454309016),.PIECEWISE_BEZIER_KNOTS.);
#693 = CARTESIAN_POINT('',(0.4,1.584786053883E-03));
#694 = CARTESIAN_POINT('',(-0.362763447213,1.584786053883E-03));
#695 = ( GEOMETRIC_REPRESENTATION_CONTEXT(2) 
PARAMETRIC_REPRESENTATION_CONTEXT() REPRESENTATION_CONTEXT('2D SPACE',''
  ) );
#696 = ORIENTED_EDGE('',*,*,#697,.T.);
#697 = EDGE_CURVE('',#673,#698,#700,.T.);
#698 = VERTEX_POINT('',#699);
#699 = CARTESIAN_POINT('',(4.004061769149,-10.22929314855,1.206));
#700 = SURFACE_CURVE('',#701,(#705,#712),.PCURVE_S1.);
#701 = LINE('',#702,#703);
#702 = CARTESIAN_POINT('',(-94.85434337587,-109.2446163969,1.206));
#703 = VECTOR('',#704,1.);
#704 = DIRECTION('',(-0.706545808202,-0.707667309484,0.));
#705 = PCURVE('',#72,#706);
#706 = DEFINITIONAL_REPRESENTATION('',(#707),#711);
#707 = LINE('',#708,#709);
#708 = CARTESIAN_POINT('',(106.14565662412,91.755383603012));
#709 = VECTOR('',#710,1.);
#710 = DIRECTION('',(-0.706545808202,-0.707667309484));
#711 = ( GEOMETRIC_REPRESENTATION_CONTEXT(2) 
PARAMETRIC_REPRESENTATION_CONTEXT() REPRESENTATION_CONTEXT('2D SPACE',''
  ) );
#712 = PCURVE('',#713,#718);
#713 = PLANE('',#714);
#714 = AXIS2_PLACEMENT_3D('',#715,#716,#717);
#715 = CARTESIAN_POINT('',(4.011943308817,-10.2213990985,1.658250175611)
  );
#716 = DIRECTION('',(0.707667309484,-0.706545808202,0.));
#717 = DIRECTION('',(1.742210344208E-02,1.744975757452E-02,
    -0.99969594191));
#718 = DEFINITIONAL_REPRESENTATION('',(#719),#723);
#719 = LINE('',#720,#721);
#720 = CARTESIAN_POINT('',(-2.998277144376,-139.8976592775));
#721 = VECTOR('',#722,1.);
#722 = DIRECTION('',(-2.465813715097E-02,-0.99969594191));
#723 = ( GEOMETRIC_REPRESENTATION_CONTEXT(2) 
PARAMETRIC_REPRESENTATION_CONTEXT() REPRESENTATION_CONTEXT('2D SPACE',''
  ) );
#724 = ORIENTED_EDGE('',*,*,#725,.F.);
#725 = EDGE_CURVE('',#726,#698,#728,.T.);
#726 = VERTEX_POINT('',#727);
#727 = CARTESIAN_POINT('',(4.004061769149,-10.24375316957,1.206));
#728 = SURFACE_CURVE('',#729,(#733,#740),.PCURVE_S1.);
#729 = LINE('',#730,#731);
#730 = CARTESIAN_POINT('',(4.004061769149,-105.4392668356,1.206));
#731 = VECTOR('',#732,1.);
#732 = DIRECTION('',(0.,1.,0.));
#733 = PCURVE('',#72,#734);
#734 = DEFINITIONAL_REPRESENTATION('',(#735),#739);
#735 = LINE('',#736,#737);
#736 = CARTESIAN_POINT('',(205.00406176914,95.560733164317));
#737 = VECTOR('',#738,1.);
#738 = DIRECTION('',(0.,1.));
#739 = ( GEOMETRIC_REPRESENTATION_CONTEXT(2) 
PARAMETRIC_REPRESENTATION_CONTEXT() REPRESENTATION_CONTEXT('2D SPACE',''
  ) );
#740 = PCURVE('',#741,#746);
#741 = PLANE('',#742);
#742 = AXIS2_PLACEMENT_3D('',#743,#744,#745);
#743 = CARTESIAN_POINT('',(4.004061769149,-9.878533671367,2.1105));
#744 = DIRECTION('',(-1.,-0.,-0.));
#745 = DIRECTION('',(0.,-1.,0.));
#746 = DEFINITIONAL_REPRESENTATION('',(#747),#751);
#747 = LINE('',#748,#749);
#748 = CARTESIAN_POINT('',(95.560733164317,-0.9045));
#749 = VECTOR('',#750,1.);
#750 = DIRECTION('',(-1.,0.));
#751 = ( GEOMETRIC_REPRESENTATION_CONTEXT(2) 
PARAMETRIC_REPRESENTATION_CONTEXT() REPRESENTATION_CONTEXT('2D SPACE',''
  ) );
#752 = ORIENTED_EDGE('',*,*,#753,.F.);
#753 = EDGE_CURVE('',#754,#726,#756,.T.);
#754 = VERTEX_POINT('',#755);
#755 = CARTESIAN_POINT('',(3.98985,-10.24375316957,1.206));
#756 = SURFACE_CURVE('',#757,(#761,#768),.PCURVE_S1.);
#757 = LINE('',#758,#759);
#758 = CARTESIAN_POINT('',(-100.5,-10.24375316957,1.206));
#759 = VECTOR('',#760,1.);
#760 = DIRECTION('',(1.,0.,0.));
#761 = PCURVE('',#72,#762);
#762 = DEFINITIONAL_REPRESENTATION('',(#763),#767);
#763 = LINE('',#764,#765);
#764 = CARTESIAN_POINT('',(100.5,190.75624683042));
#765 = VECTOR('',#766,1.);
#766 = DIRECTION('',(1.,0.));
#767 = ( GEOMETRIC_REPRESENTATION_CONTEXT(2) 
PARAMETRIC_REPRESENTATION_CONTEXT() REPRESENTATION_CONTEXT('2D SPACE',''
  ) );
#768 = PCURVE('',#769,#774);
#769 = PLANE('',#770);
#770 = AXIS2_PLACEMENT_3D('',#771,#772,#773);
#771 = CARTESIAN_POINT('',(0.,-10.24375316957,2.1105));
#772 = DIRECTION('',(0.,1.,0.));
#773 = DIRECTION('',(-1.,0.,0.));
#774 = DEFINITIONAL_REPRESENTATION('',(#775),#779);
#775 = LINE('',#776,#777);
#776 = CARTESIAN_POINT('',(100.5,-0.9045));
#777 = VECTOR('',#778,1.);
#778 = DIRECTION('',(-1.,0.));
#779 = ( GEOMETRIC_REPRESENTATION_CONTEXT(2) 
PARAMETRIC_REPRESENTATION_CONTEXT() REPRESENTATION_CONTEXT('2D SPACE',''
  ) );
#780 = ORIENTED_EDGE('',*,*,#781,.T.);
#781 = EDGE_CURVE('',#754,#782,#784,.T.);
#782 = VERTEX_POINT('',#783);
#783 = CARTESIAN_POINT('',(3.98985,-11.055,1.206));
#784 = SURFACE_CURVE('',#785,(#789,#796),.PCURVE_S1.);
#785 = LINE('',#786,#787);
#786 = CARTESIAN_POINT('',(3.98985,-106.0275,1.206));
#787 = VECTOR('',#788,1.);
#788 = DIRECTION('',(-0.,-1.,0.));
#789 = PCURVE('',#72,#790);
#790 = DEFINITIONAL_REPRESENTATION('',(#791),#795);
#791 = LINE('',#792,#793);
#792 = CARTESIAN_POINT('',(204.98985,94.9725));
#793 = VECTOR('',#794,1.);
#794 = DIRECTION('',(0.,-1.));
#795 = ( GEOMETRIC_REPRESENTATION_CONTEXT(2) 
PARAMETRIC_REPRESENTATION_CONTEXT() REPRESENTATION_CONTEXT('2D SPACE',''
  ) );
#796 = PCURVE('',#797,#802);
#797 = PLANE('',#798);
#798 = AXIS2_PLACEMENT_3D('',#799,#800,#801);
#799 = CARTESIAN_POINT('',(3.98985,-11.055,2.1105));
#800 = DIRECTION('',(1.,-0.,0.));
#801 = DIRECTION('',(0.,1.,0.));
#802 = DEFINITIONAL_REPRESENTATION('',(#803),#807);
#803 = LINE('',#804,#805);
#804 = CARTESIAN_POINT('',(-94.9725,-0.9045));
#805 = VECTOR('',#806,1.);
#806 = DIRECTION('',(-1.,0.));
#807 = ( GEOMETRIC_REPRESENTATION_CONTEXT(2) 
PARAMETRIC_REPRESENTATION_CONTEXT() REPRESENTATION_CONTEXT('2D SPACE',''
  ) );
#808 = ORIENTED_EDGE('',*,*,#809,.T.);
#809 = EDGE_CURVE('',#782,#810,#812,.T.);
#810 = VERTEX_POINT('',#811);
#811 = CARTESIAN_POINT('',(-3.98985,-11.055,1.206));
#812 = SURFACE_CURVE('',#813,(#817,#824),.PCURVE_S1.);
#813 = LINE('',#814,#815);
#814 = CARTESIAN_POINT('',(-102.494925,-11.055,1.206));
#815 = VECTOR('',#816,1.);
#816 = DIRECTION('',(-1.,0.,0.));
#817 = PCURVE('',#72,#818);
#818 = DEFINITIONAL_REPRESENTATION('',(#819),#823);
#819 = LINE('',#820,#821);
#820 = CARTESIAN_POINT('',(98.505075,189.945));
#821 = VECTOR('',#822,1.);
#822 = DIRECTION('',(-1.,0.));
#823 = ( GEOMETRIC_REPRESENTATION_CONTEXT(2) 
PARAMETRIC_REPRESENTATION_CONTEXT() REPRESENTATION_CONTEXT('2D SPACE',''
  ) );
#824 = PCURVE('',#825,#830);
#825 = PLANE('',#826);
#826 = AXIS2_PLACEMENT_3D('',#827,#828,#829);
#827 = CARTESIAN_POINT('',(-3.98985,-11.055,2.1105));
#828 = DIRECTION('',(0.,-1.,0.));
#829 = DIRECTION('',(1.,0.,0.));
#830 = DEFINITIONAL_REPRESENTATION('',(#831),#835);
#831 = LINE('',#832,#833);
#832 = CARTESIAN_POINT('',(-98.505075,-0.9045));
#833 = VECTOR('',#834,1.);
#834 = DIRECTION('',(-1.,0.));
#835 = ( GEOMETRIC_REPRESENTATION_CONTEXT(2) 
PARAMETRIC_REPRESENTATION_CONTEXT() REPRESENTATION_CONTEXT('2D SPACE',''
  ) );
#836 = ORIENTED_EDGE('',*,*,#837,.F.);
#837 = EDGE_CURVE('',#838,#810,#840,.T.);
#838 = VERTEX_POINT('',#839);
#839 = CARTESIAN_POINT('',(-3.98985,-10.24375316957,1.206));
#840 = SURFACE_CURVE('',#841,(#845,#852),.PCURVE_S1.);
#841 = LINE('',#842,#843);
#842 = CARTESIAN_POINT('',(-3.98985,-106.0275,1.206));
#843 = VECTOR('',#844,1.);
#844 = DIRECTION('',(-0.,-1.,0.));
#845 = PCURVE('',#72,#846);
#846 = DEFINITIONAL_REPRESENTATION('',(#847),#851);
#847 = LINE('',#848,#849);
#848 = CARTESIAN_POINT('',(197.01015,94.9725));
#849 = VECTOR('',#850,1.);
#850 = DIRECTION('',(0.,-1.));
#851 = ( GEOMETRIC_REPRESENTATION_CONTEXT(2) 
PARAMETRIC_REPRESENTATION_CONTEXT() REPRESENTATION_CONTEXT('2D SPACE',''
  ) );
#852 = PCURVE('',#853,#858);
#853 = PLANE('',#854);
#854 = AXIS2_PLACEMENT_3D('',#855,#856,#857);
#855 = CARTESIAN_POINT('',(-3.98985,-11.055,2.1105));
#856 = DIRECTION('',(1.,-0.,0.));
#857 = DIRECTION('',(0.,1.,0.));
#858 = DEFINITIONAL_REPRESENTATION('',(#859),#863);
#859 = LINE('',#860,#861);
#860 = CARTESIAN_POINT('',(-94.9725,-0.9045));
#861 = VECTOR('',#862,1.);
#862 = DIRECTION('',(-1.,0.));
#863 = ( GEOMETRIC_REPRESENTATION_CONTEXT(2) 
PARAMETRIC_REPRESENTATION_CONTEXT() REPRESENTATION_CONTEXT('2D SPACE',''
  ) );
#864 = ORIENTED_EDGE('',*,*,#865,.F.);
#865 = EDGE_CURVE('',#866,#838,#868,.T.);
#866 = VERTEX_POINT('',#867);
#867 = CARTESIAN_POINT('',(-4.004061769149,-10.24375316957,1.206));
#868 = SURFACE_CURVE('',#869,(#873,#880),.PCURVE_S1.);
#869 = LINE('',#870,#871);
#870 = CARTESIAN_POINT('',(-100.5,-10.24375316957,1.206));
#871 = VECTOR('',#872,1.);
#872 = DIRECTION('',(1.,0.,0.));
#873 = PCURVE('',#72,#874);
#874 = DEFINITIONAL_REPRESENTATION('',(#875),#879);
#875 = LINE('',#876,#877);
#876 = CARTESIAN_POINT('',(100.5,190.75624683042));
#877 = VECTOR('',#878,1.);
#878 = DIRECTION('',(1.,0.));
#879 = ( GEOMETRIC_REPRESENTATION_CONTEXT(2) 
PARAMETRIC_REPRESENTATION_CONTEXT() REPRESENTATION_CONTEXT('2D SPACE',''
  ) );
#880 = PCURVE('',#881,#886);
#881 = PLANE('',#882);
#882 = AXIS2_PLACEMENT_3D('',#883,#884,#885);
#883 = CARTESIAN_POINT('',(0.,-10.24375316957,2.1105));
#884 = DIRECTION('',(0.,1.,0.));
#885 = DIRECTION('',(-1.,0.,0.));
#886 = DEFINITIONAL_REPRESENTATION('',(#887),#891);
#887 = LINE('',#888,#889);
#888 = CARTESIAN_POINT('',(100.5,-0.9045));
#889 = VECTOR('',#890,1.);
#890 = DIRECTION('',(-1.,0.));
#891 = ( GEOMETRIC_REPRESENTATION_CONTEXT(2) 
PARAMETRIC_REPRESENTATION_CONTEXT() REPRESENTATION_CONTEXT('2D SPACE',''
  ) );
#892 = ORIENTED_EDGE('',*,*,#893,.F.);
#893 = EDGE_CURVE('',#894,#866,#896,.T.);
#894 = VERTEX_POINT('',#895);
#895 = CARTESIAN_POINT('',(-4.004061769149,-10.22929314855,1.206));
#896 = SURFACE_CURVE('',#897,(#901,#908),.PCURVE_S1.);
#897 = LINE('',#898,#899);
#898 = CARTESIAN_POINT('',(-4.004061769147,-105.6161456455,1.206));
#899 = VECTOR('',#900,1.);
#900 = DIRECTION('',(1.946930692066E-14,-1.,0.));
#901 = PCURVE('',#72,#902);
#902 = DEFINITIONAL_REPRESENTATION('',(#903),#907);
#903 = LINE('',#904,#905);
#904 = CARTESIAN_POINT('',(196.99593823085,95.383854354403));
#905 = VECTOR('',#906,1.);
#906 = DIRECTION('',(1.946930692066E-14,-1.));
#907 = ( GEOMETRIC_REPRESENTATION_CONTEXT(2) 
PARAMETRIC_REPRESENTATION_CONTEXT() REPRESENTATION_CONTEXT('2D SPACE',''
  ) );
#908 = PCURVE('',#909,#914);
#909 = PLANE('',#910);
#910 = AXIS2_PLACEMENT_3D('',#911,#912,#913);
#911 = CARTESIAN_POINT('',(-4.004061769149,-10.23229129119,2.1105));
#912 = DIRECTION('',(1.,1.946930692066E-14,0.));
#913 = DIRECTION('',(-1.946930692066E-14,1.,0.));
#914 = DEFINITIONAL_REPRESENTATION('',(#915),#919);
#915 = LINE('',#916,#917);
#916 = CARTESIAN_POINT('',(-95.38385435439,-0.9045));
#917 = VECTOR('',#918,1.);
#918 = DIRECTION('',(-1.,0.));
#919 = ( GEOMETRIC_REPRESENTATION_CONTEXT(2) 
PARAMETRIC_REPRESENTATION_CONTEXT() REPRESENTATION_CONTEXT('2D SPACE',''
  ) );
#920 = ORIENTED_EDGE('',*,*,#921,.T.);
#921 = EDGE_CURVE('',#894,#922,#924,.T.);
#922 = VERTEX_POINT('',#923);
#923 = CARTESIAN_POINT('',(-4.019824854606,-10.21350504232,1.206));
#924 = SURFACE_CURVE('',#925,(#929,#936),.PCURVE_S1.);
#925 = LINE('',#926,#927);
#926 = CARTESIAN_POINT('',(-5.48625942064,-8.74474280238,1.206));
#927 = VECTOR('',#928,1.);
#928 = DIRECTION('',(-0.706545808202,0.707667309484,0.));
#929 = PCURVE('',#72,#930);
#930 = DEFINITIONAL_REPRESENTATION('',(#931),#935);
#931 = LINE('',#932,#933);
#932 = CARTESIAN_POINT('',(195.51374057936,192.25525719762));
#933 = VECTOR('',#934,1.);
#934 = DIRECTION('',(-0.706545808202,0.707667309484));
#935 = ( GEOMETRIC_REPRESENTATION_CONTEXT(2) 
PARAMETRIC_REPRESENTATION_CONTEXT() REPRESENTATION_CONTEXT('2D SPACE',''
  ) );
#936 = PCURVE('',#937,#942);
#937 = PLANE('',#938);
#938 = AXIS2_PLACEMENT_3D('',#939,#940,#941);
#939 = CARTESIAN_POINT('',(-4.011943308817,-10.2213990985,1.658250175611
    ));
#940 = DIRECTION('',(-0.707667309484,-0.706545808202,-0.));
#941 = DIRECTION('',(1.742210344207E-02,-1.744975757452E-02,
    0.99969594191));
#942 = DEFINITIONAL_REPRESENTATION('',(#943),#947);
#943 = LINE('',#944,#945);
#944 = CARTESIAN_POINT('',(-0.503565647481,2.074867146227));
#945 = VECTOR('',#946,1.);
#946 = DIRECTION('',(-2.465813715097E-02,0.99969594191));
#947 = ( GEOMETRIC_REPRESENTATION_CONTEXT(2) 
PARAMETRIC_REPRESENTATION_CONTEXT() REPRESENTATION_CONTEXT('2D SPACE',''
  ) );
#948 = ORIENTED_EDGE('',*,*,#949,.T.);
#949 = EDGE_CURVE('',#922,#950,#952,.T.);
#950 = VERTEX_POINT('',#951);
#951 = CARTESIAN_POINT('',(-4.019824854606,-9.447079635499,1.206));
#952 = SURFACE_CURVE('',#953,(#956,#962),.PCURVE_S1.);
#953 = B_SPLINE_CURVE_WITH_KNOTS('',1,(#954,#955),.UNSPECIFIED.,.F.,.F.,
  (2,2),(0.,1.),.PIECEWISE_BEZIER_KNOTS.);
#954 = CARTESIAN_POINT('',(-4.019824854606,-10.2509203645,1.206));
#955 = CARTESIAN_POINT('',(-4.019824854606,-9.447079635499,1.206));
#956 = PCURVE('',#72,#957);
#957 = DEFINITIONAL_REPRESENTATION('',(#958),#961);
#958 = B_SPLINE_CURVE_WITH_KNOTS('',1,(#959,#960),.UNSPECIFIED.,.F.,.F.,
  (2,2),(0.,1.),.PIECEWISE_BEZIER_KNOTS.);
#959 = CARTESIAN_POINT('',(196.98017514539,190.74907963549));
#960 = CARTESIAN_POINT('',(196.98017514539,191.5529203645));
#961 = ( GEOMETRIC_REPRESENTATION_CONTEXT(2) 
PARAMETRIC_REPRESENTATION_CONTEXT() REPRESENTATION_CONTEXT('2D SPACE',''
  ) );
#962 = PCURVE('',#963,#968);
#963 = B_SPLINE_SURFACE_WITH_KNOTS('',1,1,(
    (#964,#965)
    ,(#966,#967
    )),.UNSPECIFIED.,.F.,.F.,.F.,(2,2),(2,2),(-0.4,0.4),(0.,1.),
  .PIECEWISE_BEZIER_KNOTS.);
#964 = CARTESIAN_POINT('',(-4.02,-9.447,1.19595));
#965 = CARTESIAN_POINT('',(-3.909483256407,-9.49725,7.5375));
#966 = CARTESIAN_POINT('',(-4.02,-10.251,1.19595));
#967 = CARTESIAN_POINT('',(-3.909483256407,-10.20075,7.5375));
#968 = DEFINITIONAL_REPRESENTATION('',(#969),#972);
#969 = B_SPLINE_CURVE_WITH_KNOTS('',1,(#970,#971),.UNSPECIFIED.,.F.,.F.,
  (2,2),(4.654569098352E-02,1.),.PIECEWISE_BEZIER_KNOTS.);
#970 = CARTESIAN_POINT('',(0.362763447213,1.584786053883E-03));
#971 = CARTESIAN_POINT('',(-0.4,1.584786053883E-03));
#972 = ( GEOMETRIC_REPRESENTATION_CONTEXT(2) 
PARAMETRIC_REPRESENTATION_CONTEXT() REPRESENTATION_CONTEXT('2D SPACE',''
  ) );
#973 = ORIENTED_EDGE('',*,*,#974,.T.);
#974 = EDGE_CURVE('',#950,#671,#975,.T.);
#975 = SURFACE_CURVE('',#976,(#979,#985),.PCURVE_S1.);
#976 = B_SPLINE_CURVE_WITH_KNOTS('',1,(#977,#978),.UNSPECIFIED.,.F.,.F.,
  (2,2),(0.,1.),.PIECEWISE_BEZIER_KNOTS.);
#977 = CARTESIAN_POINT('',(-4.019824854606,-9.447079635499,1.206));
#978 = CARTESIAN_POINT('',(4.019824854606,-9.447079635499,1.206));
#979 = PCURVE('',#72,#980);
#980 = DEFINITIONAL_REPRESENTATION('',(#981),#984);
#981 = B_SPLINE_CURVE_WITH_KNOTS('',1,(#982,#983),.UNSPECIFIED.,.F.,.F.,
  (2,2),(0.,1.),.PIECEWISE_BEZIER_KNOTS.);
#982 = CARTESIAN_POINT('',(196.98017514539,191.5529203645));
#983 = CARTESIAN_POINT('',(205.0198248546,191.5529203645));
#984 = ( GEOMETRIC_REPRESENTATION_CONTEXT(2) 
PARAMETRIC_REPRESENTATION_CONTEXT() REPRESENTATION_CONTEXT('2D SPACE',''
  ) );
#985 = PCURVE('',#986,#991);
#986 = B_SPLINE_SURFACE_WITH_KNOTS('',1,1,(
    (#987,#988)
    ,(#989,#990
  )),.UNSPECIFIED.,.F.,.F.,.F.,(2,2),(2,2),(-4.,4.),(0.,1.),
  .PIECEWISE_BEZIER_KNOTS.);
#987 = CARTESIAN_POINT('',(4.02,-9.447,1.19595));
#988 = CARTESIAN_POINT('',(3.909483256407,-9.49725,7.5375));
#989 = CARTESIAN_POINT('',(-4.02,-9.447,1.19595));
#990 = CARTESIAN_POINT('',(-3.909483256407,-9.49725,7.5375));
#991 = DEFINITIONAL_REPRESENTATION('',(#992),#995);
#992 = B_SPLINE_CURVE_WITH_KNOTS('',1,(#993,#994),.UNSPECIFIED.,.F.,.F.,
  (2,2),(0.,1.),.PIECEWISE_BEZIER_KNOTS.);
#993 = CARTESIAN_POINT('',(4.,1.584786053883E-03));
#994 = CARTESIAN_POINT('',(-4.,1.584786053883E-03));
#995 = ( GEOMETRIC_REPRESENTATION_CONTEXT(2) 
PARAMETRIC_REPRESENTATION_CONTEXT() REPRESENTATION_CONTEXT('2D SPACE',''
  ) );
#996 = FACE_BOUND('',#997,.F.);
#997 = EDGE_LOOP('',(#998,#1025,#1050,#1075,#1103,#1131,#1159,#1187,
    #1215,#1243,#1271,#1299));
#998 = ORIENTED_EDGE('',*,*,#999,.T.);
#999 = EDGE_CURVE('',#1000,#1002,#1004,.T.);
#1000 = VERTEX_POINT('',#1001);
#1001 = CARTESIAN_POINT('',(-7.035175423403,28.363805042329,1.206));
#1002 = VERTEX_POINT('',#1003);
#1003 = CARTESIAN_POINT('',(-7.035175423403,27.336175423403,1.206));
#1004 = SURFACE_CURVE('',#1005,(#1008,#1014),.PCURVE_S1.);
#1005 = B_SPLINE_CURVE_WITH_KNOTS('',1,(#1006,#1007),.UNSPECIFIED.,.F.,
  .F.,(2,2),(0.,1.),.PIECEWISE_BEZIER_KNOTS.);
#1006 = CARTESIAN_POINT('',(-7.035175423403,28.441324576597,1.206));
#1007 = CARTESIAN_POINT('',(-7.035175423403,27.336175423403,1.206));
#1008 = PCURVE('',#72,#1009);
#1009 = DEFINITIONAL_REPRESENTATION('',(#1010),#1013);
#1010 = B_SPLINE_CURVE_WITH_KNOTS('',1,(#1011,#1012),.UNSPECIFIED.,.F.,
  .F.,(2,2),(0.,1.),.PIECEWISE_BEZIER_KNOTS.);
#1011 = CARTESIAN_POINT('',(193.96482457659,229.44132457659));
#1012 = CARTESIAN_POINT('',(193.96482457659,228.3361754234));
#1013 = ( GEOMETRIC_REPRESENTATION_CONTEXT(2) 
PARAMETRIC_REPRESENTATION_CONTEXT() REPRESENTATION_CONTEXT('2D SPACE',''
  ) );
#1014 = PCURVE('',#1015,#1020);
#1015 = B_SPLINE_SURFACE_WITH_KNOTS('',1,1,(
    (#1016,#1017)
    ,(#1018,#1019
    )),.UNSPECIFIED.,.F.,.F.,.F.,(2,2),(2,2),(-0.55,0.55),(0.,1.),
  .PIECEWISE_BEZIER_KNOTS.);
#1016 = CARTESIAN_POINT('',(-7.035,27.336,1.19595));
#1017 = CARTESIAN_POINT('',(-7.064997401832,27.365997401832,2.9145));
#1018 = CARTESIAN_POINT('',(-7.035,28.4415,1.19595));
#1019 = CARTESIAN_POINT('',(-7.064997401832,28.411502598168,2.9145));
#1020 = DEFINITIONAL_REPRESENTATION('',(#1021),#1024);
#1021 = B_SPLINE_CURVE_WITH_KNOTS('',1,(#1022,#1023),.UNSPECIFIED.,.F.,
  .F.,(2,2),(7.014395662762E-02,1.),.PIECEWISE_BEZIER_KNOTS.);
#1022 = CARTESIAN_POINT('',(0.47284164771,5.847953216374E-03));
#1023 = CARTESIAN_POINT('',(-0.55,5.847953216374E-03));
#1024 = ( GEOMETRIC_REPRESENTATION_CONTEXT(2) 
PARAMETRIC_REPRESENTATION_CONTEXT() REPRESENTATION_CONTEXT('2D SPACE',''
  ) );
#1025 = ORIENTED_EDGE('',*,*,#1026,.T.);
#1026 = EDGE_CURVE('',#1002,#1027,#1029,.T.);
#1027 = VERTEX_POINT('',#1028);
#1028 = CARTESIAN_POINT('',(-13.06482457659,27.336175423403,1.206));
#1029 = SURFACE_CURVE('',#1030,(#1033,#1039),.PCURVE_S1.);
#1030 = B_SPLINE_CURVE_WITH_KNOTS('',1,(#1031,#1032),.UNSPECIFIED.,.F.,
  .F.,(2,2),(0.,1.),.PIECEWISE_BEZIER_KNOTS.);
#1031 = CARTESIAN_POINT('',(-7.035175423403,27.336175423403,1.206));
#1032 = CARTESIAN_POINT('',(-13.06482457659,27.336175423403,1.206));
#1033 = PCURVE('',#72,#1034);
#1034 = DEFINITIONAL_REPRESENTATION('',(#1035),#1038);
#1035 = B_SPLINE_CURVE_WITH_KNOTS('',1,(#1036,#1037),.UNSPECIFIED.,.F.,
  .F.,(2,2),(0.,1.),.PIECEWISE_BEZIER_KNOTS.);
#1036 = CARTESIAN_POINT('',(193.96482457659,228.3361754234));
#1037 = CARTESIAN_POINT('',(187.9351754234,228.3361754234));
#1038 = ( GEOMETRIC_REPRESENTATION_CONTEXT(2) 
PARAMETRIC_REPRESENTATION_CONTEXT() REPRESENTATION_CONTEXT('2D SPACE',''
  ) );
#1039 = PCURVE('',#1040,#1045);
#1040 = B_SPLINE_SURFACE_WITH_KNOTS('',1,1,(
    (#1041,#1042)
    ,(#1043,#1044
    )),.UNSPECIFIED.,.F.,.F.,.F.,(2,2),(2,2),(-3.,3.),(0.,1.),
  .PIECEWISE_BEZIER_KNOTS.);
#1041 = CARTESIAN_POINT('',(-13.065,27.336,1.19595));
#1042 = CARTESIAN_POINT('',(-13.03500259816,27.365997401832,2.9145));
#1043 = CARTESIAN_POINT('',(-7.035,27.336,1.19595));
#1044 = CARTESIAN_POINT('',(-7.064997401832,27.365997401832,2.9145));
#1045 = DEFINITIONAL_REPRESENTATION('',(#1046),#1049);
#1046 = B_SPLINE_CURVE_WITH_KNOTS('',1,(#1047,#1048),.UNSPECIFIED.,.F.,
  .F.,(2,2),(0.,1.),.PIECEWISE_BEZIER_KNOTS.);
#1047 = CARTESIAN_POINT('',(3.,5.847953216374E-03));
#1048 = CARTESIAN_POINT('',(-3.,5.847953216374E-03));
#1049 = ( GEOMETRIC_REPRESENTATION_CONTEXT(2) 
PARAMETRIC_REPRESENTATION_CONTEXT() REPRESENTATION_CONTEXT('2D SPACE',''
  ) );
#1050 = ORIENTED_EDGE('',*,*,#1051,.T.);
#1051 = EDGE_CURVE('',#1027,#1052,#1054,.T.);
#1052 = VERTEX_POINT('',#1053);
#1053 = CARTESIAN_POINT('',(-13.06482457659,28.363805042329,1.206));
#1054 = SURFACE_CURVE('',#1055,(#1058,#1064),.PCURVE_S1.);
#1055 = B_SPLINE_CURVE_WITH_KNOTS('',1,(#1056,#1057),.UNSPECIFIED.,.F.,
  .F.,(2,2),(0.,1.),.PIECEWISE_BEZIER_KNOTS.);
#1056 = CARTESIAN_POINT('',(-13.06482457659,27.336175423403,1.206));
#1057 = CARTESIAN_POINT('',(-13.06482457659,28.441324576597,1.206));
#1058 = PCURVE('',#72,#1059);
#1059 = DEFINITIONAL_REPRESENTATION('',(#1060),#1063);
#1060 = B_SPLINE_CURVE_WITH_KNOTS('',1,(#1061,#1062),.UNSPECIFIED.,.F.,
  .F.,(2,2),(0.,1.),.PIECEWISE_BEZIER_KNOTS.);
#1061 = CARTESIAN_POINT('',(187.9351754234,228.3361754234));
#1062 = CARTESIAN_POINT('',(187.9351754234,229.44132457659));
#1063 = ( GEOMETRIC_REPRESENTATION_CONTEXT(2) 
PARAMETRIC_REPRESENTATION_CONTEXT() REPRESENTATION_CONTEXT('2D SPACE',''
  ) );
#1064 = PCURVE('',#1065,#1070);
#1065 = B_SPLINE_SURFACE_WITH_KNOTS('',1,1,(
    (#1066,#1067)
    ,(#1068,#1069
    )),.UNSPECIFIED.,.F.,.F.,.F.,(2,2),(2,2),(-0.55,0.55),(0.,1.),
  .PIECEWISE_BEZIER_KNOTS.);
#1066 = CARTESIAN_POINT('',(-13.065,28.4415,1.19595));
#1067 = CARTESIAN_POINT('',(-13.03500259816,28.411502598168,2.9145));
#1068 = CARTESIAN_POINT('',(-13.065,27.336,1.19595));
#1069 = CARTESIAN_POINT('',(-13.03500259816,27.365997401832,2.9145));
#1070 = DEFINITIONAL_REPRESENTATION('',(#1071),#1074);
#1071 = B_SPLINE_CURVE_WITH_KNOTS('',1,(#1072,#1073),.UNSPECIFIED.,.F.,
  .F.,(2,2),(0.,0.929856043372),.PIECEWISE_BEZIER_KNOTS.);
#1072 = CARTESIAN_POINT('',(0.55,5.847953216374E-03));
#1073 = CARTESIAN_POINT('',(-0.47284164771,5.847953216374E-03));
#1074 = ( GEOMETRIC_REPRESENTATION_CONTEXT(2) 
PARAMETRIC_REPRESENTATION_CONTEXT() REPRESENTATION_CONTEXT('2D SPACE',''
  ) );
#1075 = ORIENTED_EDGE('',*,*,#1076,.T.);
#1076 = EDGE_CURVE('',#1052,#1077,#1079,.T.);
#1077 = VERTEX_POINT('',#1078);
#1078 = CARTESIAN_POINT('',(-13.04903647037,28.379593148556,1.206));
#1079 = SURFACE_CURVE('',#1080,(#1084,#1091),.PCURVE_S1.);
#1080 = LINE('',#1081,#1082);
#1081 = CARTESIAN_POINT('',(-117.3856226297,-75.95699301081,1.206));
#1082 = VECTOR('',#1083,1.);
#1083 = DIRECTION('',(0.707106781187,0.707106781187,-0.));
#1084 = PCURVE('',#72,#1085);
#1085 = DEFINITIONAL_REPRESENTATION('',(#1086),#1090);
#1086 = LINE('',#1087,#1088);
#1087 = CARTESIAN_POINT('',(83.614377370261,125.04300698918));
#1088 = VECTOR('',#1089,1.);
#1089 = DIRECTION('',(0.707106781187,0.707106781187));
#1090 = ( GEOMETRIC_REPRESENTATION_CONTEXT(2) 
PARAMETRIC_REPRESENTATION_CONTEXT() REPRESENTATION_CONTEXT('2D SPACE',''
  ) );
#1091 = PCURVE('',#1092,#1097);
#1092 = PLANE('',#1093);
#1093 = AXIS2_PLACEMENT_3D('',#1094,#1095,#1096);
#1094 = CARTESIAN_POINT('',(-13.05693045001,28.371699168911,
    1.658254209014));
#1095 = DIRECTION('',(-0.707106781187,0.707106781187,0.));
#1096 = DIRECTION('',(-1.744974916068E-02,-1.744974916068E-02,
    -0.999695459882));
#1097 = DEFINITIONAL_REPRESENTATION('',(#1098),#1102);
#1098 = LINE('',#1099,#1100);
#1099 = CARTESIAN_POINT('',(4.09313549706,147.48695806591));
#1100 = VECTOR('',#1101,1.);
#1101 = DIRECTION('',(-2.467767192305E-02,-0.999695459882));
#1102 = ( GEOMETRIC_REPRESENTATION_CONTEXT(2) 
PARAMETRIC_REPRESENTATION_CONTEXT() REPRESENTATION_CONTEXT('2D SPACE',''
  ) );
#1103 = ORIENTED_EDGE('',*,*,#1104,.F.);
#1104 = EDGE_CURVE('',#1105,#1077,#1107,.T.);
#1105 = VERTEX_POINT('',#1106);
#1106 = CARTESIAN_POINT('',(-13.04903647037,28.39125,1.206));
#1107 = SURFACE_CURVE('',#1108,(#1112,#1119),.PCURVE_S1.);
#1108 = LINE('',#1109,#1110);
#1109 = CARTESIAN_POINT('',(-13.04903647037,-86.37215531255,1.206));
#1110 = VECTOR('',#1111,1.);
#1111 = DIRECTION('',(-0.,-1.,0.));
#1112 = PCURVE('',#72,#1113);
#1113 = DEFINITIONAL_REPRESENTATION('',(#1114),#1118);
#1114 = LINE('',#1115,#1116);
#1115 = CARTESIAN_POINT('',(187.95096352963,114.62784468744));
#1116 = VECTOR('',#1117,1.);
#1117 = DIRECTION('',(0.,-1.));
#1118 = ( GEOMETRIC_REPRESENTATION_CONTEXT(2) 
PARAMETRIC_REPRESENTATION_CONTEXT() REPRESENTATION_CONTEXT('2D SPACE',''
  ) );
#1119 = PCURVE('',#1120,#1125);
#1120 = PLANE('',#1121);
#1121 = AXIS2_PLACEMENT_3D('',#1122,#1123,#1124);
#1122 = CARTESIAN_POINT('',(-13.04903647037,28.255689374881,2.1105));
#1123 = DIRECTION('',(1.,-0.,0.));
#1124 = DIRECTION('',(0.,1.,0.));
#1125 = DEFINITIONAL_REPRESENTATION('',(#1126),#1130);
#1126 = LINE('',#1127,#1128);
#1127 = CARTESIAN_POINT('',(-114.6278446874,-0.9045));
#1128 = VECTOR('',#1129,1.);
#1129 = DIRECTION('',(-1.,0.));
#1130 = ( GEOMETRIC_REPRESENTATION_CONTEXT(2) 
PARAMETRIC_REPRESENTATION_CONTEXT() REPRESENTATION_CONTEXT('2D SPACE',''
  ) );
#1131 = ORIENTED_EDGE('',*,*,#1132,.T.);
#1132 = EDGE_CURVE('',#1105,#1133,#1135,.T.);
#1133 = VERTEX_POINT('',#1134);
#1134 = CARTESIAN_POINT('',(-13.065,28.39125,1.206));
#1135 = SURFACE_CURVE('',#1136,(#1140,#1147),.PCURVE_S1.);
#1136 = LINE('',#1137,#1138);
#1137 = CARTESIAN_POINT('',(-107.0325,28.39125,1.206));
#1138 = VECTOR('',#1139,1.);
#1139 = DIRECTION('',(-1.,0.,0.));
#1140 = PCURVE('',#72,#1141);
#1141 = DEFINITIONAL_REPRESENTATION('',(#1142),#1146);
#1142 = LINE('',#1143,#1144);
#1143 = CARTESIAN_POINT('',(93.9675,229.39125));
#1144 = VECTOR('',#1145,1.);
#1145 = DIRECTION('',(-1.,0.));
#1146 = ( GEOMETRIC_REPRESENTATION_CONTEXT(2) 
PARAMETRIC_REPRESENTATION_CONTEXT() REPRESENTATION_CONTEXT('2D SPACE',''
  ) );
#1147 = PCURVE('',#1148,#1153);
#1148 = PLANE('',#1149);
#1149 = AXIS2_PLACEMENT_3D('',#1150,#1151,#1152);
#1150 = CARTESIAN_POINT('',(-13.065,28.39125,2.1105));
#1151 = DIRECTION('',(0.,-1.,0.));
#1152 = DIRECTION('',(1.,0.,0.));
#1153 = DEFINITIONAL_REPRESENTATION('',(#1154),#1158);
#1154 = LINE('',#1155,#1156);
#1155 = CARTESIAN_POINT('',(-93.9675,-0.9045));
#1156 = VECTOR('',#1157,1.);
#1157 = DIRECTION('',(-1.,0.));
#1158 = ( GEOMETRIC_REPRESENTATION_CONTEXT(2) 
PARAMETRIC_REPRESENTATION_CONTEXT() REPRESENTATION_CONTEXT('2D SPACE',''
  ) );
#1159 = ORIENTED_EDGE('',*,*,#1160,.F.);
#1160 = EDGE_CURVE('',#1161,#1133,#1163,.T.);
#1161 = VERTEX_POINT('',#1162);
#1162 = CARTESIAN_POINT('',(-13.065,29.949,1.206));
#1163 = SURFACE_CURVE('',#1164,(#1168,#1175),.PCURVE_S1.);
#1164 = LINE('',#1165,#1166);
#1165 = CARTESIAN_POINT('',(-13.065,-86.304375,1.206));
#1166 = VECTOR('',#1167,1.);
#1167 = DIRECTION('',(-0.,-1.,0.));
#1168 = PCURVE('',#72,#1169);
#1169 = DEFINITIONAL_REPRESENTATION('',(#1170),#1174);
#1170 = LINE('',#1171,#1172);
#1171 = CARTESIAN_POINT('',(187.935,114.695625));
#1172 = VECTOR('',#1173,1.);
#1173 = DIRECTION('',(0.,-1.));
#1174 = ( GEOMETRIC_REPRESENTATION_CONTEXT(2) 
PARAMETRIC_REPRESENTATION_CONTEXT() REPRESENTATION_CONTEXT('2D SPACE',''
  ) );
#1175 = PCURVE('',#1176,#1181);
#1176 = PLANE('',#1177);
#1177 = AXIS2_PLACEMENT_3D('',#1178,#1179,#1180);
#1178 = CARTESIAN_POINT('',(-13.065,28.39125,2.1105));
#1179 = DIRECTION('',(1.,-0.,0.));
#1180 = DIRECTION('',(0.,1.,0.));
#1181 = DEFINITIONAL_REPRESENTATION('',(#1182),#1186);
#1182 = LINE('',#1183,#1184);
#1183 = CARTESIAN_POINT('',(-114.695625,-0.9045));
#1184 = VECTOR('',#1185,1.);
#1185 = DIRECTION('',(-1.,0.));
#1186 = ( GEOMETRIC_REPRESENTATION_CONTEXT(2) 
PARAMETRIC_REPRESENTATION_CONTEXT() REPRESENTATION_CONTEXT('2D SPACE',''
  ) );
#1187 = ORIENTED_EDGE('',*,*,#1188,.F.);
#1188 = EDGE_CURVE('',#1189,#1161,#1191,.T.);
#1189 = VERTEX_POINT('',#1190);
#1190 = CARTESIAN_POINT('',(-7.035,29.949,1.206));
#1191 = SURFACE_CURVE('',#1192,(#1196,#1203),.PCURVE_S1.);
#1192 = LINE('',#1193,#1194);
#1193 = CARTESIAN_POINT('',(-107.0325,29.949,1.206));
#1194 = VECTOR('',#1195,1.);
#1195 = DIRECTION('',(-1.,0.,0.));
#1196 = PCURVE('',#72,#1197);
#1197 = DEFINITIONAL_REPRESENTATION('',(#1198),#1202);
#1198 = LINE('',#1199,#1200);
#1199 = CARTESIAN_POINT('',(93.9675,230.949));
#1200 = VECTOR('',#1201,1.);
#1201 = DIRECTION('',(-1.,0.));
#1202 = ( GEOMETRIC_REPRESENTATION_CONTEXT(2) 
PARAMETRIC_REPRESENTATION_CONTEXT() REPRESENTATION_CONTEXT('2D SPACE',''
  ) );
#1203 = PCURVE('',#1204,#1209);
#1204 = PLANE('',#1205);
#1205 = AXIS2_PLACEMENT_3D('',#1206,#1207,#1208);
#1206 = CARTESIAN_POINT('',(-13.065,29.949,2.1105));
#1207 = DIRECTION('',(0.,-1.,0.));
#1208 = DIRECTION('',(1.,0.,0.));
#1209 = DEFINITIONAL_REPRESENTATION('',(#1210),#1214);
#1210 = LINE('',#1211,#1212);
#1211 = CARTESIAN_POINT('',(-93.9675,-0.9045));
#1212 = VECTOR('',#1213,1.);
#1213 = DIRECTION('',(-1.,0.));
#1214 = ( GEOMETRIC_REPRESENTATION_CONTEXT(2) 
PARAMETRIC_REPRESENTATION_CONTEXT() REPRESENTATION_CONTEXT('2D SPACE',''
  ) );
#1215 = ORIENTED_EDGE('',*,*,#1216,.T.);
#1216 = EDGE_CURVE('',#1189,#1217,#1219,.T.);
#1217 = VERTEX_POINT('',#1218);
#1218 = CARTESIAN_POINT('',(-7.035,28.39125,1.206));
#1219 = SURFACE_CURVE('',#1220,(#1224,#1231),.PCURVE_S1.);
#1220 = LINE('',#1221,#1222);
#1221 = CARTESIAN_POINT('',(-7.035,-86.304375,1.206));
#1222 = VECTOR('',#1223,1.);
#1223 = DIRECTION('',(-0.,-1.,0.));
#1224 = PCURVE('',#72,#1225);
#1225 = DEFINITIONAL_REPRESENTATION('',(#1226),#1230);
#1226 = LINE('',#1227,#1228);
#1227 = CARTESIAN_POINT('',(193.965,114.695625));
#1228 = VECTOR('',#1229,1.);
#1229 = DIRECTION('',(0.,-1.));
#1230 = ( GEOMETRIC_REPRESENTATION_CONTEXT(2) 
PARAMETRIC_REPRESENTATION_CONTEXT() REPRESENTATION_CONTEXT('2D SPACE',''
  ) );
#1231 = PCURVE('',#1232,#1237);
#1232 = PLANE('',#1233);
#1233 = AXIS2_PLACEMENT_3D('',#1234,#1235,#1236);
#1234 = CARTESIAN_POINT('',(-7.035,28.39125,2.1105));
#1235 = DIRECTION('',(1.,-0.,0.));
#1236 = DIRECTION('',(0.,1.,0.));
#1237 = DEFINITIONAL_REPRESENTATION('',(#1238),#1242);
#1238 = LINE('',#1239,#1240);
#1239 = CARTESIAN_POINT('',(-114.695625,-0.9045));
#1240 = VECTOR('',#1241,1.);
#1241 = DIRECTION('',(-1.,0.));
#1242 = ( GEOMETRIC_REPRESENTATION_CONTEXT(2) 
PARAMETRIC_REPRESENTATION_CONTEXT() REPRESENTATION_CONTEXT('2D SPACE',''
  ) );
#1243 = ORIENTED_EDGE('',*,*,#1244,.T.);
#1244 = EDGE_CURVE('',#1217,#1245,#1247,.T.);
#1245 = VERTEX_POINT('',#1246);
#1246 = CARTESIAN_POINT('',(-7.05096352963,28.39125,1.206));
#1247 = SURFACE_CURVE('',#1248,(#1252,#1259),.PCURVE_S1.);
#1248 = LINE('',#1249,#1250);
#1249 = CARTESIAN_POINT('',(-104.0254817648,28.39125,1.206));
#1250 = VECTOR('',#1251,1.);
#1251 = DIRECTION('',(-1.,0.,0.));
#1252 = PCURVE('',#72,#1253);
#1253 = DEFINITIONAL_REPRESENTATION('',(#1254),#1258);
#1254 = LINE('',#1255,#1256);
#1255 = CARTESIAN_POINT('',(96.974518235185,229.39125));
#1256 = VECTOR('',#1257,1.);
#1257 = DIRECTION('',(-1.,0.));
#1258 = ( GEOMETRIC_REPRESENTATION_CONTEXT(2) 
PARAMETRIC_REPRESENTATION_CONTEXT() REPRESENTATION_CONTEXT('2D SPACE',''
  ) );
#1259 = PCURVE('',#1260,#1265);
#1260 = PLANE('',#1261);
#1261 = AXIS2_PLACEMENT_3D('',#1262,#1263,#1264);
#1262 = CARTESIAN_POINT('',(-7.05096352963,28.39125,2.1105));
#1263 = DIRECTION('',(0.,-1.,0.));
#1264 = DIRECTION('',(1.,0.,0.));
#1265 = DEFINITIONAL_REPRESENTATION('',(#1266),#1270);
#1266 = LINE('',#1267,#1268);
#1267 = CARTESIAN_POINT('',(-96.97451823518,-0.9045));
#1268 = VECTOR('',#1269,1.);
#1269 = DIRECTION('',(-1.,0.));
#1270 = ( GEOMETRIC_REPRESENTATION_CONTEXT(2) 
PARAMETRIC_REPRESENTATION_CONTEXT() REPRESENTATION_CONTEXT('2D SPACE',''
  ) );
#1271 = ORIENTED_EDGE('',*,*,#1272,.F.);
#1272 = EDGE_CURVE('',#1273,#1245,#1275,.T.);
#1273 = VERTEX_POINT('',#1274);
#1274 = CARTESIAN_POINT('',(-7.05096352963,28.379593148556,1.206));
#1275 = SURFACE_CURVE('',#1276,(#1280,#1287),.PCURVE_S1.);
#1276 = LINE('',#1277,#1278);
#1277 = CARTESIAN_POINT('',(-7.050963529632,-86.30387825765,1.206));
#1278 = VECTOR('',#1279,1.);
#1279 = DIRECTION('',(1.340551610877E-14,1.,-0.));
#1280 = PCURVE('',#72,#1281);
#1281 = DEFINITIONAL_REPRESENTATION('',(#1282),#1286);
#1282 = LINE('',#1283,#1284);
#1283 = CARTESIAN_POINT('',(193.94903647036,114.69612174234));
#1284 = VECTOR('',#1285,1.);
#1285 = DIRECTION('',(1.340551610877E-14,1.));
#1286 = ( GEOMETRIC_REPRESENTATION_CONTEXT(2) 
PARAMETRIC_REPRESENTATION_CONTEXT() REPRESENTATION_CONTEXT('2D SPACE',''
  ) );
#1287 = PCURVE('',#1288,#1293);
#1288 = PLANE('',#1289);
#1289 = AXIS2_PLACEMENT_3D('',#1290,#1291,#1292);
#1290 = CARTESIAN_POINT('',(-7.05096352963,28.392243484686,2.1105));
#1291 = DIRECTION('',(-1.,1.340551610877E-14,0.));
#1292 = DIRECTION('',(-1.340551610877E-14,-1.,0.));
#1293 = DEFINITIONAL_REPRESENTATION('',(#1294),#1298);
#1294 = LINE('',#1295,#1296);
#1295 = CARTESIAN_POINT('',(114.69612174234,-0.9045));
#1296 = VECTOR('',#1297,1.);
#1297 = DIRECTION('',(-1.,0.));
#1298 = ( GEOMETRIC_REPRESENTATION_CONTEXT(2) 
PARAMETRIC_REPRESENTATION_CONTEXT() REPRESENTATION_CONTEXT('2D SPACE',''
  ) );
#1299 = ORIENTED_EDGE('',*,*,#1300,.T.);
#1300 = EDGE_CURVE('',#1273,#1000,#1301,.T.);
#1301 = SURFACE_CURVE('',#1302,(#1306,#1313),.PCURVE_S1.);
#1302 = LINE('',#1303,#1304);
#1303 = CARTESIAN_POINT('',(1.810622629746,19.518006989179,1.206));
#1304 = VECTOR('',#1305,1.);
#1305 = DIRECTION('',(0.707106781186,-0.707106781187,0.));
#1306 = PCURVE('',#72,#1307);
#1307 = DEFINITIONAL_REPRESENTATION('',(#1308),#1312);
#1308 = LINE('',#1309,#1310);
#1309 = CARTESIAN_POINT('',(202.81062262974,220.51800698917));
#1310 = VECTOR('',#1311,1.);
#1311 = DIRECTION('',(0.707106781186,-0.707106781187));
#1312 = ( GEOMETRIC_REPRESENTATION_CONTEXT(2) 
PARAMETRIC_REPRESENTATION_CONTEXT() REPRESENTATION_CONTEXT('2D SPACE',''
  ) );
#1313 = PCURVE('',#1314,#1319);
#1314 = PLANE('',#1315);
#1315 = AXIS2_PLACEMENT_3D('',#1316,#1317,#1318);
#1316 = CARTESIAN_POINT('',(-7.043069549985,28.371699168911,
    1.658254209014));
#1317 = DIRECTION('',(0.707106781187,0.707106781186,0.));
#1318 = DIRECTION('',(-1.744974916068E-02,1.744974916068E-02,
    0.999695459882));
#1319 = DEFINITIONAL_REPRESENTATION('',(#1320),#1324);
#1320 = LINE('',#1321,#1322);
#1321 = CARTESIAN_POINT('',(-0.761105894828,12.506037826318));
#1322 = VECTOR('',#1323,1.);
#1323 = DIRECTION('',(-2.467767192305E-02,0.999695459882));
#1324 = ( GEOMETRIC_REPRESENTATION_CONTEXT(2) 
PARAMETRIC_REPRESENTATION_CONTEXT() REPRESENTATION_CONTEXT('2D SPACE',''
  ) );
#1325 = ADVANCED_FACE('',(#1326),#159,.T.);
#1326 = FACE_BOUND('',#1327,.T.);
#1327 = EDGE_LOOP('',(#1328,#1329,#1330,#1331));
#1328 = ORIENTED_EDGE('',*,*,#141,.F.);
#1329 = ORIENTED_EDGE('',*,*,#318,.F.);
#1330 = ORIENTED_EDGE('',*,*,#266,.T.);
#1331 = ORIENTED_EDGE('',*,*,#219,.F.);
#1332 = ADVANCED_FACE('',(#1333),#686,.F.);
#1333 = FACE_BOUND('',#1334,.F.);
#1334 = EDGE_LOOP('',(#1335,#1362,#1382,#1409,#1410,#1430));
#1335 = ORIENTED_EDGE('',*,*,#1336,.F.);
#1336 = EDGE_CURVE('',#1337,#1339,#1341,.T.);
#1337 = VERTEX_POINT('',#1338);
#1338 = CARTESIAN_POINT('',(4.004061769149,-10.24375316957,2.1105));
#1339 = VERTEX_POINT('',#1340);
#1340 = CARTESIAN_POINT('',(3.909483256407,-10.20075,7.5375));
#1341 = SURFACE_CURVE('',#1342,(#1345,#1351),.PCURVE_S1.);
#1342 = B_SPLINE_CURVE_WITH_KNOTS('',1,(#1343,#1344),.UNSPECIFIED.,.F.,
  .F.,(2,2),(0.,1.),.PIECEWISE_BEZIER_KNOTS.);
#1343 = CARTESIAN_POINT('',(4.02,-10.251,1.19595));
#1344 = CARTESIAN_POINT('',(3.909483256407,-10.20075,7.5375));
#1345 = PCURVE('',#686,#1346);
#1346 = DEFINITIONAL_REPRESENTATION('',(#1347),#1350);
#1347 = B_SPLINE_CURVE_WITH_KNOTS('',1,(#1348,#1349),.UNSPECIFIED.,.F.,
  .F.,(2,2),(0.144215530903,1.),.PIECEWISE_BEZIER_KNOTS.);
#1348 = CARTESIAN_POINT('',(-0.4,0.144215530903));
#1349 = CARTESIAN_POINT('',(-0.4,1.));
#1350 = ( GEOMETRIC_REPRESENTATION_CONTEXT(2) 
PARAMETRIC_REPRESENTATION_CONTEXT() REPRESENTATION_CONTEXT('2D SPACE',''
  ) );
#1351 = PCURVE('',#1352,#1357);
#1352 = B_SPLINE_SURFACE_WITH_KNOTS('',1,1,(
    (#1353,#1354)
    ,(#1355,#1356
    )),.UNSPECIFIED.,.F.,.F.,.F.,(2,2),(2,2),(-4.,4.),(0.,1.),
  .PIECEWISE_BEZIER_KNOTS.);
#1353 = CARTESIAN_POINT('',(-4.02,-10.251,1.19595));
#1354 = CARTESIAN_POINT('',(-3.909483256407,-10.20075,7.5375));
#1355 = CARTESIAN_POINT('',(4.02,-10.251,1.19595));
#1356 = CARTESIAN_POINT('',(3.909483256407,-10.20075,7.5375));
#1357 = DEFINITIONAL_REPRESENTATION('',(#1358),#1361);
#1358 = B_SPLINE_CURVE_WITH_KNOTS('',1,(#1359,#1360),.UNSPECIFIED.,.F.,
  .F.,(2,2),(0.144215530903,1.),.PIECEWISE_BEZIER_KNOTS.);
#1359 = CARTESIAN_POINT('',(4.,0.144215530903));
#1360 = CARTESIAN_POINT('',(4.,1.));
#1361 = ( GEOMETRIC_REPRESENTATION_CONTEXT(2) 
PARAMETRIC_REPRESENTATION_CONTEXT() REPRESENTATION_CONTEXT('2D SPACE',''
  ) );
#1362 = ORIENTED_EDGE('',*,*,#1363,.F.);
#1363 = EDGE_CURVE('',#1364,#1337,#1366,.T.);
#1364 = VERTEX_POINT('',#1365);
#1365 = CARTESIAN_POINT('',(4.004061769149,-10.22929314855,2.1105));
#1366 = SURFACE_CURVE('',#1367,(#1370,#1376),.PCURVE_S1.);
#1367 = B_SPLINE_CURVE_WITH_KNOTS('',1,(#1368,#1369),.UNSPECIFIED.,.F.,
  .F.,(2,2),(0.,1.),.PIECEWISE_BEZIER_KNOTS.);
#1368 = CARTESIAN_POINT('',(4.004061769149,-9.513314173161,2.1105));
#1369 = CARTESIAN_POINT('',(4.004061769149,-10.24375316957,2.1105));
#1370 = PCURVE('',#686,#1371);
#1371 = DEFINITIONAL_REPRESENTATION('',(#1372),#1375);
#1372 = B_SPLINE_CURVE_WITH_KNOTS('',1,(#1373,#1374),.UNSPECIFIED.,.F.,
  .F.,(2,2),(0.98020365686,1.),.PIECEWISE_BEZIER_KNOTS.);
#1373 = CARTESIAN_POINT('',(-0.385347784762,0.144215530903));
#1374 = CARTESIAN_POINT('',(-0.4,0.144215530903));
#1375 = ( GEOMETRIC_REPRESENTATION_CONTEXT(2) 
PARAMETRIC_REPRESENTATION_CONTEXT() REPRESENTATION_CONTEXT('2D SPACE',''
  ) );
#1376 = PCURVE('',#741,#1377);
#1377 = DEFINITIONAL_REPRESENTATION('',(#1378),#1381);
#1378 = B_SPLINE_CURVE_WITH_KNOTS('',1,(#1379,#1380),.UNSPECIFIED.,.F.,
  .F.,(2,2),(0.,1.),.PIECEWISE_BEZIER_KNOTS.);
#1379 = CARTESIAN_POINT('',(-0.365219498205,0.));
#1380 = CARTESIAN_POINT('',(0.365219498205,0.));
#1381 = ( GEOMETRIC_REPRESENTATION_CONTEXT(2) 
PARAMETRIC_REPRESENTATION_CONTEXT() REPRESENTATION_CONTEXT('2D SPACE',''
  ) );
#1382 = ORIENTED_EDGE('',*,*,#1383,.T.);
#1383 = EDGE_CURVE('',#1364,#673,#1384,.T.);
#1384 = SURFACE_CURVE('',#1385,(#1391,#1400),.PCURVE_S1.);
#1385 = B_SPLINE_CURVE_WITH_KNOTS('',4,(#1386,#1387,#1388,#1389,#1390),
  .UNSPECIFIED.,.F.,.F.,(5,5),(0.,1.),.PIECEWISE_BEZIER_KNOTS.);
#1386 = CARTESIAN_POINT('',(4.004061769149,-10.22929314855,2.1105));
#1387 = CARTESIAN_POINT('',(4.008002520325,-10.22534614221,
    1.884376158396));
#1388 = CARTESIAN_POINT('',(4.011943296755,-10.22139911058,
    1.658250867743));
#1389 = CARTESIAN_POINT('',(4.015884097294,-10.21745205481,
    1.432124193665));
#1390 = CARTESIAN_POINT('',(4.019824920916,-10.21350497591,1.20599619507
    ));
#1391 = PCURVE('',#686,#1392);
#1392 = DEFINITIONAL_REPRESENTATION('',(#1393),#1399);
#1393 = B_SPLINE_CURVE_WITH_KNOTS('',4,(#1394,#1395,#1396,#1397,#1398),
  .UNSPECIFIED.,.F.,.F.,(5,5),(0.,1.),.PIECEWISE_BEZIER_KNOTS.);
#1394 = CARTESIAN_POINT('',(-0.385347784762,0.144215530903));
#1395 = CARTESIAN_POINT('',(-0.379599218758,0.108558027359));
#1396 = CARTESIAN_POINT('',(-0.373920196456,7.290029531311E-02));
#1397 = CARTESIAN_POINT('',(-0.368308827847,3.724234511509E-02));
#1398 = CARTESIAN_POINT('',(-0.362763353903,1.584186053883E-03));
#1399 = ( GEOMETRIC_REPRESENTATION_CONTEXT(2) 
PARAMETRIC_REPRESENTATION_CONTEXT() REPRESENTATION_CONTEXT('2D SPACE',''
  ) );
#1400 = PCURVE('',#713,#1401);
#1401 = DEFINITIONAL_REPRESENTATION('',(#1402),#1408);
#1402 = B_SPLINE_CURVE_WITH_KNOTS('',4,(#1403,#1404,#1405,#1406,#1407),
  .UNSPECIFIED.,.F.,.F.,(5,5),(0.,1.),.PIECEWISE_BEZIER_KNOTS.);
#1403 = CARTESIAN_POINT('',(-0.452387376431,8.881784197001E-16));
#1404 = CARTESIAN_POINT('',(-0.226194759132,-1.7763568394E-15));
#1405 = CARTESIAN_POINT('',(-6.923427751104E-07,1.7763568394E-15));
#1406 = CARTESIAN_POINT('',(0.226194758292,-8.881784197001E-16));
#1407 = CARTESIAN_POINT('',(0.452391533846,-8.881784197001E-16));
#1408 = ( GEOMETRIC_REPRESENTATION_CONTEXT(2) 
PARAMETRIC_REPRESENTATION_CONTEXT() REPRESENTATION_CONTEXT('2D SPACE',''
  ) );
#1409 = ORIENTED_EDGE('',*,*,#670,.F.);
#1410 = ORIENTED_EDGE('',*,*,#1411,.T.);
#1411 = EDGE_CURVE('',#671,#1412,#1414,.T.);
#1412 = VERTEX_POINT('',#1413);
#1413 = CARTESIAN_POINT('',(3.909483256407,-9.49725,7.5375));
#1414 = SURFACE_CURVE('',#1415,(#1418,#1424),.PCURVE_S1.);
#1415 = B_SPLINE_CURVE_WITH_KNOTS('',1,(#1416,#1417),.UNSPECIFIED.,.F.,
  .F.,(2,2),(0.,1.),.PIECEWISE_BEZIER_KNOTS.);
#1416 = CARTESIAN_POINT('',(4.02,-9.447,1.19595));
#1417 = CARTESIAN_POINT('',(3.909483256407,-9.49725,7.5375));
#1418 = PCURVE('',#686,#1419);
#1419 = DEFINITIONAL_REPRESENTATION('',(#1420),#1423);
#1420 = B_SPLINE_CURVE_WITH_KNOTS('',1,(#1421,#1422),.UNSPECIFIED.,.F.,
  .F.,(2,2),(1.584786053883E-03,1.),.PIECEWISE_BEZIER_KNOTS.);
#1421 = CARTESIAN_POINT('',(0.4,1.584786053883E-03));
#1422 = CARTESIAN_POINT('',(0.4,1.));
#1423 = ( GEOMETRIC_REPRESENTATION_CONTEXT(2) 
PARAMETRIC_REPRESENTATION_CONTEXT() REPRESENTATION_CONTEXT('2D SPACE',''
  ) );
#1424 = PCURVE('',#986,#1425);
#1425 = DEFINITIONAL_REPRESENTATION('',(#1426),#1429);
#1426 = B_SPLINE_CURVE_WITH_KNOTS('',1,(#1427,#1428),.UNSPECIFIED.,.F.,
  .F.,(2,2),(1.584786053883E-03,1.),.PIECEWISE_BEZIER_KNOTS.);
#1427 = CARTESIAN_POINT('',(-4.,1.584786053883E-03));
#1428 = CARTESIAN_POINT('',(-4.,1.));
#1429 = ( GEOMETRIC_REPRESENTATION_CONTEXT(2) 
PARAMETRIC_REPRESENTATION_CONTEXT() REPRESENTATION_CONTEXT('2D SPACE',''
  ) );
#1430 = ORIENTED_EDGE('',*,*,#1431,.F.);
#1431 = EDGE_CURVE('',#1339,#1412,#1432,.T.);
#1432 = SURFACE_CURVE('',#1433,(#1437,#1443),.PCURVE_S1.);
#1433 = LINE('',#1434,#1435);
#1434 = CARTESIAN_POINT('',(3.909483256407,-9.849,7.5375));
#1435 = VECTOR('',#1436,1.);
#1436 = DIRECTION('',(0.,1.,0.));
#1437 = PCURVE('',#686,#1438);
#1438 = DEFINITIONAL_REPRESENTATION('',(#1439),#1442);
#1439 = B_SPLINE_CURVE_WITH_KNOTS('',1,(#1440,#1441),.UNSPECIFIED.,.F.,
  .F.,(2,2),(-0.35175,0.35175),.PIECEWISE_BEZIER_KNOTS.);
#1440 = CARTESIAN_POINT('',(-0.4,1.));
#1441 = CARTESIAN_POINT('',(0.4,1.));
#1442 = ( GEOMETRIC_REPRESENTATION_CONTEXT(2) 
PARAMETRIC_REPRESENTATION_CONTEXT() REPRESENTATION_CONTEXT('2D SPACE',''
  ) );
#1443 = PCURVE('',#1444,#1449);
#1444 = PLANE('',#1445);
#1445 = AXIS2_PLACEMENT_3D('',#1446,#1447,#1448);
#1446 = CARTESIAN_POINT('',(-3.909483256407,-10.20075,7.5375));
#1447 = DIRECTION('',(0.,0.,1.));
#1448 = DIRECTION('',(0.995976792357,8.961154549961E-02,-0.));
#1449 = DEFINITIONAL_REPRESENTATION('',(#1450),#1454);
#1450 = LINE('',#1451,#1452);
#1451 = CARTESIAN_POINT('',(7.819030048107,-0.350334836711));
#1452 = VECTOR('',#1453,1.);
#1453 = DIRECTION('',(8.961154549961E-02,0.995976792357));
#1454 = ( GEOMETRIC_REPRESENTATION_CONTEXT(2) 
PARAMETRIC_REPRESENTATION_CONTEXT() REPRESENTATION_CONTEXT('2D SPACE',''
  ) );
#1455 = ADVANCED_FACE('',(#1456),#986,.F.);
#1456 = FACE_BOUND('',#1457,.F.);
#1457 = EDGE_LOOP('',(#1458,#1459,#1479,#1499));
#1458 = ORIENTED_EDGE('',*,*,#974,.F.);
#1459 = ORIENTED_EDGE('',*,*,#1460,.T.);
#1460 = EDGE_CURVE('',#950,#1461,#1463,.T.);
#1461 = VERTEX_POINT('',#1462);
#1462 = CARTESIAN_POINT('',(-3.909483256407,-9.49725,7.5375));
#1463 = SURFACE_CURVE('',#1464,(#1467,#1473),.PCURVE_S1.);
#1464 = B_SPLINE_CURVE_WITH_KNOTS('',1,(#1465,#1466),.UNSPECIFIED.,.F.,
  .F.,(2,2),(0.,1.),.PIECEWISE_BEZIER_KNOTS.);
#1465 = CARTESIAN_POINT('',(-4.02,-9.447,1.19595));
#1466 = CARTESIAN_POINT('',(-3.909483256407,-9.49725,7.5375));
#1467 = PCURVE('',#986,#1468);
#1468 = DEFINITIONAL_REPRESENTATION('',(#1469),#1472);
#1469 = B_SPLINE_CURVE_WITH_KNOTS('',1,(#1470,#1471),.UNSPECIFIED.,.F.,
  .F.,(2,2),(1.584786053883E-03,1.),.PIECEWISE_BEZIER_KNOTS.);
#1470 = CARTESIAN_POINT('',(4.,1.584786053883E-03));
#1471 = CARTESIAN_POINT('',(4.,1.));
#1472 = ( GEOMETRIC_REPRESENTATION_CONTEXT(2) 
PARAMETRIC_REPRESENTATION_CONTEXT() REPRESENTATION_CONTEXT('2D SPACE',''
  ) );
#1473 = PCURVE('',#963,#1474);
#1474 = DEFINITIONAL_REPRESENTATION('',(#1475),#1478);
#1475 = B_SPLINE_CURVE_WITH_KNOTS('',1,(#1476,#1477),.UNSPECIFIED.,.F.,
  .F.,(2,2),(1.584786053883E-03,1.),.PIECEWISE_BEZIER_KNOTS.);
#1476 = CARTESIAN_POINT('',(-0.4,1.584786053883E-03));
#1477 = CARTESIAN_POINT('',(-0.4,1.));
#1478 = ( GEOMETRIC_REPRESENTATION_CONTEXT(2) 
PARAMETRIC_REPRESENTATION_CONTEXT() REPRESENTATION_CONTEXT('2D SPACE',''
  ) );
#1479 = ORIENTED_EDGE('',*,*,#1480,.T.);
#1480 = EDGE_CURVE('',#1461,#1412,#1481,.T.);
#1481 = SURFACE_CURVE('',#1482,(#1486,#1492),.PCURVE_S1.);
#1482 = LINE('',#1483,#1484);
#1483 = CARTESIAN_POINT('',(0.,-9.49725,7.5375));
#1484 = VECTOR('',#1485,1.);
#1485 = DIRECTION('',(1.,0.,0.));
#1486 = PCURVE('',#986,#1487);
#1487 = DEFINITIONAL_REPRESENTATION('',(#1488),#1491);
#1488 = B_SPLINE_CURVE_WITH_KNOTS('',1,(#1489,#1490),.UNSPECIFIED.,.F.,
  .F.,(2,2),(-3.909483256407,3.909483256407),.PIECEWISE_BEZIER_KNOTS.);
#1489 = CARTESIAN_POINT('',(4.,1.));
#1490 = CARTESIAN_POINT('',(-4.,1.));
#1491 = ( GEOMETRIC_REPRESENTATION_CONTEXT(2) 
PARAMETRIC_REPRESENTATION_CONTEXT() REPRESENTATION_CONTEXT('2D SPACE',''
  ) );
#1492 = PCURVE('',#1444,#1493);
#1493 = DEFINITIONAL_REPRESENTATION('',(#1494),#1498);
#1494 = LINE('',#1495,#1496);
#1495 = CARTESIAN_POINT('',(3.956796315747,0.350334836711));
#1496 = VECTOR('',#1497,1.);
#1497 = DIRECTION('',(0.995976792357,-8.961154549961E-02));
#1498 = ( GEOMETRIC_REPRESENTATION_CONTEXT(2) 
PARAMETRIC_REPRESENTATION_CONTEXT() REPRESENTATION_CONTEXT('2D SPACE',''
  ) );
#1499 = ORIENTED_EDGE('',*,*,#1411,.F.);
#1500 = ADVANCED_FACE('',(#1501),#963,.F.);
#1501 = FACE_BOUND('',#1502,.F.);
#1502 = EDGE_LOOP('',(#1503,#1504,#1533,#1553,#1573,#1593));
#1503 = ORIENTED_EDGE('',*,*,#949,.F.);
#1504 = ORIENTED_EDGE('',*,*,#1505,.T.);
#1505 = EDGE_CURVE('',#922,#1506,#1508,.T.);
#1506 = VERTEX_POINT('',#1507);
#1507 = CARTESIAN_POINT('',(-4.004061769149,-10.22929314855,2.1105));
#1508 = SURFACE_CURVE('',#1509,(#1515,#1524),.PCURVE_S1.);
#1509 = B_SPLINE_CURVE_WITH_KNOTS('',4,(#1510,#1511,#1512,#1513,#1514),
  .UNSPECIFIED.,.F.,.F.,(5,5),(0.,1.),.PIECEWISE_BEZIER_KNOTS.);
#1510 = CARTESIAN_POINT('',(-4.019824920916,-10.21350497591,
    1.20599619507));
#1511 = CARTESIAN_POINT('',(-4.015884097294,-10.21745205481,
    1.432124193665));
#1512 = CARTESIAN_POINT('',(-4.011943296755,-10.22139911058,
    1.658250867743));
#1513 = CARTESIAN_POINT('',(-4.008002520325,-10.22534614221,
    1.884376158396));
#1514 = CARTESIAN_POINT('',(-4.004061769149,-10.22929314855,2.1105));
#1515 = PCURVE('',#963,#1516);
#1516 = DEFINITIONAL_REPRESENTATION('',(#1517),#1523);
#1517 = B_SPLINE_CURVE_WITH_KNOTS('',4,(#1518,#1519,#1520,#1521,#1522),
  .UNSPECIFIED.,.F.,.F.,(5,5),(0.,1.),.PIECEWISE_BEZIER_KNOTS.);
#1518 = CARTESIAN_POINT('',(0.362763353903,1.584186053883E-03));
#1519 = CARTESIAN_POINT('',(0.368308827847,3.724234511511E-02));
#1520 = CARTESIAN_POINT('',(0.373920196456,7.29002953131E-02));
#1521 = CARTESIAN_POINT('',(0.379599218758,0.108558027359));
#1522 = CARTESIAN_POINT('',(0.385347784762,0.144215530903));
#1523 = ( GEOMETRIC_REPRESENTATION_CONTEXT(2) 
PARAMETRIC_REPRESENTATION_CONTEXT() REPRESENTATION_CONTEXT('2D SPACE',''
  ) );
#1524 = PCURVE('',#937,#1525);
#1525 = DEFINITIONAL_REPRESENTATION('',(#1526),#1532);
#1526 = B_SPLINE_CURVE_WITH_KNOTS('',4,(#1527,#1528,#1529,#1530,#1531),
  .UNSPECIFIED.,.F.,.F.,(5,5),(0.,1.),.PIECEWISE_BEZIER_KNOTS.);
#1527 = CARTESIAN_POINT('',(-0.452391533846,2.6645352591E-15));
#1528 = CARTESIAN_POINT('',(-0.226194758292,8.881784197001E-16));
#1529 = CARTESIAN_POINT('',(6.923426569827E-07,4.440892098501E-15));
#1530 = CARTESIAN_POINT('',(0.226194759132,1.7763568394E-15));
#1531 = CARTESIAN_POINT('',(0.452387376431,3.552713678801E-15));
#1532 = ( GEOMETRIC_REPRESENTATION_CONTEXT(2) 
PARAMETRIC_REPRESENTATION_CONTEXT() REPRESENTATION_CONTEXT('2D SPACE',''
  ) );
#1533 = ORIENTED_EDGE('',*,*,#1534,.F.);
#1534 = EDGE_CURVE('',#1535,#1506,#1537,.T.);
#1535 = VERTEX_POINT('',#1536);
#1536 = CARTESIAN_POINT('',(-4.004061769149,-10.24375316957,2.1105));
#1537 = SURFACE_CURVE('',#1538,(#1541,#1547),.PCURVE_S1.);
#1538 = B_SPLINE_CURVE_WITH_KNOTS('',1,(#1539,#1540),.UNSPECIFIED.,.F.,
  .F.,(2,2),(0.,1.),.PIECEWISE_BEZIER_KNOTS.);
#1539 = CARTESIAN_POINT('',(-4.004061769149,-10.24375316957,2.1105));
#1540 = CARTESIAN_POINT('',(-4.004061769149,-10.22082941282,2.1105));
#1541 = PCURVE('',#963,#1542);
#1542 = DEFINITIONAL_REPRESENTATION('',(#1543),#1546);
#1543 = B_SPLINE_CURVE_WITH_KNOTS('',1,(#1544,#1545),.UNSPECIFIED.,.F.,
  .F.,(2,2),(0.,0.630787578792),.PIECEWISE_BEZIER_KNOTS.);
#1544 = CARTESIAN_POINT('',(0.4,0.144215530903));
#1545 = CARTESIAN_POINT('',(0.385347784762,0.144215530903));
#1546 = ( GEOMETRIC_REPRESENTATION_CONTEXT(2) 
PARAMETRIC_REPRESENTATION_CONTEXT() REPRESENTATION_CONTEXT('2D SPACE',''
  ) );
#1547 = PCURVE('',#909,#1548);
#1548 = DEFINITIONAL_REPRESENTATION('',(#1549),#1552);
#1549 = B_SPLINE_CURVE_WITH_KNOTS('',1,(#1550,#1551),.UNSPECIFIED.,.F.,
  .F.,(2,2),(0.,1.),.PIECEWISE_BEZIER_KNOTS.);
#1550 = CARTESIAN_POINT('',(-1.146187837395E-02,0.));
#1551 = CARTESIAN_POINT('',(1.146187837395E-02,0.));
#1552 = ( GEOMETRIC_REPRESENTATION_CONTEXT(2) 
PARAMETRIC_REPRESENTATION_CONTEXT() REPRESENTATION_CONTEXT('2D SPACE',''
  ) );
#1553 = ORIENTED_EDGE('',*,*,#1554,.T.);
#1554 = EDGE_CURVE('',#1535,#1555,#1557,.T.);
#1555 = VERTEX_POINT('',#1556);
#1556 = CARTESIAN_POINT('',(-3.909483256407,-10.20075,7.5375));
#1557 = SURFACE_CURVE('',#1558,(#1561,#1567),.PCURVE_S1.);
#1558 = B_SPLINE_CURVE_WITH_KNOTS('',1,(#1559,#1560),.UNSPECIFIED.,.F.,
  .F.,(2,2),(0.,1.),.PIECEWISE_BEZIER_KNOTS.);
#1559 = CARTESIAN_POINT('',(-4.02,-10.251,1.19595));
#1560 = CARTESIAN_POINT('',(-3.909483256407,-10.20075,7.5375));
#1561 = PCURVE('',#963,#1562);
#1562 = DEFINITIONAL_REPRESENTATION('',(#1563),#1566);
#1563 = B_SPLINE_CURVE_WITH_KNOTS('',1,(#1564,#1565),.UNSPECIFIED.,.F.,
  .F.,(2,2),(0.144215530903,1.),.PIECEWISE_BEZIER_KNOTS.);
#1564 = CARTESIAN_POINT('',(0.4,0.144215530903));
#1565 = CARTESIAN_POINT('',(0.4,1.));
#1566 = ( GEOMETRIC_REPRESENTATION_CONTEXT(2) 
PARAMETRIC_REPRESENTATION_CONTEXT() REPRESENTATION_CONTEXT('2D SPACE',''
  ) );
#1567 = PCURVE('',#1352,#1568);
#1568 = DEFINITIONAL_REPRESENTATION('',(#1569),#1572);
#1569 = B_SPLINE_CURVE_WITH_KNOTS('',1,(#1570,#1571),.UNSPECIFIED.,.F.,
  .F.,(2,2),(0.144215530903,1.),.PIECEWISE_BEZIER_KNOTS.);
#1570 = CARTESIAN_POINT('',(-4.,0.144215530903));
#1571 = CARTESIAN_POINT('',(-4.,1.));
#1572 = ( GEOMETRIC_REPRESENTATION_CONTEXT(2) 
PARAMETRIC_REPRESENTATION_CONTEXT() REPRESENTATION_CONTEXT('2D SPACE',''
  ) );
#1573 = ORIENTED_EDGE('',*,*,#1574,.T.);
#1574 = EDGE_CURVE('',#1555,#1461,#1575,.T.);
#1575 = SURFACE_CURVE('',#1576,(#1580,#1586),.PCURVE_S1.);
#1576 = LINE('',#1577,#1578);
#1577 = CARTESIAN_POINT('',(-3.909483256407,-9.849,7.5375));
#1578 = VECTOR('',#1579,1.);
#1579 = DIRECTION('',(0.,1.,0.));
#1580 = PCURVE('',#963,#1581);
#1581 = DEFINITIONAL_REPRESENTATION('',(#1582),#1585);
#1582 = B_SPLINE_CURVE_WITH_KNOTS('',1,(#1583,#1584),.UNSPECIFIED.,.F.,
  .F.,(2,2),(-0.35175,0.35175),.PIECEWISE_BEZIER_KNOTS.);
#1583 = CARTESIAN_POINT('',(0.4,1.));
#1584 = CARTESIAN_POINT('',(-0.4,1.));
#1585 = ( GEOMETRIC_REPRESENTATION_CONTEXT(2) 
PARAMETRIC_REPRESENTATION_CONTEXT() REPRESENTATION_CONTEXT('2D SPACE',''
  ) );
#1586 = PCURVE('',#1444,#1587);
#1587 = DEFINITIONAL_REPRESENTATION('',(#1588),#1592);
#1588 = LINE('',#1589,#1590);
#1589 = CARTESIAN_POINT('',(3.152086112949E-02,0.350334836711));
#1590 = VECTOR('',#1591,1.);
#1591 = DIRECTION('',(8.961154549961E-02,0.995976792357));
#1592 = ( GEOMETRIC_REPRESENTATION_CONTEXT(2) 
PARAMETRIC_REPRESENTATION_CONTEXT() REPRESENTATION_CONTEXT('2D SPACE',''
  ) );
#1593 = ORIENTED_EDGE('',*,*,#1460,.F.);
#1594 = ADVANCED_FACE('',(#1595),#1015,.F.);
#1595 = FACE_BOUND('',#1596,.F.);
#1596 = EDGE_LOOP('',(#1597,#1617,#1618,#1647,#1667,#1701));
#1597 = ORIENTED_EDGE('',*,*,#1598,.F.);
#1598 = EDGE_CURVE('',#1002,#1599,#1601,.T.);
#1599 = VERTEX_POINT('',#1600);
#1600 = CARTESIAN_POINT('',(-7.064997401832,27.365997401832,2.9145));
#1601 = SURFACE_CURVE('',#1602,(#1605,#1611),.PCURVE_S1.);
#1602 = B_SPLINE_CURVE_WITH_KNOTS('',1,(#1603,#1604),.UNSPECIFIED.,.F.,
  .F.,(2,2),(0.,1.),.PIECEWISE_BEZIER_KNOTS.);
#1603 = CARTESIAN_POINT('',(-7.035,27.336,1.19595));
#1604 = CARTESIAN_POINT('',(-7.064997401832,27.365997401832,2.9145));
#1605 = PCURVE('',#1015,#1606);
#1606 = DEFINITIONAL_REPRESENTATION('',(#1607),#1610);
#1607 = B_SPLINE_CURVE_WITH_KNOTS('',1,(#1608,#1609),.UNSPECIFIED.,.F.,
  .F.,(2,2),(5.847953216374E-03,1.),.PIECEWISE_BEZIER_KNOTS.);
#1608 = CARTESIAN_POINT('',(-0.55,5.847953216374E-03));
#1609 = CARTESIAN_POINT('',(-0.55,1.));
#1610 = ( GEOMETRIC_REPRESENTATION_CONTEXT(2) 
PARAMETRIC_REPRESENTATION_CONTEXT() REPRESENTATION_CONTEXT('2D SPACE',''
  ) );
#1611 = PCURVE('',#1040,#1612);
#1612 = DEFINITIONAL_REPRESENTATION('',(#1613),#1616);
#1613 = B_SPLINE_CURVE_WITH_KNOTS('',1,(#1614,#1615),.UNSPECIFIED.,.F.,
  .F.,(2,2),(5.847953216374E-03,1.),.PIECEWISE_BEZIER_KNOTS.);
#1614 = CARTESIAN_POINT('',(3.,5.847953216374E-03));
#1615 = CARTESIAN_POINT('',(3.,1.));
#1616 = ( GEOMETRIC_REPRESENTATION_CONTEXT(2) 
PARAMETRIC_REPRESENTATION_CONTEXT() REPRESENTATION_CONTEXT('2D SPACE',''
  ) );
#1617 = ORIENTED_EDGE('',*,*,#999,.F.);
#1618 = ORIENTED_EDGE('',*,*,#1619,.T.);
#1619 = EDGE_CURVE('',#1000,#1620,#1622,.T.);
#1620 = VERTEX_POINT('',#1621);
#1621 = CARTESIAN_POINT('',(-7.05096352963,28.379593148556,2.1105));
#1622 = SURFACE_CURVE('',#1623,(#1629,#1638),.PCURVE_S1.);
#1623 = B_SPLINE_CURVE_WITH_KNOTS('',4,(#1624,#1625,#1626,#1627,#1628),
  .UNSPECIFIED.,.F.,.F.,(5,5),(0.,1.),.PIECEWISE_BEZIER_KNOTS.);
#1624 = CARTESIAN_POINT('',(-7.035175405404,28.36380502433,1.20599896887
    ));
#1625 = CARTESIAN_POINT('',(-7.039122516982,28.367752135908,
    1.43212883971));
#1626 = CARTESIAN_POINT('',(-7.043069577417,28.371699196343,
    1.658255780574));
#1627 = CARTESIAN_POINT('',(-7.047016583074,28.375646202001,
    1.884379583266));
#1628 = CARTESIAN_POINT('',(-7.05096352963,28.379593148556,2.1105));
#1629 = PCURVE('',#1015,#1630);
#1630 = DEFINITIONAL_REPRESENTATION('',(#1631),#1637);
#1631 = B_SPLINE_CURVE_WITH_KNOTS('',4,(#1632,#1633,#1634,#1635,#1636),
  .UNSPECIFIED.,.F.,.F.,(5,5),(0.,1.),.PIECEWISE_BEZIER_KNOTS.);
#1632 = CARTESIAN_POINT('',(0.472841614394,5.847353216374E-03));
#1633 = CARTESIAN_POINT('',(0.480147903494,0.137429134858));
#1634 = CARTESIAN_POINT('',(0.487593273239,0.269009211588));
#1635 = CARTESIAN_POINT('',(0.495183662405,0.40058746226));
#1636 = CARTESIAN_POINT('',(0.502925737901,0.53216374269));
#1637 = ( GEOMETRIC_REPRESENTATION_CONTEXT(2) 
PARAMETRIC_REPRESENTATION_CONTEXT() REPRESENTATION_CONTEXT('2D SPACE',''
  ) );
#1638 = PCURVE('',#1314,#1639);
#1639 = DEFINITIONAL_REPRESENTATION('',(#1640),#1646);
#1640 = B_SPLINE_CURVE_WITH_KNOTS('',4,(#1641,#1642,#1643,#1644,#1645),
  .UNSPECIFIED.,.F.,.F.,(5,5),(0.,1.),.PIECEWISE_BEZIER_KNOTS.);
#1641 = CARTESIAN_POINT('',(-0.452393011965,0.));
#1642 = CARTESIAN_POINT('',(-0.226194254529,0.));
#1643 = CARTESIAN_POINT('',(1.572039219688E-06,3.552713678801E-15));
#1644 = CARTESIAN_POINT('',(0.226194259479,0.));
#1645 = CARTESIAN_POINT('',(0.452383559929,3.552713678801E-15));
#1646 = ( GEOMETRIC_REPRESENTATION_CONTEXT(2) 
PARAMETRIC_REPRESENTATION_CONTEXT() REPRESENTATION_CONTEXT('2D SPACE',''
  ) );
#1647 = ORIENTED_EDGE('',*,*,#1648,.F.);
#1648 = EDGE_CURVE('',#1649,#1620,#1651,.T.);
#1649 = VERTEX_POINT('',#1650);
#1650 = CARTESIAN_POINT('',(-7.05096352963,28.39125,2.1105));
#1651 = SURFACE_CURVE('',#1652,(#1655,#1661),.PCURVE_S1.);
#1652 = B_SPLINE_CURVE_WITH_KNOTS('',1,(#1653,#1654),.UNSPECIFIED.,.F.,
  .F.,(2,2),(0.,1.),.PIECEWISE_BEZIER_KNOTS.);
#1653 = CARTESIAN_POINT('',(-7.05096352963,28.42553647037,2.1105));
#1654 = CARTESIAN_POINT('',(-7.05096352963,28.358950499001,2.1105));
#1655 = PCURVE('',#1015,#1656);
#1656 = DEFINITIONAL_REPRESENTATION('',(#1657),#1660);
#1657 = B_SPLINE_CURVE_WITH_KNOTS('',1,(#1658,#1659),.UNSPECIFIED.,.F.,
  .F.,(2,2),(0.514920330292,0.68998500539),.PIECEWISE_BEZIER_KNOTS.);
#1658 = CARTESIAN_POINT('',(0.514869534267,0.53216374269));
#1659 = CARTESIAN_POINT('',(0.502925737901,0.53216374269));
#1660 = ( GEOMETRIC_REPRESENTATION_CONTEXT(2) 
PARAMETRIC_REPRESENTATION_CONTEXT() REPRESENTATION_CONTEXT('2D SPACE',''
  ) );
#1661 = PCURVE('',#1288,#1662);
#1662 = DEFINITIONAL_REPRESENTATION('',(#1663),#1666);
#1663 = B_SPLINE_CURVE_WITH_KNOTS('',1,(#1664,#1665),.UNSPECIFIED.,.F.,
  .F.,(2,2),(0.,1.),.PIECEWISE_BEZIER_KNOTS.);
#1664 = CARTESIAN_POINT('',(-3.329298568425E-02,0.));
#1665 = CARTESIAN_POINT('',(3.329298568425E-02,0.));
#1666 = ( GEOMETRIC_REPRESENTATION_CONTEXT(2) 
PARAMETRIC_REPRESENTATION_CONTEXT() REPRESENTATION_CONTEXT('2D SPACE',''
  ) );
#1667 = ORIENTED_EDGE('',*,*,#1668,.T.);
#1668 = EDGE_CURVE('',#1649,#1669,#1671,.T.);
#1669 = VERTEX_POINT('',#1670);
#1670 = CARTESIAN_POINT('',(-7.064997401832,28.405283872202,2.9145));
#1671 = SURFACE_CURVE('',#1672,(#1678,#1687),.PCURVE_S1.);
#1672 = B_SPLINE_CURVE_WITH_KNOTS('',4,(#1673,#1674,#1675,#1676,#1677),
  .UNSPECIFIED.,.F.,.F.,(5,5),(0.,1.),.PIECEWISE_BEZIER_KNOTS.);
#1673 = CARTESIAN_POINT('',(-7.05096352963,28.39125,2.1105));
#1674 = CARTESIAN_POINT('',(-7.054472037636,28.394758508006,
    2.311502289029));
#1675 = CARTESIAN_POINT('',(-7.057980520159,28.398266990529,
    2.512503118187));
#1676 = CARTESIAN_POINT('',(-7.061488975538,28.401775445908,
    2.713502392215));
#1677 = CARTESIAN_POINT('',(-7.064997401832,28.405283872202,2.9145));
#1678 = PCURVE('',#1015,#1679);
#1679 = DEFINITIONAL_REPRESENTATION('',(#1680),#1686);
#1680 = B_SPLINE_CURVE_WITH_KNOTS('',4,(#1681,#1682,#1683,#1684,#1685),
  .UNSPECIFIED.,.F.,.F.,(5,5),(0.,1.),.PIECEWISE_BEZIER_KNOTS.);
#1681 = CARTESIAN_POINT('',(0.514869534267,0.53216374269));
#1682 = CARTESIAN_POINT('',(0.521829663362,0.649124138971));
#1683 = CARTESIAN_POINT('',(0.528911056528,0.766083685774));
#1684 = CARTESIAN_POINT('',(0.53611845657,0.883042327669));
#1685 = CARTESIAN_POINT('',(0.54345713576,1.));
#1686 = ( GEOMETRIC_REPRESENTATION_CONTEXT(2) 
PARAMETRIC_REPRESENTATION_CONTEXT() REPRESENTATION_CONTEXT('2D SPACE',''
  ) );
#1687 = PCURVE('',#1688,#1693);
#1688 = B_SPLINE_SURFACE_WITH_KNOTS('',1,1,(
    (#1689,#1690)
    ,(#1691,#1692
    )),.UNSPECIFIED.,.F.,.F.,.F.,(2,2),(2,2),(-3.,3.),(0.,1.),
  .PIECEWISE_BEZIER_KNOTS.);
#1689 = CARTESIAN_POINT('',(-13.065,28.39125,2.1105));
#1690 = CARTESIAN_POINT('',(-13.05096612779,28.405283872202,2.9145));
#1691 = CARTESIAN_POINT('',(-7.035,28.39125,2.1105));
#1692 = CARTESIAN_POINT('',(-7.049033872202,28.405283872202,2.9145));
#1693 = DEFINITIONAL_REPRESENTATION('',(#1694),#1700);
#1694 = B_SPLINE_CURVE_WITH_KNOTS('',4,(#1695,#1696,#1697,#1698,#1699),
  .UNSPECIFIED.,.F.,.F.,(5,5),(0.,1.),.PIECEWISE_BEZIER_KNOTS.);
#1695 = CARTESIAN_POINT('',(2.984115890915,0.));
#1696 = CARTESIAN_POINT('',(2.984097406828,0.250002847088));
#1697 = CARTESIAN_POINT('',(2.984078865515,0.500003878243));
#1698 = CARTESIAN_POINT('',(2.984060266589,0.750002975502));
#1699 = CARTESIAN_POINT('',(2.984041609651,0.999999999942));
#1700 = ( GEOMETRIC_REPRESENTATION_CONTEXT(2) 
PARAMETRIC_REPRESENTATION_CONTEXT() REPRESENTATION_CONTEXT('2D SPACE',''
  ) );
#1701 = ORIENTED_EDGE('',*,*,#1702,.F.);
#1702 = EDGE_CURVE('',#1599,#1669,#1703,.T.);
#1703 = SURFACE_CURVE('',#1704,(#1708,#1714),.PCURVE_S1.);
#1704 = LINE('',#1705,#1706);
#1705 = CARTESIAN_POINT('',(-7.064997401832,27.88875,2.9145));
#1706 = VECTOR('',#1707,1.);
#1707 = DIRECTION('',(0.,1.,0.));
#1708 = PCURVE('',#1015,#1709);
#1709 = DEFINITIONAL_REPRESENTATION('',(#1710),#1713);
#1710 = B_SPLINE_CURVE_WITH_KNOTS('',1,(#1711,#1712),.UNSPECIFIED.,.F.,
  .F.,(2,2),(-0.522752598168,0.516533872202),.PIECEWISE_BEZIER_KNOTS.);
#1711 = CARTESIAN_POINT('',(-0.55,1.));
#1712 = CARTESIAN_POINT('',(0.54345713576,1.));
#1713 = ( GEOMETRIC_REPRESENTATION_CONTEXT(2) 
PARAMETRIC_REPRESENTATION_CONTEXT() REPRESENTATION_CONTEXT('2D SPACE',''
  ) );
#1714 = PCURVE('',#1715,#1720);
#1715 = PLANE('',#1716);
#1716 = AXIS2_PLACEMENT_3D('',#1717,#1718,#1719);
#1717 = CARTESIAN_POINT('',(-13.03500259816,27.365997401832,2.9145));
#1718 = DIRECTION('',(0.,0.,1.));
#1719 = DIRECTION('',(0.985009327802,0.172501084469,-0.));
#1720 = DEFINITIONAL_REPRESENTATION('',(#1721),#1725);
#1721 = LINE('',#1722,#1723);
#1722 = CARTESIAN_POINT('',(5.97068619551,-0.514916185328));
#1723 = VECTOR('',#1724,1.);
#1724 = DIRECTION('',(0.172501084469,0.985009327802));
#1725 = ( GEOMETRIC_REPRESENTATION_CONTEXT(2) 
PARAMETRIC_REPRESENTATION_CONTEXT() REPRESENTATION_CONTEXT('2D SPACE',''
  ) );
#1726 = ADVANCED_FACE('',(#1727),#1040,.F.);
#1727 = FACE_BOUND('',#1728,.F.);
#1728 = EDGE_LOOP('',(#1729,#1749,#1750,#1751));
#1729 = ORIENTED_EDGE('',*,*,#1730,.F.);
#1730 = EDGE_CURVE('',#1027,#1731,#1733,.T.);
#1731 = VERTEX_POINT('',#1732);
#1732 = CARTESIAN_POINT('',(-13.03500259816,27.365997401832,2.9145));
#1733 = SURFACE_CURVE('',#1734,(#1737,#1743),.PCURVE_S1.);
#1734 = B_SPLINE_CURVE_WITH_KNOTS('',1,(#1735,#1736),.UNSPECIFIED.,.F.,
  .F.,(2,2),(0.,1.),.PIECEWISE_BEZIER_KNOTS.);
#1735 = CARTESIAN_POINT('',(-13.065,27.336,1.19595));
#1736 = CARTESIAN_POINT('',(-13.03500259816,27.365997401832,2.9145));
#1737 = PCURVE('',#1040,#1738);
#1738 = DEFINITIONAL_REPRESENTATION('',(#1739),#1742);
#1739 = B_SPLINE_CURVE_WITH_KNOTS('',1,(#1740,#1741),.UNSPECIFIED.,.F.,
  .F.,(2,2),(5.847953216374E-03,1.),.PIECEWISE_BEZIER_KNOTS.);
#1740 = CARTESIAN_POINT('',(-3.,5.847953216374E-03));
#1741 = CARTESIAN_POINT('',(-3.,1.));
#1742 = ( GEOMETRIC_REPRESENTATION_CONTEXT(2) 
PARAMETRIC_REPRESENTATION_CONTEXT() REPRESENTATION_CONTEXT('2D SPACE',''
  ) );
#1743 = PCURVE('',#1065,#1744);
#1744 = DEFINITIONAL_REPRESENTATION('',(#1745),#1748);
#1745 = B_SPLINE_CURVE_WITH_KNOTS('',1,(#1746,#1747),.UNSPECIFIED.,.F.,
  .F.,(2,2),(5.847953216374E-03,1.),.PIECEWISE_BEZIER_KNOTS.);
#1746 = CARTESIAN_POINT('',(0.55,5.847953216374E-03));
#1747 = CARTESIAN_POINT('',(0.55,1.));
#1748 = ( GEOMETRIC_REPRESENTATION_CONTEXT(2) 
PARAMETRIC_REPRESENTATION_CONTEXT() REPRESENTATION_CONTEXT('2D SPACE',''
  ) );
#1749 = ORIENTED_EDGE('',*,*,#1026,.F.);
#1750 = ORIENTED_EDGE('',*,*,#1598,.T.);
#1751 = ORIENTED_EDGE('',*,*,#1752,.F.);
#1752 = EDGE_CURVE('',#1731,#1599,#1753,.T.);
#1753 = SURFACE_CURVE('',#1754,(#1758,#1764),.PCURVE_S1.);
#1754 = LINE('',#1755,#1756);
#1755 = CARTESIAN_POINT('',(-10.05,27.365997401832,2.9145));
#1756 = VECTOR('',#1757,1.);
#1757 = DIRECTION('',(1.,0.,0.));
#1758 = PCURVE('',#1040,#1759);
#1759 = DEFINITIONAL_REPRESENTATION('',(#1760),#1763);
#1760 = B_SPLINE_CURVE_WITH_KNOTS('',1,(#1761,#1762),.UNSPECIFIED.,.F.,
  .F.,(2,2),(-2.985002598168,2.985002598168),.PIECEWISE_BEZIER_KNOTS.);
#1761 = CARTESIAN_POINT('',(-3.,1.));
#1762 = CARTESIAN_POINT('',(3.,1.));
#1763 = ( GEOMETRIC_REPRESENTATION_CONTEXT(2) 
PARAMETRIC_REPRESENTATION_CONTEXT() REPRESENTATION_CONTEXT('2D SPACE',''
  ) );
#1764 = PCURVE('',#1715,#1765);
#1765 = DEFINITIONAL_REPRESENTATION('',(#1766),#1770);
#1766 = LINE('',#1767,#1768);
#1767 = CARTESIAN_POINT('',(2.940255402708,-0.514916185328));
#1768 = VECTOR('',#1769,1.);
#1769 = DIRECTION('',(0.985009327802,-0.172501084469));
#1770 = ( GEOMETRIC_REPRESENTATION_CONTEXT(2) 
PARAMETRIC_REPRESENTATION_CONTEXT() REPRESENTATION_CONTEXT('2D SPACE',''
  ) );
#1771 = ADVANCED_FACE('',(#1772),#1065,.F.);
#1772 = FACE_BOUND('',#1773,.F.);
#1773 = EDGE_LOOP('',(#1774,#1775,#1776,#1798,#1832,#1852));
#1774 = ORIENTED_EDGE('',*,*,#1051,.F.);
#1775 = ORIENTED_EDGE('',*,*,#1730,.T.);
#1776 = ORIENTED_EDGE('',*,*,#1777,.T.);
#1777 = EDGE_CURVE('',#1731,#1778,#1780,.T.);
#1778 = VERTEX_POINT('',#1779);
#1779 = CARTESIAN_POINT('',(-13.03500259816,28.405283872202,2.9145));
#1780 = SURFACE_CURVE('',#1781,(#1785,#1791),.PCURVE_S1.);
#1781 = LINE('',#1782,#1783);
#1782 = CARTESIAN_POINT('',(-13.03500259816,27.88875,2.9145));
#1783 = VECTOR('',#1784,1.);
#1784 = DIRECTION('',(0.,1.,0.));
#1785 = PCURVE('',#1065,#1786);
#1786 = DEFINITIONAL_REPRESENTATION('',(#1787),#1790);
#1787 = B_SPLINE_CURVE_WITH_KNOTS('',1,(#1788,#1789),.UNSPECIFIED.,.F.,
  .F.,(2,2),(-0.522752598168,0.516533872202),.PIECEWISE_BEZIER_KNOTS.);
#1788 = CARTESIAN_POINT('',(0.55,1.));
#1789 = CARTESIAN_POINT('',(-0.54345713576,1.));
#1790 = ( GEOMETRIC_REPRESENTATION_CONTEXT(2) 
PARAMETRIC_REPRESENTATION_CONTEXT() REPRESENTATION_CONTEXT('2D SPACE',''
  ) );
#1791 = PCURVE('',#1715,#1792);
#1792 = DEFINITIONAL_REPRESENTATION('',(#1793),#1797);
#1793 = LINE('',#1794,#1795);
#1794 = CARTESIAN_POINT('',(9.01753900931E-02,0.514916185328));
#1795 = VECTOR('',#1796,1.);
#1796 = DIRECTION('',(0.172501084469,0.985009327802));
#1797 = ( GEOMETRIC_REPRESENTATION_CONTEXT(2) 
PARAMETRIC_REPRESENTATION_CONTEXT() REPRESENTATION_CONTEXT('2D SPACE',''
  ) );
#1798 = ORIENTED_EDGE('',*,*,#1799,.T.);
#1799 = EDGE_CURVE('',#1778,#1800,#1802,.T.);
#1800 = VERTEX_POINT('',#1801);
#1801 = CARTESIAN_POINT('',(-13.04903647037,28.39125,2.1105));
#1802 = SURFACE_CURVE('',#1803,(#1809,#1818),.PCURVE_S1.);
#1803 = B_SPLINE_CURVE_WITH_KNOTS('',4,(#1804,#1805,#1806,#1807,#1808),
  .UNSPECIFIED.,.F.,.F.,(5,5),(0.,1.),.PIECEWISE_BEZIER_KNOTS.);
#1804 = CARTESIAN_POINT('',(-13.03500259816,28.405283872202,2.9145));
#1805 = CARTESIAN_POINT('',(-13.03851102446,28.401775445908,
    2.713502392191));
#1806 = CARTESIAN_POINT('',(-13.04201947984,28.398266990529,
    2.512503118198));
#1807 = CARTESIAN_POINT('',(-13.04552796236,28.394758508006,
    2.311502289021));
#1808 = CARTESIAN_POINT('',(-13.04903647037,28.39125,2.1105));
#1809 = PCURVE('',#1065,#1810);
#1810 = DEFINITIONAL_REPRESENTATION('',(#1811),#1817);
#1811 = B_SPLINE_CURVE_WITH_KNOTS('',4,(#1812,#1813,#1814,#1815,#1816),
  .UNSPECIFIED.,.F.,.F.,(5,5),(0.,1.),.PIECEWISE_BEZIER_KNOTS.);
#1812 = CARTESIAN_POINT('',(-0.54345713576,1.));
#1813 = CARTESIAN_POINT('',(-0.536118456569,0.883042327654));
#1814 = CARTESIAN_POINT('',(-0.528911056529,0.76608368578));
#1815 = CARTESIAN_POINT('',(-0.521829663362,0.649124138966));
#1816 = CARTESIAN_POINT('',(-0.514869534267,0.53216374269));
#1817 = ( GEOMETRIC_REPRESENTATION_CONTEXT(2) 
PARAMETRIC_REPRESENTATION_CONTEXT() REPRESENTATION_CONTEXT('2D SPACE',''
  ) );
#1818 = PCURVE('',#1819,#1824);
#1819 = B_SPLINE_SURFACE_WITH_KNOTS('',1,1,(
    (#1820,#1821)
    ,(#1822,#1823
    )),.UNSPECIFIED.,.F.,.F.,.F.,(2,2),(2,2),(-3.,3.),(0.,1.),
  .PIECEWISE_BEZIER_KNOTS.);
#1820 = CARTESIAN_POINT('',(-13.065,28.39125,2.1105));
#1821 = CARTESIAN_POINT('',(-13.05096612779,28.405283872202,2.9145));
#1822 = CARTESIAN_POINT('',(-7.035,28.39125,2.1105));
#1823 = CARTESIAN_POINT('',(-7.049033872202,28.405283872202,2.9145));
#1824 = DEFINITIONAL_REPRESENTATION('',(#1825),#1831);
#1825 = B_SPLINE_CURVE_WITH_KNOTS('',4,(#1826,#1827,#1828,#1829,#1830),
  .UNSPECIFIED.,.F.,.F.,(5,5),(0.,1.),.PIECEWISE_BEZIER_KNOTS.);
#1826 = CARTESIAN_POINT('',(-2.984041609651,0.99999999992));
#1827 = CARTESIAN_POINT('',(-2.984060266589,0.750002975511));
#1828 = CARTESIAN_POINT('',(-2.984078865515,0.500003878222));
#1829 = CARTESIAN_POINT('',(-2.984097406828,0.250002847091));
#1830 = CARTESIAN_POINT('',(-2.984115890915,0.));
#1831 = ( GEOMETRIC_REPRESENTATION_CONTEXT(2) 
PARAMETRIC_REPRESENTATION_CONTEXT() REPRESENTATION_CONTEXT('2D SPACE',''
  ) );
#1832 = ORIENTED_EDGE('',*,*,#1833,.F.);
#1833 = EDGE_CURVE('',#1834,#1800,#1836,.T.);
#1834 = VERTEX_POINT('',#1835);
#1835 = CARTESIAN_POINT('',(-13.04903647037,28.379593148556,2.1105));
#1836 = SURFACE_CURVE('',#1837,(#1840,#1846),.PCURVE_S1.);
#1837 = B_SPLINE_CURVE_WITH_KNOTS('',1,(#1838,#1839),.UNSPECIFIED.,.F.,
  .F.,(2,2),(0.,1.),.PIECEWISE_BEZIER_KNOTS.);
#1838 = CARTESIAN_POINT('',(-13.04903647037,28.085842279393,2.1105));
#1839 = CARTESIAN_POINT('',(-13.04903647037,28.42553647037,2.1105));
#1840 = PCURVE('',#1065,#1841);
#1841 = DEFINITIONAL_REPRESENTATION('',(#1842),#1845);
#1842 = B_SPLINE_CURVE_WITH_KNOTS('',1,(#1843,#1844),.UNSPECIFIED.,.F.,
  .F.,(2,2),(0.864750934711,0.899066656774),.PIECEWISE_BEZIER_KNOTS.);
#1843 = CARTESIAN_POINT('',(-0.502925737901,0.53216374269));
#1844 = CARTESIAN_POINT('',(-0.514869534267,0.53216374269));
#1845 = ( GEOMETRIC_REPRESENTATION_CONTEXT(2) 
PARAMETRIC_REPRESENTATION_CONTEXT() REPRESENTATION_CONTEXT('2D SPACE',''
  ) );
#1846 = PCURVE('',#1120,#1847);
#1847 = DEFINITIONAL_REPRESENTATION('',(#1848),#1851);
#1848 = B_SPLINE_CURVE_WITH_KNOTS('',1,(#1849,#1850),.UNSPECIFIED.,.F.,
  .F.,(2,2),(0.,1.),.PIECEWISE_BEZIER_KNOTS.);
#1849 = CARTESIAN_POINT('',(-0.169847095488,0.));
#1850 = CARTESIAN_POINT('',(0.169847095488,0.));
#1851 = ( GEOMETRIC_REPRESENTATION_CONTEXT(2) 
PARAMETRIC_REPRESENTATION_CONTEXT() REPRESENTATION_CONTEXT('2D SPACE',''
  ) );
#1852 = ORIENTED_EDGE('',*,*,#1853,.T.);
#1853 = EDGE_CURVE('',#1834,#1052,#1854,.T.);
#1854 = SURFACE_CURVE('',#1855,(#1861,#1870),.PCURVE_S1.);
#1855 = B_SPLINE_CURVE_WITH_KNOTS('',4,(#1856,#1857,#1858,#1859,#1860),
  .UNSPECIFIED.,.F.,.F.,(5,5),(0.,1.),.PIECEWISE_BEZIER_KNOTS.);
#1856 = CARTESIAN_POINT('',(-13.04903647037,28.379593148556,2.1105));
#1857 = CARTESIAN_POINT('',(-13.05298341692,28.375646202001,
    1.884379583265));
#1858 = CARTESIAN_POINT('',(-13.05693042258,28.371699196343,
    1.658255780575));
#1859 = CARTESIAN_POINT('',(-13.06087748301,28.367752135908,
    1.432128839709));
#1860 = CARTESIAN_POINT('',(-13.06482459459,28.36380502433,1.20599896887
    ));
#1861 = PCURVE('',#1065,#1862);
#1862 = DEFINITIONAL_REPRESENTATION('',(#1863),#1869);
#1863 = B_SPLINE_CURVE_WITH_KNOTS('',4,(#1864,#1865,#1866,#1867,#1868),
  .UNSPECIFIED.,.F.,.F.,(5,5),(0.,1.),.PIECEWISE_BEZIER_KNOTS.);
#1864 = CARTESIAN_POINT('',(-0.502925737901,0.53216374269));
#1865 = CARTESIAN_POINT('',(-0.495183662406,0.400587462259));
#1866 = CARTESIAN_POINT('',(-0.487593273238,0.269009211588));
#1867 = CARTESIAN_POINT('',(-0.480147903495,0.137429134858));
#1868 = CARTESIAN_POINT('',(-0.472841614394,5.847353216374E-03));
#1869 = ( GEOMETRIC_REPRESENTATION_CONTEXT(2) 
PARAMETRIC_REPRESENTATION_CONTEXT() REPRESENTATION_CONTEXT('2D SPACE',''
  ) );
#1870 = PCURVE('',#1092,#1871);
#1871 = DEFINITIONAL_REPRESENTATION('',(#1872),#1878);
#1872 = B_SPLINE_CURVE_WITH_KNOTS('',4,(#1873,#1874,#1875,#1876,#1877),
  .UNSPECIFIED.,.F.,.F.,(5,5),(0.,1.),.PIECEWISE_BEZIER_KNOTS.);
#1873 = CARTESIAN_POINT('',(-0.452383559929,7.105427357601E-15));
#1874 = CARTESIAN_POINT('',(-0.226194259478,0.));
#1875 = CARTESIAN_POINT('',(-1.572040123854E-06,3.552713678801E-15));
#1876 = CARTESIAN_POINT('',(0.226194254529,0.));
#1877 = CARTESIAN_POINT('',(0.452393011965,5.329070518201E-15));
#1878 = ( GEOMETRIC_REPRESENTATION_CONTEXT(2) 
PARAMETRIC_REPRESENTATION_CONTEXT() REPRESENTATION_CONTEXT('2D SPACE',''
  ) );
#1879 = ADVANCED_FACE('',(#1880),#357,.F.);
#1880 = FACE_BOUND('',#1881,.F.);
#1881 = EDGE_LOOP('',(#1882,#1902,#1903,#1932,#1952,#1986));
#1882 = ORIENTED_EDGE('',*,*,#1883,.F.);
#1883 = EDGE_CURVE('',#344,#1884,#1886,.T.);
#1884 = VERTEX_POINT('',#1885);
#1885 = CARTESIAN_POINT('',(13.035002598168,27.365997401832,2.9145));
#1886 = SURFACE_CURVE('',#1887,(#1890,#1896),.PCURVE_S1.);
#1887 = B_SPLINE_CURVE_WITH_KNOTS('',1,(#1888,#1889),.UNSPECIFIED.,.F.,
  .F.,(2,2),(0.,1.),.PIECEWISE_BEZIER_KNOTS.);
#1888 = CARTESIAN_POINT('',(13.065,27.336,1.19595));
#1889 = CARTESIAN_POINT('',(13.035002598168,27.365997401832,2.9145));
#1890 = PCURVE('',#357,#1891);
#1891 = DEFINITIONAL_REPRESENTATION('',(#1892),#1895);
#1892 = B_SPLINE_CURVE_WITH_KNOTS('',1,(#1893,#1894),.UNSPECIFIED.,.F.,
  .F.,(2,2),(5.847953216374E-03,1.),.PIECEWISE_BEZIER_KNOTS.);
#1893 = CARTESIAN_POINT('',(-0.55,5.847953216374E-03));
#1894 = CARTESIAN_POINT('',(-0.55,1.));
#1895 = ( GEOMETRIC_REPRESENTATION_CONTEXT(2) 
PARAMETRIC_REPRESENTATION_CONTEXT() REPRESENTATION_CONTEXT('2D SPACE',''
  ) );
#1896 = PCURVE('',#382,#1897);
#1897 = DEFINITIONAL_REPRESENTATION('',(#1898),#1901);
#1898 = B_SPLINE_CURVE_WITH_KNOTS('',1,(#1899,#1900),.UNSPECIFIED.,.F.,
  .F.,(2,2),(5.847953216374E-03,1.),.PIECEWISE_BEZIER_KNOTS.);
#1899 = CARTESIAN_POINT('',(3.,5.847953216374E-03));
#1900 = CARTESIAN_POINT('',(3.,1.));
#1901 = ( GEOMETRIC_REPRESENTATION_CONTEXT(2) 
PARAMETRIC_REPRESENTATION_CONTEXT() REPRESENTATION_CONTEXT('2D SPACE',''
  ) );
#1902 = ORIENTED_EDGE('',*,*,#341,.F.);
#1903 = ORIENTED_EDGE('',*,*,#1904,.T.);
#1904 = EDGE_CURVE('',#342,#1905,#1907,.T.);
#1905 = VERTEX_POINT('',#1906);
#1906 = CARTESIAN_POINT('',(13.04903647037,28.379593148556,2.1105));
#1907 = SURFACE_CURVE('',#1908,(#1914,#1923),.PCURVE_S1.);
#1908 = B_SPLINE_CURVE_WITH_KNOTS('',4,(#1909,#1910,#1911,#1912,#1913),
  .UNSPECIFIED.,.F.,.F.,(5,5),(0.,1.),.PIECEWISE_BEZIER_KNOTS.);
#1909 = CARTESIAN_POINT('',(13.064824594596,28.36380502433,1.20599896887
    ));
#1910 = CARTESIAN_POINT('',(13.060877483018,28.367752135908,
    1.43212883971));
#1911 = CARTESIAN_POINT('',(13.056930422583,28.371699196343,
    1.658255780574));
#1912 = CARTESIAN_POINT('',(13.052983416926,28.375646202001,
    1.884379583266));
#1913 = CARTESIAN_POINT('',(13.04903647037,28.379593148556,2.1105));
#1914 = PCURVE('',#357,#1915);
#1915 = DEFINITIONAL_REPRESENTATION('',(#1916),#1922);
#1916 = B_SPLINE_CURVE_WITH_KNOTS('',4,(#1917,#1918,#1919,#1920,#1921),
  .UNSPECIFIED.,.F.,.F.,(5,5),(0.,1.),.PIECEWISE_BEZIER_KNOTS.);
#1917 = CARTESIAN_POINT('',(0.472841614394,5.847353216374E-03));
#1918 = CARTESIAN_POINT('',(0.480147903494,0.137429134858));
#1919 = CARTESIAN_POINT('',(0.487593273239,0.269009211588));
#1920 = CARTESIAN_POINT('',(0.495183662405,0.40058746226));
#1921 = CARTESIAN_POINT('',(0.502925737901,0.53216374269));
#1922 = ( GEOMETRIC_REPRESENTATION_CONTEXT(2) 
PARAMETRIC_REPRESENTATION_CONTEXT() REPRESENTATION_CONTEXT('2D SPACE',''
  ) );
#1923 = PCURVE('',#656,#1924);
#1924 = DEFINITIONAL_REPRESENTATION('',(#1925),#1931);
#1925 = B_SPLINE_CURVE_WITH_KNOTS('',4,(#1926,#1927,#1928,#1929,#1930),
  .UNSPECIFIED.,.F.,.F.,(5,5),(0.,1.),.PIECEWISE_BEZIER_KNOTS.);
#1926 = CARTESIAN_POINT('',(-0.452393011965,1.7763568394E-15));
#1927 = CARTESIAN_POINT('',(-0.226194254529,0.));
#1928 = CARTESIAN_POINT('',(1.572039219244E-06,1.7763568394E-15));
#1929 = CARTESIAN_POINT('',(0.226194259479,-1.7763568394E-15));
#1930 = CARTESIAN_POINT('',(0.452383559929,1.7763568394E-15));
#1931 = ( GEOMETRIC_REPRESENTATION_CONTEXT(2) 
PARAMETRIC_REPRESENTATION_CONTEXT() REPRESENTATION_CONTEXT('2D SPACE',''
  ) );
#1932 = ORIENTED_EDGE('',*,*,#1933,.F.);
#1933 = EDGE_CURVE('',#1934,#1905,#1936,.T.);
#1934 = VERTEX_POINT('',#1935);
#1935 = CARTESIAN_POINT('',(13.04903647037,28.39125,2.1105));
#1936 = SURFACE_CURVE('',#1937,(#1940,#1946),.PCURVE_S1.);
#1937 = B_SPLINE_CURVE_WITH_KNOTS('',1,(#1938,#1939),.UNSPECIFIED.,.F.,
  .F.,(2,2),(0.,1.),.PIECEWISE_BEZIER_KNOTS.);
#1938 = CARTESIAN_POINT('',(13.04903647037,28.42553647037,2.1105));
#1939 = CARTESIAN_POINT('',(13.04903647037,28.358950499001,2.1105));
#1940 = PCURVE('',#357,#1941);
#1941 = DEFINITIONAL_REPRESENTATION('',(#1942),#1945);
#1942 = B_SPLINE_CURVE_WITH_KNOTS('',1,(#1943,#1944),.UNSPECIFIED.,.F.,
  .F.,(2,2),(0.514920330292,0.68998500539),.PIECEWISE_BEZIER_KNOTS.);
#1943 = CARTESIAN_POINT('',(0.514869534267,0.53216374269));
#1944 = CARTESIAN_POINT('',(0.502925737901,0.53216374269));
#1945 = ( GEOMETRIC_REPRESENTATION_CONTEXT(2) 
PARAMETRIC_REPRESENTATION_CONTEXT() REPRESENTATION_CONTEXT('2D SPACE',''
  ) );
#1946 = PCURVE('',#630,#1947);
#1947 = DEFINITIONAL_REPRESENTATION('',(#1948),#1951);
#1948 = B_SPLINE_CURVE_WITH_KNOTS('',1,(#1949,#1950),.UNSPECIFIED.,.F.,
  .F.,(2,2),(0.,1.),.PIECEWISE_BEZIER_KNOTS.);
#1949 = CARTESIAN_POINT('',(-3.329298568425E-02,0.));
#1950 = CARTESIAN_POINT('',(3.329298568425E-02,0.));
#1951 = ( GEOMETRIC_REPRESENTATION_CONTEXT(2) 
PARAMETRIC_REPRESENTATION_CONTEXT() REPRESENTATION_CONTEXT('2D SPACE',''
  ) );
#1952 = ORIENTED_EDGE('',*,*,#1953,.T.);
#1953 = EDGE_CURVE('',#1934,#1954,#1956,.T.);
#1954 = VERTEX_POINT('',#1955);
#1955 = CARTESIAN_POINT('',(13.035002598168,28.405283872202,2.9145));
#1956 = SURFACE_CURVE('',#1957,(#1963,#1972),.PCURVE_S1.);
#1957 = B_SPLINE_CURVE_WITH_KNOTS('',4,(#1958,#1959,#1960,#1961,#1962),
  .UNSPECIFIED.,.F.,.F.,(5,5),(0.,1.),.PIECEWISE_BEZIER_KNOTS.);
#1958 = CARTESIAN_POINT('',(13.04903647037,28.39125,2.1105));
#1959 = CARTESIAN_POINT('',(13.045527962364,28.394758508006,
    2.311502289029));
#1960 = CARTESIAN_POINT('',(13.042019479841,28.398266990529,
    2.512503118187));
#1961 = CARTESIAN_POINT('',(13.038511024462,28.401775445908,
    2.713502392215));
#1962 = CARTESIAN_POINT('',(13.035002598168,28.405283872202,2.9145));
#1963 = PCURVE('',#357,#1964);
#1964 = DEFINITIONAL_REPRESENTATION('',(#1965),#1971);
#1965 = B_SPLINE_CURVE_WITH_KNOTS('',4,(#1966,#1967,#1968,#1969,#1970),
  .UNSPECIFIED.,.F.,.F.,(5,5),(0.,1.),.PIECEWISE_BEZIER_KNOTS.);
#1966 = CARTESIAN_POINT('',(0.514869534267,0.53216374269));
#1967 = CARTESIAN_POINT('',(0.521829663362,0.649124138971));
#1968 = CARTESIAN_POINT('',(0.528911056528,0.766083685774));
#1969 = CARTESIAN_POINT('',(0.53611845657,0.883042327669));
#1970 = CARTESIAN_POINT('',(0.54345713576,1.));
#1971 = ( GEOMETRIC_REPRESENTATION_CONTEXT(2) 
PARAMETRIC_REPRESENTATION_CONTEXT() REPRESENTATION_CONTEXT('2D SPACE',''
  ) );
#1972 = PCURVE('',#1973,#1978);
#1973 = B_SPLINE_SURFACE_WITH_KNOTS('',1,1,(
    (#1974,#1975)
    ,(#1976,#1977
    )),.UNSPECIFIED.,.F.,.F.,.F.,(2,2),(2,2),(-3.,3.),(0.,1.),
  .PIECEWISE_BEZIER_KNOTS.);
#1974 = CARTESIAN_POINT('',(7.035,28.39125,2.1105));
#1975 = CARTESIAN_POINT('',(7.049033872202,28.405283872202,2.9145));
#1976 = CARTESIAN_POINT('',(13.065,28.39125,2.1105));
#1977 = CARTESIAN_POINT('',(13.050966127798,28.405283872202,2.9145));
#1978 = DEFINITIONAL_REPRESENTATION('',(#1979),#1985);
#1979 = B_SPLINE_CURVE_WITH_KNOTS('',4,(#1980,#1981,#1982,#1983,#1984),
  .UNSPECIFIED.,.F.,.F.,(5,5),(0.,1.),.PIECEWISE_BEZIER_KNOTS.);
#1980 = CARTESIAN_POINT('',(2.984115890915,0.));
#1981 = CARTESIAN_POINT('',(2.984097406828,0.250002847088));
#1982 = CARTESIAN_POINT('',(2.984078865515,0.500003878243));
#1983 = CARTESIAN_POINT('',(2.984060266589,0.750002975502));
#1984 = CARTESIAN_POINT('',(2.984041609651,0.999999999942));
#1985 = ( GEOMETRIC_REPRESENTATION_CONTEXT(2) 
PARAMETRIC_REPRESENTATION_CONTEXT() REPRESENTATION_CONTEXT('2D SPACE',''
  ) );
#1986 = ORIENTED_EDGE('',*,*,#1987,.F.);
#1987 = EDGE_CURVE('',#1884,#1954,#1988,.T.);
#1988 = SURFACE_CURVE('',#1989,(#1993,#1999),.PCURVE_S1.);
#1989 = LINE('',#1990,#1991);
#1990 = CARTESIAN_POINT('',(13.035002598168,27.88875,2.9145));
#1991 = VECTOR('',#1992,1.);
#1992 = DIRECTION('',(0.,1.,0.));
#1993 = PCURVE('',#357,#1994);
#1994 = DEFINITIONAL_REPRESENTATION('',(#1995),#1998);
#1995 = B_SPLINE_CURVE_WITH_KNOTS('',1,(#1996,#1997),.UNSPECIFIED.,.F.,
  .F.,(2,2),(-0.522752598168,0.516533872202),.PIECEWISE_BEZIER_KNOTS.);
#1996 = CARTESIAN_POINT('',(-0.55,1.));
#1997 = CARTESIAN_POINT('',(0.54345713576,1.));
#1998 = ( GEOMETRIC_REPRESENTATION_CONTEXT(2) 
PARAMETRIC_REPRESENTATION_CONTEXT() REPRESENTATION_CONTEXT('2D SPACE',''
  ) );
#1999 = PCURVE('',#2000,#2005);
#2000 = PLANE('',#2001);
#2001 = AXIS2_PLACEMENT_3D('',#2002,#2003,#2004);
#2002 = CARTESIAN_POINT('',(7.064997401832,27.365997401832,2.9145));
#2003 = DIRECTION('',(0.,0.,1.));
#2004 = DIRECTION('',(0.985009327802,0.172501084469,-0.));
#2005 = DEFINITIONAL_REPRESENTATION('',(#2006),#2010);
#2006 = LINE('',#2007,#2008);
#2007 = CARTESIAN_POINT('',(5.97068619551,-0.514916185328));
#2008 = VECTOR('',#2009,1.);
#2009 = DIRECTION('',(0.172501084469,0.985009327802));
#2010 = ( GEOMETRIC_REPRESENTATION_CONTEXT(2) 
PARAMETRIC_REPRESENTATION_CONTEXT() REPRESENTATION_CONTEXT('2D SPACE',''
  ) );
#2011 = ADVANCED_FACE('',(#2012),#382,.F.);
#2012 = FACE_BOUND('',#2013,.F.);
#2013 = EDGE_LOOP('',(#2014,#2034,#2035,#2036));
#2014 = ORIENTED_EDGE('',*,*,#2015,.F.);
#2015 = EDGE_CURVE('',#369,#2016,#2018,.T.);
#2016 = VERTEX_POINT('',#2017);
#2017 = CARTESIAN_POINT('',(7.064997401832,27.365997401832,2.9145));
#2018 = SURFACE_CURVE('',#2019,(#2022,#2028),.PCURVE_S1.);
#2019 = B_SPLINE_CURVE_WITH_KNOTS('',1,(#2020,#2021),.UNSPECIFIED.,.F.,
  .F.,(2,2),(0.,1.),.PIECEWISE_BEZIER_KNOTS.);
#2020 = CARTESIAN_POINT('',(7.035,27.336,1.19595));
#2021 = CARTESIAN_POINT('',(7.064997401832,27.365997401832,2.9145));
#2022 = PCURVE('',#382,#2023);
#2023 = DEFINITIONAL_REPRESENTATION('',(#2024),#2027);
#2024 = B_SPLINE_CURVE_WITH_KNOTS('',1,(#2025,#2026),.UNSPECIFIED.,.F.,
  .F.,(2,2),(5.847953216374E-03,1.),.PIECEWISE_BEZIER_KNOTS.);
#2025 = CARTESIAN_POINT('',(-3.,5.847953216374E-03));
#2026 = CARTESIAN_POINT('',(-3.,1.));
#2027 = ( GEOMETRIC_REPRESENTATION_CONTEXT(2) 
PARAMETRIC_REPRESENTATION_CONTEXT() REPRESENTATION_CONTEXT('2D SPACE',''
  ) );
#2028 = PCURVE('',#407,#2029);
#2029 = DEFINITIONAL_REPRESENTATION('',(#2030),#2033);
#2030 = B_SPLINE_CURVE_WITH_KNOTS('',1,(#2031,#2032),.UNSPECIFIED.,.F.,
  .F.,(2,2),(5.847953216374E-03,1.),.PIECEWISE_BEZIER_KNOTS.);
#2031 = CARTESIAN_POINT('',(0.55,5.847953216374E-03));
#2032 = CARTESIAN_POINT('',(0.55,1.));
#2033 = ( GEOMETRIC_REPRESENTATION_CONTEXT(2) 
PARAMETRIC_REPRESENTATION_CONTEXT() REPRESENTATION_CONTEXT('2D SPACE',''
  ) );
#2034 = ORIENTED_EDGE('',*,*,#368,.F.);
#2035 = ORIENTED_EDGE('',*,*,#1883,.T.);
#2036 = ORIENTED_EDGE('',*,*,#2037,.F.);
#2037 = EDGE_CURVE('',#2016,#1884,#2038,.T.);
#2038 = SURFACE_CURVE('',#2039,(#2043,#2049),.PCURVE_S1.);
#2039 = LINE('',#2040,#2041);
#2040 = CARTESIAN_POINT('',(10.05,27.365997401832,2.9145));
#2041 = VECTOR('',#2042,1.);
#2042 = DIRECTION('',(1.,0.,0.));
#2043 = PCURVE('',#382,#2044);
#2044 = DEFINITIONAL_REPRESENTATION('',(#2045),#2048);
#2045 = B_SPLINE_CURVE_WITH_KNOTS('',1,(#2046,#2047),.UNSPECIFIED.,.F.,
  .F.,(2,2),(-2.985002598168,2.985002598168),.PIECEWISE_BEZIER_KNOTS.);
#2046 = CARTESIAN_POINT('',(-3.,1.));
#2047 = CARTESIAN_POINT('',(3.,1.));
#2048 = ( GEOMETRIC_REPRESENTATION_CONTEXT(2) 
PARAMETRIC_REPRESENTATION_CONTEXT() REPRESENTATION_CONTEXT('2D SPACE',''
  ) );
#2049 = PCURVE('',#2000,#2050);
#2050 = DEFINITIONAL_REPRESENTATION('',(#2051),#2055);
#2051 = LINE('',#2052,#2053);
#2052 = CARTESIAN_POINT('',(2.940255402708,-0.514916185328));
#2053 = VECTOR('',#2054,1.);
#2054 = DIRECTION('',(0.985009327802,-0.172501084469));
#2055 = ( GEOMETRIC_REPRESENTATION_CONTEXT(2) 
PARAMETRIC_REPRESENTATION_CONTEXT() REPRESENTATION_CONTEXT('2D SPACE',''
  ) );
#2056 = ADVANCED_FACE('',(#2057),#407,.F.);
#2057 = FACE_BOUND('',#2058,.F.);
#2058 = EDGE_LOOP('',(#2059,#2060,#2061,#2083,#2117,#2137));
#2059 = ORIENTED_EDGE('',*,*,#393,.F.);
#2060 = ORIENTED_EDGE('',*,*,#2015,.T.);
#2061 = ORIENTED_EDGE('',*,*,#2062,.T.);
#2062 = EDGE_CURVE('',#2016,#2063,#2065,.T.);
#2063 = VERTEX_POINT('',#2064);
#2064 = CARTESIAN_POINT('',(7.064997401832,28.405283872202,2.9145));
#2065 = SURFACE_CURVE('',#2066,(#2070,#2076),.PCURVE_S1.);
#2066 = LINE('',#2067,#2068);
#2067 = CARTESIAN_POINT('',(7.064997401832,27.88875,2.9145));
#2068 = VECTOR('',#2069,1.);
#2069 = DIRECTION('',(0.,1.,0.));
#2070 = PCURVE('',#407,#2071);
#2071 = DEFINITIONAL_REPRESENTATION('',(#2072),#2075);
#2072 = B_SPLINE_CURVE_WITH_KNOTS('',1,(#2073,#2074),.UNSPECIFIED.,.F.,
  .F.,(2,2),(-0.522752598168,0.516533872202),.PIECEWISE_BEZIER_KNOTS.);
#2073 = CARTESIAN_POINT('',(0.55,1.));
#2074 = CARTESIAN_POINT('',(-0.54345713576,1.));
#2075 = ( GEOMETRIC_REPRESENTATION_CONTEXT(2) 
PARAMETRIC_REPRESENTATION_CONTEXT() REPRESENTATION_CONTEXT('2D SPACE',''
  ) );
#2076 = PCURVE('',#2000,#2077);
#2077 = DEFINITIONAL_REPRESENTATION('',(#2078),#2082);
#2078 = LINE('',#2079,#2080);
#2079 = CARTESIAN_POINT('',(9.01753900931E-02,0.514916185328));
#2080 = VECTOR('',#2081,1.);
#2081 = DIRECTION('',(0.172501084469,0.985009327802));
#2082 = ( GEOMETRIC_REPRESENTATION_CONTEXT(2) 
PARAMETRIC_REPRESENTATION_CONTEXT() REPRESENTATION_CONTEXT('2D SPACE',''
  ) );
#2083 = ORIENTED_EDGE('',*,*,#2084,.T.);
#2084 = EDGE_CURVE('',#2063,#2085,#2087,.T.);
#2085 = VERTEX_POINT('',#2086);
#2086 = CARTESIAN_POINT('',(7.05096352963,28.39125,2.1105));
#2087 = SURFACE_CURVE('',#2088,(#2094,#2103),.PCURVE_S1.);
#2088 = B_SPLINE_CURVE_WITH_KNOTS('',4,(#2089,#2090,#2091,#2092,#2093),
  .UNSPECIFIED.,.F.,.F.,(5,5),(0.,1.),.PIECEWISE_BEZIER_KNOTS.);
#2089 = CARTESIAN_POINT('',(7.064997401832,28.405283872202,2.9145));
#2090 = CARTESIAN_POINT('',(7.061488975538,28.401775445908,
    2.713502392191));
#2091 = CARTESIAN_POINT('',(7.05798052016,28.398266990529,2.512503118198
    ));
#2092 = CARTESIAN_POINT('',(7.054472037636,28.394758508006,
    2.311502289021));
#2093 = CARTESIAN_POINT('',(7.05096352963,28.39125,2.1105));
#2094 = PCURVE('',#407,#2095);
#2095 = DEFINITIONAL_REPRESENTATION('',(#2096),#2102);
#2096 = B_SPLINE_CURVE_WITH_KNOTS('',4,(#2097,#2098,#2099,#2100,#2101),
  .UNSPECIFIED.,.F.,.F.,(5,5),(0.,1.),.PIECEWISE_BEZIER_KNOTS.);
#2097 = CARTESIAN_POINT('',(-0.54345713576,1.));
#2098 = CARTESIAN_POINT('',(-0.536118456569,0.883042327654));
#2099 = CARTESIAN_POINT('',(-0.528911056529,0.76608368578));
#2100 = CARTESIAN_POINT('',(-0.521829663362,0.649124138966));
#2101 = CARTESIAN_POINT('',(-0.514869534267,0.53216374269));
#2102 = ( GEOMETRIC_REPRESENTATION_CONTEXT(2) 
PARAMETRIC_REPRESENTATION_CONTEXT() REPRESENTATION_CONTEXT('2D SPACE',''
  ) );
#2103 = PCURVE('',#2104,#2109);
#2104 = B_SPLINE_SURFACE_WITH_KNOTS('',1,1,(
    (#2105,#2106)
    ,(#2107,#2108
    )),.UNSPECIFIED.,.F.,.F.,.F.,(2,2),(2,2),(-3.,3.),(0.,1.),
  .PIECEWISE_BEZIER_KNOTS.);
#2105 = CARTESIAN_POINT('',(7.035,28.39125,2.1105));
#2106 = CARTESIAN_POINT('',(7.049033872202,28.405283872202,2.9145));
#2107 = CARTESIAN_POINT('',(13.065,28.39125,2.1105));
#2108 = CARTESIAN_POINT('',(13.050966127798,28.405283872202,2.9145));
#2109 = DEFINITIONAL_REPRESENTATION('',(#2110),#2116);
#2110 = B_SPLINE_CURVE_WITH_KNOTS('',4,(#2111,#2112,#2113,#2114,#2115),
  .UNSPECIFIED.,.F.,.F.,(5,5),(0.,1.),.PIECEWISE_BEZIER_KNOTS.);
#2111 = CARTESIAN_POINT('',(-2.984041609651,0.99999999992));
#2112 = CARTESIAN_POINT('',(-2.984060266589,0.750002975511));
#2113 = CARTESIAN_POINT('',(-2.984078865515,0.500003878222));
#2114 = CARTESIAN_POINT('',(-2.984097406828,0.250002847091));
#2115 = CARTESIAN_POINT('',(-2.984115890915,0.));
#2116 = ( GEOMETRIC_REPRESENTATION_CONTEXT(2) 
PARAMETRIC_REPRESENTATION_CONTEXT() REPRESENTATION_CONTEXT('2D SPACE',''
  ) );
#2117 = ORIENTED_EDGE('',*,*,#2118,.F.);
#2118 = EDGE_CURVE('',#2119,#2085,#2121,.T.);
#2119 = VERTEX_POINT('',#2120);
#2120 = CARTESIAN_POINT('',(7.05096352963,28.379593148556,2.1105));
#2121 = SURFACE_CURVE('',#2122,(#2125,#2131),.PCURVE_S1.);
#2122 = B_SPLINE_CURVE_WITH_KNOTS('',1,(#2123,#2124),.UNSPECIFIED.,.F.,
  .F.,(2,2),(0.,1.),.PIECEWISE_BEZIER_KNOTS.);
#2123 = CARTESIAN_POINT('',(7.05096352963,28.085842279393,2.1105));
#2124 = CARTESIAN_POINT('',(7.05096352963,28.42553647037,2.1105));
#2125 = PCURVE('',#407,#2126);
#2126 = DEFINITIONAL_REPRESENTATION('',(#2127),#2130);
#2127 = B_SPLINE_CURVE_WITH_KNOTS('',1,(#2128,#2129),.UNSPECIFIED.,.F.,
  .F.,(2,2),(0.864750934711,0.899066656774),.PIECEWISE_BEZIER_KNOTS.);
#2128 = CARTESIAN_POINT('',(-0.502925737901,0.53216374269));
#2129 = CARTESIAN_POINT('',(-0.514869534267,0.53216374269));
#2130 = ( GEOMETRIC_REPRESENTATION_CONTEXT(2) 
PARAMETRIC_REPRESENTATION_CONTEXT() REPRESENTATION_CONTEXT('2D SPACE',''
  ) );
#2131 = PCURVE('',#462,#2132);
#2132 = DEFINITIONAL_REPRESENTATION('',(#2133),#2136);
#2133 = B_SPLINE_CURVE_WITH_KNOTS('',1,(#2134,#2135),.UNSPECIFIED.,.F.,
  .F.,(2,2),(0.,1.),.PIECEWISE_BEZIER_KNOTS.);
#2134 = CARTESIAN_POINT('',(-0.169847095488,0.));
#2135 = CARTESIAN_POINT('',(0.169847095488,0.));
#2136 = ( GEOMETRIC_REPRESENTATION_CONTEXT(2) 
PARAMETRIC_REPRESENTATION_CONTEXT() REPRESENTATION_CONTEXT('2D SPACE',''
  ) );
#2137 = ORIENTED_EDGE('',*,*,#2138,.T.);
#2138 = EDGE_CURVE('',#2119,#394,#2139,.T.);
#2139 = SURFACE_CURVE('',#2140,(#2146,#2155),.PCURVE_S1.);
#2140 = B_SPLINE_CURVE_WITH_KNOTS('',4,(#2141,#2142,#2143,#2144,#2145),
  .UNSPECIFIED.,.F.,.F.,(5,5),(0.,1.),.PIECEWISE_BEZIER_KNOTS.);
#2141 = CARTESIAN_POINT('',(7.05096352963,28.379593148556,2.1105));
#2142 = CARTESIAN_POINT('',(7.047016583074,28.375646202001,
    1.884379583265));
#2143 = CARTESIAN_POINT('',(7.043069577417,28.371699196343,
    1.658255780575));
#2144 = CARTESIAN_POINT('',(7.039122516982,28.367752135908,
    1.432128839709));
#2145 = CARTESIAN_POINT('',(7.035175405404,28.36380502433,1.20599896887)
  );
#2146 = PCURVE('',#407,#2147);
#2147 = DEFINITIONAL_REPRESENTATION('',(#2148),#2154);
#2148 = B_SPLINE_CURVE_WITH_KNOTS('',4,(#2149,#2150,#2151,#2152,#2153),
  .UNSPECIFIED.,.F.,.F.,(5,5),(0.,1.),.PIECEWISE_BEZIER_KNOTS.);
#2149 = CARTESIAN_POINT('',(-0.502925737901,0.53216374269));
#2150 = CARTESIAN_POINT('',(-0.495183662406,0.400587462259));
#2151 = CARTESIAN_POINT('',(-0.487593273238,0.269009211588));
#2152 = CARTESIAN_POINT('',(-0.480147903495,0.137429134858));
#2153 = CARTESIAN_POINT('',(-0.472841614394,5.847353216374E-03));
#2154 = ( GEOMETRIC_REPRESENTATION_CONTEXT(2) 
PARAMETRIC_REPRESENTATION_CONTEXT() REPRESENTATION_CONTEXT('2D SPACE',''
  ) );
#2155 = PCURVE('',#434,#2156);
#2156 = DEFINITIONAL_REPRESENTATION('',(#2157),#2163);
#2157 = B_SPLINE_CURVE_WITH_KNOTS('',4,(#2158,#2159,#2160,#2161,#2162),
  .UNSPECIFIED.,.F.,.F.,(5,5),(0.,1.),.PIECEWISE_BEZIER_KNOTS.);
#2158 = CARTESIAN_POINT('',(-0.452383559929,3.552713678801E-15));
#2159 = CARTESIAN_POINT('',(-0.226194259478,3.552713678801E-15));
#2160 = CARTESIAN_POINT('',(-1.572040129627E-06,0.));
#2161 = CARTESIAN_POINT('',(0.226194254529,0.));
#2162 = CARTESIAN_POINT('',(0.452393011965,3.552713678801E-15));
#2163 = ( GEOMETRIC_REPRESENTATION_CONTEXT(2) 
PARAMETRIC_REPRESENTATION_CONTEXT() REPRESENTATION_CONTEXT('2D SPACE',''
  ) );
#2164 = ADVANCED_FACE('',(#2165),#1352,.F.);
#2165 = FACE_BOUND('',#2166,.F.);
#2166 = EDGE_LOOP('',(#2167,#2168,#2188,#2288,#2313,#2410,#2428,#2429));
#2167 = ORIENTED_EDGE('',*,*,#1554,.F.);
#2168 = ORIENTED_EDGE('',*,*,#2169,.F.);
#2169 = EDGE_CURVE('',#2170,#1535,#2172,.T.);
#2170 = VERTEX_POINT('',#2171);
#2171 = CARTESIAN_POINT('',(-3.98985,-10.24375316957,2.1105));
#2172 = SURFACE_CURVE('',#2173,(#2176,#2182),.PCURVE_S1.);
#2173 = B_SPLINE_CURVE_WITH_KNOTS('',1,(#2174,#2175),.UNSPECIFIED.,.F.,
  .F.,(2,2),(0.,1.),.PIECEWISE_BEZIER_KNOTS.);
#2174 = CARTESIAN_POINT('',(4.004061769149,-10.24375316957,2.1105));
#2175 = CARTESIAN_POINT('',(-4.004061769149,-10.24375316957,2.1105));
#2176 = PCURVE('',#1352,#2177);
#2177 = DEFINITIONAL_REPRESENTATION('',(#2178),#2181);
#2178 = B_SPLINE_CURVE_WITH_KNOTS('',1,(#2179,#2180),.UNSPECIFIED.,.F.,
  .F.,(2,2),(0.99822533093,1.),.PIECEWISE_BEZIER_KNOTS.);
#2179 = CARTESIAN_POINT('',(-3.985802647443,0.144215530903));
#2180 = CARTESIAN_POINT('',(-4.,0.144215530903));
#2181 = ( GEOMETRIC_REPRESENTATION_CONTEXT(2) 
PARAMETRIC_REPRESENTATION_CONTEXT() REPRESENTATION_CONTEXT('2D SPACE',''
  ) );
#2182 = PCURVE('',#881,#2183);
#2183 = DEFINITIONAL_REPRESENTATION('',(#2184),#2187);
#2184 = B_SPLINE_CURVE_WITH_KNOTS('',1,(#2185,#2186),.UNSPECIFIED.,.F.,
  .F.,(2,2),(0.,1.),.PIECEWISE_BEZIER_KNOTS.);
#2185 = CARTESIAN_POINT('',(-4.004061769149,0.));
#2186 = CARTESIAN_POINT('',(4.004061769149,0.));
#2187 = ( GEOMETRIC_REPRESENTATION_CONTEXT(2) 
PARAMETRIC_REPRESENTATION_CONTEXT() REPRESENTATION_CONTEXT('2D SPACE',''
  ) );
#2188 = ORIENTED_EDGE('',*,*,#2189,.T.);
#2189 = EDGE_CURVE('',#2170,#2190,#2192,.T.);
#2190 = VERTEX_POINT('',#2191);
#2191 = CARTESIAN_POINT('',(-3.94965,-10.23738232963,2.9145));
#2192 = SURFACE_CURVE('',#2193,(#2221,#2252),.PCURVE_S1.);
#2193 = B_SPLINE_CURVE_WITH_KNOTS('',6,(#2194,#2195,#2196,#2197,#2198,
    #2199,#2200,#2201,#2202,#2203,#2204,#2205,#2206,#2207,#2208,#2209,
    #2210,#2211,#2212,#2213,#2214,#2215,#2216,#2217,#2218,#2219,#2220),
  .UNSPECIFIED.,.F.,.F.,(7,5,5,5,5,7),(0.,0.3702074636,0.527614333669,
    0.732382923796,0.897941595162,1.),.UNSPECIFIED.);
#2194 = CARTESIAN_POINT('',(-3.98985,-10.24375316957,2.1105));
#2195 = CARTESIAN_POINT('',(-3.98684800326,-10.24327741731,
    2.170539934795));
#2196 = CARTESIAN_POINT('',(-3.983855731121,-10.2428032062,
    2.230385377576));
#2197 = CARTESIAN_POINT('',(-3.980873354193,-10.24233056326,
    2.290032916135));
#2198 = CARTESIAN_POINT('',(-3.977906996308,-10.241860459,2.349360073837
    ));
#2199 = CARTESIAN_POINT('',(-3.974969326824,-10.24139490124,
    2.408113463529));
#2200 = CARTESIAN_POINT('',(-3.970854606052,-10.24074280603,
    2.490407878955));
#2201 = CARTESIAN_POINT('',(-3.969636690724,-10.2405497925,
    2.514766185527));
#2202 = CARTESIAN_POINT('',(-3.968430305431,-10.24035860624,
    2.53889389138));
#2203 = CARTESIAN_POINT('',(-3.967238355858,-10.24016970774,
    2.562732882842));
#2204 = CARTESIAN_POINT('',(-3.966064641447,-10.23998369912,
    2.586207171064));
#2205 = CARTESIAN_POINT('',(-3.963416490486,-10.23956402384,
    2.639170190283));
#2206 = CARTESIAN_POINT('',(-3.961957559889,-10.23933281456,
    2.668348802215));
#2207 = CARTESIAN_POINT('',(-3.960547933315,-10.2391094189,
    2.696541333705));
#2208 = CARTESIAN_POINT('',(-3.959201246295,-10.23889599782,
    2.723475074099));
#2209 = CARTESIAN_POINT('',(-3.957930429569,-10.23869460056,
    2.748891408621));
#2210 = CARTESIAN_POINT('',(-3.955785437136,-10.23835466515,
    2.791791257281));
#2211 = CARTESIAN_POINT('',(-3.954881206636,-10.23821136396,
    2.809875867277));
#2212 = CARTESIAN_POINT('',(-3.954036397619,-10.23807747981,
    2.826772047622));
#2213 = CARTESIAN_POINT('',(-3.953251493257,-10.23795308926,
    2.842470134852));
#2214 = CARTESIAN_POINT('',(-3.952524241162,-10.23783783536,
    2.857015176752));
#2215 = CARTESIAN_POINT('',(-3.951436216406,-10.23766540672,
    2.878775671872));
#2216 = CARTESIAN_POINT('',(-3.951041850204,-10.23760290811,
    2.88666299592));
#2217 = CARTESIAN_POINT('',(-3.950667102035,-10.23754351854,
    2.894157959297));
#2218 = CARTESIAN_POINT('',(-3.950310952615,-10.23748707648,
    2.901280947699));
#2219 = CARTESIAN_POINT('',(-3.949972308082,-10.23743340857,
    2.908053838351));
#2220 = CARTESIAN_POINT('',(-3.94965,-10.23738232963,2.9145));
#2221 = PCURVE('',#1352,#2222);
#2222 = DEFINITIONAL_REPRESENTATION('',(#2223),#2251);
#2223 = B_SPLINE_CURVE_WITH_KNOTS('',6,(#2224,#2225,#2226,#2227,#2228,
    #2229,#2230,#2231,#2232,#2233,#2234,#2235,#2236,#2237,#2238,#2239,
    #2240,#2241,#2242,#2243,#2244,#2245,#2246,#2247,#2248,#2249,#2250),
  .UNSPECIFIED.,.F.,.F.,(7,5,5,5,5,7),(0.,0.3702074636,0.527614333669,
    0.732382923796,0.897941595162,1.),.UNSPECIFIED.);
#2224 = CARTESIAN_POINT('',(-3.985802647443,0.144215530903));
#2225 = CARTESIAN_POINT('',(-3.983845264598,0.153683237504));
#2226 = CARTESIAN_POINT('',(-3.98189299487,0.163120274629));
#2227 = CARTESIAN_POINT('',(-3.979945962863,0.172526104207));
#2228 = CARTESIAN_POINT('',(-3.978008175719,0.181881412878));
#2229 = CARTESIAN_POINT('',(-3.976087937889,0.191146243983));
#2230 = CARTESIAN_POINT('',(-3.973396710546,0.204123263075));
#2231 = CARTESIAN_POINT('',(-3.972599928535,0.207964328205));
#2232 = CARTESIAN_POINT('',(-3.97181048741,0.211769029871));
#2233 = CARTESIAN_POINT('',(-3.971030295803,0.215528204121));
#2234 = CARTESIAN_POINT('',(-3.970261850696,0.21922986826));
#2235 = CARTESIAN_POINT('',(-3.96852766422,0.227581614949));
#2236 = CARTESIAN_POINT('',(-3.967571952007,0.232182794777));
#2237 = CARTESIAN_POINT('',(-3.966648247934,0.236628479426));
#2238 = CARTESIAN_POINT('',(-3.965765527842,0.240875665113));
#2239 = CARTESIAN_POINT('',(-3.964932317464,0.244883570834));
#2240 = CARTESIAN_POINT('',(-3.963525628781,0.251648454602));
#2241 = CARTESIAN_POINT('',(-3.962932506695,0.254500219548));
#2242 = CARTESIAN_POINT('',(-3.962378254502,0.257164580839));
#2243 = CARTESIAN_POINT('',(-3.961863216275,0.259640014642));
#2244 = CARTESIAN_POINT('',(-3.961385938193,0.261933624548));
#2245 = CARTESIAN_POINT('',(-3.96067180009,0.265365040388));
#2246 = CARTESIAN_POINT('',(-3.960412929448,0.266608793737));
#2247 = CARTESIAN_POINT('',(-3.960166916026,0.26779067567));
#2248 = CARTESIAN_POINT('',(-3.959933094502,0.268913900813));
#2249 = CARTESIAN_POINT('',(-3.959710749946,0.269981918987));
#2250 = CARTESIAN_POINT('',(-3.959499117817,0.270998415214));
#2251 = ( GEOMETRIC_REPRESENTATION_CONTEXT(2) 
PARAMETRIC_REPRESENTATION_CONTEXT() REPRESENTATION_CONTEXT('2D SPACE',''
  ) );
#2252 = PCURVE('',#2253,#2258);
#2253 = B_SPLINE_SURFACE_WITH_KNOTS('',1,1,(
    (#2254,#2255)
    ,(#2256,#2257
    )),.UNSPECIFIED.,.F.,.F.,.F.,(2,2),(2,2),(-0.41,0.41),(0.,1.),
  .PIECEWISE_BEZIER_KNOTS.);
#2254 = CARTESIAN_POINT('',(-3.98985,-10.2309,2.1105));
#2255 = CARTESIAN_POINT('',(-3.94965,-10.05,2.9145));
#2256 = CARTESIAN_POINT('',(-3.98985,-11.055,2.1105));
#2257 = CARTESIAN_POINT('',(-3.94965,-10.251,2.9145));
#2258 = DEFINITIONAL_REPRESENTATION('',(#2259),#2287);
#2259 = B_SPLINE_CURVE_WITH_KNOTS('',6,(#2260,#2261,#2262,#2263,#2264,
    #2265,#2266,#2267,#2268,#2269,#2270,#2271,#2272,#2273,#2274,#2275,
    #2276,#2277,#2278,#2279,#2280,#2281,#2282,#2283,#2284,#2285,#2286),
  .UNSPECIFIED.,.F.,.F.,(7,5,5,5,5,7),(0.,0.3702074636,0.527614333669,
    0.732382923796,0.897941595162,1.),.UNSPECIFIED.);
#2260 = CARTESIAN_POINT('',(-0.397210776545,0.));
#2261 = CARTESIAN_POINT('',(-0.383520330843,7.46765358143E-02));
#2262 = CARTESIAN_POINT('',(-0.368018594533,0.149111166139));
#2263 = CARTESIAN_POINT('',(-0.350259524502,0.223299646934));
#2264 = CARTESIAN_POINT('',(-0.329619236161,0.297089644076));
#2265 = CARTESIAN_POINT('',(-0.30521201392,0.370165999414));
#2266 = CARTESIAN_POINT('',(-0.262882832312,0.472522237506));
#2267 = CARTESIAN_POINT('',(-0.249302288013,0.502818638715));
#2268 = CARTESIAN_POINT('',(-0.234657657708,0.53282822311));
#2269 = CARTESIAN_POINT('',(-0.218820809396,0.562478710002));
#2270 = CARTESIAN_POINT('',(-0.201658256436,0.591675585901));
#2271 = CARTESIAN_POINT('',(-0.158825092539,0.657549987914));
#2272 = CARTESIAN_POINT('',(-0.132143241695,0.6938417938));
#2273 = CARTESIAN_POINT('',(-0.102741545219,0.728907131474));
#2274 = CARTESIAN_POINT('',(-7.040090461887E-02,0.762406808581));
#2275 = CARTESIAN_POINT('',(-3.508680860145E-02,0.794019164951));
#2276 = CARTESIAN_POINT('',(3.361666513653E-02,0.847377185673));
#2277 = CARTESIAN_POINT('',(6.610167726453E-02,0.869870481688));
#2278 = CARTESIAN_POINT('',(0.100213040446,0.890885631371));
#2279 = CARTESIAN_POINT('',(0.135747123738,0.910410615488));
#2280 = CARTESIAN_POINT('',(0.172476952025,0.928501463622));
#2281 = CARTESIAN_POINT('',(0.233435182682,0.955566756059));
#2282 = CARTESIAN_POINT('',(0.257058094436,0.965376860598));
#2283 = CARTESIAN_POINT('',(0.281009873803,0.974698954349));
#2284 = CARTESIAN_POINT('',(0.305248525069,0.983558392661));
#2285 = CARTESIAN_POINT('',(0.329737425408,0.991982386009));
#2286 = CARTESIAN_POINT('',(0.354445324881,1.));
#2287 = ( GEOMETRIC_REPRESENTATION_CONTEXT(2) 
PARAMETRIC_REPRESENTATION_CONTEXT() REPRESENTATION_CONTEXT('2D SPACE',''
  ) );
#2288 = ORIENTED_EDGE('',*,*,#2289,.F.);
#2289 = EDGE_CURVE('',#2290,#2190,#2292,.T.);
#2290 = VERTEX_POINT('',#2291);
#2291 = CARTESIAN_POINT('',(3.94965,-10.23738232963,2.9145));
#2292 = SURFACE_CURVE('',#2293,(#2296,#2302),.PCURVE_S1.);
#2293 = B_SPLINE_CURVE_WITH_KNOTS('',1,(#2294,#2295),.UNSPECIFIED.,.F.,
  .F.,(2,2),(0.,1.),.PIECEWISE_BEZIER_KNOTS.);
#2294 = CARTESIAN_POINT('',(3.95441799821,-10.23738232963,2.9145));
#2295 = CARTESIAN_POINT('',(-3.949996505607,-10.23738232963,2.9145));
#2296 = PCURVE('',#1352,#2297);
#2297 = DEFINITIONAL_REPRESENTATION('',(#2298),#2301);
#2298 = B_SPLINE_CURVE_WITH_KNOTS('',1,(#2299,#2300),.UNSPECIFIED.,.F.,
  .F.,(2,2),(6.032070063195E-04,0.999956163027),
  .PIECEWISE_BEZIER_KNOTS.);
#2299 = CARTESIAN_POINT('',(3.959499117817,0.270998415214));
#2300 = CARTESIAN_POINT('',(-3.959499117817,0.270998415214));
#2301 = ( GEOMETRIC_REPRESENTATION_CONTEXT(2) 
PARAMETRIC_REPRESENTATION_CONTEXT() REPRESENTATION_CONTEXT('2D SPACE',''
  ) );
#2302 = PCURVE('',#2303,#2308);
#2303 = PLANE('',#2304);
#2304 = AXIS2_PLACEMENT_3D('',#2305,#2306,#2307);
#2305 = CARTESIAN_POINT('',(-3.94965,-10.251,2.9145));
#2306 = DIRECTION('',(0.,0.,1.));
#2307 = DIRECTION('',(0.99967642566,2.54370591771E-02,-0.));
#2308 = DEFINITIONAL_REPRESENTATION('',(#2309),#2312);
#2309 = B_SPLINE_CURVE_WITH_KNOTS('',1,(#2310,#2311),.UNSPECIFIED.,.F.,
  .F.,(2,2),(0.,1.),.PIECEWISE_BEZIER_KNOTS.);
#2310 = CARTESIAN_POINT('',(7.901856838111,-0.187442981374));
#2311 = CARTESIAN_POINT('',(0.,1.362207811943E-02));
#2312 = ( GEOMETRIC_REPRESENTATION_CONTEXT(2) 
PARAMETRIC_REPRESENTATION_CONTEXT() REPRESENTATION_CONTEXT('2D SPACE',''
  ) );
#2313 = ORIENTED_EDGE('',*,*,#2314,.T.);
#2314 = EDGE_CURVE('',#2290,#2315,#2317,.T.);
#2315 = VERTEX_POINT('',#2316);
#2316 = CARTESIAN_POINT('',(3.98985,-10.24375316957,2.1105));
#2317 = SURFACE_CURVE('',#2318,(#2345,#2375),.PCURVE_S1.);
#2318 = B_SPLINE_CURVE_WITH_KNOTS('',5,(#2319,#2320,#2321,#2322,#2323,
    #2324,#2325,#2326,#2327,#2328,#2329,#2330,#2331,#2332,#2333,#2334,
    #2335,#2336,#2337,#2338,#2339,#2340,#2341,#2342,#2343,#2344),
  .UNSPECIFIED.,.F.,.F.,(6,4,4,4,4,4,6),(0.,0.102218944744,
    0.267807264926,0.439349684979,0.549494384113,0.90553363068,1.),
  .UNSPECIFIED.);
#2319 = CARTESIAN_POINT('',(3.94965,-10.23738232963,2.9145));
#2320 = CARTESIAN_POINT('',(3.950037397011,-10.23744372377,2.90675205979
    ));
#2321 = CARTESIAN_POINT('',(3.950449378092,-10.23750901396,
    2.898512438161));
#2322 = CARTESIAN_POINT('',(3.950888291845,-10.2375785724,2.889734163097
    ));
#2323 = CARTESIAN_POINT('',(3.951356261266,-10.23765273554,2.88037477468
    ));
#2324 = CARTESIAN_POINT('',(3.95266340707,-10.23785989018,2.854231858609
    ));
#2325 = CARTESIAN_POINT('',(3.953552924578,-10.23800085968,
    2.836441508445));
#2326 = CARTESIAN_POINT('',(3.954530723932,-10.23815581995,
    2.816885521358));
#2327 = CARTESIAN_POINT('',(3.955600047917,-10.23832528493,
    2.795499041668));
#2328 = CARTESIAN_POINT('',(3.957944243036,-10.2386967897,2.74861513928)
  );
#2329 = CARTESIAN_POINT('',(3.959226034193,-10.23889992618,
    2.722979316139));
#2330 = CARTESIAN_POINT('',(3.96058671909,-10.23911556562,2.695765618197
    ));
#2331 = CARTESIAN_POINT('',(3.962009848047,-10.23934110111,
    2.667303039061));
#2332 = CARTESIAN_POINT('',(3.964425291489,-10.23972389722,
    2.618994170219));
#2333 = CARTESIAN_POINT('',(3.965389642601,-10.23987672624,
    2.599707147982));
#2334 = CARTESIAN_POINT('',(3.966370292692,-10.2400321383,2.580094146169
    ));
#2335 = CARTESIAN_POINT('',(3.96736418438,-10.24018964887,2.560216312403
    ));
#2336 = CARTESIAN_POINT('',(3.971617584522,-10.24086372179,
    2.475148309561));
#2337 = CARTESIAN_POINT('',(3.974976703784,-10.24139607033,
    2.407965924323));
#2338 = CARTESIAN_POINT('',(3.978384176288,-10.24193608182,
    2.339816474236));
#2339 = CARTESIAN_POINT('',(3.981812939373,-10.24247946741,
    2.271241212536));
#2340 = CARTESIAN_POINT('',(3.98617810882,-10.24317125337,2.183937823599
    ));
#2341 = CARTESIAN_POINT('',(3.987094656367,-10.24331650655,
    2.165606872663));
#2342 = CARTESIAN_POINT('',(3.988012242716,-10.24346192436,
    2.147255145676));
#2343 = CARTESIAN_POINT('',(3.988930725934,-10.2436074843,2.12888548132)
  );
#2344 = CARTESIAN_POINT('',(3.98985,-10.24375316957,2.1105));
#2345 = PCURVE('',#1352,#2346);
#2346 = DEFINITIONAL_REPRESENTATION('',(#2347),#2374);
#2347 = B_SPLINE_CURVE_WITH_KNOTS('',5,(#2348,#2349,#2350,#2351,#2352,
    #2353,#2354,#2355,#2356,#2357,#2358,#2359,#2360,#2361,#2362,#2363,
    #2364,#2365,#2366,#2367,#2368,#2369,#2370,#2371,#2372,#2373),
  .UNSPECIFIED.,.F.,.F.,(6,4,4,4,4,4,6),(0.,0.102218944744,
    0.267807264926,0.439349684979,0.549494384113,0.90553363068,1.),
  .UNSPECIFIED.);
#2348 = CARTESIAN_POINT('',(3.959499117817,0.270998415214));
#2349 = CARTESIAN_POINT('',(3.959753488273,0.269776641324));
#2350 = CARTESIAN_POINT('',(3.960023979434,0.268477334116));
#2351 = CARTESIAN_POINT('',(3.960312128052,0.267093086564));
#2352 = CARTESIAN_POINT('',(3.960619320807,0.265617203157));
#2353 = CARTESIAN_POINT('',(3.961477281033,0.26149472268));
#2354 = CARTESIAN_POINT('',(3.962061032154,0.258689359612));
#2355 = CARTESIAN_POINT('',(3.962702597977,0.255605572984));
#2356 = CARTESIAN_POINT('',(3.963404051228,0.252233135695));
#2357 = CARTESIAN_POINT('',(3.964941375446,0.244840005879));
#2358 = CARTESIAN_POINT('',(3.965781771276,0.240797488964));
#2359 = CARTESIAN_POINT('',(3.966673640576,0.236506156728));
#2360 = CARTESIAN_POINT('',(3.967606142552,0.232017888223));
#2361 = CARTESIAN_POINT('',(3.969188332049,0.224400055226));
#2362 = CARTESIAN_POINT('',(3.96981988413,0.221358681707));
#2363 = CARTESIAN_POINT('',(3.970461974374,0.218265904419));
#2364 = CARTESIAN_POINT('',(3.971112593005,0.215131365739));
#2365 = CARTESIAN_POINT('',(3.973896325385,0.201716979218));
#2366 = CARTESIAN_POINT('',(3.976093269951,0.191122978503));
#2367 = CARTESIAN_POINT('',(3.978320151376,0.180376481181));
#2368 = CARTESIAN_POINT('',(3.980559274875,0.169562837561));
#2369 = CARTESIAN_POINT('',(3.983407757465,0.155795952661));
#2370 = CARTESIAN_POINT('',(3.984005729708,0.152905342174));
#2371 = CARTESIAN_POINT('',(3.98460426022,0.150011455508));
#2372 = CARTESIAN_POINT('',(3.985203255956,0.147114740295));
#2373 = CARTESIAN_POINT('',(3.985802647443,0.144215530903));
#2374 = ( GEOMETRIC_REPRESENTATION_CONTEXT(2) 
PARAMETRIC_REPRESENTATION_CONTEXT() REPRESENTATION_CONTEXT('2D SPACE',''
  ) );
#2375 = PCURVE('',#2376,#2381);
#2376 = B_SPLINE_SURFACE_WITH_KNOTS('',1,1,(
    (#2377,#2378)
    ,(#2379,#2380
    )),.UNSPECIFIED.,.F.,.F.,.F.,(2,2),(2,2),(-0.41,0.41),(0.,1.),
  .PIECEWISE_BEZIER_KNOTS.);
#2377 = CARTESIAN_POINT('',(3.98985,-11.055,2.1105));
#2378 = CARTESIAN_POINT('',(3.94965,-10.251,2.9145));
#2379 = CARTESIAN_POINT('',(3.98985,-10.2309,2.1105));
#2380 = CARTESIAN_POINT('',(3.94965,-10.05,2.9145));
#2381 = DEFINITIONAL_REPRESENTATION('',(#2382),#2409);
#2382 = B_SPLINE_CURVE_WITH_KNOTS('',5,(#2383,#2384,#2385,#2386,#2387,
    #2388,#2389,#2390,#2391,#2392,#2393,#2394,#2395,#2396,#2397,#2398,
    #2399,#2400,#2401,#2402,#2403,#2404,#2405,#2406,#2407,#2408),
  .UNSPECIFIED.,.F.,.F.,(6,4,4,4,4,4,6),(0.,0.102218944744,
    0.267807264926,0.439349684979,0.549494384113,0.90553363068,1.),
  .UNSPECIFIED.);
#2383 = CARTESIAN_POINT('',(-0.354445324881,1.));
#2384 = CARTESIAN_POINT('',(-0.32474775932,0.990363258445));
#2385 = CARTESIAN_POINT('',(-0.295379757533,0.980114972837));
#2386 = CARTESIAN_POINT('',(-0.266404126638,0.96919672027));
#2387 = CARTESIAN_POINT('',(-0.237899894108,0.957555689901));
#2388 = CARTESIAN_POINT('',(-0.164704064438,0.925039625136));
#2389 = CARTESIAN_POINT('',(-0.120920239226,0.902912323936));
#2390 = CARTESIAN_POINT('',(-7.903945168169E-02,0.878588956914));
#2391 = CARTESIAN_POINT('',(-3.952875695032E-02,0.851988857796));
#2392 = CARTESIAN_POINT('',(3.550210308593E-02,0.793675546369));
#2393 = CARTESIAN_POINT('',(7.085688173976E-02,0.761790194203));
#2394 = CARTESIAN_POINT('',(0.103051276745,0.727942311191));
#2395 = CARTESIAN_POINT('',(0.132220960582,0.692541093359));
#2396 = CARTESIAN_POINT('',(0.175580077066,0.632455435596));
#2397 = CARTESIAN_POINT('',(0.191396919363,0.608466601968));
#2398 = CARTESIAN_POINT('',(0.206150791477,0.584072321106));
#2399 = CARTESIAN_POINT('',(0.219935025015,0.559348647267));
#2400 = CARTESIAN_POINT('',(0.274546949574,0.453542673584));
#2401 = CARTESIAN_POINT('',(0.306982316038,0.36998249294));
#2402 = CARTESIAN_POINT('',(0.333397380015,0.285219495319));
#2403 = CARTESIAN_POINT('',(0.355471174176,0.199926881263));
#2404 = CARTESIAN_POINT('',(0.379315403151,9.134057661563E-02));
#2405 = CARTESIAN_POINT('',(0.384086478435,6.854088639723E-02));
#2406 = CARTESIAN_POINT('',(0.388648490791,4.571535531879E-02));
#2407 = CARTESIAN_POINT('',(0.393018474815,2.286751408017E-02));
#2408 = CARTESIAN_POINT('',(0.397210776545,0.));
#2409 = ( GEOMETRIC_REPRESENTATION_CONTEXT(2) 
PARAMETRIC_REPRESENTATION_CONTEXT() REPRESENTATION_CONTEXT('2D SPACE',''
  ) );
#2410 = ORIENTED_EDGE('',*,*,#2411,.F.);
#2411 = EDGE_CURVE('',#1337,#2315,#2412,.T.);
#2412 = SURFACE_CURVE('',#2413,(#2416,#2422),.PCURVE_S1.);
#2413 = B_SPLINE_CURVE_WITH_KNOTS('',1,(#2414,#2415),.UNSPECIFIED.,.F.,
  .F.,(2,2),(0.,1.),.PIECEWISE_BEZIER_KNOTS.);
#2414 = CARTESIAN_POINT('',(4.004061769149,-10.24375316957,2.1105));
#2415 = CARTESIAN_POINT('',(-4.004061769149,-10.24375316957,2.1105));
#2416 = PCURVE('',#1352,#2417);
#2417 = DEFINITIONAL_REPRESENTATION('',(#2418),#2421);
#2418 = B_SPLINE_CURVE_WITH_KNOTS('',1,(#2419,#2420),.UNSPECIFIED.,.F.,
  .F.,(2,2),(0.,1.774669069609E-03),.PIECEWISE_BEZIER_KNOTS.);
#2419 = CARTESIAN_POINT('',(4.,0.144215530903));
#2420 = CARTESIAN_POINT('',(3.985802647443,0.144215530903));
#2421 = ( GEOMETRIC_REPRESENTATION_CONTEXT(2) 
PARAMETRIC_REPRESENTATION_CONTEXT() REPRESENTATION_CONTEXT('2D SPACE',''
  ) );
#2422 = PCURVE('',#769,#2423);
#2423 = DEFINITIONAL_REPRESENTATION('',(#2424),#2427);
#2424 = B_SPLINE_CURVE_WITH_KNOTS('',1,(#2425,#2426),.UNSPECIFIED.,.F.,
  .F.,(2,2),(0.,1.),.PIECEWISE_BEZIER_KNOTS.);
#2425 = CARTESIAN_POINT('',(-4.004061769149,0.));
#2426 = CARTESIAN_POINT('',(4.004061769149,0.));
#2427 = ( GEOMETRIC_REPRESENTATION_CONTEXT(2) 
PARAMETRIC_REPRESENTATION_CONTEXT() REPRESENTATION_CONTEXT('2D SPACE',''
  ) );
#2428 = ORIENTED_EDGE('',*,*,#1336,.T.);
#2429 = ORIENTED_EDGE('',*,*,#2430,.F.);
#2430 = EDGE_CURVE('',#1555,#1339,#2431,.T.);
#2431 = SURFACE_CURVE('',#2432,(#2436,#2442),.PCURVE_S1.);
#2432 = LINE('',#2433,#2434);
#2433 = CARTESIAN_POINT('',(0.,-10.20075,7.5375));
#2434 = VECTOR('',#2435,1.);
#2435 = DIRECTION('',(1.,0.,0.));
#2436 = PCURVE('',#1352,#2437);
#2437 = DEFINITIONAL_REPRESENTATION('',(#2438),#2441);
#2438 = B_SPLINE_CURVE_WITH_KNOTS('',1,(#2439,#2440),.UNSPECIFIED.,.F.,
  .F.,(2,2),(-3.909483256407,3.909483256407),.PIECEWISE_BEZIER_KNOTS.);
#2439 = CARTESIAN_POINT('',(-4.,1.));
#2440 = CARTESIAN_POINT('',(4.,1.));
#2441 = ( GEOMETRIC_REPRESENTATION_CONTEXT(2) 
PARAMETRIC_REPRESENTATION_CONTEXT() REPRESENTATION_CONTEXT('2D SPACE',''
  ) );
#2442 = PCURVE('',#1444,#2443);
#2443 = DEFINITIONAL_REPRESENTATION('',(#2444),#2448);
#2444 = LINE('',#2445,#2446);
#2445 = CARTESIAN_POINT('',(3.893754593489,-0.350334836711));
#2446 = VECTOR('',#2447,1.);
#2447 = DIRECTION('',(0.995976792357,-8.961154549961E-02));
#2448 = ( GEOMETRIC_REPRESENTATION_CONTEXT(2) 
PARAMETRIC_REPRESENTATION_CONTEXT() REPRESENTATION_CONTEXT('2D SPACE',''
  ) );
#2449 = ADVANCED_FACE('',(#2450),#1444,.F.);
#2450 = FACE_BOUND('',#2451,.F.);
#2451 = EDGE_LOOP('',(#2452,#2453,#2454,#2455));
#2452 = ORIENTED_EDGE('',*,*,#1574,.F.);
#2453 = ORIENTED_EDGE('',*,*,#2430,.T.);
#2454 = ORIENTED_EDGE('',*,*,#1431,.T.);
#2455 = ORIENTED_EDGE('',*,*,#1480,.F.);
#2456 = ADVANCED_FACE('',(#2457),#713,.F.);
#2457 = FACE_BOUND('',#2458,.F.);
#2458 = EDGE_LOOP('',(#2459,#2460,#2461));
#2459 = ORIENTED_EDGE('',*,*,#697,.F.);
#2460 = ORIENTED_EDGE('',*,*,#1383,.F.);
#2461 = ORIENTED_EDGE('',*,*,#2462,.T.);
#2462 = EDGE_CURVE('',#1364,#698,#2463,.T.);
#2463 = SURFACE_CURVE('',#2464,(#2468,#2475),.PCURVE_S1.);
#2464 = LINE('',#2465,#2466);
#2465 = CARTESIAN_POINT('',(4.004061769149,-10.22929314855,25.125));
#2466 = VECTOR('',#2467,1.);
#2467 = DIRECTION('',(0.,0.,-1.));
#2468 = PCURVE('',#713,#2469);
#2469 = DEFINITIONAL_REPRESENTATION('',(#2470),#2474);
#2470 = LINE('',#2471,#2472);
#2471 = CARTESIAN_POINT('',(-23.45988963152,0.567494697461));
#2472 = VECTOR('',#2473,1.);
#2473 = DIRECTION('',(0.99969594191,-2.465813715097E-02));
#2474 = ( GEOMETRIC_REPRESENTATION_CONTEXT(2) 
PARAMETRIC_REPRESENTATION_CONTEXT() REPRESENTATION_CONTEXT('2D SPACE',''
  ) );
#2475 = PCURVE('',#741,#2476);
#2476 = DEFINITIONAL_REPRESENTATION('',(#2477),#2481);
#2477 = LINE('',#2478,#2479);
#2478 = CARTESIAN_POINT('',(0.35075947719,23.0145));
#2479 = VECTOR('',#2480,1.);
#2480 = DIRECTION('',(0.,-1.));
#2481 = ( GEOMETRIC_REPRESENTATION_CONTEXT(2) 
PARAMETRIC_REPRESENTATION_CONTEXT() REPRESENTATION_CONTEXT('2D SPACE',''
  ) );
#2482 = ADVANCED_FACE('',(#2483),#741,.T.);
#2483 = FACE_BOUND('',#2484,.T.);
#2484 = EDGE_LOOP('',(#2485,#2506,#2507,#2508));
#2485 = ORIENTED_EDGE('',*,*,#2486,.F.);
#2486 = EDGE_CURVE('',#1337,#726,#2487,.T.);
#2487 = SURFACE_CURVE('',#2488,(#2492,#2499),.PCURVE_S1.);
#2488 = LINE('',#2489,#2490);
#2489 = CARTESIAN_POINT('',(4.004061769149,-10.24375316957,25.125));
#2490 = VECTOR('',#2491,1.);
#2491 = DIRECTION('',(0.,0.,-1.));
#2492 = PCURVE('',#741,#2493);
#2493 = DEFINITIONAL_REPRESENTATION('',(#2494),#2498);
#2494 = LINE('',#2495,#2496);
#2495 = CARTESIAN_POINT('',(0.365219498205,23.0145));
#2496 = VECTOR('',#2497,1.);
#2497 = DIRECTION('',(0.,-1.));
#2498 = ( GEOMETRIC_REPRESENTATION_CONTEXT(2) 
PARAMETRIC_REPRESENTATION_CONTEXT() REPRESENTATION_CONTEXT('2D SPACE',''
  ) );
#2499 = PCURVE('',#769,#2500);
#2500 = DEFINITIONAL_REPRESENTATION('',(#2501),#2505);
#2501 = LINE('',#2502,#2503);
#2502 = CARTESIAN_POINT('',(-4.004061769149,23.0145));
#2503 = VECTOR('',#2504,1.);
#2504 = DIRECTION('',(0.,-1.));
#2505 = ( GEOMETRIC_REPRESENTATION_CONTEXT(2) 
PARAMETRIC_REPRESENTATION_CONTEXT() REPRESENTATION_CONTEXT('2D SPACE',''
  ) );
#2506 = ORIENTED_EDGE('',*,*,#1363,.F.);
#2507 = ORIENTED_EDGE('',*,*,#2462,.T.);
#2508 = ORIENTED_EDGE('',*,*,#725,.F.);
#2509 = ADVANCED_FACE('',(#2510),#909,.T.);
#2510 = FACE_BOUND('',#2511,.T.);
#2511 = EDGE_LOOP('',(#2512,#2533,#2534,#2555));
#2512 = ORIENTED_EDGE('',*,*,#2513,.F.);
#2513 = EDGE_CURVE('',#1506,#894,#2514,.T.);
#2514 = SURFACE_CURVE('',#2515,(#2519,#2526),.PCURVE_S1.);
#2515 = LINE('',#2516,#2517);
#2516 = CARTESIAN_POINT('',(-4.004061769149,-10.22929314855,25.125));
#2517 = VECTOR('',#2518,1.);
#2518 = DIRECTION('',(0.,0.,-1.));
#2519 = PCURVE('',#909,#2520);
#2520 = DEFINITIONAL_REPRESENTATION('',(#2521),#2525);
#2521 = LINE('',#2522,#2523);
#2522 = CARTESIAN_POINT('',(2.998142641871E-03,23.0145));
#2523 = VECTOR('',#2524,1.);
#2524 = DIRECTION('',(0.,-1.));
#2525 = ( GEOMETRIC_REPRESENTATION_CONTEXT(2) 
PARAMETRIC_REPRESENTATION_CONTEXT() REPRESENTATION_CONTEXT('2D SPACE',''
  ) );
#2526 = PCURVE('',#937,#2527);
#2527 = DEFINITIONAL_REPRESENTATION('',(#2528),#2532);
#2528 = LINE('',#2529,#2530);
#2529 = CARTESIAN_POINT('',(23.459889631529,0.567494697461));
#2530 = VECTOR('',#2531,1.);
#2531 = DIRECTION('',(-0.99969594191,-2.465813715097E-02));
#2532 = ( GEOMETRIC_REPRESENTATION_CONTEXT(2) 
PARAMETRIC_REPRESENTATION_CONTEXT() REPRESENTATION_CONTEXT('2D SPACE',''
  ) );
#2533 = ORIENTED_EDGE('',*,*,#1534,.F.);
#2534 = ORIENTED_EDGE('',*,*,#2535,.T.);
#2535 = EDGE_CURVE('',#1535,#866,#2536,.T.);
#2536 = SURFACE_CURVE('',#2537,(#2541,#2548),.PCURVE_S1.);
#2537 = LINE('',#2538,#2539);
#2538 = CARTESIAN_POINT('',(-4.004061769149,-10.24375316957,25.125));
#2539 = VECTOR('',#2540,1.);
#2540 = DIRECTION('',(0.,0.,-1.));
#2541 = PCURVE('',#909,#2542);
#2542 = DEFINITIONAL_REPRESENTATION('',(#2543),#2547);
#2543 = LINE('',#2544,#2545);
#2544 = CARTESIAN_POINT('',(-1.146187837395E-02,23.0145));
#2545 = VECTOR('',#2546,1.);
#2546 = DIRECTION('',(0.,-1.));
#2547 = ( GEOMETRIC_REPRESENTATION_CONTEXT(2) 
PARAMETRIC_REPRESENTATION_CONTEXT() REPRESENTATION_CONTEXT('2D SPACE',''
  ) );
#2548 = PCURVE('',#881,#2549);
#2549 = DEFINITIONAL_REPRESENTATION('',(#2550),#2554);
#2550 = LINE('',#2551,#2552);
#2551 = CARTESIAN_POINT('',(4.004061769149,23.0145));
#2552 = VECTOR('',#2553,1.);
#2553 = DIRECTION('',(0.,-1.));
#2554 = ( GEOMETRIC_REPRESENTATION_CONTEXT(2) 
PARAMETRIC_REPRESENTATION_CONTEXT() REPRESENTATION_CONTEXT('2D SPACE',''
  ) );
#2555 = ORIENTED_EDGE('',*,*,#893,.F.);
#2556 = ADVANCED_FACE('',(#2557),#937,.F.);
#2557 = FACE_BOUND('',#2558,.F.);
#2558 = EDGE_LOOP('',(#2559,#2560,#2561));
#2559 = ORIENTED_EDGE('',*,*,#2513,.F.);
#2560 = ORIENTED_EDGE('',*,*,#1505,.F.);
#2561 = ORIENTED_EDGE('',*,*,#921,.F.);
#2562 = ADVANCED_FACE('',(#2563),#881,.T.);
#2563 = FACE_BOUND('',#2564,.T.);
#2564 = EDGE_LOOP('',(#2565,#2566,#2567,#2588));
#2565 = ORIENTED_EDGE('',*,*,#2535,.F.);
#2566 = ORIENTED_EDGE('',*,*,#2169,.F.);
#2567 = ORIENTED_EDGE('',*,*,#2568,.T.);
#2568 = EDGE_CURVE('',#2170,#838,#2569,.T.);
#2569 = SURFACE_CURVE('',#2570,(#2574,#2581),.PCURVE_S1.);
#2570 = LINE('',#2571,#2572);
#2571 = CARTESIAN_POINT('',(-3.98985,-10.24375316957,25.125));
#2572 = VECTOR('',#2573,1.);
#2573 = DIRECTION('',(0.,0.,-1.));
#2574 = PCURVE('',#881,#2575);
#2575 = DEFINITIONAL_REPRESENTATION('',(#2576),#2580);
#2576 = LINE('',#2577,#2578);
#2577 = CARTESIAN_POINT('',(3.98985,23.0145));
#2578 = VECTOR('',#2579,1.);
#2579 = DIRECTION('',(0.,-1.));
#2580 = ( GEOMETRIC_REPRESENTATION_CONTEXT(2) 
PARAMETRIC_REPRESENTATION_CONTEXT() REPRESENTATION_CONTEXT('2D SPACE',''
  ) );
#2581 = PCURVE('',#853,#2582);
#2582 = DEFINITIONAL_REPRESENTATION('',(#2583),#2587);
#2583 = LINE('',#2584,#2585);
#2584 = CARTESIAN_POINT('',(0.811246830428,23.0145));
#2585 = VECTOR('',#2586,1.);
#2586 = DIRECTION('',(0.,-1.));
#2587 = ( GEOMETRIC_REPRESENTATION_CONTEXT(2) 
PARAMETRIC_REPRESENTATION_CONTEXT() REPRESENTATION_CONTEXT('2D SPACE',''
  ) );
#2588 = ORIENTED_EDGE('',*,*,#865,.F.);
#2589 = ADVANCED_FACE('',(#2590),#853,.T.);
#2590 = FACE_BOUND('',#2591,.T.);
#2591 = EDGE_LOOP('',(#2592,#2593,#2615,#2636));
#2592 = ORIENTED_EDGE('',*,*,#2568,.F.);
#2593 = ORIENTED_EDGE('',*,*,#2594,.F.);
#2594 = EDGE_CURVE('',#2595,#2170,#2597,.T.);
#2595 = VERTEX_POINT('',#2596);
#2596 = CARTESIAN_POINT('',(-3.98985,-11.055,2.1105));
#2597 = SURFACE_CURVE('',#2598,(#2602,#2609),.PCURVE_S1.);
#2598 = LINE('',#2599,#2600);
#2599 = CARTESIAN_POINT('',(-3.98985,-10.64295,2.1105));
#2600 = VECTOR('',#2601,1.);
#2601 = DIRECTION('',(0.,1.,0.));
#2602 = PCURVE('',#853,#2603);
#2603 = DEFINITIONAL_REPRESENTATION('',(#2604),#2608);
#2604 = LINE('',#2605,#2606);
#2605 = CARTESIAN_POINT('',(0.41205,0.));
#2606 = VECTOR('',#2607,1.);
#2607 = DIRECTION('',(1.,0.));
#2608 = ( GEOMETRIC_REPRESENTATION_CONTEXT(2) 
PARAMETRIC_REPRESENTATION_CONTEXT() REPRESENTATION_CONTEXT('2D SPACE',''
  ) );
#2609 = PCURVE('',#2253,#2610);
#2610 = DEFINITIONAL_REPRESENTATION('',(#2611),#2614);
#2611 = B_SPLINE_CURVE_WITH_KNOTS('',1,(#2612,#2613),.UNSPECIFIED.,.F.,
  .F.,(2,2),(-0.41205,0.399196830428),.PIECEWISE_BEZIER_KNOTS.);
#2612 = CARTESIAN_POINT('',(0.41,0.));
#2613 = CARTESIAN_POINT('',(-0.397210776545,0.));
#2614 = ( GEOMETRIC_REPRESENTATION_CONTEXT(2) 
PARAMETRIC_REPRESENTATION_CONTEXT() REPRESENTATION_CONTEXT('2D SPACE',''
  ) );
#2615 = ORIENTED_EDGE('',*,*,#2616,.T.);
#2616 = EDGE_CURVE('',#2595,#810,#2617,.T.);
#2617 = SURFACE_CURVE('',#2618,(#2622,#2629),.PCURVE_S1.);
#2618 = LINE('',#2619,#2620);
#2619 = CARTESIAN_POINT('',(-3.98985,-11.055,25.125));
#2620 = VECTOR('',#2621,1.);
#2621 = DIRECTION('',(0.,0.,-1.));
#2622 = PCURVE('',#853,#2623);
#2623 = DEFINITIONAL_REPRESENTATION('',(#2624),#2628);
#2624 = LINE('',#2625,#2626);
#2625 = CARTESIAN_POINT('',(0.,23.0145));
#2626 = VECTOR('',#2627,1.);
#2627 = DIRECTION('',(0.,-1.));
#2628 = ( GEOMETRIC_REPRESENTATION_CONTEXT(2) 
PARAMETRIC_REPRESENTATION_CONTEXT() REPRESENTATION_CONTEXT('2D SPACE',''
  ) );
#2629 = PCURVE('',#825,#2630);
#2630 = DEFINITIONAL_REPRESENTATION('',(#2631),#2635);
#2631 = LINE('',#2632,#2633);
#2632 = CARTESIAN_POINT('',(0.,23.0145));
#2633 = VECTOR('',#2634,1.);
#2634 = DIRECTION('',(0.,-1.));
#2635 = ( GEOMETRIC_REPRESENTATION_CONTEXT(2) 
PARAMETRIC_REPRESENTATION_CONTEXT() REPRESENTATION_CONTEXT('2D SPACE',''
  ) );
#2636 = ORIENTED_EDGE('',*,*,#837,.F.);
#2637 = ADVANCED_FACE('',(#2638),#825,.F.);
#2638 = FACE_BOUND('',#2639,.F.);
#2639 = EDGE_LOOP('',(#2640,#2663,#2688,#2689));
#2640 = ORIENTED_EDGE('',*,*,#2641,.F.);
#2641 = EDGE_CURVE('',#2642,#782,#2644,.T.);
#2642 = VERTEX_POINT('',#2643);
#2643 = CARTESIAN_POINT('',(3.98985,-11.055,2.1105));
#2644 = SURFACE_CURVE('',#2645,(#2649,#2656),.PCURVE_S1.);
#2645 = LINE('',#2646,#2647);
#2646 = CARTESIAN_POINT('',(3.98985,-11.055,25.125));
#2647 = VECTOR('',#2648,1.);
#2648 = DIRECTION('',(0.,0.,-1.));
#2649 = PCURVE('',#825,#2650);
#2650 = DEFINITIONAL_REPRESENTATION('',(#2651),#2655);
#2651 = LINE('',#2652,#2653);
#2652 = CARTESIAN_POINT('',(7.9797,23.0145));
#2653 = VECTOR('',#2654,1.);
#2654 = DIRECTION('',(0.,-1.));
#2655 = ( GEOMETRIC_REPRESENTATION_CONTEXT(2) 
PARAMETRIC_REPRESENTATION_CONTEXT() REPRESENTATION_CONTEXT('2D SPACE',''
  ) );
#2656 = PCURVE('',#797,#2657);
#2657 = DEFINITIONAL_REPRESENTATION('',(#2658),#2662);
#2658 = LINE('',#2659,#2660);
#2659 = CARTESIAN_POINT('',(0.,23.0145));
#2660 = VECTOR('',#2661,1.);
#2661 = DIRECTION('',(0.,-1.));
#2662 = ( GEOMETRIC_REPRESENTATION_CONTEXT(2) 
PARAMETRIC_REPRESENTATION_CONTEXT() REPRESENTATION_CONTEXT('2D SPACE',''
  ) );
#2663 = ORIENTED_EDGE('',*,*,#2664,.F.);
#2664 = EDGE_CURVE('',#2595,#2642,#2665,.T.);
#2665 = SURFACE_CURVE('',#2666,(#2670,#2677),.PCURVE_S1.);
#2666 = LINE('',#2667,#2668);
#2667 = CARTESIAN_POINT('',(0.,-11.055,2.1105));
#2668 = VECTOR('',#2669,1.);
#2669 = DIRECTION('',(1.,0.,0.));
#2670 = PCURVE('',#825,#2671);
#2671 = DEFINITIONAL_REPRESENTATION('',(#2672),#2676);
#2672 = LINE('',#2673,#2674);
#2673 = CARTESIAN_POINT('',(3.98985,0.));
#2674 = VECTOR('',#2675,1.);
#2675 = DIRECTION('',(1.,0.));
#2676 = ( GEOMETRIC_REPRESENTATION_CONTEXT(2) 
PARAMETRIC_REPRESENTATION_CONTEXT() REPRESENTATION_CONTEXT('2D SPACE',''
  ) );
#2677 = PCURVE('',#2678,#2683);
#2678 = B_SPLINE_SURFACE_WITH_KNOTS('',1,1,(
    (#2679,#2680)
    ,(#2681,#2682
    )),.UNSPECIFIED.,.F.,.F.,.F.,(2,2),(2,2),(-3.97,3.97),(0.,1.),
  .PIECEWISE_BEZIER_KNOTS.);
#2679 = CARTESIAN_POINT('',(-3.98985,-11.055,2.1105));
#2680 = CARTESIAN_POINT('',(-3.94965,-10.251,2.9145));
#2681 = CARTESIAN_POINT('',(3.98985,-11.055,2.1105));
#2682 = CARTESIAN_POINT('',(3.94965,-10.251,2.9145));
#2683 = DEFINITIONAL_REPRESENTATION('',(#2684),#2687);
#2684 = B_SPLINE_CURVE_WITH_KNOTS('',1,(#2685,#2686),.UNSPECIFIED.,.F.,
  .F.,(2,2),(-3.98985,3.98985),.PIECEWISE_BEZIER_KNOTS.);
#2685 = CARTESIAN_POINT('',(-3.97,0.));
#2686 = CARTESIAN_POINT('',(3.97,0.));
#2687 = ( GEOMETRIC_REPRESENTATION_CONTEXT(2) 
PARAMETRIC_REPRESENTATION_CONTEXT() REPRESENTATION_CONTEXT('2D SPACE',''
  ) );
#2688 = ORIENTED_EDGE('',*,*,#2616,.T.);
#2689 = ORIENTED_EDGE('',*,*,#809,.F.);
#2690 = ADVANCED_FACE('',(#2691),#797,.F.);
#2691 = FACE_BOUND('',#2692,.F.);
#2692 = EDGE_LOOP('',(#2693,#2714,#2734,#2735));
#2693 = ORIENTED_EDGE('',*,*,#2694,.F.);
#2694 = EDGE_CURVE('',#2315,#754,#2695,.T.);
#2695 = SURFACE_CURVE('',#2696,(#2700,#2707),.PCURVE_S1.);
#2696 = LINE('',#2697,#2698);
#2697 = CARTESIAN_POINT('',(3.98985,-10.24375316957,25.125));
#2698 = VECTOR('',#2699,1.);
#2699 = DIRECTION('',(0.,0.,-1.));
#2700 = PCURVE('',#797,#2701);
#2701 = DEFINITIONAL_REPRESENTATION('',(#2702),#2706);
#2702 = LINE('',#2703,#2704);
#2703 = CARTESIAN_POINT('',(0.811246830428,23.0145));
#2704 = VECTOR('',#2705,1.);
#2705 = DIRECTION('',(0.,-1.));
#2706 = ( GEOMETRIC_REPRESENTATION_CONTEXT(2) 
PARAMETRIC_REPRESENTATION_CONTEXT() REPRESENTATION_CONTEXT('2D SPACE',''
  ) );
#2707 = PCURVE('',#769,#2708);
#2708 = DEFINITIONAL_REPRESENTATION('',(#2709),#2713);
#2709 = LINE('',#2710,#2711);
#2710 = CARTESIAN_POINT('',(-3.98985,23.0145));
#2711 = VECTOR('',#2712,1.);
#2712 = DIRECTION('',(0.,-1.));
#2713 = ( GEOMETRIC_REPRESENTATION_CONTEXT(2) 
PARAMETRIC_REPRESENTATION_CONTEXT() REPRESENTATION_CONTEXT('2D SPACE',''
  ) );
#2714 = ORIENTED_EDGE('',*,*,#2715,.F.);
#2715 = EDGE_CURVE('',#2642,#2315,#2716,.T.);
#2716 = SURFACE_CURVE('',#2717,(#2721,#2728),.PCURVE_S1.);
#2717 = LINE('',#2718,#2719);
#2718 = CARTESIAN_POINT('',(3.98985,-10.64295,2.1105));
#2719 = VECTOR('',#2720,1.);
#2720 = DIRECTION('',(0.,1.,0.));
#2721 = PCURVE('',#797,#2722);
#2722 = DEFINITIONAL_REPRESENTATION('',(#2723),#2727);
#2723 = LINE('',#2724,#2725);
#2724 = CARTESIAN_POINT('',(0.41205,0.));
#2725 = VECTOR('',#2726,1.);
#2726 = DIRECTION('',(1.,0.));
#2727 = ( GEOMETRIC_REPRESENTATION_CONTEXT(2) 
PARAMETRIC_REPRESENTATION_CONTEXT() REPRESENTATION_CONTEXT('2D SPACE',''
  ) );
#2728 = PCURVE('',#2376,#2729);
#2729 = DEFINITIONAL_REPRESENTATION('',(#2730),#2733);
#2730 = B_SPLINE_CURVE_WITH_KNOTS('',1,(#2731,#2732),.UNSPECIFIED.,.F.,
  .F.,(2,2),(-0.41205,0.399196830428),.PIECEWISE_BEZIER_KNOTS.);
#2731 = CARTESIAN_POINT('',(-0.41,0.));
#2732 = CARTESIAN_POINT('',(0.397210776545,0.));
#2733 = ( GEOMETRIC_REPRESENTATION_CONTEXT(2) 
PARAMETRIC_REPRESENTATION_CONTEXT() REPRESENTATION_CONTEXT('2D SPACE',''
  ) );
#2734 = ORIENTED_EDGE('',*,*,#2641,.T.);
#2735 = ORIENTED_EDGE('',*,*,#781,.F.);
#2736 = ADVANCED_FACE('',(#2737),#769,.T.);
#2737 = FACE_BOUND('',#2738,.T.);
#2738 = EDGE_LOOP('',(#2739,#2740,#2741,#2742));
#2739 = ORIENTED_EDGE('',*,*,#2694,.F.);
#2740 = ORIENTED_EDGE('',*,*,#2411,.F.);
#2741 = ORIENTED_EDGE('',*,*,#2486,.T.);
#2742 = ORIENTED_EDGE('',*,*,#753,.F.);
#2743 = ADVANCED_FACE('',(#2744),#1715,.F.);
#2744 = FACE_BOUND('',#2745,.F.);
#2745 = EDGE_LOOP('',(#2746,#2747,#2748,#2749,#2771,#2798,#2825,#2852));
#2746 = ORIENTED_EDGE('',*,*,#1777,.F.);
#2747 = ORIENTED_EDGE('',*,*,#1752,.T.);
#2748 = ORIENTED_EDGE('',*,*,#1702,.T.);
#2749 = ORIENTED_EDGE('',*,*,#2750,.T.);
#2750 = EDGE_CURVE('',#1669,#2751,#2753,.T.);
#2751 = VERTEX_POINT('',#2752);
#2752 = CARTESIAN_POINT('',(-7.049033872202,28.405283872202,2.9145));
#2753 = SURFACE_CURVE('',#2754,(#2758,#2765),.PCURVE_S1.);
#2754 = LINE('',#2755,#2756);
#2755 = CARTESIAN_POINT('',(-10.05,28.405283872202,2.9145));
#2756 = VECTOR('',#2757,1.);
#2757 = DIRECTION('',(1.,0.,0.));
#2758 = PCURVE('',#1715,#2759);
#2759 = DEFINITIONAL_REPRESENTATION('',(#2760),#2764);
#2760 = LINE('',#2761,#2762);
#2761 = CARTESIAN_POINT('',(3.119533445921,0.508790682245));
#2762 = VECTOR('',#2763,1.);
#2763 = DIRECTION('',(0.985009327802,-0.172501084469));
#2764 = ( GEOMETRIC_REPRESENTATION_CONTEXT(2) 
PARAMETRIC_REPRESENTATION_CONTEXT() REPRESENTATION_CONTEXT('2D SPACE',''
  ) );
#2765 = PCURVE('',#1688,#2766);
#2766 = DEFINITIONAL_REPRESENTATION('',(#2767),#2770);
#2767 = B_SPLINE_CURVE_WITH_KNOTS('',1,(#2768,#2769),.UNSPECIFIED.,.F.,
  .F.,(2,2),(2.985002598168,3.000966127798),.PIECEWISE_BEZIER_KNOTS.);
#2768 = CARTESIAN_POINT('',(2.984041609651,1.));
#2769 = CARTESIAN_POINT('',(3.,1.));
#2770 = ( GEOMETRIC_REPRESENTATION_CONTEXT(2) 
PARAMETRIC_REPRESENTATION_CONTEXT() REPRESENTATION_CONTEXT('2D SPACE',''
  ) );
#2771 = ORIENTED_EDGE('',*,*,#2772,.T.);
#2772 = EDGE_CURVE('',#2751,#2773,#2775,.T.);
#2773 = VERTEX_POINT('',#2774);
#2774 = CARTESIAN_POINT('',(-7.049033872202,29.934966127798,2.9145));
#2775 = SURFACE_CURVE('',#2776,(#2780,#2787),.PCURVE_S1.);
#2776 = LINE('',#2777,#2778);
#2777 = CARTESIAN_POINT('',(-7.049033872202,29.170125,2.9145));
#2778 = VECTOR('',#2779,1.);
#2779 = DIRECTION('',(0.,1.,0.));
#2780 = PCURVE('',#1715,#2781);
#2781 = DEFINITIONAL_REPRESENTATION('',(#2782),#2786);
#2782 = LINE('',#2783,#2784);
#2783 = CARTESIAN_POINT('',(6.207448998212,0.744496415911));
#2784 = VECTOR('',#2785,1.);
#2785 = DIRECTION('',(0.172501084469,0.985009327802));
#2786 = ( GEOMETRIC_REPRESENTATION_CONTEXT(2) 
PARAMETRIC_REPRESENTATION_CONTEXT() REPRESENTATION_CONTEXT('2D SPACE',''
  ) );
#2787 = PCURVE('',#2788,#2793);
#2788 = B_SPLINE_SURFACE_WITH_KNOTS('',1,1,(
    (#2789,#2790)
    ,(#2791,#2792
  )),.UNSPECIFIED.,.F.,.F.,.F.,(2,2),(2,2),(-0.775,0.775),(0.,1.),
  .PIECEWISE_BEZIER_KNOTS.);
#2789 = CARTESIAN_POINT('',(-7.035,28.39125,2.1105));
#2790 = CARTESIAN_POINT('',(-7.049033872202,28.405283872202,2.9145));
#2791 = CARTESIAN_POINT('',(-7.035,29.949,2.1105));
#2792 = CARTESIAN_POINT('',(-7.049033872202,29.934966127798,2.9145));
#2793 = DEFINITIONAL_REPRESENTATION('',(#2794),#2797);
#2794 = B_SPLINE_CURVE_WITH_KNOTS('',1,(#2795,#2796),.UNSPECIFIED.,.F.,
  .F.,(2,2),(-0.764841127798,0.764841127798),.PIECEWISE_BEZIER_KNOTS.);
#2795 = CARTESIAN_POINT('',(-0.775,1.));
#2796 = CARTESIAN_POINT('',(0.775,1.));
#2797 = ( GEOMETRIC_REPRESENTATION_CONTEXT(2) 
PARAMETRIC_REPRESENTATION_CONTEXT() REPRESENTATION_CONTEXT('2D SPACE',''
  ) );
#2798 = ORIENTED_EDGE('',*,*,#2799,.F.);
#2799 = EDGE_CURVE('',#2800,#2773,#2802,.T.);
#2800 = VERTEX_POINT('',#2801);
#2801 = CARTESIAN_POINT('',(-13.05096612779,29.934966127798,2.9145));
#2802 = SURFACE_CURVE('',#2803,(#2807,#2814),.PCURVE_S1.);
#2803 = LINE('',#2804,#2805);
#2804 = CARTESIAN_POINT('',(-10.05,29.934966127798,2.9145));
#2805 = VECTOR('',#2806,1.);
#2806 = DIRECTION('',(1.,0.,0.));
#2807 = PCURVE('',#1715,#2808);
#2808 = DEFINITIONAL_REPRESENTATION('',(#2809),#2813);
#2809 = LINE('',#2810,#2811);
#2810 = CARTESIAN_POINT('',(3.383405293905,2.01554197258));
#2811 = VECTOR('',#2812,1.);
#2812 = DIRECTION('',(0.985009327802,-0.172501084469));
#2813 = ( GEOMETRIC_REPRESENTATION_CONTEXT(2) 
PARAMETRIC_REPRESENTATION_CONTEXT() REPRESENTATION_CONTEXT('2D SPACE',''
  ) );
#2814 = PCURVE('',#2815,#2820);
#2815 = B_SPLINE_SURFACE_WITH_KNOTS('',1,1,(
    (#2816,#2817)
    ,(#2818,#2819
    )),.UNSPECIFIED.,.F.,.F.,.F.,(2,2),(2,2),(-3.,3.),(0.,1.),
  .PIECEWISE_BEZIER_KNOTS.);
#2816 = CARTESIAN_POINT('',(-7.035,29.949,2.1105));
#2817 = CARTESIAN_POINT('',(-7.049033872202,29.934966127798,2.9145));
#2818 = CARTESIAN_POINT('',(-13.065,29.949,2.1105));
#2819 = CARTESIAN_POINT('',(-13.05096612779,29.934966127798,2.9145));
#2820 = DEFINITIONAL_REPRESENTATION('',(#2821),#2824);
#2821 = B_SPLINE_CURVE_WITH_KNOTS('',1,(#2822,#2823),.UNSPECIFIED.,.F.,
  .F.,(2,2),(-3.000966127798,3.000966127798),.PIECEWISE_BEZIER_KNOTS.);
#2822 = CARTESIAN_POINT('',(3.,1.));
#2823 = CARTESIAN_POINT('',(-3.,1.));
#2824 = ( GEOMETRIC_REPRESENTATION_CONTEXT(2) 
PARAMETRIC_REPRESENTATION_CONTEXT() REPRESENTATION_CONTEXT('2D SPACE',''
  ) );
#2825 = ORIENTED_EDGE('',*,*,#2826,.F.);
#2826 = EDGE_CURVE('',#2827,#2800,#2829,.T.);
#2827 = VERTEX_POINT('',#2828);
#2828 = CARTESIAN_POINT('',(-13.05096612779,28.405283872202,2.9145));
#2829 = SURFACE_CURVE('',#2830,(#2834,#2841),.PCURVE_S1.);
#2830 = LINE('',#2831,#2832);
#2831 = CARTESIAN_POINT('',(-13.05096612779,29.170125,2.9145));
#2832 = VECTOR('',#2833,1.);
#2833 = DIRECTION('',(0.,1.,0.));
#2834 = PCURVE('',#1715,#2835);
#2835 = DEFINITIONAL_REPRESENTATION('',(#2836),#2840);
#2836 = LINE('',#2837,#2838);
#2837 = CARTESIAN_POINT('',(0.295489741615,1.779836238913));
#2838 = VECTOR('',#2839,1.);
#2839 = DIRECTION('',(0.172501084469,0.985009327802));
#2840 = ( GEOMETRIC_REPRESENTATION_CONTEXT(2) 
PARAMETRIC_REPRESENTATION_CONTEXT() REPRESENTATION_CONTEXT('2D SPACE',''
  ) );
#2841 = PCURVE('',#2842,#2847);
#2842 = B_SPLINE_SURFACE_WITH_KNOTS('',1,1,(
    (#2843,#2844)
    ,(#2845,#2846
  )),.UNSPECIFIED.,.F.,.F.,.F.,(2,2),(2,2),(-0.775,0.775),(0.,1.),
  .PIECEWISE_BEZIER_KNOTS.);
#2843 = CARTESIAN_POINT('',(-13.065,29.949,2.1105));
#2844 = CARTESIAN_POINT('',(-13.05096612779,29.934966127798,2.9145));
#2845 = CARTESIAN_POINT('',(-13.065,28.39125,2.1105));
#2846 = CARTESIAN_POINT('',(-13.05096612779,28.405283872202,2.9145));
#2847 = DEFINITIONAL_REPRESENTATION('',(#2848),#2851);
#2848 = B_SPLINE_CURVE_WITH_KNOTS('',1,(#2849,#2850),.UNSPECIFIED.,.F.,
  .F.,(2,2),(-0.764841127798,0.764841127798),.PIECEWISE_BEZIER_KNOTS.);
#2849 = CARTESIAN_POINT('',(0.775,1.));
#2850 = CARTESIAN_POINT('',(-0.775,1.));
#2851 = ( GEOMETRIC_REPRESENTATION_CONTEXT(2) 
PARAMETRIC_REPRESENTATION_CONTEXT() REPRESENTATION_CONTEXT('2D SPACE',''
  ) );
#2852 = ORIENTED_EDGE('',*,*,#2853,.T.);
#2853 = EDGE_CURVE('',#2827,#1778,#2854,.T.);
#2854 = SURFACE_CURVE('',#2855,(#2859,#2866),.PCURVE_S1.);
#2855 = LINE('',#2856,#2857);
#2856 = CARTESIAN_POINT('',(-10.05,28.405283872202,2.9145));
#2857 = VECTOR('',#2858,1.);
#2858 = DIRECTION('',(1.,0.,0.));
#2859 = PCURVE('',#1715,#2860);
#2860 = DEFINITIONAL_REPRESENTATION('',(#2861),#2865);
#2861 = LINE('',#2862,#2863);
#2862 = CARTESIAN_POINT('',(3.119533445921,0.508790682245));
#2863 = VECTOR('',#2864,1.);
#2864 = DIRECTION('',(0.985009327802,-0.172501084469));
#2865 = ( GEOMETRIC_REPRESENTATION_CONTEXT(2) 
PARAMETRIC_REPRESENTATION_CONTEXT() REPRESENTATION_CONTEXT('2D SPACE',''
  ) );
#2866 = PCURVE('',#1819,#2867);
#2867 = DEFINITIONAL_REPRESENTATION('',(#2868),#2871);
#2868 = B_SPLINE_CURVE_WITH_KNOTS('',1,(#2869,#2870),.UNSPECIFIED.,.F.,
  .F.,(2,2),(-3.000966127798,-2.985002598168),.PIECEWISE_BEZIER_KNOTS.);
#2869 = CARTESIAN_POINT('',(-3.,1.));
#2870 = CARTESIAN_POINT('',(-2.984041609651,1.));
#2871 = ( GEOMETRIC_REPRESENTATION_CONTEXT(2) 
PARAMETRIC_REPRESENTATION_CONTEXT() REPRESENTATION_CONTEXT('2D SPACE',''
  ) );
#2872 = ADVANCED_FACE('',(#2873),#1688,.F.);
#2873 = FACE_BOUND('',#2874,.F.);
#2874 = EDGE_LOOP('',(#2875,#2876,#2898,#2916));
#2875 = ORIENTED_EDGE('',*,*,#1668,.F.);
#2876 = ORIENTED_EDGE('',*,*,#2877,.T.);
#2877 = EDGE_CURVE('',#1649,#2878,#2880,.T.);
#2878 = VERTEX_POINT('',#2879);
#2879 = CARTESIAN_POINT('',(-7.035,28.39125,2.1105));
#2880 = SURFACE_CURVE('',#2881,(#2885,#2891),.PCURVE_S1.);
#2881 = LINE('',#2882,#2883);
#2882 = CARTESIAN_POINT('',(-10.05,28.39125,2.1105));
#2883 = VECTOR('',#2884,1.);
#2884 = DIRECTION('',(1.,0.,0.));
#2885 = PCURVE('',#1688,#2886);
#2886 = DEFINITIONAL_REPRESENTATION('',(#2887),#2890);
#2887 = B_SPLINE_CURVE_WITH_KNOTS('',1,(#2888,#2889),.UNSPECIFIED.,.F.,
  .F.,(2,2),(2.99903647037,3.015),.PIECEWISE_BEZIER_KNOTS.);
#2888 = CARTESIAN_POINT('',(2.984115890915,0.));
#2889 = CARTESIAN_POINT('',(3.,0.));
#2890 = ( GEOMETRIC_REPRESENTATION_CONTEXT(2) 
PARAMETRIC_REPRESENTATION_CONTEXT() REPRESENTATION_CONTEXT('2D SPACE',''
  ) );
#2891 = PCURVE('',#1260,#2892);
#2892 = DEFINITIONAL_REPRESENTATION('',(#2893),#2897);
#2893 = LINE('',#2894,#2895);
#2894 = CARTESIAN_POINT('',(-2.99903647037,0.));
#2895 = VECTOR('',#2896,1.);
#2896 = DIRECTION('',(1.,0.));
#2897 = ( GEOMETRIC_REPRESENTATION_CONTEXT(2) 
PARAMETRIC_REPRESENTATION_CONTEXT() REPRESENTATION_CONTEXT('2D SPACE',''
  ) );
#2898 = ORIENTED_EDGE('',*,*,#2899,.T.);
#2899 = EDGE_CURVE('',#2878,#2751,#2900,.T.);
#2900 = SURFACE_CURVE('',#2901,(#2904,#2910),.PCURVE_S1.);
#2901 = B_SPLINE_CURVE_WITH_KNOTS('',1,(#2902,#2903),.UNSPECIFIED.,.F.,
  .F.,(2,2),(0.,1.),.PIECEWISE_BEZIER_KNOTS.);
#2902 = CARTESIAN_POINT('',(-7.035,28.39125,2.1105));
#2903 = CARTESIAN_POINT('',(-7.049033872202,28.405283872202,2.9145));
#2904 = PCURVE('',#1688,#2905);
#2905 = DEFINITIONAL_REPRESENTATION('',(#2906),#2909);
#2906 = B_SPLINE_CURVE_WITH_KNOTS('',1,(#2907,#2908),.UNSPECIFIED.,.F.,
  .F.,(2,2),(0.,1.),.PIECEWISE_BEZIER_KNOTS.);
#2907 = CARTESIAN_POINT('',(3.,0.));
#2908 = CARTESIAN_POINT('',(3.,1.));
#2909 = ( GEOMETRIC_REPRESENTATION_CONTEXT(2) 
PARAMETRIC_REPRESENTATION_CONTEXT() REPRESENTATION_CONTEXT('2D SPACE',''
  ) );
#2910 = PCURVE('',#2788,#2911);
#2911 = DEFINITIONAL_REPRESENTATION('',(#2912),#2915);
#2912 = B_SPLINE_CURVE_WITH_KNOTS('',1,(#2913,#2914),.UNSPECIFIED.,.F.,
  .F.,(2,2),(0.,1.),.PIECEWISE_BEZIER_KNOTS.);
#2913 = CARTESIAN_POINT('',(-0.775,0.));
#2914 = CARTESIAN_POINT('',(-0.775,1.));
#2915 = ( GEOMETRIC_REPRESENTATION_CONTEXT(2) 
PARAMETRIC_REPRESENTATION_CONTEXT() REPRESENTATION_CONTEXT('2D SPACE',''
  ) );
#2916 = ORIENTED_EDGE('',*,*,#2750,.F.);
#2917 = ADVANCED_FACE('',(#2918),#1288,.T.);
#2918 = FACE_BOUND('',#2919,.T.);
#2919 = EDGE_LOOP('',(#2920,#2941,#2942,#2963));
#2920 = ORIENTED_EDGE('',*,*,#2921,.F.);
#2921 = EDGE_CURVE('',#1620,#1273,#2922,.T.);
#2922 = SURFACE_CURVE('',#2923,(#2927,#2934),.PCURVE_S1.);
#2923 = LINE('',#2924,#2925);
#2924 = CARTESIAN_POINT('',(-7.05096352963,28.379593148556,25.125));
#2925 = VECTOR('',#2926,1.);
#2926 = DIRECTION('',(0.,0.,-1.));
#2927 = PCURVE('',#1288,#2928);
#2928 = DEFINITIONAL_REPRESENTATION('',(#2929),#2933);
#2929 = LINE('',#2930,#2931);
#2930 = CARTESIAN_POINT('',(1.265033612936E-02,23.0145));
#2931 = VECTOR('',#2932,1.);
#2932 = DIRECTION('',(-0.,-1.));
#2933 = ( GEOMETRIC_REPRESENTATION_CONTEXT(2) 
PARAMETRIC_REPRESENTATION_CONTEXT() REPRESENTATION_CONTEXT('2D SPACE',''
  ) );
#2934 = PCURVE('',#1314,#2935);
#2935 = DEFINITIONAL_REPRESENTATION('',(#2936),#2940);
#2936 = LINE('',#2937,#2938);
#2937 = CARTESIAN_POINT('',(23.45987472138,0.567944280473));
#2938 = VECTOR('',#2939,1.);
#2939 = DIRECTION('',(-0.999695459882,-2.467767192305E-02));
#2940 = ( GEOMETRIC_REPRESENTATION_CONTEXT(2) 
PARAMETRIC_REPRESENTATION_CONTEXT() REPRESENTATION_CONTEXT('2D SPACE',''
  ) );
#2941 = ORIENTED_EDGE('',*,*,#1648,.F.);
#2942 = ORIENTED_EDGE('',*,*,#2943,.T.);
#2943 = EDGE_CURVE('',#1649,#1245,#2944,.T.);
#2944 = SURFACE_CURVE('',#2945,(#2949,#2956),.PCURVE_S1.);
#2945 = LINE('',#2946,#2947);
#2946 = CARTESIAN_POINT('',(-7.05096352963,28.39125,25.125));
#2947 = VECTOR('',#2948,1.);
#2948 = DIRECTION('',(0.,0.,-1.));
#2949 = PCURVE('',#1288,#2950);
#2950 = DEFINITIONAL_REPRESENTATION('',(#2951),#2955);
#2951 = LINE('',#2952,#2953);
#2952 = CARTESIAN_POINT('',(9.934846856474E-04,23.0145));
#2953 = VECTOR('',#2954,1.);
#2954 = DIRECTION('',(-0.,-1.));
#2955 = ( GEOMETRIC_REPRESENTATION_CONTEXT(2) 
PARAMETRIC_REPRESENTATION_CONTEXT() REPRESENTATION_CONTEXT('2D SPACE',''
  ) );
#2956 = PCURVE('',#1260,#2957);
#2957 = DEFINITIONAL_REPRESENTATION('',(#2958),#2962);
#2958 = LINE('',#2959,#2960);
#2959 = CARTESIAN_POINT('',(0.,23.0145));
#2960 = VECTOR('',#2961,1.);
#2961 = DIRECTION('',(0.,-1.));
#2962 = ( GEOMETRIC_REPRESENTATION_CONTEXT(2) 
PARAMETRIC_REPRESENTATION_CONTEXT() REPRESENTATION_CONTEXT('2D SPACE',''
  ) );
#2963 = ORIENTED_EDGE('',*,*,#1272,.F.);
#2964 = ADVANCED_FACE('',(#2965),#1314,.F.);
#2965 = FACE_BOUND('',#2966,.F.);
#2966 = EDGE_LOOP('',(#2967,#2968,#2969));
#2967 = ORIENTED_EDGE('',*,*,#2921,.F.);
#2968 = ORIENTED_EDGE('',*,*,#1619,.F.);
#2969 = ORIENTED_EDGE('',*,*,#1300,.F.);
#2970 = ADVANCED_FACE('',(#2971),#1260,.F.);
#2971 = FACE_BOUND('',#2972,.F.);
#2972 = EDGE_LOOP('',(#2973,#2994,#2995,#2996));
#2973 = ORIENTED_EDGE('',*,*,#2974,.F.);
#2974 = EDGE_CURVE('',#2878,#1217,#2975,.T.);
#2975 = SURFACE_CURVE('',#2976,(#2980,#2987),.PCURVE_S1.);
#2976 = LINE('',#2977,#2978);
#2977 = CARTESIAN_POINT('',(-7.035,28.39125,25.125));
#2978 = VECTOR('',#2979,1.);
#2979 = DIRECTION('',(0.,0.,-1.));
#2980 = PCURVE('',#1260,#2981);
#2981 = DEFINITIONAL_REPRESENTATION('',(#2982),#2986);
#2982 = LINE('',#2983,#2984);
#2983 = CARTESIAN_POINT('',(1.59635296301E-02,23.0145));
#2984 = VECTOR('',#2985,1.);
#2985 = DIRECTION('',(0.,-1.));
#2986 = ( GEOMETRIC_REPRESENTATION_CONTEXT(2) 
PARAMETRIC_REPRESENTATION_CONTEXT() REPRESENTATION_CONTEXT('2D SPACE',''
  ) );
#2987 = PCURVE('',#1232,#2988);
#2988 = DEFINITIONAL_REPRESENTATION('',(#2989),#2993);
#2989 = LINE('',#2990,#2991);
#2990 = CARTESIAN_POINT('',(0.,23.0145));
#2991 = VECTOR('',#2992,1.);
#2992 = DIRECTION('',(0.,-1.));
#2993 = ( GEOMETRIC_REPRESENTATION_CONTEXT(2) 
PARAMETRIC_REPRESENTATION_CONTEXT() REPRESENTATION_CONTEXT('2D SPACE',''
  ) );
#2994 = ORIENTED_EDGE('',*,*,#2877,.F.);
#2995 = ORIENTED_EDGE('',*,*,#2943,.T.);
#2996 = ORIENTED_EDGE('',*,*,#1244,.F.);
#2997 = ADVANCED_FACE('',(#2998),#1232,.F.);
#2998 = FACE_BOUND('',#2999,.F.);
#2999 = EDGE_LOOP('',(#3000,#3023,#3043,#3044));
#3000 = ORIENTED_EDGE('',*,*,#3001,.F.);
#3001 = EDGE_CURVE('',#3002,#1189,#3004,.T.);
#3002 = VERTEX_POINT('',#3003);
#3003 = CARTESIAN_POINT('',(-7.035,29.949,2.1105));
#3004 = SURFACE_CURVE('',#3005,(#3009,#3016),.PCURVE_S1.);
#3005 = LINE('',#3006,#3007);
#3006 = CARTESIAN_POINT('',(-7.035,29.949,25.125));
#3007 = VECTOR('',#3008,1.);
#3008 = DIRECTION('',(0.,0.,-1.));
#3009 = PCURVE('',#1232,#3010);
#3010 = DEFINITIONAL_REPRESENTATION('',(#3011),#3015);
#3011 = LINE('',#3012,#3013);
#3012 = CARTESIAN_POINT('',(1.55775,23.0145));
#3013 = VECTOR('',#3014,1.);
#3014 = DIRECTION('',(0.,-1.));
#3015 = ( GEOMETRIC_REPRESENTATION_CONTEXT(2) 
PARAMETRIC_REPRESENTATION_CONTEXT() REPRESENTATION_CONTEXT('2D SPACE',''
  ) );
#3016 = PCURVE('',#1204,#3017);
#3017 = DEFINITIONAL_REPRESENTATION('',(#3018),#3022);
#3018 = LINE('',#3019,#3020);
#3019 = CARTESIAN_POINT('',(6.03,23.0145));
#3020 = VECTOR('',#3021,1.);
#3021 = DIRECTION('',(0.,-1.));
#3022 = ( GEOMETRIC_REPRESENTATION_CONTEXT(2) 
PARAMETRIC_REPRESENTATION_CONTEXT() REPRESENTATION_CONTEXT('2D SPACE',''
  ) );
#3023 = ORIENTED_EDGE('',*,*,#3024,.F.);
#3024 = EDGE_CURVE('',#2878,#3002,#3025,.T.);
#3025 = SURFACE_CURVE('',#3026,(#3030,#3037),.PCURVE_S1.);
#3026 = LINE('',#3027,#3028);
#3027 = CARTESIAN_POINT('',(-7.035,29.170125,2.1105));
#3028 = VECTOR('',#3029,1.);
#3029 = DIRECTION('',(0.,1.,0.));
#3030 = PCURVE('',#1232,#3031);
#3031 = DEFINITIONAL_REPRESENTATION('',(#3032),#3036);
#3032 = LINE('',#3033,#3034);
#3033 = CARTESIAN_POINT('',(0.778875,0.));
#3034 = VECTOR('',#3035,1.);
#3035 = DIRECTION('',(1.,0.));
#3036 = ( GEOMETRIC_REPRESENTATION_CONTEXT(2) 
PARAMETRIC_REPRESENTATION_CONTEXT() REPRESENTATION_CONTEXT('2D SPACE',''
  ) );
#3037 = PCURVE('',#2788,#3038);
#3038 = DEFINITIONAL_REPRESENTATION('',(#3039),#3042);
#3039 = B_SPLINE_CURVE_WITH_KNOTS('',1,(#3040,#3041),.UNSPECIFIED.,.F.,
  .F.,(2,2),(-0.778875,0.778875),.PIECEWISE_BEZIER_KNOTS.);
#3040 = CARTESIAN_POINT('',(-0.775,0.));
#3041 = CARTESIAN_POINT('',(0.775,0.));
#3042 = ( GEOMETRIC_REPRESENTATION_CONTEXT(2) 
PARAMETRIC_REPRESENTATION_CONTEXT() REPRESENTATION_CONTEXT('2D SPACE',''
  ) );
#3043 = ORIENTED_EDGE('',*,*,#2974,.T.);
#3044 = ORIENTED_EDGE('',*,*,#1216,.F.);
#3045 = ADVANCED_FACE('',(#3046),#1204,.T.);
#3046 = FACE_BOUND('',#3047,.T.);
#3047 = EDGE_LOOP('',(#3048,#3049,#3071,#3092));
#3048 = ORIENTED_EDGE('',*,*,#3001,.F.);
#3049 = ORIENTED_EDGE('',*,*,#3050,.F.);
#3050 = EDGE_CURVE('',#3051,#3002,#3053,.T.);
#3051 = VERTEX_POINT('',#3052);
#3052 = CARTESIAN_POINT('',(-13.065,29.949,2.1105));
#3053 = SURFACE_CURVE('',#3054,(#3058,#3065),.PCURVE_S1.);
#3054 = LINE('',#3055,#3056);
#3055 = CARTESIAN_POINT('',(-10.05,29.949,2.1105));
#3056 = VECTOR('',#3057,1.);
#3057 = DIRECTION('',(1.,0.,0.));
#3058 = PCURVE('',#1204,#3059);
#3059 = DEFINITIONAL_REPRESENTATION('',(#3060),#3064);
#3060 = LINE('',#3061,#3062);
#3061 = CARTESIAN_POINT('',(3.015,0.));
#3062 = VECTOR('',#3063,1.);
#3063 = DIRECTION('',(1.,0.));
#3064 = ( GEOMETRIC_REPRESENTATION_CONTEXT(2) 
PARAMETRIC_REPRESENTATION_CONTEXT() REPRESENTATION_CONTEXT('2D SPACE',''
  ) );
#3065 = PCURVE('',#2815,#3066);
#3066 = DEFINITIONAL_REPRESENTATION('',(#3067),#3070);
#3067 = B_SPLINE_CURVE_WITH_KNOTS('',1,(#3068,#3069),.UNSPECIFIED.,.F.,
  .F.,(2,2),(-3.015,3.015),.PIECEWISE_BEZIER_KNOTS.);
#3068 = CARTESIAN_POINT('',(3.,0.));
#3069 = CARTESIAN_POINT('',(-3.,0.));
#3070 = ( GEOMETRIC_REPRESENTATION_CONTEXT(2) 
PARAMETRIC_REPRESENTATION_CONTEXT() REPRESENTATION_CONTEXT('2D SPACE',''
  ) );
#3071 = ORIENTED_EDGE('',*,*,#3072,.T.);
#3072 = EDGE_CURVE('',#3051,#1161,#3073,.T.);
#3073 = SURFACE_CURVE('',#3074,(#3078,#3085),.PCURVE_S1.);
#3074 = LINE('',#3075,#3076);
#3075 = CARTESIAN_POINT('',(-13.065,29.949,25.125));
#3076 = VECTOR('',#3077,1.);
#3077 = DIRECTION('',(0.,0.,-1.));
#3078 = PCURVE('',#1204,#3079);
#3079 = DEFINITIONAL_REPRESENTATION('',(#3080),#3084);
#3080 = LINE('',#3081,#3082);
#3081 = CARTESIAN_POINT('',(0.,23.0145));
#3082 = VECTOR('',#3083,1.);
#3083 = DIRECTION('',(0.,-1.));
#3084 = ( GEOMETRIC_REPRESENTATION_CONTEXT(2) 
PARAMETRIC_REPRESENTATION_CONTEXT() REPRESENTATION_CONTEXT('2D SPACE',''
  ) );
#3085 = PCURVE('',#1176,#3086);
#3086 = DEFINITIONAL_REPRESENTATION('',(#3087),#3091);
#3087 = LINE('',#3088,#3089);
#3088 = CARTESIAN_POINT('',(1.55775,23.0145));
#3089 = VECTOR('',#3090,1.);
#3090 = DIRECTION('',(0.,-1.));
#3091 = ( GEOMETRIC_REPRESENTATION_CONTEXT(2) 
PARAMETRIC_REPRESENTATION_CONTEXT() REPRESENTATION_CONTEXT('2D SPACE',''
  ) );
#3092 = ORIENTED_EDGE('',*,*,#1188,.F.);
#3093 = ADVANCED_FACE('',(#3094),#1176,.T.);
#3094 = FACE_BOUND('',#3095,.T.);
#3095 = EDGE_LOOP('',(#3096,#3097,#3119,#3140));
#3096 = ORIENTED_EDGE('',*,*,#3072,.F.);
#3097 = ORIENTED_EDGE('',*,*,#3098,.F.);
#3098 = EDGE_CURVE('',#3099,#3051,#3101,.T.);
#3099 = VERTEX_POINT('',#3100);
#3100 = CARTESIAN_POINT('',(-13.065,28.39125,2.1105));
#3101 = SURFACE_CURVE('',#3102,(#3106,#3113),.PCURVE_S1.);
#3102 = LINE('',#3103,#3104);
#3103 = CARTESIAN_POINT('',(-13.065,29.170125,2.1105));
#3104 = VECTOR('',#3105,1.);
#3105 = DIRECTION('',(0.,1.,0.));
#3106 = PCURVE('',#1176,#3107);
#3107 = DEFINITIONAL_REPRESENTATION('',(#3108),#3112);
#3108 = LINE('',#3109,#3110);
#3109 = CARTESIAN_POINT('',(0.778875,0.));
#3110 = VECTOR('',#3111,1.);
#3111 = DIRECTION('',(1.,0.));
#3112 = ( GEOMETRIC_REPRESENTATION_CONTEXT(2) 
PARAMETRIC_REPRESENTATION_CONTEXT() REPRESENTATION_CONTEXT('2D SPACE',''
  ) );
#3113 = PCURVE('',#2842,#3114);
#3114 = DEFINITIONAL_REPRESENTATION('',(#3115),#3118);
#3115 = B_SPLINE_CURVE_WITH_KNOTS('',1,(#3116,#3117),.UNSPECIFIED.,.F.,
  .F.,(2,2),(-0.778875,0.778875),.PIECEWISE_BEZIER_KNOTS.);
#3116 = CARTESIAN_POINT('',(0.775,0.));
#3117 = CARTESIAN_POINT('',(-0.775,0.));
#3118 = ( GEOMETRIC_REPRESENTATION_CONTEXT(2) 
PARAMETRIC_REPRESENTATION_CONTEXT() REPRESENTATION_CONTEXT('2D SPACE',''
  ) );
#3119 = ORIENTED_EDGE('',*,*,#3120,.T.);
#3120 = EDGE_CURVE('',#3099,#1133,#3121,.T.);
#3121 = SURFACE_CURVE('',#3122,(#3126,#3133),.PCURVE_S1.);
#3122 = LINE('',#3123,#3124);
#3123 = CARTESIAN_POINT('',(-13.065,28.39125,25.125));
#3124 = VECTOR('',#3125,1.);
#3125 = DIRECTION('',(0.,0.,-1.));
#3126 = PCURVE('',#1176,#3127);
#3127 = DEFINITIONAL_REPRESENTATION('',(#3128),#3132);
#3128 = LINE('',#3129,#3130);
#3129 = CARTESIAN_POINT('',(0.,23.0145));
#3130 = VECTOR('',#3131,1.);
#3131 = DIRECTION('',(0.,-1.));
#3132 = ( GEOMETRIC_REPRESENTATION_CONTEXT(2) 
PARAMETRIC_REPRESENTATION_CONTEXT() REPRESENTATION_CONTEXT('2D SPACE',''
  ) );
#3133 = PCURVE('',#1148,#3134);
#3134 = DEFINITIONAL_REPRESENTATION('',(#3135),#3139);
#3135 = LINE('',#3136,#3137);
#3136 = CARTESIAN_POINT('',(0.,23.0145));
#3137 = VECTOR('',#3138,1.);
#3138 = DIRECTION('',(0.,-1.));
#3139 = ( GEOMETRIC_REPRESENTATION_CONTEXT(2) 
PARAMETRIC_REPRESENTATION_CONTEXT() REPRESENTATION_CONTEXT('2D SPACE',''
  ) );
#3140 = ORIENTED_EDGE('',*,*,#1160,.F.);
#3141 = ADVANCED_FACE('',(#3142),#1148,.F.);
#3142 = FACE_BOUND('',#3143,.F.);
#3143 = EDGE_LOOP('',(#3144,#3165,#3185,#3186));
#3144 = ORIENTED_EDGE('',*,*,#3145,.F.);
#3145 = EDGE_CURVE('',#1800,#1105,#3146,.T.);
#3146 = SURFACE_CURVE('',#3147,(#3151,#3158),.PCURVE_S1.);
#3147 = LINE('',#3148,#3149);
#3148 = CARTESIAN_POINT('',(-13.04903647037,28.39125,25.125));
#3149 = VECTOR('',#3150,1.);
#3150 = DIRECTION('',(0.,0.,-1.));
#3151 = PCURVE('',#1148,#3152);
#3152 = DEFINITIONAL_REPRESENTATION('',(#3153),#3157);
#3153 = LINE('',#3154,#3155);
#3154 = CARTESIAN_POINT('',(1.59635296301E-02,23.0145));
#3155 = VECTOR('',#3156,1.);
#3156 = DIRECTION('',(0.,-1.));
#3157 = ( GEOMETRIC_REPRESENTATION_CONTEXT(2) 
PARAMETRIC_REPRESENTATION_CONTEXT() REPRESENTATION_CONTEXT('2D SPACE',''
  ) );
#3158 = PCURVE('',#1120,#3159);
#3159 = DEFINITIONAL_REPRESENTATION('',(#3160),#3164);
#3160 = LINE('',#3161,#3162);
#3161 = CARTESIAN_POINT('',(0.135560625119,23.0145));
#3162 = VECTOR('',#3163,1.);
#3163 = DIRECTION('',(0.,-1.));
#3164 = ( GEOMETRIC_REPRESENTATION_CONTEXT(2) 
PARAMETRIC_REPRESENTATION_CONTEXT() REPRESENTATION_CONTEXT('2D SPACE',''
  ) );
#3165 = ORIENTED_EDGE('',*,*,#3166,.F.);
#3166 = EDGE_CURVE('',#3099,#1800,#3167,.T.);
#3167 = SURFACE_CURVE('',#3168,(#3172,#3179),.PCURVE_S1.);
#3168 = LINE('',#3169,#3170);
#3169 = CARTESIAN_POINT('',(-10.05,28.39125,2.1105));
#3170 = VECTOR('',#3171,1.);
#3171 = DIRECTION('',(1.,0.,0.));
#3172 = PCURVE('',#1148,#3173);
#3173 = DEFINITIONAL_REPRESENTATION('',(#3174),#3178);
#3174 = LINE('',#3175,#3176);
#3175 = CARTESIAN_POINT('',(3.015,0.));
#3176 = VECTOR('',#3177,1.);
#3177 = DIRECTION('',(1.,0.));
#3178 = ( GEOMETRIC_REPRESENTATION_CONTEXT(2) 
PARAMETRIC_REPRESENTATION_CONTEXT() REPRESENTATION_CONTEXT('2D SPACE',''
  ) );
#3179 = PCURVE('',#1819,#3180);
#3180 = DEFINITIONAL_REPRESENTATION('',(#3181),#3184);
#3181 = B_SPLINE_CURVE_WITH_KNOTS('',1,(#3182,#3183),.UNSPECIFIED.,.F.,
  .F.,(2,2),(-3.015,-2.99903647037),.PIECEWISE_BEZIER_KNOTS.);
#3182 = CARTESIAN_POINT('',(-3.,0.));
#3183 = CARTESIAN_POINT('',(-2.984115890915,0.));
#3184 = ( GEOMETRIC_REPRESENTATION_CONTEXT(2) 
PARAMETRIC_REPRESENTATION_CONTEXT() REPRESENTATION_CONTEXT('2D SPACE',''
  ) );
#3185 = ORIENTED_EDGE('',*,*,#3120,.T.);
#3186 = ORIENTED_EDGE('',*,*,#1132,.F.);
#3187 = ADVANCED_FACE('',(#3188),#1120,.T.);
#3188 = FACE_BOUND('',#3189,.T.);
#3189 = EDGE_LOOP('',(#3190,#3191,#3192,#3213));
#3190 = ORIENTED_EDGE('',*,*,#3145,.F.);
#3191 = ORIENTED_EDGE('',*,*,#1833,.F.);
#3192 = ORIENTED_EDGE('',*,*,#3193,.T.);
#3193 = EDGE_CURVE('',#1834,#1077,#3194,.T.);
#3194 = SURFACE_CURVE('',#3195,(#3199,#3206),.PCURVE_S1.);
#3195 = LINE('',#3196,#3197);
#3196 = CARTESIAN_POINT('',(-13.04903647037,28.379593148556,25.125));
#3197 = VECTOR('',#3198,1.);
#3198 = DIRECTION('',(0.,0.,-1.));
#3199 = PCURVE('',#1120,#3200);
#3200 = DEFINITIONAL_REPRESENTATION('',(#3201),#3205);
#3201 = LINE('',#3202,#3203);
#3202 = CARTESIAN_POINT('',(0.123903773675,23.0145));
#3203 = VECTOR('',#3204,1.);
#3204 = DIRECTION('',(0.,-1.));
#3205 = ( GEOMETRIC_REPRESENTATION_CONTEXT(2) 
PARAMETRIC_REPRESENTATION_CONTEXT() REPRESENTATION_CONTEXT('2D SPACE',''
  ) );
#3206 = PCURVE('',#1092,#3207);
#3207 = DEFINITIONAL_REPRESENTATION('',(#3208),#3212);
#3208 = LINE('',#3209,#3210);
#3209 = CARTESIAN_POINT('',(-23.45987472138,0.567944280473));
#3210 = VECTOR('',#3211,1.);
#3211 = DIRECTION('',(0.999695459882,-2.467767192305E-02));
#3212 = ( GEOMETRIC_REPRESENTATION_CONTEXT(2) 
PARAMETRIC_REPRESENTATION_CONTEXT() REPRESENTATION_CONTEXT('2D SPACE',''
  ) );
#3213 = ORIENTED_EDGE('',*,*,#1104,.F.);
#3214 = ADVANCED_FACE('',(#3215),#1092,.F.);
#3215 = FACE_BOUND('',#3216,.F.);
#3216 = EDGE_LOOP('',(#3217,#3218,#3219));
#3217 = ORIENTED_EDGE('',*,*,#1076,.F.);
#3218 = ORIENTED_EDGE('',*,*,#1853,.F.);
#3219 = ORIENTED_EDGE('',*,*,#3193,.T.);
#3220 = ADVANCED_FACE('',(#3221),#1819,.F.);
#3221 = FACE_BOUND('',#3222,.F.);
#3222 = EDGE_LOOP('',(#3223,#3241,#3242,#3243));
#3223 = ORIENTED_EDGE('',*,*,#3224,.F.);
#3224 = EDGE_CURVE('',#3099,#2827,#3225,.T.);
#3225 = SURFACE_CURVE('',#3226,(#3229,#3235),.PCURVE_S1.);
#3226 = B_SPLINE_CURVE_WITH_KNOTS('',1,(#3227,#3228),.UNSPECIFIED.,.F.,
  .F.,(2,2),(0.,1.),.PIECEWISE_BEZIER_KNOTS.);
#3227 = CARTESIAN_POINT('',(-13.065,28.39125,2.1105));
#3228 = CARTESIAN_POINT('',(-13.05096612779,28.405283872202,2.9145));
#3229 = PCURVE('',#1819,#3230);
#3230 = DEFINITIONAL_REPRESENTATION('',(#3231),#3234);
#3231 = B_SPLINE_CURVE_WITH_KNOTS('',1,(#3232,#3233),.UNSPECIFIED.,.F.,
  .F.,(2,2),(0.,1.),.PIECEWISE_BEZIER_KNOTS.);
#3232 = CARTESIAN_POINT('',(-3.,0.));
#3233 = CARTESIAN_POINT('',(-3.,1.));
#3234 = ( GEOMETRIC_REPRESENTATION_CONTEXT(2) 
PARAMETRIC_REPRESENTATION_CONTEXT() REPRESENTATION_CONTEXT('2D SPACE',''
  ) );
#3235 = PCURVE('',#2842,#3236);
#3236 = DEFINITIONAL_REPRESENTATION('',(#3237),#3240);
#3237 = B_SPLINE_CURVE_WITH_KNOTS('',1,(#3238,#3239),.UNSPECIFIED.,.F.,
  .F.,(2,2),(0.,1.),.PIECEWISE_BEZIER_KNOTS.);
#3238 = CARTESIAN_POINT('',(0.775,0.));
#3239 = CARTESIAN_POINT('',(0.775,1.));
#3240 = ( GEOMETRIC_REPRESENTATION_CONTEXT(2) 
PARAMETRIC_REPRESENTATION_CONTEXT() REPRESENTATION_CONTEXT('2D SPACE',''
  ) );
#3241 = ORIENTED_EDGE('',*,*,#3166,.T.);
#3242 = ORIENTED_EDGE('',*,*,#1799,.F.);
#3243 = ORIENTED_EDGE('',*,*,#2853,.F.);
#3244 = ADVANCED_FACE('',(#3245),#2000,.F.);
#3245 = FACE_BOUND('',#3246,.F.);
#3246 = EDGE_LOOP('',(#3247,#3248,#3249,#3250,#3272,#3299,#3326,#3353));
#3247 = ORIENTED_EDGE('',*,*,#2062,.F.);
#3248 = ORIENTED_EDGE('',*,*,#2037,.T.);
#3249 = ORIENTED_EDGE('',*,*,#1987,.T.);
#3250 = ORIENTED_EDGE('',*,*,#3251,.T.);
#3251 = EDGE_CURVE('',#1954,#3252,#3254,.T.);
#3252 = VERTEX_POINT('',#3253);
#3253 = CARTESIAN_POINT('',(13.050966127798,28.405283872202,2.9145));
#3254 = SURFACE_CURVE('',#3255,(#3259,#3266),.PCURVE_S1.);
#3255 = LINE('',#3256,#3257);
#3256 = CARTESIAN_POINT('',(10.05,28.405283872202,2.9145));
#3257 = VECTOR('',#3258,1.);
#3258 = DIRECTION('',(1.,0.,0.));
#3259 = PCURVE('',#2000,#3260);
#3260 = DEFINITIONAL_REPRESENTATION('',(#3261),#3265);
#3261 = LINE('',#3262,#3263);
#3262 = CARTESIAN_POINT('',(3.119533445921,0.508790682245));
#3263 = VECTOR('',#3264,1.);
#3264 = DIRECTION('',(0.985009327802,-0.172501084469));
#3265 = ( GEOMETRIC_REPRESENTATION_CONTEXT(2) 
PARAMETRIC_REPRESENTATION_CONTEXT() REPRESENTATION_CONTEXT('2D SPACE',''
  ) );
#3266 = PCURVE('',#1973,#3267);
#3267 = DEFINITIONAL_REPRESENTATION('',(#3268),#3271);
#3268 = B_SPLINE_CURVE_WITH_KNOTS('',1,(#3269,#3270),.UNSPECIFIED.,.F.,
  .F.,(2,2),(2.985002598168,3.000966127798),.PIECEWISE_BEZIER_KNOTS.);
#3269 = CARTESIAN_POINT('',(2.984041609651,1.));
#3270 = CARTESIAN_POINT('',(3.,1.));
#3271 = ( GEOMETRIC_REPRESENTATION_CONTEXT(2) 
PARAMETRIC_REPRESENTATION_CONTEXT() REPRESENTATION_CONTEXT('2D SPACE',''
  ) );
#3272 = ORIENTED_EDGE('',*,*,#3273,.T.);
#3273 = EDGE_CURVE('',#3252,#3274,#3276,.T.);
#3274 = VERTEX_POINT('',#3275);
#3275 = CARTESIAN_POINT('',(13.050966127798,29.934966127798,2.9145));
#3276 = SURFACE_CURVE('',#3277,(#3281,#3288),.PCURVE_S1.);
#3277 = LINE('',#3278,#3279);
#3278 = CARTESIAN_POINT('',(13.050966127798,29.170125,2.9145));
#3279 = VECTOR('',#3280,1.);
#3280 = DIRECTION('',(0.,1.,0.));
#3281 = PCURVE('',#2000,#3282);
#3282 = DEFINITIONAL_REPRESENTATION('',(#3283),#3287);
#3283 = LINE('',#3284,#3285);
#3284 = CARTESIAN_POINT('',(6.207448998212,0.744496415911));
#3285 = VECTOR('',#3286,1.);
#3286 = DIRECTION('',(0.172501084469,0.985009327802));
#3287 = ( GEOMETRIC_REPRESENTATION_CONTEXT(2) 
PARAMETRIC_REPRESENTATION_CONTEXT() REPRESENTATION_CONTEXT('2D SPACE',''
  ) );
#3288 = PCURVE('',#3289,#3294);
#3289 = B_SPLINE_SURFACE_WITH_KNOTS('',1,1,(
    (#3290,#3291)
    ,(#3292,#3293
  )),.UNSPECIFIED.,.F.,.F.,.F.,(2,2),(2,2),(-0.775,0.775),(0.,1.),
  .PIECEWISE_BEZIER_KNOTS.);
#3290 = CARTESIAN_POINT('',(13.065,28.39125,2.1105));
#3291 = CARTESIAN_POINT('',(13.050966127798,28.405283872202,2.9145));
#3292 = CARTESIAN_POINT('',(13.065,29.949,2.1105));
#3293 = CARTESIAN_POINT('',(13.050966127798,29.934966127798,2.9145));
#3294 = DEFINITIONAL_REPRESENTATION('',(#3295),#3298);
#3295 = B_SPLINE_CURVE_WITH_KNOTS('',1,(#3296,#3297),.UNSPECIFIED.,.F.,
  .F.,(2,2),(-0.764841127798,0.764841127798),.PIECEWISE_BEZIER_KNOTS.);
#3296 = CARTESIAN_POINT('',(-0.775,1.));
#3297 = CARTESIAN_POINT('',(0.775,1.));
#3298 = ( GEOMETRIC_REPRESENTATION_CONTEXT(2) 
PARAMETRIC_REPRESENTATION_CONTEXT() REPRESENTATION_CONTEXT('2D SPACE',''
  ) );
#3299 = ORIENTED_EDGE('',*,*,#3300,.F.);
#3300 = EDGE_CURVE('',#3301,#3274,#3303,.T.);
#3301 = VERTEX_POINT('',#3302);
#3302 = CARTESIAN_POINT('',(7.049033872202,29.934966127798,2.9145));
#3303 = SURFACE_CURVE('',#3304,(#3308,#3315),.PCURVE_S1.);
#3304 = LINE('',#3305,#3306);
#3305 = CARTESIAN_POINT('',(10.05,29.934966127798,2.9145));
#3306 = VECTOR('',#3307,1.);
#3307 = DIRECTION('',(1.,0.,0.));
#3308 = PCURVE('',#2000,#3309);
#3309 = DEFINITIONAL_REPRESENTATION('',(#3310),#3314);
#3310 = LINE('',#3311,#3312);
#3311 = CARTESIAN_POINT('',(3.383405293905,2.01554197258));
#3312 = VECTOR('',#3313,1.);
#3313 = DIRECTION('',(0.985009327802,-0.172501084469));
#3314 = ( GEOMETRIC_REPRESENTATION_CONTEXT(2) 
PARAMETRIC_REPRESENTATION_CONTEXT() REPRESENTATION_CONTEXT('2D SPACE',''
  ) );
#3315 = PCURVE('',#3316,#3321);
#3316 = B_SPLINE_SURFACE_WITH_KNOTS('',1,1,(
    (#3317,#3318)
    ,(#3319,#3320
    )),.UNSPECIFIED.,.F.,.F.,.F.,(2,2),(2,2),(-3.,3.),(0.,1.),
  .PIECEWISE_BEZIER_KNOTS.);
#3317 = CARTESIAN_POINT('',(13.065,29.949,2.1105));
#3318 = CARTESIAN_POINT('',(13.050966127798,29.934966127798,2.9145));
#3319 = CARTESIAN_POINT('',(7.035,29.949,2.1105));
#3320 = CARTESIAN_POINT('',(7.049033872202,29.934966127798,2.9145));
#3321 = DEFINITIONAL_REPRESENTATION('',(#3322),#3325);
#3322 = B_SPLINE_CURVE_WITH_KNOTS('',1,(#3323,#3324),.UNSPECIFIED.,.F.,
  .F.,(2,2),(-3.000966127798,3.000966127798),.PIECEWISE_BEZIER_KNOTS.);
#3323 = CARTESIAN_POINT('',(3.,1.));
#3324 = CARTESIAN_POINT('',(-3.,1.));
#3325 = ( GEOMETRIC_REPRESENTATION_CONTEXT(2) 
PARAMETRIC_REPRESENTATION_CONTEXT() REPRESENTATION_CONTEXT('2D SPACE',''
  ) );
#3326 = ORIENTED_EDGE('',*,*,#3327,.F.);
#3327 = EDGE_CURVE('',#3328,#3301,#3330,.T.);
#3328 = VERTEX_POINT('',#3329);
#3329 = CARTESIAN_POINT('',(7.049033872202,28.405283872202,2.9145));
#3330 = SURFACE_CURVE('',#3331,(#3335,#3342),.PCURVE_S1.);
#3331 = LINE('',#3332,#3333);
#3332 = CARTESIAN_POINT('',(7.049033872202,29.170125,2.9145));
#3333 = VECTOR('',#3334,1.);
#3334 = DIRECTION('',(0.,1.,0.));
#3335 = PCURVE('',#2000,#3336);
#3336 = DEFINITIONAL_REPRESENTATION('',(#3337),#3341);
#3337 = LINE('',#3338,#3339);
#3338 = CARTESIAN_POINT('',(0.295489741615,1.779836238913));
#3339 = VECTOR('',#3340,1.);
#3340 = DIRECTION('',(0.172501084469,0.985009327802));
#3341 = ( GEOMETRIC_REPRESENTATION_CONTEXT(2) 
PARAMETRIC_REPRESENTATION_CONTEXT() REPRESENTATION_CONTEXT('2D SPACE',''
  ) );
#3342 = PCURVE('',#3343,#3348);
#3343 = B_SPLINE_SURFACE_WITH_KNOTS('',1,1,(
    (#3344,#3345)
    ,(#3346,#3347
  )),.UNSPECIFIED.,.F.,.F.,.F.,(2,2),(2,2),(-0.775,0.775),(0.,1.),
  .PIECEWISE_BEZIER_KNOTS.);
#3344 = CARTESIAN_POINT('',(7.035,29.949,2.1105));
#3345 = CARTESIAN_POINT('',(7.049033872202,29.934966127798,2.9145));
#3346 = CARTESIAN_POINT('',(7.035,28.39125,2.1105));
#3347 = CARTESIAN_POINT('',(7.049033872202,28.405283872202,2.9145));
#3348 = DEFINITIONAL_REPRESENTATION('',(#3349),#3352);
#3349 = B_SPLINE_CURVE_WITH_KNOTS('',1,(#3350,#3351),.UNSPECIFIED.,.F.,
  .F.,(2,2),(-0.764841127798,0.764841127798),.PIECEWISE_BEZIER_KNOTS.);
#3350 = CARTESIAN_POINT('',(0.775,1.));
#3351 = CARTESIAN_POINT('',(-0.775,1.));
#3352 = ( GEOMETRIC_REPRESENTATION_CONTEXT(2) 
PARAMETRIC_REPRESENTATION_CONTEXT() REPRESENTATION_CONTEXT('2D SPACE',''
  ) );
#3353 = ORIENTED_EDGE('',*,*,#3354,.T.);
#3354 = EDGE_CURVE('',#3328,#2063,#3355,.T.);
#3355 = SURFACE_CURVE('',#3356,(#3360,#3367),.PCURVE_S1.);
#3356 = LINE('',#3357,#3358);
#3357 = CARTESIAN_POINT('',(10.05,28.405283872202,2.9145));
#3358 = VECTOR('',#3359,1.);
#3359 = DIRECTION('',(1.,0.,0.));
#3360 = PCURVE('',#2000,#3361);
#3361 = DEFINITIONAL_REPRESENTATION('',(#3362),#3366);
#3362 = LINE('',#3363,#3364);
#3363 = CARTESIAN_POINT('',(3.119533445921,0.508790682245));
#3364 = VECTOR('',#3365,1.);
#3365 = DIRECTION('',(0.985009327802,-0.172501084469));
#3366 = ( GEOMETRIC_REPRESENTATION_CONTEXT(2) 
PARAMETRIC_REPRESENTATION_CONTEXT() REPRESENTATION_CONTEXT('2D SPACE',''
  ) );
#3367 = PCURVE('',#2104,#3368);
#3368 = DEFINITIONAL_REPRESENTATION('',(#3369),#3372);
#3369 = B_SPLINE_CURVE_WITH_KNOTS('',1,(#3370,#3371),.UNSPECIFIED.,.F.,
  .F.,(2,2),(-3.000966127798,-2.985002598168),.PIECEWISE_BEZIER_KNOTS.);
#3370 = CARTESIAN_POINT('',(-3.,1.));
#3371 = CARTESIAN_POINT('',(-2.984041609651,1.));
#3372 = ( GEOMETRIC_REPRESENTATION_CONTEXT(2) 
PARAMETRIC_REPRESENTATION_CONTEXT() REPRESENTATION_CONTEXT('2D SPACE',''
  ) );
#3373 = ADVANCED_FACE('',(#3374),#1973,.F.);
#3374 = FACE_BOUND('',#3375,.F.);
#3375 = EDGE_LOOP('',(#3376,#3377,#3399,#3417));
#3376 = ORIENTED_EDGE('',*,*,#1953,.F.);
#3377 = ORIENTED_EDGE('',*,*,#3378,.T.);
#3378 = EDGE_CURVE('',#1934,#3379,#3381,.T.);
#3379 = VERTEX_POINT('',#3380);
#3380 = CARTESIAN_POINT('',(13.065,28.39125,2.1105));
#3381 = SURFACE_CURVE('',#3382,(#3386,#3392),.PCURVE_S1.);
#3382 = LINE('',#3383,#3384);
#3383 = CARTESIAN_POINT('',(10.05,28.39125,2.1105));
#3384 = VECTOR('',#3385,1.);
#3385 = DIRECTION('',(1.,0.,0.));
#3386 = PCURVE('',#1973,#3387);
#3387 = DEFINITIONAL_REPRESENTATION('',(#3388),#3391);
#3388 = B_SPLINE_CURVE_WITH_KNOTS('',1,(#3389,#3390),.UNSPECIFIED.,.F.,
  .F.,(2,2),(2.99903647037,3.015),.PIECEWISE_BEZIER_KNOTS.);
#3389 = CARTESIAN_POINT('',(2.984115890915,0.));
#3390 = CARTESIAN_POINT('',(3.,0.));
#3391 = ( GEOMETRIC_REPRESENTATION_CONTEXT(2) 
PARAMETRIC_REPRESENTATION_CONTEXT() REPRESENTATION_CONTEXT('2D SPACE',''
  ) );
#3392 = PCURVE('',#602,#3393);
#3393 = DEFINITIONAL_REPRESENTATION('',(#3394),#3398);
#3394 = LINE('',#3395,#3396);
#3395 = CARTESIAN_POINT('',(-2.99903647037,0.));
#3396 = VECTOR('',#3397,1.);
#3397 = DIRECTION('',(1.,0.));
#3398 = ( GEOMETRIC_REPRESENTATION_CONTEXT(2) 
PARAMETRIC_REPRESENTATION_CONTEXT() REPRESENTATION_CONTEXT('2D SPACE',''
  ) );
#3399 = ORIENTED_EDGE('',*,*,#3400,.T.);
#3400 = EDGE_CURVE('',#3379,#3252,#3401,.T.);
#3401 = SURFACE_CURVE('',#3402,(#3405,#3411),.PCURVE_S1.);
#3402 = B_SPLINE_CURVE_WITH_KNOTS('',1,(#3403,#3404),.UNSPECIFIED.,.F.,
  .F.,(2,2),(0.,1.),.PIECEWISE_BEZIER_KNOTS.);
#3403 = CARTESIAN_POINT('',(13.065,28.39125,2.1105));
#3404 = CARTESIAN_POINT('',(13.050966127798,28.405283872202,2.9145));
#3405 = PCURVE('',#1973,#3406);
#3406 = DEFINITIONAL_REPRESENTATION('',(#3407),#3410);
#3407 = B_SPLINE_CURVE_WITH_KNOTS('',1,(#3408,#3409),.UNSPECIFIED.,.F.,
  .F.,(2,2),(0.,1.),.PIECEWISE_BEZIER_KNOTS.);
#3408 = CARTESIAN_POINT('',(3.,0.));
#3409 = CARTESIAN_POINT('',(3.,1.));
#3410 = ( GEOMETRIC_REPRESENTATION_CONTEXT(2) 
PARAMETRIC_REPRESENTATION_CONTEXT() REPRESENTATION_CONTEXT('2D SPACE',''
  ) );
#3411 = PCURVE('',#3289,#3412);
#3412 = DEFINITIONAL_REPRESENTATION('',(#3413),#3416);
#3413 = B_SPLINE_CURVE_WITH_KNOTS('',1,(#3414,#3415),.UNSPECIFIED.,.F.,
  .F.,(2,2),(0.,1.),.PIECEWISE_BEZIER_KNOTS.);
#3414 = CARTESIAN_POINT('',(-0.775,0.));
#3415 = CARTESIAN_POINT('',(-0.775,1.));
#3416 = ( GEOMETRIC_REPRESENTATION_CONTEXT(2) 
PARAMETRIC_REPRESENTATION_CONTEXT() REPRESENTATION_CONTEXT('2D SPACE',''
  ) );
#3417 = ORIENTED_EDGE('',*,*,#3251,.F.);
#3418 = ADVANCED_FACE('',(#3419),#630,.T.);
#3419 = FACE_BOUND('',#3420,.T.);
#3420 = EDGE_LOOP('',(#3421,#3442,#3443,#3464));
#3421 = ORIENTED_EDGE('',*,*,#3422,.F.);
#3422 = EDGE_CURVE('',#1905,#615,#3423,.T.);
#3423 = SURFACE_CURVE('',#3424,(#3428,#3435),.PCURVE_S1.);
#3424 = LINE('',#3425,#3426);
#3425 = CARTESIAN_POINT('',(13.04903647037,28.379593148556,25.125));
#3426 = VECTOR('',#3427,1.);
#3427 = DIRECTION('',(0.,0.,-1.));
#3428 = PCURVE('',#630,#3429);
#3429 = DEFINITIONAL_REPRESENTATION('',(#3430),#3434);
#3430 = LINE('',#3431,#3432);
#3431 = CARTESIAN_POINT('',(1.265033612937E-02,23.0145));
#3432 = VECTOR('',#3433,1.);
#3433 = DIRECTION('',(-0.,-1.));
#3434 = ( GEOMETRIC_REPRESENTATION_CONTEXT(2) 
PARAMETRIC_REPRESENTATION_CONTEXT() REPRESENTATION_CONTEXT('2D SPACE',''
  ) );
#3435 = PCURVE('',#656,#3436);
#3436 = DEFINITIONAL_REPRESENTATION('',(#3437),#3441);
#3437 = LINE('',#3438,#3439);
#3438 = CARTESIAN_POINT('',(23.45987472138,0.567944280473));
#3439 = VECTOR('',#3440,1.);
#3440 = DIRECTION('',(-0.999695459882,-2.467767192305E-02));
#3441 = ( GEOMETRIC_REPRESENTATION_CONTEXT(2) 
PARAMETRIC_REPRESENTATION_CONTEXT() REPRESENTATION_CONTEXT('2D SPACE',''
  ) );
#3442 = ORIENTED_EDGE('',*,*,#1933,.F.);
#3443 = ORIENTED_EDGE('',*,*,#3444,.T.);
#3444 = EDGE_CURVE('',#1934,#587,#3445,.T.);
#3445 = SURFACE_CURVE('',#3446,(#3450,#3457),.PCURVE_S1.);
#3446 = LINE('',#3447,#3448);
#3447 = CARTESIAN_POINT('',(13.04903647037,28.39125,25.125));
#3448 = VECTOR('',#3449,1.);
#3449 = DIRECTION('',(0.,0.,-1.));
#3450 = PCURVE('',#630,#3451);
#3451 = DEFINITIONAL_REPRESENTATION('',(#3452),#3456);
#3452 = LINE('',#3453,#3454);
#3453 = CARTESIAN_POINT('',(9.93484685651E-04,23.0145));
#3454 = VECTOR('',#3455,1.);
#3455 = DIRECTION('',(-0.,-1.));
#3456 = ( GEOMETRIC_REPRESENTATION_CONTEXT(2) 
PARAMETRIC_REPRESENTATION_CONTEXT() REPRESENTATION_CONTEXT('2D SPACE',''
  ) );
#3457 = PCURVE('',#602,#3458);
#3458 = DEFINITIONAL_REPRESENTATION('',(#3459),#3463);
#3459 = LINE('',#3460,#3461);
#3460 = CARTESIAN_POINT('',(0.,23.0145));
#3461 = VECTOR('',#3462,1.);
#3462 = DIRECTION('',(0.,-1.));
#3463 = ( GEOMETRIC_REPRESENTATION_CONTEXT(2) 
PARAMETRIC_REPRESENTATION_CONTEXT() REPRESENTATION_CONTEXT('2D SPACE',''
  ) );
#3464 = ORIENTED_EDGE('',*,*,#614,.F.);
#3465 = ADVANCED_FACE('',(#3466),#656,.F.);
#3466 = FACE_BOUND('',#3467,.F.);
#3467 = EDGE_LOOP('',(#3468,#3469,#3470));
#3468 = ORIENTED_EDGE('',*,*,#3422,.F.);
#3469 = ORIENTED_EDGE('',*,*,#1904,.F.);
#3470 = ORIENTED_EDGE('',*,*,#642,.F.);
#3471 = ADVANCED_FACE('',(#3472),#602,.F.);
#3472 = FACE_BOUND('',#3473,.F.);
#3473 = EDGE_LOOP('',(#3474,#3495,#3496,#3497));
#3474 = ORIENTED_EDGE('',*,*,#3475,.F.);
#3475 = EDGE_CURVE('',#3379,#559,#3476,.T.);
#3476 = SURFACE_CURVE('',#3477,(#3481,#3488),.PCURVE_S1.);
#3477 = LINE('',#3478,#3479);
#3478 = CARTESIAN_POINT('',(13.065,28.39125,25.125));
#3479 = VECTOR('',#3480,1.);
#3480 = DIRECTION('',(0.,0.,-1.));
#3481 = PCURVE('',#602,#3482);
#3482 = DEFINITIONAL_REPRESENTATION('',(#3483),#3487);
#3483 = LINE('',#3484,#3485);
#3484 = CARTESIAN_POINT('',(1.59635296301E-02,23.0145));
#3485 = VECTOR('',#3486,1.);
#3486 = DIRECTION('',(0.,-1.));
#3487 = ( GEOMETRIC_REPRESENTATION_CONTEXT(2) 
PARAMETRIC_REPRESENTATION_CONTEXT() REPRESENTATION_CONTEXT('2D SPACE',''
  ) );
#3488 = PCURVE('',#574,#3489);
#3489 = DEFINITIONAL_REPRESENTATION('',(#3490),#3494);
#3490 = LINE('',#3491,#3492);
#3491 = CARTESIAN_POINT('',(0.,23.0145));
#3492 = VECTOR('',#3493,1.);
#3493 = DIRECTION('',(0.,-1.));
#3494 = ( GEOMETRIC_REPRESENTATION_CONTEXT(2) 
PARAMETRIC_REPRESENTATION_CONTEXT() REPRESENTATION_CONTEXT('2D SPACE',''
  ) );
#3495 = ORIENTED_EDGE('',*,*,#3378,.F.);
#3496 = ORIENTED_EDGE('',*,*,#3444,.T.);
#3497 = ORIENTED_EDGE('',*,*,#586,.F.);
#3498 = ADVANCED_FACE('',(#3499),#574,.F.);
#3499 = FACE_BOUND('',#3500,.F.);
#3500 = EDGE_LOOP('',(#3501,#3524,#3544,#3545));
#3501 = ORIENTED_EDGE('',*,*,#3502,.F.);
#3502 = EDGE_CURVE('',#3503,#531,#3505,.T.);
#3503 = VERTEX_POINT('',#3504);
#3504 = CARTESIAN_POINT('',(13.065,29.949,2.1105));
#3505 = SURFACE_CURVE('',#3506,(#3510,#3517),.PCURVE_S1.);
#3506 = LINE('',#3507,#3508);
#3507 = CARTESIAN_POINT('',(13.065,29.949,25.125));
#3508 = VECTOR('',#3509,1.);
#3509 = DIRECTION('',(0.,0.,-1.));
#3510 = PCURVE('',#574,#3511);
#3511 = DEFINITIONAL_REPRESENTATION('',(#3512),#3516);
#3512 = LINE('',#3513,#3514);
#3513 = CARTESIAN_POINT('',(1.55775,23.0145));
#3514 = VECTOR('',#3515,1.);
#3515 = DIRECTION('',(0.,-1.));
#3516 = ( GEOMETRIC_REPRESENTATION_CONTEXT(2) 
PARAMETRIC_REPRESENTATION_CONTEXT() REPRESENTATION_CONTEXT('2D SPACE',''
  ) );
#3517 = PCURVE('',#546,#3518);
#3518 = DEFINITIONAL_REPRESENTATION('',(#3519),#3523);
#3519 = LINE('',#3520,#3521);
#3520 = CARTESIAN_POINT('',(6.03,23.0145));
#3521 = VECTOR('',#3522,1.);
#3522 = DIRECTION('',(0.,-1.));
#3523 = ( GEOMETRIC_REPRESENTATION_CONTEXT(2) 
PARAMETRIC_REPRESENTATION_CONTEXT() REPRESENTATION_CONTEXT('2D SPACE',''
  ) );
#3524 = ORIENTED_EDGE('',*,*,#3525,.F.);
#3525 = EDGE_CURVE('',#3379,#3503,#3526,.T.);
#3526 = SURFACE_CURVE('',#3527,(#3531,#3538),.PCURVE_S1.);
#3527 = LINE('',#3528,#3529);
#3528 = CARTESIAN_POINT('',(13.065,29.170125,2.1105));
#3529 = VECTOR('',#3530,1.);
#3530 = DIRECTION('',(0.,1.,0.));
#3531 = PCURVE('',#574,#3532);
#3532 = DEFINITIONAL_REPRESENTATION('',(#3533),#3537);
#3533 = LINE('',#3534,#3535);
#3534 = CARTESIAN_POINT('',(0.778875,0.));
#3535 = VECTOR('',#3536,1.);
#3536 = DIRECTION('',(1.,0.));
#3537 = ( GEOMETRIC_REPRESENTATION_CONTEXT(2) 
PARAMETRIC_REPRESENTATION_CONTEXT() REPRESENTATION_CONTEXT('2D SPACE',''
  ) );
#3538 = PCURVE('',#3289,#3539);
#3539 = DEFINITIONAL_REPRESENTATION('',(#3540),#3543);
#3540 = B_SPLINE_CURVE_WITH_KNOTS('',1,(#3541,#3542),.UNSPECIFIED.,.F.,
  .F.,(2,2),(-0.778875,0.778875),.PIECEWISE_BEZIER_KNOTS.);
#3541 = CARTESIAN_POINT('',(-0.775,0.));
#3542 = CARTESIAN_POINT('',(0.775,0.));
#3543 = ( GEOMETRIC_REPRESENTATION_CONTEXT(2) 
PARAMETRIC_REPRESENTATION_CONTEXT() REPRESENTATION_CONTEXT('2D SPACE',''
  ) );
#3544 = ORIENTED_EDGE('',*,*,#3475,.T.);
#3545 = ORIENTED_EDGE('',*,*,#558,.F.);
#3546 = ADVANCED_FACE('',(#3547),#546,.T.);
#3547 = FACE_BOUND('',#3548,.T.);
#3548 = EDGE_LOOP('',(#3549,#3550,#3572,#3593));
#3549 = ORIENTED_EDGE('',*,*,#3502,.F.);
#3550 = ORIENTED_EDGE('',*,*,#3551,.F.);
#3551 = EDGE_CURVE('',#3552,#3503,#3554,.T.);
#3552 = VERTEX_POINT('',#3553);
#3553 = CARTESIAN_POINT('',(7.035,29.949,2.1105));
#3554 = SURFACE_CURVE('',#3555,(#3559,#3566),.PCURVE_S1.);
#3555 = LINE('',#3556,#3557);
#3556 = CARTESIAN_POINT('',(10.05,29.949,2.1105));
#3557 = VECTOR('',#3558,1.);
#3558 = DIRECTION('',(1.,0.,0.));
#3559 = PCURVE('',#546,#3560);
#3560 = DEFINITIONAL_REPRESENTATION('',(#3561),#3565);
#3561 = LINE('',#3562,#3563);
#3562 = CARTESIAN_POINT('',(3.015,0.));
#3563 = VECTOR('',#3564,1.);
#3564 = DIRECTION('',(1.,0.));
#3565 = ( GEOMETRIC_REPRESENTATION_CONTEXT(2) 
PARAMETRIC_REPRESENTATION_CONTEXT() REPRESENTATION_CONTEXT('2D SPACE',''
  ) );
#3566 = PCURVE('',#3316,#3567);
#3567 = DEFINITIONAL_REPRESENTATION('',(#3568),#3571);
#3568 = B_SPLINE_CURVE_WITH_KNOTS('',1,(#3569,#3570),.UNSPECIFIED.,.F.,
  .F.,(2,2),(-3.015,3.015),.PIECEWISE_BEZIER_KNOTS.);
#3569 = CARTESIAN_POINT('',(3.,0.));
#3570 = CARTESIAN_POINT('',(-3.,0.));
#3571 = ( GEOMETRIC_REPRESENTATION_CONTEXT(2) 
PARAMETRIC_REPRESENTATION_CONTEXT() REPRESENTATION_CONTEXT('2D SPACE',''
  ) );
#3572 = ORIENTED_EDGE('',*,*,#3573,.T.);
#3573 = EDGE_CURVE('',#3552,#503,#3574,.T.);
#3574 = SURFACE_CURVE('',#3575,(#3579,#3586),.PCURVE_S1.);
#3575 = LINE('',#3576,#3577);
#3576 = CARTESIAN_POINT('',(7.035,29.949,25.125));
#3577 = VECTOR('',#3578,1.);
#3578 = DIRECTION('',(0.,0.,-1.));
#3579 = PCURVE('',#546,#3580);
#3580 = DEFINITIONAL_REPRESENTATION('',(#3581),#3585);
#3581 = LINE('',#3582,#3583);
#3582 = CARTESIAN_POINT('',(0.,23.0145));
#3583 = VECTOR('',#3584,1.);
#3584 = DIRECTION('',(0.,-1.));
#3585 = ( GEOMETRIC_REPRESENTATION_CONTEXT(2) 
PARAMETRIC_REPRESENTATION_CONTEXT() REPRESENTATION_CONTEXT('2D SPACE',''
  ) );
#3586 = PCURVE('',#518,#3587);
#3587 = DEFINITIONAL_REPRESENTATION('',(#3588),#3592);
#3588 = LINE('',#3589,#3590);
#3589 = CARTESIAN_POINT('',(1.55775,23.0145));
#3590 = VECTOR('',#3591,1.);
#3591 = DIRECTION('',(0.,-1.));
#3592 = ( GEOMETRIC_REPRESENTATION_CONTEXT(2) 
PARAMETRIC_REPRESENTATION_CONTEXT() REPRESENTATION_CONTEXT('2D SPACE',''
  ) );
#3593 = ORIENTED_EDGE('',*,*,#530,.F.);
#3594 = ADVANCED_FACE('',(#3595),#518,.T.);
#3595 = FACE_BOUND('',#3596,.T.);
#3596 = EDGE_LOOP('',(#3597,#3598,#3620,#3641));
#3597 = ORIENTED_EDGE('',*,*,#3573,.F.);
#3598 = ORIENTED_EDGE('',*,*,#3599,.F.);
#3599 = EDGE_CURVE('',#3600,#3552,#3602,.T.);
#3600 = VERTEX_POINT('',#3601);
#3601 = CARTESIAN_POINT('',(7.035,28.39125,2.1105));
#3602 = SURFACE_CURVE('',#3603,(#3607,#3614),.PCURVE_S1.);
#3603 = LINE('',#3604,#3605);
#3604 = CARTESIAN_POINT('',(7.035,29.170125,2.1105));
#3605 = VECTOR('',#3606,1.);
#3606 = DIRECTION('',(0.,1.,0.));
#3607 = PCURVE('',#518,#3608);
#3608 = DEFINITIONAL_REPRESENTATION('',(#3609),#3613);
#3609 = LINE('',#3610,#3611);
#3610 = CARTESIAN_POINT('',(0.778875,0.));
#3611 = VECTOR('',#3612,1.);
#3612 = DIRECTION('',(1.,0.));
#3613 = ( GEOMETRIC_REPRESENTATION_CONTEXT(2) 
PARAMETRIC_REPRESENTATION_CONTEXT() REPRESENTATION_CONTEXT('2D SPACE',''
  ) );
#3614 = PCURVE('',#3343,#3615);
#3615 = DEFINITIONAL_REPRESENTATION('',(#3616),#3619);
#3616 = B_SPLINE_CURVE_WITH_KNOTS('',1,(#3617,#3618),.UNSPECIFIED.,.F.,
  .F.,(2,2),(-0.778875,0.778875),.PIECEWISE_BEZIER_KNOTS.);
#3617 = CARTESIAN_POINT('',(0.775,0.));
#3618 = CARTESIAN_POINT('',(-0.775,0.));
#3619 = ( GEOMETRIC_REPRESENTATION_CONTEXT(2) 
PARAMETRIC_REPRESENTATION_CONTEXT() REPRESENTATION_CONTEXT('2D SPACE',''
  ) );
#3620 = ORIENTED_EDGE('',*,*,#3621,.T.);
#3621 = EDGE_CURVE('',#3600,#475,#3622,.T.);
#3622 = SURFACE_CURVE('',#3623,(#3627,#3634),.PCURVE_S1.);
#3623 = LINE('',#3624,#3625);
#3624 = CARTESIAN_POINT('',(7.035,28.39125,25.125));
#3625 = VECTOR('',#3626,1.);
#3626 = DIRECTION('',(0.,0.,-1.));
#3627 = PCURVE('',#518,#3628);
#3628 = DEFINITIONAL_REPRESENTATION('',(#3629),#3633);
#3629 = LINE('',#3630,#3631);
#3630 = CARTESIAN_POINT('',(0.,23.0145));
#3631 = VECTOR('',#3632,1.);
#3632 = DIRECTION('',(0.,-1.));
#3633 = ( GEOMETRIC_REPRESENTATION_CONTEXT(2) 
PARAMETRIC_REPRESENTATION_CONTEXT() REPRESENTATION_CONTEXT('2D SPACE',''
  ) );
#3634 = PCURVE('',#490,#3635);
#3635 = DEFINITIONAL_REPRESENTATION('',(#3636),#3640);
#3636 = LINE('',#3637,#3638);
#3637 = CARTESIAN_POINT('',(0.,23.0145));
#3638 = VECTOR('',#3639,1.);
#3639 = DIRECTION('',(0.,-1.));
#3640 = ( GEOMETRIC_REPRESENTATION_CONTEXT(2) 
PARAMETRIC_REPRESENTATION_CONTEXT() REPRESENTATION_CONTEXT('2D SPACE',''
  ) );
#3641 = ORIENTED_EDGE('',*,*,#502,.F.);
#3642 = ADVANCED_FACE('',(#3643),#490,.F.);
#3643 = FACE_BOUND('',#3644,.F.);
#3644 = EDGE_LOOP('',(#3645,#3666,#3686,#3687));
#3645 = ORIENTED_EDGE('',*,*,#3646,.F.);
#3646 = EDGE_CURVE('',#2085,#447,#3647,.T.);
#3647 = SURFACE_CURVE('',#3648,(#3652,#3659),.PCURVE_S1.);
#3648 = LINE('',#3649,#3650);
#3649 = CARTESIAN_POINT('',(7.05096352963,28.39125,25.125));
#3650 = VECTOR('',#3651,1.);
#3651 = DIRECTION('',(0.,0.,-1.));
#3652 = PCURVE('',#490,#3653);
#3653 = DEFINITIONAL_REPRESENTATION('',(#3654),#3658);
#3654 = LINE('',#3655,#3656);
#3655 = CARTESIAN_POINT('',(1.59635296301E-02,23.0145));
#3656 = VECTOR('',#3657,1.);
#3657 = DIRECTION('',(0.,-1.));
#3658 = ( GEOMETRIC_REPRESENTATION_CONTEXT(2) 
PARAMETRIC_REPRESENTATION_CONTEXT() REPRESENTATION_CONTEXT('2D SPACE',''
  ) );
#3659 = PCURVE('',#462,#3660);
#3660 = DEFINITIONAL_REPRESENTATION('',(#3661),#3665);
#3661 = LINE('',#3662,#3663);
#3662 = CARTESIAN_POINT('',(0.135560625119,23.0145));
#3663 = VECTOR('',#3664,1.);
#3664 = DIRECTION('',(0.,-1.));
#3665 = ( GEOMETRIC_REPRESENTATION_CONTEXT(2) 
PARAMETRIC_REPRESENTATION_CONTEXT() REPRESENTATION_CONTEXT('2D SPACE',''
  ) );
#3666 = ORIENTED_EDGE('',*,*,#3667,.F.);
#3667 = EDGE_CURVE('',#3600,#2085,#3668,.T.);
#3668 = SURFACE_CURVE('',#3669,(#3673,#3680),.PCURVE_S1.);
#3669 = LINE('',#3670,#3671);
#3670 = CARTESIAN_POINT('',(10.05,28.39125,2.1105));
#3671 = VECTOR('',#3672,1.);
#3672 = DIRECTION('',(1.,0.,0.));
#3673 = PCURVE('',#490,#3674);
#3674 = DEFINITIONAL_REPRESENTATION('',(#3675),#3679);
#3675 = LINE('',#3676,#3677);
#3676 = CARTESIAN_POINT('',(3.015,0.));
#3677 = VECTOR('',#3678,1.);
#3678 = DIRECTION('',(1.,0.));
#3679 = ( GEOMETRIC_REPRESENTATION_CONTEXT(2) 
PARAMETRIC_REPRESENTATION_CONTEXT() REPRESENTATION_CONTEXT('2D SPACE',''
  ) );
#3680 = PCURVE('',#2104,#3681);
#3681 = DEFINITIONAL_REPRESENTATION('',(#3682),#3685);
#3682 = B_SPLINE_CURVE_WITH_KNOTS('',1,(#3683,#3684),.UNSPECIFIED.,.F.,
  .F.,(2,2),(-3.015,-2.99903647037),.PIECEWISE_BEZIER_KNOTS.);
#3683 = CARTESIAN_POINT('',(-3.,0.));
#3684 = CARTESIAN_POINT('',(-2.984115890915,0.));
#3685 = ( GEOMETRIC_REPRESENTATION_CONTEXT(2) 
PARAMETRIC_REPRESENTATION_CONTEXT() REPRESENTATION_CONTEXT('2D SPACE',''
  ) );
#3686 = ORIENTED_EDGE('',*,*,#3621,.T.);
#3687 = ORIENTED_EDGE('',*,*,#474,.F.);
#3688 = ADVANCED_FACE('',(#3689),#462,.T.);
#3689 = FACE_BOUND('',#3690,.T.);
#3690 = EDGE_LOOP('',(#3691,#3692,#3693,#3714));
#3691 = ORIENTED_EDGE('',*,*,#3646,.F.);
#3692 = ORIENTED_EDGE('',*,*,#2118,.F.);
#3693 = ORIENTED_EDGE('',*,*,#3694,.T.);
#3694 = EDGE_CURVE('',#2119,#419,#3695,.T.);
#3695 = SURFACE_CURVE('',#3696,(#3700,#3707),.PCURVE_S1.);
#3696 = LINE('',#3697,#3698);
#3697 = CARTESIAN_POINT('',(7.05096352963,28.379593148556,25.125));
#3698 = VECTOR('',#3699,1.);
#3699 = DIRECTION('',(0.,0.,-1.));
#3700 = PCURVE('',#462,#3701);
#3701 = DEFINITIONAL_REPRESENTATION('',(#3702),#3706);
#3702 = LINE('',#3703,#3704);
#3703 = CARTESIAN_POINT('',(0.123903773675,23.0145));
#3704 = VECTOR('',#3705,1.);
#3705 = DIRECTION('',(0.,-1.));
#3706 = ( GEOMETRIC_REPRESENTATION_CONTEXT(2) 
PARAMETRIC_REPRESENTATION_CONTEXT() REPRESENTATION_CONTEXT('2D SPACE',''
  ) );
#3707 = PCURVE('',#434,#3708);
#3708 = DEFINITIONAL_REPRESENTATION('',(#3709),#3713);
#3709 = LINE('',#3710,#3711);
#3710 = CARTESIAN_POINT('',(-23.45987472138,0.567944280473));
#3711 = VECTOR('',#3712,1.);
#3712 = DIRECTION('',(0.999695459882,-2.467767192304E-02));
#3713 = ( GEOMETRIC_REPRESENTATION_CONTEXT(2) 
PARAMETRIC_REPRESENTATION_CONTEXT() REPRESENTATION_CONTEXT('2D SPACE',''
  ) );
#3714 = ORIENTED_EDGE('',*,*,#446,.F.);
#3715 = ADVANCED_FACE('',(#3716),#434,.F.);
#3716 = FACE_BOUND('',#3717,.F.);
#3717 = EDGE_LOOP('',(#3718,#3719,#3720));
#3718 = ORIENTED_EDGE('',*,*,#418,.F.);
#3719 = ORIENTED_EDGE('',*,*,#2138,.F.);
#3720 = ORIENTED_EDGE('',*,*,#3694,.T.);
#3721 = ADVANCED_FACE('',(#3722),#2104,.F.);
#3722 = FACE_BOUND('',#3723,.F.);
#3723 = EDGE_LOOP('',(#3724,#3742,#3743,#3744));
#3724 = ORIENTED_EDGE('',*,*,#3725,.F.);
#3725 = EDGE_CURVE('',#3600,#3328,#3726,.T.);
#3726 = SURFACE_CURVE('',#3727,(#3730,#3736),.PCURVE_S1.);
#3727 = B_SPLINE_CURVE_WITH_KNOTS('',1,(#3728,#3729),.UNSPECIFIED.,.F.,
  .F.,(2,2),(0.,1.),.PIECEWISE_BEZIER_KNOTS.);
#3728 = CARTESIAN_POINT('',(7.035,28.39125,2.1105));
#3729 = CARTESIAN_POINT('',(7.049033872202,28.405283872202,2.9145));
#3730 = PCURVE('',#2104,#3731);
#3731 = DEFINITIONAL_REPRESENTATION('',(#3732),#3735);
#3732 = B_SPLINE_CURVE_WITH_KNOTS('',1,(#3733,#3734),.UNSPECIFIED.,.F.,
  .F.,(2,2),(0.,1.),.PIECEWISE_BEZIER_KNOTS.);
#3733 = CARTESIAN_POINT('',(-3.,0.));
#3734 = CARTESIAN_POINT('',(-3.,1.));
#3735 = ( GEOMETRIC_REPRESENTATION_CONTEXT(2) 
PARAMETRIC_REPRESENTATION_CONTEXT() REPRESENTATION_CONTEXT('2D SPACE',''
  ) );
#3736 = PCURVE('',#3343,#3737);
#3737 = DEFINITIONAL_REPRESENTATION('',(#3738),#3741);
#3738 = B_SPLINE_CURVE_WITH_KNOTS('',1,(#3739,#3740),.UNSPECIFIED.,.F.,
  .F.,(2,2),(0.,1.),.PIECEWISE_BEZIER_KNOTS.);
#3739 = CARTESIAN_POINT('',(0.775,0.));
#3740 = CARTESIAN_POINT('',(0.775,1.));
#3741 = ( GEOMETRIC_REPRESENTATION_CONTEXT(2) 
PARAMETRIC_REPRESENTATION_CONTEXT() REPRESENTATION_CONTEXT('2D SPACE',''
  ) );
#3742 = ORIENTED_EDGE('',*,*,#3667,.T.);
#3743 = ORIENTED_EDGE('',*,*,#2084,.F.);
#3744 = ORIENTED_EDGE('',*,*,#3354,.F.);
#3745 = ADVANCED_FACE('',(#3746),#2376,.F.);
#3746 = FACE_BOUND('',#3747,.F.);
#3747 = EDGE_LOOP('',(#3748,#3768,#3769,#3770));
#3748 = ORIENTED_EDGE('',*,*,#3749,.F.);
#3749 = EDGE_CURVE('',#2642,#3750,#3752,.T.);
#3750 = VERTEX_POINT('',#3751);
#3751 = CARTESIAN_POINT('',(3.94965,-10.251,2.9145));
#3752 = SURFACE_CURVE('',#3753,(#3756,#3762),.PCURVE_S1.);
#3753 = B_SPLINE_CURVE_WITH_KNOTS('',1,(#3754,#3755),.UNSPECIFIED.,.F.,
  .F.,(2,2),(0.,1.),.PIECEWISE_BEZIER_KNOTS.);
#3754 = CARTESIAN_POINT('',(3.98985,-11.055,2.1105));
#3755 = CARTESIAN_POINT('',(3.94965,-10.251,2.9145));
#3756 = PCURVE('',#2376,#3757);
#3757 = DEFINITIONAL_REPRESENTATION('',(#3758),#3761);
#3758 = B_SPLINE_CURVE_WITH_KNOTS('',1,(#3759,#3760),.UNSPECIFIED.,.F.,
  .F.,(2,2),(0.,1.),.PIECEWISE_BEZIER_KNOTS.);
#3759 = CARTESIAN_POINT('',(-0.41,0.));
#3760 = CARTESIAN_POINT('',(-0.41,1.));
#3761 = ( GEOMETRIC_REPRESENTATION_CONTEXT(2) 
PARAMETRIC_REPRESENTATION_CONTEXT() REPRESENTATION_CONTEXT('2D SPACE',''
  ) );
#3762 = PCURVE('',#2678,#3763);
#3763 = DEFINITIONAL_REPRESENTATION('',(#3764),#3767);
#3764 = B_SPLINE_CURVE_WITH_KNOTS('',1,(#3765,#3766),.UNSPECIFIED.,.F.,
  .F.,(2,2),(0.,1.),.PIECEWISE_BEZIER_KNOTS.);
#3765 = CARTESIAN_POINT('',(3.97,0.));
#3766 = CARTESIAN_POINT('',(3.97,1.));
#3767 = ( GEOMETRIC_REPRESENTATION_CONTEXT(2) 
PARAMETRIC_REPRESENTATION_CONTEXT() REPRESENTATION_CONTEXT('2D SPACE',''
  ) );
#3768 = ORIENTED_EDGE('',*,*,#2715,.T.);
#3769 = ORIENTED_EDGE('',*,*,#2314,.F.);
#3770 = ORIENTED_EDGE('',*,*,#3771,.F.);
#3771 = EDGE_CURVE('',#3750,#2290,#3772,.T.);
#3772 = SURFACE_CURVE('',#3773,(#3777,#3783),.PCURVE_S1.);
#3773 = LINE('',#3774,#3775);
#3774 = CARTESIAN_POINT('',(3.94965,-10.1505,2.9145));
#3775 = VECTOR('',#3776,1.);
#3776 = DIRECTION('',(0.,1.,0.));
#3777 = PCURVE('',#2376,#3778);
#3778 = DEFINITIONAL_REPRESENTATION('',(#3779),#3782);
#3779 = B_SPLINE_CURVE_WITH_KNOTS('',1,(#3780,#3781),.UNSPECIFIED.,.F.,
  .F.,(2,2),(-0.1005,-8.68823296355E-02),.PIECEWISE_BEZIER_KNOTS.);
#3780 = CARTESIAN_POINT('',(-0.41,1.));
#3781 = CARTESIAN_POINT('',(-0.354445324881,1.));
#3782 = ( GEOMETRIC_REPRESENTATION_CONTEXT(2) 
PARAMETRIC_REPRESENTATION_CONTEXT() REPRESENTATION_CONTEXT('2D SPACE',''
  ) );
#3783 = PCURVE('',#2303,#3784);
#3784 = DEFINITIONAL_REPRESENTATION('',(#3785),#3789);
#3785 = LINE('',#3786,#3787);
#3786 = CARTESIAN_POINT('',(7.899300413664,-0.100467480779));
#3787 = VECTOR('',#3788,1.);
#3788 = DIRECTION('',(2.54370591771E-02,0.99967642566));
#3789 = ( GEOMETRIC_REPRESENTATION_CONTEXT(2) 
PARAMETRIC_REPRESENTATION_CONTEXT() REPRESENTATION_CONTEXT('2D SPACE',''
  ) );
#3790 = ADVANCED_FACE('',(#3791),#2303,.F.);
#3791 = FACE_BOUND('',#3792,.F.);
#3792 = EDGE_LOOP('',(#3793,#3815,#3835,#3836));
#3793 = ORIENTED_EDGE('',*,*,#3794,.F.);
#3794 = EDGE_CURVE('',#3795,#2190,#3797,.T.);
#3795 = VERTEX_POINT('',#3796);
#3796 = CARTESIAN_POINT('',(-3.94965,-10.251,2.9145));
#3797 = SURFACE_CURVE('',#3798,(#3802,#3809),.PCURVE_S1.);
#3798 = LINE('',#3799,#3800);
#3799 = CARTESIAN_POINT('',(-3.94965,-10.1505,2.9145));
#3800 = VECTOR('',#3801,1.);
#3801 = DIRECTION('',(0.,1.,0.));
#3802 = PCURVE('',#2303,#3803);
#3803 = DEFINITIONAL_REPRESENTATION('',(#3804),#3808);
#3804 = LINE('',#3805,#3806);
#3805 = CARTESIAN_POINT('',(2.556424447299E-03,0.100467480779));
#3806 = VECTOR('',#3807,1.);
#3807 = DIRECTION('',(2.54370591771E-02,0.99967642566));
#3808 = ( GEOMETRIC_REPRESENTATION_CONTEXT(2) 
PARAMETRIC_REPRESENTATION_CONTEXT() REPRESENTATION_CONTEXT('2D SPACE',''
  ) );
#3809 = PCURVE('',#2253,#3810);
#3810 = DEFINITIONAL_REPRESENTATION('',(#3811),#3814);
#3811 = B_SPLINE_CURVE_WITH_KNOTS('',1,(#3812,#3813),.UNSPECIFIED.,.F.,
  .F.,(2,2),(-0.1005,-8.68823296355E-02),.PIECEWISE_BEZIER_KNOTS.);
#3812 = CARTESIAN_POINT('',(0.41,1.));
#3813 = CARTESIAN_POINT('',(0.354445324881,1.));
#3814 = ( GEOMETRIC_REPRESENTATION_CONTEXT(2) 
PARAMETRIC_REPRESENTATION_CONTEXT() REPRESENTATION_CONTEXT('2D SPACE',''
  ) );
#3815 = ORIENTED_EDGE('',*,*,#3816,.T.);
#3816 = EDGE_CURVE('',#3795,#3750,#3817,.T.);
#3817 = SURFACE_CURVE('',#3818,(#3822,#3829),.PCURVE_S1.);
#3818 = LINE('',#3819,#3820);
#3819 = CARTESIAN_POINT('',(0.,-10.251,2.9145));
#3820 = VECTOR('',#3821,1.);
#3821 = DIRECTION('',(1.,0.,0.));
#3822 = PCURVE('',#2303,#3823);
#3823 = DEFINITIONAL_REPRESENTATION('',(#3824),#3828);
#3824 = LINE('',#3825,#3826);
#3825 = CARTESIAN_POINT('',(3.948371994608,-0.100467480779));
#3826 = VECTOR('',#3827,1.);
#3827 = DIRECTION('',(0.99967642566,-2.54370591771E-02));
#3828 = ( GEOMETRIC_REPRESENTATION_CONTEXT(2) 
PARAMETRIC_REPRESENTATION_CONTEXT() REPRESENTATION_CONTEXT('2D SPACE',''
  ) );
#3829 = PCURVE('',#2678,#3830);
#3830 = DEFINITIONAL_REPRESENTATION('',(#3831),#3834);
#3831 = B_SPLINE_CURVE_WITH_KNOTS('',1,(#3832,#3833),.UNSPECIFIED.,.F.,
  .F.,(2,2),(-3.94965,3.94965),.PIECEWISE_BEZIER_KNOTS.);
#3832 = CARTESIAN_POINT('',(-3.97,1.));
#3833 = CARTESIAN_POINT('',(3.97,1.));
#3834 = ( GEOMETRIC_REPRESENTATION_CONTEXT(2) 
PARAMETRIC_REPRESENTATION_CONTEXT() REPRESENTATION_CONTEXT('2D SPACE',''
  ) );
#3835 = ORIENTED_EDGE('',*,*,#3771,.T.);
#3836 = ORIENTED_EDGE('',*,*,#2289,.T.);
#3837 = ADVANCED_FACE('',(#3838),#2253,.F.);
#3838 = FACE_BOUND('',#3839,.F.);
#3839 = EDGE_LOOP('',(#3840,#3841,#3859,#3860));
#3840 = ORIENTED_EDGE('',*,*,#2594,.F.);
#3841 = ORIENTED_EDGE('',*,*,#3842,.T.);
#3842 = EDGE_CURVE('',#2595,#3795,#3843,.T.);
#3843 = SURFACE_CURVE('',#3844,(#3847,#3853),.PCURVE_S1.);
#3844 = B_SPLINE_CURVE_WITH_KNOTS('',1,(#3845,#3846),.UNSPECIFIED.,.F.,
  .F.,(2,2),(0.,1.),.PIECEWISE_BEZIER_KNOTS.);
#3845 = CARTESIAN_POINT('',(-3.98985,-11.055,2.1105));
#3846 = CARTESIAN_POINT('',(-3.94965,-10.251,2.9145));
#3847 = PCURVE('',#2253,#3848);
#3848 = DEFINITIONAL_REPRESENTATION('',(#3849),#3852);
#3849 = B_SPLINE_CURVE_WITH_KNOTS('',1,(#3850,#3851),.UNSPECIFIED.,.F.,
  .F.,(2,2),(0.,1.),.PIECEWISE_BEZIER_KNOTS.);
#3850 = CARTESIAN_POINT('',(0.41,0.));
#3851 = CARTESIAN_POINT('',(0.41,1.));
#3852 = ( GEOMETRIC_REPRESENTATION_CONTEXT(2) 
PARAMETRIC_REPRESENTATION_CONTEXT() REPRESENTATION_CONTEXT('2D SPACE',''
  ) );
#3853 = PCURVE('',#2678,#3854);
#3854 = DEFINITIONAL_REPRESENTATION('',(#3855),#3858);
#3855 = B_SPLINE_CURVE_WITH_KNOTS('',1,(#3856,#3857),.UNSPECIFIED.,.F.,
  .F.,(2,2),(0.,1.),.PIECEWISE_BEZIER_KNOTS.);
#3856 = CARTESIAN_POINT('',(-3.97,0.));
#3857 = CARTESIAN_POINT('',(-3.97,1.));
#3858 = ( GEOMETRIC_REPRESENTATION_CONTEXT(2) 
PARAMETRIC_REPRESENTATION_CONTEXT() REPRESENTATION_CONTEXT('2D SPACE',''
  ) );
#3859 = ORIENTED_EDGE('',*,*,#3794,.T.);
#3860 = ORIENTED_EDGE('',*,*,#2189,.F.);
#3861 = ADVANCED_FACE('',(#3862),#2678,.F.);
#3862 = FACE_BOUND('',#3863,.F.);
#3863 = EDGE_LOOP('',(#3864,#3865,#3866,#3867));
#3864 = ORIENTED_EDGE('',*,*,#2664,.T.);
#3865 = ORIENTED_EDGE('',*,*,#3749,.T.);
#3866 = ORIENTED_EDGE('',*,*,#3816,.F.);
#3867 = ORIENTED_EDGE('',*,*,#3842,.F.);
#3868 = ADVANCED_FACE('',(#3869),#2788,.F.);
#3869 = FACE_BOUND('',#3870,.F.);
#3870 = EDGE_LOOP('',(#3871,#3872,#3890,#3891));
#3871 = ORIENTED_EDGE('',*,*,#3024,.T.);
#3872 = ORIENTED_EDGE('',*,*,#3873,.T.);
#3873 = EDGE_CURVE('',#3002,#2773,#3874,.T.);
#3874 = SURFACE_CURVE('',#3875,(#3878,#3884),.PCURVE_S1.);
#3875 = B_SPLINE_CURVE_WITH_KNOTS('',1,(#3876,#3877),.UNSPECIFIED.,.F.,
  .F.,(2,2),(0.,1.),.PIECEWISE_BEZIER_KNOTS.);
#3876 = CARTESIAN_POINT('',(-7.035,29.949,2.1105));
#3877 = CARTESIAN_POINT('',(-7.049033872202,29.934966127798,2.9145));
#3878 = PCURVE('',#2788,#3879);
#3879 = DEFINITIONAL_REPRESENTATION('',(#3880),#3883);
#3880 = B_SPLINE_CURVE_WITH_KNOTS('',1,(#3881,#3882),.UNSPECIFIED.,.F.,
  .F.,(2,2),(0.,1.),.PIECEWISE_BEZIER_KNOTS.);
#3881 = CARTESIAN_POINT('',(0.775,0.));
#3882 = CARTESIAN_POINT('',(0.775,1.));
#3883 = ( GEOMETRIC_REPRESENTATION_CONTEXT(2) 
PARAMETRIC_REPRESENTATION_CONTEXT() REPRESENTATION_CONTEXT('2D SPACE',''
  ) );
#3884 = PCURVE('',#2815,#3885);
#3885 = DEFINITIONAL_REPRESENTATION('',(#3886),#3889);
#3886 = B_SPLINE_CURVE_WITH_KNOTS('',1,(#3887,#3888),.UNSPECIFIED.,.F.,
  .F.,(2,2),(0.,1.),.PIECEWISE_BEZIER_KNOTS.);
#3887 = CARTESIAN_POINT('',(-3.,0.));
#3888 = CARTESIAN_POINT('',(-3.,1.));
#3889 = ( GEOMETRIC_REPRESENTATION_CONTEXT(2) 
PARAMETRIC_REPRESENTATION_CONTEXT() REPRESENTATION_CONTEXT('2D SPACE',''
  ) );
#3890 = ORIENTED_EDGE('',*,*,#2772,.F.);
#3891 = ORIENTED_EDGE('',*,*,#2899,.F.);
#3892 = ADVANCED_FACE('',(#3893),#2815,.F.);
#3893 = FACE_BOUND('',#3894,.F.);
#3894 = EDGE_LOOP('',(#3895,#3896,#3914,#3915));
#3895 = ORIENTED_EDGE('',*,*,#3050,.F.);
#3896 = ORIENTED_EDGE('',*,*,#3897,.T.);
#3897 = EDGE_CURVE('',#3051,#2800,#3898,.T.);
#3898 = SURFACE_CURVE('',#3899,(#3902,#3908),.PCURVE_S1.);
#3899 = B_SPLINE_CURVE_WITH_KNOTS('',1,(#3900,#3901),.UNSPECIFIED.,.F.,
  .F.,(2,2),(0.,1.),.PIECEWISE_BEZIER_KNOTS.);
#3900 = CARTESIAN_POINT('',(-13.065,29.949,2.1105));
#3901 = CARTESIAN_POINT('',(-13.05096612779,29.934966127798,2.9145));
#3902 = PCURVE('',#2815,#3903);
#3903 = DEFINITIONAL_REPRESENTATION('',(#3904),#3907);
#3904 = B_SPLINE_CURVE_WITH_KNOTS('',1,(#3905,#3906),.UNSPECIFIED.,.F.,
  .F.,(2,2),(0.,1.),.PIECEWISE_BEZIER_KNOTS.);
#3905 = CARTESIAN_POINT('',(3.,0.));
#3906 = CARTESIAN_POINT('',(3.,1.));
#3907 = ( GEOMETRIC_REPRESENTATION_CONTEXT(2) 
PARAMETRIC_REPRESENTATION_CONTEXT() REPRESENTATION_CONTEXT('2D SPACE',''
  ) );
#3908 = PCURVE('',#2842,#3909);
#3909 = DEFINITIONAL_REPRESENTATION('',(#3910),#3913);
#3910 = B_SPLINE_CURVE_WITH_KNOTS('',1,(#3911,#3912),.UNSPECIFIED.,.F.,
  .F.,(2,2),(0.,1.),.PIECEWISE_BEZIER_KNOTS.);
#3911 = CARTESIAN_POINT('',(-0.775,0.));
#3912 = CARTESIAN_POINT('',(-0.775,1.));
#3913 = ( GEOMETRIC_REPRESENTATION_CONTEXT(2) 
PARAMETRIC_REPRESENTATION_CONTEXT() REPRESENTATION_CONTEXT('2D SPACE',''
  ) );
#3914 = ORIENTED_EDGE('',*,*,#2799,.T.);
#3915 = ORIENTED_EDGE('',*,*,#3873,.F.);
#3916 = ADVANCED_FACE('',(#3917),#2842,.F.);
#3917 = FACE_BOUND('',#3918,.F.);
#3918 = EDGE_LOOP('',(#3919,#3920,#3921,#3922));
#3919 = ORIENTED_EDGE('',*,*,#3098,.F.);
#3920 = ORIENTED_EDGE('',*,*,#3224,.T.);
#3921 = ORIENTED_EDGE('',*,*,#2826,.T.);
#3922 = ORIENTED_EDGE('',*,*,#3897,.F.);
#3923 = ADVANCED_FACE('',(#3924),#3289,.F.);
#3924 = FACE_BOUND('',#3925,.F.);
#3925 = EDGE_LOOP('',(#3926,#3927,#3945,#3946));
#3926 = ORIENTED_EDGE('',*,*,#3525,.T.);
#3927 = ORIENTED_EDGE('',*,*,#3928,.T.);
#3928 = EDGE_CURVE('',#3503,#3274,#3929,.T.);
#3929 = SURFACE_CURVE('',#3930,(#3933,#3939),.PCURVE_S1.);
#3930 = B_SPLINE_CURVE_WITH_KNOTS('',1,(#3931,#3932),.UNSPECIFIED.,.F.,
  .F.,(2,2),(0.,1.),.PIECEWISE_BEZIER_KNOTS.);
#3931 = CARTESIAN_POINT('',(13.065,29.949,2.1105));
#3932 = CARTESIAN_POINT('',(13.050966127798,29.934966127798,2.9145));
#3933 = PCURVE('',#3289,#3934);
#3934 = DEFINITIONAL_REPRESENTATION('',(#3935),#3938);
#3935 = B_SPLINE_CURVE_WITH_KNOTS('',1,(#3936,#3937),.UNSPECIFIED.,.F.,
  .F.,(2,2),(0.,1.),.PIECEWISE_BEZIER_KNOTS.);
#3936 = CARTESIAN_POINT('',(0.775,0.));
#3937 = CARTESIAN_POINT('',(0.775,1.));
#3938 = ( GEOMETRIC_REPRESENTATION_CONTEXT(2) 
PARAMETRIC_REPRESENTATION_CONTEXT() REPRESENTATION_CONTEXT('2D SPACE',''
  ) );
#3939 = PCURVE('',#3316,#3940);
#3940 = DEFINITIONAL_REPRESENTATION('',(#3941),#3944);
#3941 = B_SPLINE_CURVE_WITH_KNOTS('',1,(#3942,#3943),.UNSPECIFIED.,.F.,
  .F.,(2,2),(0.,1.),.PIECEWISE_BEZIER_KNOTS.);
#3942 = CARTESIAN_POINT('',(-3.,0.));
#3943 = CARTESIAN_POINT('',(-3.,1.));
#3944 = ( GEOMETRIC_REPRESENTATION_CONTEXT(2) 
PARAMETRIC_REPRESENTATION_CONTEXT() REPRESENTATION_CONTEXT('2D SPACE',''
  ) );
#3945 = ORIENTED_EDGE('',*,*,#3273,.F.);
#3946 = ORIENTED_EDGE('',*,*,#3400,.F.);
#3947 = ADVANCED_FACE('',(#3948),#3316,.F.);
#3948 = FACE_BOUND('',#3949,.F.);
#3949 = EDGE_LOOP('',(#3950,#3951,#3969,#3970));
#3950 = ORIENTED_EDGE('',*,*,#3551,.F.);
#3951 = ORIENTED_EDGE('',*,*,#3952,.T.);
#3952 = EDGE_CURVE('',#3552,#3301,#3953,.T.);
#3953 = SURFACE_CURVE('',#3954,(#3957,#3963),.PCURVE_S1.);
#3954 = B_SPLINE_CURVE_WITH_KNOTS('',1,(#3955,#3956),.UNSPECIFIED.,.F.,
  .F.,(2,2),(0.,1.),.PIECEWISE_BEZIER_KNOTS.);
#3955 = CARTESIAN_POINT('',(7.035,29.949,2.1105));
#3956 = CARTESIAN_POINT('',(7.049033872202,29.934966127798,2.9145));
#3957 = PCURVE('',#3316,#3958);
#3958 = DEFINITIONAL_REPRESENTATION('',(#3959),#3962);
#3959 = B_SPLINE_CURVE_WITH_KNOTS('',1,(#3960,#3961),.UNSPECIFIED.,.F.,
  .F.,(2,2),(0.,1.),.PIECEWISE_BEZIER_KNOTS.);
#3960 = CARTESIAN_POINT('',(3.,0.));
#3961 = CARTESIAN_POINT('',(3.,1.));
#3962 = ( GEOMETRIC_REPRESENTATION_CONTEXT(2) 
PARAMETRIC_REPRESENTATION_CONTEXT() REPRESENTATION_CONTEXT('2D SPACE',''
  ) );
#3963 = PCURVE('',#3343,#3964);
#3964 = DEFINITIONAL_REPRESENTATION('',(#3965),#3968);
#3965 = B_SPLINE_CURVE_WITH_KNOTS('',1,(#3966,#3967),.UNSPECIFIED.,.F.,
  .F.,(2,2),(0.,1.),.PIECEWISE_BEZIER_KNOTS.);
#3966 = CARTESIAN_POINT('',(-0.775,0.));
#3967 = CARTESIAN_POINT('',(-0.775,1.));
#3968 = ( GEOMETRIC_REPRESENTATION_CONTEXT(2) 
PARAMETRIC_REPRESENTATION_CONTEXT() REPRESENTATION_CONTEXT('2D SPACE',''
  ) );
#3969 = ORIENTED_EDGE('',*,*,#3300,.T.);
#3970 = ORIENTED_EDGE('',*,*,#3928,.F.);
#3971 = ADVANCED_FACE('',(#3972),#3343,.F.);
#3972 = FACE_BOUND('',#3973,.F.);
#3973 = EDGE_LOOP('',(#3974,#3975,#3976,#3977));
#3974 = ORIENTED_EDGE('',*,*,#3599,.F.);
#3975 = ORIENTED_EDGE('',*,*,#3725,.T.);
#3976 = ORIENTED_EDGE('',*,*,#3327,.T.);
#3977 = ORIENTED_EDGE('',*,*,#3952,.F.);
#3978 = ( GEOMETRIC_REPRESENTATION_CONTEXT(3) 
GLOBAL_UNCERTAINTY_ASSIGNED_CONTEXT((#3982)) 
GLOBAL_UNIT_ASSIGNED_CONTEXT((#3979,#3980,#3981)) REPRESENTATION_CONTEXT
('Context #1','3D Context with UNIT and UNCERTAINTY') );
#3979 = ( LENGTH_UNIT() NAMED_UNIT(*) SI_UNIT(.MILLI.,.METRE.) );
#3980 = ( NAMED_UNIT(*) PLANE_ANGLE_UNIT() SI_UNIT($,.RADIAN.) );
#3981 = ( NAMED_UNIT(*) SI_UNIT($,.STERADIAN.) SOLID_ANGLE_UNIT() );
#3982 = UNCERTAINTY_MEASURE_WITH_UNIT(LENGTH_MEASURE(5.E-06),#3979,
  'distance_accuracy_value','confusion accuracy');
#3983 = PRODUCT_RELATED_PRODUCT_CATEGORY('part',$,(#7));
#3984 = MECHANICAL_DESIGN_GEOMETRIC_PRESENTATION_REPRESENTATION('',(
    #3985),#3978);
#3985 = STYLED_ITEM('color',(#3986),#15);
#3986 = PRESENTATION_STYLE_ASSIGNMENT((#3987));
#3987 = SURFACE_STYLE_USAGE(.BOTH.,#3988);
#3988 = SURFACE_SIDE_STYLE('',(#3989));
#3989 = SURFACE_STYLE_FILL_AREA(#3990);
#3990 = FILL_AREA_STYLE('',(#3991));
#3991 = FILL_AREA_STYLE_COLOUR('',#3992);
#3992 = COLOUR_RGB('',0.767375665483,0.79773774715,0.843389171228);

#3993=DESCRIPTIVE_REPRESENTATION_ITEM('cadpy:generator','cadpy');
#3994=REPRESENTATION('cadpy:generator',(#3993),#3978);
#3995=PROPERTY_DEFINITION('cadpy metadata','cadpy:generator',#5);
#3996=PROPERTY_DEFINITION_REPRESENTATION(#3995,#3994);
#3997=DESCRIPTIVE_REPRESENTATION_ITEM('cadpy:entryKind','part');
#3998=REPRESENTATION('cadpy:entryKind',(#3997),#3978);
#3999=PROPERTY_DEFINITION('cadpy metadata','cadpy:entryKind',#5);
#4000=PROPERTY_DEFINITION_REPRESENTATION(#3999,#3998);
#4001=DESCRIPTIVE_REPRESENTATION_ITEM('cadpy:sourcePath','HemoSure_Battery_Door_CORE.py');
#4002=REPRESENTATION('cadpy:sourcePath',(#4001),#3978);
#4003=PROPERTY_DEFINITION('cadpy metadata','cadpy:sourcePath',#5);
#4004=PROPERTY_DEFINITION_REPRESENTATION(#4003,#4002);
#4005=DESCRIPTIVE_REPRESENTATION_ITEM('cadpy:sourceHash','03c9ebee0d8d15836051e53859dfa81c7d9ea5cc6a7543df426da9c71d3ffd78');
#4006=REPRESENTATION('cadpy:sourceHash',(#4005),#3978);
#4007=PROPERTY_DEFINITION('cadpy metadata','cadpy:sourceHash',#5);
#4008=PROPERTY_DEFINITION_REPRESENTATION(#4007,#4006);
ENDSEC;
END-ISO-10303-21;
