ISO-10303-21;
HEADER;
FILE_DESCRIPTION(('Open CASCADE Model'),'2;1');
FILE_NAME('Strip_Tray_CORE_insert','2026-09-29T16:09:26',('Author'),(
    'Open CASCADE'),'Open CASCADE STEP processor 7.8','cadpy','Unknown'
  );
FILE_SCHEMA(('AUTOMOTIVE_DESIGN { 1 0 10303 214 1 1 1 1 }'));
ENDSEC;
DATA;
#1 = APPLICATION_PROTOCOL_DEFINITION('international standard',
  'automotive_design',2000,#2);
#2 = APPLICATION_CONTEXT(
  'core data for automotive mechanical design processes');
#3 = SHAPE_DEFINITION_REPRESENTATION(#4,#10);
#4 = PRODUCT_DEFINITION_SHAPE('','',#5);
#5 = PRODUCT_DEFINITION('design','',#6,#9);
#6 = PRODUCT_DEFINITION_FORMATION('','',#7);
#7 = PRODUCT('Strip_Tray_CORE_insert','Strip_Tray_CORE_insert','',(#8));
#8 = PRODUCT_CONTEXT('',#2,'mechanical');
#9 = PRODUCT_DEFINITION_CONTEXT('part definition',#2,'design');
#10 = ADVANCED_BREP_SHAPE_REPRESENTATION('',(#11,#15),#5357);
#11 = AXIS2_PLACEMENT_3D('',#12,#13,#14);
#12 = CARTESIAN_POINT('',(0.,0.,0.));
#13 = DIRECTION('',(0.,0.,1.));
#14 = DIRECTION('',(1.,0.,-0.));
#15 = MANIFOLD_SOLID_BREP('',#16);
#16 = CLOSED_SHELL('',(#17,#137,#213,#262,#311,#970,#977,#1046,#1091,
    #1136,#1249,#1314,#1440,#1485,#1591,#1640,#1749,#1794,#1900,#1943,
    #1986,#2032,#2134,#2179,#2224,#2269,#2407,#2453,#2558,#2603,#2629,
    #2752,#2929,#3148,#3172,#3196,#3298,#3400,#3407,#3414,#3690,#3756,
    #3780,#3806,#3831,#3855,#3900,#3945,#3971,#3978,#4291,#4298,#4376,
    #4494,#4539,#4584,#4610,#4655,#4681,#4750,#4795,#4840,#4866,#4935,
    #4980,#5025,#5051,#5120,#5165,#5210,#5236,#5273,#5280,#5287,#5294,
    #5301,#5353));
#17 = ADVANCED_FACE('',(#18),#32,.F.);
#18 = FACE_BOUND('',#19,.F.);
#19 = EDGE_LOOP('',(#20,#55,#83,#111));
#20 = ORIENTED_EDGE('',*,*,#21,.F.);
#21 = EDGE_CURVE('',#22,#24,#26,.T.);
#22 = VERTEX_POINT('',#23);
#23 = CARTESIAN_POINT('',(-30.15,-85.425,14.271));
#24 = VERTEX_POINT('',#25);
#25 = CARTESIAN_POINT('',(-30.15,-85.425,36.381));
#26 = SURFACE_CURVE('',#27,(#31,#43),.PCURVE_S1.);
#27 = LINE('',#28,#29);
#28 = CARTESIAN_POINT('',(-30.15,-85.425,-7.839));
#29 = VECTOR('',#30,1.);
#30 = DIRECTION('',(0.,0.,1.));
#31 = PCURVE('',#32,#37);
#32 = PLANE('',#33);
#33 = AXIS2_PLACEMENT_3D('',#34,#35,#36);
#34 = CARTESIAN_POINT('',(-30.15,-85.425,-7.839));
#35 = DIRECTION('',(1.,0.,0.));
#36 = DIRECTION('',(0.,0.,1.));
#37 = DEFINITIONAL_REPRESENTATION('',(#38),#42);
#38 = LINE('',#39,#40);
#39 = CARTESIAN_POINT('',(0.,0.));
#40 = VECTOR('',#41,1.);
#41 = DIRECTION('',(1.,0.));
#42 = ( GEOMETRIC_REPRESENTATION_CONTEXT(2) 
PARAMETRIC_REPRESENTATION_CONTEXT() REPRESENTATION_CONTEXT('2D SPACE',''
  ) );
#43 = PCURVE('',#44,#49);
#44 = PLANE('',#45);
#45 = AXIS2_PLACEMENT_3D('',#46,#47,#48);
#46 = CARTESIAN_POINT('',(-30.15,-85.425,-7.839));
#47 = DIRECTION('',(0.,1.,0.));
#48 = DIRECTION('',(0.,0.,1.));
#49 = DEFINITIONAL_REPRESENTATION('',(#50),#54);
#50 = LINE('',#51,#52);
#51 = CARTESIAN_POINT('',(0.,0.));
#52 = VECTOR('',#53,1.);
#53 = DIRECTION('',(1.,0.));
#54 = ( GEOMETRIC_REPRESENTATION_CONTEXT(2) 
PARAMETRIC_REPRESENTATION_CONTEXT() REPRESENTATION_CONTEXT('2D SPACE',''
  ) );
#55 = ORIENTED_EDGE('',*,*,#56,.F.);
#56 = EDGE_CURVE('',#57,#22,#59,.T.);
#57 = VERTEX_POINT('',#58);
#58 = CARTESIAN_POINT('',(-30.15,-15.075,14.271));
#59 = SURFACE_CURVE('',#60,(#64,#71),.PCURVE_S1.);
#60 = LINE('',#61,#62);
#61 = CARTESIAN_POINT('',(-30.15,-143.2125,14.271));
#62 = VECTOR('',#63,1.);
#63 = DIRECTION('',(0.,-1.,0.));
#64 = PCURVE('',#32,#65);
#65 = DEFINITIONAL_REPRESENTATION('',(#66),#70);
#66 = LINE('',#67,#68);
#67 = CARTESIAN_POINT('',(22.11,57.7875));
#68 = VECTOR('',#69,1.);
#69 = DIRECTION('',(0.,1.));
#70 = ( GEOMETRIC_REPRESENTATION_CONTEXT(2) 
PARAMETRIC_REPRESENTATION_CONTEXT() REPRESENTATION_CONTEXT('2D SPACE',''
  ) );
#71 = PCURVE('',#72,#77);
#72 = PLANE('',#73);
#73 = AXIS2_PLACEMENT_3D('',#74,#75,#76);
#74 = CARTESIAN_POINT('',(-201.,-201.,14.271));
#75 = DIRECTION('',(0.,0.,1.));
#76 = DIRECTION('',(1.,0.,0.));
#77 = DEFINITIONAL_REPRESENTATION('',(#78),#82);
#78 = LINE('',#79,#80);
#79 = CARTESIAN_POINT('',(170.85,57.7875));
#80 = VECTOR('',#81,1.);
#81 = DIRECTION('',(0.,-1.));
#82 = ( GEOMETRIC_REPRESENTATION_CONTEXT(2) 
PARAMETRIC_REPRESENTATION_CONTEXT() REPRESENTATION_CONTEXT('2D SPACE',''
  ) );
#83 = ORIENTED_EDGE('',*,*,#84,.T.);
#84 = EDGE_CURVE('',#57,#85,#87,.T.);
#85 = VERTEX_POINT('',#86);
#86 = CARTESIAN_POINT('',(-30.15,-15.075,36.381));
#87 = SURFACE_CURVE('',#88,(#92,#99),.PCURVE_S1.);
#88 = LINE('',#89,#90);
#89 = CARTESIAN_POINT('',(-30.15,-15.075,-7.839));
#90 = VECTOR('',#91,1.);
#91 = DIRECTION('',(0.,0.,1.));
#92 = PCURVE('',#32,#93);
#93 = DEFINITIONAL_REPRESENTATION('',(#94),#98);
#94 = LINE('',#95,#96);
#95 = CARTESIAN_POINT('',(0.,-70.35));
#96 = VECTOR('',#97,1.);
#97 = DIRECTION('',(1.,0.));
#98 = ( GEOMETRIC_REPRESENTATION_CONTEXT(2) 
PARAMETRIC_REPRESENTATION_CONTEXT() REPRESENTATION_CONTEXT('2D SPACE',''
  ) );
#99 = PCURVE('',#100,#105);
#100 = PLANE('',#101);
#101 = AXIS2_PLACEMENT_3D('',#102,#103,#104);
#102 = CARTESIAN_POINT('',(-30.15,-15.075,-7.839));
#103 = DIRECTION('',(0.,1.,0.));
#104 = DIRECTION('',(0.,0.,1.));
#105 = DEFINITIONAL_REPRESENTATION('',(#106),#110);
#106 = LINE('',#107,#108);
#107 = CARTESIAN_POINT('',(0.,0.));
#108 = VECTOR('',#109,1.);
#109 = DIRECTION('',(1.,0.));
#110 = ( GEOMETRIC_REPRESENTATION_CONTEXT(2) 
PARAMETRIC_REPRESENTATION_CONTEXT() REPRESENTATION_CONTEXT('2D SPACE',''
  ) );
#111 = ORIENTED_EDGE('',*,*,#112,.F.);
#112 = EDGE_CURVE('',#24,#85,#113,.T.);
#113 = SURFACE_CURVE('',#114,(#118,#125),.PCURVE_S1.);
#114 = LINE('',#115,#116);
#115 = CARTESIAN_POINT('',(-30.15,-85.425,36.381));
#116 = VECTOR('',#117,1.);
#117 = DIRECTION('',(0.,1.,0.));
#118 = PCURVE('',#32,#119);
#119 = DEFINITIONAL_REPRESENTATION('',(#120),#124);
#120 = LINE('',#121,#122);
#121 = CARTESIAN_POINT('',(44.22,0.));
#122 = VECTOR('',#123,1.);
#123 = DIRECTION('',(0.,-1.));
#124 = ( GEOMETRIC_REPRESENTATION_CONTEXT(2) 
PARAMETRIC_REPRESENTATION_CONTEXT() REPRESENTATION_CONTEXT('2D SPACE',''
  ) );
#125 = PCURVE('',#126,#131);
#126 = PLANE('',#127);
#127 = AXIS2_PLACEMENT_3D('',#128,#129,#130);
#128 = CARTESIAN_POINT('',(-30.15,-85.425,36.381));
#129 = DIRECTION('',(0.,0.,1.));
#130 = DIRECTION('',(1.,0.,0.));
#131 = DEFINITIONAL_REPRESENTATION('',(#132),#136);
#132 = LINE('',#133,#134);
#133 = CARTESIAN_POINT('',(0.,0.));
#134 = VECTOR('',#135,1.);
#135 = DIRECTION('',(0.,1.));
#136 = ( GEOMETRIC_REPRESENTATION_CONTEXT(2) 
PARAMETRIC_REPRESENTATION_CONTEXT() REPRESENTATION_CONTEXT('2D SPACE',''
  ) );
#137 = ADVANCED_FACE('',(#138),#44,.F.);
#138 = FACE_BOUND('',#139,.F.);
#139 = EDGE_LOOP('',(#140,#170,#191,#192));
#140 = ORIENTED_EDGE('',*,*,#141,.F.);
#141 = EDGE_CURVE('',#142,#144,#146,.T.);
#142 = VERTEX_POINT('',#143);
#143 = CARTESIAN_POINT('',(30.15,-85.425,14.271));
#144 = VERTEX_POINT('',#145);
#145 = CARTESIAN_POINT('',(30.15,-85.425,36.381));
#146 = SURFACE_CURVE('',#147,(#151,#158),.PCURVE_S1.);
#147 = LINE('',#148,#149);
#148 = CARTESIAN_POINT('',(30.15,-85.425,-7.839));
#149 = VECTOR('',#150,1.);
#150 = DIRECTION('',(0.,0.,1.));
#151 = PCURVE('',#44,#152);
#152 = DEFINITIONAL_REPRESENTATION('',(#153),#157);
#153 = LINE('',#154,#155);
#154 = CARTESIAN_POINT('',(0.,60.3));
#155 = VECTOR('',#156,1.);
#156 = DIRECTION('',(1.,0.));
#157 = ( GEOMETRIC_REPRESENTATION_CONTEXT(2) 
PARAMETRIC_REPRESENTATION_CONTEXT() REPRESENTATION_CONTEXT('2D SPACE',''
  ) );
#158 = PCURVE('',#159,#164);
#159 = PLANE('',#160);
#160 = AXIS2_PLACEMENT_3D('',#161,#162,#163);
#161 = CARTESIAN_POINT('',(30.15,-85.425,-7.839));
#162 = DIRECTION('',(1.,0.,0.));
#163 = DIRECTION('',(0.,0.,1.));
#164 = DEFINITIONAL_REPRESENTATION('',(#165),#169);
#165 = LINE('',#166,#167);
#166 = CARTESIAN_POINT('',(0.,0.));
#167 = VECTOR('',#168,1.);
#168 = DIRECTION('',(1.,0.));
#169 = ( GEOMETRIC_REPRESENTATION_CONTEXT(2) 
PARAMETRIC_REPRESENTATION_CONTEXT() REPRESENTATION_CONTEXT('2D SPACE',''
  ) );
#170 = ORIENTED_EDGE('',*,*,#171,.F.);
#171 = EDGE_CURVE('',#22,#142,#172,.T.);
#172 = SURFACE_CURVE('',#173,(#177,#184),.PCURVE_S1.);
#173 = LINE('',#174,#175);
#174 = CARTESIAN_POINT('',(-115.575,-85.425,14.271));
#175 = VECTOR('',#176,1.);
#176 = DIRECTION('',(1.,0.,0.));
#177 = PCURVE('',#44,#178);
#178 = DEFINITIONAL_REPRESENTATION('',(#179),#183);
#179 = LINE('',#180,#181);
#180 = CARTESIAN_POINT('',(22.11,-85.425));
#181 = VECTOR('',#182,1.);
#182 = DIRECTION('',(0.,1.));
#183 = ( GEOMETRIC_REPRESENTATION_CONTEXT(2) 
PARAMETRIC_REPRESENTATION_CONTEXT() REPRESENTATION_CONTEXT('2D SPACE',''
  ) );
#184 = PCURVE('',#72,#185);
#185 = DEFINITIONAL_REPRESENTATION('',(#186),#190);
#186 = LINE('',#187,#188);
#187 = CARTESIAN_POINT('',(85.425,115.575));
#188 = VECTOR('',#189,1.);
#189 = DIRECTION('',(1.,0.));
#190 = ( GEOMETRIC_REPRESENTATION_CONTEXT(2) 
PARAMETRIC_REPRESENTATION_CONTEXT() REPRESENTATION_CONTEXT('2D SPACE',''
  ) );
#191 = ORIENTED_EDGE('',*,*,#21,.T.);
#192 = ORIENTED_EDGE('',*,*,#193,.T.);
#193 = EDGE_CURVE('',#24,#144,#194,.T.);
#194 = SURFACE_CURVE('',#195,(#199,#206),.PCURVE_S1.);
#195 = LINE('',#196,#197);
#196 = CARTESIAN_POINT('',(-30.15,-85.425,36.381));
#197 = VECTOR('',#198,1.);
#198 = DIRECTION('',(1.,0.,0.));
#199 = PCURVE('',#44,#200);
#200 = DEFINITIONAL_REPRESENTATION('',(#201),#205);
#201 = LINE('',#202,#203);
#202 = CARTESIAN_POINT('',(44.22,0.));
#203 = VECTOR('',#204,1.);
#204 = DIRECTION('',(0.,1.));
#205 = ( GEOMETRIC_REPRESENTATION_CONTEXT(2) 
PARAMETRIC_REPRESENTATION_CONTEXT() REPRESENTATION_CONTEXT('2D SPACE',''
  ) );
#206 = PCURVE('',#126,#207);
#207 = DEFINITIONAL_REPRESENTATION('',(#208),#212);
#208 = LINE('',#209,#210);
#209 = CARTESIAN_POINT('',(0.,0.));
#210 = VECTOR('',#211,1.);
#211 = DIRECTION('',(1.,0.));
#212 = ( GEOMETRIC_REPRESENTATION_CONTEXT(2) 
PARAMETRIC_REPRESENTATION_CONTEXT() REPRESENTATION_CONTEXT('2D SPACE',''
  ) );
#213 = ADVANCED_FACE('',(#214),#126,.T.);
#214 = FACE_BOUND('',#215,.T.);
#215 = EDGE_LOOP('',(#216,#217,#218,#241));
#216 = ORIENTED_EDGE('',*,*,#112,.F.);
#217 = ORIENTED_EDGE('',*,*,#193,.T.);
#218 = ORIENTED_EDGE('',*,*,#219,.T.);
#219 = EDGE_CURVE('',#144,#220,#222,.T.);
#220 = VERTEX_POINT('',#221);
#221 = CARTESIAN_POINT('',(30.15,-15.075,36.381));
#222 = SURFACE_CURVE('',#223,(#227,#234),.PCURVE_S1.);
#223 = LINE('',#224,#225);
#224 = CARTESIAN_POINT('',(30.15,-85.425,36.381));
#225 = VECTOR('',#226,1.);
#226 = DIRECTION('',(0.,1.,0.));
#227 = PCURVE('',#126,#228);
#228 = DEFINITIONAL_REPRESENTATION('',(#229),#233);
#229 = LINE('',#230,#231);
#230 = CARTESIAN_POINT('',(60.3,0.));
#231 = VECTOR('',#232,1.);
#232 = DIRECTION('',(0.,1.));
#233 = ( GEOMETRIC_REPRESENTATION_CONTEXT(2) 
PARAMETRIC_REPRESENTATION_CONTEXT() REPRESENTATION_CONTEXT('2D SPACE',''
  ) );
#234 = PCURVE('',#159,#235);
#235 = DEFINITIONAL_REPRESENTATION('',(#236),#240);
#236 = LINE('',#237,#238);
#237 = CARTESIAN_POINT('',(44.22,0.));
#238 = VECTOR('',#239,1.);
#239 = DIRECTION('',(0.,-1.));
#240 = ( GEOMETRIC_REPRESENTATION_CONTEXT(2) 
PARAMETRIC_REPRESENTATION_CONTEXT() REPRESENTATION_CONTEXT('2D SPACE',''
  ) );
#241 = ORIENTED_EDGE('',*,*,#242,.F.);
#242 = EDGE_CURVE('',#85,#220,#243,.T.);
#243 = SURFACE_CURVE('',#244,(#248,#255),.PCURVE_S1.);
#244 = LINE('',#245,#246);
#245 = CARTESIAN_POINT('',(-30.15,-15.075,36.381));
#246 = VECTOR('',#247,1.);
#247 = DIRECTION('',(1.,0.,0.));
#248 = PCURVE('',#126,#249);
#249 = DEFINITIONAL_REPRESENTATION('',(#250),#254);
#250 = LINE('',#251,#252);
#251 = CARTESIAN_POINT('',(0.,70.35));
#252 = VECTOR('',#253,1.);
#253 = DIRECTION('',(1.,0.));
#254 = ( GEOMETRIC_REPRESENTATION_CONTEXT(2) 
PARAMETRIC_REPRESENTATION_CONTEXT() REPRESENTATION_CONTEXT('2D SPACE',''
  ) );
#255 = PCURVE('',#100,#256);
#256 = DEFINITIONAL_REPRESENTATION('',(#257),#261);
#257 = LINE('',#258,#259);
#258 = CARTESIAN_POINT('',(44.22,0.));
#259 = VECTOR('',#260,1.);
#260 = DIRECTION('',(0.,1.));
#261 = ( GEOMETRIC_REPRESENTATION_CONTEXT(2) 
PARAMETRIC_REPRESENTATION_CONTEXT() REPRESENTATION_CONTEXT('2D SPACE',''
  ) );
#262 = ADVANCED_FACE('',(#263),#100,.T.);
#263 = FACE_BOUND('',#264,.T.);
#264 = EDGE_LOOP('',(#265,#288,#309,#310));
#265 = ORIENTED_EDGE('',*,*,#266,.F.);
#266 = EDGE_CURVE('',#267,#220,#269,.T.);
#267 = VERTEX_POINT('',#268);
#268 = CARTESIAN_POINT('',(30.15,-15.075,14.271));
#269 = SURFACE_CURVE('',#270,(#274,#281),.PCURVE_S1.);
#270 = LINE('',#271,#272);
#271 = CARTESIAN_POINT('',(30.15,-15.075,-7.839));
#272 = VECTOR('',#273,1.);
#273 = DIRECTION('',(0.,0.,1.));
#274 = PCURVE('',#100,#275);
#275 = DEFINITIONAL_REPRESENTATION('',(#276),#280);
#276 = LINE('',#277,#278);
#277 = CARTESIAN_POINT('',(0.,60.3));
#278 = VECTOR('',#279,1.);
#279 = DIRECTION('',(1.,0.));
#280 = ( GEOMETRIC_REPRESENTATION_CONTEXT(2) 
PARAMETRIC_REPRESENTATION_CONTEXT() REPRESENTATION_CONTEXT('2D SPACE',''
  ) );
#281 = PCURVE('',#159,#282);
#282 = DEFINITIONAL_REPRESENTATION('',(#283),#287);
#283 = LINE('',#284,#285);
#284 = CARTESIAN_POINT('',(0.,-70.35));
#285 = VECTOR('',#286,1.);
#286 = DIRECTION('',(1.,0.));
#287 = ( GEOMETRIC_REPRESENTATION_CONTEXT(2) 
PARAMETRIC_REPRESENTATION_CONTEXT() REPRESENTATION_CONTEXT('2D SPACE',''
  ) );
#288 = ORIENTED_EDGE('',*,*,#289,.F.);
#289 = EDGE_CURVE('',#57,#267,#290,.T.);
#290 = SURFACE_CURVE('',#291,(#295,#302),.PCURVE_S1.);
#291 = LINE('',#292,#293);
#292 = CARTESIAN_POINT('',(-115.575,-15.075,14.271));
#293 = VECTOR('',#294,1.);
#294 = DIRECTION('',(1.,0.,0.));
#295 = PCURVE('',#100,#296);
#296 = DEFINITIONAL_REPRESENTATION('',(#297),#301);
#297 = LINE('',#298,#299);
#298 = CARTESIAN_POINT('',(22.11,-85.425));
#299 = VECTOR('',#300,1.);
#300 = DIRECTION('',(0.,1.));
#301 = ( GEOMETRIC_REPRESENTATION_CONTEXT(2) 
PARAMETRIC_REPRESENTATION_CONTEXT() REPRESENTATION_CONTEXT('2D SPACE',''
  ) );
#302 = PCURVE('',#72,#303);
#303 = DEFINITIONAL_REPRESENTATION('',(#304),#308);
#304 = LINE('',#305,#306);
#305 = CARTESIAN_POINT('',(85.425,185.925));
#306 = VECTOR('',#307,1.);
#307 = DIRECTION('',(1.,0.));
#308 = ( GEOMETRIC_REPRESENTATION_CONTEXT(2) 
PARAMETRIC_REPRESENTATION_CONTEXT() REPRESENTATION_CONTEXT('2D SPACE',''
  ) );
#309 = ORIENTED_EDGE('',*,*,#84,.T.);
#310 = ORIENTED_EDGE('',*,*,#242,.T.);
#311 = ADVANCED_FACE('',(#312,#338),#72,.F.);
#312 = FACE_BOUND('',#313,.F.);
#313 = EDGE_LOOP('',(#314,#315,#316,#317));
#314 = ORIENTED_EDGE('',*,*,#289,.F.);
#315 = ORIENTED_EDGE('',*,*,#56,.T.);
#316 = ORIENTED_EDGE('',*,*,#171,.T.);
#317 = ORIENTED_EDGE('',*,*,#318,.F.);
#318 = EDGE_CURVE('',#267,#142,#319,.T.);
#319 = SURFACE_CURVE('',#320,(#324,#331),.PCURVE_S1.);
#320 = LINE('',#321,#322);
#321 = CARTESIAN_POINT('',(30.15,-143.2125,14.271));
#322 = VECTOR('',#323,1.);
#323 = DIRECTION('',(0.,-1.,0.));
#324 = PCURVE('',#72,#325);
#325 = DEFINITIONAL_REPRESENTATION('',(#326),#330);
#326 = LINE('',#327,#328);
#327 = CARTESIAN_POINT('',(231.15,57.7875));
#328 = VECTOR('',#329,1.);
#329 = DIRECTION('',(0.,-1.));
#330 = ( GEOMETRIC_REPRESENTATION_CONTEXT(2) 
PARAMETRIC_REPRESENTATION_CONTEXT() REPRESENTATION_CONTEXT('2D SPACE',''
  ) );
#331 = PCURVE('',#159,#332);
#332 = DEFINITIONAL_REPRESENTATION('',(#333),#337);
#333 = LINE('',#334,#335);
#334 = CARTESIAN_POINT('',(22.11,57.7875));
#335 = VECTOR('',#336,1.);
#336 = DIRECTION('',(0.,1.));
#337 = ( GEOMETRIC_REPRESENTATION_CONTEXT(2) 
PARAMETRIC_REPRESENTATION_CONTEXT() REPRESENTATION_CONTEXT('2D SPACE',''
  ) );
#338 = FACE_BOUND('',#339,.F.);
#339 = EDGE_LOOP('',(#340,#367,#392,#417,#445,#473,#501,#526,#551,#576,
    #601,#629,#654,#679,#704,#729,#757,#785,#813,#838,#866,#894,#922,
    #947));
#340 = ORIENTED_EDGE('',*,*,#341,.T.);
#341 = EDGE_CURVE('',#342,#344,#346,.T.);
#342 = VERTEX_POINT('',#343);
#343 = CARTESIAN_POINT('',(12.059982462044,-70.34998246204,14.271));
#344 = VERTEX_POINT('',#345);
#345 = CARTESIAN_POINT('',(-12.05998246204,-70.34998246204,14.271));
#346 = SURFACE_CURVE('',#347,(#350,#356),.PCURVE_S1.);
#347 = B_SPLINE_CURVE_WITH_KNOTS('',1,(#348,#349),.UNSPECIFIED.,.F.,.F.,
  (2,2),(0.,1.),.PIECEWISE_BEZIER_KNOTS.);
#348 = CARTESIAN_POINT('',(12.059982462044,-70.34998246204,14.271));
#349 = CARTESIAN_POINT('',(-12.05998246204,-70.34998246204,14.271));
#350 = PCURVE('',#72,#351);
#351 = DEFINITIONAL_REPRESENTATION('',(#352),#355);
#352 = B_SPLINE_CURVE_WITH_KNOTS('',1,(#353,#354),.UNSPECIFIED.,.F.,.F.,
  (2,2),(0.,1.),.PIECEWISE_BEZIER_KNOTS.);
#353 = CARTESIAN_POINT('',(213.05998246204,130.65001753795));
#354 = CARTESIAN_POINT('',(188.94001753795,130.65001753795));
#355 = ( GEOMETRIC_REPRESENTATION_CONTEXT(2) 
PARAMETRIC_REPRESENTATION_CONTEXT() REPRESENTATION_CONTEXT('2D SPACE',''
  ) );
#356 = PCURVE('',#357,#362);
#357 = B_SPLINE_SURFACE_WITH_KNOTS('',1,1,(
    (#358,#359)
    ,(#360,#361
    )),.UNSPECIFIED.,.F.,.F.,.F.,(2,2),(2,2),(-12.,12.),(0.,1.),
  .PIECEWISE_BEZIER_KNOTS.);
#358 = CARTESIAN_POINT('',(-11.98983063898,-70.27983063898,10.251));
#359 = CARTESIAN_POINT('',(-12.06,-70.35,14.272005));
#360 = CARTESIAN_POINT('',(11.989830638989,-70.27983063898,10.251));
#361 = CARTESIAN_POINT('',(12.06,-70.35,14.272005));
#362 = DEFINITIONAL_REPRESENTATION('',(#363),#366);
#363 = B_SPLINE_CURVE_WITH_KNOTS('',1,(#364,#365),.UNSPECIFIED.,.F.,.F.,
  (2,2),(0.,1.),.PIECEWISE_BEZIER_KNOTS.);
#364 = CARTESIAN_POINT('',(11.999999999747,0.999750062484));
#365 = CARTESIAN_POINT('',(-11.99999999929,0.999750062484));
#366 = ( GEOMETRIC_REPRESENTATION_CONTEXT(2) 
PARAMETRIC_REPRESENTATION_CONTEXT() REPRESENTATION_CONTEXT('2D SPACE',''
  ) );
#367 = ORIENTED_EDGE('',*,*,#368,.T.);
#368 = EDGE_CURVE('',#344,#369,#371,.T.);
#369 = VERTEX_POINT('',#370);
#370 = CARTESIAN_POINT('',(-12.05998246204,-61.80751753795,14.271));
#371 = SURFACE_CURVE('',#372,(#375,#381),.PCURVE_S1.);
#372 = B_SPLINE_CURVE_WITH_KNOTS('',1,(#373,#374),.UNSPECIFIED.,.F.,.F.,
  (2,2),(0.,1.),.PIECEWISE_BEZIER_KNOTS.);
#373 = CARTESIAN_POINT('',(-12.05998246204,-70.34998246204,14.271));
#374 = CARTESIAN_POINT('',(-12.05998246204,-61.80751753795,14.271));
#375 = PCURVE('',#72,#376);
#376 = DEFINITIONAL_REPRESENTATION('',(#377),#380);
#377 = B_SPLINE_CURVE_WITH_KNOTS('',1,(#378,#379),.UNSPECIFIED.,.F.,.F.,
  (2,2),(0.,1.),.PIECEWISE_BEZIER_KNOTS.);
#378 = CARTESIAN_POINT('',(188.94001753795,130.65001753795));
#379 = CARTESIAN_POINT('',(188.94001753795,139.19248246204));
#380 = ( GEOMETRIC_REPRESENTATION_CONTEXT(2) 
PARAMETRIC_REPRESENTATION_CONTEXT() REPRESENTATION_CONTEXT('2D SPACE',''
  ) );
#381 = PCURVE('',#382,#387);
#382 = B_SPLINE_SURFACE_WITH_KNOTS('',1,1,(
    (#383,#384)
    ,(#385,#386
    )),.UNSPECIFIED.,.F.,.F.,.F.,(2,2),(2,2),(-4.25,4.25),(0.,1.),
  .PIECEWISE_BEZIER_KNOTS.);
#383 = CARTESIAN_POINT('',(-11.98983063898,-61.87766936101,10.251));
#384 = CARTESIAN_POINT('',(-12.06,-61.8075,14.272005));
#385 = CARTESIAN_POINT('',(-11.98983063898,-70.27983063898,10.251));
#386 = CARTESIAN_POINT('',(-12.06,-70.35,14.272005));
#387 = DEFINITIONAL_REPRESENTATION('',(#388),#391);
#388 = B_SPLINE_CURVE_WITH_KNOTS('',1,(#389,#390),.UNSPECIFIED.,.F.,.F.,
  (2,2),(0.,1.),.PIECEWISE_BEZIER_KNOTS.);
#389 = CARTESIAN_POINT('',(4.24999999975,0.999750062484));
#390 = CARTESIAN_POINT('',(-4.24999999991,0.999750062484));
#391 = ( GEOMETRIC_REPRESENTATION_CONTEXT(2) 
PARAMETRIC_REPRESENTATION_CONTEXT() REPRESENTATION_CONTEXT('2D SPACE',''
  ) );
#392 = ORIENTED_EDGE('',*,*,#393,.T.);
#393 = EDGE_CURVE('',#369,#394,#396,.T.);
#394 = VERTEX_POINT('',#395);
#395 = CARTESIAN_POINT('',(-10.70976425487,-61.80751753795,14.271));
#396 = SURFACE_CURVE('',#397,(#400,#406),.PCURVE_S1.);
#397 = B_SPLINE_CURVE_WITH_KNOTS('',1,(#398,#399),.UNSPECIFIED.,.F.,.F.,
  (2,2),(0.,1.),.PIECEWISE_BEZIER_KNOTS.);
#398 = CARTESIAN_POINT('',(-12.05998246204,-61.80751753795,14.271));
#399 = CARTESIAN_POINT('',(12.059982462044,-61.80751753795,14.271));
#400 = PCURVE('',#72,#401);
#401 = DEFINITIONAL_REPRESENTATION('',(#402),#405);
#402 = B_SPLINE_CURVE_WITH_KNOTS('',1,(#403,#404),.UNSPECIFIED.,.F.,.F.,
  (2,2),(0.,1.),.PIECEWISE_BEZIER_KNOTS.);
#403 = CARTESIAN_POINT('',(188.94001753795,139.19248246204));
#404 = CARTESIAN_POINT('',(213.05998246204,139.19248246204));
#405 = ( GEOMETRIC_REPRESENTATION_CONTEXT(2) 
PARAMETRIC_REPRESENTATION_CONTEXT() REPRESENTATION_CONTEXT('2D SPACE',''
  ) );
#406 = PCURVE('',#407,#412);
#407 = B_SPLINE_SURFACE_WITH_KNOTS('',1,1,(
    (#408,#409)
    ,(#410,#411
    )),.UNSPECIFIED.,.F.,.F.,.F.,(2,2),(2,2),(-12.,12.),(0.,1.),
  .PIECEWISE_BEZIER_KNOTS.);
#408 = CARTESIAN_POINT('',(11.989830638989,-61.87766936101,10.251));
#409 = CARTESIAN_POINT('',(12.06,-61.8075,14.272005));
#410 = CARTESIAN_POINT('',(-11.98983063898,-61.87766936101,10.251));
#411 = CARTESIAN_POINT('',(-12.06,-61.8075,14.272005));
#412 = DEFINITIONAL_REPRESENTATION('',(#413),#416);
#413 = B_SPLINE_CURVE_WITH_KNOTS('',1,(#414,#415),.UNSPECIFIED.,.F.,.F.,
  (2,2),(0.,5.597927739184E-02),.PIECEWISE_BEZIER_KNOTS.);
#414 = CARTESIAN_POINT('',(11.999999999294,0.999750062484));
#415 = CARTESIAN_POINT('',(10.656497341944,0.999750062484));
#416 = ( GEOMETRIC_REPRESENTATION_CONTEXT(2) 
PARAMETRIC_REPRESENTATION_CONTEXT() REPRESENTATION_CONTEXT('2D SPACE',''
  ) );
#417 = ORIENTED_EDGE('',*,*,#418,.T.);
#418 = EDGE_CURVE('',#394,#419,#421,.T.);
#419 = VERTEX_POINT('',#420);
#420 = CARTESIAN_POINT('',(-9.8021,-60.4005,14.271));
#421 = SURFACE_CURVE('',#422,(#426,#433),.PCURVE_S1.);
#422 = LINE('',#423,#424);
#423 = CARTESIAN_POINT('',(-69.91846228236,-153.5899977629,14.271));
#424 = VECTOR('',#425,1.);
#425 = DIRECTION('',(0.542089339284,0.840320860288,-0.));
#426 = PCURVE('',#72,#427);
#427 = DEFINITIONAL_REPRESENTATION('',(#428),#432);
#428 = LINE('',#429,#430);
#429 = CARTESIAN_POINT('',(131.08153771763,47.410002237058));
#430 = VECTOR('',#431,1.);
#431 = DIRECTION('',(0.542089339284,0.840320860288));
#432 = ( GEOMETRIC_REPRESENTATION_CONTEXT(2) 
PARAMETRIC_REPRESENTATION_CONTEXT() REPRESENTATION_CONTEXT('2D SPACE',''
  ) );
#433 = PCURVE('',#434,#439);
#434 = PLANE('',#435);
#435 = AXIS2_PLACEMENT_3D('',#436,#437,#438);
#436 = CARTESIAN_POINT('',(-9.8021,-60.4005,14.271));
#437 = DIRECTION('',(0.840320860288,-0.542089339284,0.));
#438 = DIRECTION('',(0.,-0.,-1.));
#439 = DEFINITIONAL_REPRESENTATION('',(#440),#444);
#440 = LINE('',#441,#442);
#441 = CARTESIAN_POINT('',(1.06581410364E-14,-110.8975180397));
#442 = VECTOR('',#443,1.);
#443 = DIRECTION('',(0.,1.));
#444 = ( GEOMETRIC_REPRESENTATION_CONTEXT(2) 
PARAMETRIC_REPRESENTATION_CONTEXT() REPRESENTATION_CONTEXT('2D SPACE',''
  ) );
#445 = ORIENTED_EDGE('',*,*,#446,.T.);
#446 = EDGE_CURVE('',#419,#447,#449,.T.);
#447 = VERTEX_POINT('',#448);
#448 = CARTESIAN_POINT('',(-9.65135,-60.04875,14.271));
#449 = SURFACE_CURVE('',#450,(#454,#461),.PCURVE_S1.);
#450 = LINE('',#451,#452);
#451 = CARTESIAN_POINT('',(-50.0144025862,-154.2292060344,14.271));
#452 = VECTOR('',#453,1.);
#453 = DIRECTION('',(0.393919298579,0.919145030018,-0.));
#454 = PCURVE('',#72,#455);
#455 = DEFINITIONAL_REPRESENTATION('',(#456),#460);
#456 = LINE('',#457,#458);
#457 = CARTESIAN_POINT('',(150.98559741379,46.770793965517));
#458 = VECTOR('',#459,1.);
#459 = DIRECTION('',(0.393919298579,0.919145030018));
#460 = ( GEOMETRIC_REPRESENTATION_CONTEXT(2) 
PARAMETRIC_REPRESENTATION_CONTEXT() REPRESENTATION_CONTEXT('2D SPACE',''
  ) );
#461 = PCURVE('',#462,#467);
#462 = PLANE('',#463);
#463 = AXIS2_PLACEMENT_3D('',#464,#465,#466);
#464 = CARTESIAN_POINT('',(-9.65135,-60.04875,14.271));
#465 = DIRECTION('',(0.919145030018,-0.393919298579,0.));
#466 = DIRECTION('',(0.,-0.,-1.));
#467 = DEFINITIONAL_REPRESENTATION('',(#468),#472);
#468 = LINE('',#469,#470);
#469 = CARTESIAN_POINT('',(1.06581410364E-14,-102.4652834522));
#470 = VECTOR('',#471,1.);
#471 = DIRECTION('',(0.,1.));
#472 = ( GEOMETRIC_REPRESENTATION_CONTEXT(2) 
PARAMETRIC_REPRESENTATION_CONTEXT() REPRESENTATION_CONTEXT('2D SPACE',''
  ) );
#473 = ORIENTED_EDGE('',*,*,#474,.T.);
#474 = EDGE_CURVE('',#447,#475,#477,.T.);
#475 = VERTEX_POINT('',#476);
#476 = CARTESIAN_POINT('',(-7.085232469017,-60.04875,14.271000041979));
#477 = SURFACE_CURVE('',#478,(#482,#489),.PCURVE_S1.);
#478 = LINE('',#479,#480);
#479 = CARTESIAN_POINT('',(-105.2302,-60.04875,14.271));
#480 = VECTOR('',#481,1.);
#481 = DIRECTION('',(1.,0.,-0.));
#482 = PCURVE('',#72,#483);
#483 = DEFINITIONAL_REPRESENTATION('',(#484),#488);
#484 = LINE('',#485,#486);
#485 = CARTESIAN_POINT('',(95.7698,140.95125));
#486 = VECTOR('',#487,1.);
#487 = DIRECTION('',(1.,0.));
#488 = ( GEOMETRIC_REPRESENTATION_CONTEXT(2) 
PARAMETRIC_REPRESENTATION_CONTEXT() REPRESENTATION_CONTEXT('2D SPACE',''
  ) );
#489 = PCURVE('',#490,#495);
#490 = PLANE('',#491);
#491 = AXIS2_PLACEMENT_3D('',#492,#493,#494);
#492 = CARTESIAN_POINT('',(-9.4604,-60.04875,14.26095));
#493 = DIRECTION('',(0.,-1.,0.));
#494 = DIRECTION('',(1.,0.,0.));
#495 = DEFINITIONAL_REPRESENTATION('',(#496),#500);
#496 = LINE('',#497,#498);
#497 = CARTESIAN_POINT('',(-95.7698,1.004999999999E-02));
#498 = VECTOR('',#499,1.);
#499 = DIRECTION('',(1.,0.));
#500 = ( GEOMETRIC_REPRESENTATION_CONTEXT(2) 
PARAMETRIC_REPRESENTATION_CONTEXT() REPRESENTATION_CONTEXT('2D SPACE',''
  ) );
#501 = ORIENTED_EDGE('',*,*,#502,.T.);
#502 = EDGE_CURVE('',#475,#503,#505,.T.);
#503 = VERTEX_POINT('',#504);
#504 = CARTESIAN_POINT('',(-7.085232469017,-25.17526753098,
    14.271000041979));
#505 = SURFACE_CURVE('',#506,(#509,#515),.PCURVE_S1.);
#506 = B_SPLINE_CURVE_WITH_KNOTS('',1,(#507,#508),.UNSPECIFIED.,.F.,.F.,
  (2,2),(0.,1.),.PIECEWISE_BEZIER_KNOTS.);
#507 = CARTESIAN_POINT('',(-7.085232469017,-62.30998246901,
    14.271000041979));
#508 = CARTESIAN_POINT('',(-7.085232469017,-25.17526753098,
    14.271000041979));
#509 = PCURVE('',#72,#510);
#510 = DEFINITIONAL_REPRESENTATION('',(#511),#514);
#511 = B_SPLINE_CURVE_WITH_KNOTS('',1,(#512,#513),.UNSPECIFIED.,.F.,.F.,
  (2,2),(0.,1.),.PIECEWISE_BEZIER_KNOTS.);
#512 = CARTESIAN_POINT('',(193.91476753098,138.69001753098));
#513 = CARTESIAN_POINT('',(193.91476753098,175.82473246901));
#514 = ( GEOMETRIC_REPRESENTATION_CONTEXT(2) 
PARAMETRIC_REPRESENTATION_CONTEXT() REPRESENTATION_CONTEXT('2D SPACE',''
  ) );
#515 = PCURVE('',#516,#521);
#516 = B_SPLINE_SURFACE_WITH_KNOTS('',1,1,(
    (#517,#518)
    ,(#519,#520
  )),.UNSPECIFIED.,.F.,.F.,.F.,(2,2),(2,2),(-18.475,18.475),(0.,1.),
  .PIECEWISE_BEZIER_KNOTS.);
#517 = CARTESIAN_POINT('',(-7.056305138583,-25.20419486141,12.61275));
#518 = CARTESIAN_POINT('',(-7.08525,-25.17525,14.272005));
#519 = CARTESIAN_POINT('',(-7.056305138583,-62.28105513858,12.61275));
#520 = CARTESIAN_POINT('',(-7.08525,-62.31,14.272005));
#521 = DEFINITIONAL_REPRESENTATION('',(#522),#525);
#522 = B_SPLINE_CURVE_WITH_KNOTS('',1,(#523,#524),.UNSPECIFIED.,.F.,.F.,
  (2,2),(6.089268418488E-02,1.),.PIECEWISE_BEZIER_KNOTS.);
#523 = CARTESIAN_POINT('',(16.225015318226,0.999394331781));
#524 = CARTESIAN_POINT('',(-18.47499999975,0.999394331781));
#525 = ( GEOMETRIC_REPRESENTATION_CONTEXT(2) 
PARAMETRIC_REPRESENTATION_CONTEXT() REPRESENTATION_CONTEXT('2D SPACE',''
  ) );
#526 = ORIENTED_EDGE('',*,*,#527,.T.);
#527 = EDGE_CURVE('',#503,#528,#530,.T.);
#528 = VERTEX_POINT('',#529);
#529 = CARTESIAN_POINT('',(7.085232469017,-25.17526753098,
    14.271000041979));
#530 = SURFACE_CURVE('',#531,(#534,#540),.PCURVE_S1.);
#531 = B_SPLINE_CURVE_WITH_KNOTS('',1,(#532,#533),.UNSPECIFIED.,.F.,.F.,
  (2,2),(0.,1.),.PIECEWISE_BEZIER_KNOTS.);
#532 = CARTESIAN_POINT('',(-7.085232469017,-25.17526753098,
    14.271000041979));
#533 = CARTESIAN_POINT('',(7.085232469017,-25.17526753098,
    14.271000041979));
#534 = PCURVE('',#72,#535);
#535 = DEFINITIONAL_REPRESENTATION('',(#536),#539);
#536 = B_SPLINE_CURVE_WITH_KNOTS('',1,(#537,#538),.UNSPECIFIED.,.F.,.F.,
  (2,2),(0.,1.),.PIECEWISE_BEZIER_KNOTS.);
#537 = CARTESIAN_POINT('',(193.91476753098,175.82473246901));
#538 = CARTESIAN_POINT('',(208.08523246901,175.82473246901));
#539 = ( GEOMETRIC_REPRESENTATION_CONTEXT(2) 
PARAMETRIC_REPRESENTATION_CONTEXT() REPRESENTATION_CONTEXT('2D SPACE',''
  ) );
#540 = PCURVE('',#541,#546);
#541 = B_SPLINE_SURFACE_WITH_KNOTS('',1,1,(
    (#542,#543)
    ,(#544,#545
    )),.UNSPECIFIED.,.F.,.F.,.F.,(2,2),(2,2),(-7.05,7.05),(0.,1.),
  .PIECEWISE_BEZIER_KNOTS.);
#542 = CARTESIAN_POINT('',(7.056305138583,-25.20419486141,12.61275));
#543 = CARTESIAN_POINT('',(7.08525,-25.17525,14.272005));
#544 = CARTESIAN_POINT('',(-7.056305138583,-25.20419486141,12.61275));
#545 = CARTESIAN_POINT('',(-7.08525,-25.17525,14.272005));
#546 = DEFINITIONAL_REPRESENTATION('',(#547),#550);
#547 = B_SPLINE_CURVE_WITH_KNOTS('',1,(#548,#549),.UNSPECIFIED.,.F.,.F.,
  (2,2),(0.,1.),.PIECEWISE_BEZIER_KNOTS.);
#548 = CARTESIAN_POINT('',(7.04999999938,0.999394331781));
#549 = CARTESIAN_POINT('',(-7.049999999788,0.999394331781));
#550 = ( GEOMETRIC_REPRESENTATION_CONTEXT(2) 
PARAMETRIC_REPRESENTATION_CONTEXT() REPRESENTATION_CONTEXT('2D SPACE',''
  ) );
#551 = ORIENTED_EDGE('',*,*,#552,.T.);
#552 = EDGE_CURVE('',#528,#553,#555,.T.);
#553 = VERTEX_POINT('',#554);
#554 = CARTESIAN_POINT('',(7.085232469017,-34.57198246832,
    14.271000039504));
#555 = SURFACE_CURVE('',#556,(#559,#565),.PCURVE_S1.);
#556 = B_SPLINE_CURVE_WITH_KNOTS('',1,(#557,#558),.UNSPECIFIED.,.F.,.F.,
  (2,2),(0.,1.),.PIECEWISE_BEZIER_KNOTS.);
#557 = CARTESIAN_POINT('',(7.085232469017,-25.17526753098,
    14.271000041979));
#558 = CARTESIAN_POINT('',(7.085232469017,-62.30998246901,
    14.271000041979));
#559 = PCURVE('',#72,#560);
#560 = DEFINITIONAL_REPRESENTATION('',(#561),#564);
#561 = B_SPLINE_CURVE_WITH_KNOTS('',1,(#562,#563),.UNSPECIFIED.,.F.,.F.,
  (2,2),(0.,1.),.PIECEWISE_BEZIER_KNOTS.);
#562 = CARTESIAN_POINT('',(208.08523246901,175.82473246901));
#563 = CARTESIAN_POINT('',(208.08523246901,138.69001753098));
#564 = ( GEOMETRIC_REPRESENTATION_CONTEXT(2) 
PARAMETRIC_REPRESENTATION_CONTEXT() REPRESENTATION_CONTEXT('2D SPACE',''
  ) );
#565 = PCURVE('',#566,#571);
#566 = B_SPLINE_SURFACE_WITH_KNOTS('',1,1,(
    (#567,#568)
    ,(#569,#570
  )),.UNSPECIFIED.,.F.,.F.,.F.,(2,2),(2,2),(-18.475,18.475),(0.,1.),
  .PIECEWISE_BEZIER_KNOTS.);
#567 = CARTESIAN_POINT('',(7.056305138583,-62.28105513858,12.61275));
#568 = CARTESIAN_POINT('',(7.08525,-62.31,14.272005));
#569 = CARTESIAN_POINT('',(7.056305138583,-25.20419486141,12.61275));
#570 = CARTESIAN_POINT('',(7.08525,-25.17525,14.272005));
#571 = DEFINITIONAL_REPRESENTATION('',(#572),#575);
#572 = B_SPLINE_CURVE_WITH_KNOTS('',1,(#573,#574),.UNSPECIFIED.,.F.,.F.,
  (2,2),(0.,0.253043949658),.PIECEWISE_BEZIER_KNOTS.);
#573 = CARTESIAN_POINT('',(18.474999998767,0.999394331781));
#574 = CARTESIAN_POINT('',(9.125026059282,0.999394331781));
#575 = ( GEOMETRIC_REPRESENTATION_CONTEXT(2) 
PARAMETRIC_REPRESENTATION_CONTEXT() REPRESENTATION_CONTEXT('2D SPACE',''
  ) );
#576 = ORIENTED_EDGE('',*,*,#577,.T.);
#577 = EDGE_CURVE('',#553,#578,#580,.T.);
#578 = VERTEX_POINT('',#579);
#579 = CARTESIAN_POINT('',(5.376732468324,-34.57198246832,
    14.271000037028));
#580 = SURFACE_CURVE('',#581,(#584,#590),.PCURVE_S1.);
#581 = B_SPLINE_CURVE_WITH_KNOTS('',1,(#582,#583),.UNSPECIFIED.,.F.,.F.,
  (2,2),(0.,1.),.PIECEWISE_BEZIER_KNOTS.);
#582 = CARTESIAN_POINT('',(7.386767531676,-34.57198246832,
    14.271000037028));
#583 = CARTESIAN_POINT('',(5.376732468324,-34.57198246832,
    14.271000037028));
#584 = PCURVE('',#72,#585);
#585 = DEFINITIONAL_REPRESENTATION('',(#586),#589);
#586 = B_SPLINE_CURVE_WITH_KNOTS('',1,(#587,#588),.UNSPECIFIED.,.F.,.F.,
  (2,2),(0.,1.),.PIECEWISE_BEZIER_KNOTS.);
#587 = CARTESIAN_POINT('',(208.38676753167,166.42801753167));
#588 = CARTESIAN_POINT('',(206.37673246832,166.42801753167));
#589 = ( GEOMETRIC_REPRESENTATION_CONTEXT(2) 
PARAMETRIC_REPRESENTATION_CONTEXT() REPRESENTATION_CONTEXT('2D SPACE',''
  ) );
#590 = PCURVE('',#591,#596);
#591 = B_SPLINE_SURFACE_WITH_KNOTS('',1,1,(
    (#592,#593)
    ,(#594,#595
    )),.UNSPECIFIED.,.F.,.F.,.F.,(2,2),(2,2),(-1.027055350639,
    1.027055350639),(0.,1.),.PIECEWISE_BEZIER_KNOTS.);
#592 = CARTESIAN_POINT('',(7.38675,-34.572,14.269995));
#593 = CARTESIAN_POINT('',(7.413940627392,-34.5448093726,15.82875));
#594 = CARTESIAN_POINT('',(5.37675,-34.572,14.269995));
#595 = CARTESIAN_POINT('',(5.349559372608,-34.5448093726,15.82875));
#596 = DEFINITIONAL_REPRESENTATION('',(#597),#600);
#597 = B_SPLINE_CURVE_WITH_KNOTS('',1,(#598,#599),.UNSPECIFIED.,.F.,.F.,
  (2,2),(0.150014827182,1.),.PIECEWISE_BEZIER_KNOTS.);
#598 = CARTESIAN_POINT('',(-0.718908288774,6.447690805302E-04));
#599 = CARTESIAN_POINT('',(1.027055350639,6.447690805307E-04));
#600 = ( GEOMETRIC_REPRESENTATION_CONTEXT(2) 
PARAMETRIC_REPRESENTATION_CONTEXT() REPRESENTATION_CONTEXT('2D SPACE',''
  ) );
#601 = ORIENTED_EDGE('',*,*,#602,.T.);
#602 = EDGE_CURVE('',#578,#603,#605,.T.);
#603 = VERTEX_POINT('',#604);
#604 = CARTESIAN_POINT('',(5.376732468324,-48.24001753167,
    14.271000037028));
#605 = SURFACE_CURVE('',#606,(#610,#617),.PCURVE_S1.);
#606 = LINE('',#607,#608);
#607 = CARTESIAN_POINT('',(5.376732468324,-34.57198246832,
    14.271000037028));
#608 = VECTOR('',#609,1.);
#609 = DIRECTION('',(0.,-1.,0.));
#610 = PCURVE('',#72,#611);
#611 = DEFINITIONAL_REPRESENTATION('',(#612),#616);
#612 = LINE('',#613,#614);
#613 = CARTESIAN_POINT('',(206.37673246832,166.42801753167));
#614 = VECTOR('',#615,1.);
#615 = DIRECTION('',(0.,-1.));
#616 = ( GEOMETRIC_REPRESENTATION_CONTEXT(2) 
PARAMETRIC_REPRESENTATION_CONTEXT() REPRESENTATION_CONTEXT('2D SPACE',''
  ) );
#617 = PCURVE('',#618,#623);
#618 = PLANE('',#619);
#619 = AXIS2_PLACEMENT_3D('',#620,#621,#622);
#620 = CARTESIAN_POINT('',(5.363154686304,-34.82325,15.0493725));
#621 = DIRECTION('',(-0.999847891444,-2.002216934479E-17,
    -1.744115750382E-02));
#622 = DIRECTION('',(2.755493718392E-17,-1.,-4.316557829248E-16));
#623 = DEFINITIONAL_REPRESENTATION('',(#624),#628);
#624 = LINE('',#625,#626);
#625 = CARTESIAN_POINT('',(-0.251267531676,-0.778490878095));
#626 = VECTOR('',#627,1.);
#627 = DIRECTION('',(1.,4.320707143863E-16));
#628 = ( GEOMETRIC_REPRESENTATION_CONTEXT(2) 
PARAMETRIC_REPRESENTATION_CONTEXT() REPRESENTATION_CONTEXT('2D SPACE',''
  ) );
#629 = ORIENTED_EDGE('',*,*,#630,.T.);
#630 = EDGE_CURVE('',#603,#631,#633,.T.);
#631 = VERTEX_POINT('',#632);
#632 = CARTESIAN_POINT('',(5.979767531676,-48.24001753167,
    14.271000037028));
#633 = SURFACE_CURVE('',#634,(#637,#643),.PCURVE_S1.);
#634 = B_SPLINE_CURVE_WITH_KNOTS('',1,(#635,#636),.UNSPECIFIED.,.F.,.F.,
  (2,2),(0.,1.),.PIECEWISE_BEZIER_KNOTS.);
#635 = CARTESIAN_POINT('',(5.376732468324,-48.24001753167,
    14.271000037028));
#636 = CARTESIAN_POINT('',(5.979767531676,-48.24001753167,
    14.271000037028));
#637 = PCURVE('',#72,#638);
#638 = DEFINITIONAL_REPRESENTATION('',(#639),#642);
#639 = B_SPLINE_CURVE_WITH_KNOTS('',1,(#640,#641),.UNSPECIFIED.,.F.,.F.,
  (2,2),(0.,1.),.PIECEWISE_BEZIER_KNOTS.);
#640 = CARTESIAN_POINT('',(206.37673246832,152.75998246832));
#641 = CARTESIAN_POINT('',(206.97976753167,152.75998246832));
#642 = ( GEOMETRIC_REPRESENTATION_CONTEXT(2) 
PARAMETRIC_REPRESENTATION_CONTEXT() REPRESENTATION_CONTEXT('2D SPACE',''
  ) );
#643 = PCURVE('',#644,#649);
#644 = B_SPLINE_SURFACE_WITH_KNOTS('',1,1,(
    (#645,#646)
    ,(#647,#648
    )),.UNSPECIFIED.,.F.,.F.,.F.,(2,2),(2,2),(-0.327055350639,
    0.327055350639),(0.,1.),.PIECEWISE_BEZIER_KNOTS.);
#645 = CARTESIAN_POINT('',(5.37675,-48.24,14.269995));
#646 = CARTESIAN_POINT('',(5.349559372608,-48.26719062739,15.82875));
#647 = CARTESIAN_POINT('',(5.97975,-48.24,14.269995));
#648 = CARTESIAN_POINT('',(6.006940627392,-48.26719062739,15.82875));
#649 = DEFINITIONAL_REPRESENTATION('',(#650),#653);
#650 = B_SPLINE_CURVE_WITH_KNOTS('',1,(#651,#652),.UNSPECIFIED.,.F.,.F.,
  (2,2),(0.,1.),.PIECEWISE_BEZIER_KNOTS.);
#651 = CARTESIAN_POINT('',(-0.327055350639,6.44769080596E-04));
#652 = CARTESIAN_POINT('',(0.327055350639,6.44769080596E-04));
#653 = ( GEOMETRIC_REPRESENTATION_CONTEXT(2) 
PARAMETRIC_REPRESENTATION_CONTEXT() REPRESENTATION_CONTEXT('2D SPACE',''
  ) );
#654 = ORIENTED_EDGE('',*,*,#655,.T.);
#655 = EDGE_CURVE('',#631,#656,#658,.T.);
#656 = VERTEX_POINT('',#657);
#657 = CARTESIAN_POINT('',(5.979767531676,-35.07451753167,
    14.271000037028));
#658 = SURFACE_CURVE('',#659,(#662,#668),.PCURVE_S1.);
#659 = B_SPLINE_CURVE_WITH_KNOTS('',1,(#660,#661),.UNSPECIFIED.,.F.,.F.,
  (2,2),(0.,1.),.PIECEWISE_BEZIER_KNOTS.);
#660 = CARTESIAN_POINT('',(5.979767531676,-48.24001753167,
    14.271000037028));
#661 = CARTESIAN_POINT('',(5.979767531676,-35.07448246832,
    14.271000037028));
#662 = PCURVE('',#72,#663);
#663 = DEFINITIONAL_REPRESENTATION('',(#664),#667);
#664 = B_SPLINE_CURVE_WITH_KNOTS('',1,(#665,#666),.UNSPECIFIED.,.F.,.F.,
  (2,2),(0.,1.),.PIECEWISE_BEZIER_KNOTS.);
#665 = CARTESIAN_POINT('',(206.97976753167,152.75998246832));
#666 = CARTESIAN_POINT('',(206.97976753167,165.92551753167));
#667 = ( GEOMETRIC_REPRESENTATION_CONTEXT(2) 
PARAMETRIC_REPRESENTATION_CONTEXT() REPRESENTATION_CONTEXT('2D SPACE',''
  ) );
#668 = PCURVE('',#669,#674);
#669 = B_SPLINE_SURFACE_WITH_KNOTS('',1,1,(
    (#670,#671)
    ,(#672,#673
    )),.UNSPECIFIED.,.F.,.F.,.F.,(2,2),(2,2),(-6.577055350639,
    6.577055350639),(0.,1.),.PIECEWISE_BEZIER_KNOTS.);
#670 = CARTESIAN_POINT('',(5.97975,-48.24,14.269995));
#671 = CARTESIAN_POINT('',(6.006940627392,-48.26719062739,15.82875));
#672 = CARTESIAN_POINT('',(5.97975,-35.0745,14.269995));
#673 = CARTESIAN_POINT('',(6.006940627392,-35.0473093726,15.82875));
#674 = DEFINITIONAL_REPRESENTATION('',(#675),#678);
#675 = B_SPLINE_CURVE_WITH_KNOTS('',1,(#676,#677),.UNSPECIFIED.,.F.,.F.,
  (2,2),(0.,0.999997336732),.PIECEWISE_BEZIER_KNOTS.);
#676 = CARTESIAN_POINT('',(-6.577055350639,6.447690805615E-04));
#677 = CARTESIAN_POINT('',(6.577020317713,6.447690805615E-04));
#678 = ( GEOMETRIC_REPRESENTATION_CONTEXT(2) 
PARAMETRIC_REPRESENTATION_CONTEXT() REPRESENTATION_CONTEXT('2D SPACE',''
  ) );
#679 = ORIENTED_EDGE('',*,*,#680,.T.);
#680 = EDGE_CURVE('',#656,#681,#683,.T.);
#681 = VERTEX_POINT('',#682);
#682 = CARTESIAN_POINT('',(7.085232469017,-35.07451753167,
    14.271000039504));
#683 = SURFACE_CURVE('',#684,(#687,#693),.PCURVE_S1.);
#684 = B_SPLINE_CURVE_WITH_KNOTS('',1,(#685,#686),.UNSPECIFIED.,.F.,.F.,
  (2,2),(0.,1.),.PIECEWISE_BEZIER_KNOTS.);
#685 = CARTESIAN_POINT('',(5.376732468324,-35.07451753167,
    14.271000037028));
#686 = CARTESIAN_POINT('',(7.386767531676,-35.07451753167,
    14.271000037028));
#687 = PCURVE('',#72,#688);
#688 = DEFINITIONAL_REPRESENTATION('',(#689),#692);
#689 = B_SPLINE_CURVE_WITH_KNOTS('',1,(#690,#691),.UNSPECIFIED.,.F.,.F.,
  (2,2),(0.,1.),.PIECEWISE_BEZIER_KNOTS.);
#690 = CARTESIAN_POINT('',(206.37673246832,165.92548246832));
#691 = CARTESIAN_POINT('',(208.38676753167,165.92548246832));
#692 = ( GEOMETRIC_REPRESENTATION_CONTEXT(2) 
PARAMETRIC_REPRESENTATION_CONTEXT() REPRESENTATION_CONTEXT('2D SPACE',''
  ) );
#693 = PCURVE('',#694,#699);
#694 = B_SPLINE_SURFACE_WITH_KNOTS('',1,1,(
    (#695,#696)
    ,(#697,#698
    )),.UNSPECIFIED.,.F.,.F.,.F.,(2,2),(2,2),(-1.027055350639,
    1.027055350639),(0.,1.),.PIECEWISE_BEZIER_KNOTS.);
#695 = CARTESIAN_POINT('',(5.37675,-35.0745,14.269995));
#696 = CARTESIAN_POINT('',(5.349559372608,-35.10169062739,15.82875));
#697 = CARTESIAN_POINT('',(7.38675,-35.0745,14.269995));
#698 = CARTESIAN_POINT('',(7.413940627392,-35.10169062739,15.82875));
#699 = DEFINITIONAL_REPRESENTATION('',(#700),#703);
#700 = B_SPLINE_CURVE_WITH_KNOTS('',1,(#701,#702),.UNSPECIFIED.,.F.,.F.,
  (2,2),(0.300012210904,0.849985172818),.PIECEWISE_BEZIER_KNOTS.);
#701 = CARTESIAN_POINT('',(-0.410797057706,6.447690805303E-04));
#702 = CARTESIAN_POINT('',(0.718908288774,6.447690805306E-04));
#703 = ( GEOMETRIC_REPRESENTATION_CONTEXT(2) 
PARAMETRIC_REPRESENTATION_CONTEXT() REPRESENTATION_CONTEXT('2D SPACE',''
  ) );
#704 = ORIENTED_EDGE('',*,*,#705,.T.);
#705 = EDGE_CURVE('',#681,#706,#708,.T.);
#706 = VERTEX_POINT('',#707);
#707 = CARTESIAN_POINT('',(7.085232469018,-35.22019169113,14.27100002099
    ));
#708 = SURFACE_CURVE('',#709,(#712,#718),.PCURVE_S1.);
#709 = B_SPLINE_CURVE_WITH_KNOTS('',1,(#710,#711),.UNSPECIFIED.,.F.,.F.,
  (2,2),(0.,1.),.PIECEWISE_BEZIER_KNOTS.);
#710 = CARTESIAN_POINT('',(7.085232469017,-25.17526753098,
    14.271000041979));
#711 = CARTESIAN_POINT('',(7.085232469017,-62.30998246901,
    14.271000041979));
#712 = PCURVE('',#72,#713);
#713 = DEFINITIONAL_REPRESENTATION('',(#714),#717);
#714 = B_SPLINE_CURVE_WITH_KNOTS('',1,(#715,#716),.UNSPECIFIED.,.F.,.F.,
  (2,2),(0.,1.),.PIECEWISE_BEZIER_KNOTS.);
#715 = CARTESIAN_POINT('',(208.08523246901,175.82473246901));
#716 = CARTESIAN_POINT('',(208.08523246901,138.69001753098));
#717 = ( GEOMETRIC_REPRESENTATION_CONTEXT(2) 
PARAMETRIC_REPRESENTATION_CONTEXT() REPRESENTATION_CONTEXT('2D SPACE',''
  ) );
#718 = PCURVE('',#719,#724);
#719 = B_SPLINE_SURFACE_WITH_KNOTS('',1,1,(
    (#720,#721)
    ,(#722,#723
  )),.UNSPECIFIED.,.F.,.F.,.F.,(2,2),(2,2),(-18.475,18.475),(0.,1.),
  .PIECEWISE_BEZIER_KNOTS.);
#720 = CARTESIAN_POINT('',(7.056305138583,-62.28105513858,12.61275));
#721 = CARTESIAN_POINT('',(7.08525,-62.31,14.272005));
#722 = CARTESIAN_POINT('',(7.056305138583,-25.20419486141,12.61275));
#723 = CARTESIAN_POINT('',(7.08525,-25.17525,14.272005));
#724 = DEFINITIONAL_REPRESENTATION('',(#725),#728);
#725 = B_SPLINE_CURVE_WITH_KNOTS('',1,(#726,#727),.UNSPECIFIED.,.F.,.F.,
  (2,2),(0.266576706384,0.270499562927),.PIECEWISE_BEZIER_KNOTS.);
#726 = CARTESIAN_POINT('',(8.624990698268,0.999394331781));
#727 = CARTESIAN_POINT('',(8.48004114902,0.999394331781));
#728 = ( GEOMETRIC_REPRESENTATION_CONTEXT(2) 
PARAMETRIC_REPRESENTATION_CONTEXT() REPRESENTATION_CONTEXT('2D SPACE',''
  ) );
#729 = ORIENTED_EDGE('',*,*,#730,.F.);
#730 = EDGE_CURVE('',#731,#706,#733,.T.);
#731 = VERTEX_POINT('',#732);
#732 = CARTESIAN_POINT('',(7.5375,-36.0795,14.271));
#733 = SURFACE_CURVE('',#734,(#738,#745),.PCURVE_S1.);
#734 = LINE('',#735,#736);
#735 = CARTESIAN_POINT('',(7.5375,-36.0795,14.271));
#736 = VECTOR('',#737,1.);
#737 = DIRECTION('',(-0.465746432833,0.884918222382,0.));
#738 = PCURVE('',#72,#739);
#739 = DEFINITIONAL_REPRESENTATION('',(#740),#744);
#740 = LINE('',#741,#742);
#741 = CARTESIAN_POINT('',(208.5375,164.9205));
#742 = VECTOR('',#743,1.);
#743 = DIRECTION('',(-0.465746432833,0.884918222382));
#744 = ( GEOMETRIC_REPRESENTATION_CONTEXT(2) 
PARAMETRIC_REPRESENTATION_CONTEXT() REPRESENTATION_CONTEXT('2D SPACE',''
  ) );
#745 = PCURVE('',#746,#751);
#746 = PLANE('',#747);
#747 = AXIS2_PLACEMENT_3D('',#748,#749,#750);
#748 = CARTESIAN_POINT('',(7.5375,-36.0795,14.271));
#749 = DIRECTION('',(-0.884783445051,-0.465675497395,-1.745240643728E-02
    ));
#750 = DIRECTION('',(-1.544395248077E-02,-8.12839604251E-03,
    0.999847695156));
#751 = DEFINITIONAL_REPRESENTATION('',(#752),#756);
#752 = LINE('',#753,#754);
#753 = CARTESIAN_POINT('',(-4.512166219828E-20,-1.663712665011E-15));
#754 = VECTOR('',#755,1.);
#755 = DIRECTION('',(-9.331219199632E-19,1.));
#756 = ( GEOMETRIC_REPRESENTATION_CONTEXT(2) 
PARAMETRIC_REPRESENTATION_CONTEXT() REPRESENTATION_CONTEXT('2D SPACE',''
  ) );
#757 = ORIENTED_EDGE('',*,*,#758,.F.);
#758 = EDGE_CURVE('',#759,#731,#761,.T.);
#759 = VERTEX_POINT('',#760);
#760 = CARTESIAN_POINT('',(7.5375,-36.582,14.271));
#761 = SURFACE_CURVE('',#762,(#766,#773),.PCURVE_S1.);
#762 = LINE('',#763,#764);
#763 = CARTESIAN_POINT('',(7.5375,-36.582,14.271));
#764 = VECTOR('',#765,1.);
#765 = DIRECTION('',(0.,1.,0.));
#766 = PCURVE('',#72,#767);
#767 = DEFINITIONAL_REPRESENTATION('',(#768),#772);
#768 = LINE('',#769,#770);
#769 = CARTESIAN_POINT('',(208.5375,164.418));
#770 = VECTOR('',#771,1.);
#771 = DIRECTION('',(0.,1.));
#772 = ( GEOMETRIC_REPRESENTATION_CONTEXT(2) 
PARAMETRIC_REPRESENTATION_CONTEXT() REPRESENTATION_CONTEXT('2D SPACE',''
  ) );
#773 = PCURVE('',#774,#779);
#774 = PLANE('',#775);
#775 = AXIS2_PLACEMENT_3D('',#776,#777,#778);
#776 = CARTESIAN_POINT('',(7.5375,-36.582,14.271));
#777 = DIRECTION('',(-0.999847695156,0.,-1.745240643728E-02));
#778 = DIRECTION('',(-1.745240643728E-02,0.,0.999847695156));
#779 = DEFINITIONAL_REPRESENTATION('',(#780),#784);
#780 = LINE('',#781,#782);
#781 = CARTESIAN_POINT('',(-1.387567415351E-17,6.661338147751E-16));
#782 = VECTOR('',#783,1.);
#783 = DIRECTION('',(0.,1.));
#784 = ( GEOMETRIC_REPRESENTATION_CONTEXT(2) 
PARAMETRIC_REPRESENTATION_CONTEXT() REPRESENTATION_CONTEXT('2D SPACE',''
  ) );
#785 = ORIENTED_EDGE('',*,*,#786,.F.);
#786 = EDGE_CURVE('',#787,#759,#789,.T.);
#787 = VERTEX_POINT('',#788);
#788 = CARTESIAN_POINT('',(7.085232469018,-37.48653506196,14.27100002099
    ));
#789 = SURFACE_CURVE('',#790,(#794,#801),.PCURVE_S1.);
#790 = LINE('',#791,#792);
#791 = CARTESIAN_POINT('',(7.035,-37.587,14.271));
#792 = VECTOR('',#793,1.);
#793 = DIRECTION('',(0.4472135955,0.894427191,0.));
#794 = PCURVE('',#72,#795);
#795 = DEFINITIONAL_REPRESENTATION('',(#796),#800);
#796 = LINE('',#797,#798);
#797 = CARTESIAN_POINT('',(208.035,163.413));
#798 = VECTOR('',#799,1.);
#799 = DIRECTION('',(0.4472135955,0.894427191));
#800 = ( GEOMETRIC_REPRESENTATION_CONTEXT(2) 
PARAMETRIC_REPRESENTATION_CONTEXT() REPRESENTATION_CONTEXT('2D SPACE',''
  ) );
#801 = PCURVE('',#802,#807);
#802 = PLANE('',#803);
#803 = AXIS2_PLACEMENT_3D('',#804,#805,#806);
#804 = CARTESIAN_POINT('',(7.035,-37.587,14.271));
#805 = DIRECTION('',(-0.894290965406,0.447145482703,-1.745240643728E-02)
  );
#806 = DIRECTION('',(-1.560990686589E-02,7.804953432944E-03,
    0.999847695156));
#807 = DEFINITIONAL_REPRESENTATION('',(#808),#812);
#808 = LINE('',#809,#810);
#809 = CARTESIAN_POINT('',(-1.387567415351E-17,-1.737773907273E-15));
#810 = VECTOR('',#811,1.);
#811 = DIRECTION('',(-2.852590291402E-19,1.));
#812 = ( GEOMETRIC_REPRESENTATION_CONTEXT(2) 
PARAMETRIC_REPRESENTATION_CONTEXT() REPRESENTATION_CONTEXT('2D SPACE',''
  ) );
#813 = ORIENTED_EDGE('',*,*,#814,.T.);
#814 = EDGE_CURVE('',#787,#815,#817,.T.);
#815 = VERTEX_POINT('',#816);
#816 = CARTESIAN_POINT('',(7.085232469017,-60.04875,14.271000041979));
#817 = SURFACE_CURVE('',#818,(#821,#827),.PCURVE_S1.);
#818 = B_SPLINE_CURVE_WITH_KNOTS('',1,(#819,#820),.UNSPECIFIED.,.F.,.F.,
  (2,2),(0.,1.),.PIECEWISE_BEZIER_KNOTS.);
#819 = CARTESIAN_POINT('',(7.085232469017,-25.17526753098,
    14.271000041979));
#820 = CARTESIAN_POINT('',(7.085232469017,-62.30998246901,
    14.271000041979));
#821 = PCURVE('',#72,#822);
#822 = DEFINITIONAL_REPRESENTATION('',(#823),#826);
#823 = B_SPLINE_CURVE_WITH_KNOTS('',1,(#824,#825),.UNSPECIFIED.,.F.,.F.,
  (2,2),(0.,1.),.PIECEWISE_BEZIER_KNOTS.);
#824 = CARTESIAN_POINT('',(208.08523246901,175.82473246901));
#825 = CARTESIAN_POINT('',(208.08523246901,138.69001753098));
#826 = ( GEOMETRIC_REPRESENTATION_CONTEXT(2) 
PARAMETRIC_REPRESENTATION_CONTEXT() REPRESENTATION_CONTEXT('2D SPACE',''
  ) );
#827 = PCURVE('',#828,#833);
#828 = B_SPLINE_SURFACE_WITH_KNOTS('',1,1,(
    (#829,#830)
    ,(#831,#832
  )),.UNSPECIFIED.,.F.,.F.,.F.,(2,2),(2,2),(-18.475,18.475),(0.,1.),
  .PIECEWISE_BEZIER_KNOTS.);
#829 = CARTESIAN_POINT('',(7.056305138583,-62.28105513858,12.61275));
#830 = CARTESIAN_POINT('',(7.08525,-62.31,14.272005));
#831 = CARTESIAN_POINT('',(7.056305138583,-25.20419486141,12.61275));
#832 = CARTESIAN_POINT('',(7.08525,-25.17525,14.272005));
#833 = DEFINITIONAL_REPRESENTATION('',(#834),#837);
#834 = B_SPLINE_CURVE_WITH_KNOTS('',1,(#835,#836),.UNSPECIFIED.,.F.,.F.,
  (2,2),(0.331529878485,0.939107315815),.PIECEWISE_BEZIER_KNOTS.);
#835 = CARTESIAN_POINT('',(6.224970989237,0.999394331781));
#836 = CARTESIAN_POINT('',(-16.22501531921,0.999394331781));
#837 = ( GEOMETRIC_REPRESENTATION_CONTEXT(2) 
PARAMETRIC_REPRESENTATION_CONTEXT() REPRESENTATION_CONTEXT('2D SPACE',''
  ) );
#838 = ORIENTED_EDGE('',*,*,#839,.T.);
#839 = EDGE_CURVE('',#815,#840,#842,.T.);
#840 = VERTEX_POINT('',#841);
#841 = CARTESIAN_POINT('',(9.65135,-60.04875,14.271));
#842 = SURFACE_CURVE('',#843,(#847,#854),.PCURVE_S1.);
#843 = LINE('',#844,#845);
#844 = CARTESIAN_POINT('',(-105.2302,-60.04875,14.271));
#845 = VECTOR('',#846,1.);
#846 = DIRECTION('',(1.,0.,-0.));
#847 = PCURVE('',#72,#848);
#848 = DEFINITIONAL_REPRESENTATION('',(#849),#853);
#849 = LINE('',#850,#851);
#850 = CARTESIAN_POINT('',(95.7698,140.95125));
#851 = VECTOR('',#852,1.);
#852 = DIRECTION('',(1.,0.));
#853 = ( GEOMETRIC_REPRESENTATION_CONTEXT(2) 
PARAMETRIC_REPRESENTATION_CONTEXT() REPRESENTATION_CONTEXT('2D SPACE',''
  ) );
#854 = PCURVE('',#855,#860);
#855 = PLANE('',#856);
#856 = AXIS2_PLACEMENT_3D('',#857,#858,#859);
#857 = CARTESIAN_POINT('',(-9.4604,-60.04875,14.26095));
#858 = DIRECTION('',(0.,-1.,0.));
#859 = DIRECTION('',(1.,0.,0.));
#860 = DEFINITIONAL_REPRESENTATION('',(#861),#865);
#861 = LINE('',#862,#863);
#862 = CARTESIAN_POINT('',(-95.7698,1.004999999999E-02));
#863 = VECTOR('',#864,1.);
#864 = DIRECTION('',(1.,0.));
#865 = ( GEOMETRIC_REPRESENTATION_CONTEXT(2) 
PARAMETRIC_REPRESENTATION_CONTEXT() REPRESENTATION_CONTEXT('2D SPACE',''
  ) );
#866 = ORIENTED_EDGE('',*,*,#867,.T.);
#867 = EDGE_CURVE('',#840,#868,#870,.T.);
#868 = VERTEX_POINT('',#869);
#869 = CARTESIAN_POINT('',(9.8021,-60.4005,14.271));
#870 = SURFACE_CURVE('',#871,(#875,#882),.PCURVE_S1.);
#871 = LINE('',#872,#873);
#872 = CARTESIAN_POINT('',(18.824747413793,-81.45334396551,14.271));
#873 = VECTOR('',#874,1.);
#874 = DIRECTION('',(0.393919298579,-0.919145030018,0.));
#875 = PCURVE('',#72,#876);
#876 = DEFINITIONAL_REPRESENTATION('',(#877),#881);
#877 = LINE('',#878,#879);
#878 = CARTESIAN_POINT('',(219.82474741379,119.54665603448));
#879 = VECTOR('',#880,1.);
#880 = DIRECTION('',(0.393919298579,-0.919145030018));
#881 = ( GEOMETRIC_REPRESENTATION_CONTEXT(2) 
PARAMETRIC_REPRESENTATION_CONTEXT() REPRESENTATION_CONTEXT('2D SPACE',''
  ) );
#882 = PCURVE('',#883,#888);
#883 = PLANE('',#884);
#884 = AXIS2_PLACEMENT_3D('',#885,#886,#887);
#885 = CARTESIAN_POINT('',(9.65135,-60.04875,14.271));
#886 = DIRECTION('',(-0.919145030018,-0.393919298579,0.));
#887 = DIRECTION('',(0.,0.,1.));
#888 = DEFINITIONAL_REPRESENTATION('',(#889),#893);
#889 = LINE('',#890,#891);
#890 = CARTESIAN_POINT('',(-1.06581410364E-14,-23.28750443778));
#891 = VECTOR('',#892,1.);
#892 = DIRECTION('',(0.,-1.));
#893 = ( GEOMETRIC_REPRESENTATION_CONTEXT(2) 
PARAMETRIC_REPRESENTATION_CONTEXT() REPRESENTATION_CONTEXT('2D SPACE',''
  ) );
#894 = ORIENTED_EDGE('',*,*,#895,.T.);
#895 = EDGE_CURVE('',#868,#896,#898,.T.);
#896 = VERTEX_POINT('',#897);
#897 = CARTESIAN_POINT('',(10.709764254877,-61.80751753795,14.271));
#898 = SURFACE_CURVE('',#899,(#903,#910),.PCURVE_S1.);
#899 = LINE('',#900,#901);
#900 = CARTESIAN_POINT('',(10.852431077588,-62.02867279504,14.271));
#901 = VECTOR('',#902,1.);
#902 = DIRECTION('',(0.542089339284,-0.840320860288,0.));
#903 = PCURVE('',#72,#904);
#904 = DEFINITIONAL_REPRESENTATION('',(#905),#909);
#905 = LINE('',#906,#907);
#906 = CARTESIAN_POINT('',(211.85243107758,138.97132720495));
#907 = VECTOR('',#908,1.);
#908 = DIRECTION('',(0.542089339284,-0.840320860288));
#909 = ( GEOMETRIC_REPRESENTATION_CONTEXT(2) 
PARAMETRIC_REPRESENTATION_CONTEXT() REPRESENTATION_CONTEXT('2D SPACE',''
  ) );
#910 = PCURVE('',#911,#916);
#911 = PLANE('',#912);
#912 = AXIS2_PLACEMENT_3D('',#913,#914,#915);
#913 = CARTESIAN_POINT('',(9.8021,-60.4005,14.271));
#914 = DIRECTION('',(-0.840320860288,-0.542089339284,0.));
#915 = DIRECTION('',(0.,0.,1.));
#916 = DEFINITIONAL_REPRESENTATION('',(#917),#921);
#917 = LINE('',#918,#919);
#918 = CARTESIAN_POINT('',(-1.06581410364E-14,-1.937560843709));
#919 = VECTOR('',#920,1.);
#920 = DIRECTION('',(0.,-1.));
#921 = ( GEOMETRIC_REPRESENTATION_CONTEXT(2) 
PARAMETRIC_REPRESENTATION_CONTEXT() REPRESENTATION_CONTEXT('2D SPACE',''
  ) );
#922 = ORIENTED_EDGE('',*,*,#923,.T.);
#923 = EDGE_CURVE('',#896,#924,#926,.T.);
#924 = VERTEX_POINT('',#925);
#925 = CARTESIAN_POINT('',(12.059982462044,-61.80751753795,14.271));
#926 = SURFACE_CURVE('',#927,(#930,#936),.PCURVE_S1.);
#927 = B_SPLINE_CURVE_WITH_KNOTS('',1,(#928,#929),.UNSPECIFIED.,.F.,.F.,
  (2,2),(0.,1.),.PIECEWISE_BEZIER_KNOTS.);
#928 = CARTESIAN_POINT('',(-12.05998246204,-61.80751753795,14.271));
#929 = CARTESIAN_POINT('',(12.059982462044,-61.80751753795,14.271));
#930 = PCURVE('',#72,#931);
#931 = DEFINITIONAL_REPRESENTATION('',(#932),#935);
#932 = B_SPLINE_CURVE_WITH_KNOTS('',1,(#933,#934),.UNSPECIFIED.,.F.,.F.,
  (2,2),(0.,1.),.PIECEWISE_BEZIER_KNOTS.);
#933 = CARTESIAN_POINT('',(188.94001753795,139.19248246204));
#934 = CARTESIAN_POINT('',(213.05998246204,139.19248246204));
#935 = ( GEOMETRIC_REPRESENTATION_CONTEXT(2) 
PARAMETRIC_REPRESENTATION_CONTEXT() REPRESENTATION_CONTEXT('2D SPACE',''
  ) );
#936 = PCURVE('',#937,#942);
#937 = B_SPLINE_SURFACE_WITH_KNOTS('',1,1,(
    (#938,#939)
    ,(#940,#941
    )),.UNSPECIFIED.,.F.,.F.,.F.,(2,2),(2,2),(-12.,12.),(0.,1.),
  .PIECEWISE_BEZIER_KNOTS.);
#938 = CARTESIAN_POINT('',(11.989830638989,-61.87766936101,10.251));
#939 = CARTESIAN_POINT('',(12.06,-61.8075,14.272005));
#940 = CARTESIAN_POINT('',(-11.98983063898,-61.87766936101,10.251));
#941 = CARTESIAN_POINT('',(-12.06,-61.8075,14.272005));
#942 = DEFINITIONAL_REPRESENTATION('',(#943),#946);
#943 = B_SPLINE_CURVE_WITH_KNOTS('',1,(#944,#945),.UNSPECIFIED.,.F.,.F.,
  (2,2),(0.944020722608,1.),.PIECEWISE_BEZIER_KNOTS.);
#944 = CARTESIAN_POINT('',(-10.65649734239,0.999750062484));
#945 = CARTESIAN_POINT('',(-11.99999999974,0.999750062484));
#946 = ( GEOMETRIC_REPRESENTATION_CONTEXT(2) 
PARAMETRIC_REPRESENTATION_CONTEXT() REPRESENTATION_CONTEXT('2D SPACE',''
  ) );
#947 = ORIENTED_EDGE('',*,*,#948,.T.);
#948 = EDGE_CURVE('',#924,#342,#949,.T.);
#949 = SURFACE_CURVE('',#950,(#953,#959),.PCURVE_S1.);
#950 = B_SPLINE_CURVE_WITH_KNOTS('',1,(#951,#952),.UNSPECIFIED.,.F.,.F.,
  (2,2),(0.,1.),.PIECEWISE_BEZIER_KNOTS.);
#951 = CARTESIAN_POINT('',(12.059982462044,-61.80751753795,14.271));
#952 = CARTESIAN_POINT('',(12.059982462044,-70.34998246204,14.271));
#953 = PCURVE('',#72,#954);
#954 = DEFINITIONAL_REPRESENTATION('',(#955),#958);
#955 = B_SPLINE_CURVE_WITH_KNOTS('',1,(#956,#957),.UNSPECIFIED.,.F.,.F.,
  (2,2),(0.,1.),.PIECEWISE_BEZIER_KNOTS.);
#956 = CARTESIAN_POINT('',(213.05998246204,139.19248246204));
#957 = CARTESIAN_POINT('',(213.05998246204,130.65001753795));
#958 = ( GEOMETRIC_REPRESENTATION_CONTEXT(2) 
PARAMETRIC_REPRESENTATION_CONTEXT() REPRESENTATION_CONTEXT('2D SPACE',''
  ) );
#959 = PCURVE('',#960,#965);
#960 = B_SPLINE_SURFACE_WITH_KNOTS('',1,1,(
    (#961,#962)
    ,(#963,#964
    )),.UNSPECIFIED.,.F.,.F.,.F.,(2,2),(2,2),(-4.25,4.25),(0.,1.),
  .PIECEWISE_BEZIER_KNOTS.);
#961 = CARTESIAN_POINT('',(11.989830638989,-70.27983063898,10.251));
#962 = CARTESIAN_POINT('',(12.06,-70.35,14.272005));
#963 = CARTESIAN_POINT('',(11.989830638989,-61.87766936101,10.251));
#964 = CARTESIAN_POINT('',(12.06,-61.8075,14.272005));
#965 = DEFINITIONAL_REPRESENTATION('',(#966),#969);
#966 = B_SPLINE_CURVE_WITH_KNOTS('',1,(#967,#968),.UNSPECIFIED.,.F.,.F.,
  (2,2),(0.,1.),.PIECEWISE_BEZIER_KNOTS.);
#967 = CARTESIAN_POINT('',(4.24999999975,0.999750062484));
#968 = CARTESIAN_POINT('',(-4.24999999991,0.999750062484));
#969 = ( GEOMETRIC_REPRESENTATION_CONTEXT(2) 
PARAMETRIC_REPRESENTATION_CONTEXT() REPRESENTATION_CONTEXT('2D SPACE',''
  ) );
#970 = ADVANCED_FACE('',(#971),#159,.T.);
#971 = FACE_BOUND('',#972,.T.);
#972 = EDGE_LOOP('',(#973,#974,#975,#976));
#973 = ORIENTED_EDGE('',*,*,#141,.F.);
#974 = ORIENTED_EDGE('',*,*,#318,.F.);
#975 = ORIENTED_EDGE('',*,*,#266,.T.);
#976 = ORIENTED_EDGE('',*,*,#219,.F.);
#977 = ADVANCED_FACE('',(#978),#357,.F.);
#978 = FACE_BOUND('',#979,.F.);
#979 = EDGE_LOOP('',(#980,#1000,#1001,#1021));
#980 = ORIENTED_EDGE('',*,*,#981,.F.);
#981 = EDGE_CURVE('',#344,#982,#984,.T.);
#982 = VERTEX_POINT('',#983);
#983 = CARTESIAN_POINT('',(-12.06,-70.35,14.272005));
#984 = SURFACE_CURVE('',#985,(#988,#994),.PCURVE_S1.);
#985 = B_SPLINE_CURVE_WITH_KNOTS('',1,(#986,#987),.UNSPECIFIED.,.F.,.F.,
  (2,2),(0.,1.),.PIECEWISE_BEZIER_KNOTS.);
#986 = CARTESIAN_POINT('',(-11.98983063898,-70.27983063898,10.251));
#987 = CARTESIAN_POINT('',(-12.06,-70.35,14.272005));
#988 = PCURVE('',#357,#989);
#989 = DEFINITIONAL_REPRESENTATION('',(#990),#993);
#990 = B_SPLINE_CURVE_WITH_KNOTS('',1,(#991,#992),.UNSPECIFIED.,.F.,.F.,
  (2,2),(0.999750062484,1.),.PIECEWISE_BEZIER_KNOTS.);
#991 = CARTESIAN_POINT('',(-12.,0.999750062484));
#992 = CARTESIAN_POINT('',(-12.,1.));
#993 = ( GEOMETRIC_REPRESENTATION_CONTEXT(2) 
PARAMETRIC_REPRESENTATION_CONTEXT() REPRESENTATION_CONTEXT('2D SPACE',''
  ) );
#994 = PCURVE('',#382,#995);
#995 = DEFINITIONAL_REPRESENTATION('',(#996),#999);
#996 = B_SPLINE_CURVE_WITH_KNOTS('',1,(#997,#998),.UNSPECIFIED.,.F.,.F.,
  (2,2),(0.999750062484,1.),.PIECEWISE_BEZIER_KNOTS.);
#997 = CARTESIAN_POINT('',(4.25,0.999750062484));
#998 = CARTESIAN_POINT('',(4.25,1.));
#999 = ( GEOMETRIC_REPRESENTATION_CONTEXT(2) 
PARAMETRIC_REPRESENTATION_CONTEXT() REPRESENTATION_CONTEXT('2D SPACE',''
  ) );
#1000 = ORIENTED_EDGE('',*,*,#341,.F.);
#1001 = ORIENTED_EDGE('',*,*,#1002,.T.);
#1002 = EDGE_CURVE('',#342,#1003,#1005,.T.);
#1003 = VERTEX_POINT('',#1004);
#1004 = CARTESIAN_POINT('',(12.06,-70.35,14.272005));
#1005 = SURFACE_CURVE('',#1006,(#1009,#1015),.PCURVE_S1.);
#1006 = B_SPLINE_CURVE_WITH_KNOTS('',1,(#1007,#1008),.UNSPECIFIED.,.F.,
  .F.,(2,2),(0.,1.),.PIECEWISE_BEZIER_KNOTS.);
#1007 = CARTESIAN_POINT('',(11.989830638989,-70.27983063898,10.251));
#1008 = CARTESIAN_POINT('',(12.06,-70.35,14.272005));
#1009 = PCURVE('',#357,#1010);
#1010 = DEFINITIONAL_REPRESENTATION('',(#1011),#1014);
#1011 = B_SPLINE_CURVE_WITH_KNOTS('',1,(#1012,#1013),.UNSPECIFIED.,.F.,
  .F.,(2,2),(0.999750062484,1.),.PIECEWISE_BEZIER_KNOTS.);
#1012 = CARTESIAN_POINT('',(12.,0.999750062484));
#1013 = CARTESIAN_POINT('',(12.,1.));
#1014 = ( GEOMETRIC_REPRESENTATION_CONTEXT(2) 
PARAMETRIC_REPRESENTATION_CONTEXT() REPRESENTATION_CONTEXT('2D SPACE',''
  ) );
#1015 = PCURVE('',#960,#1016);
#1016 = DEFINITIONAL_REPRESENTATION('',(#1017),#1020);
#1017 = B_SPLINE_CURVE_WITH_KNOTS('',1,(#1018,#1019),.UNSPECIFIED.,.F.,
  .F.,(2,2),(0.999750062484,1.),.PIECEWISE_BEZIER_KNOTS.);
#1018 = CARTESIAN_POINT('',(-4.25,0.999750062484));
#1019 = CARTESIAN_POINT('',(-4.25,1.));
#1020 = ( GEOMETRIC_REPRESENTATION_CONTEXT(2) 
PARAMETRIC_REPRESENTATION_CONTEXT() REPRESENTATION_CONTEXT('2D SPACE',''
  ) );
#1021 = ORIENTED_EDGE('',*,*,#1022,.F.);
#1022 = EDGE_CURVE('',#982,#1003,#1023,.T.);
#1023 = SURFACE_CURVE('',#1024,(#1028,#1034),.PCURVE_S1.);
#1024 = LINE('',#1025,#1026);
#1025 = CARTESIAN_POINT('',(0.,-70.35,14.272005));
#1026 = VECTOR('',#1027,1.);
#1027 = DIRECTION('',(1.,0.,0.));
#1028 = PCURVE('',#357,#1029);
#1029 = DEFINITIONAL_REPRESENTATION('',(#1030),#1033);
#1030 = B_SPLINE_CURVE_WITH_KNOTS('',1,(#1031,#1032),.UNSPECIFIED.,.F.,
  .F.,(2,2),(-12.06,12.06),.PIECEWISE_BEZIER_KNOTS.);
#1031 = CARTESIAN_POINT('',(-12.,1.));
#1032 = CARTESIAN_POINT('',(12.,1.));
#1033 = ( GEOMETRIC_REPRESENTATION_CONTEXT(2) 
PARAMETRIC_REPRESENTATION_CONTEXT() REPRESENTATION_CONTEXT('2D SPACE',''
  ) );
#1034 = PCURVE('',#1035,#1040);
#1035 = PLANE('',#1036);
#1036 = AXIS2_PLACEMENT_3D('',#1037,#1038,#1039);
#1037 = CARTESIAN_POINT('',(-12.06,-70.35,14.272005));
#1038 = DIRECTION('',(0.,0.,1.));
#1039 = DIRECTION('',(0.942627225161,0.333847142245,-0.));
#1040 = DEFINITIONAL_REPRESENTATION('',(#1041),#1045);
#1041 = LINE('',#1042,#1043);
#1042 = CARTESIAN_POINT('',(11.368084335444,-4.02619653547));
#1043 = VECTOR('',#1044,1.);
#1044 = DIRECTION('',(0.942627225161,-0.333847142245));
#1045 = ( GEOMETRIC_REPRESENTATION_CONTEXT(2) 
PARAMETRIC_REPRESENTATION_CONTEXT() REPRESENTATION_CONTEXT('2D SPACE',''
  ) );
#1046 = ADVANCED_FACE('',(#1047),#960,.F.);
#1047 = FACE_BOUND('',#1048,.F.);
#1048 = EDGE_LOOP('',(#1049,#1050,#1051,#1071));
#1049 = ORIENTED_EDGE('',*,*,#1002,.F.);
#1050 = ORIENTED_EDGE('',*,*,#948,.F.);
#1051 = ORIENTED_EDGE('',*,*,#1052,.T.);
#1052 = EDGE_CURVE('',#924,#1053,#1055,.T.);
#1053 = VERTEX_POINT('',#1054);
#1054 = CARTESIAN_POINT('',(12.06,-61.8075,14.272005));
#1055 = SURFACE_CURVE('',#1056,(#1059,#1065),.PCURVE_S1.);
#1056 = B_SPLINE_CURVE_WITH_KNOTS('',1,(#1057,#1058),.UNSPECIFIED.,.F.,
  .F.,(2,2),(0.,1.),.PIECEWISE_BEZIER_KNOTS.);
#1057 = CARTESIAN_POINT('',(11.989830638989,-61.87766936101,10.251));
#1058 = CARTESIAN_POINT('',(12.06,-61.8075,14.272005));
#1059 = PCURVE('',#960,#1060);
#1060 = DEFINITIONAL_REPRESENTATION('',(#1061),#1064);
#1061 = B_SPLINE_CURVE_WITH_KNOTS('',1,(#1062,#1063),.UNSPECIFIED.,.F.,
  .F.,(2,2),(0.999750062484,1.),.PIECEWISE_BEZIER_KNOTS.);
#1062 = CARTESIAN_POINT('',(4.25,0.999750062484));
#1063 = CARTESIAN_POINT('',(4.25,1.));
#1064 = ( GEOMETRIC_REPRESENTATION_CONTEXT(2) 
PARAMETRIC_REPRESENTATION_CONTEXT() REPRESENTATION_CONTEXT('2D SPACE',''
  ) );
#1065 = PCURVE('',#937,#1066);
#1066 = DEFINITIONAL_REPRESENTATION('',(#1067),#1070);
#1067 = B_SPLINE_CURVE_WITH_KNOTS('',1,(#1068,#1069),.UNSPECIFIED.,.F.,
  .F.,(2,2),(0.999750062484,1.),.PIECEWISE_BEZIER_KNOTS.);
#1068 = CARTESIAN_POINT('',(-12.,0.999750062484));
#1069 = CARTESIAN_POINT('',(-12.,1.));
#1070 = ( GEOMETRIC_REPRESENTATION_CONTEXT(2) 
PARAMETRIC_REPRESENTATION_CONTEXT() REPRESENTATION_CONTEXT('2D SPACE',''
  ) );
#1071 = ORIENTED_EDGE('',*,*,#1072,.F.);
#1072 = EDGE_CURVE('',#1003,#1053,#1073,.T.);
#1073 = SURFACE_CURVE('',#1074,(#1078,#1084),.PCURVE_S1.);
#1074 = LINE('',#1075,#1076);
#1075 = CARTESIAN_POINT('',(12.06,-66.07875,14.272005));
#1076 = VECTOR('',#1077,1.);
#1077 = DIRECTION('',(0.,1.,0.));
#1078 = PCURVE('',#960,#1079);
#1079 = DEFINITIONAL_REPRESENTATION('',(#1080),#1083);
#1080 = B_SPLINE_CURVE_WITH_KNOTS('',1,(#1081,#1082),.UNSPECIFIED.,.F.,
  .F.,(2,2),(-4.27125,4.27125),.PIECEWISE_BEZIER_KNOTS.);
#1081 = CARTESIAN_POINT('',(-4.25,1.));
#1082 = CARTESIAN_POINT('',(4.25,1.));
#1083 = ( GEOMETRIC_REPRESENTATION_CONTEXT(2) 
PARAMETRIC_REPRESENTATION_CONTEXT() REPRESENTATION_CONTEXT('2D SPACE',''
  ) );
#1084 = PCURVE('',#1035,#1085);
#1085 = DEFINITIONAL_REPRESENTATION('',(#1086),#1090);
#1086 = LINE('',#1087,#1088);
#1087 = CARTESIAN_POINT('',(24.162113277201,-4.02619653547));
#1088 = VECTOR('',#1089,1.);
#1089 = DIRECTION('',(0.333847142245,0.942627225161));
#1090 = ( GEOMETRIC_REPRESENTATION_CONTEXT(2) 
PARAMETRIC_REPRESENTATION_CONTEXT() REPRESENTATION_CONTEXT('2D SPACE',''
  ) );
#1091 = ADVANCED_FACE('',(#1092),#937,.F.);
#1092 = FACE_BOUND('',#1093,.F.);
#1093 = EDGE_LOOP('',(#1094,#1095,#1115,#1135));
#1094 = ORIENTED_EDGE('',*,*,#923,.F.);
#1095 = ORIENTED_EDGE('',*,*,#1096,.T.);
#1096 = EDGE_CURVE('',#896,#1097,#1099,.T.);
#1097 = VERTEX_POINT('',#1098);
#1098 = CARTESIAN_POINT('',(10.709752941176,-61.8075,14.272005));
#1099 = SURFACE_CURVE('',#1100,(#1103,#1109),.PCURVE_S1.);
#1100 = B_SPLINE_CURVE_WITH_KNOTS('',1,(#1101,#1102),.UNSPECIFIED.,.F.,
  .F.,(2,2),(0.,1.),.PIECEWISE_BEZIER_KNOTS.);
#1101 = CARTESIAN_POINT('',(10.709764292772,-61.80751759669,
    14.270996633823));
#1102 = CARTESIAN_POINT('',(10.709752941176,-61.8075,14.272005));
#1103 = PCURVE('',#937,#1104);
#1104 = DEFINITIONAL_REPRESENTATION('',(#1105),#1108);
#1105 = B_SPLINE_CURVE_WITH_KNOTS('',1,(#1106,#1107),.UNSPECIFIED.,.F.,
  .F.,(2,2),(0.,1.),.PIECEWISE_BEZIER_KNOTS.);
#1106 = CARTESIAN_POINT('',(-10.6564974322,0.999749225336));
#1107 = CARTESIAN_POINT('',(-10.65647058823,1.));
#1108 = ( GEOMETRIC_REPRESENTATION_CONTEXT(2) 
PARAMETRIC_REPRESENTATION_CONTEXT() REPRESENTATION_CONTEXT('2D SPACE',''
  ) );
#1109 = PCURVE('',#911,#1110);
#1110 = DEFINITIONAL_REPRESENTATION('',(#1111),#1114);
#1111 = B_SPLINE_CURVE_WITH_KNOTS('',1,(#1112,#1113),.UNSPECIFIED.,.F.,
  .F.,(2,2),(0.,1.),.PIECEWISE_BEZIER_KNOTS.);
#1112 = CARTESIAN_POINT('',(-3.366176894559E-06,-1.674381374057));
#1113 = CARTESIAN_POINT('',(1.004999999997E-03,-1.674360433606));
#1114 = ( GEOMETRIC_REPRESENTATION_CONTEXT(2) 
PARAMETRIC_REPRESENTATION_CONTEXT() REPRESENTATION_CONTEXT('2D SPACE',''
  ) );
#1115 = ORIENTED_EDGE('',*,*,#1116,.T.);
#1116 = EDGE_CURVE('',#1097,#1053,#1117,.T.);
#1117 = SURFACE_CURVE('',#1118,(#1122,#1128),.PCURVE_S1.);
#1118 = LINE('',#1119,#1120);
#1119 = CARTESIAN_POINT('',(0.,-61.8075,14.272005));
#1120 = VECTOR('',#1121,1.);
#1121 = DIRECTION('',(1.,0.,0.));
#1122 = PCURVE('',#937,#1123);
#1123 = DEFINITIONAL_REPRESENTATION('',(#1124),#1127);
#1124 = B_SPLINE_CURVE_WITH_KNOTS('',1,(#1125,#1126),.UNSPECIFIED.,.F.,
  .F.,(2,2),(10.709752941176,12.06),.PIECEWISE_BEZIER_KNOTS.);
#1125 = CARTESIAN_POINT('',(-10.65647058823,1.));
#1126 = CARTESIAN_POINT('',(-12.,1.));
#1127 = ( GEOMETRIC_REPRESENTATION_CONTEXT(2) 
PARAMETRIC_REPRESENTATION_CONTEXT() REPRESENTATION_CONTEXT('2D SPACE',''
  ) );
#1128 = PCURVE('',#1035,#1129);
#1129 = DEFINITIONAL_REPRESENTATION('',(#1130),#1134);
#1130 = LINE('',#1131,#1132);
#1131 = CARTESIAN_POINT('',(14.219973548069,4.02619653547));
#1132 = VECTOR('',#1133,1.);
#1133 = DIRECTION('',(0.942627225161,-0.333847142245));
#1134 = ( GEOMETRIC_REPRESENTATION_CONTEXT(2) 
PARAMETRIC_REPRESENTATION_CONTEXT() REPRESENTATION_CONTEXT('2D SPACE',''
  ) );
#1135 = ORIENTED_EDGE('',*,*,#1052,.F.);
#1136 = ADVANCED_FACE('',(#1137),#911,.T.);
#1137 = FACE_BOUND('',#1138,.T.);
#1138 = EDGE_LOOP('',(#1139,#1162,#1163,#1164,#1187,#1212));
#1139 = ORIENTED_EDGE('',*,*,#1140,.F.);
#1140 = EDGE_CURVE('',#868,#1141,#1143,.T.);
#1141 = VERTEX_POINT('',#1142);
#1142 = CARTESIAN_POINT('',(9.8021,-60.4005,14.28105));
#1143 = SURFACE_CURVE('',#1144,(#1148,#1155),.PCURVE_S1.);
#1144 = LINE('',#1145,#1146);
#1145 = CARTESIAN_POINT('',(9.8021,-60.4005,14.271));
#1146 = VECTOR('',#1147,1.);
#1147 = DIRECTION('',(0.,0.,1.));
#1148 = PCURVE('',#911,#1149);
#1149 = DEFINITIONAL_REPRESENTATION('',(#1150),#1154);
#1150 = LINE('',#1151,#1152);
#1151 = CARTESIAN_POINT('',(0.,0.));
#1152 = VECTOR('',#1153,1.);
#1153 = DIRECTION('',(1.,0.));
#1154 = ( GEOMETRIC_REPRESENTATION_CONTEXT(2) 
PARAMETRIC_REPRESENTATION_CONTEXT() REPRESENTATION_CONTEXT('2D SPACE',''
  ) );
#1155 = PCURVE('',#883,#1156);
#1156 = DEFINITIONAL_REPRESENTATION('',(#1157),#1161);
#1157 = LINE('',#1158,#1159);
#1158 = CARTESIAN_POINT('',(0.,-0.38269259857));
#1159 = VECTOR('',#1160,1.);
#1160 = DIRECTION('',(1.,0.));
#1161 = ( GEOMETRIC_REPRESENTATION_CONTEXT(2) 
PARAMETRIC_REPRESENTATION_CONTEXT() REPRESENTATION_CONTEXT('2D SPACE',''
  ) );
#1162 = ORIENTED_EDGE('',*,*,#895,.T.);
#1163 = ORIENTED_EDGE('',*,*,#1096,.T.);
#1164 = ORIENTED_EDGE('',*,*,#1165,.T.);
#1165 = EDGE_CURVE('',#1097,#1166,#1168,.T.);
#1166 = VERTEX_POINT('',#1167);
#1167 = CARTESIAN_POINT('',(10.709775568578,-61.80753507591,14.272005));
#1168 = SURFACE_CURVE('',#1169,(#1173,#1180),.PCURVE_S1.);
#1169 = LINE('',#1170,#1171);
#1170 = CARTESIAN_POINT('',(8.856035129269,-58.93395567151,14.272005));
#1171 = VECTOR('',#1172,1.);
#1172 = DIRECTION('',(0.542089339284,-0.840320860288,0.));
#1173 = PCURVE('',#911,#1174);
#1174 = DEFINITIONAL_REPRESENTATION('',(#1175),#1179);
#1175 = LINE('',#1176,#1177);
#1176 = CARTESIAN_POINT('',(1.004999999999E-03,1.74521947246));
#1177 = VECTOR('',#1178,1.);
#1178 = DIRECTION('',(0.,-1.));
#1179 = ( GEOMETRIC_REPRESENTATION_CONTEXT(2) 
PARAMETRIC_REPRESENTATION_CONTEXT() REPRESENTATION_CONTEXT('2D SPACE',''
  ) );
#1180 = PCURVE('',#1035,#1181);
#1181 = DEFINITIONAL_REPRESENTATION('',(#1182),#1186);
#1182 = LINE('',#1183,#1184);
#1183 = CARTESIAN_POINT('',(23.527237930081,3.778315632687));
#1184 = VECTOR('',#1185,1.);
#1185 = DIRECTION('',(0.230449451903,-0.973084297539));
#1186 = ( GEOMETRIC_REPRESENTATION_CONTEXT(2) 
PARAMETRIC_REPRESENTATION_CONTEXT() REPRESENTATION_CONTEXT('2D SPACE',''
  ) );
#1187 = ORIENTED_EDGE('',*,*,#1188,.T.);
#1188 = EDGE_CURVE('',#1166,#1189,#1191,.T.);
#1189 = VERTEX_POINT('',#1190);
#1190 = CARTESIAN_POINT('',(10.709877391886,-61.80769291751,14.28105));
#1191 = SURFACE_CURVE('',#1192,(#1195,#1201),.PCURVE_S1.);
#1192 = B_SPLINE_CURVE_WITH_KNOTS('',1,(#1193,#1194),.UNSPECIFIED.,.F.,
  .F.,(2,2),(0.,1.),.PIECEWISE_BEZIER_KNOTS.);
#1193 = CARTESIAN_POINT('',(10.709775531569,-61.80753501854,
    14.272001712464));
#1194 = CARTESIAN_POINT('',(10.709877391886,-61.80769291751,14.28105));
#1195 = PCURVE('',#911,#1196);
#1196 = DEFINITIONAL_REPRESENTATION('',(#1197),#1200);
#1197 = B_SPLINE_CURVE_WITH_KNOTS('',1,(#1198,#1199),.UNSPECIFIED.,.F.,
  .F.,(2,2),(0.,1.),.PIECEWISE_BEZIER_KNOTS.);
#1198 = CARTESIAN_POINT('',(1.001712463813E-03,-1.674402106428));
#1199 = CARTESIAN_POINT('',(1.005E-02,-1.67459000962));
#1200 = ( GEOMETRIC_REPRESENTATION_CONTEXT(2) 
PARAMETRIC_REPRESENTATION_CONTEXT() REPRESENTATION_CONTEXT('2D SPACE',''
  ) );
#1201 = PCURVE('',#1202,#1207);
#1202 = B_SPLINE_SURFACE_WITH_KNOTS('',1,1,(
    (#1203,#1204)
    ,(#1205,#1206
    )),.UNSPECIFIED.,.F.,.F.,.F.,(2,2),(2,2),(-12.,12.),(0.,1.),
  .PIECEWISE_BEZIER_KNOTS.);
#1203 = CARTESIAN_POINT('',(12.06,-61.8075,14.269995));
#1204 = CARTESIAN_POINT('',(11.989830638989,-61.87766936101,18.291));
#1205 = CARTESIAN_POINT('',(-12.06,-61.8075,14.269995));
#1206 = CARTESIAN_POINT('',(-11.98983063898,-61.87766936101,18.291));
#1207 = DEFINITIONAL_REPRESENTATION('',(#1208),#1211);
#1208 = B_SPLINE_CURVE_WITH_KNOTS('',1,(#1209,#1210),.UNSPECIFIED.,.F.,
  .F.,(2,2),(0.,1.),.PIECEWISE_BEZIER_KNOTS.);
#1209 = CARTESIAN_POINT('',(-10.65652400951,4.990574405683E-04));
#1210 = CARTESIAN_POINT('',(-10.65676489059,2.749312671832E-03));
#1211 = ( GEOMETRIC_REPRESENTATION_CONTEXT(2) 
PARAMETRIC_REPRESENTATION_CONTEXT() REPRESENTATION_CONTEXT('2D SPACE',''
  ) );
#1212 = ORIENTED_EDGE('',*,*,#1213,.T.);
#1213 = EDGE_CURVE('',#1189,#1141,#1214,.T.);
#1214 = SURFACE_CURVE('',#1215,(#1218,#1224),.PCURVE_S1.);
#1215 = B_SPLINE_CURVE_WITH_KNOTS('',1,(#1216,#1217),.UNSPECIFIED.,.F.,
  .F.,(2,2),(0.,1.),.PIECEWISE_BEZIER_KNOTS.);
#1216 = CARTESIAN_POINT('',(10.90425,-62.109,14.28105));
#1217 = CARTESIAN_POINT('',(9.8021,-60.4005,14.28105));
#1218 = PCURVE('',#911,#1219);
#1219 = DEFINITIONAL_REPRESENTATION('',(#1220),#1223);
#1220 = B_SPLINE_CURVE_WITH_KNOTS('',1,(#1221,#1222),.UNSPECIFIED.,.F.,
  .F.,(2,2),(0.,1.),.PIECEWISE_BEZIER_KNOTS.);
#1221 = CARTESIAN_POINT('',(1.005E-02,-2.033151955093));
#1222 = CARTESIAN_POINT('',(1.005E-02,0.));
#1223 = ( GEOMETRIC_REPRESENTATION_CONTEXT(2) 
PARAMETRIC_REPRESENTATION_CONTEXT() REPRESENTATION_CONTEXT('2D SPACE',''
  ) );
#1224 = PCURVE('',#1225,#1244);
#1225 = B_SPLINE_SURFACE_WITH_KNOTS('',8,1,(
    (#1226,#1227)
    ,(#1228,#1229)
    ,(#1230,#1231)
    ,(#1232,#1233)
    ,(#1234,#1235)
    ,(#1236,#1237)
    ,(#1238,#1239)
    ,(#1240,#1241)
    ,(#1242,#1243
    )),.UNSPECIFIED.,.F.,.F.,.F.,(9,9),(2,2),(0.,1.570796326795),(0.,1.)
  ,.PIECEWISE_BEZIER_KNOTS.);
#1226 = CARTESIAN_POINT('',(10.90425,-62.109,14.28105));
#1227 = CARTESIAN_POINT('',(9.8021,-60.4005,14.28105));
#1228 = CARTESIAN_POINT('',(10.90425,-62.109,14.811871166209));
#1229 = CARTESIAN_POINT('',(9.8021,-60.4005,14.68755245442));
#1230 = CARTESIAN_POINT('',(10.785133860083,-62.109,15.342692499506));
#1231 = CARTESIAN_POINT('',(9.710880948614,-60.4005,15.094055036797));
#1232 = CARTESIAN_POINT('',(10.54690275018,-62.109,15.842328153363));
#1233 = CARTESIAN_POINT('',(9.528443741774,-60.4005,15.476675649044));
#1234 = CARTESIAN_POINT('',(10.199349083313,-62.10899999999,
    16.279599083313));
#1235 = CARTESIAN_POINT('',(9.262287402091,-60.40049999999,
    15.811537402091));
#1236 = CARTESIAN_POINT('',(9.762078153363,-62.109,16.62715275018));
#1237 = CARTESIAN_POINT('',(8.927425649044,-60.4005,16.077693741774));
#1238 = CARTESIAN_POINT('',(9.262442499506,-62.109,16.865383860083));
#1239 = CARTESIAN_POINT('',(8.544805036797,-60.4005,16.260130948614));
#1240 = CARTESIAN_POINT('',(8.731621166209,-62.109,16.9845));
#1241 = CARTESIAN_POINT('',(8.13830245442,-60.4005,16.35135));
#1242 = CARTESIAN_POINT('',(8.2008,-62.109,16.9845));
#1243 = CARTESIAN_POINT('',(7.7318,-60.4005,16.35135));
#1244 = DEFINITIONAL_REPRESENTATION('',(#1245),#1248);
#1245 = B_SPLINE_CURVE_WITH_KNOTS('',1,(#1246,#1247),.UNSPECIFIED.,.F.,
  .F.,(2,2),(0.176357671927,1.),.PIECEWISE_BEZIER_KNOTS.);
#1246 = CARTESIAN_POINT('',(0.,0.176357671927));
#1247 = CARTESIAN_POINT('',(0.,1.));
#1248 = ( GEOMETRIC_REPRESENTATION_CONTEXT(2) 
PARAMETRIC_REPRESENTATION_CONTEXT() REPRESENTATION_CONTEXT('2D SPACE',''
  ) );
#1249 = ADVANCED_FACE('',(#1250),#883,.T.);
#1250 = FACE_BOUND('',#1251,.T.);
#1251 = EDGE_LOOP('',(#1252,#1253,#1254,#1293));
#1252 = ORIENTED_EDGE('',*,*,#867,.T.);
#1253 = ORIENTED_EDGE('',*,*,#1140,.T.);
#1254 = ORIENTED_EDGE('',*,*,#1255,.T.);
#1255 = EDGE_CURVE('',#1141,#1256,#1258,.T.);
#1256 = VERTEX_POINT('',#1257);
#1257 = CARTESIAN_POINT('',(9.65135,-60.04875,14.28105));
#1258 = SURFACE_CURVE('',#1259,(#1262,#1268),.PCURVE_S1.);
#1259 = B_SPLINE_CURVE_WITH_KNOTS('',1,(#1260,#1261),.UNSPECIFIED.,.F.,
  .F.,(2,2),(0.,1.),.PIECEWISE_BEZIER_KNOTS.);
#1260 = CARTESIAN_POINT('',(9.8021,-60.4005,14.28105));
#1261 = CARTESIAN_POINT('',(9.65135,-60.04875,14.28105));
#1262 = PCURVE('',#883,#1263);
#1263 = DEFINITIONAL_REPRESENTATION('',(#1264),#1267);
#1264 = B_SPLINE_CURVE_WITH_KNOTS('',1,(#1265,#1266),.UNSPECIFIED.,.F.,
  .F.,(2,2),(0.,1.),.PIECEWISE_BEZIER_KNOTS.);
#1265 = CARTESIAN_POINT('',(1.005E-02,-0.38269259857));
#1266 = CARTESIAN_POINT('',(1.005E-02,0.));
#1267 = ( GEOMETRIC_REPRESENTATION_CONTEXT(2) 
PARAMETRIC_REPRESENTATION_CONTEXT() REPRESENTATION_CONTEXT('2D SPACE',''
  ) );
#1268 = PCURVE('',#1269,#1288);
#1269 = B_SPLINE_SURFACE_WITH_KNOTS('',8,1,(
    (#1270,#1271)
    ,(#1272,#1273)
    ,(#1274,#1275)
    ,(#1276,#1277)
    ,(#1278,#1279)
    ,(#1280,#1281)
    ,(#1282,#1283)
    ,(#1284,#1285)
    ,(#1286,#1287
    )),.UNSPECIFIED.,.F.,.F.,.F.,(9,9),(2,2),(0.,1.570796326795),(0.,1.)
  ,.PIECEWISE_BEZIER_KNOTS.);
#1270 = CARTESIAN_POINT('',(9.8021,-60.4005,14.28105));
#1271 = CARTESIAN_POINT('',(9.65135,-60.04875,14.28105));
#1272 = CARTESIAN_POINT('',(9.8021,-60.4005,14.68755245442));
#1273 = CARTESIAN_POINT('',(9.65135,-60.04875,14.318542944825));
#1274 = CARTESIAN_POINT('',(9.710880948614,-60.4005,15.094055036797));
#1275 = CARTESIAN_POINT('',(9.642936425085,-60.04874999999,
    14.356035734189));
#1276 = CARTESIAN_POINT('',(9.528443741774,-60.4005,15.476675649044));
#1277 = CARTESIAN_POINT('',(9.62611039492,-60.04875,14.391326687338));
#1278 = CARTESIAN_POINT('',(9.262287402091,-60.40049999999,
    15.811537402091));
#1279 = CARTESIAN_POINT('',(9.601560710077,-60.04875,14.422210710077));
#1280 = CARTESIAN_POINT('',(8.927425649044,-60.4005,16.077693741774));
#1281 = CARTESIAN_POINT('',(9.570676687338,-60.04874999999,
    14.44676039492));
#1282 = CARTESIAN_POINT('',(8.544805036797,-60.4005,16.260130948614));
#1283 = CARTESIAN_POINT('',(9.535385734189,-60.04875,14.463586425085));
#1284 = CARTESIAN_POINT('',(8.13830245442,-60.4005,16.35135));
#1285 = CARTESIAN_POINT('',(9.497892944825,-60.04875,14.472));
#1286 = CARTESIAN_POINT('',(7.7318,-60.4005,16.35135));
#1287 = CARTESIAN_POINT('',(9.4604,-60.04875,14.472));
#1288 = DEFINITIONAL_REPRESENTATION('',(#1289),#1292);
#1289 = B_SPLINE_CURVE_WITH_KNOTS('',1,(#1290,#1291),.UNSPECIFIED.,.F.,
  .F.,(2,2),(0.,1.),.PIECEWISE_BEZIER_KNOTS.);
#1290 = CARTESIAN_POINT('',(0.,0.));
#1291 = CARTESIAN_POINT('',(0.,1.));
#1292 = ( GEOMETRIC_REPRESENTATION_CONTEXT(2) 
PARAMETRIC_REPRESENTATION_CONTEXT() REPRESENTATION_CONTEXT('2D SPACE',''
  ) );
#1293 = ORIENTED_EDGE('',*,*,#1294,.F.);
#1294 = EDGE_CURVE('',#840,#1256,#1295,.T.);
#1295 = SURFACE_CURVE('',#1296,(#1300,#1307),.PCURVE_S1.);
#1296 = LINE('',#1297,#1298);
#1297 = CARTESIAN_POINT('',(9.65135,-60.04875,14.271));
#1298 = VECTOR('',#1299,1.);
#1299 = DIRECTION('',(0.,0.,1.));
#1300 = PCURVE('',#883,#1301);
#1301 = DEFINITIONAL_REPRESENTATION('',(#1302),#1306);
#1302 = LINE('',#1303,#1304);
#1303 = CARTESIAN_POINT('',(0.,0.));
#1304 = VECTOR('',#1305,1.);
#1305 = DIRECTION('',(1.,0.));
#1306 = ( GEOMETRIC_REPRESENTATION_CONTEXT(2) 
PARAMETRIC_REPRESENTATION_CONTEXT() REPRESENTATION_CONTEXT('2D SPACE',''
  ) );
#1307 = PCURVE('',#855,#1308);
#1308 = DEFINITIONAL_REPRESENTATION('',(#1309),#1313);
#1309 = LINE('',#1310,#1311);
#1310 = CARTESIAN_POINT('',(19.11175,1.005E-02));
#1311 = VECTOR('',#1312,1.);
#1312 = DIRECTION('',(0.,1.));
#1313 = ( GEOMETRIC_REPRESENTATION_CONTEXT(2) 
PARAMETRIC_REPRESENTATION_CONTEXT() REPRESENTATION_CONTEXT('2D SPACE',''
  ) );
#1314 = ADVANCED_FACE('',(#1315),#855,.T.);
#1315 = FACE_BOUND('',#1316,.T.);
#1316 = EDGE_LOOP('',(#1317,#1337,#1338,#1339,#1362,#1389,#1414));
#1317 = ORIENTED_EDGE('',*,*,#1318,.F.);
#1318 = EDGE_CURVE('',#815,#1319,#1321,.T.);
#1319 = VERTEX_POINT('',#1320);
#1320 = CARTESIAN_POINT('',(7.08525,-60.04875,14.272005));
#1321 = SURFACE_CURVE('',#1322,(#1325,#1331),.PCURVE_S1.);
#1322 = B_SPLINE_CURVE_WITH_KNOTS('',1,(#1323,#1324),.UNSPECIFIED.,.F.,
  .F.,(2,2),(0.,1.),.PIECEWISE_BEZIER_KNOTS.);
#1323 = CARTESIAN_POINT('',(7.085232434283,-60.04875,14.270998050873));
#1324 = CARTESIAN_POINT('',(7.08525,-60.04875,14.272005));
#1325 = PCURVE('',#855,#1326);
#1326 = DEFINITIONAL_REPRESENTATION('',(#1327),#1330);
#1327 = B_SPLINE_CURVE_WITH_KNOTS('',1,(#1328,#1329),.UNSPECIFIED.,.F.,
  .F.,(2,2),(0.,1.),.PIECEWISE_BEZIER_KNOTS.);
#1328 = CARTESIAN_POINT('',(16.545632434283,1.004805087307E-02));
#1329 = CARTESIAN_POINT('',(16.54565,1.1055E-02));
#1330 = ( GEOMETRIC_REPRESENTATION_CONTEXT(2) 
PARAMETRIC_REPRESENTATION_CONTEXT() REPRESENTATION_CONTEXT('2D SPACE',''
  ) );
#1331 = PCURVE('',#828,#1332);
#1332 = DEFINITIONAL_REPRESENTATION('',(#1333),#1336);
#1333 = B_SPLINE_CURVE_WITH_KNOTS('',1,(#1334,#1335),.UNSPECIFIED.,.F.,
  .F.,(2,2),(0.,1.),.PIECEWISE_BEZIER_KNOTS.);
#1334 = CARTESIAN_POINT('',(-16.22501534972,0.999393131781));
#1335 = CARTESIAN_POINT('',(-16.225,1.));
#1336 = ( GEOMETRIC_REPRESENTATION_CONTEXT(2) 
PARAMETRIC_REPRESENTATION_CONTEXT() REPRESENTATION_CONTEXT('2D SPACE',''
  ) );
#1337 = ORIENTED_EDGE('',*,*,#839,.T.);
#1338 = ORIENTED_EDGE('',*,*,#1294,.T.);
#1339 = ORIENTED_EDGE('',*,*,#1340,.T.);
#1340 = EDGE_CURVE('',#1256,#1341,#1343,.T.);
#1341 = VERTEX_POINT('',#1342);
#1342 = CARTESIAN_POINT('',(9.4604,-60.04875,14.472));
#1343 = SURFACE_CURVE('',#1344,(#1349,#1356),.PCURVE_S1.);
#1344 = CIRCLE('',#1345,0.19095);
#1345 = AXIS2_PLACEMENT_3D('',#1346,#1347,#1348);
#1346 = CARTESIAN_POINT('',(9.4604,-60.04875,14.28105));
#1347 = DIRECTION('',(0.,-1.,0.));
#1348 = DIRECTION('',(1.,0.,0.));
#1349 = PCURVE('',#855,#1350);
#1350 = DEFINITIONAL_REPRESENTATION('',(#1351),#1355);
#1351 = CIRCLE('',#1352,0.19095);
#1352 = AXIS2_PLACEMENT_2D('',#1353,#1354);
#1353 = CARTESIAN_POINT('',(18.9208,2.01E-02));
#1354 = DIRECTION('',(1.,0.));
#1355 = ( GEOMETRIC_REPRESENTATION_CONTEXT(2) 
PARAMETRIC_REPRESENTATION_CONTEXT() REPRESENTATION_CONTEXT('2D SPACE',''
  ) );
#1356 = PCURVE('',#1269,#1357);
#1357 = DEFINITIONAL_REPRESENTATION('',(#1358),#1361);
#1358 = B_SPLINE_CURVE_WITH_KNOTS('',1,(#1359,#1360),.UNSPECIFIED.,.F.,
  .F.,(2,2),(0.,1.570796326795),.PIECEWISE_BEZIER_KNOTS.);
#1359 = CARTESIAN_POINT('',(0.,1.));
#1360 = CARTESIAN_POINT('',(1.570796326795,1.));
#1361 = ( GEOMETRIC_REPRESENTATION_CONTEXT(2) 
PARAMETRIC_REPRESENTATION_CONTEXT() REPRESENTATION_CONTEXT('2D SPACE',''
  ) );
#1362 = ORIENTED_EDGE('',*,*,#1363,.F.);
#1363 = EDGE_CURVE('',#1364,#1341,#1366,.T.);
#1364 = VERTEX_POINT('',#1365);
#1365 = CARTESIAN_POINT('',(7.081726419665,-60.04875,14.472));
#1366 = SURFACE_CURVE('',#1367,(#1371,#1378),.PCURVE_S1.);
#1367 = LINE('',#1368,#1369);
#1368 = CARTESIAN_POINT('',(0.,-60.04875,14.472));
#1369 = VECTOR('',#1370,1.);
#1370 = DIRECTION('',(1.,0.,0.));
#1371 = PCURVE('',#855,#1372);
#1372 = DEFINITIONAL_REPRESENTATION('',(#1373),#1377);
#1373 = LINE('',#1374,#1375);
#1374 = CARTESIAN_POINT('',(9.4604,0.21105));
#1375 = VECTOR('',#1376,1.);
#1376 = DIRECTION('',(1.,0.));
#1377 = ( GEOMETRIC_REPRESENTATION_CONTEXT(2) 
PARAMETRIC_REPRESENTATION_CONTEXT() REPRESENTATION_CONTEXT('2D SPACE',''
  ) );
#1378 = PCURVE('',#1379,#1384);
#1379 = B_SPLINE_SURFACE_WITH_KNOTS('',1,1,(
    (#1380,#1381)
    ,(#1382,#1383
    )),.UNSPECIFIED.,.F.,.F.,.F.,(2,2),(2,2),(-9.413333333333,
    9.413333333333),(0.,1.),.PIECEWISE_BEZIER_KNOTS.);
#1380 = CARTESIAN_POINT('',(7.7318,-60.4005,16.35135));
#1381 = CARTESIAN_POINT('',(9.4604,-60.04875,14.472));
#1382 = CARTESIAN_POINT('',(-7.7318,-60.4005,16.35135));
#1383 = CARTESIAN_POINT('',(-9.4604,-60.04875,14.472));
#1384 = DEFINITIONAL_REPRESENTATION('',(#1385),#1388);
#1385 = B_SPLINE_CURVE_WITH_KNOTS('',1,(#1386,#1387),.UNSPECIFIED.,.F.,
  .F.,(2,2),(7.081726419665,9.4604),.PIECEWISE_BEZIER_KNOTS.);
#1386 = CARTESIAN_POINT('',(-7.046493949915,1.));
#1387 = CARTESIAN_POINT('',(-9.413333333333,1.));
#1388 = ( GEOMETRIC_REPRESENTATION_CONTEXT(2) 
PARAMETRIC_REPRESENTATION_CONTEXT() REPRESENTATION_CONTEXT('2D SPACE',''
  ) );
#1389 = ORIENTED_EDGE('',*,*,#1390,.F.);
#1390 = EDGE_CURVE('',#1391,#1364,#1393,.T.);
#1391 = VERTEX_POINT('',#1392);
#1392 = CARTESIAN_POINT('',(7.085214939499,-60.04875,14.272005));
#1393 = SURFACE_CURVE('',#1394,(#1397,#1403),.PCURVE_S1.);
#1394 = B_SPLINE_CURVE_WITH_KNOTS('',1,(#1395,#1396),.UNSPECIFIED.,.F.,
  .F.,(2,2),(0.,1.),.PIECEWISE_BEZIER_KNOTS.);
#1395 = CARTESIAN_POINT('',(7.085214970023,-60.04875,14.272003250094));
#1396 = CARTESIAN_POINT('',(7.081726419665,-60.04875,14.472));
#1397 = PCURVE('',#855,#1398);
#1398 = DEFINITIONAL_REPRESENTATION('',(#1399),#1402);
#1399 = B_SPLINE_CURVE_WITH_KNOTS('',1,(#1400,#1401),.UNSPECIFIED.,.F.,
  .F.,(2,2),(0.,1.),.PIECEWISE_BEZIER_KNOTS.);
#1400 = CARTESIAN_POINT('',(16.545614970023,1.1053250094E-02));
#1401 = CARTESIAN_POINT('',(16.542126419665,0.21105));
#1402 = ( GEOMETRIC_REPRESENTATION_CONTEXT(2) 
PARAMETRIC_REPRESENTATION_CONTEXT() REPRESENTATION_CONTEXT('2D SPACE',''
  ) );
#1403 = PCURVE('',#1404,#1409);
#1404 = B_SPLINE_SURFACE_WITH_KNOTS('',1,1,(
    (#1405,#1406)
    ,(#1407,#1408
    )),.UNSPECIFIED.,.F.,.F.,.F.,(2,2),(2,2),(-18.475,18.475),(0.,1.),
  .PIECEWISE_BEZIER_KNOTS.);
#1405 = CARTESIAN_POINT('',(7.08525,-62.31,14.269995));
#1406 = CARTESIAN_POINT('',(7.059813606633,-62.28456360663,15.72825));
#1407 = CARTESIAN_POINT('',(7.08525,-25.17525,14.269995));
#1408 = CARTESIAN_POINT('',(7.059813606633,-25.20068639336,15.72825));
#1409 = DEFINITIONAL_REPRESENTATION('',(#1410),#1413);
#1410 = B_SPLINE_CURVE_WITH_KNOTS('',1,(#1411,#1412),.UNSPECIFIED.,.F.,
  .F.,(2,2),(0.,1.),.PIECEWISE_BEZIER_KNOTS.);
#1411 = CARTESIAN_POINT('',(-16.22503061081,1.377159751894E-03));
#1412 = CARTESIAN_POINT('',(-16.22807964601,0.138525155065));
#1413 = ( GEOMETRIC_REPRESENTATION_CONTEXT(2) 
PARAMETRIC_REPRESENTATION_CONTEXT() REPRESENTATION_CONTEXT('2D SPACE',''
  ) );
#1414 = ORIENTED_EDGE('',*,*,#1415,.T.);
#1415 = EDGE_CURVE('',#1391,#1319,#1416,.T.);
#1416 = SURFACE_CURVE('',#1417,(#1421,#1428),.PCURVE_S1.);
#1417 = LINE('',#1418,#1419);
#1418 = CARTESIAN_POINT('',(-8.272825,-60.04875,14.272005));
#1419 = VECTOR('',#1420,1.);
#1420 = DIRECTION('',(1.,0.,-0.));
#1421 = PCURVE('',#855,#1422);
#1422 = DEFINITIONAL_REPRESENTATION('',(#1423),#1427);
#1423 = LINE('',#1424,#1425);
#1424 = CARTESIAN_POINT('',(1.187575,1.1055E-02));
#1425 = VECTOR('',#1426,1.);
#1426 = DIRECTION('',(1.,0.));
#1427 = ( GEOMETRIC_REPRESENTATION_CONTEXT(2) 
PARAMETRIC_REPRESENTATION_CONTEXT() REPRESENTATION_CONTEXT('2D SPACE',''
  ) );
#1428 = PCURVE('',#1429,#1434);
#1429 = PLANE('',#1430);
#1430 = AXIS2_PLACEMENT_3D('',#1431,#1432,#1433);
#1431 = CARTESIAN_POINT('',(-7.08525,-62.31,14.272005));
#1432 = DIRECTION('',(0.,0.,1.));
#1433 = DIRECTION('',(0.356521002668,0.93428730841,-0.));
#1434 = DEFINITIONAL_REPRESENTATION('',(#1435),#1439);
#1435 = LINE('',#1436,#1437);
#1436 = CARTESIAN_POINT('',(1.689261746399,1.915719367569));
#1437 = VECTOR('',#1438,1.);
#1438 = DIRECTION('',(0.356521002668,-0.93428730841));
#1439 = ( GEOMETRIC_REPRESENTATION_CONTEXT(2) 
PARAMETRIC_REPRESENTATION_CONTEXT() REPRESENTATION_CONTEXT('2D SPACE',''
  ) );
#1440 = ADVANCED_FACE('',(#1441),#828,.F.);
#1441 = FACE_BOUND('',#1442,.F.);
#1442 = EDGE_LOOP('',(#1443,#1465,#1466,#1467));
#1443 = ORIENTED_EDGE('',*,*,#1444,.F.);
#1444 = EDGE_CURVE('',#1319,#1445,#1447,.T.);
#1445 = VERTEX_POINT('',#1446);
#1446 = CARTESIAN_POINT('',(7.08525,-37.48646077413,14.272005));
#1447 = SURFACE_CURVE('',#1448,(#1452,#1458),.PCURVE_S1.);
#1448 = LINE('',#1449,#1450);
#1449 = CARTESIAN_POINT('',(7.08525,-43.742625,14.272005));
#1450 = VECTOR('',#1451,1.);
#1451 = DIRECTION('',(0.,1.,0.));
#1452 = PCURVE('',#828,#1453);
#1453 = DEFINITIONAL_REPRESENTATION('',(#1454),#1457);
#1454 = B_SPLINE_CURVE_WITH_KNOTS('',1,(#1455,#1456),.UNSPECIFIED.,.F.,
  .F.,(2,2),(-16.306125,6.256164225865),.PIECEWISE_BEZIER_KNOTS.);
#1455 = CARTESIAN_POINT('',(-16.225,1.));
#1456 = CARTESIAN_POINT('',(6.225039030712,1.));
#1457 = ( GEOMETRIC_REPRESENTATION_CONTEXT(2) 
PARAMETRIC_REPRESENTATION_CONTEXT() REPRESENTATION_CONTEXT('2D SPACE',''
  ) );
#1458 = PCURVE('',#1429,#1459);
#1459 = DEFINITIONAL_REPRESENTATION('',(#1460),#1464);
#1460 = LINE('',#1461,#1462);
#1461 = CARTESIAN_POINT('',(22.399343681302,-6.619659151914));
#1462 = VECTOR('',#1463,1.);
#1463 = DIRECTION('',(0.93428730841,0.356521002668));
#1464 = ( GEOMETRIC_REPRESENTATION_CONTEXT(2) 
PARAMETRIC_REPRESENTATION_CONTEXT() REPRESENTATION_CONTEXT('2D SPACE',''
  ) );
#1465 = ORIENTED_EDGE('',*,*,#1318,.F.);
#1466 = ORIENTED_EDGE('',*,*,#814,.F.);
#1467 = ORIENTED_EDGE('',*,*,#1468,.T.);
#1468 = EDGE_CURVE('',#787,#1445,#1469,.T.);
#1469 = SURFACE_CURVE('',#1470,(#1473,#1479),.PCURVE_S1.);
#1470 = B_SPLINE_CURVE_WITH_KNOTS('',1,(#1471,#1472),.UNSPECIFIED.,.F.,
  .F.,(2,2),(0.,1.),.PIECEWISE_BEZIER_KNOTS.);
#1471 = CARTESIAN_POINT('',(7.085232468285,-37.48653506343,14.271));
#1472 = CARTESIAN_POINT('',(7.08525,-37.48646077413,14.272005));
#1473 = PCURVE('',#828,#1474);
#1474 = DEFINITIONAL_REPRESENTATION('',(#1475),#1478);
#1475 = B_SPLINE_CURVE_WITH_KNOTS('',1,(#1476,#1477),.UNSPECIFIED.,.F.,
  .F.,(2,2),(0.,1.),.PIECEWISE_BEZIER_KNOTS.);
#1476 = CARTESIAN_POINT('',(6.224970988767,0.999394306481));
#1477 = CARTESIAN_POINT('',(6.225039030712,1.));
#1478 = ( GEOMETRIC_REPRESENTATION_CONTEXT(2) 
PARAMETRIC_REPRESENTATION_CONTEXT() REPRESENTATION_CONTEXT('2D SPACE',''
  ) );
#1479 = PCURVE('',#802,#1480);
#1480 = DEFINITIONAL_REPRESENTATION('',(#1481),#1484);
#1481 = B_SPLINE_CURVE_WITH_KNOTS('',1,(#1482,#1483),.UNSPECIFIED.,.F.,
  .F.,(2,2),(0.,1.),.PIECEWISE_BEZIER_KNOTS.);
#1482 = CARTESIAN_POINT('',(-2.775557561563E-17,0.112323213763));
#1483 = CARTESIAN_POINT('',(1.005153089683E-03,0.11239750055));
#1484 = ( GEOMETRIC_REPRESENTATION_CONTEXT(2) 
PARAMETRIC_REPRESENTATION_CONTEXT() REPRESENTATION_CONTEXT('2D SPACE',''
  ) );
#1485 = ADVANCED_FACE('',(#1486),#802,.T.);
#1486 = FACE_BOUND('',#1487,.T.);
#1487 = EDGE_LOOP('',(#1488,#1489,#1490,#1513,#1542,#1570));
#1488 = ORIENTED_EDGE('',*,*,#786,.F.);
#1489 = ORIENTED_EDGE('',*,*,#1468,.T.);
#1490 = ORIENTED_EDGE('',*,*,#1491,.T.);
#1491 = EDGE_CURVE('',#1445,#1492,#1494,.T.);
#1492 = VERTEX_POINT('',#1493);
#1493 = CARTESIAN_POINT('',(7.085214939499,-37.48653089513,14.272005));
#1494 = SURFACE_CURVE('',#1495,(#1499,#1506),.PCURVE_S1.);
#1495 = LINE('',#1496,#1497);
#1496 = CARTESIAN_POINT('',(0.678359309654,-50.30024215482,14.272005));
#1497 = VECTOR('',#1498,1.);
#1498 = DIRECTION('',(-0.4472135955,-0.894427191,0.));
#1499 = PCURVE('',#802,#1500);
#1500 = DEFINITIONAL_REPRESENTATION('',(#1501),#1505);
#1501 = LINE('',#1502,#1503);
#1502 = CARTESIAN_POINT('',(1.005153089683E-03,-14.21384560747));
#1503 = VECTOR('',#1504,1.);
#1504 = DIRECTION('',(2.852590291402E-19,-1.));
#1505 = ( GEOMETRIC_REPRESENTATION_CONTEXT(2) 
PARAMETRIC_REPRESENTATION_CONTEXT() REPRESENTATION_CONTEXT('2D SPACE',''
  ) );
#1506 = PCURVE('',#1429,#1507);
#1507 = DEFINITIONAL_REPRESENTATION('',(#1508),#1512);
#1508 = LINE('',#1509,#1510);
#1509 = CARTESIAN_POINT('',(13.988454107227,-2.971710736704));
#1510 = VECTOR('',#1511,1.);
#1511 = DIRECTION('',(-0.995093012323,9.894390747527E-02));
#1512 = ( GEOMETRIC_REPRESENTATION_CONTEXT(2) 
PARAMETRIC_REPRESENTATION_CONTEXT() REPRESENTATION_CONTEXT('2D SPACE',''
  ) );
#1513 = ORIENTED_EDGE('',*,*,#1514,.T.);
#1514 = EDGE_CURVE('',#1492,#1515,#1517,.T.);
#1515 = VERTEX_POINT('',#1516);
#1516 = CARTESIAN_POINT('',(7.061566631676,-37.4809118185,15.62775));
#1517 = SURFACE_CURVE('',#1518,(#1524,#1533),.PCURVE_S1.);
#1518 = B_SPLINE_CURVE_WITH_KNOTS('',4,(#1519,#1520,#1521,#1522,#1523),
  .UNSPECIFIED.,.F.,.F.,(5,5),(0.,1.),.PIECEWISE_BEZIER_KNOTS.);
#1519 = CARTESIAN_POINT('',(7.085215000546,-37.48653090964,
    14.272001500188));
#1520 = CARTESIAN_POINT('',(7.079302907815,-37.48512613673,
    14.610938654591));
#1521 = CARTESIAN_POINT('',(7.073390815426,-37.48372136391,
    14.949875789403));
#1522 = CARTESIAN_POINT('',(7.067478723379,-37.48231659116,
    15.28881290456));
#1523 = CARTESIAN_POINT('',(7.061566631676,-37.4809118185,15.62775));
#1524 = PCURVE('',#802,#1525);
#1525 = DEFINITIONAL_REPRESENTATION('',(#1526),#1532);
#1526 = B_SPLINE_CURVE_WITH_KNOTS('',4,(#1527,#1528,#1529,#1530,#1531),
  .UNSPECIFIED.,.F.,.F.,(5,5),(0.,1.),.PIECEWISE_BEZIER_KNOTS.);
#1527 = CARTESIAN_POINT('',(1.001652744565E-03,0.112319117214));
#1528 = CARTESIAN_POINT('',(0.339990436782,0.110931616051));
#1529 = CARTESIAN_POINT('',(0.678979201224,0.109544114968));
#1530 = CARTESIAN_POINT('',(1.017967946009,0.108156613965));
#1531 = CARTESIAN_POINT('',(1.356956671074,0.106769113043));
#1532 = ( GEOMETRIC_REPRESENTATION_CONTEXT(2) 
PARAMETRIC_REPRESENTATION_CONTEXT() REPRESENTATION_CONTEXT('2D SPACE',''
  ) );
#1533 = PCURVE('',#1404,#1534);
#1534 = DEFINITIONAL_REPRESENTATION('',(#1535),#1541);
#1535 = B_SPLINE_CURVE_WITH_KNOTS('',4,(#1536,#1537,#1538,#1539,#1540),
  .UNSPECIFIED.,.F.,.F.,(5,5),(0.,1.),.PIECEWISE_BEZIER_KNOTS.);
#1536 = CARTESIAN_POINT('',(6.22498097821,1.375959751894E-03));
#1537 = CARTESIAN_POINT('',(6.228360883152,0.233802493111));
#1538 = CARTESIAN_POINT('',(6.231743657786,0.466229013035));
#1539 = CARTESIAN_POINT('',(6.235129307592,0.69865551948));
#1540 = CARTESIAN_POINT('',(6.238517838081,0.931082012405));
#1541 = ( GEOMETRIC_REPRESENTATION_CONTEXT(2) 
PARAMETRIC_REPRESENTATION_CONTEXT() REPRESENTATION_CONTEXT('2D SPACE',''
  ) );
#1542 = ORIENTED_EDGE('',*,*,#1543,.T.);
#1543 = EDGE_CURVE('',#1515,#1544,#1546,.T.);
#1544 = VERTEX_POINT('',#1545);
#1545 = CARTESIAN_POINT('',(7.513817840659,-36.57640940054,15.62775));
#1546 = SURFACE_CURVE('',#1547,(#1551,#1558),.PCURVE_S1.);
#1547 = LINE('',#1548,#1549);
#1548 = CARTESIAN_POINT('',(7.013818032743,-37.57640901637,15.62775));
#1549 = VECTOR('',#1550,1.);
#1550 = DIRECTION('',(0.4472135955,0.894427191,3.813589673156E-19));
#1551 = PCURVE('',#802,#1552);
#1552 = DEFINITIONAL_REPRESENTATION('',(#1553),#1557);
#1553 = LINE('',#1554,#1555);
#1554 = CARTESIAN_POINT('',(1.356956671074,-1.236064188662E-16));
#1555 = VECTOR('',#1556,1.);
#1556 = DIRECTION('',(9.59257162593E-20,1.));
#1557 = ( GEOMETRIC_REPRESENTATION_CONTEXT(2) 
PARAMETRIC_REPRESENTATION_CONTEXT() REPRESENTATION_CONTEXT('2D SPACE',''
  ) );
#1558 = PCURVE('',#1559,#1564);
#1559 = PLANE('',#1560);
#1560 = AXIS2_PLACEMENT_3D('',#1561,#1562,#1563);
#1561 = CARTESIAN_POINT('',(7.190960702531,-36.35449022584,15.62775));
#1562 = DIRECTION('',(0.,0.,1.));
#1563 = DIRECTION('',(1.,0.,0.));
#1564 = DEFINITIONAL_REPRESENTATION('',(#1565),#1569);
#1565 = LINE('',#1566,#1567);
#1566 = CARTESIAN_POINT('',(-0.177142669788,-1.221918790528));
#1567 = VECTOR('',#1568,1.);
#1568 = DIRECTION('',(0.4472135955,0.894427191));
#1569 = ( GEOMETRIC_REPRESENTATION_CONTEXT(2) 
PARAMETRIC_REPRESENTATION_CONTEXT() REPRESENTATION_CONTEXT('2D SPACE',''
  ) );
#1570 = ORIENTED_EDGE('',*,*,#1571,.F.);
#1571 = EDGE_CURVE('',#759,#1544,#1572,.T.);
#1572 = SURFACE_CURVE('',#1573,(#1577,#1584),.PCURVE_S1.);
#1573 = LINE('',#1574,#1575);
#1574 = CARTESIAN_POINT('',(7.5375,-36.582,14.271));
#1575 = VECTOR('',#1576,1.);
#1576 = DIRECTION('',(-1.745225832039E-02,4.119919324499E-03,
    0.999839209545));
#1577 = PCURVE('',#802,#1578);
#1578 = DEFINITIONAL_REPRESENTATION('',(#1579),#1583);
#1579 = LINE('',#1580,#1581);
#1580 = CARTESIAN_POINT('',(-7.901035053297E-19,1.123624158694));
#1581 = VECTOR('',#1582,1.);
#1582 = DIRECTION('',(0.999991513096,-4.119919324499E-03));
#1583 = ( GEOMETRIC_REPRESENTATION_CONTEXT(2) 
PARAMETRIC_REPRESENTATION_CONTEXT() REPRESENTATION_CONTEXT('2D SPACE',''
  ) );
#1584 = PCURVE('',#774,#1585);
#1585 = DEFINITIONAL_REPRESENTATION('',(#1586),#1590);
#1586 = LINE('',#1587,#1588);
#1587 = CARTESIAN_POINT('',(0.,0.));
#1588 = VECTOR('',#1589,1.);
#1589 = DIRECTION('',(0.999991513096,4.119919324499E-03));
#1590 = ( GEOMETRIC_REPRESENTATION_CONTEXT(2) 
PARAMETRIC_REPRESENTATION_CONTEXT() REPRESENTATION_CONTEXT('2D SPACE',''
  ) );
#1591 = ADVANCED_FACE('',(#1592),#774,.T.);
#1592 = FACE_BOUND('',#1593,.T.);
#1593 = EDGE_LOOP('',(#1594,#1617,#1618,#1619));
#1594 = ORIENTED_EDGE('',*,*,#1595,.F.);
#1595 = EDGE_CURVE('',#731,#1596,#1598,.T.);
#1596 = VERTEX_POINT('',#1597);
#1597 = CARTESIAN_POINT('',(7.513817840659,-36.08535164974,15.62775));
#1598 = SURFACE_CURVE('',#1599,(#1603,#1610),.PCURVE_S1.);
#1599 = LINE('',#1600,#1601);
#1600 = CARTESIAN_POINT('',(7.5375,-36.0795,14.271));
#1601 = VECTOR('',#1602,1.);
#1602 = DIRECTION('',(-1.745224416515E-02,-4.312293429139E-03,
    0.999838398592));
#1603 = PCURVE('',#774,#1604);
#1604 = DEFINITIONAL_REPRESENTATION('',(#1605),#1609);
#1605 = LINE('',#1606,#1607);
#1606 = CARTESIAN_POINT('',(0.,0.5025));
#1607 = VECTOR('',#1608,1.);
#1608 = DIRECTION('',(0.999990702019,-4.312293429139E-03));
#1609 = ( GEOMETRIC_REPRESENTATION_CONTEXT(2) 
PARAMETRIC_REPRESENTATION_CONTEXT() REPRESENTATION_CONTEXT('2D SPACE',''
  ) );
#1610 = PCURVE('',#746,#1611);
#1611 = DEFINITIONAL_REPRESENTATION('',(#1612),#1616);
#1612 = LINE('',#1613,#1614);
#1613 = CARTESIAN_POINT('',(0.,0.));
#1614 = VECTOR('',#1615,1.);
#1615 = DIRECTION('',(0.999990702019,4.312293429139E-03));
#1616 = ( GEOMETRIC_REPRESENTATION_CONTEXT(2) 
PARAMETRIC_REPRESENTATION_CONTEXT() REPRESENTATION_CONTEXT('2D SPACE',''
  ) );
#1617 = ORIENTED_EDGE('',*,*,#758,.F.);
#1618 = ORIENTED_EDGE('',*,*,#1571,.T.);
#1619 = ORIENTED_EDGE('',*,*,#1620,.T.);
#1620 = EDGE_CURVE('',#1544,#1596,#1621,.T.);
#1621 = SURFACE_CURVE('',#1622,(#1626,#1633),.PCURVE_S1.);
#1622 = LINE('',#1623,#1624);
#1623 = CARTESIAN_POINT('',(7.513817840659,-36.582,15.62775));
#1624 = VECTOR('',#1625,1.);
#1625 = DIRECTION('',(0.,1.,0.));
#1626 = PCURVE('',#774,#1627);
#1627 = DEFINITIONAL_REPRESENTATION('',(#1628),#1632);
#1628 = LINE('',#1629,#1630);
#1629 = CARTESIAN_POINT('',(1.356956671074,0.));
#1630 = VECTOR('',#1631,1.);
#1631 = DIRECTION('',(0.,1.));
#1632 = ( GEOMETRIC_REPRESENTATION_CONTEXT(2) 
PARAMETRIC_REPRESENTATION_CONTEXT() REPRESENTATION_CONTEXT('2D SPACE',''
  ) );
#1633 = PCURVE('',#1559,#1634);
#1634 = DEFINITIONAL_REPRESENTATION('',(#1635),#1639);
#1635 = LINE('',#1636,#1637);
#1636 = CARTESIAN_POINT('',(0.322857138127,-0.227509774156));
#1637 = VECTOR('',#1638,1.);
#1638 = DIRECTION('',(0.,1.));
#1639 = ( GEOMETRIC_REPRESENTATION_CONTEXT(2) 
PARAMETRIC_REPRESENTATION_CONTEXT() REPRESENTATION_CONTEXT('2D SPACE',''
  ) );
#1640 = ADVANCED_FACE('',(#1641),#746,.T.);
#1641 = FACE_BOUND('',#1642,.T.);
#1642 = EDGE_LOOP('',(#1643,#1644,#1645,#1668,#1703,#1731));
#1643 = ORIENTED_EDGE('',*,*,#730,.F.);
#1644 = ORIENTED_EDGE('',*,*,#1595,.T.);
#1645 = ORIENTED_EDGE('',*,*,#1646,.T.);
#1646 = EDGE_CURVE('',#1596,#1647,#1649,.T.);
#1647 = VERTEX_POINT('',#1648);
#1648 = CARTESIAN_POINT('',(7.061566631676,-35.22607435267,15.62775));
#1649 = SURFACE_CURVE('',#1650,(#1654,#1661),.PCURVE_S1.);
#1650 = LINE('',#1651,#1652);
#1651 = CARTESIAN_POINT('',(7.516543225653,-36.09052988123,15.62775));
#1652 = VECTOR('',#1653,1.);
#1653 = DIRECTION('',(-0.465746432833,0.884918222382,3.04037892645E-19)
  );
#1654 = PCURVE('',#746,#1655);
#1655 = DEFINITIONAL_REPRESENTATION('',(#1656),#1660);
#1656 = LINE('',#1657,#1658);
#1657 = CARTESIAN_POINT('',(1.356956671074,-3.838036808924E-18));
#1658 = VECTOR('',#1659,1.);
#1659 = DIRECTION('',(3.494828504016E-19,1.));
#1660 = ( GEOMETRIC_REPRESENTATION_CONTEXT(2) 
PARAMETRIC_REPRESENTATION_CONTEXT() REPRESENTATION_CONTEXT('2D SPACE',''
  ) );
#1661 = PCURVE('',#1559,#1662);
#1662 = DEFINITIONAL_REPRESENTATION('',(#1663),#1667);
#1663 = LINE('',#1664,#1665);
#1664 = CARTESIAN_POINT('',(0.325582523122,0.263960344609));
#1665 = VECTOR('',#1666,1.);
#1666 = DIRECTION('',(-0.465746432833,0.884918222382));
#1667 = ( GEOMETRIC_REPRESENTATION_CONTEXT(2) 
PARAMETRIC_REPRESENTATION_CONTEXT() REPRESENTATION_CONTEXT('2D SPACE',''
  ) );
#1668 = ORIENTED_EDGE('',*,*,#1669,.F.);
#1669 = EDGE_CURVE('',#1670,#1647,#1672,.T.);
#1670 = VERTEX_POINT('',#1671);
#1671 = CARTESIAN_POINT('',(7.085214939499,-35.22019605005,14.272005));
#1672 = SURFACE_CURVE('',#1673,(#1681,#1692),.PCURVE_S1.);
#1673 = B_SPLINE_CURVE_WITH_KNOTS('',3,(#1674,#1675,#1676,#1677,#1678,
    #1679,#1680),.UNSPECIFIED.,.F.,.F.,(4,1,1,1,4),(0.,0.272828711116,
    0.545657423966,0.818486138554,1.),.UNSPECIFIED.);
#1674 = CARTESIAN_POINT('',(7.085215000546,-35.22019603487,
    14.272001500188));
#1675 = CARTESIAN_POINT('',(7.083064349188,-35.22073062617,
    14.395297206892));
#1676 = CARTESIAN_POINT('',(7.078763046472,-35.22179980876,
    14.641888620302));
#1677 = CARTESIAN_POINT('',(7.072311092419,-35.22340358264,
    15.011775739242));
#1678 = CARTESIAN_POINT('',(7.066578954152,-35.22482843061,
    15.340396199184));
#1679 = CARTESIAN_POINT('',(7.062997467243,-35.22571868729,
    15.545720952508));
#1680 = CARTESIAN_POINT('',(7.061566631676,-35.22607435267,15.62775));
#1681 = PCURVE('',#746,#1682);
#1682 = DEFINITIONAL_REPRESENTATION('',(#1683),#1691);
#1683 = B_SPLINE_CURVE_WITH_KNOTS('',3,(#1684,#1685,#1686,#1687,#1688,
    #1689,#1690),.UNSPECIFIED.,.F.,.F.,(4,1,1,1,4),(0.,0.272828711116,
    0.545657423966,0.818486138554,1.),.UNSPECIFIED.);
#1684 = CARTESIAN_POINT('',(1.001652744565E-03,0.971063862423));
#1685 = CARTESIAN_POINT('',(0.124316140843,0.971592451042));
#1686 = CARTESIAN_POINT('',(0.37094511704,0.97264962828));
#1687 = CARTESIAN_POINT('',(0.740888580161,0.974235394131));
#1688 = CARTESIAN_POINT('',(1.069559098215,0.975644243147));
#1689 = CARTESIAN_POINT('',(1.274915128257,0.976524503545));
#1690 = CARTESIAN_POINT('',(1.356956671074,0.976876175327));
#1691 = ( GEOMETRIC_REPRESENTATION_CONTEXT(2) 
PARAMETRIC_REPRESENTATION_CONTEXT() REPRESENTATION_CONTEXT('2D SPACE',''
  ) );
#1692 = PCURVE('',#1404,#1693);
#1693 = DEFINITIONAL_REPRESENTATION('',(#1694),#1702);
#1694 = B_SPLINE_CURVE_WITH_KNOTS('',3,(#1695,#1696,#1697,#1698,#1699,
    #1700,#1701),.UNSPECIFIED.,.F.,.F.,(4,1,1,1,4),(0.,0.272828711116,
    0.545657423966,0.818486138554,1.),.UNSPECIFIED.);
#1695 = CARTESIAN_POINT('',(8.480044805882,1.375959751894E-03));
#1696 = CARTESIAN_POINT('',(8.480495115171,8.592612875808E-02));
#1697 = CARTESIAN_POINT('',(8.481396046706,0.255026466771));
#1698 = CARTESIAN_POINT('',(8.482748383849,0.508676972986));
#1699 = CARTESIAN_POINT('',(8.48395068262,0.73402882156));
#1700 = CARTESIAN_POINT('',(8.484702324043,0.874830501187));
#1701 = CARTESIAN_POINT('',(8.485002680939,0.931082012405));
#1702 = ( GEOMETRIC_REPRESENTATION_CONTEXT(2) 
PARAMETRIC_REPRESENTATION_CONTEXT() REPRESENTATION_CONTEXT('2D SPACE',''
  ) );
#1703 = ORIENTED_EDGE('',*,*,#1704,.T.);
#1704 = EDGE_CURVE('',#1670,#1705,#1707,.T.);
#1705 = VERTEX_POINT('',#1706);
#1706 = CARTESIAN_POINT('',(7.08525,-35.220262665,14.272005));
#1707 = SURFACE_CURVE('',#1708,(#1712,#1719),.PCURVE_S1.);
#1708 = LINE('',#1709,#1710);
#1709 = CARTESIAN_POINT('',(11.35692048514,-43.33643658676,14.272005));
#1710 = VECTOR('',#1711,1.);
#1711 = DIRECTION('',(0.465746432833,-0.884918222382,0.));
#1712 = PCURVE('',#746,#1713);
#1713 = DEFINITIONAL_REPRESENTATION('',(#1714),#1718);
#1714 = LINE('',#1715,#1716);
#1715 = CARTESIAN_POINT('',(1.005153089683E-03,-8.200676890744));
#1716 = VECTOR('',#1717,1.);
#1717 = DIRECTION('',(8.114666003118E-19,-1.));
#1718 = ( GEOMETRIC_REPRESENTATION_CONTEXT(2) 
PARAMETRIC_REPRESENTATION_CONTEXT() REPRESENTATION_CONTEXT('2D SPACE',''
  ) );
#1719 = PCURVE('',#1720,#1725);
#1720 = PLANE('',#1721);
#1721 = AXIS2_PLACEMENT_3D('',#1722,#1723,#1724);
#1722 = CARTESIAN_POINT('',(-7.08525,-62.31,14.272005));
#1723 = DIRECTION('',(0.,0.,1.));
#1724 = DIRECTION('',(0.356521002668,0.93428730841,-0.));
#1725 = DEFINITIONAL_REPRESENTATION('',(#1726),#1730);
#1726 = LINE('',#1727,#1728);
#1727 = CARTESIAN_POINT('',(24.301780605038,-10.46581197153));
#1728 = VECTOR('',#1729,1.);
#1729 = DIRECTION('',(-0.66071947893,-0.750632913056));
#1730 = ( GEOMETRIC_REPRESENTATION_CONTEXT(2) 
PARAMETRIC_REPRESENTATION_CONTEXT() REPRESENTATION_CONTEXT('2D SPACE',''
  ) );
#1731 = ORIENTED_EDGE('',*,*,#1732,.F.);
#1732 = EDGE_CURVE('',#706,#1705,#1733,.T.);
#1733 = SURFACE_CURVE('',#1734,(#1737,#1743),.PCURVE_S1.);
#1734 = B_SPLINE_CURVE_WITH_KNOTS('',1,(#1735,#1736),.UNSPECIFIED.,.F.,
  .F.,(2,2),(0.,1.),.PIECEWISE_BEZIER_KNOTS.);
#1735 = CARTESIAN_POINT('',(7.085232468285,-35.22019168974,14.271));
#1736 = CARTESIAN_POINT('',(7.08525,-35.220262665,14.272005));
#1737 = PCURVE('',#746,#1738);
#1738 = DEFINITIONAL_REPRESENTATION('',(#1739),#1742);
#1739 = B_SPLINE_CURVE_WITH_KNOTS('',1,(#1740,#1741),.UNSPECIFIED.,.F.,
  .F.,(2,2),(0.,1.),.PIECEWISE_BEZIER_KNOTS.);
#1740 = CARTESIAN_POINT('',(-3.538835890993E-15,0.971059571974));
#1741 = CARTESIAN_POINT('',(1.005153089683E-03,0.970988599339));
#1742 = ( GEOMETRIC_REPRESENTATION_CONTEXT(2) 
PARAMETRIC_REPRESENTATION_CONTEXT() REPRESENTATION_CONTEXT('2D SPACE',''
  ) );
#1743 = PCURVE('',#719,#1744);
#1744 = DEFINITIONAL_REPRESENTATION('',(#1745),#1748);
#1745 = B_SPLINE_CURVE_WITH_KNOTS('',1,(#1746,#1747),.UNSPECIFIED.,.F.,
  .F.,(2,2),(0.,1.),.PIECEWISE_BEZIER_KNOTS.);
#1746 = CARTESIAN_POINT('',(8.480041151573,0.999394306481));
#1747 = CARTESIAN_POINT('',(8.479962522386,1.));
#1748 = ( GEOMETRIC_REPRESENTATION_CONTEXT(2) 
PARAMETRIC_REPRESENTATION_CONTEXT() REPRESENTATION_CONTEXT('2D SPACE',''
  ) );
#1749 = ADVANCED_FACE('',(#1750),#719,.F.);
#1750 = FACE_BOUND('',#1751,.F.);
#1751 = EDGE_LOOP('',(#1752,#1774,#1775,#1776));
#1752 = ORIENTED_EDGE('',*,*,#1753,.F.);
#1753 = EDGE_CURVE('',#1705,#1754,#1756,.T.);
#1754 = VERTEX_POINT('',#1755);
#1755 = CARTESIAN_POINT('',(7.08525,-35.07453506206,14.272005));
#1756 = SURFACE_CURVE('',#1757,(#1761,#1767),.PCURVE_S1.);
#1757 = LINE('',#1758,#1759);
#1758 = CARTESIAN_POINT('',(7.08525,-43.742625,14.272005));
#1759 = VECTOR('',#1760,1.);
#1760 = DIRECTION('',(0.,1.,0.));
#1761 = PCURVE('',#719,#1762);
#1762 = DEFINITIONAL_REPRESENTATION('',(#1763),#1766);
#1763 = B_SPLINE_CURVE_WITH_KNOTS('',1,(#1764,#1765),.UNSPECIFIED.,.F.,
  .F.,(2,2),(8.522362334998,8.66808993794),.PIECEWISE_BEZIER_KNOTS.);
#1764 = CARTESIAN_POINT('',(8.479962522386,1.));
#1765 = CARTESIAN_POINT('',(8.624965112378,1.));
#1766 = ( GEOMETRIC_REPRESENTATION_CONTEXT(2) 
PARAMETRIC_REPRESENTATION_CONTEXT() REPRESENTATION_CONTEXT('2D SPACE',''
  ) );
#1767 = PCURVE('',#1720,#1768);
#1768 = DEFINITIONAL_REPRESENTATION('',(#1769),#1773);
#1769 = LINE('',#1770,#1771);
#1770 = CARTESIAN_POINT('',(22.399343681302,-6.619659151914));
#1771 = VECTOR('',#1772,1.);
#1772 = DIRECTION('',(0.93428730841,0.356521002668));
#1773 = ( GEOMETRIC_REPRESENTATION_CONTEXT(2) 
PARAMETRIC_REPRESENTATION_CONTEXT() REPRESENTATION_CONTEXT('2D SPACE',''
  ) );
#1774 = ORIENTED_EDGE('',*,*,#1732,.F.);
#1775 = ORIENTED_EDGE('',*,*,#705,.F.);
#1776 = ORIENTED_EDGE('',*,*,#1777,.T.);
#1777 = EDGE_CURVE('',#681,#1754,#1778,.T.);
#1778 = SURFACE_CURVE('',#1779,(#1782,#1788),.PCURVE_S1.);
#1779 = B_SPLINE_CURVE_WITH_KNOTS('',1,(#1780,#1781),.UNSPECIFIED.,.F.,
  .F.,(2,2),(0.,1.),.PIECEWISE_BEZIER_KNOTS.);
#1780 = CARTESIAN_POINT('',(7.085232452616,-35.07451751536,
    14.270999101775));
#1781 = CARTESIAN_POINT('',(7.08525,-35.07453506206,14.272005));
#1782 = PCURVE('',#719,#1783);
#1783 = DEFINITIONAL_REPRESENTATION('',(#1784),#1787);
#1784 = B_SPLINE_CURVE_WITH_KNOTS('',1,(#1785,#1786),.UNSPECIFIED.,.F.,
  .F.,(2,2),(0.,1.),.PIECEWISE_BEZIER_KNOTS.);
#1785 = CARTESIAN_POINT('',(8.62499072296,0.999393765139));
#1786 = CARTESIAN_POINT('',(8.624965112378,1.));
#1787 = ( GEOMETRIC_REPRESENTATION_CONTEXT(2) 
PARAMETRIC_REPRESENTATION_CONTEXT() REPRESENTATION_CONTEXT('2D SPACE',''
  ) );
#1788 = PCURVE('',#694,#1789);
#1789 = DEFINITIONAL_REPRESENTATION('',(#1790),#1793);
#1790 = B_SPLINE_CURVE_WITH_KNOTS('',1,(#1791,#1792),.UNSPECIFIED.,.F.,
  .F.,(2,2),(0.,1.),.PIECEWISE_BEZIER_KNOTS.);
#1791 = CARTESIAN_POINT('',(0.718908283683,6.441690805301E-04));
#1792 = CARTESIAN_POINT('',(0.718913664259,1.289490651192E-03));
#1793 = ( GEOMETRIC_REPRESENTATION_CONTEXT(2) 
PARAMETRIC_REPRESENTATION_CONTEXT() REPRESENTATION_CONTEXT('2D SPACE',''
  ) );
#1794 = ADVANCED_FACE('',(#1795),#694,.T.);
#1795 = FACE_BOUND('',#1796,.T.);
#1796 = EDGE_LOOP('',(#1797,#1826,#1827,#1828,#1848,#1877));
#1797 = ORIENTED_EDGE('',*,*,#1798,.F.);
#1798 = EDGE_CURVE('',#656,#1799,#1801,.T.);
#1799 = VERTEX_POINT('',#1800);
#1800 = CARTESIAN_POINT('',(6.005187524401,-35.0999375244,15.72825));
#1801 = SURFACE_CURVE('',#1802,(#1808,#1817),.PCURVE_S1.);
#1802 = B_SPLINE_CURVE_WITH_KNOTS('',4,(#1803,#1804,#1805,#1806,#1807),
  .UNSPECIFIED.,.F.,.F.,(5,5),(0.,1.),.PIECEWISE_BEZIER_KNOTS.);
#1803 = CARTESIAN_POINT('',(5.979767515361,-35.07451751536,
    14.270999101775));
#1804 = CARTESIAN_POINT('',(5.986122452486,-35.08087245248,
    14.635308092344));
#1805 = CARTESIAN_POINT('',(5.992477437298,-35.08722743729,
    14.999619816622));
#1806 = CARTESIAN_POINT('',(5.99883246742,-35.09358246742,
    15.363934138436));
#1807 = CARTESIAN_POINT('',(6.005187540715,-35.09993754071,
    15.728250935253));
#1808 = PCURVE('',#694,#1809);
#1809 = DEFINITIONAL_REPRESENTATION('',(#1810),#1816);
#1810 = B_SPLINE_CURVE_WITH_KNOTS('',4,(#1811,#1812,#1813,#1814,#1815),
  .UNSPECIFIED.,.F.,.F.,(5,5),(0.,1.),.PIECEWISE_BEZIER_KNOTS.);
#1811 = CARTESIAN_POINT('',(-0.410797117513,6.441695066507E-04));
#1812 = CARTESIAN_POINT('',(-0.401705274179,0.234362098603));
#1813 = CARTESIAN_POINT('',(-0.392766584846,0.468081780515));
#1814 = CARTESIAN_POINT('',(-0.383975459266,0.701803130342));
#1815 = CARTESIAN_POINT('',(-0.375326473829,0.93552606744));
#1816 = ( GEOMETRIC_REPRESENTATION_CONTEXT(2) 
PARAMETRIC_REPRESENTATION_CONTEXT() REPRESENTATION_CONTEXT('2D SPACE',''
  ) );
#1817 = PCURVE('',#669,#1818);
#1818 = DEFINITIONAL_REPRESENTATION('',(#1819),#1825);
#1819 = B_SPLINE_CURVE_WITH_KNOTS('',4,(#1820,#1821,#1822,#1823,#1824),
  .UNSPECIFIED.,.F.,.F.,(5,5),(0.,1.),.PIECEWISE_BEZIER_KNOTS.);
#1820 = CARTESIAN_POINT('',(6.577020350314,6.441690805446E-04));
#1821 = CARTESIAN_POINT('',(6.564321538785,0.234362098177));
#1822 = CARTESIAN_POINT('',(6.551655323443,0.468081781051));
#1823 = CARTESIAN_POINT('',(6.539021520783,0.701803130342));
#1824 = CARTESIAN_POINT('',(6.526419949559,0.93552606744));
#1825 = ( GEOMETRIC_REPRESENTATION_CONTEXT(2) 
PARAMETRIC_REPRESENTATION_CONTEXT() REPRESENTATION_CONTEXT('2D SPACE',''
  ) );
#1826 = ORIENTED_EDGE('',*,*,#680,.T.);
#1827 = ORIENTED_EDGE('',*,*,#1777,.T.);
#1828 = ORIENTED_EDGE('',*,*,#1829,.T.);
#1829 = EDGE_CURVE('',#1754,#1830,#1832,.T.);
#1830 = VERTEX_POINT('',#1831);
#1831 = CARTESIAN_POINT('',(7.085214939499,-35.07453506206,14.272005));
#1832 = SURFACE_CURVE('',#1833,(#1836,#1842),.PCURVE_S1.);
#1833 = B_SPLINE_CURVE_WITH_KNOTS('',1,(#1834,#1835),.UNSPECIFIED.,.F.,
  .F.,(2,2),(0.,1.),.PIECEWISE_BEZIER_KNOTS.);
#1834 = CARTESIAN_POINT('',(7.38678506206,-35.07453506206,14.272005));
#1835 = CARTESIAN_POINT('',(5.37671493794,-35.07453506206,14.272005));
#1836 = PCURVE('',#694,#1837);
#1837 = DEFINITIONAL_REPRESENTATION('',(#1838),#1841);
#1838 = B_SPLINE_CURVE_WITH_KNOTS('',1,(#1839,#1840),.UNSPECIFIED.,.F.,
  .F.,(2,2),(0.150012210242,0.150029652668),.PIECEWISE_BEZIER_KNOTS.);
#1839 = CARTESIAN_POINT('',(0.718913664259,1.289490651192E-03));
#1840 = CARTESIAN_POINT('',(0.718877835584,1.289490651192E-03));
#1841 = ( GEOMETRIC_REPRESENTATION_CONTEXT(2) 
PARAMETRIC_REPRESENTATION_CONTEXT() REPRESENTATION_CONTEXT('2D SPACE',''
  ) );
#1842 = PCURVE('',#1720,#1843);
#1843 = DEFINITIONAL_REPRESENTATION('',(#1844),#1847);
#1844 = B_SPLINE_CURVE_WITH_KNOTS('',1,(#1845,#1846),.UNSPECIFIED.,.F.,
  .F.,(2,2),(0.,1.),.PIECEWISE_BEZIER_KNOTS.);
#1845 = CARTESIAN_POINT('',(30.605333681144,-3.811023417546));
#1846 = CARTESIAN_POINT('',(29.88870146506,-1.933040411566));
#1847 = ( GEOMETRIC_REPRESENTATION_CONTEXT(2) 
PARAMETRIC_REPRESENTATION_CONTEXT() REPRESENTATION_CONTEXT('2D SPACE',''
  ) );
#1848 = ORIENTED_EDGE('',*,*,#1849,.T.);
#1849 = EDGE_CURVE('',#1830,#1850,#1852,.T.);
#1850 = VERTEX_POINT('',#1851);
#1851 = CARTESIAN_POINT('',(7.059813606633,-35.0999375244,15.72825));
#1852 = SURFACE_CURVE('',#1853,(#1859,#1868),.PCURVE_S1.);
#1853 = B_SPLINE_CURVE_WITH_KNOTS('',4,(#1854,#1855,#1856,#1857,#1858),
  .UNSPECIFIED.,.F.,.F.,(5,5),(0.,1.),.PIECEWISE_BEZIER_KNOTS.);
#1854 = CARTESIAN_POINT('',(7.085214985285,-35.07453501627,
    14.272002375141));
#1855 = CARTESIAN_POINT('',(7.078864715698,-35.08088556822,
    14.63605997726));
#1856 = CARTESIAN_POINT('',(7.072514393935,-35.08723617235,
    15.000120570661));
#1857 = CARTESIAN_POINT('',(7.0661640233,-35.09358682536,15.364183965864
    ));
#1858 = CARTESIAN_POINT('',(7.059813606633,-35.0999375244,15.72825));
#1859 = PCURVE('',#694,#1860);
#1860 = DEFINITIONAL_REPRESENTATION('',(#1861),#1867);
#1861 = B_SPLINE_CURVE_WITH_KNOTS('',4,(#1862,#1863,#1864,#1865,#1866),
  .UNSPECIFIED.,.F.,.F.,(5,5),(0.,1.),.PIECEWISE_BEZIER_KNOTS.);
#1862 = CARTESIAN_POINT('',(0.718877915123,1.287806705518E-03));
#1863 = CARTESIAN_POINT('',(0.707846110881,0.234844460673));
#1864 = CARTESIAN_POINT('',(0.69700009943,0.468403033552));
#1865 = CARTESIAN_POINT('',(0.686332855157,0.701963404109));
#1866 = CARTESIAN_POINT('',(0.675838019071,0.935525467403));
#1867 = ( GEOMETRIC_REPRESENTATION_CONTEXT(2) 
PARAMETRIC_REPRESENTATION_CONTEXT() REPRESENTATION_CONTEXT('2D SPACE',''
  ) );
#1868 = PCURVE('',#1404,#1869);
#1869 = DEFINITIONAL_REPRESENTATION('',(#1870),#1876);
#1870 = B_SPLINE_CURVE_WITH_KNOTS('',4,(#1871,#1872,#1873,#1874,#1875),
  .UNSPECIFIED.,.F.,.F.,(5,5),(0.,1.),.PIECEWISE_BEZIER_KNOTS.);
#1871 = CARTESIAN_POINT('',(8.624981423095,1.376559751894E-03));
#1872 = CARTESIAN_POINT('',(8.621612308825,0.251029468276));
#1873 = CARTESIAN_POINT('',(8.618240094124,0.500684428074));
#1874 = CARTESIAN_POINT('',(8.614864774328,0.750341309211));
#1875 = CARTESIAN_POINT('',(8.611486344506,1.));
#1876 = ( GEOMETRIC_REPRESENTATION_CONTEXT(2) 
PARAMETRIC_REPRESENTATION_CONTEXT() REPRESENTATION_CONTEXT('2D SPACE',''
  ) );
#1877 = ORIENTED_EDGE('',*,*,#1878,.T.);
#1878 = EDGE_CURVE('',#1850,#1799,#1879,.T.);
#1879 = SURFACE_CURVE('',#1880,(#1883,#1889),.PCURVE_S1.);
#1880 = B_SPLINE_CURVE_WITH_KNOTS('',1,(#1881,#1882),.UNSPECIFIED.,.F.,
  .F.,(2,2),(0.,1.),.PIECEWISE_BEZIER_KNOTS.);
#1881 = CARTESIAN_POINT('',(7.412187524401,-35.0999375244,15.72825));
#1882 = CARTESIAN_POINT('',(5.351312475599,-35.0999375244,15.72825));
#1883 = PCURVE('',#694,#1884);
#1884 = DEFINITIONAL_REPRESENTATION('',(#1885),#1888);
#1885 = B_SPLINE_CURVE_WITH_KNOTS('',1,(#1886,#1887),.UNSPECIFIED.,.F.,
  .F.,(2,2),(0.170982669703,0.682719702399),.PIECEWISE_BEZIER_KNOTS.);
#1886 = CARTESIAN_POINT('',(0.67583801907,0.93552546744));
#1887 = CARTESIAN_POINT('',(-0.375326496033,0.93552546744));
#1888 = ( GEOMETRIC_REPRESENTATION_CONTEXT(2) 
PARAMETRIC_REPRESENTATION_CONTEXT() REPRESENTATION_CONTEXT('2D SPACE',''
  ) );
#1889 = PCURVE('',#1890,#1895);
#1890 = PLANE('',#1891);
#1891 = AXIS2_PLACEMENT_3D('',#1892,#1893,#1894);
#1892 = CARTESIAN_POINT('',(-7.059813606633,-62.28456360663,15.72825));
#1893 = DIRECTION('',(0.,0.,1.));
#1894 = DIRECTION('',(0.355828857012,0.934551135314,-0.));
#1895 = DEFINITIONAL_REPRESENTATION('',(#1896),#1899);
#1896 = B_SPLINE_CURVE_WITH_KNOTS('',1,(#1897,#1898),.UNSPECIFIED.,.F.,
  .F.,(2,2),(0.,1.),.PIECEWISE_BEZIER_KNOTS.);
#1897 = CARTESIAN_POINT('',(30.554978789382,-3.851750660137));
#1898 = CARTESIAN_POINT('',(29.821659976322,-1.925757543538));
#1899 = ( GEOMETRIC_REPRESENTATION_CONTEXT(2) 
PARAMETRIC_REPRESENTATION_CONTEXT() REPRESENTATION_CONTEXT('2D SPACE',''
  ) );
#1900 = ADVANCED_FACE('',(#1901),#669,.T.);
#1901 = FACE_BOUND('',#1902,.T.);
#1902 = EDGE_LOOP('',(#1903,#1923,#1924,#1925));
#1903 = ORIENTED_EDGE('',*,*,#1904,.F.);
#1904 = EDGE_CURVE('',#631,#1905,#1907,.T.);
#1905 = VERTEX_POINT('',#1906);
#1906 = CARTESIAN_POINT('',(6.005187524401,-48.2654375244,15.72825));
#1907 = SURFACE_CURVE('',#1908,(#1911,#1917),.PCURVE_S1.);
#1908 = B_SPLINE_CURVE_WITH_KNOTS('',1,(#1909,#1910),.UNSPECIFIED.,.F.,
  .F.,(2,2),(0.,1.),.PIECEWISE_BEZIER_KNOTS.);
#1909 = CARTESIAN_POINT('',(5.97975,-48.24,14.269995));
#1910 = CARTESIAN_POINT('',(6.006940627392,-48.26719062739,15.82875));
#1911 = PCURVE('',#669,#1912);
#1912 = DEFINITIONAL_REPRESENTATION('',(#1913),#1916);
#1913 = B_SPLINE_CURVE_WITH_KNOTS('',1,(#1914,#1915),.UNSPECIFIED.,.F.,
  .F.,(2,2),(6.447690805446E-04,0.93552546744),
  .PIECEWISE_BEZIER_KNOTS.);
#1914 = CARTESIAN_POINT('',(-6.577055350639,6.447690805446E-04));
#1915 = CARTESIAN_POINT('',(-6.577055350639,0.93552546744));
#1916 = ( GEOMETRIC_REPRESENTATION_CONTEXT(2) 
PARAMETRIC_REPRESENTATION_CONTEXT() REPRESENTATION_CONTEXT('2D SPACE',''
  ) );
#1917 = PCURVE('',#644,#1918);
#1918 = DEFINITIONAL_REPRESENTATION('',(#1919),#1922);
#1919 = B_SPLINE_CURVE_WITH_KNOTS('',1,(#1920,#1921),.UNSPECIFIED.,.F.,
  .F.,(2,2),(6.447690805446E-04,0.93552546744),
  .PIECEWISE_BEZIER_KNOTS.);
#1920 = CARTESIAN_POINT('',(0.327055350639,6.447690805446E-04));
#1921 = CARTESIAN_POINT('',(0.327055350639,0.93552546744));
#1922 = ( GEOMETRIC_REPRESENTATION_CONTEXT(2) 
PARAMETRIC_REPRESENTATION_CONTEXT() REPRESENTATION_CONTEXT('2D SPACE',''
  ) );
#1923 = ORIENTED_EDGE('',*,*,#655,.T.);
#1924 = ORIENTED_EDGE('',*,*,#1798,.T.);
#1925 = ORIENTED_EDGE('',*,*,#1926,.T.);
#1926 = EDGE_CURVE('',#1799,#1905,#1927,.T.);
#1927 = SURFACE_CURVE('',#1928,(#1931,#1937),.PCURVE_S1.);
#1928 = B_SPLINE_CURVE_WITH_KNOTS('',1,(#1929,#1930),.UNSPECIFIED.,.F.,
  .F.,(2,2),(0.,1.),.PIECEWISE_BEZIER_KNOTS.);
#1929 = CARTESIAN_POINT('',(6.005187524401,-35.04906247559,15.72825));
#1930 = CARTESIAN_POINT('',(6.005187524401,-48.2654375244,15.72825));
#1931 = PCURVE('',#669,#1932);
#1932 = DEFINITIONAL_REPRESENTATION('',(#1933),#1936);
#1933 = B_SPLINE_CURVE_WITH_KNOTS('',1,(#1934,#1935),.UNSPECIFIED.,.F.,
  .F.,(2,2),(3.849395058313E-03,1.),.PIECEWISE_BEZIER_KNOTS.);
#1934 = CARTESIAN_POINT('',(6.526419981909,0.93552546744));
#1935 = CARTESIAN_POINT('',(-6.577055350639,0.93552546744));
#1936 = ( GEOMETRIC_REPRESENTATION_CONTEXT(2) 
PARAMETRIC_REPRESENTATION_CONTEXT() REPRESENTATION_CONTEXT('2D SPACE',''
  ) );
#1937 = PCURVE('',#1890,#1938);
#1938 = DEFINITIONAL_REPRESENTATION('',(#1939),#1942);
#1939 = B_SPLINE_CURVE_WITH_KNOTS('',1,(#1940,#1941),.UNSPECIFIED.,.F.,
  .F.,(2,2),(0.,1.),.PIECEWISE_BEZIER_KNOTS.);
#1940 = CARTESIAN_POINT('',(30.101872922183,-2.518734402284));
#1941 = CARTESIAN_POINT('',(17.750494615584,-7.221502029742));
#1942 = ( GEOMETRIC_REPRESENTATION_CONTEXT(2) 
PARAMETRIC_REPRESENTATION_CONTEXT() REPRESENTATION_CONTEXT('2D SPACE',''
  ) );
#1943 = ADVANCED_FACE('',(#1944),#644,.T.);
#1944 = FACE_BOUND('',#1945,.T.);
#1945 = EDGE_LOOP('',(#1946,#1966,#1967,#1968));
#1946 = ORIENTED_EDGE('',*,*,#1947,.F.);
#1947 = EDGE_CURVE('',#603,#1948,#1950,.T.);
#1948 = VERTEX_POINT('',#1949);
#1949 = CARTESIAN_POINT('',(5.351312475599,-48.2654375244,15.72825));
#1950 = SURFACE_CURVE('',#1951,(#1954,#1960),.PCURVE_S1.);
#1951 = B_SPLINE_CURVE_WITH_KNOTS('',1,(#1952,#1953),.UNSPECIFIED.,.F.,
  .F.,(2,2),(0.,1.),.PIECEWISE_BEZIER_KNOTS.);
#1952 = CARTESIAN_POINT('',(5.37675,-48.24,14.269995));
#1953 = CARTESIAN_POINT('',(5.349559372608,-48.26719062739,15.82875));
#1954 = PCURVE('',#644,#1955);
#1955 = DEFINITIONAL_REPRESENTATION('',(#1956),#1959);
#1956 = B_SPLINE_CURVE_WITH_KNOTS('',1,(#1957,#1958),.UNSPECIFIED.,.F.,
  .F.,(2,2),(6.447690805446E-04,0.93552546744),
  .PIECEWISE_BEZIER_KNOTS.);
#1957 = CARTESIAN_POINT('',(-0.327055350639,6.447690805446E-04));
#1958 = CARTESIAN_POINT('',(-0.327055350639,0.93552546744));
#1959 = ( GEOMETRIC_REPRESENTATION_CONTEXT(2) 
PARAMETRIC_REPRESENTATION_CONTEXT() REPRESENTATION_CONTEXT('2D SPACE',''
  ) );
#1960 = PCURVE('',#618,#1961);
#1961 = DEFINITIONAL_REPRESENTATION('',(#1962),#1965);
#1962 = B_SPLINE_CURVE_WITH_KNOTS('',1,(#1963,#1964),.UNSPECIFIED.,.F.,
  .F.,(2,2),(0.,1.),.PIECEWISE_BEZIER_KNOTS.);
#1963 = CARTESIAN_POINT('',(13.41675,-0.779496068021));
#1964 = CARTESIAN_POINT('',(13.443940627392,0.779496068021));
#1965 = ( GEOMETRIC_REPRESENTATION_CONTEXT(2) 
PARAMETRIC_REPRESENTATION_CONTEXT() REPRESENTATION_CONTEXT('2D SPACE',''
  ) );
#1966 = ORIENTED_EDGE('',*,*,#630,.T.);
#1967 = ORIENTED_EDGE('',*,*,#1904,.T.);
#1968 = ORIENTED_EDGE('',*,*,#1969,.T.);
#1969 = EDGE_CURVE('',#1905,#1948,#1970,.T.);
#1970 = SURFACE_CURVE('',#1971,(#1974,#1980),.PCURVE_S1.);
#1971 = B_SPLINE_CURVE_WITH_KNOTS('',1,(#1972,#1973),.UNSPECIFIED.,.F.,
  .F.,(2,2),(0.,1.),.PIECEWISE_BEZIER_KNOTS.);
#1972 = CARTESIAN_POINT('',(6.005187524401,-48.2654375244,15.72825));
#1973 = CARTESIAN_POINT('',(5.351312475599,-48.2654375244,15.72825));
#1974 = PCURVE('',#644,#1975);
#1975 = DEFINITIONAL_REPRESENTATION('',(#1976),#1979);
#1976 = B_SPLINE_CURVE_WITH_KNOTS('',1,(#1977,#1978),.UNSPECIFIED.,.F.,
  .F.,(2,2),(0.,1.),.PIECEWISE_BEZIER_KNOTS.);
#1977 = CARTESIAN_POINT('',(0.327055350639,0.93552546744));
#1978 = CARTESIAN_POINT('',(-0.327055350639,0.93552546744));
#1979 = ( GEOMETRIC_REPRESENTATION_CONTEXT(2) 
PARAMETRIC_REPRESENTATION_CONTEXT() REPRESENTATION_CONTEXT('2D SPACE',''
  ) );
#1980 = PCURVE('',#1890,#1981);
#1981 = DEFINITIONAL_REPRESENTATION('',(#1982),#1985);
#1982 = B_SPLINE_CURVE_WITH_KNOTS('',1,(#1983,#1984),.UNSPECIFIED.,.F.,
  .F.,(2,2),(0.,1.),.PIECEWISE_BEZIER_KNOTS.);
#1983 = CARTESIAN_POINT('',(17.750494615584,-7.221502029742));
#1984 = CARTESIAN_POINT('',(17.51782700434,-6.610422360531));
#1985 = ( GEOMETRIC_REPRESENTATION_CONTEXT(2) 
PARAMETRIC_REPRESENTATION_CONTEXT() REPRESENTATION_CONTEXT('2D SPACE',''
  ) );
#1986 = ADVANCED_FACE('',(#1987),#618,.T.);
#1987 = FACE_BOUND('',#1988,.T.);
#1988 = EDGE_LOOP('',(#1989,#2009,#2010,#2011));
#1989 = ORIENTED_EDGE('',*,*,#1990,.F.);
#1990 = EDGE_CURVE('',#578,#1991,#1993,.T.);
#1991 = VERTEX_POINT('',#1992);
#1992 = CARTESIAN_POINT('',(5.351312475599,-34.54656247559,15.72825));
#1993 = SURFACE_CURVE('',#1994,(#1997,#2003),.PCURVE_S1.);
#1994 = B_SPLINE_CURVE_WITH_KNOTS('',1,(#1995,#1996),.UNSPECIFIED.,.F.,
  .F.,(2,2),(0.,1.),.PIECEWISE_BEZIER_KNOTS.);
#1995 = CARTESIAN_POINT('',(5.37675,-34.572,14.269995));
#1996 = CARTESIAN_POINT('',(5.349559372608,-34.5448093726,15.82875));
#1997 = PCURVE('',#618,#1998);
#1998 = DEFINITIONAL_REPRESENTATION('',(#1999),#2002);
#1999 = B_SPLINE_CURVE_WITH_KNOTS('',1,(#2000,#2001),.UNSPECIFIED.,.F.,
  .F.,(2,2),(0.,1.),.PIECEWISE_BEZIER_KNOTS.);
#2000 = CARTESIAN_POINT('',(-0.25125,-0.779496068021));
#2001 = CARTESIAN_POINT('',(-0.278440627392,0.779496068021));
#2002 = ( GEOMETRIC_REPRESENTATION_CONTEXT(2) 
PARAMETRIC_REPRESENTATION_CONTEXT() REPRESENTATION_CONTEXT('2D SPACE',''
  ) );
#2003 = PCURVE('',#591,#2004);
#2004 = DEFINITIONAL_REPRESENTATION('',(#2005),#2008);
#2005 = B_SPLINE_CURVE_WITH_KNOTS('',1,(#2006,#2007),.UNSPECIFIED.,.F.,
  .F.,(2,2),(6.447690805446E-04,0.93552546744),
  .PIECEWISE_BEZIER_KNOTS.);
#2006 = CARTESIAN_POINT('',(1.027055350639,6.447690805446E-04));
#2007 = CARTESIAN_POINT('',(1.027055350639,0.93552546744));
#2008 = ( GEOMETRIC_REPRESENTATION_CONTEXT(2) 
PARAMETRIC_REPRESENTATION_CONTEXT() REPRESENTATION_CONTEXT('2D SPACE',''
  ) );
#2009 = ORIENTED_EDGE('',*,*,#602,.T.);
#2010 = ORIENTED_EDGE('',*,*,#1947,.T.);
#2011 = ORIENTED_EDGE('',*,*,#2012,.T.);
#2012 = EDGE_CURVE('',#1948,#1991,#2013,.T.);
#2013 = SURFACE_CURVE('',#2014,(#2018,#2025),.PCURVE_S1.);
#2014 = LINE('',#2015,#2016);
#2015 = CARTESIAN_POINT('',(5.351312475599,-48.2654375244,15.72825));
#2016 = VECTOR('',#2017,1.);
#2017 = DIRECTION('',(0.,1.,0.));
#2018 = PCURVE('',#618,#2019);
#2019 = DEFINITIONAL_REPRESENTATION('',(#2020),#2024);
#2020 = LINE('',#2021,#2022);
#2021 = CARTESIAN_POINT('',(13.442187524401,0.678980778786));
#2022 = VECTOR('',#2023,1.);
#2023 = DIRECTION('',(-1.,-4.320707143863E-16));
#2024 = ( GEOMETRIC_REPRESENTATION_CONTEXT(2) 
PARAMETRIC_REPRESENTATION_CONTEXT() REPRESENTATION_CONTEXT('2D SPACE',''
  ) );
#2025 = PCURVE('',#1890,#2026);
#2026 = DEFINITIONAL_REPRESENTATION('',(#2027),#2031);
#2027 = LINE('',#2028,#2029);
#2028 = CARTESIAN_POINT('',(17.51782700434,-6.610422360531));
#2029 = VECTOR('',#2030,1.);
#2030 = DIRECTION('',(0.934551135314,0.355828857012));
#2031 = ( GEOMETRIC_REPRESENTATION_CONTEXT(2) 
PARAMETRIC_REPRESENTATION_CONTEXT() REPRESENTATION_CONTEXT('2D SPACE',''
  ) );
#2032 = ADVANCED_FACE('',(#2033),#591,.T.);
#2033 = FACE_BOUND('',#2034,.T.);
#2034 = EDGE_LOOP('',(#2035,#2055,#2056,#2057,#2077,#2111));
#2035 = ORIENTED_EDGE('',*,*,#2036,.T.);
#2036 = EDGE_CURVE('',#2037,#553,#2039,.T.);
#2037 = VERTEX_POINT('',#2038);
#2038 = CARTESIAN_POINT('',(7.08525,-34.57196493794,14.272005));
#2039 = SURFACE_CURVE('',#2040,(#2043,#2049),.PCURVE_S1.);
#2040 = B_SPLINE_CURVE_WITH_KNOTS('',1,(#2041,#2042),.UNSPECIFIED.,.F.,
  .F.,(2,2),(0.,1.),.PIECEWISE_BEZIER_KNOTS.);
#2041 = CARTESIAN_POINT('',(7.08525,-34.57196493794,14.272005));
#2042 = CARTESIAN_POINT('',(7.085232453379,-34.57198248387,
    14.270999145489));
#2043 = PCURVE('',#591,#2044);
#2044 = DEFINITIONAL_REPRESENTATION('',(#2045),#2048);
#2045 = B_SPLINE_CURVE_WITH_KNOTS('',1,(#2046,#2047),.UNSPECIFIED.,.F.,
  .F.,(2,2),(0.,1.),.PIECEWISE_BEZIER_KNOTS.);
#2046 = CARTESIAN_POINT('',(-0.718913664259,1.289490651146E-03));
#2047 = CARTESIAN_POINT('',(-0.718908283917,6.441971248194E-04));
#2048 = ( GEOMETRIC_REPRESENTATION_CONTEXT(2) 
PARAMETRIC_REPRESENTATION_CONTEXT() REPRESENTATION_CONTEXT('2D SPACE',''
  ) );
#2049 = PCURVE('',#566,#2050);
#2050 = DEFINITIONAL_REPRESENTATION('',(#2051),#2054);
#2051 = B_SPLINE_CURVE_WITH_KNOTS('',1,(#2052,#2053),.UNSPECIFIED.,.F.,
  .F.,(2,2),(0.,1.),.PIECEWISE_BEZIER_KNOTS.);
#2052 = CARTESIAN_POINT('',(9.125034887622,1.));
#2053 = CARTESIAN_POINT('',(9.125026052351,0.999393791484));
#2054 = ( GEOMETRIC_REPRESENTATION_CONTEXT(2) 
PARAMETRIC_REPRESENTATION_CONTEXT() REPRESENTATION_CONTEXT('2D SPACE',''
  ) );
#2055 = ORIENTED_EDGE('',*,*,#577,.T.);
#2056 = ORIENTED_EDGE('',*,*,#1990,.T.);
#2057 = ORIENTED_EDGE('',*,*,#2058,.T.);
#2058 = EDGE_CURVE('',#1991,#2059,#2061,.T.);
#2059 = VERTEX_POINT('',#2060);
#2060 = CARTESIAN_POINT('',(7.059813606633,-34.54656247559,15.72825));
#2061 = SURFACE_CURVE('',#2062,(#2065,#2071),.PCURVE_S1.);
#2062 = B_SPLINE_CURVE_WITH_KNOTS('',1,(#2063,#2064),.UNSPECIFIED.,.F.,
  .F.,(2,2),(0.,1.),.PIECEWISE_BEZIER_KNOTS.);
#2063 = CARTESIAN_POINT('',(5.351312475599,-34.54656247559,15.72825));
#2064 = CARTESIAN_POINT('',(7.412187524401,-34.54656247559,15.72825));
#2065 = PCURVE('',#591,#2066);
#2066 = DEFINITIONAL_REPRESENTATION('',(#2067),#2070);
#2067 = B_SPLINE_CURVE_WITH_KNOTS('',1,(#2068,#2069),.UNSPECIFIED.,.F.,
  .F.,(2,2),(0.,0.829017330297),.PIECEWISE_BEZIER_KNOTS.);
#2068 = CARTESIAN_POINT('',(1.027055350639,0.93552546744));
#2069 = CARTESIAN_POINT('',(-0.67583801907,0.93552546744));
#2070 = ( GEOMETRIC_REPRESENTATION_CONTEXT(2) 
PARAMETRIC_REPRESENTATION_CONTEXT() REPRESENTATION_CONTEXT('2D SPACE',''
  ) );
#2071 = PCURVE('',#1890,#2072);
#2072 = DEFINITIONAL_REPRESENTATION('',(#2073),#2076);
#2073 = B_SPLINE_CURVE_WITH_KNOTS('',1,(#2074,#2075),.UNSPECIFIED.,.F.,
  .F.,(2,2),(0.,1.),.PIECEWISE_BEZIER_KNOTS.);
#2074 = CARTESIAN_POINT('',(30.338817256434,-1.728850732424));
#2075 = CARTESIAN_POINT('',(31.072136069494,-3.654843849023));
#2076 = ( GEOMETRIC_REPRESENTATION_CONTEXT(2) 
PARAMETRIC_REPRESENTATION_CONTEXT() REPRESENTATION_CONTEXT('2D SPACE',''
  ) );
#2077 = ORIENTED_EDGE('',*,*,#2078,.T.);
#2078 = EDGE_CURVE('',#2059,#2079,#2081,.T.);
#2079 = VERTEX_POINT('',#2080);
#2080 = CARTESIAN_POINT('',(7.085214939499,-34.57196493794,14.272005));
#2081 = SURFACE_CURVE('',#2082,(#2088,#2097),.PCURVE_S1.);
#2082 = B_SPLINE_CURVE_WITH_KNOTS('',4,(#2083,#2084,#2085,#2086,#2087),
  .UNSPECIFIED.,.F.,.F.,(5,5),(0.,1.),.PIECEWISE_BEZIER_KNOTS.);
#2083 = CARTESIAN_POINT('',(7.059813606633,-34.54656247559,15.72825));
#2084 = CARTESIAN_POINT('',(7.066164020545,-34.55291317188,
    15.364184123803));
#2085 = CARTESIAN_POINT('',(7.072514390265,-34.55926382397,
    15.000120781038));
#2086 = CARTESIAN_POINT('',(7.078864712949,-34.56561442902,
    14.636060134888));
#2087 = CARTESIAN_POINT('',(7.085214985285,-34.57196498372,
    14.272002375141));
#2088 = PCURVE('',#591,#2089);
#2089 = DEFINITIONAL_REPRESENTATION('',(#2090),#2096);
#2090 = B_SPLINE_CURVE_WITH_KNOTS('',4,(#2091,#2092,#2093,#2094,#2095),
  .UNSPECIFIED.,.F.,.F.,(5,5),(0.,1.),.PIECEWISE_BEZIER_KNOTS.);
#2091 = CARTESIAN_POINT('',(-0.675838019071,0.935525467403));
#2092 = CARTESIAN_POINT('',(-0.686332850604,0.701963505432));
#2093 = CARTESIAN_POINT('',(-0.697000093216,0.468403168518));
#2094 = CARTESIAN_POINT('',(-0.707846106105,0.234844561796));
#2095 = CARTESIAN_POINT('',(-0.718877915123,1.287806705518E-03));
#2096 = ( GEOMETRIC_REPRESENTATION_CONTEXT(2) 
PARAMETRIC_REPRESENTATION_CONTEXT() REPRESENTATION_CONTEXT('2D SPACE',''
  ) );
#2097 = PCURVE('',#2098,#2103);
#2098 = B_SPLINE_SURFACE_WITH_KNOTS('',1,1,(
    (#2099,#2100)
    ,(#2101,#2102
    )),.UNSPECIFIED.,.F.,.F.,.F.,(2,2),(2,2),(-18.475,18.475),(0.,1.),
  .PIECEWISE_BEZIER_KNOTS.);
#2099 = CARTESIAN_POINT('',(7.08525,-62.31,14.269995));
#2100 = CARTESIAN_POINT('',(7.059813606633,-62.28456360663,15.72825));
#2101 = CARTESIAN_POINT('',(7.08525,-25.17525,14.269995));
#2102 = CARTESIAN_POINT('',(7.059813606633,-25.20068639336,15.72825));
#2103 = DEFINITIONAL_REPRESENTATION('',(#2104),#2110);
#2104 = B_SPLINE_CURVE_WITH_KNOTS('',4,(#2105,#2106,#2107,#2108,#2109),
  .UNSPECIFIED.,.F.,.F.,(5,5),(0.,1.),.PIECEWISE_BEZIER_KNOTS.);
#2105 = CARTESIAN_POINT('',(9.162863643477,1.));
#2106 = CARTESIAN_POINT('',(9.15339769203,0.750341417518));
#2107 = CARTESIAN_POINT('',(9.14394045175,0.50068457234));
#2108 = CARTESIAN_POINT('',(9.134491908844,0.251029576369));
#2109 = CARTESIAN_POINT('',(9.125052050262,1.376559751894E-03));
#2110 = ( GEOMETRIC_REPRESENTATION_CONTEXT(2) 
PARAMETRIC_REPRESENTATION_CONTEXT() REPRESENTATION_CONTEXT('2D SPACE',''
  ) );
#2111 = ORIENTED_EDGE('',*,*,#2112,.T.);
#2112 = EDGE_CURVE('',#2079,#2037,#2113,.T.);
#2113 = SURFACE_CURVE('',#2114,(#2117,#2123),.PCURVE_S1.);
#2114 = B_SPLINE_CURVE_WITH_KNOTS('',1,(#2115,#2116),.UNSPECIFIED.,.F.,
  .F.,(2,2),(0.,1.),.PIECEWISE_BEZIER_KNOTS.);
#2115 = CARTESIAN_POINT('',(5.37671493794,-34.57196493794,14.272005));
#2116 = CARTESIAN_POINT('',(7.38678506206,-34.57196493794,14.272005));
#2117 = PCURVE('',#591,#2118);
#2118 = DEFINITIONAL_REPRESENTATION('',(#2119),#2122);
#2119 = B_SPLINE_CURVE_WITH_KNOTS('',1,(#2120,#2121),.UNSPECIFIED.,.F.,
  .F.,(2,2),(0.849970347332,0.849987789758),.PIECEWISE_BEZIER_KNOTS.);
#2120 = CARTESIAN_POINT('',(-0.718877835584,1.289490651192E-03));
#2121 = CARTESIAN_POINT('',(-0.718913664259,1.289490651192E-03));
#2122 = ( GEOMETRIC_REPRESENTATION_CONTEXT(2) 
PARAMETRIC_REPRESENTATION_CONTEXT() REPRESENTATION_CONTEXT('2D SPACE',''
  ) );
#2123 = PCURVE('',#2124,#2129);
#2124 = PLANE('',#2125);
#2125 = AXIS2_PLACEMENT_3D('',#2126,#2127,#2128);
#2126 = CARTESIAN_POINT('',(-7.08525,-62.31,14.272005));
#2127 = DIRECTION('',(0.,0.,1.));
#2128 = DIRECTION('',(0.356521002668,0.93428730841,-0.));
#2129 = DEFINITIONAL_REPRESENTATION('',(#2130),#2133);
#2130 = B_SPLINE_CURVE_WITH_KNOTS('',1,(#2131,#2132),.UNSPECIFIED.,.F.,
  .F.,(2,2),(0.,1.),.PIECEWISE_BEZIER_KNOTS.);
#2131 = CARTESIAN_POINT('',(30.358246353611,-1.753863607004));
#2132 = CARTESIAN_POINT('',(31.074878569695,-3.631846612984));
#2133 = ( GEOMETRIC_REPRESENTATION_CONTEXT(2) 
PARAMETRIC_REPRESENTATION_CONTEXT() REPRESENTATION_CONTEXT('2D SPACE',''
  ) );
#2134 = ADVANCED_FACE('',(#2135),#566,.F.);
#2135 = FACE_BOUND('',#2136,.F.);
#2136 = EDGE_LOOP('',(#2137,#2159,#2160,#2161));
#2137 = ORIENTED_EDGE('',*,*,#2138,.F.);
#2138 = EDGE_CURVE('',#2037,#2139,#2141,.T.);
#2139 = VERTEX_POINT('',#2140);
#2140 = CARTESIAN_POINT('',(7.08525,-25.17525,14.272005));
#2141 = SURFACE_CURVE('',#2142,(#2146,#2152),.PCURVE_S1.);
#2142 = LINE('',#2143,#2144);
#2143 = CARTESIAN_POINT('',(7.08525,-43.742625,14.272005));
#2144 = VECTOR('',#2145,1.);
#2145 = DIRECTION('',(0.,1.,0.));
#2146 = PCURVE('',#566,#2147);
#2147 = DEFINITIONAL_REPRESENTATION('',(#2148),#2151);
#2148 = B_SPLINE_CURVE_WITH_KNOTS('',1,(#2149,#2150),.UNSPECIFIED.,.F.,
  .F.,(2,2),(9.17066006206,18.567375),.PIECEWISE_BEZIER_KNOTS.);
#2149 = CARTESIAN_POINT('',(9.125034887622,1.));
#2150 = CARTESIAN_POINT('',(18.475,1.));
#2151 = ( GEOMETRIC_REPRESENTATION_CONTEXT(2) 
PARAMETRIC_REPRESENTATION_CONTEXT() REPRESENTATION_CONTEXT('2D SPACE',''
  ) );
#2152 = PCURVE('',#2124,#2153);
#2153 = DEFINITIONAL_REPRESENTATION('',(#2154),#2158);
#2154 = LINE('',#2155,#2156);
#2155 = CARTESIAN_POINT('',(22.399343681302,-6.619659151914));
#2156 = VECTOR('',#2157,1.);
#2157 = DIRECTION('',(0.93428730841,0.356521002668));
#2158 = ( GEOMETRIC_REPRESENTATION_CONTEXT(2) 
PARAMETRIC_REPRESENTATION_CONTEXT() REPRESENTATION_CONTEXT('2D SPACE',''
  ) );
#2159 = ORIENTED_EDGE('',*,*,#2036,.T.);
#2160 = ORIENTED_EDGE('',*,*,#552,.F.);
#2161 = ORIENTED_EDGE('',*,*,#2162,.T.);
#2162 = EDGE_CURVE('',#528,#2139,#2163,.T.);
#2163 = SURFACE_CURVE('',#2164,(#2167,#2173),.PCURVE_S1.);
#2164 = B_SPLINE_CURVE_WITH_KNOTS('',1,(#2165,#2166),.UNSPECIFIED.,.F.,
  .F.,(2,2),(0.,1.),.PIECEWISE_BEZIER_KNOTS.);
#2165 = CARTESIAN_POINT('',(7.056305138583,-25.20419486141,12.61275));
#2166 = CARTESIAN_POINT('',(7.08525,-25.17525,14.272005));
#2167 = PCURVE('',#566,#2168);
#2168 = DEFINITIONAL_REPRESENTATION('',(#2169),#2172);
#2169 = B_SPLINE_CURVE_WITH_KNOTS('',1,(#2170,#2171),.UNSPECIFIED.,.F.,
  .F.,(2,2),(0.999394331781,1.),.PIECEWISE_BEZIER_KNOTS.);
#2170 = CARTESIAN_POINT('',(18.475,0.999394331781));
#2171 = CARTESIAN_POINT('',(18.475,1.));
#2172 = ( GEOMETRIC_REPRESENTATION_CONTEXT(2) 
PARAMETRIC_REPRESENTATION_CONTEXT() REPRESENTATION_CONTEXT('2D SPACE',''
  ) );
#2173 = PCURVE('',#541,#2174);
#2174 = DEFINITIONAL_REPRESENTATION('',(#2175),#2178);
#2175 = B_SPLINE_CURVE_WITH_KNOTS('',1,(#2176,#2177),.UNSPECIFIED.,.F.,
  .F.,(2,2),(0.999394331781,1.),.PIECEWISE_BEZIER_KNOTS.);
#2176 = CARTESIAN_POINT('',(-7.05,0.999394331781));
#2177 = CARTESIAN_POINT('',(-7.05,1.));
#2178 = ( GEOMETRIC_REPRESENTATION_CONTEXT(2) 
PARAMETRIC_REPRESENTATION_CONTEXT() REPRESENTATION_CONTEXT('2D SPACE',''
  ) );
#2179 = ADVANCED_FACE('',(#2180),#541,.F.);
#2180 = FACE_BOUND('',#2181,.F.);
#2181 = EDGE_LOOP('',(#2182,#2183,#2203,#2223));
#2182 = ORIENTED_EDGE('',*,*,#527,.F.);
#2183 = ORIENTED_EDGE('',*,*,#2184,.T.);
#2184 = EDGE_CURVE('',#503,#2185,#2187,.T.);
#2185 = VERTEX_POINT('',#2186);
#2186 = CARTESIAN_POINT('',(-7.08525,-25.17525,14.272005));
#2187 = SURFACE_CURVE('',#2188,(#2191,#2197),.PCURVE_S1.);
#2188 = B_SPLINE_CURVE_WITH_KNOTS('',1,(#2189,#2190),.UNSPECIFIED.,.F.,
  .F.,(2,2),(0.,1.),.PIECEWISE_BEZIER_KNOTS.);
#2189 = CARTESIAN_POINT('',(-7.056305138583,-25.20419486141,12.61275));
#2190 = CARTESIAN_POINT('',(-7.08525,-25.17525,14.272005));
#2191 = PCURVE('',#541,#2192);
#2192 = DEFINITIONAL_REPRESENTATION('',(#2193),#2196);
#2193 = B_SPLINE_CURVE_WITH_KNOTS('',1,(#2194,#2195),.UNSPECIFIED.,.F.,
  .F.,(2,2),(0.999394331781,1.),.PIECEWISE_BEZIER_KNOTS.);
#2194 = CARTESIAN_POINT('',(7.05,0.999394331781));
#2195 = CARTESIAN_POINT('',(7.05,1.));
#2196 = ( GEOMETRIC_REPRESENTATION_CONTEXT(2) 
PARAMETRIC_REPRESENTATION_CONTEXT() REPRESENTATION_CONTEXT('2D SPACE',''
  ) );
#2197 = PCURVE('',#516,#2198);
#2198 = DEFINITIONAL_REPRESENTATION('',(#2199),#2202);
#2199 = B_SPLINE_CURVE_WITH_KNOTS('',1,(#2200,#2201),.UNSPECIFIED.,.F.,
  .F.,(2,2),(0.999394331781,1.),.PIECEWISE_BEZIER_KNOTS.);
#2200 = CARTESIAN_POINT('',(-18.475,0.999394331781));
#2201 = CARTESIAN_POINT('',(-18.475,1.));
#2202 = ( GEOMETRIC_REPRESENTATION_CONTEXT(2) 
PARAMETRIC_REPRESENTATION_CONTEXT() REPRESENTATION_CONTEXT('2D SPACE',''
  ) );
#2203 = ORIENTED_EDGE('',*,*,#2204,.T.);
#2204 = EDGE_CURVE('',#2185,#2139,#2205,.T.);
#2205 = SURFACE_CURVE('',#2206,(#2210,#2216),.PCURVE_S1.);
#2206 = LINE('',#2207,#2208);
#2207 = CARTESIAN_POINT('',(0.,-25.17525,14.272005));
#2208 = VECTOR('',#2209,1.);
#2209 = DIRECTION('',(1.,0.,0.));
#2210 = PCURVE('',#541,#2211);
#2211 = DEFINITIONAL_REPRESENTATION('',(#2212),#2215);
#2212 = B_SPLINE_CURVE_WITH_KNOTS('',1,(#2213,#2214),.UNSPECIFIED.,.F.,
  .F.,(2,2),(-7.08525,7.08525),.PIECEWISE_BEZIER_KNOTS.);
#2213 = CARTESIAN_POINT('',(7.05,1.));
#2214 = CARTESIAN_POINT('',(-7.05,1.));
#2215 = ( GEOMETRIC_REPRESENTATION_CONTEXT(2) 
PARAMETRIC_REPRESENTATION_CONTEXT() REPRESENTATION_CONTEXT('2D SPACE',''
  ) );
#2216 = PCURVE('',#2124,#2217);
#2217 = DEFINITIONAL_REPRESENTATION('',(#2218),#2222);
#2218 = LINE('',#2219,#2220);
#2219 = CARTESIAN_POINT('',(37.220566060143,6.619659151914));
#2220 = VECTOR('',#2221,1.);
#2221 = DIRECTION('',(0.356521002668,-0.93428730841));
#2222 = ( GEOMETRIC_REPRESENTATION_CONTEXT(2) 
PARAMETRIC_REPRESENTATION_CONTEXT() REPRESENTATION_CONTEXT('2D SPACE',''
  ) );
#2223 = ORIENTED_EDGE('',*,*,#2162,.F.);
#2224 = ADVANCED_FACE('',(#2225),#516,.F.);
#2225 = FACE_BOUND('',#2226,.F.);
#2226 = EDGE_LOOP('',(#2227,#2228,#2248,#2268));
#2227 = ORIENTED_EDGE('',*,*,#502,.F.);
#2228 = ORIENTED_EDGE('',*,*,#2229,.T.);
#2229 = EDGE_CURVE('',#475,#2230,#2232,.T.);
#2230 = VERTEX_POINT('',#2231);
#2231 = CARTESIAN_POINT('',(-7.08525,-60.04875,14.272005));
#2232 = SURFACE_CURVE('',#2233,(#2236,#2242),.PCURVE_S1.);
#2233 = B_SPLINE_CURVE_WITH_KNOTS('',1,(#2234,#2235),.UNSPECIFIED.,.F.,
  .F.,(2,2),(0.,1.),.PIECEWISE_BEZIER_KNOTS.);
#2234 = CARTESIAN_POINT('',(-7.085232434283,-60.04875,14.270998050873));
#2235 = CARTESIAN_POINT('',(-7.08525,-60.04875,14.272005));
#2236 = PCURVE('',#516,#2237);
#2237 = DEFINITIONAL_REPRESENTATION('',(#2238),#2241);
#2238 = B_SPLINE_CURVE_WITH_KNOTS('',1,(#2239,#2240),.UNSPECIFIED.,.F.,
  .F.,(2,2),(0.,1.),.PIECEWISE_BEZIER_KNOTS.);
#2239 = CARTESIAN_POINT('',(16.225015349721,0.999393131781));
#2240 = CARTESIAN_POINT('',(16.225,1.));
#2241 = ( GEOMETRIC_REPRESENTATION_CONTEXT(2) 
PARAMETRIC_REPRESENTATION_CONTEXT() REPRESENTATION_CONTEXT('2D SPACE',''
  ) );
#2242 = PCURVE('',#490,#2243);
#2243 = DEFINITIONAL_REPRESENTATION('',(#2244),#2247);
#2244 = B_SPLINE_CURVE_WITH_KNOTS('',1,(#2245,#2246),.UNSPECIFIED.,.F.,
  .F.,(2,2),(0.,1.),.PIECEWISE_BEZIER_KNOTS.);
#2245 = CARTESIAN_POINT('',(2.375167565717,1.004805087307E-02));
#2246 = CARTESIAN_POINT('',(2.37515,1.1055E-02));
#2247 = ( GEOMETRIC_REPRESENTATION_CONTEXT(2) 
PARAMETRIC_REPRESENTATION_CONTEXT() REPRESENTATION_CONTEXT('2D SPACE',''
  ) );
#2248 = ORIENTED_EDGE('',*,*,#2249,.T.);
#2249 = EDGE_CURVE('',#2230,#2185,#2250,.T.);
#2250 = SURFACE_CURVE('',#2251,(#2255,#2261),.PCURVE_S1.);
#2251 = LINE('',#2252,#2253);
#2252 = CARTESIAN_POINT('',(-7.08525,-43.742625,14.272005));
#2253 = VECTOR('',#2254,1.);
#2254 = DIRECTION('',(0.,1.,0.));
#2255 = PCURVE('',#516,#2256);
#2256 = DEFINITIONAL_REPRESENTATION('',(#2257),#2260);
#2257 = B_SPLINE_CURVE_WITH_KNOTS('',1,(#2258,#2259),.UNSPECIFIED.,.F.,
  .F.,(2,2),(-16.306125,18.567375),.PIECEWISE_BEZIER_KNOTS.);
#2258 = CARTESIAN_POINT('',(16.225,1.));
#2259 = CARTESIAN_POINT('',(-18.475,1.));
#2260 = ( GEOMETRIC_REPRESENTATION_CONTEXT(2) 
PARAMETRIC_REPRESENTATION_CONTEXT() REPRESENTATION_CONTEXT('2D SPACE',''
  ) );
#2261 = PCURVE('',#2124,#2262);
#2262 = DEFINITIONAL_REPRESENTATION('',(#2263),#2267);
#2263 = LINE('',#2264,#2265);
#2264 = CARTESIAN_POINT('',(17.347262812995,6.619659151914));
#2265 = VECTOR('',#2266,1.);
#2266 = DIRECTION('',(0.93428730841,0.356521002668));
#2267 = ( GEOMETRIC_REPRESENTATION_CONTEXT(2) 
PARAMETRIC_REPRESENTATION_CONTEXT() REPRESENTATION_CONTEXT('2D SPACE',''
  ) );
#2268 = ORIENTED_EDGE('',*,*,#2184,.F.);
#2269 = ADVANCED_FACE('',(#2270),#490,.T.);
#2270 = FACE_BOUND('',#2271,.T.);
#2271 = EDGE_LOOP('',(#2272,#2295,#2296,#2297,#2320,#2345,#2367));
#2272 = ORIENTED_EDGE('',*,*,#2273,.F.);
#2273 = EDGE_CURVE('',#447,#2274,#2276,.T.);
#2274 = VERTEX_POINT('',#2275);
#2275 = CARTESIAN_POINT('',(-9.65135,-60.04875,14.28105));
#2276 = SURFACE_CURVE('',#2277,(#2281,#2288),.PCURVE_S1.);
#2277 = LINE('',#2278,#2279);
#2278 = CARTESIAN_POINT('',(-9.65135,-60.04875,14.271));
#2279 = VECTOR('',#2280,1.);
#2280 = DIRECTION('',(0.,0.,1.));
#2281 = PCURVE('',#490,#2282);
#2282 = DEFINITIONAL_REPRESENTATION('',(#2283),#2287);
#2283 = LINE('',#2284,#2285);
#2284 = CARTESIAN_POINT('',(-0.19095,1.005E-02));
#2285 = VECTOR('',#2286,1.);
#2286 = DIRECTION('',(0.,1.));
#2287 = ( GEOMETRIC_REPRESENTATION_CONTEXT(2) 
PARAMETRIC_REPRESENTATION_CONTEXT() REPRESENTATION_CONTEXT('2D SPACE',''
  ) );
#2288 = PCURVE('',#462,#2289);
#2289 = DEFINITIONAL_REPRESENTATION('',(#2290),#2294);
#2290 = LINE('',#2291,#2292);
#2291 = CARTESIAN_POINT('',(0.,0.));
#2292 = VECTOR('',#2293,1.);
#2293 = DIRECTION('',(-1.,0.));
#2294 = ( GEOMETRIC_REPRESENTATION_CONTEXT(2) 
PARAMETRIC_REPRESENTATION_CONTEXT() REPRESENTATION_CONTEXT('2D SPACE',''
  ) );
#2295 = ORIENTED_EDGE('',*,*,#474,.T.);
#2296 = ORIENTED_EDGE('',*,*,#2229,.T.);
#2297 = ORIENTED_EDGE('',*,*,#2298,.T.);
#2298 = EDGE_CURVE('',#2230,#2299,#2301,.T.);
#2299 = VERTEX_POINT('',#2300);
#2300 = CARTESIAN_POINT('',(-7.085214939499,-60.04875,14.272005));
#2301 = SURFACE_CURVE('',#2302,(#2306,#2313),.PCURVE_S1.);
#2302 = LINE('',#2303,#2304);
#2303 = CARTESIAN_POINT('',(-8.272825,-60.04875,14.272005));
#2304 = VECTOR('',#2305,1.);
#2305 = DIRECTION('',(1.,0.,-0.));
#2306 = PCURVE('',#490,#2307);
#2307 = DEFINITIONAL_REPRESENTATION('',(#2308),#2312);
#2308 = LINE('',#2309,#2310);
#2309 = CARTESIAN_POINT('',(1.187575,1.1055E-02));
#2310 = VECTOR('',#2311,1.);
#2311 = DIRECTION('',(1.,0.));
#2312 = ( GEOMETRIC_REPRESENTATION_CONTEXT(2) 
PARAMETRIC_REPRESENTATION_CONTEXT() REPRESENTATION_CONTEXT('2D SPACE',''
  ) );
#2313 = PCURVE('',#2124,#2314);
#2314 = DEFINITIONAL_REPRESENTATION('',(#2315),#2319);
#2315 = LINE('',#2316,#2317);
#2316 = CARTESIAN_POINT('',(1.689261746399,1.915719367569));
#2317 = VECTOR('',#2318,1.);
#2318 = DIRECTION('',(0.356521002668,-0.93428730841));
#2319 = ( GEOMETRIC_REPRESENTATION_CONTEXT(2) 
PARAMETRIC_REPRESENTATION_CONTEXT() REPRESENTATION_CONTEXT('2D SPACE',''
  ) );
#2320 = ORIENTED_EDGE('',*,*,#2321,.T.);
#2321 = EDGE_CURVE('',#2299,#2322,#2324,.T.);
#2322 = VERTEX_POINT('',#2323);
#2323 = CARTESIAN_POINT('',(-7.081726419665,-60.04875,14.472));
#2324 = SURFACE_CURVE('',#2325,(#2328,#2334),.PCURVE_S1.);
#2325 = B_SPLINE_CURVE_WITH_KNOTS('',1,(#2326,#2327),.UNSPECIFIED.,.F.,
  .F.,(2,2),(0.,1.),.PIECEWISE_BEZIER_KNOTS.);
#2326 = CARTESIAN_POINT('',(-7.085214970023,-60.04875,14.272003250094));
#2327 = CARTESIAN_POINT('',(-7.081726419665,-60.04875,14.472));
#2328 = PCURVE('',#490,#2329);
#2329 = DEFINITIONAL_REPRESENTATION('',(#2330),#2333);
#2330 = B_SPLINE_CURVE_WITH_KNOTS('',1,(#2331,#2332),.UNSPECIFIED.,.F.,
  .F.,(2,2),(0.,1.),.PIECEWISE_BEZIER_KNOTS.);
#2331 = CARTESIAN_POINT('',(2.375185029977,1.1053250094E-02));
#2332 = CARTESIAN_POINT('',(2.378673580335,0.21105));
#2333 = ( GEOMETRIC_REPRESENTATION_CONTEXT(2) 
PARAMETRIC_REPRESENTATION_CONTEXT() REPRESENTATION_CONTEXT('2D SPACE',''
  ) );
#2334 = PCURVE('',#2335,#2340);
#2335 = B_SPLINE_SURFACE_WITH_KNOTS('',1,1,(
    (#2336,#2337)
    ,(#2338,#2339
    )),.UNSPECIFIED.,.F.,.F.,.F.,(2,2),(2,2),(-18.475,18.475),(0.,1.),
  .PIECEWISE_BEZIER_KNOTS.);
#2336 = CARTESIAN_POINT('',(-7.08525,-25.17525,14.269995));
#2337 = CARTESIAN_POINT('',(-7.059813606633,-25.20068639336,15.72825));
#2338 = CARTESIAN_POINT('',(-7.08525,-62.31,14.269995));
#2339 = CARTESIAN_POINT('',(-7.059813606633,-62.28456360663,15.72825));
#2340 = DEFINITIONAL_REPRESENTATION('',(#2341),#2344);
#2341 = B_SPLINE_CURVE_WITH_KNOTS('',1,(#2342,#2343),.UNSPECIFIED.,.F.,
  .F.,(2,2),(0.,1.),.PIECEWISE_BEZIER_KNOTS.);
#2342 = CARTESIAN_POINT('',(16.225030610813,1.377159751894E-03));
#2343 = CARTESIAN_POINT('',(16.228079646016,0.138525155065));
#2344 = ( GEOMETRIC_REPRESENTATION_CONTEXT(2) 
PARAMETRIC_REPRESENTATION_CONTEXT() REPRESENTATION_CONTEXT('2D SPACE',''
  ) );
#2345 = ORIENTED_EDGE('',*,*,#2346,.F.);
#2346 = EDGE_CURVE('',#2347,#2322,#2349,.T.);
#2347 = VERTEX_POINT('',#2348);
#2348 = CARTESIAN_POINT('',(-9.4604,-60.04875,14.472));
#2349 = SURFACE_CURVE('',#2350,(#2354,#2361),.PCURVE_S1.);
#2350 = LINE('',#2351,#2352);
#2351 = CARTESIAN_POINT('',(0.,-60.04875,14.472));
#2352 = VECTOR('',#2353,1.);
#2353 = DIRECTION('',(1.,0.,0.));
#2354 = PCURVE('',#490,#2355);
#2355 = DEFINITIONAL_REPRESENTATION('',(#2356),#2360);
#2356 = LINE('',#2357,#2358);
#2357 = CARTESIAN_POINT('',(9.4604,0.21105));
#2358 = VECTOR('',#2359,1.);
#2359 = DIRECTION('',(1.,0.));
#2360 = ( GEOMETRIC_REPRESENTATION_CONTEXT(2) 
PARAMETRIC_REPRESENTATION_CONTEXT() REPRESENTATION_CONTEXT('2D SPACE',''
  ) );
#2361 = PCURVE('',#1379,#2362);
#2362 = DEFINITIONAL_REPRESENTATION('',(#2363),#2366);
#2363 = B_SPLINE_CURVE_WITH_KNOTS('',1,(#2364,#2365),.UNSPECIFIED.,.F.,
  .F.,(2,2),(-9.4604,-7.081726419665),.PIECEWISE_BEZIER_KNOTS.);
#2364 = CARTESIAN_POINT('',(9.413333333333,1.));
#2365 = CARTESIAN_POINT('',(7.046493949915,1.));
#2366 = ( GEOMETRIC_REPRESENTATION_CONTEXT(2) 
PARAMETRIC_REPRESENTATION_CONTEXT() REPRESENTATION_CONTEXT('2D SPACE',''
  ) );
#2367 = ORIENTED_EDGE('',*,*,#2368,.T.);
#2368 = EDGE_CURVE('',#2347,#2274,#2369,.T.);
#2369 = SURFACE_CURVE('',#2370,(#2375,#2382),.PCURVE_S1.);
#2370 = CIRCLE('',#2371,0.19095);
#2371 = AXIS2_PLACEMENT_3D('',#2372,#2373,#2374);
#2372 = CARTESIAN_POINT('',(-9.4604,-60.04875,14.28105));
#2373 = DIRECTION('',(0.,-1.,0.));
#2374 = DIRECTION('',(1.,0.,0.));
#2375 = PCURVE('',#490,#2376);
#2376 = DEFINITIONAL_REPRESENTATION('',(#2377),#2381);
#2377 = CIRCLE('',#2378,0.19095);
#2378 = AXIS2_PLACEMENT_2D('',#2379,#2380);
#2379 = CARTESIAN_POINT('',(0.,2.01E-02));
#2380 = DIRECTION('',(1.,0.));
#2381 = ( GEOMETRIC_REPRESENTATION_CONTEXT(2) 
PARAMETRIC_REPRESENTATION_CONTEXT() REPRESENTATION_CONTEXT('2D SPACE',''
  ) );
#2382 = PCURVE('',#2383,#2402);
#2383 = B_SPLINE_SURFACE_WITH_KNOTS('',8,1,(
    (#2384,#2385)
    ,(#2386,#2387)
    ,(#2388,#2389)
    ,(#2390,#2391)
    ,(#2392,#2393)
    ,(#2394,#2395)
    ,(#2396,#2397)
    ,(#2398,#2399)
    ,(#2400,#2401
    )),.UNSPECIFIED.,.F.,.F.,.F.,(9,9),(2,2),(1.570796326795,
    3.14159265359),(0.,1.),.PIECEWISE_BEZIER_KNOTS.);
#2384 = CARTESIAN_POINT('',(-7.7318,-60.4005,16.35135));
#2385 = CARTESIAN_POINT('',(-9.4604,-60.04875,14.472));
#2386 = CARTESIAN_POINT('',(-8.13830245442,-60.4005,16.35135));
#2387 = CARTESIAN_POINT('',(-9.497892944825,-60.04875,14.472));
#2388 = CARTESIAN_POINT('',(-8.544805036797,-60.4005,16.260130948614));
#2389 = CARTESIAN_POINT('',(-9.535385734189,-60.04874999999,
    14.463586425085));
#2390 = CARTESIAN_POINT('',(-8.927425649044,-60.40049999999,
    16.077693741773));
#2391 = CARTESIAN_POINT('',(-9.570676687338,-60.04875,14.44676039492));
#2392 = CARTESIAN_POINT('',(-9.262287402091,-60.4005,15.811537402092));
#2393 = CARTESIAN_POINT('',(-9.601560710077,-60.04875,14.422210710077));
#2394 = CARTESIAN_POINT('',(-9.528443741773,-60.40049999999,
    15.476675649044));
#2395 = CARTESIAN_POINT('',(-9.62611039492,-60.04874999999,
    14.391326687338));
#2396 = CARTESIAN_POINT('',(-9.710880948614,-60.4005,15.094055036797));
#2397 = CARTESIAN_POINT('',(-9.642936425085,-60.04875,14.356035734189));
#2398 = CARTESIAN_POINT('',(-9.8021,-60.4005,14.68755245442));
#2399 = CARTESIAN_POINT('',(-9.65135,-60.04875,14.318542944825));
#2400 = CARTESIAN_POINT('',(-9.8021,-60.4005,14.28105));
#2401 = CARTESIAN_POINT('',(-9.65135,-60.04875,14.28105));
#2402 = DEFINITIONAL_REPRESENTATION('',(#2403),#2406);
#2403 = B_SPLINE_CURVE_WITH_KNOTS('',1,(#2404,#2405),.UNSPECIFIED.,.F.,
  .F.,(2,2),(1.570796326795,3.14159265359),.PIECEWISE_BEZIER_KNOTS.);
#2404 = CARTESIAN_POINT('',(1.570796326795,1.));
#2405 = CARTESIAN_POINT('',(3.14159265359,1.));
#2406 = ( GEOMETRIC_REPRESENTATION_CONTEXT(2) 
PARAMETRIC_REPRESENTATION_CONTEXT() REPRESENTATION_CONTEXT('2D SPACE',''
  ) );
#2407 = ADVANCED_FACE('',(#2408),#462,.T.);
#2408 = FACE_BOUND('',#2409,.T.);
#2409 = EDGE_LOOP('',(#2410,#2433,#2434,#2435));
#2410 = ORIENTED_EDGE('',*,*,#2411,.F.);
#2411 = EDGE_CURVE('',#419,#2412,#2414,.T.);
#2412 = VERTEX_POINT('',#2413);
#2413 = CARTESIAN_POINT('',(-9.8021,-60.4005,14.28105));
#2414 = SURFACE_CURVE('',#2415,(#2419,#2426),.PCURVE_S1.);
#2415 = LINE('',#2416,#2417);
#2416 = CARTESIAN_POINT('',(-9.8021,-60.4005,14.271));
#2417 = VECTOR('',#2418,1.);
#2418 = DIRECTION('',(0.,0.,1.));
#2419 = PCURVE('',#462,#2420);
#2420 = DEFINITIONAL_REPRESENTATION('',(#2421),#2425);
#2421 = LINE('',#2422,#2423);
#2422 = CARTESIAN_POINT('',(0.,-0.38269259857));
#2423 = VECTOR('',#2424,1.);
#2424 = DIRECTION('',(-1.,0.));
#2425 = ( GEOMETRIC_REPRESENTATION_CONTEXT(2) 
PARAMETRIC_REPRESENTATION_CONTEXT() REPRESENTATION_CONTEXT('2D SPACE',''
  ) );
#2426 = PCURVE('',#434,#2427);
#2427 = DEFINITIONAL_REPRESENTATION('',(#2428),#2432);
#2428 = LINE('',#2429,#2430);
#2429 = CARTESIAN_POINT('',(0.,0.));
#2430 = VECTOR('',#2431,1.);
#2431 = DIRECTION('',(-1.,0.));
#2432 = ( GEOMETRIC_REPRESENTATION_CONTEXT(2) 
PARAMETRIC_REPRESENTATION_CONTEXT() REPRESENTATION_CONTEXT('2D SPACE',''
  ) );
#2433 = ORIENTED_EDGE('',*,*,#446,.T.);
#2434 = ORIENTED_EDGE('',*,*,#2273,.T.);
#2435 = ORIENTED_EDGE('',*,*,#2436,.F.);
#2436 = EDGE_CURVE('',#2412,#2274,#2437,.T.);
#2437 = SURFACE_CURVE('',#2438,(#2441,#2447),.PCURVE_S1.);
#2438 = B_SPLINE_CURVE_WITH_KNOTS('',1,(#2439,#2440),.UNSPECIFIED.,.F.,
  .F.,(2,2),(0.,1.),.PIECEWISE_BEZIER_KNOTS.);
#2439 = CARTESIAN_POINT('',(-9.8021,-60.4005,14.28105));
#2440 = CARTESIAN_POINT('',(-9.65135,-60.04875,14.28105));
#2441 = PCURVE('',#462,#2442);
#2442 = DEFINITIONAL_REPRESENTATION('',(#2443),#2446);
#2443 = B_SPLINE_CURVE_WITH_KNOTS('',1,(#2444,#2445),.UNSPECIFIED.,.F.,
  .F.,(2,2),(0.,1.),.PIECEWISE_BEZIER_KNOTS.);
#2444 = CARTESIAN_POINT('',(-1.005E-02,-0.38269259857));
#2445 = CARTESIAN_POINT('',(-1.005E-02,0.));
#2446 = ( GEOMETRIC_REPRESENTATION_CONTEXT(2) 
PARAMETRIC_REPRESENTATION_CONTEXT() REPRESENTATION_CONTEXT('2D SPACE',''
  ) );
#2447 = PCURVE('',#2383,#2448);
#2448 = DEFINITIONAL_REPRESENTATION('',(#2449),#2452);
#2449 = B_SPLINE_CURVE_WITH_KNOTS('',1,(#2450,#2451),.UNSPECIFIED.,.F.,
  .F.,(2,2),(0.,1.),.PIECEWISE_BEZIER_KNOTS.);
#2450 = CARTESIAN_POINT('',(3.14159265359,0.));
#2451 = CARTESIAN_POINT('',(3.14159265359,1.));
#2452 = ( GEOMETRIC_REPRESENTATION_CONTEXT(2) 
PARAMETRIC_REPRESENTATION_CONTEXT() REPRESENTATION_CONTEXT('2D SPACE',''
  ) );
#2453 = ADVANCED_FACE('',(#2454),#434,.T.);
#2454 = FACE_BOUND('',#2455,.T.);
#2455 = EDGE_LOOP('',(#2456,#2457,#2458,#2497,#2517,#2540));
#2456 = ORIENTED_EDGE('',*,*,#418,.T.);
#2457 = ORIENTED_EDGE('',*,*,#2411,.T.);
#2458 = ORIENTED_EDGE('',*,*,#2459,.F.);
#2459 = EDGE_CURVE('',#2460,#2412,#2462,.T.);
#2460 = VERTEX_POINT('',#2461);
#2461 = CARTESIAN_POINT('',(-10.70987739188,-61.80769291751,14.28105));
#2462 = SURFACE_CURVE('',#2463,(#2466,#2472),.PCURVE_S1.);
#2463 = B_SPLINE_CURVE_WITH_KNOTS('',1,(#2464,#2465),.UNSPECIFIED.,.F.,
  .F.,(2,2),(0.,1.),.PIECEWISE_BEZIER_KNOTS.);
#2464 = CARTESIAN_POINT('',(-10.90425,-62.109,14.28105));
#2465 = CARTESIAN_POINT('',(-9.8021,-60.4005,14.28105));
#2466 = PCURVE('',#434,#2467);
#2467 = DEFINITIONAL_REPRESENTATION('',(#2468),#2471);
#2468 = B_SPLINE_CURVE_WITH_KNOTS('',1,(#2469,#2470),.UNSPECIFIED.,.F.,
  .F.,(2,2),(0.,1.),.PIECEWISE_BEZIER_KNOTS.);
#2469 = CARTESIAN_POINT('',(-1.005E-02,-2.033151955093));
#2470 = CARTESIAN_POINT('',(-1.005E-02,0.));
#2471 = ( GEOMETRIC_REPRESENTATION_CONTEXT(2) 
PARAMETRIC_REPRESENTATION_CONTEXT() REPRESENTATION_CONTEXT('2D SPACE',''
  ) );
#2472 = PCURVE('',#2473,#2492);
#2473 = B_SPLINE_SURFACE_WITH_KNOTS('',8,1,(
    (#2474,#2475)
    ,(#2476,#2477)
    ,(#2478,#2479)
    ,(#2480,#2481)
    ,(#2482,#2483)
    ,(#2484,#2485)
    ,(#2486,#2487)
    ,(#2488,#2489)
    ,(#2490,#2491
    )),.UNSPECIFIED.,.F.,.F.,.F.,(9,9),(2,2),(1.570796326795,
    3.14159265359),(0.,1.),.PIECEWISE_BEZIER_KNOTS.);
#2474 = CARTESIAN_POINT('',(-8.2008,-62.109,16.9845));
#2475 = CARTESIAN_POINT('',(-7.7318,-60.4005,16.35135));
#2476 = CARTESIAN_POINT('',(-8.731621166209,-62.109,16.9845));
#2477 = CARTESIAN_POINT('',(-8.13830245442,-60.4005,16.35135));
#2478 = CARTESIAN_POINT('',(-9.262442499507,-62.109,16.865383860083));
#2479 = CARTESIAN_POINT('',(-8.544805036797,-60.4005,16.260130948614));
#2480 = CARTESIAN_POINT('',(-9.762078153363,-62.10899999999,
    16.62715275018));
#2481 = CARTESIAN_POINT('',(-8.927425649044,-60.40049999999,
    16.077693741773));
#2482 = CARTESIAN_POINT('',(-10.19934908331,-62.109,16.279599083314));
#2483 = CARTESIAN_POINT('',(-9.262287402091,-60.4005,15.811537402092));
#2484 = CARTESIAN_POINT('',(-10.54690275018,-62.10899999999,
    15.842328153363));
#2485 = CARTESIAN_POINT('',(-9.528443741773,-60.40049999999,
    15.476675649044));
#2486 = CARTESIAN_POINT('',(-10.78513386008,-62.109,15.342692499507));
#2487 = CARTESIAN_POINT('',(-9.710880948614,-60.4005,15.094055036797));
#2488 = CARTESIAN_POINT('',(-10.90425,-62.109,14.811871166209));
#2489 = CARTESIAN_POINT('',(-9.8021,-60.4005,14.68755245442));
#2490 = CARTESIAN_POINT('',(-10.90425,-62.109,14.28105));
#2491 = CARTESIAN_POINT('',(-9.8021,-60.4005,14.28105));
#2492 = DEFINITIONAL_REPRESENTATION('',(#2493),#2496);
#2493 = B_SPLINE_CURVE_WITH_KNOTS('',1,(#2494,#2495),.UNSPECIFIED.,.F.,
  .F.,(2,2),(0.176357671927,1.),.PIECEWISE_BEZIER_KNOTS.);
#2494 = CARTESIAN_POINT('',(3.14159265359,0.176357671927));
#2495 = CARTESIAN_POINT('',(3.14159265359,1.));
#2496 = ( GEOMETRIC_REPRESENTATION_CONTEXT(2) 
PARAMETRIC_REPRESENTATION_CONTEXT() REPRESENTATION_CONTEXT('2D SPACE',''
  ) );
#2497 = ORIENTED_EDGE('',*,*,#2498,.F.);
#2498 = EDGE_CURVE('',#2499,#2460,#2501,.T.);
#2499 = VERTEX_POINT('',#2500);
#2500 = CARTESIAN_POINT('',(-10.70977556857,-61.80753507591,14.272005));
#2501 = SURFACE_CURVE('',#2502,(#2505,#2511),.PCURVE_S1.);
#2502 = B_SPLINE_CURVE_WITH_KNOTS('',1,(#2503,#2504),.UNSPECIFIED.,.F.,
  .F.,(2,2),(0.,1.),.PIECEWISE_BEZIER_KNOTS.);
#2503 = CARTESIAN_POINT('',(-10.70977553156,-61.80753501854,
    14.272001712464));
#2504 = CARTESIAN_POINT('',(-10.70987739188,-61.80769291751,14.28105));
#2505 = PCURVE('',#434,#2506);
#2506 = DEFINITIONAL_REPRESENTATION('',(#2507),#2510);
#2507 = B_SPLINE_CURVE_WITH_KNOTS('',1,(#2508,#2509),.UNSPECIFIED.,.F.,
  .F.,(2,2),(0.,1.),.PIECEWISE_BEZIER_KNOTS.);
#2508 = CARTESIAN_POINT('',(-1.001712463813E-03,-1.674402106428));
#2509 = CARTESIAN_POINT('',(-1.005E-02,-1.67459000962));
#2510 = ( GEOMETRIC_REPRESENTATION_CONTEXT(2) 
PARAMETRIC_REPRESENTATION_CONTEXT() REPRESENTATION_CONTEXT('2D SPACE',''
  ) );
#2511 = PCURVE('',#1202,#2512);
#2512 = DEFINITIONAL_REPRESENTATION('',(#2513),#2516);
#2513 = B_SPLINE_CURVE_WITH_KNOTS('',1,(#2514,#2515),.UNSPECIFIED.,.F.,
  .F.,(2,2),(0.,1.),.PIECEWISE_BEZIER_KNOTS.);
#2514 = CARTESIAN_POINT('',(10.656524009516,4.990574405683E-04));
#2515 = CARTESIAN_POINT('',(10.656764890599,2.749312671832E-03));
#2516 = ( GEOMETRIC_REPRESENTATION_CONTEXT(2) 
PARAMETRIC_REPRESENTATION_CONTEXT() REPRESENTATION_CONTEXT('2D SPACE',''
  ) );
#2517 = ORIENTED_EDGE('',*,*,#2518,.T.);
#2518 = EDGE_CURVE('',#2499,#2519,#2521,.T.);
#2519 = VERTEX_POINT('',#2520);
#2520 = CARTESIAN_POINT('',(-10.70975294117,-61.8075,14.272005));
#2521 = SURFACE_CURVE('',#2522,(#2526,#2533),.PCURVE_S1.);
#2522 = LINE('',#2523,#2524);
#2523 = CARTESIAN_POINT('',(-12.39999700155,-64.42763516958,14.272005));
#2524 = VECTOR('',#2525,1.);
#2525 = DIRECTION('',(0.542089339284,0.840320860288,-0.));
#2526 = PCURVE('',#434,#2527);
#2527 = DEFINITIONAL_REPRESENTATION('',(#2528),#2532);
#2528 = LINE('',#2529,#2530);
#2529 = CARTESIAN_POINT('',(-1.004999999999E-03,-4.792377959301));
#2530 = VECTOR('',#2531,1.);
#2531 = DIRECTION('',(0.,1.));
#2532 = ( GEOMETRIC_REPRESENTATION_CONTEXT(2) 
PARAMETRIC_REPRESENTATION_CONTEXT() REPRESENTATION_CONTEXT('2D SPACE',''
  ) );
#2533 = PCURVE('',#1035,#2534);
#2534 = DEFINITIONAL_REPRESENTATION('',(#2535),#2539);
#2535 = LINE('',#2536,#2537);
#2536 = CARTESIAN_POINT('',(1.656674143825,5.696089353828));
#2537 = VECTOR('',#2538,1.);
#2538 = DIRECTION('',(0.791526887454,0.611134344017));
#2539 = ( GEOMETRIC_REPRESENTATION_CONTEXT(2) 
PARAMETRIC_REPRESENTATION_CONTEXT() REPRESENTATION_CONTEXT('2D SPACE',''
  ) );
#2540 = ORIENTED_EDGE('',*,*,#2541,.F.);
#2541 = EDGE_CURVE('',#394,#2519,#2542,.T.);
#2542 = SURFACE_CURVE('',#2543,(#2546,#2552),.PCURVE_S1.);
#2543 = B_SPLINE_CURVE_WITH_KNOTS('',1,(#2544,#2545),.UNSPECIFIED.,.F.,
  .F.,(2,2),(0.,1.),.PIECEWISE_BEZIER_KNOTS.);
#2544 = CARTESIAN_POINT('',(-10.70976429277,-61.80751759669,
    14.270996633823));
#2545 = CARTESIAN_POINT('',(-10.70975294117,-61.8075,14.272005));
#2546 = PCURVE('',#434,#2547);
#2547 = DEFINITIONAL_REPRESENTATION('',(#2548),#2551);
#2548 = B_SPLINE_CURVE_WITH_KNOTS('',1,(#2549,#2550),.UNSPECIFIED.,.F.,
  .F.,(2,2),(0.,1.),.PIECEWISE_BEZIER_KNOTS.);
#2549 = CARTESIAN_POINT('',(3.366176898112E-06,-1.674381374057));
#2550 = CARTESIAN_POINT('',(-1.004999999997E-03,-1.674360433606));
#2551 = ( GEOMETRIC_REPRESENTATION_CONTEXT(2) 
PARAMETRIC_REPRESENTATION_CONTEXT() REPRESENTATION_CONTEXT('2D SPACE',''
  ) );
#2552 = PCURVE('',#407,#2553);
#2553 = DEFINITIONAL_REPRESENTATION('',(#2554),#2557);
#2554 = B_SPLINE_CURVE_WITH_KNOTS('',1,(#2555,#2556),.UNSPECIFIED.,.F.,
  .F.,(2,2),(0.,1.),.PIECEWISE_BEZIER_KNOTS.);
#2555 = CARTESIAN_POINT('',(10.656497432208,0.999749225336));
#2556 = CARTESIAN_POINT('',(10.656470588235,1.));
#2557 = ( GEOMETRIC_REPRESENTATION_CONTEXT(2) 
PARAMETRIC_REPRESENTATION_CONTEXT() REPRESENTATION_CONTEXT('2D SPACE',''
  ) );
#2558 = ADVANCED_FACE('',(#2559),#407,.F.);
#2559 = FACE_BOUND('',#2560,.F.);
#2560 = EDGE_LOOP('',(#2561,#2562,#2582,#2602));
#2561 = ORIENTED_EDGE('',*,*,#393,.F.);
#2562 = ORIENTED_EDGE('',*,*,#2563,.T.);
#2563 = EDGE_CURVE('',#369,#2564,#2566,.T.);
#2564 = VERTEX_POINT('',#2565);
#2565 = CARTESIAN_POINT('',(-12.06,-61.8075,14.272005));
#2566 = SURFACE_CURVE('',#2567,(#2570,#2576),.PCURVE_S1.);
#2567 = B_SPLINE_CURVE_WITH_KNOTS('',1,(#2568,#2569),.UNSPECIFIED.,.F.,
  .F.,(2,2),(0.,1.),.PIECEWISE_BEZIER_KNOTS.);
#2568 = CARTESIAN_POINT('',(-11.98983063898,-61.87766936101,10.251));
#2569 = CARTESIAN_POINT('',(-12.06,-61.8075,14.272005));
#2570 = PCURVE('',#407,#2571);
#2571 = DEFINITIONAL_REPRESENTATION('',(#2572),#2575);
#2572 = B_SPLINE_CURVE_WITH_KNOTS('',1,(#2573,#2574),.UNSPECIFIED.,.F.,
  .F.,(2,2),(0.999750062484,1.),.PIECEWISE_BEZIER_KNOTS.);
#2573 = CARTESIAN_POINT('',(12.,0.999750062484));
#2574 = CARTESIAN_POINT('',(12.,1.));
#2575 = ( GEOMETRIC_REPRESENTATION_CONTEXT(2) 
PARAMETRIC_REPRESENTATION_CONTEXT() REPRESENTATION_CONTEXT('2D SPACE',''
  ) );
#2576 = PCURVE('',#382,#2577);
#2577 = DEFINITIONAL_REPRESENTATION('',(#2578),#2581);
#2578 = B_SPLINE_CURVE_WITH_KNOTS('',1,(#2579,#2580),.UNSPECIFIED.,.F.,
  .F.,(2,2),(0.999750062484,1.),.PIECEWISE_BEZIER_KNOTS.);
#2579 = CARTESIAN_POINT('',(-4.25,0.999750062484));
#2580 = CARTESIAN_POINT('',(-4.25,1.));
#2581 = ( GEOMETRIC_REPRESENTATION_CONTEXT(2) 
PARAMETRIC_REPRESENTATION_CONTEXT() REPRESENTATION_CONTEXT('2D SPACE',''
  ) );
#2582 = ORIENTED_EDGE('',*,*,#2583,.T.);
#2583 = EDGE_CURVE('',#2564,#2519,#2584,.T.);
#2584 = SURFACE_CURVE('',#2585,(#2589,#2595),.PCURVE_S1.);
#2585 = LINE('',#2586,#2587);
#2586 = CARTESIAN_POINT('',(0.,-61.8075,14.272005));
#2587 = VECTOR('',#2588,1.);
#2588 = DIRECTION('',(1.,0.,0.));
#2589 = PCURVE('',#407,#2590);
#2590 = DEFINITIONAL_REPRESENTATION('',(#2591),#2594);
#2591 = B_SPLINE_CURVE_WITH_KNOTS('',1,(#2592,#2593),.UNSPECIFIED.,.F.,
  .F.,(2,2),(-12.06,-10.70975294117),.PIECEWISE_BEZIER_KNOTS.);
#2592 = CARTESIAN_POINT('',(12.,1.));
#2593 = CARTESIAN_POINT('',(10.656470588235,1.));
#2594 = ( GEOMETRIC_REPRESENTATION_CONTEXT(2) 
PARAMETRIC_REPRESENTATION_CONTEXT() REPRESENTATION_CONTEXT('2D SPACE',''
  ) );
#2595 = PCURVE('',#1035,#2596);
#2596 = DEFINITIONAL_REPRESENTATION('',(#2597),#2601);
#2597 = LINE('',#2598,#2599);
#2598 = CARTESIAN_POINT('',(14.219973548069,4.02619653547));
#2599 = VECTOR('',#2600,1.);
#2600 = DIRECTION('',(0.942627225161,-0.333847142245));
#2601 = ( GEOMETRIC_REPRESENTATION_CONTEXT(2) 
PARAMETRIC_REPRESENTATION_CONTEXT() REPRESENTATION_CONTEXT('2D SPACE',''
  ) );
#2602 = ORIENTED_EDGE('',*,*,#2541,.F.);
#2603 = ADVANCED_FACE('',(#2604),#382,.F.);
#2604 = FACE_BOUND('',#2605,.F.);
#2605 = EDGE_LOOP('',(#2606,#2607,#2608,#2628));
#2606 = ORIENTED_EDGE('',*,*,#368,.F.);
#2607 = ORIENTED_EDGE('',*,*,#981,.T.);
#2608 = ORIENTED_EDGE('',*,*,#2609,.T.);
#2609 = EDGE_CURVE('',#982,#2564,#2610,.T.);
#2610 = SURFACE_CURVE('',#2611,(#2615,#2621),.PCURVE_S1.);
#2611 = LINE('',#2612,#2613);
#2612 = CARTESIAN_POINT('',(-12.06,-66.07875,14.272005));
#2613 = VECTOR('',#2614,1.);
#2614 = DIRECTION('',(0.,1.,0.));
#2615 = PCURVE('',#382,#2616);
#2616 = DEFINITIONAL_REPRESENTATION('',(#2617),#2620);
#2617 = B_SPLINE_CURVE_WITH_KNOTS('',1,(#2618,#2619),.UNSPECIFIED.,.F.,
  .F.,(2,2),(-4.27125,4.27125),.PIECEWISE_BEZIER_KNOTS.);
#2618 = CARTESIAN_POINT('',(4.25,1.));
#2619 = CARTESIAN_POINT('',(-4.25,1.));
#2620 = ( GEOMETRIC_REPRESENTATION_CONTEXT(2) 
PARAMETRIC_REPRESENTATION_CONTEXT() REPRESENTATION_CONTEXT('2D SPACE',''
  ) );
#2621 = PCURVE('',#1035,#2622);
#2622 = DEFINITIONAL_REPRESENTATION('',(#2623),#2627);
#2623 = LINE('',#2624,#2625);
#2624 = CARTESIAN_POINT('',(1.425944606312,4.02619653547));
#2625 = VECTOR('',#2626,1.);
#2626 = DIRECTION('',(0.333847142245,0.942627225161));
#2627 = ( GEOMETRIC_REPRESENTATION_CONTEXT(2) 
PARAMETRIC_REPRESENTATION_CONTEXT() REPRESENTATION_CONTEXT('2D SPACE',''
  ) );
#2628 = ORIENTED_EDGE('',*,*,#2563,.F.);
#2629 = ADVANCED_FACE('',(#2630),#1035,.F.);
#2630 = FACE_BOUND('',#2631,.F.);
#2631 = EDGE_LOOP('',(#2632,#2633,#2634,#2635,#2636,#2637,#2657,#2682,
    #2707,#2732,#2750,#2751));
#2632 = ORIENTED_EDGE('',*,*,#2609,.F.);
#2633 = ORIENTED_EDGE('',*,*,#1022,.T.);
#2634 = ORIENTED_EDGE('',*,*,#1072,.T.);
#2635 = ORIENTED_EDGE('',*,*,#1116,.F.);
#2636 = ORIENTED_EDGE('',*,*,#1165,.T.);
#2637 = ORIENTED_EDGE('',*,*,#2638,.T.);
#2638 = EDGE_CURVE('',#1166,#2639,#2641,.T.);
#2639 = VERTEX_POINT('',#2640);
#2640 = CARTESIAN_POINT('',(12.059964924088,-61.80753507591,14.272005));
#2641 = SURFACE_CURVE('',#2642,(#2645,#2651),.PCURVE_S1.);
#2642 = B_SPLINE_CURVE_WITH_KNOTS('',1,(#2643,#2644),.UNSPECIFIED.,.F.,
  .F.,(2,2),(0.,1.),.PIECEWISE_BEZIER_KNOTS.);
#2643 = CARTESIAN_POINT('',(-12.05996492408,-61.80753507591,14.272005));
#2644 = CARTESIAN_POINT('',(12.059964924088,-61.80753507591,14.272005));
#2645 = PCURVE('',#1035,#2646);
#2646 = DEFINITIONAL_REPRESENTATION('',(#2647),#2650);
#2647 = B_SPLINE_CURVE_WITH_KNOTS('',1,(#2648,#2649),.UNSPECIFIED.,.F.,
  .F.,(2,2),(0.,1.),.PIECEWISE_BEZIER_KNOTS.);
#2648 = CARTESIAN_POINT('',(2.851910566141,8.052348297438));
#2649 = CARTESIAN_POINT('',(25.588013110011,-2.135351633825E-05));
#2650 = ( GEOMETRIC_REPRESENTATION_CONTEXT(2) 
PARAMETRIC_REPRESENTATION_CONTEXT() REPRESENTATION_CONTEXT('2D SPACE',''
  ) );
#2651 = PCURVE('',#1202,#2652);
#2652 = DEFINITIONAL_REPRESENTATION('',(#2653),#2656);
#2653 = B_SPLINE_CURVE_WITH_KNOTS('',1,(#2654,#2655),.UNSPECIFIED.,.F.,
  .F.,(2,2),(0.944021837376,1.),.PIECEWISE_BEZIER_KNOTS.);
#2654 = CARTESIAN_POINT('',(-10.65652409703,4.998750312415E-04));
#2655 = CARTESIAN_POINT('',(-12.,4.998750312415E-04));
#2656 = ( GEOMETRIC_REPRESENTATION_CONTEXT(2) 
PARAMETRIC_REPRESENTATION_CONTEXT() REPRESENTATION_CONTEXT('2D SPACE',''
  ) );
#2657 = ORIENTED_EDGE('',*,*,#2658,.T.);
#2658 = EDGE_CURVE('',#2639,#2659,#2661,.T.);
#2659 = VERTEX_POINT('',#2660);
#2660 = CARTESIAN_POINT('',(12.059964924088,-70.34996492408,14.272005));
#2661 = SURFACE_CURVE('',#2662,(#2665,#2671),.PCURVE_S1.);
#2662 = B_SPLINE_CURVE_WITH_KNOTS('',1,(#2663,#2664),.UNSPECIFIED.,.F.,
  .F.,(2,2),(0.,1.),.PIECEWISE_BEZIER_KNOTS.);
#2663 = CARTESIAN_POINT('',(12.059964924088,-61.80753507591,14.272005));
#2664 = CARTESIAN_POINT('',(12.059964924088,-70.34996492408,14.272005));
#2665 = PCURVE('',#1035,#2666);
#2666 = DEFINITIONAL_REPRESENTATION('',(#2667),#2670);
#2667 = B_SPLINE_CURVE_WITH_KNOTS('',1,(#2668,#2669),.UNSPECIFIED.,.F.,
  .F.,(2,2),(0.,1.),.PIECEWISE_BEZIER_KNOTS.);
#2668 = CARTESIAN_POINT('',(25.588013110011,-2.135351633825E-05));
#2669 = CARTESIAN_POINT('',(22.736147317372,-8.052348297438));
#2670 = ( GEOMETRIC_REPRESENTATION_CONTEXT(2) 
PARAMETRIC_REPRESENTATION_CONTEXT() REPRESENTATION_CONTEXT('2D SPACE',''
  ) );
#2671 = PCURVE('',#2672,#2677);
#2672 = B_SPLINE_SURFACE_WITH_KNOTS('',1,1,(
    (#2673,#2674)
    ,(#2675,#2676
    )),.UNSPECIFIED.,.F.,.F.,.F.,(2,2),(2,2),(-4.25,4.25),(0.,1.),
  .PIECEWISE_BEZIER_KNOTS.);
#2673 = CARTESIAN_POINT('',(12.06,-70.35,14.269995));
#2674 = CARTESIAN_POINT('',(11.989830638989,-70.27983063898,18.291));
#2675 = CARTESIAN_POINT('',(12.06,-61.8075,14.269995));
#2676 = CARTESIAN_POINT('',(11.989830638989,-61.87766936101,18.291));
#2677 = DEFINITIONAL_REPRESENTATION('',(#2678),#2681);
#2678 = B_SPLINE_CURVE_WITH_KNOTS('',1,(#2679,#2680),.UNSPECIFIED.,.F.,
  .F.,(2,2),(0.,1.),.PIECEWISE_BEZIER_KNOTS.);
#2679 = CARTESIAN_POINT('',(4.25,4.998750312415E-04));
#2680 = CARTESIAN_POINT('',(-4.25,4.998750312415E-04));
#2681 = ( GEOMETRIC_REPRESENTATION_CONTEXT(2) 
PARAMETRIC_REPRESENTATION_CONTEXT() REPRESENTATION_CONTEXT('2D SPACE',''
  ) );
#2682 = ORIENTED_EDGE('',*,*,#2683,.T.);
#2683 = EDGE_CURVE('',#2659,#2684,#2686,.T.);
#2684 = VERTEX_POINT('',#2685);
#2685 = CARTESIAN_POINT('',(-12.05996492408,-70.34996492408,14.272005));
#2686 = SURFACE_CURVE('',#2687,(#2690,#2696),.PCURVE_S1.);
#2687 = B_SPLINE_CURVE_WITH_KNOTS('',1,(#2688,#2689),.UNSPECIFIED.,.F.,
  .F.,(2,2),(0.,1.),.PIECEWISE_BEZIER_KNOTS.);
#2688 = CARTESIAN_POINT('',(12.059964924088,-70.34996492408,14.272005));
#2689 = CARTESIAN_POINT('',(-12.05996492408,-70.34996492408,14.272005));
#2690 = PCURVE('',#1035,#2691);
#2691 = DEFINITIONAL_REPRESENTATION('',(#2692),#2695);
#2692 = B_SPLINE_CURVE_WITH_KNOTS('',1,(#2693,#2694),.UNSPECIFIED.,.F.,
  .F.,(2,2),(0.,1.),.PIECEWISE_BEZIER_KNOTS.);
#2693 = CARTESIAN_POINT('',(22.736147317372,-8.052348297438));
#2694 = CARTESIAN_POINT('',(4.477350198329E-05,2.135351630983E-05));
#2695 = ( GEOMETRIC_REPRESENTATION_CONTEXT(2) 
PARAMETRIC_REPRESENTATION_CONTEXT() REPRESENTATION_CONTEXT('2D SPACE',''
  ) );
#2696 = PCURVE('',#2697,#2702);
#2697 = B_SPLINE_SURFACE_WITH_KNOTS('',1,1,(
    (#2698,#2699)
    ,(#2700,#2701
    )),.UNSPECIFIED.,.F.,.F.,.F.,(2,2),(2,2),(-12.,12.),(0.,1.),
  .PIECEWISE_BEZIER_KNOTS.);
#2698 = CARTESIAN_POINT('',(-12.06,-70.35,14.269995));
#2699 = CARTESIAN_POINT('',(-11.98983063898,-70.27983063898,18.291));
#2700 = CARTESIAN_POINT('',(12.06,-70.35,14.269995));
#2701 = CARTESIAN_POINT('',(11.989830638989,-70.27983063898,18.291));
#2702 = DEFINITIONAL_REPRESENTATION('',(#2703),#2706);
#2703 = B_SPLINE_CURVE_WITH_KNOTS('',1,(#2704,#2705),.UNSPECIFIED.,.F.,
  .F.,(2,2),(0.,1.),.PIECEWISE_BEZIER_KNOTS.);
#2704 = CARTESIAN_POINT('',(12.,4.998750312415E-04));
#2705 = CARTESIAN_POINT('',(-12.,4.998750312415E-04));
#2706 = ( GEOMETRIC_REPRESENTATION_CONTEXT(2) 
PARAMETRIC_REPRESENTATION_CONTEXT() REPRESENTATION_CONTEXT('2D SPACE',''
  ) );
#2707 = ORIENTED_EDGE('',*,*,#2708,.T.);
#2708 = EDGE_CURVE('',#2684,#2709,#2711,.T.);
#2709 = VERTEX_POINT('',#2710);
#2710 = CARTESIAN_POINT('',(-12.05996492408,-61.80753507591,14.272005));
#2711 = SURFACE_CURVE('',#2712,(#2715,#2721),.PCURVE_S1.);
#2712 = B_SPLINE_CURVE_WITH_KNOTS('',1,(#2713,#2714),.UNSPECIFIED.,.F.,
  .F.,(2,2),(0.,1.),.PIECEWISE_BEZIER_KNOTS.);
#2713 = CARTESIAN_POINT('',(-12.05996492408,-70.34996492408,14.272005));
#2714 = CARTESIAN_POINT('',(-12.05996492408,-61.80753507591,14.272005));
#2715 = PCURVE('',#1035,#2716);
#2716 = DEFINITIONAL_REPRESENTATION('',(#2717),#2720);
#2717 = B_SPLINE_CURVE_WITH_KNOTS('',1,(#2718,#2719),.UNSPECIFIED.,.F.,
  .F.,(2,2),(0.,1.),.PIECEWISE_BEZIER_KNOTS.);
#2718 = CARTESIAN_POINT('',(4.477350198329E-05,2.135351630983E-05));
#2719 = CARTESIAN_POINT('',(2.851910566141,8.052348297438));
#2720 = ( GEOMETRIC_REPRESENTATION_CONTEXT(2) 
PARAMETRIC_REPRESENTATION_CONTEXT() REPRESENTATION_CONTEXT('2D SPACE',''
  ) );
#2721 = PCURVE('',#2722,#2727);
#2722 = B_SPLINE_SURFACE_WITH_KNOTS('',1,1,(
    (#2723,#2724)
    ,(#2725,#2726
    )),.UNSPECIFIED.,.F.,.F.,.F.,(2,2),(2,2),(-4.25,4.25),(0.,1.),
  .PIECEWISE_BEZIER_KNOTS.);
#2723 = CARTESIAN_POINT('',(-12.06,-61.8075,14.269995));
#2724 = CARTESIAN_POINT('',(-11.98983063898,-61.87766936101,18.291));
#2725 = CARTESIAN_POINT('',(-12.06,-70.35,14.269995));
#2726 = CARTESIAN_POINT('',(-11.98983063898,-70.27983063898,18.291));
#2727 = DEFINITIONAL_REPRESENTATION('',(#2728),#2731);
#2728 = B_SPLINE_CURVE_WITH_KNOTS('',1,(#2729,#2730),.UNSPECIFIED.,.F.,
  .F.,(2,2),(0.,1.),.PIECEWISE_BEZIER_KNOTS.);
#2729 = CARTESIAN_POINT('',(4.25,4.998750312415E-04));
#2730 = CARTESIAN_POINT('',(-4.25,4.998750312415E-04));
#2731 = ( GEOMETRIC_REPRESENTATION_CONTEXT(2) 
PARAMETRIC_REPRESENTATION_CONTEXT() REPRESENTATION_CONTEXT('2D SPACE',''
  ) );
#2732 = ORIENTED_EDGE('',*,*,#2733,.T.);
#2733 = EDGE_CURVE('',#2709,#2499,#2734,.T.);
#2734 = SURFACE_CURVE('',#2735,(#2738,#2744),.PCURVE_S1.);
#2735 = B_SPLINE_CURVE_WITH_KNOTS('',1,(#2736,#2737),.UNSPECIFIED.,.F.,
  .F.,(2,2),(0.,1.),.PIECEWISE_BEZIER_KNOTS.);
#2736 = CARTESIAN_POINT('',(-12.05996492408,-61.80753507591,14.272005));
#2737 = CARTESIAN_POINT('',(12.059964924088,-61.80753507591,14.272005));
#2738 = PCURVE('',#1035,#2739);
#2739 = DEFINITIONAL_REPRESENTATION('',(#2740),#2743);
#2740 = B_SPLINE_CURVE_WITH_KNOTS('',1,(#2741,#2742),.UNSPECIFIED.,.F.,
  .F.,(2,2),(0.,1.),.PIECEWISE_BEZIER_KNOTS.);
#2741 = CARTESIAN_POINT('',(2.851910566141,8.052348297438));
#2742 = CARTESIAN_POINT('',(25.588013110011,-2.135351633825E-05));
#2743 = ( GEOMETRIC_REPRESENTATION_CONTEXT(2) 
PARAMETRIC_REPRESENTATION_CONTEXT() REPRESENTATION_CONTEXT('2D SPACE',''
  ) );
#2744 = PCURVE('',#1202,#2745);
#2745 = DEFINITIONAL_REPRESENTATION('',(#2746),#2749);
#2746 = B_SPLINE_CURVE_WITH_KNOTS('',1,(#2747,#2748),.UNSPECIFIED.,.F.,
  .F.,(2,2),(0.,5.597816262357E-02),.PIECEWISE_BEZIER_KNOTS.);
#2747 = CARTESIAN_POINT('',(12.,4.998750312415E-04));
#2748 = CARTESIAN_POINT('',(10.656524097034,4.998750312415E-04));
#2749 = ( GEOMETRIC_REPRESENTATION_CONTEXT(2) 
PARAMETRIC_REPRESENTATION_CONTEXT() REPRESENTATION_CONTEXT('2D SPACE',''
  ) );
#2750 = ORIENTED_EDGE('',*,*,#2518,.T.);
#2751 = ORIENTED_EDGE('',*,*,#2583,.F.);
#2752 = ADVANCED_FACE('',(#2753),#1225,.T.);
#2753 = FACE_BOUND('',#2754,.T.);
#2754 = EDGE_LOOP('',(#2755,#2756,#2884,#2909));
#2755 = ORIENTED_EDGE('',*,*,#1213,.F.);
#2756 = ORIENTED_EDGE('',*,*,#2757,.F.);
#2757 = EDGE_CURVE('',#2758,#1189,#2760,.T.);
#2758 = VERTEX_POINT('',#2759);
#2759 = CARTESIAN_POINT('',(8.130584744805,-61.85321585607,
    16.889709405487));
#2760 = SURFACE_CURVE('',#2761,(#2800,#2842),.PCURVE_S1.);
#2761 = B_SPLINE_CURVE_WITH_KNOTS('',5,(#2762,#2763,#2764,#2765,#2766,
    #2767,#2768,#2769,#2770,#2771,#2772,#2773,#2774,#2775,#2776,#2777,
    #2778,#2779,#2780,#2781,#2782,#2783,#2784,#2785,#2786,#2787,#2788,
    #2789,#2790,#2791,#2792,#2793,#2794,#2795,#2796,#2797,#2798,#2799),
  .UNSPECIFIED.,.F.,.F.,(6,4,4,4,4,4,4,4,4,6),(0.,0.120393484872,
    0.238923099489,0.354891667772,0.466335432936,0.635004314215,
    0.767476934916,0.875573038121,0.980096850958,1.),.UNSPECIFIED.);
#2762 = CARTESIAN_POINT('',(8.130584744805,-61.85321585607,
    16.889709405487));
#2763 = CARTESIAN_POINT('',(8.216693398532,-61.85321585607,
    16.889709405487));
#2764 = CARTESIAN_POINT('',(8.302820049777,-61.85315345154,
    16.886133358168));
#2765 = CARTESIAN_POINT('',(8.388856072673,-61.85302853899,
    16.87897533422));
#2766 = CARTESIAN_POINT('',(8.474688310223,-61.85284079331,
    16.868216702178));
#2767 = CARTESIAN_POINT('',(8.644386004517,-61.85234242987,
    16.839658342159));
#2768 = CARTESIAN_POINT('',(8.728260153718,-61.8520337622,
    16.821970362308));
#2769 = CARTESIAN_POINT('',(8.811709470953,-61.85166314018,16.8007321331
    ));
#2770 = CARTESIAN_POINT('',(8.894609720745,-61.85122984709,
    16.775902582653));
#2771 = CARTESIAN_POINT('',(9.057262847058,-61.85024683665,
    16.719571872996));
#2772 = CARTESIAN_POINT('',(9.13704364139,-61.84969984583,
    16.688226955409));
#2773 = CARTESIAN_POINT('',(9.21603948564,-61.8490911417,16.653345601206
    ));
#2774 = CARTESIAN_POINT('',(9.294102535286,-61.84841974549,
    16.614871722016));
#2775 = CARTESIAN_POINT('',(9.445023565764,-61.84697805845,
    16.532256878436));
#2776 = CARTESIAN_POINT('',(9.517964282362,-61.84621266769,
    16.488396708498));
#2777 = CARTESIAN_POINT('',(9.589737389845,-61.84538739657,
    16.441105138052));
#2778 = CARTESIAN_POINT('',(9.660166179226,-61.84450129325,
    16.390327621449));
#2779 = CARTESIAN_POINT('',(9.833296023562,-61.84211888621,
    16.253805491506));
#2780 = CARTESIAN_POINT('',(9.933988622177,-61.84054303501,16.1635024666
    ));
#2781 = CARTESIAN_POINT('',(10.030434049823,-61.83882261598,
    16.064915085846));
#2782 = CARTESIAN_POINT('',(10.121700645311,-61.83695582897,
    15.957940192692));
#2783 = CARTESIAN_POINT('',(10.273439770421,-61.83336545581,
    15.752196428639));
#2784 = CARTESIAN_POINT('',(10.336311307265,-61.83169725251,
    15.656601232971));
#2785 = CARTESIAN_POINT('',(10.394765194997,-61.8299416011,
    15.555994885817));
#2786 = CARTESIAN_POINT('',(10.44816527461,-61.82810221736,
    15.450590317443));
#2787 = CARTESIAN_POINT('',(10.534820416276,-61.82462417656,
    15.251283679237));
#2788 = CARTESIAN_POINT('',(10.569974678773,-61.82301085159,
    15.158833246675));
#2789 = CARTESIAN_POINT('',(10.601000852546,-61.82135152314,
    15.063746617799));
#2790 = CARTESIAN_POINT('',(10.627566071425,-61.81965245239,
    14.966382584528));
#2791 = CARTESIAN_POINT('',(10.670548731204,-61.8162491897,
    14.77136105272));
#2792 = CARTESIAN_POINT('',(10.687274558932,-61.81454686512,
    14.673810561512));
#2793 = CARTESIAN_POINT('',(10.699365611906,-61.81282321992,
    14.575038306889));
#2794 = CARTESIAN_POINT('',(10.706682163545,-61.8110871623,
    14.475554768119));
#2795 = CARTESIAN_POINT('',(10.709689893625,-61.80901748221,
    14.356953232133));
#2796 = CARTESIAN_POINT('',(10.709997338134,-61.80868632238,
    14.33797635471));
#2797 = CARTESIAN_POINT('',(10.710131008366,-61.8083551313,
    14.318997687486));
#2798 = CARTESIAN_POINT('',(10.710090956134,-61.80802397455,
    14.300020986716));
#2799 = CARTESIAN_POINT('',(10.709877391886,-61.80769291751,14.28105));
#2800 = PCURVE('',#1225,#2801);
#2801 = DEFINITIONAL_REPRESENTATION('',(#2802),#2841);
#2802 = B_SPLINE_CURVE_WITH_KNOTS('',5,(#2803,#2804,#2805,#2806,#2807,
    #2808,#2809,#2810,#2811,#2812,#2813,#2814,#2815,#2816,#2817,#2818,
    #2819,#2820,#2821,#2822,#2823,#2824,#2825,#2826,#2827,#2828,#2829,
    #2830,#2831,#2832,#2833,#2834,#2835,#2836,#2837,#2838,#2839,#2840),
  .UNSPECIFIED.,.F.,.F.,(6,4,4,4,4,4,4,4,4,6),(0.,0.120393484872,
    0.238923099489,0.354891667772,0.466335432936,0.635004314215,
    0.767476934916,0.875573038121,0.980096850958,1.),.UNSPECIFIED.);
#2803 = CARTESIAN_POINT('',(1.570796326795,0.149712697643));
#2804 = CARTESIAN_POINT('',(1.53778755089,0.149712697643));
#2805 = CARTESIAN_POINT('',(1.504765125649,0.149749223564));
#2806 = CARTESIAN_POINT('',(1.47169502458,0.14982233597));
#2807 = CARTESIAN_POINT('',(1.438542723381,0.149932225162));
#2808 = CARTESIAN_POINT('',(1.372518738205,0.150223921643));
#2809 = CARTESIAN_POINT('',(1.339650740608,0.150404587531));
#2810 = CARTESIAN_POINT('',(1.306635730914,0.150621515839));
#2811 = CARTESIAN_POINT('',(1.273439164102,0.150875126077));
#2812 = CARTESIAN_POINT('',(1.207333652742,0.15145049069));
#2813 = CARTESIAN_POINT('',(1.174434161583,0.151770649206));
#2814 = CARTESIAN_POINT('',(1.141293475557,0.152126929057));
#2815 = CARTESIAN_POINT('',(1.107877062268,0.152519903134));
#2816 = CARTESIAN_POINT('',(1.041737577707,0.153363735172));
#2817 = CARTESIAN_POINT('',(1.009038642075,0.153811725085));
#2818 = CARTESIAN_POINT('',(0.976020755697,0.15429476349));
#2819 = CARTESIAN_POINT('',(0.942652250235,0.154813407519));
#2820 = CARTESIAN_POINT('',(0.857820272777,0.156207851207));
#2821 = CARTESIAN_POINT('',(0.805867893567,0.157130210704));
#2822 = CARTESIAN_POINT('',(0.752925841338,0.158137187015));
#2823 = CARTESIAN_POINT('',(0.698908675454,0.159229833786));
#2824 = CARTESIAN_POINT('',(0.60043038631,0.161331310618));
#2825 = CARTESIAN_POINT('',(0.556410091202,0.162307724604));
#2826 = CARTESIAN_POINT('',(0.511666256918,0.163335322737));
#2827 = CARTESIAN_POINT('',(0.466203163699,0.164411930134));
#2828 = CARTESIAN_POINT('',(0.382425414731,0.166447657849));
#2829 = CARTESIAN_POINT('',(0.344334421139,0.167391951072));
#2830 = CARTESIAN_POINT('',(0.305829427177,0.168363170533));
#2831 = CARTESIAN_POINT('',(0.266959319339,0.169357651513));
#2832 = CARTESIAN_POINT('',(0.18994330272,0.171349610942));
#2833 = CARTESIAN_POINT('',(0.151812369502,0.172345996413));
#2834 = CARTESIAN_POINT('',(0.113489019644,0.173354861034));
#2835 = CARTESIAN_POINT('',(7.505359660156E-02,0.174370990747));
#2836 = CARTESIAN_POINT('',(2.928410695109E-02,0.175582392615));
#2837 = CARTESIAN_POINT('',(2.196233251931E-02,0.175776223366));
#2838 = CARTESIAN_POINT('',(1.464063607428E-02,0.175970072397));
#2839 = CARTESIAN_POINT('',(7.319648972592E-03,0.176163901344));
#2840 = CARTESIAN_POINT('',(0.,0.176357671927));
#2841 = ( GEOMETRIC_REPRESENTATION_CONTEXT(2) 
PARAMETRIC_REPRESENTATION_CONTEXT() REPRESENTATION_CONTEXT('2D SPACE',''
  ) );
#2842 = PCURVE('',#1202,#2843);
#2843 = DEFINITIONAL_REPRESENTATION('',(#2844),#2883);
#2844 = B_SPLINE_CURVE_WITH_KNOTS('',5,(#2845,#2846,#2847,#2848,#2849,
    #2850,#2851,#2852,#2853,#2854,#2855,#2856,#2857,#2858,#2859,#2860,
    #2861,#2862,#2863,#2864,#2865,#2866,#2867,#2868,#2869,#2870,#2871,
    #2872,#2873,#2874,#2875,#2876,#2877,#2878,#2879,#2880,#2881,#2882),
  .UNSPECIFIED.,.F.,.F.,(6,4,4,4,4,4,4,4,4,6),(0.,0.120393484872,
    0.238923099489,0.354891667772,0.466335432936,0.635004314215,
    0.767476934916,0.875573038121,0.980096850958,1.),.UNSPECIFIED.);
#2845 = CARTESIAN_POINT('',(-8.120918047957,0.651507373278));
#2846 = CARTESIAN_POINT('',(-8.206924324514,0.651507373278));
#2847 = CARTESIAN_POINT('',(-8.292906396646,0.650618031604));
#2848 = CARTESIAN_POINT('',(-8.378753459764,0.648837873671));
#2849 = CARTESIAN_POINT('',(-8.464350039032,0.646162265946));
#2850 = CARTESIAN_POINT('',(-8.633482515201,0.639059971863));
#2851 = CARTESIAN_POINT('',(-8.717028621568,0.634661076599));
#2852 = CARTESIAN_POINT('',(-8.800099907014,0.62937925546));
#2853 = CARTESIAN_POINT('',(-8.882569707564,0.623204294114));
#2854 = CARTESIAN_POINT('',(-9.044262574866,0.609195182049));
#2855 = CARTESIAN_POINT('',(-9.123515922367,0.601399887692));
#2856 = CARTESIAN_POINT('',(-9.201929396696,0.592725102607));
#2857 = CARTESIAN_POINT('',(-9.279352839749,0.583156877949));
#2858 = CARTESIAN_POINT('',(-9.428902930994,0.562611058289));
#2859 = CARTESIAN_POINT('',(-9.501116896967,0.551703295196));
#2860 = CARTESIAN_POINT('',(-9.572106299872,0.539942163228));
#2861 = CARTESIAN_POINT('',(-9.641692676739,0.527314097209));
#2862 = CARTESIAN_POINT('',(-9.812553860751,0.493361856428));
#2863 = CARTESIAN_POINT('',(-9.911742689208,0.470904031853));
#2864 = CARTESIAN_POINT('',(-10.00654155084,0.446385937308));
#2865 = CARTESIAN_POINT('',(-10.09601669242,0.419781918374));
#2866 = CARTESIAN_POINT('',(-10.24430795774,0.368614669377));
#2867 = CARTESIAN_POINT('',(-10.30557675055,0.344840713446));
#2868 = CARTESIAN_POINT('',(-10.36234464587,0.31982051398));
#2869 = CARTESIAN_POINT('',(-10.41398194909,0.293607025468));
#2870 = CARTESIAN_POINT('',(-10.49731852838,0.244040651339));
#2871 = CARTESIAN_POINT('',(-10.5309385913,0.221048779267));
#2872 = CARTESIAN_POINT('',(-10.56039430236,0.197401300869));
#2873 = CARTESIAN_POINT('',(-10.5853620219,0.173187445559));
#2874 = CARTESIAN_POINT('',(-10.62517240183,0.124686751874));
#2875 = CARTESIAN_POINT('',(-10.64032429507,0.100426525585));
#2876 = CARTESIAN_POINT('',(-10.65083774685,7.586245401073E-02));
#2877 = CARTESIAN_POINT('',(-10.65658495542,5.112149030369E-02));
#2878 = CARTESIAN_POINT('',(-10.65774889963,2.162599452954E-02));
#2879 = CARTESIAN_POINT('',(-10.65776215399,1.690655811423E-02));
#2880 = CARTESIAN_POINT('',(-10.6576024555,1.218667658596E-02));
#2881 = CARTESIAN_POINT('',(-10.65726993736,7.467284103331E-03));
#2882 = CARTESIAN_POINT('',(-10.65676489048,2.749312671831E-03));
#2883 = ( GEOMETRIC_REPRESENTATION_CONTEXT(2) 
PARAMETRIC_REPRESENTATION_CONTEXT() REPRESENTATION_CONTEXT('2D SPACE',''
  ) );
#2884 = ORIENTED_EDGE('',*,*,#2885,.T.);
#2885 = EDGE_CURVE('',#2758,#2886,#2888,.T.);
#2886 = VERTEX_POINT('',#2887);
#2887 = CARTESIAN_POINT('',(7.7318,-60.4005,16.35135));
#2888 = SURFACE_CURVE('',#2889,(#2892,#2898),.PCURVE_S1.);
#2889 = B_SPLINE_CURVE_WITH_KNOTS('',1,(#2890,#2891),.UNSPECIFIED.,.F.,
  .F.,(2,2),(0.,1.),.PIECEWISE_BEZIER_KNOTS.);
#2890 = CARTESIAN_POINT('',(8.2008,-62.109,16.9845));
#2891 = CARTESIAN_POINT('',(7.7318,-60.4005,16.35135));
#2892 = PCURVE('',#1225,#2893);
#2893 = DEFINITIONAL_REPRESENTATION('',(#2894),#2897);
#2894 = B_SPLINE_CURVE_WITH_KNOTS('',1,(#2895,#2896),.UNSPECIFIED.,.F.,
  .F.,(2,2),(0.149712697643,1.),.PIECEWISE_BEZIER_KNOTS.);
#2895 = CARTESIAN_POINT('',(1.570796326795,0.149712697643));
#2896 = CARTESIAN_POINT('',(1.570796326795,1.));
#2897 = ( GEOMETRIC_REPRESENTATION_CONTEXT(2) 
PARAMETRIC_REPRESENTATION_CONTEXT() REPRESENTATION_CONTEXT('2D SPACE',''
  ) );
#2898 = PCURVE('',#2899,#2904);
#2899 = B_SPLINE_SURFACE_WITH_KNOTS('',1,1,(
    (#2900,#2901)
    ,(#2902,#2903
    )),.UNSPECIFIED.,.F.,.F.,.F.,(2,2),(2,2),(-8.16,8.16),(0.,1.),
  .PIECEWISE_BEZIER_KNOTS.);
#2900 = CARTESIAN_POINT('',(8.2008,-62.109,16.9845));
#2901 = CARTESIAN_POINT('',(7.7318,-60.4005,16.35135));
#2902 = CARTESIAN_POINT('',(-8.2008,-62.109,16.9845));
#2903 = CARTESIAN_POINT('',(-7.7318,-60.4005,16.35135));
#2904 = DEFINITIONAL_REPRESENTATION('',(#2905),#2908);
#2905 = B_SPLINE_CURVE_WITH_KNOTS('',1,(#2906,#2907),.UNSPECIFIED.,.F.,
  .F.,(2,2),(0.149712697643,1.),.PIECEWISE_BEZIER_KNOTS.);
#2906 = CARTESIAN_POINT('',(-8.16,0.149712697643));
#2907 = CARTESIAN_POINT('',(-8.16,1.));
#2908 = ( GEOMETRIC_REPRESENTATION_CONTEXT(2) 
PARAMETRIC_REPRESENTATION_CONTEXT() REPRESENTATION_CONTEXT('2D SPACE',''
  ) );
#2909 = ORIENTED_EDGE('',*,*,#2910,.F.);
#2910 = EDGE_CURVE('',#1141,#2886,#2911,.T.);
#2911 = SURFACE_CURVE('',#2912,(#2917,#2923),.PCURVE_S1.);
#2912 = CIRCLE('',#2913,2.0703);
#2913 = AXIS2_PLACEMENT_3D('',#2914,#2915,#2916);
#2914 = CARTESIAN_POINT('',(7.7318,-60.4005,14.28105));
#2915 = DIRECTION('',(0.,-1.,0.));
#2916 = DIRECTION('',(1.,0.,0.));
#2917 = PCURVE('',#1225,#2918);
#2918 = DEFINITIONAL_REPRESENTATION('',(#2919),#2922);
#2919 = B_SPLINE_CURVE_WITH_KNOTS('',1,(#2920,#2921),.UNSPECIFIED.,.F.,
  .F.,(2,2),(0.,1.570796326795),.PIECEWISE_BEZIER_KNOTS.);
#2920 = CARTESIAN_POINT('',(0.,1.));
#2921 = CARTESIAN_POINT('',(1.570796326795,1.));
#2922 = ( GEOMETRIC_REPRESENTATION_CONTEXT(2) 
PARAMETRIC_REPRESENTATION_CONTEXT() REPRESENTATION_CONTEXT('2D SPACE',''
  ) );
#2923 = PCURVE('',#1269,#2924);
#2924 = DEFINITIONAL_REPRESENTATION('',(#2925),#2928);
#2925 = B_SPLINE_CURVE_WITH_KNOTS('',1,(#2926,#2927),.UNSPECIFIED.,.F.,
  .F.,(2,2),(0.,1.570796326795),.PIECEWISE_BEZIER_KNOTS.);
#2926 = CARTESIAN_POINT('',(0.,0.));
#2927 = CARTESIAN_POINT('',(1.570796326795,0.));
#2928 = ( GEOMETRIC_REPRESENTATION_CONTEXT(2) 
PARAMETRIC_REPRESENTATION_CONTEXT() REPRESENTATION_CONTEXT('2D SPACE',''
  ) );
#2929 = ADVANCED_FACE('',(#2930),#1202,.F.);
#2930 = FACE_BOUND('',#2931,.F.);
#2931 = EDGE_LOOP('',(#2932,#2933,#2953,#2980,#2998,#2999,#3000,#3001,
    #3021,#3147));
#2932 = ORIENTED_EDGE('',*,*,#2733,.F.);
#2933 = ORIENTED_EDGE('',*,*,#2934,.T.);
#2934 = EDGE_CURVE('',#2709,#2935,#2937,.T.);
#2935 = VERTEX_POINT('',#2936);
#2936 = CARTESIAN_POINT('',(-11.98983063898,-61.87766936101,18.291));
#2937 = SURFACE_CURVE('',#2938,(#2941,#2947),.PCURVE_S1.);
#2938 = B_SPLINE_CURVE_WITH_KNOTS('',1,(#2939,#2940),.UNSPECIFIED.,.F.,
  .F.,(2,2),(0.,1.),.PIECEWISE_BEZIER_KNOTS.);
#2939 = CARTESIAN_POINT('',(-12.06,-61.8075,14.269995));
#2940 = CARTESIAN_POINT('',(-11.98983063898,-61.87766936101,18.291));
#2941 = PCURVE('',#1202,#2942);
#2942 = DEFINITIONAL_REPRESENTATION('',(#2943),#2946);
#2943 = B_SPLINE_CURVE_WITH_KNOTS('',1,(#2944,#2945),.UNSPECIFIED.,.F.,
  .F.,(2,2),(4.998750312419E-04,1.),.PIECEWISE_BEZIER_KNOTS.);
#2944 = CARTESIAN_POINT('',(12.,4.998750312419E-04));
#2945 = CARTESIAN_POINT('',(12.,1.));
#2946 = ( GEOMETRIC_REPRESENTATION_CONTEXT(2) 
PARAMETRIC_REPRESENTATION_CONTEXT() REPRESENTATION_CONTEXT('2D SPACE',''
  ) );
#2947 = PCURVE('',#2722,#2948);
#2948 = DEFINITIONAL_REPRESENTATION('',(#2949),#2952);
#2949 = B_SPLINE_CURVE_WITH_KNOTS('',1,(#2950,#2951),.UNSPECIFIED.,.F.,
  .F.,(2,2),(4.998750312419E-04,1.),.PIECEWISE_BEZIER_KNOTS.);
#2950 = CARTESIAN_POINT('',(-4.25,4.998750312419E-04));
#2951 = CARTESIAN_POINT('',(-4.25,1.));
#2952 = ( GEOMETRIC_REPRESENTATION_CONTEXT(2) 
PARAMETRIC_REPRESENTATION_CONTEXT() REPRESENTATION_CONTEXT('2D SPACE',''
  ) );
#2953 = ORIENTED_EDGE('',*,*,#2954,.T.);
#2954 = EDGE_CURVE('',#2935,#2955,#2957,.T.);
#2955 = VERTEX_POINT('',#2956);
#2956 = CARTESIAN_POINT('',(11.989830638989,-61.87766936101,18.291));
#2957 = SURFACE_CURVE('',#2958,(#2962,#2968),.PCURVE_S1.);
#2958 = LINE('',#2959,#2960);
#2959 = CARTESIAN_POINT('',(0.,-61.87766936101,18.291));
#2960 = VECTOR('',#2961,1.);
#2961 = DIRECTION('',(1.,0.,0.));
#2962 = PCURVE('',#1202,#2963);
#2963 = DEFINITIONAL_REPRESENTATION('',(#2964),#2967);
#2964 = B_SPLINE_CURVE_WITH_KNOTS('',1,(#2965,#2966),.UNSPECIFIED.,.F.,
  .F.,(2,2),(-11.98983063898,11.989830638989),.PIECEWISE_BEZIER_KNOTS.);
#2965 = CARTESIAN_POINT('',(12.,1.));
#2966 = CARTESIAN_POINT('',(-12.,1.));
#2967 = ( GEOMETRIC_REPRESENTATION_CONTEXT(2) 
PARAMETRIC_REPRESENTATION_CONTEXT() REPRESENTATION_CONTEXT('2D SPACE',''
  ) );
#2968 = PCURVE('',#2969,#2974);
#2969 = PLANE('',#2970);
#2970 = AXIS2_PLACEMENT_3D('',#2971,#2972,#2973);
#2971 = CARTESIAN_POINT('',(-11.98983063898,-70.27983063898,18.291));
#2972 = DIRECTION('',(0.,0.,1.));
#2973 = DIRECTION('',(0.943744424053,0.330675765773,-0.));
#2974 = DEFINITIONAL_REPRESENTATION('',(#2975),#2979);
#2975 = LINE('',#2976,#2977);
#2976 = CARTESIAN_POINT('',(14.093726925626,3.96474642804));
#2977 = VECTOR('',#2978,1.);
#2978 = DIRECTION('',(0.943744424053,-0.330675765773));
#2979 = ( GEOMETRIC_REPRESENTATION_CONTEXT(2) 
PARAMETRIC_REPRESENTATION_CONTEXT() REPRESENTATION_CONTEXT('2D SPACE',''
  ) );
#2980 = ORIENTED_EDGE('',*,*,#2981,.F.);
#2981 = EDGE_CURVE('',#2639,#2955,#2982,.T.);
#2982 = SURFACE_CURVE('',#2983,(#2986,#2992),.PCURVE_S1.);
#2983 = B_SPLINE_CURVE_WITH_KNOTS('',1,(#2984,#2985),.UNSPECIFIED.,.F.,
  .F.,(2,2),(0.,1.),.PIECEWISE_BEZIER_KNOTS.);
#2984 = CARTESIAN_POINT('',(12.06,-61.8075,14.269995));
#2985 = CARTESIAN_POINT('',(11.989830638989,-61.87766936101,18.291));
#2986 = PCURVE('',#1202,#2987);
#2987 = DEFINITIONAL_REPRESENTATION('',(#2988),#2991);
#2988 = B_SPLINE_CURVE_WITH_KNOTS('',1,(#2989,#2990),.UNSPECIFIED.,.F.,
  .F.,(2,2),(4.998750312419E-04,1.),.PIECEWISE_BEZIER_KNOTS.);
#2989 = CARTESIAN_POINT('',(-12.,4.998750312419E-04));
#2990 = CARTESIAN_POINT('',(-12.,1.));
#2991 = ( GEOMETRIC_REPRESENTATION_CONTEXT(2) 
PARAMETRIC_REPRESENTATION_CONTEXT() REPRESENTATION_CONTEXT('2D SPACE',''
  ) );
#2992 = PCURVE('',#2672,#2993);
#2993 = DEFINITIONAL_REPRESENTATION('',(#2994),#2997);
#2994 = B_SPLINE_CURVE_WITH_KNOTS('',1,(#2995,#2996),.UNSPECIFIED.,.F.,
  .F.,(2,2),(4.998750312419E-04,1.),.PIECEWISE_BEZIER_KNOTS.);
#2995 = CARTESIAN_POINT('',(4.25,4.998750312419E-04));
#2996 = CARTESIAN_POINT('',(4.25,1.));
#2997 = ( GEOMETRIC_REPRESENTATION_CONTEXT(2) 
PARAMETRIC_REPRESENTATION_CONTEXT() REPRESENTATION_CONTEXT('2D SPACE',''
  ) );
#2998 = ORIENTED_EDGE('',*,*,#2638,.F.);
#2999 = ORIENTED_EDGE('',*,*,#1188,.T.);
#3000 = ORIENTED_EDGE('',*,*,#2757,.F.);
#3001 = ORIENTED_EDGE('',*,*,#3002,.F.);
#3002 = EDGE_CURVE('',#3003,#2758,#3005,.T.);
#3003 = VERTEX_POINT('',#3004);
#3004 = CARTESIAN_POINT('',(-8.130584744805,-61.85321585607,
    16.889709405487));
#3005 = SURFACE_CURVE('',#3006,(#3009,#3015),.PCURVE_S1.);
#3006 = B_SPLINE_CURVE_WITH_KNOTS('',1,(#3007,#3008),.UNSPECIFIED.,.F.,
  .F.,(2,2),(0.,1.),.PIECEWISE_BEZIER_KNOTS.);
#3007 = CARTESIAN_POINT('',(-8.130584744805,-61.85321585607,
    16.889709405487));
#3008 = CARTESIAN_POINT('',(8.130584744805,-61.85321585607,
    16.889709405487));
#3009 = PCURVE('',#1202,#3010);
#3010 = DEFINITIONAL_REPRESENTATION('',(#3011),#3014);
#3011 = B_SPLINE_CURVE_WITH_KNOTS('',1,(#3012,#3013),.UNSPECIFIED.,.F.,
  .F.,(2,2),(0.,1.),.PIECEWISE_BEZIER_KNOTS.);
#3012 = CARTESIAN_POINT('',(8.120918047957,0.651507373278));
#3013 = CARTESIAN_POINT('',(-8.120918047957,0.651507373278));
#3014 = ( GEOMETRIC_REPRESENTATION_CONTEXT(2) 
PARAMETRIC_REPRESENTATION_CONTEXT() REPRESENTATION_CONTEXT('2D SPACE',''
  ) );
#3015 = PCURVE('',#2899,#3016);
#3016 = DEFINITIONAL_REPRESENTATION('',(#3017),#3020);
#3017 = B_SPLINE_CURVE_WITH_KNOTS('',1,(#3018,#3019),.UNSPECIFIED.,.F.,
  .F.,(2,2),(0.,1.),.PIECEWISE_BEZIER_KNOTS.);
#3018 = CARTESIAN_POINT('',(8.16,0.149712697643));
#3019 = CARTESIAN_POINT('',(-8.16,0.149712697643));
#3020 = ( GEOMETRIC_REPRESENTATION_CONTEXT(2) 
PARAMETRIC_REPRESENTATION_CONTEXT() REPRESENTATION_CONTEXT('2D SPACE',''
  ) );
#3021 = ORIENTED_EDGE('',*,*,#3022,.F.);
#3022 = EDGE_CURVE('',#2460,#3003,#3023,.T.);
#3023 = SURFACE_CURVE('',#3024,(#3063,#3105),.PCURVE_S1.);
#3024 = B_SPLINE_CURVE_WITH_KNOTS('',5,(#3025,#3026,#3027,#3028,#3029,
    #3030,#3031,#3032,#3033,#3034,#3035,#3036,#3037,#3038,#3039,#3040,
    #3041,#3042,#3043,#3044,#3045,#3046,#3047,#3048,#3049,#3050,#3051,
    #3052,#3053,#3054,#3055,#3056,#3057,#3058,#3059,#3060,#3061,#3062),
  .UNSPECIFIED.,.F.,.F.,(6,4,4,4,4,4,4,4,4,6),(0.,1.989783711811E-02,
    0.124421749433,0.232517642866,0.36498991092,0.533658330788,
    0.645533951858,0.761070202648,0.879599682984,1.),.UNSPECIFIED.);
#3025 = CARTESIAN_POINT('',(-10.70987739188,-61.80769291751,14.28105));
#3026 = CARTESIAN_POINT('',(-10.71009089913,-61.8080238862,
    14.300015923667));
#3027 = CARTESIAN_POINT('',(-10.71013098697,-61.80835495454,
    14.318987558341));
#3028 = CARTESIAN_POINT('',(-10.70999744512,-61.80868605721,
    14.337961159421));
#3029 = CARTESIAN_POINT('',(-10.70969022175,-61.80901712869,
    14.356932973657));
#3030 = CARTESIAN_POINT('',(-10.70668377664,-61.81108672273,
    14.475529578873));
#3031 = CARTESIAN_POINT('',(-10.69936818474,-61.812822784,
    14.575013327025));
#3032 = CARTESIAN_POINT('',(-10.68727806757,-61.81454643427,
    14.673785871486));
#3033 = CARTESIAN_POINT('',(-10.67055314056,-61.81624876518,
    14.771336725628));
#3034 = CARTESIAN_POINT('',(-10.62757229039,-61.81965203794,
    14.966358835204));
#3035 = CARTESIAN_POINT('',(-10.60100800473,-61.82135111271,
    15.063723098369));
#3036 = CARTESIAN_POINT('',(-10.56998273636,-61.82301044637,
    15.158810026173));
#3037 = CARTESIAN_POINT('',(-10.53482934508,-61.82462377759,
    15.251260816697));
#3038 = CARTESIAN_POINT('',(-10.44817609504,-61.8281018328,
    15.450568280713));
#3039 = CARTESIAN_POINT('',(-10.39477702538,-61.82994122525,
    15.555973348154));
#3040 = CARTESIAN_POINT('',(-10.33632409443,-61.83169688645,
    15.656580256502));
#3041 = CARTESIAN_POINT('',(-10.27345346124,-61.83336510038,
    15.752176061388));
#3042 = CARTESIAN_POINT('',(-10.12171628237,-61.83695549905,
    15.957921286542));
#3043 = CARTESIAN_POINT('',(-10.03045069882,-61.83882230135,
    16.064897056147));
#3044 = CARTESIAN_POINT('',(-9.934006207509,-61.84054273639,
    16.163485354414));
#3045 = CARTESIAN_POINT('',(-9.833314478198,-61.84211860413,
    16.253789327322));
#3046 = CARTESIAN_POINT('',(-9.659918872818,-61.84450471504,
    16.390523704546));
#3047 = CARTESIAN_POINT('',(-9.589211463989,-61.84539402545,
    16.441485001224));
#3048 = CARTESIAN_POINT('',(-9.517150055539,-61.84622203487,
    16.488933488424));
#3049 = CARTESIAN_POINT('',(-9.443913316669,-61.84698970637,
    16.532924353676));
#3050 = CARTESIAN_POINT('',(-9.29296089898,-61.84842955448,
    16.615433819062));
#3051 = CARTESIAN_POINT('',(-9.215178701928,-61.84909776377,
    16.653725074068));
#3052 = CARTESIAN_POINT('',(-9.136471713721,-61.84970375463,
    16.688450946565));
#3053 = CARTESIAN_POINT('',(-9.056986055838,-61.85024849455,
    16.71966687745));
#3054 = CARTESIAN_POINT('',(-8.894633194558,-61.85122972053,
    16.775895330041));
#3055 = CARTESIAN_POINT('',(-8.81173317144,-61.85166302742,
    16.800725671001));
#3056 = CARTESIAN_POINT('',(-8.728284060409,-61.85203366323,
    16.821964691214));
#3057 = CARTESIAN_POINT('',(-8.644410097901,-61.85234234474,
    16.839653463674));
#3058 = CARTESIAN_POINT('',(-8.474707792177,-61.85284075069,
    16.86821426015));
#3059 = CARTESIAN_POINT('',(-8.388870718737,-61.85302851773,
    16.878974115657));
#3060 = CARTESIAN_POINT('',(-8.302829824091,-61.85315344445,
    16.886132952319));
#3061 = CARTESIAN_POINT('',(-8.216698284769,-61.85321585607,
    16.889709405487));
#3062 = CARTESIAN_POINT('',(-8.130584744805,-61.85321585607,
    16.889709405487));
#3063 = PCURVE('',#1202,#3064);
#3064 = DEFINITIONAL_REPRESENTATION('',(#3065),#3104);
#3065 = B_SPLINE_CURVE_WITH_KNOTS('',5,(#3066,#3067,#3068,#3069,#3070,
    #3071,#3072,#3073,#3074,#3075,#3076,#3077,#3078,#3079,#3080,#3081,
    #3082,#3083,#3084,#3085,#3086,#3087,#3088,#3089,#3090,#3091,#3092,
    #3093,#3094,#3095,#3096,#3097,#3098,#3099,#3100,#3101,#3102,#3103),
  .UNSPECIFIED.,.F.,.F.,(6,4,4,4,4,4,4,4,4,6),(0.,1.989783711811E-02,
    0.124421749433,0.232517642866,0.36498991092,0.533658330788,
    0.645533951858,0.761070202648,0.879599682984,1.),.UNSPECIFIED.);
#3066 = CARTESIAN_POINT('',(10.656764890482,2.749312671832E-03));
#3067 = CARTESIAN_POINT('',(10.65726980258,7.466024953179E-03));
#3068 = CARTESIAN_POINT('',(10.657602278007,1.218415752805E-02));
#3069 = CARTESIAN_POINT('',(10.657762026099,1.690277913625E-02));
#3070 = CARTESIAN_POINT('',(10.657748913708,2.162095636713E-02));
#3071 = CARTESIAN_POINT('',(10.656586172296,5.111522588829E-02));
#3072 = CARTESIAN_POINT('',(10.650839922674,7.585624166731E-02));
#3073 = CARTESIAN_POINT('',(10.640327407757,0.100420385323));
#3074 = CARTESIAN_POINT('',(10.625176418046,0.124680701871));
#3075 = CARTESIAN_POINT('',(10.585367851901,0.173181539243));
#3076 = CARTESIAN_POINT('',(10.56040106716,0.197395451726));
#3077 = CARTESIAN_POINT('',(10.530946264675,0.221043004466));
#3078 = CARTESIAN_POINT('',(10.497327077552,0.244034965561));
#3079 = CARTESIAN_POINT('',(10.413992401337,0.293601545065));
#3080 = CARTESIAN_POINT('',(10.362356115641,0.319815157692));
#3081 = CARTESIAN_POINT('',(10.305589186142,0.344835496723));
#3082 = CARTESIAN_POINT('',(10.244321307122,0.368609604163));
#3083 = CARTESIAN_POINT('',(10.096032012834,0.419777216527));
#3084 = CARTESIAN_POINT('',(10.006557898367,0.446381453429));
#3085 = CARTESIAN_POINT('',(9.911759989041,0.470899776154));
#3086 = CARTESIAN_POINT('',(9.812572046313,0.493357836492));
#3087 = CARTESIAN_POINT('',(9.641448629057,0.527362861908));
#3088 = CARTESIAN_POINT('',(9.571586676096,0.540036632937));
#3089 = CARTESIAN_POINT('',(9.500311565477,0.551836789167));
#3090 = CARTESIAN_POINT('',(9.427803741813,0.562777055407));
#3091 = CARTESIAN_POINT('',(9.278220548331,0.583296668137));
#3092 = CARTESIAN_POINT('',(9.201074949025,0.592819475247));
#3093 = CARTESIAN_POINT('',(9.12294776466,0.601455592959));
#3094 = CARTESIAN_POINT('',(9.043987404753,0.609218809091));
#3095 = CARTESIAN_POINT('',(8.88259305612,0.623202490432));
#3096 = CARTESIAN_POINT('',(8.800123493807,0.629377648374));
#3097 = CARTESIAN_POINT('',(8.717052425824,0.634659666231));
#3098 = CARTESIAN_POINT('',(8.633506517112,0.639058758612));
#3099 = CARTESIAN_POINT('',(8.464369467496,0.646161658628));
#3100 = CARTESIAN_POINT('',(8.378768073661,0.648837570622));
#3101 = CARTESIAN_POINT('',(8.292916154553,0.650617930671));
#3102 = CARTESIAN_POINT('',(8.206929204942,0.651507373278));
#3103 = CARTESIAN_POINT('',(8.120918047957,0.651507373278));
#3104 = ( GEOMETRIC_REPRESENTATION_CONTEXT(2) 
PARAMETRIC_REPRESENTATION_CONTEXT() REPRESENTATION_CONTEXT('2D SPACE',''
  ) );
#3105 = PCURVE('',#2473,#3106);
#3106 = DEFINITIONAL_REPRESENTATION('',(#3107),#3146);
#3107 = B_SPLINE_CURVE_WITH_KNOTS('',5,(#3108,#3109,#3110,#3111,#3112,
    #3113,#3114,#3115,#3116,#3117,#3118,#3119,#3120,#3121,#3122,#3123,
    #3124,#3125,#3126,#3127,#3128,#3129,#3130,#3131,#3132,#3133,#3134,
    #3135,#3136,#3137,#3138,#3139,#3140,#3141,#3142,#3143,#3144,#3145),
  .UNSPECIFIED.,.F.,.F.,(6,4,4,4,4,4,4,4,4,6),(0.,1.989783711811E-02,
    0.124421749433,0.232517642866,0.36498991092,0.533658330788,
    0.645533951858,0.761070202648,0.879599682984,1.),.UNSPECIFIED.);
#3108 = CARTESIAN_POINT('',(3.14159265359,0.176357671927));
#3109 = CARTESIAN_POINT('',(3.134274958113,0.176163953058));
#3110 = CARTESIAN_POINT('',(3.12695592522,0.175970175857));
#3111 = CARTESIAN_POINT('',(3.119636183194,0.175776378571));
#3112 = CARTESIAN_POINT('',(3.112316362887,0.175582599536));
#3113 = CARTESIAN_POINT('',(3.066548786661,0.174371248031));
#3114 = CARTESIAN_POINT('',(3.028113309692,0.17335511618));
#3115 = CARTESIAN_POINT('',(2.989789892386,0.172346248598));
#3116 = CARTESIAN_POINT('',(2.95165887954,0.17134985942));
#3117 = CARTESIAN_POINT('',(2.874642794111,0.16935789409));
#3118 = CARTESIAN_POINT('',(2.8357726946,0.168363410761));
#3119 = CARTESIAN_POINT('',(2.797267698549,0.167392188247));
#3120 = CARTESIAN_POINT('',(2.759176694514,0.166447891368));
#3121 = CARTESIAN_POINT('',(2.675398942266,0.164412155219));
#3122 = CARTESIAN_POINT('',(2.629935852028,0.163335542723));
#3123 = CARTESIAN_POINT('',(2.585192014676,0.162307938859));
#3124 = CARTESIAN_POINT('',(2.541171713339,0.16133151865));
#3125 = CARTESIAN_POINT('',(2.442693412721,0.159230026894));
#3126 = CARTESIAN_POINT('',(2.388676240896,0.158137371171));
#3127 = CARTESIAN_POINT('',(2.335734186046,0.157130385488));
#3128 = CARTESIAN_POINT('',(2.283781809853,0.156208016309));
#3129 = CARTESIAN_POINT('',(2.198818969302,0.154811404717));
#3130 = CARTESIAN_POINT('',(2.16532256657,0.154290883549));
#3131 = CARTESIAN_POINT('',(2.132179386621,0.153806242389));
#3132 = CARTESIAN_POINT('',(2.099357390982,0.153356917548));
#3133 = CARTESIAN_POINT('',(2.03322699367,0.152514161848));
#3134 = CARTESIAN_POINT('',(1.999938156721,0.152123053103));
#3135 = CARTESIAN_POINT('',(1.966922745537,0.151768361349));
#3136 = CARTESIAN_POINT('',(1.934146616587,0.15144952031));
#3137 = CARTESIAN_POINT('',(1.868162917646,0.150875200155));
#3138 = CARTESIAN_POINT('',(1.834966345314,0.150621581843));
#3139 = CARTESIAN_POINT('',(1.801951335624,0.150404645456));
#3140 = CARTESIAN_POINT('',(1.769083343552,0.150223971472));
#3141 = CARTESIAN_POINT('',(1.703057454983,0.149932250105));
#3142 = CARTESIAN_POINT('',(1.669903258603,0.149822348416));
#3143 = CARTESIAN_POINT('',(1.636831275611,0.14974922771));
#3144 = CARTESIAN_POINT('',(1.603806975783,0.149712697643));
#3145 = CARTESIAN_POINT('',(1.570796326795,0.149712697643));
#3146 = ( GEOMETRIC_REPRESENTATION_CONTEXT(2) 
PARAMETRIC_REPRESENTATION_CONTEXT() REPRESENTATION_CONTEXT('2D SPACE',''
  ) );
#3147 = ORIENTED_EDGE('',*,*,#2498,.F.);
#3148 = ADVANCED_FACE('',(#3149),#1269,.T.);
#3149 = FACE_BOUND('',#3150,.T.);
#3150 = EDGE_LOOP('',(#3151,#3152,#3170,#3171));
#3151 = ORIENTED_EDGE('',*,*,#2910,.T.);
#3152 = ORIENTED_EDGE('',*,*,#3153,.T.);
#3153 = EDGE_CURVE('',#2886,#1341,#3154,.T.);
#3154 = SURFACE_CURVE('',#3155,(#3158,#3164),.PCURVE_S1.);
#3155 = B_SPLINE_CURVE_WITH_KNOTS('',1,(#3156,#3157),.UNSPECIFIED.,.F.,
  .F.,(2,2),(0.,1.),.PIECEWISE_BEZIER_KNOTS.);
#3156 = CARTESIAN_POINT('',(7.7318,-60.4005,16.35135));
#3157 = CARTESIAN_POINT('',(9.4604,-60.04875,14.472));
#3158 = PCURVE('',#1269,#3159);
#3159 = DEFINITIONAL_REPRESENTATION('',(#3160),#3163);
#3160 = B_SPLINE_CURVE_WITH_KNOTS('',1,(#3161,#3162),.UNSPECIFIED.,.F.,
  .F.,(2,2),(0.,1.),.PIECEWISE_BEZIER_KNOTS.);
#3161 = CARTESIAN_POINT('',(1.570796326795,0.));
#3162 = CARTESIAN_POINT('',(1.570796326795,1.));
#3163 = ( GEOMETRIC_REPRESENTATION_CONTEXT(2) 
PARAMETRIC_REPRESENTATION_CONTEXT() REPRESENTATION_CONTEXT('2D SPACE',''
  ) );
#3164 = PCURVE('',#1379,#3165);
#3165 = DEFINITIONAL_REPRESENTATION('',(#3166),#3169);
#3166 = B_SPLINE_CURVE_WITH_KNOTS('',1,(#3167,#3168),.UNSPECIFIED.,.F.,
  .F.,(2,2),(0.,1.),.PIECEWISE_BEZIER_KNOTS.);
#3167 = CARTESIAN_POINT('',(-9.413333333333,0.));
#3168 = CARTESIAN_POINT('',(-9.413333333333,1.));
#3169 = ( GEOMETRIC_REPRESENTATION_CONTEXT(2) 
PARAMETRIC_REPRESENTATION_CONTEXT() REPRESENTATION_CONTEXT('2D SPACE',''
  ) );
#3170 = ORIENTED_EDGE('',*,*,#1340,.F.);
#3171 = ORIENTED_EDGE('',*,*,#1255,.F.);
#3172 = ADVANCED_FACE('',(#3173),#1429,.F.);
#3173 = FACE_BOUND('',#3174,.F.);
#3174 = EDGE_LOOP('',(#3175,#3176,#3177,#3178));
#3175 = ORIENTED_EDGE('',*,*,#1415,.T.);
#3176 = ORIENTED_EDGE('',*,*,#1444,.T.);
#3177 = ORIENTED_EDGE('',*,*,#1491,.T.);
#3178 = ORIENTED_EDGE('',*,*,#3179,.T.);
#3179 = EDGE_CURVE('',#1492,#1391,#3180,.T.);
#3180 = SURFACE_CURVE('',#3181,(#3184,#3190),.PCURVE_S1.);
#3181 = B_SPLINE_CURVE_WITH_KNOTS('',1,(#3182,#3183),.UNSPECIFIED.,.F.,
  .F.,(2,2),(0.,1.),.PIECEWISE_BEZIER_KNOTS.);
#3182 = CARTESIAN_POINT('',(7.085214939499,-25.1752850605,14.272005));
#3183 = CARTESIAN_POINT('',(7.085214939499,-62.30996493949,14.272005));
#3184 = PCURVE('',#1429,#3185);
#3185 = DEFINITIONAL_REPRESENTATION('',(#3186),#3189);
#3186 = B_SPLINE_CURVE_WITH_KNOTS('',1,(#3187,#3188),.UNSPECIFIED.,.F.,
  .F.,(2,2),(0.,1.),.PIECEWISE_BEZIER_KNOTS.);
#3187 = CARTESIAN_POINT('',(39.746561237911,2.025677605388E-05));
#3188 = CARTESIAN_POINT('',(5.052101125084,-13.23927304744));
#3189 = ( GEOMETRIC_REPRESENTATION_CONTEXT(2) 
PARAMETRIC_REPRESENTATION_CONTEXT() REPRESENTATION_CONTEXT('2D SPACE',''
  ) );
#3190 = PCURVE('',#1404,#3191);
#3191 = DEFINITIONAL_REPRESENTATION('',(#3192),#3195);
#3192 = B_SPLINE_CURVE_WITH_KNOTS('',1,(#3193,#3194),.UNSPECIFIED.,.F.,
  .F.,(2,2),(0.331529607223,0.939107730379),.PIECEWISE_BEZIER_KNOTS.);
#3193 = CARTESIAN_POINT('',(6.224981013111,1.378359751895E-03));
#3194 = CARTESIAN_POINT('',(-16.22503063748,1.378359751895E-03));
#3195 = ( GEOMETRIC_REPRESENTATION_CONTEXT(2) 
PARAMETRIC_REPRESENTATION_CONTEXT() REPRESENTATION_CONTEXT('2D SPACE',''
  ) );
#3196 = ADVANCED_FACE('',(#3197),#1404,.F.);
#3197 = FACE_BOUND('',#3198,.F.);
#3198 = EDGE_LOOP('',(#3199,#3221,#3257,#3258,#3259,#3260,#3278,#3279,
    #3297));
#3199 = ORIENTED_EDGE('',*,*,#3200,.F.);
#3200 = EDGE_CURVE('',#3201,#1850,#3203,.T.);
#3201 = VERTEX_POINT('',#3202);
#3202 = CARTESIAN_POINT('',(7.059813606633,-60.28387700534,15.72825));
#3203 = SURFACE_CURVE('',#3204,(#3208,#3214),.PCURVE_S1.);
#3204 = LINE('',#3205,#3206);
#3205 = CARTESIAN_POINT('',(7.059813606633,-43.742625,15.72825));
#3206 = VECTOR('',#3207,1.);
#3207 = DIRECTION('',(0.,1.,0.));
#3208 = PCURVE('',#1404,#3209);
#3209 = DEFINITIONAL_REPRESENTATION('',(#3210),#3213);
#3210 = B_SPLINE_CURVE_WITH_KNOTS('',1,(#3211,#3212),.UNSPECIFIED.,.F.,
  .F.,(2,2),(-16.54125200534,8.642687475599),.PIECEWISE_BEZIER_KNOTS.);
#3211 = CARTESIAN_POINT('',(-16.48153611561,1.));
#3212 = CARTESIAN_POINT('',(8.611486344506,1.));
#3213 = ( GEOMETRIC_REPRESENTATION_CONTEXT(2) 
PARAMETRIC_REPRESENTATION_CONTEXT() REPRESENTATION_CONTEXT('2D SPACE',''
  ) );
#3214 = PCURVE('',#1890,#3215);
#3215 = DEFINITIONAL_REPRESENTATION('',(#3216),#3220);
#3216 = LINE('',#3217,#3218);
#3217 = CARTESIAN_POINT('',(22.352560588493,-6.597756821187));
#3218 = VECTOR('',#3219,1.);
#3219 = DIRECTION('',(0.934551135314,0.355828857012));
#3220 = ( GEOMETRIC_REPRESENTATION_CONTEXT(2) 
PARAMETRIC_REPRESENTATION_CONTEXT() REPRESENTATION_CONTEXT('2D SPACE',''
  ) );
#3221 = ORIENTED_EDGE('',*,*,#3222,.F.);
#3222 = EDGE_CURVE('',#1364,#3201,#3223,.T.);
#3223 = SURFACE_CURVE('',#3224,(#3233,#3245),.PCURVE_S1.);
#3224 = B_SPLINE_CURVE_WITH_KNOTS('',4,(#3225,#3226,#3227,#3228,#3229,
    #3230,#3231,#3232),.UNSPECIFIED.,.F.,.F.,(5,3,5),(0.,0.541395218072,
    1.),.UNSPECIFIED.);
#3225 = CARTESIAN_POINT('',(7.081726419665,-60.04875,14.472));
#3226 = CARTESIAN_POINT('',(7.078673259545,-60.08151075941,
    14.647036057434));
#3227 = CARTESIAN_POINT('',(7.075647396442,-60.11397861869,
    14.820507191325));
#3228 = CARTESIAN_POINT('',(7.072652019847,-60.14611935423,
    14.992230549777));
#3229 = CARTESIAN_POINT('',(7.067182452177,-60.20480844472,
    15.305797976085));
#3230 = CARTESIAN_POINT('',(7.064698601499,-60.23146044831,
    15.448195823865));
#3231 = CARTESIAN_POINT('',(7.062241517376,-60.2578252437,
    15.589059159199));
#3232 = CARTESIAN_POINT('',(7.059813606633,-60.28387700534,15.72825));
#3233 = PCURVE('',#1404,#3234);
#3234 = DEFINITIONAL_REPRESENTATION('',(#3235),#3244);
#3235 = B_SPLINE_CURVE_WITH_KNOTS('',4,(#3236,#3237,#3238,#3239,#3240,
    #3241,#3242,#3243),.UNSPECIFIED.,.F.,.F.,(5,3,5),(0.,0.541395218072,
    1.),.UNSPECIFIED.);
#3236 = CARTESIAN_POINT('',(-16.228079646,0.138525155065));
#3237 = CARTESIAN_POINT('',(-16.26335260433,0.258556327552));
#3238 = CARTESIAN_POINT('',(-16.2983256715,0.377514351965));
#3239 = CARTESIAN_POINT('',(-16.33296139495,0.495273837413));
#3240 = CARTESIAN_POINT('',(-16.39623296669,0.710303051308));
#3241 = CARTESIAN_POINT('',(-16.42497643765,0.807952534958));
#3242 = CARTESIAN_POINT('',(-16.45342028554,0.904549724979));
#3243 = CARTESIAN_POINT('',(-16.48153611561,1.));
#3244 = ( GEOMETRIC_REPRESENTATION_CONTEXT(2) 
PARAMETRIC_REPRESENTATION_CONTEXT() REPRESENTATION_CONTEXT('2D SPACE',''
  ) );
#3245 = PCURVE('',#1379,#3246);
#3246 = DEFINITIONAL_REPRESENTATION('',(#3247),#3256);
#3247 = B_SPLINE_CURVE_WITH_KNOTS('',4,(#3248,#3249,#3250,#3251,#3252,
    #3253,#3254,#3255),.UNSPECIFIED.,.F.,.F.,(5,3,5),(0.,0.541395218072,
    1.),.UNSPECIFIED.);
#3248 = CARTESIAN_POINT('',(-7.046493949915,1.));
#3249 = CARTESIAN_POINT('',(-7.163372345034,0.906863512686));
#3250 = CARTESIAN_POINT('',(-7.284508999293,0.814559719411));
#3251 = CARTESIAN_POINT('',(-7.410113484977,0.723185915462));
#3252 = CARTESIAN_POINT('',(-7.650689884987,0.556337044143));
#3253 = CARTESIAN_POINT('',(-7.764349658228,0.480567311116));
#3254 = CARTESIAN_POINT('',(-7.881445453589,0.405614090398));
#3255 = CARTESIAN_POINT('',(-8.002050473744,0.331550802143));
#3256 = ( GEOMETRIC_REPRESENTATION_CONTEXT(2) 
PARAMETRIC_REPRESENTATION_CONTEXT() REPRESENTATION_CONTEXT('2D SPACE',''
  ) );
#3257 = ORIENTED_EDGE('',*,*,#1390,.F.);
#3258 = ORIENTED_EDGE('',*,*,#3179,.F.);
#3259 = ORIENTED_EDGE('',*,*,#1514,.T.);
#3260 = ORIENTED_EDGE('',*,*,#3261,.F.);
#3261 = EDGE_CURVE('',#1647,#1515,#3262,.T.);
#3262 = SURFACE_CURVE('',#3263,(#3266,#3272),.PCURVE_S1.);
#3263 = B_SPLINE_CURVE_WITH_KNOTS('',1,(#3264,#3265),.UNSPECIFIED.,.F.,
  .F.,(2,2),(0.,1.),.PIECEWISE_BEZIER_KNOTS.);
#3264 = CARTESIAN_POINT('',(7.061566631676,-35.22059385524,15.62775));
#3265 = CARTESIAN_POINT('',(7.061566631676,-37.48668076317,15.62775));
#3266 = PCURVE('',#1404,#3267);
#3267 = DEFINITIONAL_REPRESENTATION('',(#3268),#3271);
#3268 = B_SPLINE_CURVE_WITH_KNOTS('',1,(#3269,#3270),.UNSPECIFIED.,.F.,
  .F.,(2,2),(2.41848510591E-03,0.997454226204),
  .PIECEWISE_BEZIER_KNOTS.);
#3269 = CARTESIAN_POINT('',(8.485002680939,0.931082012405));
#3270 = CARTESIAN_POINT('',(6.238517838081,0.931082012405));
#3271 = ( GEOMETRIC_REPRESENTATION_CONTEXT(2) 
PARAMETRIC_REPRESENTATION_CONTEXT() REPRESENTATION_CONTEXT('2D SPACE',''
  ) );
#3272 = PCURVE('',#1559,#3273);
#3273 = DEFINITIONAL_REPRESENTATION('',(#3274),#3277);
#3274 = B_SPLINE_CURVE_WITH_KNOTS('',1,(#3275,#3276),.UNSPECIFIED.,.F.,
  .F.,(2,2),(0.,1.),.PIECEWISE_BEZIER_KNOTS.);
#3275 = CARTESIAN_POINT('',(-0.129394070855,1.133896370602));
#3276 = CARTESIAN_POINT('',(-0.129394070855,-1.132190537332));
#3277 = ( GEOMETRIC_REPRESENTATION_CONTEXT(2) 
PARAMETRIC_REPRESENTATION_CONTEXT() REPRESENTATION_CONTEXT('2D SPACE',''
  ) );
#3278 = ORIENTED_EDGE('',*,*,#1669,.F.);
#3279 = ORIENTED_EDGE('',*,*,#3280,.F.);
#3280 = EDGE_CURVE('',#1830,#1670,#3281,.T.);
#3281 = SURFACE_CURVE('',#3282,(#3285,#3291),.PCURVE_S1.);
#3282 = B_SPLINE_CURVE_WITH_KNOTS('',1,(#3283,#3284),.UNSPECIFIED.,.F.,
  .F.,(2,2),(0.,1.),.PIECEWISE_BEZIER_KNOTS.);
#3283 = CARTESIAN_POINT('',(7.085214939499,-25.1752850605,14.272005));
#3284 = CARTESIAN_POINT('',(7.085214939499,-62.30996493949,14.272005));
#3285 = PCURVE('',#1404,#3286);
#3286 = DEFINITIONAL_REPRESENTATION('',(#3287),#3290);
#3287 = B_SPLINE_CURVE_WITH_KNOTS('',1,(#3288,#3289),.UNSPECIFIED.,.F.,
  .F.,(2,2),(0.266576958084,0.270499463636),.PIECEWISE_BEZIER_KNOTS.);
#3288 = CARTESIAN_POINT('',(8.624981398804,1.378359751895E-03));
#3289 = CARTESIAN_POINT('',(8.480044818664,1.378359751895E-03));
#3290 = ( GEOMETRIC_REPRESENTATION_CONTEXT(2) 
PARAMETRIC_REPRESENTATION_CONTEXT() REPRESENTATION_CONTEXT('2D SPACE',''
  ) );
#3291 = PCURVE('',#1720,#3292);
#3292 = DEFINITIONAL_REPRESENTATION('',(#3293),#3296);
#3293 = B_SPLINE_CURVE_WITH_KNOTS('',1,(#3294,#3295),.UNSPECIFIED.,.F.,
  .F.,(2,2),(0.,1.),.PIECEWISE_BEZIER_KNOTS.);
#3294 = CARTESIAN_POINT('',(39.746561237911,2.025677605388E-05));
#3295 = CARTESIAN_POINT('',(5.052101125084,-13.23927304744));
#3296 = ( GEOMETRIC_REPRESENTATION_CONTEXT(2) 
PARAMETRIC_REPRESENTATION_CONTEXT() REPRESENTATION_CONTEXT('2D SPACE',''
  ) );
#3297 = ORIENTED_EDGE('',*,*,#1849,.T.);
#3298 = ADVANCED_FACE('',(#3299),#1379,.T.);
#3299 = FACE_BOUND('',#3300,.T.);
#3300 = EDGE_LOOP('',(#3301,#3322,#3340,#3341,#3379,#3397,#3398,#3399));
#3301 = ORIENTED_EDGE('',*,*,#3302,.F.);
#3302 = EDGE_CURVE('',#3303,#2886,#3305,.T.);
#3303 = VERTEX_POINT('',#3304);
#3304 = CARTESIAN_POINT('',(-7.7318,-60.4005,16.35135));
#3305 = SURFACE_CURVE('',#3306,(#3310,#3316),.PCURVE_S1.);
#3306 = LINE('',#3307,#3308);
#3307 = CARTESIAN_POINT('',(0.,-60.4005,16.35135));
#3308 = VECTOR('',#3309,1.);
#3309 = DIRECTION('',(1.,0.,0.));
#3310 = PCURVE('',#1379,#3311);
#3311 = DEFINITIONAL_REPRESENTATION('',(#3312),#3315);
#3312 = B_SPLINE_CURVE_WITH_KNOTS('',1,(#3313,#3314),.UNSPECIFIED.,.F.,
  .F.,(2,2),(-7.7318,7.7318),.PIECEWISE_BEZIER_KNOTS.);
#3313 = CARTESIAN_POINT('',(9.413333333333,0.));
#3314 = CARTESIAN_POINT('',(-9.413333333333,0.));
#3315 = ( GEOMETRIC_REPRESENTATION_CONTEXT(2) 
PARAMETRIC_REPRESENTATION_CONTEXT() REPRESENTATION_CONTEXT('2D SPACE',''
  ) );
#3316 = PCURVE('',#2899,#3317);
#3317 = DEFINITIONAL_REPRESENTATION('',(#3318),#3321);
#3318 = B_SPLINE_CURVE_WITH_KNOTS('',1,(#3319,#3320),.UNSPECIFIED.,.F.,
  .F.,(2,2),(-7.7318,7.7318),.PIECEWISE_BEZIER_KNOTS.);
#3319 = CARTESIAN_POINT('',(8.16,1.));
#3320 = CARTESIAN_POINT('',(-8.16,1.));
#3321 = ( GEOMETRIC_REPRESENTATION_CONTEXT(2) 
PARAMETRIC_REPRESENTATION_CONTEXT() REPRESENTATION_CONTEXT('2D SPACE',''
  ) );
#3322 = ORIENTED_EDGE('',*,*,#3323,.T.);
#3323 = EDGE_CURVE('',#3303,#2347,#3324,.T.);
#3324 = SURFACE_CURVE('',#3325,(#3328,#3334),.PCURVE_S1.);
#3325 = B_SPLINE_CURVE_WITH_KNOTS('',1,(#3326,#3327),.UNSPECIFIED.,.F.,
  .F.,(2,2),(0.,1.),.PIECEWISE_BEZIER_KNOTS.);
#3326 = CARTESIAN_POINT('',(-7.7318,-60.4005,16.35135));
#3327 = CARTESIAN_POINT('',(-9.4604,-60.04875,14.472));
#3328 = PCURVE('',#1379,#3329);
#3329 = DEFINITIONAL_REPRESENTATION('',(#3330),#3333);
#3330 = B_SPLINE_CURVE_WITH_KNOTS('',1,(#3331,#3332),.UNSPECIFIED.,.F.,
  .F.,(2,2),(0.,1.),.PIECEWISE_BEZIER_KNOTS.);
#3331 = CARTESIAN_POINT('',(9.413333333333,0.));
#3332 = CARTESIAN_POINT('',(9.413333333333,1.));
#3333 = ( GEOMETRIC_REPRESENTATION_CONTEXT(2) 
PARAMETRIC_REPRESENTATION_CONTEXT() REPRESENTATION_CONTEXT('2D SPACE',''
  ) );
#3334 = PCURVE('',#2383,#3335);
#3335 = DEFINITIONAL_REPRESENTATION('',(#3336),#3339);
#3336 = B_SPLINE_CURVE_WITH_KNOTS('',1,(#3337,#3338),.UNSPECIFIED.,.F.,
  .F.,(2,2),(0.,1.),.PIECEWISE_BEZIER_KNOTS.);
#3337 = CARTESIAN_POINT('',(1.570796326795,0.));
#3338 = CARTESIAN_POINT('',(1.570796326795,1.));
#3339 = ( GEOMETRIC_REPRESENTATION_CONTEXT(2) 
PARAMETRIC_REPRESENTATION_CONTEXT() REPRESENTATION_CONTEXT('2D SPACE',''
  ) );
#3340 = ORIENTED_EDGE('',*,*,#2346,.T.);
#3341 = ORIENTED_EDGE('',*,*,#3342,.F.);
#3342 = EDGE_CURVE('',#3343,#2322,#3345,.T.);
#3343 = VERTEX_POINT('',#3344);
#3344 = CARTESIAN_POINT('',(-7.059813606633,-60.28387700534,15.72825));
#3345 = SURFACE_CURVE('',#3346,(#3355,#3367),.PCURVE_S1.);
#3346 = B_SPLINE_CURVE_WITH_KNOTS('',4,(#3347,#3348,#3349,#3350,#3351,
    #3352,#3353,#3354),.UNSPECIFIED.,.F.,.F.,(5,3,5),(0.,0.50932974212,
    1.),.UNSPECIFIED.);
#3347 = CARTESIAN_POINT('',(-7.059813606633,-60.28387700534,15.72825));
#3348 = CARTESIAN_POINT('',(-7.062510061538,-60.25494373394,
    15.57366366421));
#3349 = CARTESIAN_POINT('',(-7.065242501692,-60.22562433666,
    15.41701431304));
#3350 = CARTESIAN_POINT('',(-7.068007625807,-60.19595423672,
    15.258491207654));
#3351 = CARTESIAN_POINT('',(-7.073494758192,-60.13707667482,
    14.943916805494));
#3352 = CARTESIAN_POINT('',(-7.076214641513,-60.10789201381,
    14.787987330931));
#3353 = CARTESIAN_POINT('',(-7.07895931942,-60.07844130403,
    14.63063639586));
#3354 = CARTESIAN_POINT('',(-7.081726419665,-60.04875,14.472));
#3355 = PCURVE('',#1379,#3356);
#3356 = DEFINITIONAL_REPRESENTATION('',(#3357),#3366);
#3357 = B_SPLINE_CURVE_WITH_KNOTS('',4,(#3358,#3359,#3360,#3361,#3362,
    #3363,#3364,#3365),.UNSPECIFIED.,.F.,.F.,(5,3,5),(0.,0.50932974212,
    1.),.UNSPECIFIED.);
#3358 = CARTESIAN_POINT('',(8.0020504737,0.33155080217));
#3359 = CARTESIAN_POINT('',(7.868105634085,0.413806015741));
#3360 = CARTESIAN_POINT('',(7.738489400693,0.497158957647));
#3361 = CARTESIAN_POINT('',(7.613101014475,0.581508921867));
#3362 = CARTESIAN_POINT('',(7.374926079136,0.748893603909));
#3363 = CARTESIAN_POINT('',(7.261847127329,0.831863500183));
#3364 = CARTESIAN_POINT('',(7.152421606467,0.915589753979));
#3365 = CARTESIAN_POINT('',(7.046493949915,1.));
#3366 = ( GEOMETRIC_REPRESENTATION_CONTEXT(2) 
PARAMETRIC_REPRESENTATION_CONTEXT() REPRESENTATION_CONTEXT('2D SPACE',''
  ) );
#3367 = PCURVE('',#2335,#3368);
#3368 = DEFINITIONAL_REPRESENTATION('',(#3369),#3378);
#3369 = B_SPLINE_CURVE_WITH_KNOTS('',4,(#3370,#3371,#3372,#3373,#3374,
    #3375,#3376,#3377),.UNSPECIFIED.,.F.,.F.,(5,3,5),(0.,0.50932974212,
    1.),.UNSPECIFIED.);
#3370 = CARTESIAN_POINT('',(16.481536115618,1.));
#3371 = CARTESIAN_POINT('',(16.450310475163,0.893992247042));
#3372 = CARTESIAN_POINT('',(16.418680225596,0.786569778976));
#3373 = CARTESIAN_POINT('',(16.386684313148,0.677862381857));
#3374 = CARTESIAN_POINT('',(16.32321715976,0.462142633143));
#3375 = CARTESIAN_POINT('',(16.291769563549,0.355213821267));
#3376 = CARTESIAN_POINT('',(16.260047773364,0.247310241254));
#3377 = CARTESIAN_POINT('',(16.228079646009,0.138525155065));
#3378 = ( GEOMETRIC_REPRESENTATION_CONTEXT(2) 
PARAMETRIC_REPRESENTATION_CONTEXT() REPRESENTATION_CONTEXT('2D SPACE',''
  ) );
#3379 = ORIENTED_EDGE('',*,*,#3380,.T.);
#3380 = EDGE_CURVE('',#3343,#3201,#3381,.T.);
#3381 = SURFACE_CURVE('',#3382,(#3385,#3391),.PCURVE_S1.);
#3382 = B_SPLINE_CURVE_WITH_KNOTS('',1,(#3383,#3384),.UNSPECIFIED.,.F.,
  .F.,(2,2),(0.,1.),.PIECEWISE_BEZIER_KNOTS.);
#3383 = CARTESIAN_POINT('',(-8.304918716578,-60.28387700534,15.72825));
#3384 = CARTESIAN_POINT('',(7.649619759534,-60.28387700534,15.72825));
#3385 = PCURVE('',#1379,#3386);
#3386 = DEFINITIONAL_REPRESENTATION('',(#3387),#3390);
#3387 = B_SPLINE_CURVE_WITH_KNOTS('',1,(#3388,#3389),.UNSPECIFIED.,.F.,
  .F.,(2,2),(7.80408102565E-02,0.963032076811),
  .PIECEWISE_BEZIER_KNOTS.);
#3388 = CARTESIAN_POINT('',(8.00205047375,0.331550802139));
#3389 = CARTESIAN_POINT('',(-8.00205047375,0.331550802139));
#3390 = ( GEOMETRIC_REPRESENTATION_CONTEXT(2) 
PARAMETRIC_REPRESENTATION_CONTEXT() REPRESENTATION_CONTEXT('2D SPACE',''
  ) );
#3391 = PCURVE('',#1890,#3392);
#3392 = DEFINITIONAL_REPRESENTATION('',(#3393),#3396);
#3393 = B_SPLINE_CURVE_WITH_KNOTS('',1,(#3394,#3395),.UNSPECIFIED.,.F.,
  .F.,(2,2),(0.,1.),.PIECEWISE_BEZIER_KNOTS.);
#3394 = CARTESIAN_POINT('',(1.426699606509,1.875516420659));
#3395 = CARTESIAN_POINT('',(7.103784796619,-13.0348156256));
#3396 = ( GEOMETRIC_REPRESENTATION_CONTEXT(2) 
PARAMETRIC_REPRESENTATION_CONTEXT() REPRESENTATION_CONTEXT('2D SPACE',''
  ) );
#3397 = ORIENTED_EDGE('',*,*,#3222,.F.);
#3398 = ORIENTED_EDGE('',*,*,#1363,.T.);
#3399 = ORIENTED_EDGE('',*,*,#3153,.F.);
#3400 = ADVANCED_FACE('',(#3401),#1559,.F.);
#3401 = FACE_BOUND('',#3402,.F.);
#3402 = EDGE_LOOP('',(#3403,#3404,#3405,#3406));
#3403 = ORIENTED_EDGE('',*,*,#3261,.T.);
#3404 = ORIENTED_EDGE('',*,*,#1543,.T.);
#3405 = ORIENTED_EDGE('',*,*,#1620,.T.);
#3406 = ORIENTED_EDGE('',*,*,#1646,.T.);
#3407 = ADVANCED_FACE('',(#3408),#1720,.F.);
#3408 = FACE_BOUND('',#3409,.F.);
#3409 = EDGE_LOOP('',(#3410,#3411,#3412,#3413));
#3410 = ORIENTED_EDGE('',*,*,#1704,.T.);
#3411 = ORIENTED_EDGE('',*,*,#1753,.T.);
#3412 = ORIENTED_EDGE('',*,*,#1829,.T.);
#3413 = ORIENTED_EDGE('',*,*,#3280,.T.);
#3414 = ADVANCED_FACE('',(#3415,#3493),#1890,.F.);
#3415 = FACE_BOUND('',#3416,.F.);
#3416 = EDGE_LOOP('',(#3417,#3439,#3440,#3441,#3442,#3443,#3444,#3445,
    #3446,#3468));
#3417 = ORIENTED_EDGE('',*,*,#3418,.F.);
#3418 = EDGE_CURVE('',#3343,#3419,#3421,.T.);
#3419 = VERTEX_POINT('',#3420);
#3420 = CARTESIAN_POINT('',(-7.059813606633,-25.20068639336,15.72825));
#3421 = SURFACE_CURVE('',#3422,(#3426,#3433),.PCURVE_S1.);
#3422 = LINE('',#3423,#3424);
#3423 = CARTESIAN_POINT('',(-7.059813606633,-43.742625,15.72825));
#3424 = VECTOR('',#3425,1.);
#3425 = DIRECTION('',(0.,1.,0.));
#3426 = PCURVE('',#1890,#3427);
#3427 = DEFINITIONAL_REPRESENTATION('',(#3428),#3432);
#3428 = LINE('',#3429,#3430);
#3429 = CARTESIAN_POINT('',(17.328389775759,6.597756821187));
#3430 = VECTOR('',#3431,1.);
#3431 = DIRECTION('',(0.934551135314,0.355828857012));
#3432 = ( GEOMETRIC_REPRESENTATION_CONTEXT(2) 
PARAMETRIC_REPRESENTATION_CONTEXT() REPRESENTATION_CONTEXT('2D SPACE',''
  ) );
#3433 = PCURVE('',#2335,#3434);
#3434 = DEFINITIONAL_REPRESENTATION('',(#3435),#3438);
#3435 = B_SPLINE_CURVE_WITH_KNOTS('',1,(#3436,#3437),.UNSPECIFIED.,.F.,
  .F.,(2,2),(-16.54125200534,18.541938606633),.PIECEWISE_BEZIER_KNOTS.);
#3436 = CARTESIAN_POINT('',(16.481536115618,1.));
#3437 = CARTESIAN_POINT('',(-18.475,1.));
#3438 = ( GEOMETRIC_REPRESENTATION_CONTEXT(2) 
PARAMETRIC_REPRESENTATION_CONTEXT() REPRESENTATION_CONTEXT('2D SPACE',''
  ) );
#3439 = ORIENTED_EDGE('',*,*,#3380,.T.);
#3440 = ORIENTED_EDGE('',*,*,#3200,.T.);
#3441 = ORIENTED_EDGE('',*,*,#1878,.T.);
#3442 = ORIENTED_EDGE('',*,*,#1926,.T.);
#3443 = ORIENTED_EDGE('',*,*,#1969,.T.);
#3444 = ORIENTED_EDGE('',*,*,#2012,.T.);
#3445 = ORIENTED_EDGE('',*,*,#2058,.T.);
#3446 = ORIENTED_EDGE('',*,*,#3447,.T.);
#3447 = EDGE_CURVE('',#2059,#3448,#3450,.T.);
#3448 = VERTEX_POINT('',#3449);
#3449 = CARTESIAN_POINT('',(7.059813606633,-25.20068639336,15.72825));
#3450 = SURFACE_CURVE('',#3451,(#3455,#3462),.PCURVE_S1.);
#3451 = LINE('',#3452,#3453);
#3452 = CARTESIAN_POINT('',(7.059813606633,-43.742625,15.72825));
#3453 = VECTOR('',#3454,1.);
#3454 = DIRECTION('',(0.,1.,0.));
#3455 = PCURVE('',#1890,#3456);
#3456 = DEFINITIONAL_REPRESENTATION('',(#3457),#3461);
#3457 = LINE('',#3458,#3459);
#3458 = CARTESIAN_POINT('',(22.352560588493,-6.597756821187));
#3459 = VECTOR('',#3460,1.);
#3460 = DIRECTION('',(0.934551135314,0.355828857012));
#3461 = ( GEOMETRIC_REPRESENTATION_CONTEXT(2) 
PARAMETRIC_REPRESENTATION_CONTEXT() REPRESENTATION_CONTEXT('2D SPACE',''
  ) );
#3462 = PCURVE('',#2098,#3463);
#3463 = DEFINITIONAL_REPRESENTATION('',(#3464),#3467);
#3464 = B_SPLINE_CURVE_WITH_KNOTS('',1,(#3465,#3466),.UNSPECIFIED.,.F.,
  .F.,(2,2),(9.196062524401,18.541938606633),.PIECEWISE_BEZIER_KNOTS.);
#3465 = CARTESIAN_POINT('',(9.162863643477,1.));
#3466 = CARTESIAN_POINT('',(18.475,1.));
#3467 = ( GEOMETRIC_REPRESENTATION_CONTEXT(2) 
PARAMETRIC_REPRESENTATION_CONTEXT() REPRESENTATION_CONTEXT('2D SPACE',''
  ) );
#3468 = ORIENTED_EDGE('',*,*,#3469,.F.);
#3469 = EDGE_CURVE('',#3419,#3448,#3470,.T.);
#3470 = SURFACE_CURVE('',#3471,(#3475,#3482),.PCURVE_S1.);
#3471 = LINE('',#3472,#3473);
#3472 = CARTESIAN_POINT('',(0.,-25.20068639336,15.72825));
#3473 = VECTOR('',#3474,1.);
#3474 = DIRECTION('',(1.,0.,0.));
#3475 = PCURVE('',#1890,#3476);
#3476 = DEFINITIONAL_REPRESENTATION('',(#3477),#3481);
#3477 = LINE('',#3478,#3479);
#3478 = CARTESIAN_POINT('',(37.168864957885,6.597756821187));
#3479 = VECTOR('',#3480,1.);
#3480 = DIRECTION('',(0.355828857012,-0.934551135314));
#3481 = ( GEOMETRIC_REPRESENTATION_CONTEXT(2) 
PARAMETRIC_REPRESENTATION_CONTEXT() REPRESENTATION_CONTEXT('2D SPACE',''
  ) );
#3482 = PCURVE('',#3483,#3488);
#3483 = B_SPLINE_SURFACE_WITH_KNOTS('',1,1,(
    (#3484,#3485)
    ,(#3486,#3487
    )),.UNSPECIFIED.,.F.,.F.,.F.,(2,2),(2,2),(-7.05,7.05),(0.,1.),
  .PIECEWISE_BEZIER_KNOTS.);
#3484 = CARTESIAN_POINT('',(7.08525,-25.17525,14.269995));
#3485 = CARTESIAN_POINT('',(7.059813606633,-25.20068639336,15.72825));
#3486 = CARTESIAN_POINT('',(-7.08525,-25.17525,14.269995));
#3487 = CARTESIAN_POINT('',(-7.059813606633,-25.20068639336,15.72825));
#3488 = DEFINITIONAL_REPRESENTATION('',(#3489),#3492);
#3489 = B_SPLINE_CURVE_WITH_KNOTS('',1,(#3490,#3491),.UNSPECIFIED.,.F.,
  .F.,(2,2),(-7.059813606633,7.059813606633),.PIECEWISE_BEZIER_KNOTS.);
#3490 = CARTESIAN_POINT('',(7.05,1.));
#3491 = CARTESIAN_POINT('',(-7.05,1.));
#3492 = ( GEOMETRIC_REPRESENTATION_CONTEXT(2) 
PARAMETRIC_REPRESENTATION_CONTEXT() REPRESENTATION_CONTEXT('2D SPACE',''
  ) );
#3493 = FACE_BOUND('',#3494,.F.);
#3494 = EDGE_LOOP('',(#3495,#3522,#3547,#3572,#3597,#3622,#3642,#3667));
#3495 = ORIENTED_EDGE('',*,*,#3496,.T.);
#3496 = EDGE_CURVE('',#3497,#3499,#3501,.T.);
#3497 = VERTEX_POINT('',#3498);
#3498 = CARTESIAN_POINT('',(3.074898287139,-26.17060171286,15.72825));
#3499 = VERTEX_POINT('',#3500);
#3500 = CARTESIAN_POINT('',(3.074898287139,-54.39291923076,15.72825));
#3501 = SURFACE_CURVE('',#3502,(#3505,#3511),.PCURVE_S1.);
#3502 = B_SPLINE_CURVE_WITH_KNOTS('',1,(#3503,#3504),.UNSPECIFIED.,.F.,
  .F.,(2,2),(0.,1.),.PIECEWISE_BEZIER_KNOTS.);
#3503 = CARTESIAN_POINT('',(3.074898287139,-26.17060171286,15.72825));
#3504 = CARTESIAN_POINT('',(3.074898287139,-56.44039828713,15.72825));
#3505 = PCURVE('',#1890,#3506);
#3506 = DEFINITIONAL_REPRESENTATION('',(#3507),#3510);
#3507 = B_SPLINE_CURVE_WITH_KNOTS('',1,(#3508,#3509),.UNSPECIFIED.,.F.,
  .F.,(2,2),(0.,1.),.PIECEWISE_BEZIER_KNOTS.);
#3508 = CARTESIAN_POINT('',(37.356567037834,3.378983276431));
#3509 = CARTESIAN_POINT('',(9.067894283607,-7.391883840584));
#3510 = ( GEOMETRIC_REPRESENTATION_CONTEXT(2) 
PARAMETRIC_REPRESENTATION_CONTEXT() REPRESENTATION_CONTEXT('2D SPACE',''
  ) );
#3511 = PCURVE('',#3512,#3517);
#3512 = B_SPLINE_SURFACE_WITH_KNOTS('',1,1,(
    (#3513,#3514)
    ,(#3515,#3516
    )),.UNSPECIFIED.,.F.,.F.,.F.,(2,2),(2,2),(-15.0613457922,
    15.061345792203),(0.,1.),.PIECEWISE_BEZIER_KNOTS.);
#3513 = CARTESIAN_POINT('',(3.06525,-56.43075,15.1755));
#3514 = CARTESIAN_POINT('',(3.076652521164,-56.44215252116,15.82875));
#3515 = CARTESIAN_POINT('',(3.06525,-26.18025,15.1755));
#3516 = CARTESIAN_POINT('',(3.076652521164,-26.16884747883,15.82875));
#3517 = DEFINITIONAL_REPRESENTATION('',(#3518),#3521);
#3518 = B_SPLINE_CURVE_WITH_KNOTS('',1,(#3519,#3520),.UNSPECIFIED.,.F.,
  .F.,(2,2),(0.,0.932359008382),.PIECEWISE_BEZIER_KNOTS.);
#3519 = CARTESIAN_POINT('',(15.061345792203,0.846153846154));
#3520 = CARTESIAN_POINT('',(-13.02381706322,0.846153846154));
#3521 = ( GEOMETRIC_REPRESENTATION_CONTEXT(2) 
PARAMETRIC_REPRESENTATION_CONTEXT() REPRESENTATION_CONTEXT('2D SPACE',''
  ) );
#3522 = ORIENTED_EDGE('',*,*,#3523,.T.);
#3523 = EDGE_CURVE('',#3499,#3524,#3526,.T.);
#3524 = VERTEX_POINT('',#3525);
#3525 = CARTESIAN_POINT('',(3.545330769231,-54.39291923076,15.72825));
#3526 = SURFACE_CURVE('',#3527,(#3530,#3536),.PCURVE_S1.);
#3527 = B_SPLINE_CURVE_WITH_KNOTS('',1,(#3528,#3529),.UNSPECIFIED.,.F.,
  .F.,(2,2),(0.,1.),.PIECEWISE_BEZIER_KNOTS.);
#3528 = CARTESIAN_POINT('',(-3.545330769231,-54.39291923076,15.72825));
#3529 = CARTESIAN_POINT('',(3.545330769231,-54.39291923076,15.72825));
#3530 = PCURVE('',#1890,#3531);
#3531 = DEFINITIONAL_REPRESENTATION('',(#3532),#3535);
#3532 = B_SPLINE_CURVE_WITH_KNOTS('',1,(#3533,#3534),.UNSPECIFIED.,.F.,
  .F.,(2,2),(0.,1.),.PIECEWISE_BEZIER_KNOTS.);
#3533 = CARTESIAN_POINT('',(8.625699621983,-0.476389127528));
#3534 = CARTESIAN_POINT('',(11.148761612674,-7.102974918427));
#3535 = ( GEOMETRIC_REPRESENTATION_CONTEXT(2) 
PARAMETRIC_REPRESENTATION_CONTEXT() REPRESENTATION_CONTEXT('2D SPACE',''
  ) );
#3536 = PCURVE('',#3537,#3542);
#3537 = B_SPLINE_SURFACE_WITH_KNOTS('',1,1,(
    (#3538,#3539)
    ,(#3540,#3541
    )),.UNSPECIFIED.,.F.,.F.,.F.,(2,2),(2,2),(-3.53,3.53),(0.,1.),
  .PIECEWISE_BEZIER_KNOTS.);
#3538 = CARTESIAN_POINT('',(3.5175,-54.42075,14.52225));
#3539 = CARTESIAN_POINT('',(3.54765,-54.3906,15.82875));
#3540 = CARTESIAN_POINT('',(-3.5175,-54.42075,14.52225));
#3541 = CARTESIAN_POINT('',(-3.54765,-54.3906,15.82875));
#3542 = DEFINITIONAL_REPRESENTATION('',(#3543),#3546);
#3543 = B_SPLINE_CURVE_WITH_KNOTS('',1,(#3544,#3545),.UNSPECIFIED.,.F.,
  .F.,(2,2),(0.933654641455,1.),.PIECEWISE_BEZIER_KNOTS.);
#3544 = CARTESIAN_POINT('',(-3.061601768671,0.923076923077));
#3545 = CARTESIAN_POINT('',(-3.53,0.923076923077));
#3546 = ( GEOMETRIC_REPRESENTATION_CONTEXT(2) 
PARAMETRIC_REPRESENTATION_CONTEXT() REPRESENTATION_CONTEXT('2D SPACE',''
  ) );
#3547 = ORIENTED_EDGE('',*,*,#3548,.T.);
#3548 = EDGE_CURVE('',#3524,#3549,#3551,.T.);
#3549 = VERTEX_POINT('',#3550);
#3550 = CARTESIAN_POINT('',(3.545330769231,-60.07658076923,15.72825));
#3551 = SURFACE_CURVE('',#3552,(#3555,#3561),.PCURVE_S1.);
#3552 = B_SPLINE_CURVE_WITH_KNOTS('',1,(#3553,#3554),.UNSPECIFIED.,.F.,
  .F.,(2,2),(0.,1.),.PIECEWISE_BEZIER_KNOTS.);
#3553 = CARTESIAN_POINT('',(3.545330769231,-54.39291923076,15.72825));
#3554 = CARTESIAN_POINT('',(3.545330769231,-60.07658076923,15.72825));
#3555 = PCURVE('',#1890,#3556);
#3556 = DEFINITIONAL_REPRESENTATION('',(#3557),#3560);
#3557 = B_SPLINE_CURVE_WITH_KNOTS('',1,(#3558,#3559),.UNSPECIFIED.,.F.,
  .F.,(2,2),(0.,1.),.PIECEWISE_BEZIER_KNOTS.);
#3558 = CARTESIAN_POINT('',(11.148761612674,-7.102974918427));
#3559 = CARTESIAN_POINT('',(5.837089269162,-9.125385707302));
#3560 = ( GEOMETRIC_REPRESENTATION_CONTEXT(2) 
PARAMETRIC_REPRESENTATION_CONTEXT() REPRESENTATION_CONTEXT('2D SPACE',''
  ) );
#3561 = PCURVE('',#3562,#3567);
#3562 = B_SPLINE_SURFACE_WITH_KNOTS('',1,1,(
    (#3563,#3564)
    ,(#3565,#3566
    )),.UNSPECIFIED.,.F.,.F.,.F.,(2,2),(2,2),(-2.83,2.83),(0.,1.),
  .PIECEWISE_BEZIER_KNOTS.);
#3563 = CARTESIAN_POINT('',(3.5175,-60.04875,14.52225));
#3564 = CARTESIAN_POINT('',(3.54765,-60.0789,15.82875));
#3565 = CARTESIAN_POINT('',(3.5175,-54.42075,14.52225));
#3566 = CARTESIAN_POINT('',(3.54765,-54.3906,15.82875));
#3567 = DEFINITIONAL_REPRESENTATION('',(#3568),#3571);
#3568 = B_SPLINE_CURVE_WITH_KNOTS('',1,(#3569,#3570),.UNSPECIFIED.,.F.,
  .F.,(2,2),(0.,1.),.PIECEWISE_BEZIER_KNOTS.);
#3569 = CARTESIAN_POINT('',(2.83,0.923076923077));
#3570 = CARTESIAN_POINT('',(-2.83,0.923076923077));
#3571 = ( GEOMETRIC_REPRESENTATION_CONTEXT(2) 
PARAMETRIC_REPRESENTATION_CONTEXT() REPRESENTATION_CONTEXT('2D SPACE',''
  ) );
#3572 = ORIENTED_EDGE('',*,*,#3573,.T.);
#3573 = EDGE_CURVE('',#3549,#3574,#3576,.T.);
#3574 = VERTEX_POINT('',#3575);
#3575 = CARTESIAN_POINT('',(-3.545330769231,-60.07658076923,15.72825));
#3576 = SURFACE_CURVE('',#3577,(#3580,#3586),.PCURVE_S1.);
#3577 = B_SPLINE_CURVE_WITH_KNOTS('',1,(#3578,#3579),.UNSPECIFIED.,.F.,
  .F.,(2,2),(0.,1.),.PIECEWISE_BEZIER_KNOTS.);
#3578 = CARTESIAN_POINT('',(3.545330769231,-60.07658076923,15.72825));
#3579 = CARTESIAN_POINT('',(-3.545330769231,-60.07658076923,15.72825));
#3580 = PCURVE('',#1890,#3581);
#3581 = DEFINITIONAL_REPRESENTATION('',(#3582),#3585);
#3582 = B_SPLINE_CURVE_WITH_KNOTS('',1,(#3583,#3584),.UNSPECIFIED.,.F.,
  .F.,(2,2),(0.,1.),.PIECEWISE_BEZIER_KNOTS.);
#3583 = CARTESIAN_POINT('',(5.837089269162,-9.125385707302));
#3584 = CARTESIAN_POINT('',(3.314027278471,-2.498799916402));
#3585 = ( GEOMETRIC_REPRESENTATION_CONTEXT(2) 
PARAMETRIC_REPRESENTATION_CONTEXT() REPRESENTATION_CONTEXT('2D SPACE',''
  ) );
#3586 = PCURVE('',#3587,#3592);
#3587 = B_SPLINE_SURFACE_WITH_KNOTS('',1,1,(
    (#3588,#3589)
    ,(#3590,#3591
    )),.UNSPECIFIED.,.F.,.F.,.F.,(2,2),(2,2),(-3.53,3.53),(0.,1.),
  .PIECEWISE_BEZIER_KNOTS.);
#3588 = CARTESIAN_POINT('',(-3.5175,-60.04875,14.52225));
#3589 = CARTESIAN_POINT('',(-3.54765,-60.0789,15.82875));
#3590 = CARTESIAN_POINT('',(3.5175,-60.04875,14.52225));
#3591 = CARTESIAN_POINT('',(3.54765,-60.0789,15.82875));
#3592 = DEFINITIONAL_REPRESENTATION('',(#3593),#3596);
#3593 = B_SPLINE_CURVE_WITH_KNOTS('',1,(#3594,#3595),.UNSPECIFIED.,.F.,
  .F.,(2,2),(0.,1.),.PIECEWISE_BEZIER_KNOTS.);
#3594 = CARTESIAN_POINT('',(3.53,0.923076923077));
#3595 = CARTESIAN_POINT('',(-3.53,0.923076923077));
#3596 = ( GEOMETRIC_REPRESENTATION_CONTEXT(2) 
PARAMETRIC_REPRESENTATION_CONTEXT() REPRESENTATION_CONTEXT('2D SPACE',''
  ) );
#3597 = ORIENTED_EDGE('',*,*,#3598,.T.);
#3598 = EDGE_CURVE('',#3574,#3599,#3601,.T.);
#3599 = VERTEX_POINT('',#3600);
#3600 = CARTESIAN_POINT('',(-3.545330769231,-54.39291923076,15.72825));
#3601 = SURFACE_CURVE('',#3602,(#3605,#3611),.PCURVE_S1.);
#3602 = B_SPLINE_CURVE_WITH_KNOTS('',1,(#3603,#3604),.UNSPECIFIED.,.F.,
  .F.,(2,2),(0.,1.),.PIECEWISE_BEZIER_KNOTS.);
#3603 = CARTESIAN_POINT('',(-3.545330769231,-60.07658076923,15.72825));
#3604 = CARTESIAN_POINT('',(-3.545330769231,-54.39291923076,15.72825));
#3605 = PCURVE('',#1890,#3606);
#3606 = DEFINITIONAL_REPRESENTATION('',(#3607),#3610);
#3607 = B_SPLINE_CURVE_WITH_KNOTS('',1,(#3608,#3609),.UNSPECIFIED.,.F.,
  .F.,(2,2),(0.,1.),.PIECEWISE_BEZIER_KNOTS.);
#3608 = CARTESIAN_POINT('',(3.314027278471,-2.498799916402));
#3609 = CARTESIAN_POINT('',(8.625699621983,-0.476389127528));
#3610 = ( GEOMETRIC_REPRESENTATION_CONTEXT(2) 
PARAMETRIC_REPRESENTATION_CONTEXT() REPRESENTATION_CONTEXT('2D SPACE',''
  ) );
#3611 = PCURVE('',#3612,#3617);
#3612 = B_SPLINE_SURFACE_WITH_KNOTS('',1,1,(
    (#3613,#3614)
    ,(#3615,#3616
    )),.UNSPECIFIED.,.F.,.F.,.F.,(2,2),(2,2),(-2.83,2.83),(0.,1.),
  .PIECEWISE_BEZIER_KNOTS.);
#3613 = CARTESIAN_POINT('',(-3.5175,-54.42075,14.52225));
#3614 = CARTESIAN_POINT('',(-3.54765,-54.3906,15.82875));
#3615 = CARTESIAN_POINT('',(-3.5175,-60.04875,14.52225));
#3616 = CARTESIAN_POINT('',(-3.54765,-60.0789,15.82875));
#3617 = DEFINITIONAL_REPRESENTATION('',(#3618),#3621);
#3618 = B_SPLINE_CURVE_WITH_KNOTS('',1,(#3619,#3620),.UNSPECIFIED.,.F.,
  .F.,(2,2),(0.,1.),.PIECEWISE_BEZIER_KNOTS.);
#3619 = CARTESIAN_POINT('',(2.83,0.923076923077));
#3620 = CARTESIAN_POINT('',(-2.83,0.923076923077));
#3621 = ( GEOMETRIC_REPRESENTATION_CONTEXT(2) 
PARAMETRIC_REPRESENTATION_CONTEXT() REPRESENTATION_CONTEXT('2D SPACE',''
  ) );
#3622 = ORIENTED_EDGE('',*,*,#3623,.T.);
#3623 = EDGE_CURVE('',#3599,#3624,#3626,.T.);
#3624 = VERTEX_POINT('',#3625);
#3625 = CARTESIAN_POINT('',(-3.074898287139,-54.39291923076,15.72825));
#3626 = SURFACE_CURVE('',#3627,(#3630,#3636),.PCURVE_S1.);
#3627 = B_SPLINE_CURVE_WITH_KNOTS('',1,(#3628,#3629),.UNSPECIFIED.,.F.,
  .F.,(2,2),(0.,1.),.PIECEWISE_BEZIER_KNOTS.);
#3628 = CARTESIAN_POINT('',(-3.545330769231,-54.39291923076,15.72825));
#3629 = CARTESIAN_POINT('',(3.545330769231,-54.39291923076,15.72825));
#3630 = PCURVE('',#1890,#3631);
#3631 = DEFINITIONAL_REPRESENTATION('',(#3632),#3635);
#3632 = B_SPLINE_CURVE_WITH_KNOTS('',1,(#3633,#3634),.UNSPECIFIED.,.F.,
  .F.,(2,2),(0.,1.),.PIECEWISE_BEZIER_KNOTS.);
#3633 = CARTESIAN_POINT('',(8.625699621983,-0.476389127528));
#3634 = CARTESIAN_POINT('',(11.148761612674,-7.102974918427));
#3635 = ( GEOMETRIC_REPRESENTATION_CONTEXT(2) 
PARAMETRIC_REPRESENTATION_CONTEXT() REPRESENTATION_CONTEXT('2D SPACE',''
  ) );
#3636 = PCURVE('',#3537,#3637);
#3637 = DEFINITIONAL_REPRESENTATION('',(#3638),#3641);
#3638 = B_SPLINE_CURVE_WITH_KNOTS('',1,(#3639,#3640),.UNSPECIFIED.,.F.,
  .F.,(2,2),(0.,6.634535854517E-02),.PIECEWISE_BEZIER_KNOTS.);
#3639 = CARTESIAN_POINT('',(3.53,0.923076923077));
#3640 = CARTESIAN_POINT('',(3.061601768671,0.923076923077));
#3641 = ( GEOMETRIC_REPRESENTATION_CONTEXT(2) 
PARAMETRIC_REPRESENTATION_CONTEXT() REPRESENTATION_CONTEXT('2D SPACE',''
  ) );
#3642 = ORIENTED_EDGE('',*,*,#3643,.T.);
#3643 = EDGE_CURVE('',#3624,#3644,#3646,.T.);
#3644 = VERTEX_POINT('',#3645);
#3645 = CARTESIAN_POINT('',(-3.074898287139,-26.17060171286,15.72825));
#3646 = SURFACE_CURVE('',#3647,(#3650,#3656),.PCURVE_S1.);
#3647 = B_SPLINE_CURVE_WITH_KNOTS('',1,(#3648,#3649),.UNSPECIFIED.,.F.,
  .F.,(2,2),(0.,1.),.PIECEWISE_BEZIER_KNOTS.);
#3648 = CARTESIAN_POINT('',(-3.074898287139,-56.44039828713,15.72825));
#3649 = CARTESIAN_POINT('',(-3.074898287139,-26.17060171286,15.72825));
#3650 = PCURVE('',#1890,#3651);
#3651 = DEFINITIONAL_REPRESENTATION('',(#3652),#3655);
#3652 = B_SPLINE_CURVE_WITH_KNOTS('',1,(#3653,#3654),.UNSPECIFIED.,.F.,
  .F.,(2,2),(0.,1.),.PIECEWISE_BEZIER_KNOTS.);
#3653 = CARTESIAN_POINT('',(6.879619197724,-1.64458447014));
#3654 = CARTESIAN_POINT('',(35.168291951952,9.126282646875));
#3655 = ( GEOMETRIC_REPRESENTATION_CONTEXT(2) 
PARAMETRIC_REPRESENTATION_CONTEXT() REPRESENTATION_CONTEXT('2D SPACE',''
  ) );
#3656 = PCURVE('',#3657,#3662);
#3657 = B_SPLINE_SURFACE_WITH_KNOTS('',1,1,(
    (#3658,#3659)
    ,(#3660,#3661
    )),.UNSPECIFIED.,.F.,.F.,.F.,(2,2),(2,2),(-15.0613457922,
    15.061345792203),(0.,1.),.PIECEWISE_BEZIER_KNOTS.);
#3658 = CARTESIAN_POINT('',(-3.06525,-26.18025,15.1755));
#3659 = CARTESIAN_POINT('',(-3.076652521164,-26.16884747883,15.82875));
#3660 = CARTESIAN_POINT('',(-3.06525,-56.43075,15.1755));
#3661 = CARTESIAN_POINT('',(-3.076652521164,-56.44215252116,15.82875));
#3662 = DEFINITIONAL_REPRESENTATION('',(#3663),#3666);
#3663 = B_SPLINE_CURVE_WITH_KNOTS('',1,(#3664,#3665),.UNSPECIFIED.,.F.,
  .F.,(2,2),(6.764099161835E-02,1.),.PIECEWISE_BEZIER_KNOTS.);
#3664 = CARTESIAN_POINT('',(13.02381706322,0.846153846154));
#3665 = CARTESIAN_POINT('',(-15.0613457922,0.846153846154));
#3666 = ( GEOMETRIC_REPRESENTATION_CONTEXT(2) 
PARAMETRIC_REPRESENTATION_CONTEXT() REPRESENTATION_CONTEXT('2D SPACE',''
  ) );
#3667 = ORIENTED_EDGE('',*,*,#3668,.T.);
#3668 = EDGE_CURVE('',#3644,#3497,#3669,.T.);
#3669 = SURFACE_CURVE('',#3670,(#3673,#3679),.PCURVE_S1.);
#3670 = B_SPLINE_CURVE_WITH_KNOTS('',1,(#3671,#3672),.UNSPECIFIED.,.F.,
  .F.,(2,2),(0.,1.),.PIECEWISE_BEZIER_KNOTS.);
#3671 = CARTESIAN_POINT('',(-3.074898287139,-26.17060171286,15.72825));
#3672 = CARTESIAN_POINT('',(3.074898287139,-26.17060171286,15.72825));
#3673 = PCURVE('',#1890,#3674);
#3674 = DEFINITIONAL_REPRESENTATION('',(#3675),#3678);
#3675 = B_SPLINE_CURVE_WITH_KNOTS('',1,(#3676,#3677),.UNSPECIFIED.,.F.,
  .F.,(2,2),(0.,1.),.PIECEWISE_BEZIER_KNOTS.);
#3676 = CARTESIAN_POINT('',(35.168291951952,9.126282646875));
#3677 = CARTESIAN_POINT('',(37.356567037834,3.378983276431));
#3678 = ( GEOMETRIC_REPRESENTATION_CONTEXT(2) 
PARAMETRIC_REPRESENTATION_CONTEXT() REPRESENTATION_CONTEXT('2D SPACE',''
  ) );
#3679 = PCURVE('',#3680,#3685);
#3680 = B_SPLINE_SURFACE_WITH_KNOTS('',1,1,(
    (#3681,#3682)
    ,(#3683,#3684
    )),.UNSPECIFIED.,.F.,.F.,.F.,(2,2),(2,2),(-3.061345792203,
    3.061345792203),(0.,1.),.PIECEWISE_BEZIER_KNOTS.);
#3681 = CARTESIAN_POINT('',(3.06525,-26.18025,15.1755));
#3682 = CARTESIAN_POINT('',(3.076652521164,-26.16884747883,15.82875));
#3683 = CARTESIAN_POINT('',(-3.06525,-26.18025,15.1755));
#3684 = CARTESIAN_POINT('',(-3.076652521164,-26.16884747883,15.82875));
#3685 = DEFINITIONAL_REPRESENTATION('',(#3686),#3689);
#3686 = B_SPLINE_CURVE_WITH_KNOTS('',1,(#3687,#3688),.UNSPECIFIED.,.F.,
  .F.,(2,2),(0.,1.),.PIECEWISE_BEZIER_KNOTS.);
#3687 = CARTESIAN_POINT('',(3.061345792203,0.846153846154));
#3688 = CARTESIAN_POINT('',(-3.061345792203,0.846153846154));
#3689 = ( GEOMETRIC_REPRESENTATION_CONTEXT(2) 
PARAMETRIC_REPRESENTATION_CONTEXT() REPRESENTATION_CONTEXT('2D SPACE',''
  ) );
#3690 = ADVANCED_FACE('',(#3691),#2124,.F.);
#3691 = FACE_BOUND('',#3692,.F.);
#3692 = EDGE_LOOP('',(#3693,#3694,#3695,#3715,#3735,#3753,#3754,#3755));
#3693 = ORIENTED_EDGE('',*,*,#2249,.F.);
#3694 = ORIENTED_EDGE('',*,*,#2298,.T.);
#3695 = ORIENTED_EDGE('',*,*,#3696,.T.);
#3696 = EDGE_CURVE('',#2299,#3697,#3699,.T.);
#3697 = VERTEX_POINT('',#3698);
#3698 = CARTESIAN_POINT('',(-7.085214939499,-25.1752850605,14.272005));
#3699 = SURFACE_CURVE('',#3700,(#3703,#3709),.PCURVE_S1.);
#3700 = B_SPLINE_CURVE_WITH_KNOTS('',1,(#3701,#3702),.UNSPECIFIED.,.F.,
  .F.,(2,2),(0.,1.),.PIECEWISE_BEZIER_KNOTS.);
#3701 = CARTESIAN_POINT('',(-7.085214939499,-62.30996493949,14.272005));
#3702 = CARTESIAN_POINT('',(-7.085214939499,-25.1752850605,14.272005));
#3703 = PCURVE('',#2124,#3704);
#3704 = DEFINITIONAL_REPRESENTATION('',(#3705),#3708);
#3705 = B_SPLINE_CURVE_WITH_KNOTS('',1,(#3706,#3707),.UNSPECIFIED.,.F.,
  .F.,(2,2),(0.,1.),.PIECEWISE_BEZIER_KNOTS.);
#3706 = CARTESIAN_POINT('',(4.525638588859E-05,-2.025677605566E-05));
#3707 = CARTESIAN_POINT('',(34.694505369213,13.239273047442));
#3708 = ( GEOMETRIC_REPRESENTATION_CONTEXT(2) 
PARAMETRIC_REPRESENTATION_CONTEXT() REPRESENTATION_CONTEXT('2D SPACE',''
  ) );
#3709 = PCURVE('',#2335,#3710);
#3710 = DEFINITIONAL_REPRESENTATION('',(#3711),#3714);
#3711 = B_SPLINE_CURVE_WITH_KNOTS('',1,(#3712,#3713),.UNSPECIFIED.,.F.,
  .F.,(2,2),(6.089226962148E-02,1.),.PIECEWISE_BEZIER_KNOTS.);
#3712 = CARTESIAN_POINT('',(16.225030637486,1.378359751896E-03));
#3713 = CARTESIAN_POINT('',(-18.475,1.378359751894E-03));
#3714 = ( GEOMETRIC_REPRESENTATION_CONTEXT(2) 
PARAMETRIC_REPRESENTATION_CONTEXT() REPRESENTATION_CONTEXT('2D SPACE',''
  ) );
#3715 = ORIENTED_EDGE('',*,*,#3716,.T.);
#3716 = EDGE_CURVE('',#3697,#3717,#3719,.T.);
#3717 = VERTEX_POINT('',#3718);
#3718 = CARTESIAN_POINT('',(7.085214939499,-25.1752850605,14.272005));
#3719 = SURFACE_CURVE('',#3720,(#3723,#3729),.PCURVE_S1.);
#3720 = B_SPLINE_CURVE_WITH_KNOTS('',1,(#3721,#3722),.UNSPECIFIED.,.F.,
  .F.,(2,2),(0.,1.),.PIECEWISE_BEZIER_KNOTS.);
#3721 = CARTESIAN_POINT('',(-7.085214939499,-25.1752850605,14.272005));
#3722 = CARTESIAN_POINT('',(7.085214939499,-25.1752850605,14.272005));
#3723 = PCURVE('',#2124,#3724);
#3724 = DEFINITIONAL_REPRESENTATION('',(#3725),#3728);
#3725 = B_SPLINE_CURVE_WITH_KNOTS('',1,(#3726,#3727),.UNSPECIFIED.,.F.,
  .F.,(2,2),(0.,1.),.PIECEWISE_BEZIER_KNOTS.);
#3726 = CARTESIAN_POINT('',(34.694505369213,13.239273047442));
#3727 = CARTESIAN_POINT('',(39.746561237911,2.025677605388E-05));
#3728 = ( GEOMETRIC_REPRESENTATION_CONTEXT(2) 
PARAMETRIC_REPRESENTATION_CONTEXT() REPRESENTATION_CONTEXT('2D SPACE',''
  ) );
#3729 = PCURVE('',#3483,#3730);
#3730 = DEFINITIONAL_REPRESENTATION('',(#3731),#3734);
#3731 = B_SPLINE_CURVE_WITH_KNOTS('',1,(#3732,#3733),.UNSPECIFIED.,.F.,
  .F.,(2,2),(0.,1.),.PIECEWISE_BEZIER_KNOTS.);
#3732 = CARTESIAN_POINT('',(7.05,1.378359751896E-03));
#3733 = CARTESIAN_POINT('',(-7.05,1.378359751894E-03));
#3734 = ( GEOMETRIC_REPRESENTATION_CONTEXT(2) 
PARAMETRIC_REPRESENTATION_CONTEXT() REPRESENTATION_CONTEXT('2D SPACE',''
  ) );
#3735 = ORIENTED_EDGE('',*,*,#3736,.T.);
#3736 = EDGE_CURVE('',#3717,#2079,#3737,.T.);
#3737 = SURFACE_CURVE('',#3738,(#3741,#3747),.PCURVE_S1.);
#3738 = B_SPLINE_CURVE_WITH_KNOTS('',1,(#3739,#3740),.UNSPECIFIED.,.F.,
  .F.,(2,2),(0.,1.),.PIECEWISE_BEZIER_KNOTS.);
#3739 = CARTESIAN_POINT('',(7.085214939499,-25.1752850605,14.272005));
#3740 = CARTESIAN_POINT('',(7.085214939499,-62.30996493949,14.272005));
#3741 = PCURVE('',#2124,#3742);
#3742 = DEFINITIONAL_REPRESENTATION('',(#3743),#3746);
#3743 = B_SPLINE_CURVE_WITH_KNOTS('',1,(#3744,#3745),.UNSPECIFIED.,.F.,
  .F.,(2,2),(0.,1.),.PIECEWISE_BEZIER_KNOTS.);
#3744 = CARTESIAN_POINT('',(39.746561237911,2.025677605388E-05));
#3745 = CARTESIAN_POINT('',(5.052101125084,-13.23927304744));
#3746 = ( GEOMETRIC_REPRESENTATION_CONTEXT(2) 
PARAMETRIC_REPRESENTATION_CONTEXT() REPRESENTATION_CONTEXT('2D SPACE',''
  ) );
#3747 = PCURVE('',#2098,#3748);
#3748 = DEFINITIONAL_REPRESENTATION('',(#3749),#3752);
#3749 = B_SPLINE_CURVE_WITH_KNOTS('',1,(#3750,#3751),.UNSPECIFIED.,.F.,
  .F.,(2,2),(0.,0.25304324443),.PIECEWISE_BEZIER_KNOTS.);
#3750 = CARTESIAN_POINT('',(18.475,1.378359751896E-03));
#3751 = CARTESIAN_POINT('',(9.125052118323,1.378359751895E-03));
#3752 = ( GEOMETRIC_REPRESENTATION_CONTEXT(2) 
PARAMETRIC_REPRESENTATION_CONTEXT() REPRESENTATION_CONTEXT('2D SPACE',''
  ) );
#3753 = ORIENTED_EDGE('',*,*,#2112,.T.);
#3754 = ORIENTED_EDGE('',*,*,#2138,.T.);
#3755 = ORIENTED_EDGE('',*,*,#2204,.F.);
#3756 = ADVANCED_FACE('',(#3757),#2098,.F.);
#3757 = FACE_BOUND('',#3758,.F.);
#3758 = EDGE_LOOP('',(#3759,#3760,#3761,#3762));
#3759 = ORIENTED_EDGE('',*,*,#3447,.F.);
#3760 = ORIENTED_EDGE('',*,*,#2078,.T.);
#3761 = ORIENTED_EDGE('',*,*,#3736,.F.);
#3762 = ORIENTED_EDGE('',*,*,#3763,.T.);
#3763 = EDGE_CURVE('',#3717,#3448,#3764,.T.);
#3764 = SURFACE_CURVE('',#3765,(#3768,#3774),.PCURVE_S1.);
#3765 = B_SPLINE_CURVE_WITH_KNOTS('',1,(#3766,#3767),.UNSPECIFIED.,.F.,
  .F.,(2,2),(0.,1.),.PIECEWISE_BEZIER_KNOTS.);
#3766 = CARTESIAN_POINT('',(7.08525,-25.17525,14.269995));
#3767 = CARTESIAN_POINT('',(7.059813606633,-25.20068639336,15.72825));
#3768 = PCURVE('',#2098,#3769);
#3769 = DEFINITIONAL_REPRESENTATION('',(#3770),#3773);
#3770 = B_SPLINE_CURVE_WITH_KNOTS('',1,(#3771,#3772),.UNSPECIFIED.,.F.,
  .F.,(2,2),(1.378359751894E-03,1.),.PIECEWISE_BEZIER_KNOTS.);
#3771 = CARTESIAN_POINT('',(18.475,1.378359751894E-03));
#3772 = CARTESIAN_POINT('',(18.475,1.));
#3773 = ( GEOMETRIC_REPRESENTATION_CONTEXT(2) 
PARAMETRIC_REPRESENTATION_CONTEXT() REPRESENTATION_CONTEXT('2D SPACE',''
  ) );
#3774 = PCURVE('',#3483,#3775);
#3775 = DEFINITIONAL_REPRESENTATION('',(#3776),#3779);
#3776 = B_SPLINE_CURVE_WITH_KNOTS('',1,(#3777,#3778),.UNSPECIFIED.,.F.,
  .F.,(2,2),(1.378359751894E-03,1.),.PIECEWISE_BEZIER_KNOTS.);
#3777 = CARTESIAN_POINT('',(-7.05,1.378359751894E-03));
#3778 = CARTESIAN_POINT('',(-7.05,1.));
#3779 = ( GEOMETRIC_REPRESENTATION_CONTEXT(2) 
PARAMETRIC_REPRESENTATION_CONTEXT() REPRESENTATION_CONTEXT('2D SPACE',''
  ) );
#3780 = ADVANCED_FACE('',(#3781),#2383,.T.);
#3781 = FACE_BOUND('',#3782,.T.);
#3782 = EDGE_LOOP('',(#3783,#3803,#3804,#3805));
#3783 = ORIENTED_EDGE('',*,*,#3784,.T.);
#3784 = EDGE_CURVE('',#3303,#2412,#3785,.T.);
#3785 = SURFACE_CURVE('',#3786,(#3791,#3797),.PCURVE_S1.);
#3786 = CIRCLE('',#3787,2.0703);
#3787 = AXIS2_PLACEMENT_3D('',#3788,#3789,#3790);
#3788 = CARTESIAN_POINT('',(-7.7318,-60.4005,14.28105));
#3789 = DIRECTION('',(0.,-1.,0.));
#3790 = DIRECTION('',(1.,0.,0.));
#3791 = PCURVE('',#2383,#3792);
#3792 = DEFINITIONAL_REPRESENTATION('',(#3793),#3796);
#3793 = B_SPLINE_CURVE_WITH_KNOTS('',1,(#3794,#3795),.UNSPECIFIED.,.F.,
  .F.,(2,2),(1.570796326795,3.14159265359),.PIECEWISE_BEZIER_KNOTS.);
#3794 = CARTESIAN_POINT('',(1.570796326795,0.));
#3795 = CARTESIAN_POINT('',(3.14159265359,0.));
#3796 = ( GEOMETRIC_REPRESENTATION_CONTEXT(2) 
PARAMETRIC_REPRESENTATION_CONTEXT() REPRESENTATION_CONTEXT('2D SPACE',''
  ) );
#3797 = PCURVE('',#2473,#3798);
#3798 = DEFINITIONAL_REPRESENTATION('',(#3799),#3802);
#3799 = B_SPLINE_CURVE_WITH_KNOTS('',1,(#3800,#3801),.UNSPECIFIED.,.F.,
  .F.,(2,2),(1.570796326795,3.14159265359),.PIECEWISE_BEZIER_KNOTS.);
#3800 = CARTESIAN_POINT('',(1.570796326795,1.));
#3801 = CARTESIAN_POINT('',(3.14159265359,1.));
#3802 = ( GEOMETRIC_REPRESENTATION_CONTEXT(2) 
PARAMETRIC_REPRESENTATION_CONTEXT() REPRESENTATION_CONTEXT('2D SPACE',''
  ) );
#3803 = ORIENTED_EDGE('',*,*,#2436,.T.);
#3804 = ORIENTED_EDGE('',*,*,#2368,.F.);
#3805 = ORIENTED_EDGE('',*,*,#3323,.F.);
#3806 = ADVANCED_FACE('',(#3807),#2335,.F.);
#3807 = FACE_BOUND('',#3808,.F.);
#3808 = EDGE_LOOP('',(#3809,#3810,#3811,#3812,#3813));
#3809 = ORIENTED_EDGE('',*,*,#3696,.F.);
#3810 = ORIENTED_EDGE('',*,*,#2321,.T.);
#3811 = ORIENTED_EDGE('',*,*,#3342,.F.);
#3812 = ORIENTED_EDGE('',*,*,#3418,.T.);
#3813 = ORIENTED_EDGE('',*,*,#3814,.F.);
#3814 = EDGE_CURVE('',#3697,#3419,#3815,.T.);
#3815 = SURFACE_CURVE('',#3816,(#3819,#3825),.PCURVE_S1.);
#3816 = B_SPLINE_CURVE_WITH_KNOTS('',1,(#3817,#3818),.UNSPECIFIED.,.F.,
  .F.,(2,2),(0.,1.),.PIECEWISE_BEZIER_KNOTS.);
#3817 = CARTESIAN_POINT('',(-7.08525,-25.17525,14.269995));
#3818 = CARTESIAN_POINT('',(-7.059813606633,-25.20068639336,15.72825));
#3819 = PCURVE('',#2335,#3820);
#3820 = DEFINITIONAL_REPRESENTATION('',(#3821),#3824);
#3821 = B_SPLINE_CURVE_WITH_KNOTS('',1,(#3822,#3823),.UNSPECIFIED.,.F.,
  .F.,(2,2),(1.378359751894E-03,1.),.PIECEWISE_BEZIER_KNOTS.);
#3822 = CARTESIAN_POINT('',(-18.475,1.378359751894E-03));
#3823 = CARTESIAN_POINT('',(-18.475,1.));
#3824 = ( GEOMETRIC_REPRESENTATION_CONTEXT(2) 
PARAMETRIC_REPRESENTATION_CONTEXT() REPRESENTATION_CONTEXT('2D SPACE',''
  ) );
#3825 = PCURVE('',#3483,#3826);
#3826 = DEFINITIONAL_REPRESENTATION('',(#3827),#3830);
#3827 = B_SPLINE_CURVE_WITH_KNOTS('',1,(#3828,#3829),.UNSPECIFIED.,.F.,
  .F.,(2,2),(1.378359751894E-03,1.),.PIECEWISE_BEZIER_KNOTS.);
#3828 = CARTESIAN_POINT('',(7.05,1.378359751894E-03));
#3829 = CARTESIAN_POINT('',(7.05,1.));
#3830 = ( GEOMETRIC_REPRESENTATION_CONTEXT(2) 
PARAMETRIC_REPRESENTATION_CONTEXT() REPRESENTATION_CONTEXT('2D SPACE',''
  ) );
#3831 = ADVANCED_FACE('',(#3832),#2473,.T.);
#3832 = FACE_BOUND('',#3833,.T.);
#3833 = EDGE_LOOP('',(#3834,#3852,#3853,#3854));
#3834 = ORIENTED_EDGE('',*,*,#3835,.F.);
#3835 = EDGE_CURVE('',#3003,#3303,#3836,.T.);
#3836 = SURFACE_CURVE('',#3837,(#3840,#3846),.PCURVE_S1.);
#3837 = B_SPLINE_CURVE_WITH_KNOTS('',1,(#3838,#3839),.UNSPECIFIED.,.F.,
  .F.,(2,2),(0.,1.),.PIECEWISE_BEZIER_KNOTS.);
#3838 = CARTESIAN_POINT('',(-8.2008,-62.109,16.9845));
#3839 = CARTESIAN_POINT('',(-7.7318,-60.4005,16.35135));
#3840 = PCURVE('',#2473,#3841);
#3841 = DEFINITIONAL_REPRESENTATION('',(#3842),#3845);
#3842 = B_SPLINE_CURVE_WITH_KNOTS('',1,(#3843,#3844),.UNSPECIFIED.,.F.,
  .F.,(2,2),(0.149712697643,1.),.PIECEWISE_BEZIER_KNOTS.);
#3843 = CARTESIAN_POINT('',(1.570796326795,0.149712697643));
#3844 = CARTESIAN_POINT('',(1.570796326795,1.));
#3845 = ( GEOMETRIC_REPRESENTATION_CONTEXT(2) 
PARAMETRIC_REPRESENTATION_CONTEXT() REPRESENTATION_CONTEXT('2D SPACE',''
  ) );
#3846 = PCURVE('',#2899,#3847);
#3847 = DEFINITIONAL_REPRESENTATION('',(#3848),#3851);
#3848 = B_SPLINE_CURVE_WITH_KNOTS('',1,(#3849,#3850),.UNSPECIFIED.,.F.,
  .F.,(2,2),(0.149712697643,1.),.PIECEWISE_BEZIER_KNOTS.);
#3849 = CARTESIAN_POINT('',(8.16,0.149712697643));
#3850 = CARTESIAN_POINT('',(8.16,1.));
#3851 = ( GEOMETRIC_REPRESENTATION_CONTEXT(2) 
PARAMETRIC_REPRESENTATION_CONTEXT() REPRESENTATION_CONTEXT('2D SPACE',''
  ) );
#3852 = ORIENTED_EDGE('',*,*,#3022,.F.);
#3853 = ORIENTED_EDGE('',*,*,#2459,.T.);
#3854 = ORIENTED_EDGE('',*,*,#3784,.F.);
#3855 = ADVANCED_FACE('',(#3856),#2722,.F.);
#3856 = FACE_BOUND('',#3857,.F.);
#3857 = EDGE_LOOP('',(#3858,#3859,#3879,#3899));
#3858 = ORIENTED_EDGE('',*,*,#2708,.F.);
#3859 = ORIENTED_EDGE('',*,*,#3860,.T.);
#3860 = EDGE_CURVE('',#2684,#3861,#3863,.T.);
#3861 = VERTEX_POINT('',#3862);
#3862 = CARTESIAN_POINT('',(-11.98983063898,-70.27983063898,18.291));
#3863 = SURFACE_CURVE('',#3864,(#3867,#3873),.PCURVE_S1.);
#3864 = B_SPLINE_CURVE_WITH_KNOTS('',1,(#3865,#3866),.UNSPECIFIED.,.F.,
  .F.,(2,2),(0.,1.),.PIECEWISE_BEZIER_KNOTS.);
#3865 = CARTESIAN_POINT('',(-12.06,-70.35,14.269995));
#3866 = CARTESIAN_POINT('',(-11.98983063898,-70.27983063898,18.291));
#3867 = PCURVE('',#2722,#3868);
#3868 = DEFINITIONAL_REPRESENTATION('',(#3869),#3872);
#3869 = B_SPLINE_CURVE_WITH_KNOTS('',1,(#3870,#3871),.UNSPECIFIED.,.F.,
  .F.,(2,2),(4.998750312419E-04,1.),.PIECEWISE_BEZIER_KNOTS.);
#3870 = CARTESIAN_POINT('',(4.25,4.998750312419E-04));
#3871 = CARTESIAN_POINT('',(4.25,1.));
#3872 = ( GEOMETRIC_REPRESENTATION_CONTEXT(2) 
PARAMETRIC_REPRESENTATION_CONTEXT() REPRESENTATION_CONTEXT('2D SPACE',''
  ) );
#3873 = PCURVE('',#2697,#3874);
#3874 = DEFINITIONAL_REPRESENTATION('',(#3875),#3878);
#3875 = B_SPLINE_CURVE_WITH_KNOTS('',1,(#3876,#3877),.UNSPECIFIED.,.F.,
  .F.,(2,2),(4.998750312419E-04,1.),.PIECEWISE_BEZIER_KNOTS.);
#3876 = CARTESIAN_POINT('',(-12.,4.998750312419E-04));
#3877 = CARTESIAN_POINT('',(-12.,1.));
#3878 = ( GEOMETRIC_REPRESENTATION_CONTEXT(2) 
PARAMETRIC_REPRESENTATION_CONTEXT() REPRESENTATION_CONTEXT('2D SPACE',''
  ) );
#3879 = ORIENTED_EDGE('',*,*,#3880,.T.);
#3880 = EDGE_CURVE('',#3861,#2935,#3881,.T.);
#3881 = SURFACE_CURVE('',#3882,(#3886,#3892),.PCURVE_S1.);
#3882 = LINE('',#3883,#3884);
#3883 = CARTESIAN_POINT('',(-11.98983063898,-66.07875,18.291));
#3884 = VECTOR('',#3885,1.);
#3885 = DIRECTION('',(0.,1.,0.));
#3886 = PCURVE('',#2722,#3887);
#3887 = DEFINITIONAL_REPRESENTATION('',(#3888),#3891);
#3888 = B_SPLINE_CURVE_WITH_KNOTS('',1,(#3889,#3890),.UNSPECIFIED.,.F.,
  .F.,(2,2),(-4.201080638989,4.201080638989),.PIECEWISE_BEZIER_KNOTS.);
#3889 = CARTESIAN_POINT('',(4.25,1.));
#3890 = CARTESIAN_POINT('',(-4.25,1.));
#3891 = ( GEOMETRIC_REPRESENTATION_CONTEXT(2) 
PARAMETRIC_REPRESENTATION_CONTEXT() REPRESENTATION_CONTEXT('2D SPACE',''
  ) );
#3892 = PCURVE('',#2969,#3893);
#3893 = DEFINITIONAL_REPRESENTATION('',(#3894),#3898);
#3894 = LINE('',#3895,#3896);
#3895 = CARTESIAN_POINT('',(1.389195557373,3.96474642804));
#3896 = VECTOR('',#3897,1.);
#3897 = DIRECTION('',(0.330675765773,0.943744424053));
#3898 = ( GEOMETRIC_REPRESENTATION_CONTEXT(2) 
PARAMETRIC_REPRESENTATION_CONTEXT() REPRESENTATION_CONTEXT('2D SPACE',''
  ) );
#3899 = ORIENTED_EDGE('',*,*,#2934,.F.);
#3900 = ADVANCED_FACE('',(#3901),#2697,.F.);
#3901 = FACE_BOUND('',#3902,.F.);
#3902 = EDGE_LOOP('',(#3903,#3904,#3905,#3925));
#3903 = ORIENTED_EDGE('',*,*,#3860,.F.);
#3904 = ORIENTED_EDGE('',*,*,#2683,.F.);
#3905 = ORIENTED_EDGE('',*,*,#3906,.T.);
#3906 = EDGE_CURVE('',#2659,#3907,#3909,.T.);
#3907 = VERTEX_POINT('',#3908);
#3908 = CARTESIAN_POINT('',(11.989830638989,-70.27983063898,18.291));
#3909 = SURFACE_CURVE('',#3910,(#3913,#3919),.PCURVE_S1.);
#3910 = B_SPLINE_CURVE_WITH_KNOTS('',1,(#3911,#3912),.UNSPECIFIED.,.F.,
  .F.,(2,2),(0.,1.),.PIECEWISE_BEZIER_KNOTS.);
#3911 = CARTESIAN_POINT('',(12.06,-70.35,14.269995));
#3912 = CARTESIAN_POINT('',(11.989830638989,-70.27983063898,18.291));
#3913 = PCURVE('',#2697,#3914);
#3914 = DEFINITIONAL_REPRESENTATION('',(#3915),#3918);
#3915 = B_SPLINE_CURVE_WITH_KNOTS('',1,(#3916,#3917),.UNSPECIFIED.,.F.,
  .F.,(2,2),(4.998750312419E-04,1.),.PIECEWISE_BEZIER_KNOTS.);
#3916 = CARTESIAN_POINT('',(12.,4.998750312419E-04));
#3917 = CARTESIAN_POINT('',(12.,1.));
#3918 = ( GEOMETRIC_REPRESENTATION_CONTEXT(2) 
PARAMETRIC_REPRESENTATION_CONTEXT() REPRESENTATION_CONTEXT('2D SPACE',''
  ) );
#3919 = PCURVE('',#2672,#3920);
#3920 = DEFINITIONAL_REPRESENTATION('',(#3921),#3924);
#3921 = B_SPLINE_CURVE_WITH_KNOTS('',1,(#3922,#3923),.UNSPECIFIED.,.F.,
  .F.,(2,2),(4.998750312419E-04,1.),.PIECEWISE_BEZIER_KNOTS.);
#3922 = CARTESIAN_POINT('',(-4.25,4.998750312419E-04));
#3923 = CARTESIAN_POINT('',(-4.25,1.));
#3924 = ( GEOMETRIC_REPRESENTATION_CONTEXT(2) 
PARAMETRIC_REPRESENTATION_CONTEXT() REPRESENTATION_CONTEXT('2D SPACE',''
  ) );
#3925 = ORIENTED_EDGE('',*,*,#3926,.F.);
#3926 = EDGE_CURVE('',#3861,#3907,#3927,.T.);
#3927 = SURFACE_CURVE('',#3928,(#3932,#3938),.PCURVE_S1.);
#3928 = LINE('',#3929,#3930);
#3929 = CARTESIAN_POINT('',(0.,-70.27983063898,18.291));
#3930 = VECTOR('',#3931,1.);
#3931 = DIRECTION('',(1.,0.,0.));
#3932 = PCURVE('',#2697,#3933);
#3933 = DEFINITIONAL_REPRESENTATION('',(#3934),#3937);
#3934 = B_SPLINE_CURVE_WITH_KNOTS('',1,(#3935,#3936),.UNSPECIFIED.,.F.,
  .F.,(2,2),(-11.98983063898,11.989830638989),.PIECEWISE_BEZIER_KNOTS.);
#3935 = CARTESIAN_POINT('',(-12.,1.));
#3936 = CARTESIAN_POINT('',(12.,1.));
#3937 = ( GEOMETRIC_REPRESENTATION_CONTEXT(2) 
PARAMETRIC_REPRESENTATION_CONTEXT() REPRESENTATION_CONTEXT('2D SPACE',''
  ) );
#3938 = PCURVE('',#2969,#3939);
#3939 = DEFINITIONAL_REPRESENTATION('',(#3940),#3944);
#3940 = LINE('',#3941,#3942);
#3941 = CARTESIAN_POINT('',(11.315335810879,-3.96474642804));
#3942 = VECTOR('',#3943,1.);
#3943 = DIRECTION('',(0.943744424053,-0.330675765773));
#3944 = ( GEOMETRIC_REPRESENTATION_CONTEXT(2) 
PARAMETRIC_REPRESENTATION_CONTEXT() REPRESENTATION_CONTEXT('2D SPACE',''
  ) );
#3945 = ADVANCED_FACE('',(#3946),#2672,.F.);
#3946 = FACE_BOUND('',#3947,.F.);
#3947 = EDGE_LOOP('',(#3948,#3949,#3950,#3951));
#3948 = ORIENTED_EDGE('',*,*,#3906,.F.);
#3949 = ORIENTED_EDGE('',*,*,#2658,.F.);
#3950 = ORIENTED_EDGE('',*,*,#2981,.T.);
#3951 = ORIENTED_EDGE('',*,*,#3952,.F.);
#3952 = EDGE_CURVE('',#3907,#2955,#3953,.T.);
#3953 = SURFACE_CURVE('',#3954,(#3958,#3964),.PCURVE_S1.);
#3954 = LINE('',#3955,#3956);
#3955 = CARTESIAN_POINT('',(11.989830638989,-66.07875,18.291));
#3956 = VECTOR('',#3957,1.);
#3957 = DIRECTION('',(0.,1.,0.));
#3958 = PCURVE('',#2672,#3959);
#3959 = DEFINITIONAL_REPRESENTATION('',(#3960),#3963);
#3960 = B_SPLINE_CURVE_WITH_KNOTS('',1,(#3961,#3962),.UNSPECIFIED.,.F.,
  .F.,(2,2),(-4.201080638989,4.201080638989),.PIECEWISE_BEZIER_KNOTS.);
#3961 = CARTESIAN_POINT('',(-4.25,1.));
#3962 = CARTESIAN_POINT('',(4.25,1.));
#3963 = ( GEOMETRIC_REPRESENTATION_CONTEXT(2) 
PARAMETRIC_REPRESENTATION_CONTEXT() REPRESENTATION_CONTEXT('2D SPACE',''
  ) );
#3964 = PCURVE('',#2969,#3965);
#3965 = DEFINITIONAL_REPRESENTATION('',(#3966),#3970);
#3966 = LINE('',#3967,#3968);
#3967 = CARTESIAN_POINT('',(24.019867179132,-3.96474642804));
#3968 = VECTOR('',#3969,1.);
#3969 = DIRECTION('',(0.330675765773,0.943744424053));
#3970 = ( GEOMETRIC_REPRESENTATION_CONTEXT(2) 
PARAMETRIC_REPRESENTATION_CONTEXT() REPRESENTATION_CONTEXT('2D SPACE',''
  ) );
#3971 = ADVANCED_FACE('',(#3972),#2899,.T.);
#3972 = FACE_BOUND('',#3973,.T.);
#3973 = EDGE_LOOP('',(#3974,#3975,#3976,#3977));
#3974 = ORIENTED_EDGE('',*,*,#3002,.F.);
#3975 = ORIENTED_EDGE('',*,*,#3835,.T.);
#3976 = ORIENTED_EDGE('',*,*,#3302,.T.);
#3977 = ORIENTED_EDGE('',*,*,#2885,.F.);
#3978 = ADVANCED_FACE('',(#3979,#3985,#4087,#4189),#2969,.F.);
#3979 = FACE_BOUND('',#3980,.F.);
#3980 = EDGE_LOOP('',(#3981,#3982,#3983,#3984));
#3981 = ORIENTED_EDGE('',*,*,#3880,.F.);
#3982 = ORIENTED_EDGE('',*,*,#3926,.T.);
#3983 = ORIENTED_EDGE('',*,*,#3952,.T.);
#3984 = ORIENTED_EDGE('',*,*,#2954,.F.);
#3985 = FACE_BOUND('',#3986,.F.);
#3986 = EDGE_LOOP('',(#3987,#4014,#4039,#4064));
#3987 = ORIENTED_EDGE('',*,*,#3988,.T.);
#3988 = EDGE_CURVE('',#3989,#3991,#3993,.T.);
#3989 = VERTEX_POINT('',#3990);
#3990 = CARTESIAN_POINT('',(9.06108,-68.75808,18.291));
#3991 = VERTEX_POINT('',#3992);
#3992 = CARTESIAN_POINT('',(-9.06108,-68.75808,18.291));
#3993 = SURFACE_CURVE('',#3994,(#3997,#4003),.PCURVE_S1.);
#3994 = B_SPLINE_CURVE_WITH_KNOTS('',1,(#3995,#3996),.UNSPECIFIED.,.F.,
  .F.,(2,2),(0.,1.),.PIECEWISE_BEZIER_KNOTS.);
#3995 = CARTESIAN_POINT('',(9.06108,-68.75808,18.291));
#3996 = CARTESIAN_POINT('',(-9.06108,-68.75808,18.291));
#3997 = PCURVE('',#2969,#3998);
#3998 = DEFINITIONAL_REPRESENTATION('',(#3999),#4002);
#3999 = B_SPLINE_CURVE_WITH_KNOTS('',1,(#4000,#4001),.UNSPECIFIED.,.F.,
  .F.,(2,2),(0.,1.),.PIECEWISE_BEZIER_KNOTS.);
#4000 = CARTESIAN_POINT('',(20.369885594637,-5.52488231543));
#4001 = CARTESIAN_POINT('',(3.267198142849,0.467676820037));
#4002 = ( GEOMETRIC_REPRESENTATION_CONTEXT(2) 
PARAMETRIC_REPRESENTATION_CONTEXT() REPRESENTATION_CONTEXT('2D SPACE',''
  ) );
#4003 = PCURVE('',#4004,#4009);
#4004 = B_SPLINE_SURFACE_WITH_KNOTS('',1,1,(
    (#4005,#4006)
    ,(#4007,#4008
    )),.UNSPECIFIED.,.F.,.F.,.F.,(2,2),(2,2),(-9.02,9.02),(0.,1.),
  .PIECEWISE_BEZIER_KNOTS.);
#4005 = CARTESIAN_POINT('',(-9.045,-68.742,17.889));
#4006 = CARTESIAN_POINT('',(-9.0651,-68.7621,18.3915));
#4007 = CARTESIAN_POINT('',(9.045,-68.742,17.889));
#4008 = CARTESIAN_POINT('',(9.0651,-68.7621,18.3915));
#4009 = DEFINITIONAL_REPRESENTATION('',(#4010),#4013);
#4010 = B_SPLINE_CURVE_WITH_KNOTS('',1,(#4011,#4012),.UNSPECIFIED.,.F.,
  .F.,(2,2),(0.,1.),.PIECEWISE_BEZIER_KNOTS.);
#4011 = CARTESIAN_POINT('',(9.02,0.8));
#4012 = CARTESIAN_POINT('',(-9.02,0.8));
#4013 = ( GEOMETRIC_REPRESENTATION_CONTEXT(2) 
PARAMETRIC_REPRESENTATION_CONTEXT() REPRESENTATION_CONTEXT('2D SPACE',''
  ) );
#4014 = ORIENTED_EDGE('',*,*,#4015,.T.);
#4015 = EDGE_CURVE('',#3991,#4016,#4018,.T.);
#4016 = VERTEX_POINT('',#4017);
#4017 = CARTESIAN_POINT('',(-9.06108,-67.92192,18.291));
#4018 = SURFACE_CURVE('',#4019,(#4022,#4028),.PCURVE_S1.);
#4019 = B_SPLINE_CURVE_WITH_KNOTS('',1,(#4020,#4021),.UNSPECIFIED.,.F.,
  .F.,(2,2),(0.,1.),.PIECEWISE_BEZIER_KNOTS.);
#4020 = CARTESIAN_POINT('',(-9.06108,-68.75808,18.291));
#4021 = CARTESIAN_POINT('',(-9.06108,-67.92192,18.291));
#4022 = PCURVE('',#2969,#4023);
#4023 = DEFINITIONAL_REPRESENTATION('',(#4024),#4027);
#4024 = B_SPLINE_CURVE_WITH_KNOTS('',1,(#4025,#4026),.UNSPECIFIED.,.F.,
  .F.,(2,2),(0.,1.),.PIECEWISE_BEZIER_KNOTS.);
#4025 = CARTESIAN_POINT('',(3.267198142849,0.467676820037));
#4026 = CARTESIAN_POINT('',(3.543695991158,1.256798157653));
#4027 = ( GEOMETRIC_REPRESENTATION_CONTEXT(2) 
PARAMETRIC_REPRESENTATION_CONTEXT() REPRESENTATION_CONTEXT('2D SPACE',''
  ) );
#4028 = PCURVE('',#4029,#4034);
#4029 = B_SPLINE_SURFACE_WITH_KNOTS('',1,1,(
    (#4030,#4031)
    ,(#4032,#4033
    )),.UNSPECIFIED.,.F.,.F.,.F.,(2,2),(2,2),(-0.42,0.42),(0.,1.),
  .PIECEWISE_BEZIER_KNOTS.);
#4030 = CARTESIAN_POINT('',(-9.045,-67.938,17.889));
#4031 = CARTESIAN_POINT('',(-9.0651,-67.9179,18.3915));
#4032 = CARTESIAN_POINT('',(-9.045,-68.742,17.889));
#4033 = CARTESIAN_POINT('',(-9.0651,-68.7621,18.3915));
#4034 = DEFINITIONAL_REPRESENTATION('',(#4035),#4038);
#4035 = B_SPLINE_CURVE_WITH_KNOTS('',1,(#4036,#4037),.UNSPECIFIED.,.F.,
  .F.,(2,2),(0.,1.),.PIECEWISE_BEZIER_KNOTS.);
#4036 = CARTESIAN_POINT('',(0.42,0.8));
#4037 = CARTESIAN_POINT('',(-0.42,0.8));
#4038 = ( GEOMETRIC_REPRESENTATION_CONTEXT(2) 
PARAMETRIC_REPRESENTATION_CONTEXT() REPRESENTATION_CONTEXT('2D SPACE',''
  ) );
#4039 = ORIENTED_EDGE('',*,*,#4040,.T.);
#4040 = EDGE_CURVE('',#4016,#4041,#4043,.T.);
#4041 = VERTEX_POINT('',#4042);
#4042 = CARTESIAN_POINT('',(9.06108,-67.92192,18.291));
#4043 = SURFACE_CURVE('',#4044,(#4047,#4053),.PCURVE_S1.);
#4044 = B_SPLINE_CURVE_WITH_KNOTS('',1,(#4045,#4046),.UNSPECIFIED.,.F.,
  .F.,(2,2),(0.,1.),.PIECEWISE_BEZIER_KNOTS.);
#4045 = CARTESIAN_POINT('',(-9.06108,-67.92192,18.291));
#4046 = CARTESIAN_POINT('',(9.06108,-67.92192,18.291));
#4047 = PCURVE('',#2969,#4048);
#4048 = DEFINITIONAL_REPRESENTATION('',(#4049),#4052);
#4049 = B_SPLINE_CURVE_WITH_KNOTS('',1,(#4050,#4051),.UNSPECIFIED.,.F.,
  .F.,(2,2),(0.,1.),.PIECEWISE_BEZIER_KNOTS.);
#4050 = CARTESIAN_POINT('',(3.543695991158,1.256798157653));
#4051 = CARTESIAN_POINT('',(20.646383442946,-4.735760977815));
#4052 = ( GEOMETRIC_REPRESENTATION_CONTEXT(2) 
PARAMETRIC_REPRESENTATION_CONTEXT() REPRESENTATION_CONTEXT('2D SPACE',''
  ) );
#4053 = PCURVE('',#4054,#4059);
#4054 = B_SPLINE_SURFACE_WITH_KNOTS('',1,1,(
    (#4055,#4056)
    ,(#4057,#4058
    )),.UNSPECIFIED.,.F.,.F.,.F.,(2,2),(2,2),(-9.02,9.02),(0.,1.),
  .PIECEWISE_BEZIER_KNOTS.);
#4055 = CARTESIAN_POINT('',(9.045,-67.938,17.889));
#4056 = CARTESIAN_POINT('',(9.0651,-67.9179,18.3915));
#4057 = CARTESIAN_POINT('',(-9.045,-67.938,17.889));
#4058 = CARTESIAN_POINT('',(-9.0651,-67.9179,18.3915));
#4059 = DEFINITIONAL_REPRESENTATION('',(#4060),#4063);
#4060 = B_SPLINE_CURVE_WITH_KNOTS('',1,(#4061,#4062),.UNSPECIFIED.,.F.,
  .F.,(2,2),(0.,1.),.PIECEWISE_BEZIER_KNOTS.);
#4061 = CARTESIAN_POINT('',(9.02,0.8));
#4062 = CARTESIAN_POINT('',(-9.02,0.8));
#4063 = ( GEOMETRIC_REPRESENTATION_CONTEXT(2) 
PARAMETRIC_REPRESENTATION_CONTEXT() REPRESENTATION_CONTEXT('2D SPACE',''
  ) );
#4064 = ORIENTED_EDGE('',*,*,#4065,.T.);
#4065 = EDGE_CURVE('',#4041,#3989,#4066,.T.);
#4066 = SURFACE_CURVE('',#4067,(#4070,#4076),.PCURVE_S1.);
#4067 = B_SPLINE_CURVE_WITH_KNOTS('',1,(#4068,#4069),.UNSPECIFIED.,.F.,
  .F.,(2,2),(0.,1.),.PIECEWISE_BEZIER_KNOTS.);
#4068 = CARTESIAN_POINT('',(9.06108,-67.92192,18.291));
#4069 = CARTESIAN_POINT('',(9.06108,-68.75808,18.291));
#4070 = PCURVE('',#2969,#4071);
#4071 = DEFINITIONAL_REPRESENTATION('',(#4072),#4075);
#4072 = B_SPLINE_CURVE_WITH_KNOTS('',1,(#4073,#4074),.UNSPECIFIED.,.F.,
  .F.,(2,2),(0.,1.),.PIECEWISE_BEZIER_KNOTS.);
#4073 = CARTESIAN_POINT('',(20.646383442946,-4.735760977815));
#4074 = CARTESIAN_POINT('',(20.369885594637,-5.52488231543));
#4075 = ( GEOMETRIC_REPRESENTATION_CONTEXT(2) 
PARAMETRIC_REPRESENTATION_CONTEXT() REPRESENTATION_CONTEXT('2D SPACE',''
  ) );
#4076 = PCURVE('',#4077,#4082);
#4077 = B_SPLINE_SURFACE_WITH_KNOTS('',1,1,(
    (#4078,#4079)
    ,(#4080,#4081
    )),.UNSPECIFIED.,.F.,.F.,.F.,(2,2),(2,2),(-0.42,0.42),(0.,1.),
  .PIECEWISE_BEZIER_KNOTS.);
#4078 = CARTESIAN_POINT('',(9.045,-68.742,17.889));
#4079 = CARTESIAN_POINT('',(9.0651,-68.7621,18.3915));
#4080 = CARTESIAN_POINT('',(9.045,-67.938,17.889));
#4081 = CARTESIAN_POINT('',(9.0651,-67.9179,18.3915));
#4082 = DEFINITIONAL_REPRESENTATION('',(#4083),#4086);
#4083 = B_SPLINE_CURVE_WITH_KNOTS('',1,(#4084,#4085),.UNSPECIFIED.,.F.,
  .F.,(2,2),(0.,1.),.PIECEWISE_BEZIER_KNOTS.);
#4084 = CARTESIAN_POINT('',(0.42,0.8));
#4085 = CARTESIAN_POINT('',(-0.42,0.8));
#4086 = ( GEOMETRIC_REPRESENTATION_CONTEXT(2) 
PARAMETRIC_REPRESENTATION_CONTEXT() REPRESENTATION_CONTEXT('2D SPACE',''
  ) );
#4087 = FACE_BOUND('',#4088,.F.);
#4088 = EDGE_LOOP('',(#4089,#4116,#4141,#4166));
#4089 = ORIENTED_EDGE('',*,*,#4090,.T.);
#4090 = EDGE_CURVE('',#4091,#4093,#4095,.T.);
#4091 = VERTEX_POINT('',#4092);
#4092 = CARTESIAN_POINT('',(9.06108,-66.74808,18.291));
#4093 = VERTEX_POINT('',#4094);
#4094 = CARTESIAN_POINT('',(-9.06108,-66.74808,18.291));
#4095 = SURFACE_CURVE('',#4096,(#4099,#4105),.PCURVE_S1.);
#4096 = B_SPLINE_CURVE_WITH_KNOTS('',1,(#4097,#4098),.UNSPECIFIED.,.F.,
  .F.,(2,2),(0.,1.),.PIECEWISE_BEZIER_KNOTS.);
#4097 = CARTESIAN_POINT('',(9.06108,-66.74808,18.291));
#4098 = CARTESIAN_POINT('',(-9.06108,-66.74808,18.291));
#4099 = PCURVE('',#2969,#4100);
#4100 = DEFINITIONAL_REPRESENTATION('',(#4101),#4104);
#4101 = B_SPLINE_CURVE_WITH_KNOTS('',1,(#4102,#4103),.UNSPECIFIED.,.F.,
  .F.,(2,2),(0.,1.),.PIECEWISE_BEZIER_KNOTS.);
#4102 = CARTESIAN_POINT('',(21.034543883841,-3.627956023085));
#4103 = CARTESIAN_POINT('',(3.931856432054,2.364603112383));
#4104 = ( GEOMETRIC_REPRESENTATION_CONTEXT(2) 
PARAMETRIC_REPRESENTATION_CONTEXT() REPRESENTATION_CONTEXT('2D SPACE',''
  ) );
#4105 = PCURVE('',#4106,#4111);
#4106 = B_SPLINE_SURFACE_WITH_KNOTS('',1,1,(
    (#4107,#4108)
    ,(#4109,#4110
    )),.UNSPECIFIED.,.F.,.F.,.F.,(2,2),(2,2),(-9.02,9.02),(0.,1.),
  .PIECEWISE_BEZIER_KNOTS.);
#4107 = CARTESIAN_POINT('',(-9.045,-66.732,17.889));
#4108 = CARTESIAN_POINT('',(-9.0651,-66.7521,18.3915));
#4109 = CARTESIAN_POINT('',(9.045,-66.732,17.889));
#4110 = CARTESIAN_POINT('',(9.0651,-66.7521,18.3915));
#4111 = DEFINITIONAL_REPRESENTATION('',(#4112),#4115);
#4112 = B_SPLINE_CURVE_WITH_KNOTS('',1,(#4113,#4114),.UNSPECIFIED.,.F.,
  .F.,(2,2),(0.,1.),.PIECEWISE_BEZIER_KNOTS.);
#4113 = CARTESIAN_POINT('',(9.02,0.8));
#4114 = CARTESIAN_POINT('',(-9.02,0.8));
#4115 = ( GEOMETRIC_REPRESENTATION_CONTEXT(2) 
PARAMETRIC_REPRESENTATION_CONTEXT() REPRESENTATION_CONTEXT('2D SPACE',''
  ) );
#4116 = ORIENTED_EDGE('',*,*,#4117,.T.);
#4117 = EDGE_CURVE('',#4093,#4118,#4120,.T.);
#4118 = VERTEX_POINT('',#4119);
#4119 = CARTESIAN_POINT('',(-9.06108,-65.91192,18.291));
#4120 = SURFACE_CURVE('',#4121,(#4124,#4130),.PCURVE_S1.);
#4121 = B_SPLINE_CURVE_WITH_KNOTS('',1,(#4122,#4123),.UNSPECIFIED.,.F.,
  .F.,(2,2),(0.,1.),.PIECEWISE_BEZIER_KNOTS.);
#4122 = CARTESIAN_POINT('',(-9.06108,-66.74808,18.291));
#4123 = CARTESIAN_POINT('',(-9.06108,-65.91192,18.291));
#4124 = PCURVE('',#2969,#4125);
#4125 = DEFINITIONAL_REPRESENTATION('',(#4126),#4129);
#4126 = B_SPLINE_CURVE_WITH_KNOTS('',1,(#4127,#4128),.UNSPECIFIED.,.F.,
  .F.,(2,2),(0.,1.),.PIECEWISE_BEZIER_KNOTS.);
#4127 = CARTESIAN_POINT('',(3.931856432054,2.364603112383));
#4128 = CARTESIAN_POINT('',(4.208354280363,3.153724449998));
#4129 = ( GEOMETRIC_REPRESENTATION_CONTEXT(2) 
PARAMETRIC_REPRESENTATION_CONTEXT() REPRESENTATION_CONTEXT('2D SPACE',''
  ) );
#4130 = PCURVE('',#4131,#4136);
#4131 = B_SPLINE_SURFACE_WITH_KNOTS('',1,1,(
    (#4132,#4133)
    ,(#4134,#4135
    )),.UNSPECIFIED.,.F.,.F.,.F.,(2,2),(2,2),(-0.42,0.42),(0.,1.),
  .PIECEWISE_BEZIER_KNOTS.);
#4132 = CARTESIAN_POINT('',(-9.045,-65.928,17.889));
#4133 = CARTESIAN_POINT('',(-9.0651,-65.9079,18.3915));
#4134 = CARTESIAN_POINT('',(-9.045,-66.732,17.889));
#4135 = CARTESIAN_POINT('',(-9.0651,-66.7521,18.3915));
#4136 = DEFINITIONAL_REPRESENTATION('',(#4137),#4140);
#4137 = B_SPLINE_CURVE_WITH_KNOTS('',1,(#4138,#4139),.UNSPECIFIED.,.F.,
  .F.,(2,2),(0.,1.),.PIECEWISE_BEZIER_KNOTS.);
#4138 = CARTESIAN_POINT('',(0.42,0.8));
#4139 = CARTESIAN_POINT('',(-0.42,0.8));
#4140 = ( GEOMETRIC_REPRESENTATION_CONTEXT(2) 
PARAMETRIC_REPRESENTATION_CONTEXT() REPRESENTATION_CONTEXT('2D SPACE',''
  ) );
#4141 = ORIENTED_EDGE('',*,*,#4142,.T.);
#4142 = EDGE_CURVE('',#4118,#4143,#4145,.T.);
#4143 = VERTEX_POINT('',#4144);
#4144 = CARTESIAN_POINT('',(9.06108,-65.91192,18.291));
#4145 = SURFACE_CURVE('',#4146,(#4149,#4155),.PCURVE_S1.);
#4146 = B_SPLINE_CURVE_WITH_KNOTS('',1,(#4147,#4148),.UNSPECIFIED.,.F.,
  .F.,(2,2),(0.,1.),.PIECEWISE_BEZIER_KNOTS.);
#4147 = CARTESIAN_POINT('',(-9.06108,-65.91192,18.291));
#4148 = CARTESIAN_POINT('',(9.06108,-65.91192,18.291));
#4149 = PCURVE('',#2969,#4150);
#4150 = DEFINITIONAL_REPRESENTATION('',(#4151),#4154);
#4151 = B_SPLINE_CURVE_WITH_KNOTS('',1,(#4152,#4153),.UNSPECIFIED.,.F.,
  .F.,(2,2),(0.,1.),.PIECEWISE_BEZIER_KNOTS.);
#4152 = CARTESIAN_POINT('',(4.208354280363,3.153724449998));
#4153 = CARTESIAN_POINT('',(21.31104173215,-2.838834685469));
#4154 = ( GEOMETRIC_REPRESENTATION_CONTEXT(2) 
PARAMETRIC_REPRESENTATION_CONTEXT() REPRESENTATION_CONTEXT('2D SPACE',''
  ) );
#4155 = PCURVE('',#4156,#4161);
#4156 = B_SPLINE_SURFACE_WITH_KNOTS('',1,1,(
    (#4157,#4158)
    ,(#4159,#4160
    )),.UNSPECIFIED.,.F.,.F.,.F.,(2,2),(2,2),(-9.02,9.02),(0.,1.),
  .PIECEWISE_BEZIER_KNOTS.);
#4157 = CARTESIAN_POINT('',(9.045,-65.928,17.889));
#4158 = CARTESIAN_POINT('',(9.0651,-65.9079,18.3915));
#4159 = CARTESIAN_POINT('',(-9.045,-65.928,17.889));
#4160 = CARTESIAN_POINT('',(-9.0651,-65.9079,18.3915));
#4161 = DEFINITIONAL_REPRESENTATION('',(#4162),#4165);
#4162 = B_SPLINE_CURVE_WITH_KNOTS('',1,(#4163,#4164),.UNSPECIFIED.,.F.,
  .F.,(2,2),(0.,1.),.PIECEWISE_BEZIER_KNOTS.);
#4163 = CARTESIAN_POINT('',(9.02,0.8));
#4164 = CARTESIAN_POINT('',(-9.02,0.8));
#4165 = ( GEOMETRIC_REPRESENTATION_CONTEXT(2) 
PARAMETRIC_REPRESENTATION_CONTEXT() REPRESENTATION_CONTEXT('2D SPACE',''
  ) );
#4166 = ORIENTED_EDGE('',*,*,#4167,.T.);
#4167 = EDGE_CURVE('',#4143,#4091,#4168,.T.);
#4168 = SURFACE_CURVE('',#4169,(#4172,#4178),.PCURVE_S1.);
#4169 = B_SPLINE_CURVE_WITH_KNOTS('',1,(#4170,#4171),.UNSPECIFIED.,.F.,
  .F.,(2,2),(0.,1.),.PIECEWISE_BEZIER_KNOTS.);
#4170 = CARTESIAN_POINT('',(9.06108,-65.91192,18.291));
#4171 = CARTESIAN_POINT('',(9.06108,-66.74808,18.291));
#4172 = PCURVE('',#2969,#4173);
#4173 = DEFINITIONAL_REPRESENTATION('',(#4174),#4177);
#4174 = B_SPLINE_CURVE_WITH_KNOTS('',1,(#4175,#4176),.UNSPECIFIED.,.F.,
  .F.,(2,2),(0.,1.),.PIECEWISE_BEZIER_KNOTS.);
#4175 = CARTESIAN_POINT('',(21.31104173215,-2.838834685469));
#4176 = CARTESIAN_POINT('',(21.034543883841,-3.627956023085));
#4177 = ( GEOMETRIC_REPRESENTATION_CONTEXT(2) 
PARAMETRIC_REPRESENTATION_CONTEXT() REPRESENTATION_CONTEXT('2D SPACE',''
  ) );
#4178 = PCURVE('',#4179,#4184);
#4179 = B_SPLINE_SURFACE_WITH_KNOTS('',1,1,(
    (#4180,#4181)
    ,(#4182,#4183
    )),.UNSPECIFIED.,.F.,.F.,.F.,(2,2),(2,2),(-0.42,0.42),(0.,1.),
  .PIECEWISE_BEZIER_KNOTS.);
#4180 = CARTESIAN_POINT('',(9.045,-66.732,17.889));
#4181 = CARTESIAN_POINT('',(9.0651,-66.7521,18.3915));
#4182 = CARTESIAN_POINT('',(9.045,-65.928,17.889));
#4183 = CARTESIAN_POINT('',(9.0651,-65.9079,18.3915));
#4184 = DEFINITIONAL_REPRESENTATION('',(#4185),#4188);
#4185 = B_SPLINE_CURVE_WITH_KNOTS('',1,(#4186,#4187),.UNSPECIFIED.,.F.,
  .F.,(2,2),(0.,1.),.PIECEWISE_BEZIER_KNOTS.);
#4186 = CARTESIAN_POINT('',(0.42,0.8));
#4187 = CARTESIAN_POINT('',(-0.42,0.8));
#4188 = ( GEOMETRIC_REPRESENTATION_CONTEXT(2) 
PARAMETRIC_REPRESENTATION_CONTEXT() REPRESENTATION_CONTEXT('2D SPACE',''
  ) );
#4189 = FACE_BOUND('',#4190,.F.);
#4190 = EDGE_LOOP('',(#4191,#4218,#4243,#4268));
#4191 = ORIENTED_EDGE('',*,*,#4192,.T.);
#4192 = EDGE_CURVE('',#4193,#4195,#4197,.T.);
#4193 = VERTEX_POINT('',#4194);
#4194 = CARTESIAN_POINT('',(9.06108,-64.73808,18.291));
#4195 = VERTEX_POINT('',#4196);
#4196 = CARTESIAN_POINT('',(-9.06108,-64.73808,18.291));
#4197 = SURFACE_CURVE('',#4198,(#4201,#4207),.PCURVE_S1.);
#4198 = B_SPLINE_CURVE_WITH_KNOTS('',1,(#4199,#4200),.UNSPECIFIED.,.F.,
  .F.,(2,2),(0.,1.),.PIECEWISE_BEZIER_KNOTS.);
#4199 = CARTESIAN_POINT('',(9.06108,-64.73808,18.291));
#4200 = CARTESIAN_POINT('',(-9.06108,-64.73808,18.291));
#4201 = PCURVE('',#2969,#4202);
#4202 = DEFINITIONAL_REPRESENTATION('',(#4203),#4206);
#4203 = B_SPLINE_CURVE_WITH_KNOTS('',1,(#4204,#4205),.UNSPECIFIED.,.F.,
  .F.,(2,2),(0.,1.),.PIECEWISE_BEZIER_KNOTS.);
#4204 = CARTESIAN_POINT('',(21.699202173046,-1.731029730739));
#4205 = CARTESIAN_POINT('',(4.596514721258,4.261529404728));
#4206 = ( GEOMETRIC_REPRESENTATION_CONTEXT(2) 
PARAMETRIC_REPRESENTATION_CONTEXT() REPRESENTATION_CONTEXT('2D SPACE',''
  ) );
#4207 = PCURVE('',#4208,#4213);
#4208 = B_SPLINE_SURFACE_WITH_KNOTS('',1,1,(
    (#4209,#4210)
    ,(#4211,#4212
    )),.UNSPECIFIED.,.F.,.F.,.F.,(2,2),(2,2),(-9.02,9.02),(0.,1.),
  .PIECEWISE_BEZIER_KNOTS.);
#4209 = CARTESIAN_POINT('',(-9.045,-64.722,17.889));
#4210 = CARTESIAN_POINT('',(-9.0651,-64.7421,18.3915));
#4211 = CARTESIAN_POINT('',(9.045,-64.722,17.889));
#4212 = CARTESIAN_POINT('',(9.0651,-64.7421,18.3915));
#4213 = DEFINITIONAL_REPRESENTATION('',(#4214),#4217);
#4214 = B_SPLINE_CURVE_WITH_KNOTS('',1,(#4215,#4216),.UNSPECIFIED.,.F.,
  .F.,(2,2),(0.,1.),.PIECEWISE_BEZIER_KNOTS.);
#4215 = CARTESIAN_POINT('',(9.02,0.8));
#4216 = CARTESIAN_POINT('',(-9.02,0.8));
#4217 = ( GEOMETRIC_REPRESENTATION_CONTEXT(2) 
PARAMETRIC_REPRESENTATION_CONTEXT() REPRESENTATION_CONTEXT('2D SPACE',''
  ) );
#4218 = ORIENTED_EDGE('',*,*,#4219,.T.);
#4219 = EDGE_CURVE('',#4195,#4220,#4222,.T.);
#4220 = VERTEX_POINT('',#4221);
#4221 = CARTESIAN_POINT('',(-9.06108,-63.90192,18.291));
#4222 = SURFACE_CURVE('',#4223,(#4226,#4232),.PCURVE_S1.);
#4223 = B_SPLINE_CURVE_WITH_KNOTS('',1,(#4224,#4225),.UNSPECIFIED.,.F.,
  .F.,(2,2),(0.,1.),.PIECEWISE_BEZIER_KNOTS.);
#4224 = CARTESIAN_POINT('',(-9.06108,-64.73808,18.291));
#4225 = CARTESIAN_POINT('',(-9.06108,-63.90192,18.291));
#4226 = PCURVE('',#2969,#4227);
#4227 = DEFINITIONAL_REPRESENTATION('',(#4228),#4231);
#4228 = B_SPLINE_CURVE_WITH_KNOTS('',1,(#4229,#4230),.UNSPECIFIED.,.F.,
  .F.,(2,2),(0.,1.),.PIECEWISE_BEZIER_KNOTS.);
#4229 = CARTESIAN_POINT('',(4.596514721258,4.261529404728));
#4230 = CARTESIAN_POINT('',(4.873012569567,5.050650742344));
#4231 = ( GEOMETRIC_REPRESENTATION_CONTEXT(2) 
PARAMETRIC_REPRESENTATION_CONTEXT() REPRESENTATION_CONTEXT('2D SPACE',''
  ) );
#4232 = PCURVE('',#4233,#4238);
#4233 = B_SPLINE_SURFACE_WITH_KNOTS('',1,1,(
    (#4234,#4235)
    ,(#4236,#4237
    )),.UNSPECIFIED.,.F.,.F.,.F.,(2,2),(2,2),(-0.42,0.42),(0.,1.),
  .PIECEWISE_BEZIER_KNOTS.);
#4234 = CARTESIAN_POINT('',(-9.045,-63.918,17.889));
#4235 = CARTESIAN_POINT('',(-9.0651,-63.8979,18.3915));
#4236 = CARTESIAN_POINT('',(-9.045,-64.722,17.889));
#4237 = CARTESIAN_POINT('',(-9.0651,-64.7421,18.3915));
#4238 = DEFINITIONAL_REPRESENTATION('',(#4239),#4242);
#4239 = B_SPLINE_CURVE_WITH_KNOTS('',1,(#4240,#4241),.UNSPECIFIED.,.F.,
  .F.,(2,2),(0.,1.),.PIECEWISE_BEZIER_KNOTS.);
#4240 = CARTESIAN_POINT('',(0.42,0.8));
#4241 = CARTESIAN_POINT('',(-0.42,0.8));
#4242 = ( GEOMETRIC_REPRESENTATION_CONTEXT(2) 
PARAMETRIC_REPRESENTATION_CONTEXT() REPRESENTATION_CONTEXT('2D SPACE',''
  ) );
#4243 = ORIENTED_EDGE('',*,*,#4244,.T.);
#4244 = EDGE_CURVE('',#4220,#4245,#4247,.T.);
#4245 = VERTEX_POINT('',#4246);
#4246 = CARTESIAN_POINT('',(9.06108,-63.90192,18.291));
#4247 = SURFACE_CURVE('',#4248,(#4251,#4257),.PCURVE_S1.);
#4248 = B_SPLINE_CURVE_WITH_KNOTS('',1,(#4249,#4250),.UNSPECIFIED.,.F.,
  .F.,(2,2),(0.,1.),.PIECEWISE_BEZIER_KNOTS.);
#4249 = CARTESIAN_POINT('',(-9.06108,-63.90192,18.291));
#4250 = CARTESIAN_POINT('',(9.06108,-63.90192,18.291));
#4251 = PCURVE('',#2969,#4252);
#4252 = DEFINITIONAL_REPRESENTATION('',(#4253),#4256);
#4253 = B_SPLINE_CURVE_WITH_KNOTS('',1,(#4254,#4255),.UNSPECIFIED.,.F.,
  .F.,(2,2),(0.,1.),.PIECEWISE_BEZIER_KNOTS.);
#4254 = CARTESIAN_POINT('',(4.873012569567,5.050650742344));
#4255 = CARTESIAN_POINT('',(21.975700021355,-0.941908393123));
#4256 = ( GEOMETRIC_REPRESENTATION_CONTEXT(2) 
PARAMETRIC_REPRESENTATION_CONTEXT() REPRESENTATION_CONTEXT('2D SPACE',''
  ) );
#4257 = PCURVE('',#4258,#4263);
#4258 = B_SPLINE_SURFACE_WITH_KNOTS('',1,1,(
    (#4259,#4260)
    ,(#4261,#4262
    )),.UNSPECIFIED.,.F.,.F.,.F.,(2,2),(2,2),(-9.02,9.02),(0.,1.),
  .PIECEWISE_BEZIER_KNOTS.);
#4259 = CARTESIAN_POINT('',(9.045,-63.918,17.889));
#4260 = CARTESIAN_POINT('',(9.0651,-63.8979,18.3915));
#4261 = CARTESIAN_POINT('',(-9.045,-63.918,17.889));
#4262 = CARTESIAN_POINT('',(-9.0651,-63.8979,18.3915));
#4263 = DEFINITIONAL_REPRESENTATION('',(#4264),#4267);
#4264 = B_SPLINE_CURVE_WITH_KNOTS('',1,(#4265,#4266),.UNSPECIFIED.,.F.,
  .F.,(2,2),(0.,1.),.PIECEWISE_BEZIER_KNOTS.);
#4265 = CARTESIAN_POINT('',(9.02,0.8));
#4266 = CARTESIAN_POINT('',(-9.02,0.8));
#4267 = ( GEOMETRIC_REPRESENTATION_CONTEXT(2) 
PARAMETRIC_REPRESENTATION_CONTEXT() REPRESENTATION_CONTEXT('2D SPACE',''
  ) );
#4268 = ORIENTED_EDGE('',*,*,#4269,.T.);
#4269 = EDGE_CURVE('',#4245,#4193,#4270,.T.);
#4270 = SURFACE_CURVE('',#4271,(#4274,#4280),.PCURVE_S1.);
#4271 = B_SPLINE_CURVE_WITH_KNOTS('',1,(#4272,#4273),.UNSPECIFIED.,.F.,
  .F.,(2,2),(0.,1.),.PIECEWISE_BEZIER_KNOTS.);
#4272 = CARTESIAN_POINT('',(9.06108,-63.90192,18.291));
#4273 = CARTESIAN_POINT('',(9.06108,-64.73808,18.291));
#4274 = PCURVE('',#2969,#4275);
#4275 = DEFINITIONAL_REPRESENTATION('',(#4276),#4279);
#4276 = B_SPLINE_CURVE_WITH_KNOTS('',1,(#4277,#4278),.UNSPECIFIED.,.F.,
  .F.,(2,2),(0.,1.),.PIECEWISE_BEZIER_KNOTS.);
#4277 = CARTESIAN_POINT('',(21.975700021355,-0.941908393123));
#4278 = CARTESIAN_POINT('',(21.699202173046,-1.731029730739));
#4279 = ( GEOMETRIC_REPRESENTATION_CONTEXT(2) 
PARAMETRIC_REPRESENTATION_CONTEXT() REPRESENTATION_CONTEXT('2D SPACE',''
  ) );
#4280 = PCURVE('',#4281,#4286);
#4281 = B_SPLINE_SURFACE_WITH_KNOTS('',1,1,(
    (#4282,#4283)
    ,(#4284,#4285
    )),.UNSPECIFIED.,.F.,.F.,.F.,(2,2),(2,2),(-0.42,0.42),(0.,1.),
  .PIECEWISE_BEZIER_KNOTS.);
#4282 = CARTESIAN_POINT('',(9.045,-64.722,17.889));
#4283 = CARTESIAN_POINT('',(9.0651,-64.7421,18.3915));
#4284 = CARTESIAN_POINT('',(9.045,-63.918,17.889));
#4285 = CARTESIAN_POINT('',(9.0651,-63.8979,18.3915));
#4286 = DEFINITIONAL_REPRESENTATION('',(#4287),#4290);
#4287 = B_SPLINE_CURVE_WITH_KNOTS('',1,(#4288,#4289),.UNSPECIFIED.,.F.,
  .F.,(2,2),(0.,1.),.PIECEWISE_BEZIER_KNOTS.);
#4288 = CARTESIAN_POINT('',(0.42,0.8));
#4289 = CARTESIAN_POINT('',(-0.42,0.8));
#4290 = ( GEOMETRIC_REPRESENTATION_CONTEXT(2) 
PARAMETRIC_REPRESENTATION_CONTEXT() REPRESENTATION_CONTEXT('2D SPACE',''
  ) );
#4291 = ADVANCED_FACE('',(#4292),#3483,.F.);
#4292 = FACE_BOUND('',#4293,.F.);
#4293 = EDGE_LOOP('',(#4294,#4295,#4296,#4297));
#4294 = ORIENTED_EDGE('',*,*,#3716,.F.);
#4295 = ORIENTED_EDGE('',*,*,#3814,.T.);
#4296 = ORIENTED_EDGE('',*,*,#3469,.T.);
#4297 = ORIENTED_EDGE('',*,*,#3763,.F.);
#4298 = ADVANCED_FACE('',(#4299),#3512,.T.);
#4299 = FACE_BOUND('',#4300,.T.);
#4300 = EDGE_LOOP('',(#4301,#4330,#4357,#4375));
#4301 = ORIENTED_EDGE('',*,*,#4302,.T.);
#4302 = EDGE_CURVE('',#3499,#4303,#4305,.T.);
#4303 = VERTEX_POINT('',#4304);
#4304 = CARTESIAN_POINT('',(3.06525,-54.405675,15.1755));
#4305 = SURFACE_CURVE('',#4306,(#4312,#4321),.PCURVE_S1.);
#4306 = B_SPLINE_CURVE_WITH_KNOTS('',4,(#4307,#4308,#4309,#4310,#4311),
  .UNSPECIFIED.,.F.,.F.,(5,5),(0.,1.),.PIECEWISE_BEZIER_KNOTS.);
#4307 = CARTESIAN_POINT('',(3.074898293981,-54.39291922172,
    15.72825039195));
#4308 = CARTESIAN_POINT('',(3.072486219905,-54.39610816706,
    15.590062760688));
#4309 = CARTESIAN_POINT('',(3.070074146215,-54.39929711188,
    15.451875151581));
#4310 = CARTESIAN_POINT('',(3.067662072914,-54.4024860562,
    15.313687564675));
#4311 = CARTESIAN_POINT('',(3.06525,-54.405675,15.1755));
#4312 = PCURVE('',#3512,#4313);
#4313 = DEFINITIONAL_REPRESENTATION('',(#4314),#4320);
#4314 = B_SPLINE_CURVE_WITH_KNOTS('',4,(#4315,#4316,#4317,#4318,#4319),
  .UNSPECIFIED.,.F.,.F.,(5,5),(0.,1.),.PIECEWISE_BEZIER_KNOTS.);
#4315 = CARTESIAN_POINT('',(-13.02381704833,0.846154446154));
#4316 = CARTESIAN_POINT('',(-13.02906612357,0.634615783679));
#4317 = CARTESIAN_POINT('',(-13.03431742878,0.423077155118));
#4318 = CARTESIAN_POINT('',(-13.03957096609,0.211538560543));
#4319 = CARTESIAN_POINT('',(-13.04482673763,0.));
#4320 = ( GEOMETRIC_REPRESENTATION_CONTEXT(2) 
PARAMETRIC_REPRESENTATION_CONTEXT() REPRESENTATION_CONTEXT('2D SPACE',''
  ) );
#4321 = PCURVE('',#3537,#4322);
#4322 = DEFINITIONAL_REPRESENTATION('',(#4323),#4329);
#4323 = B_SPLINE_CURVE_WITH_KNOTS('',4,(#4324,#4325,#4326,#4327,#4328),
  .UNSPECIFIED.,.F.,.F.,(5,5),(0.,1.),.PIECEWISE_BEZIER_KNOTS.);
#4324 = CARTESIAN_POINT('',(-3.061601767672,0.923077223077));
#4325 = CARTESIAN_POINT('',(-3.061953965893,0.817307891836));
#4326 = CARTESIAN_POINT('',(-3.062307008842,0.711538577567));
#4327 = CARTESIAN_POINT('',(-3.062660901078,0.605769280263));
#4328 = CARTESIAN_POINT('',(-3.063015647226,0.500000000003));
#4329 = ( GEOMETRIC_REPRESENTATION_CONTEXT(2) 
PARAMETRIC_REPRESENTATION_CONTEXT() REPRESENTATION_CONTEXT('2D SPACE',''
  ) );
#4330 = ORIENTED_EDGE('',*,*,#4331,.T.);
#4331 = EDGE_CURVE('',#4303,#4332,#4334,.T.);
#4332 = VERTEX_POINT('',#4333);
#4333 = CARTESIAN_POINT('',(3.06525,-26.18025,15.1755));
#4334 = SURFACE_CURVE('',#4335,(#4339,#4345),.PCURVE_S1.);
#4335 = LINE('',#4336,#4337);
#4336 = CARTESIAN_POINT('',(3.06525,-41.3055,15.1755));
#4337 = VECTOR('',#4338,1.);
#4338 = DIRECTION('',(0.,1.,0.));
#4339 = PCURVE('',#3512,#4340);
#4340 = DEFINITIONAL_REPRESENTATION('',(#4341),#4344);
#4341 = B_SPLINE_CURVE_WITH_KNOTS('',1,(#4342,#4343),.UNSPECIFIED.,.F.,
  .F.,(2,2),(-13.100175,15.12525),.PIECEWISE_BEZIER_KNOTS.);
#4342 = CARTESIAN_POINT('',(-13.04482673763,0.));
#4343 = CARTESIAN_POINT('',(15.061345792203,0.));
#4344 = ( GEOMETRIC_REPRESENTATION_CONTEXT(2) 
PARAMETRIC_REPRESENTATION_CONTEXT() REPRESENTATION_CONTEXT('2D SPACE',''
  ) );
#4345 = PCURVE('',#4346,#4351);
#4346 = PLANE('',#4347);
#4347 = AXIS2_PLACEMENT_3D('',#4348,#4349,#4350);
#4348 = CARTESIAN_POINT('',(-3.06525,-56.43075,15.1755));
#4349 = DIRECTION('',(0.,0.,1.));
#4350 = DIRECTION('',(0.198620163262,0.98007654331,-0.));
#4351 = DEFINITIONAL_REPRESENTATION('',(#4352),#4356);
#4352 = LINE('',#4353,#4354);
#4353 = CARTESIAN_POINT('',(16.041543647572,-3.00417962438));
#4354 = VECTOR('',#4355,1.);
#4355 = DIRECTION('',(0.98007654331,0.198620163262));
#4356 = ( GEOMETRIC_REPRESENTATION_CONTEXT(2) 
PARAMETRIC_REPRESENTATION_CONTEXT() REPRESENTATION_CONTEXT('2D SPACE',''
  ) );
#4357 = ORIENTED_EDGE('',*,*,#4358,.T.);
#4358 = EDGE_CURVE('',#4332,#3497,#4359,.T.);
#4359 = SURFACE_CURVE('',#4360,(#4363,#4369),.PCURVE_S1.);
#4360 = B_SPLINE_CURVE_WITH_KNOTS('',1,(#4361,#4362),.UNSPECIFIED.,.F.,
  .F.,(2,2),(0.,1.),.PIECEWISE_BEZIER_KNOTS.);
#4361 = CARTESIAN_POINT('',(3.06525,-26.18025,15.1755));
#4362 = CARTESIAN_POINT('',(3.076652521164,-26.16884747883,15.82875));
#4363 = PCURVE('',#3512,#4364);
#4364 = DEFINITIONAL_REPRESENTATION('',(#4365),#4368);
#4365 = B_SPLINE_CURVE_WITH_KNOTS('',1,(#4366,#4367),.UNSPECIFIED.,.F.,
  .F.,(2,2),(0.,0.846153846154),.PIECEWISE_BEZIER_KNOTS.);
#4366 = CARTESIAN_POINT('',(15.061345792203,0.));
#4367 = CARTESIAN_POINT('',(15.061345792203,0.846153846154));
#4368 = ( GEOMETRIC_REPRESENTATION_CONTEXT(2) 
PARAMETRIC_REPRESENTATION_CONTEXT() REPRESENTATION_CONTEXT('2D SPACE',''
  ) );
#4369 = PCURVE('',#3680,#4370);
#4370 = DEFINITIONAL_REPRESENTATION('',(#4371),#4374);
#4371 = B_SPLINE_CURVE_WITH_KNOTS('',1,(#4372,#4373),.UNSPECIFIED.,.F.,
  .F.,(2,2),(0.,0.846153846154),.PIECEWISE_BEZIER_KNOTS.);
#4372 = CARTESIAN_POINT('',(-3.061345792203,0.));
#4373 = CARTESIAN_POINT('',(-3.061345792203,0.846153846154));
#4374 = ( GEOMETRIC_REPRESENTATION_CONTEXT(2) 
PARAMETRIC_REPRESENTATION_CONTEXT() REPRESENTATION_CONTEXT('2D SPACE',''
  ) );
#4375 = ORIENTED_EDGE('',*,*,#3496,.T.);
#4376 = ADVANCED_FACE('',(#4377),#3537,.T.);
#4377 = FACE_BOUND('',#4378,.T.);
#4378 = EDGE_LOOP('',(#4379,#4408,#4426,#4427,#4456,#4474,#4475,#4476));
#4379 = ORIENTED_EDGE('',*,*,#4380,.F.);
#4380 = EDGE_CURVE('',#4381,#4383,#4385,.T.);
#4381 = VERTEX_POINT('',#4382);
#4382 = CARTESIAN_POINT('',(-3.5175,-54.42075,14.52225));
#4383 = VERTEX_POINT('',#4384);
#4384 = CARTESIAN_POINT('',(3.5175,-54.42075,14.52225));
#4385 = SURFACE_CURVE('',#4386,(#4390,#4396),.PCURVE_S1.);
#4386 = LINE('',#4387,#4388);
#4387 = CARTESIAN_POINT('',(0.,-54.42075,14.52225));
#4388 = VECTOR('',#4389,1.);
#4389 = DIRECTION('',(1.,0.,0.));
#4390 = PCURVE('',#3537,#4391);
#4391 = DEFINITIONAL_REPRESENTATION('',(#4392),#4395);
#4392 = B_SPLINE_CURVE_WITH_KNOTS('',1,(#4393,#4394),.UNSPECIFIED.,.F.,
  .F.,(2,2),(-3.5175,3.5175),.PIECEWISE_BEZIER_KNOTS.);
#4393 = CARTESIAN_POINT('',(3.53,0.));
#4394 = CARTESIAN_POINT('',(-3.53,0.));
#4395 = ( GEOMETRIC_REPRESENTATION_CONTEXT(2) 
PARAMETRIC_REPRESENTATION_CONTEXT() REPRESENTATION_CONTEXT('2D SPACE',''
  ) );
#4396 = PCURVE('',#4397,#4402);
#4397 = PLANE('',#4398);
#4398 = AXIS2_PLACEMENT_3D('',#4399,#4400,#4401);
#4399 = CARTESIAN_POINT('',(-3.5175,-60.04875,14.52225));
#4400 = DIRECTION('',(0.,0.,1.));
#4401 = DIRECTION('',(0.780868809443,0.624695047554,-0.));
#4402 = DEFINITIONAL_REPRESENTATION('',(#4403),#4407);
#4403 = LINE('',#4404,#4405);
#4404 = CARTESIAN_POINT('',(6.262489764852,2.197364829773));
#4405 = VECTOR('',#4406,1.);
#4406 = DIRECTION('',(0.780868809443,-0.624695047554));
#4407 = ( GEOMETRIC_REPRESENTATION_CONTEXT(2) 
PARAMETRIC_REPRESENTATION_CONTEXT() REPRESENTATION_CONTEXT('2D SPACE',''
  ) );
#4408 = ORIENTED_EDGE('',*,*,#4409,.T.);
#4409 = EDGE_CURVE('',#4381,#3599,#4410,.T.);
#4410 = SURFACE_CURVE('',#4411,(#4414,#4420),.PCURVE_S1.);
#4411 = B_SPLINE_CURVE_WITH_KNOTS('',1,(#4412,#4413),.UNSPECIFIED.,.F.,
  .F.,(2,2),(0.,1.),.PIECEWISE_BEZIER_KNOTS.);
#4412 = CARTESIAN_POINT('',(-3.5175,-54.42075,14.52225));
#4413 = CARTESIAN_POINT('',(-3.54765,-54.3906,15.82875));
#4414 = PCURVE('',#3537,#4415);
#4415 = DEFINITIONAL_REPRESENTATION('',(#4416),#4419);
#4416 = B_SPLINE_CURVE_WITH_KNOTS('',1,(#4417,#4418),.UNSPECIFIED.,.F.,
  .F.,(2,2),(0.,0.923076923077),.PIECEWISE_BEZIER_KNOTS.);
#4417 = CARTESIAN_POINT('',(3.53,0.));
#4418 = CARTESIAN_POINT('',(3.53,0.923076923077));
#4419 = ( GEOMETRIC_REPRESENTATION_CONTEXT(2) 
PARAMETRIC_REPRESENTATION_CONTEXT() REPRESENTATION_CONTEXT('2D SPACE',''
  ) );
#4420 = PCURVE('',#3612,#4421);
#4421 = DEFINITIONAL_REPRESENTATION('',(#4422),#4425);
#4422 = B_SPLINE_CURVE_WITH_KNOTS('',1,(#4423,#4424),.UNSPECIFIED.,.F.,
  .F.,(2,2),(0.,0.923076923077),.PIECEWISE_BEZIER_KNOTS.);
#4423 = CARTESIAN_POINT('',(-2.83,0.));
#4424 = CARTESIAN_POINT('',(-2.83,0.923076923077));
#4425 = ( GEOMETRIC_REPRESENTATION_CONTEXT(2) 
PARAMETRIC_REPRESENTATION_CONTEXT() REPRESENTATION_CONTEXT('2D SPACE',''
  ) );
#4426 = ORIENTED_EDGE('',*,*,#3623,.T.);
#4427 = ORIENTED_EDGE('',*,*,#4428,.F.);
#4428 = EDGE_CURVE('',#4429,#3624,#4431,.T.);
#4429 = VERTEX_POINT('',#4430);
#4430 = CARTESIAN_POINT('',(-3.06525,-54.405675,15.1755));
#4431 = SURFACE_CURVE('',#4432,(#4438,#4447),.PCURVE_S1.);
#4432 = B_SPLINE_CURVE_WITH_KNOTS('',4,(#4433,#4434,#4435,#4436,#4437),
  .UNSPECIFIED.,.F.,.F.,(5,5),(0.,1.),.PIECEWISE_BEZIER_KNOTS.);
#4433 = CARTESIAN_POINT('',(-3.06525,-54.405675,15.1755));
#4434 = CARTESIAN_POINT('',(-3.067662072914,-54.4024860562,
    15.313687564677));
#4435 = CARTESIAN_POINT('',(-3.070074146215,-54.39929711188,
    15.451875151581));
#4436 = CARTESIAN_POINT('',(-3.072486219905,-54.39610816706,
    15.590062760689));
#4437 = CARTESIAN_POINT('',(-3.074898293981,-54.39291922172,
    15.72825039195));
#4438 = PCURVE('',#3537,#4439);
#4439 = DEFINITIONAL_REPRESENTATION('',(#4440),#4446);
#4440 = B_SPLINE_CURVE_WITH_KNOTS('',4,(#4441,#4442,#4443,#4444,#4445),
  .UNSPECIFIED.,.F.,.F.,(5,5),(0.,1.),.PIECEWISE_BEZIER_KNOTS.);
#4441 = CARTESIAN_POINT('',(3.063015647226,0.500000000012));
#4442 = CARTESIAN_POINT('',(3.062660901078,0.60576928026));
#4443 = CARTESIAN_POINT('',(3.062307008842,0.711538577568));
#4444 = CARTESIAN_POINT('',(3.061953965893,0.817307891838));
#4445 = CARTESIAN_POINT('',(3.061601767672,0.923077223077));
#4446 = ( GEOMETRIC_REPRESENTATION_CONTEXT(2) 
PARAMETRIC_REPRESENTATION_CONTEXT() REPRESENTATION_CONTEXT('2D SPACE',''
  ) );
#4447 = PCURVE('',#3657,#4448);
#4448 = DEFINITIONAL_REPRESENTATION('',(#4449),#4455);
#4449 = B_SPLINE_CURVE_WITH_KNOTS('',4,(#4450,#4451,#4452,#4453,#4454),
  .UNSPECIFIED.,.F.,.F.,(5,5),(0.,1.),.PIECEWISE_BEZIER_KNOTS.);
#4450 = CARTESIAN_POINT('',(13.044826737633,0.));
#4451 = CARTESIAN_POINT('',(13.03957096609,0.211538560547));
#4452 = CARTESIAN_POINT('',(13.034317428782,0.423077155119));
#4453 = CARTESIAN_POINT('',(13.029066123573,0.634615783679));
#4454 = CARTESIAN_POINT('',(13.023817048332,0.846154446154));
#4455 = ( GEOMETRIC_REPRESENTATION_CONTEXT(2) 
PARAMETRIC_REPRESENTATION_CONTEXT() REPRESENTATION_CONTEXT('2D SPACE',''
  ) );
#4456 = ORIENTED_EDGE('',*,*,#4457,.T.);
#4457 = EDGE_CURVE('',#4429,#4303,#4458,.T.);
#4458 = SURFACE_CURVE('',#4459,(#4462,#4468),.PCURVE_S1.);
#4459 = B_SPLINE_CURVE_WITH_KNOTS('',1,(#4460,#4461),.UNSPECIFIED.,.F.,
  .F.,(2,2),(0.,1.),.PIECEWISE_BEZIER_KNOTS.);
#4460 = CARTESIAN_POINT('',(-3.532575,-54.405675,15.1755));
#4461 = CARTESIAN_POINT('',(3.475647259136,-54.405675,15.1755));
#4462 = PCURVE('',#3537,#4463);
#4463 = DEFINITIONAL_REPRESENTATION('',(#4464),#4467);
#4464 = B_SPLINE_CURVE_WITH_KNOTS('',1,(#4465,#4466),.UNSPECIFIED.,.F.,
  .F.,(2,2),(6.668238858874E-02,0.941440604484),
  .PIECEWISE_BEZIER_KNOTS.);
#4465 = CARTESIAN_POINT('',(3.063015647226,0.5));
#4466 = CARTESIAN_POINT('',(-3.063015647226,0.5));
#4467 = ( GEOMETRIC_REPRESENTATION_CONTEXT(2) 
PARAMETRIC_REPRESENTATION_CONTEXT() REPRESENTATION_CONTEXT('2D SPACE',''
  ) );
#4468 = PCURVE('',#4346,#4469);
#4469 = DEFINITIONAL_REPRESENTATION('',(#4470),#4473);
#4470 = B_SPLINE_CURVE_WITH_KNOTS('',1,(#4471,#4472),.UNSPECIFIED.,.F.,
  .F.,(2,2),(0.,1.),.PIECEWISE_BEZIER_KNOTS.);
#4471 = CARTESIAN_POINT('',(1.891908338146,0.86023499772));
#4472 = CARTESIAN_POINT('',(3.283882587433,-6.00835924876));
#4473 = ( GEOMETRIC_REPRESENTATION_CONTEXT(2) 
PARAMETRIC_REPRESENTATION_CONTEXT() REPRESENTATION_CONTEXT('2D SPACE',''
  ) );
#4474 = ORIENTED_EDGE('',*,*,#4302,.F.);
#4475 = ORIENTED_EDGE('',*,*,#3523,.T.);
#4476 = ORIENTED_EDGE('',*,*,#4477,.F.);
#4477 = EDGE_CURVE('',#4383,#3524,#4478,.T.);
#4478 = SURFACE_CURVE('',#4479,(#4482,#4488),.PCURVE_S1.);
#4479 = B_SPLINE_CURVE_WITH_KNOTS('',1,(#4480,#4481),.UNSPECIFIED.,.F.,
  .F.,(2,2),(0.,1.),.PIECEWISE_BEZIER_KNOTS.);
#4480 = CARTESIAN_POINT('',(3.5175,-54.42075,14.52225));
#4481 = CARTESIAN_POINT('',(3.54765,-54.3906,15.82875));
#4482 = PCURVE('',#3537,#4483);
#4483 = DEFINITIONAL_REPRESENTATION('',(#4484),#4487);
#4484 = B_SPLINE_CURVE_WITH_KNOTS('',1,(#4485,#4486),.UNSPECIFIED.,.F.,
  .F.,(2,2),(0.,0.923076923077),.PIECEWISE_BEZIER_KNOTS.);
#4485 = CARTESIAN_POINT('',(-3.53,0.));
#4486 = CARTESIAN_POINT('',(-3.53,0.923076923077));
#4487 = ( GEOMETRIC_REPRESENTATION_CONTEXT(2) 
PARAMETRIC_REPRESENTATION_CONTEXT() REPRESENTATION_CONTEXT('2D SPACE',''
  ) );
#4488 = PCURVE('',#3562,#4489);
#4489 = DEFINITIONAL_REPRESENTATION('',(#4490),#4493);
#4490 = B_SPLINE_CURVE_WITH_KNOTS('',1,(#4491,#4492),.UNSPECIFIED.,.F.,
  .F.,(2,2),(0.,0.923076923077),.PIECEWISE_BEZIER_KNOTS.);
#4491 = CARTESIAN_POINT('',(2.83,0.));
#4492 = CARTESIAN_POINT('',(2.83,0.923076923077));
#4493 = ( GEOMETRIC_REPRESENTATION_CONTEXT(2) 
PARAMETRIC_REPRESENTATION_CONTEXT() REPRESENTATION_CONTEXT('2D SPACE',''
  ) );
#4494 = ADVANCED_FACE('',(#4495),#3562,.T.);
#4495 = FACE_BOUND('',#4496,.T.);
#4496 = EDGE_LOOP('',(#4497,#4517,#4537,#4538));
#4497 = ORIENTED_EDGE('',*,*,#4498,.F.);
#4498 = EDGE_CURVE('',#4499,#3549,#4501,.T.);
#4499 = VERTEX_POINT('',#4500);
#4500 = CARTESIAN_POINT('',(3.5175,-60.04875,14.52225));
#4501 = SURFACE_CURVE('',#4502,(#4505,#4511),.PCURVE_S1.);
#4502 = B_SPLINE_CURVE_WITH_KNOTS('',1,(#4503,#4504),.UNSPECIFIED.,.F.,
  .F.,(2,2),(0.,1.),.PIECEWISE_BEZIER_KNOTS.);
#4503 = CARTESIAN_POINT('',(3.5175,-60.04875,14.52225));
#4504 = CARTESIAN_POINT('',(3.54765,-60.0789,15.82875));
#4505 = PCURVE('',#3562,#4506);
#4506 = DEFINITIONAL_REPRESENTATION('',(#4507),#4510);
#4507 = B_SPLINE_CURVE_WITH_KNOTS('',1,(#4508,#4509),.UNSPECIFIED.,.F.,
  .F.,(2,2),(0.,0.923076923077),.PIECEWISE_BEZIER_KNOTS.);
#4508 = CARTESIAN_POINT('',(-2.83,0.));
#4509 = CARTESIAN_POINT('',(-2.83,0.923076923077));
#4510 = ( GEOMETRIC_REPRESENTATION_CONTEXT(2) 
PARAMETRIC_REPRESENTATION_CONTEXT() REPRESENTATION_CONTEXT('2D SPACE',''
  ) );
#4511 = PCURVE('',#3587,#4512);
#4512 = DEFINITIONAL_REPRESENTATION('',(#4513),#4516);
#4513 = B_SPLINE_CURVE_WITH_KNOTS('',1,(#4514,#4515),.UNSPECIFIED.,.F.,
  .F.,(2,2),(0.,0.923076923077),.PIECEWISE_BEZIER_KNOTS.);
#4514 = CARTESIAN_POINT('',(3.53,0.));
#4515 = CARTESIAN_POINT('',(3.53,0.923076923077));
#4516 = ( GEOMETRIC_REPRESENTATION_CONTEXT(2) 
PARAMETRIC_REPRESENTATION_CONTEXT() REPRESENTATION_CONTEXT('2D SPACE',''
  ) );
#4517 = ORIENTED_EDGE('',*,*,#4518,.T.);
#4518 = EDGE_CURVE('',#4499,#4383,#4519,.T.);
#4519 = SURFACE_CURVE('',#4520,(#4524,#4530),.PCURVE_S1.);
#4520 = LINE('',#4521,#4522);
#4521 = CARTESIAN_POINT('',(3.5175,-57.23475,14.52225));
#4522 = VECTOR('',#4523,1.);
#4523 = DIRECTION('',(0.,1.,0.));
#4524 = PCURVE('',#3562,#4525);
#4525 = DEFINITIONAL_REPRESENTATION('',(#4526),#4529);
#4526 = B_SPLINE_CURVE_WITH_KNOTS('',1,(#4527,#4528),.UNSPECIFIED.,.F.,
  .F.,(2,2),(-2.814,2.814),.PIECEWISE_BEZIER_KNOTS.);
#4527 = CARTESIAN_POINT('',(-2.83,0.));
#4528 = CARTESIAN_POINT('',(2.83,0.));
#4529 = ( GEOMETRIC_REPRESENTATION_CONTEXT(2) 
PARAMETRIC_REPRESENTATION_CONTEXT() REPRESENTATION_CONTEXT('2D SPACE',''
  ) );
#4530 = PCURVE('',#4397,#4531);
#4531 = DEFINITIONAL_REPRESENTATION('',(#4532),#4536);
#4532 = LINE('',#4533,#4534);
#4533 = CARTESIAN_POINT('',(7.25130393825,-2.197364829773));
#4534 = VECTOR('',#4535,1.);
#4535 = DIRECTION('',(0.624695047554,0.780868809443));
#4536 = ( GEOMETRIC_REPRESENTATION_CONTEXT(2) 
PARAMETRIC_REPRESENTATION_CONTEXT() REPRESENTATION_CONTEXT('2D SPACE',''
  ) );
#4537 = ORIENTED_EDGE('',*,*,#4477,.T.);
#4538 = ORIENTED_EDGE('',*,*,#3548,.T.);
#4539 = ADVANCED_FACE('',(#4540),#3587,.T.);
#4540 = FACE_BOUND('',#4541,.T.);
#4541 = EDGE_LOOP('',(#4542,#4562,#4582,#4583));
#4542 = ORIENTED_EDGE('',*,*,#4543,.F.);
#4543 = EDGE_CURVE('',#4544,#3574,#4546,.T.);
#4544 = VERTEX_POINT('',#4545);
#4545 = CARTESIAN_POINT('',(-3.5175,-60.04875,14.52225));
#4546 = SURFACE_CURVE('',#4547,(#4550,#4556),.PCURVE_S1.);
#4547 = B_SPLINE_CURVE_WITH_KNOTS('',1,(#4548,#4549),.UNSPECIFIED.,.F.,
  .F.,(2,2),(0.,1.),.PIECEWISE_BEZIER_KNOTS.);
#4548 = CARTESIAN_POINT('',(-3.5175,-60.04875,14.52225));
#4549 = CARTESIAN_POINT('',(-3.54765,-60.0789,15.82875));
#4550 = PCURVE('',#3587,#4551);
#4551 = DEFINITIONAL_REPRESENTATION('',(#4552),#4555);
#4552 = B_SPLINE_CURVE_WITH_KNOTS('',1,(#4553,#4554),.UNSPECIFIED.,.F.,
  .F.,(2,2),(0.,0.923076923077),.PIECEWISE_BEZIER_KNOTS.);
#4553 = CARTESIAN_POINT('',(-3.53,0.));
#4554 = CARTESIAN_POINT('',(-3.53,0.923076923077));
#4555 = ( GEOMETRIC_REPRESENTATION_CONTEXT(2) 
PARAMETRIC_REPRESENTATION_CONTEXT() REPRESENTATION_CONTEXT('2D SPACE',''
  ) );
#4556 = PCURVE('',#3612,#4557);
#4557 = DEFINITIONAL_REPRESENTATION('',(#4558),#4561);
#4558 = B_SPLINE_CURVE_WITH_KNOTS('',1,(#4559,#4560),.UNSPECIFIED.,.F.,
  .F.,(2,2),(0.,0.923076923077),.PIECEWISE_BEZIER_KNOTS.);
#4559 = CARTESIAN_POINT('',(2.83,0.));
#4560 = CARTESIAN_POINT('',(2.83,0.923076923077));
#4561 = ( GEOMETRIC_REPRESENTATION_CONTEXT(2) 
PARAMETRIC_REPRESENTATION_CONTEXT() REPRESENTATION_CONTEXT('2D SPACE',''
  ) );
#4562 = ORIENTED_EDGE('',*,*,#4563,.T.);
#4563 = EDGE_CURVE('',#4544,#4499,#4564,.T.);
#4564 = SURFACE_CURVE('',#4565,(#4569,#4575),.PCURVE_S1.);
#4565 = LINE('',#4566,#4567);
#4566 = CARTESIAN_POINT('',(0.,-60.04875,14.52225));
#4567 = VECTOR('',#4568,1.);
#4568 = DIRECTION('',(1.,0.,0.));
#4569 = PCURVE('',#3587,#4570);
#4570 = DEFINITIONAL_REPRESENTATION('',(#4571),#4574);
#4571 = B_SPLINE_CURVE_WITH_KNOTS('',1,(#4572,#4573),.UNSPECIFIED.,.F.,
  .F.,(2,2),(-3.5175,3.5175),.PIECEWISE_BEZIER_KNOTS.);
#4572 = CARTESIAN_POINT('',(-3.53,0.));
#4573 = CARTESIAN_POINT('',(3.53,0.));
#4574 = ( GEOMETRIC_REPRESENTATION_CONTEXT(2) 
PARAMETRIC_REPRESENTATION_CONTEXT() REPRESENTATION_CONTEXT('2D SPACE',''
  ) );
#4575 = PCURVE('',#4397,#4576);
#4576 = DEFINITIONAL_REPRESENTATION('',(#4577),#4581);
#4577 = LINE('',#4578,#4579);
#4578 = CARTESIAN_POINT('',(2.746706037216,-2.197364829773));
#4579 = VECTOR('',#4580,1.);
#4580 = DIRECTION('',(0.780868809443,-0.624695047554));
#4581 = ( GEOMETRIC_REPRESENTATION_CONTEXT(2) 
PARAMETRIC_REPRESENTATION_CONTEXT() REPRESENTATION_CONTEXT('2D SPACE',''
  ) );
#4582 = ORIENTED_EDGE('',*,*,#4498,.T.);
#4583 = ORIENTED_EDGE('',*,*,#3573,.T.);
#4584 = ADVANCED_FACE('',(#4585),#3612,.T.);
#4585 = FACE_BOUND('',#4586,.T.);
#4586 = EDGE_LOOP('',(#4587,#4607,#4608,#4609));
#4587 = ORIENTED_EDGE('',*,*,#4588,.F.);
#4588 = EDGE_CURVE('',#4544,#4381,#4589,.T.);
#4589 = SURFACE_CURVE('',#4590,(#4594,#4600),.PCURVE_S1.);
#4590 = LINE('',#4591,#4592);
#4591 = CARTESIAN_POINT('',(-3.5175,-57.23475,14.52225));
#4592 = VECTOR('',#4593,1.);
#4593 = DIRECTION('',(0.,1.,0.));
#4594 = PCURVE('',#3612,#4595);
#4595 = DEFINITIONAL_REPRESENTATION('',(#4596),#4599);
#4596 = B_SPLINE_CURVE_WITH_KNOTS('',1,(#4597,#4598),.UNSPECIFIED.,.F.,
  .F.,(2,2),(-2.814,2.814),.PIECEWISE_BEZIER_KNOTS.);
#4597 = CARTESIAN_POINT('',(2.83,0.));
#4598 = CARTESIAN_POINT('',(-2.83,0.));
#4599 = ( GEOMETRIC_REPRESENTATION_CONTEXT(2) 
PARAMETRIC_REPRESENTATION_CONTEXT() REPRESENTATION_CONTEXT('2D SPACE',''
  ) );
#4600 = PCURVE('',#4397,#4601);
#4601 = DEFINITIONAL_REPRESENTATION('',(#4602),#4606);
#4602 = LINE('',#4603,#4604);
#4603 = CARTESIAN_POINT('',(1.757891863818,2.197364829773));
#4604 = VECTOR('',#4605,1.);
#4605 = DIRECTION('',(0.624695047554,0.780868809443));
#4606 = ( GEOMETRIC_REPRESENTATION_CONTEXT(2) 
PARAMETRIC_REPRESENTATION_CONTEXT() REPRESENTATION_CONTEXT('2D SPACE',''
  ) );
#4607 = ORIENTED_EDGE('',*,*,#4543,.T.);
#4608 = ORIENTED_EDGE('',*,*,#3598,.T.);
#4609 = ORIENTED_EDGE('',*,*,#4409,.F.);
#4610 = ADVANCED_FACE('',(#4611),#3657,.T.);
#4611 = FACE_BOUND('',#4612,.T.);
#4612 = EDGE_LOOP('',(#4613,#4635,#4636,#4637));
#4613 = ORIENTED_EDGE('',*,*,#4614,.F.);
#4614 = EDGE_CURVE('',#4429,#4615,#4617,.T.);
#4615 = VERTEX_POINT('',#4616);
#4616 = CARTESIAN_POINT('',(-3.06525,-26.18025,15.1755));
#4617 = SURFACE_CURVE('',#4618,(#4622,#4628),.PCURVE_S1.);
#4618 = LINE('',#4619,#4620);
#4619 = CARTESIAN_POINT('',(-3.06525,-41.3055,15.1755));
#4620 = VECTOR('',#4621,1.);
#4621 = DIRECTION('',(0.,1.,0.));
#4622 = PCURVE('',#3657,#4623);
#4623 = DEFINITIONAL_REPRESENTATION('',(#4624),#4627);
#4624 = B_SPLINE_CURVE_WITH_KNOTS('',1,(#4625,#4626),.UNSPECIFIED.,.F.,
  .F.,(2,2),(-13.100175,15.12525),.PIECEWISE_BEZIER_KNOTS.);
#4625 = CARTESIAN_POINT('',(13.044826737633,0.));
#4626 = CARTESIAN_POINT('',(-15.0613457922,0.));
#4627 = ( GEOMETRIC_REPRESENTATION_CONTEXT(2) 
PARAMETRIC_REPRESENTATION_CONTEXT() REPRESENTATION_CONTEXT('2D SPACE',''
  ) );
#4628 = PCURVE('',#4346,#4629);
#4629 = DEFINITIONAL_REPRESENTATION('',(#4630),#4634);
#4630 = LINE('',#4631,#4632);
#4631 = CARTESIAN_POINT('',(14.823902736694,3.00417962438));
#4632 = VECTOR('',#4633,1.);
#4633 = DIRECTION('',(0.98007654331,0.198620163262));
#4634 = ( GEOMETRIC_REPRESENTATION_CONTEXT(2) 
PARAMETRIC_REPRESENTATION_CONTEXT() REPRESENTATION_CONTEXT('2D SPACE',''
  ) );
#4635 = ORIENTED_EDGE('',*,*,#4428,.T.);
#4636 = ORIENTED_EDGE('',*,*,#3643,.T.);
#4637 = ORIENTED_EDGE('',*,*,#4638,.F.);
#4638 = EDGE_CURVE('',#4615,#3644,#4639,.T.);
#4639 = SURFACE_CURVE('',#4640,(#4643,#4649),.PCURVE_S1.);
#4640 = B_SPLINE_CURVE_WITH_KNOTS('',1,(#4641,#4642),.UNSPECIFIED.,.F.,
  .F.,(2,2),(0.,1.),.PIECEWISE_BEZIER_KNOTS.);
#4641 = CARTESIAN_POINT('',(-3.06525,-26.18025,15.1755));
#4642 = CARTESIAN_POINT('',(-3.076652521164,-26.16884747883,15.82875));
#4643 = PCURVE('',#3657,#4644);
#4644 = DEFINITIONAL_REPRESENTATION('',(#4645),#4648);
#4645 = B_SPLINE_CURVE_WITH_KNOTS('',1,(#4646,#4647),.UNSPECIFIED.,.F.,
  .F.,(2,2),(0.,0.846153846154),.PIECEWISE_BEZIER_KNOTS.);
#4646 = CARTESIAN_POINT('',(-15.0613457922,0.));
#4647 = CARTESIAN_POINT('',(-15.0613457922,0.846153846154));
#4648 = ( GEOMETRIC_REPRESENTATION_CONTEXT(2) 
PARAMETRIC_REPRESENTATION_CONTEXT() REPRESENTATION_CONTEXT('2D SPACE',''
  ) );
#4649 = PCURVE('',#3680,#4650);
#4650 = DEFINITIONAL_REPRESENTATION('',(#4651),#4654);
#4651 = B_SPLINE_CURVE_WITH_KNOTS('',1,(#4652,#4653),.UNSPECIFIED.,.F.,
  .F.,(2,2),(0.,0.846153846154),.PIECEWISE_BEZIER_KNOTS.);
#4652 = CARTESIAN_POINT('',(3.061345792203,0.));
#4653 = CARTESIAN_POINT('',(3.061345792203,0.846153846154));
#4654 = ( GEOMETRIC_REPRESENTATION_CONTEXT(2) 
PARAMETRIC_REPRESENTATION_CONTEXT() REPRESENTATION_CONTEXT('2D SPACE',''
  ) );
#4655 = ADVANCED_FACE('',(#4656),#3680,.T.);
#4656 = FACE_BOUND('',#4657,.T.);
#4657 = EDGE_LOOP('',(#4658,#4678,#4679,#4680));
#4658 = ORIENTED_EDGE('',*,*,#4659,.F.);
#4659 = EDGE_CURVE('',#4615,#4332,#4660,.T.);
#4660 = SURFACE_CURVE('',#4661,(#4665,#4671),.PCURVE_S1.);
#4661 = LINE('',#4662,#4663);
#4662 = CARTESIAN_POINT('',(0.,-26.18025,15.1755));
#4663 = VECTOR('',#4664,1.);
#4664 = DIRECTION('',(1.,0.,0.));
#4665 = PCURVE('',#3680,#4666);
#4666 = DEFINITIONAL_REPRESENTATION('',(#4667),#4670);
#4667 = B_SPLINE_CURVE_WITH_KNOTS('',1,(#4668,#4669),.UNSPECIFIED.,.F.,
  .F.,(2,2),(-3.06525,3.06525),.PIECEWISE_BEZIER_KNOTS.);
#4668 = CARTESIAN_POINT('',(3.061345792203,0.));
#4669 = CARTESIAN_POINT('',(-3.061345792203,0.));
#4670 = ( GEOMETRIC_REPRESENTATION_CONTEXT(2) 
PARAMETRIC_REPRESENTATION_CONTEXT() REPRESENTATION_CONTEXT('2D SPACE',''
  ) );
#4671 = PCURVE('',#4346,#4672);
#4672 = DEFINITIONAL_REPRESENTATION('',(#4673),#4677);
#4673 = LINE('',#4674,#4675);
#4674 = CARTESIAN_POINT('',(30.256625928827,3.00417962438));
#4675 = VECTOR('',#4676,1.);
#4676 = DIRECTION('',(0.198620163262,-0.98007654331));
#4677 = ( GEOMETRIC_REPRESENTATION_CONTEXT(2) 
PARAMETRIC_REPRESENTATION_CONTEXT() REPRESENTATION_CONTEXT('2D SPACE',''
  ) );
#4678 = ORIENTED_EDGE('',*,*,#4638,.T.);
#4679 = ORIENTED_EDGE('',*,*,#3668,.T.);
#4680 = ORIENTED_EDGE('',*,*,#4358,.F.);
#4681 = ADVANCED_FACE('',(#4682),#4004,.T.);
#4682 = FACE_BOUND('',#4683,.T.);
#4683 = EDGE_LOOP('',(#4684,#4704,#4731,#4749));
#4684 = ORIENTED_EDGE('',*,*,#4685,.F.);
#4685 = EDGE_CURVE('',#4686,#3991,#4688,.T.);
#4686 = VERTEX_POINT('',#4687);
#4687 = CARTESIAN_POINT('',(-9.045,-68.742,17.889));
#4688 = SURFACE_CURVE('',#4689,(#4692,#4698),.PCURVE_S1.);
#4689 = B_SPLINE_CURVE_WITH_KNOTS('',1,(#4690,#4691),.UNSPECIFIED.,.F.,
  .F.,(2,2),(0.,1.),.PIECEWISE_BEZIER_KNOTS.);
#4690 = CARTESIAN_POINT('',(-9.045,-68.742,17.889));
#4691 = CARTESIAN_POINT('',(-9.0651,-68.7621,18.3915));
#4692 = PCURVE('',#4004,#4693);
#4693 = DEFINITIONAL_REPRESENTATION('',(#4694),#4697);
#4694 = B_SPLINE_CURVE_WITH_KNOTS('',1,(#4695,#4696),.UNSPECIFIED.,.F.,
  .F.,(2,2),(0.,0.8),.PIECEWISE_BEZIER_KNOTS.);
#4695 = CARTESIAN_POINT('',(-9.02,0.));
#4696 = CARTESIAN_POINT('',(-9.02,0.8));
#4697 = ( GEOMETRIC_REPRESENTATION_CONTEXT(2) 
PARAMETRIC_REPRESENTATION_CONTEXT() REPRESENTATION_CONTEXT('2D SPACE',''
  ) );
#4698 = PCURVE('',#4029,#4699);
#4699 = DEFINITIONAL_REPRESENTATION('',(#4700),#4703);
#4700 = B_SPLINE_CURVE_WITH_KNOTS('',1,(#4701,#4702),.UNSPECIFIED.,.F.,
  .F.,(2,2),(0.,0.8),.PIECEWISE_BEZIER_KNOTS.);
#4701 = CARTESIAN_POINT('',(0.42,0.));
#4702 = CARTESIAN_POINT('',(0.42,0.8));
#4703 = ( GEOMETRIC_REPRESENTATION_CONTEXT(2) 
PARAMETRIC_REPRESENTATION_CONTEXT() REPRESENTATION_CONTEXT('2D SPACE',''
  ) );
#4704 = ORIENTED_EDGE('',*,*,#4705,.T.);
#4705 = EDGE_CURVE('',#4686,#4706,#4708,.T.);
#4706 = VERTEX_POINT('',#4707);
#4707 = CARTESIAN_POINT('',(9.045,-68.742,17.889));
#4708 = SURFACE_CURVE('',#4709,(#4713,#4719),.PCURVE_S1.);
#4709 = LINE('',#4710,#4711);
#4710 = CARTESIAN_POINT('',(0.,-68.742,17.889));
#4711 = VECTOR('',#4712,1.);
#4712 = DIRECTION('',(1.,0.,0.));
#4713 = PCURVE('',#4004,#4714);
#4714 = DEFINITIONAL_REPRESENTATION('',(#4715),#4718);
#4715 = B_SPLINE_CURVE_WITH_KNOTS('',1,(#4716,#4717),.UNSPECIFIED.,.F.,
  .F.,(2,2),(-9.045,9.045),.PIECEWISE_BEZIER_KNOTS.);
#4716 = CARTESIAN_POINT('',(-9.02,0.));
#4717 = CARTESIAN_POINT('',(9.02,0.));
#4718 = ( GEOMETRIC_REPRESENTATION_CONTEXT(2) 
PARAMETRIC_REPRESENTATION_CONTEXT() REPRESENTATION_CONTEXT('2D SPACE',''
  ) );
#4719 = PCURVE('',#4720,#4725);
#4720 = PLANE('',#4721);
#4721 = AXIS2_PLACEMENT_3D('',#4722,#4723,#4724);
#4722 = CARTESIAN_POINT('',(-9.045,-68.742,17.889));
#4723 = DIRECTION('',(0.,0.,1.));
#4724 = DIRECTION('',(0.999013806466,4.440061362072E-02,-0.));
#4725 = DEFINITIONAL_REPRESENTATION('',(#4726),#4730);
#4726 = LINE('',#4727,#4728);
#4727 = CARTESIAN_POINT('',(9.036079879487,-0.401603550199));
#4728 = VECTOR('',#4729,1.);
#4729 = DIRECTION('',(0.999013806466,-4.440061362072E-02));
#4730 = ( GEOMETRIC_REPRESENTATION_CONTEXT(2) 
PARAMETRIC_REPRESENTATION_CONTEXT() REPRESENTATION_CONTEXT('2D SPACE',''
  ) );
#4731 = ORIENTED_EDGE('',*,*,#4732,.T.);
#4732 = EDGE_CURVE('',#4706,#3989,#4733,.T.);
#4733 = SURFACE_CURVE('',#4734,(#4737,#4743),.PCURVE_S1.);
#4734 = B_SPLINE_CURVE_WITH_KNOTS('',1,(#4735,#4736),.UNSPECIFIED.,.F.,
  .F.,(2,2),(0.,1.),.PIECEWISE_BEZIER_KNOTS.);
#4735 = CARTESIAN_POINT('',(9.045,-68.742,17.889));
#4736 = CARTESIAN_POINT('',(9.0651,-68.7621,18.3915));
#4737 = PCURVE('',#4004,#4738);
#4738 = DEFINITIONAL_REPRESENTATION('',(#4739),#4742);
#4739 = B_SPLINE_CURVE_WITH_KNOTS('',1,(#4740,#4741),.UNSPECIFIED.,.F.,
  .F.,(2,2),(0.,0.8),.PIECEWISE_BEZIER_KNOTS.);
#4740 = CARTESIAN_POINT('',(9.02,0.));
#4741 = CARTESIAN_POINT('',(9.02,0.8));
#4742 = ( GEOMETRIC_REPRESENTATION_CONTEXT(2) 
PARAMETRIC_REPRESENTATION_CONTEXT() REPRESENTATION_CONTEXT('2D SPACE',''
  ) );
#4743 = PCURVE('',#4077,#4744);
#4744 = DEFINITIONAL_REPRESENTATION('',(#4745),#4748);
#4745 = B_SPLINE_CURVE_WITH_KNOTS('',1,(#4746,#4747),.UNSPECIFIED.,.F.,
  .F.,(2,2),(0.,0.8),.PIECEWISE_BEZIER_KNOTS.);
#4746 = CARTESIAN_POINT('',(-0.42,0.));
#4747 = CARTESIAN_POINT('',(-0.42,0.8));
#4748 = ( GEOMETRIC_REPRESENTATION_CONTEXT(2) 
PARAMETRIC_REPRESENTATION_CONTEXT() REPRESENTATION_CONTEXT('2D SPACE',''
  ) );
#4749 = ORIENTED_EDGE('',*,*,#3988,.T.);
#4750 = ADVANCED_FACE('',(#4751),#4077,.T.);
#4751 = FACE_BOUND('',#4752,.T.);
#4752 = EDGE_LOOP('',(#4753,#4754,#4776,#4794));
#4753 = ORIENTED_EDGE('',*,*,#4732,.F.);
#4754 = ORIENTED_EDGE('',*,*,#4755,.T.);
#4755 = EDGE_CURVE('',#4706,#4756,#4758,.T.);
#4756 = VERTEX_POINT('',#4757);
#4757 = CARTESIAN_POINT('',(9.045,-67.938,17.889));
#4758 = SURFACE_CURVE('',#4759,(#4763,#4769),.PCURVE_S1.);
#4759 = LINE('',#4760,#4761);
#4760 = CARTESIAN_POINT('',(9.045,-68.34,17.889));
#4761 = VECTOR('',#4762,1.);
#4762 = DIRECTION('',(0.,1.,0.));
#4763 = PCURVE('',#4077,#4764);
#4764 = DEFINITIONAL_REPRESENTATION('',(#4765),#4768);
#4765 = B_SPLINE_CURVE_WITH_KNOTS('',1,(#4766,#4767),.UNSPECIFIED.,.F.,
  .F.,(2,2),(-0.402,0.402),.PIECEWISE_BEZIER_KNOTS.);
#4766 = CARTESIAN_POINT('',(-0.42,0.));
#4767 = CARTESIAN_POINT('',(0.42,0.));
#4768 = ( GEOMETRIC_REPRESENTATION_CONTEXT(2) 
PARAMETRIC_REPRESENTATION_CONTEXT() REPRESENTATION_CONTEXT('2D SPACE',''
  ) );
#4769 = PCURVE('',#4720,#4770);
#4770 = DEFINITIONAL_REPRESENTATION('',(#4771),#4775);
#4771 = LINE('',#4772,#4773);
#4772 = CARTESIAN_POINT('',(18.090008805649,-0.401603550199));
#4773 = VECTOR('',#4774,1.);
#4774 = DIRECTION('',(4.440061362072E-02,0.999013806466));
#4775 = ( GEOMETRIC_REPRESENTATION_CONTEXT(2) 
PARAMETRIC_REPRESENTATION_CONTEXT() REPRESENTATION_CONTEXT('2D SPACE',''
  ) );
#4776 = ORIENTED_EDGE('',*,*,#4777,.T.);
#4777 = EDGE_CURVE('',#4756,#4041,#4778,.T.);
#4778 = SURFACE_CURVE('',#4779,(#4782,#4788),.PCURVE_S1.);
#4779 = B_SPLINE_CURVE_WITH_KNOTS('',1,(#4780,#4781),.UNSPECIFIED.,.F.,
  .F.,(2,2),(0.,1.),.PIECEWISE_BEZIER_KNOTS.);
#4780 = CARTESIAN_POINT('',(9.045,-67.938,17.889));
#4781 = CARTESIAN_POINT('',(9.0651,-67.9179,18.3915));
#4782 = PCURVE('',#4077,#4783);
#4783 = DEFINITIONAL_REPRESENTATION('',(#4784),#4787);
#4784 = B_SPLINE_CURVE_WITH_KNOTS('',1,(#4785,#4786),.UNSPECIFIED.,.F.,
  .F.,(2,2),(0.,0.8),.PIECEWISE_BEZIER_KNOTS.);
#4785 = CARTESIAN_POINT('',(0.42,0.));
#4786 = CARTESIAN_POINT('',(0.42,0.8));
#4787 = ( GEOMETRIC_REPRESENTATION_CONTEXT(2) 
PARAMETRIC_REPRESENTATION_CONTEXT() REPRESENTATION_CONTEXT('2D SPACE',''
  ) );
#4788 = PCURVE('',#4054,#4789);
#4789 = DEFINITIONAL_REPRESENTATION('',(#4790),#4793);
#4790 = B_SPLINE_CURVE_WITH_KNOTS('',1,(#4791,#4792),.UNSPECIFIED.,.F.,
  .F.,(2,2),(0.,0.8),.PIECEWISE_BEZIER_KNOTS.);
#4791 = CARTESIAN_POINT('',(-9.02,0.));
#4792 = CARTESIAN_POINT('',(-9.02,0.8));
#4793 = ( GEOMETRIC_REPRESENTATION_CONTEXT(2) 
PARAMETRIC_REPRESENTATION_CONTEXT() REPRESENTATION_CONTEXT('2D SPACE',''
  ) );
#4794 = ORIENTED_EDGE('',*,*,#4065,.T.);
#4795 = ADVANCED_FACE('',(#4796),#4054,.T.);
#4796 = FACE_BOUND('',#4797,.T.);
#4797 = EDGE_LOOP('',(#4798,#4820,#4838,#4839));
#4798 = ORIENTED_EDGE('',*,*,#4799,.F.);
#4799 = EDGE_CURVE('',#4800,#4756,#4802,.T.);
#4800 = VERTEX_POINT('',#4801);
#4801 = CARTESIAN_POINT('',(-9.045,-67.938,17.889));
#4802 = SURFACE_CURVE('',#4803,(#4807,#4813),.PCURVE_S1.);
#4803 = LINE('',#4804,#4805);
#4804 = CARTESIAN_POINT('',(0.,-67.938,17.889));
#4805 = VECTOR('',#4806,1.);
#4806 = DIRECTION('',(1.,0.,0.));
#4807 = PCURVE('',#4054,#4808);
#4808 = DEFINITIONAL_REPRESENTATION('',(#4809),#4812);
#4809 = B_SPLINE_CURVE_WITH_KNOTS('',1,(#4810,#4811),.UNSPECIFIED.,.F.,
  .F.,(2,2),(-9.045,9.045),.PIECEWISE_BEZIER_KNOTS.);
#4810 = CARTESIAN_POINT('',(9.02,0.));
#4811 = CARTESIAN_POINT('',(-9.02,0.));
#4812 = ( GEOMETRIC_REPRESENTATION_CONTEXT(2) 
PARAMETRIC_REPRESENTATION_CONTEXT() REPRESENTATION_CONTEXT('2D SPACE',''
  ) );
#4813 = PCURVE('',#4720,#4814);
#4814 = DEFINITIONAL_REPRESENTATION('',(#4815),#4819);
#4815 = LINE('',#4816,#4817);
#4816 = CARTESIAN_POINT('',(9.071777972838,0.401603550199));
#4817 = VECTOR('',#4818,1.);
#4818 = DIRECTION('',(0.999013806466,-4.440061362072E-02));
#4819 = ( GEOMETRIC_REPRESENTATION_CONTEXT(2) 
PARAMETRIC_REPRESENTATION_CONTEXT() REPRESENTATION_CONTEXT('2D SPACE',''
  ) );
#4820 = ORIENTED_EDGE('',*,*,#4821,.T.);
#4821 = EDGE_CURVE('',#4800,#4016,#4822,.T.);
#4822 = SURFACE_CURVE('',#4823,(#4826,#4832),.PCURVE_S1.);
#4823 = B_SPLINE_CURVE_WITH_KNOTS('',1,(#4824,#4825),.UNSPECIFIED.,.F.,
  .F.,(2,2),(0.,1.),.PIECEWISE_BEZIER_KNOTS.);
#4824 = CARTESIAN_POINT('',(-9.045,-67.938,17.889));
#4825 = CARTESIAN_POINT('',(-9.0651,-67.9179,18.3915));
#4826 = PCURVE('',#4054,#4827);
#4827 = DEFINITIONAL_REPRESENTATION('',(#4828),#4831);
#4828 = B_SPLINE_CURVE_WITH_KNOTS('',1,(#4829,#4830),.UNSPECIFIED.,.F.,
  .F.,(2,2),(0.,0.8),.PIECEWISE_BEZIER_KNOTS.);
#4829 = CARTESIAN_POINT('',(9.02,0.));
#4830 = CARTESIAN_POINT('',(9.02,0.8));
#4831 = ( GEOMETRIC_REPRESENTATION_CONTEXT(2) 
PARAMETRIC_REPRESENTATION_CONTEXT() REPRESENTATION_CONTEXT('2D SPACE',''
  ) );
#4832 = PCURVE('',#4029,#4833);
#4833 = DEFINITIONAL_REPRESENTATION('',(#4834),#4837);
#4834 = B_SPLINE_CURVE_WITH_KNOTS('',1,(#4835,#4836),.UNSPECIFIED.,.F.,
  .F.,(2,2),(0.,0.8),.PIECEWISE_BEZIER_KNOTS.);
#4835 = CARTESIAN_POINT('',(-0.42,0.));
#4836 = CARTESIAN_POINT('',(-0.42,0.8));
#4837 = ( GEOMETRIC_REPRESENTATION_CONTEXT(2) 
PARAMETRIC_REPRESENTATION_CONTEXT() REPRESENTATION_CONTEXT('2D SPACE',''
  ) );
#4838 = ORIENTED_EDGE('',*,*,#4040,.T.);
#4839 = ORIENTED_EDGE('',*,*,#4777,.F.);
#4840 = ADVANCED_FACE('',(#4841),#4029,.T.);
#4841 = FACE_BOUND('',#4842,.T.);
#4842 = EDGE_LOOP('',(#4843,#4863,#4864,#4865));
#4843 = ORIENTED_EDGE('',*,*,#4844,.F.);
#4844 = EDGE_CURVE('',#4686,#4800,#4845,.T.);
#4845 = SURFACE_CURVE('',#4846,(#4850,#4856),.PCURVE_S1.);
#4846 = LINE('',#4847,#4848);
#4847 = CARTESIAN_POINT('',(-9.045,-68.34,17.889));
#4848 = VECTOR('',#4849,1.);
#4849 = DIRECTION('',(0.,1.,0.));
#4850 = PCURVE('',#4029,#4851);
#4851 = DEFINITIONAL_REPRESENTATION('',(#4852),#4855);
#4852 = B_SPLINE_CURVE_WITH_KNOTS('',1,(#4853,#4854),.UNSPECIFIED.,.F.,
  .F.,(2,2),(-0.402,0.402),.PIECEWISE_BEZIER_KNOTS.);
#4853 = CARTESIAN_POINT('',(0.42,0.));
#4854 = CARTESIAN_POINT('',(-0.42,0.));
#4855 = ( GEOMETRIC_REPRESENTATION_CONTEXT(2) 
PARAMETRIC_REPRESENTATION_CONTEXT() REPRESENTATION_CONTEXT('2D SPACE',''
  ) );
#4856 = PCURVE('',#4720,#4857);
#4857 = DEFINITIONAL_REPRESENTATION('',(#4858),#4862);
#4858 = LINE('',#4859,#4860);
#4859 = CARTESIAN_POINT('',(1.784904667553E-02,0.401603550199));
#4860 = VECTOR('',#4861,1.);
#4861 = DIRECTION('',(4.440061362072E-02,0.999013806466));
#4862 = ( GEOMETRIC_REPRESENTATION_CONTEXT(2) 
PARAMETRIC_REPRESENTATION_CONTEXT() REPRESENTATION_CONTEXT('2D SPACE',''
  ) );
#4863 = ORIENTED_EDGE('',*,*,#4685,.T.);
#4864 = ORIENTED_EDGE('',*,*,#4015,.T.);
#4865 = ORIENTED_EDGE('',*,*,#4821,.F.);
#4866 = ADVANCED_FACE('',(#4867),#4106,.T.);
#4867 = FACE_BOUND('',#4868,.T.);
#4868 = EDGE_LOOP('',(#4869,#4889,#4916,#4934));
#4869 = ORIENTED_EDGE('',*,*,#4870,.F.);
#4870 = EDGE_CURVE('',#4871,#4093,#4873,.T.);
#4871 = VERTEX_POINT('',#4872);
#4872 = CARTESIAN_POINT('',(-9.045,-66.732,17.889));
#4873 = SURFACE_CURVE('',#4874,(#4877,#4883),.PCURVE_S1.);
#4874 = B_SPLINE_CURVE_WITH_KNOTS('',1,(#4875,#4876),.UNSPECIFIED.,.F.,
  .F.,(2,2),(0.,1.),.PIECEWISE_BEZIER_KNOTS.);
#4875 = CARTESIAN_POINT('',(-9.045,-66.732,17.889));
#4876 = CARTESIAN_POINT('',(-9.0651,-66.7521,18.3915));
#4877 = PCURVE('',#4106,#4878);
#4878 = DEFINITIONAL_REPRESENTATION('',(#4879),#4882);
#4879 = B_SPLINE_CURVE_WITH_KNOTS('',1,(#4880,#4881),.UNSPECIFIED.,.F.,
  .F.,(2,2),(0.,0.8),.PIECEWISE_BEZIER_KNOTS.);
#4880 = CARTESIAN_POINT('',(-9.02,0.));
#4881 = CARTESIAN_POINT('',(-9.02,0.8));
#4882 = ( GEOMETRIC_REPRESENTATION_CONTEXT(2) 
PARAMETRIC_REPRESENTATION_CONTEXT() REPRESENTATION_CONTEXT('2D SPACE',''
  ) );
#4883 = PCURVE('',#4131,#4884);
#4884 = DEFINITIONAL_REPRESENTATION('',(#4885),#4888);
#4885 = B_SPLINE_CURVE_WITH_KNOTS('',1,(#4886,#4887),.UNSPECIFIED.,.F.,
  .F.,(2,2),(0.,0.8),.PIECEWISE_BEZIER_KNOTS.);
#4886 = CARTESIAN_POINT('',(0.42,0.));
#4887 = CARTESIAN_POINT('',(0.42,0.8));
#4888 = ( GEOMETRIC_REPRESENTATION_CONTEXT(2) 
PARAMETRIC_REPRESENTATION_CONTEXT() REPRESENTATION_CONTEXT('2D SPACE',''
  ) );
#4889 = ORIENTED_EDGE('',*,*,#4890,.T.);
#4890 = EDGE_CURVE('',#4871,#4891,#4893,.T.);
#4891 = VERTEX_POINT('',#4892);
#4892 = CARTESIAN_POINT('',(9.045,-66.732,17.889));
#4893 = SURFACE_CURVE('',#4894,(#4898,#4904),.PCURVE_S1.);
#4894 = LINE('',#4895,#4896);
#4895 = CARTESIAN_POINT('',(0.,-66.732,17.889));
#4896 = VECTOR('',#4897,1.);
#4897 = DIRECTION('',(1.,0.,0.));
#4898 = PCURVE('',#4106,#4899);
#4899 = DEFINITIONAL_REPRESENTATION('',(#4900),#4903);
#4900 = B_SPLINE_CURVE_WITH_KNOTS('',1,(#4901,#4902),.UNSPECIFIED.,.F.,
  .F.,(2,2),(-9.045,9.045),.PIECEWISE_BEZIER_KNOTS.);
#4901 = CARTESIAN_POINT('',(-9.02,0.));
#4902 = CARTESIAN_POINT('',(9.02,0.));
#4903 = ( GEOMETRIC_REPRESENTATION_CONTEXT(2) 
PARAMETRIC_REPRESENTATION_CONTEXT() REPRESENTATION_CONTEXT('2D SPACE',''
  ) );
#4904 = PCURVE('',#4905,#4910);
#4905 = PLANE('',#4906);
#4906 = AXIS2_PLACEMENT_3D('',#4907,#4908,#4909);
#4907 = CARTESIAN_POINT('',(-9.045,-66.732,17.889));
#4908 = DIRECTION('',(0.,0.,1.));
#4909 = DIRECTION('',(0.999013806466,4.440061362072E-02,-0.));
#4910 = DEFINITIONAL_REPRESENTATION('',(#4911),#4915);
#4911 = LINE('',#4912,#4913);
#4912 = CARTESIAN_POINT('',(9.036079879487,-0.401603550199));
#4913 = VECTOR('',#4914,1.);
#4914 = DIRECTION('',(0.999013806466,-4.440061362072E-02));
#4915 = ( GEOMETRIC_REPRESENTATION_CONTEXT(2) 
PARAMETRIC_REPRESENTATION_CONTEXT() REPRESENTATION_CONTEXT('2D SPACE',''
  ) );
#4916 = ORIENTED_EDGE('',*,*,#4917,.T.);
#4917 = EDGE_CURVE('',#4891,#4091,#4918,.T.);
#4918 = SURFACE_CURVE('',#4919,(#4922,#4928),.PCURVE_S1.);
#4919 = B_SPLINE_CURVE_WITH_KNOTS('',1,(#4920,#4921),.UNSPECIFIED.,.F.,
  .F.,(2,2),(0.,1.),.PIECEWISE_BEZIER_KNOTS.);
#4920 = CARTESIAN_POINT('',(9.045,-66.732,17.889));
#4921 = CARTESIAN_POINT('',(9.0651,-66.7521,18.3915));
#4922 = PCURVE('',#4106,#4923);
#4923 = DEFINITIONAL_REPRESENTATION('',(#4924),#4927);
#4924 = B_SPLINE_CURVE_WITH_KNOTS('',1,(#4925,#4926),.UNSPECIFIED.,.F.,
  .F.,(2,2),(0.,0.8),.PIECEWISE_BEZIER_KNOTS.);
#4925 = CARTESIAN_POINT('',(9.02,0.));
#4926 = CARTESIAN_POINT('',(9.02,0.8));
#4927 = ( GEOMETRIC_REPRESENTATION_CONTEXT(2) 
PARAMETRIC_REPRESENTATION_CONTEXT() REPRESENTATION_CONTEXT('2D SPACE',''
  ) );
#4928 = PCURVE('',#4179,#4929);
#4929 = DEFINITIONAL_REPRESENTATION('',(#4930),#4933);
#4930 = B_SPLINE_CURVE_WITH_KNOTS('',1,(#4931,#4932),.UNSPECIFIED.,.F.,
  .F.,(2,2),(0.,0.8),.PIECEWISE_BEZIER_KNOTS.);
#4931 = CARTESIAN_POINT('',(-0.42,0.));
#4932 = CARTESIAN_POINT('',(-0.42,0.8));
#4933 = ( GEOMETRIC_REPRESENTATION_CONTEXT(2) 
PARAMETRIC_REPRESENTATION_CONTEXT() REPRESENTATION_CONTEXT('2D SPACE',''
  ) );
#4934 = ORIENTED_EDGE('',*,*,#4090,.T.);
#4935 = ADVANCED_FACE('',(#4936),#4179,.T.);
#4936 = FACE_BOUND('',#4937,.T.);
#4937 = EDGE_LOOP('',(#4938,#4939,#4961,#4979));
#4938 = ORIENTED_EDGE('',*,*,#4917,.F.);
#4939 = ORIENTED_EDGE('',*,*,#4940,.T.);
#4940 = EDGE_CURVE('',#4891,#4941,#4943,.T.);
#4941 = VERTEX_POINT('',#4942);
#4942 = CARTESIAN_POINT('',(9.045,-65.928,17.889));
#4943 = SURFACE_CURVE('',#4944,(#4948,#4954),.PCURVE_S1.);
#4944 = LINE('',#4945,#4946);
#4945 = CARTESIAN_POINT('',(9.045,-66.33,17.889));
#4946 = VECTOR('',#4947,1.);
#4947 = DIRECTION('',(0.,1.,0.));
#4948 = PCURVE('',#4179,#4949);
#4949 = DEFINITIONAL_REPRESENTATION('',(#4950),#4953);
#4950 = B_SPLINE_CURVE_WITH_KNOTS('',1,(#4951,#4952),.UNSPECIFIED.,.F.,
  .F.,(2,2),(-0.402,0.402),.PIECEWISE_BEZIER_KNOTS.);
#4951 = CARTESIAN_POINT('',(-0.42,0.));
#4952 = CARTESIAN_POINT('',(0.42,0.));
#4953 = ( GEOMETRIC_REPRESENTATION_CONTEXT(2) 
PARAMETRIC_REPRESENTATION_CONTEXT() REPRESENTATION_CONTEXT('2D SPACE',''
  ) );
#4954 = PCURVE('',#4905,#4955);
#4955 = DEFINITIONAL_REPRESENTATION('',(#4956),#4960);
#4956 = LINE('',#4957,#4958);
#4957 = CARTESIAN_POINT('',(18.090008805649,-0.401603550199));
#4958 = VECTOR('',#4959,1.);
#4959 = DIRECTION('',(4.440061362072E-02,0.999013806466));
#4960 = ( GEOMETRIC_REPRESENTATION_CONTEXT(2) 
PARAMETRIC_REPRESENTATION_CONTEXT() REPRESENTATION_CONTEXT('2D SPACE',''
  ) );
#4961 = ORIENTED_EDGE('',*,*,#4962,.T.);
#4962 = EDGE_CURVE('',#4941,#4143,#4963,.T.);
#4963 = SURFACE_CURVE('',#4964,(#4967,#4973),.PCURVE_S1.);
#4964 = B_SPLINE_CURVE_WITH_KNOTS('',1,(#4965,#4966),.UNSPECIFIED.,.F.,
  .F.,(2,2),(0.,1.),.PIECEWISE_BEZIER_KNOTS.);
#4965 = CARTESIAN_POINT('',(9.045,-65.928,17.889));
#4966 = CARTESIAN_POINT('',(9.0651,-65.9079,18.3915));
#4967 = PCURVE('',#4179,#4968);
#4968 = DEFINITIONAL_REPRESENTATION('',(#4969),#4972);
#4969 = B_SPLINE_CURVE_WITH_KNOTS('',1,(#4970,#4971),.UNSPECIFIED.,.F.,
  .F.,(2,2),(0.,0.8),.PIECEWISE_BEZIER_KNOTS.);
#4970 = CARTESIAN_POINT('',(0.42,0.));
#4971 = CARTESIAN_POINT('',(0.42,0.8));
#4972 = ( GEOMETRIC_REPRESENTATION_CONTEXT(2) 
PARAMETRIC_REPRESENTATION_CONTEXT() REPRESENTATION_CONTEXT('2D SPACE',''
  ) );
#4973 = PCURVE('',#4156,#4974);
#4974 = DEFINITIONAL_REPRESENTATION('',(#4975),#4978);
#4975 = B_SPLINE_CURVE_WITH_KNOTS('',1,(#4976,#4977),.UNSPECIFIED.,.F.,
  .F.,(2,2),(0.,0.8),.PIECEWISE_BEZIER_KNOTS.);
#4976 = CARTESIAN_POINT('',(-9.02,0.));
#4977 = CARTESIAN_POINT('',(-9.02,0.8));
#4978 = ( GEOMETRIC_REPRESENTATION_CONTEXT(2) 
PARAMETRIC_REPRESENTATION_CONTEXT() REPRESENTATION_CONTEXT('2D SPACE',''
  ) );
#4979 = ORIENTED_EDGE('',*,*,#4167,.T.);
#4980 = ADVANCED_FACE('',(#4981),#4131,.T.);
#4981 = FACE_BOUND('',#4982,.T.);
#4982 = EDGE_LOOP('',(#4983,#5005,#5006,#5007));
#4983 = ORIENTED_EDGE('',*,*,#4984,.F.);
#4984 = EDGE_CURVE('',#4871,#4985,#4987,.T.);
#4985 = VERTEX_POINT('',#4986);
#4986 = CARTESIAN_POINT('',(-9.045,-65.928,17.889));
#4987 = SURFACE_CURVE('',#4988,(#4992,#4998),.PCURVE_S1.);
#4988 = LINE('',#4989,#4990);
#4989 = CARTESIAN_POINT('',(-9.045,-66.33,17.889));
#4990 = VECTOR('',#4991,1.);
#4991 = DIRECTION('',(0.,1.,0.));
#4992 = PCURVE('',#4131,#4993);
#4993 = DEFINITIONAL_REPRESENTATION('',(#4994),#4997);
#4994 = B_SPLINE_CURVE_WITH_KNOTS('',1,(#4995,#4996),.UNSPECIFIED.,.F.,
  .F.,(2,2),(-0.402,0.402),.PIECEWISE_BEZIER_KNOTS.);
#4995 = CARTESIAN_POINT('',(0.42,0.));
#4996 = CARTESIAN_POINT('',(-0.42,0.));
#4997 = ( GEOMETRIC_REPRESENTATION_CONTEXT(2) 
PARAMETRIC_REPRESENTATION_CONTEXT() REPRESENTATION_CONTEXT('2D SPACE',''
  ) );
#4998 = PCURVE('',#4905,#4999);
#4999 = DEFINITIONAL_REPRESENTATION('',(#5000),#5004);
#5000 = LINE('',#5001,#5002);
#5001 = CARTESIAN_POINT('',(1.784904667553E-02,0.401603550199));
#5002 = VECTOR('',#5003,1.);
#5003 = DIRECTION('',(4.440061362072E-02,0.999013806466));
#5004 = ( GEOMETRIC_REPRESENTATION_CONTEXT(2) 
PARAMETRIC_REPRESENTATION_CONTEXT() REPRESENTATION_CONTEXT('2D SPACE',''
  ) );
#5005 = ORIENTED_EDGE('',*,*,#4870,.T.);
#5006 = ORIENTED_EDGE('',*,*,#4117,.T.);
#5007 = ORIENTED_EDGE('',*,*,#5008,.F.);
#5008 = EDGE_CURVE('',#4985,#4118,#5009,.T.);
#5009 = SURFACE_CURVE('',#5010,(#5013,#5019),.PCURVE_S1.);
#5010 = B_SPLINE_CURVE_WITH_KNOTS('',1,(#5011,#5012),.UNSPECIFIED.,.F.,
  .F.,(2,2),(0.,1.),.PIECEWISE_BEZIER_KNOTS.);
#5011 = CARTESIAN_POINT('',(-9.045,-65.928,17.889));
#5012 = CARTESIAN_POINT('',(-9.0651,-65.9079,18.3915));
#5013 = PCURVE('',#4131,#5014);
#5014 = DEFINITIONAL_REPRESENTATION('',(#5015),#5018);
#5015 = B_SPLINE_CURVE_WITH_KNOTS('',1,(#5016,#5017),.UNSPECIFIED.,.F.,
  .F.,(2,2),(0.,0.8),.PIECEWISE_BEZIER_KNOTS.);
#5016 = CARTESIAN_POINT('',(-0.42,0.));
#5017 = CARTESIAN_POINT('',(-0.42,0.8));
#5018 = ( GEOMETRIC_REPRESENTATION_CONTEXT(2) 
PARAMETRIC_REPRESENTATION_CONTEXT() REPRESENTATION_CONTEXT('2D SPACE',''
  ) );
#5019 = PCURVE('',#4156,#5020);
#5020 = DEFINITIONAL_REPRESENTATION('',(#5021),#5024);
#5021 = B_SPLINE_CURVE_WITH_KNOTS('',1,(#5022,#5023),.UNSPECIFIED.,.F.,
  .F.,(2,2),(0.,0.8),.PIECEWISE_BEZIER_KNOTS.);
#5022 = CARTESIAN_POINT('',(9.02,0.));
#5023 = CARTESIAN_POINT('',(9.02,0.8));
#5024 = ( GEOMETRIC_REPRESENTATION_CONTEXT(2) 
PARAMETRIC_REPRESENTATION_CONTEXT() REPRESENTATION_CONTEXT('2D SPACE',''
  ) );
#5025 = ADVANCED_FACE('',(#5026),#4156,.T.);
#5026 = FACE_BOUND('',#5027,.T.);
#5027 = EDGE_LOOP('',(#5028,#5048,#5049,#5050));
#5028 = ORIENTED_EDGE('',*,*,#5029,.F.);
#5029 = EDGE_CURVE('',#4985,#4941,#5030,.T.);
#5030 = SURFACE_CURVE('',#5031,(#5035,#5041),.PCURVE_S1.);
#5031 = LINE('',#5032,#5033);
#5032 = CARTESIAN_POINT('',(0.,-65.928,17.889));
#5033 = VECTOR('',#5034,1.);
#5034 = DIRECTION('',(1.,0.,0.));
#5035 = PCURVE('',#4156,#5036);
#5036 = DEFINITIONAL_REPRESENTATION('',(#5037),#5040);
#5037 = B_SPLINE_CURVE_WITH_KNOTS('',1,(#5038,#5039),.UNSPECIFIED.,.F.,
  .F.,(2,2),(-9.045,9.045),.PIECEWISE_BEZIER_KNOTS.);
#5038 = CARTESIAN_POINT('',(9.02,0.));
#5039 = CARTESIAN_POINT('',(-9.02,0.));
#5040 = ( GEOMETRIC_REPRESENTATION_CONTEXT(2) 
PARAMETRIC_REPRESENTATION_CONTEXT() REPRESENTATION_CONTEXT('2D SPACE',''
  ) );
#5041 = PCURVE('',#4905,#5042);
#5042 = DEFINITIONAL_REPRESENTATION('',(#5043),#5047);
#5043 = LINE('',#5044,#5045);
#5044 = CARTESIAN_POINT('',(9.071777972838,0.401603550199));
#5045 = VECTOR('',#5046,1.);
#5046 = DIRECTION('',(0.999013806466,-4.440061362072E-02));
#5047 = ( GEOMETRIC_REPRESENTATION_CONTEXT(2) 
PARAMETRIC_REPRESENTATION_CONTEXT() REPRESENTATION_CONTEXT('2D SPACE',''
  ) );
#5048 = ORIENTED_EDGE('',*,*,#5008,.T.);
#5049 = ORIENTED_EDGE('',*,*,#4142,.T.);
#5050 = ORIENTED_EDGE('',*,*,#4962,.F.);
#5051 = ADVANCED_FACE('',(#5052),#4208,.T.);
#5052 = FACE_BOUND('',#5053,.T.);
#5053 = EDGE_LOOP('',(#5054,#5074,#5101,#5119));
#5054 = ORIENTED_EDGE('',*,*,#5055,.F.);
#5055 = EDGE_CURVE('',#5056,#4195,#5058,.T.);
#5056 = VERTEX_POINT('',#5057);
#5057 = CARTESIAN_POINT('',(-9.045,-64.722,17.889));
#5058 = SURFACE_CURVE('',#5059,(#5062,#5068),.PCURVE_S1.);
#5059 = B_SPLINE_CURVE_WITH_KNOTS('',1,(#5060,#5061),.UNSPECIFIED.,.F.,
  .F.,(2,2),(0.,1.),.PIECEWISE_BEZIER_KNOTS.);
#5060 = CARTESIAN_POINT('',(-9.045,-64.722,17.889));
#5061 = CARTESIAN_POINT('',(-9.0651,-64.7421,18.3915));
#5062 = PCURVE('',#4208,#5063);
#5063 = DEFINITIONAL_REPRESENTATION('',(#5064),#5067);
#5064 = B_SPLINE_CURVE_WITH_KNOTS('',1,(#5065,#5066),.UNSPECIFIED.,.F.,
  .F.,(2,2),(0.,0.8),.PIECEWISE_BEZIER_KNOTS.);
#5065 = CARTESIAN_POINT('',(-9.02,0.));
#5066 = CARTESIAN_POINT('',(-9.02,0.8));
#5067 = ( GEOMETRIC_REPRESENTATION_CONTEXT(2) 
PARAMETRIC_REPRESENTATION_CONTEXT() REPRESENTATION_CONTEXT('2D SPACE',''
  ) );
#5068 = PCURVE('',#4233,#5069);
#5069 = DEFINITIONAL_REPRESENTATION('',(#5070),#5073);
#5070 = B_SPLINE_CURVE_WITH_KNOTS('',1,(#5071,#5072),.UNSPECIFIED.,.F.,
  .F.,(2,2),(0.,0.8),.PIECEWISE_BEZIER_KNOTS.);
#5071 = CARTESIAN_POINT('',(0.42,0.));
#5072 = CARTESIAN_POINT('',(0.42,0.8));
#5073 = ( GEOMETRIC_REPRESENTATION_CONTEXT(2) 
PARAMETRIC_REPRESENTATION_CONTEXT() REPRESENTATION_CONTEXT('2D SPACE',''
  ) );
#5074 = ORIENTED_EDGE('',*,*,#5075,.T.);
#5075 = EDGE_CURVE('',#5056,#5076,#5078,.T.);
#5076 = VERTEX_POINT('',#5077);
#5077 = CARTESIAN_POINT('',(9.045,-64.722,17.889));
#5078 = SURFACE_CURVE('',#5079,(#5083,#5089),.PCURVE_S1.);
#5079 = LINE('',#5080,#5081);
#5080 = CARTESIAN_POINT('',(0.,-64.722,17.889));
#5081 = VECTOR('',#5082,1.);
#5082 = DIRECTION('',(1.,0.,0.));
#5083 = PCURVE('',#4208,#5084);
#5084 = DEFINITIONAL_REPRESENTATION('',(#5085),#5088);
#5085 = B_SPLINE_CURVE_WITH_KNOTS('',1,(#5086,#5087),.UNSPECIFIED.,.F.,
  .F.,(2,2),(-9.045,9.045),.PIECEWISE_BEZIER_KNOTS.);
#5086 = CARTESIAN_POINT('',(-9.02,0.));
#5087 = CARTESIAN_POINT('',(9.02,0.));
#5088 = ( GEOMETRIC_REPRESENTATION_CONTEXT(2) 
PARAMETRIC_REPRESENTATION_CONTEXT() REPRESENTATION_CONTEXT('2D SPACE',''
  ) );
#5089 = PCURVE('',#5090,#5095);
#5090 = PLANE('',#5091);
#5091 = AXIS2_PLACEMENT_3D('',#5092,#5093,#5094);
#5092 = CARTESIAN_POINT('',(-9.045,-64.722,17.889));
#5093 = DIRECTION('',(0.,0.,1.));
#5094 = DIRECTION('',(0.999013806466,4.440061362072E-02,-0.));
#5095 = DEFINITIONAL_REPRESENTATION('',(#5096),#5100);
#5096 = LINE('',#5097,#5098);
#5097 = CARTESIAN_POINT('',(9.036079879487,-0.401603550199));
#5098 = VECTOR('',#5099,1.);
#5099 = DIRECTION('',(0.999013806466,-4.440061362072E-02));
#5100 = ( GEOMETRIC_REPRESENTATION_CONTEXT(2) 
PARAMETRIC_REPRESENTATION_CONTEXT() REPRESENTATION_CONTEXT('2D SPACE',''
  ) );
#5101 = ORIENTED_EDGE('',*,*,#5102,.T.);
#5102 = EDGE_CURVE('',#5076,#4193,#5103,.T.);
#5103 = SURFACE_CURVE('',#5104,(#5107,#5113),.PCURVE_S1.);
#5104 = B_SPLINE_CURVE_WITH_KNOTS('',1,(#5105,#5106),.UNSPECIFIED.,.F.,
  .F.,(2,2),(0.,1.),.PIECEWISE_BEZIER_KNOTS.);
#5105 = CARTESIAN_POINT('',(9.045,-64.722,17.889));
#5106 = CARTESIAN_POINT('',(9.0651,-64.7421,18.3915));
#5107 = PCURVE('',#4208,#5108);
#5108 = DEFINITIONAL_REPRESENTATION('',(#5109),#5112);
#5109 = B_SPLINE_CURVE_WITH_KNOTS('',1,(#5110,#5111),.UNSPECIFIED.,.F.,
  .F.,(2,2),(0.,0.8),.PIECEWISE_BEZIER_KNOTS.);
#5110 = CARTESIAN_POINT('',(9.02,0.));
#5111 = CARTESIAN_POINT('',(9.02,0.8));
#5112 = ( GEOMETRIC_REPRESENTATION_CONTEXT(2) 
PARAMETRIC_REPRESENTATION_CONTEXT() REPRESENTATION_CONTEXT('2D SPACE',''
  ) );
#5113 = PCURVE('',#4281,#5114);
#5114 = DEFINITIONAL_REPRESENTATION('',(#5115),#5118);
#5115 = B_SPLINE_CURVE_WITH_KNOTS('',1,(#5116,#5117),.UNSPECIFIED.,.F.,
  .F.,(2,2),(0.,0.8),.PIECEWISE_BEZIER_KNOTS.);
#5116 = CARTESIAN_POINT('',(-0.42,0.));
#5117 = CARTESIAN_POINT('',(-0.42,0.8));
#5118 = ( GEOMETRIC_REPRESENTATION_CONTEXT(2) 
PARAMETRIC_REPRESENTATION_CONTEXT() REPRESENTATION_CONTEXT('2D SPACE',''
  ) );
#5119 = ORIENTED_EDGE('',*,*,#4192,.T.);
#5120 = ADVANCED_FACE('',(#5121),#4281,.T.);
#5121 = FACE_BOUND('',#5122,.T.);
#5122 = EDGE_LOOP('',(#5123,#5124,#5146,#5164));
#5123 = ORIENTED_EDGE('',*,*,#5102,.F.);
#5124 = ORIENTED_EDGE('',*,*,#5125,.T.);
#5125 = EDGE_CURVE('',#5076,#5126,#5128,.T.);
#5126 = VERTEX_POINT('',#5127);
#5127 = CARTESIAN_POINT('',(9.045,-63.918,17.889));
#5128 = SURFACE_CURVE('',#5129,(#5133,#5139),.PCURVE_S1.);
#5129 = LINE('',#5130,#5131);
#5130 = CARTESIAN_POINT('',(9.045,-64.32,17.889));
#5131 = VECTOR('',#5132,1.);
#5132 = DIRECTION('',(0.,1.,0.));
#5133 = PCURVE('',#4281,#5134);
#5134 = DEFINITIONAL_REPRESENTATION('',(#5135),#5138);
#5135 = B_SPLINE_CURVE_WITH_KNOTS('',1,(#5136,#5137),.UNSPECIFIED.,.F.,
  .F.,(2,2),(-0.402,0.402),.PIECEWISE_BEZIER_KNOTS.);
#5136 = CARTESIAN_POINT('',(-0.42,0.));
#5137 = CARTESIAN_POINT('',(0.42,0.));
#5138 = ( GEOMETRIC_REPRESENTATION_CONTEXT(2) 
PARAMETRIC_REPRESENTATION_CONTEXT() REPRESENTATION_CONTEXT('2D SPACE',''
  ) );
#5139 = PCURVE('',#5090,#5140);
#5140 = DEFINITIONAL_REPRESENTATION('',(#5141),#5145);
#5141 = LINE('',#5142,#5143);
#5142 = CARTESIAN_POINT('',(18.090008805649,-0.401603550199));
#5143 = VECTOR('',#5144,1.);
#5144 = DIRECTION('',(4.440061362072E-02,0.999013806466));
#5145 = ( GEOMETRIC_REPRESENTATION_CONTEXT(2) 
PARAMETRIC_REPRESENTATION_CONTEXT() REPRESENTATION_CONTEXT('2D SPACE',''
  ) );
#5146 = ORIENTED_EDGE('',*,*,#5147,.T.);
#5147 = EDGE_CURVE('',#5126,#4245,#5148,.T.);
#5148 = SURFACE_CURVE('',#5149,(#5152,#5158),.PCURVE_S1.);
#5149 = B_SPLINE_CURVE_WITH_KNOTS('',1,(#5150,#5151),.UNSPECIFIED.,.F.,
  .F.,(2,2),(0.,1.),.PIECEWISE_BEZIER_KNOTS.);
#5150 = CARTESIAN_POINT('',(9.045,-63.918,17.889));
#5151 = CARTESIAN_POINT('',(9.0651,-63.8979,18.3915));
#5152 = PCURVE('',#4281,#5153);
#5153 = DEFINITIONAL_REPRESENTATION('',(#5154),#5157);
#5154 = B_SPLINE_CURVE_WITH_KNOTS('',1,(#5155,#5156),.UNSPECIFIED.,.F.,
  .F.,(2,2),(0.,0.8),.PIECEWISE_BEZIER_KNOTS.);
#5155 = CARTESIAN_POINT('',(0.42,0.));
#5156 = CARTESIAN_POINT('',(0.42,0.8));
#5157 = ( GEOMETRIC_REPRESENTATION_CONTEXT(2) 
PARAMETRIC_REPRESENTATION_CONTEXT() REPRESENTATION_CONTEXT('2D SPACE',''
  ) );
#5158 = PCURVE('',#4258,#5159);
#5159 = DEFINITIONAL_REPRESENTATION('',(#5160),#5163);
#5160 = B_SPLINE_CURVE_WITH_KNOTS('',1,(#5161,#5162),.UNSPECIFIED.,.F.,
  .F.,(2,2),(0.,0.8),.PIECEWISE_BEZIER_KNOTS.);
#5161 = CARTESIAN_POINT('',(-9.02,0.));
#5162 = CARTESIAN_POINT('',(-9.02,0.8));
#5163 = ( GEOMETRIC_REPRESENTATION_CONTEXT(2) 
PARAMETRIC_REPRESENTATION_CONTEXT() REPRESENTATION_CONTEXT('2D SPACE',''
  ) );
#5164 = ORIENTED_EDGE('',*,*,#4269,.T.);
#5165 = ADVANCED_FACE('',(#5166),#4233,.T.);
#5166 = FACE_BOUND('',#5167,.T.);
#5167 = EDGE_LOOP('',(#5168,#5190,#5191,#5192));
#5168 = ORIENTED_EDGE('',*,*,#5169,.F.);
#5169 = EDGE_CURVE('',#5056,#5170,#5172,.T.);
#5170 = VERTEX_POINT('',#5171);
#5171 = CARTESIAN_POINT('',(-9.045,-63.918,17.889));
#5172 = SURFACE_CURVE('',#5173,(#5177,#5183),.PCURVE_S1.);
#5173 = LINE('',#5174,#5175);
#5174 = CARTESIAN_POINT('',(-9.045,-64.32,17.889));
#5175 = VECTOR('',#5176,1.);
#5176 = DIRECTION('',(0.,1.,0.));
#5177 = PCURVE('',#4233,#5178);
#5178 = DEFINITIONAL_REPRESENTATION('',(#5179),#5182);
#5179 = B_SPLINE_CURVE_WITH_KNOTS('',1,(#5180,#5181),.UNSPECIFIED.,.F.,
  .F.,(2,2),(-0.402,0.402),.PIECEWISE_BEZIER_KNOTS.);
#5180 = CARTESIAN_POINT('',(0.42,0.));
#5181 = CARTESIAN_POINT('',(-0.42,0.));
#5182 = ( GEOMETRIC_REPRESENTATION_CONTEXT(2) 
PARAMETRIC_REPRESENTATION_CONTEXT() REPRESENTATION_CONTEXT('2D SPACE',''
  ) );
#5183 = PCURVE('',#5090,#5184);
#5184 = DEFINITIONAL_REPRESENTATION('',(#5185),#5189);
#5185 = LINE('',#5186,#5187);
#5186 = CARTESIAN_POINT('',(1.784904667553E-02,0.401603550199));
#5187 = VECTOR('',#5188,1.);
#5188 = DIRECTION('',(4.440061362072E-02,0.999013806466));
#5189 = ( GEOMETRIC_REPRESENTATION_CONTEXT(2) 
PARAMETRIC_REPRESENTATION_CONTEXT() REPRESENTATION_CONTEXT('2D SPACE',''
  ) );
#5190 = ORIENTED_EDGE('',*,*,#5055,.T.);
#5191 = ORIENTED_EDGE('',*,*,#4219,.T.);
#5192 = ORIENTED_EDGE('',*,*,#5193,.F.);
#5193 = EDGE_CURVE('',#5170,#4220,#5194,.T.);
#5194 = SURFACE_CURVE('',#5195,(#5198,#5204),.PCURVE_S1.);
#5195 = B_SPLINE_CURVE_WITH_KNOTS('',1,(#5196,#5197),.UNSPECIFIED.,.F.,
  .F.,(2,2),(0.,1.),.PIECEWISE_BEZIER_KNOTS.);
#5196 = CARTESIAN_POINT('',(-9.045,-63.918,17.889));
#5197 = CARTESIAN_POINT('',(-9.0651,-63.8979,18.3915));
#5198 = PCURVE('',#4233,#5199);
#5199 = DEFINITIONAL_REPRESENTATION('',(#5200),#5203);
#5200 = B_SPLINE_CURVE_WITH_KNOTS('',1,(#5201,#5202),.UNSPECIFIED.,.F.,
  .F.,(2,2),(0.,0.8),.PIECEWISE_BEZIER_KNOTS.);
#5201 = CARTESIAN_POINT('',(-0.42,0.));
#5202 = CARTESIAN_POINT('',(-0.42,0.8));
#5203 = ( GEOMETRIC_REPRESENTATION_CONTEXT(2) 
PARAMETRIC_REPRESENTATION_CONTEXT() REPRESENTATION_CONTEXT('2D SPACE',''
  ) );
#5204 = PCURVE('',#4258,#5205);
#5205 = DEFINITIONAL_REPRESENTATION('',(#5206),#5209);
#5206 = B_SPLINE_CURVE_WITH_KNOTS('',1,(#5207,#5208),.UNSPECIFIED.,.F.,
  .F.,(2,2),(0.,0.8),.PIECEWISE_BEZIER_KNOTS.);
#5207 = CARTESIAN_POINT('',(9.02,0.));
#5208 = CARTESIAN_POINT('',(9.02,0.8));
#5209 = ( GEOMETRIC_REPRESENTATION_CONTEXT(2) 
PARAMETRIC_REPRESENTATION_CONTEXT() REPRESENTATION_CONTEXT('2D SPACE',''
  ) );
#5210 = ADVANCED_FACE('',(#5211),#4258,.T.);
#5211 = FACE_BOUND('',#5212,.T.);
#5212 = EDGE_LOOP('',(#5213,#5233,#5234,#5235));
#5213 = ORIENTED_EDGE('',*,*,#5214,.F.);
#5214 = EDGE_CURVE('',#5170,#5126,#5215,.T.);
#5215 = SURFACE_CURVE('',#5216,(#5220,#5226),.PCURVE_S1.);
#5216 = LINE('',#5217,#5218);
#5217 = CARTESIAN_POINT('',(0.,-63.918,17.889));
#5218 = VECTOR('',#5219,1.);
#5219 = DIRECTION('',(1.,0.,0.));
#5220 = PCURVE('',#4258,#5221);
#5221 = DEFINITIONAL_REPRESENTATION('',(#5222),#5225);
#5222 = B_SPLINE_CURVE_WITH_KNOTS('',1,(#5223,#5224),.UNSPECIFIED.,.F.,
  .F.,(2,2),(-9.045,9.045),.PIECEWISE_BEZIER_KNOTS.);
#5223 = CARTESIAN_POINT('',(9.02,0.));
#5224 = CARTESIAN_POINT('',(-9.02,0.));
#5225 = ( GEOMETRIC_REPRESENTATION_CONTEXT(2) 
PARAMETRIC_REPRESENTATION_CONTEXT() REPRESENTATION_CONTEXT('2D SPACE',''
  ) );
#5226 = PCURVE('',#5090,#5227);
#5227 = DEFINITIONAL_REPRESENTATION('',(#5228),#5232);
#5228 = LINE('',#5229,#5230);
#5229 = CARTESIAN_POINT('',(9.071777972838,0.401603550199));
#5230 = VECTOR('',#5231,1.);
#5231 = DIRECTION('',(0.999013806466,-4.440061362072E-02));
#5232 = ( GEOMETRIC_REPRESENTATION_CONTEXT(2) 
PARAMETRIC_REPRESENTATION_CONTEXT() REPRESENTATION_CONTEXT('2D SPACE',''
  ) );
#5233 = ORIENTED_EDGE('',*,*,#5193,.T.);
#5234 = ORIENTED_EDGE('',*,*,#4244,.T.);
#5235 = ORIENTED_EDGE('',*,*,#5147,.F.);
#5236 = ADVANCED_FACE('',(#5237,#5243),#4346,.F.);
#5237 = FACE_BOUND('',#5238,.F.);
#5238 = EDGE_LOOP('',(#5239,#5240,#5241,#5242));
#5239 = ORIENTED_EDGE('',*,*,#4614,.F.);
#5240 = ORIENTED_EDGE('',*,*,#4457,.T.);
#5241 = ORIENTED_EDGE('',*,*,#4331,.T.);
#5242 = ORIENTED_EDGE('',*,*,#4659,.F.);
#5243 = FACE_BOUND('',#5244,.F.);
#5244 = EDGE_LOOP('',(#5245));
#5245 = ORIENTED_EDGE('',*,*,#5246,.F.);
#5246 = EDGE_CURVE('',#5247,#5247,#5249,.T.);
#5247 = VERTEX_POINT('',#5248);
#5248 = CARTESIAN_POINT('',(1.221788106228,-40.2,15.1755));
#5249 = SURFACE_CURVE('',#5250,(#5255,#5262),.PCURVE_S1.);
#5250 = CIRCLE('',#5251,1.221788106228);
#5251 = AXIS2_PLACEMENT_3D('',#5252,#5253,#5254);
#5252 = CARTESIAN_POINT('',(0.,-40.2,15.1755));
#5253 = DIRECTION('',(0.,0.,1.));
#5254 = DIRECTION('',(1.,0.,-0.));
#5255 = PCURVE('',#4346,#5256);
#5256 = DEFINITIONAL_REPRESENTATION('',(#5257),#5261);
#5257 = CIRCLE('',#5258,1.221788106228);
#5258 = AXIS2_PLACEMENT_2D('',#5259,#5260);
#5259 = CARTESIAN_POINT('',(16.516197810762,0.219574590486));
#5260 = DIRECTION('',(0.198620163262,-0.98007654331));
#5261 = ( GEOMETRIC_REPRESENTATION_CONTEXT(2) 
PARAMETRIC_REPRESENTATION_CONTEXT() REPRESENTATION_CONTEXT('2D SPACE',''
  ) );
#5262 = PCURVE('',#5263,#5268);
#5263 = CONICAL_SURFACE('',#5264,1.20598245766,1.745329251994E-02);
#5264 = AXIS2_PLACEMENT_3D('',#5265,#5266,#5267);
#5265 = CARTESIAN_POINT('',(0.,-40.2,14.269995));
#5266 = DIRECTION('',(0.,0.,1.));
#5267 = DIRECTION('',(1.,0.,0.));
#5268 = DEFINITIONAL_REPRESENTATION('',(#5269),#5272);
#5269 = B_SPLINE_CURVE_WITH_KNOTS('',1,(#5270,#5271),.UNSPECIFIED.,.F.,
  .F.,(2,2),(0.,6.28318530718),.PIECEWISE_BEZIER_KNOTS.);
#5270 = CARTESIAN_POINT('',(0.,0.905505));
#5271 = CARTESIAN_POINT('',(6.28318530718,0.905505));
#5272 = ( GEOMETRIC_REPRESENTATION_CONTEXT(2) 
PARAMETRIC_REPRESENTATION_CONTEXT() REPRESENTATION_CONTEXT('2D SPACE',''
  ) );
#5273 = ADVANCED_FACE('',(#5274),#4397,.F.);
#5274 = FACE_BOUND('',#5275,.F.);
#5275 = EDGE_LOOP('',(#5276,#5277,#5278,#5279));
#5276 = ORIENTED_EDGE('',*,*,#4588,.F.);
#5277 = ORIENTED_EDGE('',*,*,#4563,.T.);
#5278 = ORIENTED_EDGE('',*,*,#4518,.T.);
#5279 = ORIENTED_EDGE('',*,*,#4380,.F.);
#5280 = ADVANCED_FACE('',(#5281),#4720,.F.);
#5281 = FACE_BOUND('',#5282,.F.);
#5282 = EDGE_LOOP('',(#5283,#5284,#5285,#5286));
#5283 = ORIENTED_EDGE('',*,*,#4844,.F.);
#5284 = ORIENTED_EDGE('',*,*,#4705,.T.);
#5285 = ORIENTED_EDGE('',*,*,#4755,.T.);
#5286 = ORIENTED_EDGE('',*,*,#4799,.F.);
#5287 = ADVANCED_FACE('',(#5288),#4905,.F.);
#5288 = FACE_BOUND('',#5289,.F.);
#5289 = EDGE_LOOP('',(#5290,#5291,#5292,#5293));
#5290 = ORIENTED_EDGE('',*,*,#4984,.F.);
#5291 = ORIENTED_EDGE('',*,*,#4890,.T.);
#5292 = ORIENTED_EDGE('',*,*,#4940,.T.);
#5293 = ORIENTED_EDGE('',*,*,#5029,.F.);
#5294 = ADVANCED_FACE('',(#5295),#5090,.F.);
#5295 = FACE_BOUND('',#5296,.F.);
#5296 = EDGE_LOOP('',(#5297,#5298,#5299,#5300));
#5297 = ORIENTED_EDGE('',*,*,#5169,.F.);
#5298 = ORIENTED_EDGE('',*,*,#5075,.T.);
#5299 = ORIENTED_EDGE('',*,*,#5125,.T.);
#5300 = ORIENTED_EDGE('',*,*,#5214,.F.);
#5301 = ADVANCED_FACE('',(#5302),#5263,.T.);
#5302 = FACE_BOUND('',#5303,.T.);
#5303 = EDGE_LOOP('',(#5304,#5305,#5326,#5352));
#5304 = ORIENTED_EDGE('',*,*,#5246,.F.);
#5305 = ORIENTED_EDGE('',*,*,#5306,.F.);
#5306 = EDGE_CURVE('',#5307,#5247,#5309,.T.);
#5307 = VERTEX_POINT('',#5308);
#5308 = CARTESIAN_POINT('',(1.206,-40.2,14.271));
#5309 = SEAM_CURVE('',#5310,(#5314,#5320),.PCURVE_S1.);
#5310 = LINE('',#5311,#5312);
#5311 = CARTESIAN_POINT('',(1.20598245766,-40.2,14.269995));
#5312 = VECTOR('',#5313,1.);
#5313 = DIRECTION('',(1.745240643728E-02,-4.274606736168E-18,
    0.999847695156));
#5314 = PCURVE('',#5263,#5315);
#5315 = DEFINITIONAL_REPRESENTATION('',(#5316),#5319);
#5316 = B_SPLINE_CURVE_WITH_KNOTS('',1,(#5317,#5318),.UNSPECIFIED.,.F.,
  .F.,(2,2),(1.005153089719E-03,0.905642933805),
  .PIECEWISE_BEZIER_KNOTS.);
#5317 = CARTESIAN_POINT('',(6.28318530718,1.005000000035E-03));
#5318 = CARTESIAN_POINT('',(6.28318530718,0.905505));
#5319 = ( GEOMETRIC_REPRESENTATION_CONTEXT(2) 
PARAMETRIC_REPRESENTATION_CONTEXT() REPRESENTATION_CONTEXT('2D SPACE',''
  ) );
#5320 = PCURVE('',#5263,#5321);
#5321 = DEFINITIONAL_REPRESENTATION('',(#5322),#5325);
#5322 = B_SPLINE_CURVE_WITH_KNOTS('',1,(#5323,#5324),.UNSPECIFIED.,.F.,
  .F.,(2,2),(1.005153089719E-03,0.905642933805),
  .PIECEWISE_BEZIER_KNOTS.);
#5323 = CARTESIAN_POINT('',(0.,1.005000000035E-03));
#5324 = CARTESIAN_POINT('',(0.,0.905505));
#5325 = ( GEOMETRIC_REPRESENTATION_CONTEXT(2) 
PARAMETRIC_REPRESENTATION_CONTEXT() REPRESENTATION_CONTEXT('2D SPACE',''
  ) );
#5326 = ORIENTED_EDGE('',*,*,#5327,.T.);
#5327 = EDGE_CURVE('',#5307,#5307,#5328,.T.);
#5328 = SURFACE_CURVE('',#5329,(#5334,#5340),.PCURVE_S1.);
#5329 = CIRCLE('',#5330,1.206);
#5330 = AXIS2_PLACEMENT_3D('',#5331,#5332,#5333);
#5331 = CARTESIAN_POINT('',(0.,-40.2,14.271));
#5332 = DIRECTION('',(0.,0.,1.));
#5333 = DIRECTION('',(0.,-1.,0.));
#5334 = PCURVE('',#5263,#5335);
#5335 = DEFINITIONAL_REPRESENTATION('',(#5336),#5339);
#5336 = B_SPLINE_CURVE_WITH_KNOTS('',1,(#5337,#5338),.UNSPECIFIED.,.F.,
  .F.,(2,2),(1.570796326795,7.853981633974),.PIECEWISE_BEZIER_KNOTS.);
#5337 = CARTESIAN_POINT('',(0.,1.004999999874E-03));
#5338 = CARTESIAN_POINT('',(6.28318530718,1.004999999874E-03));
#5339 = ( GEOMETRIC_REPRESENTATION_CONTEXT(2) 
PARAMETRIC_REPRESENTATION_CONTEXT() REPRESENTATION_CONTEXT('2D SPACE',''
  ) );
#5340 = PCURVE('',#5341,#5346);
#5341 = PLANE('',#5342);
#5342 = AXIS2_PLACEMENT_3D('',#5343,#5344,#5345);
#5343 = CARTESIAN_POINT('',(-201.,-201.,14.271));
#5344 = DIRECTION('',(0.,0.,1.));
#5345 = DIRECTION('',(1.,0.,0.));
#5346 = DEFINITIONAL_REPRESENTATION('',(#5347),#5351);
#5347 = CIRCLE('',#5348,1.206);
#5348 = AXIS2_PLACEMENT_2D('',#5349,#5350);
#5349 = CARTESIAN_POINT('',(201.,160.8));
#5350 = DIRECTION('',(0.,-1.));
#5351 = ( GEOMETRIC_REPRESENTATION_CONTEXT(2) 
PARAMETRIC_REPRESENTATION_CONTEXT() REPRESENTATION_CONTEXT('2D SPACE',''
  ) );
#5352 = ORIENTED_EDGE('',*,*,#5306,.T.);
#5353 = ADVANCED_FACE('',(#5354),#5341,.F.);
#5354 = FACE_BOUND('',#5355,.F.);
#5355 = EDGE_LOOP('',(#5356));
#5356 = ORIENTED_EDGE('',*,*,#5327,.T.);
#5357 = ( GEOMETRIC_REPRESENTATION_CONTEXT(3) 
GLOBAL_UNCERTAINTY_ASSIGNED_CONTEXT((#5361)) 
GLOBAL_UNIT_ASSIGNED_CONTEXT((#5358,#5359,#5360)) REPRESENTATION_CONTEXT
('Context #1','3D Context with UNIT and UNCERTAINTY') );
#5358 = ( LENGTH_UNIT() NAMED_UNIT(*) SI_UNIT(.MILLI.,.METRE.) );
#5359 = ( NAMED_UNIT(*) PLANE_ANGLE_UNIT() SI_UNIT($,.RADIAN.) );
#5360 = ( NAMED_UNIT(*) SI_UNIT($,.STERADIAN.) SOLID_ANGLE_UNIT() );
#5361 = UNCERTAINTY_MEASURE_WITH_UNIT(LENGTH_MEASURE(2.E-06),#5358,
  'distance_accuracy_value','confusion accuracy');
#5362 = PRODUCT_RELATED_PRODUCT_CATEGORY('part',$,(#7));
#5363 = MECHANICAL_DESIGN_GEOMETRIC_PRESENTATION_REPRESENTATION('',(
    #5364),#5357);
#5364 = STYLED_ITEM('color',(#5365),#15);
#5365 = PRESENTATION_STYLE_ASSIGNMENT((#5366));
#5366 = SURFACE_STYLE_USAGE(.BOTH.,#5367);
#5367 = SURFACE_SIDE_STYLE('',(#5368));
#5368 = SURFACE_STYLE_FILL_AREA(#5369);
#5369 = FILL_AREA_STYLE('',(#5370));
#5370 = FILL_AREA_STYLE_COLOUR('',#5371);
#5371 = COLOUR_RGB('',0.767375665483,0.79773774715,0.843389171228);

#5372=DESCRIPTIVE_REPRESENTATION_ITEM('cadpy:generator','cadpy');
#5373=REPRESENTATION('cadpy:generator',(#5372),#5357);
#5374=PROPERTY_DEFINITION('cadpy metadata','cadpy:generator',#5);
#5375=PROPERTY_DEFINITION_REPRESENTATION(#5374,#5373);
#5376=DESCRIPTIVE_REPRESENTATION_ITEM('cadpy:entryKind','part');
#5377=REPRESENTATION('cadpy:entryKind',(#5376),#5357);
#5378=PROPERTY_DEFINITION('cadpy metadata','cadpy:entryKind',#5);
#5379=PROPERTY_DEFINITION_REPRESENTATION(#5378,#5377);
#5380=DESCRIPTIVE_REPRESENTATION_ITEM('cadpy:sourcePath','HemoSure_Strip_Tray_CORE.py');
#5381=REPRESENTATION('cadpy:sourcePath',(#5380),#5357);
#5382=PROPERTY_DEFINITION('cadpy metadata','cadpy:sourcePath',#5);
#5383=PROPERTY_DEFINITION_REPRESENTATION(#5382,#5381);
#5384=DESCRIPTIVE_REPRESENTATION_ITEM('cadpy:sourceHash','1be9183d5a6f36195ae9e1d91a259842ba408ac7f9f0ffcfa7af9640842e69bb');
#5385=REPRESENTATION('cadpy:sourceHash',(#5384),#5357);
#5386=PROPERTY_DEFINITION('cadpy metadata','cadpy:sourceHash',#5);
#5387=PROPERTY_DEFINITION_REPRESENTATION(#5386,#5385);
ENDSEC;
END-ISO-10303-21;
